This is pdfTeX, Version 3.141592653-2.6-1.40.27 (TeX Live 2025) (preloaded format=pdflatex 2025.8.4)  3 FEB 2026 04:49
entering extended mode
 restricted \write18 enabled.
 file:line:error style messages enabled.
 %&-line parsing enabled.
**e:/canfiles/Competitions/math_modeling/2026_MCM/2625838
(e:/canfiles/Competitions/math_modeling/2026_MCM/2625838.tex
LaTeX2e <2024-11-01> patch level 2
L3 programming layer <2025-01-18>
(c:/texlive/2025/texmf-dist/tex/latex/base/article.cls
Document Class: article 2024/06/29 v1.4n Standard LaTeX document class
(c:/texlive/2025/texmf-dist/tex/latex/base/size12.clo
File: size12.clo 2024/06/29 v1.4n Standard LaTeX file (size option)
)
\c@part=\count196
\c@section=\count197
\c@subsection=\count198
\c@subsubsection=\count199
\c@paragraph=\count266
\c@subparagraph=\count267
\c@figure=\count268
\c@table=\count269
\abovecaptionskip=\skip49
\belowcaptionskip=\skip50
\bibindent=\dimen141
) (c:/texlive/2025/texmf-dist/tex/latex/tools/multicol.sty
Package: multicol 2024/09/14 v1.9i multicolumn formatting (FMi)
\c@tracingmulticols=\count270
\mult@box=\box52
\multicol@leftmargin=\dimen142
\c@unbalance=\count271
\c@collectmore=\count272
\doublecol@number=\count273
\multicoltolerance=\count274
\multicolpretolerance=\count275
\full@width=\dimen143
\page@free=\dimen144
\premulticols=\dimen145
\postmulticols=\dimen146
\multicolsep=\skip51
\multicolbaselineskip=\skip52
\partial@page=\box53
\last@line=\box54
\mc@boxedresult=\box55
\maxbalancingoverflow=\dimen147
\mult@rightbox=\box56
\mult@grightbox=\box57
\mult@firstbox=\box58
\mult@gfirstbox=\box59
\@tempa=\box60
\@tempa=\box61
\@tempa=\box62
\@tempa=\box63
\@tempa=\box64
\@tempa=\box65
\@tempa=\box66
\@tempa=\box67
\@tempa=\box68
\@tempa=\box69
\@tempa=\box70
\@tempa=\box71
\@tempa=\box72
\@tempa=\box73
\@tempa=\box74
\@tempa=\box75
\@tempa=\box76
\@tempa=\box77
\@tempa=\box78
\@tempa=\box79
\@tempa=\box80
\@tempa=\box81
\@tempa=\box82
\@tempa=\box83
\@tempa=\box84
\@tempa=\box85
\@tempa=\box86
\@tempa=\box87
\@tempa=\box88
\@tempa=\box89
\@tempa=\box90
\@tempa=\box91
\@tempa=\box92
\@tempa=\box93
\@tempa=\box94
\@tempa=\box95
\c@minrows=\count276
\c@columnbadness=\count277
\c@finalcolumnbadness=\count278
\last@try=\dimen148
\multicolovershoot=\dimen149
\multicolundershoot=\dimen150
\mult@nat@firstbox=\box96
\colbreak@box=\box97
\mc@col@check@num=\count279
) (c:/texlive/2025/texmf-dist/tex/latex/geometry/geometry.sty
Package: geometry 2020/01/02 v5.9 Page Geometry
 (c:/texlive/2025/texmf-dist/tex/latex/graphics/keyval.sty
Package: keyval 2022/05/29 v1.15 key=value parser (DPC)
\KV@toks@=\toks17
) (c:/texlive/2025/texmf-dist/tex/generic/iftex/ifvtex.sty
Package: ifvtex 2019/10/25 v1.7 ifvtex legacy package. Use iftex instead.
 (c:/texlive/2025/texmf-dist/tex/generic/iftex/iftex.sty
Package: iftex 2024/12/12 v1.0g TeX engine tests
))
\Gm@cnth=\count280
\Gm@cntv=\count281
\c@Gm@tempcnt=\count282
\Gm@bindingoffset=\dimen151
\Gm@wd@mp=\dimen152
\Gm@odd@mp=\dimen153
\Gm@even@mp=\dimen154
\Gm@layoutwidth=\dimen155
\Gm@layoutheight=\dimen156
\Gm@layouthoffset=\dimen157
\Gm@layoutvoffset=\dimen158
\Gm@dimlist=\toks18
) (c:/texlive/2025/texmf-dist/tex/latex/microtype/microtype.sty
Package: microtype 2025/02/11 v3.2a Micro-typographical refinements (RS)
 (c:/texlive/2025/texmf-dist/tex/latex/etoolbox/etoolbox.sty
Package: etoolbox 2025/02/11 v2.5l e-TeX tools for LaTeX (JAW)
\etb@tempcnta=\count283
)
\MT@toks=\toks19
\MT@tempbox=\box98
\MT@count=\count284
LaTeX Info: Redefining \noprotrusionifhmode on input line 1087.
LaTeX Info: Redefining \leftprotrusion on input line 1088.
\MT@prot@toks=\toks20
LaTeX Info: Redefining \rightprotrusion on input line 1107.
LaTeX Info: Redefining \textls on input line 1449.
\MT@outer@kern=\dimen159
LaTeX Info: Redefining \microtypecontext on input line 2053.
LaTeX Info: Redefining \textmicrotypecontext on input line 2070.
\MT@listname@count=\count285
 (c:/texlive/2025/texmf-dist/tex/latex/microtype/microtype-pdftex.def
File: microtype-pdftex.def 2025/02/11 v3.2a Definitions specific to pdftex (RS)
LaTeX Info: Redefining \lsstyle on input line 944.
LaTeX Info: Redefining \lslig on input line 944.
\MT@outer@space=\skip53
)
Package microtype Info: Loading configuration file microtype.cfg.
 (c:/texlive/2025/texmf-dist/tex/latex/microtype/microtype.cfg
File: microtype.cfg 2025/02/11 v3.2a microtype main configuration file (RS)
)
LaTeX Info: Redefining \microtypesetup on input line 3065.
) (c:/texlive/2025/texmf-dist/tex/latex/base/fontenc.sty
Package: fontenc 2021/04/29 v2.0v Standard LaTeX package
) (c:/texlive/2025/texmf-dist/tex/latex/base/inputenc.sty
Package: inputenc 2024/02/08 v1.3d Input encoding file
\inpenc@prehook=\toks21
\inpenc@posthook=\toks22
) (c:/texlive/2025/texmf-dist/tex/latex/newtx/newtxtext.sty
Package: newtxtext 2024/04/01 v1.744(Michael Sharpe) latex and unicode latex support for TeXGyreTermesX
 `newtxtext' v1.744, 2024/04/01 Text macros taking advantage of TeXGyre Termes and its extensions (msharpe) (c:/texlive/2025/texmf-dist/tex/latex/xpatch/xpatch.sty (c:/texlive/2025/texmf-dist/tex/latex/l3kernel/expl3.sty
Package: expl3 2025-01-18 L3 programming layer (loader) 
 (c:/texlive/2025/texmf-dist/tex/latex/l3backend/l3backend-pdftex.def
File: l3backend-pdftex.def 2024-05-08 L3 backend support: PDF output (pdfTeX)
\l__color_backend_stack_int=\count286
\l__pdf_internal_box=\box99
))
Package: xpatch 2020/03/25 v0.3a Extending etoolbox patching commands
 (c:/texlive/2025/texmf-dist/tex/latex/l3packages/xparse/xparse.sty
Package: xparse 2024-08-16 L3 Experimental document command parser
)) (c:/texlive/2025/texmf-dist/tex/latex/xcolor/xcolor.sty
Package: xcolor 2024/09/29 v3.02 LaTeX color extensions (UK)
 (c:/texlive/2025/texmf-dist/tex/latex/graphics-cfg/color.cfg
File: color.cfg 2016/01/02 v1.6 sample color configuration
)
Package xcolor Info: Driver file: pdftex.def on input line 274.
 (c:/texlive/2025/texmf-dist/tex/latex/graphics-def/pdftex.def
File: pdftex.def 2024/04/13 v1.2c Graphics/color driver for pdftex
) (c:/texlive/2025/texmf-dist/tex/latex/graphics/mathcolor.ltx)
Package xcolor Info: Model `cmy' substituted by `cmy0' on input line 1349.
Package xcolor Info: Model `hsb' substituted by `rgb' on input line 1353.
Package xcolor Info: Model `RGB' extended on input line 1365.
Package xcolor Info: Model `HTML' substituted by `rgb' on input line 1367.
Package xcolor Info: Model `Hsb' substituted by `hsb' on input line 1368.
Package xcolor Info: Model `tHsb' substituted by `hsb' on input line 1369.
Package xcolor Info: Model `HSB' substituted by `hsb' on input line 1370.
Package xcolor Info: Model `Gray' substituted by `gray' on input line 1371.
Package xcolor Info: Model `wave' substituted by `hsb' on input line 1372.
) (c:/texlive/2025/texmf-dist/tex/latex/xkeyval/xkeyval.sty
Package: xkeyval 2022/06/16 v2.9 package option processing (HA)
 (c:/texlive/2025/texmf-dist/tex/generic/xkeyval/xkeyval.tex (c:/texlive/2025/texmf-dist/tex/generic/xkeyval/xkvutils.tex
\XKV@toks=\toks23
\XKV@tempa@toks=\toks24
)
\XKV@depth=\count287
File: xkeyval.tex 2014/12/03 v2.7a key=value parser (HA)
)) (c:/texlive/2025/texmf-dist/tex/latex/base/textcomp.sty
Package: textcomp 2024/04/24 v2.1b Standard LaTeX package
) (c:/texlive/2025/texmf-dist/tex/generic/xstring/xstring.sty (c:/texlive/2025/texmf-dist/tex/generic/xstring/xstring.tex
\xs_counta=\count288
\xs_countb=\count289
)
Package: xstring 2023/08/22 v1.86 String manipulations (CT)
) (c:/texlive/2025/texmf-dist/tex/latex/base/ifthen.sty
Package: ifthen 2024/03/16 v1.1e Standard LaTeX ifthen package (DPC)
) (c:/texlive/2025/texmf-dist/tex/latex/carlisle/scalefnt.sty)
LaTeX Font Info:    Setting ntxLF sub-encoding to TS1/0 on input line 24.
LaTeX Font Info:    Setting ntxTLF sub-encoding to TS1/0 on input line 24.
LaTeX Font Info:    Setting ntxOsF sub-encoding to TS1/0 on input line 24.
LaTeX Font Info:    Setting ntxTOsF sub-encoding to TS1/0 on input line 24.
 (c:/texlive/2025/texmf-dist/tex/generic/kastrup/binhex.tex)
\ntx@tmpcnta=\count290
\ntx@cnt=\count291
 (c:/texlive/2025/texmf-dist/tex/latex/fontaxes/fontaxes.sty
Package: fontaxes 2020/07/21 v1.0e Font selection axes
LaTeX Info: Redefining \upshape on input line 29.
LaTeX Info: Redefining \itshape on input line 31.
LaTeX Info: Redefining \slshape on input line 33.
LaTeX Info: Redefining \swshape on input line 35.
LaTeX Info: Redefining \scshape on input line 37.
LaTeX Info: Redefining \sscshape on input line 39.
LaTeX Info: Redefining \ulcshape on input line 41.
LaTeX Info: Redefining \textsw on input line 47.
LaTeX Info: Redefining \textssc on input line 48.
LaTeX Info: Redefining \textulc on input line 49.
)
\tx@sixem=\dimen160
\tx@y=\dimen161
\tx@x=\dimen162
\tx@tmpdima=\dimen163
\tx@tmpdimb=\dimen164
\tx@tmpdimc=\dimen165
\tx@tmpdimd=\dimen166
\tx@tmpdime=\dimen167
\tx@tmpdimf=\dimen168
\tx@dimA=\dimen169
\tx@dimAA=\dimen170
\tx@dimB=\dimen171
\tx@dimBB=\dimen172
\tx@dimC=\dimen173
LaTeX Info: Redefining \oldstylenums on input line 902.
) (c:/texlive/2025/texmf-dist/tex/latex/amsmath/amsmath.sty
Package: amsmath 2024/11/05 v2.17t AMS math features
\@mathmargin=\skip54

For additional information on amsmath, use the `?' option.
(c:/texlive/2025/texmf-dist/tex/latex/amsmath/amstext.sty
Package: amstext 2021/08/26 v2.01 AMS text
 (c:/texlive/2025/texmf-dist/tex/latex/amsmath/amsgen.sty
File: amsgen.sty 1999/11/30 v2.0 generic functions
\@emptytoks=\toks25
\ex@=\dimen174
)) (c:/texlive/2025/texmf-dist/tex/latex/amsmath/amsbsy.sty
Package: amsbsy 1999/11/29 v1.2d Bold Symbols
\pmbraise@=\dimen175
) (c:/texlive/2025/texmf-dist/tex/latex/amsmath/amsopn.sty
Package: amsopn 2022/04/08 v2.04 operator names
)
\inf@bad=\count292
LaTeX Info: Redefining \frac on input line 233.
\uproot@=\count293
\leftroot@=\count294
LaTeX Info: Redefining \overline on input line 398.
LaTeX Info: Redefining \colon on input line 409.
\classnum@=\count295
\DOTSCASE@=\count296
LaTeX Info: Redefining \ldots on input line 495.
LaTeX Info: Redefining \dots on input line 498.
LaTeX Info: Redefining \cdots on input line 619.
\Mathstrutbox@=\box100
\strutbox@=\box101
LaTeX Info: Redefining \big on input line 721.
LaTeX Info: Redefining \Big on input line 722.
LaTeX Info: Redefining \bigg on input line 723.
LaTeX Info: Redefining \Bigg on input line 724.
\big@size=\dimen176
LaTeX Font Info:    Redeclaring font encoding OML on input line 742.
LaTeX Font Info:    Redeclaring font encoding OMS on input line 743.
\macc@depth=\count297
LaTeX Info: Redefining \bmod on input line 904.
LaTeX Info: Redefining \pmod on input line 909.
LaTeX Info: Redefining \smash on input line 939.
LaTeX Info: Redefining \relbar on input line 969.
LaTeX Info: Redefining \Relbar on input line 970.
\c@MaxMatrixCols=\count298
\dotsspace@=\muskip17
\c@parentequation=\count299
\dspbrk@lvl=\count300
\tag@help=\toks26
\row@=\count301
\column@=\count302
\maxfields@=\count303
\andhelp@=\toks27
\eqnshift@=\dimen177
\alignsep@=\dimen178
\tagshift@=\dimen179
\tagwidth@=\dimen180
\totwidth@=\dimen181
\lineht@=\dimen182
\@envbody=\toks28
\multlinegap=\skip55
\multlinetaggap=\skip56
\mathdisplay@stack=\toks29
LaTeX Info: Redefining \[ on input line 2953.
LaTeX Info: Redefining \] on input line 2954.
) (c:/texlive/2025/texmf-dist/tex/latex/amsfonts/amssymb.sty
Package: amssymb 2013/01/14 v3.01 AMS font symbols
 (c:/texlive/2025/texmf-dist/tex/latex/amsfonts/amsfonts.sty
Package: amsfonts 2013/01/14 v3.01 Basic AMSFonts support
\symAMSa=\mathgroup4
\symAMSb=\mathgroup5
LaTeX Font Info:    Redeclaring math symbol \hbar on input line 98.
LaTeX Font Info:    Overwriting math alphabet `\mathfrak' in version `bold'
(Font)                  U/euf/m/n --> U/euf/b/n on input line 106.
)) (c:/texlive/2025/texmf-dist/tex/latex/amscls/amsthm.sty
Package: amsthm 2020/05/29 v2.20.6
\thm@style=\toks30
\thm@bodyfont=\toks31
\thm@headfont=\toks32
\thm@notefont=\toks33
\thm@headpunct=\toks34
\thm@preskip=\skip57
\thm@postskip=\skip58
\thm@headsep=\skip59
\dth@everypar=\toks35
) (c:/texlive/2025/texmf-dist/tex/latex/newtx/newtxmath.sty
Package: newtxmath 2024/09/22 v1.754
 `newtxmath' v1.754, 2024/09/22 Math macros based originally on txfonts (msharpe) (c:/texlive/2025/texmf-dist/tex/latex/oberdiek/centernot.sty
Package: centernot 2016/05/16 v1.4 Centers the not symbol horizontally (HO)
)
\tx@cntz=\count304
 (c:/texlive/2025/texmf-dist/tex/generic/kastrup/binhex.tex)
\tx@Isdigit=\count305
\tx@IsAlNum=\count306
\tx@tA=\toks36
\tx@tB=\toks37
\tx@su=\read2

amsthm NOT loaded
LaTeX Font Info:    Redeclaring symbol font `operators' on input line 402.
LaTeX Font Info:    Overwriting symbol font `operators' in version `normal'
(Font)                  OT1/cmr/m/n --> OT1/minntx/m/n on input line 402.
LaTeX Font Info:    Overwriting symbol font `operators' in version `bold'
(Font)                  OT1/cmr/bx/n --> OT1/minntx/m/n on input line 402.
LaTeX Font Info:    Overwriting symbol font `operators' in version `bold'
(Font)                  OT1/minntx/m/n --> OT1/minntx/b/n on input line 403.
LaTeX Font Info:    Redeclaring math alphabet \mathsf on input line 410.
LaTeX Font Info:    Overwriting math alphabet `\mathsf' in version `normal'
(Font)                  OT1/cmss/m/n --> OT1/qhv/m/n on input line 410.
LaTeX Font Info:    Overwriting math alphabet `\mathsf' in version `bold'
(Font)                  OT1/cmss/bx/n --> OT1/qhv/m/n on input line 410.
LaTeX Font Info:    Overwriting math alphabet `\mathsf' in version `bold'
(Font)                  OT1/qhv/m/n --> OT1/qhv/b/n on input line 412.
LaTeX Font Info:    Redeclaring math alphabet \mathit on input line 419.
LaTeX Font Info:    Overwriting math alphabet `\mathit' in version `normal'
(Font)                  OT1/cmr/m/it --> OT1/minntx/m/it on input line 419.
LaTeX Font Info:    Overwriting math alphabet `\mathit' in version `bold'
(Font)                  OT1/cmr/bx/it --> OT1/minntx/m/it on input line 419.
LaTeX Font Info:    Redeclaring math alphabet \mathtt on input line 420.
LaTeX Font Info:    Overwriting math alphabet `\mathtt' in version `normal'
(Font)                  OT1/cmtt/m/n --> T1/ntxtt/m/n on input line 420.
LaTeX Font Info:    Overwriting math alphabet `\mathtt' in version `bold'
(Font)                  OT1/cmtt/m/n --> T1/ntxtt/m/n on input line 420.
LaTeX Font Info:    Redeclaring math alphabet \mathbf on input line 422.
LaTeX Font Info:    Overwriting math alphabet `\mathbf' in version `normal'
(Font)                  OT1/cmr/bx/n --> OT1/minntx/b/n on input line 422.
LaTeX Font Info:    Overwriting math alphabet `\mathbf' in version `bold'
(Font)                  OT1/cmr/bx/n --> OT1/minntx/b/n on input line 422.
LaTeX Font Info:    Overwriting math alphabet `\mathit' in version `bold'
(Font)                  OT1/minntx/m/it --> OT1/minntx/b/it on input line 423.
LaTeX Font Info:    Overwriting math alphabet `\mathtt' in version `bold'
(Font)                  T1/ntxtt/m/n --> T1/ntxtt/b/n on input line 426.
LaTeX Font Info:    Redeclaring symbol font `letters' on input line 534.
LaTeX Font Info:    Overwriting symbol font `letters' in version `normal'
(Font)                  OML/cmm/m/it --> OML/ntxmi/m/it on input line 534.
LaTeX Font Info:    Overwriting symbol font `letters' in version `bold'
(Font)                  OML/cmm/b/it --> OML/ntxmi/m/it on input line 534.
LaTeX Font Info:    Overwriting symbol font `letters' in version `bold'
(Font)                  OML/ntxmi/m/it --> OML/ntxmi/b/it on input line 535.
\symlettersA=\mathgroup6
LaTeX Font Info:    Overwriting symbol font `lettersA' in version `bold'
(Font)                  U/ntxmia/m/it --> U/ntxmia/b/it on input line 582.
LaTeX Font Info:    Redeclaring math alphabet \mathfrak on input line 584.
Now handling font encoding LMS ...
... no UTF-8 mapping file for font encoding LMS
LaTeX Font Info:    Redeclaring symbol font `symbols' on input line 604.
LaTeX Font Info:    Encoding `OMS' has changed to `LMS' for symbol font
(Font)              `symbols' in the math version `normal' on input line 604.
LaTeX Font Info:    Overwriting symbol font `symbols' in version `normal'
(Font)                  OMS/cmsy/m/n --> LMS/ntxsy/m/n on input line 604.
LaTeX Font Info:    Encoding `OMS' has changed to `LMS' for symbol font
(Font)              `symbols' in the math version `bold' on input line 604.
LaTeX Font Info:    Overwriting symbol font `symbols' in version `bold'
(Font)                  OMS/cmsy/b/n --> LMS/ntxsy/m/n on input line 604.
LaTeX Font Info:    Overwriting symbol font `symbols' in version `bold'
(Font)                  LMS/ntxsy/m/n --> LMS/ntxsy/b/n on input line 605.
\symAMSm=\mathgroup7
LaTeX Font Info:    Overwriting symbol font `AMSm' in version `bold'
(Font)                  U/ntxsym/m/n --> U/ntxsym/b/n on input line 630.
\symsymbolsC=\mathgroup8
LaTeX Font Info:    Overwriting symbol font `symbolsC' in version `bold'
(Font)                  U/ntxsyc/m/n --> U/ntxsyc/b/n on input line 651.
Now handling font encoding LMX ...
... no UTF-8 mapping file for font encoding LMX
LaTeX Font Info:    Redeclaring symbol font `largesymbols' on input line 664.
LaTeX Font Info:    Encoding `OMX' has changed to `LMX' for symbol font
(Font)              `largesymbols' in the math version `normal' on input line 664.
LaTeX Font Info:    Overwriting symbol font `largesymbols' in version `normal'
(Font)                  OMX/cmex/m/n --> LMX/ntxexx/m/n on input line 664.
LaTeX Font Info:    Encoding `OMX' has changed to `LMX' for symbol font
(Font)              `largesymbols' in the math version `bold' on input line 664.
LaTeX Font Info:    Overwriting symbol font `largesymbols' in version `bold'
(Font)                  OMX/cmex/m/n --> LMX/ntxexx/m/n on input line 664.
LaTeX Font Info:    Overwriting symbol font `largesymbols' in version `bold'
(Font)                  LMX/ntxexx/m/n --> LMX/ntxexx/b/n on input line 665.
\symlargesymbolsTXA=\mathgroup9
LaTeX Font Info:    Overwriting symbol font `largesymbolsTXA' in version `bold'
(Font)                  U/ntxexa/m/n --> U/ntxexa/b/n on input line 679.
\tx@sbptoks=\toks38
LaTeX Font Info:    Redeclaring math delimiter \lfloor on input line 902.
LaTeX Font Info:    Redeclaring math delimiter \rfloor on input line 903.
LaTeX Font Info:    Redeclaring math delimiter \lceil on input line 904.
LaTeX Font Info:    Redeclaring math delimiter \rceil on input line 905.
LaTeX Font Info:    Redeclaring math delimiter \lbrace on input line 910.
LaTeX Font Info:    Redeclaring math delimiter \rbrace on input line 911.
LaTeX Font Info:    Redeclaring math delimiter \langle on input line 913.
LaTeX Font Info:    Redeclaring math delimiter \rangle on input line 915.
LaTeX Font Info:    Redeclaring math delimiter \arrowvert on input line 919.
LaTeX Font Info:    Redeclaring math delimiter \vert on input line 920.
LaTeX Font Info:    Redeclaring math accent \dot on input line 991.
LaTeX Font Info:    Redeclaring math accent \ddot on input line 992.
LaTeX Font Info:    Redeclaring math accent \vec on input line 2057.
LaTeX Info: Redefining \Bbbk on input line 2847.
LaTeX Info: Redefining \not on input line 2995.
LaTeX Info: Redefining \textsquare on input line 3025.
LaTeX Info: Redefining \openbox on input line 3027.
) (c:/texlive/2025/texmf-dist/tex/latex/mathtools/mathtools.sty
Package: mathtools 2024/10/04 v1.31 mathematical typesetting tools
 (c:/texlive/2025/texmf-dist/tex/latex/tools/calc.sty
Package: calc 2023/07/08 v4.3 Infix arithmetic (KKT,FJ)
\calc@Acount=\count307
\calc@Bcount=\count308
\calc@Adimen=\dimen183
\calc@Bdimen=\dimen184
\calc@Askip=\skip60
\calc@Bskip=\skip61
LaTeX Info: Redefining \setlength on input line 80.
LaTeX Info: Redefining \addtolength on input line 81.
\calc@Ccount=\count309
\calc@Cskip=\skip62
) (c:/texlive/2025/texmf-dist/tex/latex/mathtools/mhsetup.sty
Package: mhsetup 2021/03/18 v1.4 programming setup (MH)
)
\g_MT_multlinerow_int=\count310
\l_MT_multwidth_dim=\dimen185
\origjot=\skip63
\l_MT_shortvdotswithinadjustabove_dim=\dimen186
\l_MT_shortvdotswithinadjustbelow_dim=\dimen187
\l_MT_above_intertext_sep=\dimen188
\l_MT_below_intertext_sep=\dimen189
\l_MT_above_shortintertext_sep=\dimen190
\l_MT_below_shortintertext_sep=\dimen191
\xmathstrut@box=\box102
\xmathstrut@dim=\dimen192
) (c:/texlive/2025/texmf-dist/tex/latex/tools/bm.sty
Package: bm 2023/12/19 v1.2f Bold Symbol Support (DPC/FMi)
\symboldoperators=\mathgroup10
\symboldletters=\mathgroup11
\symboldsymbols=\mathgroup12
\symboldlargesymbols=\mathgroup13
Package bm Info: No bold for \U/msa/m/n, using \pmb.
Package bm Info: No bold for \U/msb/m/n, using \pmb.
LaTeX Font Info:    Redeclaring math alphabet \mathbf on input line 149.
) (c:/texlive/2025/texmf-dist/tex/latex/esint/esint.sty
Package: esint 
\symlargesymbolsA=\mathgroup14
) (c:/texlive/2025/texmf-dist/tex/latex/algorithms/algorithm.sty
Package: algorithm 2009/08/24 v0.1 Document Style `algorithm' - floating environment
 (c:/texlive/2025/texmf-dist/tex/latex/float/float.sty
Package: float 2001/11/08 v1.3d Float enhancements (AL)
\c@float@type=\count311
\float@exts=\toks39
\float@box=\box103
\@float@everytoks=\toks40
\@floatcapt=\box104
)
\@float@every@algorithm=\toks41
\c@algorithm=\count312
) (c:/texlive/2025/texmf-dist/tex/latex/algorithmicx/algpseudocode.sty
Package: algpseudocode 
 (c:/texlive/2025/texmf-dist/tex/latex/algorithmicx/algorithmicx.sty
Package: algorithmicx 2005/04/27 v1.2 Algorithmicx

Document Style algorithmicx 1.2 - a greatly improved `algorithmic' style
\c@ALG@line=\count313
\c@ALG@rem=\count314
\c@ALG@nested=\count315
\ALG@tlm=\skip64
\ALG@thistlm=\skip65
\c@ALG@Lnr=\count316
\c@ALG@blocknr=\count317
\c@ALG@storecount=\count318
\c@ALG@tmpcounter=\count319
\ALG@tmplength=\skip66
)
Document Style - pseudocode environments for use with the `algorithmicx' style
) (c:/texlive/2025/texmf-dist/tex/latex/tools/longtable.sty
Package: longtable 2024-10-27 v4.22 Multi-page Table package (DPC)
\LTleft=\skip67
\LTright=\skip68
\LTpre=\skip69
\LTpost=\skip70
\LTchunksize=\count320
\LTcapwidth=\dimen193
\LT@head=\box105
\LT@firsthead=\box106
\LT@foot=\box107
\LT@lastfoot=\box108
\LT@gbox=\box109
\LT@cols=\count321
\LT@rows=\count322
\c@LT@tables=\count323
\c@LT@chunks=\count324
\LT@p@ftn=\toks42
) (c:/texlive/2025/texmf-dist/tex/latex/base/fontenc.sty
Package: fontenc 2021/04/29 v2.0v Standard LaTeX package
LaTeX Font Info:    Trying to load font information for T1+minntx on input line 116.
 (c:/texlive/2025/texmf-dist/tex/latex/newtx/t1minntx.fd
File: t1minntx.fd 2023/09/09 v1.1 font definition file for T1/minntx
)
LaTeX Font Info:    Font shape `T1/minntx/m/n' will be
(Font)              scaled to size 12.0pt on input line 116.
) (c:/texlive/2025/texmf-dist/tex/latex/fvextra/fvextra.sty
Package: fvextra 2025/03/04 v1.12.0 fvextra - extensions and patches for fancyvrb
 (c:/texlive/2025/texmf-dist/tex/latex/fancyvrb/fancyvrb.sty
Package: fancyvrb 2024/01/20 4.5c verbatim text (tvz,hv)
\FV@CodeLineNo=\count325
\FV@InFile=\read3
\FV@TabBox=\box110
\c@FancyVerbLine=\count326
\FV@StepNumber=\count327
\FV@OutFile=\write3
) (c:/texlive/2025/texmf-dist/tex/generic/pdftexcmds/pdftexcmds.sty
Package: pdftexcmds 2020-06-27 v0.33 Utility functions of pdfTeX for LuaTeX (HO)
 (c:/texlive/2025/texmf-dist/tex/generic/infwarerr/infwarerr.sty
Package: infwarerr 2019/12/03 v1.5 Providing info/warning/error messages (HO)
) (c:/texlive/2025/texmf-dist/tex/generic/ltxcmds/ltxcmds.sty
Package: ltxcmds 2023-12-04 v1.26 LaTeX kernel commands for general use (HO)
)
Package pdftexcmds Info: \pdf@primitive is available.
Package pdftexcmds Info: \pdf@ifprimitive is available.
Package pdftexcmds Info: \pdfdraftmode found.
) (c:/texlive/2025/texmf-dist/tex/latex/upquote/upquote.sty
Package: upquote 2012/04/19 v1.3 upright-quote and grave-accent glyphs in verbatim
) (c:/texlive/2025/texmf-dist/tex/latex/lineno/lineno.sty
Package: lineno 2025/01/29 line numbers on paragraphs v5.4
 (c:/texlive/2025/texmf-dist/tex/latex/kvoptions/kvoptions.sty
Package: kvoptions 2022-06-15 v3.15 Key value format for package options (HO)
 (c:/texlive/2025/texmf-dist/tex/latex/kvsetkeys/kvsetkeys.sty
Package: kvsetkeys 2022-10-05 v1.19 Key value parser (HO)
))
\linenopenalty=\count328
\output=\toks43
\linenoprevgraf=\count329
\linenumbersep=\dimen194
\linenumberwidth=\dimen195
\c@linenumber=\count330
\c@pagewiselinenumber=\count331
\c@LN@truepage=\count332
\c@internallinenumber=\count333
\c@internallinenumbers=\count334
\quotelinenumbersep=\dimen196
\bframerule=\dimen197
\bframesep=\dimen198
\bframebox=\box111
\@LN@amsmath@ams@eqpen=\count335
LaTeX Info: Redefining \\ on input line 3187.
)
\c@FancyVerbWriteLine=\count336
\c@FancyVerbBufferLine=\count337
\c@FV@TrueTabGroupLevel=\count338
\c@FV@TrueTabCounter=\count339
\FV@TabBox@Group=\box112
\FV@bgcolorstructbox=\box113
\FV@TmpLength=\skip71
\c@FV@HighlightLinesStart=\count340
\c@FV@HighlightLinesStop=\count341
\FV@LoopCount=\count342
\FV@NCharsBox=\box114
\FV@BreakIndent=\dimen199
\FV@BreakIndentNChars=\count343
\FV@BreakSymbolSepLeft=\dimen256
\FV@BreakSymbolSepLeftNChars=\count344
\FV@BreakSymbolSepRight=\dimen257
\FV@BreakSymbolSepRightNChars=\count345
\FV@BreakSymbolIndentLeft=\dimen258
\FV@BreakSymbolIndentLeftNChars=\count346
\FV@BreakSymbolIndentRight=\dimen259
\FV@BreakSymbolIndentRightNChars=\count347
\c@FancyVerbLineBreakLast=\count348
\FV@LineBox=\box115
\FV@LineIndentBox=\box116
\c@FV@BreakBufferDepth=\count349
\FV@LineWidth=\dimen260
) (c:/texlive/2025/texmf-dist/tex/latex/siunitx/siunitx.sty
Package: siunitx 2025-02-27 v3.4.6 A comprehensive (SI) units package
\l__siunitx_number_uncert_offset_int=\count350
\l__siunitx_number_exponent_fixed_int=\count351
\l__siunitx_number_min_decimal_int=\count352
\l__siunitx_number_min_integer_int=\count353
\l__siunitx_number_round_precision_int=\count354
\l__siunitx_number_lower_threshold_int=\count355
\l__siunitx_number_upper_threshold_int=\count356
\l__siunitx_number_group_first_int=\count357
\l__siunitx_number_group_size_int=\count358
\l__siunitx_number_group_minimum_int=\count359
\l__siunitx_angle_tmp_dim=\dimen261
\l__siunitx_angle_marker_box=\box117
\l__siunitx_angle_unit_box=\box118
\l__siunitx_compound_count_int=\count360
 (c:/texlive/2025/texmf-dist/tex/latex/translations/translations.sty
Package: translations 2022/02/05 v1.12 internationalization of LaTeX2e packages (CN)
)
\l__siunitx_table_tmp_box=\box119
\l__siunitx_table_tmp_dim=\dimen262
\l__siunitx_table_column_width_dim=\dimen263
\l__siunitx_table_integer_box=\box120
\l__siunitx_table_decimal_box=\box121
\l__siunitx_table_uncert_box=\box122
\l__siunitx_table_before_box=\box123
\l__siunitx_table_after_box=\box124
\l__siunitx_table_before_dim=\dimen264
\l__siunitx_table_carry_dim=\dimen265
\l__siunitx_unit_tmp_int=\count361
\l__siunitx_unit_position_int=\count362
\l__siunitx_unit_total_int=\count363
 (c:/texlive/2025/texmf-dist/tex/latex/tools/array.sty
Package: array 2024/10/17 v2.6g Tabular extension package (FMi)
\col@sep=\dimen266
\ar@mcellbox=\box125
\extrarowheight=\dimen267
\NC@list=\toks44
\extratabsurround=\skip72
\backup@length=\skip73
\ar@cellbox=\box126
)) (c:/texlive/2025/texmf-dist/tex/latex/titling/titling.sty
Package: titling 2009/09/04 v2.1d maketitle typesetting
\thanksmarkwidth=\skip74
\thanksmargin=\skip75
\droptitle=\skip76
) (c:/texlive/2025/texmf-dist/tex/latex/titlesec/titlesec.sty
Package: titlesec 2025/01/04 v2.17 Sectioning titles
\ttl@box=\box127
\beforetitleunit=\skip77
\aftertitleunit=\skip78
\ttl@plus=\dimen268
\ttl@minus=\dimen269
\ttl@toksa=\toks45
\titlewidth=\dimen270
\titlewidthlast=\dimen271
\titlewidthfirst=\dimen272
) (c:/texlive/2025/texmf-dist/tex/latex/lipsum/lipsum.sty (c:/texlive/2025/texmf-dist/tex/latex/l3packages/l3keys2e/l3keys2e.sty
Package: l3keys2e 2024-08-16 LaTeX2e option processing using LaTeX3 keys
)
Package: lipsum 2021-09-20 v2.7 150 paragraphs of Lorem Ipsum dummy text
\g__lipsum_par_int=\count364
\l__lipsum_a_int=\count365
\l__lipsum_b_int=\count366
 (c:/texlive/2025/texmf-dist/tex/latex/lipsum/lipsum.ltd.tex)) (c:/texlive/2025/texmf-dist/tex/latex/enumitem/enumitem.sty
Package: enumitem 2025/02/06 v3.11 Customized lists
\labelindent=\skip79
\enit@outerparindent=\dimen273
\enit@toks=\toks46
\enit@inbox=\box128
\enit@count@id=\count367
\enitdp@description=\count368
) (c:/texlive/2025/texmf-dist/tex/latex/caption/caption.sty
Package: caption 2023/08/05 v3.6o Customizing captions (AR)
 (c:/texlive/2025/texmf-dist/tex/latex/caption/caption3.sty
Package: caption3 2023/07/31 v2.4d caption3 kernel (AR)
\caption@tempdima=\dimen274
\captionmargin=\dimen275
\caption@leftmargin=\dimen276
\caption@rightmargin=\dimen277
\caption@width=\dimen278
\caption@indent=\dimen279
\caption@parindent=\dimen280
\caption@hangindent=\dimen281
Package caption Info: Standard document class detected.
)
\c@caption@flags=\count369
\c@continuedfloat=\count370
Package caption Info: float package is loaded.
Package caption Info: longtable package is loaded.
 (c:/texlive/2025/texmf-dist/tex/latex/caption/ltcaption.sty
Package: ltcaption 2021/01/08 v1.4c longtable captions (AR)
)) (c:/texlive/2025/texmf-dist/tex/latex/caption/subcaption.sty
Package: subcaption 2023/07/28 v1.6b Sub-captions (AR)
Package caption Info: New subtype `subfigure' on input line 238.
\c@subfigure=\count371
Package caption Info: New subtype `subtable' on input line 238.
\c@subtable=\count372
) (c:/texlive/2025/texmf-dist/tex/latex/tools/tabularx.sty
Package: tabularx 2023/12/11 v2.12a `tabularx' package (DPC)
\TX@col@width=\dimen282
\TX@old@table=\dimen283
\TX@old@col=\dimen284
\TX@target=\dimen285
\TX@delta=\dimen286
\TX@cols=\count373
\TX@ftn=\toks47
) (c:/texlive/2025/texmf-dist/tex/latex/setspace/setspace.sty
Package: setspace 2022/12/04 v6.7b set line spacing
) (c:/texlive/2025/texmf-dist/tex/latex/fancyhdr/fancyhdr.sty
Package: fancyhdr 2025/02/07 v5.2 Extensive control of page headers and footers
\f@nch@headwidth=\skip80
\f@nch@offset@elh=\skip81
\f@nch@offset@erh=\skip82
\f@nch@offset@olh=\skip83
\f@nch@offset@orh=\skip84
\f@nch@offset@elf=\skip85
\f@nch@offset@erf=\skip86
\f@nch@offset@olf=\skip87
\f@nch@offset@orf=\skip88
\f@nch@height=\skip89
\f@nch@footalignment=\skip90
\f@nch@widthL=\skip91
\f@nch@widthC=\skip92
\f@nch@widthR=\skip93
\@temptokenb=\toks48
) (c:/texlive/2025/texmf-dist/tex/latex/url/url.sty
\Urlmuskip=\muskip18
Package: url 2013/09/16  ver 3.4  Verb mode for urls, etc.
) (c:/texlive/2025/texmf-dist/tex/latex/hyperref/hyperref.sty
Package: hyperref 2024-11-05 v7.01l Hypertext links for LaTeX
 (c:/texlive/2025/texmf-dist/tex/generic/kvdefinekeys/kvdefinekeys.sty
Package: kvdefinekeys 2019-12-19 v1.6 Define keys (HO)
) (c:/texlive/2025/texmf-dist/tex/generic/pdfescape/pdfescape.sty
Package: pdfescape 2019/12/09 v1.15 Implements pdfTeX's escape features (HO)
) (c:/texlive/2025/texmf-dist/tex/latex/hycolor/hycolor.sty
Package: hycolor 2020-01-27 v1.10 Color options for hyperref/bookmark (HO)
) (c:/texlive/2025/texmf-dist/tex/latex/hyperref/nameref.sty
Package: nameref 2023-11-26 v2.56 Cross-referencing by name of section
 (c:/texlive/2025/texmf-dist/tex/latex/refcount/refcount.sty
Package: refcount 2019/12/15 v3.6 Data extraction from label references (HO)
) (c:/texlive/2025/texmf-dist/tex/generic/gettitlestring/gettitlestring.sty
Package: gettitlestring 2019/12/15 v1.6 Cleanup title references (HO)
)
\c@section@level=\count374
) (c:/texlive/2025/texmf-dist/tex/generic/stringenc/stringenc.sty
Package: stringenc 2019/11/29 v1.12 Convert strings between diff. encodings (HO)
)
\@linkdim=\dimen287
\Hy@linkcounter=\count375
\Hy@pagecounter=\count376
 (c:/texlive/2025/texmf-dist/tex/latex/hyperref/pd1enc.def
File: pd1enc.def 2024-11-05 v7.01l Hyperref: PDFDocEncoding definition (HO)
Now handling font encoding PD1 ...
... no UTF-8 mapping file for font encoding PD1
) (c:/texlive/2025/texmf-dist/tex/generic/intcalc/intcalc.sty
Package: intcalc 2019/12/15 v1.3 Expandable calculations with integers (HO)
)
\Hy@SavedSpaceFactor=\count377
 (c:/texlive/2025/texmf-dist/tex/latex/hyperref/puenc.def
File: puenc.def 2024-11-05 v7.01l Hyperref: PDF Unicode definition (HO)
Now handling font encoding PU ...
... no UTF-8 mapping file for font encoding PU
)
Package hyperref Info: Hyper figures OFF on input line 4157.
Package hyperref Info: Link nesting OFF on input line 4162.
Package hyperref Info: Hyper index ON on input line 4165.
Package hyperref Info: Plain pages OFF on input line 4172.
Package hyperref Info: Backreferencing OFF on input line 4177.
Package hyperref Info: Implicit mode ON; LaTeX internals redefined.
Package hyperref Info: Bookmarks ON on input line 4424.
\c@Hy@tempcnt=\count378
LaTeX Info: Redefining \url on input line 4763.
\XeTeXLinkMargin=\dimen288
 (c:/texlive/2025/texmf-dist/tex/generic/bitset/bitset.sty
Package: bitset 2019/12/09 v1.3 Handle bit-vector datatype (HO)
 (c:/texlive/2025/texmf-dist/tex/generic/bigintcalc/bigintcalc.sty
Package: bigintcalc 2019/12/15 v1.5 Expandable calculations on big integers (HO)
))
\Fld@menulength=\count379
\Field@Width=\dimen289
\Fld@charsize=\dimen290
Package hyperref Info: Hyper figures OFF on input line 6042.
Package hyperref Info: Link nesting OFF on input line 6047.
Package hyperref Info: Hyper index ON on input line 6050.
Package hyperref Info: backreferencing OFF on input line 6057.
Package hyperref Info: Link coloring OFF on input line 6062.
Package hyperref Info: Link coloring with OCG OFF on input line 6067.
Package hyperref Info: PDF/A mode OFF on input line 6072.
 (c:/texlive/2025/texmf-dist/tex/latex/base/atbegshi-ltx.sty
Package: atbegshi-ltx 2021/01/10 v1.0c Emulation of the original atbegshi
package with kernel methods
)
\Hy@abspage=\count380
\c@Item=\count381
\c@Hfootnote=\count382
)
Package hyperref Info: Driver (autodetected): hpdftex.
 (c:/texlive/2025/texmf-dist/tex/latex/hyperref/hpdftex.def
File: hpdftex.def 2024-11-05 v7.01l Hyperref driver for pdfTeX
 (c:/texlive/2025/texmf-dist/tex/latex/base/atveryend-ltx.sty
Package: atveryend-ltx 2020/08/19 v1.0a Emulation of the original atveryend package
with kernel methods
)
\Fld@listcount=\count383
\c@bookmark@seq@number=\count384
 (c:/texlive/2025/texmf-dist/tex/latex/rerunfilecheck/rerunfilecheck.sty
Package: rerunfilecheck 2022-07-10 v1.10 Rerun checks for auxiliary files (HO)
 (c:/texlive/2025/texmf-dist/tex/generic/uniquecounter/uniquecounter.sty
Package: uniquecounter 2019/12/15 v1.4 Provide unlimited unique counter (HO)
)
Package uniquecounter Info: New unique counter `rerunfilecheck' on input line 285.
)
\Hy@SectionHShift=\skip94
) (c:/texlive/2025/texmf-dist/tex/latex/booktabs/booktabs.sty
Package: booktabs 2020/01/12 v1.61803398 Publication quality tables
\heavyrulewidth=\dimen291
\lightrulewidth=\dimen292
\cmidrulewidth=\dimen293
\belowrulesep=\dimen294
\belowbottomsep=\dimen295
\aboverulesep=\dimen296
\abovetopsep=\dimen297
\cmidrulesep=\dimen298
\cmidrulekern=\dimen299
\defaultaddspace=\dimen300
\@cmidla=\count385
\@cmidlb=\count386
\@aboverulesep=\dimen301
\@belowrulesep=\dimen302
\@thisruleclass=\count387
\@lastruleclass=\count388
\@thisrulewidth=\dimen303
) (c:/texlive/2025/texmf-dist/tex/latex/multirow/multirow.sty
Package: multirow 2024/11/12 v2.9 Span multiple rows of a table
\multirow@colwidth=\skip95
\multirow@cntb=\count389
\multirow@dima=\skip96
\bigstrutjot=\dimen304
) (c:/texlive/2025/texmf-dist/tex/latex/listings/listings.sty
\lst@mode=\count390
\lst@gtempboxa=\box129
\lst@token=\toks49
\lst@length=\count391
\lst@currlwidth=\dimen305
\lst@column=\count392
\lst@pos=\count393
\lst@lostspace=\dimen306
\lst@width=\dimen307
\lst@newlines=\count394
\lst@lineno=\count395
\lst@maxwidth=\dimen308
 (c:/texlive/2025/texmf-dist/tex/latex/listings/lstpatch.sty
File: lstpatch.sty 2024/09/23 1.10c (Carsten Heinz)
) (c:/texlive/2025/texmf-dist/tex/latex/listings/lstmisc.sty
File: lstmisc.sty 2024/09/23 1.10c (Carsten Heinz)
\c@lstnumber=\count396
\lst@skipnumbers=\count397
\lst@framebox=\box130
) (c:/texlive/2025/texmf-dist/tex/latex/listings/listings.cfg
File: listings.cfg 2024/09/23 1.10c listings configuration
))
Package: listings 2024/09/23 1.10c (Carsten Heinz)
 (c:/texlive/2025/texmf-dist/tex/latex/mdframed/mdframed.sty
Package: mdframed 2013/07/01 1.9b: mdframed
 (c:/texlive/2025/texmf-dist/tex/latex/zref/zref-abspage.sty
Package: zref-abspage 2023-09-14 v2.35 Module abspage for zref (HO)
 (c:/texlive/2025/texmf-dist/tex/latex/zref/zref-base.sty
Package: zref-base 2023-09-14 v2.35 Module base for zref (HO)
 (c:/texlive/2025/texmf-dist/tex/generic/etexcmds/etexcmds.sty
Package: etexcmds 2019/12/15 v1.7 Avoid name clashes with e-TeX commands (HO)
) (c:/texlive/2025/texmf-dist/tex/latex/auxhook/auxhook.sty
Package: auxhook 2019-12-17 v1.6 Hooks for auxiliary files (HO)
)
Package zref Info: New property list: main on input line 767.
Package zref Info: New property: default on input line 768.
Package zref Info: New property: page on input line 769.
)
\c@abspage=\count398
Package zref Info: New property: abspage on input line 67.
) (c:/texlive/2025/texmf-dist/tex/latex/needspace/needspace.sty
Package: needspace 2010/09/12 v1.3d reserve vertical space
)
\mdf@templength=\skip97
\c@mdf@globalstyle@cnt=\count399
\mdf@skipabove@length=\skip98
\mdf@skipbelow@length=\skip99
\mdf@leftmargin@length=\skip100
\mdf@rightmargin@length=\skip101
\mdf@innerleftmargin@length=\skip102
\mdf@innerrightmargin@length=\skip103
\mdf@innertopmargin@length=\skip104
\mdf@innerbottommargin@length=\skip105
\mdf@splittopskip@length=\skip106
\mdf@splitbottomskip@length=\skip107
\mdf@outermargin@length=\skip108
\mdf@innermargin@length=\skip109
\mdf@linewidth@length=\skip110
\mdf@innerlinewidth@length=\skip111
\mdf@middlelinewidth@length=\skip112
\mdf@outerlinewidth@length=\skip113
\mdf@roundcorner@length=\skip114
\mdf@footenotedistance@length=\skip115
\mdf@userdefinedwidth@length=\skip116
\mdf@needspace@length=\skip117
\mdf@frametitleaboveskip@length=\skip118
\mdf@frametitlebelowskip@length=\skip119
\mdf@frametitlerulewidth@length=\skip120
\mdf@frametitleleftmargin@length=\skip121
\mdf@frametitlerightmargin@length=\skip122
\mdf@shadowsize@length=\skip123
\mdf@extratopheight@length=\skip124
\mdf@subtitleabovelinewidth@length=\skip125
\mdf@subtitlebelowlinewidth@length=\skip126
\mdf@subtitleaboveskip@length=\skip127
\mdf@subtitlebelowskip@length=\skip128
\mdf@subtitleinneraboveskip@length=\skip129
\mdf@subtitleinnerbelowskip@length=\skip130
\mdf@subsubtitleabovelinewidth@length=\skip131
\mdf@subsubtitlebelowlinewidth@length=\skip132
\mdf@subsubtitleaboveskip@length=\skip133
\mdf@subsubtitlebelowskip@length=\skip134
\mdf@subsubtitleinneraboveskip@length=\skip135
\mdf@subsubtitleinnerbelowskip@length=\skip136
 (c:/texlive/2025/texmf-dist/tex/latex/mdframed/md-frame-0.mdf
File: md-frame-0.mdf 2013/07/01\ 1.9b: md-frame-0
)
\mdf@frametitlebox=\box131
\mdf@footnotebox=\box132
\mdf@splitbox@one=\box133
\mdf@splitbox@two=\box134
\mdf@splitbox@save=\box135
\mdfsplitboxwidth=\skip137
\mdfsplitboxtotalwidth=\skip138
\mdfsplitboxheight=\skip139
\mdfsplitboxdepth=\skip140
\mdfsplitboxtotalheight=\skip141
\mdfframetitleboxwidth=\skip142
\mdfframetitleboxtotalwidth=\skip143
\mdfframetitleboxheight=\skip144
\mdfframetitleboxdepth=\skip145
\mdfframetitleboxtotalheight=\skip146
\mdffootnoteboxwidth=\skip147
\mdffootnoteboxtotalwidth=\skip148
\mdffootnoteboxheight=\skip149
\mdffootnoteboxdepth=\skip150
\mdffootnoteboxtotalheight=\skip151
\mdftotallinewidth=\skip152
\mdfboundingboxwidth=\skip153
\mdfboundingboxtotalwidth=\skip154
\mdfboundingboxheight=\skip155
\mdfboundingboxdepth=\skip156
\mdfboundingboxtotalheight=\skip157
\mdf@freevspace@length=\skip158
\mdf@horizontalwidthofbox@length=\skip159
\mdf@verticalmarginwhole@length=\skip160
\mdf@horizontalspaceofbox=\skip161
\mdfsubtitleheight=\skip162
\mdfsubsubtitleheight=\skip163
\c@mdfcountframes=\count400

****** mdframed patching \endmdf@trivlist

****** -- success******

\mdf@envdepth=\count401
\c@mdf@env@i=\count402
\c@mdf@env@ii=\count403
\c@mdf@zref@counter=\count404
Package zref Info: New property: mdf@pagevalue on input line 895.
) (c:/texlive/2025/texmf-dist/tex/latex/natbib/natbib.sty
Package: natbib 2010/09/13 8.31b (PWD, AO)
\bibhang=\skip164
\bibsep=\skip165
LaTeX Info: Redefining \cite on input line 694.
\c@NAT@ctr=\count405
) (c:/texlive/2025/texmf-dist/tex/latex/graphics/graphicx.sty
Package: graphicx 2021/09/16 v1.2d Enhanced LaTeX Graphics (DPC,SPQR)
 (c:/texlive/2025/texmf-dist/tex/latex/graphics/graphics.sty
Package: graphics 2024/08/06 v1.4g Standard LaTeX Graphics (DPC,SPQR)
 (c:/texlive/2025/texmf-dist/tex/latex/graphics/trig.sty
Package: trig 2023/12/02 v1.11 sin cos tan (DPC)
) (c:/texlive/2025/texmf-dist/tex/latex/graphics-cfg/graphics.cfg
File: graphics.cfg 2016/06/04 v1.11 sample graphics configuration
)
Package graphics Info: Driver file: pdftex.def on input line 106.
)
\Gin@req@height=\dimen309
\Gin@req@width=\dimen310
) (c:/texlive/2025/texmf-dist/tex/latex/pgf/frontendlayer/tikz.sty (c:/texlive/2025/texmf-dist/tex/latex/pgf/basiclayer/pgf.sty (c:/texlive/2025/texmf-dist/tex/latex/pgf/utilities/pgfrcs.sty (c:/texlive/2025/texmf-dist/tex/generic/pgf/utilities/pgfutil-common.tex
\pgfutil@everybye=\toks50
\pgfutil@tempdima=\dimen311
\pgfutil@tempdimb=\dimen312
) (c:/texlive/2025/texmf-dist/tex/generic/pgf/utilities/pgfutil-latex.def
\pgfutil@abb=\box136
) (c:/texlive/2025/texmf-dist/tex/generic/pgf/utilities/pgfrcs.code.tex (c:/texlive/2025/texmf-dist/tex/generic/pgf/pgf.revision.tex)
Package: pgfrcs 2023-01-15 v3.1.10 (3.1.10)
))
Package: pgf 2023-01-15 v3.1.10 (3.1.10)
 (c:/texlive/2025/texmf-dist/tex/latex/pgf/basiclayer/pgfcore.sty (c:/texlive/2025/texmf-dist/tex/latex/pgf/systemlayer/pgfsys.sty (c:/texlive/2025/texmf-dist/tex/generic/pgf/systemlayer/pgfsys.code.tex
Package: pgfsys 2023-01-15 v3.1.10 (3.1.10)
 (c:/texlive/2025/texmf-dist/tex/generic/pgf/utilities/pgfkeys.code.tex
\pgfkeys@pathtoks=\toks51
\pgfkeys@temptoks=\toks52
 (c:/texlive/2025/texmf-dist/tex/generic/pgf/utilities/pgfkeyslibraryfiltered.code.tex
\pgfkeys@tmptoks=\toks53
))
\pgf@x=\dimen313
\pgf@y=\dimen314
\pgf@xa=\dimen315
\pgf@ya=\dimen316
\pgf@xb=\dimen317
\pgf@yb=\dimen318
\pgf@xc=\dimen319
\pgf@yc=\dimen320
\pgf@xd=\dimen321
\pgf@yd=\dimen322
\w@pgf@writea=\write4
\r@pgf@reada=\read4
\c@pgf@counta=\count406
\c@pgf@countb=\count407
\c@pgf@countc=\count408
\c@pgf@countd=\count409
\t@pgf@toka=\toks54
\t@pgf@tokb=\toks55
\t@pgf@tokc=\toks56
\pgf@sys@id@count=\count410
 (c:/texlive/2025/texmf-dist/tex/generic/pgf/systemlayer/pgf.cfg
File: pgf.cfg 2023-01-15 v3.1.10 (3.1.10)
)
Driver file for pgf: pgfsys-pdftex.def
 (c:/texlive/2025/texmf-dist/tex/generic/pgf/systemlayer/pgfsys-pdftex.def
File: pgfsys-pdftex.def 2023-01-15 v3.1.10 (3.1.10)
 (c:/texlive/2025/texmf-dist/tex/generic/pgf/systemlayer/pgfsys-common-pdf.def
File: pgfsys-common-pdf.def 2023-01-15 v3.1.10 (3.1.10)
))) (c:/texlive/2025/texmf-dist/tex/generic/pgf/systemlayer/pgfsyssoftpath.code.tex
File: pgfsyssoftpath.code.tex 2023-01-15 v3.1.10 (3.1.10)
\pgfsyssoftpath@smallbuffer@items=\count411
\pgfsyssoftpath@bigbuffer@items=\count412
) (c:/texlive/2025/texmf-dist/tex/generic/pgf/systemlayer/pgfsysprotocol.code.tex
File: pgfsysprotocol.code.tex 2023-01-15 v3.1.10 (3.1.10)
)) (c:/texlive/2025/texmf-dist/tex/generic/pgf/basiclayer/pgfcore.code.tex
Package: pgfcore 2023-01-15 v3.1.10 (3.1.10)
 (c:/texlive/2025/texmf-dist/tex/generic/pgf/math/pgfmath.code.tex (c:/texlive/2025/texmf-dist/tex/generic/pgf/math/pgfmathutil.code.tex) (c:/texlive/2025/texmf-dist/tex/generic/pgf/math/pgfmathparser.code.tex
\pgfmath@dimen=\dimen323
\pgfmath@count=\count413
\pgfmath@box=\box137
\pgfmath@toks=\toks57
\pgfmath@stack@operand=\toks58
\pgfmath@stack@operation=\toks59
) (c:/texlive/2025/texmf-dist/tex/generic/pgf/math/pgfmathfunctions.code.tex) (c:/texlive/2025/texmf-dist/tex/generic/pgf/math/pgfmathfunctions.basic.code.tex) (c:/texlive/2025/texmf-dist/tex/generic/pgf/math/pgfmathfunctions.trigonometric.code.tex) (c:/texlive/2025/texmf-dist/tex/generic/pgf/math/pgfmathfunctions.random.code.tex) (c:/texlive/2025/texmf-dist/tex/generic/pgf/math/pgfmathfunctions.comparison.code.tex) (c:/texlive/2025/texmf-dist/tex/generic/pgf/math/pgfmathfunctions.base.code.tex) (c:/texlive/2025/texmf-dist/tex/generic/pgf/math/pgfmathfunctions.round.code.tex) (c:/texlive/2025/texmf-dist/tex/generic/pgf/math/pgfmathfunctions.misc.code.tex) (c:/texlive/2025/texmf-dist/tex/generic/pgf/math/pgfmathfunctions.integerarithmetics.code.tex) (c:/texlive/2025/texmf-dist/tex/generic/pgf/math/pgfmathcalc.code.tex) (c:/texlive/2025/texmf-dist/tex/generic/pgf/math/pgfmathfloat.code.tex
\c@pgfmathroundto@lastzeros=\count414
)) (c:/texlive/2025/texmf-dist/tex/generic/pgf/math/pgfint.code.tex) (c:/texlive/2025/texmf-dist/tex/generic/pgf/basiclayer/pgfcorepoints.code.tex
File: pgfcorepoints.code.tex 2023-01-15 v3.1.10 (3.1.10)
\pgf@picminx=\dimen324
\pgf@picmaxx=\dimen325
\pgf@picminy=\dimen326
\pgf@picmaxy=\dimen327
\pgf@pathminx=\dimen328
\pgf@pathmaxx=\dimen329
\pgf@pathminy=\dimen330
\pgf@pathmaxy=\dimen331
\pgf@xx=\dimen332
\pgf@xy=\dimen333
\pgf@yx=\dimen334
\pgf@yy=\dimen335
\pgf@zx=\dimen336
\pgf@zy=\dimen337
) (c:/texlive/2025/texmf-dist/tex/generic/pgf/basiclayer/pgfcorepathconstruct.code.tex
File: pgfcorepathconstruct.code.tex 2023-01-15 v3.1.10 (3.1.10)
\pgf@path@lastx=\dimen338
\pgf@path@lasty=\dimen339
) (c:/texlive/2025/texmf-dist/tex/generic/pgf/basiclayer/pgfcorepathusage.code.tex
File: pgfcorepathusage.code.tex 2023-01-15 v3.1.10 (3.1.10)
\pgf@shorten@end@additional=\dimen340
\pgf@shorten@start@additional=\dimen341
) (c:/texlive/2025/texmf-dist/tex/generic/pgf/basiclayer/pgfcorescopes.code.tex
File: pgfcorescopes.code.tex 2023-01-15 v3.1.10 (3.1.10)
\pgfpic=\box138
\pgf@hbox=\box139
\pgf@layerbox@main=\box140
\pgf@picture@serial@count=\count415
) (c:/texlive/2025/texmf-dist/tex/generic/pgf/basiclayer/pgfcoregraphicstate.code.tex
File: pgfcoregraphicstate.code.tex 2023-01-15 v3.1.10 (3.1.10)
\pgflinewidth=\dimen342
) (c:/texlive/2025/texmf-dist/tex/generic/pgf/basiclayer/pgfcoretransformations.code.tex
File: pgfcoretransformations.code.tex 2023-01-15 v3.1.10 (3.1.10)
\pgf@pt@x=\dimen343
\pgf@pt@y=\dimen344
\pgf@pt@temp=\dimen345
) (c:/texlive/2025/texmf-dist/tex/generic/pgf/basiclayer/pgfcorequick.code.tex
File: pgfcorequick.code.tex 2023-01-15 v3.1.10 (3.1.10)
) (c:/texlive/2025/texmf-dist/tex/generic/pgf/basiclayer/pgfcoreobjects.code.tex
File: pgfcoreobjects.code.tex 2023-01-15 v3.1.10 (3.1.10)
) (c:/texlive/2025/texmf-dist/tex/generic/pgf/basiclayer/pgfcorepathprocessing.code.tex
File: pgfcorepathprocessing.code.tex 2023-01-15 v3.1.10 (3.1.10)
) (c:/texlive/2025/texmf-dist/tex/generic/pgf/basiclayer/pgfcorearrows.code.tex
File: pgfcorearrows.code.tex 2023-01-15 v3.1.10 (3.1.10)
\pgfarrowsep=\dimen346
) (c:/texlive/2025/texmf-dist/tex/generic/pgf/basiclayer/pgfcoreshade.code.tex
File: pgfcoreshade.code.tex 2023-01-15 v3.1.10 (3.1.10)
\pgf@max=\dimen347
\pgf@sys@shading@range@num=\count416
\pgf@shadingcount=\count417
) (c:/texlive/2025/texmf-dist/tex/generic/pgf/basiclayer/pgfcoreimage.code.tex
File: pgfcoreimage.code.tex 2023-01-15 v3.1.10 (3.1.10)
) (c:/texlive/2025/texmf-dist/tex/generic/pgf/basiclayer/pgfcoreexternal.code.tex
File: pgfcoreexternal.code.tex 2023-01-15 v3.1.10 (3.1.10)
\pgfexternal@startupbox=\box141
) (c:/texlive/2025/texmf-dist/tex/generic/pgf/basiclayer/pgfcorelayers.code.tex
File: pgfcorelayers.code.tex 2023-01-15 v3.1.10 (3.1.10)
) (c:/texlive/2025/texmf-dist/tex/generic/pgf/basiclayer/pgfcoretransparency.code.tex
File: pgfcoretransparency.code.tex 2023-01-15 v3.1.10 (3.1.10)
) (c:/texlive/2025/texmf-dist/tex/generic/pgf/basiclayer/pgfcorepatterns.code.tex
File: pgfcorepatterns.code.tex 2023-01-15 v3.1.10 (3.1.10)
) (c:/texlive/2025/texmf-dist/tex/generic/pgf/basiclayer/pgfcorerdf.code.tex
File: pgfcorerdf.code.tex 2023-01-15 v3.1.10 (3.1.10)
))) (c:/texlive/2025/texmf-dist/tex/generic/pgf/modules/pgfmoduleshapes.code.tex
File: pgfmoduleshapes.code.tex 2023-01-15 v3.1.10 (3.1.10)
\pgfnodeparttextbox=\box142
) (c:/texlive/2025/texmf-dist/tex/generic/pgf/modules/pgfmoduleplot.code.tex
File: pgfmoduleplot.code.tex 2023-01-15 v3.1.10 (3.1.10)
) (c:/texlive/2025/texmf-dist/tex/latex/pgf/compatibility/pgfcomp-version-0-65.sty
Package: pgfcomp-version-0-65 2023-01-15 v3.1.10 (3.1.10)
\pgf@nodesepstart=\dimen348
\pgf@nodesepend=\dimen349
) (c:/texlive/2025/texmf-dist/tex/latex/pgf/compatibility/pgfcomp-version-1-18.sty
Package: pgfcomp-version-1-18 2023-01-15 v3.1.10 (3.1.10)
)) (c:/texlive/2025/texmf-dist/tex/latex/pgf/utilities/pgffor.sty (c:/texlive/2025/texmf-dist/tex/latex/pgf/utilities/pgfkeys.sty (c:/texlive/2025/texmf-dist/tex/generic/pgf/utilities/pgfkeys.code.tex)) (c:/texlive/2025/texmf-dist/tex/latex/pgf/math/pgfmath.sty (c:/texlive/2025/texmf-dist/tex/generic/pgf/math/pgfmath.code.tex)) (c:/texlive/2025/texmf-dist/tex/generic/pgf/utilities/pgffor.code.tex
Package: pgffor 2023-01-15 v3.1.10 (3.1.10)
\pgffor@iter=\dimen350
\pgffor@skip=\dimen351
\pgffor@stack=\toks60
\pgffor@toks=\toks61
)) (c:/texlive/2025/texmf-dist/tex/generic/pgf/frontendlayer/tikz/tikz.code.tex
Package: tikz 2023-01-15 v3.1.10 (3.1.10)
 (c:/texlive/2025/texmf-dist/tex/generic/pgf/libraries/pgflibraryplothandlers.code.tex
File: pgflibraryplothandlers.code.tex 2023-01-15 v3.1.10 (3.1.10)
\pgf@plot@mark@count=\count418
\pgfplotmarksize=\dimen352
)
\tikz@lastx=\dimen353
\tikz@lasty=\dimen354
\tikz@lastxsaved=\dimen355
\tikz@lastysaved=\dimen356
\tikz@lastmovetox=\dimen357
\tikz@lastmovetoy=\dimen358
\tikzleveldistance=\dimen359
\tikzsiblingdistance=\dimen360
\tikz@figbox=\box143
\tikz@figbox@bg=\box144
\tikz@tempbox=\box145
\tikz@tempbox@bg=\box146
\tikztreelevel=\count419
\tikznumberofchildren=\count420
\tikznumberofcurrentchild=\count421
\tikz@fig@count=\count422
 (c:/texlive/2025/texmf-dist/tex/generic/pgf/modules/pgfmodulematrix.code.tex
File: pgfmodulematrix.code.tex 2023-01-15 v3.1.10 (3.1.10)
\pgfmatrixcurrentrow=\count423
\pgfmatrixcurrentcolumn=\count424
\pgf@matrix@numberofcolumns=\count425
)
\tikz@expandcount=\count426
 (c:/texlive/2025/texmf-dist/tex/generic/pgf/frontendlayer/tikz/libraries/tikzlibrarytopaths.code.tex
File: tikzlibrarytopaths.code.tex 2023-01-15 v3.1.10 (3.1.10)
))) (c:/texlive/2025/texmf-dist/tex/latex/pgfplots/pgfplots.sty (c:/texlive/2025/texmf-dist/tex/generic/pgfplots/pgfplots.revision.tex)
Package: pgfplots 2021/05/15 v1.18.1 Data Visualization (1.18.1)
 (c:/texlive/2025/texmf-dist/tex/generic/pgfplots/pgfplots.code.tex (c:/texlive/2025/texmf-dist/tex/generic/pgfplots/pgfplotscore.code.tex
\t@pgfplots@toka=\toks62
\t@pgfplots@tokb=\toks63
\t@pgfplots@tokc=\toks64
\pgfplots@tmpa=\dimen361
\c@pgfplots@coordindex=\count427
\c@pgfplots@scanlineindex=\count428
 (c:/texlive/2025/texmf-dist/tex/generic/pgfplots/sys/pgfplotssysgeneric.code.tex)) (c:/texlive/2025/texmf-dist/tex/generic/pgfplots/libs/pgfplotslibrary.code.tex) (c:/texlive/2025/texmf-dist/tex/generic/pgfplots/oldpgfcompatib/pgfplotsoldpgfsupp_loader.code.tex (c:/texlive/2025/texmf-dist/tex/generic/pgf/libraries/pgflibraryfpu.code.tex)
Package pgfplots: loading complementary utilities for your pgf version...
\t@pgf@toka=\toks65
\t@pgf@tokb=\toks66
\t@pgf@tokc=\toks67
(c:/texlive/2025/texmf-dist/tex/generic/pgfplots/oldpgfcompatib/pgfplotsoldpgfsupp_pgfutil-common-lists.tex)) (c:/texlive/2025/texmf-dist/tex/generic/pgfplots/util/pgfplotsutil.code.tex (c:/texlive/2025/texmf-dist/tex/generic/pgfplots/liststructure/pgfplotsliststructure.code.tex) (c:/texlive/2025/texmf-dist/tex/generic/pgfplots/liststructure/pgfplotsliststructureext.code.tex) (c:/texlive/2025/texmf-dist/tex/generic/pgfplots/liststructure/pgfplotsarray.code.tex
\c@pgfplotsarray@tmp=\count429
) (c:/texlive/2025/texmf-dist/tex/generic/pgfplots/liststructure/pgfplotsmatrix.code.tex) (c:/texlive/2025/texmf-dist/tex/generic/pgfplots/numtable/pgfplotstableshared.code.tex
\c@pgfplotstable@counta=\count430
\t@pgfplotstable@a=\toks68
) (c:/texlive/2025/texmf-dist/tex/generic/pgfplots/liststructure/pgfplotsdeque.code.tex) (c:/texlive/2025/texmf-dist/tex/generic/pgfplots/util/pgfplotsbinary.code.tex (c:/texlive/2025/texmf-dist/tex/generic/pgfplots/util/pgfplotsbinary.data.code.tex)) (c:/texlive/2025/texmf-dist/tex/generic/pgfplots/util/pgfplotsutil.verb.code.tex) (c:/texlive/2025/texmf-dist/tex/generic/pgfplots/libs/pgflibrarypgfplots.surfshading.code.tex
\c@pgfplotslibrarysurf@no=\count431
 (c:/texlive/2025/texmf-dist/tex/generic/pgfplots/sys/pgflibrarypgfplots.surfshading.pgfsys-pdftex.def))) (c:/texlive/2025/texmf-dist/tex/generic/pgfplots/util/pgfplotscolormap.code.tex (c:/texlive/2025/texmf-dist/tex/generic/pgfplots/util/pgfplotscolor.code.tex)) (c:/texlive/2025/texmf-dist/tex/generic/pgfplots/pgfplotsstackedplots.code.tex) (c:/texlive/2025/texmf-dist/tex/generic/pgfplots/pgfplotsplothandlers.code.tex (c:/texlive/2025/texmf-dist/tex/generic/pgfplots/pgfplotsmeshplothandler.code.tex (c:/texlive/2025/texmf-dist/tex/generic/pgfplots/pgfplotsmeshplotimage.code.tex))) (c:/texlive/2025/texmf-dist/tex/generic/pgfplots/pgfplots.scaling.code.tex) (c:/texlive/2025/texmf-dist/tex/generic/pgfplots/pgfplotscoordprocessing.code.tex) (c:/texlive/2025/texmf-dist/tex/generic/pgfplots/pgfplots.errorbars.code.tex) (c:/texlive/2025/texmf-dist/tex/generic/pgfplots/pgfplots.markers.code.tex) (c:/texlive/2025/texmf-dist/tex/generic/pgfplots/pgfplotsticks.code.tex) (c:/texlive/2025/texmf-dist/tex/generic/pgfplots/pgfplots.paths.code.tex) (c:/texlive/2025/texmf-dist/tex/generic/pgf/frontendlayer/tikz/libraries/tikzlibrarydecorations.code.tex (c:/texlive/2025/texmf-dist/tex/generic/pgf/modules/pgfmoduledecorations.code.tex
\pgfdecoratedcompleteddistance=\dimen362
\pgfdecoratedremainingdistance=\dimen363
\pgfdecoratedinputsegmentcompleteddistance=\dimen364
\pgfdecoratedinputsegmentremainingdistance=\dimen365
\pgf@decorate@distancetomove=\dimen366
\pgf@decorate@repeatstate=\count432
\pgfdecorationsegmentamplitude=\dimen367
\pgfdecorationsegmentlength=\dimen368
)
\tikz@lib@dec@box=\box147
) (c:/texlive/2025/texmf-dist/tex/generic/pgf/frontendlayer/tikz/libraries/tikzlibrarydecorations.pathmorphing.code.tex (c:/texlive/2025/texmf-dist/tex/generic/pgf/libraries/decorations/pgflibrarydecorations.pathmorphing.code.tex)) (c:/texlive/2025/texmf-dist/tex/generic/pgf/frontendlayer/tikz/libraries/tikzlibrarydecorations.pathreplacing.code.tex (c:/texlive/2025/texmf-dist/tex/generic/pgf/libraries/decorations/pgflibrarydecorations.pathreplacing.code.tex)) (c:/texlive/2025/texmf-dist/tex/generic/pgfplots/libs/tikzlibrarypgfplots.contourlua.code.tex)
\pgfplots@numplots=\count433
\pgfplots@xmin@reg=\dimen369
\pgfplots@xmax@reg=\dimen370
\pgfplots@ymin@reg=\dimen371
\pgfplots@ymax@reg=\dimen372
\pgfplots@zmin@reg=\dimen373
\pgfplots@zmax@reg=\dimen374
) (c:/texlive/2025/texmf-dist/tex/generic/pgf/frontendlayer/tikz/libraries/tikzlibraryplotmarks.code.tex
File: tikzlibraryplotmarks.code.tex 2023-01-15 v3.1.10 (3.1.10)
 (c:/texlive/2025/texmf-dist/tex/generic/pgf/libraries/pgflibraryplotmarks.code.tex
File: pgflibraryplotmarks.code.tex 2023-01-15 v3.1.10 (3.1.10)
))) (c:/texlive/2025/texmf-dist/tex/latex/tcolorbox/tcolorbox.sty
Package: tcolorbox 2024/10/22 version 6.4.1 text color boxes
 (c:/texlive/2025/texmf-dist/tex/latex/tools/verbatim.sty
Package: verbatim 2024-01-22 v1.5x LaTeX2e package for verbatim enhancements
\every@verbatim=\toks69
\verbatim@line=\toks70
\verbatim@in@stream=\read5
) (c:/texlive/2025/texmf-dist/tex/latex/environ/environ.sty
Package: environ 2014/05/04 v0.3 A new way to define environments
 (c:/texlive/2025/texmf-dist/tex/latex/trimspaces/trimspaces.sty
Package: trimspaces 2009/09/17 v1.1 Trim spaces around a token list
))
\tcb@titlebox=\box148
\tcb@upperbox=\box149
\tcb@lowerbox=\box150
\tcb@phantombox=\box151
\c@tcbbreakpart=\count434
\c@tcblayer=\count435
\c@tcolorbox@number=\count436
\l__tcobox_tmpa_box=\box152
\l__tcobox_tmpa_dim=\dimen375
\tcb@temp=\box153
\tcb@temp=\box154
\tcb@temp=\box155
\tcb@temp=\box156
) (c:/texlive/2025/texmf-dist/tex/latex/tcolorbox/tcbbreakable.code.tex
Library (tcolorbox): 'tcbbreakable.code.tex' version '6.4.1'
(c:/texlive/2025/texmf-dist/tex/latex/pdfcol/pdfcol.sty
Package: pdfcol 2022-09-21 v1.7 Handle new color stacks for pdfTeX (HO)
)
Package pdfcol Info: New color stack `tcb@breakable' = 1 on input line 23.
\tcb@testbox=\box157
\tcb@totalupperbox=\box158
\tcb@totallowerbox=\box159
) (c:/texlive/2025/texmf-dist/tex/latex/tcolorbox/tcbskins.code.tex
Library (tcolorbox): 'tcbskins.code.tex' version '6.4.1'
(c:/texlive/2025/texmf-dist/tex/latex/tikzfill/tikzfill.image.sty
Package: tikzfill.image 2023/08/08 v1.0.1 Image filling library for TikZ
 (c:/texlive/2025/texmf-dist/tex/latex/tikzfill/tikzfill-common.sty
Package: tikzfill-common 2023/08/08 v1.0.1 Auxiliary code for tikzfill
) (c:/texlive/2025/texmf-dist/tex/latex/tikzfill/tikzlibraryfill.image.code.tex
File: tikzlibraryfill.image.code.tex 2023/08/08 v1.0.1 Image filling library
\l__tikzfill_img_box=\box160
)) (c:/texlive/2025/texmf-dist/tex/latex/tcolorbox/tcbskinsjigsaw.code.tex
Library (tcolorbox): 'tcbskinsjigsaw.code.tex' version '6.4.1'
))
Package hyperref Info: Option `colorlinks' set `true' on input line 187.
\c@theorem=\count437
\c@definition=\count438
LaTeX Font Info:    Trying to load font information for T1+ntxtlf on input line 214.
 (c:/texlive/2025/texmf-dist/tex/latex/newtx/t1ntxtlf.fd
File: t1ntxtlf.fd 2021/05/24 v1.1 font definition file for T1/ntx/tlf
)
LaTeX Font Info:    Font shape `T1/ntxtlf/m/n' will be
(Font)              scaled to size 12.0pt on input line 214.
Package translations Info: No language package found. I am going to use `english' as default language. on input line 214.
 (./2625838.aux)
\openout1 = `2625838.aux'.

LaTeX Font Info:    Checking defaults for OML/ntxmi/m/it on input line 214.
LaTeX Font Info:    Trying to load font information for OML+ntxmi on input line 214.
 (c:/texlive/2025/texmf-dist/tex/latex/newtx/omlntxmi.fd
File: omlntxmi.fd 2015/08/25 Fontinst v1.933 font definitions for OML/ntxmi.
)
LaTeX Font Info:    ... okay on input line 214.
LaTeX Font Info:    Checking defaults for OMS/cmsy/m/n on input line 214.
LaTeX Font Info:    ... okay on input line 214.
LaTeX Font Info:    Checking defaults for OT1/cmr/m/n on input line 214.
LaTeX Font Info:    ... okay on input line 214.
LaTeX Font Info:    Checking defaults for T1/cmr/m/n on input line 214.
LaTeX Font Info:    ... okay on input line 214.
LaTeX Font Info:    Checking defaults for TS1/cmr/m/n on input line 214.
LaTeX Font Info:    ... okay on input line 214.
LaTeX Font Info:    Checking defaults for OMX/cmex/m/n on input line 214.
LaTeX Font Info:    ... okay on input line 214.
LaTeX Font Info:    Checking defaults for U/ntxexa/m/n on input line 214.
LaTeX Font Info:    Trying to load font information for U+ntxexa on input line 214.
 (c:/texlive/2025/texmf-dist/tex/latex/newtx/untxexa.fd
File: untxexa.fd 2012/04/16 Fontinst v1.933 font definitions for U/ntxexa.
)
LaTeX Font Info:    ... okay on input line 214.
LaTeX Font Info:    Checking defaults for LMS/ntxsy/m/n on input line 214.
LaTeX Font Info:    Trying to load font information for LMS+ntxsy on input line 214.
 (c:/texlive/2025/texmf-dist/tex/latex/newtx/lmsntxsy.fd
File: lmsntxsy.fd 2016/07/02 Fontinst v1.933 font definitions for LMS/ntxsy.
)
LaTeX Font Info:    ... okay on input line 214.
LaTeX Font Info:    Checking defaults for LMX/ntxexx/m/n on input line 214.
LaTeX Font Info:    Trying to load font information for LMX+ntxexx on input line 214.
 (c:/texlive/2025/texmf-dist/tex/latex/newtx/lmxntxexx.fd
File: lmxntxexx.fd 2016/07/03 Fontinst v1.933 font definitions for LMX/ntxexx.
)
LaTeX Font Info:    ... okay on input line 214.
LaTeX Font Info:    Checking defaults for PD1/pdf/m/n on input line 214.
LaTeX Font Info:    ... okay on input line 214.
LaTeX Font Info:    Checking defaults for PU/pdf/m/n on input line 214.
LaTeX Font Info:    ... okay on input line 214.

*geometry* driver: auto-detecting
*geometry* detected driver: pdftex
*geometry* verbose mode - [ preamble ] result:
* driver: pdftex
* paper: a4paper
* layout: <same size as paper>
* layoutoffset:(h,v)=(0.0pt,0.0pt)
* modes: 
* h-part:(L,W,R)=(72.26999pt, 471.03539pt, 54.2025pt)
* v-part:(T,H,B)=(65.04256pt, 714.96173pt, 65.04256pt)
* \paperwidth=597.50787pt
* \paperheight=845.04684pt
* \textwidth=471.03539pt
* \textheight=714.96173pt
* \oddsidemargin=0.0pt
* \evensidemargin=0.0pt
* \topmargin=-44.22743pt
* \headheight=12.0pt
* \headsep=25.0pt
* \topskip=12.0pt
* \footskip=30.0pt
* \marginparwidth=35.0pt
* \marginparsep=10.0pt
* \columnsep=10.0pt
* \skip\footins=10.8pt plus 4.0pt minus 2.0pt
* \hoffset=0.0pt
* \voffset=0.0pt
* \mag=1000
* \@twocolumnfalse
* \@twosidefalse
* \@mparswitchfalse
* \@reversemarginfalse
* (1in=72.27pt=25.4mm, 1cm=28.453pt)

LaTeX Info: Redefining \microtypecontext on input line 214.
Package microtype Info: Applying patch `item' on input line 214.
Package microtype Info: Applying patch `toc' on input line 214.
Package microtype Info: Applying patch `eqnum' on input line 214.
Package microtype Info: Applying patch `footnote' on input line 214.
Package microtype Info: Applying patch `verbatim' on input line 214.
LaTeX Info: Redefining \microtypesetup on input line 214.
Package microtype Info: Generating PDF output.
Package microtype Info: Character protrusion enabled (level 2).
Package microtype Info: Using default protrusion set `alltext'.
Package microtype Info: Automatic font expansion enabled (level 2),
(microtype)             stretch: 20, shrink: 20, step: 1, non-selected.
Package microtype Info: Using default expansion set `alltext-nott'.
LaTeX Info: Redefining \showhyphens on input line 214.
Package microtype Info: No adjustment of tracking.
Package microtype Info: No adjustment of interword spacing.
Package microtype Info: No adjustment of character kerning.
(c:/texlive/2025/texmf-dist/tex/latex/microtype/mt-ptm.cfg
File: mt-ptm.cfg 2006/04/20 v1.7 microtype config. file: Times (RS)
) (c:/texlive/2025/texmf-dist/tex/context/base/mkii/supp-pdf.mkii
[Loading MPS to PDF converter (version 2006.09.02).]
\scratchcounter=\count439
\scratchdimen=\dimen376
\scratchbox=\box161
\nofMPsegments=\count440
\nofMParguments=\count441
\everyMPshowfont=\toks71
\MPscratchCnt=\count442
\MPscratchDim=\dimen377
\MPnumerator=\count443
\makeMPintoPDFobject=\count444
\everyMPtoPDFconversion=\toks72
) (c:/texlive/2025/texmf-dist/tex/latex/epstopdf-pkg/epstopdf-base.sty
Package: epstopdf-base 2020-01-24 v2.11 Base part for package epstopdf
Package epstopdf-base Info: Redefining graphics rule for `.eps' on input line 485.
 (c:/texlive/2025/texmf-dist/tex/latex/latexconfig/epstopdf-sys.cfg
File: epstopdf-sys.cfg 2010/07/13 v1.3 Configuration of (r)epstopdf for TeX Live
))
\c@mv@tabular=\count445
\c@mv@boldtabular=\count446
LaTeX Info: Command `\dddot' is already robust on input line 214.
LaTeX Info: Command `\ddddot' is already robust on input line 214.
 (c:/texlive/2025/texmf-dist/tex/latex/translations/translations-basic-dictionary-english.trsl
File: translations-basic-dictionary-english.trsl (english translation file `translations-basic-dictionary')
)
Package translations Info: loading dictionary `translations-basic-dictionary' for `english'. on input line 214.
Package caption Info: Begin \AtBeginDocument code.
Package caption Info: hyperref package is loaded.
Package caption Info: listings package is loaded.
Package caption Info: End \AtBeginDocument code.
Package hyperref Info: Link coloring ON on input line 214.
 (./2625838.out) (./2625838.out)
\@outlinefile=\write5
\openout5 = `2625838.out'.

\c@lstlisting=\count447

Package pgfplots notification 'compat/show suggested version=true': document has been generated with the most recent feature set (\pgfplotsset{compat=1.18}).

LaTeX Font Info:    Trying to load font information for OT1+minntx on input line 226.
(c:/texlive/2025/texmf-dist/tex/latex/newtx/ot1minntx.fd
File: ot1minntx.fd 2023/09/09 v1.1 font definition file for OT1/minntx
)
LaTeX Font Info:    Font shape `OT1/minntx/m/n' will be
(Font)              scaled to size 12.0pt on input line 226.
Package microtype Info: Loading generic protrusion settings for font family
(microtype)             `minntx' (encoding: OT1).
(microtype)             For optimal results, create family-specific settings.
(microtype)             See the microtype manual for details.
LaTeX Font Info:    Font shape `OT1/minntx/m/n' will be
(Font)              scaled to size 8.8pt on input line 226.
LaTeX Font Info:    Font shape `OT1/minntx/m/n' will be
(Font)              scaled to size 6.6pt on input line 226.
LaTeX Font Info:    Font shape `OML/ntxmi/m/it' will be
(Font)              scaled to size 12.0pt on input line 226.
LaTeX Font Info:    Font shape `OML/ntxmi/m/it' will be
(Font)              scaled to size 8.8pt on input line 226.
LaTeX Font Info:    Font shape `OML/ntxmi/m/it' will be
(Font)              scaled to size 6.6pt on input line 226.
LaTeX Font Info:    Font shape `LMS/ntxsy/m/n' will be
(Font)              scaled to size 12.0pt on input line 226.
LaTeX Font Info:    Font shape `LMS/ntxsy/m/n' will be
(Font)              scaled to size 8.8pt on input line 226.
LaTeX Font Info:    Font shape `LMS/ntxsy/m/n' will be
(Font)              scaled to size 6.6pt on input line 226.
LaTeX Font Info:    Font shape `LMX/ntxexx/m/n' will be
(Font)              scaled to size 12.0pt on input line 226.
LaTeX Font Info:    Font shape `LMX/ntxexx/m/n' will be
(Font)              scaled to size 8.8pt on input line 226.
LaTeX Font Info:    Font shape `LMX/ntxexx/m/n' will be
(Font)              scaled to size 6.6pt on input line 226.
LaTeX Font Info:    Trying to load font information for U+msa on input line 226.
 (c:/texlive/2025/texmf-dist/tex/latex/amsfonts/umsa.fd
File: umsa.fd 2013/01/14 v3.01 AMS symbols A
) (c:/texlive/2025/texmf-dist/tex/latex/microtype/mt-msa.cfg
File: mt-msa.cfg 2006/02/04 v1.1 microtype config. file: AMS symbols (a) (RS)
)
LaTeX Font Info:    Trying to load font information for U+msb on input line 226.
 (c:/texlive/2025/texmf-dist/tex/latex/amsfonts/umsb.fd
File: umsb.fd 2013/01/14 v3.01 AMS symbols B
) (c:/texlive/2025/texmf-dist/tex/latex/microtype/mt-msb.cfg
File: mt-msb.cfg 2005/06/01 v1.0 microtype config. file: AMS symbols (b) (RS)
)
LaTeX Font Info:    Trying to load font information for U+ntxmia on input line 226.
 (c:/texlive/2025/texmf-dist/tex/latex/newtx/untxmia.fd
File: untxmia.fd 2024/04/09 Fontinst v1.933 font definitions for U/ntxmia.
)
LaTeX Font Info:    Font shape `U/ntxmia/m/it' will be
(Font)              scaled to size 12.0pt on input line 226.
LaTeX Font Info:    Font shape `U/ntxmia/m/it' will be
(Font)              scaled to size 8.8pt on input line 226.
LaTeX Font Info:    Font shape `U/ntxmia/m/it' will be
(Font)              scaled to size 6.6pt on input line 226.
LaTeX Font Info:    Trying to load font information for U+ntxsym on input line 226.
 (c:/texlive/2025/texmf-dist/tex/latex/newtx/untxsym.fd
File: untxsym.fd 2023/08/16 Fontinst v1.933 font definitions for U/ntxsym.
)
LaTeX Font Info:    Font shape `U/ntxsym/m/n' will be
(Font)              scaled to size 12.0pt on input line 226.
LaTeX Font Info:    Font shape `U/ntxsym/m/n' will be
(Font)              scaled to size 8.8pt on input line 226.
LaTeX Font Info:    Font shape `U/ntxsym/m/n' will be
(Font)              scaled to size 6.6pt on input line 226.
LaTeX Font Info:    Trying to load font information for U+ntxsyc on input line 226.
 (c:/texlive/2025/texmf-dist/tex/latex/newtx/untxsyc.fd
File: untxsyc.fd 2012/04/12 Fontinst v1.933 font definitions for U/ntxsyc.
)
LaTeX Font Info:    Font shape `U/ntxsyc/m/n' will be
(Font)              scaled to size 12.0pt on input line 226.
LaTeX Font Info:    Font shape `U/ntxsyc/m/n' will be
(Font)              scaled to size 8.8pt on input line 226.
LaTeX Font Info:    Font shape `U/ntxsyc/m/n' will be
(Font)              scaled to size 6.6pt on input line 226.
LaTeX Font Info:    Font shape `U/ntxexa/m/n' will be
(Font)              scaled to size 12.0pt on input line 226.
LaTeX Font Info:    Font shape `U/ntxexa/m/n' will be
(Font)              scaled to size 8.8pt on input line 226.
LaTeX Font Info:    Font shape `U/ntxexa/m/n' will be
(Font)              scaled to size 6.6pt on input line 226.
LaTeX Font Info:    Font shape `OT1/minntx/b/n' will be
(Font)              scaled to size 12.0pt on input line 226.
LaTeX Font Info:    Font shape `OT1/minntx/b/n' will be
(Font)              scaled to size 8.8pt on input line 226.
LaTeX Font Info:    Font shape `OT1/minntx/b/n' will be
(Font)              scaled to size 6.6pt on input line 226.
LaTeX Font Info:    Font shape `OML/ntxmi/b/it' will be
(Font)              scaled to size 12.0pt on input line 226.
LaTeX Font Info:    Font shape `OML/ntxmi/b/it' will be
(Font)              scaled to size 8.8pt on input line 226.
LaTeX Font Info:    Font shape `OML/ntxmi/b/it' will be
(Font)              scaled to size 6.6pt on input line 226.
LaTeX Font Info:    Font shape `LMS/ntxsy/b/n' will be
(Font)              scaled to size 12.0pt on input line 226.
LaTeX Font Info:    Font shape `LMS/ntxsy/b/n' will be
(Font)              scaled to size 8.8pt on input line 226.
LaTeX Font Info:    Font shape `LMS/ntxsy/b/n' will be
(Font)              scaled to size 6.6pt on input line 226.
LaTeX Font Info:    Font shape `LMX/ntxexx/b/n' will be
(Font)              scaled to size 12.0pt on input line 226.
LaTeX Font Info:    Font shape `LMX/ntxexx/b/n' will be
(Font)              scaled to size 8.8pt on input line 226.
LaTeX Font Info:    Font shape `LMX/ntxexx/b/n' will be
(Font)              scaled to size 6.6pt on input line 226.
LaTeX Font Info:    Trying to load font information for U+esint on input line 226.
 (c:/texlive/2025/texmf-dist/tex/latex/esint/uesint.fd
File: uesint.fd 
)
LaTeX Font Info:    Font shape `T1/ntxtlf/b/n' will be
(Font)              scaled to size 12.0pt on input line 226.
LaTeX Font Info:    Font shape `T1/ntxtlf/m/n' will be
(Font)              scaled to size 17.28pt on input line 226.
 (./chapters/0_summary_sheet.tex
LaTeX Font Info:    Font shape `T1/ntxtlf/b/n' will be
(Font)              scaled to size 20.74pt on input line 2.
LaTeX Font Info:    Font shape `T1/ntxtlf/m/n' will be
(Font)              scaled to size 10.95pt on input line 10.
LaTeX Font Info:    Font shape `T1/ntxtlf/m/it' will be
(Font)              scaled to size 10.95pt on input line 11.
LaTeX Font Info:    Font shape `T1/ntxtlf/m/n' will be
(Font)              scaled to size 14.4pt on input line 15.
LaTeX Font Info:    Font shape `T1/ntxtlf/b/n' will be
(Font)              scaled to size 14.4pt on input line 15.
LaTeX Font Info:    Trying to load font information for TS1+ntxtlf on input line 17.
 (c:/texlive/2025/texmf-dist/tex/latex/newtx/ts1ntxtlf.fd
File: ts1ntxtlf.fd 2015/01/18 v1.0 fd file for TS1/ntxtlf
)
LaTeX Font Info:    Font shape `TS1/ntxtlf/m/n' will be
(Font)              scaled to size 10.95pt on input line 17.
LaTeX Font Info:    Font shape `OT1/minntx/m/n' will be
(Font)              scaled to size 10.95pt on input line 23.
LaTeX Font Info:    Font shape `OT1/minntx/m/n' will be
(Font)              scaled to size 8.0pt on input line 23.
LaTeX Font Info:    Font shape `OT1/minntx/m/n' will be
(Font)              scaled to size 6.1pt on input line 23.
LaTeX Font Info:    Font shape `OML/ntxmi/m/it' will be
(Font)              scaled to size 10.95pt on input line 23.
LaTeX Font Info:    Font shape `OML/ntxmi/m/it' will be
(Font)              scaled to size 8.0pt on input line 23.
LaTeX Font Info:    Font shape `OML/ntxmi/m/it' will be
(Font)              scaled to size 6.1pt on input line 23.
LaTeX Font Info:    Font shape `LMS/ntxsy/m/n' will be
(Font)              scaled to size 10.95pt on input line 23.
LaTeX Font Info:    Font shape `LMS/ntxsy/m/n' will be
(Font)              scaled to size 8.0pt on input line 23.
LaTeX Font Info:    Font shape `LMS/ntxsy/m/n' will be
(Font)              scaled to size 6.1pt on input line 23.
LaTeX Font Info:    Font shape `LMX/ntxexx/m/n' will be
(Font)              scaled to size 10.95pt on input line 23.
LaTeX Font Info:    Font shape `LMX/ntxexx/m/n' will be
(Font)              scaled to size 8.0pt on input line 23.
LaTeX Font Info:    Font shape `LMX/ntxexx/m/n' will be
(Font)              scaled to size 6.1pt on input line 23.
LaTeX Font Info:    Font shape `U/ntxmia/m/it' will be
(Font)              scaled to size 10.95pt on input line 23.
LaTeX Font Info:    Font shape `U/ntxmia/m/it' will be
(Font)              scaled to size 8.0pt on input line 23.
LaTeX Font Info:    Font shape `U/ntxmia/m/it' will be
(Font)              scaled to size 6.1pt on input line 23.
LaTeX Font Info:    Font shape `U/ntxsym/m/n' will be
(Font)              scaled to size 10.95pt on input line 23.
LaTeX Font Info:    Font shape `U/ntxsym/m/n' will be
(Font)              scaled to size 8.0pt on input line 23.
LaTeX Font Info:    Font shape `U/ntxsym/m/n' will be
(Font)              scaled to size 6.1pt on input line 23.
LaTeX Font Info:    Font shape `U/ntxsyc/m/n' will be
(Font)              scaled to size 10.95pt on input line 23.
LaTeX Font Info:    Font shape `U/ntxsyc/m/n' will be
(Font)              scaled to size 8.0pt on input line 23.
LaTeX Font Info:    Font shape `U/ntxsyc/m/n' will be
(Font)              scaled to size 6.1pt on input line 23.
LaTeX Font Info:    Font shape `U/ntxexa/m/n' will be
(Font)              scaled to size 10.95pt on input line 23.
LaTeX Font Info:    Font shape `U/ntxexa/m/n' will be
(Font)              scaled to size 8.0pt on input line 23.
LaTeX Font Info:    Font shape `U/ntxexa/m/n' will be
(Font)              scaled to size 6.1pt on input line 23.
LaTeX Font Info:    Font shape `OT1/minntx/b/n' will be
(Font)              scaled to size 10.95pt on input line 23.
LaTeX Font Info:    Font shape `OT1/minntx/b/n' will be
(Font)              scaled to size 8.0pt on input line 23.
LaTeX Font Info:    Font shape `OT1/minntx/b/n' will be
(Font)              scaled to size 6.1pt on input line 23.
LaTeX Font Info:    Font shape `OML/ntxmi/b/it' will be
(Font)              scaled to size 10.95pt on input line 23.
LaTeX Font Info:    Font shape `OML/ntxmi/b/it' will be
(Font)              scaled to size 8.0pt on input line 23.
LaTeX Font Info:    Font shape `OML/ntxmi/b/it' will be
(Font)              scaled to size 6.1pt on input line 23.
LaTeX Font Info:    Font shape `LMS/ntxsy/b/n' will be
(Font)              scaled to size 10.95pt on input line 23.
LaTeX Font Info:    Font shape `LMS/ntxsy/b/n' will be
(Font)              scaled to size 8.0pt on input line 23.
LaTeX Font Info:    Font shape `LMS/ntxsy/b/n' will be
(Font)              scaled to size 6.1pt on input line 23.
LaTeX Font Info:    Font shape `LMX/ntxexx/b/n' will be
(Font)              scaled to size 10.95pt on input line 23.
LaTeX Font Info:    Font shape `LMX/ntxexx/b/n' will be
(Font)              scaled to size 8.0pt on input line 23.
LaTeX Font Info:    Font shape `LMX/ntxexx/b/n' will be
(Font)              scaled to size 6.1pt on input line 23.
)

[1

{c:/texlive/2025/texmf-var/fonts/map/pdftex/updmap/pdftex.map}{c:/texlive/2025/texmf-dist/fonts/enc/dvips/newtx/ntx-ec-tlf.enc}{c:/texlive/2025/texmf-dist/fonts/enc/dvips/tex-gyre/q-ts1.enc}{c:/texlive/2025/texmf-dist/fonts/enc/dvips/newtx/ntx-ot1-tlf.enc}]
LaTeX Font Info:    Font shape `T1/ntxtlf/b/n' will be
(Font)              scaled to size 17.28pt on input line 260.
 (./2625838.toc
LaTeX Font Info:    Font shape `T1/ntxtlf/b/n' will be
(Font)              scaled to size 10.95pt on input line 1.
)
\tf@toc=\write6
\openout6 = `2625838.toc'.




Package fancyhdr Warning: \headheight is too small (12.0pt): 
(fancyhdr)                Make it at least 14.49998pt, for example:
(fancyhdr)                \setlength{\headheight}{14.49998pt}.
(fancyhdr)                You might also make \topmargin smaller:
(fancyhdr)                \addtolength{\topmargin}{-2.49998pt}.


pdfTeX warning (ext4): destination with the same identifier (name{page.1}) has been already used, duplicate ignored
<to be read again> 
                   \relax 
l.262 \clearpage
                 [1

] (./chapters/1_introduction.tex
<output/fig/task3/overview.pdf, id=281, 722.7pt x 542.025pt>
File: output/fig/task3/overview.pdf Graphic file (type pdf)
<use output/fig/task3/overview.pdf>
Package pdftex.def Info: output/fig/task3/overview.pdf  used on input line 7.
(pdftex.def)             Requested size: 306.17012pt x 229.62563pt.
LaTeX Font Info:    Trying to load font information for T1+ntxtt on input line 18.
 (c:/texlive/2025/texmf-dist/tex/latex/newtx/t1ntxtt.fd
File: t1ntxtt.fd 2012/04/20 v3.1
)
LaTeX Font Info:    Font shape `T1/ntxtt/m/n' will be
(Font)              scaled to size 10.95pt on input line 18.
Package microtype Info: Loading generic protrusion settings for font family
(microtype)             `ntxtt' (encoding: T1).
(microtype)             For optimal results, create family-specific settings.
(microtype)             See the microtype manual for details.
)


Package fancyhdr Warning: \headheight is too small (12.0pt): 
(fancyhdr)                Make it at least 14.49998pt, for example:
(fancyhdr)                \setlength{\headheight}{14.49998pt}.
(fancyhdr)                You might also make \topmargin smaller:
(fancyhdr)                \addtolength{\topmargin}{-2.49998pt}.

[2

 <./output/fig/task3/overview.pdf>] (./chapters/2_problem_decoposition_and_analysis.tex


Package fancyhdr Warning: \headheight is too small (12.0pt): 
(fancyhdr)                Make it at least 14.49998pt, for example:
(fancyhdr)                \setlength{\headheight}{14.49998pt}.
(fancyhdr)                You might also make \topmargin smaller:
(fancyhdr)                \addtolength{\topmargin}{-2.49998pt}.

[3]
LaTeX Font Info:    Font shape `T1/ntxtlf/m/n' will be
(Font)              scaled to size 8.0pt on input line 103.
LaTeX Font Info:    Font shape `T1/ntxtlf/m/n' will be
(Font)              scaled to size 6.1pt on input line 103.



Package fancyhdr Warning: \headheight is too small (12.0pt): 
(fancyhdr)                Make it at least 14.49998pt, for example:
(fancyhdr)                \setlength{\headheight}{14.49998pt}.
(fancyhdr)                You might also make \topmargin smaller:
(fancyhdr)                \addtolength{\topmargin}{-2.49998pt}.

[4]) (./chapters/3_data_processing_and_analysis.tex


Package fancyhdr Warning: \headheight is too small (12.0pt): 
(fancyhdr)                Make it at least 14.49998pt, for example:
(fancyhdr)                \setlength{\headheight}{14.49998pt}.
(fancyhdr)                You might also make \topmargin smaller:
(fancyhdr)                \addtolength{\topmargin}{-2.49998pt}.

[5]
<output/fig/fig3_1_judges_availability.png, id=345, 433.62pt x 289.08pt>
File: output/fig/fig3_1_judges_availability.png Graphic file (type png)
<use output/fig/fig3_1_judges_availability.png>
Package pdftex.def Info: output/fig/fig3_1_judges_availability.png  used on input line 116.
(pdftex.def)             Requested size: 226.09497pt x 150.73268pt.
<output/fig/fig3_3_active_vs_placeholders.png, id=347, 433.62pt x 289.08pt>
File: output/fig/fig3_3_active_vs_placeholders.png Graphic file (type png)
<use output/fig/fig3_3_active_vs_placeholders.png>
Package pdftex.def Info: output/fig/fig3_3_active_vs_placeholders.png  used on input line 122.
(pdftex.def)             Requested size: 226.09497pt x 150.73268pt.



Package fancyhdr Warning: \headheight is too small (12.0pt): 
(fancyhdr)                Make it at least 14.49998pt, for example:
(fancyhdr)                \setlength{\headheight}{14.49998pt}.
(fancyhdr)                You might also make \topmargin smaller:
(fancyhdr)                \addtolength{\topmargin}{-2.49998pt}.

[6]
<output/fig/fig3_2_irregular_weeks_by_season.png, id=357, 578.16pt x 289.08pt>
File: output/fig/fig3_2_irregular_weeks_by_season.png Graphic file (type png)
<use output/fig/fig3_2_irregular_weeks_by_season.png>
Package pdftex.def Info: output/fig/fig3_2_irregular_weeks_by_season.png  used on input line 133.
(pdftex.def)             Requested size: 433.35168pt x 216.67271pt.



Package fancyhdr Warning: \headheight is too small (12.0pt): 
(fancyhdr)                Make it at least 14.49998pt, for example:
(fancyhdr)                \setlength{\headheight}{14.49998pt}.
(fancyhdr)                You might also make \topmargin smaller:
(fancyhdr)                \addtolength{\topmargin}{-2.49998pt}.

[7 <./output/fig/fig3_1_judges_availability.png> <./output/fig/fig3_3_active_vs_placeholders.png> <./output/fig/fig3_2_irregular_weeks_by_season.png>]
Overfull \hbox (7.18495pt too wide) in paragraph at lines 186--189
\T1/ntxtt/m/n/10.95 ballroom_partner \T1/ntxtlf/m/n/10.95 (-20) (pro dancer iden-tity), \T1/ntxtt/m/n/10.95 celebrity_age_during_season\T1/ntxtlf/m/n/10.95 (-20) , \T1/ntxtt/m/n/10.95 celebrity_industry\T1/ntxtlf/m/n/10.95 (-20) ,
 []

) (./chapters/4_task_a_fan_vote_inference_model.tex


Package fancyhdr Warning: \headheight is too small (12.0pt): 
(fancyhdr)                Make it at least 14.49998pt, for example:
(fancyhdr)                \setlength{\headheight}{14.49998pt}.
(fancyhdr)                You might also make \topmargin smaller:
(fancyhdr)                \addtolength{\topmargin}{-2.49998pt}.

[8]
Package hyperref Info: bookmark level for unknown algorithm defaults to 0 on input line 56.
LaTeX Font Info:    Font shape `T1/ntxtlf/m/n' will be
(Font)              scaled to size 10.0pt on input line 70.



Package fancyhdr Warning: \headheight is too small (12.0pt): 
(fancyhdr)                Make it at least 14.49998pt, for example:
(fancyhdr)                \setlength{\headheight}{14.49998pt}.
(fancyhdr)                You might also make \topmargin smaller:
(fancyhdr)                \addtolength{\topmargin}{-2.49998pt}.

[9]


Package fancyhdr Warning: \headheight is too small (12.0pt): 
(fancyhdr)                Make it at least 14.49998pt, for example:
(fancyhdr)                \setlength{\headheight}{14.49998pt}.
(fancyhdr)                You might also make \topmargin smaller:
(fancyhdr)                \addtolength{\topmargin}{-2.49998pt}.

[10]


Package fancyhdr Warning: \headheight is too small (12.0pt): 
(fancyhdr)                Make it at least 14.49998pt, for example:
(fancyhdr)                \setlength{\headheight}{14.49998pt}.
(fancyhdr)                You might also make \topmargin smaller:
(fancyhdr)                \addtolength{\topmargin}{-2.49998pt}.

[11]
LaTeX Font Info:    Font shape `OT1/minntx/m/n' will be
(Font)              scaled to size 10.0pt on input line 237.
LaTeX Font Info:    Font shape `OT1/minntx/m/n' will be
(Font)              scaled to size 7.3pt on input line 237.
LaTeX Font Info:    Font shape `OT1/minntx/m/n' will be
(Font)              scaled to size 5.5pt on input line 237.
LaTeX Font Info:    Font shape `OML/ntxmi/m/it' will be
(Font)              scaled to size 10.0pt on input line 237.
LaTeX Font Info:    Font shape `OML/ntxmi/m/it' will be
(Font)              scaled to size 7.3pt on input line 237.
LaTeX Font Info:    Font shape `OML/ntxmi/m/it' will be
(Font)              scaled to size 5.5pt on input line 237.
LaTeX Font Info:    Font shape `LMS/ntxsy/m/n' will be
(Font)              scaled to size 10.0pt on input line 237.
LaTeX Font Info:    Font shape `LMS/ntxsy/m/n' will be
(Font)              scaled to size 7.3pt on input line 237.
LaTeX Font Info:    Font shape `LMS/ntxsy/m/n' will be
(Font)              scaled to size 5.5pt on input line 237.
LaTeX Font Info:    Font shape `LMX/ntxexx/m/n' will be
(Font)              scaled to size 10.0pt on input line 237.
LaTeX Font Info:    Font shape `LMX/ntxexx/m/n' will be
(Font)              scaled to size 7.3pt on input line 237.
LaTeX Font Info:    Font shape `LMX/ntxexx/m/n' will be
(Font)              scaled to size 5.5pt on input line 237.
LaTeX Font Info:    Font shape `U/ntxmia/m/it' will be
(Font)              scaled to size 10.0pt on input line 237.
LaTeX Font Info:    Font shape `U/ntxmia/m/it' will be
(Font)              scaled to size 7.3pt on input line 237.
LaTeX Font Info:    Font shape `U/ntxmia/m/it' will be
(Font)              scaled to size 5.5pt on input line 237.
LaTeX Font Info:    Font shape `U/ntxsym/m/n' will be
(Font)              scaled to size 10.0pt on input line 237.
LaTeX Font Info:    Font shape `U/ntxsym/m/n' will be
(Font)              scaled to size 7.3pt on input line 237.
LaTeX Font Info:    Font shape `U/ntxsym/m/n' will be
(Font)              scaled to size 5.5pt on input line 237.
LaTeX Font Info:    Font shape `U/ntxsyc/m/n' will be
(Font)              scaled to size 10.0pt on input line 237.
LaTeX Font Info:    Font shape `U/ntxsyc/m/n' will be
(Font)              scaled to size 7.3pt on input line 237.
LaTeX Font Info:    Font shape `U/ntxsyc/m/n' will be
(Font)              scaled to size 5.5pt on input line 237.
LaTeX Font Info:    Font shape `U/ntxexa/m/n' will be
(Font)              scaled to size 10.0pt on input line 237.
LaTeX Font Info:    Font shape `U/ntxexa/m/n' will be
(Font)              scaled to size 7.3pt on input line 237.
LaTeX Font Info:    Font shape `U/ntxexa/m/n' will be
(Font)              scaled to size 5.5pt on input line 237.
LaTeX Font Info:    Font shape `OT1/minntx/b/n' will be
(Font)              scaled to size 10.0pt on input line 237.
LaTeX Font Info:    Font shape `OT1/minntx/b/n' will be
(Font)              scaled to size 7.3pt on input line 237.
LaTeX Font Info:    Font shape `OT1/minntx/b/n' will be
(Font)              scaled to size 5.5pt on input line 237.
LaTeX Font Info:    Font shape `OML/ntxmi/b/it' will be
(Font)              scaled to size 10.0pt on input line 237.
LaTeX Font Info:    Font shape `OML/ntxmi/b/it' will be
(Font)              scaled to size 7.3pt on input line 237.
LaTeX Font Info:    Font shape `OML/ntxmi/b/it' will be
(Font)              scaled to size 5.5pt on input line 237.
LaTeX Font Info:    Font shape `LMS/ntxsy/b/n' will be
(Font)              scaled to size 10.0pt on input line 237.
LaTeX Font Info:    Font shape `LMS/ntxsy/b/n' will be
(Font)              scaled to size 7.3pt on input line 237.
LaTeX Font Info:    Font shape `LMS/ntxsy/b/n' will be
(Font)              scaled to size 5.5pt on input line 237.
LaTeX Font Info:    Font shape `LMX/ntxexx/b/n' will be
(Font)              scaled to size 10.0pt on input line 237.
LaTeX Font Info:    Font shape `LMX/ntxexx/b/n' will be
(Font)              scaled to size 7.3pt on input line 237.
LaTeX Font Info:    Font shape `LMX/ntxexx/b/n' will be
(Font)              scaled to size 5.5pt on input line 237.
LaTeX Font Info:    Font shape `T1/ntxtlf/m/n' will be
(Font)              scaled to size 7.3pt on input line 239.
LaTeX Font Info:    Font shape `T1/ntxtlf/m/n' will be
(Font)              scaled to size 5.5pt on input line 239.



Package fancyhdr Warning: \headheight is too small (12.0pt): 
(fancyhdr)                Make it at least 14.49998pt, for example:
(fancyhdr)                \setlength{\headheight}{14.49998pt}.
(fancyhdr)                You might also make \topmargin smaller:
(fancyhdr)                \addtolength{\topmargin}{-2.49998pt}.

[12]
<output/fig/p_sharpen_gap_boxplot.png, id=498, 722.7pt x 433.62pt>
File: output/fig/p_sharpen_gap_boxplot.png Graphic file (type png)
<use output/fig/p_sharpen_gap_boxplot.png>
Package pdftex.def Info: output/fig/p_sharpen_gap_boxplot.png  used on input line 272.
(pdftex.def)             Requested size: 400.38295pt x 240.23187pt.
) (./chapters/5_rule_reply_volting_system_and_counterfactuials.tex


Package fancyhdr Warning: \headheight is too small (12.0pt): 
(fancyhdr)                Make it at least 14.49998pt, for example:
(fancyhdr)                \setlength{\headheight}{14.49998pt}.
(fancyhdr)                You might also make \topmargin smaller:
(fancyhdr)                \addtolength{\topmargin}{-2.49998pt}.

[13 <./output/fig/p_sharpen_gap_boxplot.png>]
<output/fig/fig5_1_fliprate_by_season.png, id=509, 578.16pt x 289.08pt>
File: output/fig/fig5_1_fliprate_by_season.png Graphic file (type png)
<use output/fig/fig5_1_fliprate_by_season.png>
Package pdftex.def Info: output/fig/fig5_1_fliprate_by_season.png  used on input line 30.
(pdftex.def)             Requested size: 447.48218pt x 223.73914pt.



Package fancyhdr Warning: \headheight is too small (12.0pt): 
(fancyhdr)                Make it at least 14.49998pt, for example:
(fancyhdr)                \setlength{\headheight}{14.49998pt}.
(fancyhdr)                You might also make \topmargin smaller:
(fancyhdr)                \addtolength{\topmargin}{-2.49998pt}.

[14 <./output/fig/fig5_1_fliprate_by_season.png>]
LaTeX Font Info:    Font shape `T1/ntxtlf/b/it' will be
(Font)              scaled to size 12.0pt on input line 85.



Package fancyhdr Warning: \headheight is too small (12.0pt): 
(fancyhdr)                Make it at least 14.49998pt, for example:
(fancyhdr)                \setlength{\headheight}{14.49998pt}.
(fancyhdr)                You might also make \topmargin smaller:
(fancyhdr)                \addtolength{\topmargin}{-2.49998pt}.

[15]


Package fancyhdr Warning: \headheight is too small (12.0pt): 
(fancyhdr)                Make it at least 14.49998pt, for example:
(fancyhdr)                \setlength{\headheight}{14.49998pt}.
(fancyhdr)                You might also make \topmargin smaller:
(fancyhdr)                \addtolength{\topmargin}{-2.49998pt}.

[16]) (./chapters/6_impact_analysis_task_d1_prodancers_and_celebrity_attributes.tex


Package fancyhdr Warning: \headheight is too small (12.0pt): 
(fancyhdr)                Make it at least 14.49998pt, for example:
(fancyhdr)                \setlength{\headheight}{14.49998pt}.
(fancyhdr)                You might also make \topmargin smaller:
(fancyhdr)                \addtolength{\topmargin}{-2.49998pt}.

[17]


Package fancyhdr Warning: \headheight is too small (12.0pt): 
(fancyhdr)                Make it at least 14.49998pt, for example:
(fancyhdr)                \setlength{\headheight}{14.49998pt}.
(fancyhdr)                You might also make \topmargin smaller:
(fancyhdr)                \addtolength{\topmargin}{-2.49998pt}.

[18]
<output/fig/task3/cooperate_influence.png, id=566, 433.62pt x 433.62pt>
File: output/fig/task3/cooperate_influence.png Graphic file (type png)
<use output/fig/task3/cooperate_influence.png>
Package pdftex.def Info: output/fig/task3/cooperate_influence.png  used on input line 139.
(pdftex.def)             Requested size: 214.78952pt x 214.79143pt.
<output/fig/task3/age_influence.png, id=567, 433.62pt x 289.08pt>
File: output/fig/task3/age_influence.png Graphic file (type png)
<use output/fig/task3/age_influence.png>
Package pdftex.def Info: output/fig/task3/age_influence.png  used on input line 147.
(pdftex.def)             Requested size: 214.78952pt x 143.19427pt.



Package fancyhdr Warning: \headheight is too small (12.0pt): 
(fancyhdr)                Make it at least 14.49998pt, for example:
(fancyhdr)                \setlength{\headheight}{14.49998pt}.
(fancyhdr)                You might also make \topmargin smaller:
(fancyhdr)                \addtolength{\topmargin}{-2.49998pt}.

[19 <./output/fig/task3/cooperate_influence.png> <./output/fig/task3/age_influence.png>]
<output/fig/task3/industry_influence.png, id=578, 722.7pt x 433.62pt>
File: output/fig/task3/industry_influence.png Graphic file (type png)
<use output/fig/task3/industry_influence.png>
Package pdftex.def Info: output/fig/task3/industry_influence.png  used on input line 168.
(pdftex.def)             Requested size: 447.48218pt x 268.49095pt.
) (./chapters/7_task_d2_new_rule_design_and_stress_testing.tex


Package fancyhdr Warning: \headheight is too small (12.0pt): 
(fancyhdr)                Make it at least 14.49998pt, for example:
(fancyhdr)                \setlength{\headheight}{14.49998pt}.
(fancyhdr)                You might also make \topmargin smaller:
(fancyhdr)                \addtolength{\topmargin}{-2.49998pt}.

[20 <./output/fig/task3/industry_influence.png>]

Package hyperref Warning: Token not allowed in a PDF string (Unicode):
(hyperref)                removing `math shift' on input line 27.


Package hyperref Warning: Token not allowed in a PDF string (Unicode):
(hyperref)                removing `\rightarrow' on input line 27.


Package hyperref Warning: Token not allowed in a PDF string (Unicode):
(hyperref)                removing `math shift' on input line 27.


Package hyperref Warning: Token not allowed in a PDF string (Unicode):
(hyperref)                removing `math shift' on input line 51.


Package hyperref Warning: Token not allowed in a PDF string (Unicode):
(hyperref)                removing `\rightarrow' on input line 51.


Package hyperref Warning: Token not allowed in a PDF string (Unicode):
(hyperref)                removing `math shift' on input line 51.




Package fancyhdr Warning: \headheight is too small (12.0pt): 
(fancyhdr)                Make it at least 14.49998pt, for example:
(fancyhdr)                \setlength{\headheight}{14.49998pt}.
(fancyhdr)                You might also make \topmargin smaller:
(fancyhdr)                \addtolength{\topmargin}{-2.49998pt}.

[21]

LaTeX Warning: Reference `tab:d2_jaccard_rules' on page 22 undefined on input line 119.




Package fancyhdr Warning: \headheight is too small (12.0pt): 
(fancyhdr)                Make it at least 14.49998pt, for example:
(fancyhdr)                \setlength{\headheight}{14.49998pt}.
(fancyhdr)                You might also make \topmargin smaller:
(fancyhdr)                \addtolength{\topmargin}{-2.49998pt}.

[22]
<output/fig/task3/bias_index_comparison_four_methods_alpha0p5.png, id=612, 505.89pt x 289.08pt>
File: output/fig/task3/bias_index_comparison_four_methods_alpha0p5.png Graphic file (type png)
<use output/fig/task3/bias_index_comparison_four_methods_alpha0p5.png>
Package pdftex.def Info: output/fig/task3/bias_index_comparison_four_methods_alpha0p5.png  used on input line 148.
(pdftex.def)             Requested size: 282.6241pt x 161.49992pt.
) (./chapters/8_conclusion.tex)


Package fancyhdr Warning: \headheight is too small (12.0pt): 
(fancyhdr)                Make it at least 14.49998pt, for example:
(fancyhdr)                \setlength{\headheight}{14.49998pt}.
(fancyhdr)                You might also make \topmargin smaller:
(fancyhdr)                \addtolength{\topmargin}{-2.49998pt}.

[23 <./output/fig/task3/bias_index_comparison_four_methods_alpha0p5.png>] (./chapters/9_memo.tex) (./2625838.bbl


Package fancyhdr Warning: \headheight is too small (12.0pt): 
(fancyhdr)                Make it at least 14.49998pt, for example:
(fancyhdr)                \setlength{\headheight}{14.49998pt}.
(fancyhdr)                You might also make \topmargin smaller:
(fancyhdr)                \addtolength{\topmargin}{-2.49998pt}.

[24]) (./chapters/appendix_a.tex
<output/fig/fig5_2_cutoff_27_fliprate.png, id=648, 361.35pt x 216.81pt>
File: output/fig/fig5_2_cutoff_27_fliprate.png Graphic file (type png)
<use output/fig/fig5_2_cutoff_27_fliprate.png>
Package pdftex.def Info: output/fig/fig5_2_cutoff_27_fliprate.png  used on input line 6.
(pdftex.def)             Requested size: 230.80992pt x 138.48663pt.
<output/fig/fig5_2_cutoff_29_fliprate.png, id=649, 361.35pt x 216.81pt>
File: output/fig/fig5_2_cutoff_29_fliprate.png Graphic file (type png)
<use output/fig/fig5_2_cutoff_29_fliprate.png>
Package pdftex.def Info: output/fig/fig5_2_cutoff_29_fliprate.png  used on input line 13.
(pdftex.def)             Requested size: 230.80992pt x 138.48663pt.
)


Package fancyhdr Warning: \headheight is too small (12.0pt): 
(fancyhdr)                Make it at least 14.49998pt, for example:
(fancyhdr)                \setlength{\headheight}{14.49998pt}.
(fancyhdr)                You might also make \topmargin smaller:
(fancyhdr)                \addtolength{\topmargin}{-2.49998pt}.

[25 <./output/fig/fig5_2_cutoff_27_fliprate.png> <./output/fig/fig5_2_cutoff_29_fliprate.png>]
LaTeX Font Info:    Font shape `T1/ntxtlf/m/n' will be
(Font)              scaled to size 9.0pt on input line 319.
 (./chapters/report_on_use_ai.tex
LaTeX Font Info:    Font shape `T1/ntxtlf/b/n' will be
(Font)              scaled to size 9.0pt on input line 1.

Underfull \hbox (badness 10000) in paragraph at lines 1--3

 []

LaTeX Font Info:    Font shape `T1/ntxtlf/m/it' will be
(Font)              scaled to size 9.0pt on input line 34.
<report_on_use_of_ai/pho/1_1.png, id=660, 1005.7575pt x 662.97687pt>
File: report_on_use_of_ai/pho/1_1.png Graphic file (type png)
<use report_on_use_of_ai/pho/1_1.png>
Package pdftex.def Info: report_on_use_of_ai/pho/1_1.png  used on input line 39.
(pdftex.def)             Requested size: 423.92897pt x 279.43977pt.
<report_on_use_of_ai/pho/1_2.png, id=661, 974.64125pt x 652.4375pt>
File: report_on_use_of_ai/pho/1_2.png Graphic file (type png)
<use report_on_use_of_ai/pho/1_2.png>
Package pdftex.def Info: report_on_use_of_ai/pho/1_2.png  used on input line 45.
(pdftex.def)             Requested size: 423.92897pt x 283.77815pt.



Package fancyhdr Warning: \headheight is too small (12.0pt): 
(fancyhdr)                Make it at least 14.49998pt, for example:
(fancyhdr)                \setlength{\headheight}{14.49998pt}.
(fancyhdr)                You might also make \topmargin smaller:
(fancyhdr)                \addtolength{\topmargin}{-2.49998pt}.

[1

]
<report_on_use_of_ai/pho/2_1.png, id=668, 1109.64563pt x 668.4975pt>
File: report_on_use_of_ai/pho/2_1.png Graphic file (type png)
<use report_on_use_of_ai/pho/2_1.png>
Package pdftex.def Info: report_on_use_of_ai/pho/2_1.png  used on input line 53.
(pdftex.def)             Requested size: 423.92897pt x 255.38834pt.

Underfull \hbox (badness 10000) in paragraph at lines 50--56

 []

<report_on_use_of_ai/pho/2_2.png, id=669, 1111.65312pt x 641.89813pt>
File: report_on_use_of_ai/pho/2_2.png Graphic file (type png)
<use report_on_use_of_ai/pho/2_2.png>
Package pdftex.def Info: report_on_use_of_ai/pho/2_2.png  used on input line 59.
(pdftex.def)             Requested size: 423.92897pt x 244.78574pt.



Package fancyhdr Warning: \headheight is too small (12.0pt): 
(fancyhdr)                Make it at least 14.49998pt, for example:
(fancyhdr)                \setlength{\headheight}{14.49998pt}.
(fancyhdr)                You might also make \topmargin smaller:
(fancyhdr)                \addtolength{\topmargin}{-2.49998pt}.


pdfTeX warning (ext4): destination with the same identifier (name{page.}) has been already used, duplicate ignored
<to be read again> 
                   \relax 
l.62 \end{figure}
                  [2 <./report_on_use_of_ai/pho/1_1.png> <./report_on_use_of_ai/pho/1_2.png>]
<report_on_use_of_ai/pho/3_1.png, id=678, 862.72313pt x 265.49188pt>
File: report_on_use_of_ai/pho/3_1.png Graphic file (type png)
<use report_on_use_of_ai/pho/3_1.png>
Package pdftex.def Info: report_on_use_of_ai/pho/3_1.png  used on input line 68.
(pdftex.def)             Requested size: 423.92897pt x 130.45674pt.



Package fancyhdr Warning: \headheight is too small (12.0pt): 
(fancyhdr)                Make it at least 14.49998pt, for example:
(fancyhdr)                \setlength{\headheight}{14.49998pt}.
(fancyhdr)                You might also make \topmargin smaller:
(fancyhdr)                \addtolength{\topmargin}{-2.49998pt}.


pdfTeX warning (ext4): destination with the same identifier (name{page.}) has been already used, duplicate ignored
<to be read again> 
                   \relax 
l.72 \textbf{Output:}
                      [3 <./report_on_use_of_ai/pho/2_1.png> <./report_on_use_of_ai/pho/2_2.png>]
<report_on_use_of_ai/pho/3_2.png, id=686, 879.285pt x 649.42625pt>
File: report_on_use_of_ai/pho/3_2.png Graphic file (type png)
<use report_on_use_of_ai/pho/3_2.png>
Package pdftex.def Info: report_on_use_of_ai/pho/3_2.png  used on input line 75.
(pdftex.def)             Requested size: 423.92897pt x 313.09846pt.
<report_on_use_of_ai/pho/3_3.png, id=687, 961.09062pt x 580.1675pt>
File: report_on_use_of_ai/pho/3_3.png Graphic file (type png)
<use report_on_use_of_ai/pho/3_3.png>
Package pdftex.def Info: report_on_use_of_ai/pho/3_3.png  used on input line 81.
(pdftex.def)             Requested size: 423.92897pt x 255.91187pt.
<report_on_use_of_ai/pho/3_4.png, id=688, 771.38188pt x 426.59375pt>
File: report_on_use_of_ai/pho/3_4.png Graphic file (type png)
<use report_on_use_of_ai/pho/3_4.png>
Package pdftex.def Info: report_on_use_of_ai/pho/3_4.png  used on input line 87.
(pdftex.def)             Requested size: 423.92897pt x 234.4385pt.



Package fancyhdr Warning: \headheight is too small (12.0pt): 
(fancyhdr)                Make it at least 14.49998pt, for example:
(fancyhdr)                \setlength{\headheight}{14.49998pt}.
(fancyhdr)                You might also make \topmargin smaller:
(fancyhdr)                \addtolength{\topmargin}{-2.49998pt}.


pdfTeX warning (ext4): destination with the same identifier (name{page.}) has been already used, duplicate ignored
<to be read again> 
                   \relax 
l.90 \end{figure}
                  [4 <./report_on_use_of_ai/pho/3_1.png> <./report_on_use_of_ai/pho/3_2.png>]
<report_on_use_of_ai/pho/4_1.png, id=697, 1000.23688pt x 658.46pt>
File: report_on_use_of_ai/pho/4_1.png Graphic file (type png)
<use report_on_use_of_ai/pho/4_1.png>
Package pdftex.def Info: report_on_use_of_ai/pho/4_1.png  used on input line 101.
(pdftex.def)             Requested size: 423.92897pt x 279.07318pt.
<report_on_use_of_ai/pho/4_2.png, id=698, 783.42688pt x 540.51938pt>
File: report_on_use_of_ai/pho/4_2.png Graphic file (type png)
<use report_on_use_of_ai/pho/4_2.png>
Package pdftex.def Info: report_on_use_of_ai/pho/4_2.png  used on input line 107.
(pdftex.def)             Requested size: 423.92897pt x 292.48643pt.



Package fancyhdr Warning: \headheight is too small (12.0pt): 
(fancyhdr)                Make it at least 14.49998pt, for example:
(fancyhdr)                \setlength{\headheight}{14.49998pt}.
(fancyhdr)                You might also make \topmargin smaller:
(fancyhdr)                \addtolength{\topmargin}{-2.49998pt}.


pdfTeX warning (ext4): destination with the same identifier (name{page.}) has been already used, duplicate ignored
<to be read again> 
                   \relax 
l.110 \end{figure}
                   [5 <./report_on_use_of_ai/pho/3_3.png> <./report_on_use_of_ai/pho/3_4.png>]
<report_on_use_of_ai/pho/5_1.png, id=708, 983.17313pt x 993.7125pt>
File: report_on_use_of_ai/pho/5_1.png Graphic file (type png)
<use report_on_use_of_ai/pho/5_1.png>
Package pdftex.def Info: report_on_use_of_ai/pho/5_1.png  used on input line 123.
(pdftex.def)             Requested size: 423.92897pt x 428.47075pt.



Package fancyhdr Warning: \headheight is too small (12.0pt): 
(fancyhdr)                Make it at least 14.49998pt, for example:
(fancyhdr)                \setlength{\headheight}{14.49998pt}.
(fancyhdr)                You might also make \topmargin smaller:
(fancyhdr)                \addtolength{\topmargin}{-2.49998pt}.


pdfTeX warning (ext4): destination with the same identifier (name{page.}) has been already used, duplicate ignored
<to be read again> 
                   \relax 
l.126 \end{figure}
                   [6 <./report_on_use_of_ai/pho/4_1.png> <./report_on_use_of_ai/pho/4_2.png>]
<report_on_use_of_ai/pho/5_2.png, id=716, 1187.93813pt x 682.04813pt>
File: report_on_use_of_ai/pho/5_2.png Graphic file (type png)
<use report_on_use_of_ai/pho/5_2.png>
Package pdftex.def Info: report_on_use_of_ai/pho/5_2.png  used on input line 129.
(pdftex.def)             Requested size: 423.92897pt x 243.39325pt.



Package fancyhdr Warning: \headheight is too small (12.0pt): 
(fancyhdr)                Make it at least 14.49998pt, for example:
(fancyhdr)                \setlength{\headheight}{14.49998pt}.
(fancyhdr)                You might also make \topmargin smaller:
(fancyhdr)                \addtolength{\topmargin}{-2.49998pt}.


pdfTeX warning (ext4): destination with the same identifier (name{page.}) has been already used, duplicate ignored
<to be read again> 
                   \relax 
l.133 
       [7 <./report_on_use_of_ai/pho/5_1.png>]
<report_on_use_of_ai/pho/6_1.png, id=724, 1726.19907pt x 996.72375pt>
File: report_on_use_of_ai/pho/6_1.png Graphic file (type png)
<use report_on_use_of_ai/pho/6_1.png>
Package pdftex.def Info: report_on_use_of_ai/pho/6_1.png  used on input line 139.
(pdftex.def)             Requested size: 423.92897pt x 244.76979pt.

Underfull \hbox (badness 10000) in paragraph at lines 136--142

 []

<report_on_use_of_ai/pho/6_2.png, id=725, 1714.15407pt x 1000.48781pt>
File: report_on_use_of_ai/pho/6_2.png Graphic file (type png)
<use report_on_use_of_ai/pho/6_2.png>
Package pdftex.def Info: report_on_use_of_ai/pho/6_2.png  used on input line 145.
(pdftex.def)             Requested size: 423.92897pt x 247.43448pt.
<report_on_use_of_ai/pho/6_3.png, id=726, 1690.81688pt x 998.22937pt>
File: report_on_use_of_ai/pho/6_3.png Graphic file (type png)
<use report_on_use_of_ai/pho/6_3.png>
Package pdftex.def Info: report_on_use_of_ai/pho/6_3.png  used on input line 151.
(pdftex.def)             Requested size: 423.92897pt x 250.27261pt.



Package fancyhdr Warning: \headheight is too small (12.0pt): 
(fancyhdr)                Make it at least 14.49998pt, for example:
(fancyhdr)                \setlength{\headheight}{14.49998pt}.
(fancyhdr)                You might also make \topmargin smaller:
(fancyhdr)                \addtolength{\topmargin}{-2.49998pt}.


pdfTeX warning (ext4): destination with the same identifier (name{page.}) has been already used, duplicate ignored
<to be read again> 
                   \relax 
l.154 \end{figure}
                   [8 <./report_on_use_of_ai/pho/5_2.png> <./report_on_use_of_ai/pho/6_1.png>]
<report_on_use_of_ai/pho/6_4.png, id=734, 1696.83937pt x 1014.79124pt>
File: report_on_use_of_ai/pho/6_4.png Graphic file (type png)
<use report_on_use_of_ai/pho/6_4.png>
Package pdftex.def Info: report_on_use_of_ai/pho/6_4.png  used on input line 157.
(pdftex.def)             Requested size: 423.92897pt x 253.52686pt.
<report_on_use_of_ai/pho/6_5.png, id=735, 1701.35625pt x 568.37344pt>
File: report_on_use_of_ai/pho/6_5.png Graphic file (type png)
<use report_on_use_of_ai/pho/6_5.png>
Package pdftex.def Info: report_on_use_of_ai/pho/6_5.png  used on input line 163.
(pdftex.def)             Requested size: 423.92897pt x 141.61601pt.



Package fancyhdr Warning: \headheight is too small (12.0pt): 
(fancyhdr)                Make it at least 14.49998pt, for example:
(fancyhdr)                \setlength{\headheight}{14.49998pt}.
(fancyhdr)                You might also make \topmargin smaller:
(fancyhdr)                \addtolength{\topmargin}{-2.49998pt}.


pdfTeX warning (ext4): destination with the same identifier (name{page.}) has been already used, duplicate ignored
<to be read again> 
                   \relax 
l.166 \end{figure}
                   [9 <./report_on_use_of_ai/pho/6_2.png> <./report_on_use_of_ai/pho/6_3.png>]
<report_on_use_of_ai/pho/7_1.png, id=744, 1672.74937pt x 984.67876pt>
File: report_on_use_of_ai/pho/7_1.png Graphic file (type png)
<use report_on_use_of_ai/pho/7_1.png>
Package pdftex.def Info: report_on_use_of_ai/pho/7_1.png  used on input line 175.
(pdftex.def)             Requested size: 423.92897pt x 249.5497pt.
<report_on_use_of_ai/pho/7_2.png, id=745, 1673.50218pt x 512.66531pt>
File: report_on_use_of_ai/pho/7_2.png Graphic file (type png)
<use report_on_use_of_ai/pho/7_2.png>
Package pdftex.def Info: report_on_use_of_ai/pho/7_2.png  used on input line 181.
(pdftex.def)             Requested size: 423.92897pt x 129.86351pt.



Package fancyhdr Warning: \headheight is too small (12.0pt): 
(fancyhdr)                Make it at least 14.49998pt, for example:
(fancyhdr)                \setlength{\headheight}{14.49998pt}.
(fancyhdr)                You might also make \topmargin smaller:
(fancyhdr)                \addtolength{\topmargin}{-2.49998pt}.


pdfTeX warning (ext4): destination with the same identifier (name{page.}) has been already used, duplicate ignored
<to be read again> 
                   \relax 
l.184 \end{figure}
                   [10 <./report_on_use_of_ai/pho/6_4.png> <./report_on_use_of_ai/pho/6_5.png>]
<report_on_use_of_ai/pho/81.png, id=754, 1641.13126pt x 968.11688pt>
File: report_on_use_of_ai/pho/81.png Graphic file (type png)
<use report_on_use_of_ai/pho/81.png>
Package pdftex.def Info: report_on_use_of_ai/pho/81.png  used on input line 194.
(pdftex.def)             Requested size: 423.92897pt x 250.0795pt.
<report_on_use_of_ai/pho/82.png, id=755, 1643.3897pt x 623.32875pt>
File: report_on_use_of_ai/pho/82.png Graphic file (type png)
<use report_on_use_of_ai/pho/82.png>
Package pdftex.def Info: report_on_use_of_ai/pho/82.png  used on input line 200.
(pdftex.def)             Requested size: 423.92897pt x 160.78714pt.



Package fancyhdr Warning: \headheight is too small (12.0pt): 
(fancyhdr)                Make it at least 14.49998pt, for example:
(fancyhdr)                \setlength{\headheight}{14.49998pt}.
(fancyhdr)                You might also make \topmargin smaller:
(fancyhdr)                \addtolength{\topmargin}{-2.49998pt}.


pdfTeX warning (ext4): destination with the same identifier (name{page.}) has been already used, duplicate ignored
<to be read again> 
                   \relax 
l.203 \end{figure}
                   [11 <./report_on_use_of_ai/pho/7_1.png> <./report_on_use_of_ai/pho/7_2.png>]
<report_on_use_of_ai/pho/91.png, id=765, 1621.55812pt x 829.59938pt>
File: report_on_use_of_ai/pho/91.png Graphic file (type png)
<use report_on_use_of_ai/pho/91.png>
Package pdftex.def Info: report_on_use_of_ai/pho/91.png  used on input line 211.
(pdftex.def)             Requested size: 423.92897pt x 216.88066pt.

Underfull \hbox (badness 10000) in paragraph at lines 206--214

 []




Package fancyhdr Warning: \headheight is too small (12.0pt): 
(fancyhdr)                Make it at least 14.49998pt, for example:
(fancyhdr)                \setlength{\headheight}{14.49998pt}.
(fancyhdr)                You might also make \topmargin smaller:
(fancyhdr)                \addtolength{\topmargin}{-2.49998pt}.


pdfTeX warning (ext4): destination with the same identifier (name{page.}) has been already used, duplicate ignored
<to be read again> 
                   \relax 
l.215 
       [12 <./report_on_use_of_ai/pho/81.png> <./report_on_use_of_ai/pho/82.png>]
<report_on_use_of_ai/pho/92.png, id=773, 1642.63687pt x 956.82469pt>
File: report_on_use_of_ai/pho/92.png Graphic file (type png)
<use report_on_use_of_ai/pho/92.png>
Package pdftex.def Info: report_on_use_of_ai/pho/92.png  used on input line 219.
(pdftex.def)             Requested size: 423.92897pt x 246.92896pt.
<report_on_use_of_ai/pho/93.png, id=774, 1553.805pt x 847.66687pt>
File: report_on_use_of_ai/pho/93.png Graphic file (type png)
<use report_on_use_of_ai/pho/93.png>
Package pdftex.def Info: report_on_use_of_ai/pho/93.png  used on input line 225.
(pdftex.def)             Requested size: 423.92897pt x 231.26596pt.



Package fancyhdr Warning: \headheight is too small (12.0pt): 
(fancyhdr)                Make it at least 14.49998pt, for example:
(fancyhdr)                \setlength{\headheight}{14.49998pt}.
(fancyhdr)                You might also make \topmargin smaller:
(fancyhdr)                \addtolength{\topmargin}{-2.49998pt}.


pdfTeX warning (ext4): destination with the same identifier (name{page.}) has been already used, duplicate ignored
<to be read again> 
                   \relax 
l.229 
       [13 <./report_on_use_of_ai/pho/91.png> <./report_on_use_of_ai/pho/92.png>]
<report_on_use_of_ai/pho/101.png, id=783, 1615.53563pt x 331.2375pt>
File: report_on_use_of_ai/pho/101.png Graphic file (type png)
<use report_on_use_of_ai/pho/101.png>
Package pdftex.def Info: report_on_use_of_ai/pho/101.png  used on input line 236.
(pdftex.def)             Requested size: 423.92897pt x 86.91829pt.
<report_on_use_of_ai/pho/102.png, id=784, 1652.42343pt x 995.97093pt>
File: report_on_use_of_ai/pho/102.png Graphic file (type png)
<use report_on_use_of_ai/pho/102.png>
Package pdftex.def Info: report_on_use_of_ai/pho/102.png  used on input line 244.
(pdftex.def)             Requested size: 423.92897pt x 255.51175pt.



Package fancyhdr Warning: \headheight is too small (12.0pt): 
(fancyhdr)                Make it at least 14.49998pt, for example:
(fancyhdr)                \setlength{\headheight}{14.49998pt}.
(fancyhdr)                You might also make \topmargin smaller:
(fancyhdr)                \addtolength{\topmargin}{-2.49998pt}.


pdfTeX warning (ext4): destination with the same identifier (name{page.}) has been already used, duplicate ignored
<to be read again> 
                   \relax 
l.248 
       [14 <./report_on_use_of_ai/pho/93.png> <./report_on_use_of_ai/pho/101.png>]
<report_on_use_of_ai/pho/103.png, id=792, 1046.40938pt x 76.03406pt>
File: report_on_use_of_ai/pho/103.png Graphic file (type png)
<use report_on_use_of_ai/pho/103.png>
Package pdftex.def Info: report_on_use_of_ai/pho/103.png  used on input line 251.
(pdftex.def)             Requested size: 423.92897pt x 30.80289pt.
<report_on_use_of_ai/pho/111.png, id=794, 1550.79375pt x 911.65594pt>
File: report_on_use_of_ai/pho/111.png Graphic file (type png)
<use report_on_use_of_ai/pho/111.png>
Package pdftex.def Info: report_on_use_of_ai/pho/111.png  used on input line 262.
(pdftex.def)             Requested size: 423.92897pt x 249.21075pt.
<report_on_use_of_ai/pho/112.png, id=795, 1402.48969pt x 971.88094pt>
File: report_on_use_of_ai/pho/112.png Graphic file (type png)
<use report_on_use_of_ai/pho/112.png>
Package pdftex.def Info: report_on_use_of_ai/pho/112.png  used on input line 270.
(pdftex.def)             Requested size: 423.92897pt x 293.76132pt.
<report_on_use_of_ai/pho/113.png, id=796, 1274.51157pt x 986.9372pt>
File: report_on_use_of_ai/pho/113.png Graphic file (type png)
<use report_on_use_of_ai/pho/113.png>
Package pdftex.def Info: report_on_use_of_ai/pho/113.png  used on input line 276.
(pdftex.def)             Requested size: 423.92897pt x 328.26544pt.



Package fancyhdr Warning: \headheight is too small (12.0pt): 
(fancyhdr)                Make it at least 14.49998pt, for example:
(fancyhdr)                \setlength{\headheight}{14.49998pt}.
(fancyhdr)                You might also make \topmargin smaller:
(fancyhdr)                \addtolength{\topmargin}{-2.49998pt}.


pdfTeX warning (ext4): destination with the same identifier (name{page.}) has been already used, duplicate ignored
<to be read again> 
                   \relax 
l.279 \end{figure}
                   [15 <./report_on_use_of_ai/pho/102.png> <./report_on_use_of_ai/pho/103.png> <./report_on_use_of_ai/pho/111.png>]
<report_on_use_of_ai/pho/121.png, id=807, 1250.42157pt x 977.15062pt>
File: report_on_use_of_ai/pho/121.png Graphic file (type png)
<use report_on_use_of_ai/pho/121.png>
Package pdftex.def Info: report_on_use_of_ai/pho/121.png  used on input line 288.
(pdftex.def)             Requested size: 423.92897pt x 331.27257pt.



Package fancyhdr Warning: \headheight is too small (12.0pt): 
(fancyhdr)                Make it at least 14.49998pt, for example:
(fancyhdr)                \setlength{\headheight}{14.49998pt}.
(fancyhdr)                You might also make \topmargin smaller:
(fancyhdr)                \addtolength{\topmargin}{-2.49998pt}.


pdfTeX warning (ext4): destination with the same identifier (name{page.}) has been already used, duplicate ignored
<to be read again> 
                   \relax 
l.291 \end{figure}
                   [16 <./report_on_use_of_ai/pho/112.png> <./report_on_use_of_ai/pho/113.png>]
<report_on_use_of_ai/pho/122.png, id=815, 1611.77156pt x 803.25093pt>
File: report_on_use_of_ai/pho/122.png Graphic file (type png)
<use report_on_use_of_ai/pho/122.png>
Package pdftex.def Info: report_on_use_of_ai/pho/122.png  used on input line 296.
(pdftex.def)             Requested size: 423.92897pt x 211.26712pt.
<report_on_use_of_ai/pho/123.png, id=816, 1653.17625pt x 986.18437pt>
File: report_on_use_of_ai/pho/123.png Graphic file (type png)
<use report_on_use_of_ai/pho/123.png>
Package pdftex.def Info: report_on_use_of_ai/pho/123.png  used on input line 302.
(pdftex.def)             Requested size: 423.92897pt x 252.88066pt.
<report_on_use_of_ai/pho/124.png, id=817, 1616.28844pt x 798.73407pt>
File: report_on_use_of_ai/pho/124.png Graphic file (type png)
<use report_on_use_of_ai/pho/124.png>
Package pdftex.def Info: report_on_use_of_ai/pho/124.png  used on input line 308.
(pdftex.def)             Requested size: 423.92897pt x 209.49411pt.



Package fancyhdr Warning: \headheight is too small (12.0pt): 
(fancyhdr)                Make it at least 14.49998pt, for example:
(fancyhdr)                \setlength{\headheight}{14.49998pt}.
(fancyhdr)                You might also make \topmargin smaller:
(fancyhdr)                \addtolength{\topmargin}{-2.49998pt}.


pdfTeX warning (ext4): destination with the same identifier (name{page.}) has been already used, duplicate ignored
<to be read again> 
                   \relax 
l.311 \end{figure}
                   [17 <./report_on_use_of_ai/pho/121.png> <./report_on_use_of_ai/pho/122.png>]
<report_on_use_of_ai/pho/131.png, id=827, 1595.9625pt x 981.6675pt>
File: report_on_use_of_ai/pho/131.png Graphic file (type png)
<use report_on_use_of_ai/pho/131.png>
Package pdftex.def Info: report_on_use_of_ai/pho/131.png  used on input line 326.
(pdftex.def)             Requested size: 423.92897pt x 260.75479pt.
<report_on_use_of_ai/pho/132.png, id=828, 1168.365pt x 981.6675pt>
File: report_on_use_of_ai/pho/132.png Graphic file (type png)
<use report_on_use_of_ai/pho/132.png>
Package pdftex.def Info: report_on_use_of_ai/pho/132.png  used on input line 332.
(pdftex.def)             Requested size: 423.92897pt x 356.18613pt.
<report_on_use_of_ai/pho/133.png, id=829, 1571.8725pt x 926.71219pt>
File: report_on_use_of_ai/pho/133.png Graphic file (type png)
<use report_on_use_of_ai/pho/133.png>
Package pdftex.def Info: report_on_use_of_ai/pho/133.png  used on input line 338.
(pdftex.def)             Requested size: 423.92897pt x 249.93283pt.
<report_on_use_of_ai/pho/141.png, id=831, 1605.74907pt x 965.85844pt>
File: report_on_use_of_ai/pho/141.png Graphic file (type png)
<use report_on_use_of_ai/pho/141.png>
Package pdftex.def Info: report_on_use_of_ai/pho/141.png  used on input line 361.
(pdftex.def)             Requested size: 423.92897pt x 254.9933pt.



Package fancyhdr Warning: \headheight is too small (12.0pt): 
(fancyhdr)                Make it at least 14.49998pt, for example:
(fancyhdr)                \setlength{\headheight}{14.49998pt}.
(fancyhdr)                You might also make \topmargin smaller:
(fancyhdr)                \addtolength{\topmargin}{-2.49998pt}.


pdfTeX warning (ext4): destination with the same identifier (name{page.}) has been already used, duplicate ignored
<to be read again> 
                   \relax 
l.364 \end{figure}
                   [18 <./report_on_use_of_ai/pho/123.png> <./report_on_use_of_ai/pho/124.png>]


Package fancyhdr Warning: \headheight is too small (12.0pt): 
(fancyhdr)                Make it at least 14.49998pt, for example:
(fancyhdr)                \setlength{\headheight}{14.49998pt}.
(fancyhdr)                You might also make \topmargin smaller:
(fancyhdr)                \addtolength{\topmargin}{-2.49998pt}.


pdfTeX warning (ext4): destination with the same identifier (name{page.}) has been already used, duplicate ignored
<to be read again> 
                   \relax 
l.364 \end{figure}
                   [19 <./report_on_use_of_ai/pho/131.png> <./report_on_use_of_ai/pho/132.png>]
<report_on_use_of_ai/pho/142.png, id=846, 1489.81593pt x 988.44281pt>
File: report_on_use_of_ai/pho/142.png Graphic file (type png)
<use report_on_use_of_ai/pho/142.png>
Package pdftex.def Info: report_on_use_of_ai/pho/142.png  used on input line 367.
(pdftex.def)             Requested size: 423.92897pt x 281.25665pt.
<report_on_use_of_ai/pho/143.png, id=847, 1541.00719pt x 558.58687pt>
File: report_on_use_of_ai/pho/143.png Graphic file (type png)
<use report_on_use_of_ai/pho/143.png>
Package pdftex.def Info: report_on_use_of_ai/pho/143.png  used on input line 373.
(pdftex.def)             Requested size: 423.92897pt x 153.65874pt.



Package fancyhdr Warning: \headheight is too small (12.0pt): 
(fancyhdr)                Make it at least 14.49998pt, for example:
(fancyhdr)                \setlength{\headheight}{14.49998pt}.
(fancyhdr)                You might also make \topmargin smaller:
(fancyhdr)                \addtolength{\topmargin}{-2.49998pt}.


pdfTeX warning (ext4): destination with the same identifier (name{page.}) has been already used, duplicate ignored
<to be read again> 
                   \relax 
l.376 \end{figure}
                   [20 <./report_on_use_of_ai/pho/133.png> <./report_on_use_of_ai/pho/141.png>])


Package fancyhdr Warning: \headheight is too small (12.0pt): 
(fancyhdr)                Make it at least 14.49998pt, for example:
(fancyhdr)                \setlength{\headheight}{14.49998pt}.
(fancyhdr)                You might also make \topmargin smaller:
(fancyhdr)                \addtolength{\topmargin}{-2.49998pt}.


pdfTeX warning (ext4): destination with the same identifier (name{page.}) has been already used, duplicate ignored
<to be read again> 
                   \relax 
l.323 \end{document}
                     [21 <./report_on_use_of_ai/pho/142.png> <./report_on_use_of_ai/pho/143.png>] (./2625838.aux)
 ***********
LaTeX2e <2024-11-01> patch level 2
L3 programming layer <2020/03/25>
 ***********


LaTeX Warning: There were undefined references.

Package rerunfilecheck Info: File `2625838.out' has not changed.
(rerunfilecheck)             Checksum: 38168F6A65378A660A63D70C0ADDFB95;12335.
 ) 
Here is how much of TeX's memory you used:
 53971 strings out of 475118
 1215497 string characters out of 5765021
 1783923 words of memory out of 5000000
 75555 multiletter control sequences out of 15000+600000
 727866 words of font info for 430 fonts, out of 8000000 for 9000
 36 hyphenation exceptions out of 8191
 84i,16n,117p,1048b,1238s stack positions out of 10000i,1000n,20000p,200000b,200000s
<c:/texlive/2025/texmf-dist/fonts/type1/public/newtx/NewTXBMI.pfb><c:/texlive/2025/texmf-dist/fonts/type1/public/newtx/NewTXBMI7.pfb><c:/texlive/2025/texmf-dist/fonts/type1/public/newtx/NewTXMI.pfb><c:/texlive/2025/texmf-dist/fonts/type1/public/newtx/NewTXMI5.pfb><c:/texlive/2025/texmf-dist/fonts/type1/public/newtx/NewTXMI7.pfb><c:/texlive/2025/texmf-dist/fonts/type1/public/tex-gyre/qtmr.pfb><c:/texlive/2025/texmf-dist/fonts/type1/public/txfonts/t1xtt.pfb><c:/texlive/2025/texmf-dist/fonts/type1/public/newtx/txexas.pfb><c:/texlive/2025/texmf-dist/fonts/type1/public/newtx/txexs.pfb><c:/texlive/2025/texmf-dist/fonts/type1/public/newtx/txmiaX.pfb><c:/texlive/2025/texmf-dist/fonts/type1/public/newtx/txsys.pfb><c:/texlive/2025/texmf-dist/fonts/type1/public/newtx/ztmb.pfb><c:/texlive/2025/texmf-dist/fonts/type1/public/newtx/ztmbi.pfb><c:/texlive/2025/texmf-dist/fonts/type1/public/newtx/ztmr.pfb><c:/texlive/2025/texmf-dist/fonts/type1/public/newtx/ztmri.pfb>
Output written on 2625838.pdf (47 pages, 5057008 bytes).
PDF statistics:
 992 PDF objects out of 1000 (max. 8388607)
 742 compressed objects within 8 object streams
 230 named destinations out of 1000 (max. 500000)
 54433 words of extra memory for PDF output out of 61914 (max. 10000000)

