celebrity_name,ballroom_partner,celebrity_industry,celebrity_homestate,celebrity_homecountry/region,celebrity_age_during_season,season,results,placement,week1_judge1_score,week1_judge2_score,week1_judge3_score,week1_judge4_score,week2_judge1_score,week2_judge2_score,week2_judge3_score,week2_judge4_score,week3_judge1_score,week3_judge2_score,week3_judge3_score,week3_judge4_score,week4_judge1_score,week4_judge2_score,week4_judge3_score,week4_judge4_score,week5_judge1_score,week5_judge2_score,week5_judge3_score,week5_judge4_score,week6_judge1_score,week6_judge2_score,week6_judge3_score,week6_judge4_score,week7_judge1_score,week7_judge2_score,week7_judge3_score,week7_judge4_score,week8_judge1_score,week8_judge2_score,week8_judge3_score,week8_judge4_score,week9_judge1_score,week9_judge2_score,week9_judge3_score,week9_judge4_score,week10_judge1_score,week10_judge2_score,week10_judge3_score,week10_judge4_score,week11_judge1_score,week11_judge2_score,week11_judge3_score,week11_judge4_score,agg_week_1,rank_of_week_1,agg_week_2,rank_of_week_2,agg_week_3,rank_of_week_3,agg_week_4,rank_of_week_4,agg_week_5,rank_of_week_5,agg_week_6,rank_of_week_6,agg_week_7,rank_of_week_7,agg_week_8,rank_of_week_8,agg_week_9,rank_of_week_9,agg_week_10,rank_of_week_10,agg_week_11,rank_of_week_11,episodes_participated,var_week_1,var_week_2,var_week_3,var_week_4,var_week_5,var_week_6,var_week_7,var_week_8,var_week_9,var_week_10,var_week_11,season_mean_week_variance,season_flag,avg_weekly_rank,final_rank_parsed,episodes_participated_parsed,rank_difference,season_flag_parsed,avg_agg_score,avg_week_variance
John O'Hurley,Charlotte Jorgensen,Actor/Actress,Maine,United States,50,1,2nd Place,2,7,7,6,,8,9,9,,9,8,7,,7,8,6,,9,9,9,,9,9,9,,,,,,,,,,,,,,,,,,,,,,20.0,1.0,26.0,1.0,24.0,2.0,21.0,3.0,27.0,1.0,27.0,2.0,,,,,,,,,,,6,6.138888888888889,16.47222222222222,19.76,6.5,3.7222222222222228,0.0625,,,,,,8.775972222222222,True,1.6666666666666667,2.0,6,-0.33333333333333326,True,24.166666666666668,8.775972222222222
Kelly Monaco,Alec Mazo,Actor/Actress,Pennsylvania,United States,29,1,1st Place,1,5,4,4,,5,6,6,,6,7,8,,9,9,8,,8.5,7.5,7.5,,8.5,9.5,9.5,,,,,,,,,,,,,,,,,,,,,,13.0,6.0,17.0,5.0,21.0,4.0,26.0,1.0,23.5,2.0,27.5,1.0,,,,,,,,,,,6,6.138888888888889,16.47222222222222,19.76,6.5,3.7222222222222228,0.0625,,,,,,8.775972222222222,True,3.1666666666666665,1.0,6,2.1666666666666665,True,21.333333333333332,8.775972222222222
Evander Holyfield,Edyta Sliwinska,Athlete,Alabama,United States,42,1,Eliminated Week 3,5,5,7,6,,5,4,5,,5,4,4,,0,0,0,,0,0,0,,0,0,0,,,,,,,,,,,,,,,,,,,,,,18.0,4.0,14.0,6.0,13.0,5.0,,,,,,,,,,,,,,,,,3,6.138888888888889,16.47222222222222,19.76,6.5,3.7222222222222228,0.0625,,,,,,8.775972222222222,True,5.0,5.0,3,0.0,True,15.0,8.775972222222222
Rachel Hunter,Jonathan Roberts,Model,,New Zealand,35,1,Eliminated Week 4,4,7,6,7,,8,8,8,,8,9,9,,7,9,9,,0,0,0,,0,0,0,,,,,,,,,,,,,,,,,,,,,,20.0,1.0,24.0,2.0,26.0,1.0,25.0,2.0,,,,,,,,,,,,,,,4,6.138888888888889,16.47222222222222,19.76,6.5,3.7222222222222228,0.0625,,,,,,8.775972222222222,True,1.5,4.0,4,-2.5,True,23.75,8.775972222222222
Joey McIntyre,Ashly DelGrosso,Singer/Rapper,Massachusetts,United States,32,1,3rd Place,3,7,7,6,,8,7,6,,7,7,8,,7,6,7,,8.5,7,7,,0,0,0,,,,,,,,,,,,,,,,,,,,,,20.0,1.0,21.0,3.0,22.0,3.0,20.0,4.0,22.5,3.0,,,,,,,,,,,,,5,6.138888888888889,16.47222222222222,19.76,6.5,3.7222222222222228,0.0625,,,,,,8.775972222222222,True,2.8,3.0,5,-0.20000000000000018,True,21.1,8.775972222222222
Trista Sutter,Louis van Amstel,TV Personality,Indiana,United States,32,1,Eliminated Week 2,6,6,6,6,,6,7,6,,0,0,0,,0,0,0,,0,0,0,,0,0,0,,,,,,,,,,,,,,,,,,,,,,18.0,4.0,19.0,4.0,,,,,,,,,,,,,,,,,,,2,6.138888888888889,16.47222222222222,19.76,6.5,3.7222222222222228,0.0625,,,,,,8.775972222222222,True,4.0,6.0,2,-2.0,True,18.5,8.775972222222222
Tatum O'Neal,Nick Kosovich,Actor/Actress,California,United States,42,2,Eliminated Week 2,9,7,8,8,,5,6,6,,0,0,0,,0,0,0,,0,0,0,,0,0,0,,0,0,0,,0,0,0,,,,,,,,,,,,,,23.0,2.0,17.0,8.0,,,,,,,,,,,,,,,,,,,2,15.45,15.950617283950615,17.9375,39.38775510204082,7.138888888888889,9.84,8.5,1.0616123488888864,,,,14.408296702971152,True,5.0,9.0,2,-4.0,True,20.0,14.408296702971152
Tia Carrere,Maksim Chmerkoskiy,Actor/Actress,Hawaii,United States,39,2,Eliminated Week 5,6,6,7,7,,7,8,7,,9,8,9,,9,8,8,,7,7,8,,0,0,0,,0,0,0,,0,0,0,,,,,,,,,,,,,,20.0,6.0,22.0,5.0,26.0,3.0,25.0,4.0,22.0,6.0,,,,,,,,,,,,,5,15.45,15.950617283950615,17.9375,39.38775510204082,7.138888888888889,9.84,8.5,1.0616123488888864,,,,14.408296702971152,True,4.8,6.0,5,-1.2000000000000002,True,23.0,14.408296702971152
George Hamilton,Edyta Sliwinska,Actor/Actress,Tennessee,United States,66,2,Eliminated Week 6,5,7,5,6,,8,7,7,,7,7,8,,7,7,7,,8,8,8,,8,7,8,,0,0,0,,0,0,0,,,,,,,,,,,,,,18.0,8.0,22.0,5.0,22.0,5.0,21.0,6.0,24.0,4.0,23.0,4.0,,,,,,,,,,,6,15.45,15.950617283950615,17.9375,39.38775510204082,7.138888888888889,9.84,8.5,1.0616123488888864,,,,14.408296702971152,True,5.333333333333333,5.0,6,0.33333333333333304,True,21.666666666666668,14.408296702971152
Lisa Rinna,Louis van Amstel,Actor/Actress,California,United States,42,2,Eliminated Week 7,4,5,7,7,,6,7,7,,8,8,9,,9,9,8,,7,9,9,,9,9,9,,8.5,9,9,,0,0,0,,,,,,,,,,,,,,19.0,7.0,20.0,7.0,25.0,4.0,26.0,2.0,25.0,3.0,27.0,3.0,26.5,3.0,,,,,,,,,7,15.45,15.950617283950615,17.9375,39.38775510204082,7.138888888888889,9.84,8.5,1.0616123488888864,,,,14.408296702971152,True,4.142857142857143,4.0,7,0.14285714285714324,True,24.071428571428573,14.408296702971152
Stacy Keibler,Tony Dovolani,Athlete,Maryland,United States,26,2,3rd Place,3,8,6,8,,9,10,10,,9,9,9,,8,9,9,,10,10,10,,10,10,10,,9,9,9.5,,9.3333,9.6666,9.6666,,,,,,,,,,,,,,22.0,4.0,29.0,1.0,27.0,1.0,26.0,2.0,30.0,1.0,30.0,1.0,27.5,1.0,28.6665,2.0,,,,,,,8,15.45,15.950617283950615,17.9375,39.38775510204082,7.138888888888889,9.84,8.5,1.0616123488888864,,,,14.408296702971152,True,1.625,3.0,8,-1.375,True,27.520812499999998,14.408296702971152
Jerry Rice,Anna Trebunskaya,Athlete,Mississippi,United States,43,2,2nd Place,2,7,7,7,,7,8,8,,7,6,6,,8,8,8,,7,8,8,,8,7,8,,7,7,6.5,,9,9,8.6666,,,,,,,,,,,,,,21.0,5.0,23.0,4.0,19.0,7.0,24.0,5.0,23.0,5.0,23.0,4.0,20.5,4.0,26.666600000000003,3.0,,,,,,,8,15.45,15.950617283950615,17.9375,39.38775510204082,7.138888888888889,9.84,8.5,1.0616123488888864,,,,14.408296702971152,True,4.625,2.0,8,2.625,True,22.520825000000002,14.408296702971152
Giselle Fernandez,Jonathan Roberts,News Anchor,,Mexico,44,2,Eliminated Week 3,8,7,8,8,,8,8,8,,7,8,7,,0,0,0,,0,0,0,,0,0,0,,0,0,0,,0,0,0,,,,,,,,,,,,,,23.0,2.0,24.0,3.0,22.0,5.0,,,,,,,,,,,,,,,,,3,15.45,15.950617283950615,17.9375,39.38775510204082,7.138888888888889,9.84,8.5,1.0616123488888864,,,,14.408296702971152,True,3.3333333333333335,8.0,3,-4.666666666666666,True,23.0,14.408296702971152
Master P,Ashly DelGrosso,Singer/Rapper,Louisiana,United States,35,2,Eliminated Week 4,7,4,4,4,,6,5,5,,6,4,4,,4,2,2,,0,0,0,,0,0,0,,0,0,0,,0,0,0,,,,,,,,,,,,,,12.0,10.0,16.0,9.0,14.0,8.0,8.0,7.0,,,,,,,,,,,,,,,4,15.45,15.950617283950615,17.9375,39.38775510204082,7.138888888888889,9.84,8.5,1.0616123488888864,,,,14.408296702971152,True,8.5,7.0,4,1.5,True,12.5,14.408296702971152
Drew Lachey,Cheryl Burke,Singer/Rapper,Ohio,United States,29,2,1st Place,1,8,8,8,,9,9,9,,9,9,9,,9,9,10,,9,9,9,,10,10,10,,9.5,9,9,,9.6666,9.6666,9.6666,,,,,,,,,,,,,,24.0,1.0,27.0,2.0,27.0,1.0,28.0,1.0,27.0,2.0,30.0,1.0,27.5,1.0,28.9998,1.0,,,,,,,8,15.45,15.950617283950615,17.9375,39.38775510204082,7.138888888888889,9.84,8.5,1.0616123488888864,,,,14.408296702971152,True,1.25,1.0,8,0.25,True,27.437475,14.408296702971152
Kenny Mayne,Andrea Hale,Sports Broadcaster,Washington,United States,46,2,Eliminated Week 1,10,4,5,4,,0,0,0,,0,0,0,,0,0,0,,0,0,0,,0,0,0,,0,0,0,,0,0,0,,,,,,,,,,,,,,13.0,9.0,,,,,,,,,,,,,,,,,,,,,1,15.45,15.950617283950615,17.9375,39.38775510204082,7.138888888888889,9.84,8.5,1.0616123488888864,,,,14.408296702971152,True,9.0,10.0,1,-1.0,True,13.0,14.408296702971152
Harry Hamlin,Ashly DelGrosso,Actor/Actress,California,United States,54,3,Eliminated Week 3,9,5,6,6,,7,7,7,,7,8,7,,0,0,0,,0,0,0,,0,0,0,,0,0,0,,0,0,0,,0,0,0,,0,0,0,,,,,,17.0,8.0,21.0,7.0,22.0,4.0,,,,,,,,,,,,,,,,,3,15.834710743801653,7.6,6.666666666666667,8.1875,1.836734693877551,10.64,4.3,0.5625,0.0,0.0,,5.562811210434587,True,6.333333333333333,9.0,3,-2.666666666666667,True,20.0,5.562811210434587
Vivica A. Fox,Nick Kosovich,Actor/Actress,Indiana,United States,42,3,Eliminated Week 4,8,6,8,8,,8,8,8,,9,9,9,,8,8,8,,0,0,0,,0,0,0,,0,0,0,,0,0,0,,0,0,0,,0,0,0,,,,,,22.0,3.0,24.0,3.0,27.0,1.0,24.0,4.0,,,,,,,,,,,,,,,4,15.834710743801653,7.6,6.666666666666667,8.1875,1.836734693877551,10.64,4.3,0.5625,0.0,0.0,,5.562811210434587,True,2.75,8.0,4,-5.25,True,24.25,5.562811210434587
Monique Coleman,Louis van Amstel,Actor/Actress,South Carolina,United States,25,3,Eliminated Week 8,4,6,6,7,,9,8,9,,9,9,9,,8,8,8,,9,9,9,,9,7,7,,9,9,9,,8.5,9,9,,0,0,0,,0,0,0,,,,,,19.0,6.0,26.0,2.0,27.0,1.0,24.0,4.0,27.0,1.0,23.0,4.0,27.0,4.0,26.5,4.0,,,,,,,8,15.834710743801653,7.6,6.666666666666667,8.1875,1.836734693877551,10.64,4.3,0.5625,0.0,0.0,,5.562811210434587,True,3.25,4.0,8,-0.75,True,24.9375,5.562811210434587
Joey Lawrence,Edyta Sliwinska,Actor/Actress,Pennsylvania,United States,30,3,3rd Place,3,7,7,7,,10,9,10,,8,6,8,,9,9,9,,8,8,9,,8,8,8,,9.5,9,10,,9.5,8.5,9,,9.5,10,10,,0,0,0,,,,,,21.0,5.0,29.0,1.0,22.0,4.0,27.0,3.0,25.0,5.0,24.0,3.0,28.5,1.0,27.0,2.0,29.5,1.0,,,,,9,15.834710743801653,7.6,6.666666666666667,8.1875,1.836734693877551,10.64,4.3,0.5625,0.0,0.0,,5.562811210434587,True,2.7777777777777777,3.0,9,-0.22222222222222232,True,25.88888888888889,5.562811210434587
Mario Lopez,Karina Smirnoff,Actor/Actress,California,United States,32,3,2nd Place,2,9,8,9,,7,6,8,,8,6,8,,10,9,10,,9,9,9,,9,9,10,,9.5,9,9.5,,9.5,9,10,,10,9.5,10,,10,10,9.6666,,,,,,26.0,1.0,21.0,7.0,22.0,4.0,29.0,1.0,27.0,1.0,28.0,1.0,28.0,3.0,28.5,1.0,29.5,1.0,29.666600000000003,1.0,,,10,15.834710743801653,7.6,6.666666666666667,8.1875,1.836734693877551,10.64,4.3,0.5625,0.0,0.0,,5.562811210434587,True,2.1,2.0,10,0.10000000000000009,True,26.866660000000003,5.562811210434587
Emmitt Smith,Cheryl Burke,Athlete,Florida,United States,37,3,1st Place,1,8,8,8,,8,8,8,,7,6,6,,8,8,8,,9,9,9,,8,8,9,,10,9.5,9,,8.5,9,9.5,,9.5,10,10,,10,9.6666,10,,,,,,24.0,2.0,24.0,3.0,19.0,9.0,24.0,4.0,27.0,1.0,25.0,2.0,28.5,1.0,27.0,2.0,29.5,1.0,29.666600000000003,1.0,,,10,15.834710743801653,7.6,6.666666666666667,8.1875,1.836734693877551,10.64,4.3,0.5625,0.0,0.0,,5.562811210434587,True,2.6,1.0,10,1.6,True,25.76666,5.562811210434587
Shanna Moakler,Jesse DeSoto,Model,Rhode Island,United States,31,3,Eliminated Week 2,10,7,5,6,,8,7,7,,0,0,0,,0,0,0,,0,0,0,,0,0,0,,0,0,0,,0,0,0,,0,0,0,,0,0,0,,,,,,18.0,7.0,22.0,6.0,,,,,,,,,,,,,,,,,,,2,15.834710743801653,7.6,6.666666666666667,8.1875,1.836734693877551,10.64,4.3,0.5625,0.0,0.0,,5.562811210434587,True,6.5,10.0,2,-3.5,True,20.0,5.562811210434587
Willa Ford,Maksim Chmerkoskiy,Singer/Rapper,Florida,United States,25,3,Eliminated Week 5,7,7,7,8,,7,8,8,,7,7,8,,9,9,10,,9,9,9,,0,0,0,,0,0,0,,0,0,0,,0,0,0,,0,0,0,,,,,,22.0,3.0,23.0,5.0,22.0,4.0,28.0,2.0,27.0,1.0,,,,,,,,,,,,,5,15.834710743801653,7.6,6.666666666666667,8.1875,1.836734693877551,10.64,4.3,0.5625,0.0,0.0,,5.562811210434587,True,3.0,7.0,5,-4.0,True,24.4,5.562811210434587
Sara Evans,Tony Dovolani,Singer/Rapper,Missouri,United States,35,3,Withdrew,6,5,5,5,,7,7,7,,8,9,8,,6,7,7,,8,8,8,,0,0,0,,0,0,0,,0,0,0,,0,0,0,,0,0,0,,,,,,15.0,10.0,21.0,7.0,25.0,3.0,20.0,8.0,24.0,6.0,,,,,,,,,,,,,5,15.834710743801653,7.6,6.666666666666667,8.1875,1.836734693877551,10.64,4.3,0.5625,0.0,0.0,,5.562811210434587,True,6.8,6.0,5,0.7999999999999998,True,21.0,5.562811210434587
Jerry Springer,Kym Johnson,TV Personality,,England,62,3,Eliminated Week 7,5,5,5,6,,7,6,6,,7,7,7,,7,7,8,,8,8,8,,7,6,5,,7.5,8,7.5,,0,0,0,,0,0,0,,0,0,0,,,,,,16.0,9.0,19.0,10.0,21.0,8.0,22.0,7.0,24.0,6.0,18.0,5.0,23.0,5.0,,,,,,,,,7,15.834710743801653,7.6,6.666666666666667,8.1875,1.836734693877551,10.64,4.3,0.5625,0.0,0.0,,5.562811210434587,True,7.142857142857143,5.0,7,2.1428571428571432,True,20.428571428571427,5.562811210434587
Tucker Carlson,Elena Grinenko,TV Personality,California,United States,37,3,Eliminated Week 1,11,5,4,3,,0,0,0,,0,0,0,,0,0,0,,0,0,0,,0,0,0,,0,0,0,,0,0,0,,0,0,0,,0,0,0,,,,,,12.0,11.0,,,,,,,,,,,,,,,,,,,,,1,15.834710743801653,7.6,6.666666666666667,8.1875,1.836734693877551,10.64,4.3,0.5625,0.0,0.0,,5.562811210434587,True,11.0,11.0,1,0.0,True,12.0,5.562811210434587
John Ratzenberger,Edyta Sliwinska,Actor/Actress,Connecticut,United States,59,4,Eliminated Week 7,6,6,5,6,,7,7,7,,7,6,7,,6,5,5,,6,6,6,,7,6,6,,7.5,7.5,7.5,,0,0,0,,0,0,0,,0,0,0,,,,,,17.0,8.0,21.0,6.0,20.0,9.0,16.0,7.0,18.0,6.0,19.0,7.0,22.5,5.0,,,,,,,,,7,10.380165289256198,6.561983471074379,5.959999999999999,19.209876543209877,29.5,10.775510204081632,14.5625,12.54,0.171875,0.1728419755555547,,10.983475248317763,True,6.857142857142857,6.0,7,0.8571428571428568,True,19.071428571428573,10.983475248317763
Ian Ziering,Cheryl Burke,Actor/Actress,New Jersey,United States,42,4,Eliminated Week 9,4,7,7,7,,7,8,7,,8,8,8,,7,9,8,,8,8,8,,8,8,8,,9,9,9,,8,7.5,8,,9.5,10,9.5,,0,0,0,,,,,,21.0,3.0,22.0,5.0,24.0,1.0,24.0,3.0,24.0,4.0,24.0,4.0,27.0,3.0,23.5,4.0,29.0,4.0,,,,,9,10.380165289256198,6.561983471074379,5.959999999999999,19.209876543209877,29.5,10.775510204081632,14.5625,12.54,0.171875,0.1728419755555547,,10.983475248317763,True,3.4444444444444446,4.0,9,-0.5555555555555554,True,24.27777777777778,10.983475248317763
Clyde Drexler,Elena Grinenko,Athlete,Louisiana,United States,44,4,Eliminated Week 5,8,6,5,5,,6,6,6,,6,5,5,,6,4,5,,4,5,4,,0,0,0,,0,0,0,,0,0,0,,0,0,0,,0,0,0,,,,,,16.0,9.0,18.0,11.0,16.0,10.0,15.0,9.0,13.0,8.0,,,,,,,,,,,,,5,10.380165289256198,6.561983471074379,5.959999999999999,19.209876543209877,29.5,10.775510204081632,14.5625,12.54,0.171875,0.1728419755555547,,10.983475248317763,True,9.4,8.0,5,1.4000000000000004,True,15.6,10.983475248317763
Laila Ali,Maksim Chmerkoskiy,Athlete,Florida,United States,29,4,3rd Place,3,7,8,8,,9,9,9,,7,7,7,,7,7,7,,9,10,9,,9,9,10,,10,9.5,10,,9,8.5,9,,10,10,10,,9.6666,9,9.6666,,,,,,23.0,2.0,27.0,1.0,21.0,6.0,21.0,5.0,28.0,2.0,28.0,1.0,29.5,1.0,26.5,3.0,30.0,1.0,28.333200000000005,3.0,,,10,10.380165289256198,6.561983471074379,5.959999999999999,19.209876543209877,29.5,10.775510204081632,14.5625,12.54,0.171875,0.1728419755555547,,10.983475248317763,True,2.5,3.0,10,-0.5,True,26.233320000000003,10.983475248317763
Apolo Anton Ohno,Julianne Hough,Athlete,Washington,United States,24,4,1st Place,1,7,7,7,,8,9,9,,7,8,8,,9,8,9,,10,10,10,,9,9,10,,9,8.5,9.5,,10,9,10,,10,9.5,10,,9.6666,9.6666,10,,,,,,21.0,3.0,26.0,2.0,23.0,5.0,26.0,2.0,30.0,1.0,28.0,1.0,27.0,3.0,29.0,1.0,29.5,3.0,29.3332,1.0,,,10,10.380165289256198,6.561983471074379,5.959999999999999,19.209876543209877,29.5,10.775510204081632,14.5625,12.54,0.171875,0.1728419755555547,,10.983475248317763,True,2.2,1.0,10,1.2000000000000002,True,26.883319999999998,10.983475248317763
Shandi Finnessey,Brian Fortuna,Beauty Pagent,Missouri,United States,28,4,Eliminated Week 3,10,6,6,7,,6,7,7,,7,7,7,,0,0,0,,0,0,0,,0,0,0,,0,0,0,,0,0,0,,0,0,0,,0,0,0,,,,,,19.0,5.0,20.0,10.0,21.0,6.0,,,,,,,,,,,,,,,,,3,10.380165289256198,6.561983471074379,5.959999999999999,19.209876543209877,29.5,10.775510204081632,14.5625,12.54,0.171875,0.1728419755555547,,10.983475248317763,True,7.0,10.0,3,-3.0,True,20.0,10.983475248317763
Paulina Porizkova,Alec Mazo,Model,,Czechoslovakia,41,4,Eliminated Week 2,11,6,6,7,,7,7,7,,0,0,0,,0,0,0,,0,0,0,,0,0,0,,0,0,0,,0,0,0,,0,0,0,,0,0,0,,,,,,19.0,5.0,21.0,6.0,,,,,,,,,,,,,,,,,,,2,10.380165289256198,6.561983471074379,5.959999999999999,19.209876543209877,29.5,10.775510204081632,14.5625,12.54,0.171875,0.1728419755555547,,10.983475248317763,True,5.5,11.0,2,-5.5,True,20.0,10.983475248317763
Heather Mills,Jonathan Roberts,Model,,England,39,4,Eliminated Week 6,7,6,6,6,,8,8,8,,8,8,8,,7,8,8,,7,7,7,,7,8,8,,0,0,0,,0,0,0,,0,0,0,,0,0,0,,,,,,18.0,7.0,24.0,3.0,24.0,1.0,23.0,4.0,21.0,5.0,23.0,5.0,,,,,,,,,,,6,10.380165289256198,6.561983471074379,5.959999999999999,19.209876543209877,29.5,10.775510204081632,14.5625,12.54,0.171875,0.1728419755555547,,10.983475248317763,True,4.166666666666667,7.0,6,-2.833333333333333,True,22.166666666666668,10.983475248317763
Billy Ray Cyrus,Karina Smirnoff,Singer/Rapper,Kentucky,United States,45,4,Eliminated Week 8,5,5,4,4,,7,7,7,,7,7,7,,7,7,7,,6,6,5,,7,7,7,,6,6.5,6.5,,6.5,6.5,6,,0,0,0,,0,0,0,,,,,,13.0,11.0,21.0,6.0,21.0,6.0,21.0,5.0,17.0,7.0,21.0,6.0,19.0,6.0,19.0,5.0,,,,,,,8,10.380165289256198,6.561983471074379,5.959999999999999,19.209876543209877,29.5,10.775510204081632,14.5625,12.54,0.171875,0.1728419755555547,,10.983475248317763,True,6.5,5.0,8,1.5,True,19.0,10.983475248317763
Joey Fatone,Kym Johnson,Singer/Rapper,New York,United States,30,4,2nd Place,2,8,8,8,,8,8,8,,8,8,8,,10,9,9,,8,8,9,,9,9,9,,10,9.5,10,,9.5,9,9,,10,10,10,,9.6666,9.3333,9.6666,,,,,,24.0,1.0,24.0,3.0,24.0,1.0,28.0,1.0,25.0,3.0,27.0,3.0,29.5,1.0,27.5,2.0,30.0,1.0,28.6665,2.0,,,10,10.380165289256198,6.561983471074379,5.959999999999999,19.209876543209877,29.5,10.775510204081632,14.5625,12.54,0.171875,0.1728419755555547,,10.983475248317763,True,1.8,2.0,10,-0.19999999999999996,True,26.76665,10.983475248317763
Leeza Gibbons,Tony Dovolani,TV Personality,South Carolina,United States,50,4,Eliminated Week 4,9,5,5,5,,7,7,7,,8,8,8,,6,5,5,,0,0,0,,0,0,0,,0,0,0,,0,0,0,,0,0,0,,0,0,0,,,,,,15.0,10.0,21.0,6.0,24.0,1.0,16.0,7.0,,,,,,,,,,,,,,,4,10.380165289256198,6.561983471074379,5.959999999999999,19.209876543209877,29.5,10.775510204081632,14.5625,12.54,0.171875,0.1728419755555547,,10.983475248317763,True,6.0,9.0,4,-3.0,True,19.0,10.983475248317763
Cameron Mathison,Edyta Sliwinska,Actor/Actress,,Canada,38,5,Eliminated Week 8,5,7,7,7,,7,7,7,,8,7,8,,9,9,9,,8,9,9,,9,8,8,,8.5,8.5,8.5,,8.5,8.5,8.5,,0,0,0,,0,0,0,,,,,,21.0,5.0,21.0,5.0,23.0,7.0,27.0,2.0,26.0,3.0,25.0,4.0,25.5,5.0,25.5,3.0,,,,,,,8,7.909722222222221,10.413223140495868,9.690000000000001,4.888888888888889,7.859375,6.775510204081633,0.4166666666666667,2.6599999999999997,0.6875,5.950345682222228,,5.725123180457751,True,4.25,5.0,8,-0.75,True,24.25,5.725123180457751
Jane Seymour,Tony Dovolani,Actor/Actress,,England,56,5,Eliminated Week 7,6,8,8,8,,7,7,7,,9,9,9,,8,9,9,,8,9,9,,8,7,7,,8,8.5,8.5,,0,0,0,,0,0,0,,0,0,0,,,,,,24.0,3.0,21.0,5.0,27.0,1.0,26.0,5.0,26.0,3.0,22.0,7.0,25.0,6.0,,,,,,,,,7,7.909722222222221,10.413223140495868,9.690000000000001,4.888888888888889,7.859375,6.775510204081633,0.4166666666666667,2.6599999999999997,0.6875,5.950345682222228,,5.725123180457751,True,4.285714285714286,6.0,7,-1.7142857142857144,True,24.428571428571427,5.725123180457751
Sabrina Bryan,Mark Ballas,Actor/Actress,California,United States,23,5,Eliminated Week 6,7,9,8,9,,9,8,9,,9,9,9,,10,10,10,,9,9,10,,9,8,8,,0,0,0,,0,0,0,,0,0,0,,0,0,0,,,,,,26.0,1.0,26.0,2.0,27.0,1.0,30.0,1.0,28.0,2.0,25.0,4.0,,,,,,,,,,,6,7.909722222222221,10.413223140495868,9.690000000000001,4.888888888888889,7.859375,6.775510204081633,0.4166666666666667,2.6599999999999997,0.6875,5.950345682222228,,5.725123180457751,True,1.8333333333333333,7.0,6,-5.166666666666667,True,27.0,5.725123180457751
Jennie Garth,Derek Hough,Actor/Actress,Illinois,United States,35,5,Eliminated Week 9,4,7,7,7,,7,7,7,,9,8,9,,8,10,9,,8,9,8,,9,9,9,,8.5,8.5,9.5,,8.5,8.5,8,,9.5,10,9.5,,0,0,0,,,,,,21.0,5.0,21.0,5.0,26.0,4.0,27.0,2.0,25.0,5.0,27.0,3.0,26.5,2.0,25.0,4.0,29.0,3.0,,,,,9,7.909722222222221,10.413223140495868,9.690000000000001,4.888888888888889,7.859375,6.775510204081633,0.4166666666666667,2.6599999999999997,0.6875,5.950345682222228,,5.725123180457751,True,3.6666666666666665,4.0,9,-0.3333333333333335,True,25.27777777777778,5.725123180457751
Floyd Mayweather Jr. ,Karina Smirnoff,Athlete,Michigan,United States,30,5,Eliminated Week 4,9,6,6,6,,7,7,7,,7,7,7,,7,8,8,,0,0,0,,0,0,0,,0,0,0,,0,0,0,,0,0,0,,0,0,0,,,,,,18.0,11.0,21.0,5.0,21.0,8.0,23.0,8.0,,,,,,,,,,,,,,,4,7.909722222222221,10.413223140495868,9.690000000000001,4.888888888888889,7.859375,6.775510204081633,0.4166666666666667,2.6599999999999997,0.6875,5.950345682222228,,5.725123180457751,True,8.0,9.0,4,-1.0,True,20.75,5.725123180457751
Josie Maran,Alec Mazo,Model,California,United States,29,5,Eliminated Week 1,12,6,5,5,,0,0,0,,0,0,0,,0,0,0,,0,0,0,,0,0,0,,0,0,0,,0,0,0,,0,0,0,,0,0,0,,,,,,16.0,12.0,,,,,,,,,,,,,,,,,,,,,1,7.909722222222221,10.413223140495868,9.690000000000001,4.888888888888889,7.859375,6.775510204081633,0.4166666666666667,2.6599999999999997,0.6875,5.950345682222228,,5.725123180457751,True,12.0,12.0,1,0.0,True,16.0,5.725123180457751
Albert Reed,Anna Trebunskaya,Model,Florida,United States,22,5,Eliminated Week 2,11,7,7,7,,7,7,7,,0,0,0,,0,0,0,,0,0,0,,0,0,0,,0,0,0,,0,0,0,,0,0,0,,0,0,0,,,,,,21.0,5.0,21.0,5.0,,,,,,,,,,,,,,,,,,,2,7.909722222222221,10.413223140495868,9.690000000000001,4.888888888888889,7.859375,6.775510204081633,0.4166666666666667,2.6599999999999997,0.6875,5.950345682222228,,5.725123180457751,True,5.0,11.0,2,-6.0,True,21.0,5.725123180457751
Helio Castroneves,Julianne Hough,Racing Driver,,Brazil,32,5,1st Place,1,8,9,8,,9,9,9,,8,8,8,,9,9,9,,8,7,8,,9,10,9,,9,8.5,8.5,,9.5,9.5,9.5,,10,10,10,,9,9.3333,9.6666,,,,,,25.0,2.0,27.0,1.0,24.0,6.0,27.0,2.0,23.0,6.0,28.0,2.0,26.0,3.0,28.5,1.0,30.0,1.0,27.999900000000004,2.0,,,10,7.909722222222221,10.413223140495868,9.690000000000001,4.888888888888889,7.859375,6.775510204081633,0.4166666666666667,2.6599999999999997,0.6875,5.950345682222228,,5.725123180457751,True,2.6,1.0,10,1.6,True,26.649990000000003,5.725123180457751
Mel B,Maksim Chmerkoskiy,Singer/Rapper,,England,32,5,2nd Place,2,8,8,8,,7,8,8,,9,9,9,,8,9,9,,10,9,10,,10,10,10,,9,9,9,,9,9.5,9.5,,10,10,10,,9.3333,9.3333,9.6666,,,,,,24.0,3.0,23.0,4.0,27.0,1.0,26.0,5.0,29.0,1.0,30.0,1.0,27.0,1.0,28.0,2.0,30.0,1.0,28.3332,1.0,,,10,7.909722222222221,10.413223140495868,9.690000000000001,4.888888888888889,7.859375,6.775510204081633,0.4166666666666667,2.6599999999999997,0.6875,5.950345682222228,,5.725123180457751,True,2.0,2.0,10,0.0,True,27.23332,5.725123180457751
Wayne Newton,Cheryl Burke,Singer/Rapper,Virginia,United States,65,5,Eliminated Week 3,10,6,7,6,,5,5,5,,6,6,6,,0,0,0,,0,0,0,,0,0,0,,0,0,0,,0,0,0,,0,0,0,,0,0,0,,,,,,19.0,10.0,15.0,11.0,18.0,10.0,,,,,,,,,,,,,,,,,3,7.909722222222221,10.413223140495868,9.690000000000001,4.888888888888889,7.859375,6.775510204081633,0.4166666666666667,2.6599999999999997,0.6875,5.950345682222228,,5.725123180457751,True,10.333333333333334,10.0,3,0.3333333333333339,True,17.333333333333332,5.725123180457751
Marie Osmond,Jonathan Roberts,Singer/Rapper,Utah,United States,47,5,3rd Place,3,7,7,7,,8,8,8,,9,8,9,,9,9,8,,7,7,7,,8,8,7,,9,8.5,8.5,,8,8.5,8,,9.5,9.5,9,,8,7.5,7.5,,,,,,21.0,5.0,24.0,3.0,26.0,4.0,26.0,5.0,21.0,7.0,23.0,6.0,26.0,3.0,24.5,5.0,28.0,4.0,23.0,3.0,,,10,7.909722222222221,10.413223140495868,9.690000000000001,4.888888888888889,7.859375,6.775510204081633,0.4166666666666667,2.6599999999999997,0.6875,5.950345682222228,,5.725123180457751,True,4.5,3.0,10,1.5,True,24.25,5.725123180457751
Mark Cuban,Kym Johnson,TV Personality,Pennsylvania,United States,49,5,Eliminated Week 5,8,7,7,7,,6,6,6,,6,7,7,,7,8,7,,7,7,7,,0,0,0,,0,0,0,,0,0,0,,0,0,0,,0,0,0,,,,,,21.0,5.0,18.0,10.0,20.0,9.0,22.0,9.0,21.0,7.0,,,,,,,,,,,,,5,7.909722222222221,10.413223140495868,9.690000000000001,4.888888888888889,7.859375,6.775510204081633,0.4166666666666667,2.6599999999999997,0.6875,5.950345682222228,,5.725123180457751,True,8.0,8.0,5,0.0,True,20.4,5.725123180457751
Cristian de la Fuente,Cheryl Burke,Actor/Actress,,Chile,34,6,3rd Place,3,7,7,7,,7,6,7,,8,8,9,,9,8,9,,7,8,8,,9,9,9,,7.5,7.5,8,,10,9,9.5,,9.5,9,9.5,,9,8,9,,,,,,21.0,6.0,20.0,8.0,25.0,3.0,26.0,4.0,23.0,5.0,27.0,3.0,23.0,6.0,28.5,1.0,28.0,2.0,26.0,3.0,,,10,13.6875,16.243055555555554,6.159999999999999,10.0,7.0,7.63265306122449,2.0625,1.4600000000000002,0.875,2.7222222222222228,,6.784293083900226,True,4.1,3.0,10,1.0999999999999996,True,24.75,6.784293083900226
Steve Guttenberg,Anna Trebunskaya,Actor/Actress,New York,United States,49,6,Eliminated Week 3,10,6,6,6,,6,5,5,,7,7,7,,0,0,0,,0,0,0,,0,0,0,,0,0,0,,0,0,0,,0,0,0,,0,0,0,,,,,,18.0,8.0,16.0,11.0,21.0,6.0,,,,,,,,,,,,,,,,,3,13.6875,16.243055555555554,6.159999999999999,10.0,7.0,7.63265306122449,2.0625,1.4600000000000002,0.875,2.7222222222222228,,6.784293083900226,True,8.333333333333334,10.0,3,-1.666666666666666,True,18.333333333333332,6.784293083900226
Priscilla Presley,Louis van Amstel,Actor/Actress,New York,United States,62,6,Eliminated Week 5,8,8,8,8,,7,7,7,,8,9,9,,7,7,8,,7,7,7,,0,0,0,,0,0,0,,0,0,0,,0,0,0,,0,0,0,,,,,,24.0,2.0,21.0,6.0,26.0,2.0,22.0,8.0,21.0,8.0,,,,,,,,,,,,,5,13.6875,16.243055555555554,6.159999999999999,10.0,7.0,7.63265306122449,2.0625,1.4600000000000002,0.875,2.7222222222222228,,6.784293083900226,True,5.2,8.0,5,-2.8,True,22.8,6.784293083900226
Marlee Matlin,Fabian Sanchez,Actor/Actress,Illinois,United States,42,6,Eliminated Week 6,7,7,7,8,,8,8,8,,7,7,7,,8,8,8,,7,7,8,,7,7,7,,0,0,0,,0,0,0,,0,0,0,,0,0,0,,,,,,22.0,4.0,24.0,4.0,21.0,6.0,24.0,5.0,22.0,7.0,21.0,7.0,,,,,,,,,,,6,13.6875,16.243055555555554,6.159999999999999,10.0,7.0,7.63265306122449,2.0625,1.4600000000000002,0.875,2.7222222222222228,,6.784293083900226,True,5.5,7.0,6,-1.5,True,22.333333333333332,6.784293083900226
Shannon Elizabeth,Derek Hough,Actor/Actress,Texas,United States,34,6,Eliminated Week 7,6,7,7,7,,8,8,8,,8,8,8,,9,10,9,,8,8,7,,8,8,8,,8.5,8.5,8.5,,0,0,0,,0,0,0,,0,0,0,,,,,,21.0,6.0,24.0,4.0,24.0,4.0,28.0,3.0,23.0,5.0,24.0,5.0,25.5,4.0,,,,,,,,,7,13.6875,16.243055555555554,6.159999999999999,10.0,7.0,7.63265306122449,2.0625,1.4600000000000002,0.875,2.7222222222222228,,6.784293083900226,True,4.428571428571429,6.0,7,-1.5714285714285712,True,24.214285714285715,6.784293083900226
Marissa Jaret Winokur,Tony Dovolani,Actor/Actress,New York,United States,35,6,Eliminated Week 9,4,6,6,6,,7,7,7,,6,7,6,,8,8,8,,8,8,8,,9,8,9,,9,8.5,8.5,,8.5,8,8.5,,8.5,9,8.5,,0,0,0,,,,,,18.0,8.0,21.0,6.0,19.0,10.0,24.0,5.0,24.0,4.0,26.0,4.0,26.0,3.0,25.0,5.0,26.0,4.0,,,,,9,13.6875,16.243055555555554,6.159999999999999,10.0,7.0,7.63265306122449,2.0625,1.4600000000000002,0.875,2.7222222222222228,,6.784293083900226,True,5.444444444444445,4.0,9,1.4444444444444446,True,23.22222222222222,6.784293083900226
Jason Taylor,Edyta Sliwinska,Athlete,Pennsylvania,United States,33,6,2nd Place,2,7,8,7,,9,9,9,,8,7,8,,10,9,10,,9,9,9,,8,8,8,,9.5,8.5,9.5,,9,8,9,,9,9.5,9,,9.5,9.5,9.5,,,,,,22.0,4.0,27.0,1.0,23.0,5.0,29.0,1.0,27.0,2.0,24.0,5.0,27.5,1.0,26.0,4.0,27.5,3.0,28.5,2.0,,,10,13.6875,16.243055555555554,6.159999999999999,10.0,7.0,7.63265306122449,2.0625,1.4600000000000002,0.875,2.7222222222222228,,6.784293083900226,True,2.8,2.0,10,0.7999999999999998,True,26.15,6.784293083900226
Kristi Yamaguchi,Mark Ballas,Athlete,California,United States,36,6,1st Place,1,9,9,9,,9,9,9,,9,9,9,,10,9,10,,9,10,10,,10,10,10,,9.5,8,9.5,,8.5,9.5,9.5,,9.5,9,10,,10,10,10,,,,,,27.0,1.0,27.0,1.0,27.0,1.0,29.0,1.0,29.0,1.0,30.0,1.0,27.0,2.0,27.5,2.0,28.5,1.0,30.0,1.0,,,10,13.6875,16.243055555555554,6.159999999999999,10.0,7.0,7.63265306122449,2.0625,1.4600000000000002,0.875,2.7222222222222228,,6.784293083900226,True,1.2,1.0,10,0.19999999999999996,True,28.2,6.784293083900226
Monica Seles,Jonathan Roberts,Athlete,,Yugoslavia,34,6,Eliminated Week 2,11,5,5,5,,5,5,5,,0,0,0,,0,0,0,,0,0,0,,0,0,0,,0,0,0,,0,0,0,,0,0,0,,0,0,0,,,,,,15.0,11.0,15.0,12.0,,,,,,,,,,,,,,,,,,,2,13.6875,16.243055555555554,6.159999999999999,10.0,7.0,7.63265306122449,2.0625,1.4600000000000002,0.875,2.7222222222222228,,6.784293083900226,True,11.5,11.0,2,0.5,True,15.0,6.784293083900226
Penn Jillette,Kym Johnson,Magician,Massachusetts,United States,53,6,Eliminated Week 2,12,5,6,5,,6,6,5,,0,0,0,,0,0,0,,0,0,0,,0,0,0,,0,0,0,,0,0,0,,0,0,0,,0,0,0,,,,,,16.0,10.0,17.0,10.0,,,,,,,,,,,,,,,,,,,2,13.6875,16.243055555555554,6.159999999999999,10.0,7.0,7.63265306122449,2.0625,1.4600000000000002,0.875,2.7222222222222228,,6.784293083900226,True,10.0,12.0,2,-2.0,True,16.5,6.784293083900226
Adam Carolla,Julianne Hough,Radio Personality,California,United States,43,6,Eliminated Week 4,9,5,5,5,,6,7,6,,7,7,7,,6,7,6,,0,0,0,,0,0,0,,0,0,0,,0,0,0,,0,0,0,,0,0,0,,,,,,15.0,11.0,19.0,9.0,21.0,6.0,19.0,9.0,,,,,,,,,,,,,,,4,13.6875,16.243055555555554,6.159999999999999,10.0,7.0,7.63265306122449,2.0625,1.4600000000000002,0.875,2.7222222222222228,,6.784293083900226,True,8.75,9.0,4,-0.25,True,18.5,6.784293083900226
Mario,Karina Smirnoff,Singer/Rapper,Maryland,United States,21,6,Eliminated Week 8,5,8,8,8,,9,8,9,,7,6,8,,8,7,9,,9,9,9,,9,9,10,,8.5,8.5,8.5,,9,8.5,9,,0,0,0,,0,0,0,,,,,,24.0,2.0,26.0,3.0,21.0,6.0,24.0,5.0,27.0,2.0,28.0,2.0,25.5,4.0,26.5,3.0,,,,,,,8,13.6875,16.243055555555554,6.159999999999999,10.0,7.0,7.63265306122449,2.0625,1.4600000000000002,0.875,2.7222222222222228,,6.784293083900226,True,3.375,5.0,8,-1.625,True,25.25,6.784293083900226
Ted McGinley,Inna Brayer,Actor/Actress,California,United States,50,7,Eliminated Week 1,12,6,6,6.5,,0,0,0,,0,0,0,,0,0,0,,0,0,0,,0,0,0,,0,0,0,,0,0,0,,0,0,0,,0,0,0,,,,,,18.5,8.0,,,,,,,,,,,,,,,,,,,,,1,9.275147928994084,8.62809917355372,10.098765432098766,6.024691358024691,9.484375,13.83673469387755,8.25,2.2,4.171875,1.3888888888888886,,7.33585774754377,True,8.0,12.0,1,-4.0,True,18.5,7.33585774754377
Cloris Leachman,Corky Ballas,Actor/Actress,Iowa,United States,82,7,Eliminated Week 6,7,6,5,5,,5,5,5,,6,5,5,,8,7,7,,7,7,7,,5,5,5,,0,0,0,,0,0,0,,0,0,0,,0,0,0,,,,,,16.0,12.0,15.0,11.0,16.0,9.0,22.0,5.0,21.0,7.0,15.0,7.0,,,,,,,,,,,6,9.275147928994084,8.62809917355372,10.098765432098766,6.024691358024691,9.484375,13.83673469387755,8.25,2.2,4.171875,1.3888888888888886,,7.33585774754377,True,8.5,7.0,6,1.5,True,17.5,7.33585774754377
Susan Lucci,Tony Dovolani,Actor/Actress,New York,United States,61,7,Eliminated Week 7,6,6,6,6.5,,7,7,7,,7,7,7,,8,8,8,,7,7,8,,8,8,7,,8,8,8,,0,0,0,,0,0,0,,0,0,0,,,,,,18.5,8.0,21.0,4.0,21.0,6.0,24.0,3.0,22.0,5.0,23.0,4.0,24.0,4.0,,,,,,,,,7,9.275147928994084,8.62809917355372,10.098765432098766,6.024691358024691,9.484375,13.83673469387755,8.25,2.2,4.171875,1.3888888888888886,,7.33585774754377,True,4.857142857142857,6.0,7,-1.1428571428571432,True,21.928571428571427,7.33585774754377
Cody Linley,Julianne Hough,Actor/Actress,Texas,United States,18,7,Eliminated Week 9,4,7,6.5,7,,7,7,7,,7,7,7,,7,8,8,,10,9,9,,8,8,7,,8,7,7,,8,8,8,,8,7.5,7.5,,0,0,0,,,,,,20.5,6.0,21.0,4.0,21.0,6.0,23.0,4.0,28.0,2.0,23.0,4.0,22.0,5.0,24.0,4.0,23.0,4.0,,,,,9,9.275147928994084,8.62809917355372,10.098765432098766,6.024691358024691,9.484375,13.83673469387755,8.25,2.2,4.171875,1.3888888888888886,,7.33585774754377,True,4.333333333333333,4.0,9,0.33333333333333304,True,22.833333333333332,7.33585774754377
Misty May-Treanor,Maksim Chmerkoskiy,Athlete,California,United States,31,7,Withdrew,10,6.5,7.5,7,,7,7,7,,0,0,0,,0,0,0,,0,0,0,,0,0,0,,0,0,0,,0,0,0,,0,0,0,,0,0,0,,,,,,21.0,5.0,21.0,4.0,,,,,,,,,,,,,,,,,,,2,9.275147928994084,8.62809917355372,10.098765432098766,6.024691358024691,9.484375,13.83673469387755,8.25,2.2,4.171875,1.3888888888888886,,7.33585774754377,True,4.5,10.0,2,-5.5,True,21.0,7.33585774754377
Maurice Greene,Cheryl Burke,Athlete,Kansas,United States,34,7,Eliminated Week 8,5,6.5,6.5,6.5,,7,6,6,,8,8,8,,6,7,7,,9,9,9,,7,7,7,,8,9,8,,8,8,8,,0,0,0,,0,0,0,,,,,,19.5,7.0,19.0,8.0,24.0,3.0,20.0,8.0,27.0,3.0,21.0,6.0,25.0,2.0,24.0,4.0,,,,,,,8,9.275147928994084,8.62809917355372,10.098765432098766,6.024691358024691,9.484375,13.83673469387755,8.25,2.2,4.171875,1.3888888888888886,,7.33585774754377,True,5.125,5.0,8,0.125,True,22.4375,7.33585774754377
Warren Sapp,Kym Johnson,Athlete,Florida,United States,35,7,2nd Place,2,7,7,7.5,,8,8,8,,9,8,8,,8,7,7,,8,8,9,,8,9,8,,7,7,7,,9.5,8.5,9,,8.5,8,8,,9,9.5,9,,,,,,21.5,3.0,24.0,1.0,25.0,2.0,22.0,5.0,25.0,4.0,25.0,3.0,21.0,6.0,27.0,2.0,24.5,2.0,27.5,2.0,,,10,9.275147928994084,8.62809917355372,10.098765432098766,6.024691358024691,9.484375,13.83673469387755,8.25,2.2,4.171875,1.3888888888888886,,7.33585774754377,True,3.0,2.0,10,1.0,True,24.25,7.33585774754377
Jeffrey Ross,Edyta Sliwinska,Comedian,New Jersey,United States,43,7,Eliminated Week 1,13,4,4,4,,0,0,0,,0,0,0,,0,0,0,,0,0,0,,0,0,0,,0,0,0,,0,0,0,,0,0,0,,0,0,0,,,,,,12.0,13.0,,,,,,,,,,,,,,,,,,,,,1,9.275147928994084,8.62809917355372,10.098765432098766,6.024691358024691,9.484375,13.83673469387755,8.25,2.2,4.171875,1.3888888888888886,,7.33585774754377,True,13.0,13.0,1,0.0,True,12.0,7.33585774754377
Toni Braxton,Alec Mazo,Singer/Rapper,Maryland,United States,40,7,Eliminated Week 5,8,7.5,7,8,,7,8,8,,8,7,7,,7,7,8,,7,7,8,,0,0,0,,0,0,0,,0,0,0,,0,0,0,,0,0,0,,,,,,22.5,2.0,23.0,3.0,22.0,4.0,22.0,5.0,22.0,5.0,,,,,,,,,,,,,5,9.275147928994084,8.62809917355372,10.098765432098766,6.024691358024691,9.484375,13.83673469387755,8.25,2.2,4.171875,1.3888888888888886,,7.33585774754377,True,3.8,8.0,5,-4.2,True,22.3,7.33585774754377
Lance Bass,Lacey Schwimmer,Singer/Rapper,Mississippi,United States,29,7,3rd Place,3,7.5,6,8,,7,6,7,,8,7,7,,9,8,9,,7,7,7,,9,9,9,,9,7,9,,8.5,7.5,9,,10,9,9.5,,9,9,9.5,,,,,,21.5,3.0,20.0,7.0,22.0,4.0,26.0,1.0,21.0,7.0,27.0,1.0,25.0,2.0,25.0,3.0,28.5,1.0,27.5,2.0,,,10,9.275147928994084,8.62809917355372,10.098765432098766,6.024691358024691,9.484375,13.83673469387755,8.25,2.2,4.171875,1.3888888888888886,,7.33585774754377,True,3.1,3.0,10,0.10000000000000009,True,24.35,7.33585774754377
Kim Kardashian,Mark Ballas,TV Personality,California,United States,27,7,Eliminated Week 2,11,6,6.5,6,,6,6,5,,0,0,0,,0,0,0,,0,0,0,,0,0,0,,0,0,0,,0,0,0,,0,0,0,,0,0,0,,,,,,18.5,8.0,17.0,9.0,,,,,,,,,,,,,,,,,,,2,9.275147928994084,8.62809917355372,10.098765432098766,6.024691358024691,9.484375,13.83673469387755,8.25,2.2,4.171875,1.3888888888888886,,7.33585774754377,True,8.5,11.0,2,-2.5,True,17.75,7.33585774754377
Rocco DiSpirito,Karina Smirnoff,TV Personality,New York,United States,41,7,Eliminated Week 4,9,6,5.5,6,,5,6,5,,7,7,6,,6,6,6,,0,0,0,,0,0,0,,0,0,0,,0,0,0,,0,0,0,,0,0,0,,,,,,17.5,11.0,16.0,10.0,20.0,8.0,18.0,9.0,,,,,,,,,,,,,,,4,9.275147928994084,8.62809917355372,10.098765432098766,6.024691358024691,9.484375,13.83673469387755,8.25,2.2,4.171875,1.3888888888888886,,7.33585774754377,True,9.5,9.0,4,0.5,True,17.875,7.33585774754377
Brooke Burke,Derek Hough,TV Personality,Connecticut,United States,37,7,1st Place,1,8,8,8.5,,8,8,8,,9,10,9,,9,8,9,,10,9,10,,8,10,8,,10,10,10,,9.5,8.5,9.5,,8,8.5,8,,10,10,10,,,,,,24.5,1.0,24.0,1.0,28.0,1.0,26.0,1.0,29.0,1.0,26.0,2.0,30.0,1.0,27.5,1.0,24.5,2.0,30.0,1.0,,,10,9.275147928994084,8.62809917355372,10.098765432098766,6.024691358024691,9.484375,13.83673469387755,8.25,2.2,4.171875,1.3888888888888886,,7.33585774754377,True,1.2,1.0,10,0.19999999999999996,True,26.95,7.33585774754377
Gilles Marini,Cheryl Burke,Actor/Actress,,France,33,8,2nd Place,2,8,8,8,,9,9,9,,9,9,9,,10,10,10,,10,9,10,,9,8,9,,9,9,9,,9,9,9.5,,9.5,9,9.5,,10,10,10,,9.5,10,9.5,,24.0,1.0,27.0,1.0,27.0,1.0,30.0,1.0,29.0,1.0,26.0,3.0,27.0,3.0,27.5,2.0,28.0,2.0,30.0,1.0,29.0,2.0,11,10.828402366863905,13.159763313609469,28.305555555555557,31.818181818181817,10.666666666666666,16.6875,6.285714285714286,2.5833333333333335,4.159999999999999,4.671875,0.38888888888888884,11.77780738443763,True,1.6363636363636365,2.0,11,-0.36363636363636354,True,27.681818181818183,11.77780738443763
Denise Richards,Maksim Chmerkoskiy,Actor/Actress,Illinois,United States,38,8,Eliminated Week 3,12,6,6,6,,7,7,7,,5,6,5,,0,0,0,,0,0,0,,0,0,0,,0,0,0,,0,0,0,,0,0,0,,0,0,0,,0,0,0,,18.0,7.0,21.0,5.0,16.0,10.0,,,,,,,,,,,,,,,,,3,10.828402366863905,13.159763313609469,28.305555555555557,31.818181818181817,10.666666666666666,16.6875,6.285714285714286,2.5833333333333335,4.159999999999999,4.671875,0.38888888888888884,11.77780738443763,True,7.333333333333333,12.0,3,-4.666666666666667,True,18.333333333333332,11.77780738443763
David Alan Grier,Kym Johnson,Actor/Actress,Michigan,United States,52,8,Eliminated Week 5,9,6,7,6,,6,5,6,,8,8,8,,8,7,7,,7,8,7,,0,0,0,,0,0,0,,0,0,0,,0,0,0,,0,0,0,,0,0,0,,19.0,6.0,17.0,11.0,24.0,5.0,22.0,6.0,22.0,6.0,,,,,,,,,,,,,5,10.828402366863905,13.159763313609469,28.305555555555557,31.818181818181817,10.666666666666666,16.6875,6.285714285714286,2.5833333333333335,4.159999999999999,4.671875,0.38888888888888884,11.77780738443763,True,6.8,9.0,5,-2.2,True,20.8,11.77780738443763
Lawrence Taylor,Edyta Sliwinska,Athlete,Virginia,United States,50,8,Eliminated Week 7,7,6,5,5,,7,6,7,,7,6,7,,7,5,7,,6,7,7,,7,7,8,,7,7,7,,0,0,0,,0,0,0,,0,0,0,,0,0,0,,16.0,11.0,20.0,6.0,20.0,8.0,19.0,8.0,20.0,8.0,22.0,6.0,21.0,7.0,,,,,,,,,7,10.828402366863905,13.159763313609469,28.305555555555557,31.818181818181817,10.666666666666666,16.6875,6.285714285714286,2.5833333333333335,4.159999999999999,4.671875,0.38888888888888884,11.77780738443763,True,7.714285714285714,7.0,7,0.7142857142857144,True,19.714285714285715,11.77780738443763
Ty Murray,Chelsie Hightower,Athlete,Arizona,United States,39,8,Eliminated Week 10,4,5,4,5,,7,6,7,,8,8,7,,9,8,8,,7,7,7,,6,6,6,,8,8,8,,9,8,9,,7.5,8,7.5,,8,8,8,,0,0,0,,14.0,12.0,20.0,6.0,23.0,6.0,25.0,4.0,21.0,7.0,18.0,7.0,24.0,6.0,26.0,3.0,23.0,5.0,24.0,4.0,,,10,10.828402366863905,13.159763313609469,28.305555555555557,31.818181818181817,10.666666666666666,16.6875,6.285714285714286,2.5833333333333335,4.159999999999999,4.671875,0.38888888888888884,11.77780738443763,True,6.0,4.0,10,2.0,True,21.8,11.77780738443763
Shawn Johnson,Mark Ballas,Athlete,Iowa,United States,17,8,1st Place,1,8,8,7,,8,8,8,,9,9,9,,8,8,9,,9,8,9,,8,9,9,,9,9,10,,9,8,9,,9.5,9,9.5,,9.5,9,9.5,,10,10,10,,23.0,2.0,24.0,3.0,27.0,1.0,25.0,4.0,26.0,2.0,26.0,3.0,28.0,2.0,26.0,3.0,28.0,2.0,28.0,2.0,30.0,1.0,11,10.828402366863905,13.159763313609469,28.305555555555557,31.818181818181817,10.666666666666666,16.6875,6.285714285714286,2.5833333333333335,4.159999999999999,4.671875,0.38888888888888884,11.77780738443763,True,2.272727272727273,1.0,11,1.272727272727273,True,26.454545454545453,11.77780738443763
Steve Wozniak,Karina Smirnoff,Entrepreneur,California,United States,58,8,Eliminated Week 4,10,5,4,4,,6,5,6,,4,3,3,,4,4,4,,0,0,0,,0,0,0,,0,0,0,,0,0,0,,0,0,0,,0,0,0,,0,0,0,,13.0,13.0,17.0,11.0,10.0,12.0,12.0,11.0,,,,,,,,,,,,,,,4,10.828402366863905,13.159763313609469,28.305555555555557,31.818181818181817,10.666666666666666,16.6875,6.285714285714286,2.5833333333333335,4.159999999999999,4.671875,0.38888888888888884,11.77780738443763,True,11.75,10.0,4,1.75,True,13.0,11.77780738443763
Belinda Carlisle,Jonathan Roberts,Singer/Rapper,California,United States,50,8,Eliminated Week 2,13,6,6,5,,6,6,6,,0,0,0,,0,0,0,,0,0,0,,0,0,0,,0,0,0,,0,0,0,,0,0,0,,0,0,0,,0,0,0,,17.0,9.0,18.0,9.0,,,,,,,,,,,,,,,,,,,2,10.828402366863905,13.159763313609469,28.305555555555557,31.818181818181817,10.666666666666666,16.6875,6.285714285714286,2.5833333333333335,4.159999999999999,4.671875,0.38888888888888884,11.77780738443763,True,9.0,13.0,2,-4.0,True,17.5,11.77780738443763
Chuck Wicks,Julianne Hough,Singer/Rapper,Delaware,United States,29,8,Eliminated Week 8,6,6,7,7,,6,7,7,,8,7,8,,8,7,7,,7,8,8,,8,7,8,,9,9,9,,8.5,8.5,8.5,,0,0,0,,0,0,0,,0,0,0,,20.0,5.0,20.0,6.0,23.0,6.0,22.0,6.0,23.0,5.0,23.0,5.0,27.0,3.0,25.5,5.0,,,,,,,8,10.828402366863905,13.159763313609469,28.305555555555557,31.818181818181817,10.666666666666666,16.6875,6.285714285714286,2.5833333333333335,4.159999999999999,4.671875,0.38888888888888884,11.77780738443763,True,5.125,6.0,8,-0.875,True,22.9375,11.77780738443763
Lil' Kim,Derek Hough,Singer/Rapper,New York,United States,34,8,Eliminated Week 9,5,7,7,7,,8,7,8,,8,8,9,,9,8,10,,9,8,9,,10,8,10,,9,8,9,,9,9,10,,8.5,9,8.5,,0,0,0,,0,0,0,,21.0,4.0,23.0,4.0,25.0,4.0,27.0,3.0,26.0,2.0,28.0,1.0,26.0,5.0,28.0,1.0,26.0,4.0,,,,,9,10.828402366863905,13.159763313609469,28.305555555555557,31.818181818181817,10.666666666666666,16.6875,6.285714285714286,2.5833333333333335,4.159999999999999,4.671875,0.38888888888888884,11.77780738443763,True,3.111111111111111,5.0,9,-1.8888888888888888,True,25.555555555555557,11.77780738443763
Steve-O,Lacey Schwimmer,TV Personality,,England,34,8,Eliminated Week 6,8,6,5,6,,5,4,5,,5,5,5,,5,5,5,,6,6,6,,7,4,5,,0,0,0,,0,0,0,,0,0,0,,0,0,0,,0,0,0,,17.0,9.0,14.0,13.0,15.0,11.0,15.0,10.0,18.0,9.0,16.0,8.0,,,,,,,,,,,6,10.828402366863905,13.159763313609469,28.305555555555557,31.818181818181817,10.666666666666666,16.6875,6.285714285714286,2.5833333333333335,4.159999999999999,4.671875,0.38888888888888884,11.77780738443763,True,10.0,8.0,6,2.0,True,15.833333333333334,11.77780738443763
Holly Madison,Dmitry Chaplin,TV Personality,Oregon,United States,30,8,Eliminated Week 4,11,6,6,6,,6,6,6,,5,6,6,,5,6,5,,0,0,0,,0,0,0,,0,0,0,,0,0,0,,0,0,0,,0,0,0,,0,0,0,,18.0,7.0,18.0,9.0,17.0,9.0,16.0,9.0,,,,,,,,,,,,,,,4,10.828402366863905,13.159763313609469,28.305555555555557,31.818181818181817,10.666666666666666,16.6875,6.285714285714286,2.5833333333333335,4.159999999999999,4.671875,0.38888888888888884,11.77780738443763,True,8.5,11.0,4,-2.5,True,17.25,11.77780738443763
Melissa Rycroft,Tony Dovolani,TV Personality,Texas,United States,26,8,3rd Place,3,8,7,8,,9,8,9,,9,9,9,,10,9,10,,8,8,9,,9,9,9,,10,9,10,,7.5,7.5,8,,9.5,9.5,9.5,,9,9.5,9,,9.5,9.5,9.5,,23.0,2.0,26.0,2.0,27.0,1.0,29.0,2.0,25.0,4.0,27.0,2.0,29.0,1.0,23.0,6.0,28.5,1.0,27.5,3.0,28.5,3.0,11,10.828402366863905,13.159763313609469,28.305555555555557,31.818181818181817,10.666666666666666,16.6875,6.285714285714286,2.5833333333333335,4.159999999999999,4.671875,0.38888888888888884,11.77780738443763,True,2.4545454545454546,3.0,11,-0.5454545454545454,True,26.681818181818183,11.77780738443763
Ashley Hamiliton,Edyta Sliwinska,Actor/Actress,California,United States,34,9,Eliminated Week 1,16,6.3333,7.3333,5.3333,,0,0,0,,0,0,0,,0,0,0,,0,0,0,,0,0,0,,0,0,0,,0,0,0,,0,0,0,,0,0,0,,,,,,18.9999,15.0,,,,,,,,,,,,,,,,,,,,,1,26.609037504999996,8.857142857142858,13.822485207100593,19.09090909090909,5.5600000000000005,23.210076549876536,3.6020408163265296,2.86,2.5000166718749974,2.7103264800000004,,10.88220351782306,True,15.0,16.0,1,-1.0,True,18.9999,10.882203517823061
Debi Mazar,Maksim Chmerkoskiy,Actor/Actress,New York,United States,45,9,Eliminated Week 3,12,8,7,7,,7,7,7,,6,5,6,,0,0,0,,0,0,0,,0,0,0,,0,0,0,,0,0,0,,0,0,0,,0,0,0,,,,,,22.0,10.0,21.0,4.0,17.0,10.0,,,,,,,,,,,,,,,,,3,26.609037504999996,8.857142857142858,13.822485207100593,19.09090909090909,5.5600000000000005,23.210076549876536,3.6020408163265296,2.86,2.5000166718749974,2.7103264800000004,,10.88220351782306,True,8.0,12.0,3,-4.0,True,20.0,10.882203517823061
Melissa Joan Hart,Mark Ballas,Actor/Actress,New York,United States,33,9,Eliminated Week 6,9,8,8,8,,7,6,6,,6,6,7,,9,9,10,,8,8,7,,8.3333,8.3333,7.3333,,0,0,0,,0,0,0,,0,0,0,,0,0,0,,,,,,24.0,9.0,19.0,9.0,19.0,8.0,28.0,1.0,23.0,7.0,23.9999,8.0,,,,,,,,,,,6,26.609037504999996,8.857142857142858,13.822485207100593,19.09090909090909,5.5600000000000005,23.210076549876536,3.6020408163265296,2.86,2.5000166718749974,2.7103264800000004,,10.88220351782306,True,7.0,9.0,6,-2.0,True,22.833316666666665,10.882203517823061
Mark Dacascos,Lacey Schwimmer,Actor/Actress,Hawaii,United States,45,9,Eliminated Week 7,6,9.6666,9.6666,9.6666,,7,7,7,,6,6,6,,8,7,7,,9,9,8,,11,11,10,,7,7.5,7,,0,0,0,,0,0,0,,0,0,0,,,,,,28.9998,6.0,21.0,4.0,18.0,9.0,22.0,7.0,26.0,3.0,32.0,4.0,21.5,7.0,,,,,,,,,7,26.609037504999996,8.857142857142858,13.822485207100593,19.09090909090909,5.5600000000000005,23.210076549876536,3.6020408163265296,2.86,2.5000166718749974,2.7103264800000004,,10.88220351782306,True,5.714285714285714,6.0,7,-0.2857142857142856,True,24.214257142857143,10.882203517823061
Chuck Liddell,Anna Trebunskaya,Athlete,California,United States,39,9,Eliminated Week 4,11,8,7,7,,6,7,6,,6,5,6,,6,5,6,,0,0,0,,0,0,0,,0,0,0,,0,0,0,,0,0,0,,0,0,0,,,,,,22.0,10.0,19.0,9.0,17.0,10.0,17.0,9.0,,,,,,,,,,,,,,,4,26.609037504999996,8.857142857142858,13.822485207100593,19.09090909090909,5.5600000000000005,23.210076549876536,3.6020408163265296,2.86,2.5000166718749974,2.7103264800000004,,10.88220351782306,True,9.5,11.0,4,-1.5,True,18.75,10.882203517823061
Natalie Coughlin,Alec Mazo,Athlete,California,United States,27,9,Eliminated Week 5,10,9.6666,8.6666,8.6666,,7,7,7,,9,8,9,,8,8,8,,7,8,7,,0,0,0,,0,0,0,,0,0,0,,0,0,0,,0,0,0,,,,,,26.9998,7.0,21.0,4.0,26.0,2.0,24.0,4.0,22.0,8.0,,,,,,,,,,,,,5,26.609037504999996,8.857142857142858,13.822485207100593,19.09090909090909,5.5600000000000005,23.210076549876536,3.6020408163265296,2.86,2.5000166718749974,2.7103264800000004,,10.88220351782306,True,5.0,10.0,5,-5.0,True,23.999959999999998,10.882203517823061
Louie Vito,Chelsie Hightower,Athlete,Ohio,United States,21,9,Eliminated Week 6,8,8.6666,9.6666,8.6666,,6,7,6,,8,5,7,,5,5,6,,7,8,7,,8,8,8,,0,0,0,,0,0,0,,0,0,0,,0,0,0,,,,,,26.9998,7.0,19.0,9.0,20.0,6.0,16.0,10.0,22.0,8.0,24.0,7.0,,,,,,,,,,,6,26.609037504999996,8.857142857142858,13.822485207100593,19.09090909090909,5.5600000000000005,23.210076549876536,3.6020408163265296,2.86,2.5000166718749974,2.7103264800000004,,10.88220351782306,True,7.833333333333333,8.0,6,-0.16666666666666696,True,21.333299999999998,10.882203517823061
Michael Irvin,Anna Demidova,Athlete,Florida,United States,43,9,Eliminated Week 7,7,7,6,6,,7,7,6,,5,4,5,,5,6,5,,7,7,7,,6.6666,8.6666,6.6666,,8,8,7.5,,0,0,0,,0,0,0,,0,0,0,,,,,,19.0,14.0,20.0,7.0,14.0,13.0,16.0,10.0,21.0,10.0,21.9998,9.0,23.5,6.0,,,,,,,,,7,26.609037504999996,8.857142857142858,13.822485207100593,19.09090909090909,5.5600000000000005,23.210076549876536,3.6020408163265296,2.86,2.5000166718749974,2.7103264800000004,,10.88220351782306,True,9.857142857142858,7.0,7,2.8571428571428577,True,19.357114285714285,10.882203517823061
Joanna Krupa,Derek Hough,Model,,Poland,30,9,Eliminated Week 9,4,11.3333,11.3333,11.3333,,6,7,7,,7,8,8,,9,8,9,,8,8,8,,11.3333,12.3333,12.3333,,9,9,9.5,,8.5,8.5,9,,9,9,9,,0,0,0,,,,,,33.9999,1.0,20.0,7.0,23.0,3.0,26.0,3.0,24.0,4.0,35.9999,1.0,27.5,1.0,26.0,2.0,27.0,2.0,,,,,9,26.609037504999996,8.857142857142858,13.822485207100593,19.09090909090909,5.5600000000000005,23.210076549876536,3.6020408163265296,2.86,2.5000166718749974,2.7103264800000004,,10.88220351782306,True,2.6666666666666665,4.0,9,-1.3333333333333335,True,27.055533333333333,10.882203517823061
Kathy Ireland,Tony Dovolani,Model,California,United States,46,9,Eliminated Week 2,14,7.3333,6.3333,6.3333,,6,6,6,,0,0,0,,0,0,0,,0,0,0,,0,0,0,,0,0,0,,0,0,0,,0,0,0,,0,0,0,,,,,,19.9999,12.0,18.0,13.0,,,,,,,,,,,,,,,,,,,2,26.609037504999996,8.857142857142858,13.822485207100593,19.09090909090909,5.5600000000000005,23.210076549876536,3.6020408163265296,2.86,2.5000166718749974,2.7103264800000004,,10.88220351782306,True,12.5,14.0,2,-1.5,True,18.99995,10.882203517823061
Tom DeLay,Cheryl Burke,Politician,Texas,United States,62,9,Withdrew,13,7.3333,6.3333,6.3333,,6,6,6,,6,4,5,,0,0,0,,0,0,0,,0,0,0,,0,0,0,,0,0,0,,0,0,0,,0,0,0,,,,,,19.9999,12.0,18.0,13.0,15.0,12.0,,,,,,,,,,,,,,,,,3,26.609037504999996,8.857142857142858,13.822485207100593,19.09090909090909,5.5600000000000005,23.210076549876536,3.6020408163265296,2.86,2.5000166718749974,2.7103264800000004,,10.88220351782306,True,12.333333333333334,13.0,3,-0.6666666666666661,True,17.666633333333333,10.882203517823061
Macy Gray,Jonathan Roberts,Singer/Rapper,Ohio,United States,42,9,Eliminated Week 1,15,7.3333,5.3333,6.3333,,0,0,0,,0,0,0,,0,0,0,,0,0,0,,0,0,0,,0,0,0,,0,0,0,,0,0,0,,0,0,0,,,,,,18.9999,15.0,,,,,,,,,,,,,,,,,,,,,1,26.609037504999996,8.857142857142858,13.822485207100593,19.09090909090909,5.5600000000000005,23.210076549876536,3.6020408163265296,2.86,2.5000166718749974,2.7103264800000004,,10.88220351782306,True,15.0,15.0,1,0.0,True,18.9999,10.882203517823061
Aaron Carter,Karina Smirnoff,Singer/Rapper,Florida,United States,21,9,Eliminated Week 8,5,10.3333,11.3333,10.3333,,9,9,9,,8,6,7,,6,6,6,,8,8,8,,10.6666,11.6666,10.6666,,8.5,9,9,,8,8.5,8.5,,0,0,0,,0,0,0,,,,,,31.9999,2.0,27.0,1.0,21.0,4.0,18.0,8.0,24.0,4.0,32.9998,3.0,26.5,2.0,25.0,4.0,,,,,,,8,26.609037504999996,8.857142857142858,13.822485207100593,19.09090909090909,5.5600000000000005,23.210076549876536,3.6020408163265296,2.86,2.5000166718749974,2.7103264800000004,,10.88220351782306,True,3.5,5.0,8,-1.5,True,25.8124625,10.882203517823061
Mya,Dmitry Chaplin,Singer/Rapper,Washington D.C.,United States,29,9,2nd Place,2,11.3333,8.3333,11.3333,,9,9,9,,10,7,10,,10,8,10,,9,9,9,,11,10,12,,8.5,7.5,8.5,,9.5,10,10,,9.3333,9.6666,10,,9.4444,9.4444,9.4444,,,,,,30.9999,3.0,27.0,1.0,27.0,1.0,28.0,1.0,27.0,2.0,33.0,2.0,24.5,5.0,29.5,1.0,28.9999,1.0,28.3332,2.0,,,10,26.609037504999996,8.857142857142858,13.822485207100593,19.09090909090909,5.5600000000000005,23.210076549876536,3.6020408163265296,2.86,2.5000166718749974,2.7103264800000004,,10.88220351782306,True,1.9,2.0,10,-0.10000000000000009,True,28.433299999999996,10.882203517823061
Donny Osmond,Kym Johnson,Singer/Rapper,Utah,United States,51,9,1st Place,1,10.3333,9.3333,10.3333,,8,9,8,,7,7,7,,8,8,8,,10,9,10,,10.3333,10.3333,10.3333,,8.5,8.5,9,,8.5,8,8.5,,8,8.3333,8.3333,,9.6666,9.6666,9.6666,,,,,,29.9999,5.0,25.0,3.0,21.0,4.0,24.0,4.0,29.0,1.0,30.9999,5.0,26.0,3.0,25.0,4.0,24.666600000000003,4.0,28.9998,1.0,,,10,26.609037504999996,8.857142857142858,13.822485207100593,19.09090909090909,5.5600000000000005,23.210076549876536,3.6020408163265296,2.86,2.5000166718749974,2.7103264800000004,,10.88220351782306,True,3.4,1.0,10,2.4,True,26.46662,10.882203517823061
Kelly Osbourne,Louis van Amstel,TV Personality,,England,24,9,3rd Place,3,9.6666,10.6666,10.6666,,6,7,6,,7,6,7,,8,7,8,,8,8,8,,8.6666,7.6666,8.6666,,8.5,8.5,9,,8,8.5,9,,8.6666,8.6666,8.6666,,8.5,8.5,8.2222,,,,,,30.9998,4.0,19.0,9.0,20.0,6.0,23.0,6.0,24.0,4.0,24.9998,6.0,26.0,3.0,25.5,3.0,25.9998,3.0,25.2222,3.0,,,10,26.609037504999996,8.857142857142858,13.822485207100593,19.09090909090909,5.5600000000000005,23.210076549876536,3.6020408163265296,2.86,2.5000166718749974,2.7103264800000004,,10.88220351782306,True,4.7,3.0,10,1.7000000000000002,True,24.472159999999995,10.882203517823061
Aiden Turner,Edyta Sliwinska,Actor/Actress,,England,32,10,Eliminated Week 4,9,5,5,5,,7,6,6,,7,6,7,,5.5,5.5,5.5,,0,0,0,,0,0,0,,0,0,0,,0,0,0,,0,0,0,,0,0,0,,,,,,15.0,10.0,19.0,8.0,20.0,7.0,16.5,8.0,,,,,,,,,,,,,,,4,10.363636363636363,18.181818181818183,13.010000000000002,11.932098765432098,19.484375,14.694020413877544,0.7847222222222223,8.559999999999999,2.0625,0.749065846666666,,9.982223679365308,True,8.25,9.0,4,-0.75,True,17.625,9.982223679365308
Shannen Doherty,Mark Ballas,Actor/Actress,Tennessee,United States,38,10,Eliminated Week 2,11,6,6,6,,7,6,7,,0,0,0,,0,0,0,,0,0,0,,0,0,0,,0,0,0,,0,0,0,,0,0,0,,0,0,0,,,,,,18.0,6.0,20.0,6.0,,,,,,,,,,,,,,,,,,,2,10.363636363636363,18.181818181818183,13.010000000000002,11.932098765432098,19.484375,14.694020413877544,0.7847222222222223,8.559999999999999,2.0625,0.749065846666666,,9.982223679365308,True,6.0,11.0,2,-5.0,True,19.0,9.982223679365308
Niecy Nash,Louis van Amstel,Actor/Actress,California,United States,40,10,Eliminated Week 8,5,7,5,6,,7,7,7,,7,7,7,,6,6,6,,6,6,6,,8.6666,8.6666,8.6666,,8.5,8,8,,7,7,7.5,,0,0,0,,0,0,0,,,,,,18.0,6.0,21.0,5.0,21.0,4.0,18.0,7.0,18.0,6.0,25.9998,6.0,24.5,6.0,21.5,5.0,,,,,,,8,10.363636363636363,18.181818181818183,13.010000000000002,11.932098765432098,19.484375,14.694020413877544,0.7847222222222223,8.559999999999999,2.0625,0.749065846666666,,9.982223679365308,True,5.625,5.0,8,0.625,True,20.999975,9.982223679365308
Buzz Aldrin,Ashly DelGrosso,Astronaut,New Jersey,United States,80,10,Eliminated Week 3,10,5,4,5,,4,4,4,,5,4,4,,0,0,0,,0,0,0,,0,0,0,,0,0,0,,0,0,0,,0,0,0,,0,0,0,,,,,,14.0,11.0,12.0,11.0,13.0,10.0,,,,,,,,,,,,,,,,,3,10.363636363636363,18.181818181818183,13.010000000000002,11.932098765432098,19.484375,14.694020413877544,0.7847222222222223,8.559999999999999,2.0625,0.749065846666666,,9.982223679365308,True,10.666666666666666,10.0,3,0.6666666666666661,True,13.0,9.982223679365308
Chad Ochocinco,Cheryl Burke,Athlete,Florida,United States,32,10,Eliminated Week 9,4,6,6,6,,6,5,5,,7,6,7,,7.5,6.5,8,,6,6,6,,10.3333,10.3333,10.3333,,8.5,9,8.5,,7.5,7.5,7.5,,8.5,8.5,9,,0,0,0,,,,,,18.0,6.0,16.0,9.0,20.0,7.0,22.0,4.0,18.0,6.0,30.9999,3.0,26.0,3.0,22.5,4.0,26.0,4.0,,,,,9,10.363636363636363,18.181818181818183,13.010000000000002,11.932098765432098,19.484375,14.694020413877544,0.7847222222222223,8.559999999999999,2.0625,0.749065846666666,,9.982223679365308,True,5.111111111111111,4.0,9,1.1111111111111107,True,22.166655555555554,9.982223679365308
Evan Lysacek,Anna Trebunskaya,Athlete,Illinois,United States,24,10,2nd Place,2,8,7,8,,8,8,8,,9,8,9,,9,8,9,,9,9,9,,9,9,9,,9,9,9,,9,8.5,9,,10,9.5,10,,9.3333,8.7777,8.7777,,,,,,23.0,2.0,24.0,2.0,26.0,1.0,26.0,1.0,27.0,2.0,27.0,5.0,27.0,1.0,26.5,2.0,29.5,1.0,26.8887,3.0,,,10,10.363636363636363,18.181818181818183,13.010000000000002,11.932098765432098,19.484375,14.694020413877544,0.7847222222222223,8.559999999999999,2.0625,0.749065846666666,,9.982223679365308,True,2.0,2.0,10,0.0,True,26.288869999999996,9.982223679365308
Pamela Anderson,Damian Whitewood,Model,,Canada,42,10,Eliminated Week 7,6,7,6,8,,7,7,8,,7,7,7,,7.5,7.5,8.5,,7,6,8,,9.6666,9.6666,10.6666,,8.5,8.5,8.5,,0,0,0,,0,0,0,,0,0,0,,,,,,21.0,3.0,22.0,4.0,21.0,4.0,23.5,3.0,21.0,5.0,29.9998,4.0,25.5,4.0,,,,,,,,,7,10.363636363636363,18.181818181818183,13.010000000000002,11.932098765432098,19.484375,14.694020413877544,0.7847222222222223,8.559999999999999,2.0625,0.749065846666666,,9.982223679365308,True,3.857142857142857,6.0,7,-2.142857142857143,True,23.428542857142855,9.982223679365308
Nicole Scherzinger,Derek Hough,Singer/Rapper,Hawaii,United States,31,10,1st Place,1,9,7,9,,10,8,10,,8,6,9,,8.5,8,8.5,,10,9,10,,12.3333,10.3333,13.3333,,9,9,9,,10,9.5,10,,10,9.5,10,,9.5,9.5,9.7777,,,,,,25.0,1.0,28.0,1.0,23.0,2.0,25.0,2.0,29.0,1.0,35.9999,1.0,27.0,1.0,29.5,1.0,29.5,1.0,28.7777,1.0,,,10,10.363636363636363,18.181818181818183,13.010000000000002,11.932098765432098,19.484375,14.694020413877544,0.7847222222222223,8.559999999999999,2.0625,0.749065846666666,,9.982223679365308,True,1.2,1.0,10,0.19999999999999996,True,28.07776,9.982223679365308
Erin Andrews,Maksim Chmerkoskiy,Sports Broadcaster,Maine,United States,32,10,3rd Place,3,7,7,7,,8,7,8,,8,7,8,,6.5,6.5,6.5,,7,7,8,,12,10,12,,8.5,8.5,8.5,,8.5,9,9,,9.5,9,9.5,,9.2222,8.8888,8.8888,,,,,,21.0,3.0,23.0,3.0,23.0,2.0,19.5,5.0,22.0,4.0,34.0,2.0,25.5,4.0,26.5,2.0,28.0,3.0,26.9998,2.0,,,10,10.363636363636363,18.181818181818183,13.010000000000002,11.932098765432098,19.484375,14.694020413877544,0.7847222222222223,8.559999999999999,2.0625,0.749065846666666,,9.982223679365308,True,3.0,3.0,10,0.0,True,24.94998,9.982223679365308
Kate Gosselin,Tony Dovolani,TV Personality,Pennsylvania,United States,35,10,Eliminated Week 5,8,6,5,5,,5,5,5,,5,5,5,,5,5.5,5.5,,5,5,5,,0,0,0,,0,0,0,,0,0,0,,0,0,0,,0,0,0,,,,,,16.0,9.0,15.0,10.0,15.0,9.0,16.0,9.0,15.0,8.0,,,,,,,,,,,,,5,10.363636363636363,18.181818181818183,13.010000000000002,11.932098765432098,19.484375,14.694020413877544,0.7847222222222223,8.559999999999999,2.0625,0.749065846666666,,9.982223679365308,True,9.0,8.0,5,1.0,True,15.4,9.982223679365308
Jake Pavelka,Chelsie Hightower,TV Personality,Texas,United States,32,10,Eliminated Week 6,7,7,6,7,,6,7,7,,7,7,7,,6.5,6.5,6,,8,7,8,,8.3333,8.3333,8.3333,,0,0,0,,0,0,0,,0,0,0,,0,0,0,,,,,,20.0,5.0,20.0,6.0,21.0,4.0,19.0,6.0,23.0,3.0,24.9999,7.0,,,,,,,,,,,6,10.363636363636363,18.181818181818183,13.010000000000002,11.932098765432098,19.484375,14.694020413877544,0.7847222222222223,8.559999999999999,2.0625,0.749065846666666,,9.982223679365308,True,5.166666666666667,7.0,6,-1.833333333333333,True,21.333316666666665,9.982223679365308
David Hasselhoff,Kym Johnson,Actor/Actress,Maryland,United States,58,11,Eliminated Week 1,12,5,5,5,,0,0,0,,0,0,0,,0,0,0,,0,0,0,,0,0,0,,0,0,0,0,0,0,0,,0,0,0,,0,0,0,,,,,,15.0,10.0,,,,,,,,,,,,,,,,,,,,,1,10.409722222222221,9.900826446280991,6.290000000000001,17.376543209876544,7.4375,15.387726536326525,2.1458333333333335,5.1,1.625,3.1853037066666627,,7.8858455454706275,True,10.0,12.0,1,-2.0,True,15.0,7.8858455454706275
Florence Henderson,Corky Ballas,Actor/Actress,Indiana,United States,76,11,Eliminated Week 5,8,6,6,6,,7,6,6,,7,6,7,,6,6,5.5,,7,7,7,,0,0,0,,0,0,0,0,0,0,0,,0,0,0,,0,0,0,,,,,,18.0,7.0,19.0,8.0,20.0,7.0,17.5,6.0,21.0,6.0,,,,,,,,,,,,,5,10.409722222222221,9.900826446280991,6.290000000000001,17.376543209876544,7.4375,15.387726536326525,2.1458333333333335,5.1,1.625,3.1853037066666627,,7.8858455454706275,True,6.8,8.0,5,-1.2000000000000002,True,19.1,7.8858455454706275
Kyle Massey,Lacey Schwimmer,Actor/Actress,Georgia,United States,19,11,2nd Place,2,8,7,8,,8,7,7,,8,7,8,,7,6.5,6.5,,8,5,7,,10.3333,9.3333,10.3333,,9,8.5,8,8,9.5,9,9.5,,10,9,10,,9.3333,8.6666,9.3333,,,,,,23.0,2.0,22.0,3.0,23.0,5.0,20.0,4.0,20.0,7.0,29.9999,4.0,33.5,5.0,28.0,3.0,29.0,2.0,27.3332,2.0,,,10,10.409722222222221,9.900826446280991,6.290000000000001,17.376543209876544,7.4375,15.387726536326525,2.1458333333333335,5.1,1.625,3.1853037066666627,,7.8858455454706275,True,3.7,2.0,10,1.7000000000000002,True,25.58331,7.8858455454706275
Jennifer Grey,Derek Hough,Actor/Actress,New York,United States,50,11,1st Place,1,8,8,8,,8,8,8,,8,8,8,,9.5,9,9.5,,8,8,9,,9,10,10,,9.5,9,9,9,9.5,9.5,9.5,,10,10,10,,10,10,10,,,,,,24.0,1.0,24.0,1.0,24.0,2.0,28.0,1.0,25.0,2.0,29.0,5.0,36.5,1.0,28.5,1.0,30.0,1.0,30.0,1.0,,,10,10.409722222222221,9.900826446280991,6.290000000000001,17.376543209876544,7.4375,15.387726536326525,2.1458333333333335,5.1,1.625,3.1853037066666627,,7.8858455454706275,True,1.6,1.0,10,0.6000000000000001,True,27.9,7.8858455454706275
Rick Fox,Cheryl Burke,Athlete,,Canada,41,11,Eliminated Week 7,6,8,7,7,,7,7,7,,8,8,8,,6,7,6.5,,8,8,8,,10,10,10,,9,8.5,8.5,8.5,0,0,0,,0,0,0,,0,0,0,,,,,,22.0,4.0,21.0,5.0,24.0,2.0,19.5,5.0,24.0,3.0,30.0,3.0,34.5,4.0,,,,,,,,,7,10.409722222222221,9.900826446280991,6.290000000000001,17.376543209876544,7.4375,15.387726536326525,2.1458333333333335,5.1,1.625,3.1853037066666627,,7.8858455454706275,True,3.7142857142857144,6.0,7,-2.2857142857142856,True,25.0,7.8858455454706275
Kurt Warner,Anna Trebunskaya,Athlete,Iowa,United States,39,11,Eliminated Week 8,5,7,5,7,,7,7,7,,8,8,7,,6,5.5,5.5,,8,8,8,,7.3333,7.3333,7.3333,,9.5,8.5,8.5,8.5,8,8,8,,0,0,0,,0,0,0,,,,,,19.0,5.0,21.0,5.0,23.0,5.0,17.0,7.0,24.0,3.0,21.9999,7.0,35.0,3.0,24.0,4.0,,,,,,,8,10.409722222222221,9.900826446280991,6.290000000000001,17.376543209876544,7.4375,15.387726536326525,2.1458333333333335,5.1,1.625,3.1853037066666627,,7.8858455454706275,True,4.875,5.0,8,-0.125,True,23.1249875,7.8858455454706275
Margaret Cho,Louis van Amstel,Comedian,California,United States,41,11,Eliminated Week 3,10,5,5,5,,6,6,6,,6,6,6,,0,0,0,,0,0,0,,0,0,0,,0,0,0,0,0,0,0,,0,0,0,,0,0,0,,,,,,15.0,10.0,18.0,9.0,18.0,10.0,,,,,,,,,,,,,,,,,3,10.409722222222221,9.900826446280991,6.290000000000001,17.376543209876544,7.4375,15.387726536326525,2.1458333333333335,5.1,1.625,3.1853037066666627,,7.8858455454706275,True,9.666666666666666,10.0,3,-0.3333333333333339,True,17.0,7.8858455454706275
Michael Bolton,Chelsie Hightower,Singer/Rapper,Connecticut,United States,57,11,Eliminated Week 2,11,6,5,5,,4,5,3,,0,0,0,,0,0,0,,0,0,0,,0,0,0,,0,0,0,0,0,0,0,,0,0,0,,0,0,0,,,,,,16.0,9.0,12.0,11.0,,,,,,,,,,,,,,,,,,,2,10.409722222222221,9.900826446280991,6.290000000000001,17.376543209876544,7.4375,15.387726536326525,2.1458333333333335,5.1,1.625,3.1853037066666627,,7.8858455454706275,True,10.0,11.0,2,-1.0,True,14.0,7.8858455454706275
Brandy,Maksim Chmerkoskiy,Singer/Rapper,Mississippi,United States,31,11,Eliminated Week 9,4,7,8,8,,7,7,7,,8,8,8,,8,8,8,,9,9,9,,11.3333,12.3333,12.3333,,9,9,9.5,9,9,9.5,10,,9.5,9.5,9.5,,0,0,0,,,,,,23.0,2.0,21.0,5.0,24.0,2.0,24.0,2.0,27.0,1.0,35.9999,1.0,36.5,1.0,28.5,1.0,28.5,3.0,,,,,9,10.409722222222221,9.900826446280991,6.290000000000001,17.376543209876544,7.4375,15.387726536326525,2.1458333333333335,5.1,1.625,3.1853037066666627,,7.8858455454706275,True,2.0,4.0,9,-2.0,True,27.6111,7.8858455454706275
The Situation,Karina Smirnoff,TV Personality,New York,United States,28,11,Eliminated Week 4,9,5,5,5,,6,6,6,,7,6,7,,5,4.5,4.5,,0,0,0,,0,0,0,,0,0,0,0,0,0,0,,0,0,0,,0,0,0,,,,,,15.0,10.0,18.0,9.0,20.0,7.0,14.0,9.0,,,,,,,,,,,,,,,4,10.409722222222221,9.900826446280991,6.290000000000001,17.376543209876544,7.4375,15.387726536326525,2.1458333333333335,5.1,1.625,3.1853037066666627,,7.8858455454706275,True,8.75,9.0,4,-0.25,True,16.75,7.8858455454706275
Audrina Patridge,Tony Dovolani,TV Personality,California,United States,25,11,Eliminated Week 6,7,6,7,6,,8,8,7,,8,9,9,,8,7.5,7.5,,7,8,8,,10.6666,10.6666,10.6666,,0,0,0,0,0,0,0,,0,0,0,,0,0,0,,,,,,19.0,5.0,23.0,2.0,26.0,1.0,23.0,3.0,23.0,5.0,31.9998,2.0,,,,,,,,,,,6,10.409722222222221,9.900826446280991,6.290000000000001,17.376543209876544,7.4375,15.387726536326525,2.1458333333333335,5.1,1.625,3.1853037066666627,,7.8858455454706275,True,3.0,7.0,6,-4.0,True,24.333299999999998,7.8858455454706275
Bristol Palin,Mark Ballas,TV Personality,Alaska,United States,19,11,3rd Place,3,6,6,6,,7,8,7,,6,6,7,,5,5.5,5.5,,6,6,6,,9.6666,8.6666,9.6666,,8.5,8,8,8,7.5,8,8,,8.5,9,9,,8.3333,9,8.3333,,,,,,18.0,7.0,22.0,3.0,19.0,9.0,16.0,8.0,18.0,8.0,27.9998,6.0,32.5,6.0,23.5,5.0,26.5,4.0,25.666600000000003,3.0,,,10,10.409722222222221,9.900826446280991,6.290000000000001,17.376543209876544,7.4375,15.387726536326525,2.1458333333333335,5.1,1.625,3.1853037066666627,,7.8858455454706275,True,5.9,3.0,10,2.9000000000000004,True,22.91664,7.8858455454706275
Ralph Macchio,Karina Smirnoff,Actor/Actress,New York,United States,49,12,Eliminated Week 9,4,8,8,8,,7,7,7,,7,7,7,,8,8,9,,8,7,7,,8,8,8,,9,8.5,7.5,8,7.5,7.5,8,,8,8,8,,0,0,0,,,,,,24.0,1.0,21.0,4.0,21.0,5.0,25.0,2.0,22.0,6.0,24.0,6.0,33.0,1.0,23.0,5.0,24.0,4.0,,,,,9,10.512396694214875,5.68595041322314,7.639999999999999,5.209876543209877,4.1875,4.204081632653061,1.701388888888889,2.5,21.421875,0.6173086422222239,,6.368037781441207,True,3.7777777777777777,4.0,9,-0.22222222222222232,True,24.11111111111111,6.368037781441207
Chelsea Kane,Mark Ballas,Actor/Actress,Arizona,United States,22,12,3rd Place,3,7,7,7,,6,5,7,,7,8,8,,9,8,9,,9,8,9,,10,9,9,,8,8.5,7.5,8,9,9,9.5,,12,12,12.5,,10,9.6666,10,,,,,,21.0,3.0,18.0,7.0,23.0,3.0,26.0,1.0,26.0,2.0,28.0,1.0,32.0,3.0,27.5,1.0,36.5,1.0,29.666600000000003,1.0,,,10,10.512396694214875,5.68595041322314,7.639999999999999,5.209876543209877,4.1875,4.204081632653061,1.701388888888889,2.5,21.421875,0.6173086422222239,,6.368037781441207,True,2.3,3.0,10,-0.7000000000000002,True,26.76666,6.368037781441207
Kirstie Alley,Maksim Chmerkoskiy,Actor/Actress,Kansas,United States,60,12,2nd Place,2,8,7,8,,7,6,7,,7,7,7,,7,7,8,,8,7,8,,8,9,9,,8,7,7,8,8.5,9,9,,9,9,9,,9.3333,9.3333,9.3333,,,,,,23.0,2.0,20.0,5.0,21.0,5.0,22.0,7.0,23.0,5.0,26.0,4.0,30.0,5.0,26.5,3.0,27.0,3.0,27.9999,3.0,,,10,10.512396694214875,5.68595041322314,7.639999999999999,5.209876543209877,4.1875,4.204081632653061,1.701388888888889,2.5,21.421875,0.6173086422222239,,6.368037781441207,True,4.2,2.0,10,2.2,True,24.64999,6.368037781441207
Hines Ward,Kym Johnson,Athlete,,South Korea,35,12,1st Place,1,7,7,7,,8,7,8,,9,8,8,,9,8,8,,9,9,9,,9,9,9,,8,8,8,9,9,9,9,,10,10,10,,10,9.6666,10,,,,,,21.0,3.0,23.0,1.0,25.0,1.0,25.0,2.0,27.0,1.0,27.0,3.0,33.0,1.0,27.0,2.0,30.0,2.0,29.666600000000003,1.0,,,10,10.512396694214875,5.68595041322314,7.639999999999999,5.209876543209877,4.1875,4.204081632653061,1.701388888888889,2.5,21.421875,0.6173086422222239,,6.368037781441207,True,1.7,1.0,10,0.7,True,26.76666,6.368037781441207
Sugar Ray Leonard,Anna Trebunskaya,Athlete,North Carolina,United States,54,12,Eliminated Week 4,9,6,5,6,,6,5,6,,7,6,7,,7,7,7,,0,0,0,,0,0,0,,0,0,0,0,0,0,0,,0,0,0,,0,0,0,,,,,,17.0,9.0,17.0,9.0,20.0,8.0,21.0,8.0,,,,,,,,,,,,,,,4,10.512396694214875,5.68595041322314,7.639999999999999,5.209876543209877,4.1875,4.204081632653061,1.701388888888889,2.5,21.421875,0.6173086422222239,,6.368037781441207,True,8.5,9.0,4,-0.5,True,18.75,6.368037781441207
Chris Jericho,Cheryl Burke,Athlete,New York,United States,40,12,Eliminated Week 6,7,7,6,6,,8,7,8,,7,7,7,,8,7,8,,9,8,9,,7,8,7,,0,0,0,0,0,0,0,,0,0,0,,0,0,0,,,,,,19.0,5.0,23.0,1.0,21.0,5.0,23.0,4.0,26.0,2.0,22.0,7.0,,,,,,,,,,,6,10.512396694214875,5.68595041322314,7.639999999999999,5.209876543209877,4.1875,4.204081632653061,1.701388888888889,2.5,21.421875,0.6173086422222239,,6.368037781441207,True,4.0,7.0,6,-3.0,True,22.333333333333332,6.368037781441207
Petra Nemcova,Dmitry Chaplin,Model,,Czechoslovakia,31,12,Eliminated Week 5,8,6,6,6,,6,6,6,,8,9,8,,8,7,8,,7,7,8,,0,0,0,,0,0,0,0,0,0,0,,0,0,0,,0,0,0,,,,,,18.0,7.0,18.0,7.0,25.0,1.0,23.0,4.0,22.0,6.0,,,,,,,,,,,,,5,10.512396694214875,5.68595041322314,7.639999999999999,5.209876543209877,4.1875,4.204081632653061,1.701388888888889,2.5,21.421875,0.6173086422222239,,6.368037781441207,True,5.0,8.0,5,-3.0,True,21.2,6.368037781441207
Mike Catherwood,Lacey Schwimmer,Radio Personality,California,United States,32,12,Eliminated Week 2,11,5,4,4,,6,5,6,,0,0,0,,0,0,0,,0,0,0,,0,0,0,,0,0,0,0,0,0,0,,0,0,0,,0,0,0,,,,,,13.0,11.0,17.0,9.0,,,,,,,,,,,,,,,,,,,2,10.512396694214875,5.68595041322314,7.639999999999999,5.209876543209877,4.1875,4.204081632653061,1.701388888888889,2.5,21.421875,0.6173086422222239,,6.368037781441207,True,10.0,11.0,2,-1.0,True,15.0,6.368037781441207
Romeo,Chelsie Hightower,Singer/Rapper,Louisiana,United States,21,12,Eliminated Week 8,5,7,6,6,,7,8,8,,7,6,7,,7,8,8,,9,8,9,,10,9,9,,7.5,8,7,7.5,8.5,9,8.5,,0,0,0,,0,0,0,,,,,,19.0,5.0,23.0,1.0,20.0,8.0,23.0,4.0,26.0,2.0,28.0,1.0,30.0,5.0,26.0,4.0,,,,,,,8,10.512396694214875,5.68595041322314,7.639999999999999,5.209876543209877,4.1875,4.204081632653061,1.701388888888889,2.5,21.421875,0.6173086422222239,,6.368037781441207,True,3.75,5.0,8,-1.25,True,24.375,6.368037781441207
Wendy Williams,Tony Dovolani,TV Personality,New Jersey,United States,46,12,Eliminated Week 3,10,5,4,5,,6,5,6,,5,5,5,,0,0,0,,0,0,0,,0,0,0,,0,0,0,0,0,0,0,,0,0,0,,0,0,0,,,,,,14.0,10.0,17.0,9.0,15.0,10.0,,,,,,,,,,,,,,,,,3,10.512396694214875,5.68595041322314,7.639999999999999,5.209876543209877,4.1875,4.204081632653061,1.701388888888889,2.5,21.421875,0.6173086422222239,,6.368037781441207,True,9.666666666666666,10.0,3,-0.3333333333333339,True,15.333333333333334,6.368037781441207
Kendra Wilkinson,Louis van Amstel,TV Personality,California,United States,25,12,Eliminated Week 7,6,6,6,6,,7,6,6,,8,7,8,,6,6,6,,8,7,7,,8,8,9,,7.5,7.5,7.5,8,0,0,0,,0,0,0,,0,0,0,,,,,,18.0,7.0,19.0,6.0,23.0,3.0,18.0,9.0,22.0,6.0,25.0,5.0,30.5,4.0,,,,,,,,,7,10.512396694214875,5.68595041322314,7.639999999999999,5.209876543209877,4.1875,4.204081632653061,1.701388888888889,2.5,21.421875,0.6173086422222239,,6.368037781441207,True,5.714285714285714,6.0,7,-0.2857142857142856,True,22.214285714285715,6.368037781441207
Elisabetta Canalis,Valentin Chmerkovskiy,Actor/Actress,,Italy,33,13,Eliminated Week 2,11,5,5,5,,7,7,7,,0,0,0,,0,0,0,,0,0,0,,0,0,0,,0,0,0,,0,0,0,,0,0,0,,0,0,0,,,,,,15.0,11.0,21.0,4.0,,,,,,,,,,,,,,,,,,,2,6.743055555555556,3.4710743801652892,6.210000000000001,7.5061728395061715,6.75,13.632653061224488,2.118055555555556,6.44,13.046906256874994,0.018514815555555696,,6.5936432464437615,True,7.5,11.0,2,-3.5,True,18.0,6.5936432464437615
David Arquette,Kym Johnson,Actor/Actress,Virginia,United States,40,13,Eliminated Week 7,6,6,6,6,,6,6,6,,8,8,8,,8,7,8,,8,9,8,,8,7,8,,8,7.5,8,,0,0,0,,0,0,0,,0,0,0,,,,,,18.0,6.0,18.0,9.0,24.0,4.0,23.0,5.0,25.0,2.0,23.0,4.0,23.5,5.0,,,,,,,,,7,6.743055555555556,3.4710743801652892,6.210000000000001,7.5061728395061715,6.75,13.632653061224488,2.118055555555556,6.44,13.046906256874994,0.018514815555555696,,6.5936432464437615,True,5.0,6.0,7,-1.0,True,22.071428571428573,6.5936432464437615
Ricki Lake,Derek Hough,Actor/Actress,New York,United States,42,13,3rd Place,3,7,6,7,,8,7,8,,9,9,9,,10,9,10,,8,8,8,,10,9,10,,9,8.5,9,,8.5,8.5,9,,10.8333,11.3333,11.3333,,9.3333,9.3333,9.3333,,,,,,20.0,4.0,23.0,1.0,27.0,1.0,29.0,1.0,24.0,4.0,29.0,1.0,26.5,1.0,26.0,2.0,33.4999,1.0,27.9999,3.0,,,10,6.743055555555556,3.4710743801652892,6.210000000000001,7.5061728395061715,6.75,13.632653061224488,2.118055555555556,6.44,13.046906256874994,0.018514815555555696,,6.5936432464437615,True,1.9,3.0,10,-1.1,True,26.59998,6.5936432464437615
J.R. Martinez,Karina Smirnoff,Actor/Actress,Louisiana,United States,28,13,1st Place,1,8,7,7,,7,7,8,,9,8,9,,8,9,9,,9,9,10,,10,9,10,,8.5,7.5,8,,10,10,10,,9.5,9,9.5,,9.3333,9.1666,9.6666,,,,,,22.0,1.0,22.0,2.0,26.0,2.0,26.0,2.0,28.0,1.0,29.0,1.0,24.0,4.0,30.0,1.0,28.0,3.0,28.1665,2.0,,,10,6.743055555555556,3.4710743801652892,6.210000000000001,7.5061728395061715,6.75,13.632653061224488,2.118055555555556,6.44,13.046906256874994,0.018514815555555696,,6.5936432464437615,True,1.9,1.0,10,0.8999999999999999,True,26.31665,6.5936432464437615
Metta World Peace (Ron),Peta Murgatroyd,Athlete,New York,United States,31,13,Eliminated Week 1,12,5,4,5,,0,0,0,,0,0,0,,0,0,0,,0,0,0,,0,0,0,,0,0,0,,0,0,0,,0,0,0,,0,0,0,,,,,,14.0,12.0,,,,,,,,,,,,,,,,,,,,,1,6.743055555555556,3.4710743801652892,6.210000000000001,7.5061728395061715,6.75,13.632653061224488,2.118055555555556,6.44,13.046906256874994,0.018514815555555696,,6.5936432464437615,True,12.0,12.0,1,0.0,True,14.0,6.5936432464437615
Hope Solo,Maksim Chmerkoskiy,Athlete,Washington,United States,30,13,Eliminated Week 9,4,7,7,7,,6,7,6,,8,8,8,,8,8,8,,8,8,8,,7,6,7,,8.5,8,8.5,,8.5,9,8.5,,8.1666,8.1666,8.1666,,0,0,0,,,,,,21.0,3.0,19.0,8.0,24.0,4.0,24.0,3.0,24.0,4.0,20.0,6.0,25.0,3.0,26.0,2.0,24.4998,4.0,,,,,9,6.743055555555556,3.4710743801652892,6.210000000000001,7.5061728395061715,6.75,13.632653061224488,2.118055555555556,6.44,13.046906256874994,0.018514815555555696,,6.5936432464437615,True,4.111111111111111,4.0,9,0.11111111111111072,True,23.055533333333333,6.5936432464437615
Chynna Phillips,Tony Dovolani,Singer/Rapper,California,United States,43,13,Eliminated Week 4,9,8,7,7,,7,7,7,,8,9,9,,7,7,7,,0,0,0,,0,0,0,,0,0,0,,0,0,0,,0,0,0,,0,0,0,,,,,,22.0,1.0,21.0,4.0,26.0,2.0,21.0,6.0,,,,,,,,,,,,,,,4,6.743055555555556,3.4710743801652892,6.210000000000001,7.5061728395061715,6.75,13.632653061224488,2.118055555555556,6.44,13.046906256874994,0.018514815555555696,,6.5936432464437615,True,3.25,9.0,4,-5.75,True,22.5,6.5936432464437615
Kristin Cavallari,Mark Ballas,TV Personality,Colorado,United States,24,13,Eliminated Week 3,10,7,6,6,,8,7,7,,8,8,8,,0,0,0,,0,0,0,,0,0,0,,0,0,0,,0,0,0,,0,0,0,,0,0,0,,,,,,19.0,5.0,22.0,2.0,24.0,4.0,,,,,,,,,,,,,,,,,3,6.743055555555556,3.4710743801652892,6.210000000000001,7.5061728395061715,6.75,13.632653061224488,2.118055555555556,6.44,13.046906256874994,0.018514815555555696,,6.5936432464437615,True,3.6666666666666665,10.0,3,-6.333333333333334,True,21.666666666666668,6.5936432464437615
Carson Kressley,Anna Trebunskaya,TV Personality,Pennsylvania,United States,41,13,Eliminated Week 5,8,6,5,6,,6,6,6,,8,7,8,,7,6,7,,6,6,7,,0,0,0,,0,0,0,,0,0,0,,0,0,0,,0,0,0,,,,,,17.0,7.0,18.0,9.0,23.0,8.0,20.0,9.0,19.0,8.0,,,,,,,,,,,,,5,6.743055555555556,3.4710743801652892,6.210000000000001,7.5061728395061715,6.75,13.632653061224488,2.118055555555556,6.44,13.046906256874994,0.018514815555555696,,6.5936432464437615,True,8.2,8.0,5,0.1999999999999993,True,19.4,6.5936432464437615
Chaz Bono,Lacey Schwimmer,TV Personality,California,United States,42,13,Eliminated Week 6,7,6,5,6,,6,5,6,,6,6,6,,7,7,7,,7,7,7,,7,6,6,,0,0,0,,0,0,0,,0,0,0,,0,0,0,,,,,,17.0,7.0,17.0,11.0,18.0,10.0,21.0,6.0,21.0,7.0,19.0,7.0,,,,,,,,,,,6,6.743055555555556,3.4710743801652892,6.210000000000001,7.5061728395061715,6.75,13.632653061224488,2.118055555555556,6.44,13.046906256874994,0.018514815555555696,,6.5936432464437615,True,8.0,7.0,6,1.0,True,18.833333333333332,6.5936432464437615
Nancy Grace,Tristan MacManus,TV Personality,Georgia,United States,51,13,Eliminated Week 8,5,5,5,6,,6,8,7,,7,7,7,,7,7,7,,7,7,8,,9,7,8,,7.5,7,7.5,,7.5,7,7.5,,0,0,0,,0,0,0,,,,,,16.0,9.0,21.0,4.0,21.0,9.0,21.0,6.0,22.0,6.0,24.0,3.0,22.0,6.0,22.0,5.0,,,,,,,8,6.743055555555556,3.4710743801652892,6.210000000000001,7.5061728395061715,6.75,13.632653061224488,2.118055555555556,6.44,13.046906256874994,0.018514815555555696,,6.5936432464437615,True,6.0,5.0,8,1.0,True,21.125,6.5936432464437615
Rob Kardashian,Cheryl Burke,TV Personality,California,United States,24,13,2nd Place,2,6,5,5,,7,7,7,,8,8,8,,8,8,8,,9,8,8,,8,7,7,,9,8,8.5,,8.5,8.5,8.5,,11.1666,10.6666,10.6666,,9.4444,9.4444,9.4444,,,,,,16.0,9.0,21.0,4.0,24.0,4.0,24.0,3.0,25.0,2.0,22.0,5.0,25.5,2.0,25.5,4.0,32.4998,2.0,28.3332,1.0,,,10,6.743055555555556,3.4710743801652892,6.210000000000001,7.5061728395061715,6.75,13.632653061224488,2.118055555555556,6.44,13.046906256874994,0.018514815555555696,,6.5936432464437615,True,3.6,2.0,10,1.6,True,24.3833,6.5936432464437615
William Levy,Cheryl Burke,Actor/Actress,,Cuba,31,14,3rd Place,3,8,8,8,,9,7,9,,9,9,10,,7,7,8,,10,9,10,,12,11,13,,9,8.5,9,,9.5,9.5,9.5,,9.5,9.5,10,,10,9.6666,10,,,,,,24.0,3.0,25.0,3.0,28.0,2.0,22.0,6.0,29.0,1.0,36.0,3.0,26.5,3.0,28.5,1.0,29.0,2.0,29.666600000000003,2.0,,,10,4.25,7.743055555555556,2.975206611570248,5.010000000000001,11.432098765432098,22.687318756093745,1.9897959183673468,0.9791666666666666,0.3125,0.024701235555555184,,5.740384350924122,True,2.6,3.0,10,-0.3999999999999999,True,27.76666,5.740384350924122
Jack Wagner,Anna Trebunskaya,Actor/Actress,Missouri,United States,52,14,Eliminated Week 3,11,8,7,8,,7,7,7,,8,8,8,,0,0,0,,0,0,0,,0,0,0,,0,0,0,,0,0,0,,0,0,0,,0,0,0,,,,,,23.0,4.0,21.0,8.0,24.0,7.0,,,,,,,,,,,,,,,,,3,4.25,7.743055555555556,2.975206611570248,5.010000000000001,11.432098765432098,22.687318756093745,1.9897959183673468,0.9791666666666666,0.3125,0.024701235555555184,,5.740384350924122,True,6.333333333333333,11.0,3,-4.666666666666667,True,22.666666666666668,5.740384350924122
Sherri Sheperd,Valentin Chmerkovskiy,Actor/Actress,Illinois,United States,44,14,Eliminated Week 4,10,8,7,8,,8,7,8,,8,8,8,,7,7,7,,0,0,0,,0,0,0,,0,0,0,,0,0,0,,0,0,0,,0,0,0,,,,,,23.0,4.0,23.0,6.0,24.0,7.0,21.0,9.0,,,,,,,,,,,,,,,4,4.25,7.743055555555556,2.975206611570248,5.010000000000001,11.432098765432098,22.687318756093745,1.9897959183673468,0.9791666666666666,0.3125,0.024701235555555184,,5.740384350924122,True,6.5,10.0,4,-3.5,True,22.75,5.740384350924122
Jaleel White,Kym Johnson,Actor/Actress,California,United States,35,14,Eliminated Week 7,7,9,8,9,,7,7,8,,9,8,8,,8,7,7,,8,8,8,,12.6666,11.6666,12.6666,,9,8,8.5,,0,0,0,,0,0,0,,0,0,0,,,,,,26.0,1.0,22.0,7.0,25.0,5.0,22.0,6.0,24.0,6.0,36.9998,2.0,25.5,6.0,,,,,,,,,7,4.25,7.743055555555556,2.975206611570248,5.010000000000001,11.432098765432098,22.687318756093745,1.9897959183673468,0.9791666666666666,0.3125,0.024701235555555184,,5.740384350924122,True,4.714285714285714,7.0,7,-2.2857142857142856,True,25.928542857142855,5.740384350924122
Roshon Fegan,Chelsie Hightower,Actor/Actress,California,United States,20,14,Eliminated Week 8,6,8,7,8,,9,8,9,,8,8,9,,9,8,9,,9,8,9,,8.6666,9.6666,9.6666,,9.5,8,8.5,,9.5,9,9.5,,0,0,0,,0,0,0,,,,,,23.0,4.0,26.0,1.0,25.0,5.0,26.0,2.0,26.0,5.0,27.9998,7.0,26.0,5.0,28.0,2.0,,,,,,,8,4.25,7.743055555555556,2.975206611570248,5.010000000000001,11.432098765432098,22.687318756093745,1.9897959183673468,0.9791666666666666,0.3125,0.024701235555555184,,5.740384350924122,True,3.875,6.0,8,-2.125,True,25.999975,5.740384350924122
Melissa Gilbert,Maksim Chmerkoskiy,Actor/Actress,California,United States,47,14,Eliminated Week 8,5,7,6,7,,7,6,7,,8,8,8,,7,8,7,,7,7,7,,10,10,10,,8,7.5,8,,8.5,8.5,8.5,,0,0,0,,0,0,0,,,,,,20.0,10.0,20.0,10.0,24.0,7.0,22.0,6.0,21.0,8.0,30.0,5.0,23.5,7.0,25.5,6.0,,,,,,,8,4.25,7.743055555555556,2.975206611570248,5.010000000000001,11.432098765432098,22.687318756093745,1.9897959183673468,0.9791666666666666,0.3125,0.024701235555555184,,5.740384350924122,True,7.375,5.0,8,2.375,True,23.25,5.740384350924122
Martina Navratilova,Tony Dovolani,Athlete,,Czechoslovakia,55,14,Eliminated Week 2,12,7,6,7,,6,5,6,,0,0,0,,0,0,0,,0,0,0,,0,0,0,,0,0,0,,0,0,0,,0,0,0,,0,0,0,,,,,,20.0,10.0,17.0,12.0,,,,,,,,,,,,,,,,,,,2,4.25,7.743055555555556,2.975206611570248,5.010000000000001,11.432098765432098,22.687318756093745,1.9897959183673468,0.9791666666666666,0.3125,0.024701235555555184,,5.740384350924122,True,11.0,12.0,2,-1.0,True,18.5,5.740384350924122
Donald Driver,Peta Murgatroyd,Athlete,Texas,United States,37,14,1st Place,1,7,7,7,,8,8,8,,9,8,9,,9,9,9,,10,8,9,,11.3333,11.3333,11.3333,,9,8.5,9,,9.5,9,9,,9.5,9,10,,10,9.6666,10,,,,,,21.0,8.0,24.0,5.0,26.0,4.0,27.0,1.0,27.0,3.0,33.9999,4.0,26.5,3.0,27.5,3.0,28.5,3.0,29.666600000000003,2.0,,,10,4.25,7.743055555555556,2.975206611570248,5.010000000000001,11.432098765432098,22.687318756093745,1.9897959183673468,0.9791666666666666,0.3125,0.024701235555555184,,5.740384350924122,True,3.6,1.0,10,2.6,True,27.11665,5.740384350924122
Gavin DeGraw,Karina Smirnoff,Singer/Rapper,New York,United States,35,14,Eliminated Week 5,9,7,6,7,,7,7,7,,8,8,8,,8,8,7,,6,6,7,,0,0,0,,0,0,0,,0,0,0,,0,0,0,,0,0,0,,,,,,20.0,10.0,21.0,8.0,24.0,7.0,23.0,5.0,19.0,9.0,,,,,,,,,,,,,5,4.25,7.743055555555556,2.975206611570248,5.010000000000001,11.432098765432098,22.687318756093745,1.9897959183673468,0.9791666666666666,0.3125,0.024701235555555184,,5.740384350924122,True,7.8,9.0,5,-1.2000000000000002,True,21.4,5.740384350924122
Gladys Knight,Tristan MacManus,Singer/Rapper,Georgia,United States,67,14,Eliminated Week 6,8,8,7,8,,7,5,7,,8,8,8,,7,6,7,,7,7,8,,8,8,8,,0,0,0,,0,0,0,,0,0,0,,0,0,0,,,,,,23.0,4.0,19.0,11.0,24.0,7.0,20.0,10.0,22.0,7.0,24.0,8.0,,,,,,,,,,,6,4.25,7.743055555555556,2.975206611570248,5.010000000000001,11.432098765432098,22.687318756093745,1.9897959183673468,0.9791666666666666,0.3125,0.024701235555555184,,5.740384350924122,True,7.833333333333333,8.0,6,-0.16666666666666696,True,22.0,5.740384350924122
Katherine Jenkins,Mark Ballas,Singer/Rapper,,Wales,31,14,2nd Place,2,9,8,9,,9,8,9,,10,9,10,,8,8,8,,10,9,10,,13.3333,12.3333,13.3333,,9.5,8.5,9,,9,9,9.5,,9.5,9,9.5,,10,10,10,,,,,,26.0,1.0,26.0,1.0,29.0,1.0,24.0,4.0,29.0,1.0,38.9999,1.0,27.0,2.0,27.5,3.0,28.0,4.0,30.0,1.0,,,10,4.25,7.743055555555556,2.975206611570248,5.010000000000001,11.432098765432098,22.687318756093745,1.9897959183673468,0.9791666666666666,0.3125,0.024701235555555184,,5.740384350924122,True,1.9,2.0,10,-0.10000000000000009,True,28.54999,5.740384350924122
Maria Menounos,Derek Hough,TV Personality,Massachusetts,United States,33,14,Eliminated Week 9,4,7,7,7,,8,8,9,,9,9,9,,9,8,9,,9,9,9,,9.3333,10.3333,10.3333,,10,9,9.5,,9.5,7.5,9.5,,10,9.5,10,,0,0,0,,,,,,21.0,8.0,25.0,3.0,27.0,3.0,26.0,2.0,27.0,3.0,29.9999,6.0,28.5,1.0,26.5,5.0,29.5,1.0,,,,,9,4.25,7.743055555555556,2.975206611570248,5.010000000000001,11.432098765432098,22.687318756093745,1.9897959183673468,0.9791666666666666,0.3125,0.024701235555555184,,5.740384350924122,True,3.5555555555555554,4.0,9,-0.44444444444444464,True,26.72221111111111,5.740384350924122
Gilles Marini,Peta Murgatroyd,Actor/Actress,,France,36,15,Eliminated Week 8,6,8,8,8,,8.5,8.5,8.5,,8.5,8.5,8.5,,10,9.5,10,10,9.5,9.25,9.5,,9,9,9.5,,11.1666,11.1666,11.1666,,9.5,10,9.7777,,0,0,0,,0,0,0,,,,,,24.0,2.0,25.5,2.0,25.5,4.0,39.5,1.0,28.25,2.0,27.5,5.0,33.4998,5.0,29.2777,2.0,,,,,,,8,3.677514792899409,4.375,1.6983471074380163,9.061728395061728,1.1943359375,1.6875,11.45911225061224,1.8904718342857136,0.9637158543999998,0.02536598222222265,,3.6033092154419335,True,2.875,6.0,8,-3.125,True,29.1284375,3.6033092154419335
Sabrina Bryan,Louis van Amstel,Actor/Actress,California,United States,28,15,Eliminated Week 6,8,7.5,7.5,7.5,,9,8.5,8.5,,8.5,8.5,8.5,,9,9,8.5,9,9.75,9.75,9.75,,10,10,10,,0,0,0,,0,0,0,,0,0,0,,0,0,0,,,,,,22.5,3.0,26.0,1.0,25.5,4.0,35.5,6.0,29.25,1.0,30.0,1.0,,,,,,,,,,,6,3.677514792899409,4.375,1.6983471074380163,9.061728395061728,1.1943359375,1.6875,11.45911225061224,1.8904718342857136,0.9637158543999998,0.02536598222222265,,3.6033092154419335,True,2.6666666666666665,8.0,6,-5.333333333333334,True,28.125,3.6033092154419335
Kirstie Alley,Maksim Chmerkoskiy,Actor/Actress,Kansas,United States,61,15,Eliminated Week 8,7,6.5,6,6.5,,7,7,7,,8,8,8,,7.5,7.5,7.5,7.5,8.75,8.75,8.75,,9.5,8.5,9.5,,9.3333,9.3333,9.3333,,8.5,8.5,8.5,,0,0,0,,0,0,0,,,,,,19.0,12.0,21.0,11.0,24.0,9.0,30.0,9.0,26.25,7.0,27.5,5.0,27.9999,7.0,25.5,7.0,,,,,,,8,3.677514792899409,4.375,1.6983471074380163,9.061728395061728,1.1943359375,1.6875,11.45911225061224,1.8904718342857136,0.9637158543999998,0.02536598222222265,,3.6033092154419335,True,8.375,7.0,8,1.375,True,25.1562375,3.6033092154419335
Kelly Monaco,Valentin Chmerkovskiy,Actor/Actress,Pennsylvania,United States,36,15,3rd Place,3,7,7,7.5,,7.5,7,7.5,,9,9,9,,9,9.5,9.5,9.5,8.5,8.5,8.75,,9,9,9,,12,12,12,,9.5,9.3333,9.5,,8.7777,9.3333,9,,9.6666,9.6666,9.7777,,,,,,21.5,6.0,22.0,10.0,27.0,1.0,37.5,3.0,25.75,8.0,27.0,7.0,36.0,3.0,28.3333,5.0,27.111,4.0,29.1109,2.0,,,10,3.677514792899409,4.375,1.6983471074380163,9.061728395061728,1.1943359375,1.6875,11.45911225061224,1.8904718342857136,0.9637158543999998,0.02536598222222265,,3.6033092154419335,True,4.9,3.0,10,1.9000000000000004,True,28.13052,3.6033092154419335
Apolo Anton Ohno,Karina Smirnoff,Athlete,Washington,United States,30,15,Eliminated Week 9,5,7.5,7,7.5,,8.5,8,8,,9,8,8.5,,8.5,9,8.5,8.5,9,9.75,9.5,,10,10,10,,11,11,11,,9.7777,9.5,10,,9.3333,9.5,9.7777,,0,0,0,,,,,,22.0,4.0,24.5,4.0,25.5,4.0,34.5,7.0,28.25,2.0,30.0,1.0,33.0,6.0,29.2777,2.0,28.611,3.0,,,,,9,3.677514792899409,4.375,1.6983471074380163,9.061728395061728,1.1943359375,1.6875,11.45911225061224,1.8904718342857136,0.9637158543999998,0.02536598222222265,,3.6033092154419335,True,3.6666666666666665,5.0,9,-1.3333333333333335,True,28.404299999999996,3.6033092154419335
Emmitt Smith,Cheryl Burke,Athlete,Florida,United States,43,15,Eliminated Week 9,4,8,8.5,8,,7.5,7.5,7.5,,8.5,8,8.5,,9,9,9,9,9.25,9.25,9.5,,8.5,8.5,9.5,,10.8333,11.8333,11.8333,,9.5,9.7777,9.7777,,9,9,9,,0,0,0,,,,,,24.5,1.0,22.5,7.0,25.0,8.0,36.0,5.0,28.0,6.0,26.5,8.0,34.4999,4.0,29.0554,4.0,27.0,5.0,,,,,9,3.677514792899409,4.375,1.6983471074380163,9.061728395061728,1.1943359375,1.6875,11.45911225061224,1.8904718342857136,0.9637158543999998,0.02536598222222265,,3.6033092154419335,True,5.333333333333333,4.0,9,1.333333333333333,True,28.117255555555555,3.6033092154419335
Shawn Johnson,Derek Hough,Athlete,Iowa,United States,20,15,2nd Place,2,8,6.5,7.5,,8.5,8,8.5,,9,8,9.5,,10,9.5,10,10,9.25,9,10,,9.5,8.5,10,,12.6666,12.6666,12.6666,,10,8.3333,9.5,,9.5,10,10,,9.6666,9.5,9.7777,,,,,,22.0,4.0,25.0,3.0,26.5,3.0,39.5,1.0,28.25,2.0,28.0,4.0,37.9998,2.0,27.8333,6.0,29.5,1.0,28.9443,3.0,,,10,3.677514792899409,4.375,1.6983471074380163,9.061728395061728,1.1943359375,1.6875,11.45911225061224,1.8904718342857136,0.9637158543999998,0.02536598222222265,,3.6033092154419335,True,2.9,2.0,10,0.8999999999999999,True,29.35274,3.6033092154419335
Pamela Anderson,Tristan MacManus,Model,,Canada,45,15,Eliminated Week 1,13,5.5,5.5,6,,0,0,0,,0,0,0,,0,0,0,0,0,0,0,,0,0,0,,0,0,0,,0,0,0,,0,0,0,,0,0,0,,,,,,17.0,13.0,,,,,,,,,,,,,,,,,,,,,1,3.677514792899409,4.375,1.6983471074380163,9.061728395061728,1.1943359375,1.6875,11.45911225061224,1.8904718342857136,0.9637158543999998,0.02536598222222265,,3.6033092154419335,True,13.0,13.0,1,0.0,True,17.0,3.6033092154419335
Helio Castroneves,Chelsie Hightower,Racing Driver,,Brazil,37,15,Eliminated Week 3,10,7,7.5,7,,8,7.5,7.5,,8.5,8.5,8.5,,0,0,0,0,0,0,0,,0,0,0,,0,0,0,,0,0,0,,0,0,0,,0,0,0,,,,,,21.5,6.0,23.0,6.0,25.5,4.0,,,,,,,,,,,,,,,,,3,3.677514792899409,4.375,1.6983471074380163,9.061728395061728,1.1943359375,1.6875,11.45911225061224,1.8904718342857136,0.9637158543999998,0.02536598222222265,,3.6033092154419335,True,5.333333333333333,10.0,3,-4.666666666666667,True,23.333333333333332,3.6033092154419335
Joey Fatone,Kym Johnson,Singer/Rapper,New York,United States,35,15,Eliminated Week 2,12,6.5,7,7,,7.5,7.5,7.5,,0,0,0,,0,0,0,0,0,0,0,,0,0,0,,0,0,0,,0,0,0,,0,0,0,,0,0,0,,,,,,20.5,10.0,22.5,7.0,,,,,,,,,,,,,,,,,,,2,3.677514792899409,4.375,1.6983471074380163,9.061728395061728,1.1943359375,1.6875,11.45911225061224,1.8904718342857136,0.9637158543999998,0.02536598222222265,,3.6033092154419335,True,8.5,12.0,2,-3.5,True,21.5,3.6033092154419335
Drew Lachey,Anna Trebunskaya,Singer/Rapper,Ohio,United States,36,15,Eliminated Week 3,11,7,7,7.5,,7.5,7.5,7.5,,8,8,8,,0,0,0,0,0,0,0,,0,0,0,,0,0,0,,0,0,0,,0,0,0,,0,0,0,,,,,,21.5,6.0,22.5,7.0,24.0,9.0,,,,,,,,,,,,,,,,,3,3.677514792899409,4.375,1.6983471074380163,9.061728395061728,1.1943359375,1.6875,11.45911225061224,1.8904718342857136,0.9637158543999998,0.02536598222222265,,3.6033092154419335,True,7.333333333333333,11.0,3,-3.666666666666667,True,22.666666666666668,3.6033092154419335
Bristol Palin,Mark Ballas,TV Personality,Alaska,United States,21,15,Eliminated Week 4,9,6.5,6.5,6.5,,6,6,6,,7.5,7.5,7.5,,8,8,8,8,0,0,0,,0,0,0,,0,0,0,,0,0,0,,0,0,0,,0,0,0,,,,,,19.5,11.0,18.0,12.0,22.5,11.0,32.0,8.0,,,,,,,,,,,,,,,4,3.677514792899409,4.375,1.6983471074380163,9.061728395061728,1.1943359375,1.6875,11.45911225061224,1.8904718342857136,0.9637158543999998,0.02536598222222265,,3.6033092154419335,True,10.5,9.0,4,1.5,True,23.0,3.6033092154419335
Melissa Rycroft,Tony Dovolani,TV Personality,Texas,United States,29,15,1st Place,1,7,7,7,,8,8,7.5,,9,9,9,,9,9,9.5,9.5,9.25,9.5,9.5,,9.5,10,10,,13.3333,12.8333,12.8333,,10,10,10,,9.5,9.7777,9.5,,9.7777,9.7777,9.7777,,,,,,21.0,9.0,23.5,5.0,27.0,1.0,37.0,4.0,28.25,2.0,29.5,3.0,38.9999,1.0,30.0,1.0,28.7777,2.0,29.3331,1.0,,,10,3.677514792899409,4.375,1.6983471074380163,9.061728395061728,1.1943359375,1.6875,11.45911225061224,1.8904718342857136,0.9637158543999998,0.02536598222222265,,3.6033092154419335,True,2.9,1.0,10,1.9,True,29.33607,3.6033092154419335
Ingo Rademacher,Kym Johnson,Actor/Actress,,Germany,41,16,Eliminated Week 9,5,7,6,7,,6,7,7,,7,7,7,,8,7,8,,7,7,7,,7.5,8,7.5,,8,9,8,,8,8,8,,8.5,8.5,8.5,,0,0,0,,,,,,20.0,5.0,20.0,5.0,21.0,6.0,23.0,5.0,21.0,6.0,23.0,4.0,25.0,5.0,24.0,5.0,25.5,5.0,,,,,9,7.909722222222222,12.388888888888888,12.958340501818183,9.84,13.728395061728394,5.02734375,21.061224489795922,7.3680555555555545,2.36,0.6875625018749999,,9.332953297188414,True,5.111111111111111,5.0,9,0.11111111111111072,True,22.5,9.332953297188414
Zendaya,Valentin Chmerkovskiy,Actor/Actress,California,United States,16,16,2nd Place,2,8,8,8,,9,8,9,,8.6666,8.6666,8.6666,,9,8,9,,10,9,10,,8.5,8.5,8.5,,10,10,10,,9.5,10,9.5,,9,9,9.5,,10,10,10,,,,,,24.0,1.0,26.0,1.0,25.9998,1.0,26.0,2.0,29.0,1.0,25.5,3.0,30.0,2.0,29.0,1.0,27.5,4.0,30.0,1.0,,,10,7.909722222222222,12.388888888888888,12.958340501818183,9.84,13.728395061728394,5.02734375,21.061224489795922,7.3680555555555545,2.36,0.6875625018749999,,9.332953297188414,True,1.7,2.0,10,-0.30000000000000004,True,27.299979999999998,9.332953297188414
Dorothy Hamill,Tristan MacManus,Athlete,Illinois,United States,56,16,Withdrew,12,7,7,7,,5,5,5,,0,0,0,,0,0,0,,0,0,0,,0,0,0,,0,0,0,,0,0,0,,0,0,0,,0,0,0,,,,,,21.0,2.0,15.0,12.0,,,,,,,,,,,,,,,,,,,2,7.909722222222222,12.388888888888888,12.958340501818183,9.84,13.728395061728394,5.02734375,21.061224489795922,7.3680555555555545,2.36,0.6875625018749999,,9.332953297188414,True,7.0,12.0,2,-5.0,True,18.0,9.332953297188414
Victor Ortiz,Lindsay Arnold,Athlete,Kansas,United States,26,16,Eliminated Week 6,8,6,6,6,,6,6,6,,8,7,8,,6,6,6,,7,7,7,,6.5,7,6.5,,0,0,0,,0,0,0,,0,0,0,,0,0,0,,,,,,18.0,8.0,18.0,8.0,23.0,4.0,18.0,9.0,21.0,6.0,20.0,8.0,,,,,,,,,,,6,7.909722222222222,12.388888888888888,12.958340501818183,9.84,13.728395061728394,5.02734375,21.061224489795922,7.3680555555555545,2.36,0.6875625018749999,,9.332953297188414,True,7.166666666666667,8.0,6,-0.833333333333333,True,19.666666666666668,9.332953297188414
Alexandra Raisman,Mark Ballas,Athlete,Massachusetts,United States,18,16,Eliminated Week 10,4,7,7,7,,8,8,8,,7,8,8,,9,9,9,,8,8,9,,8.5,9,8.5,,11,10,11,,9,9.5,9.5,,10,9.5,10,,9.5,9.5,10,,,,,,21.0,2.0,24.0,3.0,23.0,4.0,27.0,1.0,25.0,4.0,26.0,2.0,32.0,1.0,28.0,2.0,29.5,1.0,29.0,3.0,,,10,7.909722222222222,12.388888888888888,12.958340501818183,9.84,13.728395061728394,5.02734375,21.061224489795922,7.3680555555555545,2.36,0.6875625018749999,,9.332953297188414,True,2.3,4.0,10,-1.7000000000000002,True,26.45,9.332953297188414
Jacoby Jones,Karina Smirnoff,Athlete,Louisiana,United States,28,16,3rd Place,3,7,6,7,,8,7,8,,8.6666,8.6666,8.6666,,8,8,8,,9,8,9,,7.5,7.5,7.5,,9,9,9,,8.5,9,8.5,,10,9.5,10,,9.3333,9.3333,9.3333,,,,,,20.0,5.0,23.0,4.0,25.9998,1.0,24.0,4.0,26.0,3.0,22.5,6.0,27.0,4.0,26.0,4.0,29.5,1.0,27.9999,4.0,,,10,7.909722222222222,12.388888888888888,12.958340501818183,9.84,13.728395061728394,5.02734375,21.061224489795922,7.3680555555555545,2.36,0.6875625018749999,,9.332953297188414,True,3.6,3.0,10,0.6000000000000001,True,25.19997,9.332953297188414
D. L. Hughley,Cheryl Burke,Comedian,Virginia,United States,50,16,Eliminated Week 5,9,4,4,4,,5,5,6,,6,5,5,,7,7,7,,6,6,6,,0,0,0,,0,0,0,,0,0,0,,0,0,0,,0,0,0,,,,,,12.0,12.0,16.0,11.0,16.0,10.0,21.0,6.0,18.0,8.0,,,,,,,,,,,,,5,7.909722222222222,12.388888888888888,12.958340501818183,9.84,13.728395061728394,5.02734375,21.061224489795922,7.3680555555555545,2.36,0.6875625018749999,,9.332953297188414,True,9.4,9.0,5,0.40000000000000036,True,16.6,9.332953297188414
Andy Dick,Sharna Burgess,Comedian,South Carolina,United States,47,16,Eliminated Week 7,7,6,5,6,,7,6,7,,6,6,6,,7,7,7,,6,6,6,,7,7.5,7,,5,6,6,,0,0,0,,0,0,0,,0,0,0,,,,,,17.0,11.0,20.0,5.0,18.0,9.0,21.0,6.0,18.0,8.0,21.5,7.0,17.0,7.0,,,,,,,,,7,7.909722222222222,12.388888888888888,12.958340501818183,9.84,13.728395061728394,5.02734375,21.061224489795922,7.3680555555555545,2.36,0.6875625018749999,,9.332953297188414,True,7.571428571428571,7.0,7,0.5714285714285712,True,18.928571428571427,9.332953297188414
Wynonna Judd,Tony Dovolani,Singer/Rapper,Kentucky,United States,48,16,Eliminated Week 3,11,6,6,6,,6,6,6,,5,5,5,,0,0,0,,0,0,0,,0,0,0,,0,0,0,,0,0,0,,0,0,0,,0,0,0,,,,,,18.0,8.0,18.0,8.0,15.0,11.0,,,,,,,,,,,,,,,,,3,7.909722222222222,12.388888888888888,12.958340501818183,9.84,13.728395061728394,5.02734375,21.061224489795922,7.3680555555555545,2.36,0.6875625018749999,,9.332953297188414,True,9.0,11.0,3,-2.0,True,17.0,9.332953297188414
Kellie Pickler,Derek Hough,Singer/Rapper,North Carolina,United States,26,16,1st Place,1,7,7,7,,9,8,9,,8,9,8,,9,8,9,,9,9,9,,8.5,9.5,9,,9,10,10,,9.5,8,10,,9.5,10,9.5,,10,10,10,,,,,,21.0,2.0,26.0,1.0,25.0,3.0,26.0,2.0,27.0,2.0,27.0,1.0,29.0,3.0,27.5,3.0,29.0,3.0,30.0,1.0,,,10,7.909722222222222,12.388888888888888,12.958340501818183,9.84,13.728395061728394,5.02734375,21.061224489795922,7.3680555555555545,2.36,0.6875625018749999,,9.332953297188414,True,2.1,1.0,10,1.1,True,26.75,9.332953297188414
Lisa Vanderpump,Gleb Savchenko,TV Personality,,England,52,16,Eliminated Week 4,10,6,6,6,,6,6,6,,7,7,7,,6,6,6,,0,0,0,,0,0,0,,0,0,0,,0,0,0,,0,0,0,,0,0,0,,,,,,18.0,8.0,18.0,8.0,21.0,6.0,18.0,9.0,,,,,,,,,,,,,,,4,7.909722222222222,12.388888888888888,12.958340501818183,9.84,13.728395061728394,5.02734375,21.061224489795922,7.3680555555555545,2.36,0.6875625018749999,,9.332953297188414,True,7.75,10.0,4,-2.25,True,18.75,9.332953297188414
Sean Lowe,Peta Murgatroyd,TV Personality,Texas,United States,29,16,Eliminated Week 8,6,7,6,6,,7,6,7,,7,7,7,,6,7,7,,8,8,8,,7.5,8,7.5,,8,8,8,,7,7,7,,0,0,0,,0,0,0,,,,,,19.0,7.0,20.0,5.0,21.0,6.0,20.0,8.0,24.0,5.0,23.0,4.0,24.0,6.0,21.0,6.0,,,,,,,8,7.909722222222222,12.388888888888888,12.958340501818183,9.84,13.728395061728394,5.02734375,21.061224489795922,7.3680555555555545,2.36,0.6875625018749999,,9.332953297188414,True,5.875,6.0,8,-0.125,True,21.5,9.332953297188414
Valerie Harper,Tristan MacManus,Actor/Actress,New York,United States,74,17,Eliminated Week 4,10,7,7,7,,6,6,7,,6,5,5,,6,6,6,,0,0,0,,0,0,0,,0,0,0,,0,0,0,,0,0,0,,0,0,0,0,0,0,0,,21.0,8.0,19.0,10.0,16.0,10.0,18.0,10.0,,,,,,,,,,,,,,,4,11.388888888888891,8.472222222222223,13.057851239669423,8.010000000000002,3.4320987654320985,7.109425005,2.18359375,4.530612244897959,6.645833333333333,11.6,4.643965282500002,7.370408248358538,True,9.5,10.0,4,-0.5,True,18.5,7.3704082483585385
Brant Daugherty,Peta Murgatroyd,Actor/Actress,Ohio,United States,28,17,Eliminated Week 8,7,7,8,7,,8,7,8,,9,9,9,,7,7,7,,9,9,9,,10,11,10,,9.5,9.5,9.5,,9,9,9,,0,0,0,,0,0,0,0,0,0,0,,22.0,6.0,23.0,7.0,27.0,1.0,21.0,8.0,27.0,3.0,31.0,3.0,28.5,3.0,27.0,5.0,,,,,,,8,11.388888888888891,8.472222222222223,13.057851239669423,8.010000000000002,3.4320987654320985,7.109425005,2.18359375,4.530612244897959,6.645833333333333,11.6,4.643965282500002,7.370408248358538,True,4.5,7.0,8,-2.5,True,25.8125,7.3704082483585385
Elizabeth Berkley Lauren,Valentin Chmerkovskiy,Actor/Actress,Michigan,United States,39,17,Eliminated Week 9,6,8,8,8,,8,9,8,,8,9,8,,9,9,9,,8,9,9,,10.6666,10.6666,10.6666,,9,9,9,,8,9,8,,9.5,9,9.5,,0,0,0,0,0,0,0,,24.0,2.0,25.0,2.0,25.0,4.0,27.0,1.0,26.0,6.0,31.9998,2.0,27.0,5.0,25.0,6.0,28.0,2.0,,,,,9,11.388888888888891,8.472222222222223,13.057851239669423,8.010000000000002,3.4320987654320985,7.109425005,2.18359375,4.530612244897959,6.645833333333333,11.6,4.643965282500002,7.370408248358538,True,3.3333333333333335,6.0,9,-2.6666666666666665,True,26.555533333333333,7.3704082483585385
Leah Remini,Tony Dovolani,Actor/Actress,New York,United States,43,17,Eliminated Week 10,5,7,7,7,,8,8,8,,8,8,8,,8,8,8,,7,7,8,,9.3333,9.3333,9.3333,,9,8.5,9,,9,10,9,,9,9,9,,8,8,8,8.5,0,0,0,,21.0,8.0,24.0,4.0,24.0,6.0,24.0,4.0,22.0,9.0,27.9999,5.0,26.5,7.0,28.0,3.0,27.0,3.0,32.5,4.0,,,10,11.388888888888891,8.472222222222223,13.057851239669423,8.010000000000002,3.4320987654320985,7.109425005,2.18359375,4.530612244897959,6.645833333333333,11.6,4.643965282500002,7.370408248358538,True,5.3,5.0,10,0.2999999999999998,True,25.699990000000003,7.3704082483585385
Corbin Bleu,Karina Smirnoff,Actor/Actress,New York,United States,24,17,2nd Place,2,8,8,8,,9,8,9,,9,8,9,,9,9,9,,9,9,10,,9.3333,8.3333,9.3333,,10,9.5,10,,10,10,10,,9.5,9.5,10,,9.5,9,9.5,9.5,9.8888,9.8888,9.8888,,24.0,2.0,26.0,1.0,26.0,2.0,27.0,1.0,28.0,1.0,26.9999,6.0,29.5,1.0,30.0,1.0,29.0,1.0,37.5,2.0,29.6664,2.0,11,11.388888888888891,8.472222222222223,13.057851239669423,8.010000000000002,3.4320987654320985,7.109425005,2.18359375,4.530612244897959,6.645833333333333,11.6,4.643965282500002,7.370408248358538,True,1.8181818181818181,2.0,11,-0.18181818181818188,True,28.515118181818185,7.3704082483585385
Amber Riley,Derek Hough,Actor/Actress,California,United States,27,17,1st Place,1,9,9,9,,8,8,8,,8,8,8,,9,9,9,,9,7,10,,11.3333,9.3333,11.3333,,10,10,9.5,,9,9,10,,8.5,8.5,8.5,,10,10,9.5,10,10.4444,10.4444,10.4444,,27.0,1.0,24.0,4.0,24.0,6.0,27.0,1.0,26.0,6.0,31.9999,1.0,29.5,1.0,28.0,3.0,25.5,5.0,39.5,1.0,31.3332,1.0,11,11.388888888888891,8.472222222222223,13.057851239669423,8.010000000000002,3.4320987654320985,7.109425005,2.18359375,4.530612244897959,6.645833333333333,11.6,4.643965282500002,7.370408248358538,True,2.727272727272727,1.0,11,1.727272727272727,True,28.53028181818182,7.3704082483585385
Keyshawn Johnson,Sharna Burgess,Athlete,California,United States,41,17,Eliminated Week 2,12,6,5,6,,6,6,6,,0,0,0,,0,0,0,,0,0,0,,0,0,0,,0,0,0,,0,0,0,,0,0,0,,0,0,0,0,0,0,0,,17.0,11.0,18.0,11.0,,,,,,,,,,,,,,,,,,,2,11.388888888888891,8.472222222222223,13.057851239669423,8.010000000000002,3.4320987654320985,7.109425005,2.18359375,4.530612244897959,6.645833333333333,11.6,4.643965282500002,7.370408248358538,True,11.0,12.0,2,-1.0,True,17.5,7.3704082483585385
Bill Engvall,Emma Slater,Comedian,Texas,United States,56,17,Eliminated Week 11,4,6,6,6,,7,7,7,,8,8,8,,7,7,7,,8,8,8,,8.3333,8.3333,7.3333,,8.5,8,8.5,,8,8,8,,7,7,7,,7.5,7.5,7.5,7.5,8.3333,8.8333,8.3333,,18.0,10.0,21.0,8.0,24.0,6.0,21.0,8.0,24.0,8.0,23.9999,8.0,25.0,8.0,24.0,7.0,21.0,6.0,30.0,5.0,25.4999,4.0,11,11.388888888888891,8.472222222222223,13.057851239669423,8.010000000000002,3.4320987654320985,7.109425005,2.18359375,4.530612244897959,6.645833333333333,11.6,4.643965282500002,7.370408248358538,True,7.090909090909091,4.0,11,3.090909090909091,True,23.409072727272726,7.3704082483585385
Christina Milian,Mark Ballas,Singer/Rapper,New Jersey,United States,31,17,Eliminated Week 5,9,7,7,8,,9,8,8,,9,8,9,,8,8,8,,9,10,9,,0,0,0,,0,0,0,,0,0,0,,0,0,0,,0,0,0,0,0,0,0,,22.0,6.0,25.0,2.0,26.0,2.0,24.0,4.0,28.0,1.0,,,,,,,,,,,,,5,11.388888888888891,8.472222222222223,13.057851239669423,8.010000000000002,3.4320987654320985,7.109425005,2.18359375,4.530612244897959,6.645833333333333,11.6,4.643965282500002,7.370408248358538,True,3.0,9.0,5,-6.0,True,25.0,7.3704082483585385
"Nicole ""Snooki"" Polizzi",Sasha Farber,TV Personality,,Chile,25,17,Eliminated Week 7,8,8,8,7,,6,7,7,,9,8,8,,8,8,8,,9,9,9,,10,10,10,,9,9,9,,0,0,0,,0,0,0,,0,0,0,0,0,0,0,,23.0,4.0,20.0,9.0,25.0,4.0,24.0,4.0,27.0,3.0,30.0,4.0,27.0,5.0,,,,,,,,,7,11.388888888888891,8.472222222222223,13.057851239669423,8.010000000000002,3.4320987654320985,7.109425005,2.18359375,4.530612244897959,6.645833333333333,11.6,4.643965282500002,7.370408248358538,True,4.714285714285714,8.0,7,-3.2857142857142856,True,25.142857142857142,7.3704082483585385
Jack Osbourne,Cheryl Burke,TV Personality,,England,27,17,3rd Place,3,8,8,7,,8,8,8,,7,7,8,,8,8,8,,9,9,9,,8.6666,9.6666,8.6666,,10,9,9.5,,10,10,10,,9,9,9,,9,8.5,9,9,9.3333,9.3333,9.3333,,23.0,4.0,24.0,4.0,22.0,9.0,24.0,4.0,27.0,3.0,26.9998,7.0,28.5,3.0,30.0,1.0,27.0,3.0,35.5,3.0,27.9999,3.0,11,11.388888888888891,8.472222222222223,13.057851239669423,8.010000000000002,3.4320987654320985,7.109425005,2.18359375,4.530612244897959,6.645833333333333,11.6,4.643965282500002,7.370408248358538,True,4.0,3.0,11,1.0,True,26.909063636363637,7.3704082483585385
Bill Nye,Tyne Stecklein,TV Personality,Washington D.C.,United States,57,17,Eliminated Week 3,11,5,4,5,,6,5,6,,6,5,5,,0,0,0,,0,0,0,,0,0,0,,0,0,0,,0,0,0,,0,0,0,,0,0,0,0,0,0,0,,14.0,12.0,17.0,12.0,16.0,10.0,,,,,,,,,,,,,,,,,3,11.388888888888891,8.472222222222223,13.057851239669423,8.010000000000002,3.4320987654320985,7.109425005,2.18359375,4.530612244897959,6.645833333333333,11.6,4.643965282500002,7.370408248358538,True,11.333333333333334,11.0,3,0.3333333333333339,True,15.666666666666666,7.3704082483585385
Billy Dee Williams,Emma Slater,Actor/Actress,New York,United States,76,18,Withdrew,10,5,5,5,,5,5,5,,0,0,0,0,0,0,0,0,0,0,0,0,0,0,0,0,0,0,0,0,0,0,0,0,0,0,0,0,0,0,0,,,,,,15.0,12.0,15.0,11.0,,,,,,,,,,,,,,,,,,,2,9.805555555555555,7.966942148760331,7.580246913580246,8.0,10.617283950617283,7.1875,3.1938775510204076,3.2222222222222228,1.7599999999999998,2.5002333400000007,,6.183386168175605,True,11.5,10.0,2,1.5,True,15.0,6.183386168175605
Danica McKellar,Valentin Chmerkovskiy,Actor/Actress,California,United States,39,18,Eliminated Week 8,6,8,8,8,,8,8,8,,9,9,9,9,8,8,8,8,10,9,10,10,9,9,9,9,9,9.5,8.5,9,10,9,9,10,0,0,0,0,0,0,0,,,,,,24.0,3.0,24.0,4.0,36.0,2.0,32.0,6.0,39.0,2.0,36.0,3.0,36.0,4.0,38.0,3.0,,,,,,,8,9.805555555555555,7.966942148760331,7.580246913580246,8.0,10.617283950617283,7.1875,3.1938775510204076,3.2222222222222228,1.7599999999999998,2.5002333400000007,,6.183386168175605,True,3.375,6.0,8,-2.625,True,33.125,6.183386168175605
James Maslow,Peta Murgatroyd,Actor/Actress,New York,United States,23,18,Eliminated Week 10,4,7,7,7,,9,8,8,,9,9,9,9,9,8,9,9,10,10,10,10,9,9,8,9,8.5,9.5,8,9,8,9,10,9,9.5,9.5,9.5,9.5,9.5,9.5,10,,,,,,21.0,7.0,25.0,1.0,36.0,2.0,35.0,2.0,40.0,1.0,35.0,5.0,35.0,6.0,36.0,4.0,38.0,3.0,29.0,3.0,,,10,9.805555555555555,7.966942148760331,7.580246913580246,8.0,10.617283950617283,7.1875,3.1938775510204076,3.2222222222222228,1.7599999999999998,2.5002333400000007,,6.183386168175605,True,3.4,4.0,10,-0.6000000000000001,True,33.0,6.183386168175605
Candace Cameron Bure,Mark Ballas,Actor/Actress,California,United States,37,18,3rd Place,3,9,8,8,,7,7,7,,8,8,8,8,7,7,7,7,8,9,9,9,8,8,8,8,9,9.5,9,9.5,9,9,9,9,8.5,9.5,9.5,8.5,8.6666,8.6666,8.6666,,,,,,25.0,2.0,21.0,7.0,32.0,7.0,28.0,9.0,35.0,7.0,32.0,7.0,37.0,3.0,36.0,4.0,36.0,5.0,25.9998,4.0,,,10,9.805555555555555,7.966942148760331,7.580246913580246,8.0,10.617283950617283,7.1875,3.1938775510204076,3.2222222222222228,1.7599999999999998,2.5002333400000007,,6.183386168175605,True,5.5,3.0,10,2.5,True,30.799979999999998,6.183386168175605
Sean Avery,Karina Smirnoff,Athlete,,Canada,33,18,Eliminated Week 2,11,7,6,7,,7,7,7,,0,0,0,0,0,0,0,0,0,0,0,0,0,0,0,0,0,0,0,0,0,0,0,0,0,0,0,0,0,0,0,,,,,,20.0,10.0,21.0,7.0,,,,,,,,,,,,,,,,,,,2,9.805555555555555,7.966942148760331,7.580246913580246,8.0,10.617283950617283,7.1875,3.1938775510204076,3.2222222222222228,1.7599999999999998,2.5002333400000007,,6.183386168175605,True,8.5,11.0,2,-2.5,True,20.5,6.183386168175605
Diana Nyad,Henry Byalikov,Athlete,New York,United States,64,18,Eliminated Week 2,12,6,6,6,,0,0,0,,0,0,0,0,0,0,0,0,0,0,0,0,0,0,0,0,0,0,0,0,0,0,0,0,0,0,0,0,0,0,0,,,,,,18.0,11.0,,,,,,,,,,,,,,,,,,,,,1,9.805555555555555,7.966942148760331,7.580246913580246,8.0,10.617283950617283,7.1875,3.1938775510204076,3.2222222222222228,1.7599999999999998,2.5002333400000007,,6.183386168175605,True,11.0,12.0,1,-1.0,True,18.0,6.183386168175605
Charlie White,Sharna Burgess,Athlete,Michigan,United States,26,18,Eliminated Week 9,5,9,9,9,,9,7,9,,9,9,9,9,7,8,9,9,9,10,9,9,9,9,9,9,8.5,10,8,9,10,10,10,10,9.5,9.5,9.5,9.5,0,0,0,,,,,,27.0,1.0,25.0,1.0,36.0,2.0,33.0,4.0,37.0,3.0,36.0,3.0,35.5,5.0,40.0,1.0,38.0,3.0,,,,,9,9.805555555555555,7.966942148760331,7.580246913580246,8.0,10.617283950617283,7.1875,3.1938775510204076,3.2222222222222228,1.7599999999999998,2.5002333400000007,,6.183386168175605,True,2.5555555555555554,5.0,9,-2.4444444444444446,True,34.166666666666664,6.183386168175605
Amy Purdy,Derek Hough,Athlete,Nevada,United States,34,18,2nd Place,2,8,8,8,,8,8,8,,9,9,9,9,9,8,8,9,9,9,10,9,9,10,9,10,9.5,9.5,9,9.5,10,10,10,10,9.5,9.5,10,10,10,9.6666,10,,,,,,24.0,3.0,24.0,4.0,36.0,2.0,34.0,3.0,37.0,3.0,38.0,2.0,37.5,2.0,40.0,1.0,39.0,2.0,29.666600000000003,2.0,,,10,9.805555555555555,7.966942148760331,7.580246913580246,8.0,10.617283950617283,7.1875,3.1938775510204076,3.2222222222222228,1.7599999999999998,2.5002333400000007,,6.183386168175605,True,2.4,2.0,10,0.3999999999999999,True,33.91666,6.183386168175605
Meryl Davis,Maksim Chmerkoskiy,Athlete,Michigan,United States,27,18,1st Place,1,8,8,8,,8,9,8,,10,9,10,10,10,9,10,10,9,9,9,9,10,10,10,10,10,10,9,10,9,9,8,10,10,10,10,10,10,10,10,,,,,,24.0,3.0,25.0,1.0,39.0,1.0,39.0,1.0,36.0,5.0,40.0,1.0,39.0,1.0,36.0,4.0,40.0,1.0,30.0,1.0,,,10,9.805555555555555,7.966942148760331,7.580246913580246,8.0,10.617283950617283,7.1875,3.1938775510204076,3.2222222222222228,1.7599999999999998,2.5002333400000007,,6.183386168175605,True,1.9,1.0,10,0.8999999999999999,True,34.8,6.183386168175605
Drew Carey,Cheryl Burke,Comedian,Ohio,United States,55,18,Eliminated Week 6,8,7,7,7,,7,7,7,,7,7,8,8,8,8,9,8,7,7,7,7,8,9,7,8,0,0,0,0,0,0,0,0,0,0,0,0,0,0,0,,,,,,21.0,7.0,21.0,7.0,30.0,9.0,33.0,4.0,28.0,9.0,32.0,7.0,,,,,,,,,,,6,9.805555555555555,7.966942148760331,7.580246913580246,8.0,10.617283950617283,7.1875,3.1938775510204076,3.2222222222222228,1.7599999999999998,2.5002333400000007,,6.183386168175605,True,7.166666666666667,8.0,6,-0.833333333333333,True,27.5,6.183386168175605
Cody Simpson,Witney Carson,Singer/Rapper,,Australia,17,18,Eliminated Week 5,9,7,7,8,,7,7,8,,9,8,9,9,8,7,8,8,9,8,8,9,0,0,0,0,0,0,0,0,0,0,0,0,0,0,0,0,0,0,0,,,,,,22.0,6.0,22.0,6.0,35.0,6.0,31.0,8.0,34.0,8.0,,,,,,,,,,,,,5,9.805555555555555,7.966942148760331,7.580246913580246,8.0,10.617283950617283,7.1875,3.1938775510204076,3.2222222222222228,1.7599999999999998,2.5002333400000007,,6.183386168175605,True,6.8,9.0,5,-2.2,True,28.8,6.183386168175605
NeNe Leakes,Tony Dovolani,TV Personality,New York,United States,46,18,Eliminated Week 7,7,7,7,7,,7,7,7,,8,7,8,8,8,8,8,8,9,9,9,9,8,9,8,8,8,9,7.5,8.5,0,0,0,0,0,0,0,0,0,0,0,,,,,,21.0,7.0,21.0,7.0,31.0,8.0,32.0,6.0,36.0,5.0,33.0,6.0,33.0,7.0,,,,,,,,,7,9.805555555555555,7.966942148760331,7.580246913580246,8.0,10.617283950617283,7.1875,3.1938775510204076,3.2222222222222228,1.7599999999999998,2.5002333400000007,,6.183386168175605,True,6.571428571428571,7.0,7,-0.4285714285714288,True,29.571428571428573,6.183386168175605
Antonio Sabato Jr.,Cheryl Burke,Actor/Actress,,Italy,42,19,Eliminated Week 7,8,6,6,6,7,8,7,8,8,7,7,7,8,7,7,7,8,8,6,7,7,7,7,7,7,7,7.5,7.5,7.5,0,0,0,0,0,0,0,0,0,0,0,0,0,0,0,0,25.0,10.0,31.0,5.0,29.0,8.0,29.0,6.0,28.0,6.0,28.0,8.0,29.5,7.0,,,,,,,,,7,20.08284023668639,8.972222222222223,18.446280991735534,30.2,29.555555555555557,12.024691358024691,8.99609375,39.6734693877551,11.722222222222221,8.0,0.5208250075000004,17.108563702881977,True,7.142857142857143,8.0,7,-0.8571428571428568,True,28.5,17.108563702881977
Jonathan Bennett,Allison Holker,Actor/Actress,Ohio,United States,33,19,Eliminated Week 6,9,8,7,7,8,7,7,8,8,8,8,8,8,6,6,6,6,6,6,6,6,8,8,8,8,0,0,0,0,0,0,0,0,0,0,0,0,0,0,0,0,0,0,0,0,30.0,6.0,30.0,7.0,32.0,4.0,24.0,10.0,24.0,7.0,32.0,5.0,,,,,,,,,,,6,20.08284023668639,8.972222222222223,18.446280991735534,30.2,29.555555555555557,12.024691358024691,8.99609375,39.6734693877551,11.722222222222221,8.0,0.5208250075000004,17.108563702881977,True,6.5,9.0,6,-2.5,True,28.666666666666668,17.108563702881977
Lea Thompson,Artem Chigvintsev,Actor/Actress,Minnesota,United States,53,19,Eliminated Week 9,6,8,8,8,8,9,8,9,9,7,8,8,8,10,10,10,9,9,8,8,9,8,8,8,8,8.5,8.5,9,9,8,8,8,8,8.5,9,8.5,9,0,0,0,0,0,0,0,0,32.0,3.0,35.0,1.0,31.0,7.0,39.0,2.0,34.0,2.0,32.0,5.0,35.0,2.0,32.0,5.0,35.0,5.0,,,,,9,20.08284023668639,8.972222222222223,18.446280991735534,30.2,29.555555555555557,12.024691358024691,8.99609375,39.6734693877551,11.722222222222221,8.0,0.5208250075000004,17.108563702881977,True,3.5555555555555554,6.0,9,-2.4444444444444446,True,33.888888888888886,17.108563702881977
Janel Parrish,Valentin Chmerkovskiy,Actor/Actress,Hawaii,United States,25,19,3rd Place,3,7,7,7,8,9,8,8,9,10,10,10,10,9,9,9,9,8,8,8,9,8,7,9,9,8.5,8,8.5,8.5,10.75,10.75,10.75,10.75,9.5,9.5,10,9.5,9.5,9.5,10,10,9.6666,10,9.6666,9.6666,29.0,7.0,34.0,2.0,40.0,1.0,36.0,4.0,33.0,4.0,33.0,4.0,33.5,4.0,43.0,1.0,38.5,1.0,39.0,1.0,38.99980000000001,3.0,11,20.08284023668639,8.972222222222223,18.446280991735534,30.2,29.555555555555557,12.024691358024691,8.99609375,39.6734693877551,11.722222222222221,8.0,0.5208250075000004,17.108563702881977,True,2.909090909090909,3.0,11,-0.09090909090909083,True,36.1818,17.108563702881977
Alfonso Ribeiro,Witney Carson,Actor/Actress,New York,United States,42,19,1st Place,1,9,9,9,9,8,8,8,8,8,8,8,8,10,10,10,10,8,9,9,8,10,10,9,10,8.5,8.5,8.5,8.5,10.75,9.75,9.75,10.75,9.5,9.5,9.5,10,9.5,9,9.5,9.5,10,10,10,10,36.0,1.0,32.0,4.0,32.0,4.0,40.0,1.0,34.0,2.0,39.0,1.0,34.0,3.0,41.0,2.0,38.5,1.0,37.5,3.0,40.0,1.0,11,20.08284023668639,8.972222222222223,18.446280991735534,30.2,29.555555555555557,12.024691358024691,8.99609375,39.6734693877551,11.722222222222221,8.0,0.5208250075000004,17.108563702881977,True,2.090909090909091,1.0,11,1.0909090909090908,True,36.72727272727273,17.108563702881977
Lolo Jones,Keo Motsepe,Athlete,Iowa,United States,32,19,Eliminated Week 1,13,6,6,5,5,0,0,0,0,0,0,0,0,0,0,0,0,0,0,0,0,0,0,0,0,0,0,0,0,0,0,0,0,0,0,0,0,0,0,0,0,0,0,0,0,22.0,12.0,,,,,,,,,,,,,,,,,,,,,1,20.08284023668639,8.972222222222223,18.446280991735534,30.2,29.555555555555557,12.024691358024691,8.99609375,39.6734693877551,11.722222222222221,8.0,0.5208250075000004,17.108563702881977,True,12.0,13.0,1,-1.0,True,22.0,17.108563702881977
Randy Couture,Karina Smirnoff,Athlete,Washington,United States,51,19,Eliminated Week 3,11,8,7,8,8,7,7,7,7,7,7,6,6,0,0,0,0,0,0,0,0,0,0,0,0,0,0,0,0,0,0,0,0,0,0,0,0,0,0,0,0,0,0,0,0,31.0,5.0,28.0,8.0,26.0,11.0,,,,,,,,,,,,,,,,,3,20.08284023668639,8.972222222222223,18.446280991735534,30.2,29.555555555555557,12.024691358024691,8.99609375,39.6734693877551,11.722222222222221,8.0,0.5208250075000004,17.108563702881977,True,8.0,11.0,3,-3.0,True,28.333333333333332,17.108563702881977
Tommy Chong,Peta Murgatroyd,Comedian,,Canada,76,19,Eliminated Week 10,5,7,6,7,7,7,7,7,7,8,10,8,8,7,7,7,7,6,6,5,6,7,7,7,7,7.5,7.5,7.5,7.5,6.75,7.75,7.75,6.75,7,7.5,7,7,8,7.5,8,7.5,0,0,0,0,27.0,9.0,28.0,8.0,34.0,3.0,28.0,8.0,23.0,8.0,28.0,8.0,30.0,6.0,29.0,6.0,28.5,6.0,31.0,5.0,,,10,20.08284023668639,8.972222222222223,18.446280991735534,30.2,29.555555555555557,12.024691358024691,8.99609375,39.6734693877551,11.722222222222221,8.0,0.5208250075000004,17.108563702881977,True,6.7,5.0,10,1.7000000000000002,True,28.65,17.108563702881977
Betsey Johnson,Tony Dovolani,Fashion Designer,Connecticut,United States,72,19,Eliminated Week 4,10,5,5,5,5,7,7,7,7,7,9,6,7,8,7,7,7,0,0,0,0,0,0,0,0,0,0,0,0,0,0,0,0,0,0,0,0,0,0,0,0,0,0,0,0,20.0,13.0,28.0,8.0,29.0,8.0,29.0,6.0,,,,,,,,,,,,,,,4,20.08284023668639,8.972222222222223,18.446280991735534,30.2,29.555555555555557,12.024691358024691,8.99609375,39.6734693877551,11.722222222222221,8.0,0.5208250075000004,17.108563702881977,True,8.75,10.0,4,-1.25,True,26.5,17.108563702881977
Michael Waltrip,Emma Slater,Racing Driver,Kentucky,United States,51,19,Eliminated Week 8,7,7,6,6,6,6,6,6,6,7,7,7,7,6,6,6,7,5,5,5,5,8,7,8,7,7,7,7,7,6,7,6,6,0,0,0,0,0,0,0,0,0,0,0,0,25.0,10.0,24.0,12.0,28.0,10.0,25.0,9.0,20.0,9.0,30.0,7.0,28.0,8.0,25.0,7.0,,,,,,,8,20.08284023668639,8.972222222222223,18.446280991735534,30.2,29.555555555555557,12.024691358024691,8.99609375,39.6734693877551,11.722222222222221,8.0,0.5208250075000004,17.108563702881977,True,9.0,7.0,8,2.0,True,25.625,17.108563702881977
Tavis Smiley,Sharna Burgess,Radio Personality,Mississippi,United States,50,19,Eliminated Week 2,12,7,7,8,7,7,7,7,7,0,0,0,0,0,0,0,0,0,0,0,0,0,0,0,0,0,0,0,0,0,0,0,0,0,0,0,0,0,0,0,0,0,0,0,0,29.0,7.0,28.0,8.0,,,,,,,,,,,,,,,,,,,2,20.08284023668639,8.972222222222223,18.446280991735534,30.2,29.555555555555557,12.024691358024691,8.99609375,39.6734693877551,11.722222222222221,8.0,0.5208250075000004,17.108563702881977,True,7.5,12.0,2,-4.5,True,28.5,17.108563702881977
Bethany Mota,Derek Hough,Social Media Personality,California,United States,18,19,Eliminated Week 11,4,8,8,8,8,8,9,8,8,10,10,10,10,8,8,8,9,8,8,8,8,9,9,9,9,9.5,9,9.5,9.5,9.75,9.75,9.75,10.75,9,9.5,9.5,9,9.5,9.5,9.5,9.5,9.5,9.5,9.5,9.5,32.0,3.0,33.0,3.0,40.0,1.0,33.0,5.0,32.0,5.0,36.0,2.0,37.5,1.0,40.0,3.0,37.0,3.0,38.0,2.0,38.0,4.0,11,20.08284023668639,8.972222222222223,18.446280991735534,30.2,29.555555555555557,12.024691358024691,8.99609375,39.6734693877551,11.722222222222221,8.0,0.5208250075000004,17.108563702881977,True,2.909090909090909,4.0,11,-1.0909090909090908,True,36.04545454545455,17.108563702881977
Sadie Robertson,Mark Ballas,TV Personality,Louisiana,United States,17,19,2nd Place,2,8,8,9,9,8,7,8,8,8,8,8,8,9,10,9,9,9,9,9,9,9,10,8,8,7.5,7.5,8,8,9,9,10,10,9,9.5,9,9,9,9.5,9.5,9,10,9.6666,10,9.6666,34.0,2.0,31.0,5.0,32.0,4.0,37.0,3.0,36.0,1.0,35.0,3.0,31.0,5.0,38.0,4.0,36.5,4.0,37.0,4.0,39.333200000000005,2.0,11,20.08284023668639,8.972222222222223,18.446280991735534,30.2,29.555555555555557,12.024691358024691,8.99609375,39.6734693877551,11.722222222222221,8.0,0.5208250075000004,17.108563702881977,True,3.3636363636363638,2.0,11,1.3636363636363638,True,35.16665454545455,17.108563702881977
Suzanne Somers,Tony Dovolani,Actor/Actress,California,United States,68,20,Eliminated Week 5,9,6,6,6,7,7,7,7,7,6,6,6,7,7,7,7,7,7,7,7,7,0,0,0,0,0,0,0,0,0,0,0,0,0,0,0,0,0,0,0,0,,,,,25.0,8.0,28.0,6.0,25.0,8.0,28.0,9.0,28.0,5.0,,,,,,,,,,,,,5,9.416666666666666,11.409722222222221,19.33884297520661,12.85,29.80246913580247,2.109375,12.77551020408163,14.479166666666666,0.6875,3.5555555555555554,,11.642480842620182,True,7.2,9.0,5,-1.7999999999999998,True,26.8,11.642480842620182
Willow Shields,Mark Ballas,Actor/Actress,New Mexico,United States,14,20,Eliminated Week 7,7,6,6,6,7,8,8,8,8,8,8,8,8,10,9,10,10,8,8,9,9,9.5,8.5,9,9.5,9.5,9.5,9.5,10.5,0,0,0,0,0,0,0,0,0,0,0,0,,,,,25.0,8.0,32.0,2.0,32.0,4.0,39.0,1.0,34.0,4.0,36.5,2.0,39.0,2.0,,,,,,,,,7,9.416666666666666,11.409722222222221,19.33884297520661,12.85,29.80246913580247,2.109375,12.77551020408163,14.479166666666666,0.6875,3.5555555555555554,,11.642480842620182,True,3.2857142857142856,7.0,7,-3.7142857142857144,True,33.92857142857143,11.642480842620182
Riker Lynch,Allison Holker,Actor/Actress,Colorado,United States,23,20,2nd Place,2,8,7,8,8,8,8,8,8,9,7,9,9,8,8,9,9,10,9,9,10,10,8.5,9.5,10,9,10,9,9,10,9,10,10,10,10,10,10,10,10,10,10,,,,,31.0,2.0,32.0,2.0,34.0,1.0,34.0,4.0,38.0,2.0,38.0,1.0,37.0,4.0,39.0,2.0,40.0,1.0,40.0,1.0,,,10,9.416666666666666,11.409722222222221,19.33884297520661,12.85,29.80246913580247,2.109375,12.77551020408163,14.479166666666666,0.6875,3.5555555555555554,,11.642480842620182,True,2.0,2.0,10,0.0,True,36.3,11.642480842620182
Rumer Willis,Valentin Chmerkovskiy,Actor/Actress,Kentucky,United States,26,20,1st Place,1,8,8,8,8,8,8,8,8,8,9,8,8,9,8,9,9,10,9,10,10,9,8.5,8.5,9.5,8.5,9.5,9.5,9.5,10,10,10,10,10,9.5,9.5,10,10,10,10,10,,,,,32.0,1.0,32.0,2.0,33.0,3.0,35.0,3.0,39.0,1.0,35.5,4.0,37.0,4.0,40.0,1.0,39.0,3.0,40.0,1.0,,,10,9.416666666666666,11.409722222222221,19.33884297520661,12.85,29.80246913580247,2.109375,12.77551020408163,14.479166666666666,0.6875,3.5555555555555554,,11.642480842620182,True,2.3,1.0,10,1.2999999999999998,True,36.25,11.642480842620182
Nastia Liukin,Derek Hough,Athlete,,Russia,25,20,Eliminated Week 9,4,7,7,8,8,9,8,8,9,9,8,9,8,9,8,9,10,9,9,10,10,9.5,8.5,9,9.5,10.75,9.75,9.75,10.75,9.5,9.5,9.5,9.5,10,10,10,10,0,0,0,0,,,,,30.0,3.0,34.0,1.0,34.0,1.0,36.0,2.0,38.0,2.0,36.5,2.0,41.0,1.0,38.0,3.0,40.0,1.0,,,,,9,9.416666666666666,11.409722222222221,19.33884297520661,12.85,29.80246913580247,2.109375,12.77551020408163,14.479166666666666,0.6875,3.5555555555555554,,11.642480842620182,True,1.7777777777777777,4.0,9,-2.2222222222222223,True,36.388888888888886,11.642480842620182
Michael Sam,Peta Murgatroyd,Athlete,Texas,United States,25,20,Eliminated Week 4,10,6,6,7,7,7,7,7,7,6,6,6,6,7,7,8,8,0,0,0,0,0,0,0,0,0,0,0,0,0,0,0,0,0,0,0,0,0,0,0,0,,,,,26.0,5.0,28.0,6.0,24.0,9.0,30.0,7.0,,,,,,,,,,,,,,,4,9.416666666666666,11.409722222222221,19.33884297520661,12.85,29.80246913580247,2.109375,12.77551020408163,14.479166666666666,0.6875,3.5555555555555554,,11.642480842620182,True,6.75,10.0,4,-3.25,True,27.0,11.642480842620182
Robert Herjavec,Kym Johnson,Entrepreneur,,Croatia,52,20,Eliminated Week 8,6,7,7,7,7,7,7,7,7,7,7,8,7,8,9,8,9,6,6,6,6,8.5,8,8.5,8.5,7,8,8,8,7.5,7.5,8.5,7.5,0,0,0,0,0,0,0,0,,,,,28.0,4.0,28.0,6.0,29.0,6.0,34.0,4.0,24.0,9.0,33.5,8.0,31.0,6.0,31.0,6.0,,,,,,,8,9.416666666666666,11.409722222222221,19.33884297520661,12.85,29.80246913580247,2.109375,12.77551020408163,14.479166666666666,0.6875,3.5555555555555554,,11.642480842620182,True,6.125,6.0,8,0.125,True,29.8125,11.642480842620182
Charlotte McKinney,Keo Motsepe,Model,Florida,United States,21,20,Eliminated Week 3,11,6,5,5,6,7,6,7,6,6,5,5,6,0,0,0,0,0,0,0,0,0,0,0,0,0,0,0,0,0,0,0,0,0,0,0,0,0,0,0,0,,,,,22.0,11.0,26.0,11.0,22.0,10.0,,,,,,,,,,,,,,,,,3,9.416666666666666,11.409722222222221,19.33884297520661,12.85,29.80246913580247,2.109375,12.77551020408163,14.479166666666666,0.6875,3.5555555555555554,,11.642480842620182,True,10.666666666666666,11.0,3,-0.3333333333333339,True,23.333333333333332,11.642480842620182
Noah Galloway,Sharna Burgess,Motivational Speaker,Alabama,United States,33,20,3rd Place,3,7,6,6,7,7,6,7,7,7,7,8,8,8,8,8,8,7,7,7,7,8.5,8,8.5,9,10.5,8.5,9.5,9.5,8,7.5,8,8,9.5,9.5,9.5,9.5,9,9,9,9,,,,,26.0,5.0,27.0,10.0,30.0,5.0,32.0,6.0,28.0,5.0,34.0,6.0,38.0,3.0,31.5,5.0,38.0,4.0,36.0,3.0,,,10,9.416666666666666,11.409722222222221,19.33884297520661,12.85,29.80246913580247,2.109375,12.77551020408163,14.479166666666666,0.6875,3.5555555555555554,,11.642480842620182,True,5.2,3.0,10,2.2,True,32.05,11.642480842620182
Redfoo,Emma Slater,Singer/Rapper,California,United States,39,20,Eliminated Week 2,12,6,5,5,6,8,7,8,8,0,0,0,0,0,0,0,0,0,0,0,0,0,0,0,0,0,0,0,0,0,0,0,0,0,0,0,0,0,0,0,0,,,,,22.0,11.0,31.0,5.0,,,,,,,,,,,,,,,,,,,2,9.416666666666666,11.409722222222221,19.33884297520661,12.85,29.80246913580247,2.109375,12.77551020408163,14.479166666666666,0.6875,3.5555555555555554,,11.642480842620182,True,8.0,12.0,2,-4.0,True,26.5,11.642480842620182
Patti LaBelle,Artem Chigvintsev,Singer/Rapper,Pennsylvania,United States,70,20,Eliminated Week 6,8,7,6,6,6,7,7,7,7,6,5,5,6,8,7,7,8,7,6,7,7,9,8,8.5,8.5,0,0,0,0,0,0,0,0,0,0,0,0,0,0,0,0,,,,,25.0,8.0,28.0,6.0,22.0,10.0,30.0,7.0,27.0,7.0,34.0,6.0,,,,,,,,,,,6,9.416666666666666,11.409722222222221,19.33884297520661,12.85,29.80246913580247,2.109375,12.77551020408163,14.479166666666666,0.6875,3.5555555555555554,,11.642480842620182,True,7.333333333333333,8.0,6,-0.666666666666667,True,27.666666666666668,11.642480842620182
Chris Soules,Witney Carson,TV Personality,Iowa,United States,33,20,Eliminated Week 8,5,7,6,6,7,5,6,5,5,7,7,7,7,7,6,7,7,7,6,7,7,9,8,9,9,8,7,8,8,8,7.5,8.5,8,0,0,0,0,0,0,0,0,,,,,26.0,5.0,21.0,12.0,28.0,7.0,27.0,10.0,27.0,7.0,35.0,5.0,31.0,6.0,32.0,4.0,,,,,,,8,9.416666666666666,11.409722222222221,19.33884297520661,12.85,29.80246913580247,2.109375,12.77551020408163,14.479166666666666,0.6875,3.5555555555555554,,11.642480842620182,True,7.0,5.0,8,2.0,True,28.375,11.642480842620182
Gary Busey,Anna Trebunskaya,Actor/Actress,Texas,United States,71,21,Eliminated Week 4,10,5,5,5,,5.5,5.5,5.5,,6,7,6,6,5,6,5,,0,0,0,0,0,0,0,0,0,0,0,,0,0,0,,0,0,0,,0,0,0,,0,0,0,,15.0,9.0,16.5,12.0,25.0,9.0,16.0,10.0,,,,,,,,,,,,,,,4,18.485207100591715,8.443786982248522,21.85,15.239999999999998,22.469135802469136,31.061728395061728,0.546875,7.3471183771428565,4.284722222222222,3.796875,0.7500750018749999,12.2068658074192,True,10.0,10.0,4,0.0,True,18.125,12.206865807419199
Alexa PenaVega,Mark Ballas,Actor/Actress,Florida,United States,27,21,Eliminated Week 9,6,7,7,8,,7.5,7.5,8,,9,9,9,9,7,7,7,,10,10,10,10,8,7,7,8,9,9.5,9,,9.6666,8.6666,8.6666,,10,10,10,,0,0,0,,0,0,0,,22.0,5.0,23.0,3.0,36.0,1.0,21.0,8.0,40.0,1.0,30.0,7.0,27.5,5.0,26.9998,5.0,30.0,1.0,,,,,9,18.485207100591715,8.443786982248522,21.85,15.239999999999998,22.469135802469136,31.061728395061728,0.546875,7.3471183771428565,4.284722222222222,3.796875,0.7500750018749999,12.2068658074192,True,4.0,6.0,9,-2.0,True,28.499977777777776,12.206865807419199
Carlos PenaVega,Witney Carson,Actor/Actress,Missouri,United States,26,21,Eliminated Week 11,4,8,8,7,,7.5,7.5,7.5,,7,8,8,8,9,8,8,,10,10,9,10,10,9,9,10,9,10,9,,9.6666,9.6666,9.6666,,9,9,9,,10,10.5,11,,10,10,10,,23.0,3.0,22.5,4.0,31.0,6.0,25.0,5.0,39.0,2.0,38.0,5.0,28.0,2.0,28.9998,2.0,27.0,4.0,31.5,1.0,30.0,1.0,11,18.485207100591715,8.443786982248522,21.85,15.239999999999998,22.469135802469136,31.061728395061728,0.546875,7.3471183771428565,4.284722222222222,3.796875,0.7500750018749999,12.2068658074192,True,3.1818181818181817,4.0,11,-0.8181818181818183,True,29.454527272727272,12.206865807419199
Victor Espinoza,Karina Smirnoff,Athlete,,Mexico,43,21,Eliminated Week 2,12,5,5,5,,6.5,5.5,6.5,,0,0,0,0,0,0,0,,0,0,0,0,0,0,0,0,0,0,0,,0,0,0,,0,0,0,,0,0,0,,0,0,0,,15.0,9.0,18.5,9.0,,,,,,,,,,,,,,,,,,,2,18.485207100591715,8.443786982248522,21.85,15.239999999999998,22.469135802469136,31.061728395061728,0.546875,7.3471183771428565,4.284722222222222,3.796875,0.7500750018749999,12.2068658074192,True,9.0,12.0,2,-3.0,True,16.75,12.206865807419199
Alek Skarlatos,Lindsay Arnold,Military,California,United States,22,21,3rd Place,3,8,7,7,,7.5,7,8,,8,8,9,8,8,8,8,,8,7,7,7,8,8,7,7,9,9,8.5,,9,8,8,,8.5,8.5,8.5,,9.5,9.5,9.5,,9.3333,9.3333,9.3333,,22.0,5.0,22.5,4.0,33.0,3.0,24.0,6.0,29.0,7.0,30.0,7.0,26.5,8.0,25.0,6.0,25.5,5.0,28.5,3.0,27.9999,4.0,11,18.485207100591715,8.443786982248522,21.85,15.239999999999998,22.469135802469136,31.061728395061728,0.546875,7.3471183771428565,4.284722222222222,3.796875,0.7500750018749999,12.2068658074192,True,5.2727272727272725,3.0,11,2.2727272727272725,True,26.727263636363638,12.206865807419199
Chaka Khan,Keo Motsepe,Singer/Rapper,Illinois,United States,62,21,Eliminated Week 2,13,5,4,4,,5,5,5,,0,0,0,0,0,0,0,,0,0,0,0,0,0,0,0,0,0,0,,0,0,0,,0,0,0,,0,0,0,,0,0,0,,13.0,12.0,15.0,13.0,,,,,,,,,,,,,,,,,,,2,18.485207100591715,8.443786982248522,21.85,15.239999999999998,22.469135802469136,31.061728395061728,0.546875,7.3471183771428565,4.284722222222222,3.796875,0.7500750018749999,12.2068658074192,True,12.5,13.0,2,-0.5,True,14.0,12.206865807419199
Andy Grammer,Allison Holker,Singer/Rapper,California,United States,31,21,Eliminated Week 8,7,7,7,7,,7.5,7.5,7,,7,7,8,7,7,8,8,,9,9,9,9,10,10,10,10,9.5,9.5,9,,8.6666,7.6666,7.6666,,0,0,0,,0,0,0,,0,0,0,,21.0,7.0,22.0,8.0,29.0,8.0,23.0,7.0,36.0,4.0,40.0,1.0,28.0,2.0,23.9998,7.0,,,,,,,8,18.485207100591715,8.443786982248522,21.85,15.239999999999998,22.469135802469136,31.061728395061728,0.546875,7.3471183771428565,4.284722222222222,3.796875,0.7500750018749999,12.2068658074192,True,5.5,7.0,8,-1.5,True,27.874975,12.206865807419199
Tamar Braxton,Valentin Chmerkovskiy,Singer/Rapper,Maryland,United States,38,21,Withdrew,5,8,7,8,,8,8,8.5,,8,9,8,8,9,9,9,,7,7,8,7,10,10,10,10,9,9,9,,9,9,10,,8.5,8,8,,0,0,0,,0,0,0,,23.0,3.0,24.5,1.0,33.0,3.0,27.0,2.0,29.0,7.0,40.0,1.0,27.0,6.0,28.0,3.0,24.5,6.0,,,,,9,18.485207100591715,8.443786982248522,21.85,15.239999999999998,22.469135802469136,31.061728395061728,0.546875,7.3471183771428565,4.284722222222222,3.796875,0.7500750018749999,12.2068658074192,True,3.5555555555555554,5.0,9,-1.4444444444444446,True,28.444444444444443,12.206865807419199
Nick Carter,Sharna Burgess,Singer/Rapper,New York,United States,35,21,2nd Place,2,8,8,8,,7.5,7.5,7.5,,9,9,9,9,9,9,9,,9,9,8,9,9,10,10,10,9,9,9,,11,11,11,,9,9,9.5,,9,9,9,,10,10,10,,24.0,1.0,22.5,4.0,36.0,1.0,27.0,2.0,35.0,5.0,39.0,4.0,27.0,6.0,33.0,1.0,27.5,3.0,27.0,4.0,30.0,1.0,11,18.485207100591715,8.443786982248522,21.85,15.239999999999998,22.469135802469136,31.061728395061728,0.546875,7.3471183771428565,4.284722222222222,3.796875,0.7500750018749999,12.2068658074192,True,2.909090909090909,2.0,11,0.9090909090909092,True,29.818181818181817,12.206865807419199
Hayes Grier,Emma Slater,Social Media Personality,North Carolina,United States,15,21,Eliminated Week 7,8,7,7,7,,8,7,7.5,,7,8,7,8,9,9,9,,8,8,7,7,8,8,8,8,9,9.5,9.5,,0,0,0,,0,0,0,,0,0,0,,0,0,0,,21.0,7.0,22.5,4.0,30.0,7.0,27.0,2.0,30.0,6.0,32.0,6.0,28.0,2.0,,,,,,,,,7,18.485207100591715,8.443786982248522,21.85,15.239999999999998,22.469135802469136,31.061728395061728,0.546875,7.3471183771428565,4.284722222222222,3.796875,0.7500750018749999,12.2068658074192,True,4.857142857142857,8.0,7,-3.1428571428571432,True,27.214285714285715,12.206865807419199
Bindi Irwin,Derek Hough,TV Personality,,Australia,17,21,1st Place,1,8,8,8,,8,8,8,,8,8,8,8,9,9,10,,9,9,10,9,10,10,10,10,9.5,10,9.5,,10,9,9,,10,10,10,,10.5,10.5,10.5,,10,10,10,,24.0,1.0,24.0,2.0,32.0,5.0,28.0,1.0,37.0,3.0,40.0,1.0,29.0,1.0,28.0,3.0,30.0,1.0,31.5,1.0,30.0,1.0,11,18.485207100591715,8.443786982248522,21.85,15.239999999999998,22.469135802469136,31.061728395061728,0.546875,7.3471183771428565,4.284722222222222,3.796875,0.7500750018749999,12.2068658074192,True,1.8181818181818181,1.0,11,0.8181818181818181,True,30.318181818181817,12.206865807419199
Kim Zolciak-Biermann,Tony Dovolani,TV Personality,Florida,United States,37,21,Withdrew,11,4,4,4,,6.5,6,6,,0,0,0,0,0,0,0,,0,0,0,0,0,0,0,0,0,0,0,,0,0,0,,0,0,0,,0,0,0,,0,0,0,,12.0,13.0,18.5,9.0,,,,,,,,,,,,,,,,,,,2,18.485207100591715,8.443786982248522,21.85,15.239999999999998,22.469135802469136,31.061728395061728,0.546875,7.3471183771428565,4.284722222222222,3.796875,0.7500750018749999,12.2068658074192,True,11.0,11.0,2,0.0,True,15.25,12.206865807419199
Paula Deen,Louis van Amstel,TV Personality,Georgia,United States,68,21,Eliminated Week 6,9,5,5,5,,6.5,6,6,,5,5,5,5,6,6,6,,7,7,6,6,6,6,6,6,0,0,0,,0,0,0,,0,0,0,,0,0,0,,0,0,0,,15.0,9.0,18.5,9.0,20.0,10.0,18.0,9.0,26.0,9.0,24.0,9.0,,,,,,,,,,,6,18.485207100591715,8.443786982248522,21.85,15.239999999999998,22.469135802469136,31.061728395061728,0.546875,7.3471183771428565,4.284722222222222,3.796875,0.7500750018749999,12.2068658074192,True,9.166666666666666,9.0,6,0.16666666666666607,True,20.25,12.206865807419199
Mischa Barton,Artem Chigvintsev,Actor/Actress,,England,30,22,Eliminated Week 3,11,5,5,6,,5,5,5,,6,6,6,,0,0,0,0,0,0,0,0,0,0,0,,0,0,0,,0,0,0,,0,0,0,,0,0,0,,,,,,16.0,10.0,15.0,11.0,18.0,11.0,,,,,,,,,,,,,,,,,3,10.020833333333334,9.055555555555557,3.8842975206611565,15.89,11.111111111111109,5.283950617283951,0.8125,3.1388888888888893,0.86,0.29632592888888937,,6.035346295572289,True,10.666666666666666,11.0,3,-0.3333333333333339,True,16.333333333333332,6.035346295572289
Kim Fields,Sasha Farber,Actor/Actress,New York,United States,46,22,Eliminated Week 7,8,7,6,7,,7,6,6,,8,7,7,,8,8,8,8,8,6,6,8,8,8,8,,8.5,8.5,9,,0,0,0,,0,0,0,,0,0,0,,,,,,20.0,8.0,19.0,9.0,22.0,5.0,32.0,6.0,28.0,7.0,24.0,6.0,26.0,5.0,,,,,,,,,7,10.020833333333334,9.055555555555557,3.8842975206611565,15.89,11.111111111111109,5.283950617283951,0.8125,3.1388888888888893,0.86,0.29632592888888937,,6.035346295572289,True,6.571428571428571,8.0,7,-1.4285714285714288,True,24.428571428571427,6.035346295572289
Jodie Sweetin,Keo Motsepe,Actor/Actress,California,United States,34,22,Eliminated Week 8,6,7,6,7,,7,7,7,,8,7,8,,7,6,7,7,9,8,9,9,9,8,8,,8,8.5,9,,10,10,10,,0,0,0,,0,0,0,,,,,,20.0,8.0,21.0,3.0,23.0,3.0,27.0,9.0,35.0,2.0,25.0,4.0,25.5,8.0,30.0,1.0,,,,,,,8,10.020833333333334,9.055555555555557,3.8842975206611565,15.89,11.111111111111109,5.283950617283951,0.8125,3.1388888888888893,0.86,0.29632592888888937,,6.035346295572289,True,4.75,6.0,8,-1.25,True,25.8125,6.035346295572289
Doug Flutie,Karina Smirnoff,Athlete,Maryland,United States,53,22,Eliminated Week 6,9,5,5,5,,7,6,7,,7,6,7,,6,6,6,6,7,7,7,7,7,7,7,,0,0,0,,0,0,0,,0,0,0,,0,0,0,,,,,,15.0,11.0,20.0,5.0,20.0,8.0,24.0,10.0,28.0,7.0,21.0,9.0,,,,,,,,,,,6,10.020833333333334,9.055555555555557,3.8842975206611565,15.89,11.111111111111109,5.283950617283951,0.8125,3.1388888888888893,0.86,0.29632592888888937,,6.035346295572289,True,8.333333333333334,9.0,6,-0.6666666666666661,True,21.333333333333332,6.035346295572289
Von Miller,Witney Carson,Athlete,Texas,United States,27,22,Eliminated Week 7,7,8,6,7,,7,6,7,,7,6,7,,8,8,8,8,8,7,7,7,8,8,8,,8.5,8.5,9,,0,0,0,,0,0,0,,0,0,0,,,,,,21.0,4.0,20.0,5.0,20.0,8.0,32.0,6.0,29.0,6.0,24.0,6.0,26.0,5.0,,,,,,,,,7,10.020833333333334,9.055555555555557,3.8842975206611565,15.89,11.111111111111109,5.283950617283951,0.8125,3.1388888888888893,0.86,0.29632592888888937,,6.035346295572289,True,5.714285714285714,7.0,7,-1.2857142857142856,True,24.571428571428573,6.035346295572289
Antonio Brown,Sharna Burgess,Athlete,Florida,United States,27,22,Eliminated Week 9,5,8,6,7,,6,6,7,,7,6,7,,9,8,9,9,7,6,6,7,9,9,9,,8.5,8.5,9,,9,9,9,,9,9,9.5,,0,0,0,,,,,,21.0,4.0,19.0,9.0,20.0,8.0,35.0,3.0,26.0,9.0,27.0,3.0,26.0,5.0,27.0,5.0,27.5,5.0,,,,,9,10.020833333333334,9.055555555555557,3.8842975206611565,15.89,11.111111111111109,5.283950617283951,0.8125,3.1388888888888893,0.86,0.29632592888888937,,6.035346295572289,True,5.666666666666667,5.0,9,0.666666666666667,True,25.38888888888889,6.035346295572289
Paige VanZant,Mark Ballas,Athlete,Oregon,United States,22,22,2nd Place,2,7,7,7,,8,8,8,,8,7,8,,9,9,9,9,8,8,7,8,9,10,9,,9,9,9.5,,10,9,9,,10,9.5,10,,10,9.6666,10,,,,,,21.0,4.0,24.0,1.0,23.0,3.0,36.0,1.0,31.0,4.0,28.0,2.0,27.5,2.0,28.0,4.0,29.5,2.0,29.666600000000003,1.0,,,10,10.020833333333334,9.055555555555557,3.8842975206611565,15.89,11.111111111111109,5.283950617283951,0.8125,3.1388888888888893,0.86,0.29632592888888937,,6.035346295572289,True,2.4,2.0,10,0.3999999999999999,True,27.76666,6.035346295572289
Geraldo Rivera,Edyta Sliwinska,Journalist,New York,United States,72,22,Eliminated Week 2,12,5,4,4,,5,4,4,,0,0,0,,0,0,0,0,0,0,0,0,0,0,0,,0,0,0,,0,0,0,,0,0,0,,0,0,0,,,,,,13.0,12.0,13.0,12.0,,,,,,,,,,,,,,,,,,,2,10.020833333333334,9.055555555555557,3.8842975206611565,15.89,11.111111111111109,5.283950617283951,0.8125,3.1388888888888893,0.86,0.29632592888888937,,6.035346295572289,True,12.0,12.0,2,0.0,True,13.0,6.035346295572289
Nyle DiMarco,Peta Murgatroyd,Model,New York,United States,26,22,1st Place,1,8,7,8,,7,6,7,,8,8,9,,8,8,9,9,9,10,9,9,8,8,9,,9.5,9,9.5,,10,9,10,,9.5,9.5,9.5,,9.6666,9.6666,9.6666,,,,,,23.0,1.0,20.0,5.0,25.0,1.0,34.0,5.0,37.0,1.0,25.0,4.0,28.0,1.0,29.0,3.0,28.5,3.0,28.9998,2.0,,,10,10.020833333333334,9.055555555555557,3.8842975206611565,15.89,11.111111111111109,5.283950617283951,0.8125,3.1388888888888893,0.86,0.29632592888888937,,6.035346295572289,True,2.6,1.0,10,1.6,True,27.84998,6.035346295572289
Ginger Zee,Valentin Chmerkovskiy,News Anchor,California,United States,35,22,3rd Place,3,8,7,8,,7,7,7,,7,7,7,,9,9,9,9,8,8,8,8,8,8,8,,9,9,9.5,,10,10,10,,9,9.5,9.5,,9.3333,9.6666,9.3333,,,,,,23.0,1.0,21.0,3.0,21.0,6.0,36.0,1.0,32.0,3.0,24.0,6.0,27.5,2.0,30.0,1.0,28.0,4.0,28.3332,3.0,,,10,10.020833333333334,9.055555555555557,3.8842975206611565,15.89,11.111111111111109,5.283950617283951,0.8125,3.1388888888888893,0.86,0.29632592888888937,,6.035346295572289,True,3.0,3.0,10,0.0,True,27.083319999999997,6.035346295572289
Wanya Morris,Lindsay Arnold,Singer/Rapper,Pennsylvania,United States,42,22,Eliminated Week 9,4,8,7,8,,8,8,8,,8,8,8,,8,9,9,9,8,7,7,8,10,9,10,,9,9,9.5,,8,8,9,,10,10,10,,0,0,0,,,,,,23.0,1.0,24.0,1.0,24.0,2.0,35.0,3.0,30.0,5.0,29.0,1.0,27.5,2.0,25.0,6.0,30.0,1.0,,,,,9,10.020833333333334,9.055555555555557,3.8842975206611565,15.89,11.111111111111109,5.283950617283951,0.8125,3.1388888888888893,0.86,0.29632592888888937,,6.035346295572289,True,2.4444444444444446,4.0,9,-1.5555555555555554,True,27.5,6.035346295572289
Marla Maples,Tony Dovolani,TV Personality,Georgia,United States,52,22,Eliminated Week 4,10,7,7,7,,7,6,7,,7,7,7,,7,7,7,7,0,0,0,0,0,0,0,,0,0,0,,0,0,0,,0,0,0,,0,0,0,,,,,,21.0,4.0,20.0,5.0,21.0,6.0,28.0,8.0,,,,,,,,,,,,,,,4,10.020833333333334,9.055555555555557,3.8842975206611565,15.89,11.111111111111109,5.283950617283951,0.8125,3.1388888888888893,0.86,0.29632592888888937,,6.035346295572289,True,5.75,10.0,4,-4.25,True,22.5,6.035346295572289
Jake T. Austin,Jenna Johnson,Actor/Actress,New York,United States,21,23,Eliminated Week 2,13,5,6,5,6,6,6,6,6,0,0,0,0,0,0,0,,0,0,0,,0,0,0,0,0,0,0,0,0,0,0,,0,0,0,0,0,0,0,,0,0,0,0,22.0,11.0,24.0,10.0,,,,,,,,,,,,,,,,,,,2,9.621301775147929,8.686390532544378,8.409722222222223,9.47107438016529,2.9135802469135808,16.32098765432099,2.90234375,17.63229388244898,2.805555555555556,0.5599999999999999,2.282770146875004,7.418729104199448,True,10.5,13.0,2,-2.5,True,23.0,7.418729104199448
Maureen McCormick,Artem Chigvintsev,Actor/Actress,California,United States,60,23,Eliminated Week 7,8,6,5,5,6,7,6,6,7,7,7,7,7,8,8,8,,8,8,8,,8,7,8,8,8.5,8,8,8.5,0,0,0,,0,0,0,0,0,0,0,,0,0,0,0,22.0,11.0,26.0,8.0,28.0,5.0,24.0,4.0,24.0,6.0,31.0,6.0,33.0,6.0,,,,,,,,,7,9.621301775147929,8.686390532544378,8.409722222222223,9.47107438016529,2.9135802469135808,16.32098765432099,2.90234375,17.63229388244898,2.805555555555556,0.5599999999999999,2.282770146875004,7.418729104199448,True,6.571428571428571,8.0,7,-1.4285714285714288,True,26.857142857142858,7.418729104199448
Marilu Henner,Derek Hough,Actor/Actress,Illinois,United States,64,23,Eliminated Week 9,6,7,7,6,7,7,6,7,7,7,7,7,7,7,7,7,,9,9,9,,8,9,9,8,7.5,8,8.5,8,7,8,8,,9,9,9,9,0,0,0,,0,0,0,0,27.0,3.0,27.0,7.0,28.0,5.0,21.0,10.0,27.0,2.0,34.0,5.0,32.0,8.0,23.0,7.0,36.0,5.0,,,,,9,9.621301775147929,8.686390532544378,8.409722222222223,9.47107438016529,2.9135802469135808,16.32098765432099,2.90234375,17.63229388244898,2.805555555555556,0.5599999999999999,2.282770146875004,7.418729104199448,True,5.777777777777778,6.0,9,-0.22222222222222232,True,28.333333333333332,7.418729104199448
Ryan Lochte,Cheryl Burke,Athlete,New York,United States,32,23,Eliminated Week 8,7,6,6,6,6,6,6,6,6,6,7,6,6,7,7,8,,8,8,8,,7,8,8,7,8.5,8,8,8.5,8,9,9,,0,0,0,0,0,0,0,,0,0,0,0,24.0,9.0,24.0,10.0,25.0,8.0,22.0,9.0,24.0,6.0,30.0,7.0,33.0,6.0,26.0,5.0,,,,,,,8,9.621301775147929,8.686390532544378,8.409722222222223,9.47107438016529,2.9135802469135808,16.32098765432099,2.90234375,17.63229388244898,2.805555555555556,0.5599999999999999,2.282770146875004,7.418729104199448,True,7.5,7.0,8,0.5,True,26.0,7.418729104199448
Calvin Johnson Jr.,Lindsay Arnold,Athlete,Georgia,United States,30,23,3rd Place,3,7,6,6,7,7,7,7,7,8,8,8,8,8,7,8,,8,8,8,,9,10,9,9,9.5,9,9,9.5,10,10,10,,9,9,10,9,9,9.5,9.5,,9.3333,9.6666,9.6666,9.6666,26.0,5.0,28.0,6.0,32.0,1.0,23.0,6.0,24.0,6.0,37.0,3.0,37.0,1.0,30.0,3.0,37.0,4.0,28.0,5.0,38.3331,3.0,11,9.621301775147929,8.686390532544378,8.409722222222223,9.47107438016529,2.9135802469135808,16.32098765432099,2.90234375,17.63229388244898,2.805555555555556,0.5599999999999999,2.282770146875004,7.418729104199448,True,3.909090909090909,3.0,11,0.9090909090909092,True,30.939372727272726,7.418729104199448
Laurie Hernandez,Valentin Chmerkovskiy,Athlete,New Jersey,United States,16,23,1st Place,1,8,8,7,8,8,8,8,8,7,8,8,8,10,10,10,,8,9,8,,9,9,9,10,8,8.5,9,9,11,11,11,,10,10,10,10,10,10,10,,9.6666,10,9.6666,10,31.0,1.0,32.0,1.0,31.0,2.0,30.0,1.0,25.0,5.0,37.0,3.0,34.5,3.0,33.0,2.0,40.0,1.0,30.0,1.0,39.333200000000005,1.0,11,9.621301775147929,8.686390532544378,8.409722222222223,9.47107438016529,2.9135802469135808,16.32098765432099,2.90234375,17.63229388244898,2.805555555555556,0.5599999999999999,2.282770146875004,7.418729104199448,True,1.9090909090909092,1.0,11,0.9090909090909092,True,32.98483636363637,7.418729104199448
Amber Rose,Maksim Chmerkoskiy,Model,Pennsylvania,United States,32,23,Eliminated Week 6,9,6,6,6,6,6,6,6,6,7,6,6,6,8,8,8,,8,8,8,,7,7,7,7,0,0,0,0,0,0,0,,0,0,0,0,0,0,0,,0,0,0,0,24.0,9.0,24.0,10.0,25.0,8.0,24.0,4.0,24.0,6.0,28.0,9.0,,,,,,,,,,,6,9.621301775147929,8.686390532544378,8.409722222222223,9.47107438016529,2.9135802469135808,16.32098765432099,2.90234375,17.63229388244898,2.805555555555556,0.5599999999999999,2.282770146875004,7.418729104199448,True,7.666666666666667,9.0,6,-1.333333333333333,True,24.833333333333332,7.418729104199448
Rick Perry,Emma Slater,Politician,Texas,United States,66,23,Eliminated Week 3,12,5,5,5,5,6,5,6,5,6,5,6,6,0,0,0,,0,0,0,,0,0,0,0,0,0,0,0,0,0,0,,0,0,0,0,0,0,0,,0,0,0,0,20.0,13.0,22.0,13.0,23.0,11.0,,,,,,,,,,,,,,,,,3,9.621301775147929,8.686390532544378,8.409722222222223,9.47107438016529,2.9135802469135808,16.32098765432099,2.90234375,17.63229388244898,2.805555555555556,0.5599999999999999,2.282770146875004,7.418729104199448,True,12.333333333333334,12.0,3,0.3333333333333339,True,21.666666666666668,7.418729104199448
James Hinchcliffe,Sharna Burgess,Racing Driver,,Canada,29,23,2nd Place,2,8,8,7,8,7,7,7,8,7,7,8,7,9,9,10,,10,9,10,,10,9,9,10,9.5,9,9,9.5,11.6666,11.6666,11.6666,,9,9,9,9,9.5,10,10,,9.6666,9.6666,9.6666,10,31.0,1.0,29.0,4.0,29.0,4.0,28.0,2.0,29.0,1.0,38.0,2.0,37.0,1.0,34.9998,1.0,36.0,5.0,29.5,3.0,38.9998,2.0,11,9.621301775147929,8.686390532544378,8.409722222222223,9.47107438016529,2.9135802469135808,16.32098765432099,2.90234375,17.63229388244898,2.805555555555556,0.5599999999999999,2.282770146875004,7.418729104199448,True,2.3636363636363638,2.0,11,0.36363636363636376,True,32.772690909090905,7.418729104199448
Babyface,Allison Holker,Singer/Rapper,Indiana,United States,57,23,Eliminated Week 4,11,7,6,6,7,8,7,7,8,7,6,6,6,6,6,6,,0,0,0,,0,0,0,0,0,0,0,0,0,0,0,,0,0,0,0,0,0,0,,0,0,0,0,26.0,5.0,30.0,3.0,25.0,8.0,18.0,11.0,,,,,,,,,,,,,,,4,9.621301775147929,8.686390532544378,8.409722222222223,9.47107438016529,2.9135802469135808,16.32098765432099,2.90234375,17.63229388244898,2.805555555555556,0.5599999999999999,2.282770146875004,7.418729104199448,True,6.75,11.0,4,-4.25,True,24.75,7.418729104199448
Vanilla Ice,Witney Carson,Singer/Rapper,Texas,United States,48,23,Eliminated Week 4,10,7,5,6,7,6,7,6,7,6,6,5,6,8,7,8,,0,0,0,,0,0,0,0,0,0,0,0,0,0,0,,0,0,0,0,0,0,0,,0,0,0,0,25.0,7.0,26.0,8.0,23.0,11.0,23.0,6.0,,,,,,,,,,,,,,,4,9.621301775147929,8.686390532544378,8.409722222222223,9.47107438016529,2.9135802469135808,16.32098765432099,2.90234375,17.63229388244898,2.805555555555556,0.5599999999999999,2.282770146875004,7.418729104199448,True,8.0,10.0,4,-2.0,True,24.25,7.418729104199448
Jana Kramer,Gleb Savchenko,Singer/Rapper,Michigan,United States,32,23,Eliminated Week 11,4,7,6,6,8,7,8,7,7,6,7,6,7,8,7,8,,9,8,9,,10,10,10,10,8,8.5,9,9,10,10,10,,10,10,10,10,9.5,9.5,10,,8.5,9,9,9,27.0,3.0,29.0,4.0,26.0,7.0,23.0,6.0,26.0,4.0,40.0,1.0,34.5,3.0,30.0,3.0,40.0,1.0,29.0,4.0,35.5,4.0,11,9.621301775147929,8.686390532544378,8.409722222222223,9.47107438016529,2.9135802469135808,16.32098765432099,2.90234375,17.63229388244898,2.805555555555556,0.5599999999999999,2.282770146875004,7.418729104199448,True,3.6363636363636362,4.0,11,-0.36363636363636376,True,30.90909090909091,7.418729104199448
Terra Jole,Sasha Farber,TV Personality,Texas,United States,36,23,Eliminated Week 10,5,7,6,6,6,8,7,8,8,8,7,8,7,9,8,8,,9,9,9,,7,8,8,7,8.5,8.5,9,8.5,8,8,8,,10,10,9,9,10,10,10,,0,0,0,0,25.0,7.0,31.0,2.0,30.0,3.0,25.0,3.0,27.0,2.0,30.0,7.0,34.5,3.0,24.0,6.0,38.0,3.0,30.0,1.0,,,10,9.621301775147929,8.686390532544378,8.409722222222223,9.47107438016529,2.9135802469135808,16.32098765432099,2.90234375,17.63229388244898,2.805555555555556,0.5599999999999999,2.282770146875004,7.418729104199448,True,3.7,5.0,10,-1.2999999999999998,True,29.45,7.418729104199448
Charo,Keo Motsepe,Actor/Actress,,Spain,66,24,Eliminated Week 3,11,6,5,5,5,6,6,7,6,6,6,6,6,0,0,0,0,0,0,0,0,0,0,0,0,0,0,0,0,0,0,0,0,0,0,0,0,0,0,0,0,,,,,21.0,10.0,25.0,9.0,24.0,9.0,,,,,,,,,,,,,,,,,3,19.305555555555554,10.222222222222223,14.776859504132231,9.639999999999999,10.395061728395062,5.109375,14.122448979591837,13.939999999999998,3.296875,2.246827162222226,,10.305522515211914,True,9.333333333333334,11.0,3,-1.666666666666666,True,23.333333333333332,10.305522515211916
Mr. T,Kym Herjavec,Actor/Actress,Illinois,United States,64,24,Eliminated Week 4,10,5,5,5,5,6,5,6,5,6,6,6,6,7,7,7,7,0,0,0,0,0,0,0,0,0,0,0,0,0,0,0,0,0,0,0,0,0,0,0,0,,,,,20.0,11.0,22.0,11.0,24.0,9.0,28.0,10.0,,,,,,,,,,,,,,,4,19.305555555555554,10.222222222222223,14.776859504132231,9.639999999999999,10.395061728395062,5.109375,14.122448979591837,13.939999999999998,3.296875,2.246827162222226,,10.305522515211914,True,10.25,10.0,4,0.25,True,23.5,10.305522515211916
Heather Morris,Maksim Chmerkoskiy,Actor/Actress,California,United States,30,24,Eliminated Week 6,8,7,7,7,7,8,6,8,8,9,8,8,8,8,9,9,9,8,8,9,9,9,9.5,9,9.5,0,0,0,0,0,0,0,0,0,0,0,0,0,0,0,0,,,,,28.0,3.0,30.0,3.0,33.0,2.0,35.0,3.0,34.0,4.0,37.0,1.0,,,,,,,,,,,6,19.305555555555554,10.222222222222223,14.776859504132231,9.639999999999999,10.395061728395062,5.109375,14.122448979591837,13.939999999999998,3.296875,2.246827162222226,,10.305522515211914,True,2.6666666666666665,8.0,6,-5.333333333333334,True,32.833333333333336,10.305522515211916
Nancy Kerrigan,Artem Chigvintsev,Athlete,Massachusetts,United States,47,24,Eliminated Week 7,7,7,7,7,7,7,7,7,7,8,9,8,8,8,9,8,8,9,9,9,9,8.5,8.5,8,8.5,9,9,9,9,0,0,0,0,0,0,0,0,0,0,0,0,,,,,28.0,3.0,28.0,5.0,33.0,2.0,33.0,4.0,36.0,3.0,33.5,5.0,36.0,4.0,,,,,,,,,7,19.305555555555554,10.222222222222223,14.776859504132231,9.639999999999999,10.395061728395062,5.109375,14.122448979591837,13.939999999999998,3.296875,2.246827162222226,,10.305522515211914,True,3.7142857142857144,7.0,7,-3.2857142857142856,True,32.5,10.305522515211916
Bonner Bolton,Sharna Burgess,Athlete,Texas,United States,29,24,Eliminated Week 8,5,6,5,5,6,8,5,8,7,6,6,6,6,8,8,8,8,7,8,8,7,8,8.5,7.5,7.5,7.5,7.5,8.5,7.5,7.5,7,7.5,7,0,0,0,0,0,0,0,0,,,,,22.0,9.0,28.0,5.0,24.0,9.0,32.0,5.0,30.0,8.0,31.5,6.0,31.0,7.0,29.0,5.0,,,,,,,8,19.305555555555554,10.222222222222223,14.776859504132231,9.639999999999999,10.395061728395062,5.109375,14.122448979591837,13.939999999999998,3.296875,2.246827162222226,,10.305522515211914,True,6.75,5.0,8,1.75,True,28.4375,10.305522515211916
Simone Biles,Sasha Farber,Athlete,Ohio,United States,20,24,Eliminated Week 9,4,8,8,8,8,7,7,7,8,7,8,9,8,9,9,9,9,9,9,10,10,8.5,8.5,8.5,9,10.5,9.5,9.5,9.5,9,9,9,9,10,10,10,10,0,0,0,0,,,,,32.0,1.0,29.0,4.0,32.0,4.0,36.0,2.0,38.0,2.0,34.5,4.0,39.0,2.0,36.0,3.0,40.0,1.0,,,,,9,19.305555555555554,10.222222222222223,14.776859504132231,9.639999999999999,10.395061728395062,5.109375,14.122448979591837,13.939999999999998,3.296875,2.246827162222226,,10.305522515211914,True,2.5555555555555554,4.0,9,-1.4444444444444446,True,35.166666666666664,10.305522515211916
David Ross,Lindsay Arnold,Athlete,Georgia,United States,40,24,2nd Place,2,7,7,7,7,7,6,7,7,8,7,8,8,7,8,8,8,7,7,8,7,7.5,8.5,7.5,7.5,8,8,8,8,8,8,8.5,8,9,8.5,9,8.5,9,9,9.3333,9,,,,,28.0,3.0,27.0,8.0,31.0,5.0,31.0,7.0,29.0,9.0,31.0,7.0,32.0,6.0,32.5,4.0,35.0,4.0,36.3333,3.0,,,10,19.305555555555554,10.222222222222223,14.776859504132231,9.639999999999999,10.395061728395062,5.109375,14.122448979591837,13.939999999999998,3.296875,2.246827162222226,,10.305522515211914,True,5.6,2.0,10,3.5999999999999996,True,31.28333,10.305522515211916
Rashad Jennings,Emma Slater,Athlete,Virginia,United States,32,24,1st Place,1,8,7,8,8,8,8,8,8,7,7,7,7,10,9,10,10,7,8,9,8,8.5,9.5,8.5,8.5,9.5,9.5,10.5,9.5,9.5,9,9.5,9.5,9.5,9,10,10,10,9.6666,10,10,,,,,31.0,2.0,32.0,1.0,28.0,6.0,39.0,1.0,32.0,6.0,35.0,3.0,39.0,2.0,37.5,2.0,38.5,2.0,39.6666,1.0,,,10,19.305555555555554,10.222222222222223,14.776859504132231,9.639999999999999,10.395061728395062,5.109375,14.122448979591837,13.939999999999998,3.296875,2.246827162222226,,10.305522515211914,True,2.6,1.0,10,1.6,True,35.16666,10.305522515211916
Chris Kattan,Witney Carson,Comedian,California,United States,46,24,Eliminated Week 2,12,5,4,4,4,6,5,6,5,0,0,0,0,0,0,0,0,0,0,0,0,0,0,0,0,0,0,0,0,0,0,0,0,0,0,0,0,0,0,0,0,,,,,17.0,12.0,22.0,11.0,,,,,,,,,,,,,,,,,,,2,19.305555555555554,10.222222222222223,14.776859504132231,9.639999999999999,10.395061728395062,5.109375,14.122448979591837,13.939999999999998,3.296875,2.246827162222226,,10.305522515211914,True,11.5,12.0,2,-0.5,True,19.5,10.305522515211916
Erika Jayne,Gleb Savchenko,Singer/Rapper,Georgia,United States,45,24,Eliminated Week 5,9,6,6,6,6,7,7,7,7,6,7,7,6,8,7,7,8,8,8,8,8,0,0,0,0,0,0,0,0,0,0,0,0,0,0,0,0,0,0,0,0,,,,,24.0,7.0,28.0,5.0,26.0,7.0,30.0,8.0,32.0,6.0,,,,,,,,,,,,,5,19.305555555555554,10.222222222222223,14.776859504132231,9.639999999999999,10.395061728395062,5.109375,14.122448979591837,13.939999999999998,3.296875,2.246827162222226,,10.305522515211914,True,6.6,9.0,5,-2.4000000000000004,True,28.0,10.305522515211916
Normani,Valentin Chmerkovskiy,Singer/Rapper,Georgia,United States,20,24,3rd Place,3,7,6,7,7,8,8,8,8,8,8,9,9,8,7,8,9,10,9,10,10,9,9.5,8,9.5,10.5,10.5,10.5,10.5,10,9.5,10,10,9.5,9.5,9.5,9.5,10,9.6666,9.6666,10,,,,,27.0,6.0,32.0,1.0,34.0,1.0,32.0,5.0,39.0,1.0,36.0,2.0,42.0,1.0,39.5,1.0,38.0,3.0,39.333200000000005,2.0,,,10,19.305555555555554,10.222222222222223,14.776859504132231,9.639999999999999,10.395061728395062,5.109375,14.122448979591837,13.939999999999998,3.296875,2.246827162222226,,10.305522515211914,True,2.3,3.0,10,-0.7000000000000002,True,35.883320000000005,10.305522515211916
Nick Viall,Peta Murgatroyd,TV Personality,Wisconsin,United States,36,24,Eliminated Week 7,6,6,6,6,6,7,5,7,6,7,6,7,6,8,7,8,7,9,8,9,8,7.5,8,7.5,7.5,8,8,9,9,0,0,0,0,0,0,0,0,0,0,0,0,,,,,24.0,7.0,25.0,9.0,26.0,7.0,30.0,8.0,34.0,4.0,30.5,8.0,34.0,5.0,,,,,,,,,7,19.305555555555554,10.222222222222223,14.776859504132231,9.639999999999999,10.395061728395062,5.109375,14.122448979591837,13.939999999999998,3.296875,2.246827162222226,,10.305522515211914,True,6.857142857142857,6.0,7,0.8571428571428568,True,29.071428571428573,10.305522515211916
Sasha Pieterse,Gleb Savchenko,Actor/Actress,,South Africa,21,25,Eliminated Week 5,10,6,6,6,,8,7.5,7,,7,6,6,,8,8,8,,8,8,8,,0,0,0,0,0,0,0,,0,0,0,,0,0,0,,0,0,0,0,,,,,18.0,7.0,22.5,4.0,19.0,11.0,24.0,4.0,24.0,8.0,,,,,,,,,,,,,5,5.775147928994083,4.517751479289942,4.512396694214875,3.504132231404959,5.6899999999999995,19.555555555555557,3.859375,4.618055555555556,3.7,1.056153941875,,5.678856838688998,True,6.8,10.0,5,-3.2,True,21.5,5.678856838688999
Frankie Muniz,Witney Carson,Actor/Actress,New Jersey,United States,31,25,3rd Place,3,7,6,6,,8,7.5,8.5,,7,7,7,,8,8,8,,10,9,10,,7,8,8,8,10,10,10,,9,8.5,9,,8.5,8,9,,9.7777,9.3333,9.7777,10,,,,,19.0,5.0,24.0,1.0,21.0,6.0,24.0,4.0,29.0,2.0,31.0,6.0,30.0,1.0,26.5,3.0,25.5,4.0,38.8887,3.0,,,10,5.775147928994083,4.517751479289942,4.512396694214875,3.504132231404959,5.6899999999999995,19.555555555555557,3.859375,4.618055555555556,3.7,1.056153941875,,5.678856838688998,True,3.5,3.0,10,0.5,True,26.888869999999997,5.678856838688999
Jordan Fisher,Lindsay Arnold,Actor/Actress,Alabama,United States,23,25,1st Place,1,8,7,7,,8,8,8,,9,7,9,,10,9,10,,10,10,10,,10,9,10,10,9,9,9,,10,10,10,,9.5,9.5,10,,10,10,10,10,,,,,22.0,1.0,24.0,1.0,25.0,2.0,29.0,1.0,30.0,1.0,39.0,2.0,27.0,4.0,30.0,1.0,29.0,1.0,40.0,1.0,,,10,5.775147928994083,4.517751479289942,4.512396694214875,3.504132231404959,5.6899999999999995,19.555555555555557,3.859375,4.618055555555556,3.7,1.056153941875,,5.678856838688998,True,1.5,1.0,10,0.5,True,29.5,5.678856838688999
Derek Fisher,Sharna Burgess,Athlete,Arkansas,United States,43,25,Eliminated Week 4,11,6,6,6,,6.5,6,6.5,,7,7,7,,7,8,8,,0,0,0,,0,0,0,0,0,0,0,,0,0,0,,0,0,0,,0,0,0,0,,,,,18.0,7.0,19.0,11.0,21.0,6.0,23.0,10.0,,,,,,,,,,,,,,,4,5.775147928994083,4.517751479289942,4.512396694214875,3.504132231404959,5.6899999999999995,19.555555555555557,3.859375,4.618055555555556,3.7,1.056153941875,,5.678856838688998,True,8.5,11.0,4,-2.5,True,20.25,5.678856838688999
Nikki Bella,Artem Chigvintsev,Athlete,California,United States,33,25,Eliminated Week 7,8,7,7,6,,6.5,6.5,6.5,,7,7,7,,8,8,8,,9,9,9,,9,9,9,9,8,8,8,,0,0,0,,0,0,0,,0,0,0,0,,,,,20.0,4.0,19.5,9.0,21.0,6.0,24.0,4.0,27.0,4.0,36.0,4.0,24.0,8.0,,,,,,,,,7,5.775147928994083,4.517751479289942,4.512396694214875,3.504132231404959,5.6899999999999995,19.555555555555557,3.859375,4.618055555555556,3.7,1.056153941875,,5.678856838688998,True,5.571428571428571,8.0,7,-2.428571428571429,True,24.5,5.678856838688999
Terrell Owens,Cheryl Burke,Athlete,Alabama,United States,43,25,Eliminated Week 8,6,5,5,5,,6.5,6,7,,7,7,7,,8,8,8,,9,8,8,,9,9,10,9,8,8,8.5,,8.5,8.5,8.5,,0,0,0,,0,0,0,0,,,,,15.0,12.0,19.5,9.0,21.0,6.0,24.0,4.0,25.0,6.0,37.0,3.0,24.5,7.0,25.5,4.0,,,,,,,8,5.775147928994083,4.517751479289942,4.512396694214875,3.504132231404959,5.6899999999999995,19.555555555555557,3.859375,4.618055555555556,3.7,1.056153941875,,5.678856838688998,True,6.375,6.0,8,0.375,True,23.9375,5.678856838688999
Victoria Arlen,Valentin Chmerkovskiy,Athlete,New Hamshire,United States,22,25,Eliminated Week 9,5,7,6,6,,7.5,7,7.5,,8,7,7,,9,9,9,,9,9,9,,8,8,7,8,9.5,9.5,9.5,,8,8,8,,9,9.5,9.5,,0,0,0,0,,,,,19.0,5.0,22.0,6.0,22.0,5.0,27.0,2.0,27.0,4.0,31.0,6.0,28.5,2.0,24.0,5.0,28.0,3.0,,,,,9,5.775147928994083,4.517751479289942,4.512396694214875,3.504132231404959,5.6899999999999995,19.555555555555557,3.859375,4.618055555555556,3.7,1.056153941875,,5.678856838688998,True,4.222222222222222,5.0,9,-0.7777777777777777,True,25.38888888888889,5.678856838688999
Barbara Corcoran,Keo Motsepe,Entrepreneur,New Jersey,United States,68,25,Eliminated Week 2,13,5,4,5,,6,5,6,,0,0,0,,0,0,0,,0,0,0,,0,0,0,0,0,0,0,,0,0,0,,0,0,0,,0,0,0,0,,,,,14.0,13.0,17.0,13.0,,,,,,,,,,,,,,,,,,,2,5.775147928994083,4.517751479289942,4.512396694214875,3.504132231404959,5.6899999999999995,19.555555555555557,3.859375,4.618055555555556,3.7,1.056153941875,,5.678856838688998,True,13.0,13.0,2,0.0,True,15.5,5.678856838688999
Lindsey Stirling,Mark Ballas,Musician,California,United States,31,25,2nd Place,2,7,8,7,,7.5,7.5,7.5,,9,9,9,,9,8,9,,9,10,9,,10,10,10,10,8.5,8.5,8.5,,9.5,8.5,9,,9.5,9,10,,10,10,10,10,,,,,22.0,1.0,22.5,4.0,27.0,1.0,26.0,3.0,28.0,3.0,40.0,1.0,25.5,6.0,27.0,2.0,28.5,2.0,40.0,1.0,,,10,5.775147928994083,4.517751479289942,4.512396694214875,3.504132231404959,5.6899999999999995,19.555555555555557,3.859375,4.618055555555556,3.7,1.056153941875,,5.678856838688998,True,2.4,2.0,10,0.3999999999999999,True,28.65,5.678856838688999
Debbie Gibson,Alan Bersten,Singer/Rapper,New York,United States,47,25,Eliminated Week 2,12,6,5,6,,7,6.5,7,,0,0,0,,0,0,0,,0,0,0,,0,0,0,0,0,0,0,,0,0,0,,0,0,0,,0,0,0,0,,,,,17.0,10.0,20.5,7.0,,,,,,,,,,,,,,,,,,,2,5.775147928994083,4.517751479289942,4.512396694214875,3.504132231404959,5.6899999999999995,19.555555555555557,3.859375,4.618055555555556,3.7,1.056153941875,,5.678856838688998,True,8.5,12.0,2,-3.5,True,18.75,5.678856838688999
Nick Lachey,Peta Murgatroyd,Singer/Rapper,Kentucky,United States,43,25,Eliminated Week 6,9,6,6,6,,7,6,6,,7,7,7,,8,7,7,,7,8,7,,7,6,7,6,0,0,0,,0,0,0,,0,0,0,,0,0,0,0,,,,,18.0,7.0,19.0,11.0,21.0,6.0,22.0,11.0,22.0,10.0,26.0,9.0,,,,,,,,,,,6,5.775147928994083,4.517751479289942,4.512396694214875,3.504132231404959,5.6899999999999995,19.555555555555557,3.859375,4.618055555555556,3.7,1.056153941875,,5.678856838688998,True,9.0,9.0,6,0.0,True,21.333333333333332,5.678856838688999
Drew Scott,Emma Slater,TV Personality,,Canada,39,25,Eliminated Week 10,4,6,5,5,,7,6.5,7,,8,7,8,,8,8,8,,9,8,8,,7,7,9,7,9.5,9.5,9.5,,8,7.5,8,,8,8,8,,9,9.5,9.5,9.5,,,,,16.0,11.0,20.5,7.0,23.0,3.0,24.0,4.0,25.0,6.0,30.0,8.0,28.5,2.0,23.5,6.0,24.0,5.0,37.5,4.0,,,10,5.775147928994083,4.517751479289942,4.512396694214875,3.504132231404959,5.6899999999999995,19.555555555555557,3.859375,4.618055555555556,3.7,1.056153941875,,5.678856838688998,True,5.6,4.0,10,1.5999999999999996,True,25.2,5.678856838688999
Vanessa Lachey,Maksim Chmerkoskiy,TV Personality,,Philippines,36,25,Eliminated Week 7,7,7,7,7,,8,8,7.5,,7,8,8,,8,8,8,,8,8,8,,9,9,9,9,9,9,9,,0,0,0,,0,0,0,,0,0,0,0,,,,,21.0,3.0,23.5,3.0,23.0,3.0,24.0,4.0,24.0,8.0,36.0,4.0,27.0,4.0,,,,,,,,,7,5.775147928994083,4.517751479289942,4.512396694214875,3.504132231404959,5.6899999999999995,19.555555555555557,3.859375,4.618055555555556,3.7,1.056153941875,,5.678856838688998,True,4.142857142857143,7.0,7,-2.8571428571428568,True,25.5,5.678856838688999
Jamie Anderson,Artem Chigvintsev,Athlete,California,United States,27,26,Eliminated Week 1,10,6,7,6,,0,0,0,0,0,0,0,0,0,0,0,,,,,,,,,,,,,,,,,,,,,,,,,,,,,,19.0,8.0,,,,,,,,,,,,,,,,,,,,,1,5.6,6.40234375,14.138888888888891,0.16666666666666666,,,,,,,,6.57697482638889,True,8.0,10.0,1,-2.0,True,19.0,6.57697482638889
Johnny Damon,Emma Slater,Athlete,Kansas,United States,44,26,Eliminated Week 1,9,6,6,6,,0,0,0,0,0,0,0,0,0,0,0,,,,,,,,,,,,,,,,,,,,,,,,,,,,,,18.0,9.0,,,,,,,,,,,,,,,,,,,,,1,5.6,6.40234375,14.138888888888891,0.16666666666666666,,,,,,,,6.57697482638889,True,9.0,9.0,1,0.0,True,18.0,6.57697482638889
Kareem Abdul-Jabbar,Lindsay Arnold,Athlete,New York,United States,71,26,Eliminated Week 2,8,6,5,6,,7.5,8,7,7,0,0,0,0,0,0,0,,,,,,,,,,,,,,,,,,,,,,,,,,,,,,17.0,10.0,29.5,8.0,,,,,,,,,,,,,,,,,,,2,5.6,6.40234375,14.138888888888891,0.16666666666666666,,,,,,,,6.57697482638889,True,9.0,8.0,2,1.0,True,23.25,6.57697482638889
Arike Ogunbowale,Gleb Savchenko,Athlete,Wisconsin,United States,21,26,Eliminated Week 2,7,7,6,7,,8.5,9.5,8.5,8.5,0,0,0,0,0,0,0,,,,,,,,,,,,,,,,,,,,,,,,,,,,,,20.0,7.0,35.0,3.0,,,,,,,,,,,,,,,,,,,2,5.6,6.40234375,14.138888888888891,0.16666666666666666,,,,,,,,6.57697482638889,True,5.0,7.0,2,-2.0,True,27.5,6.57697482638889
Jennie Finch Daigle,Keo Motsepe,Athlete,California,United States,37,26,Eliminated Week 3,6,7,7,7,,7.5,8.5,8,7.5,7,8,7,7,0,0,0,,,,,,,,,,,,,,,,,,,,,,,,,,,,,,21.0,5.0,31.5,6.0,29.0,6.0,,,,,,,,,,,,,,,,,3,5.6,6.40234375,14.138888888888891,0.16666666666666666,,,,,,,,6.57697482638889,True,5.666666666666667,6.0,3,-0.33333333333333304,True,27.166666666666668,6.57697482638889
Chris Mazdzer,Witney Carson,Athlete,Massachusetts,United States,29,26,Eliminated Week 3,5,7,7,7,,8.5,8.5,8,8,8,9,7,9,0,0,0,,,,,,,,,,,,,,,,,,,,,,,,,,,,,,21.0,5.0,33.0,4.0,33.0,5.0,,,,,,,,,,,,,,,,,3,5.6,6.40234375,14.138888888888891,0.16666666666666666,,,,,,,,6.57697482638889,True,4.666666666666667,5.0,3,-0.33333333333333304,True,29.0,6.57697482638889
Mirai Nagasu,Alan Bersten,Athlete,California,United States,25,26,Eliminated Week 3,4,7,8,8,,9,10,9,9,9,9,8,9,0,0,0,,,,,,,,,,,,,,,,,,,,,,,,,,,,,,23.0,3.0,37.0,1.0,35.0,3.0,,,,,,,,,,,,,,,,,3,5.6,6.40234375,14.138888888888891,0.16666666666666666,,,,,,,,6.57697482638889,True,2.3333333333333335,4.0,3,-1.6666666666666665,True,31.666666666666668,6.57697482638889
Tonya Harding,Sasha Farber,Athlete,Oregon,United States,47,26,3rd Place,3,8,8,7,,8,9,8,8,8.5,9.5,8.5,8.5,9,9.5,9.5,,,,,,,,,,,,,,,,,,,,,,,,,,,,,,23.0,3.0,33.0,4.0,35.0,3.0,28.0,3.0,,,,,,,,,,,,,,,4,5.6,6.40234375,14.138888888888891,0.16666666666666666,,,,,,,,6.57697482638889,True,3.25,3.0,4,0.25,True,29.75,6.57697482638889
Josh Norman,Sharna Burgess,Athlete,South Carolina,United States,30,26,2nd Place,2,8,8,8,,7.5,8,8,8,9.5,9.5,9.5,9.5,9.5,9.5,9.5,,,,,,,,,,,,,,,,,,,,,,,,,,,,,,24.0,1.0,31.5,6.0,38.0,2.0,28.5,2.0,,,,,,,,,,,,,,,4,5.6,6.40234375,14.138888888888891,0.16666666666666666,,,,,,,,6.57697482638889,True,2.75,2.0,4,0.75,True,30.5,6.57697482638889
Adam Rippon,Jenna Johnson,Athlete,Pennsylvania,United States,28,26,1st Place,1,8,8,8,,9,9.5,9,9.5,10.5,10.5,9.5,10.5,9.5,9.5,10,,,,,,,,,,,,,,,,,,,,,,,,,,,,,,24.0,1.0,37.0,1.0,41.0,1.0,29.0,1.0,,,,,,,,,,,,,,,4,5.6,6.40234375,14.138888888888891,0.16666666666666666,,,,,,,,6.57697482638889,True,1.0,1.0,4,0.0,True,32.75,6.57697482638889
Juan Pablo Di Pace,Cheryl Burke,Actor/Actress,,Argentina,39,27,Eliminated Week 8,5,7,7,8,,9,8,9,,10,10,10,,8,8,8,,10,9,10,,10,10,10,,9.5,9,9.5,,10,10,10,,0,0,0,,,,,,,,,,22.0,3.0,26.0,1.0,30.0,1.0,24.0,5.0,29.0,1.0,30.0,1.0,28.0,3.0,30.0,1.0,,,,,,,8,6.044378698224852,8.269097222222221,10.59504132231405,13.760000000000002,13.11111111111111,13.802469135802472,2.99609375,8.88888888888889,1.546875,,,8.779328347618177,True,2.0,5.0,8,-3.0,True,27.375,8.779328347618177
Evanna Lynch,Keo Motsepe,Actor/Actress,,Ireland,27,27,3rd Place,3,7,5,6,,8,8,8,,9,9,9,,8,8,8,,8,8,8,,10,9,10,,10,9.5,10,,10,9.5,9.5,,10,10,10,,,,,,,,,,18.0,9.0,24.0,5.0,27.0,2.0,24.0,5.0,24.0,6.0,29.0,3.0,29.5,1.0,29.0,2.0,30.0,1.0,,,,,9,6.044378698224852,8.269097222222221,10.59504132231405,13.760000000000002,13.11111111111111,13.802469135802472,2.99609375,8.88888888888889,1.546875,,,8.779328347618177,True,3.7777777777777777,3.0,9,0.7777777777777777,True,26.055555555555557,8.779328347618177
Nancy McKeon,Valentin Chmerkovskiy,Actor/Actress,New York,United States,52,27,Eliminated Week 3,11,6.5,6.5,6.5,,7,6.5,7,,8,7,7,,0,0,0,,0,0,0,,0,0,0,,0,0,0,,0,0,0,,0,0,0,,,,,,,,,,19.5,8.0,20.5,9.0,22.0,9.0,,,,,,,,,,,,,,,,,3,6.044378698224852,8.269097222222221,10.59504132231405,13.760000000000002,13.11111111111111,13.802469135802472,2.99609375,8.88888888888889,1.546875,,,8.779328347618177,True,8.666666666666666,11.0,3,-2.333333333333334,True,20.666666666666668,8.779328347618177
John Schneider,Emma Slater,Actor/Actress,New York,United States,58,27,Eliminated Week 7,8,7,5,6,,7.5,6.5,7.5,,7,7,7,,7,7,7,,8,8,8,,6,7,6,,9,9,9,,0,0,0,,0,0,0,,,,,,,,,,18.0,9.0,21.5,8.0,21.0,10.0,21.0,8.0,24.0,6.0,19.0,9.0,27.0,5.0,,,,,,,,,7,6.044378698224852,8.269097222222221,10.59504132231405,13.760000000000002,13.11111111111111,13.802469135802472,2.99609375,8.88888888888889,1.546875,,,8.779328347618177,True,7.857142857142857,8.0,7,-0.14285714285714324,True,21.642857142857142,8.779328347618177
Milo Manheim,Witney Carson,Actor/Actress,California,United States,17,27,2nd Place,2,7,6,7,,9,8,9,,9,9,9,,10,9,10,,9,8,10,,10,10,10,,10,9,10,,9,9,9.5,,10,10,10,,,,,,,,,,20.0,5.0,26.0,1.0,27.0,2.0,29.0,1.0,27.0,3.0,30.0,1.0,29.0,2.0,27.5,4.0,30.0,1.0,,,,,9,6.044378698224852,8.269097222222221,10.59504132231405,13.760000000000002,13.11111111111111,13.802469135802472,2.99609375,8.88888888888889,1.546875,,,8.779328347618177,True,2.2222222222222223,2.0,9,0.22222222222222232,True,27.27777777777778,8.779328347618177
Danelle Umstead,Artem Chigvintsev,Athlete,New Mexico,United States,46,27,Eliminated Week 2,12,6,6,6,,6.5,6,6,,0,0,0,,0,0,0,,0,0,0,,0,0,0,,0,0,0,,0,0,0,,0,0,0,,,,,,,,,,18.0,9.0,18.5,11.0,,,,,,,,,,,,,,,,,,,2,6.044378698224852,8.269097222222221,10.59504132231405,13.760000000000002,13.11111111111111,13.802469135802472,2.99609375,8.88888888888889,1.546875,,,8.779328347618177,True,10.0,12.0,2,-2.0,True,18.25,8.779328347618177
Mary Lou Retton,Sasha Farber,Athlete,West Virginia,United States,50,27,Eliminated Week 6,9,6.5,7,6.5,,8,7.5,7.5,,8,8,8,,9,8,9,,9,8,8,,8,8,8,,0,0,0,,0,0,0,,0,0,0,,,,,,,,,,20.0,5.0,23.0,7.0,24.0,7.0,26.0,2.0,25.0,5.0,24.0,6.0,,,,,,,,,,,6,6.044378698224852,8.269097222222221,10.59504132231405,13.760000000000002,13.11111111111111,13.802469135802472,2.99609375,8.88888888888889,1.546875,,,8.779328347618177,True,5.333333333333333,9.0,6,-3.666666666666667,True,23.666666666666668,8.779328347618177
DeMarcus Ware,Lindsay Arnold,Athlete,Alabama,United States,36,27,Eliminated Week 7,7,8,7,8,,8,7.5,8,,9,8,9,,7,7,8,,9,8,9,,8,9,9,,9,8.5,9,,0,0,0,,0,0,0,,,,,,,,,,23.0,1.0,23.5,6.0,26.0,5.0,22.0,7.0,26.0,4.0,26.0,5.0,26.5,6.0,,,,,,,,,7,6.044378698224852,8.269097222222221,10.59504132231405,13.760000000000002,13.11111111111111,13.802469135802472,2.99609375,8.88888888888889,1.546875,,,8.779328347618177,True,4.857142857142857,7.0,7,-2.1428571428571432,True,24.714285714285715,8.779328347618177
Nikki Glaser,Gleb Savchenko,Comedian,Ohio,United States,34,27,Eliminated Week 1,13,6,5.5,6,,0,0,0,,0,0,0,,0,0,0,,0,0,0,,0,0,0,,0,0,0,,0,0,0,,0,0,0,,,,,,,,,,17.5,12.0,,,,,,,,,,,,,,,,,,,,,1,6.044378698224852,8.269097222222221,10.59504132231405,13.760000000000002,13.11111111111111,13.802469135802472,2.99609375,8.88888888888889,1.546875,,,8.779328347618177,True,12.0,13.0,1,-1.0,True,17.5,8.779328347618177
Bobby Bones,Sharna Burgess,Radio Personality,Arkansas,United States,38,27,1st Place,1,7,6,7,,7,6,6.5,,8,7,8,,7,6,7,,7,7,7,,8,7,7,,9,8.5,9,,7.5,7.5,7.5,,9,9,9,,,,,,,,,,20.0,5.0,19.5,10.0,23.0,8.0,20.0,9.0,21.0,8.0,22.0,7.0,26.5,6.0,22.5,6.0,27.0,4.0,,,,,9,6.044378698224852,8.269097222222221,10.59504132231405,13.760000000000002,13.11111111111111,13.802469135802472,2.99609375,8.88888888888889,1.546875,,,8.779328347618177,True,7.0,1.0,9,6.0,True,22.38888888888889,8.779328347618177
Tinashe,Brandon Armstrong,Singer/Rapper,Kentucky,United States,25,27,Eliminated Week 4,10,8,7,8,,9,8,9,,9,9,9,,9,8,9,,0,0,0,,0,0,0,,0,0,0,,0,0,0,,0,0,0,,,,,,,,,,23.0,1.0,26.0,1.0,27.0,2.0,26.0,2.0,,,,,,,,,,,,,,,4,6.044378698224852,8.269097222222221,10.59504132231405,13.760000000000002,13.11111111111111,13.802469135802472,2.99609375,8.88888888888889,1.546875,,,8.779328347618177,True,1.5,10.0,4,-8.5,True,25.5,8.779328347618177
Alexis Ren,Alan Bersten,Social Media Personality,California,United States,21,27,4th Place,4,7,7.5,7.5,,8,8.5,8,,9,8,9,,8,8,9,,10,9,10,,9,9,9,,9,9,9.5,,9.5,9.5,10,,9.5,9.5,9.5,,,,,,,,,,22.0,3.0,24.5,4.0,26.0,5.0,25.0,4.0,29.0,1.0,27.0,4.0,27.5,4.0,29.0,2.0,28.5,3.0,,,,,9,6.044378698224852,8.269097222222221,10.59504132231405,13.760000000000002,13.11111111111111,13.802469135802472,2.99609375,8.88888888888889,1.546875,,,8.779328347618177,True,3.3333333333333335,4.0,9,-0.6666666666666665,True,26.5,8.779328347618177
Joe Amabile,Jenna Johnson,TV Personality,Illinois,United States,32,27,Eliminated Week 8,6,5,4,5,,5.5,6,6,,6,6,6,,5,5,5,,6,5,6,,8,7,7,,8,7.5,8,,8,7.5,7.5,,0,0,0,,,,,,,,,,14.0,13.0,17.5,12.0,18.0,11.0,15.0,10.0,17.0,9.0,22.0,7.0,23.5,8.0,23.0,5.0,,,,,,,8,6.044378698224852,8.269097222222221,10.59504132231405,13.760000000000002,13.11111111111111,13.802469135802472,2.99609375,8.88888888888889,1.546875,,,8.779328347618177,True,9.375,6.0,8,3.375,True,18.75,8.779328347618177
Kate Flannery,Pasha Pashkov,Actor/Actress,Pennsylvania,United States,55,28,Eliminated Week 8,7,5,5,5,,7,7,7,,8,8,8,,7,7,6,6,8,8,8,,9,9,9,,8,8,8,,8.6666,8.6666,8.6666,,0,0,0,0,0,0,0,,0,0,0,,15.0,9.0,21.0,2.0,24.0,1.0,26.0,8.0,24.0,5.0,27.0,1.0,24.0,7.0,25.9998,5.0,,,,,,,8,8.076388888888888,9.6875,15.559999999999997,18.96,5.876543209876543,3.333333333333334,3.75,16.530114295510206,21.645833333333332,1.9,0.3125,9.602928460085664,False,4.75,7.0,8,-2.25,False,23.374975,9.602928460085664
James Van Der Beek,Emma Slater,Actor/Actress,Connecticut,United States,42,28,Eliminated Week 10,5,7,7,7,,7,6,7,,8,7,8,,7,7,7,7,9,8,9,,9,9,9,,9,9,9,,10.6666,10.6666,10.6666,,9,8.5,9.5,9,8.5,8.5,8.5,,0,0,0,,21.0,1.0,20.0,3.0,23.0,3.0,28.0,6.0,26.0,2.0,27.0,1.0,27.0,1.0,31.9998,1.0,36.0,3.0,25.5,5.0,,,10,8.076388888888888,9.6875,15.559999999999997,18.96,5.876543209876543,3.333333333333334,3.75,16.530114295510206,21.645833333333332,1.9,0.3125,9.602928460085664,False,2.6,5.0,10,-2.4,False,26.549979999999998,9.602928460085664
Kel Mitchell,Witney Carson,Actor/Actress,Illinois,United States,41,28,2nd Place,2,6,5,5,,7,6,7,,7,6,7,,8,8,8,8,9,8,9,,9,8,9,,8.5,8.5,8.5,,9.6666,9.6666,10.6666,,9,9,9.5,9.5,9.5,9.5,9.5,,10,9.5,10,,16.0,7.0,20.0,3.0,20.0,6.0,32.0,1.0,26.0,2.0,26.0,4.0,25.5,5.0,29.9998,4.0,37.0,2.0,28.5,2.0,29.5,2.0,11,8.076388888888888,9.6875,15.559999999999997,18.96,5.876543209876543,3.333333333333334,3.75,16.530114295510206,21.645833333333332,1.9,0.3125,9.602928460085664,False,3.4545454545454546,2.0,11,1.4545454545454546,False,26.409072727272726,9.602928460085664
Ray Lewis,Cheryl Burke,Athlete,Florida,United States,44,28,Withdrew,11,5,5,5,,5,5,5,,0,0,0,,0,0,0,0,0,0,0,,0,0,0,,0,0,0,,0,0,0,,0,0,0,0,0,0,0,,0,0,0,,15.0,9.0,15.0,10.0,,,,,,,,,,,,,,,,,,,2,8.076388888888888,9.6875,15.559999999999997,18.96,5.876543209876543,3.333333333333334,3.75,16.530114295510206,21.645833333333332,1.9,0.3125,9.602928460085664,False,9.5,11.0,2,-1.5,False,15.0,9.602928460085664
Lamar Odom,Peta Murgatroyd,Athlete,New York,United States,39,28,Eliminated Week 4,10,5,3,3,,4,4,4,,4,4,4,,5,7,4,4,0,0,0,,0,0,0,,0,0,0,,0,0,0,,0,0,0,0,0,0,0,,0,0,0,,11.0,12.0,12.0,12.0,12.0,10.0,20.0,10.0,,,,,,,,,,,,,,,4,8.076388888888888,9.6875,15.559999999999997,18.96,5.876543209876543,3.333333333333334,3.75,16.530114295510206,21.645833333333332,1.9,0.3125,9.602928460085664,False,11.0,10.0,4,1.0,False,13.75,9.602928460085664
Sailor Brinkley-Cook,Valentin Chmerkovskiy,Model,New York,United States,21,28,Eliminated Week 6,9,6,6,6,,6,6,6,,7,8,8,,7,8,8,8,8,8,8,,9,9,9,,0,0,0,,0,0,0,,0,0,0,0,0,0,0,,0,0,0,,18.0,4.0,18.0,8.0,23.0,3.0,31.0,5.0,24.0,5.0,27.0,1.0,,,,,,,,,,,6,8.076388888888888,9.6875,15.559999999999997,18.96,5.876543209876543,3.333333333333334,3.75,16.530114295510206,21.645833333333332,1.9,0.3125,9.602928460085664,False,4.333333333333333,9.0,6,-4.666666666666667,False,23.5,9.602928460085664
Sean Spicer,Lindsay Arnold,Politician,New York,United States,48,28,Eliminated Week 9,6,4,4,4,,6,5,5,,5,5,5,,5,6,5,5,7,6,6,,7,7,7,,7,7,7,,7,7,6,,6.5,6,6.5,6,0,0,0,,0,0,0,,12.0,11.0,16.0,9.0,15.0,9.0,21.0,9.0,19.0,9.0,21.0,9.0,21.0,8.0,20.0,7.0,25.0,6.0,,,,,9,8.076388888888888,9.6875,15.559999999999997,18.96,5.876543209876543,3.333333333333334,3.75,16.530114295510206,21.645833333333332,1.9,0.3125,9.602928460085664,False,8.555555555555555,6.0,9,2.5555555555555554,False,18.88888888888889,9.602928460085664
Mary Wilson,Brandon Armstrong,Singer/Rapper,Nevada,United States,75,28,Eliminated Week 2,12,6,5,6,,5,5,5,,0,0,0,,0,0,0,0,0,0,0,,0,0,0,,0,0,0,,0,0,0,,0,0,0,0,0,0,0,,0,0,0,,17.0,5.0,15.0,10.0,,,,,,,,,,,,,,,,,,,2,8.076388888888888,9.6875,15.559999999999997,18.96,5.876543209876543,3.333333333333334,3.75,16.530114295510206,21.645833333333332,1.9,0.3125,9.602928460085664,False,7.5,12.0,2,-4.5,False,16.0,9.602928460085664
Lauren Alaina,Gleb Savchenko,Singer/Rapper,Georgia,United States,24,28,4th Place,4,7,6,6,,6,6,7,,6,7,7,,8,8,8,8,8,7,8,,9,8,9,,9,9,9,,8,8,8,,9,9,8.5,8.5,9,9,9,,9.5,9.5,9.5,,19.0,3.0,19.0,6.0,20.0,6.0,32.0,1.0,23.0,7.0,26.0,4.0,27.0,1.0,24.0,6.0,35.0,5.0,27.0,3.0,28.5,4.0,11,8.076388888888888,9.6875,15.559999999999997,18.96,5.876543209876543,3.333333333333334,3.75,16.530114295510206,21.645833333333332,1.9,0.3125,9.602928460085664,False,4.181818181818182,4.0,11,0.18181818181818166,False,25.5,9.602928460085664
Ally Brooke,Sasha Farber,Singer/Rapper,Texas,United States,26,28,3rd Place,3,5,5,6,,7,6,7,,8,8,8,,8,8,8,8,9,9,9,,8,9,8,,9,9,9,,10,10,10,,10,10,10,10,10,9.5,10,,10,10,10,,16.0,7.0,20.0,3.0,24.0,1.0,32.0,1.0,27.0,1.0,25.0,6.0,27.0,1.0,30.0,3.0,40.0,1.0,29.5,1.0,30.0,1.0,11,8.076388888888888,9.6875,15.559999999999997,18.96,5.876543209876543,3.333333333333334,3.75,16.530114295510206,21.645833333333332,1.9,0.3125,9.602928460085664,False,2.3636363636363638,3.0,11,-0.6363636363636362,False,27.318181818181817,9.602928460085664
Karamo Brown,Jenna Johnson,TV Personality,Texas,United States,38,28,Eliminated Week 7,8,6,5,6,,7,5,7,,5,5,6,,7,7,7,7,7,7,7,,9,8,8,,8.5,8,8,,0,0,0,,0,0,0,0,0,0,0,,0,0,0,,17.0,5.0,19.0,6.0,16.0,8.0,28.0,6.0,21.0,8.0,25.0,6.0,24.5,6.0,,,,,,,,,7,8.076388888888888,9.6875,15.559999999999997,18.96,5.876543209876543,3.333333333333334,3.75,16.530114295510206,21.645833333333332,1.9,0.3125,9.602928460085664,False,6.428571428571429,8.0,7,-1.5714285714285712,False,21.5,9.602928460085664
Hannah Brown,Alan Bersten,TV Personality,Alabama,United States,24,28,1st Place,1,7,7,6,,8,8,8,,7,7,7,,8,8,8,8,9,7,9,,8,8,8,,8.5,9,8.5,,10.6666,9.6666,10.6666,,9,8.5,9,9,9,9,9,,10,9.5,9.5,,20.0,2.0,24.0,1.0,21.0,5.0,32.0,1.0,25.0,4.0,24.0,8.0,26.0,4.0,30.9998,2.0,35.5,4.0,27.0,3.0,29.0,3.0,11,8.076388888888888,9.6875,15.559999999999997,18.96,5.876543209876543,3.333333333333334,3.75,16.530114295510206,21.645833333333332,1.9,0.3125,9.602928460085664,False,3.3636363636363638,1.0,11,2.3636363636363638,False,26.77270909090909,9.602928460085664
Anne Heche,Keo Motsepe,Actor/Actress,Ohio,United States,51,29,Eliminated Week 4,13,6,6,6,,6,6,6,,5,5,5,,7,7,7,,0,0,0,,0,0,0,,0,0,0,,0,0,0,,0,0,0,,0,0,0,,0,0,0,,18.0,6.0,18.0,6.0,15.0,13.0,21.0,10.0,,,,,,,,,,,,,,,4,9.02222222222222,4.293333333333334,10.923469387755105,3.9763313609467463,8.409722222222221,8.049586776859506,4.0,3.4374750075000002,5.38782858122449,0.5833333333333334,0.421875,5.318652475036087,False,8.75,13.0,4,-4.25,False,18.0,5.318652475036087
Jesse Metcalfe,Sharna Burgess,Actor/Actress,California,United States,41,29,Eliminated Week 5,12,6,6,6,,7,7,6,,7,6,7,,7,7,7,,7,6,6,,0,0,0,,0,0,0,,0,0,0,,0,0,0,,0,0,0,,0,0,0,,18.0,6.0,20.0,4.0,20.0,9.0,21.0,10.0,19.0,11.0,,,,,,,,,,,,,5,9.02222222222222,4.293333333333334,10.923469387755105,3.9763313609467463,8.409722222222221,8.049586776859506,4.0,3.4374750075000002,5.38782858122449,0.5833333333333334,0.421875,5.318652475036087,False,8.0,12.0,5,-4.0,False,19.6,5.318652475036087
Chrishell Stause,Gleb Savchenko,Actor/Actress,Kentucky,United States,39,29,Eliminated Week 8,8,4,5,4,,6,6,6,,7,7,8,,7,8,7,,6,6,7,,8,8,8,,9,9,8,,9,9,9,,0,0,0,,0,0,0,,0,0,0,,13.0,13.0,18.0,6.0,22.0,4.0,22.0,8.0,19.0,11.0,24.0,7.0,26.0,5.0,27.0,5.0,,,,,,,8,9.02222222222222,4.293333333333334,10.923469387755105,3.9763313609467463,8.409722222222221,8.049586776859506,4.0,3.4374750075000002,5.38782858122449,0.5833333333333334,0.421875,5.318652475036087,False,7.375,8.0,8,-0.625,False,21.375,5.318652475036087
Skai Jackson,Alan Bersten,Actor/Actress,New York,United States,18,29,Eliminated Week 10,5,7,7,7,,5,5,5,,6,6,6,,10,9,9,,8,8,8,,6,6,6,,9,9,9,,8.6666,9.6666,8.6666,,9.6666,9.6666,9.6666,,9.5,9.5,9.5,,0,0,0,,21.0,1.0,15.0,14.0,18.0,11.0,28.0,1.0,24.0,5.0,18.0,11.0,27.0,2.0,26.9998,7.0,28.9998,3.0,28.5,4.0,,,10,9.02222222222222,4.293333333333334,10.923469387755105,3.9763313609467463,8.409722222222221,8.049586776859506,4.0,3.4374750075000002,5.38782858122449,0.5833333333333334,0.421875,5.318652475036087,False,5.9,5.0,10,0.9000000000000004,False,23.54996,5.318652475036087
Justina Machado,Sasha Farber,Actor/Actress,Illinois,United States,48,29,4th Place,4,7,7,7,,7,7,7,,7,6,6,,8,8,8,,8,8,8,,9,9,9,,9,9,8,,9.6666,9.6666,9.6666,,8.6666,8.6666,8.6666,,9.5,10,9.5,,10,10,10,,21.0,1.0,21.0,2.0,19.0,10.0,24.0,3.0,24.0,5.0,27.0,1.0,26.0,5.0,28.9998,3.0,25.9998,5.0,29.0,3.0,30.0,1.0,11,9.02222222222222,4.293333333333334,10.923469387755105,3.9763313609467463,8.409722222222221,8.049586776859506,4.0,3.4374750075000002,5.38782858122449,0.5833333333333334,0.421875,5.318652475036087,False,3.5454545454545454,4.0,11,-0.4545454545454546,False,25.090872727272725,5.318652475036087
Charles Oakley,Emma Slater,Athlete,Ohio,United States,56,29,Eliminated Week 2,15,4,4,4,,5,5,5,,0,0,0,,0,0,0,,0,0,0,,0,0,0,,0,0,0,,0,0,0,,0,0,0,,0,0,0,,0,0,0,,12.0,14.0,15.0,14.0,,,,,,,,,,,,,,,,,,,2,9.02222222222222,4.293333333333334,10.923469387755105,3.9763313609467463,8.409722222222221,8.049586776859506,4.0,3.4374750075000002,5.38782858122449,0.5833333333333334,0.421875,5.318652475036087,False,14.0,15.0,2,-1.0,False,13.5,5.318652475036087
Veron Davis,Peta Murgatroyd,Athlete,Washington D.C.,United States,36,29,Eliminated Week 6,11,5,6,6,,6,6,6,,8,7,7,,8,7,7,,7,7,7,,7,7,7,,0,0,0,,0,0,0,,0,0,0,,0,0,0,,0,0,0,,17.0,11.0,18.0,6.0,22.0,4.0,22.0,8.0,21.0,10.0,21.0,10.0,,,,,,,,,,,6,9.02222222222222,4.293333333333334,10.923469387755105,3.9763313609467463,8.409722222222221,8.049586776859506,4.0,3.4374750075000002,5.38782858122449,0.5833333333333334,0.421875,5.318652475036087,False,8.166666666666666,11.0,6,-2.833333333333334,False,20.166666666666668,5.318652475036087
Johnny Weir,Britt Stewart,Athlete,Pennsylvania,United States,36,29,Eliminated Week 10,6,6,6,6,,6,6,6,,8,8,8,,8,8,8,,10,10,9,,7,8,7,,9,9,9,,10,10,10,,10,10,10,,9.5,9.5,9.5,,0,0,0,,18.0,6.0,18.0,6.0,24.0,1.0,24.0,3.0,29.0,1.0,22.0,9.0,27.0,2.0,30.0,1.0,30.0,1.0,28.5,4.0,,,10,9.02222222222222,4.293333333333334,10.923469387755105,3.9763313609467463,8.409722222222221,8.049586776859506,4.0,3.4374750075000002,5.38782858122449,0.5833333333333334,0.421875,5.318652475036087,False,3.4,6.0,10,-2.6,False,25.05,5.318652475036087
Nev Schulman,Jenna Johnson,Producer,New York,United States,35,29,2nd Place,2,7,7,6,,7,7,7,,8,8,8,,8,8,8,,8,9,9,,9,9,8,,10,10,10,,10,10,10,,9.6666,9.6666,9.6666,,10,10,10,,10,10,10,,20.0,3.0,21.0,2.0,24.0,1.0,24.0,3.0,26.0,3.0,26.0,5.0,30.0,1.0,30.0,1.0,28.9998,3.0,30.0,1.0,30.0,1.0,11,9.02222222222222,4.293333333333334,10.923469387755105,3.9763313609467463,8.409722222222221,8.049586776859506,4.0,3.4374750075000002,5.38782858122449,0.5833333333333334,0.421875,5.318652475036087,False,2.1818181818181817,2.0,11,0.18181818181818166,False,26.363618181818183,5.318652475036087
AJ McLean,Cheryl Burke,Singer/Rapper,Florida,United States,42,29,Eliminated Week 9,7,6,6,6,,7,6,6,,7,7,7,,8,8,8,,8,8,8,,9,9,9,,9,8,9,,9,9,9,,7.6666,8.6666,8.6666,,0,0,0,,0,0,0,,18.0,6.0,19.0,5.0,21.0,7.0,24.0,3.0,24.0,5.0,27.0,1.0,26.0,5.0,27.0,5.0,24.9998,6.0,,,,,9,9.02222222222222,4.293333333333334,10.923469387755105,3.9763313609467463,8.409722222222221,8.049586776859506,4.0,3.4374750075000002,5.38782858122449,0.5833333333333334,0.421875,5.318652475036087,False,4.777777777777778,7.0,9,-2.2222222222222223,False,23.444422222222222,5.318652475036087
Nelly,Daniella Karagach,Singer/Rapper,Texas,United States,45,29,3rd Place,3,5,5,6,,6,6,6,,6,6,6,,7,7,7,,8,8,8,,8,8,8,,9,9,9,,8,8,8,,8,8,8,,9.5,9,9.5,,9.5,9.5,9.5,,16.0,12.0,18.0,6.0,18.0,11.0,21.0,10.0,24.0,5.0,24.0,7.0,27.0,2.0,24.0,8.0,24.0,7.0,28.0,6.0,28.5,4.0,11,9.02222222222222,4.293333333333334,10.923469387755105,3.9763313609467463,8.409722222222221,8.049586776859506,4.0,3.4374750075000002,5.38782858122449,0.5833333333333334,0.421875,5.318652475036087,False,7.090909090909091,3.0,11,4.090909090909091,False,22.954545454545453,5.318652475036087
Kaitlyn Bristowe,Artem Chigvintsev,TV Personality,,Canada,35,29,1st Place,1,6,7,7,,7,8,7,,8,7,8,,9,8,8,,9,9,9,,9,9,9,,7,9,8,,9,10,9,,10,10,10,,10,10,10,,10,10,10,,20.0,3.0,22.0,1.0,23.0,3.0,25.0,2.0,27.0,2.0,27.0,1.0,24.0,9.0,28.0,4.0,30.0,1.0,30.0,1.0,30.0,1.0,11,9.02222222222222,4.293333333333334,10.923469387755105,3.9763313609467463,8.409722222222221,8.049586776859506,4.0,3.4374750075000002,5.38782858122449,0.5833333333333334,0.421875,5.318652475036087,False,2.5454545454545454,1.0,11,1.5454545454545454,False,26.0,5.318652475036087
Carole Baskin,Pasha Pashkov,TV Personality,Texas,United States,59,29,Eliminated Week 3,14,4,4,3,,6,5,5,,5,4,3,,0,0,0,,0,0,0,,0,0,0,,0,0,0,,0,0,0,,0,0,0,,0,0,0,,0,0,0,,11.0,15.0,16.0,12.0,12.0,14.0,,,,,,,,,,,,,,,,,3,9.02222222222222,4.293333333333334,10.923469387755105,3.9763313609467463,8.409722222222221,8.049586776859506,4.0,3.4374750075000002,5.38782858122449,0.5833333333333334,0.421875,5.318652475036087,False,13.666666666666666,14.0,3,-0.3333333333333339,False,13.0,5.318652475036087
Monica Aldama,Valentin Chmerkovskiy,TV Personality,Alabama,United States,48,29,Eliminated Week 7,10,6,7,6,,5,6,5,,7,7,7,,8,8,8,,9,9,8,,9,9,9,,7,8,7,,0,0,0,,0,0,0,,0,0,0,,0,0,0,,19.0,5.0,16.0,12.0,21.0,7.0,24.0,3.0,26.0,3.0,27.0,1.0,22.0,10.0,,,,,,,,,7,9.02222222222222,4.293333333333334,10.923469387755105,3.9763313609467463,8.409722222222221,8.049586776859506,4.0,3.4374750075000002,5.38782858122449,0.5833333333333334,0.421875,5.318652475036087,False,5.857142857142857,10.0,7,-4.142857142857143,False,22.142857142857142,5.318652475036087
Jeannie Mai,Brandon Armstrong,TV Personality,California,United States,41,29,Withdrew,9,6,6,6,,6,6,6,,7,7,8,,7,7,7,,8,8,8,,8,8,9,,8,9,8,,0,0,0,,0,0,0,,0,0,0,,0,0,0,,18.0,6.0,18.0,6.0,22.0,4.0,21.0,10.0,24.0,5.0,25.0,6.0,25.0,8.0,,,,,,,,,7,9.02222222222222,4.293333333333334,10.923469387755105,3.9763313609467463,8.409722222222221,8.049586776859506,4.0,3.4374750075000002,5.38782858122449,0.5833333333333334,0.421875,5.318652475036087,False,6.428571428571429,9.0,7,-2.571428571428571,False,21.857142857142858,5.318652475036087
Martin Kove,Britt Stewart,Actor/Actress,New York,United States,75,30,Eliminated Week 2,15,4,3,3,3,4,3,4,4,0,0,0,,0,0,0,0,0,0,0,0,0,0,0,0,0,0,0,0,0,0,0,0,0,0,0,0,0,0,0,0,,,,,13.0,15.0,15.0,15.0,,,,,,,,,,,,,,,,,,,2,13.840000000000003,16.088888888888885,3.6326530612244903,8.571005917159763,10.363636363636363,6.239999999999999,8.888888888888891,13.0,2.722222222222222,0.6875,,8.403479534202063,False,15.0,15.0,2,0.0,False,14.0,8.403479534202063
Brian Austin Green,Sharna Burgess,Actor/Actress,California,United States,48,30,Eliminated Week 4,13,6,6,6,6,6,5,6,6,7,6,6,,6.5,6,7,6.5,0,0,0,0,0,0,0,0,0,0,0,0,0,0,0,0,0,0,0,0,0,0,0,0,,,,,24.0,9.0,23.0,13.0,19.0,12.0,26.0,13.0,,,,,,,,,,,,,,,4,13.840000000000003,16.088888888888885,3.6326530612244903,8.571005917159763,10.363636363636363,6.239999999999999,8.888888888888891,13.0,2.722222222222222,0.6875,,8.403479534202063,False,11.75,13.0,4,-1.25,False,23.0,8.403479534202063
Melora Hardin,Artem Chigvintsev,Actor/Actress,Texas,United States,54,30,Eliminated Week 9,6,7,6,7,6,7,6,7,7,8,7,8,,9,9.5,9,9,9,9,9,9,8,9,8,9,9.5,9.5,9.5,9.5,10.5,10.5,10.5,10.5,8.5,9.5,9,9,0,0,0,0,,,,,26.0,5.0,27.0,5.0,23.0,4.0,36.5,1.0,36.0,3.0,34.0,8.0,38.0,3.0,42.0,1.0,36.0,5.0,,,,,9,13.840000000000003,16.088888888888885,3.6326530612244903,8.571005917159763,10.363636363636363,6.239999999999999,8.888888888888891,13.0,2.722222222222222,0.6875,,8.403479534202063,False,3.888888888888889,6.0,9,-2.111111111111111,False,33.166666666666664,8.403479534202063
Matt James,Lindsay Arnold,Athlete,North Carolina,United States,29,30,Eliminated Week 4,12,6,6,6,6,5,5,6,6,7,6,7,,7,6.5,7.5,7.5,0,0,0,0,0,0,0,0,0,0,0,0,0,0,0,0,0,0,0,0,0,0,0,0,,,,,24.0,9.0,22.0,14.0,20.0,10.0,28.5,12.0,,,,,,,,,,,,,,,4,13.840000000000003,16.088888888888885,3.6326530612244903,8.571005917159763,10.363636363636363,6.239999999999999,8.888888888888891,13.0,2.722222222222222,0.6875,,8.403479534202063,False,11.25,12.0,4,-0.75,False,23.625,8.403479534202063
"Mike ""The Miz"" Mizanin",Witney Carson,Athlete,Ohio,United States,40,30,Eliminated Week 7,9,6,6,6,6,7,5,7,7,7,7,8,,8.5,7.5,8.5,8,8,8,8,8,9,8,9,8,8,8,8,8,0,0,0,0,0,0,0,0,0,0,0,0,,,,,24.0,9.0,26.0,8.0,22.0,5.0,32.5,7.0,32.0,9.0,34.0,8.0,32.0,9.0,,,,,,,,,7,13.840000000000003,16.088888888888885,3.6326530612244903,8.571005917159763,10.363636363636363,6.239999999999999,8.888888888888891,13.0,2.722222222222222,0.6875,,8.403479534202063,False,7.857142857142857,9.0,7,-1.1428571428571432,False,28.928571428571427,8.403479534202063
Suni Lee,Sasha Farber,Athlete,Minnesota,United States,18,30,Eliminated Week 9,5,7,7,7,7,7,7,7,7,7,7,7,,8.5,8,9,8.5,9,9,9,9,9,9,9,9,8.25,8.25,8.25,9.25,10.5,10.5,10.5,10.5,10,9,9.5,9,0,0,0,0,,,,,28.0,2.0,28.0,4.0,21.0,7.0,34.0,4.0,36.0,3.0,36.0,5.0,34.0,6.0,42.0,1.0,37.5,3.0,,,,,9,13.840000000000003,16.088888888888885,3.6326530612244903,8.571005917159763,10.363636363636363,6.239999999999999,8.888888888888891,13.0,2.722222222222222,0.6875,,8.403479534202063,False,3.888888888888889,5.0,9,-1.1111111111111112,False,32.94444444444444,8.403479534202063
Iman Shumpert,Daniella Karagach,Athlete,Illinois,United States,31,30,1st Place,1,7,4,5,5,7,6,6,6,7,6,6,,8.5,6.5,8.5,8,7,7,7,7,10,10,10,10,9.5,7.5,8.5,8.5,9,8,9,9,9.5,9,10,9,10,10,10,10,,,,,21.0,14.0,25.0,9.0,19.0,12.0,31.5,9.0,28.0,11.0,40.0,1.0,34.0,6.0,35.0,7.0,37.5,3.0,40.0,1.0,,,10,13.840000000000003,16.088888888888885,3.6326530612244903,8.571005917159763,10.363636363636363,6.239999999999999,8.888888888888891,13.0,2.722222222222222,0.6875,,8.403479534202063,False,7.3,1.0,10,6.3,False,31.1,8.403479534202063
Cody Rigsby,Cheryl Burke,Fitness Instructor,California,United States,34,30,3rd Place,3,6,6,6,6,6,6,6,6,6,6,6,,7.5,6.5,7.5,7.5,8,8,8,8,9,9,9,9,8.5,8.5,9.5,9.5,10,10,9,9,9,9,8.5,9,9.5,9.5,9.5,9.5,,,,,24.0,9.0,24.0,10.0,18.0,14.0,29.0,11.0,32.0,9.0,36.0,5.0,36.0,5.0,38.0,5.0,35.5,6.0,38.0,4.0,,,10,13.840000000000003,16.088888888888885,3.6326530612244903,8.571005917159763,10.363636363636363,6.239999999999999,8.888888888888891,13.0,2.722222222222222,0.6875,,8.403479534202063,False,7.8,3.0,10,4.8,False,31.05,8.403479534202063
Melanie C,Gleb Savchenko,Singer/Rapper,,England,47,30,Eliminated Week 5,11,7,7,6,7,7,7,8,8,7,7,8,,8,8,8.5,8.5,9,9,9,9,0,0,0,0,0,0,0,0,0,0,0,0,0,0,0,0,0,0,0,0,,,,,27.0,4.0,30.0,3.0,22.0,5.0,33.0,6.0,36.0,3.0,,,,,,,,,,,,,5,13.840000000000003,16.088888888888885,3.6326530612244903,8.571005917159763,10.363636363636363,6.239999999999999,8.888888888888891,13.0,2.722222222222222,0.6875,,8.403479534202063,False,4.2,11.0,5,-6.8,False,29.6,8.403479534202063
Jimmie Allen,Emma Slater,Singer/Rapper,Delaware,United States,36,30,Eliminated Week 8,7,6,5,6,5,7,6,7,7,6,6,8,,8.5,7.5,8.5,8,8,8,9,9,10,9,10,9,9,9,10,10,8,8,8,8,0,0,0,0,0,0,0,0,,,,,22.0,13.0,27.0,5.0,20.0,10.0,32.5,7.0,34.0,8.0,38.0,3.0,38.0,3.0,32.0,8.0,,,,,,,8,13.840000000000003,16.088888888888885,3.6326530612244903,8.571005917159763,10.363636363636363,6.239999999999999,8.888888888888891,13.0,2.722222222222222,0.6875,,8.403479534202063,False,7.125,7.0,8,0.125,False,30.4375,8.403479534202063
Olivia Jade,Valentin Chmerkovskiy,Social Media Personality,California,United States,21,30,Eliminated Week 8,8,7,6,6,6,7,6,7,7,8,8,8,,8,9,9,9,9,9,9,9,9,9,9,9,11,9,11,11,9,9,9,9,0,0,0,0,0,0,0,0,,,,,25.0,7.0,27.0,5.0,24.0,1.0,35.0,2.0,36.0,3.0,36.0,5.0,42.0,1.0,36.0,6.0,,,,,,,8,13.840000000000003,16.088888888888885,3.6326530612244903,8.571005917159763,10.363636363636363,6.239999999999999,8.888888888888891,13.0,2.722222222222222,0.6875,,8.403479534202063,False,3.75,8.0,8,-4.25,False,32.625,8.403479534202063
JoJo Siwa,Jenna Johnson,Social Media Personality,Nebraska,United States,18,30,2nd Place,2,8,7,7,7,8,8,7,8,8,8,8,,8.5,8.5,9,9,10,10,10,10,10,10,10,10,10,9,10,10,10.5,9.5,10.5,10.5,10,10,10,10,10,10,10,10,,,,,29.0,1.0,31.0,2.0,24.0,1.0,35.0,2.0,40.0,1.0,40.0,1.0,39.0,2.0,41.0,4.0,40.0,1.0,40.0,1.0,,,10,13.840000000000003,16.088888888888885,3.6326530612244903,8.571005917159763,10.363636363636363,6.239999999999999,8.888888888888891,13.0,2.722222222222222,0.6875,,8.403479534202063,False,1.6,2.0,10,-0.3999999999999999,False,35.9,8.403479534202063
Christine Chiu,Pasha Pashkov,TV Personality,,Taiwan China,38,30,Eliminated Week 3,14,6,7,6,6,6,6,6,6,7,7,7,,0,0,0,0,0,0,0,0,0,0,0,0,0,0,0,0,0,0,0,0,0,0,0,0,0,0,0,0,,,,,25.0,7.0,24.0,10.0,21.0,7.0,,,,,,,,,,,,,,,,,3,13.840000000000003,16.088888888888885,3.6326530612244903,8.571005917159763,10.363636363636363,6.239999999999999,8.888888888888891,13.0,2.722222222222222,0.6875,,8.403479534202063,False,8.0,14.0,3,-6.0,False,23.333333333333332,8.403479534202063
Kenya Moore,Brandon Armstrong,TV Personality,Michigan,United States,50,30,Eliminated Week 6,10,7,6,6,7,6,6,6,6,7,7,7,,7,7,8,7.5,9,9,9,9,8,8,8,8,0,0,0,0,0,0,0,0,0,0,0,0,0,0,0,0,,,,,26.0,5.0,24.0,10.0,21.0,7.0,29.5,10.0,36.0,3.0,32.0,10.0,,,,,,,,,,,6,13.840000000000003,16.088888888888885,3.6326530612244903,8.571005917159763,10.363636363636363,6.239999999999999,8.888888888888891,13.0,2.722222222222222,0.6875,,8.403479534202063,False,7.5,10.0,6,-2.5,False,28.083333333333332,8.403479534202063
Amanda Kloots,Alan Bersten,TV Personality,Ohio,United States,39,30,4th Place,4,7,7,7,7,8,8,8,8,8,8,8,,8.5,8.5,8.5,8.5,10,10,9,10,9,9,10,10,8.25,8.25,8.25,9.25,10.5,10.5,10.5,10.5,9.5,10,10,10,9.5,10,9.5,10,,,,,28.0,2.0,32.0,1.0,24.0,1.0,34.0,4.0,39.0,2.0,38.0,3.0,34.0,6.0,42.0,1.0,39.5,2.0,39.0,3.0,,,10,13.840000000000003,16.088888888888885,3.6326530612244903,8.571005917159763,10.363636363636363,6.239999999999999,8.888888888888891,13.0,2.722222222222222,0.6875,,8.403479534202063,False,2.5,4.0,10,-1.5,False,34.95,8.403479534202063
Jason Lewis,Peta Murgatroyd,Actor/Actress,California,United States,51,31,Eliminated Week 1,16,5,4,4,5,0,0,0,0,0,0,0,0,0,0,0,0,0,0,0,0,0,0,0,0,0,0,0,0,0,0,0,0,0,0,0,0,0,0,0,0,,,,,18.0,15.0,,,,,,,,,,,,,,,,,,,,,1,18.859375,10.248888888888887,10.88265306122449,11.786982248520712,10.588541666666666,9.05,5.111111111111111,24.6875,7.38888888888889,1.0,,10.960394086530076,False,15.0,16.0,1,-1.0,False,18.0,10.960394086530076
Cheryl Ladd,Louis van Amstel,Actor/Actress,South Dakota,United States,71,31,Eliminated Week 3,14,6,5,5,5,5,6,5,5,6,6,6,6,0,0,0,0,0,0,0,0,0,0,0,0,0,0,0,0,0,0,0,0,0,0,0,0,0,0,0,0,,,,,21.0,10.0,21.0,15.0,24.0,13.0,,,,,,,,,,,,,,,,,3,18.859375,10.248888888888887,10.88265306122449,11.786982248520712,10.588541666666666,9.05,5.111111111111111,24.6875,7.38888888888889,1.0,,10.960394086530076,False,12.666666666666666,14.0,3,-1.333333333333334,False,22.0,10.960394086530076
Selma Blair,Sasha Farber,Actor/Actress,Michigan,United States,50,31,Withdrew,12,7,7,7,7,7,7,7,7,7,7,7,7,8,8,8,8,10,10,10,10,0,0,0,0,0,0,0,0,0,0,0,0,0,0,0,0,0,0,0,0,,,,,28.0,3.0,28.0,6.0,28.0,9.0,32.0,6.0,40.0,4.0,,,,,,,,,,,,,5,18.859375,10.248888888888887,10.88265306122449,11.786982248520712,10.588541666666666,9.05,5.111111111111111,24.6875,7.38888888888889,1.0,,10.960394086530076,False,5.6,12.0,5,-6.4,False,31.2,10.960394086530076
Joseph Baena,Daniella Karagach,Actor/Actress,California,United States,24,31,Eliminated Week 5,11,6,5,6,6,6,6,6,6,8,7,7,7,7,7,7,7,9,8.5,9,8.5,0,0,0,0,0,0,0,0,0,0,0,0,0,0,0,0,0,0,0,0,,,,,23.0,9.0,24.0,13.0,29.0,7.0,28.0,11.0,35.0,10.0,,,,,,,,,,,,,5,18.859375,10.248888888888887,10.88265306122449,11.786982248520712,10.588541666666666,9.05,5.111111111111111,24.6875,7.38888888888889,1.0,,10.960394086530076,False,10.0,11.0,5,-1.0,False,27.8,10.960394086530076
Trevor Donovan,Emma Slater,Actor/Actress,California,United States,39,31,Eliminated Week 9,6,5,5,5,6,7,7,8,8,7,6,7,7,7,7,7,7,9,9,9,9,9,8,8,9,10,9,10,10,9.25,10.25,9.25,10.25,8.5,8,8,8,0,0,0,0,,,,,21.0,10.0,30.0,4.0,27.0,10.0,28.0,11.0,36.0,7.0,34.0,5.0,39.0,1.0,39.0,5.0,32.5,6.0,,,,,9,18.859375,10.248888888888887,10.88265306122449,11.786982248520712,10.588541666666666,9.05,5.111111111111111,24.6875,7.38888888888889,1.0,,10.960394086530076,False,6.555555555555555,6.0,9,0.5555555555555554,False,31.833333333333332,10.960394086530076
Daniel Durant,Britt Stewart,Actor/Actress,Michigan,United States,32,31,Eliminated Week 9,5,7,6,7,7,7,7,7,8,8,7,8,8,7,7,7,8,8.125,8.125,8.625,8.625,9,8,8,9,9,8.5,9.5,9.5,10,9,10,10,9,8,9,8.5,0,0,0,0,,,,,27.0,6.0,29.0,5.0,31.0,5.0,29.0,9.0,33.5,11.0,34.0,5.0,36.5,4.0,39.0,5.0,34.5,5.0,,,,,9,18.859375,10.248888888888887,10.88265306122449,11.786982248520712,10.588541666666666,9.05,5.111111111111111,24.6875,7.38888888888889,1.0,,10.960394086530076,False,6.111111111111111,5.0,9,1.1111111111111107,False,32.611111111111114,10.960394086530076
Wayne Brady,Witney Carson,Comedian,Georgia,United States,50,31,3rd Place,3,7,7,7,8,8,8,8,8,8,8,8,9,9,9,9,9,10.125,10.125,10.125,10.625,8,9,8,9,9.5,9,9.5,10,11.25,11.25,11.25,11.25,9.5,9,9,9,9.5,9.5,9.5,9.5,,,,,29.0,2.0,32.0,1.0,33.0,1.0,36.0,1.0,41.0,2.0,34.0,5.0,38.0,3.0,45.0,1.0,36.5,3.0,38.0,3.0,,,10,18.859375,10.248888888888887,10.88265306122449,11.786982248520712,10.588541666666666,9.05,5.111111111111111,24.6875,7.38888888888889,1.0,,10.960394086530076,False,2.2,3.0,10,-0.7999999999999998,False,36.25,10.960394086530076
Sam Champion,Cheryl Burke,News Anchor,Kentucky,United States,61,31,Eliminated Week 4,13,5,5,5,5,6,6,7,7,6,6,6,7,7,6,6,6,0,0,0,0,0,0,0,0,0,0,0,0,0,0,0,0,0,0,0,0,0,0,0,0,,,,,20.0,12.0,26.0,11.0,25.0,12.0,25.0,13.0,,,,,,,,,,,,,,,4,18.859375,10.248888888888887,10.88265306122449,11.786982248520712,10.588541666666666,9.05,5.111111111111111,24.6875,7.38888888888889,1.0,,10.960394086530076,False,12.0,13.0,4,-1.0,False,24.0,10.960394086530076
Jessie James Decker,Alan Bersten,Singer/Rapper,,Italy,34,31,Eliminated Week 6,10,5,5,5,5,7,6,6,6,6,6,7,7,8,7,8,8,8.875,8.875,9.375,8.875,8,8,8,8,0,0,0,0,0,0,0,0,0,0,0,0,0,0,0,0,,,,,20.0,12.0,25.0,12.0,26.0,11.0,31.0,8.0,36.0,7.0,32.0,9.0,,,,,,,,,,,6,18.859375,10.248888888888887,10.88265306122449,11.786982248520712,10.588541666666666,9.05,5.111111111111111,24.6875,7.38888888888889,1.0,,10.960394086530076,False,9.833333333333334,10.0,6,-0.16666666666666607,False,28.333333333333332,10.960394086530076
Jordin Sparks,Brandon Armstrong,Singer/Rapper,Arizona,United States,32,31,Eliminated Week 7,9,7,6,6,7,7,6,7,7,7,7,7,8,9,8,8,9,8.875,8.375,8.875,9.375,9,8,8,9,8.5,9,8.5,8.5,0,0,0,0,0,0,0,0,0,0,0,0,,,,,26.0,7.0,27.0,9.0,29.0,7.0,34.0,4.0,35.5,9.0,34.0,5.0,34.5,8.0,,,,,,,,,7,18.859375,10.248888888888887,10.88265306122449,11.786982248520712,10.588541666666666,9.05,5.111111111111111,24.6875,7.38888888888889,1.0,,10.960394086530076,False,7.0,9.0,7,-2.0,False,31.428571428571427,10.960394086530076
Heidi D'Amelio,Artem Chigvintsev,Social Media Personality,Louisiana,United States,50,31,Eliminated Week 8,8,6,6,6,6,7,7,7,7,8,8,8,8,9,8,8,9,9.625,10.125,9.625,9.625,9,9,9,9,8.5,9,9,8.5,9,8,9,9,0,0,0,0,0,0,0,0,,,,,24.0,8.0,28.0,6.0,32.0,4.0,34.0,4.0,39.0,5.0,36.0,3.0,35.0,7.0,35.0,7.0,,,,,,,8,18.859375,10.248888888888887,10.88265306122449,11.786982248520712,10.588541666666666,9.05,5.111111111111111,24.6875,7.38888888888889,1.0,,10.960394086530076,False,5.5,8.0,8,-2.5,False,32.875,10.960394086530076
Charli D'Amelio,Mark Ballas,Social Media Personality,Connecticut,United States,18,31,1st Place,1,8,8,8,8,8,8,8,8,8,8,8,9,9,9,9,9,10.375,10.375,10.375,10.875,10,10,10,10,9.5,9.5,10,10,11.25,11.25,11.25,11.25,10,10,10,10,10,10,10,10,,,,,32.0,1.0,32.0,1.0,33.0,1.0,36.0,1.0,42.0,1.0,40.0,1.0,39.0,1.0,45.0,1.0,40.0,1.0,40.0,1.0,,,10,18.859375,10.248888888888887,10.88265306122449,11.786982248520712,10.588541666666666,9.05,5.111111111111111,24.6875,7.38888888888889,1.0,,10.960394086530076,False,1.0,1.0,10,0.0,False,37.9,10.960394086530076
Teresa Giudice,Pasha Pashkov,TV Personality,New Jersey,United States,50,31,Eliminated Week 2,15,5,5,5,5,6,5,6,6,0,0,0,0,0,0,0,0,0,0,0,0,0,0,0,0,0,0,0,0,0,0,0,0,0,0,0,0,0,0,0,0,,,,,20.0,12.0,23.0,14.0,,,,,,,,,,,,,,,,,,,2,18.859375,10.248888888888887,10.88265306122449,11.786982248520712,10.588541666666666,9.05,5.111111111111111,24.6875,7.38888888888889,1.0,,10.960394086530076,False,13.0,15.0,2,-2.0,False,21.5,10.960394086530076
Vinny Guadagnino,Koko Iwasaki,TV Personality,New York,United States,34,31,Eliminated Week 8,7,4,4,5,4,7,6,7,7,6,5,6,6,8,7,7,7,7.75,7.75,7.75,7.75,7,7,7,7,7.5,8,8,8,8,7,7,7,0,0,0,0,0,0,0,0,,,,,17.0,16.0,27.0,9.0,23.0,14.0,29.0,9.0,31.0,12.0,28.0,10.0,31.5,9.0,29.0,8.0,,,,,,,8,18.859375,10.248888888888887,10.88265306122449,11.786982248520712,10.588541666666666,9.05,5.111111111111111,24.6875,7.38888888888889,1.0,,10.960394086530076,False,10.875,7.0,8,3.875,False,26.9375,10.960394086530076
Shangela,Gleb Savchenko,TV Personality,Texas,United States,40,31,4th Place,4,7,7,7,7,7,7,7,7,8,7,7,8,8,8,8,8,9.75,9.25,9.75,9.75,9,9,9,9,9,9.5,9,9,11.25,10.25,10.25,10.25,9.5,9,9,9,9.5,9.5,9.5,9.5,,,,,28.0,3.0,28.0,6.0,30.0,6.0,32.0,6.0,38.5,6.0,36.0,3.0,36.5,4.0,42.0,3.0,36.5,3.0,38.0,3.0,,,10,18.859375,10.248888888888887,10.88265306122449,11.786982248520712,10.588541666666666,9.05,5.111111111111111,24.6875,7.38888888888889,1.0,,10.960394086530076,False,4.3,4.0,10,0.2999999999999998,False,34.55,10.960394086530076
Gabby Windey,Valentin Chmerkovskiy,TV Personality,Illinois,United States,31,31,2nd Place,2,7,7,7,7,8,8,8,8,8,8,8,9,9,9,9,9,10.25,10.25,10.25,10.25,9,9,9,10,9,9,8.5,9,10,10,10,10,10,10,10,10,10,10,10,10,,,,,28.0,3.0,32.0,1.0,33.0,1.0,36.0,1.0,41.0,2.0,37.0,2.0,35.5,6.0,40.0,4.0,40.0,1.0,40.0,1.0,,,10,18.859375,10.248888888888887,10.88265306122449,11.786982248520712,10.588541666666666,9.05,5.111111111111111,24.6875,7.38888888888889,1.0,,10.960394086530076,False,2.2,2.0,10,0.20000000000000018,False,36.25,10.960394086530076
Jamie Lynn Spears,Alan Bersten,Actor/Actress,Mississippi,United States,32,32,Eliminated Week 2,13,5,5,5,,6,5,5,,0,0,0,0,0,0,0,,0,0,0,,0,0,0,0,0,0,0,0,0,0,0,0,0,0,0,0,0,0,0,,0,0,0,,15.0,9.0,16.0,9.0,,,,,,,,,,,,,,,,,,,2,11.392857142857142,12.366863905325443,21.743055555555557,7.785123966942149,9.0,19.28395061728395,3.375,19.26530612244898,21.13888888888889,2.5,1.7399999999999998,11.781004199936554,False,9.0,13.0,2,-4.0,False,15.5,11.781004199936554
Mira Sorvino,Gleb Savchenko,Actor/Actress,New York,United States,55,32,Eliminated Week 5,10,6,5,6,,6,6,6,,6,6,7,7,7,7,7,,7,8,7,,0,0,0,0,0,0,0,0,0,0,0,0,0,0,0,0,0,0,0,,0,0,0,,17.0,7.0,18.0,7.0,26.0,6.0,21.0,6.0,22.0,8.0,,,,,,,,,,,,,5,11.392857142857142,12.366863905325443,21.743055555555557,7.785123966942149,9.0,19.28395061728395,3.375,19.26530612244898,21.13888888888889,2.5,1.7399999999999998,11.781004199936554,False,6.8,10.0,5,-3.2,False,20.8,11.781004199936554
Barry Williams,Peta Murgatroyd,Actor/Actress,California,United States,68,32,Eliminated Week 8,7,6,5,5,,5,5,5,,6,6,7,6,6,6,6,,8,8,8,,8.25,7.25,8.25,8.25,8,8,8.5,8,8.75,8.75,8.75,8.75,0,0,0,0,0,0,0,,0,0,0,,16.0,8.0,15.0,10.0,25.0,7.0,18.0,10.0,24.0,4.0,32.0,7.0,32.5,7.0,35.0,5.0,,,,,,,8,11.392857142857142,12.366863905325443,21.743055555555557,7.785123966942149,9.0,19.28395061728395,3.375,19.26530612244898,21.13888888888889,2.5,1.7399999999999998,11.781004199936554,False,7.25,7.0,8,0.25,False,24.6875,11.781004199936554
Alyson Hannigan,Sasha Farber,Actor/Actress,Washington D.C.,United States,49,32,5th Place,5,5,4,4,,7,6,6,,6,6,6,6,6,6,6,,7,7,7,,7.5,7.5,7.5,8.5,8.5,8.5,9.5,8.5,8.75,8.75,9.75,8.75,7.75,7.75,8.75,7.75,8.5,8.5,8.5,,9,8.5,9,,13.0,11.0,19.0,6.0,24.0,8.0,18.0,10.0,21.0,9.0,31.0,8.0,35.0,6.0,36.0,4.0,32.0,5.0,25.5,5.0,26.5,5.0,11,11.392857142857142,12.366863905325443,21.743055555555557,7.785123966942149,9.0,19.28395061728395,3.375,19.26530612244898,21.13888888888889,2.5,1.7399999999999998,11.781004199936554,False,7.0,5.0,11,2.0,False,25.545454545454547,11.781004199936554
Xochitl Gomez,Valentin Chmerkovskiy,Actor/Actress,California,United States,17,32,1st Place,1,6,6,6,,8,8,8,,8,8,8,8,9,9,9,,9,10,9,,10.25,10.25,11.25,10.25,9.5,9,9.5,9,10,10,10,10,9.75,9.75,10.75,10.75,10,10,10,,10,10,10,,18.0,5.0,24.0,1.0,32.0,3.0,27.0,1.0,28.0,1.0,42.0,1.0,37.0,1.0,40.0,2.0,41.0,2.0,30.0,1.0,30.0,1.0,11,11.392857142857142,12.366863905325443,21.743055555555557,7.785123966942149,9.0,19.28395061728395,3.375,19.26530612244898,21.13888888888889,2.5,1.7399999999999998,11.781004199936554,False,1.7272727272727273,1.0,11,0.7272727272727273,False,31.727272727272727,11.781004199936554
Adrian Peterson,Britt Stewart,Athlete,Texas,United States,38,32,Eliminated Week 4,11,6,6,6,,5,5,5,,5,5,6,6,7,7,7,,0,0,0,,0,0,0,0,0,0,0,0,0,0,0,0,0,0,0,0,0,0,0,,0,0,0,,18.0,5.0,15.0,10.0,22.0,11.0,21.0,6.0,,,,,,,,,,,,,,,4,11.392857142857142,12.366863905325443,21.743055555555557,7.785123966942149,9.0,19.28395061728395,3.375,19.26530612244898,21.13888888888889,2.5,1.7399999999999998,11.781004199936554,False,8.0,11.0,4,-3.0,False,19.0,11.781004199936554
Matt Walsh,Koko Iwasaki,Comedian,Illinois,United States,58,32,Eliminated Week 1,14,4,4,4,,0,0,0,,0,0,0,0,0,0,0,,0,0,0,,0,0,0,0,0,0,0,0,0,0,0,0,0,0,0,0,0,0,0,,0,0,0,,12.0,12.0,,,,,,,,,,,,,,,,,,,,,1,11.392857142857142,12.366863905325443,21.743055555555557,7.785123966942149,9.0,19.28395061728395,3.375,19.26530612244898,21.13888888888889,2.5,1.7399999999999998,11.781004199936554,False,12.0,14.0,1,-2.0,False,12.0,11.781004199936554
Tyson Beckford,Jenna Johnson,Model,New York,United States,52,32,Eliminated Week 3,12,4,4,4,,6,6,6,,5,5,5,5,0,0,0,,0,0,0,,0,0,0,0,0,0,0,0,0,0,0,0,0,0,0,0,0,0,0,,0,0,0,,12.0,12.0,18.0,7.0,20.0,12.0,,,,,,,,,,,,,,,,,3,11.392857142857142,12.366863905325443,21.743055555555557,7.785123966942149,9.0,19.28395061728395,3.375,19.26530612244898,21.13888888888889,2.5,1.7399999999999998,11.781004199936554,False,10.333333333333334,12.0,3,-1.666666666666666,False,16.666666666666668,11.781004199936554
Jason Mraz,Daniella Karagach,Singer/Rapper,Virginia,United States,46,32,2nd Place,2,7,7,7,,8,8,8,,9,8,9,8,8,8,8,,9,9,9,,9.75,9.75,9.75,9.75,8.5,8.5,10,9,8,9,8,8,10.75,10.75,10.75,10.75,9.5,9.5,9.5,,10,10,10,,21.0,2.0,24.0,1.0,34.0,1.0,24.0,3.0,27.0,3.0,39.0,3.0,36.0,4.0,33.0,6.0,43.0,1.0,28.5,4.0,30.0,1.0,11,11.392857142857142,12.366863905325443,21.743055555555557,7.785123966942149,9.0,19.28395061728395,3.375,19.26530612244898,21.13888888888889,2.5,1.7399999999999998,11.781004199936554,False,2.6363636363636362,2.0,11,0.6363636363636362,False,30.863636363636363,11.781004199936554
Lele Pons,Brandon Armstrong,Social Media Personality,,Venezuela,27,32,Eliminated Week 7,8,6,7,6,,7,7,7,,7,6,7,7,7,7,8,,8,8,8,,9,9,9,10,9.5,9,9,9,0,0,0,0,0,0,0,0,0,0,0,,0,0,0,,19.0,4.0,21.0,3.0,27.0,5.0,22.0,5.0,24.0,4.0,37.0,5.0,36.5,3.0,,,,,,,,,7,11.392857142857142,12.366863905325443,21.743055555555557,7.785123966942149,9.0,19.28395061728395,3.375,19.26530612244898,21.13888888888889,2.5,1.7399999999999998,11.781004199936554,False,4.142857142857143,8.0,7,-3.8571428571428568,False,26.642857142857142,11.781004199936554
Harry Jowsey,Rylee Arnold,TV Personality,,Australia,26,32,Eliminated Week 9,6,4,4,4,,5,5,5,,6,5,7,6,7,7,7,,6,6,6,,7.25,7.25,7.25,7.25,8,8,8,8,7,7,7,7,8,7,8,7,0,0,0,,0,0,0,,12.0,12.0,15.0,10.0,24.0,8.0,21.0,6.0,18.0,10.0,29.0,9.0,32.0,8.0,28.0,7.0,30.0,6.0,,,,,9,11.392857142857142,12.366863905325443,21.743055555555557,7.785123966942149,9.0,19.28395061728395,3.375,19.26530612244898,21.13888888888889,2.5,1.7399999999999998,11.781004199936554,False,8.444444444444445,6.0,9,2.4444444444444446,False,23.22222222222222,11.781004199936554
Mauricio Umansky,Emma Slater,TV Personality,,Mexico,53,32,Eliminated Week 6,9,5,5,5,,4,4,4,,7,5,6,5,7,6,6,,8,8,8,,8.5,8.5,7.5,8.5,0,0,0,0,0,0,0,0,0,0,0,0,0,0,0,,0,0,0,,15.0,9.0,12.0,13.0,23.0,10.0,19.0,9.0,24.0,4.0,33.0,6.0,,,,,,,,,,,6,11.392857142857142,12.366863905325443,21.743055555555557,7.785123966942149,9.0,19.28395061728395,3.375,19.26530612244898,21.13888888888889,2.5,1.7399999999999998,11.781004199936554,False,8.5,9.0,6,-0.5,False,21.0,11.781004199936554
Charity Lawson,Artem Chigvintsev,TV Personality,Georgia,United States,27,32,4th Place,4,7,7,8,,7,7,7,,8,8,8,8,8,8,8,,10,9,9,,9.75,9.75,8.75,9.75,9,9,9,9,9.75,9.75,9.75,9.75,9,10,9,10,10,9.5,10,,9.5,10,10,,22.0,1.0,21.0,3.0,32.0,3.0,24.0,3.0,28.0,1.0,38.0,4.0,36.0,4.0,39.0,3.0,38.0,3.0,29.5,2.0,29.5,3.0,11,11.392857142857142,12.366863905325443,21.743055555555557,7.785123966942149,9.0,19.28395061728395,3.375,19.26530612244898,21.13888888888889,2.5,1.7399999999999998,11.781004199936554,False,2.727272727272727,4.0,11,-1.272727272727273,False,30.636363636363637,11.781004199936554
Ariana Madix,Pasha Pashkov,TV Personality,Florida,United States,38,32,3rd Place,3,7,7,7,,6,7,7,,9,8,9,8,8,9,8,,8,8,8,,10,10,10,11,9,9,10,9,9.75,10.75,10.75,10.75,9,9,9,10,9.5,9.5,10,,9.5,10,10,,21.0,2.0,20.0,5.0,34.0,1.0,25.0,2.0,24.0,4.0,41.0,2.0,37.0,1.0,42.0,1.0,37.0,4.0,29.0,3.0,29.5,3.0,11,11.392857142857142,12.366863905325443,21.743055555555557,7.785123966942149,9.0,19.28395061728395,3.375,19.26530612244898,21.13888888888889,2.5,1.7399999999999998,11.781004199936554,False,2.5454545454545454,3.0,11,-0.4545454545454546,False,30.863636363636363,11.781004199936554
Tori Spelling,Pasha Pashkov,Actor/Actress,California,United States,51,33,Eliminated Week 2,12,6,6,5,,7,6,6,,0,0,0,0,0,0,0,0,0,0,0,,0,0,0,,0,0,0,,0,0,0,,0,0,0,,,,,,,,,,17.0,11.0,19.0,9.0,,,,,,,,,,,,,,,,,,,2,5.076923076923077,7.053254437869824,17.12809917355372,4.222222222222222,1.125,7.387755102040816,3.4722222222222228,1.1,0.5399999999999999,,,5.233941803870208,False,10.0,12.0,2,-2.0,False,18.0,5.233941803870208
Eric Roberts,Britt Stewart,Actor/Actress,California,United States,68,33,Eliminated Week 3,10,5,5,5,,6,4,5,,6.5,5.5,5.5,5.5,0,0,0,0,0,0,0,,0,0,0,,0,0,0,,0,0,0,,0,0,0,,,,,,,,,,15.0,13.0,15.0,12.0,23.0,10.0,,,,,,,,,,,,,,,,,3,5.076923076923077,7.053254437869824,17.12809917355372,4.222222222222222,1.125,7.387755102040816,3.4722222222222228,1.1,0.5399999999999999,,,5.233941803870208,False,11.666666666666666,10.0,3,1.666666666666666,False,17.666666666666668,5.233941803870208
Reginald VelJohnson,Emma Slater,Actor/Actress,New York,United States,74,33,Eliminated Week 3,10,6,5,5,,6,4,5,,6,5,5,5,0,0,0,0,0,0,0,,0,0,0,,0,0,0,,0,0,0,,0,0,0,,,,,,,,,,16.0,12.0,15.0,12.0,21.0,11.0,,,,,,,,,,,,,,,,,3,5.076923076923077,7.053254437869824,17.12809917355372,4.222222222222222,1.125,7.387755102040816,3.4722222222222228,1.1,0.5399999999999999,,,5.233941803870208,False,11.666666666666666,10.0,3,1.666666666666666,False,17.333333333333332,5.233941803870208
Chandler Kinney,Brandon Armstrong,Actor/Actress,California,United States,24,33,3rd Place,3,8,7,8,,8,8,8,,8.5,8.5,9,8.5,8,8,8,8,9,9,9,,10,11,11,,10,10,10,,9.5,9.5,10,,10,10,10,,,,,,,,,,23.0,1.0,24.0,1.0,34.5,2.0,32.0,4.0,27.0,1.0,32.0,1.0,30.0,1.0,29.0,1.0,30.0,1.0,,,,,9,5.076923076923077,7.053254437869824,17.12809917355372,4.222222222222222,1.125,7.387755102040816,3.4722222222222228,1.1,0.5399999999999999,,,5.233941803870208,False,1.4444444444444444,3.0,9,-1.5555555555555556,False,29.055555555555557,5.233941803870208
Dwight Howard ,Daniella Karagach,Athlete,Georgia,United States,38,33,Eliminated Week 7,6,8,7,7,,8,7,7,,7,6.5,6,6.5,7,8,7,7,8,8,8,,11,10,10,,8,8,8,,0,0,0,,0,0,0,,,,,,,,,,22.0,2.0,22.0,2.0,26.0,9.0,29.0,9.0,24.0,6.0,31.0,3.0,24.0,6.0,,,,,,,,,7,5.076923076923077,7.053254437869824,17.12809917355372,4.222222222222222,1.125,7.387755102040816,3.4722222222222228,1.1,0.5399999999999999,,,5.233941803870208,False,5.285714285714286,6.0,7,-0.7142857142857144,False,25.428571428571427,5.233941803870208
Danny Amendola,Witney Carson,Athlete,Texas,United States,39,33,5th Place,5,7,6,7,,7,7,7,,7.5,7.5,8,7,9,9,9,9,8.5,8.5,8.5,,10,9,9,,8.5,8.5,8.5,,9,9,9,,9,9.5,9.5,,,,,,,,,,20.0,5.0,21.0,5.0,30.0,6.0,36.0,1.0,25.5,4.0,28.0,5.0,25.5,5.0,27.0,4.0,28.0,5.0,,,,,9,5.076923076923077,7.053254437869824,17.12809917355372,4.222222222222222,1.125,7.387755102040816,3.4722222222222228,1.1,0.5399999999999999,,,5.233941803870208,False,4.444444444444445,5.0,9,-0.5555555555555554,False,26.77777777777778,5.233941803870208
Stephen Nedoroscik,Rylee Arnold,Athlete,Florida,United States,26,33,4th Place,4,7,7,7,,8,7,7,,8,8,7.5,7.5,8,9,8,8,8,8,8,,10,9,9,,9.5,9,8.5,,9,8.5,9,,10,9.5,10,,,,,,,,,,21.0,3.0,22.0,2.0,31.0,3.0,33.0,3.0,24.0,6.0,28.0,5.0,27.0,3.0,26.5,5.0,29.5,2.0,,,,,9,5.076923076923077,7.053254437869824,17.12809917355372,4.222222222222222,1.125,7.387755102040816,3.4722222222222228,1.1,0.5399999999999999,,,5.233941803870208,False,3.5555555555555554,4.0,9,-0.44444444444444464,False,26.88888888888889,5.233941803870208
Ilona Maher,Alan Bersten,Athlete,California,United States,28,33,2nd Place,2,6,6,6,,7,7,7,,7.5,7,7,6.5,8,8,8,8,9,8.5,8.5,,8,8,8,,9,8.5,8.5,,9.5,9.5,9.5,,9.5,9.5,9.5,,,,,,,,,,18.0,8.0,21.0,5.0,28.0,7.0,32.0,4.0,26.0,2.0,24.0,7.0,26.0,4.0,28.5,3.0,28.5,4.0,,,,,9,5.076923076923077,7.053254437869824,17.12809917355372,4.222222222222222,1.125,7.387755102040816,3.4722222222222228,1.1,0.5399999999999999,,,5.233941803870208,False,4.888888888888889,2.0,9,2.8888888888888893,False,25.77777777777778,5.233941803870208
Anna Delvey,Ezra Sosa,Con artist,,Russia,33,33,Eliminated Week 2,12,6,6,6,,6,5,6,,0,0,0,0,0,0,0,0,0,0,0,,0,0,0,,0,0,0,,0,0,0,,0,0,0,,,,,,,,,,18.0,8.0,17.0,11.0,,,,,,,,,,,,,,,,,,,2,5.076923076923077,7.053254437869824,17.12809917355372,4.222222222222222,1.125,7.387755102040816,3.4722222222222228,1.1,0.5399999999999999,,,5.233941803870208,False,9.5,12.0,2,-2.5,False,17.5,5.233941803870208
Brooks Nader,Gleb Savchenko,Model,New York,United States,27,33,Eliminated Week 4,9,6,6,6,,7,6,7,,7.5,7.5,8,7.5,8,8,8,8,0,0,0,,0,0,0,,0,0,0,,0,0,0,,0,0,0,,,,,,,,,,18.0,8.0,20.0,8.0,30.5,5.0,32.0,4.0,,,,,,,,,,,,,,,4,5.076923076923077,7.053254437869824,17.12809917355372,4.222222222222222,1.125,7.387755102040816,3.4722222222222228,1.1,0.5399999999999999,,,5.233941803870208,False,6.25,9.0,4,-2.75,False,25.125,5.233941803870208
Phaedra Parks,Val Chmerkovskiy,TV Personality,Georgia,United States,51,33,Eliminated Week 5,8,7,6,6,,7,7,7,,7.5,7.5,6,7,8,8,8,8,8,8,8,,0,0,0,,0,0,0,,0,0,0,,0,0,0,,,,,,,,,,19.0,6.0,21.0,5.0,28.0,7.0,32.0,4.0,24.0,6.0,,,,,,,,,,,,,5,5.076923076923077,7.053254437869824,17.12809917355372,4.222222222222222,1.125,7.387755102040816,3.4722222222222228,1.1,0.5399999999999999,,,5.233941803870208,False,5.6,8.0,5,-2.4000000000000004,False,24.8,5.233941803870208
Jenn Tran,Sasha Farber,TV Personality,Florida,United States,26,33,Eliminated Week 6,7,7,6,6,,6,6,7,,8,8,7,8,8,8,8,8,8.5,8.5,8.5,,11,10,10,,0,0,0,,0,0,0,,0,0,0,,,,,,,,,,19.0,6.0,19.0,9.0,31.0,3.0,32.0,4.0,25.5,4.0,31.0,3.0,,,,,,,,,,,6,5.076923076923077,7.053254437869824,17.12809917355372,4.222222222222222,1.125,7.387755102040816,3.4722222222222228,1.1,0.5399999999999999,,,5.233941803870208,False,4.833333333333333,7.0,6,-2.166666666666667,False,26.25,5.233941803870208
Joey Graziadei,Jenna Johnson,TV Personality,Louisiana,United States,29,33,1st Place,1,7,7,7,,8,7,7,,9,9,8.5,8.5,9,9,9,9,8.5,8.5,9,,11,10,11,,9,9.5,9,,9.5,10,9.5,,9.5,10,10,,,,,,,,,,21.0,3.0,22.0,2.0,35.0,1.0,36.0,1.0,26.0,2.0,32.0,1.0,27.5,2.0,29.0,1.0,29.5,2.0,,,,,9,5.076923076923077,7.053254437869824,17.12809917355372,4.222222222222222,1.125,7.387755102040816,3.4722222222222228,1.1,0.5399999999999999,,,5.233941803870208,False,1.6666666666666667,1.0,9,0.6666666666666667,False,28.666666666666668,5.233941803870208
Corey Feldman,Jenna Johnson,Actor/Actress,California,United States,54,34,Eliminated Week 2,13,4,5,,,5,5,5,,0,0,0,,0,0,0,,0,0,0,0,0,0,0,0,0,0,0,0,0,0,0,0,0,0,0,0,0,0,0,,0,0,0,,9.0,13.0,15.0,14.0,,,,,,,,,,,,,,,,,,,2,4.061224489795919,4.979591836734693,4.07638888888889,3.5206611570247928,12.01,15.6,20.09876543209877,2.49609375,19.387755102040817,0.38888888888888884,0.11560178240000003,7.884997393442979,False,13.5,13.0,2,0.5,False,12.0,7.884997393442979
Danielle Fishel,Pasha Pashkov,Actor/Actress,California,United States,44,34,Eliminated Week 8,8,6,6,,,7,6,6,,7,7,7,,7,7,7,,7,7,7,8,9,9,9,9,8.5,8.5,8.5,9.5,9.5,9,9.5,9,0,0,0,0,0,0,0,,0,0,0,,12.0,6.0,19.0,10.0,21.0,8.0,21.0,9.0,29.0,8.0,36.0,3.0,35.0,6.0,37.0,7.0,,,,,,,8,4.061224489795919,4.979591836734693,4.07638888888889,3.5206611570247928,12.01,15.6,20.09876543209877,2.49609375,19.387755102040817,0.38888888888888884,0.11560178240000003,7.884997393442979,False,7.125,8.0,8,-0.875,False,26.25,7.884997393442979
Elaine Hendrix,Alan Bersten (Rashad Jennings week 9),Actor/Actress,Georgia,United States,55,34,5th Place,5,6,6,,,7,7,7,,7,7,7,,8,8,8,,8,7,7,8,9,9,9,9,8,8,8,8,9,9.5,10,9,9,9,9,9,9.5,9.5,9.5,,9.6666,9.6666,9.6666,,12.0,6.0,21.0,5.0,21.0,8.0,24.0,2.0,30.0,6.0,36.0,3.0,32.0,8.0,37.5,6.0,36.0,6.0,28.5,4.0,28.9998,5.0,11,4.061224489795919,4.979591836734693,4.07638888888889,3.5206611570247928,12.01,15.6,20.09876543209877,2.49609375,19.387755102040817,0.38888888888888884,0.11560178240000003,7.884997393442979,False,5.363636363636363,5.0,11,0.3636363636363633,False,27.909072727272726,7.884997393442979
Baron Davis,Britt Stewart,Athlete,California,United States,46,34,Eliminated Week 2,13,5,5,,,6,6,6,,0,0,0,,0,0,0,,0,0,0,0,0,0,0,0,0,0,0,0,0,0,0,0,0,0,0,0,0,0,0,,0,0,0,,10.0,9.0,18.0,11.0,,,,,,,,,,,,,,,,,,,2,4.061224489795919,4.979591836734693,4.07638888888889,3.5206611570247928,12.01,15.6,20.09876543209877,2.49609375,19.387755102040817,0.38888888888888884,0.11560178240000003,7.884997393442979,False,10.0,13.0,2,-3.0,False,14.0,7.884997393442979
Jordan Chiles,Ezra Sosa (Apolo Anton Ohno week 9),Athlete,Texas,United States,24,34,3rd Place,3,5,5,,,8,7,7,,8,8,8,,8,8,8,,8,8,8,8,10,9,10,10,10,9,9,10,10,9.5,10,9.5,9.5,10.5,9.5,9.5,9.5,9.5,9.5,,9.6666,10,10,,10.0,9.0,22.0,1.0,24.0,1.0,24.0,2.0,32.0,5.0,39.0,1.0,38.0,4.0,39.0,2.0,39.0,5.0,28.5,4.0,29.666600000000003,2.0,11,4.061224489795919,4.979591836734693,4.07638888888889,3.5206611570247928,12.01,15.6,20.09876543209877,2.49609375,19.387755102040817,0.38888888888888884,0.11560178240000003,7.884997393442979,False,3.272727272727273,3.0,11,0.27272727272727293,False,29.5606,7.884997393442979
Andy Richter,Emma Slater/Kaitlyn Bristowe (week 9),Comedian,California,United States,59,34,Eliminated Week 9,7,5,4,,,6,5,5,,6,6,6,,6,6,6,,6,6,6,6,7,6,7,7,7.25,7.25,7.25,7.25,8,8.5,9.5,8,8,7,7,7,0,0,0,,0,0,0,,9.0,13.0,16.0,13.0,18.0,11.0,18.0,11.0,24.0,10.0,27.0,10.0,29.0,9.0,34.0,8.0,29.0,7.0,,,,,9,4.061224489795919,4.979591836734693,4.07638888888889,3.5206611570247928,12.01,15.6,20.09876543209877,2.49609375,19.387755102040817,0.38888888888888884,0.11560178240000003,7.884997393442979,False,10.222222222222221,7.0,9,3.2222222222222214,False,22.666666666666668,7.884997393442979
Robert Irwin,Witney Carson (Xoshitl Gomez week 9),Conservationist,,Australia,22,34,1st Place,1,8,7,,,8,7,7,,8,7,7,,7,7,8,,8,9,9,9,9,9,9,9,10.75,9.75,9.75,10.75,9,9.5,10,9.5,10.5,10.5,10.5,10.5,10,9.5,10,,9.6666,10,10,,15.0,1.0,22.0,1.0,22.0,5.0,22.0,8.0,35.0,2.0,36.0,3.0,41.0,3.0,38.0,4.0,42.0,1.0,29.5,1.0,29.666600000000003,2.0,11,4.061224489795919,4.979591836734693,4.07638888888889,3.5206611570247928,12.01,15.6,20.09876543209877,2.49609375,19.387755102040817,0.38888888888888884,0.11560178240000003,7.884997393442979,False,2.8181818181818183,1.0,11,1.8181818181818183,False,30.196963636363638,7.884997393442979
Hilaria Baldwin,Gleb Savchenko,Entrepreneur,New York,United States,41,34,Eliminated Week 4,11,7,7,,,7,7,7,,7,8,7,,8,7,8,,0,0,0,0,0,0,0,0,0,0,0,0,0,0,0,0,0,0,0,0,0,0,0,,0,0,0,,14.0,3.0,21.0,5.0,22.0,5.0,23.0,5.0,,,,,,,,,,,,,,,4,4.061224489795919,4.979591836734693,4.07638888888889,3.5206611570247928,12.01,15.6,20.09876543209877,2.49609375,19.387755102040817,0.38888888888888884,0.11560178240000003,7.884997393442979,False,4.5,11.0,4,-6.5,False,20.0,7.884997393442979
Lauren Jauregui,Brandon Armstrong,Singer/Rapper,Florida,United States,29,34,Eliminated Week 3,12,7,6,,,7,7,7,,6,6,6,,0,0,0,,0,0,0,0,0,0,0,0,0,0,0,0,0,0,0,0,0,0,0,0,0,0,0,,0,0,0,,13.0,4.0,21.0,5.0,18.0,11.0,,,,,,,,,,,,,,,,,3,4.061224489795919,4.979591836734693,4.07638888888889,3.5206611570247928,12.01,15.6,20.09876543209877,2.49609375,19.387755102040817,0.38888888888888884,0.11560178240000003,7.884997393442979,False,6.666666666666667,12.0,3,-5.333333333333333,False,17.333333333333332,7.884997393442979
Scott Hoying,Rylee Arnold,Singer/Rapper,California,United States,34,34,Eliminated Week 6,10,5,5,,,6,6,6,,8,7,7,,7,7,7,,7,8,7,8,7,7,7,7,0,0,0,0,0,0,0,0,0,0,0,0,0,0,0,,0,0,0,,10.0,9.0,18.0,11.0,22.0,5.0,21.0,9.0,30.0,6.0,28.0,9.0,,,,,,,,,,,6,4.061224489795919,4.979591836734693,4.07638888888889,3.5206611570247928,12.01,15.6,20.09876543209877,2.49609375,19.387755102040817,0.38888888888888884,0.11560178240000003,7.884997393442979,False,8.166666666666666,10.0,6,-1.833333333333334,False,21.5,7.884997393442979
Alix Earle,Val Chmerkovskiy (Joey Graziadei week 9),Social media personality,Florida,United States,24,34,2nd Place,2,7,6,,,7,7,7,,8,7,8,,8,8,8,,8,9,9,9,9,9,8,9,11,11,10,11,9.5,10,9.5,9.5,10,10,10,10,9.5,10,9.5,,10,10,10,,13.0,4.0,21.0,5.0,23.0,3.0,24.0,2.0,35.0,2.0,35.0,6.0,43.0,1.0,38.5,3.0,40.0,4.0,29.0,2.0,30.0,1.0,11,4.061224489795919,4.979591836734693,4.07638888888889,3.5206611570247928,12.01,15.6,20.09876543209877,2.49609375,19.387755102040817,0.38888888888888884,0.11560178240000003,7.884997393442979,False,3.0,2.0,11,1.0,False,30.136363636363637,7.884997393442979
Jen Affleck,Jan Ravnik,TV Personality,Utah,United States,26,34,Eliminated Week 7,9,6,6,,,8,7,7,,7,6,6,,7,8,8,,8,7,7,7,8,8,8,8,8.5,8.5,8.5,8.5,0,0,0,0,0,0,0,0,0,0,0,,0,0,0,,12.0,6.0,22.0,1.0,19.0,10.0,23.0,5.0,29.0,8.0,32.0,7.0,34.0,7.0,,,,,,,,,7,4.061224489795919,4.979591836734693,4.07638888888889,3.5206611570247928,12.01,15.6,20.09876543209877,2.49609375,19.387755102040817,0.38888888888888884,0.11560178240000003,7.884997393442979,False,6.285714285714286,9.0,7,-2.7142857142857144,False,24.428571428571427,7.884997393442979
Whitney Leavitt,Mark Ballas,TV Personality,Utah,United States,32,34,Eliminated Week 10,6,7,8,,,7,7,8,,8,8,8,,9,8,8,,9,8,8,8,10,9,10,10,10.25,10.25,10.25,11.25,9.5,10,10,10,10.5,10.5,10.5,10.5,9,10,10,,0,0,0,,15.0,1.0,22.0,1.0,24.0,1.0,25.0,1.0,33.0,4.0,39.0,1.0,42.0,2.0,39.5,1.0,42.0,1.0,29.0,2.0,,,10,4.061224489795919,4.979591836734693,4.07638888888889,3.5206611570247928,12.01,15.6,20.09876543209877,2.49609375,19.387755102040817,0.38888888888888884,0.11560178240000003,7.884997393442979,False,1.5,6.0,10,-4.5,False,31.05,7.884997393442979
Dylan Efron,Daniella Karagach (Rumer Willis week 9),TV Personality,California,United States,33,34,4th Place,4,5,5,,,7,6,7,,7,8,8,,7,8,8,,9,9,9,9,8,8,8,8,9.75,9.75,8.75,9.75,9,9.5,10,9.5,10.5,10.5,10.5,10.5,9,9,9.5,,9.6666,9.6666,10,,10.0,9.0,20.0,9.0,23.0,3.0,23.0,5.0,36.0,1.0,32.0,7.0,38.0,4.0,38.0,4.0,42.0,1.0,27.5,6.0,29.3332,4.0,11,4.061224489795919,4.979591836734693,4.07638888888889,3.5206611570247928,12.01,15.6,20.09876543209877,2.49609375,19.387755102040817,0.38888888888888884,0.11560178240000003,7.884997393442979,False,4.818181818181818,4.0,11,0.8181818181818183,False,28.98483636363636,7.884997393442979
