season,week,celebrity_name,ballroom_partner,celebrity_industry,age,results,placement,elim_week,J_total,active,J_sum_week,J_pct,eliminated,contestant_id,p_est
1,1,John O'Hurley,Charlotte Jorgensen,Actor/Actress,50,2nd Place,2,,20.0,True,109.0,0.1834862385321101,False,1_John O'Hurley,0.459008024271858
1,1,John O'Hurley,Charlotte Jorgensen,Actor/Actress,50,2nd Place,2,,20.0,True,109.0,0.1834862385321101,False,1_John O'Hurley,0.459008024271858
1,2,John O'Hurley,Charlotte Jorgensen,Actor/Actress,50,2nd Place,2,,26.0,True,121.0,0.2148760330578512,False,1_John O'Hurley,0.4586961842741096
1,2,John O'Hurley,Charlotte Jorgensen,Actor/Actress,50,2nd Place,2,,26.0,True,121.0,0.2148760330578512,False,1_John O'Hurley,0.4586961842741096
1,3,John O'Hurley,Charlotte Jorgensen,Actor/Actress,50,2nd Place,2,,24.0,True,106.0,0.2264150943396226,False,1_John O'Hurley,0.4620469696651544
1,3,John O'Hurley,Charlotte Jorgensen,Actor/Actress,50,2nd Place,2,,24.0,True,106.0,0.2264150943396226,False,1_John O'Hurley,0.4620469696651544
1,4,John O'Hurley,Charlotte Jorgensen,Actor/Actress,50,2nd Place,2,,21.0,True,92.0,0.2282608695652173,False,1_John O'Hurley,0.4728292081204562
1,4,John O'Hurley,Charlotte Jorgensen,Actor/Actress,50,2nd Place,2,,21.0,True,92.0,0.2282608695652173,False,1_John O'Hurley,0.4728292081204562
1,5,John O'Hurley,Charlotte Jorgensen,Actor/Actress,50,2nd Place,2,,27.0,True,73.0,0.3698630136986301,False,1_John O'Hurley,0.4794847161887938
1,5,John O'Hurley,Charlotte Jorgensen,Actor/Actress,50,2nd Place,2,,27.0,True,73.0,0.3698630136986301,False,1_John O'Hurley,0.4794847161887938
1,6,John O'Hurley,Charlotte Jorgensen,Actor/Actress,50,2nd Place,2,,27.0,True,54.5,0.4954128440366973,False,1_John O'Hurley,0.4999999831072935
1,6,John O'Hurley,Charlotte Jorgensen,Actor/Actress,50,2nd Place,2,,27.0,True,54.5,0.4954128440366973,False,1_John O'Hurley,0.4999999831072935
1,1,Kelly Monaco,Alec Mazo,Actor/Actress,29,1st Place,1,,13.0,True,109.0,0.1192660550458715,False,1_Kelly Monaco,0.4590080426346519
1,1,Kelly Monaco,Alec Mazo,Actor/Actress,29,1st Place,1,,13.0,True,109.0,0.1192660550458715,False,1_Kelly Monaco,0.4590080426346519
1,2,Kelly Monaco,Alec Mazo,Actor/Actress,29,1st Place,1,,17.0,True,121.0,0.140495867768595,False,1_Kelly Monaco,0.4586961568988906
1,2,Kelly Monaco,Alec Mazo,Actor/Actress,29,1st Place,1,,17.0,True,121.0,0.140495867768595,False,1_Kelly Monaco,0.4586961568988906
1,3,Kelly Monaco,Alec Mazo,Actor/Actress,29,1st Place,1,,21.0,True,106.0,0.1981132075471698,False,1_Kelly Monaco,0.4620469601944963
1,3,Kelly Monaco,Alec Mazo,Actor/Actress,29,1st Place,1,,21.0,True,106.0,0.1981132075471698,False,1_Kelly Monaco,0.4620469601944963
1,4,Kelly Monaco,Alec Mazo,Actor/Actress,29,1st Place,1,,26.0,True,92.0,0.2826086956521739,False,1_Kelly Monaco,0.4728292681667216
1,4,Kelly Monaco,Alec Mazo,Actor/Actress,29,1st Place,1,,26.0,True,92.0,0.2826086956521739,False,1_Kelly Monaco,0.4728292681667216
1,5,Kelly Monaco,Alec Mazo,Actor/Actress,29,1st Place,1,,23.5,True,73.0,0.3219178082191781,False,1_Kelly Monaco,0.4794846425429836
1,5,Kelly Monaco,Alec Mazo,Actor/Actress,29,1st Place,1,,23.5,True,73.0,0.3219178082191781,False,1_Kelly Monaco,0.4794846425429836
1,6,Kelly Monaco,Alec Mazo,Actor/Actress,29,1st Place,1,,27.5,True,54.5,0.5045871559633027,False,1_Kelly Monaco,0.5000000168927065
1,6,Kelly Monaco,Alec Mazo,Actor/Actress,29,1st Place,1,,27.5,True,54.5,0.5045871559633027,False,1_Kelly Monaco,0.5000000168927065
1,1,Evander Holyfield,Edyta Sliwinska,Athlete,42,Eliminated Week 3,5,3.0,18.0,True,109.0,0.1651376146788991,False,1_Evander Holyfield,0.0401626014912787
1,1,Evander Holyfield,Edyta Sliwinska,Athlete,42,Eliminated Week 3,5,3.0,18.0,True,109.0,0.1651376146788991,False,1_Evander Holyfield,0.0401626014912787
1,2,Evander Holyfield,Edyta Sliwinska,Athlete,42,Eliminated Week 3,5,3.0,14.0,True,121.0,0.1157024793388429,False,1_Evander Holyfield,0.0411687980335514
1,2,Evander Holyfield,Edyta Sliwinska,Athlete,42,Eliminated Week 3,5,3.0,14.0,True,121.0,0.1157024793388429,False,1_Evander Holyfield,0.0411687980335514
1,3,Evander Holyfield,Edyta Sliwinska,Athlete,42,Eliminated Week 3,5,3.0,13.0,True,106.0,0.1226415094339622,True,1_Evander Holyfield,0.0319633365773552
1,3,Evander Holyfield,Edyta Sliwinska,Athlete,42,Eliminated Week 3,5,3.0,13.0,True,106.0,0.1226415094339622,True,1_Evander Holyfield,0.0319633365773552
1,4,Evander Holyfield,Edyta Sliwinska,Athlete,42,Eliminated Week 3,5,3.0,0.0,False,92.0,0.0,False,1_Evander Holyfield,
1,5,Evander Holyfield,Edyta Sliwinska,Athlete,42,Eliminated Week 3,5,3.0,0.0,False,73.0,0.0,False,1_Evander Holyfield,
1,6,Evander Holyfield,Edyta Sliwinska,Athlete,42,Eliminated Week 3,5,3.0,0.0,False,54.5,0.0,False,1_Evander Holyfield,
1,1,Rachel Hunter,Jonathan Roberts,Model,35,Eliminated Week 4,4,4.0,20.0,True,109.0,0.1834862385321101,False,1_Rachel Hunter,9.597127109684213e-06
1,1,Rachel Hunter,Jonathan Roberts,Model,35,Eliminated Week 4,4,4.0,20.0,True,109.0,0.1834862385321101,False,1_Rachel Hunter,9.597127109684213e-06
1,2,Rachel Hunter,Jonathan Roberts,Model,35,Eliminated Week 4,4,4.0,24.0,True,121.0,0.1983471074380165,False,1_Rachel Hunter,1.2052131261009232e-19
1,2,Rachel Hunter,Jonathan Roberts,Model,35,Eliminated Week 4,4,4.0,24.0,True,121.0,0.1983471074380165,False,1_Rachel Hunter,1.2052131261009232e-19
1,3,Rachel Hunter,Jonathan Roberts,Model,35,Eliminated Week 4,4,4.0,26.0,True,106.0,0.2452830188679245,False,1_Rachel Hunter,0.0
1,3,Rachel Hunter,Jonathan Roberts,Model,35,Eliminated Week 4,4,4.0,26.0,True,106.0,0.2452830188679245,False,1_Rachel Hunter,0.0
1,4,Rachel Hunter,Jonathan Roberts,Model,35,Eliminated Week 4,4,4.0,25.0,True,92.0,0.2717391304347826,True,1_Rachel Hunter,0.0
1,4,Rachel Hunter,Jonathan Roberts,Model,35,Eliminated Week 4,4,4.0,25.0,True,92.0,0.2717391304347826,True,1_Rachel Hunter,0.0
1,5,Rachel Hunter,Jonathan Roberts,Model,35,Eliminated Week 4,4,4.0,0.0,False,73.0,0.0,False,1_Rachel Hunter,
1,6,Rachel Hunter,Jonathan Roberts,Model,35,Eliminated Week 4,4,4.0,0.0,False,54.5,0.0,False,1_Rachel Hunter,
1,1,Joey McIntyre,Ashly DelGrosso,Singer/Rapper,32,3rd Place,3,,20.0,True,109.0,0.1834862385321101,False,1_Joey McIntyre,0.0402104650886408
1,1,Joey McIntyre,Ashly DelGrosso,Singer/Rapper,32,3rd Place,3,,20.0,True,109.0,0.1834862385321101,False,1_Joey McIntyre,0.0402104650886408
1,2,Joey McIntyre,Ashly DelGrosso,Singer/Rapper,32,3rd Place,3,,21.0,True,121.0,0.1735537190082644,False,1_Joey McIntyre,0.0414388607934482
1,2,Joey McIntyre,Ashly DelGrosso,Singer/Rapper,32,3rd Place,3,,21.0,True,121.0,0.1735537190082644,False,1_Joey McIntyre,0.0414388607934482
1,3,Joey McIntyre,Ashly DelGrosso,Singer/Rapper,32,3rd Place,3,,22.0,True,106.0,0.2075471698113207,False,1_Joey McIntyre,0.043942733562994
1,3,Joey McIntyre,Ashly DelGrosso,Singer/Rapper,32,3rd Place,3,,22.0,True,106.0,0.2075471698113207,False,1_Joey McIntyre,0.043942733562994
1,4,Joey McIntyre,Ashly DelGrosso,Singer/Rapper,32,3rd Place,3,,20.0,True,92.0,0.217391304347826,False,1_Joey McIntyre,0.0543415237128221
1,4,Joey McIntyre,Ashly DelGrosso,Singer/Rapper,32,3rd Place,3,,20.0,True,92.0,0.217391304347826,False,1_Joey McIntyre,0.0543415237128221
1,5,Joey McIntyre,Ashly DelGrosso,Singer/Rapper,32,3rd Place,3,,22.5,True,73.0,0.3082191780821918,False,1_Joey McIntyre,0.0410306412682224
1,5,Joey McIntyre,Ashly DelGrosso,Singer/Rapper,32,3rd Place,3,,22.5,True,73.0,0.3082191780821918,False,1_Joey McIntyre,0.0410306412682224
1,6,Joey McIntyre,Ashly DelGrosso,Singer/Rapper,32,3rd Place,3,,0.0,False,54.5,0.0,False,1_Joey McIntyre,
1,1,Trista Sutter,Louis van Amstel,TV Personality,32,Eliminated Week 2,6,2.0,18.0,True,109.0,0.1651376146788991,False,1_Trista Sutter,0.0016012693626001
1,1,Trista Sutter,Louis van Amstel,TV Personality,32,Eliminated Week 2,6,2.0,18.0,True,109.0,0.1651376146788991,False,1_Trista Sutter,0.0016012693626001
1,2,Trista Sutter,Louis van Amstel,TV Personality,32,Eliminated Week 2,6,2.0,19.0,True,121.0,0.1570247933884297,True,1_Trista Sutter,0.0
1,2,Trista Sutter,Louis van Amstel,TV Personality,32,Eliminated Week 2,6,2.0,19.0,True,121.0,0.1570247933884297,True,1_Trista Sutter,0.0
1,3,Trista Sutter,Louis van Amstel,TV Personality,32,Eliminated Week 2,6,2.0,0.0,False,106.0,0.0,False,1_Trista Sutter,
1,4,Trista Sutter,Louis van Amstel,TV Personality,32,Eliminated Week 2,6,2.0,0.0,False,92.0,0.0,False,1_Trista Sutter,
1,5,Trista Sutter,Louis van Amstel,TV Personality,32,Eliminated Week 2,6,2.0,0.0,False,73.0,0.0,False,1_Trista Sutter,
1,6,Trista Sutter,Louis van Amstel,TV Personality,32,Eliminated Week 2,6,2.0,0.0,False,54.5,0.0,False,1_Trista Sutter,
2,1,Tatum O'Neal,Nick Kosovich,Actor/Actress,42,Eliminated Week 2,9,2.0,23.0,True,195.0,0.1179487179487179,False,2_Tatum O'Neal,0.0007372746871074
2,1,Tatum O'Neal,Nick Kosovich,Actor/Actress,42,Eliminated Week 2,9,2.0,23.0,True,195.0,0.1179487179487179,False,2_Tatum O'Neal,0.0007372746871074
2,2,Tatum O'Neal,Nick Kosovich,Actor/Actress,42,Eliminated Week 2,9,2.0,17.0,True,200.0,0.085,True,2_Tatum O'Neal,0.0006907069658971
2,2,Tatum O'Neal,Nick Kosovich,Actor/Actress,42,Eliminated Week 2,9,2.0,17.0,True,200.0,0.085,True,2_Tatum O'Neal,0.0006907069658971
2,3,Tatum O'Neal,Nick Kosovich,Actor/Actress,42,Eliminated Week 2,9,2.0,0.0,False,182.0,0.0,False,2_Tatum O'Neal,
2,4,Tatum O'Neal,Nick Kosovich,Actor/Actress,42,Eliminated Week 2,9,2.0,0.0,False,158.0,0.0,False,2_Tatum O'Neal,
2,5,Tatum O'Neal,Nick Kosovich,Actor/Actress,42,Eliminated Week 2,9,2.0,0.0,False,151.0,0.0,False,2_Tatum O'Neal,
2,6,Tatum O'Neal,Nick Kosovich,Actor/Actress,42,Eliminated Week 2,9,2.0,0.0,False,133.0,0.0,False,2_Tatum O'Neal,
2,7,Tatum O'Neal,Nick Kosovich,Actor/Actress,42,Eliminated Week 2,9,2.0,0.0,False,102.0,0.0,False,2_Tatum O'Neal,
2,8,Tatum O'Neal,Nick Kosovich,Actor/Actress,42,Eliminated Week 2,9,2.0,0.0,False,84.3329,0.0,False,2_Tatum O'Neal,
2,1,Tia Carrere,Maksim Chmerkoskiy,Actor/Actress,39,Eliminated Week 5,6,5.0,20.0,True,195.0,0.1025641025641025,False,2_Tia Carrere,0.0001073859240845
2,1,Tia Carrere,Maksim Chmerkoskiy,Actor/Actress,39,Eliminated Week 5,6,5.0,20.0,True,195.0,0.1025641025641025,False,2_Tia Carrere,0.0001073859240845
2,2,Tia Carrere,Maksim Chmerkoskiy,Actor/Actress,39,Eliminated Week 5,6,5.0,22.0,True,200.0,0.11,False,2_Tia Carrere,0.0
2,2,Tia Carrere,Maksim Chmerkoskiy,Actor/Actress,39,Eliminated Week 5,6,5.0,22.0,True,200.0,0.11,False,2_Tia Carrere,0.0
2,3,Tia Carrere,Maksim Chmerkoskiy,Actor/Actress,39,Eliminated Week 5,6,5.0,26.0,True,182.0,0.1428571428571428,False,2_Tia Carrere,0.0
2,3,Tia Carrere,Maksim Chmerkoskiy,Actor/Actress,39,Eliminated Week 5,6,5.0,26.0,True,182.0,0.1428571428571428,False,2_Tia Carrere,0.0
2,4,Tia Carrere,Maksim Chmerkoskiy,Actor/Actress,39,Eliminated Week 5,6,5.0,25.0,True,158.0,0.1582278481012658,False,2_Tia Carrere,0.0001461926970375
2,4,Tia Carrere,Maksim Chmerkoskiy,Actor/Actress,39,Eliminated Week 5,6,5.0,25.0,True,158.0,0.1582278481012658,False,2_Tia Carrere,0.0001461926970375
2,5,Tia Carrere,Maksim Chmerkoskiy,Actor/Actress,39,Eliminated Week 5,6,5.0,22.0,True,151.0,0.1456953642384106,True,2_Tia Carrere,0.0057111434099008
2,5,Tia Carrere,Maksim Chmerkoskiy,Actor/Actress,39,Eliminated Week 5,6,5.0,22.0,True,151.0,0.1456953642384106,True,2_Tia Carrere,0.0057111434099008
2,6,Tia Carrere,Maksim Chmerkoskiy,Actor/Actress,39,Eliminated Week 5,6,5.0,0.0,False,133.0,0.0,False,2_Tia Carrere,
2,7,Tia Carrere,Maksim Chmerkoskiy,Actor/Actress,39,Eliminated Week 5,6,5.0,0.0,False,102.0,0.0,False,2_Tia Carrere,
2,8,Tia Carrere,Maksim Chmerkoskiy,Actor/Actress,39,Eliminated Week 5,6,5.0,0.0,False,84.3329,0.0,False,2_Tia Carrere,
2,1,George Hamilton,Edyta Sliwinska,Actor/Actress,66,Eliminated Week 6,5,6.0,18.0,True,195.0,0.0923076923076923,False,2_George Hamilton,0.0
2,1,George Hamilton,Edyta Sliwinska,Actor/Actress,66,Eliminated Week 6,5,6.0,18.0,True,195.0,0.0923076923076923,False,2_George Hamilton,0.0
2,2,George Hamilton,Edyta Sliwinska,Actor/Actress,66,Eliminated Week 6,5,6.0,22.0,True,200.0,0.11,False,2_George Hamilton,0.0
2,2,George Hamilton,Edyta Sliwinska,Actor/Actress,66,Eliminated Week 6,5,6.0,22.0,True,200.0,0.11,False,2_George Hamilton,0.0
2,3,George Hamilton,Edyta Sliwinska,Actor/Actress,66,Eliminated Week 6,5,6.0,22.0,True,182.0,0.1208791208791208,False,2_George Hamilton,0.0
2,3,George Hamilton,Edyta Sliwinska,Actor/Actress,66,Eliminated Week 6,5,6.0,22.0,True,182.0,0.1208791208791208,False,2_George Hamilton,0.0
2,4,George Hamilton,Edyta Sliwinska,Actor/Actress,66,Eliminated Week 6,5,6.0,21.0,True,158.0,0.1329113924050632,False,2_George Hamilton,0.0
2,4,George Hamilton,Edyta Sliwinska,Actor/Actress,66,Eliminated Week 6,5,6.0,21.0,True,158.0,0.1329113924050632,False,2_George Hamilton,0.0
2,5,George Hamilton,Edyta Sliwinska,Actor/Actress,66,Eliminated Week 6,5,6.0,24.0,True,151.0,0.1589403973509933,False,2_George Hamilton,0.0054559083375108
2,5,George Hamilton,Edyta Sliwinska,Actor/Actress,66,Eliminated Week 6,5,6.0,24.0,True,151.0,0.1589403973509933,False,2_George Hamilton,0.0054559083375108
2,6,George Hamilton,Edyta Sliwinska,Actor/Actress,66,Eliminated Week 6,5,6.0,23.0,True,133.0,0.1729323308270676,True,2_George Hamilton,0.0055318359979012
2,6,George Hamilton,Edyta Sliwinska,Actor/Actress,66,Eliminated Week 6,5,6.0,23.0,True,133.0,0.1729323308270676,True,2_George Hamilton,0.0055318359979012
2,7,George Hamilton,Edyta Sliwinska,Actor/Actress,66,Eliminated Week 6,5,6.0,0.0,False,102.0,0.0,False,2_George Hamilton,
2,8,George Hamilton,Edyta Sliwinska,Actor/Actress,66,Eliminated Week 6,5,6.0,0.0,False,84.3329,0.0,False,2_George Hamilton,
2,1,Lisa Rinna,Louis van Amstel,Actor/Actress,42,Eliminated Week 7,4,7.0,19.0,True,195.0,0.0974358974358974,False,2_Lisa Rinna,0.0
2,1,Lisa Rinna,Louis van Amstel,Actor/Actress,42,Eliminated Week 7,4,7.0,19.0,True,195.0,0.0974358974358974,False,2_Lisa Rinna,0.0
2,2,Lisa Rinna,Louis van Amstel,Actor/Actress,42,Eliminated Week 7,4,7.0,20.0,True,200.0,0.1,False,2_Lisa Rinna,0.0
2,2,Lisa Rinna,Louis van Amstel,Actor/Actress,42,Eliminated Week 7,4,7.0,20.0,True,200.0,0.1,False,2_Lisa Rinna,0.0
2,3,Lisa Rinna,Louis van Amstel,Actor/Actress,42,Eliminated Week 7,4,7.0,25.0,True,182.0,0.1373626373626373,False,2_Lisa Rinna,0.0
2,3,Lisa Rinna,Louis van Amstel,Actor/Actress,42,Eliminated Week 7,4,7.0,25.0,True,182.0,0.1373626373626373,False,2_Lisa Rinna,0.0
2,4,Lisa Rinna,Louis van Amstel,Actor/Actress,42,Eliminated Week 7,4,7.0,26.0,True,158.0,0.1645569620253164,False,2_Lisa Rinna,5.021376290459376e-05
2,4,Lisa Rinna,Louis van Amstel,Actor/Actress,42,Eliminated Week 7,4,7.0,26.0,True,158.0,0.1645569620253164,False,2_Lisa Rinna,5.021376290459376e-05
2,5,Lisa Rinna,Louis van Amstel,Actor/Actress,42,Eliminated Week 7,4,7.0,25.0,True,151.0,0.1655629139072847,False,2_Lisa Rinna,0.0055238096408352
2,5,Lisa Rinna,Louis van Amstel,Actor/Actress,42,Eliminated Week 7,4,7.0,25.0,True,151.0,0.1655629139072847,False,2_Lisa Rinna,0.0055238096408352
2,6,Lisa Rinna,Louis van Amstel,Actor/Actress,42,Eliminated Week 7,4,7.0,27.0,True,133.0,0.2030075187969924,False,2_Lisa Rinna,0.0055121712705562
2,6,Lisa Rinna,Louis van Amstel,Actor/Actress,42,Eliminated Week 7,4,7.0,27.0,True,133.0,0.2030075187969924,False,2_Lisa Rinna,0.0055121712705562
2,7,Lisa Rinna,Louis van Amstel,Actor/Actress,42,Eliminated Week 7,4,7.0,26.5,True,102.0,0.2598039215686274,True,2_Lisa Rinna,0.0054969975406234
2,7,Lisa Rinna,Louis van Amstel,Actor/Actress,42,Eliminated Week 7,4,7.0,26.5,True,102.0,0.2598039215686274,True,2_Lisa Rinna,0.0054969975406234
2,8,Lisa Rinna,Louis van Amstel,Actor/Actress,42,Eliminated Week 7,4,7.0,0.0,False,84.3329,0.0,False,2_Lisa Rinna,
2,1,Stacy Keibler,Tony Dovolani,Athlete,26,3rd Place,3,,22.0,True,195.0,0.1128205128205128,False,2_Stacy Keibler,0.3184680933239502
2,1,Stacy Keibler,Tony Dovolani,Athlete,26,3rd Place,3,,22.0,True,195.0,0.1128205128205128,False,2_Stacy Keibler,0.3184680933239502
2,2,Stacy Keibler,Tony Dovolani,Athlete,26,3rd Place,3,,29.0,True,200.0,0.145,False,2_Stacy Keibler,0.318518382195195
2,2,Stacy Keibler,Tony Dovolani,Athlete,26,3rd Place,3,,29.0,True,200.0,0.145,False,2_Stacy Keibler,0.318518382195195
2,3,Stacy Keibler,Tony Dovolani,Athlete,26,3rd Place,3,,27.0,True,182.0,0.1483516483516483,False,2_Stacy Keibler,0.3186928631381033
2,3,Stacy Keibler,Tony Dovolani,Athlete,26,3rd Place,3,,27.0,True,182.0,0.1483516483516483,False,2_Stacy Keibler,0.3186928631381033
2,4,Stacy Keibler,Tony Dovolani,Athlete,26,3rd Place,3,,26.0,True,158.0,0.1645569620253164,False,2_Stacy Keibler,0.3204544000884863
2,4,Stacy Keibler,Tony Dovolani,Athlete,26,3rd Place,3,,26.0,True,158.0,0.1645569620253164,False,2_Stacy Keibler,0.3204544000884863
2,5,Stacy Keibler,Tony Dovolani,Athlete,26,3rd Place,3,,30.0,True,151.0,0.1986754966887417,False,2_Stacy Keibler,0.3277697054938925
2,5,Stacy Keibler,Tony Dovolani,Athlete,26,3rd Place,3,,30.0,True,151.0,0.1986754966887417,False,2_Stacy Keibler,0.3277697054938925
2,6,Stacy Keibler,Tony Dovolani,Athlete,26,3rd Place,3,,30.0,True,133.0,0.225563909774436,False,2_Stacy Keibler,0.3296520051469128
2,6,Stacy Keibler,Tony Dovolani,Athlete,26,3rd Place,3,,30.0,True,133.0,0.225563909774436,False,2_Stacy Keibler,0.3296520051469128
2,7,Stacy Keibler,Tony Dovolani,Athlete,26,3rd Place,3,,27.5,True,102.0,0.2696078431372549,False,2_Stacy Keibler,0.3315009952746302
2,7,Stacy Keibler,Tony Dovolani,Athlete,26,3rd Place,3,,27.5,True,102.0,0.2696078431372549,False,2_Stacy Keibler,0.3315009952746302
2,8,Stacy Keibler,Tony Dovolani,Athlete,26,3rd Place,3,,28.6665,True,84.3329,0.339920718960216,False,2_Stacy Keibler,0.333333335516739
2,8,Stacy Keibler,Tony Dovolani,Athlete,26,3rd Place,3,,28.6665,True,84.3329,0.339920718960216,False,2_Stacy Keibler,0.333333335516739
2,1,Jerry Rice,Anna Trebunskaya,Athlete,43,2nd Place,2,,21.0,True,195.0,0.1076923076923077,False,2_Jerry Rice,0.3184680887663225
2,1,Jerry Rice,Anna Trebunskaya,Athlete,43,2nd Place,2,,21.0,True,195.0,0.1076923076923077,False,2_Jerry Rice,0.3184680887663225
2,2,Jerry Rice,Anna Trebunskaya,Athlete,43,2nd Place,2,,23.0,True,200.0,0.115,False,2_Jerry Rice,0.3185183963186989
2,2,Jerry Rice,Anna Trebunskaya,Athlete,43,2nd Place,2,,23.0,True,200.0,0.115,False,2_Jerry Rice,0.3185183963186989
2,3,Jerry Rice,Anna Trebunskaya,Athlete,43,2nd Place,2,,19.0,True,182.0,0.1043956043956044,False,2_Jerry Rice,0.3186928413806992
2,3,Jerry Rice,Anna Trebunskaya,Athlete,43,2nd Place,2,,19.0,True,182.0,0.1043956043956044,False,2_Jerry Rice,0.3186928413806992
2,4,Jerry Rice,Anna Trebunskaya,Athlete,43,2nd Place,2,,24.0,True,158.0,0.1518987341772152,False,2_Jerry Rice,0.3204544259124472
2,4,Jerry Rice,Anna Trebunskaya,Athlete,43,2nd Place,2,,24.0,True,158.0,0.1518987341772152,False,2_Jerry Rice,0.3204544259124472
2,5,Jerry Rice,Anna Trebunskaya,Athlete,43,2nd Place,2,,23.0,True,151.0,0.152317880794702,False,2_Jerry Rice,0.327769681735936
2,5,Jerry Rice,Anna Trebunskaya,Athlete,43,2nd Place,2,,23.0,True,151.0,0.152317880794702,False,2_Jerry Rice,0.327769681735936
2,6,Jerry Rice,Anna Trebunskaya,Athlete,43,2nd Place,2,,23.0,True,133.0,0.1729323308270676,False,2_Jerry Rice,0.3296520230478007
2,6,Jerry Rice,Anna Trebunskaya,Athlete,43,2nd Place,2,,23.0,True,133.0,0.1729323308270676,False,2_Jerry Rice,0.3296520230478007
2,7,Jerry Rice,Anna Trebunskaya,Athlete,43,2nd Place,2,,20.5,True,102.0,0.2009803921568627,False,2_Jerry Rice,0.3315009852438586
2,7,Jerry Rice,Anna Trebunskaya,Athlete,43,2nd Place,2,,20.5,True,102.0,0.2009803921568627,False,2_Jerry Rice,0.3315009852438586
2,8,Jerry Rice,Anna Trebunskaya,Athlete,43,2nd Place,2,,26.666600000000003,True,84.3329,0.3162063678588072,False,2_Jerry Rice,0.3333333388518574
2,8,Jerry Rice,Anna Trebunskaya,Athlete,43,2nd Place,2,,26.666600000000003,True,84.3329,0.3162063678588072,False,2_Jerry Rice,0.3333333388518574
2,1,Giselle Fernandez,Jonathan Roberts,News Anchor,44,Eliminated Week 3,8,3.0,23.0,True,195.0,0.1179487179487179,False,2_Giselle Fernandez,0.0
2,1,Giselle Fernandez,Jonathan Roberts,News Anchor,44,Eliminated Week 3,8,3.0,23.0,True,195.0,0.1179487179487179,False,2_Giselle Fernandez,0.0
2,2,Giselle Fernandez,Jonathan Roberts,News Anchor,44,Eliminated Week 3,8,3.0,24.0,True,200.0,0.12,False,2_Giselle Fernandez,5.929074617115656e-05
2,2,Giselle Fernandez,Jonathan Roberts,News Anchor,44,Eliminated Week 3,8,3.0,24.0,True,200.0,0.12,False,2_Giselle Fernandez,5.929074617115656e-05
2,3,Giselle Fernandez,Jonathan Roberts,News Anchor,44,Eliminated Week 3,8,3.0,22.0,True,182.0,0.1208791208791208,True,2_Giselle Fernandez,0.0
2,3,Giselle Fernandez,Jonathan Roberts,News Anchor,44,Eliminated Week 3,8,3.0,22.0,True,182.0,0.1208791208791208,True,2_Giselle Fernandez,0.0
2,4,Giselle Fernandez,Jonathan Roberts,News Anchor,44,Eliminated Week 3,8,3.0,0.0,False,158.0,0.0,False,2_Giselle Fernandez,
2,5,Giselle Fernandez,Jonathan Roberts,News Anchor,44,Eliminated Week 3,8,3.0,0.0,False,151.0,0.0,False,2_Giselle Fernandez,
2,6,Giselle Fernandez,Jonathan Roberts,News Anchor,44,Eliminated Week 3,8,3.0,0.0,False,133.0,0.0,False,2_Giselle Fernandez,
2,7,Giselle Fernandez,Jonathan Roberts,News Anchor,44,Eliminated Week 3,8,3.0,0.0,False,102.0,0.0,False,2_Giselle Fernandez,
2,8,Giselle Fernandez,Jonathan Roberts,News Anchor,44,Eliminated Week 3,8,3.0,0.0,False,84.3329,0.0,False,2_Giselle Fernandez,
2,1,Master P,Ashly DelGrosso,Singer/Rapper,35,Eliminated Week 4,7,4.0,12.0,True,195.0,0.0615384615384615,False,2_Master P,0.0437510569450778
2,1,Master P,Ashly DelGrosso,Singer/Rapper,35,Eliminated Week 4,7,4.0,12.0,True,195.0,0.0615384615384615,False,2_Master P,0.0437510569450778
2,2,Master P,Ashly DelGrosso,Singer/Rapper,35,Eliminated Week 4,7,4.0,16.0,True,200.0,0.08,False,2_Master P,0.0436948639507244
2,2,Master P,Ashly DelGrosso,Singer/Rapper,35,Eliminated Week 4,7,4.0,16.0,True,200.0,0.08,False,2_Master P,0.0436948639507244
2,3,Master P,Ashly DelGrosso,Singer/Rapper,35,Eliminated Week 4,7,4.0,14.0,True,182.0,0.0769230769230769,False,2_Master P,0.0439213977005366
2,3,Master P,Ashly DelGrosso,Singer/Rapper,35,Eliminated Week 4,7,4.0,14.0,True,182.0,0.0769230769230769,False,2_Master P,0.0439213977005366
2,4,Master P,Ashly DelGrosso,Singer/Rapper,35,Eliminated Week 4,7,4.0,8.0,True,158.0,0.050632911392405,True,2_Master P,0.0384404119539201
2,4,Master P,Ashly DelGrosso,Singer/Rapper,35,Eliminated Week 4,7,4.0,8.0,True,158.0,0.050632911392405,True,2_Master P,0.0384404119539201
2,5,Master P,Ashly DelGrosso,Singer/Rapper,35,Eliminated Week 4,7,4.0,0.0,False,151.0,0.0,False,2_Master P,
2,6,Master P,Ashly DelGrosso,Singer/Rapper,35,Eliminated Week 4,7,4.0,0.0,False,133.0,0.0,False,2_Master P,
2,7,Master P,Ashly DelGrosso,Singer/Rapper,35,Eliminated Week 4,7,4.0,0.0,False,102.0,0.0,False,2_Master P,
2,8,Master P,Ashly DelGrosso,Singer/Rapper,35,Eliminated Week 4,7,4.0,0.0,False,84.3329,0.0,False,2_Master P,
2,1,Drew Lachey,Cheryl Burke,Singer/Rapper,29,1st Place,1,,24.0,True,195.0,0.123076923076923,False,2_Drew Lachey,0.3184681003534576
2,1,Drew Lachey,Cheryl Burke,Singer/Rapper,29,1st Place,1,,24.0,True,195.0,0.123076923076923,False,2_Drew Lachey,0.3184681003534576
2,2,Drew Lachey,Cheryl Burke,Singer/Rapper,29,1st Place,1,,27.0,True,200.0,0.135,False,2_Drew Lachey,0.3185183598233135
2,2,Drew Lachey,Cheryl Burke,Singer/Rapper,29,1st Place,1,,27.0,True,200.0,0.135,False,2_Drew Lachey,0.3185183598233135
2,3,Drew Lachey,Cheryl Burke,Singer/Rapper,29,1st Place,1,,27.0,True,182.0,0.1483516483516483,False,2_Drew Lachey,0.3186928977806611
2,3,Drew Lachey,Cheryl Burke,Singer/Rapper,29,1st Place,1,,27.0,True,182.0,0.1483516483516483,False,2_Drew Lachey,0.3186928977806611
2,4,Drew Lachey,Cheryl Burke,Singer/Rapper,29,1st Place,1,,28.0,True,158.0,0.1772151898734177,False,2_Drew Lachey,0.3204543555852042
2,4,Drew Lachey,Cheryl Burke,Singer/Rapper,29,1st Place,1,,28.0,True,158.0,0.1772151898734177,False,2_Drew Lachey,0.3204543555852042
2,5,Drew Lachey,Cheryl Burke,Singer/Rapper,29,1st Place,1,,27.0,True,151.0,0.1788079470198675,False,2_Drew Lachey,0.3277697513819246
2,5,Drew Lachey,Cheryl Burke,Singer/Rapper,29,1st Place,1,,27.0,True,151.0,0.1788079470198675,False,2_Drew Lachey,0.3277697513819246
2,6,Drew Lachey,Cheryl Burke,Singer/Rapper,29,1st Place,1,,30.0,True,133.0,0.225563909774436,False,2_Drew Lachey,0.329651964536829
2,6,Drew Lachey,Cheryl Burke,Singer/Rapper,29,1st Place,1,,30.0,True,133.0,0.225563909774436,False,2_Drew Lachey,0.329651964536829
2,7,Drew Lachey,Cheryl Burke,Singer/Rapper,29,1st Place,1,,27.5,True,102.0,0.2696078431372549,False,2_Drew Lachey,0.3315010219408878
2,7,Drew Lachey,Cheryl Burke,Singer/Rapper,29,1st Place,1,,27.5,True,102.0,0.2696078431372549,False,2_Drew Lachey,0.3315010219408878
2,8,Drew Lachey,Cheryl Burke,Singer/Rapper,29,1st Place,1,,28.9998,True,84.3329,0.3438729131809768,False,2_Drew Lachey,0.3333333256314035
2,8,Drew Lachey,Cheryl Burke,Singer/Rapper,29,1st Place,1,,28.9998,True,84.3329,0.3438729131809768,False,2_Drew Lachey,0.3333333256314035
2,1,Kenny Mayne,Andrea Hale,Sports Broadcaster,46,Eliminated Week 1,10,1.0,13.0,True,195.0,0.0666666666666666,True,2_Kenny Mayne,0.0
2,1,Kenny Mayne,Andrea Hale,Sports Broadcaster,46,Eliminated Week 1,10,1.0,13.0,True,195.0,0.0666666666666666,True,2_Kenny Mayne,0.0
2,2,Kenny Mayne,Andrea Hale,Sports Broadcaster,46,Eliminated Week 1,10,1.0,0.0,False,200.0,0.0,False,2_Kenny Mayne,
2,3,Kenny Mayne,Andrea Hale,Sports Broadcaster,46,Eliminated Week 1,10,1.0,0.0,False,182.0,0.0,False,2_Kenny Mayne,
2,4,Kenny Mayne,Andrea Hale,Sports Broadcaster,46,Eliminated Week 1,10,1.0,0.0,False,158.0,0.0,False,2_Kenny Mayne,
2,5,Kenny Mayne,Andrea Hale,Sports Broadcaster,46,Eliminated Week 1,10,1.0,0.0,False,151.0,0.0,False,2_Kenny Mayne,
2,6,Kenny Mayne,Andrea Hale,Sports Broadcaster,46,Eliminated Week 1,10,1.0,0.0,False,133.0,0.0,False,2_Kenny Mayne,
2,7,Kenny Mayne,Andrea Hale,Sports Broadcaster,46,Eliminated Week 1,10,1.0,0.0,False,102.0,0.0,False,2_Kenny Mayne,
2,8,Kenny Mayne,Andrea Hale,Sports Broadcaster,46,Eliminated Week 1,10,1.0,0.0,False,84.3329,0.0,False,2_Kenny Mayne,
3,1,Harry Hamlin,Ashly DelGrosso,Actor/Actress,54,Eliminated Week 3,9,3.0,17.0,True,212.0,0.080188679245283,False,3_Harry Hamlin,0.0042608580414696
3,1,Harry Hamlin,Ashly DelGrosso,Actor/Actress,54,Eliminated Week 3,9,3.0,17.0,True,212.0,0.080188679245283,False,3_Harry Hamlin,0.0042608580414696
3,2,Harry Hamlin,Ashly DelGrosso,Actor/Actress,54,Eliminated Week 3,9,3.0,21.0,True,230.0,0.0913043478260869,False,3_Harry Hamlin,0.0043307671989968
3,2,Harry Hamlin,Ashly DelGrosso,Actor/Actress,54,Eliminated Week 3,9,3.0,21.0,True,230.0,0.0913043478260869,False,3_Harry Hamlin,0.0043307671989968
3,3,Harry Hamlin,Ashly DelGrosso,Actor/Actress,54,Eliminated Week 3,9,3.0,22.0,True,207.0,0.1062801932367149,True,3_Harry Hamlin,0.0021058429062198
3,3,Harry Hamlin,Ashly DelGrosso,Actor/Actress,54,Eliminated Week 3,9,3.0,22.0,True,207.0,0.1062801932367149,True,3_Harry Hamlin,0.0021058429062198
3,4,Harry Hamlin,Ashly DelGrosso,Actor/Actress,54,Eliminated Week 3,9,3.0,0.0,False,198.0,0.0,False,3_Harry Hamlin,
3,5,Harry Hamlin,Ashly DelGrosso,Actor/Actress,54,Eliminated Week 3,9,3.0,0.0,False,181.0,0.0,False,3_Harry Hamlin,
3,6,Harry Hamlin,Ashly DelGrosso,Actor/Actress,54,Eliminated Week 3,9,3.0,0.0,False,118.0,0.0,False,3_Harry Hamlin,
3,7,Harry Hamlin,Ashly DelGrosso,Actor/Actress,54,Eliminated Week 3,9,3.0,0.0,False,135.0,0.0,False,3_Harry Hamlin,
3,8,Harry Hamlin,Ashly DelGrosso,Actor/Actress,54,Eliminated Week 3,9,3.0,0.0,False,109.0,0.0,False,3_Harry Hamlin,
3,9,Harry Hamlin,Ashly DelGrosso,Actor/Actress,54,Eliminated Week 3,9,3.0,0.0,False,88.5,0.0,False,3_Harry Hamlin,
3,10,Harry Hamlin,Ashly DelGrosso,Actor/Actress,54,Eliminated Week 3,9,3.0,0.0,False,59.333200000000005,0.0,False,3_Harry Hamlin,
3,1,Vivica A. Fox,Nick Kosovich,Actor/Actress,42,Eliminated Week 4,8,4.0,22.0,True,212.0,0.1037735849056603,False,3_Vivica A. Fox,5.911833841995119e-05
3,1,Vivica A. Fox,Nick Kosovich,Actor/Actress,42,Eliminated Week 4,8,4.0,22.0,True,212.0,0.1037735849056603,False,3_Vivica A. Fox,5.911833841995119e-05
3,2,Vivica A. Fox,Nick Kosovich,Actor/Actress,42,Eliminated Week 4,8,4.0,24.0,True,230.0,0.1043478260869565,False,3_Vivica A. Fox,2.2658367426709013e-17
3,2,Vivica A. Fox,Nick Kosovich,Actor/Actress,42,Eliminated Week 4,8,4.0,24.0,True,230.0,0.1043478260869565,False,3_Vivica A. Fox,2.2658367426709013e-17
3,3,Vivica A. Fox,Nick Kosovich,Actor/Actress,42,Eliminated Week 4,8,4.0,27.0,True,207.0,0.1304347826086956,False,3_Vivica A. Fox,1.90015781539666e-17
3,3,Vivica A. Fox,Nick Kosovich,Actor/Actress,42,Eliminated Week 4,8,4.0,27.0,True,207.0,0.1304347826086956,False,3_Vivica A. Fox,1.90015781539666e-17
3,4,Vivica A. Fox,Nick Kosovich,Actor/Actress,42,Eliminated Week 4,8,4.0,24.0,True,198.0,0.1212121212121212,True,3_Vivica A. Fox,8.585304516723363e-18
3,4,Vivica A. Fox,Nick Kosovich,Actor/Actress,42,Eliminated Week 4,8,4.0,24.0,True,198.0,0.1212121212121212,True,3_Vivica A. Fox,8.585304516723363e-18
3,5,Vivica A. Fox,Nick Kosovich,Actor/Actress,42,Eliminated Week 4,8,4.0,0.0,False,181.0,0.0,False,3_Vivica A. Fox,
3,6,Vivica A. Fox,Nick Kosovich,Actor/Actress,42,Eliminated Week 4,8,4.0,0.0,False,118.0,0.0,False,3_Vivica A. Fox,
3,7,Vivica A. Fox,Nick Kosovich,Actor/Actress,42,Eliminated Week 4,8,4.0,0.0,False,135.0,0.0,False,3_Vivica A. Fox,
3,8,Vivica A. Fox,Nick Kosovich,Actor/Actress,42,Eliminated Week 4,8,4.0,0.0,False,109.0,0.0,False,3_Vivica A. Fox,
3,9,Vivica A. Fox,Nick Kosovich,Actor/Actress,42,Eliminated Week 4,8,4.0,0.0,False,88.5,0.0,False,3_Vivica A. Fox,
3,10,Vivica A. Fox,Nick Kosovich,Actor/Actress,42,Eliminated Week 4,8,4.0,0.0,False,59.333200000000005,0.0,False,3_Vivica A. Fox,
3,1,Monique Coleman,Louis van Amstel,Actor/Actress,25,Eliminated Week 8,4,8.0,19.0,True,212.0,0.0896226415094339,False,3_Monique Coleman,0.0003009813500647
3,1,Monique Coleman,Louis van Amstel,Actor/Actress,25,Eliminated Week 8,4,8.0,19.0,True,212.0,0.0896226415094339,False,3_Monique Coleman,0.0003009813500647
3,2,Monique Coleman,Louis van Amstel,Actor/Actress,25,Eliminated Week 8,4,8.0,26.0,True,230.0,0.1130434782608695,False,3_Monique Coleman,0.000144517840165
3,2,Monique Coleman,Louis van Amstel,Actor/Actress,25,Eliminated Week 8,4,8.0,26.0,True,230.0,0.1130434782608695,False,3_Monique Coleman,0.000144517840165
3,3,Monique Coleman,Louis van Amstel,Actor/Actress,25,Eliminated Week 8,4,8.0,27.0,True,207.0,0.1304347826086956,False,3_Monique Coleman,0.0002105097957734
3,3,Monique Coleman,Louis van Amstel,Actor/Actress,25,Eliminated Week 8,4,8.0,27.0,True,207.0,0.1304347826086956,False,3_Monique Coleman,0.0002105097957734
3,4,Monique Coleman,Louis van Amstel,Actor/Actress,25,Eliminated Week 8,4,8.0,24.0,True,198.0,0.1212121212121212,False,3_Monique Coleman,0.0001693915526872
3,4,Monique Coleman,Louis van Amstel,Actor/Actress,25,Eliminated Week 8,4,8.0,24.0,True,198.0,0.1212121212121212,False,3_Monique Coleman,0.0001693915526872
3,5,Monique Coleman,Louis van Amstel,Actor/Actress,25,Eliminated Week 8,4,8.0,27.0,True,181.0,0.149171270718232,False,3_Monique Coleman,9.041781149995828e-17
3,5,Monique Coleman,Louis van Amstel,Actor/Actress,25,Eliminated Week 8,4,8.0,27.0,True,181.0,0.149171270718232,False,3_Monique Coleman,9.041781149995828e-17
3,6,Monique Coleman,Louis van Amstel,Actor/Actress,25,Eliminated Week 8,4,8.0,23.0,True,118.0,0.1949152542372881,False,3_Monique Coleman,0.0028178908190341
3,6,Monique Coleman,Louis van Amstel,Actor/Actress,25,Eliminated Week 8,4,8.0,23.0,True,118.0,0.1949152542372881,False,3_Monique Coleman,0.0028178908190341
3,7,Monique Coleman,Louis van Amstel,Actor/Actress,25,Eliminated Week 8,4,8.0,27.0,True,135.0,0.2,False,3_Monique Coleman,0.0023755349066129
3,7,Monique Coleman,Louis van Amstel,Actor/Actress,25,Eliminated Week 8,4,8.0,27.0,True,135.0,0.2,False,3_Monique Coleman,0.0023755349066129
3,8,Monique Coleman,Louis van Amstel,Actor/Actress,25,Eliminated Week 8,4,8.0,26.5,True,109.0,0.2431192660550458,True,3_Monique Coleman,0.0046291424382731
3,8,Monique Coleman,Louis van Amstel,Actor/Actress,25,Eliminated Week 8,4,8.0,26.5,True,109.0,0.2431192660550458,True,3_Monique Coleman,0.0046291424382731
3,9,Monique Coleman,Louis van Amstel,Actor/Actress,25,Eliminated Week 8,4,8.0,0.0,False,88.5,0.0,False,3_Monique Coleman,
3,10,Monique Coleman,Louis van Amstel,Actor/Actress,25,Eliminated Week 8,4,8.0,0.0,False,59.333200000000005,0.0,False,3_Monique Coleman,
3,1,Joey Lawrence,Edyta Sliwinska,Actor/Actress,30,3rd Place,3,,21.0,True,212.0,0.0990566037735849,False,3_Joey Lawrence,0.008734649814059
3,1,Joey Lawrence,Edyta Sliwinska,Actor/Actress,30,3rd Place,3,,21.0,True,212.0,0.0990566037735849,False,3_Joey Lawrence,0.008734649814059
3,2,Joey Lawrence,Edyta Sliwinska,Actor/Actress,30,3rd Place,3,,29.0,True,230.0,0.1260869565217391,False,3_Joey Lawrence,0.0087343689406832
3,2,Joey Lawrence,Edyta Sliwinska,Actor/Actress,30,3rd Place,3,,29.0,True,230.0,0.1260869565217391,False,3_Joey Lawrence,0.0087343689406832
3,3,Joey Lawrence,Edyta Sliwinska,Actor/Actress,30,3rd Place,3,,22.0,True,207.0,0.1062801932367149,False,3_Joey Lawrence,0.0091417145330347
3,3,Joey Lawrence,Edyta Sliwinska,Actor/Actress,30,3rd Place,3,,22.0,True,207.0,0.1062801932367149,False,3_Joey Lawrence,0.0091417145330347
3,4,Joey Lawrence,Edyta Sliwinska,Actor/Actress,30,3rd Place,3,,27.0,True,198.0,0.1363636363636363,False,3_Joey Lawrence,0.0098029055113505
3,4,Joey Lawrence,Edyta Sliwinska,Actor/Actress,30,3rd Place,3,,27.0,True,198.0,0.1363636363636363,False,3_Joey Lawrence,0.0098029055113505
3,5,Joey Lawrence,Edyta Sliwinska,Actor/Actress,30,3rd Place,3,,25.0,True,181.0,0.1381215469613259,False,3_Joey Lawrence,0.0109900971453251
3,5,Joey Lawrence,Edyta Sliwinska,Actor/Actress,30,3rd Place,3,,25.0,True,181.0,0.1381215469613259,False,3_Joey Lawrence,0.0109900971453251
3,6,Joey Lawrence,Edyta Sliwinska,Actor/Actress,30,3rd Place,3,,24.0,True,118.0,0.2033898305084746,False,3_Joey Lawrence,0.0121918774648936
3,6,Joey Lawrence,Edyta Sliwinska,Actor/Actress,30,3rd Place,3,,24.0,True,118.0,0.2033898305084746,False,3_Joey Lawrence,0.0121918774648936
3,7,Joey Lawrence,Edyta Sliwinska,Actor/Actress,30,3rd Place,3,,28.5,True,135.0,0.2111111111111111,False,3_Joey Lawrence,0.0102090066438348
3,7,Joey Lawrence,Edyta Sliwinska,Actor/Actress,30,3rd Place,3,,28.5,True,135.0,0.2111111111111111,False,3_Joey Lawrence,0.0102090066438348
3,8,Joey Lawrence,Edyta Sliwinska,Actor/Actress,30,3rd Place,3,,27.0,True,109.0,0.2477064220183486,False,3_Joey Lawrence,0.0110196520768555
3,8,Joey Lawrence,Edyta Sliwinska,Actor/Actress,30,3rd Place,3,,27.0,True,109.0,0.2477064220183486,False,3_Joey Lawrence,0.0110196520768555
3,9,Joey Lawrence,Edyta Sliwinska,Actor/Actress,30,3rd Place,3,,29.5,True,88.5,0.3333333333333333,False,3_Joey Lawrence,0.0094737073314737
3,9,Joey Lawrence,Edyta Sliwinska,Actor/Actress,30,3rd Place,3,,29.5,True,88.5,0.3333333333333333,False,3_Joey Lawrence,0.0094737073314737
3,10,Joey Lawrence,Edyta Sliwinska,Actor/Actress,30,3rd Place,3,,0.0,False,59.333200000000005,0.0,False,3_Joey Lawrence,
3,1,Mario Lopez,Karina Smirnoff,Actor/Actress,32,2nd Place,2,,26.0,True,212.0,0.1226415094339622,False,3_Mario Lopez,0.4758948901602877
3,1,Mario Lopez,Karina Smirnoff,Actor/Actress,32,2nd Place,2,,26.0,True,212.0,0.1226415094339622,False,3_Mario Lopez,0.4758948901602877
3,2,Mario Lopez,Karina Smirnoff,Actor/Actress,32,2nd Place,2,,21.0,True,230.0,0.0913043478260869,False,3_Mario Lopez,0.4758850572854011
3,2,Mario Lopez,Karina Smirnoff,Actor/Actress,32,2nd Place,2,,21.0,True,230.0,0.0913043478260869,False,3_Mario Lopez,0.4758850572854011
3,3,Mario Lopez,Karina Smirnoff,Actor/Actress,32,2nd Place,2,,22.0,True,207.0,0.1062801932367149,False,3_Mario Lopez,0.4762094929338986
3,3,Mario Lopez,Karina Smirnoff,Actor/Actress,32,2nd Place,2,,22.0,True,207.0,0.1062801932367149,False,3_Mario Lopez,0.4762094929338986
3,4,Mario Lopez,Karina Smirnoff,Actor/Actress,32,2nd Place,2,,29.0,True,198.0,0.1464646464646464,False,3_Mario Lopez,0.4768445918212077
3,4,Mario Lopez,Karina Smirnoff,Actor/Actress,32,2nd Place,2,,29.0,True,198.0,0.1464646464646464,False,3_Mario Lopez,0.4768445918212077
3,5,Mario Lopez,Karina Smirnoff,Actor/Actress,32,2nd Place,2,,27.0,True,181.0,0.149171270718232,False,3_Mario Lopez,0.4779902464723146
3,5,Mario Lopez,Karina Smirnoff,Actor/Actress,32,2nd Place,2,,27.0,True,181.0,0.149171270718232,False,3_Mario Lopez,0.4779902464723146
3,6,Mario Lopez,Karina Smirnoff,Actor/Actress,32,2nd Place,2,,28.0,True,118.0,0.2372881355932203,False,3_Mario Lopez,0.4840057187470417
3,6,Mario Lopez,Karina Smirnoff,Actor/Actress,32,2nd Place,2,,28.0,True,118.0,0.2372881355932203,False,3_Mario Lopez,0.4840057187470417
3,7,Mario Lopez,Karina Smirnoff,Actor/Actress,32,2nd Place,2,,28.0,True,135.0,0.2074074074074074,False,3_Mario Lopez,0.4866643252232152
3,7,Mario Lopez,Karina Smirnoff,Actor/Actress,32,2nd Place,2,,28.0,True,135.0,0.2074074074074074,False,3_Mario Lopez,0.4866643252232152
3,8,Mario Lopez,Karina Smirnoff,Actor/Actress,32,2nd Place,2,,28.5,True,109.0,0.2614678899082568,False,3_Mario Lopez,0.4921754195975926
3,8,Mario Lopez,Karina Smirnoff,Actor/Actress,32,2nd Place,2,,28.5,True,109.0,0.2614678899082568,False,3_Mario Lopez,0.4921754195975926
3,9,Mario Lopez,Karina Smirnoff,Actor/Actress,32,2nd Place,2,,29.5,True,88.5,0.3333333333333333,False,3_Mario Lopez,0.4952632636352527
3,9,Mario Lopez,Karina Smirnoff,Actor/Actress,32,2nd Place,2,,29.5,True,88.5,0.3333333333333333,False,3_Mario Lopez,0.4952632636352527
3,10,Mario Lopez,Karina Smirnoff,Actor/Actress,32,2nd Place,2,,29.666600000000003,True,59.333200000000005,0.5,False,3_Mario Lopez,0.4999999593013326
3,10,Mario Lopez,Karina Smirnoff,Actor/Actress,32,2nd Place,2,,29.666600000000003,True,59.333200000000005,0.5,False,3_Mario Lopez,0.4999999593013326
3,1,Emmitt Smith,Cheryl Burke,Athlete,37,1st Place,1,,24.0,True,212.0,0.1132075471698113,False,3_Emmitt Smith,0.4758948105041866
3,1,Emmitt Smith,Cheryl Burke,Athlete,37,1st Place,1,,24.0,True,212.0,0.1132075471698113,False,3_Emmitt Smith,0.4758948105041866
3,2,Emmitt Smith,Cheryl Burke,Athlete,37,1st Place,1,,24.0,True,230.0,0.1043478260869565,False,3_Emmitt Smith,0.4758852903812669
3,2,Emmitt Smith,Cheryl Burke,Athlete,37,1st Place,1,,24.0,True,230.0,0.1043478260869565,False,3_Emmitt Smith,0.4758852903812669
3,3,Emmitt Smith,Cheryl Burke,Athlete,37,1st Place,1,,19.0,True,207.0,0.0917874396135265,False,3_Emmitt Smith,0.4762091303522923
3,3,Emmitt Smith,Cheryl Burke,Athlete,37,1st Place,1,,19.0,True,207.0,0.0917874396135265,False,3_Emmitt Smith,0.4762091303522923
3,4,Emmitt Smith,Cheryl Burke,Athlete,37,1st Place,1,,24.0,True,198.0,0.1212121212121212,False,3_Emmitt Smith,0.4768450503063491
3,4,Emmitt Smith,Cheryl Burke,Athlete,37,1st Place,1,,24.0,True,198.0,0.1212121212121212,False,3_Emmitt Smith,0.4768450503063491
3,5,Emmitt Smith,Cheryl Burke,Athlete,37,1st Place,1,,27.0,True,181.0,0.149171270718232,False,3_Emmitt Smith,0.4779897383348037
3,5,Emmitt Smith,Cheryl Burke,Athlete,37,1st Place,1,,27.0,True,181.0,0.149171270718232,False,3_Emmitt Smith,0.4779897383348037
3,6,Emmitt Smith,Cheryl Burke,Athlete,37,1st Place,1,,25.0,True,118.0,0.211864406779661,False,3_Emmitt Smith,0.4840062286156494
3,6,Emmitt Smith,Cheryl Burke,Athlete,37,1st Place,1,,25.0,True,118.0,0.211864406779661,False,3_Emmitt Smith,0.4840062286156494
3,7,Emmitt Smith,Cheryl Burke,Athlete,37,1st Place,1,,28.5,True,135.0,0.2111111111111111,False,3_Emmitt Smith,0.4866638652438132
3,7,Emmitt Smith,Cheryl Burke,Athlete,37,1st Place,1,,28.5,True,135.0,0.2111111111111111,False,3_Emmitt Smith,0.4866638652438132
3,8,Emmitt Smith,Cheryl Burke,Athlete,37,1st Place,1,,27.0,True,109.0,0.2477064220183486,False,3_Emmitt Smith,0.4921757858872787
3,8,Emmitt Smith,Cheryl Burke,Athlete,37,1st Place,1,,27.0,True,109.0,0.2477064220183486,False,3_Emmitt Smith,0.4921757858872787
3,9,Emmitt Smith,Cheryl Burke,Athlete,37,1st Place,1,,29.5,True,88.5,0.3333333333333333,False,3_Emmitt Smith,0.4952630290332734
3,9,Emmitt Smith,Cheryl Burke,Athlete,37,1st Place,1,,29.5,True,88.5,0.3333333333333333,False,3_Emmitt Smith,0.4952630290332734
3,10,Emmitt Smith,Cheryl Burke,Athlete,37,1st Place,1,,29.666600000000003,True,59.333200000000005,0.5,False,3_Emmitt Smith,0.5000000406986673
3,10,Emmitt Smith,Cheryl Burke,Athlete,37,1st Place,1,,29.666600000000003,True,59.333200000000005,0.5,False,3_Emmitt Smith,0.5000000406986673
3,1,Shanna Moakler,Jesse DeSoto,Model,31,Eliminated Week 2,10,2.0,18.0,True,212.0,0.0849056603773584,False,3_Shanna Moakler,4.2367496410605245e-05
3,1,Shanna Moakler,Jesse DeSoto,Model,31,Eliminated Week 2,10,2.0,18.0,True,212.0,0.0849056603773584,False,3_Shanna Moakler,4.2367496410605245e-05
3,2,Shanna Moakler,Jesse DeSoto,Model,31,Eliminated Week 2,10,2.0,22.0,True,230.0,0.0956521739130434,True,3_Shanna Moakler,1.0538619500135116e-17
3,2,Shanna Moakler,Jesse DeSoto,Model,31,Eliminated Week 2,10,2.0,22.0,True,230.0,0.0956521739130434,True,3_Shanna Moakler,1.0538619500135116e-17
3,3,Shanna Moakler,Jesse DeSoto,Model,31,Eliminated Week 2,10,2.0,0.0,False,207.0,0.0,False,3_Shanna Moakler,
3,4,Shanna Moakler,Jesse DeSoto,Model,31,Eliminated Week 2,10,2.0,0.0,False,198.0,0.0,False,3_Shanna Moakler,
3,5,Shanna Moakler,Jesse DeSoto,Model,31,Eliminated Week 2,10,2.0,0.0,False,181.0,0.0,False,3_Shanna Moakler,
3,6,Shanna Moakler,Jesse DeSoto,Model,31,Eliminated Week 2,10,2.0,0.0,False,118.0,0.0,False,3_Shanna Moakler,
3,7,Shanna Moakler,Jesse DeSoto,Model,31,Eliminated Week 2,10,2.0,0.0,False,135.0,0.0,False,3_Shanna Moakler,
3,8,Shanna Moakler,Jesse DeSoto,Model,31,Eliminated Week 2,10,2.0,0.0,False,109.0,0.0,False,3_Shanna Moakler,
3,9,Shanna Moakler,Jesse DeSoto,Model,31,Eliminated Week 2,10,2.0,0.0,False,88.5,0.0,False,3_Shanna Moakler,
3,10,Shanna Moakler,Jesse DeSoto,Model,31,Eliminated Week 2,10,2.0,0.0,False,59.333200000000005,0.0,False,3_Shanna Moakler,
3,1,Willa Ford,Maksim Chmerkoskiy,Singer/Rapper,25,Eliminated Week 5,7,5.0,22.0,True,212.0,0.1037735849056603,False,3_Willa Ford,0.0015387596839037
3,1,Willa Ford,Maksim Chmerkoskiy,Singer/Rapper,25,Eliminated Week 5,7,5.0,22.0,True,212.0,0.1037735849056603,False,3_Willa Ford,0.0015387596839037
3,2,Willa Ford,Maksim Chmerkoskiy,Singer/Rapper,25,Eliminated Week 5,7,5.0,23.0,True,230.0,0.1,False,3_Willa Ford,0.001678933349679
3,2,Willa Ford,Maksim Chmerkoskiy,Singer/Rapper,25,Eliminated Week 5,7,5.0,23.0,True,230.0,0.1,False,3_Willa Ford,0.001678933349679
3,3,Willa Ford,Maksim Chmerkoskiy,Singer/Rapper,25,Eliminated Week 5,7,5.0,22.0,True,207.0,0.1062801932367149,False,3_Willa Ford,0.0020795536660339
3,3,Willa Ford,Maksim Chmerkoskiy,Singer/Rapper,25,Eliminated Week 5,7,5.0,22.0,True,207.0,0.1062801932367149,False,3_Willa Ford,0.0020795536660339
3,4,Willa Ford,Maksim Chmerkoskiy,Singer/Rapper,25,Eliminated Week 5,7,5.0,28.0,True,198.0,0.1414141414141414,False,3_Willa Ford,0.0007677289190625
3,4,Willa Ford,Maksim Chmerkoskiy,Singer/Rapper,25,Eliminated Week 5,7,5.0,28.0,True,198.0,0.1414141414141414,False,3_Willa Ford,0.0007677289190625
3,5,Willa Ford,Maksim Chmerkoskiy,Singer/Rapper,25,Eliminated Week 5,7,5.0,27.0,True,181.0,0.149171270718232,True,3_Willa Ford,5.1659485900382116e-18
3,5,Willa Ford,Maksim Chmerkoskiy,Singer/Rapper,25,Eliminated Week 5,7,5.0,27.0,True,181.0,0.149171270718232,True,3_Willa Ford,5.1659485900382116e-18
3,6,Willa Ford,Maksim Chmerkoskiy,Singer/Rapper,25,Eliminated Week 5,7,5.0,0.0,False,118.0,0.0,False,3_Willa Ford,
3,7,Willa Ford,Maksim Chmerkoskiy,Singer/Rapper,25,Eliminated Week 5,7,5.0,0.0,False,135.0,0.0,False,3_Willa Ford,
3,8,Willa Ford,Maksim Chmerkoskiy,Singer/Rapper,25,Eliminated Week 5,7,5.0,0.0,False,109.0,0.0,False,3_Willa Ford,
3,9,Willa Ford,Maksim Chmerkoskiy,Singer/Rapper,25,Eliminated Week 5,7,5.0,0.0,False,88.5,0.0,False,3_Willa Ford,
3,10,Willa Ford,Maksim Chmerkoskiy,Singer/Rapper,25,Eliminated Week 5,7,5.0,0.0,False,59.333200000000005,0.0,False,3_Willa Ford,
3,1,Sara Evans,Tony Dovolani,Singer/Rapper,35,Withdrew,6,,15.0,True,212.0,0.070754716981132,False,3_Sara Evans,0.0190953540386463
3,1,Sara Evans,Tony Dovolani,Singer/Rapper,35,Withdrew,6,,15.0,True,212.0,0.070754716981132,False,3_Sara Evans,0.0190953540386463
3,2,Sara Evans,Tony Dovolani,Singer/Rapper,35,Withdrew,6,,21.0,True,230.0,0.0913043478260869,False,3_Sara Evans,0.0191699986598495
3,2,Sara Evans,Tony Dovolani,Singer/Rapper,35,Withdrew,6,,21.0,True,230.0,0.0913043478260869,False,3_Sara Evans,0.0191699986598495
3,3,Sara Evans,Tony Dovolani,Singer/Rapper,35,Withdrew,6,,25.0,True,207.0,0.1207729468599033,False,3_Sara Evans,0.0194643283725799
3,3,Sara Evans,Tony Dovolani,Singer/Rapper,35,Withdrew,6,,25.0,True,207.0,0.1207729468599033,False,3_Sara Evans,0.0194643283725799
3,4,Sara Evans,Tony Dovolani,Singer/Rapper,35,Withdrew,6,,20.0,True,198.0,0.101010101010101,False,3_Sara Evans,0.0201794491282818
3,4,Sara Evans,Tony Dovolani,Singer/Rapper,35,Withdrew,6,,20.0,True,198.0,0.101010101010101,False,3_Sara Evans,0.0201794491282818
3,5,Sara Evans,Tony Dovolani,Singer/Rapper,35,Withdrew,6,,24.0,True,181.0,0.1325966850828729,False,3_Sara Evans,0.0165149590237782
3,5,Sara Evans,Tony Dovolani,Singer/Rapper,35,Withdrew,6,,24.0,True,181.0,0.1325966850828729,False,3_Sara Evans,0.0165149590237782
3,6,Sara Evans,Tony Dovolani,Singer/Rapper,35,Withdrew,6,,0.0,False,118.0,0.0,False,3_Sara Evans,
3,7,Sara Evans,Tony Dovolani,Singer/Rapper,35,Withdrew,6,,0.0,False,135.0,0.0,False,3_Sara Evans,
3,8,Sara Evans,Tony Dovolani,Singer/Rapper,35,Withdrew,6,,0.0,False,109.0,0.0,False,3_Sara Evans,
3,9,Sara Evans,Tony Dovolani,Singer/Rapper,35,Withdrew,6,,0.0,False,88.5,0.0,False,3_Sara Evans,
3,10,Sara Evans,Tony Dovolani,Singer/Rapper,35,Withdrew,6,,0.0,False,59.333200000000005,0.0,False,3_Sara Evans,
3,1,Jerry Springer,Kym Johnson,TV Personality,62,Eliminated Week 7,5,7.0,16.0,True,212.0,0.0754716981132075,False,3_Jerry Springer,0.0140898338414703
3,1,Jerry Springer,Kym Johnson,TV Personality,62,Eliminated Week 7,5,7.0,16.0,True,212.0,0.0754716981132075,False,3_Jerry Springer,0.0140898338414703
3,2,Jerry Springer,Kym Johnson,TV Personality,62,Eliminated Week 7,5,7.0,19.0,True,230.0,0.0826086956521739,False,3_Jerry Springer,0.0141710663439584
3,2,Jerry Springer,Kym Johnson,TV Personality,62,Eliminated Week 7,5,7.0,19.0,True,230.0,0.0826086956521739,False,3_Jerry Springer,0.0141710663439584
3,3,Jerry Springer,Kym Johnson,TV Personality,62,Eliminated Week 7,5,7.0,21.0,True,207.0,0.1014492753623188,False,3_Jerry Springer,0.0145794274401672
3,3,Jerry Springer,Kym Johnson,TV Personality,62,Eliminated Week 7,5,7.0,21.0,True,207.0,0.1014492753623188,False,3_Jerry Springer,0.0145794274401672
3,4,Jerry Springer,Kym Johnson,TV Personality,62,Eliminated Week 7,5,7.0,22.0,True,198.0,0.1111111111111111,False,3_Jerry Springer,0.0153908827610611
3,4,Jerry Springer,Kym Johnson,TV Personality,62,Eliminated Week 7,5,7.0,22.0,True,198.0,0.1111111111111111,False,3_Jerry Springer,0.0153908827610611
3,5,Jerry Springer,Kym Johnson,TV Personality,62,Eliminated Week 7,5,7.0,24.0,True,181.0,0.1325966850828729,False,3_Jerry Springer,0.0165149590237783
3,5,Jerry Springer,Kym Johnson,TV Personality,62,Eliminated Week 7,5,7.0,24.0,True,181.0,0.1325966850828729,False,3_Jerry Springer,0.0165149590237783
3,6,Jerry Springer,Kym Johnson,TV Personality,62,Eliminated Week 7,5,7.0,18.0,True,118.0,0.1525423728813559,False,3_Jerry Springer,0.016978284353381
3,6,Jerry Springer,Kym Johnson,TV Personality,62,Eliminated Week 7,5,7.0,18.0,True,118.0,0.1525423728813559,False,3_Jerry Springer,0.016978284353381
3,7,Jerry Springer,Kym Johnson,TV Personality,62,Eliminated Week 7,5,7.0,23.0,True,135.0,0.1703703703703703,True,3_Jerry Springer,0.0140872679825238
3,7,Jerry Springer,Kym Johnson,TV Personality,62,Eliminated Week 7,5,7.0,23.0,True,135.0,0.1703703703703703,True,3_Jerry Springer,0.0140872679825238
3,8,Jerry Springer,Kym Johnson,TV Personality,62,Eliminated Week 7,5,7.0,0.0,False,109.0,0.0,False,3_Jerry Springer,
3,9,Jerry Springer,Kym Johnson,TV Personality,62,Eliminated Week 7,5,7.0,0.0,False,88.5,0.0,False,3_Jerry Springer,
3,10,Jerry Springer,Kym Johnson,TV Personality,62,Eliminated Week 7,5,7.0,0.0,False,59.333200000000005,0.0,False,3_Jerry Springer,
3,1,Tucker Carlson,Elena Grinenko,TV Personality,37,Eliminated Week 1,11,1.0,12.0,True,212.0,0.0566037735849056,True,3_Tucker Carlson,8.837673108133742e-05
3,1,Tucker Carlson,Elena Grinenko,TV Personality,37,Eliminated Week 1,11,1.0,12.0,True,212.0,0.0566037735849056,True,3_Tucker Carlson,8.837673108133742e-05
3,2,Tucker Carlson,Elena Grinenko,TV Personality,37,Eliminated Week 1,11,1.0,0.0,False,230.0,0.0,False,3_Tucker Carlson,
3,3,Tucker Carlson,Elena Grinenko,TV Personality,37,Eliminated Week 1,11,1.0,0.0,False,207.0,0.0,False,3_Tucker Carlson,
3,4,Tucker Carlson,Elena Grinenko,TV Personality,37,Eliminated Week 1,11,1.0,0.0,False,198.0,0.0,False,3_Tucker Carlson,
3,5,Tucker Carlson,Elena Grinenko,TV Personality,37,Eliminated Week 1,11,1.0,0.0,False,181.0,0.0,False,3_Tucker Carlson,
3,6,Tucker Carlson,Elena Grinenko,TV Personality,37,Eliminated Week 1,11,1.0,0.0,False,118.0,0.0,False,3_Tucker Carlson,
3,7,Tucker Carlson,Elena Grinenko,TV Personality,37,Eliminated Week 1,11,1.0,0.0,False,135.0,0.0,False,3_Tucker Carlson,
3,8,Tucker Carlson,Elena Grinenko,TV Personality,37,Eliminated Week 1,11,1.0,0.0,False,109.0,0.0,False,3_Tucker Carlson,
3,9,Tucker Carlson,Elena Grinenko,TV Personality,37,Eliminated Week 1,11,1.0,0.0,False,88.5,0.0,False,3_Tucker Carlson,
3,10,Tucker Carlson,Elena Grinenko,TV Personality,37,Eliminated Week 1,11,1.0,0.0,False,59.333200000000005,0.0,False,3_Tucker Carlson,
4,1,John Ratzenberger,Edyta Sliwinska,Actor/Actress,59,Eliminated Week 7,6,7.0,17.0,True,206.0,0.0825242718446602,False,4_John Ratzenberger,0.0195006837509622
4,1,John Ratzenberger,Edyta Sliwinska,Actor/Actress,59,Eliminated Week 7,6,7.0,17.0,True,206.0,0.0825242718446602,False,4_John Ratzenberger,0.0195006837509622
4,2,John Ratzenberger,Edyta Sliwinska,Actor/Actress,59,Eliminated Week 7,6,7.0,21.0,True,245.0,0.0857142857142857,False,4_John Ratzenberger,0.0194356016700431
4,2,John Ratzenberger,Edyta Sliwinska,Actor/Actress,59,Eliminated Week 7,6,7.0,21.0,True,245.0,0.0857142857142857,False,4_John Ratzenberger,0.0194356016700431
4,3,John Ratzenberger,Edyta Sliwinska,Actor/Actress,59,Eliminated Week 7,6,7.0,20.0,True,218.0,0.091743119266055,False,4_John Ratzenberger,0.0197621184404198
4,3,John Ratzenberger,Edyta Sliwinska,Actor/Actress,59,Eliminated Week 7,6,7.0,20.0,True,218.0,0.091743119266055,False,4_John Ratzenberger,0.0197621184404198
4,4,John Ratzenberger,Edyta Sliwinska,Actor/Actress,59,Eliminated Week 7,6,7.0,16.0,True,190.0,0.0842105263157894,False,4_John Ratzenberger,0.020185686175759
4,4,John Ratzenberger,Edyta Sliwinska,Actor/Actress,59,Eliminated Week 7,6,7.0,16.0,True,190.0,0.0842105263157894,False,4_John Ratzenberger,0.020185686175759
4,5,John Ratzenberger,Edyta Sliwinska,Actor/Actress,59,Eliminated Week 7,6,7.0,18.0,True,176.0,0.1022727272727272,False,4_John Ratzenberger,0.0204898447724515
4,5,John Ratzenberger,Edyta Sliwinska,Actor/Actress,59,Eliminated Week 7,6,7.0,18.0,True,176.0,0.1022727272727272,False,4_John Ratzenberger,0.0204898447724515
4,6,John Ratzenberger,Edyta Sliwinska,Actor/Actress,59,Eliminated Week 7,6,7.0,19.0,True,170.0,0.1117647058823529,False,4_John Ratzenberger,0.0234654664768973
4,6,John Ratzenberger,Edyta Sliwinska,Actor/Actress,59,Eliminated Week 7,6,7.0,19.0,True,170.0,0.1117647058823529,False,4_John Ratzenberger,0.0234654664768973
4,7,John Ratzenberger,Edyta Sliwinska,Actor/Actress,59,Eliminated Week 7,6,7.0,22.5,True,154.5,0.145631067961165,True,4_John Ratzenberger,0.0124518223641563
4,7,John Ratzenberger,Edyta Sliwinska,Actor/Actress,59,Eliminated Week 7,6,7.0,22.5,True,154.5,0.145631067961165,True,4_John Ratzenberger,0.0124518223641563
4,8,John Ratzenberger,Edyta Sliwinska,Actor/Actress,59,Eliminated Week 7,6,7.0,0.0,False,125.5,0.0,False,4_John Ratzenberger,
4,9,John Ratzenberger,Edyta Sliwinska,Actor/Actress,59,Eliminated Week 7,6,7.0,0.0,False,118.5,0.0,False,4_John Ratzenberger,
4,10,John Ratzenberger,Edyta Sliwinska,Actor/Actress,59,Eliminated Week 7,6,7.0,0.0,False,86.33290000000001,0.0,False,4_John Ratzenberger,
4,1,Ian Ziering,Cheryl Burke,Actor/Actress,42,Eliminated Week 9,4,9.0,21.0,True,206.0,0.1019417475728155,False,4_Ian Ziering,2.987393412531891e-05
4,1,Ian Ziering,Cheryl Burke,Actor/Actress,42,Eliminated Week 9,4,9.0,21.0,True,206.0,0.1019417475728155,False,4_Ian Ziering,2.987393412531891e-05
4,2,Ian Ziering,Cheryl Burke,Actor/Actress,42,Eliminated Week 9,4,9.0,22.0,True,245.0,0.0897959183673469,False,4_Ian Ziering,3.039299401373202e-17
4,2,Ian Ziering,Cheryl Burke,Actor/Actress,42,Eliminated Week 9,4,9.0,22.0,True,245.0,0.0897959183673469,False,4_Ian Ziering,3.039299401373202e-17
4,3,Ian Ziering,Cheryl Burke,Actor/Actress,42,Eliminated Week 9,4,9.0,24.0,True,218.0,0.110091743119266,False,4_Ian Ziering,0.0001015644510037
4,3,Ian Ziering,Cheryl Burke,Actor/Actress,42,Eliminated Week 9,4,9.0,24.0,True,218.0,0.110091743119266,False,4_Ian Ziering,0.0001015644510037
4,4,Ian Ziering,Cheryl Burke,Actor/Actress,42,Eliminated Week 9,4,9.0,24.0,True,190.0,0.1263157894736842,False,4_Ian Ziering,0.000149602947993
4,4,Ian Ziering,Cheryl Burke,Actor/Actress,42,Eliminated Week 9,4,9.0,24.0,True,190.0,0.1263157894736842,False,4_Ian Ziering,0.000149602947993
4,5,Ian Ziering,Cheryl Burke,Actor/Actress,42,Eliminated Week 9,4,9.0,24.0,True,176.0,0.1363636363636363,False,4_Ian Ziering,5.438884071002812e-18
4,5,Ian Ziering,Cheryl Burke,Actor/Actress,42,Eliminated Week 9,4,9.0,24.0,True,176.0,0.1363636363636363,False,4_Ian Ziering,5.438884071002812e-18
4,6,Ian Ziering,Cheryl Burke,Actor/Actress,42,Eliminated Week 9,4,9.0,24.0,True,170.0,0.1411764705882353,False,4_Ian Ziering,0.0006939958824289
4,6,Ian Ziering,Cheryl Burke,Actor/Actress,42,Eliminated Week 9,4,9.0,24.0,True,170.0,0.1411764705882353,False,4_Ian Ziering,0.0006939958824289
4,7,Ian Ziering,Cheryl Burke,Actor/Actress,42,Eliminated Week 9,4,9.0,27.0,True,154.5,0.174757281553398,False,4_Ian Ziering,0.000679836532509
4,7,Ian Ziering,Cheryl Burke,Actor/Actress,42,Eliminated Week 9,4,9.0,27.0,True,154.5,0.174757281553398,False,4_Ian Ziering,0.000679836532509
4,8,Ian Ziering,Cheryl Burke,Actor/Actress,42,Eliminated Week 9,4,9.0,23.5,True,125.5,0.1872509960159362,False,4_Ian Ziering,0.0026898681352436
4,8,Ian Ziering,Cheryl Burke,Actor/Actress,42,Eliminated Week 9,4,9.0,23.5,True,125.5,0.1872509960159362,False,4_Ian Ziering,0.0026898681352436
4,9,Ian Ziering,Cheryl Burke,Actor/Actress,42,Eliminated Week 9,4,9.0,29.0,True,118.5,0.2447257383966244,True,4_Ian Ziering,0.0084114232611523
4,9,Ian Ziering,Cheryl Burke,Actor/Actress,42,Eliminated Week 9,4,9.0,29.0,True,118.5,0.2447257383966244,True,4_Ian Ziering,0.0084114232611523
4,10,Ian Ziering,Cheryl Burke,Actor/Actress,42,Eliminated Week 9,4,9.0,0.0,False,86.33290000000001,0.0,False,4_Ian Ziering,
4,1,Clyde Drexler,Elena Grinenko,Athlete,44,Eliminated Week 5,8,5.0,16.0,True,206.0,0.0776699029126213,False,4_Clyde Drexler,0.0224905407325778
4,1,Clyde Drexler,Elena Grinenko,Athlete,44,Eliminated Week 5,8,5.0,16.0,True,206.0,0.0776699029126213,False,4_Clyde Drexler,0.0224905407325778
4,2,Clyde Drexler,Elena Grinenko,Athlete,44,Eliminated Week 5,8,5.0,18.0,True,245.0,0.073469387755102,False,4_Clyde Drexler,0.0226862482478995
4,2,Clyde Drexler,Elena Grinenko,Athlete,44,Eliminated Week 5,8,5.0,18.0,True,245.0,0.073469387755102,False,4_Clyde Drexler,0.0226862482478995
4,3,Clyde Drexler,Elena Grinenko,Athlete,44,Eliminated Week 5,8,5.0,16.0,True,218.0,0.073394495412844,False,4_Clyde Drexler,0.0233647005725856
4,3,Clyde Drexler,Elena Grinenko,Athlete,44,Eliminated Week 5,8,5.0,16.0,True,218.0,0.073394495412844,False,4_Clyde Drexler,0.0233647005725856
4,4,Clyde Drexler,Elena Grinenko,Athlete,44,Eliminated Week 5,8,5.0,15.0,True,190.0,0.0789473684210526,False,4_Clyde Drexler,0.0204641869667168
4,4,Clyde Drexler,Elena Grinenko,Athlete,44,Eliminated Week 5,8,5.0,15.0,True,190.0,0.0789473684210526,False,4_Clyde Drexler,0.0204641869667168
4,5,Clyde Drexler,Elena Grinenko,Athlete,44,Eliminated Week 5,8,5.0,13.0,True,176.0,0.0738636363636363,True,4_Clyde Drexler,0.0176881772936885
4,5,Clyde Drexler,Elena Grinenko,Athlete,44,Eliminated Week 5,8,5.0,13.0,True,176.0,0.0738636363636363,True,4_Clyde Drexler,0.0176881772936885
4,6,Clyde Drexler,Elena Grinenko,Athlete,44,Eliminated Week 5,8,5.0,0.0,False,170.0,0.0,False,4_Clyde Drexler,
4,7,Clyde Drexler,Elena Grinenko,Athlete,44,Eliminated Week 5,8,5.0,0.0,False,154.5,0.0,False,4_Clyde Drexler,
4,8,Clyde Drexler,Elena Grinenko,Athlete,44,Eliminated Week 5,8,5.0,0.0,False,125.5,0.0,False,4_Clyde Drexler,
4,9,Clyde Drexler,Elena Grinenko,Athlete,44,Eliminated Week 5,8,5.0,0.0,False,118.5,0.0,False,4_Clyde Drexler,
4,10,Clyde Drexler,Elena Grinenko,Athlete,44,Eliminated Week 5,8,5.0,0.0,False,86.33290000000001,0.0,False,4_Clyde Drexler,
4,1,Laila Ali,Maksim Chmerkoskiy,Athlete,29,3rd Place,3,,23.0,True,206.0,0.1116504854368932,False,4_Laila Ali,0.309342699224841
4,1,Laila Ali,Maksim Chmerkoskiy,Athlete,29,3rd Place,3,,23.0,True,206.0,0.1116504854368932,False,4_Laila Ali,0.309342699224841
4,2,Laila Ali,Maksim Chmerkoskiy,Athlete,29,3rd Place,3,,27.0,True,245.0,0.110204081632653,False,4_Laila Ali,0.3093397383144822
4,2,Laila Ali,Maksim Chmerkoskiy,Athlete,29,3rd Place,3,,27.0,True,245.0,0.110204081632653,False,4_Laila Ali,0.3093397383144822
4,3,Laila Ali,Maksim Chmerkoskiy,Athlete,29,3rd Place,3,,21.0,True,218.0,0.0963302752293578,False,4_Laila Ali,0.309928852631078
4,3,Laila Ali,Maksim Chmerkoskiy,Athlete,29,3rd Place,3,,21.0,True,218.0,0.0963302752293578,False,4_Laila Ali,0.309928852631078
4,4,Laila Ali,Maksim Chmerkoskiy,Athlete,29,3rd Place,3,,21.0,True,190.0,0.1105263157894736,False,4_Laila Ali,0.3106004745463404
4,4,Laila Ali,Maksim Chmerkoskiy,Athlete,29,3rd Place,3,,21.0,True,190.0,0.1105263157894736,False,4_Laila Ali,0.3106004745463404
4,5,Laila Ali,Maksim Chmerkoskiy,Athlete,29,3rd Place,3,,28.0,True,176.0,0.1590909090909091,False,4_Laila Ali,0.3111904103725969
4,5,Laila Ali,Maksim Chmerkoskiy,Athlete,29,3rd Place,3,,28.0,True,176.0,0.1590909090909091,False,4_Laila Ali,0.3111904103725969
4,6,Laila Ali,Maksim Chmerkoskiy,Athlete,29,3rd Place,3,,28.0,True,170.0,0.1647058823529411,False,4_Laila Ali,0.3146152004993879
4,6,Laila Ali,Maksim Chmerkoskiy,Athlete,29,3rd Place,3,,28.0,True,170.0,0.1647058823529411,False,4_Laila Ali,0.3146152004993879
4,7,Laila Ali,Maksim Chmerkoskiy,Athlete,29,3rd Place,3,,29.5,True,154.5,0.1909385113268608,False,4_Laila Ali,0.3172695029777465
4,7,Laila Ali,Maksim Chmerkoskiy,Athlete,29,3rd Place,3,,29.5,True,154.5,0.1909385113268608,False,4_Laila Ali,0.3172695029777465
4,8,Laila Ali,Maksim Chmerkoskiy,Athlete,29,3rd Place,3,,26.5,True,125.5,0.2111553784860557,False,4_Laila Ali,0.3220103419200935
4,8,Laila Ali,Maksim Chmerkoskiy,Athlete,29,3rd Place,3,,26.5,True,125.5,0.2111553784860557,False,4_Laila Ali,0.3220103419200935
4,9,Laila Ali,Maksim Chmerkoskiy,Athlete,29,3rd Place,3,,30.0,True,118.5,0.2531645569620253,False,4_Laila Ali,0.3305293113951226
4,9,Laila Ali,Maksim Chmerkoskiy,Athlete,29,3rd Place,3,,30.0,True,118.5,0.2531645569620253,False,4_Laila Ali,0.3305293113951226
4,10,Laila Ali,Maksim Chmerkoskiy,Athlete,29,3rd Place,3,,28.333200000000005,True,86.33290000000001,0.3281854310465651,False,4_Laila Ali,0.3333334130045546
4,10,Laila Ali,Maksim Chmerkoskiy,Athlete,29,3rd Place,3,,28.333200000000005,True,86.33290000000001,0.3281854310465651,False,4_Laila Ali,0.3333334130045546
4,1,Apolo Anton Ohno,Julianne Hough,Athlete,24,1st Place,1,,21.0,True,206.0,0.1019417475728155,False,4_Apolo Anton Ohno,0.3093427736744837
4,1,Apolo Anton Ohno,Julianne Hough,Athlete,24,1st Place,1,,21.0,True,206.0,0.1019417475728155,False,4_Apolo Anton Ohno,0.3093427736744837
4,2,Apolo Anton Ohno,Julianne Hough,Athlete,24,1st Place,1,,26.0,True,245.0,0.1061224489795918,False,4_Apolo Anton Ohno,0.3093394911125872
4,2,Apolo Anton Ohno,Julianne Hough,Athlete,24,1st Place,1,,26.0,True,245.0,0.1061224489795918,False,4_Apolo Anton Ohno,0.3093394911125872
4,3,Apolo Anton Ohno,Julianne Hough,Athlete,24,1st Place,1,,23.0,True,218.0,0.1055045871559633,False,4_Apolo Anton Ohno,0.3099293367366002
4,3,Apolo Anton Ohno,Julianne Hough,Athlete,24,1st Place,1,,23.0,True,218.0,0.1055045871559633,False,4_Apolo Anton Ohno,0.3099293367366002
4,4,Apolo Anton Ohno,Julianne Hough,Athlete,24,1st Place,1,,26.0,True,190.0,0.1368421052631579,False,4_Apolo Anton Ohno,0.3105996950217354
4,4,Apolo Anton Ohno,Julianne Hough,Athlete,24,1st Place,1,,26.0,True,190.0,0.1368421052631579,False,4_Apolo Anton Ohno,0.3105996950217354
4,5,Apolo Anton Ohno,Julianne Hough,Athlete,24,1st Place,1,,30.0,True,176.0,0.1704545454545454,False,4_Apolo Anton Ohno,0.3111914985871173
4,5,Apolo Anton Ohno,Julianne Hough,Athlete,24,1st Place,1,,30.0,True,176.0,0.1704545454545454,False,4_Apolo Anton Ohno,0.3111914985871173
4,6,Apolo Anton Ohno,Julianne Hough,Athlete,24,1st Place,1,,28.0,True,170.0,0.1647058823529411,False,4_Apolo Anton Ohno,0.3146138786720132
4,6,Apolo Anton Ohno,Julianne Hough,Athlete,24,1st Place,1,,28.0,True,170.0,0.1647058823529411,False,4_Apolo Anton Ohno,0.3146138786720132
4,7,Apolo Anton Ohno,Julianne Hough,Athlete,24,1st Place,1,,27.0,True,154.5,0.174757281553398,False,4_Apolo Anton Ohno,0.3172708966007714
4,7,Apolo Anton Ohno,Julianne Hough,Athlete,24,1st Place,1,,27.0,True,154.5,0.174757281553398,False,4_Apolo Anton Ohno,0.3172708966007714
4,8,Apolo Anton Ohno,Julianne Hough,Athlete,24,1st Place,1,,29.0,True,125.5,0.2310756972111553,False,4_Apolo Anton Ohno,0.3220091026841024
4,8,Apolo Anton Ohno,Julianne Hough,Athlete,24,1st Place,1,,29.0,True,125.5,0.2310756972111553,False,4_Apolo Anton Ohno,0.3220091026841024
4,9,Apolo Anton Ohno,Julianne Hough,Athlete,24,1st Place,1,,29.5,True,118.5,0.2489451476793249,False,4_Apolo Anton Ohno,0.3305301698737987
4,9,Apolo Anton Ohno,Julianne Hough,Athlete,24,1st Place,1,,29.5,True,118.5,0.2489451476793249,False,4_Apolo Anton Ohno,0.3305301698737987
4,10,Apolo Anton Ohno,Julianne Hough,Athlete,24,1st Place,1,,29.3332,True,86.33290000000001,0.3397685007685366,False,4_Apolo Anton Ohno,0.3333331066723642
4,10,Apolo Anton Ohno,Julianne Hough,Athlete,24,1st Place,1,,29.3332,True,86.33290000000001,0.3397685007685366,False,4_Apolo Anton Ohno,0.3333331066723642
4,1,Shandi Finnessey,Brian Fortuna,Beauty Pagent,28,Eliminated Week 3,10,3.0,19.0,True,206.0,0.0922330097087378,False,4_Shandi Finnessey,0.0041841913472597
4,1,Shandi Finnessey,Brian Fortuna,Beauty Pagent,28,Eliminated Week 3,10,3.0,19.0,True,206.0,0.0922330097087378,False,4_Shandi Finnessey,0.0041841913472597
4,2,Shandi Finnessey,Brian Fortuna,Beauty Pagent,28,Eliminated Week 3,10,3.0,20.0,True,245.0,0.0816326530612244,False,4_Shandi Finnessey,0.0040724093190991
4,2,Shandi Finnessey,Brian Fortuna,Beauty Pagent,28,Eliminated Week 3,10,3.0,20.0,True,245.0,0.0816326530612244,False,4_Shandi Finnessey,0.0040724093190991
4,3,Shandi Finnessey,Brian Fortuna,Beauty Pagent,28,Eliminated Week 3,10,3.0,21.0,True,218.0,0.0963302752293578,True,4_Shandi Finnessey,0.0004601597045747
4,3,Shandi Finnessey,Brian Fortuna,Beauty Pagent,28,Eliminated Week 3,10,3.0,21.0,True,218.0,0.0963302752293578,True,4_Shandi Finnessey,0.0004601597045747
4,4,Shandi Finnessey,Brian Fortuna,Beauty Pagent,28,Eliminated Week 3,10,3.0,0.0,False,190.0,0.0,False,4_Shandi Finnessey,
4,5,Shandi Finnessey,Brian Fortuna,Beauty Pagent,28,Eliminated Week 3,10,3.0,0.0,False,176.0,0.0,False,4_Shandi Finnessey,
4,6,Shandi Finnessey,Brian Fortuna,Beauty Pagent,28,Eliminated Week 3,10,3.0,0.0,False,170.0,0.0,False,4_Shandi Finnessey,
4,7,Shandi Finnessey,Brian Fortuna,Beauty Pagent,28,Eliminated Week 3,10,3.0,0.0,False,154.5,0.0,False,4_Shandi Finnessey,
4,8,Shandi Finnessey,Brian Fortuna,Beauty Pagent,28,Eliminated Week 3,10,3.0,0.0,False,125.5,0.0,False,4_Shandi Finnessey,
4,9,Shandi Finnessey,Brian Fortuna,Beauty Pagent,28,Eliminated Week 3,10,3.0,0.0,False,118.5,0.0,False,4_Shandi Finnessey,
4,10,Shandi Finnessey,Brian Fortuna,Beauty Pagent,28,Eliminated Week 3,10,3.0,0.0,False,86.33290000000001,0.0,False,4_Shandi Finnessey,
4,1,Paulina Porizkova,Alec Mazo,Model,41,Eliminated Week 2,11,2.0,19.0,True,206.0,0.0922330097087378,False,4_Paulina Porizkova,1.7590500308020225e-05
4,1,Paulina Porizkova,Alec Mazo,Model,41,Eliminated Week 2,11,2.0,19.0,True,206.0,0.0922330097087378,False,4_Paulina Porizkova,1.7590500308020225e-05
4,2,Paulina Porizkova,Alec Mazo,Model,41,Eliminated Week 2,11,2.0,21.0,True,245.0,0.0857142857142857,True,4_Paulina Porizkova,1.8366522334437234e-18
4,2,Paulina Porizkova,Alec Mazo,Model,41,Eliminated Week 2,11,2.0,21.0,True,245.0,0.0857142857142857,True,4_Paulina Porizkova,1.8366522334437234e-18
4,3,Paulina Porizkova,Alec Mazo,Model,41,Eliminated Week 2,11,2.0,0.0,False,218.0,0.0,False,4_Paulina Porizkova,
4,4,Paulina Porizkova,Alec Mazo,Model,41,Eliminated Week 2,11,2.0,0.0,False,190.0,0.0,False,4_Paulina Porizkova,
4,5,Paulina Porizkova,Alec Mazo,Model,41,Eliminated Week 2,11,2.0,0.0,False,176.0,0.0,False,4_Paulina Porizkova,
4,6,Paulina Porizkova,Alec Mazo,Model,41,Eliminated Week 2,11,2.0,0.0,False,170.0,0.0,False,4_Paulina Porizkova,
4,7,Paulina Porizkova,Alec Mazo,Model,41,Eliminated Week 2,11,2.0,0.0,False,154.5,0.0,False,4_Paulina Porizkova,
4,8,Paulina Porizkova,Alec Mazo,Model,41,Eliminated Week 2,11,2.0,0.0,False,125.5,0.0,False,4_Paulina Porizkova,
4,9,Paulina Porizkova,Alec Mazo,Model,41,Eliminated Week 2,11,2.0,0.0,False,118.5,0.0,False,4_Paulina Porizkova,
4,10,Paulina Porizkova,Alec Mazo,Model,41,Eliminated Week 2,11,2.0,0.0,False,86.33290000000001,0.0,False,4_Paulina Porizkova,
4,1,Heather Mills,Jonathan Roberts,Model,39,Eliminated Week 6,7,6.0,18.0,True,206.0,0.087378640776699,False,4_Heather Mills,9.636794519757277e-05
4,1,Heather Mills,Jonathan Roberts,Model,39,Eliminated Week 6,7,6.0,18.0,True,206.0,0.087378640776699,False,4_Heather Mills,9.636794519757277e-05
4,2,Heather Mills,Jonathan Roberts,Model,39,Eliminated Week 6,7,6.0,24.0,True,245.0,0.0979591836734693,False,4_Heather Mills,7.6215382551755e-18
4,2,Heather Mills,Jonathan Roberts,Model,39,Eliminated Week 6,7,6.0,24.0,True,245.0,0.0979591836734693,False,4_Heather Mills,7.6215382551755e-18
4,3,Heather Mills,Jonathan Roberts,Model,39,Eliminated Week 6,7,6.0,24.0,True,218.0,0.110091743119266,False,4_Heather Mills,1.0481549011249833e-05
4,3,Heather Mills,Jonathan Roberts,Model,39,Eliminated Week 6,7,6.0,24.0,True,218.0,0.110091743119266,False,4_Heather Mills,1.0481549011249833e-05
4,4,Heather Mills,Jonathan Roberts,Model,39,Eliminated Week 6,7,6.0,23.0,True,190.0,0.1210526315789473,False,4_Heather Mills,4.406111229867215e-17
4,4,Heather Mills,Jonathan Roberts,Model,39,Eliminated Week 6,7,6.0,23.0,True,190.0,0.1210526315789473,False,4_Heather Mills,4.406111229867215e-17
4,5,Heather Mills,Jonathan Roberts,Model,39,Eliminated Week 6,7,6.0,21.0,True,176.0,0.1193181818181818,False,4_Heather Mills,1.3580077385772625e-17
4,5,Heather Mills,Jonathan Roberts,Model,39,Eliminated Week 6,7,6.0,21.0,True,176.0,0.1193181818181818,False,4_Heather Mills,1.3580077385772625e-17
4,6,Heather Mills,Jonathan Roberts,Model,39,Eliminated Week 6,7,6.0,23.0,True,170.0,0.1352941176470588,True,4_Heather Mills,1.7956150465329548e-17
4,6,Heather Mills,Jonathan Roberts,Model,39,Eliminated Week 6,7,6.0,23.0,True,170.0,0.1352941176470588,True,4_Heather Mills,1.7956150465329548e-17
4,7,Heather Mills,Jonathan Roberts,Model,39,Eliminated Week 6,7,6.0,0.0,False,154.5,0.0,False,4_Heather Mills,
4,8,Heather Mills,Jonathan Roberts,Model,39,Eliminated Week 6,7,6.0,0.0,False,125.5,0.0,False,4_Heather Mills,
4,9,Heather Mills,Jonathan Roberts,Model,39,Eliminated Week 6,7,6.0,0.0,False,118.5,0.0,False,4_Heather Mills,
4,10,Heather Mills,Jonathan Roberts,Model,39,Eliminated Week 6,7,6.0,0.0,False,86.33290000000001,0.0,False,4_Heather Mills,
4,1,Billy Ray Cyrus,Karina Smirnoff,Singer/Rapper,45,Eliminated Week 8,5,8.0,13.0,True,206.0,0.0631067961165048,False,4_Billy Ray Cyrus,0.0256527926024867
4,1,Billy Ray Cyrus,Karina Smirnoff,Singer/Rapper,45,Eliminated Week 8,5,8.0,13.0,True,206.0,0.0631067961165048,False,4_Billy Ray Cyrus,0.0256527926024867
4,2,Billy Ray Cyrus,Karina Smirnoff,Singer/Rapper,45,Eliminated Week 8,5,8.0,21.0,True,245.0,0.0857142857142857,False,4_Billy Ray Cyrus,0.0257861760393777
4,2,Billy Ray Cyrus,Karina Smirnoff,Singer/Rapper,45,Eliminated Week 8,5,8.0,21.0,True,245.0,0.0857142857142857,False,4_Billy Ray Cyrus,0.0257861760393777
4,3,Billy Ray Cyrus,Karina Smirnoff,Singer/Rapper,45,Eliminated Week 8,5,8.0,21.0,True,218.0,0.0963302752293578,False,4_Billy Ray Cyrus,0.0264802281318491
4,3,Billy Ray Cyrus,Karina Smirnoff,Singer/Rapper,45,Eliminated Week 8,5,8.0,21.0,True,218.0,0.0963302752293578,False,4_Billy Ray Cyrus,0.0264802281318491
4,4,Billy Ray Cyrus,Karina Smirnoff,Singer/Rapper,45,Eliminated Week 8,5,8.0,21.0,True,190.0,0.1105263157894736,False,4_Billy Ray Cyrus,0.0273194723859082
4,4,Billy Ray Cyrus,Karina Smirnoff,Singer/Rapper,45,Eliminated Week 8,5,8.0,21.0,True,190.0,0.1105263157894736,False,4_Billy Ray Cyrus,0.0273194723859082
4,5,Billy Ray Cyrus,Karina Smirnoff,Singer/Rapper,45,Eliminated Week 8,5,8.0,17.0,True,176.0,0.096590909090909,False,4_Billy Ray Cyrus,0.0282506145098556
4,5,Billy Ray Cyrus,Karina Smirnoff,Singer/Rapper,45,Eliminated Week 8,5,8.0,17.0,True,176.0,0.096590909090909,False,4_Billy Ray Cyrus,0.0282506145098556
4,6,Billy Ray Cyrus,Karina Smirnoff,Singer/Rapper,45,Eliminated Week 8,5,8.0,21.0,True,170.0,0.1235294117647058,False,4_Billy Ray Cyrus,0.0319954473981814
4,6,Billy Ray Cyrus,Karina Smirnoff,Singer/Rapper,45,Eliminated Week 8,5,8.0,21.0,True,170.0,0.1235294117647058,False,4_Billy Ray Cyrus,0.0319954473981814
4,7,Billy Ray Cyrus,Karina Smirnoff,Singer/Rapper,45,Eliminated Week 8,5,8.0,19.0,True,154.5,0.1229773462783171,False,4_Billy Ray Cyrus,0.0350590452244175
4,7,Billy Ray Cyrus,Karina Smirnoff,Singer/Rapper,45,Eliminated Week 8,5,8.0,19.0,True,154.5,0.1229773462783171,False,4_Billy Ray Cyrus,0.0350590452244175
4,8,Billy Ray Cyrus,Karina Smirnoff,Singer/Rapper,45,Eliminated Week 8,5,8.0,19.0,True,125.5,0.1513944223107569,True,4_Billy Ray Cyrus,0.0312799479476482
4,8,Billy Ray Cyrus,Karina Smirnoff,Singer/Rapper,45,Eliminated Week 8,5,8.0,19.0,True,125.5,0.1513944223107569,True,4_Billy Ray Cyrus,0.0312799479476482
4,9,Billy Ray Cyrus,Karina Smirnoff,Singer/Rapper,45,Eliminated Week 8,5,8.0,0.0,False,118.5,0.0,False,4_Billy Ray Cyrus,
4,10,Billy Ray Cyrus,Karina Smirnoff,Singer/Rapper,45,Eliminated Week 8,5,8.0,0.0,False,86.33290000000001,0.0,False,4_Billy Ray Cyrus,
4,1,Joey Fatone,Kym Johnson,Singer/Rapper,30,2nd Place,2,,24.0,True,206.0,0.116504854368932,False,4_Joey Fatone,0.3093424862877576
4,1,Joey Fatone,Kym Johnson,Singer/Rapper,30,2nd Place,2,,24.0,True,206.0,0.116504854368932,False,4_Joey Fatone,0.3093424862877576
4,2,Joey Fatone,Kym Johnson,Singer/Rapper,30,2nd Place,2,,24.0,True,245.0,0.0979591836734693,False,4_Joey Fatone,0.309340335296511
4,2,Joey Fatone,Kym Johnson,Singer/Rapper,30,2nd Place,2,,24.0,True,245.0,0.0979591836734693,False,4_Joey Fatone,0.309340335296511
4,3,Joey Fatone,Kym Johnson,Singer/Rapper,30,2nd Place,2,,24.0,True,218.0,0.110091743119266,False,4_Joey Fatone,0.3099279844109343
4,3,Joey Fatone,Kym Johnson,Singer/Rapper,30,2nd Place,2,,24.0,True,218.0,0.110091743119266,False,4_Joey Fatone,0.3099279844109343
4,4,Joey Fatone,Kym Johnson,Singer/Rapper,30,2nd Place,2,,28.0,True,190.0,0.1473684210526315,False,4_Joey Fatone,0.3106014618497428
4,4,Joey Fatone,Kym Johnson,Singer/Rapper,30,2nd Place,2,,28.0,True,190.0,0.1473684210526315,False,4_Joey Fatone,0.3106014618497428
4,5,Joey Fatone,Kym Johnson,Singer/Rapper,30,2nd Place,2,,25.0,True,176.0,0.1420454545454545,False,4_Joey Fatone,0.31118945446429
4,5,Joey Fatone,Kym Johnson,Singer/Rapper,30,2nd Place,2,,25.0,True,176.0,0.1420454545454545,False,4_Joey Fatone,0.31118945446429
4,6,Joey Fatone,Kym Johnson,Singer/Rapper,30,2nd Place,2,,27.0,True,170.0,0.1588235294117647,False,4_Joey Fatone,0.3146160110710911
4,6,Joey Fatone,Kym Johnson,Singer/Rapper,30,2nd Place,2,,27.0,True,170.0,0.1588235294117647,False,4_Joey Fatone,0.3146160110710911
4,7,Joey Fatone,Kym Johnson,Singer/Rapper,30,2nd Place,2,,29.5,True,154.5,0.1909385113268608,False,4_Joey Fatone,0.3172688963003991
4,7,Joey Fatone,Kym Johnson,Singer/Rapper,30,2nd Place,2,,29.5,True,154.5,0.1909385113268608,False,4_Joey Fatone,0.3172688963003991
4,8,Joey Fatone,Kym Johnson,Singer/Rapper,30,2nd Place,2,,27.5,True,125.5,0.2191235059760956,False,4_Joey Fatone,0.3220107393129123
4,8,Joey Fatone,Kym Johnson,Singer/Rapper,30,2nd Place,2,,27.5,True,125.5,0.2191235059760956,False,4_Joey Fatone,0.3220107393129123
4,9,Joey Fatone,Kym Johnson,Singer/Rapper,30,2nd Place,2,,30.0,True,118.5,0.2531645569620253,False,4_Joey Fatone,0.3305290954699263
4,9,Joey Fatone,Kym Johnson,Singer/Rapper,30,2nd Place,2,,30.0,True,118.5,0.2531645569620253,False,4_Joey Fatone,0.3305290954699263
4,10,Joey Fatone,Kym Johnson,Singer/Rapper,30,2nd Place,2,,28.6665,True,86.33290000000001,0.3320460681848982,False,4_Joey Fatone,0.3333334803230811
4,10,Joey Fatone,Kym Johnson,Singer/Rapper,30,2nd Place,2,,28.6665,True,86.33290000000001,0.3320460681848982,False,4_Joey Fatone,0.3333334803230811
4,1,Leeza Gibbons,Tony Dovolani,TV Personality,50,Eliminated Week 4,9,4.0,15.0,True,206.0,0.0728155339805825,False,4_Leeza Gibbons,2.6584163168833202e-17
4,1,Leeza Gibbons,Tony Dovolani,TV Personality,50,Eliminated Week 4,9,4.0,15.0,True,206.0,0.0728155339805825,False,4_Leeza Gibbons,2.6584163168833202e-17
4,2,Leeza Gibbons,Tony Dovolani,TV Personality,50,Eliminated Week 4,9,4.0,21.0,True,245.0,0.0857142857142857,False,4_Leeza Gibbons,1.6549333175965076e-17
4,2,Leeza Gibbons,Tony Dovolani,TV Personality,50,Eliminated Week 4,9,4.0,21.0,True,245.0,0.0857142857142857,False,4_Leeza Gibbons,1.6549333175965076e-17
4,3,Leeza Gibbons,Tony Dovolani,TV Personality,50,Eliminated Week 4,9,4.0,24.0,True,218.0,0.110091743119266,False,4_Leeza Gibbons,3.457337194310948e-05
4,3,Leeza Gibbons,Tony Dovolani,TV Personality,50,Eliminated Week 4,9,4.0,24.0,True,218.0,0.110091743119266,False,4_Leeza Gibbons,3.457337194310948e-05
4,4,Leeza Gibbons,Tony Dovolani,TV Personality,50,Eliminated Week 4,9,4.0,16.0,True,190.0,0.0842105263157894,True,4_Leeza Gibbons,7.94201058041715e-05
4,4,Leeza Gibbons,Tony Dovolani,TV Personality,50,Eliminated Week 4,9,4.0,16.0,True,190.0,0.0842105263157894,True,4_Leeza Gibbons,7.94201058041715e-05
4,5,Leeza Gibbons,Tony Dovolani,TV Personality,50,Eliminated Week 4,9,4.0,0.0,False,176.0,0.0,False,4_Leeza Gibbons,
4,6,Leeza Gibbons,Tony Dovolani,TV Personality,50,Eliminated Week 4,9,4.0,0.0,False,170.0,0.0,False,4_Leeza Gibbons,
4,7,Leeza Gibbons,Tony Dovolani,TV Personality,50,Eliminated Week 4,9,4.0,0.0,False,154.5,0.0,False,4_Leeza Gibbons,
4,8,Leeza Gibbons,Tony Dovolani,TV Personality,50,Eliminated Week 4,9,4.0,0.0,False,125.5,0.0,False,4_Leeza Gibbons,
4,9,Leeza Gibbons,Tony Dovolani,TV Personality,50,Eliminated Week 4,9,4.0,0.0,False,118.5,0.0,False,4_Leeza Gibbons,
4,10,Leeza Gibbons,Tony Dovolani,TV Personality,50,Eliminated Week 4,9,4.0,0.0,False,86.33290000000001,0.0,False,4_Leeza Gibbons,
5,1,Cameron Mathison,Edyta Sliwinska,Actor/Actress,38,Eliminated Week 8,5,8.0,21.0,True,257.0,0.0817120622568093,False,5_Cameron Mathison,5.545364047695472e-05
5,1,Cameron Mathison,Edyta Sliwinska,Actor/Actress,38,Eliminated Week 8,5,8.0,21.0,True,257.0,0.0817120622568093,False,5_Cameron Mathison,5.545364047695472e-05
5,2,Cameron Mathison,Edyta Sliwinska,Actor/Actress,38,Eliminated Week 8,5,8.0,21.0,True,238.0,0.088235294117647,False,5_Cameron Mathison,0.0
5,2,Cameron Mathison,Edyta Sliwinska,Actor/Actress,38,Eliminated Week 8,5,8.0,21.0,True,238.0,0.088235294117647,False,5_Cameron Mathison,0.0
5,3,Cameron Mathison,Edyta Sliwinska,Actor/Actress,38,Eliminated Week 8,5,8.0,23.0,True,239.0,0.0962343096234309,False,5_Cameron Mathison,0.0005705780883518
5,3,Cameron Mathison,Edyta Sliwinska,Actor/Actress,38,Eliminated Week 8,5,8.0,23.0,True,239.0,0.0962343096234309,False,5_Cameron Mathison,0.0005705780883518
5,4,Cameron Mathison,Edyta Sliwinska,Actor/Actress,38,Eliminated Week 8,5,8.0,27.0,True,234.0,0.1153846153846153,False,5_Cameron Mathison,0.0032979547219126
5,4,Cameron Mathison,Edyta Sliwinska,Actor/Actress,38,Eliminated Week 8,5,8.0,27.0,True,234.0,0.1153846153846153,False,5_Cameron Mathison,0.0032979547219126
5,5,Cameron Mathison,Edyta Sliwinska,Actor/Actress,38,Eliminated Week 8,5,8.0,26.0,True,199.0,0.1306532663316583,False,5_Cameron Mathison,0.0046345394344103
5,5,Cameron Mathison,Edyta Sliwinska,Actor/Actress,38,Eliminated Week 8,5,8.0,26.0,True,199.0,0.1306532663316583,False,5_Cameron Mathison,0.0046345394344103
5,6,Cameron Mathison,Edyta Sliwinska,Actor/Actress,38,Eliminated Week 8,5,8.0,25.0,True,180.0,0.1388888888888889,False,5_Cameron Mathison,0.0064768804147855
5,6,Cameron Mathison,Edyta Sliwinska,Actor/Actress,38,Eliminated Week 8,5,8.0,25.0,True,180.0,0.1388888888888889,False,5_Cameron Mathison,0.0064768804147855
5,7,Cameron Mathison,Edyta Sliwinska,Actor/Actress,38,Eliminated Week 8,5,8.0,25.5,True,156.0,0.1634615384615384,False,5_Cameron Mathison,0.0073786700457985
5,7,Cameron Mathison,Edyta Sliwinska,Actor/Actress,38,Eliminated Week 8,5,8.0,25.5,True,156.0,0.1634615384615384,False,5_Cameron Mathison,0.0073786700457985
5,8,Cameron Mathison,Edyta Sliwinska,Actor/Actress,38,Eliminated Week 8,5,8.0,25.5,True,131.5,0.1939163498098859,True,5_Cameron Mathison,0.005731083756246
5,8,Cameron Mathison,Edyta Sliwinska,Actor/Actress,38,Eliminated Week 8,5,8.0,25.5,True,131.5,0.1939163498098859,True,5_Cameron Mathison,0.005731083756246
5,9,Cameron Mathison,Edyta Sliwinska,Actor/Actress,38,Eliminated Week 8,5,8.0,0.0,False,117.0,0.0,False,5_Cameron Mathison,
5,10,Cameron Mathison,Edyta Sliwinska,Actor/Actress,38,Eliminated Week 8,5,8.0,0.0,False,79.3331,0.0,False,5_Cameron Mathison,
5,1,Jane Seymour,Tony Dovolani,Actor/Actress,56,Eliminated Week 7,6,7.0,24.0,True,257.0,0.0933852140077821,False,5_Jane Seymour,0.0078999638400367
5,1,Jane Seymour,Tony Dovolani,Actor/Actress,56,Eliminated Week 7,6,7.0,24.0,True,257.0,0.0933852140077821,False,5_Jane Seymour,0.0078999638400367
5,2,Jane Seymour,Tony Dovolani,Actor/Actress,56,Eliminated Week 7,6,7.0,21.0,True,238.0,0.088235294117647,False,5_Jane Seymour,0.0079400975673824
5,2,Jane Seymour,Tony Dovolani,Actor/Actress,56,Eliminated Week 7,6,7.0,21.0,True,238.0,0.088235294117647,False,5_Jane Seymour,0.0079400975673824
5,3,Jane Seymour,Tony Dovolani,Actor/Actress,56,Eliminated Week 7,6,7.0,27.0,True,239.0,0.1129707112970711,False,5_Jane Seymour,0.0089664179206597
5,3,Jane Seymour,Tony Dovolani,Actor/Actress,56,Eliminated Week 7,6,7.0,27.0,True,239.0,0.1129707112970711,False,5_Jane Seymour,0.0089664179206597
5,4,Jane Seymour,Tony Dovolani,Actor/Actress,56,Eliminated Week 7,6,7.0,26.0,True,234.0,0.1111111111111111,False,5_Jane Seymour,0.0121593567066218
5,4,Jane Seymour,Tony Dovolani,Actor/Actress,56,Eliminated Week 7,6,7.0,26.0,True,234.0,0.1111111111111111,False,5_Jane Seymour,0.0121593567066218
5,5,Jane Seymour,Tony Dovolani,Actor/Actress,56,Eliminated Week 7,6,7.0,26.0,True,199.0,0.1306532663316583,False,5_Jane Seymour,0.0141352948301611
5,5,Jane Seymour,Tony Dovolani,Actor/Actress,56,Eliminated Week 7,6,7.0,26.0,True,199.0,0.1306532663316583,False,5_Jane Seymour,0.0141352948301611
5,6,Jane Seymour,Tony Dovolani,Actor/Actress,56,Eliminated Week 7,6,7.0,22.0,True,180.0,0.1222222222222222,False,5_Jane Seymour,0.0166370681119235
5,6,Jane Seymour,Tony Dovolani,Actor/Actress,56,Eliminated Week 7,6,7.0,22.0,True,180.0,0.1222222222222222,False,5_Jane Seymour,0.0166370681119235
5,7,Jane Seymour,Tony Dovolani,Actor/Actress,56,Eliminated Week 7,6,7.0,25.0,True,156.0,0.1602564102564102,True,5_Jane Seymour,0.0106092781567618
5,7,Jane Seymour,Tony Dovolani,Actor/Actress,56,Eliminated Week 7,6,7.0,25.0,True,156.0,0.1602564102564102,True,5_Jane Seymour,0.0106092781567618
5,8,Jane Seymour,Tony Dovolani,Actor/Actress,56,Eliminated Week 7,6,7.0,0.0,False,131.5,0.0,False,5_Jane Seymour,
5,9,Jane Seymour,Tony Dovolani,Actor/Actress,56,Eliminated Week 7,6,7.0,0.0,False,117.0,0.0,False,5_Jane Seymour,
5,10,Jane Seymour,Tony Dovolani,Actor/Actress,56,Eliminated Week 7,6,7.0,0.0,False,79.3331,0.0,False,5_Jane Seymour,
5,1,Sabrina Bryan,Mark Ballas,Actor/Actress,23,Eliminated Week 6,7,6.0,26.0,True,257.0,0.1011673151750972,False,5_Sabrina Bryan,1.875436761050764e-17
5,1,Sabrina Bryan,Mark Ballas,Actor/Actress,23,Eliminated Week 6,7,6.0,26.0,True,257.0,0.1011673151750972,False,5_Sabrina Bryan,1.875436761050764e-17
5,2,Sabrina Bryan,Mark Ballas,Actor/Actress,23,Eliminated Week 6,7,6.0,26.0,True,238.0,0.1092436974789916,False,5_Sabrina Bryan,0.0
5,2,Sabrina Bryan,Mark Ballas,Actor/Actress,23,Eliminated Week 6,7,6.0,26.0,True,238.0,0.1092436974789916,False,5_Sabrina Bryan,0.0
5,3,Sabrina Bryan,Mark Ballas,Actor/Actress,23,Eliminated Week 6,7,6.0,27.0,True,239.0,0.1129707112970711,False,5_Sabrina Bryan,2.5111451410801657e-17
5,3,Sabrina Bryan,Mark Ballas,Actor/Actress,23,Eliminated Week 6,7,6.0,27.0,True,239.0,0.1129707112970711,False,5_Sabrina Bryan,2.5111451410801657e-17
5,4,Sabrina Bryan,Mark Ballas,Actor/Actress,23,Eliminated Week 6,7,6.0,30.0,True,234.0,0.1282051282051282,False,5_Sabrina Bryan,0.0006250329684333
5,4,Sabrina Bryan,Mark Ballas,Actor/Actress,23,Eliminated Week 6,7,6.0,30.0,True,234.0,0.1282051282051282,False,5_Sabrina Bryan,0.0006250329684333
5,5,Sabrina Bryan,Mark Ballas,Actor/Actress,23,Eliminated Week 6,7,6.0,28.0,True,199.0,0.1407035175879397,False,5_Sabrina Bryan,1.1117625928709853e-05
5,5,Sabrina Bryan,Mark Ballas,Actor/Actress,23,Eliminated Week 6,7,6.0,28.0,True,199.0,0.1407035175879397,False,5_Sabrina Bryan,1.1117625928709853e-05
5,6,Sabrina Bryan,Mark Ballas,Actor/Actress,23,Eliminated Week 6,7,6.0,25.0,True,180.0,0.1388888888888889,True,5_Sabrina Bryan,4.809607460137968e-17
5,6,Sabrina Bryan,Mark Ballas,Actor/Actress,23,Eliminated Week 6,7,6.0,25.0,True,180.0,0.1388888888888889,True,5_Sabrina Bryan,4.809607460137968e-17
5,7,Sabrina Bryan,Mark Ballas,Actor/Actress,23,Eliminated Week 6,7,6.0,0.0,False,156.0,0.0,False,5_Sabrina Bryan,
5,8,Sabrina Bryan,Mark Ballas,Actor/Actress,23,Eliminated Week 6,7,6.0,0.0,False,131.5,0.0,False,5_Sabrina Bryan,
5,9,Sabrina Bryan,Mark Ballas,Actor/Actress,23,Eliminated Week 6,7,6.0,0.0,False,117.0,0.0,False,5_Sabrina Bryan,
5,10,Sabrina Bryan,Mark Ballas,Actor/Actress,23,Eliminated Week 6,7,6.0,0.0,False,79.3331,0.0,False,5_Sabrina Bryan,
5,1,Jennie Garth,Derek Hough,Actor/Actress,35,Eliminated Week 9,4,9.0,21.0,True,257.0,0.0817120622568093,False,5_Jennie Garth,4.019368834286766e-05
5,1,Jennie Garth,Derek Hough,Actor/Actress,35,Eliminated Week 9,4,9.0,21.0,True,257.0,0.0817120622568093,False,5_Jennie Garth,4.019368834286766e-05
5,2,Jennie Garth,Derek Hough,Actor/Actress,35,Eliminated Week 9,4,9.0,21.0,True,238.0,0.088235294117647,False,5_Jennie Garth,1.5535979786598966e-16
5,2,Jennie Garth,Derek Hough,Actor/Actress,35,Eliminated Week 9,4,9.0,21.0,True,238.0,0.088235294117647,False,5_Jennie Garth,1.5535979786598966e-16
5,3,Jennie Garth,Derek Hough,Actor/Actress,35,Eliminated Week 9,4,9.0,26.0,True,239.0,0.1087866108786611,False,5_Jennie Garth,0.0003511591173683
5,3,Jennie Garth,Derek Hough,Actor/Actress,35,Eliminated Week 9,4,9.0,26.0,True,239.0,0.1087866108786611,False,5_Jennie Garth,0.0003511591173683
5,4,Jennie Garth,Derek Hough,Actor/Actress,35,Eliminated Week 9,4,9.0,27.0,True,234.0,0.1153846153846153,False,5_Jennie Garth,0.002893888657715
5,4,Jennie Garth,Derek Hough,Actor/Actress,35,Eliminated Week 9,4,9.0,27.0,True,234.0,0.1153846153846153,False,5_Jennie Garth,0.002893888657715
5,5,Jennie Garth,Derek Hough,Actor/Actress,35,Eliminated Week 9,4,9.0,25.0,True,199.0,0.1256281407035175,False,5_Jennie Garth,0.0041261601949197
5,5,Jennie Garth,Derek Hough,Actor/Actress,35,Eliminated Week 9,4,9.0,25.0,True,199.0,0.1256281407035175,False,5_Jennie Garth,0.0041261601949197
5,6,Jennie Garth,Derek Hough,Actor/Actress,35,Eliminated Week 9,4,9.0,27.0,True,180.0,0.15,False,5_Jennie Garth,0.0059163852400377
5,6,Jennie Garth,Derek Hough,Actor/Actress,35,Eliminated Week 9,4,9.0,27.0,True,180.0,0.15,False,5_Jennie Garth,0.0059163852400377
5,7,Jennie Garth,Derek Hough,Actor/Actress,35,Eliminated Week 9,4,9.0,26.5,True,156.0,0.1698717948717948,False,5_Jennie Garth,0.006833215670779
5,7,Jennie Garth,Derek Hough,Actor/Actress,35,Eliminated Week 9,4,9.0,26.5,True,156.0,0.1698717948717948,False,5_Jennie Garth,0.006833215670779
5,8,Jennie Garth,Derek Hough,Actor/Actress,35,Eliminated Week 9,4,9.0,25.0,True,131.5,0.1901140684410646,False,5_Jennie Garth,0.0095213589247504
5,8,Jennie Garth,Derek Hough,Actor/Actress,35,Eliminated Week 9,4,9.0,25.0,True,131.5,0.1901140684410646,False,5_Jennie Garth,0.0095213589247504
5,9,Jennie Garth,Derek Hough,Actor/Actress,35,Eliminated Week 9,4,9.0,29.0,True,117.0,0.2478632478632478,True,5_Jennie Garth,0.0088375600939616
5,9,Jennie Garth,Derek Hough,Actor/Actress,35,Eliminated Week 9,4,9.0,29.0,True,117.0,0.2478632478632478,True,5_Jennie Garth,0.0088375600939616
5,10,Jennie Garth,Derek Hough,Actor/Actress,35,Eliminated Week 9,4,9.0,0.0,False,79.3331,0.0,False,5_Jennie Garth,
5,1,Floyd Mayweather Jr. ,Karina Smirnoff,Athlete,30,Eliminated Week 4,9,4.0,18.0,True,257.0,0.0700389105058365,False,5_Floyd Mayweather Jr. ,0.0069644781492948
5,1,Floyd Mayweather Jr. ,Karina Smirnoff,Athlete,30,Eliminated Week 4,9,4.0,18.0,True,257.0,0.0700389105058365,False,5_Floyd Mayweather Jr. ,0.0069644781492948
5,2,Floyd Mayweather Jr. ,Karina Smirnoff,Athlete,30,Eliminated Week 4,9,4.0,21.0,True,238.0,0.088235294117647,False,5_Floyd Mayweather Jr. ,0.0069688536440053
5,2,Floyd Mayweather Jr. ,Karina Smirnoff,Athlete,30,Eliminated Week 4,9,4.0,21.0,True,238.0,0.088235294117647,False,5_Floyd Mayweather Jr. ,0.0069688536440053
5,3,Floyd Mayweather Jr. ,Karina Smirnoff,Athlete,30,Eliminated Week 4,9,4.0,21.0,True,239.0,0.0878661087866108,False,5_Floyd Mayweather Jr. ,0.0077940755096473
5,3,Floyd Mayweather Jr. ,Karina Smirnoff,Athlete,30,Eliminated Week 4,9,4.0,21.0,True,239.0,0.0878661087866108,False,5_Floyd Mayweather Jr. ,0.0077940755096473
5,4,Floyd Mayweather Jr. ,Karina Smirnoff,Athlete,30,Eliminated Week 4,9,4.0,23.0,True,234.0,0.0982905982905982,True,5_Floyd Mayweather Jr. ,0.0088233540185613
5,4,Floyd Mayweather Jr. ,Karina Smirnoff,Athlete,30,Eliminated Week 4,9,4.0,23.0,True,234.0,0.0982905982905982,True,5_Floyd Mayweather Jr. ,0.0088233540185613
5,5,Floyd Mayweather Jr. ,Karina Smirnoff,Athlete,30,Eliminated Week 4,9,4.0,0.0,False,199.0,0.0,False,5_Floyd Mayweather Jr. ,
5,6,Floyd Mayweather Jr. ,Karina Smirnoff,Athlete,30,Eliminated Week 4,9,4.0,0.0,False,180.0,0.0,False,5_Floyd Mayweather Jr. ,
5,7,Floyd Mayweather Jr. ,Karina Smirnoff,Athlete,30,Eliminated Week 4,9,4.0,0.0,False,156.0,0.0,False,5_Floyd Mayweather Jr. ,
5,8,Floyd Mayweather Jr. ,Karina Smirnoff,Athlete,30,Eliminated Week 4,9,4.0,0.0,False,131.5,0.0,False,5_Floyd Mayweather Jr. ,
5,9,Floyd Mayweather Jr. ,Karina Smirnoff,Athlete,30,Eliminated Week 4,9,4.0,0.0,False,117.0,0.0,False,5_Floyd Mayweather Jr. ,
5,10,Floyd Mayweather Jr. ,Karina Smirnoff,Athlete,30,Eliminated Week 4,9,4.0,0.0,False,79.3331,0.0,False,5_Floyd Mayweather Jr. ,
5,1,Josie Maran,Alec Mazo,Model,29,Eliminated Week 1,12,1.0,16.0,True,257.0,0.0622568093385214,True,5_Josie Maran,9.933640243212269e-06
5,1,Josie Maran,Alec Mazo,Model,29,Eliminated Week 1,12,1.0,16.0,True,257.0,0.0622568093385214,True,5_Josie Maran,9.933640243212269e-06
5,2,Josie Maran,Alec Mazo,Model,29,Eliminated Week 1,12,1.0,0.0,False,238.0,0.0,False,5_Josie Maran,
5,3,Josie Maran,Alec Mazo,Model,29,Eliminated Week 1,12,1.0,0.0,False,239.0,0.0,False,5_Josie Maran,
5,4,Josie Maran,Alec Mazo,Model,29,Eliminated Week 1,12,1.0,0.0,False,234.0,0.0,False,5_Josie Maran,
5,5,Josie Maran,Alec Mazo,Model,29,Eliminated Week 1,12,1.0,0.0,False,199.0,0.0,False,5_Josie Maran,
5,6,Josie Maran,Alec Mazo,Model,29,Eliminated Week 1,12,1.0,0.0,False,180.0,0.0,False,5_Josie Maran,
5,7,Josie Maran,Alec Mazo,Model,29,Eliminated Week 1,12,1.0,0.0,False,156.0,0.0,False,5_Josie Maran,
5,8,Josie Maran,Alec Mazo,Model,29,Eliminated Week 1,12,1.0,0.0,False,131.5,0.0,False,5_Josie Maran,
5,9,Josie Maran,Alec Mazo,Model,29,Eliminated Week 1,12,1.0,0.0,False,117.0,0.0,False,5_Josie Maran,
5,10,Josie Maran,Alec Mazo,Model,29,Eliminated Week 1,12,1.0,0.0,False,79.3331,0.0,False,5_Josie Maran,
5,1,Albert Reed,Anna Trebunskaya,Model,22,Eliminated Week 2,11,2.0,21.0,True,257.0,0.0817120622568093,False,5_Albert Reed,3.4688801280354504e-05
5,1,Albert Reed,Anna Trebunskaya,Model,22,Eliminated Week 2,11,2.0,21.0,True,257.0,0.0817120622568093,False,5_Albert Reed,3.4688801280354504e-05
5,2,Albert Reed,Anna Trebunskaya,Model,22,Eliminated Week 2,11,2.0,21.0,True,238.0,0.088235294117647,True,5_Albert Reed,7.555144277885669e-19
5,2,Albert Reed,Anna Trebunskaya,Model,22,Eliminated Week 2,11,2.0,21.0,True,238.0,0.088235294117647,True,5_Albert Reed,7.555144277885669e-19
5,3,Albert Reed,Anna Trebunskaya,Model,22,Eliminated Week 2,11,2.0,0.0,False,239.0,0.0,False,5_Albert Reed,
5,4,Albert Reed,Anna Trebunskaya,Model,22,Eliminated Week 2,11,2.0,0.0,False,234.0,0.0,False,5_Albert Reed,
5,5,Albert Reed,Anna Trebunskaya,Model,22,Eliminated Week 2,11,2.0,0.0,False,199.0,0.0,False,5_Albert Reed,
5,6,Albert Reed,Anna Trebunskaya,Model,22,Eliminated Week 2,11,2.0,0.0,False,180.0,0.0,False,5_Albert Reed,
5,7,Albert Reed,Anna Trebunskaya,Model,22,Eliminated Week 2,11,2.0,0.0,False,156.0,0.0,False,5_Albert Reed,
5,8,Albert Reed,Anna Trebunskaya,Model,22,Eliminated Week 2,11,2.0,0.0,False,131.5,0.0,False,5_Albert Reed,
5,9,Albert Reed,Anna Trebunskaya,Model,22,Eliminated Week 2,11,2.0,0.0,False,117.0,0.0,False,5_Albert Reed,
5,10,Albert Reed,Anna Trebunskaya,Model,22,Eliminated Week 2,11,2.0,0.0,False,79.3331,0.0,False,5_Albert Reed,
5,1,Helio Castroneves,Julianne Hough,Racing Driver,32,1st Place,1,,25.0,True,257.0,0.0972762645914396,False,5_Helio Castroneves,0.3157604581912908
5,1,Helio Castroneves,Julianne Hough,Racing Driver,32,1st Place,1,,25.0,True,257.0,0.0972762645914396,False,5_Helio Castroneves,0.3157604581912908
5,2,Helio Castroneves,Julianne Hough,Racing Driver,32,1st Place,1,,27.0,True,238.0,0.1134453781512605,False,5_Helio Castroneves,0.3157754728311691
5,2,Helio Castroneves,Julianne Hough,Racing Driver,32,1st Place,1,,27.0,True,238.0,0.1134453781512605,False,5_Helio Castroneves,0.3157754728311691
5,3,Helio Castroneves,Julianne Hough,Racing Driver,32,1st Place,1,,24.0,True,239.0,0.100418410041841,False,5_Helio Castroneves,0.3166568760928527
5,3,Helio Castroneves,Julianne Hough,Racing Driver,32,1st Place,1,,24.0,True,239.0,0.100418410041841,False,5_Helio Castroneves,0.3166568760928527
5,4,Helio Castroneves,Julianne Hough,Racing Driver,32,1st Place,1,,27.0,True,234.0,0.1153846153846153,False,5_Helio Castroneves,0.3197012127626505
5,4,Helio Castroneves,Julianne Hough,Racing Driver,32,1st Place,1,,27.0,True,234.0,0.1153846153846153,False,5_Helio Castroneves,0.3197012127626505
5,5,Helio Castroneves,Julianne Hough,Racing Driver,32,1st Place,1,,23.0,True,199.0,0.1155778894472361,False,5_Helio Castroneves,0.3214482272688285
5,5,Helio Castroneves,Julianne Hough,Racing Driver,32,1st Place,1,,23.0,True,199.0,0.1155778894472361,False,5_Helio Castroneves,0.3214482272688285
5,6,Helio Castroneves,Julianne Hough,Racing Driver,32,1st Place,1,,28.0,True,180.0,0.1555555555555555,False,5_Helio Castroneves,0.3236565871885403
5,6,Helio Castroneves,Julianne Hough,Racing Driver,32,1st Place,1,,28.0,True,180.0,0.1555555555555555,False,5_Helio Castroneves,0.3236565871885403
5,7,Helio Castroneves,Julianne Hough,Racing Driver,32,1st Place,1,,26.0,True,156.0,0.1666666666666666,False,5_Helio Castroneves,0.3250595840583337
5,7,Helio Castroneves,Julianne Hough,Racing Driver,32,1st Place,1,,26.0,True,156.0,0.1666666666666666,False,5_Helio Castroneves,0.3250595840583337
5,8,Helio Castroneves,Julianne Hough,Racing Driver,32,1st Place,1,,28.5,True,131.5,0.2167300380228136,False,5_Helio Castroneves,0.3282492093496958
5,8,Helio Castroneves,Julianne Hough,Racing Driver,32,1st Place,1,,28.5,True,131.5,0.2167300380228136,False,5_Helio Castroneves,0.3282492093496958
5,9,Helio Castroneves,Julianne Hough,Racing Driver,32,1st Place,1,,30.0,True,117.0,0.2564102564102564,False,5_Helio Castroneves,0.3303874657023898
5,9,Helio Castroneves,Julianne Hough,Racing Driver,32,1st Place,1,,30.0,True,117.0,0.2564102564102564,False,5_Helio Castroneves,0.3303874657023898
5,10,Helio Castroneves,Julianne Hough,Racing Driver,32,1st Place,1,,27.999900000000004,True,79.3331,0.352940954028016,False,5_Helio Castroneves,0.3333333390481143
5,10,Helio Castroneves,Julianne Hough,Racing Driver,32,1st Place,1,,27.999900000000004,True,79.3331,0.352940954028016,False,5_Helio Castroneves,0.3333333390481143
5,1,Mel B,Maksim Chmerkoskiy,Singer/Rapper,32,2nd Place,2,,24.0,True,257.0,0.0933852140077821,False,5_Mel B,0.3157604586555416
5,1,Mel B,Maksim Chmerkoskiy,Singer/Rapper,32,2nd Place,2,,24.0,True,257.0,0.0933852140077821,False,5_Mel B,0.3157604586555416
5,2,Mel B,Maksim Chmerkoskiy,Singer/Rapper,32,2nd Place,2,,23.0,True,238.0,0.0966386554621848,False,5_Mel B,0.315775467054747
5,2,Mel B,Maksim Chmerkoskiy,Singer/Rapper,32,2nd Place,2,,23.0,True,238.0,0.0966386554621848,False,5_Mel B,0.315775467054747
5,3,Mel B,Maksim Chmerkoskiy,Singer/Rapper,32,2nd Place,2,,27.0,True,239.0,0.1129707112970711,False,5_Mel B,0.316656882599865
5,3,Mel B,Maksim Chmerkoskiy,Singer/Rapper,32,2nd Place,2,,27.0,True,239.0,0.1129707112970711,False,5_Mel B,0.316656882599865
5,4,Mel B,Maksim Chmerkoskiy,Singer/Rapper,32,2nd Place,2,,26.0,True,234.0,0.1111111111111111,False,5_Mel B,0.3197012012749416
5,4,Mel B,Maksim Chmerkoskiy,Singer/Rapper,32,2nd Place,2,,26.0,True,234.0,0.1111111111111111,False,5_Mel B,0.3197012012749416
5,5,Mel B,Maksim Chmerkoskiy,Singer/Rapper,32,2nd Place,2,,29.0,True,199.0,0.1457286432160804,False,5_Mel B,0.3214482386103943
5,5,Mel B,Maksim Chmerkoskiy,Singer/Rapper,32,2nd Place,2,,29.0,True,199.0,0.1457286432160804,False,5_Mel B,0.3214482386103943
5,6,Mel B,Maksim Chmerkoskiy,Singer/Rapper,32,2nd Place,2,,30.0,True,180.0,0.1666666666666666,False,5_Mel B,0.3236565727021287
5,6,Mel B,Maksim Chmerkoskiy,Singer/Rapper,32,2nd Place,2,,30.0,True,180.0,0.1666666666666666,False,5_Mel B,0.3236565727021287
5,7,Mel B,Maksim Chmerkoskiy,Singer/Rapper,32,2nd Place,2,,27.0,True,156.0,0.173076923076923,False,5_Mel B,0.3250595957989922
5,7,Mel B,Maksim Chmerkoskiy,Singer/Rapper,32,2nd Place,2,,27.0,True,156.0,0.173076923076923,False,5_Mel B,0.3250595957989922
5,8,Mel B,Maksim Chmerkoskiy,Singer/Rapper,32,2nd Place,2,,28.0,True,131.5,0.2129277566539923,False,5_Mel B,0.3282491975638894
5,8,Mel B,Maksim Chmerkoskiy,Singer/Rapper,32,2nd Place,2,,28.0,True,131.5,0.2129277566539923,False,5_Mel B,0.3282491975638894
5,9,Mel B,Maksim Chmerkoskiy,Singer/Rapper,32,2nd Place,2,,30.0,True,117.0,0.2564102564102564,False,5_Mel B,0.3303874715764759
5,9,Mel B,Maksim Chmerkoskiy,Singer/Rapper,32,2nd Place,2,,30.0,True,117.0,0.2564102564102564,False,5_Mel B,0.3303874715764759
5,10,Mel B,Maksim Chmerkoskiy,Singer/Rapper,32,2nd Place,2,,28.3332,True,79.3331,0.3571422268889025,False,5_Mel B,0.3333333355267046
5,10,Mel B,Maksim Chmerkoskiy,Singer/Rapper,32,2nd Place,2,,28.3332,True,79.3331,0.3571422268889025,False,5_Mel B,0.3333333355267046
5,1,Wayne Newton,Cheryl Burke,Singer/Rapper,65,Eliminated Week 3,10,3.0,19.0,True,257.0,0.0739299610894941,False,5_Wayne Newton,0.0250764474553803
5,1,Wayne Newton,Cheryl Burke,Singer/Rapper,65,Eliminated Week 3,10,3.0,19.0,True,257.0,0.0739299610894941,False,5_Wayne Newton,0.0250764474553803
5,2,Wayne Newton,Cheryl Burke,Singer/Rapper,65,Eliminated Week 3,10,3.0,15.0,True,238.0,0.0630252100840336,False,5_Wayne Newton,0.0251848573938591
5,2,Wayne Newton,Cheryl Burke,Singer/Rapper,65,Eliminated Week 3,10,3.0,15.0,True,238.0,0.0630252100840336,False,5_Wayne Newton,0.0251848573938591
5,3,Wayne Newton,Cheryl Burke,Singer/Rapper,65,Eliminated Week 3,10,3.0,18.0,True,239.0,0.0753138075313807,True,5_Wayne Newton,0.0203689029558371
5,3,Wayne Newton,Cheryl Burke,Singer/Rapper,65,Eliminated Week 3,10,3.0,18.0,True,239.0,0.0753138075313807,True,5_Wayne Newton,0.0203689029558371
5,4,Wayne Newton,Cheryl Burke,Singer/Rapper,65,Eliminated Week 3,10,3.0,0.0,False,234.0,0.0,False,5_Wayne Newton,
5,5,Wayne Newton,Cheryl Burke,Singer/Rapper,65,Eliminated Week 3,10,3.0,0.0,False,199.0,0.0,False,5_Wayne Newton,
5,6,Wayne Newton,Cheryl Burke,Singer/Rapper,65,Eliminated Week 3,10,3.0,0.0,False,180.0,0.0,False,5_Wayne Newton,
5,7,Wayne Newton,Cheryl Burke,Singer/Rapper,65,Eliminated Week 3,10,3.0,0.0,False,156.0,0.0,False,5_Wayne Newton,
5,8,Wayne Newton,Cheryl Burke,Singer/Rapper,65,Eliminated Week 3,10,3.0,0.0,False,131.5,0.0,False,5_Wayne Newton,
5,9,Wayne Newton,Cheryl Burke,Singer/Rapper,65,Eliminated Week 3,10,3.0,0.0,False,117.0,0.0,False,5_Wayne Newton,
5,10,Wayne Newton,Cheryl Burke,Singer/Rapper,65,Eliminated Week 3,10,3.0,0.0,False,79.3331,0.0,False,5_Wayne Newton,
5,1,Marie Osmond,Jonathan Roberts,Singer/Rapper,47,3rd Place,3,,21.0,True,257.0,0.0817120622568093,False,5_Marie Osmond,0.3157604699221774
5,1,Marie Osmond,Jonathan Roberts,Singer/Rapper,47,3rd Place,3,,21.0,True,257.0,0.0817120622568093,False,5_Marie Osmond,0.3157604699221774
5,2,Marie Osmond,Jonathan Roberts,Singer/Rapper,47,3rd Place,3,,24.0,True,238.0,0.1008403361344537,False,5_Marie Osmond,0.3157754361317844
5,2,Marie Osmond,Jonathan Roberts,Singer/Rapper,47,3rd Place,3,,24.0,True,238.0,0.1008403361344537,False,5_Marie Osmond,0.3157754361317844
5,3,Marie Osmond,Jonathan Roberts,Singer/Rapper,47,3rd Place,3,,26.0,True,239.0,0.1087866108786611,False,5_Marie Osmond,0.3166569317873604
5,3,Marie Osmond,Jonathan Roberts,Singer/Rapper,47,3rd Place,3,,26.0,True,239.0,0.1087866108786611,False,5_Marie Osmond,0.3166569317873604
5,4,Marie Osmond,Jonathan Roberts,Singer/Rapper,47,3rd Place,3,,26.0,True,234.0,0.1111111111111111,False,5_Marie Osmond,0.3197011405970981
5,4,Marie Osmond,Jonathan Roberts,Singer/Rapper,47,3rd Place,3,,26.0,True,234.0,0.1111111111111111,False,5_Marie Osmond,0.3197011405970981
5,5,Marie Osmond,Jonathan Roberts,Singer/Rapper,47,3rd Place,3,,21.0,True,199.0,0.1055276381909547,False,5_Marie Osmond,0.3214483063498887
5,5,Marie Osmond,Jonathan Roberts,Singer/Rapper,47,3rd Place,3,,21.0,True,199.0,0.1055276381909547,False,5_Marie Osmond,0.3214483063498887
5,6,Marie Osmond,Jonathan Roberts,Singer/Rapper,47,3rd Place,3,,23.0,True,180.0,0.1277777777777777,False,5_Marie Osmond,0.3236565063425842
5,6,Marie Osmond,Jonathan Roberts,Singer/Rapper,47,3rd Place,3,,23.0,True,180.0,0.1277777777777777,False,5_Marie Osmond,0.3236565063425842
5,7,Marie Osmond,Jonathan Roberts,Singer/Rapper,47,3rd Place,3,,26.0,True,156.0,0.1666666666666666,False,5_Marie Osmond,0.3250596562693346
5,7,Marie Osmond,Jonathan Roberts,Singer/Rapper,47,3rd Place,3,,26.0,True,156.0,0.1666666666666666,False,5_Marie Osmond,0.3250596562693346
5,8,Marie Osmond,Jonathan Roberts,Singer/Rapper,47,3rd Place,3,,24.5,True,131.5,0.1863117870722433,False,5_Marie Osmond,0.3282491504054182
5,8,Marie Osmond,Jonathan Roberts,Singer/Rapper,47,3rd Place,3,,24.5,True,131.5,0.1863117870722433,False,5_Marie Osmond,0.3282491504054182
5,9,Marie Osmond,Jonathan Roberts,Singer/Rapper,47,3rd Place,3,,28.0,True,117.0,0.2393162393162393,False,5_Marie Osmond,0.3303875026271726
5,9,Marie Osmond,Jonathan Roberts,Singer/Rapper,47,3rd Place,3,,28.0,True,117.0,0.2393162393162393,False,5_Marie Osmond,0.3303875026271726
5,10,Marie Osmond,Jonathan Roberts,Singer/Rapper,47,3rd Place,3,,23.0,True,79.3331,0.2899168190830813,False,5_Marie Osmond,0.3333333254251811
5,10,Marie Osmond,Jonathan Roberts,Singer/Rapper,47,3rd Place,3,,23.0,True,79.3331,0.2899168190830813,False,5_Marie Osmond,0.3333333254251811
5,1,Mark Cuban,Kym Johnson,TV Personality,49,Eliminated Week 5,8,5.0,21.0,True,257.0,0.0817120622568093,False,5_Mark Cuban,0.0126374540159349
5,1,Mark Cuban,Kym Johnson,TV Personality,49,Eliminated Week 5,8,5.0,21.0,True,257.0,0.0817120622568093,False,5_Mark Cuban,0.0126374540159349
5,2,Mark Cuban,Kym Johnson,TV Personality,49,Eliminated Week 5,8,5.0,18.0,True,238.0,0.0756302521008403,False,5_Mark Cuban,0.0125798153770524
5,2,Mark Cuban,Kym Johnson,TV Personality,49,Eliminated Week 5,8,5.0,18.0,True,238.0,0.0756302521008403,False,5_Mark Cuban,0.0125798153770524
5,3,Mark Cuban,Kym Johnson,TV Personality,49,Eliminated Week 5,8,5.0,20.0,True,239.0,0.0836820083682008,False,5_Mark Cuban,0.0119781759280574
5,3,Mark Cuban,Kym Johnson,TV Personality,49,Eliminated Week 5,8,5.0,20.0,True,239.0,0.0836820083682008,False,5_Mark Cuban,0.0119781759280574
5,4,Mark Cuban,Kym Johnson,TV Personality,49,Eliminated Week 5,8,5.0,22.0,True,234.0,0.094017094017094,False,5_Mark Cuban,0.0130968582920655
5,4,Mark Cuban,Kym Johnson,TV Personality,49,Eliminated Week 5,8,5.0,22.0,True,234.0,0.094017094017094,False,5_Mark Cuban,0.0130968582920655
5,5,Mark Cuban,Kym Johnson,TV Personality,49,Eliminated Week 5,8,5.0,21.0,True,199.0,0.1055276381909547,True,5_Mark Cuban,0.0127481156854684
5,5,Mark Cuban,Kym Johnson,TV Personality,49,Eliminated Week 5,8,5.0,21.0,True,199.0,0.1055276381909547,True,5_Mark Cuban,0.0127481156854684
5,6,Mark Cuban,Kym Johnson,TV Personality,49,Eliminated Week 5,8,5.0,0.0,False,180.0,0.0,False,5_Mark Cuban,
5,7,Mark Cuban,Kym Johnson,TV Personality,49,Eliminated Week 5,8,5.0,0.0,False,156.0,0.0,False,5_Mark Cuban,
5,8,Mark Cuban,Kym Johnson,TV Personality,49,Eliminated Week 5,8,5.0,0.0,False,131.5,0.0,False,5_Mark Cuban,
5,9,Mark Cuban,Kym Johnson,TV Personality,49,Eliminated Week 5,8,5.0,0.0,False,117.0,0.0,False,5_Mark Cuban,
5,10,Mark Cuban,Kym Johnson,TV Personality,49,Eliminated Week 5,8,5.0,0.0,False,79.3331,0.0,False,5_Mark Cuban,
6,1,Cristian de la Fuente,Cheryl Burke,Actor/Actress,34,3rd Place,3,,21.0,True,243.0,0.0864197530864197,False,6_Cristian de la Fuente,0.3260551422935593
6,1,Cristian de la Fuente,Cheryl Burke,Actor/Actress,34,3rd Place,3,,21.0,True,243.0,0.0864197530864197,False,6_Cristian de la Fuente,0.3260551422935593
6,2,Cristian de la Fuente,Cheryl Burke,Actor/Actress,34,3rd Place,3,,20.0,True,257.0,0.0778210116731517,False,6_Cristian de la Fuente,0.3261747769478523
6,2,Cristian de la Fuente,Cheryl Burke,Actor/Actress,34,3rd Place,3,,20.0,True,257.0,0.0778210116731517,False,6_Cristian de la Fuente,0.3261747769478523
6,3,Cristian de la Fuente,Cheryl Burke,Actor/Actress,34,3rd Place,3,,25.0,True,228.0,0.1096491228070175,False,6_Cristian de la Fuente,0.326280189578353
6,3,Cristian de la Fuente,Cheryl Burke,Actor/Actress,34,3rd Place,3,,25.0,True,228.0,0.1096491228070175,False,6_Cristian de la Fuente,0.326280189578353
6,4,Cristian de la Fuente,Cheryl Burke,Actor/Actress,34,3rd Place,3,,26.0,True,225.0,0.1155555555555555,False,6_Cristian de la Fuente,0.3274725489950555
6,4,Cristian de la Fuente,Cheryl Burke,Actor/Actress,34,3rd Place,3,,26.0,True,225.0,0.1155555555555555,False,6_Cristian de la Fuente,0.3274725489950555
6,5,Cristian de la Fuente,Cheryl Burke,Actor/Actress,34,3rd Place,3,,23.0,True,196.0,0.1173469387755102,False,6_Cristian de la Fuente,0.3280946676247345
6,5,Cristian de la Fuente,Cheryl Burke,Actor/Actress,34,3rd Place,3,,23.0,True,196.0,0.1173469387755102,False,6_Cristian de la Fuente,0.3280946676247345
6,6,Cristian de la Fuente,Cheryl Burke,Actor/Actress,34,3rd Place,3,,27.0,True,180.0,0.15,False,6_Cristian de la Fuente,0.3284019175929102
6,6,Cristian de la Fuente,Cheryl Burke,Actor/Actress,34,3rd Place,3,,27.0,True,180.0,0.15,False,6_Cristian de la Fuente,0.3284019175929102
6,7,Cristian de la Fuente,Cheryl Burke,Actor/Actress,34,3rd Place,3,,23.0,True,154.5,0.1488673139158576,False,6_Cristian de la Fuente,0.3292327387646521
6,7,Cristian de la Fuente,Cheryl Burke,Actor/Actress,34,3rd Place,3,,23.0,True,154.5,0.1488673139158576,False,6_Cristian de la Fuente,0.3292327387646521
6,8,Cristian de la Fuente,Cheryl Burke,Actor/Actress,34,3rd Place,3,,28.5,True,133.5,0.2134831460674157,False,6_Cristian de la Fuente,0.3295880200998128
6,8,Cristian de la Fuente,Cheryl Burke,Actor/Actress,34,3rd Place,3,,28.5,True,133.5,0.2134831460674157,False,6_Cristian de la Fuente,0.3295880200998128
6,9,Cristian de la Fuente,Cheryl Burke,Actor/Actress,34,3rd Place,3,,28.0,True,110.0,0.2545454545454545,False,6_Cristian de la Fuente,0.3302979887892464
6,9,Cristian de la Fuente,Cheryl Burke,Actor/Actress,34,3rd Place,3,,28.0,True,110.0,0.2545454545454545,False,6_Cristian de la Fuente,0.3302979887892464
6,10,Cristian de la Fuente,Cheryl Burke,Actor/Actress,34,3rd Place,3,,26.0,True,84.5,0.3076923076923077,False,6_Cristian de la Fuente,0.3333333345840138
6,10,Cristian de la Fuente,Cheryl Burke,Actor/Actress,34,3rd Place,3,,26.0,True,84.5,0.3076923076923077,False,6_Cristian de la Fuente,0.3333333345840138
6,1,Steve Guttenberg,Anna Trebunskaya,Actor/Actress,49,Eliminated Week 3,10,3.0,18.0,True,243.0,0.074074074074074,False,6_Steve Guttenberg,0.0041086946758581
6,1,Steve Guttenberg,Anna Trebunskaya,Actor/Actress,49,Eliminated Week 3,10,3.0,18.0,True,243.0,0.074074074074074,False,6_Steve Guttenberg,0.0041086946758581
6,2,Steve Guttenberg,Anna Trebunskaya,Actor/Actress,49,Eliminated Week 3,10,3.0,16.0,True,257.0,0.0622568093385214,False,6_Steve Guttenberg,0.0038139132798318
6,2,Steve Guttenberg,Anna Trebunskaya,Actor/Actress,49,Eliminated Week 3,10,3.0,16.0,True,257.0,0.0622568093385214,False,6_Steve Guttenberg,0.0038139132798318
6,3,Steve Guttenberg,Anna Trebunskaya,Actor/Actress,49,Eliminated Week 3,10,3.0,21.0,True,228.0,0.0921052631578947,True,6_Steve Guttenberg,0.0012079121980896
6,3,Steve Guttenberg,Anna Trebunskaya,Actor/Actress,49,Eliminated Week 3,10,3.0,21.0,True,228.0,0.0921052631578947,True,6_Steve Guttenberg,0.0012079121980896
6,4,Steve Guttenberg,Anna Trebunskaya,Actor/Actress,49,Eliminated Week 3,10,3.0,0.0,False,225.0,0.0,False,6_Steve Guttenberg,
6,5,Steve Guttenberg,Anna Trebunskaya,Actor/Actress,49,Eliminated Week 3,10,3.0,0.0,False,196.0,0.0,False,6_Steve Guttenberg,
6,6,Steve Guttenberg,Anna Trebunskaya,Actor/Actress,49,Eliminated Week 3,10,3.0,0.0,False,180.0,0.0,False,6_Steve Guttenberg,
6,7,Steve Guttenberg,Anna Trebunskaya,Actor/Actress,49,Eliminated Week 3,10,3.0,0.0,False,154.5,0.0,False,6_Steve Guttenberg,
6,8,Steve Guttenberg,Anna Trebunskaya,Actor/Actress,49,Eliminated Week 3,10,3.0,0.0,False,133.5,0.0,False,6_Steve Guttenberg,
6,9,Steve Guttenberg,Anna Trebunskaya,Actor/Actress,49,Eliminated Week 3,10,3.0,0.0,False,110.0,0.0,False,6_Steve Guttenberg,
6,10,Steve Guttenberg,Anna Trebunskaya,Actor/Actress,49,Eliminated Week 3,10,3.0,0.0,False,84.5,0.0,False,6_Steve Guttenberg,
6,1,Priscilla Presley,Louis van Amstel,Actor/Actress,62,Eliminated Week 5,8,5.0,24.0,True,243.0,0.0987654320987654,False,6_Priscilla Presley,2.9994599597885585e-19
6,1,Priscilla Presley,Louis van Amstel,Actor/Actress,62,Eliminated Week 5,8,5.0,24.0,True,243.0,0.0987654320987654,False,6_Priscilla Presley,2.9994599597885585e-19
6,2,Priscilla Presley,Louis van Amstel,Actor/Actress,62,Eliminated Week 5,8,5.0,21.0,True,257.0,0.0817120622568093,False,6_Priscilla Presley,1.7323227042352635e-06
6,2,Priscilla Presley,Louis van Amstel,Actor/Actress,62,Eliminated Week 5,8,5.0,21.0,True,257.0,0.0817120622568093,False,6_Priscilla Presley,1.7323227042352635e-06
6,3,Priscilla Presley,Louis van Amstel,Actor/Actress,62,Eliminated Week 5,8,5.0,26.0,True,228.0,0.1140350877192982,False,6_Priscilla Presley,0.0004214651646102
6,3,Priscilla Presley,Louis van Amstel,Actor/Actress,62,Eliminated Week 5,8,5.0,26.0,True,228.0,0.1140350877192982,False,6_Priscilla Presley,0.0004214651646102
6,4,Priscilla Presley,Louis van Amstel,Actor/Actress,62,Eliminated Week 5,8,5.0,22.0,True,225.0,0.0977777777777777,False,6_Priscilla Presley,3.554184764853788e-05
6,4,Priscilla Presley,Louis van Amstel,Actor/Actress,62,Eliminated Week 5,8,5.0,22.0,True,225.0,0.0977777777777777,False,6_Priscilla Presley,3.554184764853788e-05
6,5,Priscilla Presley,Louis van Amstel,Actor/Actress,62,Eliminated Week 5,8,5.0,21.0,True,196.0,0.1071428571428571,True,6_Priscilla Presley,0.0008467129649719
6,5,Priscilla Presley,Louis van Amstel,Actor/Actress,62,Eliminated Week 5,8,5.0,21.0,True,196.0,0.1071428571428571,True,6_Priscilla Presley,0.0008467129649719
6,6,Priscilla Presley,Louis van Amstel,Actor/Actress,62,Eliminated Week 5,8,5.0,0.0,False,180.0,0.0,False,6_Priscilla Presley,
6,7,Priscilla Presley,Louis van Amstel,Actor/Actress,62,Eliminated Week 5,8,5.0,0.0,False,154.5,0.0,False,6_Priscilla Presley,
6,8,Priscilla Presley,Louis van Amstel,Actor/Actress,62,Eliminated Week 5,8,5.0,0.0,False,133.5,0.0,False,6_Priscilla Presley,
6,9,Priscilla Presley,Louis van Amstel,Actor/Actress,62,Eliminated Week 5,8,5.0,0.0,False,110.0,0.0,False,6_Priscilla Presley,
6,10,Priscilla Presley,Louis van Amstel,Actor/Actress,62,Eliminated Week 5,8,5.0,0.0,False,84.5,0.0,False,6_Priscilla Presley,
6,1,Marlee Matlin,Fabian Sanchez,Actor/Actress,42,Eliminated Week 6,7,6.0,22.0,True,243.0,0.0905349794238683,False,6_Marlee Matlin,3.872784457604885e-05
6,1,Marlee Matlin,Fabian Sanchez,Actor/Actress,42,Eliminated Week 6,7,6.0,22.0,True,243.0,0.0905349794238683,False,6_Marlee Matlin,3.872784457604885e-05
6,2,Marlee Matlin,Fabian Sanchez,Actor/Actress,42,Eliminated Week 6,7,6.0,24.0,True,257.0,0.0933852140077821,False,6_Marlee Matlin,0.0011610985424808
6,2,Marlee Matlin,Fabian Sanchez,Actor/Actress,42,Eliminated Week 6,7,6.0,24.0,True,257.0,0.0933852140077821,False,6_Marlee Matlin,0.0011610985424808
6,3,Marlee Matlin,Fabian Sanchez,Actor/Actress,42,Eliminated Week 6,7,6.0,21.0,True,228.0,0.0921052631578947,False,6_Marlee Matlin,0.0012079121980896
6,3,Marlee Matlin,Fabian Sanchez,Actor/Actress,42,Eliminated Week 6,7,6.0,21.0,True,228.0,0.0921052631578947,False,6_Marlee Matlin,0.0012079121980896
6,4,Marlee Matlin,Fabian Sanchez,Actor/Actress,42,Eliminated Week 6,7,6.0,24.0,True,225.0,0.1066666666666666,False,6_Marlee Matlin,0.000687991963757
6,4,Marlee Matlin,Fabian Sanchez,Actor/Actress,42,Eliminated Week 6,7,6.0,24.0,True,225.0,0.1066666666666666,False,6_Marlee Matlin,0.000687991963757
6,5,Marlee Matlin,Fabian Sanchez,Actor/Actress,42,Eliminated Week 6,7,6.0,22.0,True,196.0,0.1122448979591836,False,6_Marlee Matlin,6.4296726393999e-05
6,5,Marlee Matlin,Fabian Sanchez,Actor/Actress,42,Eliminated Week 6,7,6.0,22.0,True,196.0,0.1122448979591836,False,6_Marlee Matlin,6.4296726393999e-05
6,6,Marlee Matlin,Fabian Sanchez,Actor/Actress,42,Eliminated Week 6,7,6.0,21.0,True,180.0,0.1166666666666666,True,6_Marlee Matlin,0.0006728317827807
6,6,Marlee Matlin,Fabian Sanchez,Actor/Actress,42,Eliminated Week 6,7,6.0,21.0,True,180.0,0.1166666666666666,True,6_Marlee Matlin,0.0006728317827807
6,7,Marlee Matlin,Fabian Sanchez,Actor/Actress,42,Eliminated Week 6,7,6.0,0.0,False,154.5,0.0,False,6_Marlee Matlin,
6,8,Marlee Matlin,Fabian Sanchez,Actor/Actress,42,Eliminated Week 6,7,6.0,0.0,False,133.5,0.0,False,6_Marlee Matlin,
6,9,Marlee Matlin,Fabian Sanchez,Actor/Actress,42,Eliminated Week 6,7,6.0,0.0,False,110.0,0.0,False,6_Marlee Matlin,
6,10,Marlee Matlin,Fabian Sanchez,Actor/Actress,42,Eliminated Week 6,7,6.0,0.0,False,84.5,0.0,False,6_Marlee Matlin,
6,1,Shannon Elizabeth,Derek Hough,Actor/Actress,34,Eliminated Week 7,6,7.0,21.0,True,243.0,0.0864197530864197,False,6_Shannon Elizabeth,1.014205885683901e-18
6,1,Shannon Elizabeth,Derek Hough,Actor/Actress,34,Eliminated Week 7,6,7.0,21.0,True,243.0,0.0864197530864197,False,6_Shannon Elizabeth,1.014205885683901e-18
6,2,Shannon Elizabeth,Derek Hough,Actor/Actress,34,Eliminated Week 7,6,7.0,24.0,True,257.0,0.0933852140077821,False,6_Shannon Elizabeth,1.356230636494323e-18
6,2,Shannon Elizabeth,Derek Hough,Actor/Actress,34,Eliminated Week 7,6,7.0,24.0,True,257.0,0.0933852140077821,False,6_Shannon Elizabeth,1.356230636494323e-18
6,3,Shannon Elizabeth,Derek Hough,Actor/Actress,34,Eliminated Week 7,6,7.0,24.0,True,228.0,0.1052631578947368,False,6_Shannon Elizabeth,2.7707241642938914e-18
6,3,Shannon Elizabeth,Derek Hough,Actor/Actress,34,Eliminated Week 7,6,7.0,24.0,True,228.0,0.1052631578947368,False,6_Shannon Elizabeth,2.7707241642938914e-18
6,4,Shannon Elizabeth,Derek Hough,Actor/Actress,34,Eliminated Week 7,6,7.0,28.0,True,225.0,0.1244444444444444,False,6_Shannon Elizabeth,0.0002190981023183
6,4,Shannon Elizabeth,Derek Hough,Actor/Actress,34,Eliminated Week 7,6,7.0,28.0,True,225.0,0.1244444444444444,False,6_Shannon Elizabeth,0.0002190981023183
6,5,Shannon Elizabeth,Derek Hough,Actor/Actress,34,Eliminated Week 7,6,7.0,23.0,True,196.0,0.1173469387755102,False,6_Shannon Elizabeth,0.0002379998492576
6,5,Shannon Elizabeth,Derek Hough,Actor/Actress,34,Eliminated Week 7,6,7.0,23.0,True,196.0,0.1173469387755102,False,6_Shannon Elizabeth,0.0002379998492576
6,6,Shannon Elizabeth,Derek Hough,Actor/Actress,34,Eliminated Week 7,6,7.0,24.0,True,180.0,0.1333333333333333,False,6_Shannon Elizabeth,1.307678227073285e-18
6,6,Shannon Elizabeth,Derek Hough,Actor/Actress,34,Eliminated Week 7,6,7.0,24.0,True,180.0,0.1333333333333333,False,6_Shannon Elizabeth,1.307678227073285e-18
6,7,Shannon Elizabeth,Derek Hough,Actor/Actress,34,Eliminated Week 7,6,7.0,25.5,True,154.5,0.1650485436893204,True,6_Shannon Elizabeth,9.880260043432858e-06
6,7,Shannon Elizabeth,Derek Hough,Actor/Actress,34,Eliminated Week 7,6,7.0,25.5,True,154.5,0.1650485436893204,True,6_Shannon Elizabeth,9.880260043432858e-06
6,8,Shannon Elizabeth,Derek Hough,Actor/Actress,34,Eliminated Week 7,6,7.0,0.0,False,133.5,0.0,False,6_Shannon Elizabeth,
6,9,Shannon Elizabeth,Derek Hough,Actor/Actress,34,Eliminated Week 7,6,7.0,0.0,False,110.0,0.0,False,6_Shannon Elizabeth,
6,10,Shannon Elizabeth,Derek Hough,Actor/Actress,34,Eliminated Week 7,6,7.0,0.0,False,84.5,0.0,False,6_Shannon Elizabeth,
6,1,Marissa Jaret Winokur,Tony Dovolani,Actor/Actress,35,Eliminated Week 9,4,9.0,18.0,True,243.0,0.074074074074074,False,6_Marissa Jaret Winokur,0.0168207589330125
6,1,Marissa Jaret Winokur,Tony Dovolani,Actor/Actress,35,Eliminated Week 9,4,9.0,18.0,True,243.0,0.074074074074074,False,6_Marissa Jaret Winokur,0.0168207589330125
6,2,Marissa Jaret Winokur,Tony Dovolani,Actor/Actress,35,Eliminated Week 9,4,9.0,21.0,True,257.0,0.0817120622568093,False,6_Marissa Jaret Winokur,0.0160324256838955
6,2,Marissa Jaret Winokur,Tony Dovolani,Actor/Actress,35,Eliminated Week 9,4,9.0,21.0,True,257.0,0.0817120622568093,False,6_Marissa Jaret Winokur,0.0160324256838955
6,3,Marissa Jaret Winokur,Tony Dovolani,Actor/Actress,35,Eliminated Week 9,4,9.0,19.0,True,228.0,0.0833333333333333,False,6_Marissa Jaret Winokur,0.0156864034462293
6,3,Marissa Jaret Winokur,Tony Dovolani,Actor/Actress,35,Eliminated Week 9,4,9.0,19.0,True,228.0,0.0833333333333333,False,6_Marissa Jaret Winokur,0.0156864034462293
6,4,Marissa Jaret Winokur,Tony Dovolani,Actor/Actress,35,Eliminated Week 9,4,9.0,24.0,True,225.0,0.1066666666666666,False,6_Marissa Jaret Winokur,0.0152781309353642
6,4,Marissa Jaret Winokur,Tony Dovolani,Actor/Actress,35,Eliminated Week 9,4,9.0,24.0,True,225.0,0.1066666666666666,False,6_Marissa Jaret Winokur,0.0152781309353642
6,5,Marissa Jaret Winokur,Tony Dovolani,Actor/Actress,35,Eliminated Week 9,4,9.0,24.0,True,196.0,0.1224489795918367,False,6_Marissa Jaret Winokur,0.0145313561170636
6,5,Marissa Jaret Winokur,Tony Dovolani,Actor/Actress,35,Eliminated Week 9,4,9.0,24.0,True,196.0,0.1224489795918367,False,6_Marissa Jaret Winokur,0.0145313561170636
6,6,Marissa Jaret Winokur,Tony Dovolani,Actor/Actress,35,Eliminated Week 9,4,9.0,26.0,True,180.0,0.1444444444444444,False,6_Marissa Jaret Winokur,0.0136924765421941
6,6,Marissa Jaret Winokur,Tony Dovolani,Actor/Actress,35,Eliminated Week 9,4,9.0,26.0,True,180.0,0.1444444444444444,False,6_Marissa Jaret Winokur,0.0136924765421941
6,7,Marissa Jaret Winokur,Tony Dovolani,Actor/Actress,35,Eliminated Week 9,4,9.0,26.0,True,154.5,0.1682847896440129,False,6_Marissa Jaret Winokur,0.0122830572079765
6,7,Marissa Jaret Winokur,Tony Dovolani,Actor/Actress,35,Eliminated Week 9,4,9.0,26.0,True,154.5,0.1682847896440129,False,6_Marissa Jaret Winokur,0.0122830572079765
6,8,Marissa Jaret Winokur,Tony Dovolani,Actor/Actress,35,Eliminated Week 9,4,9.0,25.0,True,133.5,0.1872659176029962,False,6_Marissa Jaret Winokur,0.0112359550561796
6,8,Marissa Jaret Winokur,Tony Dovolani,Actor/Actress,35,Eliminated Week 9,4,9.0,25.0,True,133.5,0.1872659176029962,False,6_Marissa Jaret Winokur,0.0112359550561796
6,9,Marissa Jaret Winokur,Tony Dovolani,Actor/Actress,35,Eliminated Week 9,4,9.0,26.0,True,110.0,0.2363636363636363,True,6_Marissa Jaret Winokur,0.0091060246562536
6,9,Marissa Jaret Winokur,Tony Dovolani,Actor/Actress,35,Eliminated Week 9,4,9.0,26.0,True,110.0,0.2363636363636363,True,6_Marissa Jaret Winokur,0.0091060246562536
6,10,Marissa Jaret Winokur,Tony Dovolani,Actor/Actress,35,Eliminated Week 9,4,9.0,0.0,False,84.5,0.0,False,6_Marissa Jaret Winokur,
6,1,Jason Taylor,Edyta Sliwinska,Athlete,33,2nd Place,2,,22.0,True,243.0,0.0905349794238683,False,6_Jason Taylor,0.3260551442945021
6,1,Jason Taylor,Edyta Sliwinska,Athlete,33,2nd Place,2,,22.0,True,243.0,0.0905349794238683,False,6_Jason Taylor,0.3260551442945021
6,2,Jason Taylor,Edyta Sliwinska,Athlete,33,2nd Place,2,,27.0,True,257.0,0.1050583657587548,False,6_Jason Taylor,0.3261747712828569
6,2,Jason Taylor,Edyta Sliwinska,Athlete,33,2nd Place,2,,27.0,True,257.0,0.1050583657587548,False,6_Jason Taylor,0.3261747712828569
6,3,Jason Taylor,Edyta Sliwinska,Athlete,33,2nd Place,2,,23.0,True,228.0,0.1008771929824561,False,6_Jason Taylor,0.326280198053836
6,3,Jason Taylor,Edyta Sliwinska,Athlete,33,2nd Place,2,,23.0,True,228.0,0.1008771929824561,False,6_Jason Taylor,0.326280198053836
6,4,Jason Taylor,Edyta Sliwinska,Athlete,33,2nd Place,2,,29.0,True,225.0,0.1288888888888889,False,6_Jason Taylor,0.3274725382731755
6,4,Jason Taylor,Edyta Sliwinska,Athlete,33,2nd Place,2,,29.0,True,225.0,0.1288888888888889,False,6_Jason Taylor,0.3274725382731755
6,5,Jason Taylor,Edyta Sliwinska,Athlete,33,2nd Place,2,,27.0,True,196.0,0.1377551020408163,False,6_Jason Taylor,0.3280946793780535
6,5,Jason Taylor,Edyta Sliwinska,Athlete,33,2nd Place,2,,27.0,True,196.0,0.1377551020408163,False,6_Jason Taylor,0.3280946793780535
6,6,Jason Taylor,Edyta Sliwinska,Athlete,33,2nd Place,2,,24.0,True,180.0,0.1333333333333333,False,6_Jason Taylor,0.3284019061033989
6,6,Jason Taylor,Edyta Sliwinska,Athlete,33,2nd Place,2,,24.0,True,180.0,0.1333333333333333,False,6_Jason Taylor,0.3284019061033989
6,7,Jason Taylor,Edyta Sliwinska,Athlete,33,2nd Place,2,,27.5,True,154.5,0.1779935275080906,False,6_Jason Taylor,0.3292327488611172
6,7,Jason Taylor,Edyta Sliwinska,Athlete,33,2nd Place,2,,27.5,True,154.5,0.1779935275080906,False,6_Jason Taylor,0.3292327488611172
6,8,Jason Taylor,Edyta Sliwinska,Athlete,33,2nd Place,2,,26.0,True,133.5,0.1947565543071161,False,6_Jason Taylor,0.329588012070407
6,8,Jason Taylor,Edyta Sliwinska,Athlete,33,2nd Place,2,,26.0,True,133.5,0.1947565543071161,False,6_Jason Taylor,0.329588012070407
6,9,Jason Taylor,Edyta Sliwinska,Athlete,33,2nd Place,2,,27.5,True,110.0,0.25,False,6_Jason Taylor,0.3302979939188575
6,9,Jason Taylor,Edyta Sliwinska,Athlete,33,2nd Place,2,,27.5,True,110.0,0.25,False,6_Jason Taylor,0.3302979939188575
6,10,Jason Taylor,Edyta Sliwinska,Athlete,33,2nd Place,2,,28.5,True,84.5,0.3372781065088757,False,6_Jason Taylor,0.3333333328262896
6,10,Jason Taylor,Edyta Sliwinska,Athlete,33,2nd Place,2,,28.5,True,84.5,0.3372781065088757,False,6_Jason Taylor,0.3333333328262896
6,1,Kristi Yamaguchi,Mark Ballas,Athlete,36,1st Place,1,,27.0,True,243.0,0.1111111111111111,False,6_Kristi Yamaguchi,0.3260551434798551
6,1,Kristi Yamaguchi,Mark Ballas,Athlete,36,1st Place,1,,27.0,True,243.0,0.1111111111111111,False,6_Kristi Yamaguchi,0.3260551434798551
6,2,Kristi Yamaguchi,Mark Ballas,Athlete,36,1st Place,1,,27.0,True,257.0,0.1050583657587548,False,6_Kristi Yamaguchi,0.3261747716126121
6,2,Kristi Yamaguchi,Mark Ballas,Athlete,36,1st Place,1,,27.0,True,257.0,0.1050583657587548,False,6_Kristi Yamaguchi,0.3261747716126121
6,3,Kristi Yamaguchi,Mark Ballas,Athlete,36,1st Place,1,,27.0,True,228.0,0.1184210526315789,False,6_Kristi Yamaguchi,0.3262801963074475
6,3,Kristi Yamaguchi,Mark Ballas,Athlete,36,1st Place,1,,27.0,True,228.0,0.1184210526315789,False,6_Kristi Yamaguchi,0.3262801963074475
6,4,Kristi Yamaguchi,Mark Ballas,Athlete,36,1st Place,1,,29.0,True,225.0,0.1288888888888889,False,6_Kristi Yamaguchi,0.3274725393867164
6,4,Kristi Yamaguchi,Mark Ballas,Athlete,36,1st Place,1,,29.0,True,225.0,0.1288888888888889,False,6_Kristi Yamaguchi,0.3274725393867164
6,5,Kristi Yamaguchi,Mark Ballas,Athlete,36,1st Place,1,,29.0,True,196.0,0.1479591836734693,False,6_Kristi Yamaguchi,0.3280946770786808
6,5,Kristi Yamaguchi,Mark Ballas,Athlete,36,1st Place,1,,29.0,True,196.0,0.1479591836734693,False,6_Kristi Yamaguchi,0.3280946770786808
6,6,Kristi Yamaguchi,Mark Ballas,Athlete,36,1st Place,1,,30.0,True,180.0,0.1666666666666666,False,6_Kristi Yamaguchi,0.3284019073224746
6,6,Kristi Yamaguchi,Mark Ballas,Athlete,36,1st Place,1,,30.0,True,180.0,0.1666666666666666,False,6_Kristi Yamaguchi,0.3284019073224746
6,7,Kristi Yamaguchi,Mark Ballas,Athlete,36,1st Place,1,,27.0,True,154.5,0.174757281553398,False,6_Kristi Yamaguchi,0.3292327468761581
6,7,Kristi Yamaguchi,Mark Ballas,Athlete,36,1st Place,1,,27.0,True,154.5,0.174757281553398,False,6_Kristi Yamaguchi,0.3292327468761581
6,8,Kristi Yamaguchi,Mark Ballas,Athlete,36,1st Place,1,,27.5,True,133.5,0.2059925093632958,False,6_Kristi Yamaguchi,0.3295880127736006
6,8,Kristi Yamaguchi,Mark Ballas,Athlete,36,1st Place,1,,27.5,True,133.5,0.2059925093632958,False,6_Kristi Yamaguchi,0.3295880127736006
6,9,Kristi Yamaguchi,Mark Ballas,Athlete,36,1st Place,1,,28.5,True,110.0,0.2590909090909091,False,6_Kristi Yamaguchi,0.3302979926356425
6,9,Kristi Yamaguchi,Mark Ballas,Athlete,36,1st Place,1,,28.5,True,110.0,0.2590909090909091,False,6_Kristi Yamaguchi,0.3302979926356425
6,10,Kristi Yamaguchi,Mark Ballas,Athlete,36,1st Place,1,,30.0,True,84.5,0.3550295857988165,False,6_Kristi Yamaguchi,0.3333333325896965
6,10,Kristi Yamaguchi,Mark Ballas,Athlete,36,1st Place,1,,30.0,True,84.5,0.3550295857988165,False,6_Kristi Yamaguchi,0.3333333325896965
6,1,Monica Seles,Jonathan Roberts,Athlete,34,Eliminated Week 2,11,2.0,15.0,True,243.0,0.0617283950617283,False,6_Monica Seles,8.224251354256641e-18
6,1,Monica Seles,Jonathan Roberts,Athlete,34,Eliminated Week 2,11,2.0,15.0,True,243.0,0.0617283950617283,False,6_Monica Seles,8.224251354256641e-18
6,2,Monica Seles,Jonathan Roberts,Athlete,34,Eliminated Week 2,11,2.0,15.0,True,257.0,0.0583657587548638,True,6_Monica Seles,7.71428090343557e-06
6,2,Monica Seles,Jonathan Roberts,Athlete,34,Eliminated Week 2,11,2.0,15.0,True,257.0,0.0583657587548638,True,6_Monica Seles,7.71428090343557e-06
6,3,Monica Seles,Jonathan Roberts,Athlete,34,Eliminated Week 2,11,2.0,0.0,False,228.0,0.0,False,6_Monica Seles,
6,4,Monica Seles,Jonathan Roberts,Athlete,34,Eliminated Week 2,11,2.0,0.0,False,225.0,0.0,False,6_Monica Seles,
6,5,Monica Seles,Jonathan Roberts,Athlete,34,Eliminated Week 2,11,2.0,0.0,False,196.0,0.0,False,6_Monica Seles,
6,6,Monica Seles,Jonathan Roberts,Athlete,34,Eliminated Week 2,11,2.0,0.0,False,180.0,0.0,False,6_Monica Seles,
6,7,Monica Seles,Jonathan Roberts,Athlete,34,Eliminated Week 2,11,2.0,0.0,False,154.5,0.0,False,6_Monica Seles,
6,8,Monica Seles,Jonathan Roberts,Athlete,34,Eliminated Week 2,11,2.0,0.0,False,133.5,0.0,False,6_Monica Seles,
6,9,Monica Seles,Jonathan Roberts,Athlete,34,Eliminated Week 2,11,2.0,0.0,False,110.0,0.0,False,6_Monica Seles,
6,10,Monica Seles,Jonathan Roberts,Athlete,34,Eliminated Week 2,11,2.0,0.0,False,84.5,0.0,False,6_Monica Seles,
6,1,Penn Jillette,Kym Johnson,Magician,53,Eliminated Week 2,12,2.0,16.0,True,243.0,0.0658436213991769,False,6_Penn Jillette,1.1967131569079532e-17
6,1,Penn Jillette,Kym Johnson,Magician,53,Eliminated Week 2,12,2.0,16.0,True,243.0,0.0658436213991769,False,6_Penn Jillette,1.1967131569079532e-17
6,2,Penn Jillette,Kym Johnson,Magician,53,Eliminated Week 2,12,2.0,17.0,True,257.0,0.0661478599221789,True,6_Penn Jillette,9.80299239469092e-18
6,2,Penn Jillette,Kym Johnson,Magician,53,Eliminated Week 2,12,2.0,17.0,True,257.0,0.0661478599221789,True,6_Penn Jillette,9.80299239469092e-18
6,3,Penn Jillette,Kym Johnson,Magician,53,Eliminated Week 2,12,2.0,0.0,False,228.0,0.0,False,6_Penn Jillette,
6,4,Penn Jillette,Kym Johnson,Magician,53,Eliminated Week 2,12,2.0,0.0,False,225.0,0.0,False,6_Penn Jillette,
6,5,Penn Jillette,Kym Johnson,Magician,53,Eliminated Week 2,12,2.0,0.0,False,196.0,0.0,False,6_Penn Jillette,
6,6,Penn Jillette,Kym Johnson,Magician,53,Eliminated Week 2,12,2.0,0.0,False,180.0,0.0,False,6_Penn Jillette,
6,7,Penn Jillette,Kym Johnson,Magician,53,Eliminated Week 2,12,2.0,0.0,False,154.5,0.0,False,6_Penn Jillette,
6,8,Penn Jillette,Kym Johnson,Magician,53,Eliminated Week 2,12,2.0,0.0,False,133.5,0.0,False,6_Penn Jillette,
6,9,Penn Jillette,Kym Johnson,Magician,53,Eliminated Week 2,12,2.0,0.0,False,110.0,0.0,False,6_Penn Jillette,
6,10,Penn Jillette,Kym Johnson,Magician,53,Eliminated Week 2,12,2.0,0.0,False,84.5,0.0,False,6_Penn Jillette,
6,1,Adam Carolla,Julianne Hough,Radio Personality,43,Eliminated Week 4,9,4.0,15.0,True,243.0,0.0617283950617283,False,6_Adam Carolla,0.0008308619493479
6,1,Adam Carolla,Julianne Hough,Radio Personality,43,Eliminated Week 4,9,4.0,15.0,True,243.0,0.0617283950617283,False,6_Adam Carolla,0.0008308619493479
6,2,Adam Carolla,Julianne Hough,Radio Personality,43,Eliminated Week 4,9,4.0,19.0,True,257.0,0.0739299610894941,False,6_Adam Carolla,0.000447542956043
6,2,Adam Carolla,Julianne Hough,Radio Personality,43,Eliminated Week 4,9,4.0,19.0,True,257.0,0.0739299610894941,False,6_Adam Carolla,0.000447542956043
6,3,Adam Carolla,Julianne Hough,Radio Personality,43,Eliminated Week 4,9,4.0,21.0,True,228.0,0.0921052631578947,False,6_Adam Carolla,0.0014278108552551
6,3,Adam Carolla,Julianne Hough,Radio Personality,43,Eliminated Week 4,9,4.0,21.0,True,228.0,0.0921052631578947,False,6_Adam Carolla,0.0014278108552551
6,4,Adam Carolla,Julianne Hough,Radio Personality,43,Eliminated Week 4,9,4.0,19.0,True,225.0,0.0844444444444444,True,6_Adam Carolla,0.0004825755477727
6,4,Adam Carolla,Julianne Hough,Radio Personality,43,Eliminated Week 4,9,4.0,19.0,True,225.0,0.0844444444444444,True,6_Adam Carolla,0.0004825755477727
6,5,Adam Carolla,Julianne Hough,Radio Personality,43,Eliminated Week 4,9,4.0,0.0,False,196.0,0.0,False,6_Adam Carolla,
6,6,Adam Carolla,Julianne Hough,Radio Personality,43,Eliminated Week 4,9,4.0,0.0,False,180.0,0.0,False,6_Adam Carolla,
6,7,Adam Carolla,Julianne Hough,Radio Personality,43,Eliminated Week 4,9,4.0,0.0,False,154.5,0.0,False,6_Adam Carolla,
6,8,Adam Carolla,Julianne Hough,Radio Personality,43,Eliminated Week 4,9,4.0,0.0,False,133.5,0.0,False,6_Adam Carolla,
6,9,Adam Carolla,Julianne Hough,Radio Personality,43,Eliminated Week 4,9,4.0,0.0,False,110.0,0.0,False,6_Adam Carolla,
6,10,Adam Carolla,Julianne Hough,Radio Personality,43,Eliminated Week 4,9,4.0,0.0,False,84.5,0.0,False,6_Adam Carolla,
6,1,Mario,Karina Smirnoff,Singer/Rapper,21,Eliminated Week 8,5,8.0,24.0,True,243.0,0.0987654320987654,False,6_Mario,3.552652928869208e-05
6,1,Mario,Karina Smirnoff,Singer/Rapper,21,Eliminated Week 8,5,8.0,24.0,True,243.0,0.0987654320987654,False,6_Mario,3.552652928869208e-05
6,2,Mario,Karina Smirnoff,Singer/Rapper,21,Eliminated Week 8,5,8.0,26.0,True,257.0,0.1011673151750972,False,6_Mario,1.1253090819649095e-05
6,2,Mario,Karina Smirnoff,Singer/Rapper,21,Eliminated Week 8,5,8.0,26.0,True,257.0,0.1011673151750972,False,6_Mario,1.1253090819649095e-05
6,3,Mario,Karina Smirnoff,Singer/Rapper,21,Eliminated Week 8,5,8.0,21.0,True,228.0,0.0921052631578947,False,6_Mario,0.0012079121980895
6,3,Mario,Karina Smirnoff,Singer/Rapper,21,Eliminated Week 8,5,8.0,21.0,True,228.0,0.0921052631578947,False,6_Mario,0.0012079121980895
6,4,Mario,Karina Smirnoff,Singer/Rapper,21,Eliminated Week 8,5,8.0,24.0,True,225.0,0.1066666666666666,False,6_Mario,0.0008790349481915
6,4,Mario,Karina Smirnoff,Singer/Rapper,21,Eliminated Week 8,5,8.0,24.0,True,225.0,0.1066666666666666,False,6_Mario,0.0008790349481915
6,5,Mario,Karina Smirnoff,Singer/Rapper,21,Eliminated Week 8,5,8.0,27.0,True,196.0,0.1377551020408163,False,6_Mario,3.561026084389045e-05
6,5,Mario,Karina Smirnoff,Singer/Rapper,21,Eliminated Week 8,5,8.0,27.0,True,196.0,0.1377551020408163,False,6_Mario,3.561026084389045e-05
6,6,Mario,Karina Smirnoff,Singer/Rapper,21,Eliminated Week 8,5,8.0,28.0,True,180.0,0.1555555555555555,False,6_Mario,0.0004289606562414
6,6,Mario,Karina Smirnoff,Singer/Rapper,21,Eliminated Week 8,5,8.0,28.0,True,180.0,0.1555555555555555,False,6_Mario,0.0004289606562414
6,7,Mario,Karina Smirnoff,Singer/Rapper,21,Eliminated Week 8,5,8.0,25.5,True,154.5,0.1650485436893204,False,6_Mario,8.828029920985654e-06
6,7,Mario,Karina Smirnoff,Singer/Rapper,21,Eliminated Week 8,5,8.0,25.5,True,154.5,0.1650485436893204,False,6_Mario,8.828029920985654e-06
6,8,Mario,Karina Smirnoff,Singer/Rapper,21,Eliminated Week 8,5,8.0,26.5,True,133.5,0.198501872659176,True,6_Mario,2.0591616306677933e-18
6,8,Mario,Karina Smirnoff,Singer/Rapper,21,Eliminated Week 8,5,8.0,26.5,True,133.5,0.198501872659176,True,6_Mario,2.0591616306677933e-18
6,9,Mario,Karina Smirnoff,Singer/Rapper,21,Eliminated Week 8,5,8.0,0.0,False,110.0,0.0,False,6_Mario,
6,10,Mario,Karina Smirnoff,Singer/Rapper,21,Eliminated Week 8,5,8.0,0.0,False,84.5,0.0,False,6_Mario,
7,1,Ted McGinley,Inna Brayer,Actor/Actress,50,Eliminated Week 1,12,1.0,18.5,True,252.0,0.0734126984126984,True,7_Ted McGinley,1.0015317568334849e-17
7,1,Ted McGinley,Inna Brayer,Actor/Actress,50,Eliminated Week 1,12,1.0,18.5,True,252.0,0.0734126984126984,True,7_Ted McGinley,1.0015317568334849e-17
7,2,Ted McGinley,Inna Brayer,Actor/Actress,50,Eliminated Week 1,12,1.0,0.0,False,221.0,0.0,False,7_Ted McGinley,
7,3,Ted McGinley,Inna Brayer,Actor/Actress,50,Eliminated Week 1,12,1.0,0.0,False,199.0,0.0,False,7_Ted McGinley,
7,4,Ted McGinley,Inna Brayer,Actor/Actress,50,Eliminated Week 1,12,1.0,0.0,False,203.0,0.0,False,7_Ted McGinley,
7,5,Ted McGinley,Inna Brayer,Actor/Actress,50,Eliminated Week 1,12,1.0,0.0,False,195.0,0.0,False,7_Ted McGinley,
7,6,Ted McGinley,Inna Brayer,Actor/Actress,50,Eliminated Week 1,12,1.0,0.0,False,160.0,0.0,False,7_Ted McGinley,
7,7,Ted McGinley,Inna Brayer,Actor/Actress,50,Eliminated Week 1,12,1.0,0.0,False,147.0,0.0,False,7_Ted McGinley,
7,8,Ted McGinley,Inna Brayer,Actor/Actress,50,Eliminated Week 1,12,1.0,0.0,False,127.5,0.0,False,7_Ted McGinley,
7,9,Ted McGinley,Inna Brayer,Actor/Actress,50,Eliminated Week 1,12,1.0,0.0,False,100.5,0.0,False,7_Ted McGinley,
7,10,Ted McGinley,Inna Brayer,Actor/Actress,50,Eliminated Week 1,12,1.0,0.0,False,85.0,0.0,False,7_Ted McGinley,
7,1,Cloris Leachman,Corky Ballas,Actor/Actress,82,Eliminated Week 6,7,6.0,16.0,True,252.0,0.0634920634920634,False,7_Cloris Leachman,0.0099019802814453
7,1,Cloris Leachman,Corky Ballas,Actor/Actress,82,Eliminated Week 6,7,6.0,16.0,True,252.0,0.0634920634920634,False,7_Cloris Leachman,0.0099019802814453
7,2,Cloris Leachman,Corky Ballas,Actor/Actress,82,Eliminated Week 6,7,6.0,15.0,True,221.0,0.0678733031674208,False,7_Cloris Leachman,0.009049773755656
7,2,Cloris Leachman,Corky Ballas,Actor/Actress,82,Eliminated Week 6,7,6.0,15.0,True,221.0,0.0678733031674208,False,7_Cloris Leachman,0.009049773755656
7,3,Cloris Leachman,Corky Ballas,Actor/Actress,82,Eliminated Week 6,7,6.0,16.0,True,199.0,0.0804020100502512,False,7_Cloris Leachman,0.0080729825656691
7,3,Cloris Leachman,Corky Ballas,Actor/Actress,82,Eliminated Week 6,7,6.0,16.0,True,199.0,0.0804020100502512,False,7_Cloris Leachman,0.0080729825656691
7,4,Cloris Leachman,Corky Ballas,Actor/Actress,82,Eliminated Week 6,7,6.0,22.0,True,203.0,0.1083743842364532,False,7_Cloris Leachman,0.0069574350913258
7,4,Cloris Leachman,Corky Ballas,Actor/Actress,82,Eliminated Week 6,7,6.0,22.0,True,203.0,0.1083743842364532,False,7_Cloris Leachman,0.0069574350913258
7,5,Cloris Leachman,Corky Ballas,Actor/Actress,82,Eliminated Week 6,7,6.0,21.0,True,195.0,0.1076923076923077,False,7_Cloris Leachman,0.0065073124342807
7,5,Cloris Leachman,Corky Ballas,Actor/Actress,82,Eliminated Week 6,7,6.0,21.0,True,195.0,0.1076923076923077,False,7_Cloris Leachman,0.0065073124342807
7,6,Cloris Leachman,Corky Ballas,Actor/Actress,82,Eliminated Week 6,7,6.0,15.0,True,160.0,0.09375,True,7_Cloris Leachman,0.0056483718539552
7,6,Cloris Leachman,Corky Ballas,Actor/Actress,82,Eliminated Week 6,7,6.0,15.0,True,160.0,0.09375,True,7_Cloris Leachman,0.0056483718539552
7,7,Cloris Leachman,Corky Ballas,Actor/Actress,82,Eliminated Week 6,7,6.0,0.0,False,147.0,0.0,False,7_Cloris Leachman,
7,8,Cloris Leachman,Corky Ballas,Actor/Actress,82,Eliminated Week 6,7,6.0,0.0,False,127.5,0.0,False,7_Cloris Leachman,
7,9,Cloris Leachman,Corky Ballas,Actor/Actress,82,Eliminated Week 6,7,6.0,0.0,False,100.5,0.0,False,7_Cloris Leachman,
7,10,Cloris Leachman,Corky Ballas,Actor/Actress,82,Eliminated Week 6,7,6.0,0.0,False,85.0,0.0,False,7_Cloris Leachman,
7,1,Susan Lucci,Tony Dovolani,Actor/Actress,61,Eliminated Week 7,6,7.0,18.5,True,252.0,0.0734126984126984,False,7_Susan Lucci,1.829591166069289e-17
7,1,Susan Lucci,Tony Dovolani,Actor/Actress,61,Eliminated Week 7,6,7.0,18.5,True,252.0,0.0734126984126984,False,7_Susan Lucci,1.829591166069289e-17
7,2,Susan Lucci,Tony Dovolani,Actor/Actress,61,Eliminated Week 7,6,7.0,21.0,True,221.0,0.0950226244343891,False,7_Susan Lucci,0.0001386744546069
7,2,Susan Lucci,Tony Dovolani,Actor/Actress,61,Eliminated Week 7,6,7.0,21.0,True,221.0,0.0950226244343891,False,7_Susan Lucci,0.0001386744546069
7,3,Susan Lucci,Tony Dovolani,Actor/Actress,61,Eliminated Week 7,6,7.0,21.0,True,199.0,0.1055276381909547,False,7_Susan Lucci,0.0
7,3,Susan Lucci,Tony Dovolani,Actor/Actress,61,Eliminated Week 7,6,7.0,21.0,True,199.0,0.1055276381909547,False,7_Susan Lucci,0.0
7,4,Susan Lucci,Tony Dovolani,Actor/Actress,61,Eliminated Week 7,6,7.0,24.0,True,203.0,0.1182266009852216,False,7_Susan Lucci,8.277205960569023e-18
7,4,Susan Lucci,Tony Dovolani,Actor/Actress,61,Eliminated Week 7,6,7.0,24.0,True,203.0,0.1182266009852216,False,7_Susan Lucci,8.277205960569023e-18
7,5,Susan Lucci,Tony Dovolani,Actor/Actress,61,Eliminated Week 7,6,7.0,22.0,True,195.0,0.1128205128205128,False,7_Susan Lucci,0.0003164444048483
7,5,Susan Lucci,Tony Dovolani,Actor/Actress,61,Eliminated Week 7,6,7.0,22.0,True,195.0,0.1128205128205128,False,7_Susan Lucci,0.0003164444048483
7,6,Susan Lucci,Tony Dovolani,Actor/Actress,61,Eliminated Week 7,6,7.0,23.0,True,160.0,0.14375,False,7_Susan Lucci,1.1156941148333617e-17
7,6,Susan Lucci,Tony Dovolani,Actor/Actress,61,Eliminated Week 7,6,7.0,23.0,True,160.0,0.14375,False,7_Susan Lucci,1.1156941148333617e-17
7,7,Susan Lucci,Tony Dovolani,Actor/Actress,61,Eliminated Week 7,6,7.0,24.0,True,147.0,0.1632653061224489,True,7_Susan Lucci,0.0
7,7,Susan Lucci,Tony Dovolani,Actor/Actress,61,Eliminated Week 7,6,7.0,24.0,True,147.0,0.1632653061224489,True,7_Susan Lucci,0.0
7,8,Susan Lucci,Tony Dovolani,Actor/Actress,61,Eliminated Week 7,6,7.0,0.0,False,127.5,0.0,False,7_Susan Lucci,
7,9,Susan Lucci,Tony Dovolani,Actor/Actress,61,Eliminated Week 7,6,7.0,0.0,False,100.5,0.0,False,7_Susan Lucci,
7,10,Susan Lucci,Tony Dovolani,Actor/Actress,61,Eliminated Week 7,6,7.0,0.0,False,85.0,0.0,False,7_Susan Lucci,
7,1,Cody Linley,Julianne Hough,Actor/Actress,18,Eliminated Week 9,4,9.0,20.5,True,252.0,0.0813492063492063,False,7_Cody Linley,0.0103755522078175
7,1,Cody Linley,Julianne Hough,Actor/Actress,18,Eliminated Week 9,4,9.0,20.5,True,252.0,0.0813492063492063,False,7_Cody Linley,0.0103755522078175
7,2,Cody Linley,Julianne Hough,Actor/Actress,18,Eliminated Week 9,4,9.0,21.0,True,221.0,0.0950226244343891,False,7_Cody Linley,0.0105433690210286
7,2,Cody Linley,Julianne Hough,Actor/Actress,18,Eliminated Week 9,4,9.0,21.0,True,221.0,0.0950226244343891,False,7_Cody Linley,0.0105433690210286
7,3,Cody Linley,Julianne Hough,Actor/Actress,18,Eliminated Week 9,4,9.0,21.0,True,199.0,0.1055276381909547,False,7_Cody Linley,0.0109152561778445
7,3,Cody Linley,Julianne Hough,Actor/Actress,18,Eliminated Week 9,4,9.0,21.0,True,199.0,0.1055276381909547,False,7_Cody Linley,0.0109152561778445
7,4,Cody Linley,Julianne Hough,Actor/Actress,18,Eliminated Week 9,4,9.0,23.0,True,203.0,0.1133004926108374,False,7_Cody Linley,0.0112661442012601
7,4,Cody Linley,Julianne Hough,Actor/Actress,18,Eliminated Week 9,4,9.0,23.0,True,203.0,0.1133004926108374,False,7_Cody Linley,0.0112661442012601
7,5,Cody Linley,Julianne Hough,Actor/Actress,18,Eliminated Week 9,4,9.0,28.0,True,195.0,0.1435897435897435,False,7_Cody Linley,0.0120339742378973
7,5,Cody Linley,Julianne Hough,Actor/Actress,18,Eliminated Week 9,4,9.0,28.0,True,195.0,0.1435897435897435,False,7_Cody Linley,0.0120339742378973
7,6,Cody Linley,Julianne Hough,Actor/Actress,18,Eliminated Week 9,4,9.0,23.0,True,160.0,0.14375,False,7_Cody Linley,0.0123973359828841
7,6,Cody Linley,Julianne Hough,Actor/Actress,18,Eliminated Week 9,4,9.0,23.0,True,160.0,0.14375,False,7_Cody Linley,0.0123973359828841
7,7,Cody Linley,Julianne Hough,Actor/Actress,18,Eliminated Week 9,4,9.0,22.0,True,147.0,0.1496598639455782,False,7_Cody Linley,0.0136035254622564
7,7,Cody Linley,Julianne Hough,Actor/Actress,18,Eliminated Week 9,4,9.0,22.0,True,147.0,0.1496598639455782,False,7_Cody Linley,0.0136035254622564
7,8,Cody Linley,Julianne Hough,Actor/Actress,18,Eliminated Week 9,4,9.0,24.0,True,127.5,0.188235294117647,False,7_Cody Linley,0.0113172562388654
7,8,Cody Linley,Julianne Hough,Actor/Actress,18,Eliminated Week 9,4,9.0,24.0,True,127.5,0.188235294117647,False,7_Cody Linley,0.0113172562388654
7,9,Cody Linley,Julianne Hough,Actor/Actress,18,Eliminated Week 9,4,9.0,23.0,True,100.5,0.2288557213930348,True,7_Cody Linley,0.009302514853661
7,9,Cody Linley,Julianne Hough,Actor/Actress,18,Eliminated Week 9,4,9.0,23.0,True,100.5,0.2288557213930348,True,7_Cody Linley,0.009302514853661
7,10,Cody Linley,Julianne Hough,Actor/Actress,18,Eliminated Week 9,4,9.0,0.0,False,85.0,0.0,False,7_Cody Linley,
7,1,Misty May-Treanor,Maksim Chmerkoskiy,Athlete,31,Withdrew,10,,21.0,True,252.0,0.0833333333333333,False,7_Misty May-Treanor,0.0
7,1,Misty May-Treanor,Maksim Chmerkoskiy,Athlete,31,Withdrew,10,,21.0,True,252.0,0.0833333333333333,False,7_Misty May-Treanor,0.0
7,2,Misty May-Treanor,Maksim Chmerkoskiy,Athlete,31,Withdrew,10,,21.0,True,221.0,0.0950226244343891,False,7_Misty May-Treanor,2.3310346708438345e-18
7,2,Misty May-Treanor,Maksim Chmerkoskiy,Athlete,31,Withdrew,10,,21.0,True,221.0,0.0950226244343891,False,7_Misty May-Treanor,2.3310346708438345e-18
7,3,Misty May-Treanor,Maksim Chmerkoskiy,Athlete,31,Withdrew,10,,0.0,False,199.0,0.0,False,7_Misty May-Treanor,
7,4,Misty May-Treanor,Maksim Chmerkoskiy,Athlete,31,Withdrew,10,,0.0,False,203.0,0.0,False,7_Misty May-Treanor,
7,5,Misty May-Treanor,Maksim Chmerkoskiy,Athlete,31,Withdrew,10,,0.0,False,195.0,0.0,False,7_Misty May-Treanor,
7,6,Misty May-Treanor,Maksim Chmerkoskiy,Athlete,31,Withdrew,10,,0.0,False,160.0,0.0,False,7_Misty May-Treanor,
7,7,Misty May-Treanor,Maksim Chmerkoskiy,Athlete,31,Withdrew,10,,0.0,False,147.0,0.0,False,7_Misty May-Treanor,
7,8,Misty May-Treanor,Maksim Chmerkoskiy,Athlete,31,Withdrew,10,,0.0,False,127.5,0.0,False,7_Misty May-Treanor,
7,9,Misty May-Treanor,Maksim Chmerkoskiy,Athlete,31,Withdrew,10,,0.0,False,100.5,0.0,False,7_Misty May-Treanor,
7,10,Misty May-Treanor,Maksim Chmerkoskiy,Athlete,31,Withdrew,10,,0.0,False,85.0,0.0,False,7_Misty May-Treanor,
7,1,Maurice Greene,Cheryl Burke,Athlete,34,Eliminated Week 8,5,8.0,19.5,True,252.0,0.0773809523809523,False,7_Maurice Greene,4.6146354966414276e-17
7,1,Maurice Greene,Cheryl Burke,Athlete,34,Eliminated Week 8,5,8.0,19.5,True,252.0,0.0773809523809523,False,7_Maurice Greene,4.6146354966414276e-17
7,2,Maurice Greene,Cheryl Burke,Athlete,34,Eliminated Week 8,5,8.0,19.0,True,221.0,0.085972850678733,False,7_Maurice Greene,0.0
7,2,Maurice Greene,Cheryl Burke,Athlete,34,Eliminated Week 8,5,8.0,19.0,True,221.0,0.085972850678733,False,7_Maurice Greene,0.0
7,3,Maurice Greene,Cheryl Burke,Athlete,34,Eliminated Week 8,5,8.0,24.0,True,199.0,0.1206030150753768,False,7_Maurice Greene,1.599198204416119e-17
7,3,Maurice Greene,Cheryl Burke,Athlete,34,Eliminated Week 8,5,8.0,24.0,True,199.0,0.1206030150753768,False,7_Maurice Greene,1.599198204416119e-17
7,4,Maurice Greene,Cheryl Burke,Athlete,34,Eliminated Week 8,5,8.0,20.0,True,203.0,0.0985221674876847,False,7_Maurice Greene,1.7608120907522395e-17
7,4,Maurice Greene,Cheryl Burke,Athlete,34,Eliminated Week 8,5,8.0,20.0,True,203.0,0.0985221674876847,False,7_Maurice Greene,1.7608120907522395e-17
7,5,Maurice Greene,Cheryl Burke,Athlete,34,Eliminated Week 8,5,8.0,27.0,True,195.0,0.1384615384615384,False,7_Maurice Greene,0.0001707219674146
7,5,Maurice Greene,Cheryl Burke,Athlete,34,Eliminated Week 8,5,8.0,27.0,True,195.0,0.1384615384615384,False,7_Maurice Greene,0.0001707219674146
7,6,Maurice Greene,Cheryl Burke,Athlete,34,Eliminated Week 8,5,8.0,21.0,True,160.0,0.13125,False,7_Maurice Greene,5.542983606832142e-18
7,6,Maurice Greene,Cheryl Burke,Athlete,34,Eliminated Week 8,5,8.0,21.0,True,160.0,0.13125,False,7_Maurice Greene,5.542983606832142e-18
7,7,Maurice Greene,Cheryl Burke,Athlete,34,Eliminated Week 8,5,8.0,25.0,True,147.0,0.1700680272108843,False,7_Maurice Greene,0.0005104769737532
7,7,Maurice Greene,Cheryl Burke,Athlete,34,Eliminated Week 8,5,8.0,25.0,True,147.0,0.1700680272108843,False,7_Maurice Greene,0.0005104769737532
7,8,Maurice Greene,Cheryl Burke,Athlete,34,Eliminated Week 8,5,8.0,24.0,True,127.5,0.188235294117647,True,7_Maurice Greene,0.0002406418199473
7,8,Maurice Greene,Cheryl Burke,Athlete,34,Eliminated Week 8,5,8.0,24.0,True,127.5,0.188235294117647,True,7_Maurice Greene,0.0002406418199473
7,9,Maurice Greene,Cheryl Burke,Athlete,34,Eliminated Week 8,5,8.0,0.0,False,100.5,0.0,False,7_Maurice Greene,
7,10,Maurice Greene,Cheryl Burke,Athlete,34,Eliminated Week 8,5,8.0,0.0,False,85.0,0.0,False,7_Maurice Greene,
7,1,Warren Sapp,Kym Johnson,Athlete,35,2nd Place,2,,21.5,True,252.0,0.0853174603174603,False,7_Warren Sapp,0.3252092853494723
7,1,Warren Sapp,Kym Johnson,Athlete,35,2nd Place,2,,21.5,True,252.0,0.0853174603174603,False,7_Warren Sapp,0.3252092853494723
7,2,Warren Sapp,Kym Johnson,Athlete,35,2nd Place,2,,24.0,True,221.0,0.1085972850678733,False,7_Warren Sapp,0.3252477718312632
7,2,Warren Sapp,Kym Johnson,Athlete,35,2nd Place,2,,24.0,True,221.0,0.1085972850678733,False,7_Warren Sapp,0.3252477718312632
7,3,Warren Sapp,Kym Johnson,Athlete,35,2nd Place,2,,25.0,True,199.0,0.1256281407035175,False,7_Warren Sapp,0.3256831710353371
7,3,Warren Sapp,Kym Johnson,Athlete,35,2nd Place,2,,25.0,True,199.0,0.1256281407035175,False,7_Warren Sapp,0.3256831710353371
7,4,Warren Sapp,Kym Johnson,Athlete,35,2nd Place,2,,22.0,True,203.0,0.1083743842364532,False,7_Warren Sapp,0.3260938326307265
7,4,Warren Sapp,Kym Johnson,Athlete,35,2nd Place,2,,22.0,True,203.0,0.1083743842364532,False,7_Warren Sapp,0.3260938326307265
7,5,Warren Sapp,Kym Johnson,Athlete,35,2nd Place,2,,25.0,True,195.0,0.1282051282051282,False,7_Warren Sapp,0.3268850119350455
7,5,Warren Sapp,Kym Johnson,Athlete,35,2nd Place,2,,25.0,True,195.0,0.1282051282051282,False,7_Warren Sapp,0.3268850119350455
7,6,Warren Sapp,Kym Johnson,Athlete,35,2nd Place,2,,25.0,True,160.0,0.15625,False,7_Warren Sapp,0.3273181202632525
7,6,Warren Sapp,Kym Johnson,Athlete,35,2nd Place,2,,25.0,True,160.0,0.15625,False,7_Warren Sapp,0.3273181202632525
7,7,Warren Sapp,Kym Johnson,Athlete,35,2nd Place,2,,21.0,True,147.0,0.1428571428571428,False,7_Warren Sapp,0.3286286445140711
7,7,Warren Sapp,Kym Johnson,Athlete,35,2nd Place,2,,21.0,True,147.0,0.1428571428571428,False,7_Warren Sapp,0.3286286445140711
7,8,Warren Sapp,Kym Johnson,Athlete,35,2nd Place,2,,27.0,True,127.5,0.2117647058823529,False,7_Warren Sapp,0.3294807165915259
7,8,Warren Sapp,Kym Johnson,Athlete,35,2nd Place,2,,27.0,True,127.5,0.2117647058823529,False,7_Warren Sapp,0.3294807165915259
7,9,Warren Sapp,Kym Johnson,Athlete,35,2nd Place,2,,24.5,True,100.5,0.2437810945273631,False,7_Warren Sapp,0.3302324846339964
7,9,Warren Sapp,Kym Johnson,Athlete,35,2nd Place,2,,24.5,True,100.5,0.2437810945273631,False,7_Warren Sapp,0.3302324846339964
7,10,Warren Sapp,Kym Johnson,Athlete,35,2nd Place,2,,27.5,True,85.0,0.3235294117647059,False,7_Warren Sapp,0.3333333364316041
7,10,Warren Sapp,Kym Johnson,Athlete,35,2nd Place,2,,27.5,True,85.0,0.3235294117647059,False,7_Warren Sapp,0.3333333364316041
7,1,Jeffrey Ross,Edyta Sliwinska,Comedian,43,Eliminated Week 1,13,1.0,12.0,True,252.0,0.0476190476190476,True,7_Jeffrey Ross,0.0
7,1,Jeffrey Ross,Edyta Sliwinska,Comedian,43,Eliminated Week 1,13,1.0,12.0,True,252.0,0.0476190476190476,True,7_Jeffrey Ross,0.0
7,2,Jeffrey Ross,Edyta Sliwinska,Comedian,43,Eliminated Week 1,13,1.0,0.0,False,221.0,0.0,False,7_Jeffrey Ross,
7,3,Jeffrey Ross,Edyta Sliwinska,Comedian,43,Eliminated Week 1,13,1.0,0.0,False,199.0,0.0,False,7_Jeffrey Ross,
7,4,Jeffrey Ross,Edyta Sliwinska,Comedian,43,Eliminated Week 1,13,1.0,0.0,False,203.0,0.0,False,7_Jeffrey Ross,
7,5,Jeffrey Ross,Edyta Sliwinska,Comedian,43,Eliminated Week 1,13,1.0,0.0,False,195.0,0.0,False,7_Jeffrey Ross,
7,6,Jeffrey Ross,Edyta Sliwinska,Comedian,43,Eliminated Week 1,13,1.0,0.0,False,160.0,0.0,False,7_Jeffrey Ross,
7,7,Jeffrey Ross,Edyta Sliwinska,Comedian,43,Eliminated Week 1,13,1.0,0.0,False,147.0,0.0,False,7_Jeffrey Ross,
7,8,Jeffrey Ross,Edyta Sliwinska,Comedian,43,Eliminated Week 1,13,1.0,0.0,False,127.5,0.0,False,7_Jeffrey Ross,
7,9,Jeffrey Ross,Edyta Sliwinska,Comedian,43,Eliminated Week 1,13,1.0,0.0,False,100.5,0.0,False,7_Jeffrey Ross,
7,10,Jeffrey Ross,Edyta Sliwinska,Comedian,43,Eliminated Week 1,13,1.0,0.0,False,85.0,0.0,False,7_Jeffrey Ross,
7,1,Toni Braxton,Alec Mazo,Singer/Rapper,40,Eliminated Week 5,8,5.0,22.5,True,252.0,0.0892857142857142,False,7_Toni Braxton,0.0
7,1,Toni Braxton,Alec Mazo,Singer/Rapper,40,Eliminated Week 5,8,5.0,22.5,True,252.0,0.0892857142857142,False,7_Toni Braxton,0.0
7,2,Toni Braxton,Alec Mazo,Singer/Rapper,40,Eliminated Week 5,8,5.0,23.0,True,221.0,0.1040723981900452,False,7_Toni Braxton,0.0
7,2,Toni Braxton,Alec Mazo,Singer/Rapper,40,Eliminated Week 5,8,5.0,23.0,True,221.0,0.1040723981900452,False,7_Toni Braxton,0.0
7,3,Toni Braxton,Alec Mazo,Singer/Rapper,40,Eliminated Week 5,8,5.0,22.0,True,199.0,0.1105527638190954,False,7_Toni Braxton,4.643976351123463e-05
7,3,Toni Braxton,Alec Mazo,Singer/Rapper,40,Eliminated Week 5,8,5.0,22.0,True,199.0,0.1105527638190954,False,7_Toni Braxton,4.643976351123463e-05
7,4,Toni Braxton,Alec Mazo,Singer/Rapper,40,Eliminated Week 5,8,5.0,22.0,True,203.0,0.1083743842364532,False,7_Toni Braxton,0.0
7,4,Toni Braxton,Alec Mazo,Singer/Rapper,40,Eliminated Week 5,8,5.0,22.0,True,203.0,0.1083743842364532,False,7_Toni Braxton,0.0
7,5,Toni Braxton,Alec Mazo,Singer/Rapper,40,Eliminated Week 5,8,5.0,22.0,True,195.0,0.1128205128205128,True,7_Toni Braxton,0.0003164444048483
7,5,Toni Braxton,Alec Mazo,Singer/Rapper,40,Eliminated Week 5,8,5.0,22.0,True,195.0,0.1128205128205128,True,7_Toni Braxton,0.0003164444048483
7,6,Toni Braxton,Alec Mazo,Singer/Rapper,40,Eliminated Week 5,8,5.0,0.0,False,160.0,0.0,False,7_Toni Braxton,
7,7,Toni Braxton,Alec Mazo,Singer/Rapper,40,Eliminated Week 5,8,5.0,0.0,False,147.0,0.0,False,7_Toni Braxton,
7,8,Toni Braxton,Alec Mazo,Singer/Rapper,40,Eliminated Week 5,8,5.0,0.0,False,127.5,0.0,False,7_Toni Braxton,
7,9,Toni Braxton,Alec Mazo,Singer/Rapper,40,Eliminated Week 5,8,5.0,0.0,False,100.5,0.0,False,7_Toni Braxton,
7,10,Toni Braxton,Alec Mazo,Singer/Rapper,40,Eliminated Week 5,8,5.0,0.0,False,85.0,0.0,False,7_Toni Braxton,
7,1,Lance Bass,Lacey Schwimmer,Singer/Rapper,29,3rd Place,3,,21.5,True,252.0,0.0853174603174603,False,7_Lance Bass,0.3252092885953485
7,1,Lance Bass,Lacey Schwimmer,Singer/Rapper,29,3rd Place,3,,21.5,True,252.0,0.0853174603174603,False,7_Lance Bass,0.3252092885953485
7,2,Lance Bass,Lacey Schwimmer,Singer/Rapper,29,3rd Place,3,,20.0,True,221.0,0.090497737556561,False,7_Lance Bass,0.3252477627335964
7,2,Lance Bass,Lacey Schwimmer,Singer/Rapper,29,3rd Place,3,,20.0,True,221.0,0.090497737556561,False,7_Lance Bass,0.3252477627335964
7,3,Lance Bass,Lacey Schwimmer,Singer/Rapper,29,3rd Place,3,,22.0,True,199.0,0.1105527638190954,False,7_Lance Bass,0.3256831874406691
7,3,Lance Bass,Lacey Schwimmer,Singer/Rapper,29,3rd Place,3,,22.0,True,199.0,0.1105527638190954,False,7_Lance Bass,0.3256831874406691
7,4,Lance Bass,Lacey Schwimmer,Singer/Rapper,29,3rd Place,3,,26.0,True,203.0,0.1280788177339901,False,7_Lance Bass,0.3260938098951785
7,4,Lance Bass,Lacey Schwimmer,Singer/Rapper,29,3rd Place,3,,26.0,True,203.0,0.1280788177339901,False,7_Lance Bass,0.3260938098951785
7,5,Lance Bass,Lacey Schwimmer,Singer/Rapper,29,3rd Place,3,,21.0,True,195.0,0.1076923076923077,False,7_Lance Bass,0.3268850403709158
7,5,Lance Bass,Lacey Schwimmer,Singer/Rapper,29,3rd Place,3,,21.0,True,195.0,0.1076923076923077,False,7_Lance Bass,0.3268850403709158
7,6,Lance Bass,Lacey Schwimmer,Singer/Rapper,29,3rd Place,3,,27.0,True,160.0,0.16875,False,7_Lance Bass,0.3273180902647252
7,6,Lance Bass,Lacey Schwimmer,Singer/Rapper,29,3rd Place,3,,27.0,True,160.0,0.16875,False,7_Lance Bass,0.3273180902647252
7,7,Lance Bass,Lacey Schwimmer,Singer/Rapper,29,3rd Place,3,,25.0,True,147.0,0.1700680272108843,False,7_Lance Bass,0.3286286729658559
7,7,Lance Bass,Lacey Schwimmer,Singer/Rapper,29,3rd Place,3,,25.0,True,147.0,0.1700680272108843,False,7_Lance Bass,0.3286286729658559
7,8,Lance Bass,Lacey Schwimmer,Singer/Rapper,29,3rd Place,3,,25.0,True,127.5,0.196078431372549,False,7_Lance Bass,0.329480694250324
7,8,Lance Bass,Lacey Schwimmer,Singer/Rapper,29,3rd Place,3,,25.0,True,127.5,0.196078431372549,False,7_Lance Bass,0.329480694250324
7,9,Lance Bass,Lacey Schwimmer,Singer/Rapper,29,3rd Place,3,,28.5,True,100.5,0.2835820895522388,False,7_Lance Bass,0.3302324993216536
7,9,Lance Bass,Lacey Schwimmer,Singer/Rapper,29,3rd Place,3,,28.5,True,100.5,0.2835820895522388,False,7_Lance Bass,0.3302324993216536
7,10,Lance Bass,Lacey Schwimmer,Singer/Rapper,29,3rd Place,3,,27.5,True,85.0,0.3235294117647059,False,7_Lance Bass,0.3333333317077014
7,10,Lance Bass,Lacey Schwimmer,Singer/Rapper,29,3rd Place,3,,27.5,True,85.0,0.3235294117647059,False,7_Lance Bass,0.3333333317077014
7,1,Kim Kardashian,Mark Ballas,TV Personality,27,Eliminated Week 2,11,2.0,18.5,True,252.0,0.0734126984126984,False,7_Kim Kardashian,0.0
7,1,Kim Kardashian,Mark Ballas,TV Personality,27,Eliminated Week 2,11,2.0,18.5,True,252.0,0.0734126984126984,False,7_Kim Kardashian,0.0
7,2,Kim Kardashian,Mark Ballas,TV Personality,27,Eliminated Week 2,11,2.0,17.0,True,221.0,0.0769230769230769,True,7_Kim Kardashian,7.420008617947671e-19
7,2,Kim Kardashian,Mark Ballas,TV Personality,27,Eliminated Week 2,11,2.0,17.0,True,221.0,0.0769230769230769,True,7_Kim Kardashian,7.420008617947671e-19
7,3,Kim Kardashian,Mark Ballas,TV Personality,27,Eliminated Week 2,11,2.0,0.0,False,199.0,0.0,False,7_Kim Kardashian,
7,4,Kim Kardashian,Mark Ballas,TV Personality,27,Eliminated Week 2,11,2.0,0.0,False,203.0,0.0,False,7_Kim Kardashian,
7,5,Kim Kardashian,Mark Ballas,TV Personality,27,Eliminated Week 2,11,2.0,0.0,False,195.0,0.0,False,7_Kim Kardashian,
7,6,Kim Kardashian,Mark Ballas,TV Personality,27,Eliminated Week 2,11,2.0,0.0,False,160.0,0.0,False,7_Kim Kardashian,
7,7,Kim Kardashian,Mark Ballas,TV Personality,27,Eliminated Week 2,11,2.0,0.0,False,147.0,0.0,False,7_Kim Kardashian,
7,8,Kim Kardashian,Mark Ballas,TV Personality,27,Eliminated Week 2,11,2.0,0.0,False,127.5,0.0,False,7_Kim Kardashian,
7,9,Kim Kardashian,Mark Ballas,TV Personality,27,Eliminated Week 2,11,2.0,0.0,False,100.5,0.0,False,7_Kim Kardashian,
7,10,Kim Kardashian,Mark Ballas,TV Personality,27,Eliminated Week 2,11,2.0,0.0,False,85.0,0.0,False,7_Kim Kardashian,
7,1,Rocco DiSpirito,Karina Smirnoff,TV Personality,41,Eliminated Week 4,9,4.0,17.5,True,252.0,0.0694444444444444,False,7_Rocco DiSpirito,0.0040946040739591
7,1,Rocco DiSpirito,Karina Smirnoff,TV Personality,41,Eliminated Week 4,9,4.0,17.5,True,252.0,0.0694444444444444,False,7_Rocco DiSpirito,0.0040946040739591
7,2,Rocco DiSpirito,Karina Smirnoff,TV Personality,41,Eliminated Week 4,9,4.0,16.0,True,221.0,0.0723981900452488,False,7_Rocco DiSpirito,0.004524886877828
7,2,Rocco DiSpirito,Karina Smirnoff,TV Personality,41,Eliminated Week 4,9,4.0,16.0,True,221.0,0.0723981900452488,False,7_Rocco DiSpirito,0.004524886877828
7,3,Rocco DiSpirito,Karina Smirnoff,TV Personality,41,Eliminated Week 4,9,4.0,20.0,True,199.0,0.100502512562814,False,7_Rocco DiSpirito,0.0039157707293714
7,3,Rocco DiSpirito,Karina Smirnoff,TV Personality,41,Eliminated Week 4,9,4.0,20.0,True,199.0,0.100502512562814,False,7_Rocco DiSpirito,0.0039157707293714
7,4,Rocco DiSpirito,Karina Smirnoff,TV Personality,41,Eliminated Week 4,9,4.0,18.0,True,203.0,0.0886699507389162,True,7_Rocco DiSpirito,0.0034949752577983
7,4,Rocco DiSpirito,Karina Smirnoff,TV Personality,41,Eliminated Week 4,9,4.0,18.0,True,203.0,0.0886699507389162,True,7_Rocco DiSpirito,0.0034949752577983
7,5,Rocco DiSpirito,Karina Smirnoff,TV Personality,41,Eliminated Week 4,9,4.0,0.0,False,195.0,0.0,False,7_Rocco DiSpirito,
7,6,Rocco DiSpirito,Karina Smirnoff,TV Personality,41,Eliminated Week 4,9,4.0,0.0,False,160.0,0.0,False,7_Rocco DiSpirito,
7,7,Rocco DiSpirito,Karina Smirnoff,TV Personality,41,Eliminated Week 4,9,4.0,0.0,False,147.0,0.0,False,7_Rocco DiSpirito,
7,8,Rocco DiSpirito,Karina Smirnoff,TV Personality,41,Eliminated Week 4,9,4.0,0.0,False,127.5,0.0,False,7_Rocco DiSpirito,
7,9,Rocco DiSpirito,Karina Smirnoff,TV Personality,41,Eliminated Week 4,9,4.0,0.0,False,100.5,0.0,False,7_Rocco DiSpirito,
7,10,Rocco DiSpirito,Karina Smirnoff,TV Personality,41,Eliminated Week 4,9,4.0,0.0,False,85.0,0.0,False,7_Rocco DiSpirito,
7,1,Brooke Burke,Derek Hough,TV Personality,37,1st Place,1,,24.5,True,252.0,0.0972222222222222,False,7_Brooke Burke,0.3252092894919572
7,1,Brooke Burke,Derek Hough,TV Personality,37,1st Place,1,,24.5,True,252.0,0.0972222222222222,False,7_Brooke Burke,0.3252092894919572
7,2,Brooke Burke,Derek Hough,TV Personality,37,1st Place,1,,24.0,True,221.0,0.1085972850678733,False,7_Brooke Burke,0.3252477613260205
7,2,Brooke Burke,Derek Hough,TV Personality,37,1st Place,1,,24.0,True,221.0,0.1085972850678733,False,7_Brooke Burke,0.3252477613260205
7,3,Brooke Burke,Derek Hough,TV Personality,37,1st Place,1,,28.0,True,199.0,0.1407035175879397,False,7_Brooke Burke,0.3256831922875975
7,3,Brooke Burke,Derek Hough,TV Personality,37,1st Place,1,,28.0,True,199.0,0.1407035175879397,False,7_Brooke Burke,0.3256831922875975
7,4,Brooke Burke,Derek Hough,TV Personality,37,1st Place,1,,26.0,True,203.0,0.1280788177339901,False,7_Brooke Burke,0.3260938029237106
7,4,Brooke Burke,Derek Hough,TV Personality,37,1st Place,1,,26.0,True,203.0,0.1280788177339901,False,7_Brooke Burke,0.3260938029237106
7,5,Brooke Burke,Derek Hough,TV Personality,37,1st Place,1,,29.0,True,195.0,0.1487179487179487,False,7_Brooke Burke,0.3268850502447494
7,5,Brooke Burke,Derek Hough,TV Personality,37,1st Place,1,,29.0,True,195.0,0.1487179487179487,False,7_Brooke Burke,0.3268850502447494
7,6,Brooke Burke,Derek Hough,TV Personality,37,1st Place,1,,26.0,True,160.0,0.1625,False,7_Brooke Burke,0.3273180816351827
7,6,Brooke Burke,Derek Hough,TV Personality,37,1st Place,1,,26.0,True,160.0,0.1625,False,7_Brooke Burke,0.3273180816351827
7,7,Brooke Burke,Derek Hough,TV Personality,37,1st Place,1,,30.0,True,147.0,0.2040816326530612,False,7_Brooke Burke,0.3286286800840634
7,7,Brooke Burke,Derek Hough,TV Personality,37,1st Place,1,,30.0,True,147.0,0.2040816326530612,False,7_Brooke Burke,0.3286286800840634
7,8,Brooke Burke,Derek Hough,TV Personality,37,1st Place,1,,27.5,True,127.5,0.2156862745098039,False,7_Brooke Burke,0.3294806910993373
7,8,Brooke Burke,Derek Hough,TV Personality,37,1st Place,1,,27.5,True,127.5,0.2156862745098039,False,7_Brooke Burke,0.3294806910993373
7,9,Brooke Burke,Derek Hough,TV Personality,37,1st Place,1,,24.5,True,100.5,0.2437810945273631,False,7_Brooke Burke,0.330232501190689
7,9,Brooke Burke,Derek Hough,TV Personality,37,1st Place,1,,24.5,True,100.5,0.2437810945273631,False,7_Brooke Burke,0.330232501190689
7,10,Brooke Burke,Derek Hough,TV Personality,37,1st Place,1,,30.0,True,85.0,0.3529411764705882,False,7_Brooke Burke,0.3333333318606945
7,10,Brooke Burke,Derek Hough,TV Personality,37,1st Place,1,,30.0,True,85.0,0.3529411764705882,False,7_Brooke Burke,0.3333333318606945
8,1,Gilles Marini,Cheryl Burke,Actor/Actress,33,2nd Place,2,,24.0,True,243.0,0.0987654320987654,False,8_Gilles Marini,0.3139600668991683
8,1,Gilles Marini,Cheryl Burke,Actor/Actress,33,2nd Place,2,,24.0,True,243.0,0.0987654320987654,False,8_Gilles Marini,0.3139600668991683
8,2,Gilles Marini,Cheryl Burke,Actor/Actress,33,2nd Place,2,,27.0,True,265.0,0.1018867924528302,False,8_Gilles Marini,0.3141146795246369
8,2,Gilles Marini,Cheryl Burke,Actor/Actress,33,2nd Place,2,,27.0,True,265.0,0.1018867924528302,False,8_Gilles Marini,0.3141146795246369
8,3,Gilles Marini,Cheryl Burke,Actor/Actress,33,2nd Place,2,,27.0,True,254.0,0.1062992125984252,False,8_Gilles Marini,0.3143376891924488
8,3,Gilles Marini,Cheryl Burke,Actor/Actress,33,2nd Place,2,,27.0,True,254.0,0.1062992125984252,False,8_Gilles Marini,0.3143376891924488
8,4,Gilles Marini,Cheryl Burke,Actor/Actress,33,2nd Place,2,,30.0,True,242.0,0.1239669421487603,False,8_Gilles Marini,0.3150140121690037
8,4,Gilles Marini,Cheryl Burke,Actor/Actress,33,2nd Place,2,,30.0,True,242.0,0.1239669421487603,False,8_Gilles Marini,0.3150140121690037
8,5,Gilles Marini,Cheryl Burke,Actor/Actress,33,2nd Place,2,,29.0,True,210.0,0.1380952380952381,False,8_Gilles Marini,0.3180857693575851
8,5,Gilles Marini,Cheryl Burke,Actor/Actress,33,2nd Place,2,,29.0,True,210.0,0.1380952380952381,False,8_Gilles Marini,0.3180857693575851
8,6,Gilles Marini,Cheryl Burke,Actor/Actress,33,2nd Place,2,,26.0,True,186.0,0.1397849462365591,False,8_Gilles Marini,0.3191211317913016
8,6,Gilles Marini,Cheryl Burke,Actor/Actress,33,2nd Place,2,,26.0,True,186.0,0.1397849462365591,False,8_Gilles Marini,0.3191211317913016
8,7,Gilles Marini,Cheryl Burke,Actor/Actress,33,2nd Place,2,,27.0,True,182.0,0.1483516483516483,False,8_Gilles Marini,0.3224723868841032
8,7,Gilles Marini,Cheryl Burke,Actor/Actress,33,2nd Place,2,,27.0,True,182.0,0.1483516483516483,False,8_Gilles Marini,0.3224723868841032
8,8,Gilles Marini,Cheryl Burke,Actor/Actress,33,2nd Place,2,,27.5,True,156.0,0.1762820512820513,False,8_Gilles Marini,0.3245477196489692
8,8,Gilles Marini,Cheryl Burke,Actor/Actress,33,2nd Place,2,,27.5,True,156.0,0.1762820512820513,False,8_Gilles Marini,0.3245477196489692
8,9,Gilles Marini,Cheryl Burke,Actor/Actress,33,2nd Place,2,,28.0,True,133.5,0.2097378277153558,False,8_Gilles Marini,0.3258494026279372
8,9,Gilles Marini,Cheryl Burke,Actor/Actress,33,2nd Place,2,,28.0,True,133.5,0.2097378277153558,False,8_Gilles Marini,0.3258494026279372
8,10,Gilles Marini,Cheryl Burke,Actor/Actress,33,2nd Place,2,,30.0,True,109.5,0.273972602739726,False,8_Gilles Marini,0.3273716987104254
8,10,Gilles Marini,Cheryl Burke,Actor/Actress,33,2nd Place,2,,30.0,True,109.5,0.273972602739726,False,8_Gilles Marini,0.3273716987104254
8,11,Gilles Marini,Cheryl Burke,Actor/Actress,33,2nd Place,2,,29.0,True,87.5,0.3314285714285714,False,8_Gilles Marini,0.3333333331769712
8,11,Gilles Marini,Cheryl Burke,Actor/Actress,33,2nd Place,2,,29.0,True,87.5,0.3314285714285714,False,8_Gilles Marini,0.3333333331769712
8,1,Denise Richards,Maksim Chmerkoskiy,Actor/Actress,38,Eliminated Week 3,12,3.0,18.0,True,243.0,0.074074074074074,False,8_Denise Richards,1.3026689102413336e-16
8,1,Denise Richards,Maksim Chmerkoskiy,Actor/Actress,38,Eliminated Week 3,12,3.0,18.0,True,243.0,0.074074074074074,False,8_Denise Richards,1.3026689102413336e-16
8,2,Denise Richards,Maksim Chmerkoskiy,Actor/Actress,38,Eliminated Week 3,12,3.0,21.0,True,265.0,0.0792452830188679,False,8_Denise Richards,1.916670388211767e-16
8,2,Denise Richards,Maksim Chmerkoskiy,Actor/Actress,38,Eliminated Week 3,12,3.0,21.0,True,265.0,0.0792452830188679,False,8_Denise Richards,1.916670388211767e-16
8,3,Denise Richards,Maksim Chmerkoskiy,Actor/Actress,38,Eliminated Week 3,12,3.0,16.0,True,254.0,0.0629921259842519,True,8_Denise Richards,1.1884384006216643e-16
8,3,Denise Richards,Maksim Chmerkoskiy,Actor/Actress,38,Eliminated Week 3,12,3.0,16.0,True,254.0,0.0629921259842519,True,8_Denise Richards,1.1884384006216643e-16
8,4,Denise Richards,Maksim Chmerkoskiy,Actor/Actress,38,Eliminated Week 3,12,3.0,0.0,False,242.0,0.0,False,8_Denise Richards,
8,5,Denise Richards,Maksim Chmerkoskiy,Actor/Actress,38,Eliminated Week 3,12,3.0,0.0,False,210.0,0.0,False,8_Denise Richards,
8,6,Denise Richards,Maksim Chmerkoskiy,Actor/Actress,38,Eliminated Week 3,12,3.0,0.0,False,186.0,0.0,False,8_Denise Richards,
8,7,Denise Richards,Maksim Chmerkoskiy,Actor/Actress,38,Eliminated Week 3,12,3.0,0.0,False,182.0,0.0,False,8_Denise Richards,
8,8,Denise Richards,Maksim Chmerkoskiy,Actor/Actress,38,Eliminated Week 3,12,3.0,0.0,False,156.0,0.0,False,8_Denise Richards,
8,9,Denise Richards,Maksim Chmerkoskiy,Actor/Actress,38,Eliminated Week 3,12,3.0,0.0,False,133.5,0.0,False,8_Denise Richards,
8,10,Denise Richards,Maksim Chmerkoskiy,Actor/Actress,38,Eliminated Week 3,12,3.0,0.0,False,109.5,0.0,False,8_Denise Richards,
8,11,Denise Richards,Maksim Chmerkoskiy,Actor/Actress,38,Eliminated Week 3,12,3.0,0.0,False,87.5,0.0,False,8_Denise Richards,
8,1,David Alan Grier,Kym Johnson,Actor/Actress,52,Eliminated Week 5,9,5.0,19.0,True,243.0,0.0781893004115226,False,8_David Alan Grier,0.0039983925829091
8,1,David Alan Grier,Kym Johnson,Actor/Actress,52,Eliminated Week 5,9,5.0,19.0,True,243.0,0.0781893004115226,False,8_David Alan Grier,0.0039983925829091
8,2,David Alan Grier,Kym Johnson,Actor/Actress,52,Eliminated Week 5,9,5.0,17.0,True,265.0,0.0641509433962264,False,8_David Alan Grier,0.0037735849056604
8,2,David Alan Grier,Kym Johnson,Actor/Actress,52,Eliminated Week 5,9,5.0,17.0,True,265.0,0.0641509433962264,False,8_David Alan Grier,0.0037735849056604
8,3,David Alan Grier,Kym Johnson,Actor/Actress,52,Eliminated Week 5,9,5.0,24.0,True,254.0,0.0944881889763779,False,8_David Alan Grier,0.0016054801614899
8,3,David Alan Grier,Kym Johnson,Actor/Actress,52,Eliminated Week 5,9,5.0,24.0,True,254.0,0.0944881889763779,False,8_David Alan Grier,0.0016054801614899
8,4,David Alan Grier,Kym Johnson,Actor/Actress,52,Eliminated Week 5,9,5.0,22.0,True,242.0,0.0909090909090909,False,8_David Alan Grier,6.936463791626151e-17
8,4,David Alan Grier,Kym Johnson,Actor/Actress,52,Eliminated Week 5,9,5.0,22.0,True,242.0,0.0909090909090909,False,8_David Alan Grier,6.936463791626151e-17
8,5,David Alan Grier,Kym Johnson,Actor/Actress,52,Eliminated Week 5,9,5.0,22.0,True,210.0,0.1047619047619047,True,8_David Alan Grier,2.4899789177048147e-17
8,5,David Alan Grier,Kym Johnson,Actor/Actress,52,Eliminated Week 5,9,5.0,22.0,True,210.0,0.1047619047619047,True,8_David Alan Grier,2.4899789177048147e-17
8,6,David Alan Grier,Kym Johnson,Actor/Actress,52,Eliminated Week 5,9,5.0,0.0,False,186.0,0.0,False,8_David Alan Grier,
8,7,David Alan Grier,Kym Johnson,Actor/Actress,52,Eliminated Week 5,9,5.0,0.0,False,182.0,0.0,False,8_David Alan Grier,
8,8,David Alan Grier,Kym Johnson,Actor/Actress,52,Eliminated Week 5,9,5.0,0.0,False,156.0,0.0,False,8_David Alan Grier,
8,9,David Alan Grier,Kym Johnson,Actor/Actress,52,Eliminated Week 5,9,5.0,0.0,False,133.5,0.0,False,8_David Alan Grier,
8,10,David Alan Grier,Kym Johnson,Actor/Actress,52,Eliminated Week 5,9,5.0,0.0,False,109.5,0.0,False,8_David Alan Grier,
8,11,David Alan Grier,Kym Johnson,Actor/Actress,52,Eliminated Week 5,9,5.0,0.0,False,87.5,0.0,False,8_David Alan Grier,
8,1,Lawrence Taylor,Edyta Sliwinska,Athlete,50,Eliminated Week 7,7,7.0,16.0,True,243.0,0.0658436213991769,False,8_Lawrence Taylor,0.0051733387820221
8,1,Lawrence Taylor,Edyta Sliwinska,Athlete,50,Eliminated Week 7,7,7.0,16.0,True,243.0,0.0658436213991769,False,8_Lawrence Taylor,0.0051733387820221
8,2,Lawrence Taylor,Edyta Sliwinska,Athlete,50,Eliminated Week 7,7,7.0,20.0,True,265.0,0.0754716981132075,False,8_Lawrence Taylor,0.0051324886473352
8,2,Lawrence Taylor,Edyta Sliwinska,Athlete,50,Eliminated Week 7,7,7.0,20.0,True,265.0,0.0754716981132075,False,8_Lawrence Taylor,0.0051324886473352
8,3,Lawrence Taylor,Edyta Sliwinska,Athlete,50,Eliminated Week 7,7,7.0,20.0,True,254.0,0.0787401574803149,False,8_Lawrence Taylor,0.0054588432488918
8,3,Lawrence Taylor,Edyta Sliwinska,Athlete,50,Eliminated Week 7,7,7.0,20.0,True,254.0,0.0787401574803149,False,8_Lawrence Taylor,0.0054588432488918
8,4,Lawrence Taylor,Edyta Sliwinska,Athlete,50,Eliminated Week 7,7,7.0,19.0,True,242.0,0.0785123966942148,False,8_Lawrence Taylor,0.0061988747506542
8,4,Lawrence Taylor,Edyta Sliwinska,Athlete,50,Eliminated Week 7,7,7.0,19.0,True,242.0,0.0785123966942148,False,8_Lawrence Taylor,0.0061988747506542
8,5,Lawrence Taylor,Edyta Sliwinska,Athlete,50,Eliminated Week 7,7,7.0,20.0,True,210.0,0.0952380952380952,False,8_Lawrence Taylor,0.0095238095238095
8,5,Lawrence Taylor,Edyta Sliwinska,Athlete,50,Eliminated Week 7,7,7.0,20.0,True,210.0,0.0952380952380952,False,8_Lawrence Taylor,0.0095238095238095
8,6,Lawrence Taylor,Edyta Sliwinska,Athlete,50,Eliminated Week 7,7,7.0,22.0,True,186.0,0.1182795698924731,False,8_Lawrence Taylor,0.0084960786687491
8,6,Lawrence Taylor,Edyta Sliwinska,Athlete,50,Eliminated Week 7,7,7.0,22.0,True,186.0,0.1182795698924731,False,8_Lawrence Taylor,0.0084960786687491
8,7,Lawrence Taylor,Edyta Sliwinska,Athlete,50,Eliminated Week 7,7,7.0,21.0,True,182.0,0.1153846153846153,True,8_Lawrence Taylor,0.0094016443370021
8,7,Lawrence Taylor,Edyta Sliwinska,Athlete,50,Eliminated Week 7,7,7.0,21.0,True,182.0,0.1153846153846153,True,8_Lawrence Taylor,0.0094016443370021
8,8,Lawrence Taylor,Edyta Sliwinska,Athlete,50,Eliminated Week 7,7,7.0,0.0,False,156.0,0.0,False,8_Lawrence Taylor,
8,9,Lawrence Taylor,Edyta Sliwinska,Athlete,50,Eliminated Week 7,7,7.0,0.0,False,133.5,0.0,False,8_Lawrence Taylor,
8,10,Lawrence Taylor,Edyta Sliwinska,Athlete,50,Eliminated Week 7,7,7.0,0.0,False,109.5,0.0,False,8_Lawrence Taylor,
8,11,Lawrence Taylor,Edyta Sliwinska,Athlete,50,Eliminated Week 7,7,7.0,0.0,False,87.5,0.0,False,8_Lawrence Taylor,
8,1,Ty Murray,Chelsie Hightower,Athlete,39,Eliminated Week 10,4,10.0,14.0,True,243.0,0.0576131687242798,False,8_Ty Murray,0.0104845721813206
8,1,Ty Murray,Chelsie Hightower,Athlete,39,Eliminated Week 10,4,10.0,14.0,True,243.0,0.0576131687242798,False,8_Ty Murray,0.0104845721813206
8,2,Ty Murray,Chelsie Hightower,Athlete,39,Eliminated Week 10,4,10.0,20.0,True,265.0,0.0754716981132075,False,8_Ty Murray,0.0103044324310229
8,2,Ty Murray,Chelsie Hightower,Athlete,39,Eliminated Week 10,4,10.0,20.0,True,265.0,0.0754716981132075,False,8_Ty Murray,0.0103044324310229
8,3,Ty Murray,Chelsie Hightower,Athlete,39,Eliminated Week 10,4,10.0,23.0,True,254.0,0.0905511811023622,False,8_Ty Murray,0.0107665847065144
8,3,Ty Murray,Chelsie Hightower,Athlete,39,Eliminated Week 10,4,10.0,23.0,True,254.0,0.0905511811023622,False,8_Ty Murray,0.0107665847065144
8,4,Ty Murray,Chelsie Hightower,Athlete,39,Eliminated Week 10,4,10.0,25.0,True,242.0,0.1033057851239669,False,8_Ty Murray,0.0114797755388921
8,4,Ty Murray,Chelsie Hightower,Athlete,39,Eliminated Week 10,4,10.0,25.0,True,242.0,0.1033057851239669,False,8_Ty Murray,0.0114797755388921
8,5,Ty Murray,Chelsie Hightower,Athlete,39,Eliminated Week 10,4,10.0,21.0,True,210.0,0.1,False,8_Ty Murray,0.0146035656887623
8,5,Ty Murray,Chelsie Hightower,Athlete,39,Eliminated Week 10,4,10.0,21.0,True,210.0,0.1,False,8_Ty Murray,0.0146035656887623
8,6,Ty Murray,Chelsie Hightower,Athlete,39,Eliminated Week 10,4,10.0,18.0,True,186.0,0.0967741935483871,False,8_Ty Murray,0.0156501739249851
8,6,Ty Murray,Chelsie Hightower,Athlete,39,Eliminated Week 10,4,10.0,18.0,True,186.0,0.0967741935483871,False,8_Ty Murray,0.0156501739249851
8,7,Ty Murray,Chelsie Hightower,Athlete,39,Eliminated Week 10,4,10.0,24.0,True,182.0,0.1318681318681318,False,8_Ty Murray,0.0189361353772869
8,7,Ty Murray,Chelsie Hightower,Athlete,39,Eliminated Week 10,4,10.0,24.0,True,182.0,0.1318681318681318,False,8_Ty Murray,0.0189361353772869
8,8,Ty Murray,Chelsie Hightower,Athlete,39,Eliminated Week 10,4,10.0,26.0,True,156.0,0.1666666666666666,False,8_Ty Murray,0.0211809540696621
8,8,Ty Murray,Chelsie Hightower,Athlete,39,Eliminated Week 10,4,10.0,26.0,True,156.0,0.1666666666666666,False,8_Ty Murray,0.0211809540696621
8,9,Ty Murray,Chelsie Hightower,Athlete,39,Eliminated Week 10,4,10.0,23.0,True,133.5,0.1722846441947565,False,8_Ty Murray,0.0224517839915822
8,9,Ty Murray,Chelsie Hightower,Athlete,39,Eliminated Week 10,4,10.0,23.0,True,133.5,0.1722846441947565,False,8_Ty Murray,0.0224517839915822
8,10,Ty Murray,Chelsie Hightower,Athlete,39,Eliminated Week 10,4,10.0,24.0,True,109.5,0.2191780821917808,True,8_Ty Murray,0.0178849104220125
8,10,Ty Murray,Chelsie Hightower,Athlete,39,Eliminated Week 10,4,10.0,24.0,True,109.5,0.2191780821917808,True,8_Ty Murray,0.0178849104220125
8,11,Ty Murray,Chelsie Hightower,Athlete,39,Eliminated Week 10,4,10.0,0.0,False,87.5,0.0,False,8_Ty Murray,
8,1,Shawn Johnson,Mark Ballas,Athlete,17,1st Place,1,,23.0,True,243.0,0.0946502057613168,False,8_Shawn Johnson,0.3139600672266436
8,1,Shawn Johnson,Mark Ballas,Athlete,17,1st Place,1,,23.0,True,243.0,0.0946502057613168,False,8_Shawn Johnson,0.3139600672266436
8,2,Shawn Johnson,Mark Ballas,Athlete,17,1st Place,1,,24.0,True,265.0,0.090566037735849,False,8_Shawn Johnson,0.314114675083464
8,2,Shawn Johnson,Mark Ballas,Athlete,17,1st Place,1,,24.0,True,265.0,0.090566037735849,False,8_Shawn Johnson,0.314114675083464
8,3,Shawn Johnson,Mark Ballas,Athlete,17,1st Place,1,,27.0,True,254.0,0.1062992125984252,False,8_Shawn Johnson,0.3143376935738299
8,3,Shawn Johnson,Mark Ballas,Athlete,17,1st Place,1,,27.0,True,254.0,0.1062992125984252,False,8_Shawn Johnson,0.3143376935738299
8,4,Shawn Johnson,Mark Ballas,Athlete,17,1st Place,1,,25.0,True,242.0,0.1033057851239669,False,8_Shawn Johnson,0.3150140046564133
8,4,Shawn Johnson,Mark Ballas,Athlete,17,1st Place,1,,25.0,True,242.0,0.1033057851239669,False,8_Shawn Johnson,0.3150140046564133
8,5,Shawn Johnson,Mark Ballas,Athlete,17,1st Place,1,,26.0,True,210.0,0.1238095238095238,False,8_Shawn Johnson,0.3180857756434766
8,5,Shawn Johnson,Mark Ballas,Athlete,17,1st Place,1,,26.0,True,210.0,0.1238095238095238,False,8_Shawn Johnson,0.3180857756434766
8,6,Shawn Johnson,Mark Ballas,Athlete,17,1st Place,1,,26.0,True,186.0,0.1397849462365591,False,8_Shawn Johnson,0.3191211235854717
8,6,Shawn Johnson,Mark Ballas,Athlete,17,1st Place,1,,26.0,True,186.0,0.1397849462365591,False,8_Shawn Johnson,0.3191211235854717
8,7,Shawn Johnson,Mark Ballas,Athlete,17,1st Place,1,,28.0,True,182.0,0.1538461538461538,False,8_Shawn Johnson,0.322472392298151
8,7,Shawn Johnson,Mark Ballas,Athlete,17,1st Place,1,,28.0,True,182.0,0.1538461538461538,False,8_Shawn Johnson,0.322472392298151
8,8,Shawn Johnson,Mark Ballas,Athlete,17,1st Place,1,,26.0,True,156.0,0.1666666666666666,False,8_Shawn Johnson,0.3245477136060338
8,8,Shawn Johnson,Mark Ballas,Athlete,17,1st Place,1,,26.0,True,156.0,0.1666666666666666,False,8_Shawn Johnson,0.3245477136060338
8,9,Shawn Johnson,Mark Ballas,Athlete,17,1st Place,1,,28.0,True,133.5,0.2097378277153558,False,8_Shawn Johnson,0.325849405116092
8,9,Shawn Johnson,Mark Ballas,Athlete,17,1st Place,1,,28.0,True,133.5,0.2097378277153558,False,8_Shawn Johnson,0.325849405116092
8,10,Shawn Johnson,Mark Ballas,Athlete,17,1st Place,1,,28.0,True,109.5,0.2557077625570776,False,8_Shawn Johnson,0.3273716956330434
8,10,Shawn Johnson,Mark Ballas,Athlete,17,1st Place,1,,28.0,True,109.5,0.2557077625570776,False,8_Shawn Johnson,0.3273716956330434
8,11,Shawn Johnson,Mark Ballas,Athlete,17,1st Place,1,,30.0,True,87.5,0.3428571428571428,False,8_Shawn Johnson,0.3333333328261811
8,11,Shawn Johnson,Mark Ballas,Athlete,17,1st Place,1,,30.0,True,87.5,0.3428571428571428,False,8_Shawn Johnson,0.3333333328261811
8,1,Steve Wozniak,Karina Smirnoff,Entrepreneur,58,Eliminated Week 4,10,4.0,13.0,True,243.0,0.0534979423868312,False,8_Steve Wozniak,0.0232702626515887
8,1,Steve Wozniak,Karina Smirnoff,Entrepreneur,58,Eliminated Week 4,10,4.0,13.0,True,243.0,0.0534979423868312,False,8_Steve Wozniak,0.0232702626515887
8,2,Steve Wozniak,Karina Smirnoff,Entrepreneur,58,Eliminated Week 4,10,4.0,17.0,True,265.0,0.0641509433962264,False,8_Steve Wozniak,0.0233511271893381
8,2,Steve Wozniak,Karina Smirnoff,Entrepreneur,58,Eliminated Week 4,10,4.0,17.0,True,265.0,0.0641509433962264,False,8_Steve Wozniak,0.0233511271893381
8,3,Steve Wozniak,Karina Smirnoff,Entrepreneur,58,Eliminated Week 4,10,4.0,10.0,True,254.0,0.0393700787401574,False,8_Steve Wozniak,0.0236079552622845
8,3,Steve Wozniak,Karina Smirnoff,Entrepreneur,58,Eliminated Week 4,10,4.0,10.0,True,254.0,0.0393700787401574,False,8_Steve Wozniak,0.0236079552622845
8,4,Steve Wozniak,Karina Smirnoff,Entrepreneur,58,Eliminated Week 4,10,4.0,12.0,True,242.0,0.0495867768595041,True,8_Steve Wozniak,0.0213233393426439
8,4,Steve Wozniak,Karina Smirnoff,Entrepreneur,58,Eliminated Week 4,10,4.0,12.0,True,242.0,0.0495867768595041,True,8_Steve Wozniak,0.0213233393426439
8,5,Steve Wozniak,Karina Smirnoff,Entrepreneur,58,Eliminated Week 4,10,4.0,0.0,False,210.0,0.0,False,8_Steve Wozniak,
8,6,Steve Wozniak,Karina Smirnoff,Entrepreneur,58,Eliminated Week 4,10,4.0,0.0,False,186.0,0.0,False,8_Steve Wozniak,
8,7,Steve Wozniak,Karina Smirnoff,Entrepreneur,58,Eliminated Week 4,10,4.0,0.0,False,182.0,0.0,False,8_Steve Wozniak,
8,8,Steve Wozniak,Karina Smirnoff,Entrepreneur,58,Eliminated Week 4,10,4.0,0.0,False,156.0,0.0,False,8_Steve Wozniak,
8,9,Steve Wozniak,Karina Smirnoff,Entrepreneur,58,Eliminated Week 4,10,4.0,0.0,False,133.5,0.0,False,8_Steve Wozniak,
8,10,Steve Wozniak,Karina Smirnoff,Entrepreneur,58,Eliminated Week 4,10,4.0,0.0,False,109.5,0.0,False,8_Steve Wozniak,
8,11,Steve Wozniak,Karina Smirnoff,Entrepreneur,58,Eliminated Week 4,10,4.0,0.0,False,87.5,0.0,False,8_Steve Wozniak,
8,1,Belinda Carlisle,Jonathan Roberts,Singer/Rapper,50,Eliminated Week 2,13,2.0,17.0,True,243.0,0.0699588477366255,False,8_Belinda Carlisle,1.642905104494441e-16
8,1,Belinda Carlisle,Jonathan Roberts,Singer/Rapper,50,Eliminated Week 2,13,2.0,17.0,True,243.0,0.0699588477366255,False,8_Belinda Carlisle,1.642905104494441e-16
8,2,Belinda Carlisle,Jonathan Roberts,Singer/Rapper,50,Eliminated Week 2,13,2.0,18.0,True,265.0,0.0679245283018867,True,8_Belinda Carlisle,6.283290934191523e-17
8,2,Belinda Carlisle,Jonathan Roberts,Singer/Rapper,50,Eliminated Week 2,13,2.0,18.0,True,265.0,0.0679245283018867,True,8_Belinda Carlisle,6.283290934191523e-17
8,3,Belinda Carlisle,Jonathan Roberts,Singer/Rapper,50,Eliminated Week 2,13,2.0,0.0,False,254.0,0.0,False,8_Belinda Carlisle,
8,4,Belinda Carlisle,Jonathan Roberts,Singer/Rapper,50,Eliminated Week 2,13,2.0,0.0,False,242.0,0.0,False,8_Belinda Carlisle,
8,5,Belinda Carlisle,Jonathan Roberts,Singer/Rapper,50,Eliminated Week 2,13,2.0,0.0,False,210.0,0.0,False,8_Belinda Carlisle,
8,6,Belinda Carlisle,Jonathan Roberts,Singer/Rapper,50,Eliminated Week 2,13,2.0,0.0,False,186.0,0.0,False,8_Belinda Carlisle,
8,7,Belinda Carlisle,Jonathan Roberts,Singer/Rapper,50,Eliminated Week 2,13,2.0,0.0,False,182.0,0.0,False,8_Belinda Carlisle,
8,8,Belinda Carlisle,Jonathan Roberts,Singer/Rapper,50,Eliminated Week 2,13,2.0,0.0,False,156.0,0.0,False,8_Belinda Carlisle,
8,9,Belinda Carlisle,Jonathan Roberts,Singer/Rapper,50,Eliminated Week 2,13,2.0,0.0,False,133.5,0.0,False,8_Belinda Carlisle,
8,10,Belinda Carlisle,Jonathan Roberts,Singer/Rapper,50,Eliminated Week 2,13,2.0,0.0,False,109.5,0.0,False,8_Belinda Carlisle,
8,11,Belinda Carlisle,Jonathan Roberts,Singer/Rapper,50,Eliminated Week 2,13,2.0,0.0,False,87.5,0.0,False,8_Belinda Carlisle,
8,1,Chuck Wicks,Julianne Hough,Singer/Rapper,29,Eliminated Week 8,6,8.0,20.0,True,243.0,0.0823045267489712,False,8_Chuck Wicks,2.0166160408230386e-17
8,1,Chuck Wicks,Julianne Hough,Singer/Rapper,29,Eliminated Week 8,6,8.0,20.0,True,243.0,0.0823045267489712,False,8_Chuck Wicks,2.0166160408230386e-17
8,2,Chuck Wicks,Julianne Hough,Singer/Rapper,29,Eliminated Week 8,6,8.0,20.0,True,265.0,0.0754716981132075,False,8_Chuck Wicks,0.0
8,2,Chuck Wicks,Julianne Hough,Singer/Rapper,29,Eliminated Week 8,6,8.0,20.0,True,265.0,0.0754716981132075,False,8_Chuck Wicks,0.0
8,3,Chuck Wicks,Julianne Hough,Singer/Rapper,29,Eliminated Week 8,6,8.0,23.0,True,254.0,0.0905511811023622,False,8_Chuck Wicks,1.0400548152746103e-16
8,3,Chuck Wicks,Julianne Hough,Singer/Rapper,29,Eliminated Week 8,6,8.0,23.0,True,254.0,0.0905511811023622,False,8_Chuck Wicks,1.0400548152746103e-16
8,4,Chuck Wicks,Julianne Hough,Singer/Rapper,29,Eliminated Week 8,6,8.0,22.0,True,242.0,0.0909090909090909,False,8_Chuck Wicks,4.4683271590588954e-17
8,4,Chuck Wicks,Julianne Hough,Singer/Rapper,29,Eliminated Week 8,6,8.0,22.0,True,242.0,0.0909090909090909,False,8_Chuck Wicks,4.4683271590588954e-17
8,5,Chuck Wicks,Julianne Hough,Singer/Rapper,29,Eliminated Week 8,6,8.0,23.0,True,210.0,0.1095238095238095,False,8_Chuck Wicks,0.0016647866593539
8,5,Chuck Wicks,Julianne Hough,Singer/Rapper,29,Eliminated Week 8,6,8.0,23.0,True,210.0,0.1095238095238095,False,8_Chuck Wicks,0.0016647866593539
8,6,Chuck Wicks,Julianne Hough,Singer/Rapper,29,Eliminated Week 8,6,8.0,23.0,True,186.0,0.1236559139784946,False,8_Chuck Wicks,0.0014093560776441
8,6,Chuck Wicks,Julianne Hough,Singer/Rapper,29,Eliminated Week 8,6,8.0,23.0,True,186.0,0.1236559139784946,False,8_Chuck Wicks,0.0014093560776441
8,7,Chuck Wicks,Julianne Hough,Singer/Rapper,29,Eliminated Week 8,6,8.0,27.0,True,182.0,0.1483516483516483,False,8_Chuck Wicks,0.0034394239742495
8,7,Chuck Wicks,Julianne Hough,Singer/Rapper,29,Eliminated Week 8,6,8.0,27.0,True,182.0,0.1483516483516483,False,8_Chuck Wicks,0.0034394239742495
8,8,Chuck Wicks,Julianne Hough,Singer/Rapper,29,Eliminated Week 8,6,8.0,25.5,True,156.0,0.1634615384615384,True,8_Chuck Wicks,0.0043546163113503
8,8,Chuck Wicks,Julianne Hough,Singer/Rapper,29,Eliminated Week 8,6,8.0,25.5,True,156.0,0.1634615384615384,True,8_Chuck Wicks,0.0043546163113503
8,9,Chuck Wicks,Julianne Hough,Singer/Rapper,29,Eliminated Week 8,6,8.0,0.0,False,133.5,0.0,False,8_Chuck Wicks,
8,10,Chuck Wicks,Julianne Hough,Singer/Rapper,29,Eliminated Week 8,6,8.0,0.0,False,109.5,0.0,False,8_Chuck Wicks,
8,11,Chuck Wicks,Julianne Hough,Singer/Rapper,29,Eliminated Week 8,6,8.0,0.0,False,87.5,0.0,False,8_Chuck Wicks,
8,1,Lil' Kim,Derek Hough,Singer/Rapper,34,Eliminated Week 9,5,9.0,21.0,True,243.0,0.0864197530864197,False,8_Lil' Kim,0.0
8,1,Lil' Kim,Derek Hough,Singer/Rapper,34,Eliminated Week 9,5,9.0,21.0,True,243.0,0.0864197530864197,False,8_Lil' Kim,0.0
8,2,Lil' Kim,Derek Hough,Singer/Rapper,34,Eliminated Week 9,5,9.0,23.0,True,265.0,0.0867924528301886,False,8_Lil' Kim,0.0
8,2,Lil' Kim,Derek Hough,Singer/Rapper,34,Eliminated Week 9,5,9.0,23.0,True,265.0,0.0867924528301886,False,8_Lil' Kim,0.0
8,3,Lil' Kim,Derek Hough,Singer/Rapper,34,Eliminated Week 9,5,9.0,25.0,True,254.0,0.0984251968503937,False,8_Lil' Kim,0.0
8,3,Lil' Kim,Derek Hough,Singer/Rapper,34,Eliminated Week 9,5,9.0,25.0,True,254.0,0.0984251968503937,False,8_Lil' Kim,0.0
8,4,Lil' Kim,Derek Hough,Singer/Rapper,34,Eliminated Week 9,5,9.0,27.0,True,242.0,0.1115702479338843,False,8_Lil' Kim,7.522172305217176e-18
8,4,Lil' Kim,Derek Hough,Singer/Rapper,34,Eliminated Week 9,5,9.0,27.0,True,242.0,0.1115702479338843,False,8_Lil' Kim,7.522172305217176e-18
8,5,Lil' Kim,Derek Hough,Singer/Rapper,34,Eliminated Week 9,5,9.0,26.0,True,210.0,0.1238095238095238,False,8_Lil' Kim,0.0009028906615032
8,5,Lil' Kim,Derek Hough,Singer/Rapper,34,Eliminated Week 9,5,9.0,26.0,True,210.0,0.1238095238095238,False,8_Lil' Kim,0.0009028906615032
8,6,Lil' Kim,Derek Hough,Singer/Rapper,34,Eliminated Week 9,5,9.0,28.0,True,186.0,0.1505376344086021,False,8_Lil' Kim,0.0
8,6,Lil' Kim,Derek Hough,Singer/Rapper,34,Eliminated Week 9,5,9.0,28.0,True,186.0,0.1505376344086021,False,8_Lil' Kim,0.0
8,7,Lil' Kim,Derek Hough,Singer/Rapper,34,Eliminated Week 9,5,9.0,26.0,True,182.0,0.1428571428571428,False,8_Lil' Kim,0.000805618805132
8,7,Lil' Kim,Derek Hough,Singer/Rapper,34,Eliminated Week 9,5,9.0,26.0,True,182.0,0.1428571428571428,False,8_Lil' Kim,0.000805618805132
8,8,Lil' Kim,Derek Hough,Singer/Rapper,34,Eliminated Week 9,5,9.0,28.0,True,156.0,0.1794871794871795,False,8_Lil' Kim,0.0008212856992717
8,8,Lil' Kim,Derek Hough,Singer/Rapper,34,Eliminated Week 9,5,9.0,28.0,True,156.0,0.1794871794871795,False,8_Lil' Kim,0.0008212856992717
8,9,Lil' Kim,Derek Hough,Singer/Rapper,34,Eliminated Week 9,5,9.0,26.0,True,133.5,0.1947565543071161,True,8_Lil' Kim,0.0
8,9,Lil' Kim,Derek Hough,Singer/Rapper,34,Eliminated Week 9,5,9.0,26.0,True,133.5,0.1947565543071161,True,8_Lil' Kim,0.0
8,10,Lil' Kim,Derek Hough,Singer/Rapper,34,Eliminated Week 9,5,9.0,0.0,False,109.5,0.0,False,8_Lil' Kim,
8,11,Lil' Kim,Derek Hough,Singer/Rapper,34,Eliminated Week 9,5,9.0,0.0,False,87.5,0.0,False,8_Lil' Kim,
8,1,Steve-O,Lacey Schwimmer,TV Personality,34,Eliminated Week 6,8,6.0,17.0,True,243.0,0.0699588477366255,False,8_Steve-O,0.0151932306658476
8,1,Steve-O,Lacey Schwimmer,TV Personality,34,Eliminated Week 6,8,6.0,17.0,True,243.0,0.0699588477366255,False,8_Steve-O,0.0151932306658476
8,2,Steve-O,Lacey Schwimmer,TV Personality,34,Eliminated Week 6,8,6.0,14.0,True,265.0,0.0528301886792452,False,8_Steve-O,0.0150943396226415
8,2,Steve-O,Lacey Schwimmer,TV Personality,34,Eliminated Week 6,8,6.0,14.0,True,265.0,0.0528301886792452,False,8_Steve-O,0.0150943396226415
8,3,Steve-O,Lacey Schwimmer,TV Personality,34,Eliminated Week 6,8,6.0,15.0,True,254.0,0.0590551181102362,False,8_Steve-O,0.0155480544001792
8,3,Steve-O,Lacey Schwimmer,TV Personality,34,Eliminated Week 6,8,6.0,15.0,True,254.0,0.0590551181102362,False,8_Steve-O,0.0155480544001792
8,4,Steve-O,Lacey Schwimmer,TV Personality,34,Eliminated Week 6,8,6.0,15.0,True,242.0,0.0619834710743801,False,8_Steve-O,0.0159559946768964
8,4,Steve-O,Lacey Schwimmer,TV Personality,34,Eliminated Week 6,8,6.0,15.0,True,242.0,0.0619834710743801,False,8_Steve-O,0.0159559946768964
8,5,Steve-O,Lacey Schwimmer,TV Personality,34,Eliminated Week 6,8,6.0,18.0,True,210.0,0.0857142857142857,False,8_Steve-O,0.0190476190476191
8,5,Steve-O,Lacey Schwimmer,TV Personality,34,Eliminated Week 6,8,6.0,18.0,True,210.0,0.0857142857142857,False,8_Steve-O,0.0190476190476191
8,6,Steve-O,Lacey Schwimmer,TV Personality,34,Eliminated Week 6,8,6.0,16.0,True,186.0,0.086021505376344,True,8_Steve-O,0.0170810181024439
8,6,Steve-O,Lacey Schwimmer,TV Personality,34,Eliminated Week 6,8,6.0,16.0,True,186.0,0.086021505376344,True,8_Steve-O,0.0170810181024439
8,7,Steve-O,Lacey Schwimmer,TV Personality,34,Eliminated Week 6,8,6.0,0.0,False,182.0,0.0,False,8_Steve-O,
8,8,Steve-O,Lacey Schwimmer,TV Personality,34,Eliminated Week 6,8,6.0,0.0,False,156.0,0.0,False,8_Steve-O,
8,9,Steve-O,Lacey Schwimmer,TV Personality,34,Eliminated Week 6,8,6.0,0.0,False,133.5,0.0,False,8_Steve-O,
8,10,Steve-O,Lacey Schwimmer,TV Personality,34,Eliminated Week 6,8,6.0,0.0,False,109.5,0.0,False,8_Steve-O,
8,11,Steve-O,Lacey Schwimmer,TV Personality,34,Eliminated Week 6,8,6.0,0.0,False,87.5,0.0,False,8_Steve-O,
8,1,Holly Madison,Dmitry Chaplin,TV Personality,30,Eliminated Week 4,11,4.0,18.0,True,243.0,0.074074074074074,False,8_Holly Madison,1.151287181908045e-16
8,1,Holly Madison,Dmitry Chaplin,TV Personality,30,Eliminated Week 4,11,4.0,18.0,True,243.0,0.074074074074074,False,8_Holly Madison,1.151287181908045e-16
8,2,Holly Madison,Dmitry Chaplin,TV Personality,30,Eliminated Week 4,11,4.0,18.0,True,265.0,0.0679245283018867,False,8_Holly Madison,1.5132751822466428e-16
8,2,Holly Madison,Dmitry Chaplin,TV Personality,30,Eliminated Week 4,11,4.0,18.0,True,265.0,0.0679245283018867,False,8_Holly Madison,1.5132751822466428e-16
8,3,Holly Madison,Dmitry Chaplin,TV Personality,30,Eliminated Week 4,11,4.0,17.0,True,254.0,0.0669291338582677,False,8_Holly Madison,1.4144772592789012e-16
8,3,Holly Madison,Dmitry Chaplin,TV Personality,30,Eliminated Week 4,11,4.0,17.0,True,254.0,0.0669291338582677,False,8_Holly Madison,1.4144772592789012e-16
8,4,Holly Madison,Dmitry Chaplin,TV Personality,30,Eliminated Week 4,11,4.0,16.0,True,242.0,0.0661157024793388,True,8_Holly Madison,1.0598377410089071e-16
8,4,Holly Madison,Dmitry Chaplin,TV Personality,30,Eliminated Week 4,11,4.0,16.0,True,242.0,0.0661157024793388,True,8_Holly Madison,1.0598377410089071e-16
8,5,Holly Madison,Dmitry Chaplin,TV Personality,30,Eliminated Week 4,11,4.0,0.0,False,210.0,0.0,False,8_Holly Madison,
8,6,Holly Madison,Dmitry Chaplin,TV Personality,30,Eliminated Week 4,11,4.0,0.0,False,186.0,0.0,False,8_Holly Madison,
8,7,Holly Madison,Dmitry Chaplin,TV Personality,30,Eliminated Week 4,11,4.0,0.0,False,182.0,0.0,False,8_Holly Madison,
8,8,Holly Madison,Dmitry Chaplin,TV Personality,30,Eliminated Week 4,11,4.0,0.0,False,156.0,0.0,False,8_Holly Madison,
8,9,Holly Madison,Dmitry Chaplin,TV Personality,30,Eliminated Week 4,11,4.0,0.0,False,133.5,0.0,False,8_Holly Madison,
8,10,Holly Madison,Dmitry Chaplin,TV Personality,30,Eliminated Week 4,11,4.0,0.0,False,109.5,0.0,False,8_Holly Madison,
8,11,Holly Madison,Dmitry Chaplin,TV Personality,30,Eliminated Week 4,11,4.0,0.0,False,87.5,0.0,False,8_Holly Madison,
8,1,Melissa Rycroft,Tony Dovolani,TV Personality,26,3rd Place,3,,23.0,True,243.0,0.0946502057613168,False,8_Melissa Rycroft,0.3139600690104995
8,1,Melissa Rycroft,Tony Dovolani,TV Personality,26,3rd Place,3,,23.0,True,243.0,0.0946502057613168,False,8_Melissa Rycroft,0.3139600690104995
8,2,Melissa Rycroft,Tony Dovolani,TV Personality,26,3rd Place,3,,26.0,True,265.0,0.0981132075471698,False,8_Melissa Rycroft,0.3141146725959006
8,2,Melissa Rycroft,Tony Dovolani,TV Personality,26,3rd Place,3,,26.0,True,265.0,0.0981132075471698,False,8_Melissa Rycroft,0.3141146725959006
8,3,Melissa Rycroft,Tony Dovolani,TV Personality,26,3rd Place,3,,27.0,True,254.0,0.1062992125984252,False,8_Melissa Rycroft,0.3143376994543609
8,3,Melissa Rycroft,Tony Dovolani,TV Personality,26,3rd Place,3,,27.0,True,254.0,0.1062992125984252,False,8_Melissa Rycroft,0.3143376994543609
8,4,Melissa Rycroft,Tony Dovolani,TV Personality,26,3rd Place,3,,29.0,True,242.0,0.1198347107438016,False,8_Melissa Rycroft,0.3150139988654959
8,4,Melissa Rycroft,Tony Dovolani,TV Personality,26,3rd Place,3,,29.0,True,242.0,0.1198347107438016,False,8_Melissa Rycroft,0.3150139988654959
8,5,Melissa Rycroft,Tony Dovolani,TV Personality,26,3rd Place,3,,25.0,True,210.0,0.119047619047619,False,8_Melissa Rycroft,0.3180857834178899
8,5,Melissa Rycroft,Tony Dovolani,TV Personality,26,3rd Place,3,,25.0,True,210.0,0.119047619047619,False,8_Melissa Rycroft,0.3180857834178899
8,6,Melissa Rycroft,Tony Dovolani,TV Personality,26,3rd Place,3,,27.0,True,186.0,0.1451612903225806,False,8_Melissa Rycroft,0.3191211178494043
8,6,Melissa Rycroft,Tony Dovolani,TV Personality,26,3rd Place,3,,27.0,True,186.0,0.1451612903225806,False,8_Melissa Rycroft,0.3191211178494043
8,7,Melissa Rycroft,Tony Dovolani,TV Personality,26,3rd Place,3,,29.0,True,182.0,0.1593406593406593,False,8_Melissa Rycroft,0.3224723983240751
8,7,Melissa Rycroft,Tony Dovolani,TV Personality,26,3rd Place,3,,29.0,True,182.0,0.1593406593406593,False,8_Melissa Rycroft,0.3224723983240751
8,8,Melissa Rycroft,Tony Dovolani,TV Personality,26,3rd Place,3,,23.0,True,156.0,0.1474358974358974,False,8_Melissa Rycroft,0.3245477106647129
8,8,Melissa Rycroft,Tony Dovolani,TV Personality,26,3rd Place,3,,23.0,True,156.0,0.1474358974358974,False,8_Melissa Rycroft,0.3245477106647129
8,9,Melissa Rycroft,Tony Dovolani,TV Personality,26,3rd Place,3,,28.5,True,133.5,0.2134831460674157,False,8_Melissa Rycroft,0.3258494082643887
8,9,Melissa Rycroft,Tony Dovolani,TV Personality,26,3rd Place,3,,28.5,True,133.5,0.2134831460674157,False,8_Melissa Rycroft,0.3258494082643887
8,10,Melissa Rycroft,Tony Dovolani,TV Personality,26,3rd Place,3,,27.5,True,109.5,0.2511415525114155,False,8_Melissa Rycroft,0.3273716952345186
8,10,Melissa Rycroft,Tony Dovolani,TV Personality,26,3rd Place,3,,27.5,True,109.5,0.2511415525114155,False,8_Melissa Rycroft,0.3273716952345186
8,11,Melissa Rycroft,Tony Dovolani,TV Personality,26,3rd Place,3,,28.5,True,87.5,0.3257142857142857,False,8_Melissa Rycroft,0.3333333339968477
8,11,Melissa Rycroft,Tony Dovolani,TV Personality,26,3rd Place,3,,28.5,True,87.5,0.3257142857142857,False,8_Melissa Rycroft,0.3333333339968477
9,1,Ashley Hamiliton,Edyta Sliwinska,Actor/Actress,34,Eliminated Week 1,16,1.0,18.9999,True,405.9984,0.0467979676767199,True,9_Ashley Hamiliton,6.502358793985009e-05
9,1,Ashley Hamiliton,Edyta Sliwinska,Actor/Actress,34,Eliminated Week 1,16,1.0,18.9999,True,405.9984,0.0467979676767199,True,9_Ashley Hamiliton,6.502358793985009e-05
9,2,Ashley Hamiliton,Edyta Sliwinska,Actor/Actress,34,Eliminated Week 1,16,1.0,0.0,False,294.0,0.0,False,9_Ashley Hamiliton,
9,3,Ashley Hamiliton,Edyta Sliwinska,Actor/Actress,34,Eliminated Week 1,16,1.0,0.0,False,258.0,0.0,False,9_Ashley Hamiliton,
9,4,Ashley Hamiliton,Edyta Sliwinska,Actor/Actress,34,Eliminated Week 1,16,1.0,0.0,False,242.0,0.0,False,9_Ashley Hamiliton,
9,5,Ashley Hamiliton,Edyta Sliwinska,Actor/Actress,34,Eliminated Week 1,16,1.0,0.0,False,242.0,0.0,False,9_Ashley Hamiliton,
9,6,Ashley Hamiliton,Edyta Sliwinska,Actor/Actress,34,Eliminated Week 1,16,1.0,0.0,False,259.9991,0.0,False,9_Ashley Hamiliton,
9,7,Ashley Hamiliton,Edyta Sliwinska,Actor/Actress,34,Eliminated Week 1,16,1.0,0.0,False,175.5,0.0,False,9_Ashley Hamiliton,
9,8,Ashley Hamiliton,Edyta Sliwinska,Actor/Actress,34,Eliminated Week 1,16,1.0,0.0,False,131.0,0.0,False,9_Ashley Hamiliton,
9,9,Ashley Hamiliton,Edyta Sliwinska,Actor/Actress,34,Eliminated Week 1,16,1.0,0.0,False,106.6663,0.0,False,9_Ashley Hamiliton,
9,10,Ashley Hamiliton,Edyta Sliwinska,Actor/Actress,34,Eliminated Week 1,16,1.0,0.0,False,82.5552,0.0,False,9_Ashley Hamiliton,
9,1,Debi Mazar,Maksim Chmerkoskiy,Actor/Actress,45,Eliminated Week 3,12,3.0,22.0,True,405.9984,0.0541874056646528,False,9_Debi Mazar,4.5353863610284465e-05
9,1,Debi Mazar,Maksim Chmerkoskiy,Actor/Actress,45,Eliminated Week 3,12,3.0,22.0,True,405.9984,0.0541874056646528,False,9_Debi Mazar,4.5353863610284465e-05
9,2,Debi Mazar,Maksim Chmerkoskiy,Actor/Actress,45,Eliminated Week 3,12,3.0,21.0,True,294.0,0.0714285714285714,False,9_Debi Mazar,1.2248610247456197e-18
9,2,Debi Mazar,Maksim Chmerkoskiy,Actor/Actress,45,Eliminated Week 3,12,3.0,21.0,True,294.0,0.0714285714285714,False,9_Debi Mazar,1.2248610247456197e-18
9,3,Debi Mazar,Maksim Chmerkoskiy,Actor/Actress,45,Eliminated Week 3,12,3.0,17.0,True,258.0,0.065891472868217,True,9_Debi Mazar,0.0
9,3,Debi Mazar,Maksim Chmerkoskiy,Actor/Actress,45,Eliminated Week 3,12,3.0,17.0,True,258.0,0.065891472868217,True,9_Debi Mazar,0.0
9,4,Debi Mazar,Maksim Chmerkoskiy,Actor/Actress,45,Eliminated Week 3,12,3.0,0.0,False,242.0,0.0,False,9_Debi Mazar,
9,5,Debi Mazar,Maksim Chmerkoskiy,Actor/Actress,45,Eliminated Week 3,12,3.0,0.0,False,242.0,0.0,False,9_Debi Mazar,
9,6,Debi Mazar,Maksim Chmerkoskiy,Actor/Actress,45,Eliminated Week 3,12,3.0,0.0,False,259.9991,0.0,False,9_Debi Mazar,
9,7,Debi Mazar,Maksim Chmerkoskiy,Actor/Actress,45,Eliminated Week 3,12,3.0,0.0,False,175.5,0.0,False,9_Debi Mazar,
9,8,Debi Mazar,Maksim Chmerkoskiy,Actor/Actress,45,Eliminated Week 3,12,3.0,0.0,False,131.0,0.0,False,9_Debi Mazar,
9,9,Debi Mazar,Maksim Chmerkoskiy,Actor/Actress,45,Eliminated Week 3,12,3.0,0.0,False,106.6663,0.0,False,9_Debi Mazar,
9,10,Debi Mazar,Maksim Chmerkoskiy,Actor/Actress,45,Eliminated Week 3,12,3.0,0.0,False,82.5552,0.0,False,9_Debi Mazar,
9,1,Melissa Joan Hart,Mark Ballas,Actor/Actress,33,Eliminated Week 6,9,6.0,24.0,True,405.9984,0.0591135334523485,False,9_Melissa Joan Hart,4.398086105545036e-06
9,1,Melissa Joan Hart,Mark Ballas,Actor/Actress,33,Eliminated Week 6,9,6.0,24.0,True,405.9984,0.0591135334523485,False,9_Melissa Joan Hart,4.398086105545036e-06
9,2,Melissa Joan Hart,Mark Ballas,Actor/Actress,33,Eliminated Week 6,9,6.0,19.0,True,294.0,0.064625850340136,False,9_Melissa Joan Hart,5.545235259433602e-05
9,2,Melissa Joan Hart,Mark Ballas,Actor/Actress,33,Eliminated Week 6,9,6.0,19.0,True,294.0,0.064625850340136,False,9_Melissa Joan Hart,5.545235259433602e-05
9,3,Melissa Joan Hart,Mark Ballas,Actor/Actress,33,Eliminated Week 6,9,6.0,19.0,True,258.0,0.0736434108527131,False,9_Melissa Joan Hart,2.115503735435056e-18
9,3,Melissa Joan Hart,Mark Ballas,Actor/Actress,33,Eliminated Week 6,9,6.0,19.0,True,258.0,0.0736434108527131,False,9_Melissa Joan Hart,2.115503735435056e-18
9,4,Melissa Joan Hart,Mark Ballas,Actor/Actress,33,Eliminated Week 6,9,6.0,28.0,True,242.0,0.1157024793388429,False,9_Melissa Joan Hart,0.0006246239427266
9,4,Melissa Joan Hart,Mark Ballas,Actor/Actress,33,Eliminated Week 6,9,6.0,28.0,True,242.0,0.1157024793388429,False,9_Melissa Joan Hart,0.0006246239427266
9,5,Melissa Joan Hart,Mark Ballas,Actor/Actress,33,Eliminated Week 6,9,6.0,23.0,True,242.0,0.0950413223140495,False,9_Melissa Joan Hart,0.0003227645982965
9,5,Melissa Joan Hart,Mark Ballas,Actor/Actress,33,Eliminated Week 6,9,6.0,23.0,True,242.0,0.0950413223140495,False,9_Melissa Joan Hart,0.0003227645982965
9,6,Melissa Joan Hart,Mark Ballas,Actor/Actress,33,Eliminated Week 6,9,6.0,23.9999,True,259.9991,0.0923076272187096,True,9_Melissa Joan Hart,3.0682144120856466e-18
9,6,Melissa Joan Hart,Mark Ballas,Actor/Actress,33,Eliminated Week 6,9,6.0,23.9999,True,259.9991,0.0923076272187096,True,9_Melissa Joan Hart,3.0682144120856466e-18
9,7,Melissa Joan Hart,Mark Ballas,Actor/Actress,33,Eliminated Week 6,9,6.0,0.0,False,175.5,0.0,False,9_Melissa Joan Hart,
9,8,Melissa Joan Hart,Mark Ballas,Actor/Actress,33,Eliminated Week 6,9,6.0,0.0,False,131.0,0.0,False,9_Melissa Joan Hart,
9,9,Melissa Joan Hart,Mark Ballas,Actor/Actress,33,Eliminated Week 6,9,6.0,0.0,False,106.6663,0.0,False,9_Melissa Joan Hart,
9,10,Melissa Joan Hart,Mark Ballas,Actor/Actress,33,Eliminated Week 6,9,6.0,0.0,False,82.5552,0.0,False,9_Melissa Joan Hart,
9,1,Mark Dacascos,Lacey Schwimmer,Actor/Actress,45,Eliminated Week 7,6,7.0,28.9998,True,405.9984,0.0714283603088091,False,9_Mark Dacascos,0.0
9,1,Mark Dacascos,Lacey Schwimmer,Actor/Actress,45,Eliminated Week 7,6,7.0,28.9998,True,405.9984,0.0714283603088091,False,9_Mark Dacascos,0.0
9,2,Mark Dacascos,Lacey Schwimmer,Actor/Actress,45,Eliminated Week 7,6,7.0,21.0,True,294.0,0.0714285714285714,False,9_Mark Dacascos,6.18675894535683e-05
9,2,Mark Dacascos,Lacey Schwimmer,Actor/Actress,45,Eliminated Week 7,6,7.0,21.0,True,294.0,0.0714285714285714,False,9_Mark Dacascos,6.18675894535683e-05
9,3,Mark Dacascos,Lacey Schwimmer,Actor/Actress,45,Eliminated Week 7,6,7.0,18.0,True,258.0,0.0697674418604651,False,9_Mark Dacascos,5.078437350108259e-18
9,3,Mark Dacascos,Lacey Schwimmer,Actor/Actress,45,Eliminated Week 7,6,7.0,18.0,True,258.0,0.0697674418604651,False,9_Mark Dacascos,5.078437350108259e-18
9,4,Mark Dacascos,Lacey Schwimmer,Actor/Actress,45,Eliminated Week 7,6,7.0,22.0,True,242.0,0.0909090909090909,False,9_Mark Dacascos,0.0003574846265936
9,4,Mark Dacascos,Lacey Schwimmer,Actor/Actress,45,Eliminated Week 7,6,7.0,22.0,True,242.0,0.0909090909090909,False,9_Mark Dacascos,0.0003574846265936
9,5,Mark Dacascos,Lacey Schwimmer,Actor/Actress,45,Eliminated Week 7,6,7.0,26.0,True,242.0,0.1074380165289256,False,9_Mark Dacascos,0.000359045072555
9,5,Mark Dacascos,Lacey Schwimmer,Actor/Actress,45,Eliminated Week 7,6,7.0,26.0,True,242.0,0.1074380165289256,False,9_Mark Dacascos,0.000359045072555
9,6,Mark Dacascos,Lacey Schwimmer,Actor/Actress,45,Eliminated Week 7,6,7.0,32.0,True,259.9991,0.1230773491139007,False,9_Mark Dacascos,6.077940152407011e-06
9,6,Mark Dacascos,Lacey Schwimmer,Actor/Actress,45,Eliminated Week 7,6,7.0,32.0,True,259.9991,0.1230773491139007,False,9_Mark Dacascos,6.077940152407011e-06
9,7,Mark Dacascos,Lacey Schwimmer,Actor/Actress,45,Eliminated Week 7,6,7.0,21.5,True,175.5,0.1225071225071225,True,9_Mark Dacascos,2.2942953280859912e-18
9,7,Mark Dacascos,Lacey Schwimmer,Actor/Actress,45,Eliminated Week 7,6,7.0,21.5,True,175.5,0.1225071225071225,True,9_Mark Dacascos,2.2942953280859912e-18
9,8,Mark Dacascos,Lacey Schwimmer,Actor/Actress,45,Eliminated Week 7,6,7.0,0.0,False,131.0,0.0,False,9_Mark Dacascos,
9,9,Mark Dacascos,Lacey Schwimmer,Actor/Actress,45,Eliminated Week 7,6,7.0,0.0,False,106.6663,0.0,False,9_Mark Dacascos,
9,10,Mark Dacascos,Lacey Schwimmer,Actor/Actress,45,Eliminated Week 7,6,7.0,0.0,False,82.5552,0.0,False,9_Mark Dacascos,
9,1,Chuck Liddell,Anna Trebunskaya,Athlete,39,Eliminated Week 4,11,4.0,22.0,True,405.9984,0.0541874056646528,False,9_Chuck Liddell,2.595438488553586e-05
9,1,Chuck Liddell,Anna Trebunskaya,Athlete,39,Eliminated Week 4,11,4.0,22.0,True,405.9984,0.0541874056646528,False,9_Chuck Liddell,2.595438488553586e-05
9,2,Chuck Liddell,Anna Trebunskaya,Athlete,39,Eliminated Week 4,11,4.0,19.0,True,294.0,0.064625850340136,False,9_Chuck Liddell,3.6193310668026214e-05
9,2,Chuck Liddell,Anna Trebunskaya,Athlete,39,Eliminated Week 4,11,4.0,19.0,True,294.0,0.064625850340136,False,9_Chuck Liddell,3.6193310668026214e-05
9,3,Chuck Liddell,Anna Trebunskaya,Athlete,39,Eliminated Week 4,11,4.0,17.0,True,258.0,0.065891472868217,False,9_Chuck Liddell,6.333084573203119e-18
9,3,Chuck Liddell,Anna Trebunskaya,Athlete,39,Eliminated Week 4,11,4.0,17.0,True,258.0,0.065891472868217,False,9_Chuck Liddell,6.333084573203119e-18
9,4,Chuck Liddell,Anna Trebunskaya,Athlete,39,Eliminated Week 4,11,4.0,17.0,True,242.0,0.0702479338842975,True,9_Chuck Liddell,4.0222574031135843e-19
9,4,Chuck Liddell,Anna Trebunskaya,Athlete,39,Eliminated Week 4,11,4.0,17.0,True,242.0,0.0702479338842975,True,9_Chuck Liddell,4.0222574031135843e-19
9,5,Chuck Liddell,Anna Trebunskaya,Athlete,39,Eliminated Week 4,11,4.0,0.0,False,242.0,0.0,False,9_Chuck Liddell,
9,6,Chuck Liddell,Anna Trebunskaya,Athlete,39,Eliminated Week 4,11,4.0,0.0,False,259.9991,0.0,False,9_Chuck Liddell,
9,7,Chuck Liddell,Anna Trebunskaya,Athlete,39,Eliminated Week 4,11,4.0,0.0,False,175.5,0.0,False,9_Chuck Liddell,
9,8,Chuck Liddell,Anna Trebunskaya,Athlete,39,Eliminated Week 4,11,4.0,0.0,False,131.0,0.0,False,9_Chuck Liddell,
9,9,Chuck Liddell,Anna Trebunskaya,Athlete,39,Eliminated Week 4,11,4.0,0.0,False,106.6663,0.0,False,9_Chuck Liddell,
9,10,Chuck Liddell,Anna Trebunskaya,Athlete,39,Eliminated Week 4,11,4.0,0.0,False,82.5552,0.0,False,9_Chuck Liddell,
9,1,Natalie Coughlin,Alec Mazo,Athlete,27,Eliminated Week 5,10,5.0,26.9998,True,405.9984,0.0665022325211133,False,9_Natalie Coughlin,1.960175234205161e-05
9,1,Natalie Coughlin,Alec Mazo,Athlete,27,Eliminated Week 5,10,5.0,26.9998,True,405.9984,0.0665022325211133,False,9_Natalie Coughlin,1.960175234205161e-05
9,2,Natalie Coughlin,Alec Mazo,Athlete,27,Eliminated Week 5,10,5.0,21.0,True,294.0,0.0714285714285714,False,9_Natalie Coughlin,2.6828359122382597e-05
9,2,Natalie Coughlin,Alec Mazo,Athlete,27,Eliminated Week 5,10,5.0,21.0,True,294.0,0.0714285714285714,False,9_Natalie Coughlin,2.6828359122382597e-05
9,3,Natalie Coughlin,Alec Mazo,Athlete,27,Eliminated Week 5,10,5.0,26.0,True,258.0,0.1007751937984496,False,9_Natalie Coughlin,0.0
9,3,Natalie Coughlin,Alec Mazo,Athlete,27,Eliminated Week 5,10,5.0,26.0,True,258.0,0.1007751937984496,False,9_Natalie Coughlin,0.0
9,4,Natalie Coughlin,Alec Mazo,Athlete,27,Eliminated Week 5,10,5.0,24.0,True,242.0,0.0991735537190082,False,9_Natalie Coughlin,0.0006997445490207
9,4,Natalie Coughlin,Alec Mazo,Athlete,27,Eliminated Week 5,10,5.0,24.0,True,242.0,0.0991735537190082,False,9_Natalie Coughlin,0.0006997445490207
9,5,Natalie Coughlin,Alec Mazo,Athlete,27,Eliminated Week 5,10,5.0,22.0,True,242.0,0.0909090909090909,True,9_Natalie Coughlin,0.0005322662731393
9,5,Natalie Coughlin,Alec Mazo,Athlete,27,Eliminated Week 5,10,5.0,22.0,True,242.0,0.0909090909090909,True,9_Natalie Coughlin,0.0005322662731393
9,6,Natalie Coughlin,Alec Mazo,Athlete,27,Eliminated Week 5,10,5.0,0.0,False,259.9991,0.0,False,9_Natalie Coughlin,
9,7,Natalie Coughlin,Alec Mazo,Athlete,27,Eliminated Week 5,10,5.0,0.0,False,175.5,0.0,False,9_Natalie Coughlin,
9,8,Natalie Coughlin,Alec Mazo,Athlete,27,Eliminated Week 5,10,5.0,0.0,False,131.0,0.0,False,9_Natalie Coughlin,
9,9,Natalie Coughlin,Alec Mazo,Athlete,27,Eliminated Week 5,10,5.0,0.0,False,106.6663,0.0,False,9_Natalie Coughlin,
9,10,Natalie Coughlin,Alec Mazo,Athlete,27,Eliminated Week 5,10,5.0,0.0,False,82.5552,0.0,False,9_Natalie Coughlin,
9,1,Louie Vito,Chelsie Hightower,Athlete,21,Eliminated Week 6,8,6.0,26.9998,True,405.9984,0.0665022325211133,False,9_Louie Vito,0.0027858517400131
9,1,Louie Vito,Chelsie Hightower,Athlete,21,Eliminated Week 6,8,6.0,26.9998,True,405.9984,0.0665022325211133,False,9_Louie Vito,0.0027858517400131
9,2,Louie Vito,Chelsie Hightower,Athlete,21,Eliminated Week 6,8,6.0,19.0,True,294.0,0.064625850340136,False,9_Louie Vito,0.0029384986090299
9,2,Louie Vito,Chelsie Hightower,Athlete,21,Eliminated Week 6,8,6.0,19.0,True,294.0,0.064625850340136,False,9_Louie Vito,0.0029384986090299
9,3,Louie Vito,Chelsie Hightower,Athlete,21,Eliminated Week 6,8,6.0,20.0,True,258.0,0.0775193798449612,False,9_Louie Vito,0.0033383411237905
9,3,Louie Vito,Chelsie Hightower,Athlete,21,Eliminated Week 6,8,6.0,20.0,True,258.0,0.0775193798449612,False,9_Louie Vito,0.0033383411237905
9,4,Louie Vito,Chelsie Hightower,Athlete,21,Eliminated Week 6,8,6.0,16.0,True,242.0,0.0661157024793388,False,9_Louie Vito,0.0041266086188973
9,4,Louie Vito,Chelsie Hightower,Athlete,21,Eliminated Week 6,8,6.0,16.0,True,242.0,0.0661157024793388,False,9_Louie Vito,0.0041266086188973
9,5,Louie Vito,Chelsie Hightower,Athlete,21,Eliminated Week 6,8,6.0,22.0,True,242.0,0.0909090909090909,False,9_Louie Vito,0.0035456369019736
9,5,Louie Vito,Chelsie Hightower,Athlete,21,Eliminated Week 6,8,6.0,22.0,True,242.0,0.0909090909090909,False,9_Louie Vito,0.0035456369019736
9,6,Louie Vito,Chelsie Hightower,Athlete,21,Eliminated Week 6,8,6.0,24.0,True,259.9991,0.0923080118354255,True,9_Louie Vito,0.0025292097553155
9,6,Louie Vito,Chelsie Hightower,Athlete,21,Eliminated Week 6,8,6.0,24.0,True,259.9991,0.0923080118354255,True,9_Louie Vito,0.0025292097553155
9,7,Louie Vito,Chelsie Hightower,Athlete,21,Eliminated Week 6,8,6.0,0.0,False,175.5,0.0,False,9_Louie Vito,
9,8,Louie Vito,Chelsie Hightower,Athlete,21,Eliminated Week 6,8,6.0,0.0,False,131.0,0.0,False,9_Louie Vito,
9,9,Louie Vito,Chelsie Hightower,Athlete,21,Eliminated Week 6,8,6.0,0.0,False,106.6663,0.0,False,9_Louie Vito,
9,10,Louie Vito,Chelsie Hightower,Athlete,21,Eliminated Week 6,8,6.0,0.0,False,82.5552,0.0,False,9_Louie Vito,
9,1,Michael Irvin,Anna Demidova,Athlete,43,Eliminated Week 7,7,7.0,19.0,True,405.9984,0.0467982139831092,False,9_Michael Irvin,0.0116926817302848
9,1,Michael Irvin,Anna Demidova,Athlete,43,Eliminated Week 7,7,7.0,19.0,True,405.9984,0.0467982139831092,False,9_Michael Irvin,0.0116926817302848
9,2,Michael Irvin,Anna Demidova,Athlete,43,Eliminated Week 7,7,7.0,20.0,True,294.0,0.0680272108843537,False,9_Michael Irvin,0.0115770951402875
9,2,Michael Irvin,Anna Demidova,Athlete,43,Eliminated Week 7,7,7.0,20.0,True,294.0,0.0680272108843537,False,9_Michael Irvin,0.0115770951402875
9,3,Michael Irvin,Anna Demidova,Athlete,43,Eliminated Week 7,7,7.0,14.0,True,258.0,0.0542635658914728,False,9_Michael Irvin,0.0116279069767441
9,3,Michael Irvin,Anna Demidova,Athlete,43,Eliminated Week 7,7,7.0,14.0,True,258.0,0.0542635658914728,False,9_Michael Irvin,0.0116279069767441
9,4,Michael Irvin,Anna Demidova,Athlete,43,Eliminated Week 7,7,7.0,16.0,True,242.0,0.0661157024793388,False,9_Michael Irvin,0.0116731798298136
9,4,Michael Irvin,Anna Demidova,Athlete,43,Eliminated Week 7,7,7.0,16.0,True,242.0,0.0661157024793388,False,9_Michael Irvin,0.0116731798298136
9,5,Michael Irvin,Anna Demidova,Athlete,43,Eliminated Week 7,7,7.0,21.0,True,242.0,0.0867768595041322,False,9_Michael Irvin,0.0110246399049692
9,5,Michael Irvin,Anna Demidova,Athlete,43,Eliminated Week 7,7,7.0,21.0,True,242.0,0.0867768595041322,False,9_Michael Irvin,0.0110246399049692
9,6,Michael Irvin,Anna Demidova,Athlete,43,Eliminated Week 7,7,7.0,21.9998,True,259.9991,0.0846149082823748,False,9_Michael Irvin,0.0102122456254686
9,6,Michael Irvin,Anna Demidova,Athlete,43,Eliminated Week 7,7,7.0,21.9998,True,259.9991,0.0846149082823748,False,9_Michael Irvin,0.0102122456254686
9,7,Michael Irvin,Anna Demidova,Athlete,43,Eliminated Week 7,7,7.0,23.5,True,175.5,0.1339031339031339,True,9_Michael Irvin,0.0091107198817443
9,7,Michael Irvin,Anna Demidova,Athlete,43,Eliminated Week 7,7,7.0,23.5,True,175.5,0.1339031339031339,True,9_Michael Irvin,0.0091107198817443
9,8,Michael Irvin,Anna Demidova,Athlete,43,Eliminated Week 7,7,7.0,0.0,False,131.0,0.0,False,9_Michael Irvin,
9,9,Michael Irvin,Anna Demidova,Athlete,43,Eliminated Week 7,7,7.0,0.0,False,106.6663,0.0,False,9_Michael Irvin,
9,10,Michael Irvin,Anna Demidova,Athlete,43,Eliminated Week 7,7,7.0,0.0,False,82.5552,0.0,False,9_Michael Irvin,
9,1,Joanna Krupa,Derek Hough,Model,30,Eliminated Week 9,4,9.0,33.9999,True,405.9984,0.0837439260844377,False,9_Joanna Krupa,0.0002858179727589
9,1,Joanna Krupa,Derek Hough,Model,30,Eliminated Week 9,4,9.0,33.9999,True,405.9984,0.0837439260844377,False,9_Joanna Krupa,0.0002858179727589
9,2,Joanna Krupa,Derek Hough,Model,30,Eliminated Week 9,4,9.0,20.0,True,294.0,0.0680272108843537,False,9_Joanna Krupa,1.2074952255705727e-05
9,2,Joanna Krupa,Derek Hough,Model,30,Eliminated Week 9,4,9.0,20.0,True,294.0,0.0680272108843537,False,9_Joanna Krupa,1.2074952255705727e-05
9,3,Joanna Krupa,Derek Hough,Model,30,Eliminated Week 9,4,9.0,23.0,True,258.0,0.0891472868217054,False,9_Joanna Krupa,4.802175088055244e-17
9,3,Joanna Krupa,Derek Hough,Model,30,Eliminated Week 9,4,9.0,23.0,True,258.0,0.0891472868217054,False,9_Joanna Krupa,4.802175088055244e-17
9,4,Joanna Krupa,Derek Hough,Model,30,Eliminated Week 9,4,9.0,26.0,True,242.0,0.1074380165289256,False,9_Joanna Krupa,0.0003870209039913
9,4,Joanna Krupa,Derek Hough,Model,30,Eliminated Week 9,4,9.0,26.0,True,242.0,0.1074380165289256,False,9_Joanna Krupa,0.0003870209039913
9,5,Joanna Krupa,Derek Hough,Model,30,Eliminated Week 9,4,9.0,24.0,True,242.0,0.0991735537190082,False,9_Joanna Krupa,0.0005680031868087
9,5,Joanna Krupa,Derek Hough,Model,30,Eliminated Week 9,4,9.0,24.0,True,242.0,0.0991735537190082,False,9_Joanna Krupa,0.0005680031868087
9,6,Joanna Krupa,Derek Hough,Model,30,Eliminated Week 9,4,9.0,35.9999,True,259.9991,0.1384616331364223,False,9_Joanna Krupa,0.0008365584071219
9,6,Joanna Krupa,Derek Hough,Model,30,Eliminated Week 9,4,9.0,35.9999,True,259.9991,0.1384616331364223,False,9_Joanna Krupa,0.0008365584071219
9,7,Joanna Krupa,Derek Hough,Model,30,Eliminated Week 9,4,9.0,27.5,True,175.5,0.1566951566951566,False,9_Joanna Krupa,0.0011426288305737
9,7,Joanna Krupa,Derek Hough,Model,30,Eliminated Week 9,4,9.0,27.5,True,175.5,0.1566951566951566,False,9_Joanna Krupa,0.0011426288305737
9,8,Joanna Krupa,Derek Hough,Model,30,Eliminated Week 9,4,9.0,26.0,True,131.0,0.1984732824427481,False,9_Joanna Krupa,0.0023865234913257
9,8,Joanna Krupa,Derek Hough,Model,30,Eliminated Week 9,4,9.0,26.0,True,131.0,0.1984732824427481,False,9_Joanna Krupa,0.0023865234913257
9,9,Joanna Krupa,Derek Hough,Model,30,Eliminated Week 9,4,9.0,27.0,True,106.6663,0.2531258701201785,True,9_Joanna Krupa,0.0022679718431269
9,9,Joanna Krupa,Derek Hough,Model,30,Eliminated Week 9,4,9.0,27.0,True,106.6663,0.2531258701201785,True,9_Joanna Krupa,0.0022679718431269
9,10,Joanna Krupa,Derek Hough,Model,30,Eliminated Week 9,4,9.0,0.0,False,82.5552,0.0,False,9_Joanna Krupa,
9,1,Kathy Ireland,Tony Dovolani,Model,46,Eliminated Week 2,14,2.0,19.9999,True,405.9984,0.0492610315705677,False,9_Kathy Ireland,2.557616499128785e-05
9,1,Kathy Ireland,Tony Dovolani,Model,46,Eliminated Week 2,14,2.0,19.9999,True,405.9984,0.0492610315705677,False,9_Kathy Ireland,2.557616499128785e-05
9,2,Kathy Ireland,Tony Dovolani,Model,46,Eliminated Week 2,14,2.0,18.0,True,294.0,0.0612244897959183,True,9_Kathy Ireland,0.0001469710088705
9,2,Kathy Ireland,Tony Dovolani,Model,46,Eliminated Week 2,14,2.0,18.0,True,294.0,0.0612244897959183,True,9_Kathy Ireland,0.0001469710088705
9,3,Kathy Ireland,Tony Dovolani,Model,46,Eliminated Week 2,14,2.0,0.0,False,258.0,0.0,False,9_Kathy Ireland,
9,4,Kathy Ireland,Tony Dovolani,Model,46,Eliminated Week 2,14,2.0,0.0,False,242.0,0.0,False,9_Kathy Ireland,
9,5,Kathy Ireland,Tony Dovolani,Model,46,Eliminated Week 2,14,2.0,0.0,False,242.0,0.0,False,9_Kathy Ireland,
9,6,Kathy Ireland,Tony Dovolani,Model,46,Eliminated Week 2,14,2.0,0.0,False,259.9991,0.0,False,9_Kathy Ireland,
9,7,Kathy Ireland,Tony Dovolani,Model,46,Eliminated Week 2,14,2.0,0.0,False,175.5,0.0,False,9_Kathy Ireland,
9,8,Kathy Ireland,Tony Dovolani,Model,46,Eliminated Week 2,14,2.0,0.0,False,131.0,0.0,False,9_Kathy Ireland,
9,9,Kathy Ireland,Tony Dovolani,Model,46,Eliminated Week 2,14,2.0,0.0,False,106.6663,0.0,False,9_Kathy Ireland,
9,10,Kathy Ireland,Tony Dovolani,Model,46,Eliminated Week 2,14,2.0,0.0,False,82.5552,0.0,False,9_Kathy Ireland,
9,1,Tom DeLay,Cheryl Burke,Politician,62,Withdrew,13,,19.9999,True,405.9984,0.0492610315705677,False,9_Tom DeLay,0.0076647934836045
9,1,Tom DeLay,Cheryl Burke,Politician,62,Withdrew,13,,19.9999,True,405.9984,0.0492610315705677,False,9_Tom DeLay,0.0076647934836045
9,2,Tom DeLay,Cheryl Burke,Politician,62,Withdrew,13,,18.0,True,294.0,0.0612244897959183,False,9_Tom DeLay,0.0077938783774076
9,2,Tom DeLay,Cheryl Burke,Politician,62,Withdrew,13,,18.0,True,294.0,0.0612244897959183,False,9_Tom DeLay,0.0077938783774076
9,3,Tom DeLay,Cheryl Burke,Politician,62,Withdrew,13,,15.0,True,258.0,0.0581395348837209,False,9_Tom DeLay,0.0077519379844961
9,3,Tom DeLay,Cheryl Burke,Politician,62,Withdrew,13,,15.0,True,258.0,0.0581395348837209,False,9_Tom DeLay,0.0077519379844961
9,4,Tom DeLay,Cheryl Burke,Politician,62,Withdrew,13,,0.0,False,242.0,0.0,False,9_Tom DeLay,
9,5,Tom DeLay,Cheryl Burke,Politician,62,Withdrew,13,,0.0,False,242.0,0.0,False,9_Tom DeLay,
9,6,Tom DeLay,Cheryl Burke,Politician,62,Withdrew,13,,0.0,False,259.9991,0.0,False,9_Tom DeLay,
9,7,Tom DeLay,Cheryl Burke,Politician,62,Withdrew,13,,0.0,False,175.5,0.0,False,9_Tom DeLay,
9,8,Tom DeLay,Cheryl Burke,Politician,62,Withdrew,13,,0.0,False,131.0,0.0,False,9_Tom DeLay,
9,9,Tom DeLay,Cheryl Burke,Politician,62,Withdrew,13,,0.0,False,106.6663,0.0,False,9_Tom DeLay,
9,10,Tom DeLay,Cheryl Burke,Politician,62,Withdrew,13,,0.0,False,82.5552,0.0,False,9_Tom DeLay,
9,1,Macy Gray,Jonathan Roberts,Singer/Rapper,42,Eliminated Week 1,15,1.0,18.9999,True,405.9984,0.0467979676767199,True,9_Macy Gray,6.502358793984108e-05
9,1,Macy Gray,Jonathan Roberts,Singer/Rapper,42,Eliminated Week 1,15,1.0,18.9999,True,405.9984,0.0467979676767199,True,9_Macy Gray,6.502358793984108e-05
9,2,Macy Gray,Jonathan Roberts,Singer/Rapper,42,Eliminated Week 1,15,1.0,0.0,False,294.0,0.0,False,9_Macy Gray,
9,3,Macy Gray,Jonathan Roberts,Singer/Rapper,42,Eliminated Week 1,15,1.0,0.0,False,258.0,0.0,False,9_Macy Gray,
9,4,Macy Gray,Jonathan Roberts,Singer/Rapper,42,Eliminated Week 1,15,1.0,0.0,False,242.0,0.0,False,9_Macy Gray,
9,5,Macy Gray,Jonathan Roberts,Singer/Rapper,42,Eliminated Week 1,15,1.0,0.0,False,242.0,0.0,False,9_Macy Gray,
9,6,Macy Gray,Jonathan Roberts,Singer/Rapper,42,Eliminated Week 1,15,1.0,0.0,False,259.9991,0.0,False,9_Macy Gray,
9,7,Macy Gray,Jonathan Roberts,Singer/Rapper,42,Eliminated Week 1,15,1.0,0.0,False,175.5,0.0,False,9_Macy Gray,
9,8,Macy Gray,Jonathan Roberts,Singer/Rapper,42,Eliminated Week 1,15,1.0,0.0,False,131.0,0.0,False,9_Macy Gray,
9,9,Macy Gray,Jonathan Roberts,Singer/Rapper,42,Eliminated Week 1,15,1.0,0.0,False,106.6663,0.0,False,9_Macy Gray,
9,10,Macy Gray,Jonathan Roberts,Singer/Rapper,42,Eliminated Week 1,15,1.0,0.0,False,82.5552,0.0,False,9_Macy Gray,
9,1,Aaron Carter,Karina Smirnoff,Singer/Rapper,21,Eliminated Week 8,5,8.0,31.999899999999997,True,405.9984,0.078817798296742,False,9_Aaron Carter,3.27065841465196e-17
9,1,Aaron Carter,Karina Smirnoff,Singer/Rapper,21,Eliminated Week 8,5,8.0,31.999899999999997,True,405.9984,0.078817798296742,False,9_Aaron Carter,3.27065841465196e-17
9,2,Aaron Carter,Karina Smirnoff,Singer/Rapper,21,Eliminated Week 8,5,8.0,27.0,True,294.0,0.0918367346938775,False,9_Aaron Carter,7.682082461674467e-06
9,2,Aaron Carter,Karina Smirnoff,Singer/Rapper,21,Eliminated Week 8,5,8.0,27.0,True,294.0,0.0918367346938775,False,9_Aaron Carter,7.682082461674467e-06
9,3,Aaron Carter,Karina Smirnoff,Singer/Rapper,21,Eliminated Week 8,5,8.0,21.0,True,258.0,0.0813953488372093,False,9_Aaron Carter,3.578855859855356e-17
9,3,Aaron Carter,Karina Smirnoff,Singer/Rapper,21,Eliminated Week 8,5,8.0,21.0,True,258.0,0.0813953488372093,False,9_Aaron Carter,3.578855859855356e-17
9,4,Aaron Carter,Karina Smirnoff,Singer/Rapper,21,Eliminated Week 8,5,8.0,18.0,True,242.0,0.0743801652892562,False,9_Aaron Carter,0.0005907386424667
9,4,Aaron Carter,Karina Smirnoff,Singer/Rapper,21,Eliminated Week 8,5,8.0,18.0,True,242.0,0.0743801652892562,False,9_Aaron Carter,0.0005907386424667
9,5,Aaron Carter,Karina Smirnoff,Singer/Rapper,21,Eliminated Week 8,5,8.0,24.0,True,242.0,0.0991735537190082,False,9_Aaron Carter,0.0001885541858063
9,5,Aaron Carter,Karina Smirnoff,Singer/Rapper,21,Eliminated Week 8,5,8.0,24.0,True,242.0,0.0991735537190082,False,9_Aaron Carter,0.0001885541858063
9,6,Aaron Carter,Karina Smirnoff,Singer/Rapper,21,Eliminated Week 8,5,8.0,32.9998,True,259.9991,0.1269227470402782,False,9_Aaron Carter,0.000473047762154
9,6,Aaron Carter,Karina Smirnoff,Singer/Rapper,21,Eliminated Week 8,5,8.0,32.9998,True,259.9991,0.1269227470402782,False,9_Aaron Carter,0.000473047762154
9,7,Aaron Carter,Karina Smirnoff,Singer/Rapper,21,Eliminated Week 8,5,8.0,26.5,True,175.5,0.150997150997151,False,9_Aaron Carter,0.0007641468773694
9,7,Aaron Carter,Karina Smirnoff,Singer/Rapper,21,Eliminated Week 8,5,8.0,26.5,True,175.5,0.150997150997151,False,9_Aaron Carter,0.0007641468773694
9,8,Aaron Carter,Karina Smirnoff,Singer/Rapper,21,Eliminated Week 8,5,8.0,25.0,True,131.0,0.1908396946564885,True,9_Aaron Carter,0.0019188255765418
9,8,Aaron Carter,Karina Smirnoff,Singer/Rapper,21,Eliminated Week 8,5,8.0,25.0,True,131.0,0.1908396946564885,True,9_Aaron Carter,0.0019188255765418
9,9,Aaron Carter,Karina Smirnoff,Singer/Rapper,21,Eliminated Week 8,5,8.0,0.0,False,106.6663,0.0,False,9_Aaron Carter,
9,10,Aaron Carter,Karina Smirnoff,Singer/Rapper,21,Eliminated Week 8,5,8.0,0.0,False,82.5552,0.0,False,9_Aaron Carter,
9,1,Mya,Dmitry Chaplin,Singer/Rapper,29,2nd Place,2,,30.999899999999997,True,405.9984,0.0763547344028941,False,9_Mya,0.325773307269357
9,1,Mya,Dmitry Chaplin,Singer/Rapper,29,2nd Place,2,,30.999899999999997,True,405.9984,0.0763547344028941,False,9_Mya,0.325773307269357
9,2,Mya,Dmitry Chaplin,Singer/Rapper,29,2nd Place,2,,27.0,True,294.0,0.0918367346938775,False,9_Mya,0.3257811530668331
9,2,Mya,Dmitry Chaplin,Singer/Rapper,29,2nd Place,2,,27.0,True,294.0,0.0918367346938775,False,9_Mya,0.3257811530668331
9,3,Mya,Dmitry Chaplin,Singer/Rapper,29,2nd Place,2,,27.0,True,258.0,0.1046511627906976,False,9_Mya,0.3257606040121225
9,3,Mya,Dmitry Chaplin,Singer/Rapper,29,2nd Place,2,,27.0,True,258.0,0.1046511627906976,False,9_Mya,0.3257606040121225
9,4,Mya,Dmitry Chaplin,Singer/Rapper,29,2nd Place,2,,28.0,True,242.0,0.1157024793388429,False,9_Mya,0.3271801999778752
9,4,Mya,Dmitry Chaplin,Singer/Rapper,29,2nd Place,2,,28.0,True,242.0,0.1157024793388429,False,9_Mya,0.3271801999778752
9,5,Mya,Dmitry Chaplin,Singer/Rapper,29,2nd Place,2,,27.0,True,242.0,0.1115702479338843,False,9_Mya,0.3278196951250537
9,5,Mya,Dmitry Chaplin,Singer/Rapper,29,2nd Place,2,,27.0,True,242.0,0.1115702479338843,False,9_Mya,0.3278196951250537
9,6,Mya,Dmitry Chaplin,Singer/Rapper,29,2nd Place,2,,33.0,True,259.9991,0.1269235162737101,False,9_Mya,0.3286476211163968
9,6,Mya,Dmitry Chaplin,Singer/Rapper,29,2nd Place,2,,33.0,True,259.9991,0.1269235162737101,False,9_Mya,0.3286476211163968
9,7,Mya,Dmitry Chaplin,Singer/Rapper,29,2nd Place,2,,24.5,True,175.5,0.1396011396011396,False,9_Mya,0.3296608338658932
9,7,Mya,Dmitry Chaplin,Singer/Rapper,29,2nd Place,2,,24.5,True,175.5,0.1396011396011396,False,9_Mya,0.3296608338658932
9,8,Mya,Dmitry Chaplin,Singer/Rapper,29,2nd Place,2,,29.5,True,131.0,0.2251908396946564,False,9_Mya,0.3318982172195088
9,8,Mya,Dmitry Chaplin,Singer/Rapper,29,2nd Place,2,,29.5,True,131.0,0.2251908396946564,False,9_Mya,0.3318982172195088
9,9,Mya,Dmitry Chaplin,Singer/Rapper,29,2nd Place,2,,28.9999,True,106.6663,0.2718749970703024,False,9_Mya,0.3325773417879178
9,9,Mya,Dmitry Chaplin,Singer/Rapper,29,2nd Place,2,,28.9999,True,106.6663,0.2718749970703024,False,9_Mya,0.3325773417879178
9,10,Mya,Dmitry Chaplin,Singer/Rapper,29,2nd Place,2,,28.3332,True,82.5552,0.3432030932030931,False,9_Mya,0.3333333334078476
9,10,Mya,Dmitry Chaplin,Singer/Rapper,29,2nd Place,2,,28.3332,True,82.5552,0.3432030932030931,False,9_Mya,0.3333333334078476
9,1,Donny Osmond,Kym Johnson,Singer/Rapper,51,1st Place,1,,29.999899999999997,True,405.9984,0.0738916705090463,False,9_Donny Osmond,0.3257733073452515
9,1,Donny Osmond,Kym Johnson,Singer/Rapper,51,1st Place,1,,29.999899999999997,True,405.9984,0.0738916705090463,False,9_Donny Osmond,0.3257733073452515
9,2,Donny Osmond,Kym Johnson,Singer/Rapper,51,1st Place,1,,25.0,True,294.0,0.0850340136054421,False,9_Donny Osmond,0.3257811523972665
9,2,Donny Osmond,Kym Johnson,Singer/Rapper,51,1st Place,1,,25.0,True,294.0,0.0850340136054421,False,9_Donny Osmond,0.3257811523972665
9,3,Donny Osmond,Kym Johnson,Singer/Rapper,51,1st Place,1,,21.0,True,258.0,0.0813953488372093,False,9_Donny Osmond,0.3257606050135266
9,3,Donny Osmond,Kym Johnson,Singer/Rapper,51,1st Place,1,,21.0,True,258.0,0.0813953488372093,False,9_Donny Osmond,0.3257606050135266
9,4,Donny Osmond,Kym Johnson,Singer/Rapper,51,1st Place,1,,24.0,True,242.0,0.0991735537190082,False,9_Donny Osmond,0.3271801984614429
9,4,Donny Osmond,Kym Johnson,Singer/Rapper,51,1st Place,1,,24.0,True,242.0,0.0991735537190082,False,9_Donny Osmond,0.3271801984614429
9,5,Donny Osmond,Kym Johnson,Singer/Rapper,51,1st Place,1,,29.0,True,242.0,0.1198347107438016,False,9_Donny Osmond,0.3278196967086325
9,5,Donny Osmond,Kym Johnson,Singer/Rapper,51,1st Place,1,,29.0,True,242.0,0.1198347107438016,False,9_Donny Osmond,0.3278196967086325
9,6,Donny Osmond,Kym Johnson,Singer/Rapper,51,1st Place,1,,30.999899999999997,True,259.9991,0.1192307973373753,False,9_Donny Osmond,0.3286476194038167
9,6,Donny Osmond,Kym Johnson,Singer/Rapper,51,1st Place,1,,30.999899999999997,True,259.9991,0.1192307973373753,False,9_Donny Osmond,0.3286476194038167
9,7,Donny Osmond,Kym Johnson,Singer/Rapper,51,1st Place,1,,26.0,True,175.5,0.1481481481481481,False,9_Donny Osmond,0.3296608351976688
9,7,Donny Osmond,Kym Johnson,Singer/Rapper,51,1st Place,1,,26.0,True,175.5,0.1481481481481481,False,9_Donny Osmond,0.3296608351976688
9,8,Donny Osmond,Kym Johnson,Singer/Rapper,51,1st Place,1,,25.0,True,131.0,0.1908396946564885,False,9_Donny Osmond,0.3318982160909274
9,8,Donny Osmond,Kym Johnson,Singer/Rapper,51,1st Place,1,,25.0,True,131.0,0.1908396946564885,False,9_Donny Osmond,0.3318982160909274
9,9,Donny Osmond,Kym Johnson,Singer/Rapper,51,1st Place,1,,24.666600000000003,True,106.6663,0.2312501699224591,False,9_Donny Osmond,0.3325773423540152
9,9,Donny Osmond,Kym Johnson,Singer/Rapper,51,1st Place,1,,24.666600000000003,True,106.6663,0.2312501699224591,False,9_Donny Osmond,0.3325773423540152
9,10,Donny Osmond,Kym Johnson,Singer/Rapper,51,1st Place,1,,28.9998,True,82.5552,0.3512776905634048,False,9_Donny Osmond,0.333333333147849
9,10,Donny Osmond,Kym Johnson,Singer/Rapper,51,1st Place,1,,28.9998,True,82.5552,0.3512776905634048,False,9_Donny Osmond,0.333333333147849
9,1,Kelly Osbourne,Louis van Amstel,TV Personality,24,3rd Place,3,,30.9998,True,405.9984,0.0763544880965048,False,9_Kelly Osbourne,0.3257733090309155
9,1,Kelly Osbourne,Louis van Amstel,TV Personality,24,3rd Place,3,,30.9998,True,405.9984,0.0763544880965048,False,9_Kelly Osbourne,0.3257733090309155
9,2,Kelly Osbourne,Louis van Amstel,TV Personality,24,3rd Place,3,,19.0,True,294.0,0.064625850340136,False,9_Kelly Osbourne,0.3257811527537489
9,2,Kelly Osbourne,Louis van Amstel,TV Personality,24,3rd Place,3,,19.0,True,294.0,0.064625850340136,False,9_Kelly Osbourne,0.3257811527537489
9,3,Kelly Osbourne,Louis van Amstel,TV Personality,24,3rd Place,3,,20.0,True,258.0,0.0775193798449612,False,9_Kelly Osbourne,0.3257606048893199
9,3,Kelly Osbourne,Louis van Amstel,TV Personality,24,3rd Place,3,,20.0,True,258.0,0.0775193798449612,False,9_Kelly Osbourne,0.3257606048893199
9,4,Kelly Osbourne,Louis van Amstel,TV Personality,24,3rd Place,3,,23.0,True,242.0,0.0950413223140495,False,9_Kelly Osbourne,0.3271802004471715
9,4,Kelly Osbourne,Louis van Amstel,TV Personality,24,3rd Place,3,,23.0,True,242.0,0.0950413223140495,False,9_Kelly Osbourne,0.3271802004471715
9,5,Kelly Osbourne,Louis van Amstel,TV Personality,24,3rd Place,3,,24.0,True,242.0,0.0991735537190082,False,9_Kelly Osbourne,0.3278196980427649
9,5,Kelly Osbourne,Louis van Amstel,TV Personality,24,3rd Place,3,,24.0,True,242.0,0.0991735537190082,False,9_Kelly Osbourne,0.3278196980427649
9,6,Kelly Osbourne,Louis van Amstel,TV Personality,24,3rd Place,3,,24.9998,True,259.9991,0.096153409761803,False,9_Kelly Osbourne,0.3286476199895738
9,6,Kelly Osbourne,Louis van Amstel,TV Personality,24,3rd Place,3,,24.9998,True,259.9991,0.096153409761803,False,9_Kelly Osbourne,0.3286476199895738
9,7,Kelly Osbourne,Louis van Amstel,TV Personality,24,3rd Place,3,,26.0,True,175.5,0.1481481481481481,False,9_Kelly Osbourne,0.3296608353467504
9,7,Kelly Osbourne,Louis van Amstel,TV Personality,24,3rd Place,3,,26.0,True,175.5,0.1481481481481481,False,9_Kelly Osbourne,0.3296608353467504
9,8,Kelly Osbourne,Louis van Amstel,TV Personality,24,3rd Place,3,,25.5,True,131.0,0.1946564885496183,False,9_Kelly Osbourne,0.3318982176216961
9,8,Kelly Osbourne,Louis van Amstel,TV Personality,24,3rd Place,3,,25.5,True,131.0,0.1946564885496183,False,9_Kelly Osbourne,0.3318982176216961
9,9,Kelly Osbourne,Louis van Amstel,TV Personality,24,3rd Place,3,,25.9998,True,106.6663,0.2437489628870599,False,9_Kelly Osbourne,0.33257734401494
9,9,Kelly Osbourne,Louis van Amstel,TV Personality,24,3rd Place,3,,25.9998,True,106.6663,0.2437489628870599,False,9_Kelly Osbourne,0.33257734401494
9,10,Kelly Osbourne,Louis van Amstel,TV Personality,24,3rd Place,3,,25.2222,True,82.5552,0.305519216233502,False,9_Kelly Osbourne,0.3333333334443033
9,10,Kelly Osbourne,Louis van Amstel,TV Personality,24,3rd Place,3,,25.2222,True,82.5552,0.305519216233502,False,9_Kelly Osbourne,0.3333333334443033
10,1,Aiden Turner,Edyta Sliwinska,Actor/Actress,32,Eliminated Week 4,9,4.0,15.0,True,209.0,0.0717703349282296,False,10_Aiden Turner,0.0041450359267497
10,1,Aiden Turner,Edyta Sliwinska,Actor/Actress,32,Eliminated Week 4,9,4.0,15.0,True,209.0,0.0717703349282296,False,10_Aiden Turner,0.0041450359267497
10,2,Aiden Turner,Edyta Sliwinska,Actor/Actress,32,Eliminated Week 4,9,4.0,19.0,True,220.0,0.0863636363636363,False,10_Aiden Turner,0.0045049645040235
10,2,Aiden Turner,Edyta Sliwinska,Actor/Actress,32,Eliminated Week 4,9,4.0,19.0,True,220.0,0.0863636363636363,False,10_Aiden Turner,0.0045049645040235
10,3,Aiden Turner,Edyta Sliwinska,Actor/Actress,32,Eliminated Week 4,9,4.0,20.0,True,203.0,0.0985221674876847,False,10_Aiden Turner,0.0039861030248428
10,3,Aiden Turner,Edyta Sliwinska,Actor/Actress,32,Eliminated Week 4,9,4.0,20.0,True,203.0,0.0985221674876847,False,10_Aiden Turner,0.0039861030248428
10,4,Aiden Turner,Edyta Sliwinska,Actor/Actress,32,Eliminated Week 4,9,4.0,16.5,True,185.5,0.0889487870619946,True,10_Aiden Turner,0.0066976272275464
10,4,Aiden Turner,Edyta Sliwinska,Actor/Actress,32,Eliminated Week 4,9,4.0,16.5,True,185.5,0.0889487870619946,True,10_Aiden Turner,0.0066976272275464
10,5,Aiden Turner,Edyta Sliwinska,Actor/Actress,32,Eliminated Week 4,9,4.0,0.0,False,173.0,0.0,False,10_Aiden Turner,
10,6,Aiden Turner,Edyta Sliwinska,Actor/Actress,32,Eliminated Week 4,9,4.0,0.0,False,208.9993,0.0,False,10_Aiden Turner,
10,7,Aiden Turner,Edyta Sliwinska,Actor/Actress,32,Eliminated Week 4,9,4.0,0.0,False,155.5,0.0,False,10_Aiden Turner,
10,8,Aiden Turner,Edyta Sliwinska,Actor/Actress,32,Eliminated Week 4,9,4.0,0.0,False,126.5,0.0,False,10_Aiden Turner,
10,9,Aiden Turner,Edyta Sliwinska,Actor/Actress,32,Eliminated Week 4,9,4.0,0.0,False,113.0,0.0,False,10_Aiden Turner,
10,10,Aiden Turner,Edyta Sliwinska,Actor/Actress,32,Eliminated Week 4,9,4.0,0.0,False,82.6662,0.0,False,10_Aiden Turner,
10,1,Shannen Doherty,Mark Ballas,Actor/Actress,38,Eliminated Week 2,11,2.0,18.0,True,209.0,0.0861244019138756,False,10_Shannen Doherty,4.660036462614259e-17
10,1,Shannen Doherty,Mark Ballas,Actor/Actress,38,Eliminated Week 2,11,2.0,18.0,True,209.0,0.0861244019138756,False,10_Shannen Doherty,4.660036462614259e-17
10,2,Shannen Doherty,Mark Ballas,Actor/Actress,38,Eliminated Week 2,11,2.0,20.0,True,220.0,0.0909090909090909,True,10_Shannen Doherty,8.465814306635182e-17
10,2,Shannen Doherty,Mark Ballas,Actor/Actress,38,Eliminated Week 2,11,2.0,20.0,True,220.0,0.0909090909090909,True,10_Shannen Doherty,8.465814306635182e-17
10,3,Shannen Doherty,Mark Ballas,Actor/Actress,38,Eliminated Week 2,11,2.0,0.0,False,203.0,0.0,False,10_Shannen Doherty,
10,4,Shannen Doherty,Mark Ballas,Actor/Actress,38,Eliminated Week 2,11,2.0,0.0,False,185.5,0.0,False,10_Shannen Doherty,
10,5,Shannen Doherty,Mark Ballas,Actor/Actress,38,Eliminated Week 2,11,2.0,0.0,False,173.0,0.0,False,10_Shannen Doherty,
10,6,Shannen Doherty,Mark Ballas,Actor/Actress,38,Eliminated Week 2,11,2.0,0.0,False,208.9993,0.0,False,10_Shannen Doherty,
10,7,Shannen Doherty,Mark Ballas,Actor/Actress,38,Eliminated Week 2,11,2.0,0.0,False,155.5,0.0,False,10_Shannen Doherty,
10,8,Shannen Doherty,Mark Ballas,Actor/Actress,38,Eliminated Week 2,11,2.0,0.0,False,126.5,0.0,False,10_Shannen Doherty,
10,9,Shannen Doherty,Mark Ballas,Actor/Actress,38,Eliminated Week 2,11,2.0,0.0,False,113.0,0.0,False,10_Shannen Doherty,
10,10,Shannen Doherty,Mark Ballas,Actor/Actress,38,Eliminated Week 2,11,2.0,0.0,False,82.6662,0.0,False,10_Shannen Doherty,
10,1,Niecy Nash,Louis van Amstel,Actor/Actress,40,Eliminated Week 8,5,8.0,18.0,True,209.0,0.0861244019138756,False,10_Niecy Nash,1.8919327909872052e-17
10,1,Niecy Nash,Louis van Amstel,Actor/Actress,40,Eliminated Week 8,5,8.0,18.0,True,209.0,0.0861244019138756,False,10_Niecy Nash,1.8919327909872052e-17
10,2,Niecy Nash,Louis van Amstel,Actor/Actress,40,Eliminated Week 8,5,8.0,21.0,True,220.0,0.0954545454545454,False,10_Niecy Nash,0.0
10,2,Niecy Nash,Louis van Amstel,Actor/Actress,40,Eliminated Week 8,5,8.0,21.0,True,220.0,0.0954545454545454,False,10_Niecy Nash,0.0
10,3,Niecy Nash,Louis van Amstel,Actor/Actress,40,Eliminated Week 8,5,8.0,21.0,True,203.0,0.1034482758620689,False,10_Niecy Nash,0.0003476347135684
10,3,Niecy Nash,Louis van Amstel,Actor/Actress,40,Eliminated Week 8,5,8.0,21.0,True,203.0,0.1034482758620689,False,10_Niecy Nash,0.0003476347135684
10,4,Niecy Nash,Louis van Amstel,Actor/Actress,40,Eliminated Week 8,5,8.0,18.0,True,185.5,0.0970350404312668,False,10_Niecy Nash,0.0040064396480105
10,4,Niecy Nash,Louis van Amstel,Actor/Actress,40,Eliminated Week 8,5,8.0,18.0,True,185.5,0.0970350404312668,False,10_Niecy Nash,0.0040064396480105
10,5,Niecy Nash,Louis van Amstel,Actor/Actress,40,Eliminated Week 8,5,8.0,18.0,True,173.0,0.1040462427745664,False,10_Niecy Nash,0.005123031955738
10,5,Niecy Nash,Louis van Amstel,Actor/Actress,40,Eliminated Week 8,5,8.0,18.0,True,173.0,0.1040462427745664,False,10_Niecy Nash,0.005123031955738
10,6,Niecy Nash,Louis van Amstel,Actor/Actress,40,Eliminated Week 8,5,8.0,25.9998,True,208.9993,0.1244013735931173,False,10_Niecy Nash,0.0077827042789335
10,6,Niecy Nash,Louis van Amstel,Actor/Actress,40,Eliminated Week 8,5,8.0,25.9998,True,208.9993,0.1244013735931173,False,10_Niecy Nash,0.0077827042789335
10,7,Niecy Nash,Louis van Amstel,Actor/Actress,40,Eliminated Week 8,5,8.0,24.5,True,155.5,0.157556270096463,False,10_Niecy Nash,0.0085986361483704
10,7,Niecy Nash,Louis van Amstel,Actor/Actress,40,Eliminated Week 8,5,8.0,24.5,True,155.5,0.157556270096463,False,10_Niecy Nash,0.0085986361483704
10,8,Niecy Nash,Louis van Amstel,Actor/Actress,40,Eliminated Week 8,5,8.0,21.5,True,126.5,0.1699604743083003,True,10_Niecy Nash,0.0075488645627492
10,8,Niecy Nash,Louis van Amstel,Actor/Actress,40,Eliminated Week 8,5,8.0,21.5,True,126.5,0.1699604743083003,True,10_Niecy Nash,0.0075488645627492
10,9,Niecy Nash,Louis van Amstel,Actor/Actress,40,Eliminated Week 8,5,8.0,0.0,False,113.0,0.0,False,10_Niecy Nash,
10,10,Niecy Nash,Louis van Amstel,Actor/Actress,40,Eliminated Week 8,5,8.0,0.0,False,82.6662,0.0,False,10_Niecy Nash,
10,1,Buzz Aldrin,Ashly DelGrosso,Astronaut,80,Eliminated Week 3,10,3.0,14.0,True,209.0,0.0669856459330143,False,10_Buzz Aldrin,0.0357082543997146
10,1,Buzz Aldrin,Ashly DelGrosso,Astronaut,80,Eliminated Week 3,10,3.0,14.0,True,209.0,0.0669856459330143,False,10_Buzz Aldrin,0.0357082543997146
10,2,Buzz Aldrin,Ashly DelGrosso,Astronaut,80,Eliminated Week 3,10,3.0,12.0,True,220.0,0.0545454545454545,False,10_Buzz Aldrin,0.0363231463222053
10,2,Buzz Aldrin,Ashly DelGrosso,Astronaut,80,Eliminated Week 3,10,3.0,12.0,True,220.0,0.0545454545454545,False,10_Buzz Aldrin,0.0363231463222053
10,3,Buzz Aldrin,Ashly DelGrosso,Astronaut,80,Eliminated Week 3,10,3.0,13.0,True,203.0,0.064039408866995,True,10_Buzz Aldrin,0.0314735332108476
10,3,Buzz Aldrin,Ashly DelGrosso,Astronaut,80,Eliminated Week 3,10,3.0,13.0,True,203.0,0.064039408866995,True,10_Buzz Aldrin,0.0314735332108476
10,4,Buzz Aldrin,Ashly DelGrosso,Astronaut,80,Eliminated Week 3,10,3.0,0.0,False,185.5,0.0,False,10_Buzz Aldrin,
10,5,Buzz Aldrin,Ashly DelGrosso,Astronaut,80,Eliminated Week 3,10,3.0,0.0,False,173.0,0.0,False,10_Buzz Aldrin,
10,6,Buzz Aldrin,Ashly DelGrosso,Astronaut,80,Eliminated Week 3,10,3.0,0.0,False,208.9993,0.0,False,10_Buzz Aldrin,
10,7,Buzz Aldrin,Ashly DelGrosso,Astronaut,80,Eliminated Week 3,10,3.0,0.0,False,155.5,0.0,False,10_Buzz Aldrin,
10,8,Buzz Aldrin,Ashly DelGrosso,Astronaut,80,Eliminated Week 3,10,3.0,0.0,False,126.5,0.0,False,10_Buzz Aldrin,
10,9,Buzz Aldrin,Ashly DelGrosso,Astronaut,80,Eliminated Week 3,10,3.0,0.0,False,113.0,0.0,False,10_Buzz Aldrin,
10,10,Buzz Aldrin,Ashly DelGrosso,Astronaut,80,Eliminated Week 3,10,3.0,0.0,False,82.6662,0.0,False,10_Buzz Aldrin,
10,1,Chad Ochocinco,Cheryl Burke,Athlete,32,Eliminated Week 9,4,9.0,18.0,True,209.0,0.0861244019138756,False,10_Chad Ochocinco,0.0183831517344148
10,1,Chad Ochocinco,Cheryl Burke,Athlete,32,Eliminated Week 9,4,9.0,18.0,True,209.0,0.0861244019138756,False,10_Chad Ochocinco,0.0183831517344148
10,2,Chad Ochocinco,Cheryl Burke,Athlete,32,Eliminated Week 9,4,9.0,16.0,True,220.0,0.0727272727272727,False,10_Chad Ochocinco,0.0181413281403871
10,2,Chad Ochocinco,Cheryl Burke,Athlete,32,Eliminated Week 9,4,9.0,16.0,True,220.0,0.0727272727272727,False,10_Chad Ochocinco,0.0181413281403871
10,3,Chad Ochocinco,Cheryl Burke,Athlete,32,Eliminated Week 9,4,9.0,20.0,True,203.0,0.0985221674876847,False,10_Chad Ochocinco,0.0167793851262226
10,3,Chad Ochocinco,Cheryl Burke,Athlete,32,Eliminated Week 9,4,9.0,20.0,True,203.0,0.0985221674876847,False,10_Chad Ochocinco,0.0167793851262226
10,4,Chad Ochocinco,Cheryl Burke,Athlete,32,Eliminated Week 9,4,9.0,22.0,True,185.5,0.1185983827493261,False,10_Chad Ochocinco,0.0184726258941796
10,4,Chad Ochocinco,Cheryl Burke,Athlete,32,Eliminated Week 9,4,9.0,22.0,True,185.5,0.1185983827493261,False,10_Chad Ochocinco,0.0184726258941796
10,5,Chad Ochocinco,Cheryl Burke,Athlete,32,Eliminated Week 9,4,9.0,18.0,True,173.0,0.1040462427745664,False,10_Chad Ochocinco,0.0173724848944156
10,5,Chad Ochocinco,Cheryl Burke,Athlete,32,Eliminated Week 9,4,9.0,18.0,True,173.0,0.1040462427745664,False,10_Chad Ochocinco,0.0173724848944156
10,6,Chad Ochocinco,Cheryl Burke,Athlete,32,Eliminated Week 9,4,9.0,30.999899999999997,True,208.9993,0.1483253771663349,False,10_Chad Ochocinco,0.018157644435702
10,6,Chad Ochocinco,Cheryl Burke,Athlete,32,Eliminated Week 9,4,9.0,30.999899999999997,True,208.9993,0.1483253771663349,False,10_Chad Ochocinco,0.018157644435702
10,7,Chad Ochocinco,Cheryl Burke,Athlete,32,Eliminated Week 9,4,9.0,26.0,True,155.5,0.1672025723472668,False,10_Chad Ochocinco,0.0164969471623459
10,7,Chad Ochocinco,Cheryl Burke,Athlete,32,Eliminated Week 9,4,9.0,26.0,True,155.5,0.1672025723472668,False,10_Chad Ochocinco,0.0164969471623459
10,8,Chad Ochocinco,Cheryl Burke,Athlete,32,Eliminated Week 9,4,9.0,22.5,True,126.5,0.1778656126482213,False,10_Chad Ochocinco,0.0140833703696539
10,8,Chad Ochocinco,Cheryl Burke,Athlete,32,Eliminated Week 9,4,9.0,22.5,True,126.5,0.1778656126482213,False,10_Chad Ochocinco,0.0140833703696539
10,9,Chad Ochocinco,Cheryl Burke,Athlete,32,Eliminated Week 9,4,9.0,26.0,True,113.0,0.2300884955752212,True,10_Chad Ochocinco,0.0128046221376247
10,9,Chad Ochocinco,Cheryl Burke,Athlete,32,Eliminated Week 9,4,9.0,26.0,True,113.0,0.2300884955752212,True,10_Chad Ochocinco,0.0128046221376247
10,10,Chad Ochocinco,Cheryl Burke,Athlete,32,Eliminated Week 9,4,9.0,0.0,False,82.6662,0.0,False,10_Chad Ochocinco,
10,1,Evan Lysacek,Anna Trebunskaya,Athlete,24,2nd Place,2,,23.0,True,209.0,0.1100478468899521,False,10_Evan Lysacek,0.3063663789347584
10,1,Evan Lysacek,Anna Trebunskaya,Athlete,24,2nd Place,2,,23.0,True,209.0,0.1100478468899521,False,10_Evan Lysacek,0.3063663789347584
10,2,Evan Lysacek,Anna Trebunskaya,Athlete,24,2nd Place,2,,24.0,True,220.0,0.109090909090909,False,10_Evan Lysacek,0.3061145996095719
10,2,Evan Lysacek,Anna Trebunskaya,Athlete,24,2nd Place,2,,24.0,True,220.0,0.109090909090909,False,10_Evan Lysacek,0.3061145996095719
10,3,Evan Lysacek,Anna Trebunskaya,Athlete,24,2nd Place,2,,26.0,True,203.0,0.1280788177339901,False,10_Evan Lysacek,0.3085973310456504
10,3,Evan Lysacek,Anna Trebunskaya,Athlete,24,2nd Place,2,,26.0,True,203.0,0.1280788177339901,False,10_Evan Lysacek,0.3085973310456504
10,4,Evan Lysacek,Anna Trebunskaya,Athlete,24,2nd Place,2,,26.0,True,185.5,0.1401617250673854,False,10_Evan Lysacek,0.3143215631393784
10,4,Evan Lysacek,Anna Trebunskaya,Athlete,24,2nd Place,2,,26.0,True,185.5,0.1401617250673854,False,10_Evan Lysacek,0.3143215631393784
10,5,Evan Lysacek,Anna Trebunskaya,Athlete,24,2nd Place,2,,27.0,True,173.0,0.1560693641618497,False,10_Evan Lysacek,0.317096986947702
10,5,Evan Lysacek,Anna Trebunskaya,Athlete,24,2nd Place,2,,27.0,True,173.0,0.1560693641618497,False,10_Evan Lysacek,0.317096986947702
10,6,Evan Lysacek,Anna Trebunskaya,Athlete,24,2nd Place,2,,27.0,True,208.9993,0.1291870355546645,False,10_Evan Lysacek,0.3215951829783949
10,6,Evan Lysacek,Anna Trebunskaya,Athlete,24,2nd Place,2,,27.0,True,208.9993,0.1291870355546645,False,10_Evan Lysacek,0.3215951829783949
10,7,Evan Lysacek,Anna Trebunskaya,Athlete,24,2nd Place,2,,27.0,True,155.5,0.1736334405144694,False,10_Evan Lysacek,0.3242339955875861
10,7,Evan Lysacek,Anna Trebunskaya,Athlete,24,2nd Place,2,,27.0,True,155.5,0.1736334405144694,False,10_Evan Lysacek,0.3242339955875861
10,8,Evan Lysacek,Anna Trebunskaya,Athlete,24,2nd Place,2,,26.5,True,126.5,0.2094861660079051,False,10_Evan Lysacek,0.3261226062054326
10,8,Evan Lysacek,Anna Trebunskaya,Athlete,24,2nd Place,2,,26.5,True,126.5,0.2094861660079051,False,10_Evan Lysacek,0.3261226062054326
10,9,Evan Lysacek,Anna Trebunskaya,Athlete,24,2nd Place,2,,29.5,True,113.0,0.2610619469026549,False,10_Evan Lysacek,0.3290651140004135
10,9,Evan Lysacek,Anna Trebunskaya,Athlete,24,2nd Place,2,,29.5,True,113.0,0.2610619469026549,False,10_Evan Lysacek,0.3290651140004135
10,10,Evan Lysacek,Anna Trebunskaya,Athlete,24,2nd Place,2,,26.888699999999996,True,82.6662,0.325268368450467,False,10_Evan Lysacek,0.3333333376247896
10,10,Evan Lysacek,Anna Trebunskaya,Athlete,24,2nd Place,2,,26.888699999999996,True,82.6662,0.325268368450467,False,10_Evan Lysacek,0.3333333376247896
10,1,Pamela Anderson,Damian Whitewood,Model,42,Eliminated Week 7,6,7.0,21.0,True,209.0,0.1004784688995215,False,10_Pamela Anderson,0.0
10,1,Pamela Anderson,Damian Whitewood,Model,42,Eliminated Week 7,6,7.0,21.0,True,209.0,0.1004784688995215,False,10_Pamela Anderson,0.0
10,2,Pamela Anderson,Damian Whitewood,Model,42,Eliminated Week 7,6,7.0,22.0,True,220.0,0.1,False,10_Pamela Anderson,4.74628270986545e-18
10,2,Pamela Anderson,Damian Whitewood,Model,42,Eliminated Week 7,6,7.0,22.0,True,220.0,0.1,False,10_Pamela Anderson,4.74628270986545e-18
10,3,Pamela Anderson,Damian Whitewood,Model,42,Eliminated Week 7,6,7.0,21.0,True,203.0,0.1034482758620689,False,10_Pamela Anderson,1.3412869473761825e-17
10,3,Pamela Anderson,Damian Whitewood,Model,42,Eliminated Week 7,6,7.0,21.0,True,203.0,0.1034482758620689,False,10_Pamela Anderson,1.3412869473761825e-17
10,4,Pamela Anderson,Damian Whitewood,Model,42,Eliminated Week 7,6,7.0,23.5,True,185.5,0.1266846361185983,False,10_Pamela Anderson,0.0020462709260408
10,4,Pamela Anderson,Damian Whitewood,Model,42,Eliminated Week 7,6,7.0,23.5,True,185.5,0.1266846361185983,False,10_Pamela Anderson,0.0020462709260408
10,5,Pamela Anderson,Damian Whitewood,Model,42,Eliminated Week 7,6,7.0,21.0,True,173.0,0.1213872832369942,False,10_Pamela Anderson,0.0018215014502729
10,5,Pamela Anderson,Damian Whitewood,Model,42,Eliminated Week 7,6,7.0,21.0,True,173.0,0.1213872832369942,False,10_Pamela Anderson,0.0018215014502729
10,6,Pamela Anderson,Damian Whitewood,Model,42,Eliminated Week 7,6,7.0,29.9998,True,208.9993,0.1435401936752898,False,10_Pamela Anderson,0.0032433838630137
10,6,Pamela Anderson,Damian Whitewood,Model,42,Eliminated Week 7,6,7.0,29.9998,True,208.9993,0.1435401936752898,False,10_Pamela Anderson,0.0032433838630137
10,7,Pamela Anderson,Damian Whitewood,Model,42,Eliminated Week 7,6,7.0,25.5,True,155.5,0.1639871382636656,True,10_Pamela Anderson,0.0022023670383371
10,7,Pamela Anderson,Damian Whitewood,Model,42,Eliminated Week 7,6,7.0,25.5,True,155.5,0.1639871382636656,True,10_Pamela Anderson,0.0022023670383371
10,8,Pamela Anderson,Damian Whitewood,Model,42,Eliminated Week 7,6,7.0,0.0,False,126.5,0.0,False,10_Pamela Anderson,
10,9,Pamela Anderson,Damian Whitewood,Model,42,Eliminated Week 7,6,7.0,0.0,False,113.0,0.0,False,10_Pamela Anderson,
10,10,Pamela Anderson,Damian Whitewood,Model,42,Eliminated Week 7,6,7.0,0.0,False,82.6662,0.0,False,10_Pamela Anderson,
10,1,Nicole Scherzinger,Derek Hough,Singer/Rapper,31,1st Place,1,,25.0,True,209.0,0.1196172248803827,False,10_Nicole Scherzinger,0.3063663807717125
10,1,Nicole Scherzinger,Derek Hough,Singer/Rapper,31,1st Place,1,,25.0,True,209.0,0.1196172248803827,False,10_Nicole Scherzinger,0.3063663807717125
10,2,Nicole Scherzinger,Derek Hough,Singer/Rapper,31,1st Place,1,,28.0,True,220.0,0.1272727272727272,False,10_Nicole Scherzinger,0.3061145926669274
10,2,Nicole Scherzinger,Derek Hough,Singer/Rapper,31,1st Place,1,,28.0,True,220.0,0.1272727272727272,False,10_Nicole Scherzinger,0.3061145926669274
10,3,Nicole Scherzinger,Derek Hough,Singer/Rapper,31,1st Place,1,,23.0,True,203.0,0.1133004926108374,False,10_Nicole Scherzinger,0.3085973423017382
10,3,Nicole Scherzinger,Derek Hough,Singer/Rapper,31,1st Place,1,,23.0,True,203.0,0.1133004926108374,False,10_Nicole Scherzinger,0.3085973423017382
10,4,Nicole Scherzinger,Derek Hough,Singer/Rapper,31,1st Place,1,,25.0,True,185.5,0.1347708894878706,False,10_Nicole Scherzinger,0.3143215460388289
10,4,Nicole Scherzinger,Derek Hough,Singer/Rapper,31,1st Place,1,,25.0,True,185.5,0.1347708894878706,False,10_Nicole Scherzinger,0.3143215460388289
10,5,Nicole Scherzinger,Derek Hough,Singer/Rapper,31,1st Place,1,,29.0,True,173.0,0.1676300578034682,False,10_Nicole Scherzinger,0.3170970081422122
10,5,Nicole Scherzinger,Derek Hough,Singer/Rapper,31,1st Place,1,,29.0,True,173.0,0.1676300578034682,False,10_Nicole Scherzinger,0.3170970081422122
10,6,Nicole Scherzinger,Derek Hough,Singer/Rapper,31,1st Place,1,,35.9999,True,208.9993,0.1722489022690506,False,10_Nicole Scherzinger,0.3215951579349096
10,6,Nicole Scherzinger,Derek Hough,Singer/Rapper,31,1st Place,1,,35.9999,True,208.9993,0.1722489022690506,False,10_Nicole Scherzinger,0.3215951579349096
10,7,Nicole Scherzinger,Derek Hough,Singer/Rapper,31,1st Place,1,,27.0,True,155.5,0.1736334405144694,False,10_Nicole Scherzinger,0.3242340202490198
10,7,Nicole Scherzinger,Derek Hough,Singer/Rapper,31,1st Place,1,,27.0,True,155.5,0.1736334405144694,False,10_Nicole Scherzinger,0.3242340202490198
10,8,Nicole Scherzinger,Derek Hough,Singer/Rapper,31,1st Place,1,,29.5,True,126.5,0.233201581027668,False,10_Nicole Scherzinger,0.3261225841297873
10,8,Nicole Scherzinger,Derek Hough,Singer/Rapper,31,1st Place,1,,29.5,True,126.5,0.233201581027668,False,10_Nicole Scherzinger,0.3261225841297873
10,9,Nicole Scherzinger,Derek Hough,Singer/Rapper,31,1st Place,1,,29.5,True,113.0,0.2610619469026549,False,10_Nicole Scherzinger,0.3290651285260512
10,9,Nicole Scherzinger,Derek Hough,Singer/Rapper,31,1st Place,1,,29.5,True,113.0,0.2610619469026549,False,10_Nicole Scherzinger,0.3290651285260512
10,10,Nicole Scherzinger,Derek Hough,Singer/Rapper,31,1st Place,1,,28.7777,True,82.6662,0.3481193038992962,False,10_Nicole Scherzinger,0.3333333319389353
10,10,Nicole Scherzinger,Derek Hough,Singer/Rapper,31,1st Place,1,,28.7777,True,82.6662,0.3481193038992962,False,10_Nicole Scherzinger,0.3333333319389353
10,1,Erin Andrews,Maksim Chmerkoskiy,Sports Broadcaster,32,3rd Place,3,,21.0,True,209.0,0.1004784688995215,False,10_Erin Andrews,0.3063663838571365
10,1,Erin Andrews,Maksim Chmerkoskiy,Sports Broadcaster,32,3rd Place,3,,21.0,True,209.0,0.1004784688995215,False,10_Erin Andrews,0.3063663838571365
10,2,Erin Andrews,Maksim Chmerkoskiy,Sports Broadcaster,32,3rd Place,3,,23.0,True,220.0,0.1045454545454545,False,10_Erin Andrews,0.306114586071043
10,2,Erin Andrews,Maksim Chmerkoskiy,Sports Broadcaster,32,3rd Place,3,,23.0,True,220.0,0.1045454545454545,False,10_Erin Andrews,0.306114586071043
10,3,Erin Andrews,Maksim Chmerkoskiy,Sports Broadcaster,32,3rd Place,3,,23.0,True,203.0,0.1133004926108374,False,10_Erin Andrews,0.3085973541150505
10,3,Erin Andrews,Maksim Chmerkoskiy,Sports Broadcaster,32,3rd Place,3,,23.0,True,203.0,0.1133004926108374,False,10_Erin Andrews,0.3085973541150505
10,4,Erin Andrews,Maksim Chmerkoskiy,Sports Broadcaster,32,3rd Place,3,,19.5,True,185.5,0.105121293800539,False,10_Erin Andrews,0.3143215326971291
10,4,Erin Andrews,Maksim Chmerkoskiy,Sports Broadcaster,32,3rd Place,3,,19.5,True,185.5,0.105121293800539,False,10_Erin Andrews,0.3143215326971291
10,5,Erin Andrews,Maksim Chmerkoskiy,Sports Broadcaster,32,3rd Place,3,,22.0,True,173.0,0.1271676300578034,False,10_Erin Andrews,0.3170970238586721
10,5,Erin Andrews,Maksim Chmerkoskiy,Sports Broadcaster,32,3rd Place,3,,22.0,True,173.0,0.1271676300578034,False,10_Erin Andrews,0.3170970238586721
10,6,Erin Andrews,Maksim Chmerkoskiy,Sports Broadcaster,32,3rd Place,3,,34.0,True,208.9993,0.1626799706984664,False,10_Erin Andrews,0.3215951437917376
10,6,Erin Andrews,Maksim Chmerkoskiy,Sports Broadcaster,32,3rd Place,3,,34.0,True,208.9993,0.1626799706984664,False,10_Erin Andrews,0.3215951437917376
10,7,Erin Andrews,Maksim Chmerkoskiy,Sports Broadcaster,32,3rd Place,3,,25.5,True,155.5,0.1639871382636656,False,10_Erin Andrews,0.3242340338143405
10,7,Erin Andrews,Maksim Chmerkoskiy,Sports Broadcaster,32,3rd Place,3,,25.5,True,155.5,0.1639871382636656,False,10_Erin Andrews,0.3242340338143405
10,8,Erin Andrews,Maksim Chmerkoskiy,Sports Broadcaster,32,3rd Place,3,,26.5,True,126.5,0.2094861660079051,False,10_Erin Andrews,0.3261225747323769
10,8,Erin Andrews,Maksim Chmerkoskiy,Sports Broadcaster,32,3rd Place,3,,26.5,True,126.5,0.2094861660079051,False,10_Erin Andrews,0.3261225747323769
10,9,Erin Andrews,Maksim Chmerkoskiy,Sports Broadcaster,32,3rd Place,3,,28.0,True,113.0,0.247787610619469,False,10_Erin Andrews,0.3290651353359105
10,9,Erin Andrews,Maksim Chmerkoskiy,Sports Broadcaster,32,3rd Place,3,,28.0,True,113.0,0.247787610619469,False,10_Erin Andrews,0.3290651353359105
10,10,Erin Andrews,Maksim Chmerkoskiy,Sports Broadcaster,32,3rd Place,3,,26.9998,True,82.6662,0.3266123276502367,False,10_Erin Andrews,0.3333333304362752
10,10,Erin Andrews,Maksim Chmerkoskiy,Sports Broadcaster,32,3rd Place,3,,26.9998,True,82.6662,0.3266123276502367,False,10_Erin Andrews,0.3333333304362752
10,1,Kate Gosselin,Tony Dovolani,TV Personality,35,Eliminated Week 5,8,5.0,16.0,True,209.0,0.0765550239234449,False,10_Kate Gosselin,0.0226644143755133
10,1,Kate Gosselin,Tony Dovolani,TV Personality,35,Eliminated Week 5,8,5.0,16.0,True,209.0,0.0765550239234449,False,10_Kate Gosselin,0.0226644143755133
10,2,Kate Gosselin,Tony Dovolani,TV Personality,35,Eliminated Week 5,8,5.0,15.0,True,220.0,0.0681818181818181,False,10_Kate Gosselin,0.0226867826858416
10,2,Kate Gosselin,Tony Dovolani,TV Personality,35,Eliminated Week 5,8,5.0,15.0,True,220.0,0.0681818181818181,False,10_Kate Gosselin,0.0226867826858416
10,3,Kate Gosselin,Tony Dovolani,TV Personality,35,Eliminated Week 5,8,5.0,15.0,True,203.0,0.0738916256157635,False,10_Kate Gosselin,0.0216213164620791
10,3,Kate Gosselin,Tony Dovolani,TV Personality,35,Eliminated Week 5,8,5.0,15.0,True,203.0,0.0738916256157635,False,10_Kate Gosselin,0.0216213164620791
10,4,Kate Gosselin,Tony Dovolani,TV Personality,35,Eliminated Week 5,8,5.0,16.0,True,185.5,0.0862533692722372,False,10_Kate Gosselin,0.0225526996553861
10,4,Kate Gosselin,Tony Dovolani,TV Personality,35,Eliminated Week 5,8,5.0,16.0,True,185.5,0.0862533692722372,False,10_Kate Gosselin,0.0225526996553861
10,5,Kate Gosselin,Tony Dovolani,TV Personality,35,Eliminated Week 5,8,5.0,15.0,True,173.0,0.0867052023121387,True,10_Kate Gosselin,0.0209591200960212
10,5,Kate Gosselin,Tony Dovolani,TV Personality,35,Eliminated Week 5,8,5.0,15.0,True,173.0,0.0867052023121387,True,10_Kate Gosselin,0.0209591200960212
10,6,Kate Gosselin,Tony Dovolani,TV Personality,35,Eliminated Week 5,8,5.0,0.0,False,208.9993,0.0,False,10_Kate Gosselin,
10,7,Kate Gosselin,Tony Dovolani,TV Personality,35,Eliminated Week 5,8,5.0,0.0,False,155.5,0.0,False,10_Kate Gosselin,
10,8,Kate Gosselin,Tony Dovolani,TV Personality,35,Eliminated Week 5,8,5.0,0.0,False,126.5,0.0,False,10_Kate Gosselin,
10,9,Kate Gosselin,Tony Dovolani,TV Personality,35,Eliminated Week 5,8,5.0,0.0,False,113.0,0.0,False,10_Kate Gosselin,
10,10,Kate Gosselin,Tony Dovolani,TV Personality,35,Eliminated Week 5,8,5.0,0.0,False,82.6662,0.0,False,10_Kate Gosselin,
10,1,Jake Pavelka,Chelsie Hightower,TV Personality,32,Eliminated Week 6,7,6.0,20.0,True,209.0,0.0956937799043062,False,10_Jake Pavelka,0.0
10,1,Jake Pavelka,Chelsie Hightower,TV Personality,32,Eliminated Week 6,7,6.0,20.0,True,209.0,0.0956937799043062,False,10_Jake Pavelka,0.0
10,2,Jake Pavelka,Chelsie Hightower,TV Personality,32,Eliminated Week 6,7,6.0,20.0,True,220.0,0.0909090909090909,False,10_Jake Pavelka,4.1030602515521535e-17
10,2,Jake Pavelka,Chelsie Hightower,TV Personality,32,Eliminated Week 6,7,6.0,20.0,True,220.0,0.0909090909090909,False,10_Jake Pavelka,4.1030602515521535e-17
10,3,Jake Pavelka,Chelsie Hightower,TV Personality,32,Eliminated Week 6,7,6.0,21.0,True,203.0,0.1034482758620689,False,10_Jake Pavelka,0.0
10,3,Jake Pavelka,Chelsie Hightower,TV Personality,32,Eliminated Week 6,7,6.0,21.0,True,203.0,0.1034482758620689,False,10_Jake Pavelka,0.0
10,4,Jake Pavelka,Chelsie Hightower,TV Personality,32,Eliminated Week 6,7,6.0,19.0,True,185.5,0.1024258760107816,False,10_Jake Pavelka,0.0032596947734999
10,4,Jake Pavelka,Chelsie Hightower,TV Personality,32,Eliminated Week 6,7,6.0,19.0,True,185.5,0.1024258760107816,False,10_Jake Pavelka,0.0032596947734999
10,5,Jake Pavelka,Chelsie Hightower,TV Personality,32,Eliminated Week 6,7,6.0,23.0,True,173.0,0.1329479768786127,False,10_Jake Pavelka,0.0034328426549656
10,5,Jake Pavelka,Chelsie Hightower,TV Personality,32,Eliminated Week 6,7,6.0,23.0,True,173.0,0.1329479768786127,False,10_Jake Pavelka,0.0034328426549656
10,6,Jake Pavelka,Chelsie Hightower,TV Personality,32,Eliminated Week 6,7,6.0,24.999899999999997,True,208.9993,0.1196171470430762,True,10_Jake Pavelka,0.0060307827173085
10,6,Jake Pavelka,Chelsie Hightower,TV Personality,32,Eliminated Week 6,7,6.0,24.999899999999997,True,208.9993,0.1196171470430762,True,10_Jake Pavelka,0.0060307827173085
10,7,Jake Pavelka,Chelsie Hightower,TV Personality,32,Eliminated Week 6,7,6.0,0.0,False,155.5,0.0,False,10_Jake Pavelka,
10,8,Jake Pavelka,Chelsie Hightower,TV Personality,32,Eliminated Week 6,7,6.0,0.0,False,126.5,0.0,False,10_Jake Pavelka,
10,9,Jake Pavelka,Chelsie Hightower,TV Personality,32,Eliminated Week 6,7,6.0,0.0,False,113.0,0.0,False,10_Jake Pavelka,
10,10,Jake Pavelka,Chelsie Hightower,TV Personality,32,Eliminated Week 6,7,6.0,0.0,False,82.6662,0.0,False,10_Jake Pavelka,
11,1,David Hasselhoff,Kym Johnson,Actor/Actress,58,Eliminated Week 1,12,1.0,15.0,True,227.0,0.066079295154185,True,11_David Hasselhoff,0.0005287961200625
11,1,David Hasselhoff,Kym Johnson,Actor/Actress,58,Eliminated Week 1,12,1.0,15.0,True,227.0,0.066079295154185,True,11_David Hasselhoff,0.0005287961200625
11,2,David Hasselhoff,Kym Johnson,Actor/Actress,58,Eliminated Week 1,12,1.0,0.0,False,221.0,0.0,False,11_David Hasselhoff,
11,3,David Hasselhoff,Kym Johnson,Actor/Actress,58,Eliminated Week 1,12,1.0,0.0,False,221.0,0.0,False,11_David Hasselhoff,
11,4,David Hasselhoff,Kym Johnson,Actor/Actress,58,Eliminated Week 1,12,1.0,0.0,False,179.0,0.0,False,11_David Hasselhoff,
11,5,David Hasselhoff,Kym Johnson,Actor/Actress,58,Eliminated Week 1,12,1.0,0.0,False,182.0,0.0,False,11_David Hasselhoff,
11,6,David Hasselhoff,Kym Johnson,Actor/Actress,58,Eliminated Week 1,12,1.0,0.0,False,206.9993,0.0,False,11_David Hasselhoff,
11,7,David Hasselhoff,Kym Johnson,Actor/Actress,58,Eliminated Week 1,12,1.0,0.0,False,208.5,0.0,False,11_David Hasselhoff,
11,8,David Hasselhoff,Kym Johnson,Actor/Actress,58,Eliminated Week 1,12,1.0,0.0,False,132.5,0.0,False,11_David Hasselhoff,
11,9,David Hasselhoff,Kym Johnson,Actor/Actress,58,Eliminated Week 1,12,1.0,0.0,False,114.0,0.0,False,11_David Hasselhoff,
11,10,David Hasselhoff,Kym Johnson,Actor/Actress,58,Eliminated Week 1,12,1.0,0.0,False,82.9998,0.0,False,11_David Hasselhoff,
11,1,Florence Henderson,Corky Ballas,Actor/Actress,76,Eliminated Week 5,8,5.0,18.0,True,227.0,0.079295154185022,False,11_Florence Henderson,0.0020001992952053
11,1,Florence Henderson,Corky Ballas,Actor/Actress,76,Eliminated Week 5,8,5.0,18.0,True,227.0,0.079295154185022,False,11_Florence Henderson,0.0020001992952053
11,2,Florence Henderson,Corky Ballas,Actor/Actress,76,Eliminated Week 5,8,5.0,19.0,True,221.0,0.085972850678733,False,11_Florence Henderson,0.001913369709661
11,2,Florence Henderson,Corky Ballas,Actor/Actress,76,Eliminated Week 5,8,5.0,19.0,True,221.0,0.085972850678733,False,11_Florence Henderson,0.001913369709661
11,3,Florence Henderson,Corky Ballas,Actor/Actress,76,Eliminated Week 5,8,5.0,20.0,True,221.0,0.090497737556561,False,11_Florence Henderson,0.0019518906637841
11,3,Florence Henderson,Corky Ballas,Actor/Actress,76,Eliminated Week 5,8,5.0,20.0,True,221.0,0.090497737556561,False,11_Florence Henderson,0.0019518906637841
11,4,Florence Henderson,Corky Ballas,Actor/Actress,76,Eliminated Week 5,8,5.0,17.5,True,179.0,0.0977653631284916,False,11_Florence Henderson,0.002037327045438
11,4,Florence Henderson,Corky Ballas,Actor/Actress,76,Eliminated Week 5,8,5.0,17.5,True,179.0,0.0977653631284916,False,11_Florence Henderson,0.002037327045438
11,5,Florence Henderson,Corky Ballas,Actor/Actress,76,Eliminated Week 5,8,5.0,21.0,True,182.0,0.1153846153846153,True,11_Florence Henderson,0.0020117158450008
11,5,Florence Henderson,Corky Ballas,Actor/Actress,76,Eliminated Week 5,8,5.0,21.0,True,182.0,0.1153846153846153,True,11_Florence Henderson,0.0020117158450008
11,6,Florence Henderson,Corky Ballas,Actor/Actress,76,Eliminated Week 5,8,5.0,0.0,False,206.9993,0.0,False,11_Florence Henderson,
11,7,Florence Henderson,Corky Ballas,Actor/Actress,76,Eliminated Week 5,8,5.0,0.0,False,208.5,0.0,False,11_Florence Henderson,
11,8,Florence Henderson,Corky Ballas,Actor/Actress,76,Eliminated Week 5,8,5.0,0.0,False,132.5,0.0,False,11_Florence Henderson,
11,9,Florence Henderson,Corky Ballas,Actor/Actress,76,Eliminated Week 5,8,5.0,0.0,False,114.0,0.0,False,11_Florence Henderson,
11,10,Florence Henderson,Corky Ballas,Actor/Actress,76,Eliminated Week 5,8,5.0,0.0,False,82.9998,0.0,False,11_Florence Henderson,
11,1,Kyle Massey,Lacey Schwimmer,Actor/Actress,19,2nd Place,2,,23.0,True,227.0,0.1013215859030837,False,11_Kyle Massey,0.3129429892409034
11,1,Kyle Massey,Lacey Schwimmer,Actor/Actress,19,2nd Place,2,,23.0,True,227.0,0.1013215859030837,False,11_Kyle Massey,0.3129429892409034
11,2,Kyle Massey,Lacey Schwimmer,Actor/Actress,19,2nd Place,2,,22.0,True,221.0,0.0995475113122171,False,11_Kyle Massey,0.3130606928507414
11,2,Kyle Massey,Lacey Schwimmer,Actor/Actress,19,2nd Place,2,,22.0,True,221.0,0.0995475113122171,False,11_Kyle Massey,0.3130606928507414
11,3,Kyle Massey,Lacey Schwimmer,Actor/Actress,19,2nd Place,2,,23.0,True,221.0,0.1040723981900452,False,11_Kyle Massey,0.3132048433456726
11,3,Kyle Massey,Lacey Schwimmer,Actor/Actress,19,2nd Place,2,,23.0,True,221.0,0.1040723981900452,False,11_Kyle Massey,0.3132048433456726
11,4,Kyle Massey,Lacey Schwimmer,Actor/Actress,19,2nd Place,2,,20.0,True,179.0,0.1117318435754189,False,11_Kyle Massey,0.3134369723482409
11,4,Kyle Massey,Lacey Schwimmer,Actor/Actress,19,2nd Place,2,,20.0,True,179.0,0.1117318435754189,False,11_Kyle Massey,0.3134369723482409
11,5,Kyle Massey,Lacey Schwimmer,Actor/Actress,19,2nd Place,2,,20.0,True,182.0,0.1098901098901098,False,11_Kyle Massey,0.3136348839562854
11,5,Kyle Massey,Lacey Schwimmer,Actor/Actress,19,2nd Place,2,,20.0,True,182.0,0.1098901098901098,False,11_Kyle Massey,0.3136348839562854
11,6,Kyle Massey,Lacey Schwimmer,Actor/Actress,19,2nd Place,2,,29.999899999999997,True,206.9993,0.1449275432332379,False,11_Kyle Massey,0.3140569230823702
11,6,Kyle Massey,Lacey Schwimmer,Actor/Actress,19,2nd Place,2,,29.999899999999997,True,206.9993,0.1449275432332379,False,11_Kyle Massey,0.3140569230823702
11,7,Kyle Massey,Lacey Schwimmer,Actor/Actress,19,2nd Place,2,,33.5,True,208.5,0.1606714628297362,False,11_Kyle Massey,0.3168703042272973
11,7,Kyle Massey,Lacey Schwimmer,Actor/Actress,19,2nd Place,2,,33.5,True,208.5,0.1606714628297362,False,11_Kyle Massey,0.3168703042272973
11,8,Kyle Massey,Lacey Schwimmer,Actor/Actress,19,2nd Place,2,,28.0,True,132.5,0.2113207547169811,False,11_Kyle Massey,0.3209792269142256
11,8,Kyle Massey,Lacey Schwimmer,Actor/Actress,19,2nd Place,2,,28.0,True,132.5,0.2113207547169811,False,11_Kyle Massey,0.3209792269142256
11,9,Kyle Massey,Lacey Schwimmer,Actor/Actress,19,2nd Place,2,,29.0,True,114.0,0.2543859649122807,False,11_Kyle Massey,0.3305480989735839
11,9,Kyle Massey,Lacey Schwimmer,Actor/Actress,19,2nd Place,2,,29.0,True,114.0,0.2543859649122807,False,11_Kyle Massey,0.3305480989735839
11,10,Kyle Massey,Lacey Schwimmer,Actor/Actress,19,2nd Place,2,,27.3332,True,82.9998,0.3293164561842318,False,11_Kyle Massey,0.3333333238885339
11,10,Kyle Massey,Lacey Schwimmer,Actor/Actress,19,2nd Place,2,,27.3332,True,82.9998,0.3293164561842318,False,11_Kyle Massey,0.3333333238885339
11,1,Jennifer Grey,Derek Hough,Actor/Actress,50,1st Place,1,,24.0,True,227.0,0.105726872246696,False,11_Jennifer Grey,0.3129429678662686
11,1,Jennifer Grey,Derek Hough,Actor/Actress,50,1st Place,1,,24.0,True,227.0,0.105726872246696,False,11_Jennifer Grey,0.3129429678662686
11,2,Jennifer Grey,Derek Hough,Actor/Actress,50,1st Place,1,,24.0,True,221.0,0.1085972850678733,False,11_Jennifer Grey,0.3130607554637237
11,2,Jennifer Grey,Derek Hough,Actor/Actress,50,1st Place,1,,24.0,True,221.0,0.1085972850678733,False,11_Jennifer Grey,0.3130607554637237
11,3,Jennifer Grey,Derek Hough,Actor/Actress,50,1st Place,1,,24.0,True,221.0,0.1085972850678733,False,11_Jennifer Grey,0.3132047456547862
11,3,Jennifer Grey,Derek Hough,Actor/Actress,50,1st Place,1,,24.0,True,221.0,0.1085972850678733,False,11_Jennifer Grey,0.3132047456547862
11,4,Jennifer Grey,Derek Hough,Actor/Actress,50,1st Place,1,,28.0,True,179.0,0.1564245810055866,False,11_Jennifer Grey,0.3134370971593354
11,4,Jennifer Grey,Derek Hough,Actor/Actress,50,1st Place,1,,28.0,True,179.0,0.1564245810055866,False,11_Jennifer Grey,0.3134370971593354
11,5,Jennifer Grey,Derek Hough,Actor/Actress,50,1st Place,1,,25.0,True,182.0,0.1373626373626373,False,11_Jennifer Grey,0.3136347441938119
11,5,Jennifer Grey,Derek Hough,Actor/Actress,50,1st Place,1,,25.0,True,182.0,0.1373626373626373,False,11_Jennifer Grey,0.3136347441938119
11,6,Jennifer Grey,Derek Hough,Actor/Actress,50,1st Place,1,,29.0,True,206.9993,0.1400970921157704,False,11_Jennifer Grey,0.3140570646997592
11,6,Jennifer Grey,Derek Hough,Actor/Actress,50,1st Place,1,,29.0,True,206.9993,0.1400970921157704,False,11_Jennifer Grey,0.3140570646997592
11,7,Jennifer Grey,Derek Hough,Actor/Actress,50,1st Place,1,,36.5,True,208.5,0.1750599520383693,False,11_Jennifer Grey,0.3168701752446164
11,7,Jennifer Grey,Derek Hough,Actor/Actress,50,1st Place,1,,36.5,True,208.5,0.1750599520383693,False,11_Jennifer Grey,0.3168701752446164
11,8,Jennifer Grey,Derek Hough,Actor/Actress,50,1st Place,1,,28.5,True,132.5,0.2150943396226415,False,11_Jennifer Grey,0.320979330403917
11,8,Jennifer Grey,Derek Hough,Actor/Actress,50,1st Place,1,,28.5,True,132.5,0.2150943396226415,False,11_Jennifer Grey,0.320979330403917
11,9,Jennifer Grey,Derek Hough,Actor/Actress,50,1st Place,1,,30.0,True,114.0,0.2631578947368421,False,11_Jennifer Grey,0.3305480322615339
11,9,Jennifer Grey,Derek Hough,Actor/Actress,50,1st Place,1,,30.0,True,114.0,0.2631578947368421,False,11_Jennifer Grey,0.3305480322615339
11,10,Jennifer Grey,Derek Hough,Actor/Actress,50,1st Place,1,,30.0,True,82.9998,0.3614466540883231,False,11_Jennifer Grey,0.3333333470537584
11,10,Jennifer Grey,Derek Hough,Actor/Actress,50,1st Place,1,,30.0,True,82.9998,0.3614466540883231,False,11_Jennifer Grey,0.3333333470537584
11,1,Rick Fox,Cheryl Burke,Athlete,41,Eliminated Week 7,6,7.0,22.0,True,227.0,0.0969162995594713,False,11_Rick Fox,0.0081660866807801
11,1,Rick Fox,Cheryl Burke,Athlete,41,Eliminated Week 7,6,7.0,22.0,True,227.0,0.0969162995594713,False,11_Rick Fox,0.0081660866807801
11,2,Rick Fox,Cheryl Burke,Athlete,41,Eliminated Week 7,6,7.0,21.0,True,221.0,0.0950226244343891,False,11_Rick Fox,0.0081579999797048
11,2,Rick Fox,Cheryl Burke,Athlete,41,Eliminated Week 7,6,7.0,21.0,True,221.0,0.0950226244343891,False,11_Rick Fox,0.0081579999797048
11,3,Rick Fox,Cheryl Burke,Athlete,41,Eliminated Week 7,6,7.0,24.0,True,221.0,0.1085972850678733,False,11_Rick Fox,0.0082572037019832
11,3,Rick Fox,Cheryl Burke,Athlete,41,Eliminated Week 7,6,7.0,24.0,True,221.0,0.1085972850678733,False,11_Rick Fox,0.0082572037019832
11,4,Rick Fox,Cheryl Burke,Athlete,41,Eliminated Week 7,6,7.0,19.5,True,179.0,0.1089385474860335,False,11_Rick Fox,0.0086526778289371
11,4,Rick Fox,Cheryl Burke,Athlete,41,Eliminated Week 7,6,7.0,19.5,True,179.0,0.1089385474860335,False,11_Rick Fox,0.0086526778289371
11,5,Rick Fox,Cheryl Burke,Athlete,41,Eliminated Week 7,6,7.0,24.0,True,182.0,0.1318681318681318,False,11_Rick Fox,0.0092671377247083
11,5,Rick Fox,Cheryl Burke,Athlete,41,Eliminated Week 7,6,7.0,24.0,True,182.0,0.1318681318681318,False,11_Rick Fox,0.0092671377247083
11,6,Rick Fox,Cheryl Burke,Athlete,41,Eliminated Week 7,6,7.0,30.0,True,206.9993,0.144928026326659,False,11_Rick Fox,0.0095905599427781
11,6,Rick Fox,Cheryl Burke,Athlete,41,Eliminated Week 7,6,7.0,30.0,True,206.9993,0.144928026326659,False,11_Rick Fox,0.0095905599427781
11,7,Rick Fox,Cheryl Burke,Athlete,41,Eliminated Week 7,6,7.0,34.5,True,208.5,0.1654676258992805,True,11_Rick Fox,0.0081489169099218
11,7,Rick Fox,Cheryl Burke,Athlete,41,Eliminated Week 7,6,7.0,34.5,True,208.5,0.1654676258992805,True,11_Rick Fox,0.0081489169099218
11,8,Rick Fox,Cheryl Burke,Athlete,41,Eliminated Week 7,6,7.0,0.0,False,132.5,0.0,False,11_Rick Fox,
11,9,Rick Fox,Cheryl Burke,Athlete,41,Eliminated Week 7,6,7.0,0.0,False,114.0,0.0,False,11_Rick Fox,
11,10,Rick Fox,Cheryl Burke,Athlete,41,Eliminated Week 7,6,7.0,0.0,False,82.9998,0.0,False,11_Rick Fox,
11,1,Kurt Warner,Anna Trebunskaya,Athlete,39,Eliminated Week 8,5,8.0,19.0,True,227.0,0.0837004405286343,False,11_Kurt Warner,0.0447041562524618
11,1,Kurt Warner,Anna Trebunskaya,Athlete,39,Eliminated Week 8,5,8.0,19.0,True,227.0,0.0837004405286343,False,11_Kurt Warner,0.0447041562524618
11,2,Kurt Warner,Anna Trebunskaya,Athlete,39,Eliminated Week 8,5,8.0,21.0,True,221.0,0.0950226244343891,False,11_Kurt Warner,0.0451787025848563
11,2,Kurt Warner,Anna Trebunskaya,Athlete,39,Eliminated Week 8,5,8.0,21.0,True,221.0,0.0950226244343891,False,11_Kurt Warner,0.0451787025848563
11,3,Kurt Warner,Anna Trebunskaya,Athlete,39,Eliminated Week 8,5,8.0,23.0,True,221.0,0.1040723981900452,False,11_Kurt Warner,0.0455892027071683
11,3,Kurt Warner,Anna Trebunskaya,Athlete,39,Eliminated Week 8,5,8.0,23.0,True,221.0,0.1040723981900452,False,11_Kurt Warner,0.0455892027071683
11,4,Kurt Warner,Anna Trebunskaya,Athlete,39,Eliminated Week 8,5,8.0,17.0,True,179.0,0.0949720670391061,False,11_Kurt Warner,0.0463346395914843
11,4,Kurt Warner,Anna Trebunskaya,Athlete,39,Eliminated Week 8,5,8.0,17.0,True,179.0,0.0949720670391061,False,11_Kurt Warner,0.0463346395914843
11,5,Kurt Warner,Anna Trebunskaya,Athlete,39,Eliminated Week 8,5,8.0,24.0,True,182.0,0.1318681318681318,False,11_Kurt Warner,0.0472120899149586
11,5,Kurt Warner,Anna Trebunskaya,Athlete,39,Eliminated Week 8,5,8.0,24.0,True,182.0,0.1318681318681318,False,11_Kurt Warner,0.0472120899149586
11,6,Kurt Warner,Anna Trebunskaya,Athlete,39,Eliminated Week 8,5,8.0,21.9999,True,206.9993,0.1062800695461289,False,11_Kurt Warner,0.0482385167233083
11,6,Kurt Warner,Anna Trebunskaya,Athlete,39,Eliminated Week 8,5,8.0,21.9999,True,206.9993,0.1062800695461289,False,11_Kurt Warner,0.0482385167233083
11,7,Kurt Warner,Anna Trebunskaya,Athlete,39,Eliminated Week 8,5,8.0,35.0,True,208.5,0.1678657074340527,False,11_Kurt Warner,0.0411338875849064
11,7,Kurt Warner,Anna Trebunskaya,Athlete,39,Eliminated Week 8,5,8.0,35.0,True,208.5,0.1678657074340527,False,11_Kurt Warner,0.0411338875849064
11,8,Kurt Warner,Anna Trebunskaya,Athlete,39,Eliminated Week 8,5,8.0,24.0,True,132.5,0.1811320754716981,True,11_Kurt Warner,0.0355226052004192
11,8,Kurt Warner,Anna Trebunskaya,Athlete,39,Eliminated Week 8,5,8.0,24.0,True,132.5,0.1811320754716981,True,11_Kurt Warner,0.0355226052004192
11,9,Kurt Warner,Anna Trebunskaya,Athlete,39,Eliminated Week 8,5,8.0,0.0,False,114.0,0.0,False,11_Kurt Warner,
11,10,Kurt Warner,Anna Trebunskaya,Athlete,39,Eliminated Week 8,5,8.0,0.0,False,82.9998,0.0,False,11_Kurt Warner,
11,1,Margaret Cho,Louis van Amstel,Comedian,41,Eliminated Week 3,10,3.0,15.0,True,227.0,0.066079295154185,False,11_Margaret Cho,0.0014414244651074
11,1,Margaret Cho,Louis van Amstel,Comedian,41,Eliminated Week 3,10,3.0,15.0,True,227.0,0.066079295154185,False,11_Margaret Cho,0.0014414244651074
11,2,Margaret Cho,Louis van Amstel,Comedian,41,Eliminated Week 3,10,3.0,18.0,True,221.0,0.0814479638009049,False,11_Margaret Cho,0.0014350514712679
11,2,Margaret Cho,Louis van Amstel,Comedian,41,Eliminated Week 3,10,3.0,18.0,True,221.0,0.0814479638009049,False,11_Margaret Cho,0.0014350514712679
11,3,Margaret Cho,Louis van Amstel,Comedian,41,Eliminated Week 3,10,3.0,18.0,True,221.0,0.0814479638009049,True,11_Margaret Cho,0.0015149830230713
11,3,Margaret Cho,Louis van Amstel,Comedian,41,Eliminated Week 3,10,3.0,18.0,True,221.0,0.0814479638009049,True,11_Margaret Cho,0.0015149830230713
11,4,Margaret Cho,Louis van Amstel,Comedian,41,Eliminated Week 3,10,3.0,0.0,False,179.0,0.0,False,11_Margaret Cho,
11,5,Margaret Cho,Louis van Amstel,Comedian,41,Eliminated Week 3,10,3.0,0.0,False,182.0,0.0,False,11_Margaret Cho,
11,6,Margaret Cho,Louis van Amstel,Comedian,41,Eliminated Week 3,10,3.0,0.0,False,206.9993,0.0,False,11_Margaret Cho,
11,7,Margaret Cho,Louis van Amstel,Comedian,41,Eliminated Week 3,10,3.0,0.0,False,208.5,0.0,False,11_Margaret Cho,
11,8,Margaret Cho,Louis van Amstel,Comedian,41,Eliminated Week 3,10,3.0,0.0,False,132.5,0.0,False,11_Margaret Cho,
11,9,Margaret Cho,Louis van Amstel,Comedian,41,Eliminated Week 3,10,3.0,0.0,False,114.0,0.0,False,11_Margaret Cho,
11,10,Margaret Cho,Louis van Amstel,Comedian,41,Eliminated Week 3,10,3.0,0.0,False,82.9998,0.0,False,11_Margaret Cho,
11,1,Michael Bolton,Chelsie Hightower,Singer/Rapper,57,Eliminated Week 2,11,2.0,16.0,True,227.0,0.0704845814977973,False,11_Michael Bolton,0.001001279609188
11,1,Michael Bolton,Chelsie Hightower,Singer/Rapper,57,Eliminated Week 2,11,2.0,16.0,True,227.0,0.0704845814977973,False,11_Michael Bolton,0.001001279609188
11,2,Michael Bolton,Chelsie Hightower,Singer/Rapper,57,Eliminated Week 2,11,2.0,12.0,True,221.0,0.0542986425339366,True,11_Michael Bolton,0.0008953635900248
11,2,Michael Bolton,Chelsie Hightower,Singer/Rapper,57,Eliminated Week 2,11,2.0,12.0,True,221.0,0.0542986425339366,True,11_Michael Bolton,0.0008953635900248
11,3,Michael Bolton,Chelsie Hightower,Singer/Rapper,57,Eliminated Week 2,11,2.0,0.0,False,221.0,0.0,False,11_Michael Bolton,
11,4,Michael Bolton,Chelsie Hightower,Singer/Rapper,57,Eliminated Week 2,11,2.0,0.0,False,179.0,0.0,False,11_Michael Bolton,
11,5,Michael Bolton,Chelsie Hightower,Singer/Rapper,57,Eliminated Week 2,11,2.0,0.0,False,182.0,0.0,False,11_Michael Bolton,
11,6,Michael Bolton,Chelsie Hightower,Singer/Rapper,57,Eliminated Week 2,11,2.0,0.0,False,206.9993,0.0,False,11_Michael Bolton,
11,7,Michael Bolton,Chelsie Hightower,Singer/Rapper,57,Eliminated Week 2,11,2.0,0.0,False,208.5,0.0,False,11_Michael Bolton,
11,8,Michael Bolton,Chelsie Hightower,Singer/Rapper,57,Eliminated Week 2,11,2.0,0.0,False,132.5,0.0,False,11_Michael Bolton,
11,9,Michael Bolton,Chelsie Hightower,Singer/Rapper,57,Eliminated Week 2,11,2.0,0.0,False,114.0,0.0,False,11_Michael Bolton,
11,10,Michael Bolton,Chelsie Hightower,Singer/Rapper,57,Eliminated Week 2,11,2.0,0.0,False,82.9998,0.0,False,11_Michael Bolton,
11,1,Brandy,Maksim Chmerkoskiy,Singer/Rapper,31,Eliminated Week 9,4,9.0,23.0,True,227.0,0.1013215859030837,False,11_Brandy,0.0006767171392148
11,1,Brandy,Maksim Chmerkoskiy,Singer/Rapper,31,Eliminated Week 9,4,9.0,23.0,True,227.0,0.1013215859030837,False,11_Brandy,0.0006767171392148
11,2,Brandy,Maksim Chmerkoskiy,Singer/Rapper,31,Eliminated Week 9,4,9.0,21.0,True,221.0,0.0950226244343891,False,11_Brandy,0.0007499422202907
11,2,Brandy,Maksim Chmerkoskiy,Singer/Rapper,31,Eliminated Week 9,4,9.0,21.0,True,221.0,0.0950226244343891,False,11_Brandy,0.0007499422202907
11,3,Brandy,Maksim Chmerkoskiy,Singer/Rapper,31,Eliminated Week 9,4,9.0,24.0,True,221.0,0.1085972850678733,False,11_Brandy,0.0004636994739902
11,3,Brandy,Maksim Chmerkoskiy,Singer/Rapper,31,Eliminated Week 9,4,9.0,24.0,True,221.0,0.1085972850678733,False,11_Brandy,0.0004636994739902
11,4,Brandy,Maksim Chmerkoskiy,Singer/Rapper,31,Eliminated Week 9,4,9.0,24.0,True,179.0,0.1340782122905028,False,11_Brandy,0.0004751111407228
11,4,Brandy,Maksim Chmerkoskiy,Singer/Rapper,31,Eliminated Week 9,4,9.0,24.0,True,179.0,0.1340782122905028,False,11_Brandy,0.0004751111407228
11,5,Brandy,Maksim Chmerkoskiy,Singer/Rapper,31,Eliminated Week 9,4,9.0,27.0,True,182.0,0.1483516483516483,False,11_Brandy,0.0002344287875792
11,5,Brandy,Maksim Chmerkoskiy,Singer/Rapper,31,Eliminated Week 9,4,9.0,27.0,True,182.0,0.1483516483516483,False,11_Brandy,0.0002344287875792
11,6,Brandy,Maksim Chmerkoskiy,Singer/Rapper,31,Eliminated Week 9,4,9.0,35.9999,True,206.9993,0.1739131484985698,False,11_Brandy,4.4688546889898416e-17
11,6,Brandy,Maksim Chmerkoskiy,Singer/Rapper,31,Eliminated Week 9,4,9.0,35.9999,True,206.9993,0.1739131484985698,False,11_Brandy,4.4688546889898416e-17
11,7,Brandy,Maksim Chmerkoskiy,Singer/Rapper,31,Eliminated Week 9,4,9.0,36.5,True,208.5,0.1750599520383693,False,11_Brandy,0.0001064270687895
11,7,Brandy,Maksim Chmerkoskiy,Singer/Rapper,31,Eliminated Week 9,4,9.0,36.5,True,208.5,0.1750599520383693,False,11_Brandy,0.0001064270687895
11,8,Brandy,Maksim Chmerkoskiy,Singer/Rapper,31,Eliminated Week 9,4,9.0,28.5,True,132.5,0.2150943396226415,False,11_Brandy,0.00153959359635
11,8,Brandy,Maksim Chmerkoskiy,Singer/Rapper,31,Eliminated Week 9,4,9.0,28.5,True,132.5,0.2150943396226415,False,11_Brandy,0.00153959359635
11,9,Brandy,Maksim Chmerkoskiy,Singer/Rapper,31,Eliminated Week 9,4,9.0,28.5,True,114.0,0.25,True,11_Brandy,0.008355781278171
11,9,Brandy,Maksim Chmerkoskiy,Singer/Rapper,31,Eliminated Week 9,4,9.0,28.5,True,114.0,0.25,True,11_Brandy,0.008355781278171
11,10,Brandy,Maksim Chmerkoskiy,Singer/Rapper,31,Eliminated Week 9,4,9.0,0.0,False,82.9998,0.0,False,11_Brandy,
11,1,The Situation,Karina Smirnoff,TV Personality,28,Eliminated Week 4,9,4.0,15.0,True,227.0,0.066079295154185,False,11_The Situation,0.0020089742799438
11,1,The Situation,Karina Smirnoff,TV Personality,28,Eliminated Week 4,9,4.0,15.0,True,227.0,0.066079295154185,False,11_The Situation,0.0020089742799438
11,2,The Situation,Karina Smirnoff,TV Personality,28,Eliminated Week 4,9,4.0,18.0,True,221.0,0.0814479638009049,False,11_The Situation,0.0018879401430683
11,2,The Situation,Karina Smirnoff,TV Personality,28,Eliminated Week 4,9,4.0,18.0,True,221.0,0.0814479638009049,False,11_The Situation,0.0018879401430683
11,3,The Situation,Karina Smirnoff,TV Personality,28,Eliminated Week 4,9,4.0,20.0,True,221.0,0.090497737556561,False,11_The Situation,0.0021153475472012
11,3,The Situation,Karina Smirnoff,TV Personality,28,Eliminated Week 4,9,4.0,20.0,True,221.0,0.090497737556561,False,11_The Situation,0.0021153475472012
11,4,The Situation,Karina Smirnoff,TV Personality,28,Eliminated Week 4,9,4.0,14.0,True,179.0,0.0782122905027933,True,11_The Situation,0.0018138963234759
11,4,The Situation,Karina Smirnoff,TV Personality,28,Eliminated Week 4,9,4.0,14.0,True,179.0,0.0782122905027933,True,11_The Situation,0.0018138963234759
11,5,The Situation,Karina Smirnoff,TV Personality,28,Eliminated Week 4,9,4.0,0.0,False,182.0,0.0,False,11_The Situation,
11,6,The Situation,Karina Smirnoff,TV Personality,28,Eliminated Week 4,9,4.0,0.0,False,206.9993,0.0,False,11_The Situation,
11,7,The Situation,Karina Smirnoff,TV Personality,28,Eliminated Week 4,9,4.0,0.0,False,208.5,0.0,False,11_The Situation,
11,8,The Situation,Karina Smirnoff,TV Personality,28,Eliminated Week 4,9,4.0,0.0,False,132.5,0.0,False,11_The Situation,
11,9,The Situation,Karina Smirnoff,TV Personality,28,Eliminated Week 4,9,4.0,0.0,False,114.0,0.0,False,11_The Situation,
11,10,The Situation,Karina Smirnoff,TV Personality,28,Eliminated Week 4,9,4.0,0.0,False,82.9998,0.0,False,11_The Situation,
11,1,Audrina Patridge,Tony Dovolani,TV Personality,25,Eliminated Week 6,7,6.0,19.0,True,227.0,0.0837004405286343,False,11_Audrina Patridge,0.0006434175770073
11,1,Audrina Patridge,Tony Dovolani,TV Personality,25,Eliminated Week 6,7,6.0,19.0,True,227.0,0.0837004405286343,False,11_Audrina Patridge,0.0006434175770073
11,2,Audrina Patridge,Tony Dovolani,TV Personality,25,Eliminated Week 6,7,6.0,23.0,True,221.0,0.1040723981900452,False,11_Audrina Patridge,0.0005994920762903
11,2,Audrina Patridge,Tony Dovolani,TV Personality,25,Eliminated Week 6,7,6.0,23.0,True,221.0,0.1040723981900452,False,11_Audrina Patridge,0.0005994920762903
11,3,Audrina Patridge,Tony Dovolani,TV Personality,25,Eliminated Week 6,7,6.0,26.0,True,221.0,0.1176470588235294,False,11_Audrina Patridge,0.0004932363513461
11,3,Audrina Patridge,Tony Dovolani,TV Personality,25,Eliminated Week 6,7,6.0,26.0,True,221.0,0.1176470588235294,False,11_Audrina Patridge,0.0004932363513461
11,4,Audrina Patridge,Tony Dovolani,TV Personality,25,Eliminated Week 6,7,6.0,23.0,True,179.0,0.1284916201117318,False,11_Audrina Patridge,0.0003753056703452
11,4,Audrina Patridge,Tony Dovolani,TV Personality,25,Eliminated Week 6,7,6.0,23.0,True,179.0,0.1284916201117318,False,11_Audrina Patridge,0.0003753056703452
11,5,Audrina Patridge,Tony Dovolani,TV Personality,25,Eliminated Week 6,7,6.0,23.0,True,182.0,0.1263736263736263,False,11_Audrina Patridge,0.0003701204929928
11,5,Audrina Patridge,Tony Dovolani,TV Personality,25,Eliminated Week 6,7,6.0,23.0,True,182.0,0.1263736263736263,False,11_Audrina Patridge,0.0003701204929928
11,6,Audrina Patridge,Tony Dovolani,TV Personality,25,Eliminated Week 6,7,6.0,31.9998,True,206.9993,0.1545889285615941,True,11_Audrina Patridge,1.6520159559422186e-17
11,6,Audrina Patridge,Tony Dovolani,TV Personality,25,Eliminated Week 6,7,6.0,31.9998,True,206.9993,0.1545889285615941,True,11_Audrina Patridge,1.6520159559422186e-17
11,7,Audrina Patridge,Tony Dovolani,TV Personality,25,Eliminated Week 6,7,6.0,0.0,False,208.5,0.0,False,11_Audrina Patridge,
11,8,Audrina Patridge,Tony Dovolani,TV Personality,25,Eliminated Week 6,7,6.0,0.0,False,132.5,0.0,False,11_Audrina Patridge,
11,9,Audrina Patridge,Tony Dovolani,TV Personality,25,Eliminated Week 6,7,6.0,0.0,False,114.0,0.0,False,11_Audrina Patridge,
11,10,Audrina Patridge,Tony Dovolani,TV Personality,25,Eliminated Week 6,7,6.0,0.0,False,82.9998,0.0,False,11_Audrina Patridge,
11,1,Bristol Palin,Mark Ballas,TV Personality,19,3rd Place,3,,18.0,True,227.0,0.079295154185022,False,11_Bristol Palin,0.3129429914738567
11,1,Bristol Palin,Mark Ballas,TV Personality,19,3rd Place,3,,18.0,True,227.0,0.079295154185022,False,11_Bristol Palin,0.3129429914738567
11,2,Bristol Palin,Mark Ballas,TV Personality,19,3rd Place,3,,22.0,True,221.0,0.0995475113122171,False,11_Bristol Palin,0.3130606899103705
11,2,Bristol Palin,Mark Ballas,TV Personality,19,3rd Place,3,,22.0,True,221.0,0.0995475113122171,False,11_Bristol Palin,0.3130606899103705
11,3,Bristol Palin,Mark Ballas,TV Personality,19,3rd Place,3,,19.0,True,221.0,0.085972850678733,False,11_Bristol Palin,0.3132048475309964
11,3,Bristol Palin,Mark Ballas,TV Personality,19,3rd Place,3,,19.0,True,221.0,0.085972850678733,False,11_Bristol Palin,0.3132048475309964
11,4,Bristol Palin,Mark Ballas,TV Personality,19,3rd Place,3,,16.0,True,179.0,0.0893854748603352,False,11_Bristol Palin,0.31343697289202
11,4,Bristol Palin,Mark Ballas,TV Personality,19,3rd Place,3,,16.0,True,179.0,0.0893854748603352,False,11_Bristol Palin,0.31343697289202
11,5,Bristol Palin,Mark Ballas,TV Personality,19,3rd Place,3,,18.0,True,182.0,0.0989010989010989,False,11_Bristol Palin,0.3136348790846628
11,5,Bristol Palin,Mark Ballas,TV Personality,19,3rd Place,3,,18.0,True,182.0,0.0989010989010989,False,11_Bristol Palin,0.3136348790846628
11,6,Bristol Palin,Mark Ballas,TV Personality,19,3rd Place,3,,27.9998,True,206.9993,0.1352651917180396,False,11_Bristol Palin,0.314056935551784
11,6,Bristol Palin,Mark Ballas,TV Personality,19,3rd Place,3,,27.9998,True,206.9993,0.1352651917180396,False,11_Bristol Palin,0.314056935551784
11,7,Bristol Palin,Mark Ballas,TV Personality,19,3rd Place,3,,32.5,True,208.5,0.1558752997601918,False,11_Bristol Palin,0.3168702889644685
11,7,Bristol Palin,Mark Ballas,TV Personality,19,3rd Place,3,,32.5,True,208.5,0.1558752997601918,False,11_Bristol Palin,0.3168702889644685
11,8,Bristol Palin,Mark Ballas,TV Personality,19,3rd Place,3,,23.5,True,132.5,0.1773584905660377,False,11_Bristol Palin,0.3209792438850881
11,8,Bristol Palin,Mark Ballas,TV Personality,19,3rd Place,3,,23.5,True,132.5,0.1773584905660377,False,11_Bristol Palin,0.3209792438850881
11,9,Bristol Palin,Mark Ballas,TV Personality,19,3rd Place,3,,26.5,True,114.0,0.2324561403508772,False,11_Bristol Palin,0.3305480874867111
11,9,Bristol Palin,Mark Ballas,TV Personality,19,3rd Place,3,,26.5,True,114.0,0.2324561403508772,False,11_Bristol Palin,0.3305480874867111
11,10,Bristol Palin,Mark Ballas,TV Personality,19,3rd Place,3,,25.666600000000003,True,82.9998,0.3092368897274452,False,11_Bristol Palin,0.3333333290577078
11,10,Bristol Palin,Mark Ballas,TV Personality,19,3rd Place,3,,25.666600000000003,True,82.9998,0.3092368897274452,False,11_Bristol Palin,0.3333333290577078
12,1,Ralph Macchio,Karina Smirnoff,Actor/Actress,49,Eliminated Week 9,4,9.0,24.0,True,207.0,0.1159420289855072,False,12_Ralph Macchio,0.0195918379290249
12,1,Ralph Macchio,Karina Smirnoff,Actor/Actress,49,Eliminated Week 9,4,9.0,24.0,True,207.0,0.1159420289855072,False,12_Ralph Macchio,0.0195918379290249
12,2,Ralph Macchio,Karina Smirnoff,Actor/Actress,49,Eliminated Week 9,4,9.0,21.0,True,216.0,0.0972222222222222,False,12_Ralph Macchio,0.0195953387602384
12,2,Ralph Macchio,Karina Smirnoff,Actor/Actress,49,Eliminated Week 9,4,9.0,21.0,True,216.0,0.0972222222222222,False,12_Ralph Macchio,0.0195953387602384
12,3,Ralph Macchio,Karina Smirnoff,Actor/Actress,49,Eliminated Week 9,4,9.0,21.0,True,214.0,0.0981308411214953,False,12_Ralph Macchio,0.0195867396198771
12,3,Ralph Macchio,Karina Smirnoff,Actor/Actress,49,Eliminated Week 9,4,9.0,21.0,True,214.0,0.0981308411214953,False,12_Ralph Macchio,0.0195867396198771
12,4,Ralph Macchio,Karina Smirnoff,Actor/Actress,49,Eliminated Week 9,4,9.0,25.0,True,206.0,0.1213592233009708,False,12_Ralph Macchio,0.0195447253685845
12,4,Ralph Macchio,Karina Smirnoff,Actor/Actress,49,Eliminated Week 9,4,9.0,25.0,True,206.0,0.1213592233009708,False,12_Ralph Macchio,0.0195447253685845
12,5,Ralph Macchio,Karina Smirnoff,Actor/Actress,49,Eliminated Week 9,4,9.0,22.0,True,194.0,0.1134020618556701,False,12_Ralph Macchio,0.0203249338388932
12,5,Ralph Macchio,Karina Smirnoff,Actor/Actress,49,Eliminated Week 9,4,9.0,22.0,True,194.0,0.1134020618556701,False,12_Ralph Macchio,0.0203249338388932
12,6,Ralph Macchio,Karina Smirnoff,Actor/Actress,49,Eliminated Week 9,4,9.0,24.0,True,180.0,0.1333333333333333,False,12_Ralph Macchio,0.0211307992740985
12,6,Ralph Macchio,Karina Smirnoff,Actor/Actress,49,Eliminated Week 9,4,9.0,24.0,True,180.0,0.1333333333333333,False,12_Ralph Macchio,0.0211307992740985
12,7,Ralph Macchio,Karina Smirnoff,Actor/Actress,49,Eliminated Week 9,4,9.0,33.0,True,188.5,0.1750663129973474,False,12_Ralph Macchio,0.0221269289684682
12,7,Ralph Macchio,Karina Smirnoff,Actor/Actress,49,Eliminated Week 9,4,9.0,33.0,True,188.5,0.1750663129973474,False,12_Ralph Macchio,0.0221269289684682
12,8,Ralph Macchio,Karina Smirnoff,Actor/Actress,49,Eliminated Week 9,4,9.0,23.0,True,130.0,0.1769230769230769,False,12_Ralph Macchio,0.0230478727765654
12,8,Ralph Macchio,Karina Smirnoff,Actor/Actress,49,Eliminated Week 9,4,9.0,23.0,True,130.0,0.1769230769230769,False,12_Ralph Macchio,0.0230478727765654
12,9,Ralph Macchio,Karina Smirnoff,Actor/Actress,49,Eliminated Week 9,4,9.0,24.0,True,117.5,0.2042553191489361,True,12_Ralph Macchio,0.0184172368070914
12,9,Ralph Macchio,Karina Smirnoff,Actor/Actress,49,Eliminated Week 9,4,9.0,24.0,True,117.5,0.2042553191489361,True,12_Ralph Macchio,0.0184172368070914
12,10,Ralph Macchio,Karina Smirnoff,Actor/Actress,49,Eliminated Week 9,4,9.0,0.0,False,87.3331,0.0,False,12_Ralph Macchio,
12,1,Chelsea Kane,Mark Ballas,Actor/Actress,22,3rd Place,3,,21.0,True,207.0,0.1014492753623188,False,12_Chelsea Kane,0.3217625399318086
12,1,Chelsea Kane,Mark Ballas,Actor/Actress,22,3rd Place,3,,21.0,True,207.0,0.1014492753623188,False,12_Chelsea Kane,0.3217625399318086
12,2,Chelsea Kane,Mark Ballas,Actor/Actress,22,3rd Place,3,,18.0,True,216.0,0.0833333333333333,False,12_Chelsea Kane,0.3218260572178535
12,2,Chelsea Kane,Mark Ballas,Actor/Actress,22,3rd Place,3,,18.0,True,216.0,0.0833333333333333,False,12_Chelsea Kane,0.3218260572178535
12,3,Chelsea Kane,Mark Ballas,Actor/Actress,22,3rd Place,3,,23.0,True,214.0,0.1074766355140186,False,12_Chelsea Kane,0.3217772209565843
12,3,Chelsea Kane,Mark Ballas,Actor/Actress,22,3rd Place,3,,23.0,True,214.0,0.1074766355140186,False,12_Chelsea Kane,0.3217772209565843
12,4,Chelsea Kane,Mark Ballas,Actor/Actress,22,3rd Place,3,,26.0,True,206.0,0.1262135922330097,False,12_Chelsea Kane,0.321884068520555
12,4,Chelsea Kane,Mark Ballas,Actor/Actress,22,3rd Place,3,,26.0,True,206.0,0.1262135922330097,False,12_Chelsea Kane,0.321884068520555
12,5,Chelsea Kane,Mark Ballas,Actor/Actress,22,3rd Place,3,,26.0,True,194.0,0.134020618556701,False,12_Chelsea Kane,0.3228103441832594
12,5,Chelsea Kane,Mark Ballas,Actor/Actress,22,3rd Place,3,,26.0,True,194.0,0.134020618556701,False,12_Chelsea Kane,0.3228103441832594
12,6,Chelsea Kane,Mark Ballas,Actor/Actress,22,3rd Place,3,,28.0,True,180.0,0.1555555555555555,False,12_Chelsea Kane,0.3237403743350155
12,6,Chelsea Kane,Mark Ballas,Actor/Actress,22,3rd Place,3,,28.0,True,180.0,0.1555555555555555,False,12_Chelsea Kane,0.3237403743350155
12,7,Chelsea Kane,Mark Ballas,Actor/Actress,22,3rd Place,3,,32.0,True,188.5,0.169761273209549,False,12_Chelsea Kane,0.324628919628686
12,7,Chelsea Kane,Mark Ballas,Actor/Actress,22,3rd Place,3,,32.0,True,188.5,0.169761273209549,False,12_Chelsea Kane,0.324628919628686
12,8,Chelsea Kane,Mark Ballas,Actor/Actress,22,3rd Place,3,,27.5,True,130.0,0.2115384615384615,False,12_Chelsea Kane,0.3256507111651163
12,8,Chelsea Kane,Mark Ballas,Actor/Actress,22,3rd Place,3,,27.5,True,130.0,0.2115384615384615,False,12_Chelsea Kane,0.3256507111651163
12,9,Chelsea Kane,Mark Ballas,Actor/Actress,22,3rd Place,3,,36.5,True,117.5,0.3106382978723404,False,12_Chelsea Kane,0.327194253224082
12,9,Chelsea Kane,Mark Ballas,Actor/Actress,22,3rd Place,3,,36.5,True,117.5,0.3106382978723404,False,12_Chelsea Kane,0.327194253224082
12,10,Chelsea Kane,Mark Ballas,Actor/Actress,22,3rd Place,3,,29.666600000000003,True,87.3331,0.3396948007112996,False,12_Chelsea Kane,0.3333333340162351
12,10,Chelsea Kane,Mark Ballas,Actor/Actress,22,3rd Place,3,,29.666600000000003,True,87.3331,0.3396948007112996,False,12_Chelsea Kane,0.3333333340162351
12,1,Kirstie Alley,Maksim Chmerkoskiy,Actor/Actress,60,2nd Place,2,,23.0,True,207.0,0.1111111111111111,False,12_Kirstie Alley,0.3217625399764095
12,1,Kirstie Alley,Maksim Chmerkoskiy,Actor/Actress,60,2nd Place,2,,23.0,True,207.0,0.1111111111111111,False,12_Kirstie Alley,0.3217625399764095
12,2,Kirstie Alley,Maksim Chmerkoskiy,Actor/Actress,60,2nd Place,2,,20.0,True,216.0,0.0925925925925925,False,12_Kirstie Alley,0.3218260554044965
12,2,Kirstie Alley,Maksim Chmerkoskiy,Actor/Actress,60,2nd Place,2,,20.0,True,216.0,0.0925925925925925,False,12_Kirstie Alley,0.3218260554044965
12,3,Kirstie Alley,Maksim Chmerkoskiy,Actor/Actress,60,2nd Place,2,,21.0,True,214.0,0.0981308411214953,False,12_Kirstie Alley,0.3217772224012669
12,3,Kirstie Alley,Maksim Chmerkoskiy,Actor/Actress,60,2nd Place,2,,21.0,True,214.0,0.0981308411214953,False,12_Kirstie Alley,0.3217772224012669
12,4,Kirstie Alley,Maksim Chmerkoskiy,Actor/Actress,60,2nd Place,2,,22.0,True,206.0,0.1067961165048543,False,12_Kirstie Alley,0.3218840657524835
12,4,Kirstie Alley,Maksim Chmerkoskiy,Actor/Actress,60,2nd Place,2,,22.0,True,206.0,0.1067961165048543,False,12_Kirstie Alley,0.3218840657524835
12,5,Kirstie Alley,Maksim Chmerkoskiy,Actor/Actress,60,2nd Place,2,,23.0,True,194.0,0.1185567010309278,False,12_Kirstie Alley,0.3228103465238089
12,5,Kirstie Alley,Maksim Chmerkoskiy,Actor/Actress,60,2nd Place,2,,23.0,True,194.0,0.1185567010309278,False,12_Kirstie Alley,0.3228103465238089
12,6,Kirstie Alley,Maksim Chmerkoskiy,Actor/Actress,60,2nd Place,2,,26.0,True,180.0,0.1444444444444444,False,12_Kirstie Alley,0.3237403709001291
12,6,Kirstie Alley,Maksim Chmerkoskiy,Actor/Actress,60,2nd Place,2,,26.0,True,180.0,0.1444444444444444,False,12_Kirstie Alley,0.3237403709001291
12,7,Kirstie Alley,Maksim Chmerkoskiy,Actor/Actress,60,2nd Place,2,,30.0,True,188.5,0.1591511936339522,False,12_Kirstie Alley,0.3246289216679276
12,7,Kirstie Alley,Maksim Chmerkoskiy,Actor/Actress,60,2nd Place,2,,30.0,True,188.5,0.1591511936339522,False,12_Kirstie Alley,0.3246289216679276
12,8,Kirstie Alley,Maksim Chmerkoskiy,Actor/Actress,60,2nd Place,2,,26.5,True,130.0,0.2038461538461538,False,12_Kirstie Alley,0.3256507087865387
12,8,Kirstie Alley,Maksim Chmerkoskiy,Actor/Actress,60,2nd Place,2,,26.5,True,130.0,0.2038461538461538,False,12_Kirstie Alley,0.3256507087865387
12,9,Kirstie Alley,Maksim Chmerkoskiy,Actor/Actress,60,2nd Place,2,,27.0,True,117.5,0.2297872340425532,False,12_Kirstie Alley,0.3271942541754685
12,9,Kirstie Alley,Maksim Chmerkoskiy,Actor/Actress,60,2nd Place,2,,27.0,True,117.5,0.2297872340425532,False,12_Kirstie Alley,0.3271942541754685
12,10,Kirstie Alley,Maksim Chmerkoskiy,Actor/Actress,60,2nd Place,2,,27.999899999999997,True,87.3331,0.3206103985774007,False,12_Kirstie Alley,0.3333333329662973
12,10,Kirstie Alley,Maksim Chmerkoskiy,Actor/Actress,60,2nd Place,2,,27.999899999999997,True,87.3331,0.3206103985774007,False,12_Kirstie Alley,0.3333333329662973
12,1,Hines Ward,Kym Johnson,Athlete,35,1st Place,1,,21.0,True,207.0,0.1014492753623188,False,12_Hines Ward,0.3217625407959375
12,1,Hines Ward,Kym Johnson,Athlete,35,1st Place,1,,21.0,True,207.0,0.1014492753623188,False,12_Hines Ward,0.3217625407959375
12,2,Hines Ward,Kym Johnson,Athlete,35,1st Place,1,,23.0,True,216.0,0.1064814814814814,False,12_Hines Ward,0.321826054652686
12,2,Hines Ward,Kym Johnson,Athlete,35,1st Place,1,,23.0,True,216.0,0.1064814814814814,False,12_Hines Ward,0.321826054652686
12,3,Hines Ward,Kym Johnson,Athlete,35,1st Place,1,,25.0,True,214.0,0.116822429906542,False,12_Hines Ward,0.3217772248123413
12,3,Hines Ward,Kym Johnson,Athlete,35,1st Place,1,,25.0,True,214.0,0.116822429906542,False,12_Hines Ward,0.3217772248123413
12,4,Hines Ward,Kym Johnson,Athlete,35,1st Place,1,,25.0,True,206.0,0.1213592233009708,False,12_Hines Ward,0.3218840636776895
12,4,Hines Ward,Kym Johnson,Athlete,35,1st Place,1,,25.0,True,206.0,0.1213592233009708,False,12_Hines Ward,0.3218840636776895
12,5,Hines Ward,Kym Johnson,Athlete,35,1st Place,1,,27.0,True,194.0,0.1391752577319587,False,12_Hines Ward,0.3228103496553193
12,5,Hines Ward,Kym Johnson,Athlete,35,1st Place,1,,27.0,True,194.0,0.1391752577319587,False,12_Hines Ward,0.3228103496553193
12,6,Hines Ward,Kym Johnson,Athlete,35,1st Place,1,,27.0,True,180.0,0.15,False,12_Hines Ward,0.3237403686790783
12,6,Hines Ward,Kym Johnson,Athlete,35,1st Place,1,,27.0,True,180.0,0.15,False,12_Hines Ward,0.3237403686790783
12,7,Hines Ward,Kym Johnson,Athlete,35,1st Place,1,,33.0,True,188.5,0.1750663129973474,False,12_Hines Ward,0.3246289245585325
12,7,Hines Ward,Kym Johnson,Athlete,35,1st Place,1,,33.0,True,188.5,0.1750663129973474,False,12_Hines Ward,0.3246289245585325
12,8,Hines Ward,Kym Johnson,Athlete,35,1st Place,1,,27.0,True,130.0,0.2076923076923077,False,12_Hines Ward,0.3256507072717795
12,8,Hines Ward,Kym Johnson,Athlete,35,1st Place,1,,27.0,True,130.0,0.2076923076923077,False,12_Hines Ward,0.3256507072717795
12,9,Hines Ward,Kym Johnson,Athlete,35,1st Place,1,,30.0,True,117.5,0.2553191489361702,False,12_Hines Ward,0.327194255793358
12,9,Hines Ward,Kym Johnson,Athlete,35,1st Place,1,,30.0,True,117.5,0.2553191489361702,False,12_Hines Ward,0.327194255793358
12,10,Hines Ward,Kym Johnson,Athlete,35,1st Place,1,,29.666600000000003,True,87.3331,0.3396948007112996,False,12_Hines Ward,0.3333333330174677
12,10,Hines Ward,Kym Johnson,Athlete,35,1st Place,1,,29.666600000000003,True,87.3331,0.3396948007112996,False,12_Hines Ward,0.3333333330174677
12,1,Sugar Ray Leonard,Anna Trebunskaya,Athlete,54,Eliminated Week 4,9,4.0,17.0,True,207.0,0.0821256038647343,False,12_Sugar Ray Leonard,0.0002189029134254
12,1,Sugar Ray Leonard,Anna Trebunskaya,Athlete,54,Eliminated Week 4,9,4.0,17.0,True,207.0,0.0821256038647343,False,12_Sugar Ray Leonard,0.0002189029134254
12,2,Sugar Ray Leonard,Anna Trebunskaya,Athlete,54,Eliminated Week 4,9,4.0,17.0,True,216.0,0.0787037037037037,False,12_Sugar Ray Leonard,0.0001884892437332
12,2,Sugar Ray Leonard,Anna Trebunskaya,Athlete,54,Eliminated Week 4,9,4.0,17.0,True,216.0,0.0787037037037037,False,12_Sugar Ray Leonard,0.0001884892437332
12,3,Sugar Ray Leonard,Anna Trebunskaya,Athlete,54,Eliminated Week 4,9,4.0,20.0,True,214.0,0.0934579439252336,False,12_Sugar Ray Leonard,0.0001614141369047
12,3,Sugar Ray Leonard,Anna Trebunskaya,Athlete,54,Eliminated Week 4,9,4.0,20.0,True,214.0,0.0934579439252336,False,12_Sugar Ray Leonard,0.0001614141369047
12,4,Sugar Ray Leonard,Anna Trebunskaya,Athlete,54,Eliminated Week 4,9,4.0,21.0,True,206.0,0.1019417475728155,True,12_Sugar Ray Leonard,2.7369444429407072e-18
12,4,Sugar Ray Leonard,Anna Trebunskaya,Athlete,54,Eliminated Week 4,9,4.0,21.0,True,206.0,0.1019417475728155,True,12_Sugar Ray Leonard,2.7369444429407072e-18
12,5,Sugar Ray Leonard,Anna Trebunskaya,Athlete,54,Eliminated Week 4,9,4.0,0.0,False,194.0,0.0,False,12_Sugar Ray Leonard,
12,6,Sugar Ray Leonard,Anna Trebunskaya,Athlete,54,Eliminated Week 4,9,4.0,0.0,False,180.0,0.0,False,12_Sugar Ray Leonard,
12,7,Sugar Ray Leonard,Anna Trebunskaya,Athlete,54,Eliminated Week 4,9,4.0,0.0,False,188.5,0.0,False,12_Sugar Ray Leonard,
12,8,Sugar Ray Leonard,Anna Trebunskaya,Athlete,54,Eliminated Week 4,9,4.0,0.0,False,130.0,0.0,False,12_Sugar Ray Leonard,
12,9,Sugar Ray Leonard,Anna Trebunskaya,Athlete,54,Eliminated Week 4,9,4.0,0.0,False,117.5,0.0,False,12_Sugar Ray Leonard,
12,10,Sugar Ray Leonard,Anna Trebunskaya,Athlete,54,Eliminated Week 4,9,4.0,0.0,False,87.3331,0.0,False,12_Sugar Ray Leonard,
12,1,Chris Jericho,Cheryl Burke,Athlete,40,Eliminated Week 6,7,6.0,19.0,True,207.0,0.0917874396135265,False,12_Chris Jericho,7.093729398624814e-18
12,1,Chris Jericho,Cheryl Burke,Athlete,40,Eliminated Week 6,7,6.0,19.0,True,207.0,0.0917874396135265,False,12_Chris Jericho,7.093729398624814e-18
12,2,Chris Jericho,Cheryl Burke,Athlete,40,Eliminated Week 6,7,6.0,23.0,True,216.0,0.1064814814814814,False,12_Chris Jericho,8.146700865829324e-05
12,2,Chris Jericho,Cheryl Burke,Athlete,40,Eliminated Week 6,7,6.0,23.0,True,216.0,0.1064814814814814,False,12_Chris Jericho,8.146700865829324e-05
12,3,Chris Jericho,Cheryl Burke,Athlete,40,Eliminated Week 6,7,6.0,21.0,True,214.0,0.0981308411214953,False,12_Chris Jericho,7.419564661899338e-05
12,3,Chris Jericho,Cheryl Burke,Athlete,40,Eliminated Week 6,7,6.0,21.0,True,214.0,0.0981308411214953,False,12_Chris Jericho,7.419564661899338e-05
12,4,Chris Jericho,Cheryl Burke,Athlete,40,Eliminated Week 6,7,6.0,23.0,True,206.0,0.1116504854368932,False,12_Chris Jericho,2.641291537388168e-17
12,4,Chris Jericho,Cheryl Burke,Athlete,40,Eliminated Week 6,7,6.0,23.0,True,206.0,0.1116504854368932,False,12_Chris Jericho,2.641291537388168e-17
12,5,Chris Jericho,Cheryl Burke,Athlete,40,Eliminated Week 6,7,6.0,26.0,True,194.0,0.134020618556701,False,12_Chris Jericho,0.0001637383245773
12,5,Chris Jericho,Cheryl Burke,Athlete,40,Eliminated Week 6,7,6.0,26.0,True,194.0,0.134020618556701,False,12_Chris Jericho,0.0001637383245773
12,6,Chris Jericho,Cheryl Burke,Athlete,40,Eliminated Week 6,7,6.0,22.0,True,180.0,0.1222222222222222,True,12_Chris Jericho,0.0001102599207693
12,6,Chris Jericho,Cheryl Burke,Athlete,40,Eliminated Week 6,7,6.0,22.0,True,180.0,0.1222222222222222,True,12_Chris Jericho,0.0001102599207693
12,7,Chris Jericho,Cheryl Burke,Athlete,40,Eliminated Week 6,7,6.0,0.0,False,188.5,0.0,False,12_Chris Jericho,
12,8,Chris Jericho,Cheryl Burke,Athlete,40,Eliminated Week 6,7,6.0,0.0,False,130.0,0.0,False,12_Chris Jericho,
12,9,Chris Jericho,Cheryl Burke,Athlete,40,Eliminated Week 6,7,6.0,0.0,False,117.5,0.0,False,12_Chris Jericho,
12,10,Chris Jericho,Cheryl Burke,Athlete,40,Eliminated Week 6,7,6.0,0.0,False,87.3331,0.0,False,12_Chris Jericho,
12,1,Petra Nemcova,Dmitry Chaplin,Model,31,Eliminated Week 5,8,5.0,18.0,True,207.0,0.0869565217391304,False,12_Petra Nemcova,0.0001246045918363
12,1,Petra Nemcova,Dmitry Chaplin,Model,31,Eliminated Week 5,8,5.0,18.0,True,207.0,0.0869565217391304,False,12_Petra Nemcova,0.0001246045918363
12,2,Petra Nemcova,Dmitry Chaplin,Model,31,Eliminated Week 5,8,5.0,18.0,True,216.0,0.0833333333333333,False,12_Petra Nemcova,6.126045442943933e-05
12,2,Petra Nemcova,Dmitry Chaplin,Model,31,Eliminated Week 5,8,5.0,18.0,True,216.0,0.0833333333333333,False,12_Petra Nemcova,6.126045442943933e-05
12,3,Petra Nemcova,Dmitry Chaplin,Model,31,Eliminated Week 5,8,5.0,25.0,True,214.0,0.116822429906542,False,12_Petra Nemcova,3.9803529351342096e-05
12,3,Petra Nemcova,Dmitry Chaplin,Model,31,Eliminated Week 5,8,5.0,25.0,True,214.0,0.116822429906542,False,12_Petra Nemcova,3.9803529351342096e-05
12,4,Petra Nemcova,Dmitry Chaplin,Model,31,Eliminated Week 5,8,5.0,23.0,True,206.0,0.1116504854368932,False,12_Petra Nemcova,1.3366549414706325e-17
12,4,Petra Nemcova,Dmitry Chaplin,Model,31,Eliminated Week 5,8,5.0,23.0,True,206.0,0.1116504854368932,False,12_Petra Nemcova,1.3366549414706325e-17
12,5,Petra Nemcova,Dmitry Chaplin,Model,31,Eliminated Week 5,8,5.0,22.0,True,194.0,0.1134020618556701,True,12_Petra Nemcova,0.0001278424528022
12,5,Petra Nemcova,Dmitry Chaplin,Model,31,Eliminated Week 5,8,5.0,22.0,True,194.0,0.1134020618556701,True,12_Petra Nemcova,0.0001278424528022
12,6,Petra Nemcova,Dmitry Chaplin,Model,31,Eliminated Week 5,8,5.0,0.0,False,180.0,0.0,False,12_Petra Nemcova,
12,7,Petra Nemcova,Dmitry Chaplin,Model,31,Eliminated Week 5,8,5.0,0.0,False,188.5,0.0,False,12_Petra Nemcova,
12,8,Petra Nemcova,Dmitry Chaplin,Model,31,Eliminated Week 5,8,5.0,0.0,False,130.0,0.0,False,12_Petra Nemcova,
12,9,Petra Nemcova,Dmitry Chaplin,Model,31,Eliminated Week 5,8,5.0,0.0,False,117.5,0.0,False,12_Petra Nemcova,
12,10,Petra Nemcova,Dmitry Chaplin,Model,31,Eliminated Week 5,8,5.0,0.0,False,87.3331,0.0,False,12_Petra Nemcova,
12,1,Mike Catherwood,Lacey Schwimmer,Radio Personality,32,Eliminated Week 2,11,2.0,13.0,True,207.0,0.0628019323671497,False,12_Mike Catherwood,5.468282871655523e-05
12,1,Mike Catherwood,Lacey Schwimmer,Radio Personality,32,Eliminated Week 2,11,2.0,13.0,True,207.0,0.0628019323671497,False,12_Mike Catherwood,5.468282871655523e-05
12,2,Mike Catherwood,Lacey Schwimmer,Radio Personality,32,Eliminated Week 2,11,2.0,17.0,True,216.0,0.0787037037037037,True,12_Mike Catherwood,2.3113454767139457e-05
12,2,Mike Catherwood,Lacey Schwimmer,Radio Personality,32,Eliminated Week 2,11,2.0,17.0,True,216.0,0.0787037037037037,True,12_Mike Catherwood,2.3113454767139457e-05
12,3,Mike Catherwood,Lacey Schwimmer,Radio Personality,32,Eliminated Week 2,11,2.0,0.0,False,214.0,0.0,False,12_Mike Catherwood,
12,4,Mike Catherwood,Lacey Schwimmer,Radio Personality,32,Eliminated Week 2,11,2.0,0.0,False,206.0,0.0,False,12_Mike Catherwood,
12,5,Mike Catherwood,Lacey Schwimmer,Radio Personality,32,Eliminated Week 2,11,2.0,0.0,False,194.0,0.0,False,12_Mike Catherwood,
12,6,Mike Catherwood,Lacey Schwimmer,Radio Personality,32,Eliminated Week 2,11,2.0,0.0,False,180.0,0.0,False,12_Mike Catherwood,
12,7,Mike Catherwood,Lacey Schwimmer,Radio Personality,32,Eliminated Week 2,11,2.0,0.0,False,188.5,0.0,False,12_Mike Catherwood,
12,8,Mike Catherwood,Lacey Schwimmer,Radio Personality,32,Eliminated Week 2,11,2.0,0.0,False,130.0,0.0,False,12_Mike Catherwood,
12,9,Mike Catherwood,Lacey Schwimmer,Radio Personality,32,Eliminated Week 2,11,2.0,0.0,False,117.5,0.0,False,12_Mike Catherwood,
12,10,Mike Catherwood,Lacey Schwimmer,Radio Personality,32,Eliminated Week 2,11,2.0,0.0,False,87.3331,0.0,False,12_Mike Catherwood,
12,1,Romeo,Chelsie Hightower,Singer/Rapper,21,Eliminated Week 8,5,8.0,19.0,True,207.0,0.0917874396135265,False,12_Romeo,7.600899731583318e-05
12,1,Romeo,Chelsie Hightower,Singer/Rapper,21,Eliminated Week 8,5,8.0,19.0,True,207.0,0.0917874396135265,False,12_Romeo,7.600899731583318e-05
12,2,Romeo,Chelsie Hightower,Singer/Rapper,21,Eliminated Week 8,5,8.0,23.0,True,216.0,0.1064814814814814,False,12_Romeo,9.875713147061176e-05
12,2,Romeo,Chelsie Hightower,Singer/Rapper,21,Eliminated Week 8,5,8.0,23.0,True,216.0,0.1064814814814814,False,12_Romeo,9.875713147061176e-05
12,3,Romeo,Chelsie Hightower,Singer/Rapper,21,Eliminated Week 8,5,8.0,20.0,True,214.0,0.0934579439252336,False,12_Romeo,0.0001211491801531
12,3,Romeo,Chelsie Hightower,Singer/Rapper,21,Eliminated Week 8,5,8.0,20.0,True,214.0,0.0934579439252336,False,12_Romeo,0.0001211491801531
12,4,Romeo,Chelsie Hightower,Singer/Rapper,21,Eliminated Week 8,5,8.0,23.0,True,206.0,0.1116504854368932,False,12_Romeo,0.0002569235883597
12,4,Romeo,Chelsie Hightower,Singer/Rapper,21,Eliminated Week 8,5,8.0,23.0,True,206.0,0.1116504854368932,False,12_Romeo,0.0002569235883597
12,5,Romeo,Chelsie Hightower,Singer/Rapper,21,Eliminated Week 8,5,8.0,26.0,True,194.0,0.134020618556701,False,12_Romeo,0.0011626588622559
12,5,Romeo,Chelsie Hightower,Singer/Rapper,21,Eliminated Week 8,5,8.0,26.0,True,194.0,0.134020618556701,False,12_Romeo,0.0011626588622559
12,6,Romeo,Chelsie Hightower,Singer/Rapper,21,Eliminated Week 8,5,8.0,28.0,True,180.0,0.1555555555555555,False,12_Romeo,0.002259363700426
12,6,Romeo,Chelsie Hightower,Singer/Rapper,21,Eliminated Week 8,5,8.0,28.0,True,180.0,0.1555555555555555,False,12_Romeo,0.002259363700426
12,7,Romeo,Chelsie Hightower,Singer/Rapper,21,Eliminated Week 8,5,8.0,30.0,True,188.5,0.1591511936339522,False,12_Romeo,0.0033075221069468
12,7,Romeo,Chelsie Hightower,Singer/Rapper,21,Eliminated Week 8,5,8.0,30.0,True,188.5,0.1591511936339522,False,12_Romeo,0.0033075221069468
12,8,Romeo,Chelsie Hightower,Singer/Rapper,21,Eliminated Week 8,5,8.0,26.0,True,130.0,0.2,True,12_Romeo,1.2361616300157965e-17
12,8,Romeo,Chelsie Hightower,Singer/Rapper,21,Eliminated Week 8,5,8.0,26.0,True,130.0,0.2,True,12_Romeo,1.2361616300157965e-17
12,9,Romeo,Chelsie Hightower,Singer/Rapper,21,Eliminated Week 8,5,8.0,0.0,False,117.5,0.0,False,12_Romeo,
12,10,Romeo,Chelsie Hightower,Singer/Rapper,21,Eliminated Week 8,5,8.0,0.0,False,87.3331,0.0,False,12_Romeo,
12,1,Wendy Williams,Tony Dovolani,TV Personality,46,Eliminated Week 3,10,3.0,14.0,True,207.0,0.0676328502415458,False,12_Wendy Williams,0.0003164427249554
12,1,Wendy Williams,Tony Dovolani,TV Personality,46,Eliminated Week 3,10,3.0,14.0,True,207.0,0.0676328502415458,False,12_Wendy Williams,0.0003164427249554
12,2,Wendy Williams,Tony Dovolani,TV Personality,46,Eliminated Week 3,10,3.0,17.0,True,216.0,0.0787037037037037,False,12_Wendy Williams,0.0002257432217278
12,2,Wendy Williams,Tony Dovolani,TV Personality,46,Eliminated Week 3,10,3.0,17.0,True,216.0,0.0787037037037037,False,12_Wendy Williams,0.0002257432217278
12,3,Wendy Williams,Tony Dovolani,TV Personality,46,Eliminated Week 3,10,3.0,15.0,True,214.0,0.0700934579439252,True,12_Wendy Williams,0.0003314275039262
12,3,Wendy Williams,Tony Dovolani,TV Personality,46,Eliminated Week 3,10,3.0,15.0,True,214.0,0.0700934579439252,True,12_Wendy Williams,0.0003314275039262
12,4,Wendy Williams,Tony Dovolani,TV Personality,46,Eliminated Week 3,10,3.0,0.0,False,206.0,0.0,False,12_Wendy Williams,
12,5,Wendy Williams,Tony Dovolani,TV Personality,46,Eliminated Week 3,10,3.0,0.0,False,194.0,0.0,False,12_Wendy Williams,
12,6,Wendy Williams,Tony Dovolani,TV Personality,46,Eliminated Week 3,10,3.0,0.0,False,180.0,0.0,False,12_Wendy Williams,
12,7,Wendy Williams,Tony Dovolani,TV Personality,46,Eliminated Week 3,10,3.0,0.0,False,188.5,0.0,False,12_Wendy Williams,
12,8,Wendy Williams,Tony Dovolani,TV Personality,46,Eliminated Week 3,10,3.0,0.0,False,130.0,0.0,False,12_Wendy Williams,
12,9,Wendy Williams,Tony Dovolani,TV Personality,46,Eliminated Week 3,10,3.0,0.0,False,117.5,0.0,False,12_Wendy Williams,
12,10,Wendy Williams,Tony Dovolani,TV Personality,46,Eliminated Week 3,10,3.0,0.0,False,87.3331,0.0,False,12_Wendy Williams,
12,1,Kendra Wilkinson,Louis van Amstel,TV Personality,25,Eliminated Week 7,6,7.0,18.0,True,207.0,0.0869565217391304,False,12_Kendra Wilkinson,0.0143298993105698
12,1,Kendra Wilkinson,Louis van Amstel,TV Personality,25,Eliminated Week 7,6,7.0,18.0,True,207.0,0.0869565217391304,False,12_Kendra Wilkinson,0.0143298993105698
12,2,Kendra Wilkinson,Louis van Amstel,TV Personality,25,Eliminated Week 7,6,7.0,19.0,True,216.0,0.0879629629629629,False,12_Kendra Wilkinson,0.0142476634499388
12,2,Kendra Wilkinson,Louis van Amstel,TV Personality,25,Eliminated Week 7,6,7.0,19.0,True,216.0,0.0879629629629629,False,12_Kendra Wilkinson,0.0142476634499388
12,3,Kendra Wilkinson,Louis van Amstel,TV Personality,25,Eliminated Week 7,6,7.0,23.0,True,214.0,0.1074766355140186,False,12_Kendra Wilkinson,0.0143536022129758
12,3,Kendra Wilkinson,Louis van Amstel,TV Personality,25,Eliminated Week 7,6,7.0,23.0,True,214.0,0.1074766355140186,False,12_Kendra Wilkinson,0.0143536022129758
12,4,Kendra Wilkinson,Louis van Amstel,TV Personality,25,Eliminated Week 7,6,7.0,18.0,True,206.0,0.087378640776699,False,12_Kendra Wilkinson,0.0145461530923275
12,4,Kendra Wilkinson,Louis van Amstel,TV Personality,25,Eliminated Week 7,6,7.0,18.0,True,206.0,0.087378640776699,False,12_Kendra Wilkinson,0.0145461530923275
12,5,Kendra Wilkinson,Louis van Amstel,TV Personality,25,Eliminated Week 7,6,7.0,22.0,True,194.0,0.1134020618556701,False,12_Kendra Wilkinson,0.0097897861590838
12,5,Kendra Wilkinson,Louis van Amstel,TV Personality,25,Eliminated Week 7,6,7.0,22.0,True,194.0,0.1134020618556701,False,12_Kendra Wilkinson,0.0097897861590838
12,6,Kendra Wilkinson,Louis van Amstel,TV Personality,25,Eliminated Week 7,6,7.0,25.0,True,180.0,0.1388888888888889,False,12_Kendra Wilkinson,0.0052784631904831
12,6,Kendra Wilkinson,Louis van Amstel,TV Personality,25,Eliminated Week 7,6,7.0,25.0,True,180.0,0.1388888888888889,False,12_Kendra Wilkinson,0.0052784631904831
12,7,Kendra Wilkinson,Louis van Amstel,TV Personality,25,Eliminated Week 7,6,7.0,30.5,True,188.5,0.1618037135278514,True,12_Kendra Wilkinson,0.0006787830694388
12,7,Kendra Wilkinson,Louis van Amstel,TV Personality,25,Eliminated Week 7,6,7.0,30.5,True,188.5,0.1618037135278514,True,12_Kendra Wilkinson,0.0006787830694388
12,8,Kendra Wilkinson,Louis van Amstel,TV Personality,25,Eliminated Week 7,6,7.0,0.0,False,130.0,0.0,False,12_Kendra Wilkinson,
12,9,Kendra Wilkinson,Louis van Amstel,TV Personality,25,Eliminated Week 7,6,7.0,0.0,False,117.5,0.0,False,12_Kendra Wilkinson,
12,10,Kendra Wilkinson,Louis van Amstel,TV Personality,25,Eliminated Week 7,6,7.0,0.0,False,87.3331,0.0,False,12_Kendra Wilkinson,
13,1,Elisabetta Canalis,Valentin Chmerkovskiy,Actor/Actress,33,Eliminated Week 2,11,2.0,15.0,True,217.0,0.0691244239631336,False,13_Elisabetta Canalis,0.0
13,1,Elisabetta Canalis,Valentin Chmerkovskiy,Actor/Actress,33,Eliminated Week 2,11,2.0,15.0,True,217.0,0.0691244239631336,False,13_Elisabetta Canalis,0.0
13,2,Elisabetta Canalis,Valentin Chmerkovskiy,Actor/Actress,33,Eliminated Week 2,11,2.0,21.0,True,223.0,0.0941704035874439,True,13_Elisabetta Canalis,0.0
13,2,Elisabetta Canalis,Valentin Chmerkovskiy,Actor/Actress,33,Eliminated Week 2,11,2.0,21.0,True,223.0,0.0941704035874439,True,13_Elisabetta Canalis,0.0
13,3,Elisabetta Canalis,Valentin Chmerkovskiy,Actor/Actress,33,Eliminated Week 2,11,2.0,0.0,False,237.0,0.0,False,13_Elisabetta Canalis,
13,4,Elisabetta Canalis,Valentin Chmerkovskiy,Actor/Actress,33,Eliminated Week 2,11,2.0,0.0,False,209.0,0.0,False,13_Elisabetta Canalis,
13,5,Elisabetta Canalis,Valentin Chmerkovskiy,Actor/Actress,33,Eliminated Week 2,11,2.0,0.0,False,188.0,0.0,False,13_Elisabetta Canalis,
13,6,Elisabetta Canalis,Valentin Chmerkovskiy,Actor/Actress,33,Eliminated Week 2,11,2.0,0.0,False,166.0,0.0,False,13_Elisabetta Canalis,
13,7,Elisabetta Canalis,Valentin Chmerkovskiy,Actor/Actress,33,Eliminated Week 2,11,2.0,0.0,False,146.5,0.0,False,13_Elisabetta Canalis,
13,8,Elisabetta Canalis,Valentin Chmerkovskiy,Actor/Actress,33,Eliminated Week 2,11,2.0,0.0,False,129.5,0.0,False,13_Elisabetta Canalis,
13,9,Elisabetta Canalis,Valentin Chmerkovskiy,Actor/Actress,33,Eliminated Week 2,11,2.0,0.0,False,118.4995,0.0,False,13_Elisabetta Canalis,
13,10,Elisabetta Canalis,Valentin Chmerkovskiy,Actor/Actress,33,Eliminated Week 2,11,2.0,0.0,False,84.49959999999999,0.0,False,13_Elisabetta Canalis,
13,1,David Arquette,Kym Johnson,Actor/Actress,40,Eliminated Week 7,6,7.0,18.0,True,217.0,0.0829493087557603,False,13_David Arquette,0.013638372540537
13,1,David Arquette,Kym Johnson,Actor/Actress,40,Eliminated Week 7,6,7.0,18.0,True,217.0,0.0829493087557603,False,13_David Arquette,0.013638372540537
13,2,David Arquette,Kym Johnson,Actor/Actress,40,Eliminated Week 7,6,7.0,18.0,True,223.0,0.0807174887892376,False,13_David Arquette,0.0134153425814862
13,2,David Arquette,Kym Johnson,Actor/Actress,40,Eliminated Week 7,6,7.0,18.0,True,223.0,0.0807174887892376,False,13_David Arquette,0.0134153425814862
13,3,David Arquette,Kym Johnson,Actor/Actress,40,Eliminated Week 7,6,7.0,24.0,True,237.0,0.1012658227848101,False,13_David Arquette,0.0102810346010942
13,3,David Arquette,Kym Johnson,Actor/Actress,40,Eliminated Week 7,6,7.0,24.0,True,237.0,0.1012658227848101,False,13_David Arquette,0.0102810346010942
13,4,David Arquette,Kym Johnson,Actor/Actress,40,Eliminated Week 7,6,7.0,23.0,True,209.0,0.1100478468899521,False,13_David Arquette,0.0082847893884911
13,4,David Arquette,Kym Johnson,Actor/Actress,40,Eliminated Week 7,6,7.0,23.0,True,209.0,0.1100478468899521,False,13_David Arquette,0.0082847893884911
13,5,David Arquette,Kym Johnson,Actor/Actress,40,Eliminated Week 7,6,7.0,25.0,True,188.0,0.1329787234042553,False,13_David Arquette,0.006099369054881
13,5,David Arquette,Kym Johnson,Actor/Actress,40,Eliminated Week 7,6,7.0,25.0,True,188.0,0.1329787234042553,False,13_David Arquette,0.006099369054881
13,6,David Arquette,Kym Johnson,Actor/Actress,40,Eliminated Week 7,6,7.0,23.0,True,166.0,0.1385542168674698,False,13_David Arquette,0.005163435033044
13,6,David Arquette,Kym Johnson,Actor/Actress,40,Eliminated Week 7,6,7.0,23.0,True,166.0,0.1385542168674698,False,13_David Arquette,0.005163435033044
13,7,David Arquette,Kym Johnson,Actor/Actress,40,Eliminated Week 7,6,7.0,23.5,True,146.5,0.1604095563139931,True,13_David Arquette,0.0051018364863021
13,7,David Arquette,Kym Johnson,Actor/Actress,40,Eliminated Week 7,6,7.0,23.5,True,146.5,0.1604095563139931,True,13_David Arquette,0.0051018364863021
13,8,David Arquette,Kym Johnson,Actor/Actress,40,Eliminated Week 7,6,7.0,0.0,False,129.5,0.0,False,13_David Arquette,
13,9,David Arquette,Kym Johnson,Actor/Actress,40,Eliminated Week 7,6,7.0,0.0,False,118.4995,0.0,False,13_David Arquette,
13,10,David Arquette,Kym Johnson,Actor/Actress,40,Eliminated Week 7,6,7.0,0.0,False,84.49959999999999,0.0,False,13_David Arquette,
13,1,Ricki Lake,Derek Hough,Actor/Actress,42,3rd Place,3,,20.0,True,217.0,0.0921658986175115,False,13_Ricki Lake,0.3094375561666883
13,1,Ricki Lake,Derek Hough,Actor/Actress,42,3rd Place,3,,20.0,True,217.0,0.0921658986175115,False,13_Ricki Lake,0.3094375561666883
13,2,Ricki Lake,Derek Hough,Actor/Actress,42,3rd Place,3,,23.0,True,223.0,0.1031390134529148,False,13_Ricki Lake,0.309498418122612
13,2,Ricki Lake,Derek Hough,Actor/Actress,42,3rd Place,3,,23.0,True,223.0,0.1031390134529148,False,13_Ricki Lake,0.309498418122612
13,3,Ricki Lake,Derek Hough,Actor/Actress,42,3rd Place,3,,27.0,True,237.0,0.1139240506329113,False,13_Ricki Lake,0.3107937010161878
13,3,Ricki Lake,Derek Hough,Actor/Actress,42,3rd Place,3,,27.0,True,237.0,0.1139240506329113,False,13_Ricki Lake,0.3107937010161878
13,4,Ricki Lake,Derek Hough,Actor/Actress,42,3rd Place,3,,29.0,True,209.0,0.138755980861244,False,13_Ricki Lake,0.313020374600243
13,4,Ricki Lake,Derek Hough,Actor/Actress,42,3rd Place,3,,29.0,True,209.0,0.138755980861244,False,13_Ricki Lake,0.313020374600243
13,5,Ricki Lake,Derek Hough,Actor/Actress,42,3rd Place,3,,24.0,True,188.0,0.1276595744680851,False,13_Ricki Lake,0.3151761665422176
13,5,Ricki Lake,Derek Hough,Actor/Actress,42,3rd Place,3,,24.0,True,188.0,0.1276595744680851,False,13_Ricki Lake,0.3151761665422176
13,6,Ricki Lake,Derek Hough,Actor/Actress,42,3rd Place,3,,29.0,True,166.0,0.1746987951807229,False,13_Ricki Lake,0.3186380056514413
13,6,Ricki Lake,Derek Hough,Actor/Actress,42,3rd Place,3,,29.0,True,166.0,0.1746987951807229,False,13_Ricki Lake,0.3186380056514413
13,7,Ricki Lake,Derek Hough,Actor/Actress,42,3rd Place,3,,26.5,True,146.5,0.1808873720136518,False,13_Ricki Lake,0.3230377198555921
13,7,Ricki Lake,Derek Hough,Actor/Actress,42,3rd Place,3,,26.5,True,146.5,0.1808873720136518,False,13_Ricki Lake,0.3230377198555921
13,8,Ricki Lake,Derek Hough,Actor/Actress,42,3rd Place,3,,26.0,True,129.5,0.2007722007722007,False,13_Ricki Lake,0.3255668985810744
13,8,Ricki Lake,Derek Hough,Actor/Actress,42,3rd Place,3,,26.0,True,129.5,0.2007722007722007,False,13_Ricki Lake,0.3255668985810744
13,9,Ricki Lake,Derek Hough,Actor/Actress,42,3rd Place,3,,33.4999,True,118.4995,0.2827007708893286,False,13_Ricki Lake,0.3298475725384429
13,9,Ricki Lake,Derek Hough,Actor/Actress,42,3rd Place,3,,33.4999,True,118.4995,0.2827007708893286,False,13_Ricki Lake,0.3298475725384429
13,10,Ricki Lake,Derek Hough,Actor/Actress,42,3rd Place,3,,27.999899999999997,True,84.49959999999999,0.3313613318879616,False,13_Ricki Lake,0.3333333332167792
13,10,Ricki Lake,Derek Hough,Actor/Actress,42,3rd Place,3,,27.999899999999997,True,84.49959999999999,0.3313613318879616,False,13_Ricki Lake,0.3333333332167792
13,1,J.R. Martinez,Karina Smirnoff,Actor/Actress,28,1st Place,1,,22.0,True,217.0,0.1013824884792626,False,13_J.R. Martinez,0.3094375557165222
13,1,J.R. Martinez,Karina Smirnoff,Actor/Actress,28,1st Place,1,,22.0,True,217.0,0.1013824884792626,False,13_J.R. Martinez,0.3094375557165222
13,2,J.R. Martinez,Karina Smirnoff,Actor/Actress,28,1st Place,1,,22.0,True,223.0,0.0986547085201793,False,13_J.R. Martinez,0.3094984197040785
13,2,J.R. Martinez,Karina Smirnoff,Actor/Actress,28,1st Place,1,,22.0,True,223.0,0.0986547085201793,False,13_J.R. Martinez,0.3094984197040785
13,3,J.R. Martinez,Karina Smirnoff,Actor/Actress,28,1st Place,1,,26.0,True,237.0,0.1097046413502109,False,13_J.R. Martinez,0.3107936987600208
13,3,J.R. Martinez,Karina Smirnoff,Actor/Actress,28,1st Place,1,,26.0,True,237.0,0.1097046413502109,False,13_J.R. Martinez,0.3107936987600208
13,4,J.R. Martinez,Karina Smirnoff,Actor/Actress,28,1st Place,1,,26.0,True,209.0,0.124401913875598,False,13_J.R. Martinez,0.3130203776634429
13,4,J.R. Martinez,Karina Smirnoff,Actor/Actress,28,1st Place,1,,26.0,True,209.0,0.124401913875598,False,13_J.R. Martinez,0.3130203776634429
13,5,J.R. Martinez,Karina Smirnoff,Actor/Actress,28,1st Place,1,,28.0,True,188.0,0.1489361702127659,False,13_J.R. Martinez,0.3151761632461716
13,5,J.R. Martinez,Karina Smirnoff,Actor/Actress,28,1st Place,1,,28.0,True,188.0,0.1489361702127659,False,13_J.R. Martinez,0.3151761632461716
13,6,J.R. Martinez,Karina Smirnoff,Actor/Actress,28,1st Place,1,,29.0,True,166.0,0.1746987951807229,False,13_J.R. Martinez,0.3186380090978705
13,6,J.R. Martinez,Karina Smirnoff,Actor/Actress,28,1st Place,1,,29.0,True,166.0,0.1746987951807229,False,13_J.R. Martinez,0.3186380090978705
13,7,J.R. Martinez,Karina Smirnoff,Actor/Actress,28,1st Place,1,,24.0,True,146.5,0.1638225255972696,False,13_J.R. Martinez,0.3230377169106462
13,7,J.R. Martinez,Karina Smirnoff,Actor/Actress,28,1st Place,1,,24.0,True,146.5,0.1638225255972696,False,13_J.R. Martinez,0.3230377169106462
13,8,J.R. Martinez,Karina Smirnoff,Actor/Actress,28,1st Place,1,,30.0,True,129.5,0.2316602316602316,False,13_J.R. Martinez,0.3255669010830983
13,8,J.R. Martinez,Karina Smirnoff,Actor/Actress,28,1st Place,1,,30.0,True,129.5,0.2316602316602316,False,13_J.R. Martinez,0.3255669010830983
13,9,J.R. Martinez,Karina Smirnoff,Actor/Actress,28,1st Place,1,,28.0,True,118.4995,0.2362879168266533,False,13_J.R. Martinez,0.3298475710230469
13,9,J.R. Martinez,Karina Smirnoff,Actor/Actress,28,1st Place,1,,28.0,True,118.4995,0.2362879168266533,False,13_J.R. Martinez,0.3298475710230469
13,10,J.R. Martinez,Karina Smirnoff,Actor/Actress,28,1st Place,1,,28.1665,True,84.49959999999999,0.3333329388541484,False,13_J.R. Martinez,0.3333333338493315
13,10,J.R. Martinez,Karina Smirnoff,Actor/Actress,28,1st Place,1,,28.1665,True,84.49959999999999,0.3333329388541484,False,13_J.R. Martinez,0.3333333338493315
13,1,Metta World Peace (Ron),Peta Murgatroyd,Athlete,31,Eliminated Week 1,12,1.0,14.0,True,217.0,0.064516129032258,True,13_Metta World Peace (Ron),0.0
13,1,Metta World Peace (Ron),Peta Murgatroyd,Athlete,31,Eliminated Week 1,12,1.0,14.0,True,217.0,0.064516129032258,True,13_Metta World Peace (Ron),0.0
13,2,Metta World Peace (Ron),Peta Murgatroyd,Athlete,31,Eliminated Week 1,12,1.0,0.0,False,223.0,0.0,False,13_Metta World Peace (Ron),
13,3,Metta World Peace (Ron),Peta Murgatroyd,Athlete,31,Eliminated Week 1,12,1.0,0.0,False,237.0,0.0,False,13_Metta World Peace (Ron),
13,4,Metta World Peace (Ron),Peta Murgatroyd,Athlete,31,Eliminated Week 1,12,1.0,0.0,False,209.0,0.0,False,13_Metta World Peace (Ron),
13,5,Metta World Peace (Ron),Peta Murgatroyd,Athlete,31,Eliminated Week 1,12,1.0,0.0,False,188.0,0.0,False,13_Metta World Peace (Ron),
13,6,Metta World Peace (Ron),Peta Murgatroyd,Athlete,31,Eliminated Week 1,12,1.0,0.0,False,166.0,0.0,False,13_Metta World Peace (Ron),
13,7,Metta World Peace (Ron),Peta Murgatroyd,Athlete,31,Eliminated Week 1,12,1.0,0.0,False,146.5,0.0,False,13_Metta World Peace (Ron),
13,8,Metta World Peace (Ron),Peta Murgatroyd,Athlete,31,Eliminated Week 1,12,1.0,0.0,False,129.5,0.0,False,13_Metta World Peace (Ron),
13,9,Metta World Peace (Ron),Peta Murgatroyd,Athlete,31,Eliminated Week 1,12,1.0,0.0,False,118.4995,0.0,False,13_Metta World Peace (Ron),
13,10,Metta World Peace (Ron),Peta Murgatroyd,Athlete,31,Eliminated Week 1,12,1.0,0.0,False,84.49959999999999,0.0,False,13_Metta World Peace (Ron),
13,1,Hope Solo,Maksim Chmerkoskiy,Athlete,30,Eliminated Week 9,4,9.0,21.0,True,217.0,0.0967741935483871,False,13_Hope Solo,0.0090192594908716
13,1,Hope Solo,Maksim Chmerkoskiy,Athlete,30,Eliminated Week 9,4,9.0,21.0,True,217.0,0.0967741935483871,False,13_Hope Solo,0.0090192594908716
13,2,Hope Solo,Maksim Chmerkoskiy,Athlete,30,Eliminated Week 9,4,9.0,19.0,True,223.0,0.085201793721973,False,13_Hope Solo,0.0089310376487507
13,2,Hope Solo,Maksim Chmerkoskiy,Athlete,30,Eliminated Week 9,4,9.0,19.0,True,223.0,0.085201793721973,False,13_Hope Solo,0.0089310376487507
13,3,Hope Solo,Maksim Chmerkoskiy,Athlete,30,Eliminated Week 9,4,9.0,24.0,True,237.0,0.1012658227848101,False,13_Hope Solo,0.0081198299855951
13,3,Hope Solo,Maksim Chmerkoskiy,Athlete,30,Eliminated Week 9,4,9.0,24.0,True,237.0,0.1012658227848101,False,13_Hope Solo,0.0081198299855951
13,4,Hope Solo,Maksim Chmerkoskiy,Athlete,30,Eliminated Week 9,4,9.0,24.0,True,209.0,0.1148325358851674,False,13_Hope Solo,0.0082011288713607
13,4,Hope Solo,Maksim Chmerkoskiy,Athlete,30,Eliminated Week 9,4,9.0,24.0,True,209.0,0.1148325358851674,False,13_Hope Solo,0.0082011288713607
13,5,Hope Solo,Maksim Chmerkoskiy,Athlete,30,Eliminated Week 9,4,9.0,24.0,True,188.0,0.1276595744680851,False,13_Hope Solo,0.0082552763949417
13,5,Hope Solo,Maksim Chmerkoskiy,Athlete,30,Eliminated Week 9,4,9.0,24.0,True,188.0,0.1276595744680851,False,13_Hope Solo,0.0082552763949417
13,6,Hope Solo,Maksim Chmerkoskiy,Athlete,30,Eliminated Week 9,4,9.0,20.0,True,166.0,0.1204819277108433,False,13_Hope Solo,0.0096653689406093
13,6,Hope Solo,Maksim Chmerkoskiy,Athlete,30,Eliminated Week 9,4,9.0,20.0,True,166.0,0.1204819277108433,False,13_Hope Solo,0.0096653689406093
13,7,Hope Solo,Maksim Chmerkoskiy,Athlete,30,Eliminated Week 9,4,9.0,25.0,True,146.5,0.1706484641638225,False,13_Hope Solo,0.0104442630651227
13,7,Hope Solo,Maksim Chmerkoskiy,Athlete,30,Eliminated Week 9,4,9.0,25.0,True,146.5,0.1706484641638225,False,13_Hope Solo,0.0104442630651227
13,8,Hope Solo,Maksim Chmerkoskiy,Athlete,30,Eliminated Week 9,4,9.0,26.0,True,129.5,0.2007722007722007,False,13_Hope Solo,0.0096112669307723
13,8,Hope Solo,Maksim Chmerkoskiy,Athlete,30,Eliminated Week 9,4,9.0,26.0,True,129.5,0.2007722007722007,False,13_Hope Solo,0.0096112669307723
13,9,Hope Solo,Maksim Chmerkoskiy,Athlete,30,Eliminated Week 9,4,9.0,24.4998,True,118.4995,0.2067502394524871,True,13_Hope Solo,0.010457284310956
13,9,Hope Solo,Maksim Chmerkoskiy,Athlete,30,Eliminated Week 9,4,9.0,24.4998,True,118.4995,0.2067502394524871,True,13_Hope Solo,0.010457284310956
13,10,Hope Solo,Maksim Chmerkoskiy,Athlete,30,Eliminated Week 9,4,9.0,0.0,False,84.49959999999999,0.0,False,13_Hope Solo,
13,1,Chynna Phillips,Tony Dovolani,Singer/Rapper,43,Eliminated Week 4,9,4.0,22.0,True,217.0,0.1013824884792626,False,13_Chynna Phillips,0.0
13,1,Chynna Phillips,Tony Dovolani,Singer/Rapper,43,Eliminated Week 4,9,4.0,22.0,True,217.0,0.1013824884792626,False,13_Chynna Phillips,0.0
13,2,Chynna Phillips,Tony Dovolani,Singer/Rapper,43,Eliminated Week 4,9,4.0,21.0,True,223.0,0.0941704035874439,False,13_Chynna Phillips,0.0
13,2,Chynna Phillips,Tony Dovolani,Singer/Rapper,43,Eliminated Week 4,9,4.0,21.0,True,223.0,0.0941704035874439,False,13_Chynna Phillips,0.0
13,3,Chynna Phillips,Tony Dovolani,Singer/Rapper,43,Eliminated Week 4,9,4.0,26.0,True,237.0,0.1097046413502109,False,13_Chynna Phillips,0.0
13,3,Chynna Phillips,Tony Dovolani,Singer/Rapper,43,Eliminated Week 4,9,4.0,26.0,True,237.0,0.1097046413502109,False,13_Chynna Phillips,0.0
13,4,Chynna Phillips,Tony Dovolani,Singer/Rapper,43,Eliminated Week 4,9,4.0,21.0,True,209.0,0.1004784688995215,True,13_Chynna Phillips,0.0
13,4,Chynna Phillips,Tony Dovolani,Singer/Rapper,43,Eliminated Week 4,9,4.0,21.0,True,209.0,0.1004784688995215,True,13_Chynna Phillips,0.0
13,5,Chynna Phillips,Tony Dovolani,Singer/Rapper,43,Eliminated Week 4,9,4.0,0.0,False,188.0,0.0,False,13_Chynna Phillips,
13,6,Chynna Phillips,Tony Dovolani,Singer/Rapper,43,Eliminated Week 4,9,4.0,0.0,False,166.0,0.0,False,13_Chynna Phillips,
13,7,Chynna Phillips,Tony Dovolani,Singer/Rapper,43,Eliminated Week 4,9,4.0,0.0,False,146.5,0.0,False,13_Chynna Phillips,
13,8,Chynna Phillips,Tony Dovolani,Singer/Rapper,43,Eliminated Week 4,9,4.0,0.0,False,129.5,0.0,False,13_Chynna Phillips,
13,9,Chynna Phillips,Tony Dovolani,Singer/Rapper,43,Eliminated Week 4,9,4.0,0.0,False,118.4995,0.0,False,13_Chynna Phillips,
13,10,Chynna Phillips,Tony Dovolani,Singer/Rapper,43,Eliminated Week 4,9,4.0,0.0,False,84.49959999999999,0.0,False,13_Chynna Phillips,
13,1,Kristin Cavallari,Mark Ballas,TV Personality,24,Eliminated Week 3,10,3.0,19.0,True,217.0,0.0875576036866359,False,13_Kristin Cavallari,0.0
13,1,Kristin Cavallari,Mark Ballas,TV Personality,24,Eliminated Week 3,10,3.0,19.0,True,217.0,0.0875576036866359,False,13_Kristin Cavallari,0.0
13,2,Kristin Cavallari,Mark Ballas,TV Personality,24,Eliminated Week 3,10,3.0,22.0,True,223.0,0.0986547085201793,False,13_Kristin Cavallari,1.3640140101108249e-17
13,2,Kristin Cavallari,Mark Ballas,TV Personality,24,Eliminated Week 3,10,3.0,22.0,True,223.0,0.0986547085201793,False,13_Kristin Cavallari,1.3640140101108249e-17
13,3,Kristin Cavallari,Mark Ballas,TV Personality,24,Eliminated Week 3,10,3.0,24.0,True,237.0,0.1012658227848101,True,13_Kristin Cavallari,0.0
13,3,Kristin Cavallari,Mark Ballas,TV Personality,24,Eliminated Week 3,10,3.0,24.0,True,237.0,0.1012658227848101,True,13_Kristin Cavallari,0.0
13,4,Kristin Cavallari,Mark Ballas,TV Personality,24,Eliminated Week 3,10,3.0,0.0,False,209.0,0.0,False,13_Kristin Cavallari,
13,5,Kristin Cavallari,Mark Ballas,TV Personality,24,Eliminated Week 3,10,3.0,0.0,False,188.0,0.0,False,13_Kristin Cavallari,
13,6,Kristin Cavallari,Mark Ballas,TV Personality,24,Eliminated Week 3,10,3.0,0.0,False,166.0,0.0,False,13_Kristin Cavallari,
13,7,Kristin Cavallari,Mark Ballas,TV Personality,24,Eliminated Week 3,10,3.0,0.0,False,146.5,0.0,False,13_Kristin Cavallari,
13,8,Kristin Cavallari,Mark Ballas,TV Personality,24,Eliminated Week 3,10,3.0,0.0,False,129.5,0.0,False,13_Kristin Cavallari,
13,9,Kristin Cavallari,Mark Ballas,TV Personality,24,Eliminated Week 3,10,3.0,0.0,False,118.4995,0.0,False,13_Kristin Cavallari,
13,10,Kristin Cavallari,Mark Ballas,TV Personality,24,Eliminated Week 3,10,3.0,0.0,False,84.49959999999999,0.0,False,13_Kristin Cavallari,
13,1,Carson Kressley,Anna Trebunskaya,TV Personality,41,Eliminated Week 5,8,5.0,17.0,True,217.0,0.0783410138248847,False,13_Carson Kressley,0.0134020931754388
13,1,Carson Kressley,Anna Trebunskaya,TV Personality,41,Eliminated Week 5,8,5.0,17.0,True,217.0,0.0783410138248847,False,13_Carson Kressley,0.0134020931754388
13,2,Carson Kressley,Anna Trebunskaya,TV Personality,41,Eliminated Week 5,8,5.0,18.0,True,223.0,0.0807174887892376,False,13_Carson Kressley,0.0134153425814863
13,2,Carson Kressley,Anna Trebunskaya,TV Personality,41,Eliminated Week 5,8,5.0,18.0,True,223.0,0.0807174887892376,False,13_Carson Kressley,0.0134153425814863
13,3,Carson Kressley,Anna Trebunskaya,TV Personality,41,Eliminated Week 5,8,5.0,23.0,True,237.0,0.0970464135021097,False,13_Carson Kressley,0.011256105891065
13,3,Carson Kressley,Anna Trebunskaya,TV Personality,41,Eliminated Week 5,8,5.0,23.0,True,237.0,0.0970464135021097,False,13_Carson Kressley,0.011256105891065
13,4,Carson Kressley,Anna Trebunskaya,TV Personality,41,Eliminated Week 5,8,5.0,20.0,True,209.0,0.0956937799043062,False,13_Carson Kressley,0.009914888389059
13,4,Carson Kressley,Anna Trebunskaya,TV Personality,41,Eliminated Week 5,8,5.0,20.0,True,209.0,0.0956937799043062,False,13_Carson Kressley,0.009914888389059
13,5,Carson Kressley,Anna Trebunskaya,TV Personality,41,Eliminated Week 5,8,5.0,19.0,True,188.0,0.101063829787234,True,13_Carson Kressley,0.0092048033094281
13,5,Carson Kressley,Anna Trebunskaya,TV Personality,41,Eliminated Week 5,8,5.0,19.0,True,188.0,0.101063829787234,True,13_Carson Kressley,0.0092048033094281
13,6,Carson Kressley,Anna Trebunskaya,TV Personality,41,Eliminated Week 5,8,5.0,0.0,False,166.0,0.0,False,13_Carson Kressley,
13,7,Carson Kressley,Anna Trebunskaya,TV Personality,41,Eliminated Week 5,8,5.0,0.0,False,146.5,0.0,False,13_Carson Kressley,
13,8,Carson Kressley,Anna Trebunskaya,TV Personality,41,Eliminated Week 5,8,5.0,0.0,False,129.5,0.0,False,13_Carson Kressley,
13,9,Carson Kressley,Anna Trebunskaya,TV Personality,41,Eliminated Week 5,8,5.0,0.0,False,118.4995,0.0,False,13_Carson Kressley,
13,10,Carson Kressley,Anna Trebunskaya,TV Personality,41,Eliminated Week 5,8,5.0,0.0,False,84.49959999999999,0.0,False,13_Carson Kressley,
13,1,Chaz Bono,Lacey Schwimmer,TV Personality,42,Eliminated Week 6,7,6.0,17.0,True,217.0,0.0783410138248847,False,13_Chaz Bono,0.0239397652732386
13,1,Chaz Bono,Lacey Schwimmer,TV Personality,42,Eliminated Week 6,7,6.0,17.0,True,217.0,0.0783410138248847,False,13_Chaz Bono,0.0239397652732386
13,2,Chaz Bono,Lacey Schwimmer,TV Personality,42,Eliminated Week 6,7,6.0,17.0,True,223.0,0.0762331838565022,False,13_Chaz Bono,0.024329916808856
13,2,Chaz Bono,Lacey Schwimmer,TV Personality,42,Eliminated Week 6,7,6.0,17.0,True,223.0,0.0762331838565022,False,13_Chaz Bono,0.024329916808856
13,3,Chaz Bono,Lacey Schwimmer,TV Personality,42,Eliminated Week 6,7,6.0,18.0,True,237.0,0.0759493670886076,False,13_Chaz Bono,0.0253100784782536
13,3,Chaz Bono,Lacey Schwimmer,TV Personality,42,Eliminated Week 6,7,6.0,18.0,True,237.0,0.0759493670886076,False,13_Chaz Bono,0.0253100784782536
13,4,Chaz Bono,Lacey Schwimmer,TV Personality,42,Eliminated Week 6,7,6.0,21.0,True,209.0,0.1004784688995215,False,13_Chaz Bono,0.0219231558930361
13,4,Chaz Bono,Lacey Schwimmer,TV Personality,42,Eliminated Week 6,7,6.0,21.0,True,209.0,0.1004784688995215,False,13_Chaz Bono,0.0219231558930361
13,5,Chaz Bono,Lacey Schwimmer,TV Personality,42,Eliminated Week 6,7,6.0,21.0,True,188.0,0.1117021276595744,False,13_Chaz Bono,0.0184208261174829
13,5,Chaz Bono,Lacey Schwimmer,TV Personality,42,Eliminated Week 6,7,6.0,21.0,True,188.0,0.1117021276595744,False,13_Chaz Bono,0.0184208261174829
13,6,Chaz Bono,Lacey Schwimmer,TV Personality,42,Eliminated Week 6,7,6.0,19.0,True,166.0,0.1144578313253012,True,13_Chaz Bono,0.0156894653261518
13,6,Chaz Bono,Lacey Schwimmer,TV Personality,42,Eliminated Week 6,7,6.0,19.0,True,166.0,0.1144578313253012,True,13_Chaz Bono,0.0156894653261518
13,7,Chaz Bono,Lacey Schwimmer,TV Personality,42,Eliminated Week 6,7,6.0,0.0,False,146.5,0.0,False,13_Chaz Bono,
13,8,Chaz Bono,Lacey Schwimmer,TV Personality,42,Eliminated Week 6,7,6.0,0.0,False,129.5,0.0,False,13_Chaz Bono,
13,9,Chaz Bono,Lacey Schwimmer,TV Personality,42,Eliminated Week 6,7,6.0,0.0,False,118.4995,0.0,False,13_Chaz Bono,
13,10,Chaz Bono,Lacey Schwimmer,TV Personality,42,Eliminated Week 6,7,6.0,0.0,False,84.49959999999999,0.0,False,13_Chaz Bono,
13,1,Nancy Grace,Tristan MacManus,TV Personality,51,Eliminated Week 8,5,8.0,16.0,True,217.0,0.0737327188940092,False,13_Nancy Grace,0.0116878418124448
13,1,Nancy Grace,Tristan MacManus,TV Personality,51,Eliminated Week 8,5,8.0,16.0,True,217.0,0.0737327188940092,False,13_Nancy Grace,0.0116878418124448
13,2,Nancy Grace,Tristan MacManus,TV Personality,51,Eliminated Week 8,5,8.0,21.0,True,223.0,0.0941704035874439,False,13_Nancy Grace,0.0114131047177742
13,2,Nancy Grace,Tristan MacManus,TV Personality,51,Eliminated Week 8,5,8.0,21.0,True,223.0,0.0941704035874439,False,13_Nancy Grace,0.0114131047177742
13,3,Nancy Grace,Tristan MacManus,TV Personality,51,Eliminated Week 8,5,8.0,21.0,True,237.0,0.0886075949367088,False,13_Nancy Grace,0.0126518506301521
13,3,Nancy Grace,Tristan MacManus,TV Personality,51,Eliminated Week 8,5,8.0,21.0,True,237.0,0.0886075949367088,False,13_Nancy Grace,0.0126518506301521
13,4,Nancy Grace,Tristan MacManus,TV Personality,51,Eliminated Week 8,5,8.0,21.0,True,209.0,0.1004784688995215,False,13_Nancy Grace,0.012614910865849
13,4,Nancy Grace,Tristan MacManus,TV Personality,51,Eliminated Week 8,5,8.0,21.0,True,209.0,0.1004784688995215,False,13_Nancy Grace,0.012614910865849
13,5,Nancy Grace,Tristan MacManus,TV Personality,51,Eliminated Week 8,5,8.0,22.0,True,188.0,0.1170212765957446,False,13_Nancy Grace,0.0124912292116734
13,5,Nancy Grace,Tristan MacManus,TV Personality,51,Eliminated Week 8,5,8.0,22.0,True,188.0,0.1170212765957446,False,13_Nancy Grace,0.0124912292116734
13,6,Nancy Grace,Tristan MacManus,TV Personality,51,Eliminated Week 8,5,8.0,24.0,True,166.0,0.144578313253012,False,13_Nancy Grace,0.0135677104655786
13,6,Nancy Grace,Tristan MacManus,TV Personality,51,Eliminated Week 8,5,8.0,24.0,True,166.0,0.144578313253012,False,13_Nancy Grace,0.0135677104655786
13,7,Nancy Grace,Tristan MacManus,TV Personality,51,Eliminated Week 8,5,8.0,22.0,True,146.5,0.1501706484641638,False,13_Nancy Grace,0.0153407443361314
13,7,Nancy Grace,Tristan MacManus,TV Personality,51,Eliminated Week 8,5,8.0,22.0,True,146.5,0.1501706484641638,False,13_Nancy Grace,0.0153407443361314
13,8,Nancy Grace,Tristan MacManus,TV Personality,51,Eliminated Week 8,5,8.0,22.0,True,129.5,0.1698841698841698,True,13_Nancy Grace,0.0136880349756269
13,8,Nancy Grace,Tristan MacManus,TV Personality,51,Eliminated Week 8,5,8.0,22.0,True,129.5,0.1698841698841698,True,13_Nancy Grace,0.0136880349756269
13,9,Nancy Grace,Tristan MacManus,TV Personality,51,Eliminated Week 8,5,8.0,0.0,False,118.4995,0.0,False,13_Nancy Grace,
13,10,Nancy Grace,Tristan MacManus,TV Personality,51,Eliminated Week 8,5,8.0,0.0,False,84.49959999999999,0.0,False,13_Nancy Grace,
13,1,Rob Kardashian,Cheryl Burke,TV Personality,24,2nd Place,2,,16.0,True,217.0,0.0737327188940092,False,13_Rob Kardashian,0.3094375558242588
13,1,Rob Kardashian,Cheryl Burke,TV Personality,24,2nd Place,2,,16.0,True,217.0,0.0737327188940092,False,13_Rob Kardashian,0.3094375558242588
13,2,Rob Kardashian,Cheryl Burke,TV Personality,24,2nd Place,2,,21.0,True,223.0,0.0941704035874439,False,13_Rob Kardashian,0.3094984178349561
13,2,Rob Kardashian,Cheryl Burke,TV Personality,24,2nd Place,2,,21.0,True,223.0,0.0941704035874439,False,13_Rob Kardashian,0.3094984178349561
13,3,Rob Kardashian,Cheryl Burke,TV Personality,24,2nd Place,2,,24.0,True,237.0,0.1012658227848101,False,13_Rob Kardashian,0.310793700637631
13,3,Rob Kardashian,Cheryl Burke,TV Personality,24,2nd Place,2,,24.0,True,237.0,0.1012658227848101,False,13_Rob Kardashian,0.310793700637631
13,4,Rob Kardashian,Cheryl Burke,TV Personality,24,2nd Place,2,,24.0,True,209.0,0.1148325358851674,False,13_Rob Kardashian,0.313020374328518
13,4,Rob Kardashian,Cheryl Burke,TV Personality,24,2nd Place,2,,24.0,True,209.0,0.1148325358851674,False,13_Rob Kardashian,0.313020374328518
13,5,Rob Kardashian,Cheryl Burke,TV Personality,24,2nd Place,2,,25.0,True,188.0,0.1329787234042553,False,13_Rob Kardashian,0.3151761661232035
13,5,Rob Kardashian,Cheryl Burke,TV Personality,24,2nd Place,2,,25.0,True,188.0,0.1329787234042553,False,13_Rob Kardashian,0.3151761661232035
13,6,Rob Kardashian,Cheryl Burke,TV Personality,24,2nd Place,2,,22.0,True,166.0,0.1325301204819277,False,13_Rob Kardashian,0.3186380054853041
13,6,Rob Kardashian,Cheryl Burke,TV Personality,24,2nd Place,2,,22.0,True,166.0,0.1325301204819277,False,13_Rob Kardashian,0.3186380054853041
13,7,Rob Kardashian,Cheryl Burke,TV Personality,24,2nd Place,2,,25.5,True,146.5,0.1740614334470989,False,13_Rob Kardashian,0.3230377193462053
13,7,Rob Kardashian,Cheryl Burke,TV Personality,24,2nd Place,2,,25.5,True,146.5,0.1740614334470989,False,13_Rob Kardashian,0.3230377193462053
13,8,Rob Kardashian,Cheryl Burke,TV Personality,24,2nd Place,2,,25.5,True,129.5,0.1969111969111969,False,13_Rob Kardashian,0.3255668984294279
13,8,Rob Kardashian,Cheryl Burke,TV Personality,24,2nd Place,2,,25.5,True,129.5,0.1969111969111969,False,13_Rob Kardashian,0.3255668984294279
13,9,Rob Kardashian,Cheryl Burke,TV Personality,24,2nd Place,2,,32.4998,True,118.4995,0.2742610728315309,False,13_Rob Kardashian,0.3298475721275541
13,9,Rob Kardashian,Cheryl Burke,TV Personality,24,2nd Place,2,,32.4998,True,118.4995,0.2742610728315309,False,13_Rob Kardashian,0.3298475721275541
13,10,Rob Kardashian,Cheryl Burke,TV Personality,24,2nd Place,2,,28.3332,True,84.49959999999999,0.33530572925789,False,13_Rob Kardashian,0.3333333329338891
13,10,Rob Kardashian,Cheryl Burke,TV Personality,24,2nd Place,2,,28.3332,True,84.49959999999999,0.33530572925789,False,13_Rob Kardashian,0.3333333329338891
14,1,William Levy,Cheryl Burke,Actor/Actress,31,3rd Place,3,,24.0,True,270.0,0.0888888888888888,False,14_William Levy,0.318326235372607
14,1,William Levy,Cheryl Burke,Actor/Actress,31,3rd Place,3,,24.0,True,270.0,0.0888888888888888,False,14_William Levy,0.318326235372607
14,2,William Levy,Cheryl Burke,Actor/Actress,31,3rd Place,3,,25.0,True,269.0,0.0929368029739776,False,14_William Levy,0.3185461033864075
14,2,William Levy,Cheryl Burke,Actor/Actress,31,3rd Place,3,,25.0,True,269.0,0.0929368029739776,False,14_William Levy,0.3185461033864075
14,3,William Levy,Cheryl Burke,Actor/Actress,31,3rd Place,3,,28.0,True,280.0,0.1,False,14_William Levy,0.3189597227426154
14,3,William Levy,Cheryl Burke,Actor/Actress,31,3rd Place,3,,28.0,True,280.0,0.1,False,14_William Levy,0.3189597227426154
14,4,William Levy,Cheryl Burke,Actor/Actress,31,3rd Place,3,,22.0,True,233.0,0.0944206008583691,False,14_William Levy,0.3193523155466352
14,4,William Levy,Cheryl Burke,Actor/Actress,31,3rd Place,3,,22.0,True,233.0,0.0944206008583691,False,14_William Levy,0.3193523155466352
14,5,William Levy,Cheryl Burke,Actor/Actress,31,3rd Place,3,,29.0,True,224.0,0.1294642857142857,False,14_William Levy,0.3197705647934717
14,5,William Levy,Cheryl Burke,Actor/Actress,31,3rd Place,3,,29.0,True,224.0,0.1294642857142857,False,14_William Levy,0.3197705647934717
14,6,William Levy,Cheryl Burke,Actor/Actress,31,3rd Place,3,,36.0,True,257.9993,0.1395352623049752,False,14_William Levy,0.3205582490309838
14,6,William Levy,Cheryl Burke,Actor/Actress,31,3rd Place,3,,36.0,True,257.9993,0.1395352623049752,False,14_William Levy,0.3205582490309838
14,7,William Levy,Cheryl Burke,Actor/Actress,31,3rd Place,3,,26.5,True,183.5,0.1444141689373297,False,14_William Levy,0.3227842034653735
14,7,William Levy,Cheryl Burke,Actor/Actress,31,3rd Place,3,,26.5,True,183.5,0.1444141689373297,False,14_William Levy,0.3227842034653735
14,8,William Levy,Cheryl Burke,Actor/Actress,31,3rd Place,3,,28.5,True,163.5,0.1743119266055046,False,14_William Levy,0.3244449662263169
14,8,William Levy,Cheryl Burke,Actor/Actress,31,3rd Place,3,,28.5,True,163.5,0.1743119266055046,False,14_William Levy,0.3244449662263169
14,9,William Levy,Cheryl Burke,Actor/Actress,31,3rd Place,3,,29.0,True,115.0,0.2521739130434782,False,14_William Levy,0.3277714729039051
14,9,William Levy,Cheryl Burke,Actor/Actress,31,3rd Place,3,,29.0,True,115.0,0.2521739130434782,False,14_William Levy,0.3277714729039051
14,10,William Levy,Cheryl Burke,Actor/Actress,31,3rd Place,3,,29.666600000000003,True,89.3332,0.3320893016258233,False,14_William Levy,0.3333333326587492
14,10,William Levy,Cheryl Burke,Actor/Actress,31,3rd Place,3,,29.666600000000003,True,89.3332,0.3320893016258233,False,14_William Levy,0.3333333326587492
14,1,Jack Wagner,Anna Trebunskaya,Actor/Actress,52,Eliminated Week 3,11,3.0,23.0,True,270.0,0.0851851851851851,False,14_Jack Wagner,0.0001731812143592
14,1,Jack Wagner,Anna Trebunskaya,Actor/Actress,52,Eliminated Week 3,11,3.0,23.0,True,270.0,0.0851851851851851,False,14_Jack Wagner,0.0001731812143592
14,2,Jack Wagner,Anna Trebunskaya,Actor/Actress,52,Eliminated Week 3,11,3.0,21.0,True,269.0,0.0780669144981412,False,14_Jack Wagner,9.704252765422965e-05
14,2,Jack Wagner,Anna Trebunskaya,Actor/Actress,52,Eliminated Week 3,11,3.0,21.0,True,269.0,0.0780669144981412,False,14_Jack Wagner,9.704252765422965e-05
14,3,Jack Wagner,Anna Trebunskaya,Actor/Actress,52,Eliminated Week 3,11,3.0,24.0,True,280.0,0.0857142857142857,True,14_Jack Wagner,2.674061308879527e-18
14,3,Jack Wagner,Anna Trebunskaya,Actor/Actress,52,Eliminated Week 3,11,3.0,24.0,True,280.0,0.0857142857142857,True,14_Jack Wagner,2.674061308879527e-18
14,4,Jack Wagner,Anna Trebunskaya,Actor/Actress,52,Eliminated Week 3,11,3.0,0.0,False,233.0,0.0,False,14_Jack Wagner,
14,5,Jack Wagner,Anna Trebunskaya,Actor/Actress,52,Eliminated Week 3,11,3.0,0.0,False,224.0,0.0,False,14_Jack Wagner,
14,6,Jack Wagner,Anna Trebunskaya,Actor/Actress,52,Eliminated Week 3,11,3.0,0.0,False,257.9993,0.0,False,14_Jack Wagner,
14,7,Jack Wagner,Anna Trebunskaya,Actor/Actress,52,Eliminated Week 3,11,3.0,0.0,False,183.5,0.0,False,14_Jack Wagner,
14,8,Jack Wagner,Anna Trebunskaya,Actor/Actress,52,Eliminated Week 3,11,3.0,0.0,False,163.5,0.0,False,14_Jack Wagner,
14,9,Jack Wagner,Anna Trebunskaya,Actor/Actress,52,Eliminated Week 3,11,3.0,0.0,False,115.0,0.0,False,14_Jack Wagner,
14,10,Jack Wagner,Anna Trebunskaya,Actor/Actress,52,Eliminated Week 3,11,3.0,0.0,False,89.3332,0.0,False,14_Jack Wagner,
14,1,Sherri Sheperd,Valentin Chmerkovskiy,Actor/Actress,44,Eliminated Week 4,10,4.0,23.0,True,270.0,0.0851851851851851,False,14_Sherri Sheperd,3.917509193666613e-05
14,1,Sherri Sheperd,Valentin Chmerkovskiy,Actor/Actress,44,Eliminated Week 4,10,4.0,23.0,True,270.0,0.0851851851851851,False,14_Sherri Sheperd,3.917509193666613e-05
14,2,Sherri Sheperd,Valentin Chmerkovskiy,Actor/Actress,44,Eliminated Week 4,10,4.0,23.0,True,269.0,0.0855018587360594,False,14_Sherri Sheperd,3.5865891873973386e-05
14,2,Sherri Sheperd,Valentin Chmerkovskiy,Actor/Actress,44,Eliminated Week 4,10,4.0,23.0,True,269.0,0.0855018587360594,False,14_Sherri Sheperd,3.5865891873973386e-05
14,3,Sherri Sheperd,Valentin Chmerkovskiy,Actor/Actress,44,Eliminated Week 4,10,4.0,24.0,True,280.0,0.0857142857142857,False,14_Sherri Sheperd,9.877941977161344e-05
14,3,Sherri Sheperd,Valentin Chmerkovskiy,Actor/Actress,44,Eliminated Week 4,10,4.0,24.0,True,280.0,0.0857142857142857,False,14_Sherri Sheperd,9.877941977161344e-05
14,4,Sherri Sheperd,Valentin Chmerkovskiy,Actor/Actress,44,Eliminated Week 4,10,4.0,21.0,True,233.0,0.0901287553648068,True,14_Sherri Sheperd,3.1766227166303176e-17
14,4,Sherri Sheperd,Valentin Chmerkovskiy,Actor/Actress,44,Eliminated Week 4,10,4.0,21.0,True,233.0,0.0901287553648068,True,14_Sherri Sheperd,3.1766227166303176e-17
14,5,Sherri Sheperd,Valentin Chmerkovskiy,Actor/Actress,44,Eliminated Week 4,10,4.0,0.0,False,224.0,0.0,False,14_Sherri Sheperd,
14,6,Sherri Sheperd,Valentin Chmerkovskiy,Actor/Actress,44,Eliminated Week 4,10,4.0,0.0,False,257.9993,0.0,False,14_Sherri Sheperd,
14,7,Sherri Sheperd,Valentin Chmerkovskiy,Actor/Actress,44,Eliminated Week 4,10,4.0,0.0,False,183.5,0.0,False,14_Sherri Sheperd,
14,8,Sherri Sheperd,Valentin Chmerkovskiy,Actor/Actress,44,Eliminated Week 4,10,4.0,0.0,False,163.5,0.0,False,14_Sherri Sheperd,
14,9,Sherri Sheperd,Valentin Chmerkovskiy,Actor/Actress,44,Eliminated Week 4,10,4.0,0.0,False,115.0,0.0,False,14_Sherri Sheperd,
14,10,Sherri Sheperd,Valentin Chmerkovskiy,Actor/Actress,44,Eliminated Week 4,10,4.0,0.0,False,89.3332,0.0,False,14_Sherri Sheperd,
14,1,Jaleel White,Kym Johnson,Actor/Actress,35,Eliminated Week 7,7,7.0,26.0,True,270.0,0.0962962962962963,False,14_Jaleel White,0.000918973752514
14,1,Jaleel White,Kym Johnson,Actor/Actress,35,Eliminated Week 7,7,7.0,26.0,True,270.0,0.0962962962962963,False,14_Jaleel White,0.000918973752514
14,2,Jaleel White,Kym Johnson,Actor/Actress,35,Eliminated Week 7,7,7.0,22.0,True,269.0,0.0817843866171003,False,14_Jaleel White,0.0008906222394421
14,2,Jaleel White,Kym Johnson,Actor/Actress,35,Eliminated Week 7,7,7.0,22.0,True,269.0,0.0817843866171003,False,14_Jaleel White,0.0008906222394421
14,3,Jaleel White,Kym Johnson,Actor/Actress,35,Eliminated Week 7,7,7.0,25.0,True,280.0,0.0892857142857142,False,14_Jaleel White,0.0016333483864757
14,3,Jaleel White,Kym Johnson,Actor/Actress,35,Eliminated Week 7,7,7.0,25.0,True,280.0,0.0892857142857142,False,14_Jaleel White,0.0016333483864757
14,4,Jaleel White,Kym Johnson,Actor/Actress,35,Eliminated Week 7,7,7.0,22.0,True,233.0,0.0944206008583691,False,14_Jaleel White,0.0010225787154057
14,4,Jaleel White,Kym Johnson,Actor/Actress,35,Eliminated Week 7,7,7.0,22.0,True,233.0,0.0944206008583691,False,14_Jaleel White,0.0010225787154057
14,5,Jaleel White,Kym Johnson,Actor/Actress,35,Eliminated Week 7,7,7.0,24.0,True,224.0,0.1071428571428571,False,14_Jaleel White,0.0012864642435721
14,5,Jaleel White,Kym Johnson,Actor/Actress,35,Eliminated Week 7,7,7.0,24.0,True,224.0,0.1071428571428571,False,14_Jaleel White,0.0012864642435721
14,6,Jaleel White,Kym Johnson,Actor/Actress,35,Eliminated Week 7,7,7.0,36.9998,True,257.9993,0.143410466617545,False,14_Jaleel White,0.001676143634339
14,6,Jaleel White,Kym Johnson,Actor/Actress,35,Eliminated Week 7,7,7.0,36.9998,True,257.9993,0.143410466617545,False,14_Jaleel White,0.001676143634339
14,7,Jaleel White,Kym Johnson,Actor/Actress,35,Eliminated Week 7,7,7.0,25.5,True,183.5,0.1389645776566757,True,14_Jaleel White,1.8223944683771864e-17
14,7,Jaleel White,Kym Johnson,Actor/Actress,35,Eliminated Week 7,7,7.0,25.5,True,183.5,0.1389645776566757,True,14_Jaleel White,1.8223944683771864e-17
14,8,Jaleel White,Kym Johnson,Actor/Actress,35,Eliminated Week 7,7,7.0,0.0,False,163.5,0.0,False,14_Jaleel White,
14,9,Jaleel White,Kym Johnson,Actor/Actress,35,Eliminated Week 7,7,7.0,0.0,False,115.0,0.0,False,14_Jaleel White,
14,10,Jaleel White,Kym Johnson,Actor/Actress,35,Eliminated Week 7,7,7.0,0.0,False,89.3332,0.0,False,14_Jaleel White,
14,1,Roshon Fegan,Chelsie Hightower,Actor/Actress,20,Eliminated Week 8,6,8.0,23.0,True,270.0,0.0851851851851851,False,14_Roshon Fegan,0.0003654598602752
14,1,Roshon Fegan,Chelsie Hightower,Actor/Actress,20,Eliminated Week 8,6,8.0,23.0,True,270.0,0.0851851851851851,False,14_Roshon Fegan,0.0003654598602752
14,2,Roshon Fegan,Chelsie Hightower,Actor/Actress,20,Eliminated Week 8,6,8.0,26.0,True,269.0,0.0966542750929368,False,14_Roshon Fegan,0.0015134718428912
14,2,Roshon Fegan,Chelsie Hightower,Actor/Actress,20,Eliminated Week 8,6,8.0,26.0,True,269.0,0.0966542750929368,False,14_Roshon Fegan,0.0015134718428912
14,3,Roshon Fegan,Chelsie Hightower,Actor/Actress,20,Eliminated Week 8,6,8.0,25.0,True,280.0,0.0892857142857142,False,14_Roshon Fegan,0.0012275002899384
14,3,Roshon Fegan,Chelsie Hightower,Actor/Actress,20,Eliminated Week 8,6,8.0,25.0,True,280.0,0.0892857142857142,False,14_Roshon Fegan,0.0012275002899384
14,4,Roshon Fegan,Chelsie Hightower,Actor/Actress,20,Eliminated Week 8,6,8.0,26.0,True,233.0,0.111587982832618,False,14_Roshon Fegan,4.895090953194608e-05
14,4,Roshon Fegan,Chelsie Hightower,Actor/Actress,20,Eliminated Week 8,6,8.0,26.0,True,233.0,0.111587982832618,False,14_Roshon Fegan,4.895090953194608e-05
14,5,Roshon Fegan,Chelsie Hightower,Actor/Actress,20,Eliminated Week 8,6,8.0,26.0,True,224.0,0.1160714285714285,False,14_Roshon Fegan,0.0001712231759897
14,5,Roshon Fegan,Chelsie Hightower,Actor/Actress,20,Eliminated Week 8,6,8.0,26.0,True,224.0,0.1160714285714285,False,14_Roshon Fegan,0.0001712231759897
14,6,Roshon Fegan,Chelsie Hightower,Actor/Actress,20,Eliminated Week 8,6,8.0,27.9998,True,257.9993,0.1085266510413012,False,14_Roshon Fegan,0.0003445777568829
14,6,Roshon Fegan,Chelsie Hightower,Actor/Actress,20,Eliminated Week 8,6,8.0,27.9998,True,257.9993,0.1085266510413012,False,14_Roshon Fegan,0.0003445777568829
14,7,Roshon Fegan,Chelsie Hightower,Actor/Actress,20,Eliminated Week 8,6,8.0,26.0,True,183.5,0.1416893732970027,False,14_Roshon Fegan,0.0002878483876803
14,7,Roshon Fegan,Chelsie Hightower,Actor/Actress,20,Eliminated Week 8,6,8.0,26.0,True,183.5,0.1416893732970027,False,14_Roshon Fegan,0.0002878483876803
14,8,Roshon Fegan,Chelsie Hightower,Actor/Actress,20,Eliminated Week 8,6,8.0,28.0,True,163.5,0.1712538226299694,True,14_Roshon Fegan,2.314421576319017e-17
14,8,Roshon Fegan,Chelsie Hightower,Actor/Actress,20,Eliminated Week 8,6,8.0,28.0,True,163.5,0.1712538226299694,True,14_Roshon Fegan,2.314421576319017e-17
14,9,Roshon Fegan,Chelsie Hightower,Actor/Actress,20,Eliminated Week 8,6,8.0,0.0,False,115.0,0.0,False,14_Roshon Fegan,
14,10,Roshon Fegan,Chelsie Hightower,Actor/Actress,20,Eliminated Week 8,6,8.0,0.0,False,89.3332,0.0,False,14_Roshon Fegan,
14,1,Melissa Gilbert,Maksim Chmerkoskiy,Actor/Actress,47,Eliminated Week 8,5,8.0,20.0,True,270.0,0.074074074074074,False,14_Melissa Gilbert,0.0065546922696078
14,1,Melissa Gilbert,Maksim Chmerkoskiy,Actor/Actress,47,Eliminated Week 8,5,8.0,20.0,True,270.0,0.074074074074074,False,14_Melissa Gilbert,0.0065546922696078
14,2,Melissa Gilbert,Maksim Chmerkoskiy,Actor/Actress,47,Eliminated Week 8,5,8.0,20.0,True,269.0,0.0743494423791821,False,14_Melissa Gilbert,0.0071526146561536
14,2,Melissa Gilbert,Maksim Chmerkoskiy,Actor/Actress,47,Eliminated Week 8,5,8.0,20.0,True,269.0,0.0743494423791821,False,14_Melissa Gilbert,0.0071526146561536
14,3,Melissa Gilbert,Maksim Chmerkoskiy,Actor/Actress,47,Eliminated Week 8,5,8.0,24.0,True,280.0,0.0857142857142857,False,14_Melissa Gilbert,0.0071202897898893
14,3,Melissa Gilbert,Maksim Chmerkoskiy,Actor/Actress,47,Eliminated Week 8,5,8.0,24.0,True,280.0,0.0857142857142857,False,14_Melissa Gilbert,0.0071202897898893
14,4,Melissa Gilbert,Maksim Chmerkoskiy,Actor/Actress,47,Eliminated Week 8,5,8.0,22.0,True,233.0,0.0944206008583691,False,14_Melissa Gilbert,0.0077135688025756
14,4,Melissa Gilbert,Maksim Chmerkoskiy,Actor/Actress,47,Eliminated Week 8,5,8.0,22.0,True,233.0,0.0944206008583691,False,14_Melissa Gilbert,0.0077135688025756
14,5,Melissa Gilbert,Maksim Chmerkoskiy,Actor/Actress,47,Eliminated Week 8,5,8.0,21.0,True,224.0,0.09375,False,14_Melissa Gilbert,0.0089476174588154
14,5,Melissa Gilbert,Maksim Chmerkoskiy,Actor/Actress,47,Eliminated Week 8,5,8.0,21.0,True,224.0,0.09375,False,14_Melissa Gilbert,0.0089476174588154
14,6,Melissa Gilbert,Maksim Chmerkoskiy,Actor/Actress,47,Eliminated Week 8,5,8.0,30.0,True,257.9993,0.116279385254146,False,14_Melissa Gilbert,0.0091964165233658
14,6,Melissa Gilbert,Maksim Chmerkoskiy,Actor/Actress,47,Eliminated Week 8,5,8.0,30.0,True,257.9993,0.116279385254146,False,14_Melissa Gilbert,0.0091964165233658
14,7,Melissa Gilbert,Maksim Chmerkoskiy,Actor/Actress,47,Eliminated Week 8,5,8.0,23.5,True,183.5,0.1280653950953678,False,14_Melissa Gilbert,0.0108963758199577
14,7,Melissa Gilbert,Maksim Chmerkoskiy,Actor/Actress,47,Eliminated Week 8,5,8.0,23.5,True,183.5,0.1280653950953678,False,14_Melissa Gilbert,0.0108963758199577
14,8,Melissa Gilbert,Maksim Chmerkoskiy,Actor/Actress,47,Eliminated Week 8,5,8.0,25.5,True,163.5,0.1559633027522936,True,14_Melissa Gilbert,0.0087901476433533
14,8,Melissa Gilbert,Maksim Chmerkoskiy,Actor/Actress,47,Eliminated Week 8,5,8.0,25.5,True,163.5,0.1559633027522936,True,14_Melissa Gilbert,0.0087901476433533
14,9,Melissa Gilbert,Maksim Chmerkoskiy,Actor/Actress,47,Eliminated Week 8,5,8.0,0.0,False,115.0,0.0,False,14_Melissa Gilbert,
14,10,Melissa Gilbert,Maksim Chmerkoskiy,Actor/Actress,47,Eliminated Week 8,5,8.0,0.0,False,89.3332,0.0,False,14_Melissa Gilbert,
14,1,Martina Navratilova,Tony Dovolani,Athlete,55,Eliminated Week 2,12,2.0,20.0,True,270.0,0.074074074074074,False,14_Martina Navratilova,0.0005842415286424
14,1,Martina Navratilova,Tony Dovolani,Athlete,55,Eliminated Week 2,12,2.0,20.0,True,270.0,0.074074074074074,False,14_Martina Navratilova,0.0005842415286424
14,2,Martina Navratilova,Tony Dovolani,Athlete,55,Eliminated Week 2,12,2.0,17.0,True,269.0,0.0631970260223048,True,14_Martina Navratilova,0.0002540128143825
14,2,Martina Navratilova,Tony Dovolani,Athlete,55,Eliminated Week 2,12,2.0,17.0,True,269.0,0.0631970260223048,True,14_Martina Navratilova,0.0002540128143825
14,3,Martina Navratilova,Tony Dovolani,Athlete,55,Eliminated Week 2,12,2.0,0.0,False,280.0,0.0,False,14_Martina Navratilova,
14,4,Martina Navratilova,Tony Dovolani,Athlete,55,Eliminated Week 2,12,2.0,0.0,False,233.0,0.0,False,14_Martina Navratilova,
14,5,Martina Navratilova,Tony Dovolani,Athlete,55,Eliminated Week 2,12,2.0,0.0,False,224.0,0.0,False,14_Martina Navratilova,
14,6,Martina Navratilova,Tony Dovolani,Athlete,55,Eliminated Week 2,12,2.0,0.0,False,257.9993,0.0,False,14_Martina Navratilova,
14,7,Martina Navratilova,Tony Dovolani,Athlete,55,Eliminated Week 2,12,2.0,0.0,False,183.5,0.0,False,14_Martina Navratilova,
14,8,Martina Navratilova,Tony Dovolani,Athlete,55,Eliminated Week 2,12,2.0,0.0,False,163.5,0.0,False,14_Martina Navratilova,
14,9,Martina Navratilova,Tony Dovolani,Athlete,55,Eliminated Week 2,12,2.0,0.0,False,115.0,0.0,False,14_Martina Navratilova,
14,10,Martina Navratilova,Tony Dovolani,Athlete,55,Eliminated Week 2,12,2.0,0.0,False,89.3332,0.0,False,14_Martina Navratilova,
14,1,Donald Driver,Peta Murgatroyd,Athlete,37,1st Place,1,,21.0,True,270.0,0.0777777777777777,False,14_Donald Driver,0.3183262357220287
14,1,Donald Driver,Peta Murgatroyd,Athlete,37,1st Place,1,,21.0,True,270.0,0.0777777777777777,False,14_Donald Driver,0.3183262357220287
14,2,Donald Driver,Peta Murgatroyd,Athlete,37,1st Place,1,,24.0,True,269.0,0.0892193308550185,False,14_Donald Driver,0.3185461033583098
14,2,Donald Driver,Peta Murgatroyd,Athlete,37,1st Place,1,,24.0,True,269.0,0.0892193308550185,False,14_Donald Driver,0.3185461033583098
14,3,Donald Driver,Peta Murgatroyd,Athlete,37,1st Place,1,,26.0,True,280.0,0.0928571428571428,False,14_Donald Driver,0.3189597229088267
14,3,Donald Driver,Peta Murgatroyd,Athlete,37,1st Place,1,,26.0,True,280.0,0.0928571428571428,False,14_Donald Driver,0.3189597229088267
14,4,Donald Driver,Peta Murgatroyd,Athlete,37,1st Place,1,,27.0,True,233.0,0.1158798283261802,False,14_Donald Driver,0.3193523158661865
14,4,Donald Driver,Peta Murgatroyd,Athlete,37,1st Place,1,,27.0,True,233.0,0.1158798283261802,False,14_Donald Driver,0.3193523158661865
14,5,Donald Driver,Peta Murgatroyd,Athlete,37,1st Place,1,,27.0,True,224.0,0.1205357142857142,False,14_Donald Driver,0.3197705651945741
14,5,Donald Driver,Peta Murgatroyd,Athlete,37,1st Place,1,,27.0,True,224.0,0.1205357142857142,False,14_Donald Driver,0.3197705651945741
14,6,Donald Driver,Peta Murgatroyd,Athlete,37,1st Place,1,,33.9999,True,257.9993,0.1317829156900813,False,14_Donald Driver,0.3205582494785079
14,6,Donald Driver,Peta Murgatroyd,Athlete,37,1st Place,1,,33.9999,True,257.9993,0.1317829156900813,False,14_Donald Driver,0.3205582494785079
14,7,Donald Driver,Peta Murgatroyd,Athlete,37,1st Place,1,,26.5,True,183.5,0.1444141689373297,False,14_Donald Driver,0.3227842040663968
14,7,Donald Driver,Peta Murgatroyd,Athlete,37,1st Place,1,,26.5,True,183.5,0.1444141689373297,False,14_Donald Driver,0.3227842040663968
14,8,Donald Driver,Peta Murgatroyd,Athlete,37,1st Place,1,,27.5,True,163.5,0.1681957186544342,False,14_Donald Driver,0.3244449668859671
14,8,Donald Driver,Peta Murgatroyd,Athlete,37,1st Place,1,,27.5,True,163.5,0.1681957186544342,False,14_Donald Driver,0.3244449668859671
14,9,Donald Driver,Peta Murgatroyd,Athlete,37,1st Place,1,,28.5,True,115.0,0.2478260869565217,False,14_Donald Driver,0.3277714732839513
14,9,Donald Driver,Peta Murgatroyd,Athlete,37,1st Place,1,,28.5,True,115.0,0.2478260869565217,False,14_Donald Driver,0.3277714732839513
14,10,Donald Driver,Peta Murgatroyd,Athlete,37,1st Place,1,,29.666600000000003,True,89.3332,0.3320893016258233,False,14_Donald Driver,0.3333333335072422
14,10,Donald Driver,Peta Murgatroyd,Athlete,37,1st Place,1,,29.666600000000003,True,89.3332,0.3320893016258233,False,14_Donald Driver,0.3333333335072422
14,1,Gavin DeGraw,Karina Smirnoff,Singer/Rapper,35,Eliminated Week 5,9,5.0,20.0,True,270.0,0.074074074074074,False,14_Gavin DeGraw,0.0003126967784924
14,1,Gavin DeGraw,Karina Smirnoff,Singer/Rapper,35,Eliminated Week 5,9,5.0,20.0,True,270.0,0.074074074074074,False,14_Gavin DeGraw,0.0003126967784924
14,2,Gavin DeGraw,Karina Smirnoff,Singer/Rapper,35,Eliminated Week 5,9,5.0,21.0,True,269.0,0.0780669144981412,False,14_Gavin DeGraw,0.0001937159334508
14,2,Gavin DeGraw,Karina Smirnoff,Singer/Rapper,35,Eliminated Week 5,9,5.0,21.0,True,269.0,0.0780669144981412,False,14_Gavin DeGraw,0.0001937159334508
14,3,Gavin DeGraw,Karina Smirnoff,Singer/Rapper,35,Eliminated Week 5,9,5.0,24.0,True,280.0,0.0857142857142857,False,14_Gavin DeGraw,0.0003348298733973
14,3,Gavin DeGraw,Karina Smirnoff,Singer/Rapper,35,Eliminated Week 5,9,5.0,24.0,True,280.0,0.0857142857142857,False,14_Gavin DeGraw,0.0003348298733973
14,4,Gavin DeGraw,Karina Smirnoff,Singer/Rapper,35,Eliminated Week 5,9,5.0,23.0,True,233.0,0.0987124463519313,False,14_Gavin DeGraw,9.010000415001342e-18
14,4,Gavin DeGraw,Karina Smirnoff,Singer/Rapper,35,Eliminated Week 5,9,5.0,23.0,True,233.0,0.0987124463519313,False,14_Gavin DeGraw,9.010000415001342e-18
14,5,Gavin DeGraw,Karina Smirnoff,Singer/Rapper,35,Eliminated Week 5,9,5.0,19.0,True,224.0,0.0848214285714285,True,14_Gavin DeGraw,3.526409307040516e-05
14,5,Gavin DeGraw,Karina Smirnoff,Singer/Rapper,35,Eliminated Week 5,9,5.0,19.0,True,224.0,0.0848214285714285,True,14_Gavin DeGraw,3.526409307040516e-05
14,6,Gavin DeGraw,Karina Smirnoff,Singer/Rapper,35,Eliminated Week 5,9,5.0,0.0,False,257.9993,0.0,False,14_Gavin DeGraw,
14,7,Gavin DeGraw,Karina Smirnoff,Singer/Rapper,35,Eliminated Week 5,9,5.0,0.0,False,183.5,0.0,False,14_Gavin DeGraw,
14,8,Gavin DeGraw,Karina Smirnoff,Singer/Rapper,35,Eliminated Week 5,9,5.0,0.0,False,163.5,0.0,False,14_Gavin DeGraw,
14,9,Gavin DeGraw,Karina Smirnoff,Singer/Rapper,35,Eliminated Week 5,9,5.0,0.0,False,115.0,0.0,False,14_Gavin DeGraw,
14,10,Gavin DeGraw,Karina Smirnoff,Singer/Rapper,35,Eliminated Week 5,9,5.0,0.0,False,89.3332,0.0,False,14_Gavin DeGraw,
14,1,Gladys Knight,Tristan MacManus,Singer/Rapper,67,Eliminated Week 6,8,6.0,23.0,True,270.0,0.0851851851851851,False,14_Gladys Knight,0.0028959104599949
14,1,Gladys Knight,Tristan MacManus,Singer/Rapper,67,Eliminated Week 6,8,6.0,23.0,True,270.0,0.0851851851851851,False,14_Gladys Knight,0.0028959104599949
14,2,Gladys Knight,Tristan MacManus,Singer/Rapper,67,Eliminated Week 6,8,6.0,19.0,True,269.0,0.070631970260223,False,14_Gladys Knight,0.0024829110243358
14,2,Gladys Knight,Tristan MacManus,Singer/Rapper,67,Eliminated Week 6,8,6.0,19.0,True,269.0,0.070631970260223,False,14_Gladys Knight,0.0024829110243358
14,3,Gladys Knight,Tristan MacManus,Singer/Rapper,67,Eliminated Week 6,8,6.0,24.0,True,280.0,0.0857142857142857,False,14_Gladys Knight,0.0027974240321057
14,3,Gladys Knight,Tristan MacManus,Singer/Rapper,67,Eliminated Week 6,8,6.0,24.0,True,280.0,0.0857142857142857,False,14_Gladys Knight,0.0027974240321057
14,4,Gladys Knight,Tristan MacManus,Singer/Rapper,67,Eliminated Week 6,8,6.0,20.0,True,233.0,0.0858369098712446,False,14_Gladys Knight,0.0040943336079976
14,4,Gladys Knight,Tristan MacManus,Singer/Rapper,67,Eliminated Week 6,8,6.0,20.0,True,233.0,0.0858369098712446,False,14_Gladys Knight,0.0040943336079976
14,5,Gladys Knight,Tristan MacManus,Singer/Rapper,67,Eliminated Week 6,8,6.0,22.0,True,224.0,0.0982142857142857,False,14_Gladys Knight,0.0027968616204558
14,5,Gladys Knight,Tristan MacManus,Singer/Rapper,67,Eliminated Week 6,8,6.0,22.0,True,224.0,0.0982142857142857,False,14_Gladys Knight,0.0027968616204558
14,6,Gladys Knight,Tristan MacManus,Singer/Rapper,67,Eliminated Week 6,8,6.0,24.0,True,257.9993,0.0930235082033168,True,14_Gladys Knight,0.0027970956105205
14,6,Gladys Knight,Tristan MacManus,Singer/Rapper,67,Eliminated Week 6,8,6.0,24.0,True,257.9993,0.0930235082033168,True,14_Gladys Knight,0.0027970956105205
14,7,Gladys Knight,Tristan MacManus,Singer/Rapper,67,Eliminated Week 6,8,6.0,0.0,False,183.5,0.0,False,14_Gladys Knight,
14,8,Gladys Knight,Tristan MacManus,Singer/Rapper,67,Eliminated Week 6,8,6.0,0.0,False,163.5,0.0,False,14_Gladys Knight,
14,9,Gladys Knight,Tristan MacManus,Singer/Rapper,67,Eliminated Week 6,8,6.0,0.0,False,115.0,0.0,False,14_Gladys Knight,
14,10,Gladys Knight,Tristan MacManus,Singer/Rapper,67,Eliminated Week 6,8,6.0,0.0,False,89.3332,0.0,False,14_Gladys Knight,
14,1,Katherine Jenkins,Mark Ballas,Singer/Rapper,31,2nd Place,2,,26.0,True,270.0,0.0962962962962963,False,14_Katherine Jenkins,0.3183262360866464
14,1,Katherine Jenkins,Mark Ballas,Singer/Rapper,31,2nd Place,2,,26.0,True,270.0,0.0962962962962963,False,14_Katherine Jenkins,0.3183262360866464
14,2,Katherine Jenkins,Mark Ballas,Singer/Rapper,31,2nd Place,2,,26.0,True,269.0,0.0966542750929368,False,14_Katherine Jenkins,0.3185461039503319
14,2,Katherine Jenkins,Mark Ballas,Singer/Rapper,31,2nd Place,2,,26.0,True,269.0,0.0966542750929368,False,14_Katherine Jenkins,0.3185461039503319
14,3,Katherine Jenkins,Mark Ballas,Singer/Rapper,31,2nd Place,2,,29.0,True,280.0,0.1035714285714285,False,14_Katherine Jenkins,0.318959723435169
14,3,Katherine Jenkins,Mark Ballas,Singer/Rapper,31,2nd Place,2,,29.0,True,280.0,0.1035714285714285,False,14_Katherine Jenkins,0.318959723435169
14,4,Katherine Jenkins,Mark Ballas,Singer/Rapper,31,2nd Place,2,,24.0,True,233.0,0.1030042918454935,False,14_Katherine Jenkins,0.3193523163164437
14,4,Katherine Jenkins,Mark Ballas,Singer/Rapper,31,2nd Place,2,,24.0,True,233.0,0.1030042918454935,False,14_Katherine Jenkins,0.3193523163164437
14,5,Katherine Jenkins,Mark Ballas,Singer/Rapper,31,2nd Place,2,,29.0,True,224.0,0.1294642857142857,False,14_Katherine Jenkins,0.3197705655865885
14,5,Katherine Jenkins,Mark Ballas,Singer/Rapper,31,2nd Place,2,,29.0,True,224.0,0.1294642857142857,False,14_Katherine Jenkins,0.3197705655865885
14,6,Katherine Jenkins,Mark Ballas,Singer/Rapper,31,2nd Place,2,,38.9999,True,257.9993,0.151162813232439,False,14_Katherine Jenkins,0.3205582499201664
14,6,Katherine Jenkins,Mark Ballas,Singer/Rapper,31,2nd Place,2,,38.9999,True,257.9993,0.151162813232439,False,14_Katherine Jenkins,0.3205582499201664
14,7,Katherine Jenkins,Mark Ballas,Singer/Rapper,31,2nd Place,2,,27.0,True,183.5,0.1471389645776566,False,14_Katherine Jenkins,0.3227842044889222
14,7,Katherine Jenkins,Mark Ballas,Singer/Rapper,31,2nd Place,2,,27.0,True,183.5,0.1471389645776566,False,14_Katherine Jenkins,0.3227842044889222
14,8,Katherine Jenkins,Mark Ballas,Singer/Rapper,31,2nd Place,2,,27.5,True,163.5,0.1681957186544342,False,14_Katherine Jenkins,0.3244449672547968
14,8,Katherine Jenkins,Mark Ballas,Singer/Rapper,31,2nd Place,2,,27.5,True,163.5,0.1681957186544342,False,14_Katherine Jenkins,0.3244449672547968
14,9,Katherine Jenkins,Mark Ballas,Singer/Rapper,31,2nd Place,2,,28.0,True,115.0,0.2434782608695652,False,14_Katherine Jenkins,0.3277714738198879
14,9,Katherine Jenkins,Mark Ballas,Singer/Rapper,31,2nd Place,2,,28.0,True,115.0,0.2434782608695652,False,14_Katherine Jenkins,0.3277714738198879
14,10,Katherine Jenkins,Mark Ballas,Singer/Rapper,31,2nd Place,2,,30.0,True,89.3332,0.3358213967483533,False,14_Katherine Jenkins,0.3333333338340086
14,10,Katherine Jenkins,Mark Ballas,Singer/Rapper,31,2nd Place,2,,30.0,True,89.3332,0.3358213967483533,False,14_Katherine Jenkins,0.3333333338340086
14,1,Maria Menounos,Derek Hough,TV Personality,33,Eliminated Week 9,4,9.0,21.0,True,270.0,0.0777777777777777,False,14_Maria Menounos,0.0331769618628948
14,1,Maria Menounos,Derek Hough,TV Personality,33,Eliminated Week 9,4,9.0,21.0,True,270.0,0.0777777777777777,False,14_Maria Menounos,0.0331769618628948
14,2,Maria Menounos,Derek Hough,TV Personality,33,Eliminated Week 9,4,9.0,25.0,True,269.0,0.0929368029739776,False,14_Maria Menounos,0.0317414323747663
14,2,Maria Menounos,Derek Hough,TV Personality,33,Eliminated Week 9,4,9.0,25.0,True,269.0,0.0929368029739776,False,14_Maria Menounos,0.0317414323747663
14,3,Maria Menounos,Derek Hough,TV Personality,33,Eliminated Week 9,4,9.0,27.0,True,280.0,0.0964285714285714,False,14_Maria Menounos,0.0299086591218104
14,3,Maria Menounos,Derek Hough,TV Personality,33,Eliminated Week 9,4,9.0,27.0,True,280.0,0.0964285714285714,False,14_Maria Menounos,0.0299086591218104
14,4,Maria Menounos,Derek Hough,TV Personality,33,Eliminated Week 9,4,9.0,26.0,True,233.0,0.111587982832618,False,14_Maria Menounos,0.0290636202352234
14,4,Maria Menounos,Derek Hough,TV Personality,33,Eliminated Week 9,4,9.0,26.0,True,233.0,0.111587982832618,False,14_Maria Menounos,0.0290636202352234
14,5,Maria Menounos,Derek Hough,TV Personality,33,Eliminated Week 9,4,9.0,27.0,True,224.0,0.1205357142857142,False,14_Maria Menounos,0.027450873833462
14,5,Maria Menounos,Derek Hough,TV Personality,33,Eliminated Week 9,4,9.0,27.0,True,224.0,0.1205357142857142,False,14_Maria Menounos,0.027450873833462
14,6,Maria Menounos,Derek Hough,TV Personality,33,Eliminated Week 9,4,9.0,29.999899999999997,True,257.9993,0.1162789976561951,False,14_Maria Menounos,0.0243110180452334
14,6,Maria Menounos,Derek Hough,TV Personality,33,Eliminated Week 9,4,9.0,29.999899999999997,True,257.9993,0.1162789976561951,False,14_Maria Menounos,0.0243110180452334
14,7,Maria Menounos,Derek Hough,TV Personality,33,Eliminated Week 9,4,9.0,28.5,True,183.5,0.1553133514986376,False,14_Maria Menounos,0.0204631637716693
14,7,Maria Menounos,Derek Hough,TV Personality,33,Eliminated Week 9,4,9.0,28.5,True,183.5,0.1553133514986376,False,14_Maria Menounos,0.0204631637716693
14,8,Maria Menounos,Derek Hough,TV Personality,33,Eliminated Week 9,4,9.0,26.5,True,163.5,0.1620795107033639,False,14_Maria Menounos,0.0178749519895657
14,8,Maria Menounos,Derek Hough,TV Personality,33,Eliminated Week 9,4,9.0,26.5,True,163.5,0.1620795107033639,False,14_Maria Menounos,0.0178749519895657
14,9,Maria Menounos,Derek Hough,TV Personality,33,Eliminated Week 9,4,9.0,29.5,True,115.0,0.2565217391304348,True,14_Maria Menounos,0.0166855799922557
14,9,Maria Menounos,Derek Hough,TV Personality,33,Eliminated Week 9,4,9.0,29.5,True,115.0,0.2565217391304348,True,14_Maria Menounos,0.0166855799922557
14,10,Maria Menounos,Derek Hough,TV Personality,33,Eliminated Week 9,4,9.0,0.0,False,89.3332,0.0,False,14_Maria Menounos,
15,1,Gilles Marini,Peta Murgatroyd,Actor/Actress,36,Eliminated Week 8,6,8.0,24.0,True,276.5,0.0867992766726944,False,15_Gilles Marini,0.006838303824486
15,1,Gilles Marini,Peta Murgatroyd,Actor/Actress,36,Eliminated Week 8,6,8.0,24.0,True,276.5,0.0867992766726944,False,15_Gilles Marini,0.006838303824486
15,2,Gilles Marini,Peta Murgatroyd,Actor/Actress,36,Eliminated Week 8,6,8.0,25.5,True,276.0,0.092391304347826,False,15_Gilles Marini,0.0069191444545062
15,2,Gilles Marini,Peta Murgatroyd,Actor/Actress,36,Eliminated Week 8,6,8.0,25.5,True,276.0,0.092391304347826,False,15_Gilles Marini,0.0069191444545062
15,3,Gilles Marini,Peta Murgatroyd,Actor/Actress,36,Eliminated Week 8,6,8.0,25.5,True,278.0,0.0917266187050359,False,15_Gilles Marini,0.0076185398166058
15,3,Gilles Marini,Peta Murgatroyd,Actor/Actress,36,Eliminated Week 8,6,8.0,25.5,True,278.0,0.0917266187050359,False,15_Gilles Marini,0.0076185398166058
15,4,Gilles Marini,Peta Murgatroyd,Actor/Actress,36,Eliminated Week 8,6,8.0,39.5,True,321.5,0.1228615863141524,False,15_Gilles Marini,0.0083631673949879
15,4,Gilles Marini,Peta Murgatroyd,Actor/Actress,36,Eliminated Week 8,6,8.0,39.5,True,321.5,0.1228615863141524,False,15_Gilles Marini,0.0083631673949879
15,5,Gilles Marini,Peta Murgatroyd,Actor/Actress,36,Eliminated Week 8,6,8.0,28.25,True,222.25,0.1271091113610798,False,15_Gilles Marini,0.0101492160836238
15,5,Gilles Marini,Peta Murgatroyd,Actor/Actress,36,Eliminated Week 8,6,8.0,28.25,True,222.25,0.1271091113610798,False,15_Gilles Marini,0.0101492160836238
15,6,Gilles Marini,Peta Murgatroyd,Actor/Actress,36,Eliminated Week 8,6,8.0,27.5,True,226.0,0.1216814159292035,False,15_Gilles Marini,0.0110100888764764
15,6,Gilles Marini,Peta Murgatroyd,Actor/Actress,36,Eliminated Week 8,6,8.0,27.5,True,226.0,0.1216814159292035,False,15_Gilles Marini,0.0110100888764764
15,7,Gilles Marini,Peta Murgatroyd,Actor/Actress,36,Eliminated Week 8,6,8.0,33.4998,True,241.9993,0.1384293260352406,False,15_Gilles Marini,0.0067120800236025
15,7,Gilles Marini,Peta Murgatroyd,Actor/Actress,36,Eliminated Week 8,6,8.0,33.4998,True,241.9993,0.1384293260352406,False,15_Gilles Marini,0.0067120800236025
15,8,Gilles Marini,Peta Murgatroyd,Actor/Actress,36,Eliminated Week 8,6,8.0,29.2777,True,199.2774,0.1469193195013584,True,15_Gilles Marini,0.0021717212019426
15,8,Gilles Marini,Peta Murgatroyd,Actor/Actress,36,Eliminated Week 8,6,8.0,29.2777,True,199.2774,0.1469193195013584,True,15_Gilles Marini,0.0021717212019426
15,9,Gilles Marini,Peta Murgatroyd,Actor/Actress,36,Eliminated Week 8,6,8.0,0.0,False,140.9997,0.0,False,15_Gilles Marini,
15,10,Gilles Marini,Peta Murgatroyd,Actor/Actress,36,Eliminated Week 8,6,8.0,0.0,False,87.3883,0.0,False,15_Gilles Marini,
15,1,Sabrina Bryan,Louis van Amstel,Actor/Actress,28,Eliminated Week 6,8,6.0,22.5,True,276.5,0.081374321880651,False,15_Sabrina Bryan,0.0001264987949013
15,1,Sabrina Bryan,Louis van Amstel,Actor/Actress,28,Eliminated Week 6,8,6.0,22.5,True,276.5,0.081374321880651,False,15_Sabrina Bryan,0.0001264987949013
15,2,Sabrina Bryan,Louis van Amstel,Actor/Actress,28,Eliminated Week 6,8,6.0,26.0,True,276.0,0.0942028985507246,False,15_Sabrina Bryan,1.507018409666018e-16
15,2,Sabrina Bryan,Louis van Amstel,Actor/Actress,28,Eliminated Week 6,8,6.0,26.0,True,276.0,0.0942028985507246,False,15_Sabrina Bryan,1.507018409666018e-16
15,3,Sabrina Bryan,Louis van Amstel,Actor/Actress,28,Eliminated Week 6,8,6.0,25.5,True,278.0,0.0917266187050359,False,15_Sabrina Bryan,9.549637399829252e-05
15,3,Sabrina Bryan,Louis van Amstel,Actor/Actress,28,Eliminated Week 6,8,6.0,25.5,True,278.0,0.0917266187050359,False,15_Sabrina Bryan,9.549637399829252e-05
15,4,Sabrina Bryan,Louis van Amstel,Actor/Actress,28,Eliminated Week 6,8,6.0,35.5,True,321.5,0.1104199066874028,False,15_Sabrina Bryan,2.9198133359668456e-05
15,4,Sabrina Bryan,Louis van Amstel,Actor/Actress,28,Eliminated Week 6,8,6.0,35.5,True,321.5,0.1104199066874028,False,15_Sabrina Bryan,2.9198133359668456e-05
15,5,Sabrina Bryan,Louis van Amstel,Actor/Actress,28,Eliminated Week 6,8,6.0,29.25,True,222.25,0.1316085489313835,False,15_Sabrina Bryan,0.0005456725845222
15,5,Sabrina Bryan,Louis van Amstel,Actor/Actress,28,Eliminated Week 6,8,6.0,29.25,True,222.25,0.1316085489313835,False,15_Sabrina Bryan,0.0005456725845222
15,6,Sabrina Bryan,Louis van Amstel,Actor/Actress,28,Eliminated Week 6,8,6.0,30.0,True,226.0,0.1327433628318584,True,15_Sabrina Bryan,3.459804957883728e-17
15,6,Sabrina Bryan,Louis van Amstel,Actor/Actress,28,Eliminated Week 6,8,6.0,30.0,True,226.0,0.1327433628318584,True,15_Sabrina Bryan,3.459804957883728e-17
15,7,Sabrina Bryan,Louis van Amstel,Actor/Actress,28,Eliminated Week 6,8,6.0,0.0,False,241.9993,0.0,False,15_Sabrina Bryan,
15,8,Sabrina Bryan,Louis van Amstel,Actor/Actress,28,Eliminated Week 6,8,6.0,0.0,False,199.2774,0.0,False,15_Sabrina Bryan,
15,9,Sabrina Bryan,Louis van Amstel,Actor/Actress,28,Eliminated Week 6,8,6.0,0.0,False,140.9997,0.0,False,15_Sabrina Bryan,
15,10,Sabrina Bryan,Louis van Amstel,Actor/Actress,28,Eliminated Week 6,8,6.0,0.0,False,87.3883,0.0,False,15_Sabrina Bryan,
15,1,Kirstie Alley,Maksim Chmerkoskiy,Actor/Actress,61,Eliminated Week 8,7,8.0,19.0,True,276.5,0.0687160940325497,False,15_Kirstie Alley,0.012643340027251
15,1,Kirstie Alley,Maksim Chmerkoskiy,Actor/Actress,61,Eliminated Week 8,7,8.0,19.0,True,276.5,0.0687160940325497,False,15_Kirstie Alley,0.012643340027251
15,2,Kirstie Alley,Maksim Chmerkoskiy,Actor/Actress,61,Eliminated Week 8,7,8.0,21.0,True,276.0,0.0760869565217391,False,15_Kirstie Alley,0.0127174795852914
15,2,Kirstie Alley,Maksim Chmerkoskiy,Actor/Actress,61,Eliminated Week 8,7,8.0,21.0,True,276.0,0.0760869565217391,False,15_Kirstie Alley,0.0127174795852914
15,3,Kirstie Alley,Maksim Chmerkoskiy,Actor/Actress,61,Eliminated Week 8,7,8.0,24.0,True,278.0,0.0863309352517985,False,15_Kirstie Alley,0.0133620972298375
15,3,Kirstie Alley,Maksim Chmerkoskiy,Actor/Actress,61,Eliminated Week 8,7,8.0,24.0,True,278.0,0.0863309352517985,False,15_Kirstie Alley,0.0133620972298375
15,4,Kirstie Alley,Maksim Chmerkoskiy,Actor/Actress,61,Eliminated Week 8,7,8.0,30.0,True,321.5,0.093312597200622,False,15_Kirstie Alley,0.0142037146961181
15,4,Kirstie Alley,Maksim Chmerkoskiy,Actor/Actress,61,Eliminated Week 8,7,8.0,30.0,True,321.5,0.093312597200622,False,15_Kirstie Alley,0.0142037146961181
15,5,Kirstie Alley,Maksim Chmerkoskiy,Actor/Actress,61,Eliminated Week 8,7,8.0,26.25,True,222.25,0.1181102362204724,False,15_Kirstie Alley,0.0131257397112844
15,5,Kirstie Alley,Maksim Chmerkoskiy,Actor/Actress,61,Eliminated Week 8,7,8.0,26.25,True,222.25,0.1181102362204724,False,15_Kirstie Alley,0.0131257397112844
15,6,Kirstie Alley,Maksim Chmerkoskiy,Actor/Actress,61,Eliminated Week 8,7,8.0,27.5,True,226.0,0.1216814159292035,False,15_Kirstie Alley,0.0110100888764764
15,6,Kirstie Alley,Maksim Chmerkoskiy,Actor/Actress,61,Eliminated Week 8,7,8.0,27.5,True,226.0,0.1216814159292035,False,15_Kirstie Alley,0.0110100888764764
15,7,Kirstie Alley,Maksim Chmerkoskiy,Actor/Actress,61,Eliminated Week 8,7,8.0,27.999899999999997,True,241.9993,0.1157024007920684,False,15_Kirstie Alley,0.0096418716540139
15,7,Kirstie Alley,Maksim Chmerkoskiy,Actor/Actress,61,Eliminated Week 8,7,8.0,27.999899999999997,True,241.9993,0.1157024007920684,False,15_Kirstie Alley,0.0096418716540139
15,8,Kirstie Alley,Maksim Chmerkoskiy,Actor/Actress,61,Eliminated Week 8,7,8.0,25.5,True,199.2774,0.127962327890669,True,15_Kirstie Alley,0.0081405078582919
15,8,Kirstie Alley,Maksim Chmerkoskiy,Actor/Actress,61,Eliminated Week 8,7,8.0,25.5,True,199.2774,0.127962327890669,True,15_Kirstie Alley,0.0081405078582919
15,9,Kirstie Alley,Maksim Chmerkoskiy,Actor/Actress,61,Eliminated Week 8,7,8.0,0.0,False,140.9997,0.0,False,15_Kirstie Alley,
15,10,Kirstie Alley,Maksim Chmerkoskiy,Actor/Actress,61,Eliminated Week 8,7,8.0,0.0,False,87.3883,0.0,False,15_Kirstie Alley,
15,1,Kelly Monaco,Valentin Chmerkovskiy,Actor/Actress,36,3rd Place,3,,21.5,True,276.5,0.077757685352622,False,15_Kelly Monaco,0.3172596273443089
15,1,Kelly Monaco,Valentin Chmerkovskiy,Actor/Actress,36,3rd Place,3,,21.5,True,276.5,0.077757685352622,False,15_Kelly Monaco,0.3172596273443089
15,2,Kelly Monaco,Valentin Chmerkovskiy,Actor/Actress,36,3rd Place,3,,22.0,True,276.0,0.0797101449275362,False,15_Kelly Monaco,0.3172399791569642
15,2,Kelly Monaco,Valentin Chmerkovskiy,Actor/Actress,36,3rd Place,3,,22.0,True,276.0,0.0797101449275362,False,15_Kelly Monaco,0.3172399791569642
15,3,Kelly Monaco,Valentin Chmerkovskiy,Actor/Actress,36,3rd Place,3,,27.0,True,278.0,0.0971223021582733,False,15_Kelly Monaco,0.3179341489623054
15,3,Kelly Monaco,Valentin Chmerkovskiy,Actor/Actress,36,3rd Place,3,,27.0,True,278.0,0.0971223021582733,False,15_Kelly Monaco,0.3179341489623054
15,4,Kelly Monaco,Valentin Chmerkovskiy,Actor/Actress,36,3rd Place,3,,37.5,True,321.5,0.1166407465007776,False,15_Kelly Monaco,0.3185640747591786
15,4,Kelly Monaco,Valentin Chmerkovskiy,Actor/Actress,36,3rd Place,3,,37.5,True,321.5,0.1166407465007776,False,15_Kelly Monaco,0.3185640747591786
15,5,Kelly Monaco,Valentin Chmerkovskiy,Actor/Actress,36,3rd Place,3,,25.75,True,222.25,0.1158605174353205,False,15_Kelly Monaco,0.3201817185158795
15,5,Kelly Monaco,Valentin Chmerkovskiy,Actor/Actress,36,3rd Place,3,,25.75,True,222.25,0.1158605174353205,False,15_Kelly Monaco,0.3201817185158795
15,6,Kelly Monaco,Valentin Chmerkovskiy,Actor/Actress,36,3rd Place,3,,27.0,True,226.0,0.1194690265486725,False,15_Kelly Monaco,0.32082792654158
15,6,Kelly Monaco,Valentin Chmerkovskiy,Actor/Actress,36,3rd Place,3,,27.0,True,226.0,0.1194690265486725,False,15_Kelly Monaco,0.32082792654158
15,7,Kelly Monaco,Valentin Chmerkovskiy,Actor/Actress,36,3rd Place,3,,36.0,True,241.9993,0.1487607608782339,False,15_Kelly Monaco,0.3230562068206024
15,7,Kelly Monaco,Valentin Chmerkovskiy,Actor/Actress,36,3rd Place,3,,36.0,True,241.9993,0.1487607608782339,False,15_Kelly Monaco,0.3230562068206024
15,8,Kelly Monaco,Valentin Chmerkovskiy,Actor/Actress,36,3rd Place,3,,28.3333,True,199.2774,0.1421801970519487,False,15_Kelly Monaco,0.3253656981807225
15,8,Kelly Monaco,Valentin Chmerkovskiy,Actor/Actress,36,3rd Place,3,,28.3333,True,199.2774,0.1421801970519487,False,15_Kelly Monaco,0.3253656981807225
15,9,Kelly Monaco,Valentin Chmerkovskiy,Actor/Actress,36,3rd Place,3,,27.110999999999997,True,140.9997,0.1922770048446911,False,15_Kelly Monaco,0.3291130580875921
15,9,Kelly Monaco,Valentin Chmerkovskiy,Actor/Actress,36,3rd Place,3,,27.110999999999997,True,140.9997,0.1922770048446911,False,15_Kelly Monaco,0.3291130580875921
15,10,Kelly Monaco,Valentin Chmerkovskiy,Actor/Actress,36,3rd Place,3,,29.1109,True,87.3883,0.3331212530739241,False,15_Kelly Monaco,0.3333333339062678
15,10,Kelly Monaco,Valentin Chmerkovskiy,Actor/Actress,36,3rd Place,3,,29.1109,True,87.3883,0.3331212530739241,False,15_Kelly Monaco,0.3333333339062678
15,1,Apolo Anton Ohno,Karina Smirnoff,Athlete,30,Eliminated Week 9,5,9.0,22.0,True,276.5,0.0795660036166365,False,15_Apolo Anton Ohno,1.5630633490234632e-05
15,1,Apolo Anton Ohno,Karina Smirnoff,Athlete,30,Eliminated Week 9,5,9.0,22.0,True,276.5,0.0795660036166365,False,15_Apolo Anton Ohno,1.5630633490234632e-05
15,2,Apolo Anton Ohno,Karina Smirnoff,Athlete,30,Eliminated Week 9,5,9.0,24.5,True,276.0,0.0887681159420289,False,15_Apolo Anton Ohno,1.6196234825689022e-16
15,2,Apolo Anton Ohno,Karina Smirnoff,Athlete,30,Eliminated Week 9,5,9.0,24.5,True,276.0,0.0887681159420289,False,15_Apolo Anton Ohno,1.6196234825689022e-16
15,3,Apolo Anton Ohno,Karina Smirnoff,Athlete,30,Eliminated Week 9,5,9.0,25.5,True,278.0,0.0917266187050359,False,15_Apolo Anton Ohno,0.0001204510030974
15,3,Apolo Anton Ohno,Karina Smirnoff,Athlete,30,Eliminated Week 9,5,9.0,25.5,True,278.0,0.0917266187050359,False,15_Apolo Anton Ohno,0.0001204510030974
15,4,Apolo Anton Ohno,Karina Smirnoff,Athlete,30,Eliminated Week 9,5,9.0,34.5,True,321.5,0.1073094867807153,False,15_Apolo Anton Ohno,0.0002068251160248
15,4,Apolo Anton Ohno,Karina Smirnoff,Athlete,30,Eliminated Week 9,5,9.0,34.5,True,321.5,0.1073094867807153,False,15_Apolo Anton Ohno,0.0002068251160248
15,5,Apolo Anton Ohno,Karina Smirnoff,Athlete,30,Eliminated Week 9,5,9.0,28.25,True,222.25,0.1271091113610798,False,15_Apolo Anton Ohno,0.0006481415354018
15,5,Apolo Anton Ohno,Karina Smirnoff,Athlete,30,Eliminated Week 9,5,9.0,28.25,True,222.25,0.1271091113610798,False,15_Apolo Anton Ohno,0.0006481415354018
15,6,Apolo Anton Ohno,Karina Smirnoff,Athlete,30,Eliminated Week 9,5,9.0,30.0,True,226.0,0.1327433628318584,False,15_Apolo Anton Ohno,6.119621742497425e-05
15,6,Apolo Anton Ohno,Karina Smirnoff,Athlete,30,Eliminated Week 9,5,9.0,30.0,True,226.0,0.1327433628318584,False,15_Apolo Anton Ohno,6.119621742497425e-05
15,7,Apolo Anton Ohno,Karina Smirnoff,Athlete,30,Eliminated Week 9,5,9.0,33.0,True,241.9993,0.1363640308050477,False,15_Apolo Anton Ohno,0.0012027989711664
15,7,Apolo Anton Ohno,Karina Smirnoff,Athlete,30,Eliminated Week 9,5,9.0,33.0,True,241.9993,0.1363640308050477,False,15_Apolo Anton Ohno,0.0012027989711664
15,8,Apolo Anton Ohno,Karina Smirnoff,Athlete,30,Eliminated Week 9,5,9.0,29.2777,True,199.2774,0.1469193195013584,False,15_Apolo Anton Ohno,0.0021458799851385
15,8,Apolo Anton Ohno,Karina Smirnoff,Athlete,30,Eliminated Week 9,5,9.0,29.2777,True,199.2774,0.1469193195013584,False,15_Apolo Anton Ohno,0.0021458799851385
15,9,Apolo Anton Ohno,Karina Smirnoff,Athlete,30,Eliminated Week 9,5,9.0,28.611,True,140.9997,0.202915325351756,True,15_Apolo Anton Ohno,0.0017182988122758
15,9,Apolo Anton Ohno,Karina Smirnoff,Athlete,30,Eliminated Week 9,5,9.0,28.611,True,140.9997,0.202915325351756,True,15_Apolo Anton Ohno,0.0017182988122758
15,10,Apolo Anton Ohno,Karina Smirnoff,Athlete,30,Eliminated Week 9,5,9.0,0.0,False,87.3883,0.0,False,15_Apolo Anton Ohno,
15,1,Emmitt Smith,Cheryl Burke,Athlete,43,Eliminated Week 9,4,9.0,24.5,True,276.5,0.0886075949367088,False,15_Emmitt Smith,0.0122916529609498
15,1,Emmitt Smith,Cheryl Burke,Athlete,43,Eliminated Week 9,4,9.0,24.5,True,276.5,0.0886075949367088,False,15_Emmitt Smith,0.0122916529609498
15,2,Emmitt Smith,Cheryl Burke,Athlete,43,Eliminated Week 9,4,9.0,22.5,True,276.0,0.0815217391304347,False,15_Emmitt Smith,0.0123635459144682
15,2,Emmitt Smith,Cheryl Burke,Athlete,43,Eliminated Week 9,4,9.0,22.5,True,276.0,0.0815217391304347,False,15_Emmitt Smith,0.0123635459144682
15,3,Emmitt Smith,Cheryl Burke,Athlete,43,Eliminated Week 9,4,9.0,25.0,True,278.0,0.0899280575539568,False,15_Emmitt Smith,0.0130083257685138
15,3,Emmitt Smith,Cheryl Burke,Athlete,43,Eliminated Week 9,4,9.0,25.0,True,278.0,0.0899280575539568,False,15_Emmitt Smith,0.0130083257685138
15,4,Emmitt Smith,Cheryl Burke,Athlete,43,Eliminated Week 9,4,9.0,36.0,True,321.5,0.1119751166407465,False,15_Emmitt Smith,0.0135062212053875
15,4,Emmitt Smith,Cheryl Burke,Athlete,43,Eliminated Week 9,4,9.0,36.0,True,321.5,0.1119751166407465,False,15_Emmitt Smith,0.0135062212053875
15,5,Emmitt Smith,Cheryl Burke,Athlete,43,Eliminated Week 9,4,9.0,28.0,True,222.25,0.1259842519685039,False,15_Emmitt Smith,0.0149860492901296
15,5,Emmitt Smith,Cheryl Burke,Athlete,43,Eliminated Week 9,4,9.0,28.0,True,222.25,0.1259842519685039,False,15_Emmitt Smith,0.0149860492901296
15,6,Emmitt Smith,Cheryl Burke,Athlete,43,Eliminated Week 9,4,9.0,26.5,True,226.0,0.1172566371681416,False,15_Emmitt Smith,0.0154348676375384
15,6,Emmitt Smith,Cheryl Burke,Athlete,43,Eliminated Week 9,4,9.0,26.5,True,226.0,0.1172566371681416,False,15_Emmitt Smith,0.0154348676375384
15,7,Emmitt Smith,Cheryl Burke,Athlete,43,Eliminated Week 9,4,9.0,34.4999,True,241.9993,0.142561982617305,False,15_Emmitt Smith,0.0132746059536618
15,7,Emmitt Smith,Cheryl Burke,Athlete,43,Eliminated Week 9,4,9.0,34.4999,True,241.9993,0.142561982617305,False,15_Emmitt Smith,0.0132746059536618
15,8,Emmitt Smith,Cheryl Burke,Athlete,43,Eliminated Week 9,4,9.0,29.0554,True,199.2774,0.1458037890899821,False,15_Emmitt Smith,0.0114448111661252
15,8,Emmitt Smith,Cheryl Burke,Athlete,43,Eliminated Week 9,4,9.0,29.0554,True,199.2774,0.1458037890899821,False,15_Emmitt Smith,0.0114448111661252
15,9,Emmitt Smith,Cheryl Burke,Athlete,43,Eliminated Week 9,4,9.0,27.0,True,140.9997,0.1914897691271683,True,15_Emmitt Smith,0.0109425141692672
15,9,Emmitt Smith,Cheryl Burke,Athlete,43,Eliminated Week 9,4,9.0,27.0,True,140.9997,0.1914897691271683,True,15_Emmitt Smith,0.0109425141692672
15,10,Emmitt Smith,Cheryl Burke,Athlete,43,Eliminated Week 9,4,9.0,0.0,False,87.3883,0.0,False,15_Emmitt Smith,
15,1,Shawn Johnson,Derek Hough,Athlete,20,2nd Place,2,,22.0,True,276.5,0.0795660036166365,False,15_Shawn Johnson,0.3172596305346127
15,1,Shawn Johnson,Derek Hough,Athlete,20,2nd Place,2,,22.0,True,276.5,0.0795660036166365,False,15_Shawn Johnson,0.3172596305346127
15,2,Shawn Johnson,Derek Hough,Athlete,20,2nd Place,2,,25.0,True,276.0,0.0905797101449275,False,15_Shawn Johnson,0.317239974967039
15,2,Shawn Johnson,Derek Hough,Athlete,20,2nd Place,2,,25.0,True,276.0,0.0905797101449275,False,15_Shawn Johnson,0.317239974967039
15,3,Shawn Johnson,Derek Hough,Athlete,20,2nd Place,2,,26.5,True,278.0,0.0953237410071942,False,15_Shawn Johnson,0.3179341587461683
15,3,Shawn Johnson,Derek Hough,Athlete,20,2nd Place,2,,26.5,True,278.0,0.0953237410071942,False,15_Shawn Johnson,0.3179341587461683
15,4,Shawn Johnson,Derek Hough,Athlete,20,2nd Place,2,,39.5,True,321.5,0.1228615863141524,False,15_Shawn Johnson,0.3185640653715934
15,4,Shawn Johnson,Derek Hough,Athlete,20,2nd Place,2,,39.5,True,321.5,0.1228615863141524,False,15_Shawn Johnson,0.3185640653715934
15,5,Shawn Johnson,Derek Hough,Athlete,20,2nd Place,2,,28.25,True,222.25,0.1271091113610798,False,15_Shawn Johnson,0.3201817316959073
15,5,Shawn Johnson,Derek Hough,Athlete,20,2nd Place,2,,28.25,True,222.25,0.1271091113610798,False,15_Shawn Johnson,0.3201817316959073
15,6,Shawn Johnson,Derek Hough,Athlete,20,2nd Place,2,,28.0,True,226.0,0.1238938053097345,False,15_Shawn Johnson,0.320827915931107
15,6,Shawn Johnson,Derek Hough,Athlete,20,2nd Place,2,,28.0,True,226.0,0.1238938053097345,False,15_Shawn Johnson,0.320827915931107
15,7,Shawn Johnson,Derek Hough,Athlete,20,2nd Place,2,,37.9998,True,241.9993,0.1570244211450198,False,15_Shawn Johnson,0.3230562189144917
15,7,Shawn Johnson,Derek Hough,Athlete,20,2nd Place,2,,37.9998,True,241.9993,0.1570244211450198,False,15_Shawn Johnson,0.3230562189144917
15,8,Shawn Johnson,Derek Hough,Athlete,20,2nd Place,2,,27.8333,True,199.2774,0.1396711317991904,False,15_Shawn Johnson,0.3253656908422118
15,8,Shawn Johnson,Derek Hough,Athlete,20,2nd Place,2,,27.8333,True,199.2774,0.1396711317991904,False,15_Shawn Johnson,0.3253656908422118
15,9,Shawn Johnson,Derek Hough,Athlete,20,2nd Place,2,,29.5,True,140.9997,0.2092203033056099,False,15_Shawn Johnson,0.3291130649858418
15,9,Shawn Johnson,Derek Hough,Athlete,20,2nd Place,2,,29.5,True,140.9997,0.2092203033056099,False,15_Shawn Johnson,0.3291130649858418
15,10,Shawn Johnson,Derek Hough,Athlete,20,2nd Place,2,,28.9443,True,87.3883,0.3312148193751337,False,15_Shawn Johnson,0.333333333281581
15,10,Shawn Johnson,Derek Hough,Athlete,20,2nd Place,2,,28.9443,True,87.3883,0.3312148193751337,False,15_Shawn Johnson,0.333333333281581
15,1,Pamela Anderson,Tristan MacManus,Model,45,Eliminated Week 1,13,1.0,17.0,True,276.5,0.0614828209764918,True,15_Pamela Anderson,3.3790229888333e-05
15,1,Pamela Anderson,Tristan MacManus,Model,45,Eliminated Week 1,13,1.0,17.0,True,276.5,0.0614828209764918,True,15_Pamela Anderson,3.3790229888333e-05
15,2,Pamela Anderson,Tristan MacManus,Model,45,Eliminated Week 1,13,1.0,0.0,False,276.0,0.0,False,15_Pamela Anderson,
15,3,Pamela Anderson,Tristan MacManus,Model,45,Eliminated Week 1,13,1.0,0.0,False,278.0,0.0,False,15_Pamela Anderson,
15,4,Pamela Anderson,Tristan MacManus,Model,45,Eliminated Week 1,13,1.0,0.0,False,321.5,0.0,False,15_Pamela Anderson,
15,5,Pamela Anderson,Tristan MacManus,Model,45,Eliminated Week 1,13,1.0,0.0,False,222.25,0.0,False,15_Pamela Anderson,
15,6,Pamela Anderson,Tristan MacManus,Model,45,Eliminated Week 1,13,1.0,0.0,False,226.0,0.0,False,15_Pamela Anderson,
15,7,Pamela Anderson,Tristan MacManus,Model,45,Eliminated Week 1,13,1.0,0.0,False,241.9993,0.0,False,15_Pamela Anderson,
15,8,Pamela Anderson,Tristan MacManus,Model,45,Eliminated Week 1,13,1.0,0.0,False,199.2774,0.0,False,15_Pamela Anderson,
15,9,Pamela Anderson,Tristan MacManus,Model,45,Eliminated Week 1,13,1.0,0.0,False,140.9997,0.0,False,15_Pamela Anderson,
15,10,Pamela Anderson,Tristan MacManus,Model,45,Eliminated Week 1,13,1.0,0.0,False,87.3883,0.0,False,15_Pamela Anderson,
15,1,Helio Castroneves,Chelsie Hightower,Racing Driver,37,Eliminated Week 3,10,3.0,21.5,True,276.5,0.077757685352622,False,15_Helio Castroneves,4.975309622096795e-05
15,1,Helio Castroneves,Chelsie Hightower,Racing Driver,37,Eliminated Week 3,10,3.0,21.5,True,276.5,0.077757685352622,False,15_Helio Castroneves,4.975309622096795e-05
15,2,Helio Castroneves,Chelsie Hightower,Racing Driver,37,Eliminated Week 3,10,3.0,23.0,True,276.0,0.0833333333333333,False,15_Helio Castroneves,4.3902399340012615e-17
15,2,Helio Castroneves,Chelsie Hightower,Racing Driver,37,Eliminated Week 3,10,3.0,23.0,True,276.0,0.0833333333333333,False,15_Helio Castroneves,4.3902399340012615e-17
15,3,Helio Castroneves,Chelsie Hightower,Racing Driver,37,Eliminated Week 3,10,3.0,25.5,True,278.0,0.0917266187050359,True,15_Helio Castroneves,3.4861932643279085e-07
15,3,Helio Castroneves,Chelsie Hightower,Racing Driver,37,Eliminated Week 3,10,3.0,25.5,True,278.0,0.0917266187050359,True,15_Helio Castroneves,3.4861932643279085e-07
15,4,Helio Castroneves,Chelsie Hightower,Racing Driver,37,Eliminated Week 3,10,3.0,0.0,False,321.5,0.0,False,15_Helio Castroneves,
15,5,Helio Castroneves,Chelsie Hightower,Racing Driver,37,Eliminated Week 3,10,3.0,0.0,False,222.25,0.0,False,15_Helio Castroneves,
15,6,Helio Castroneves,Chelsie Hightower,Racing Driver,37,Eliminated Week 3,10,3.0,0.0,False,226.0,0.0,False,15_Helio Castroneves,
15,7,Helio Castroneves,Chelsie Hightower,Racing Driver,37,Eliminated Week 3,10,3.0,0.0,False,241.9993,0.0,False,15_Helio Castroneves,
15,8,Helio Castroneves,Chelsie Hightower,Racing Driver,37,Eliminated Week 3,10,3.0,0.0,False,199.2774,0.0,False,15_Helio Castroneves,
15,9,Helio Castroneves,Chelsie Hightower,Racing Driver,37,Eliminated Week 3,10,3.0,0.0,False,140.9997,0.0,False,15_Helio Castroneves,
15,10,Helio Castroneves,Chelsie Hightower,Racing Driver,37,Eliminated Week 3,10,3.0,0.0,False,87.3883,0.0,False,15_Helio Castroneves,
15,1,Joey Fatone,Kym Johnson,Singer/Rapper,35,Eliminated Week 2,12,2.0,20.5,True,276.5,0.0741410488245931,False,15_Joey Fatone,4.832243001370592e-05
15,1,Joey Fatone,Kym Johnson,Singer/Rapper,35,Eliminated Week 2,12,2.0,20.5,True,276.5,0.0741410488245931,False,15_Joey Fatone,4.832243001370592e-05
15,2,Joey Fatone,Kym Johnson,Singer/Rapper,35,Eliminated Week 2,12,2.0,22.5,True,276.0,0.0815217391304347,True,15_Joey Fatone,7.457332047268563e-18
15,2,Joey Fatone,Kym Johnson,Singer/Rapper,35,Eliminated Week 2,12,2.0,22.5,True,276.0,0.0815217391304347,True,15_Joey Fatone,7.457332047268563e-18
15,3,Joey Fatone,Kym Johnson,Singer/Rapper,35,Eliminated Week 2,12,2.0,0.0,False,278.0,0.0,False,15_Joey Fatone,
15,4,Joey Fatone,Kym Johnson,Singer/Rapper,35,Eliminated Week 2,12,2.0,0.0,False,321.5,0.0,False,15_Joey Fatone,
15,5,Joey Fatone,Kym Johnson,Singer/Rapper,35,Eliminated Week 2,12,2.0,0.0,False,222.25,0.0,False,15_Joey Fatone,
15,6,Joey Fatone,Kym Johnson,Singer/Rapper,35,Eliminated Week 2,12,2.0,0.0,False,226.0,0.0,False,15_Joey Fatone,
15,7,Joey Fatone,Kym Johnson,Singer/Rapper,35,Eliminated Week 2,12,2.0,0.0,False,241.9993,0.0,False,15_Joey Fatone,
15,8,Joey Fatone,Kym Johnson,Singer/Rapper,35,Eliminated Week 2,12,2.0,0.0,False,199.2774,0.0,False,15_Joey Fatone,
15,9,Joey Fatone,Kym Johnson,Singer/Rapper,35,Eliminated Week 2,12,2.0,0.0,False,140.9997,0.0,False,15_Joey Fatone,
15,10,Joey Fatone,Kym Johnson,Singer/Rapper,35,Eliminated Week 2,12,2.0,0.0,False,87.3883,0.0,False,15_Joey Fatone,
15,1,Drew Lachey,Anna Trebunskaya,Singer/Rapper,36,Eliminated Week 3,11,3.0,21.5,True,276.5,0.077757685352622,False,15_Drew Lachey,5.5196830458198544e-05
15,1,Drew Lachey,Anna Trebunskaya,Singer/Rapper,36,Eliminated Week 3,11,3.0,21.5,True,276.5,0.077757685352622,False,15_Drew Lachey,5.5196830458198544e-05
15,2,Drew Lachey,Anna Trebunskaya,Singer/Rapper,36,Eliminated Week 3,11,3.0,22.5,True,276.0,0.0815217391304347,False,15_Drew Lachey,4.3715056800609185e-17
15,2,Drew Lachey,Anna Trebunskaya,Singer/Rapper,36,Eliminated Week 3,11,3.0,22.5,True,276.0,0.0815217391304347,False,15_Drew Lachey,4.3715056800609185e-17
15,3,Drew Lachey,Anna Trebunskaya,Singer/Rapper,36,Eliminated Week 3,11,3.0,24.0,True,278.0,0.0863309352517985,True,15_Drew Lachey,1.960615465071501e-05
15,3,Drew Lachey,Anna Trebunskaya,Singer/Rapper,36,Eliminated Week 3,11,3.0,24.0,True,278.0,0.0863309352517985,True,15_Drew Lachey,1.960615465071501e-05
15,4,Drew Lachey,Anna Trebunskaya,Singer/Rapper,36,Eliminated Week 3,11,3.0,0.0,False,321.5,0.0,False,15_Drew Lachey,
15,5,Drew Lachey,Anna Trebunskaya,Singer/Rapper,36,Eliminated Week 3,11,3.0,0.0,False,222.25,0.0,False,15_Drew Lachey,
15,6,Drew Lachey,Anna Trebunskaya,Singer/Rapper,36,Eliminated Week 3,11,3.0,0.0,False,226.0,0.0,False,15_Drew Lachey,
15,7,Drew Lachey,Anna Trebunskaya,Singer/Rapper,36,Eliminated Week 3,11,3.0,0.0,False,241.9993,0.0,False,15_Drew Lachey,
15,8,Drew Lachey,Anna Trebunskaya,Singer/Rapper,36,Eliminated Week 3,11,3.0,0.0,False,199.2774,0.0,False,15_Drew Lachey,
15,9,Drew Lachey,Anna Trebunskaya,Singer/Rapper,36,Eliminated Week 3,11,3.0,0.0,False,140.9997,0.0,False,15_Drew Lachey,
15,10,Drew Lachey,Anna Trebunskaya,Singer/Rapper,36,Eliminated Week 3,11,3.0,0.0,False,87.3883,0.0,False,15_Drew Lachey,
15,1,Bristol Palin,Mark Ballas,TV Personality,21,Eliminated Week 4,9,4.0,19.5,True,276.5,0.0705244122965642,False,15_Bristol Palin,0.0161186233963622
15,1,Bristol Palin,Mark Ballas,TV Personality,21,Eliminated Week 4,9,4.0,19.5,True,276.5,0.0705244122965642,False,15_Bristol Palin,0.0161186233963622
15,2,Bristol Palin,Mark Ballas,TV Personality,21,Eliminated Week 4,9,4.0,18.0,True,276.0,0.0652173913043478,False,15_Bristol Palin,0.0162799015106512
15,2,Bristol Palin,Mark Ballas,TV Personality,21,Eliminated Week 4,9,4.0,18.0,True,276.0,0.0652173913043478,False,15_Bristol Palin,0.0162799015106512
15,3,Bristol Palin,Mark Ballas,TV Personality,21,Eliminated Week 4,9,4.0,22.5,True,278.0,0.0809352517985611,False,15_Bristol Palin,0.0119726693908277
15,3,Bristol Palin,Mark Ballas,TV Personality,21,Eliminated Week 4,9,4.0,22.5,True,278.0,0.0809352517985611,False,15_Bristol Palin,0.0119726693908277
15,4,Bristol Palin,Mark Ballas,TV Personality,21,Eliminated Week 4,9,4.0,32.0,True,321.5,0.0995334370139968,True,15_Bristol Palin,0.00799866827738
15,4,Bristol Palin,Mark Ballas,TV Personality,21,Eliminated Week 4,9,4.0,32.0,True,321.5,0.0995334370139968,True,15_Bristol Palin,0.00799866827738
15,5,Bristol Palin,Mark Ballas,TV Personality,21,Eliminated Week 4,9,4.0,0.0,False,222.25,0.0,False,15_Bristol Palin,
15,6,Bristol Palin,Mark Ballas,TV Personality,21,Eliminated Week 4,9,4.0,0.0,False,226.0,0.0,False,15_Bristol Palin,
15,7,Bristol Palin,Mark Ballas,TV Personality,21,Eliminated Week 4,9,4.0,0.0,False,241.9993,0.0,False,15_Bristol Palin,
15,8,Bristol Palin,Mark Ballas,TV Personality,21,Eliminated Week 4,9,4.0,0.0,False,199.2774,0.0,False,15_Bristol Palin,
15,9,Bristol Palin,Mark Ballas,TV Personality,21,Eliminated Week 4,9,4.0,0.0,False,140.9997,0.0,False,15_Bristol Palin,
15,10,Bristol Palin,Mark Ballas,TV Personality,21,Eliminated Week 4,9,4.0,0.0,False,87.3883,0.0,False,15_Bristol Palin,
15,1,Melissa Rycroft,Tony Dovolani,TV Personality,29,1st Place,1,,21.0,True,276.5,0.0759493670886076,False,15_Melissa Rycroft,0.3172596298970564
15,1,Melissa Rycroft,Tony Dovolani,TV Personality,29,1st Place,1,,21.0,True,276.5,0.0759493670886076,False,15_Melissa Rycroft,0.3172596298970564
15,2,Melissa Rycroft,Tony Dovolani,TV Personality,29,1st Place,1,,23.5,True,276.0,0.0851449275362318,False,15_Melissa Rycroft,0.3172399744110792
15,2,Melissa Rycroft,Tony Dovolani,TV Personality,29,1st Place,1,,23.5,True,276.0,0.0851449275362318,False,15_Melissa Rycroft,0.3172399744110792
15,3,Melissa Rycroft,Tony Dovolani,TV Personality,29,1st Place,1,,27.0,True,278.0,0.0971223021582733,False,15_Melissa Rycroft,0.3179341579346686
15,3,Melissa Rycroft,Tony Dovolani,TV Personality,29,1st Place,1,,27.0,True,278.0,0.0971223021582733,False,15_Melissa Rycroft,0.3179341579346686
15,4,Melissa Rycroft,Tony Dovolani,TV Personality,29,1st Place,1,,37.0,True,321.5,0.1150855365474339,False,15_Melissa Rycroft,0.3185640650459698
15,4,Melissa Rycroft,Tony Dovolani,TV Personality,29,1st Place,1,,37.0,True,321.5,0.1150855365474339,False,15_Melissa Rycroft,0.3185640650459698
15,5,Melissa Rycroft,Tony Dovolani,TV Personality,29,1st Place,1,,28.25,True,222.25,0.1271091113610798,False,15_Melissa Rycroft,0.3201817305832511
15,5,Melissa Rycroft,Tony Dovolani,TV Personality,29,1st Place,1,,28.25,True,222.25,0.1271091113610798,False,15_Melissa Rycroft,0.3201817305832511
15,6,Melissa Rycroft,Tony Dovolani,TV Personality,29,1st Place,1,,29.5,True,226.0,0.1305309734513274,False,15_Melissa Rycroft,0.3208279159193969
15,6,Melissa Rycroft,Tony Dovolani,TV Personality,29,1st Place,1,,29.5,True,226.0,0.1305309734513274,False,15_Melissa Rycroft,0.3208279159193969
15,7,Melissa Rycroft,Tony Dovolani,TV Personality,29,1st Place,1,,38.9999,True,241.9993,0.1611570777270843,False,15_Melissa Rycroft,0.323056217662461
15,7,Melissa Rycroft,Tony Dovolani,TV Personality,29,1st Place,1,,38.9999,True,241.9993,0.1611570777270843,False,15_Melissa Rycroft,0.323056217662461
15,8,Melissa Rycroft,Tony Dovolani,TV Personality,29,1st Place,1,,30.0,True,199.2774,0.1505439151654929,False,15_Melissa Rycroft,0.3253656907655672
15,8,Melissa Rycroft,Tony Dovolani,TV Personality,29,1st Place,1,,30.0,True,199.2774,0.1505439151654929,False,15_Melissa Rycroft,0.3253656907655672
15,9,Melissa Rycroft,Tony Dovolani,TV Personality,29,1st Place,1,,28.7777,True,140.9997,0.2040975973707745,False,15_Melissa Rycroft,0.3291130639450227
15,9,Melissa Rycroft,Tony Dovolani,TV Personality,29,1st Place,1,,28.7777,True,140.9997,0.2040975973707745,False,15_Melissa Rycroft,0.3291130639450227
15,10,Melissa Rycroft,Tony Dovolani,TV Personality,29,1st Place,1,,29.3331,True,87.3883,0.3356639275509421,False,15_Melissa Rycroft,0.3333333328121511
15,10,Melissa Rycroft,Tony Dovolani,TV Personality,29,1st Place,1,,29.3331,True,87.3883,0.3356639275509421,False,15_Melissa Rycroft,0.3333333328121511
16,1,Ingo Rademacher,Kym Johnson,Actor/Actress,41,Eliminated Week 9,5,9.0,20.0,True,229.0,0.0873362445414847,False,16_Ingo Rademacher,0.0002930591537638
16,1,Ingo Rademacher,Kym Johnson,Actor/Actress,41,Eliminated Week 9,5,9.0,20.0,True,229.0,0.0873362445414847,False,16_Ingo Rademacher,0.0002930591537638
16,2,Ingo Rademacher,Kym Johnson,Actor/Actress,41,Eliminated Week 9,5,9.0,20.0,True,244.0,0.081967213114754,False,16_Ingo Rademacher,0.0003920503002407
16,2,Ingo Rademacher,Kym Johnson,Actor/Actress,41,Eliminated Week 9,5,9.0,20.0,True,244.0,0.081967213114754,False,16_Ingo Rademacher,0.0003920503002407
16,3,Ingo Rademacher,Kym Johnson,Actor/Actress,41,Eliminated Week 9,5,9.0,21.0,True,234.9996,0.0893618542329433,False,16_Ingo Rademacher,0.000344888845895
16,3,Ingo Rademacher,Kym Johnson,Actor/Actress,41,Eliminated Week 9,5,9.0,21.0,True,234.9996,0.0893618542329433,False,16_Ingo Rademacher,0.000344888845895
16,4,Ingo Rademacher,Kym Johnson,Actor/Actress,41,Eliminated Week 9,5,9.0,23.0,True,224.0,0.1026785714285714,False,16_Ingo Rademacher,0.0003876328702996
16,4,Ingo Rademacher,Kym Johnson,Actor/Actress,41,Eliminated Week 9,5,9.0,23.0,True,224.0,0.1026785714285714,False,16_Ingo Rademacher,0.0003876328702996
16,5,Ingo Rademacher,Kym Johnson,Actor/Actress,41,Eliminated Week 9,5,9.0,21.0,True,209.0,0.1004784688995215,False,16_Ingo Rademacher,0.0001044983415124
16,5,Ingo Rademacher,Kym Johnson,Actor/Actress,41,Eliminated Week 9,5,9.0,21.0,True,209.0,0.1004784688995215,False,16_Ingo Rademacher,0.0001044983415124
16,6,Ingo Rademacher,Kym Johnson,Actor/Actress,41,Eliminated Week 9,5,9.0,23.0,True,188.5,0.1220159151193634,False,16_Ingo Rademacher,8.988336636339038e-05
16,6,Ingo Rademacher,Kym Johnson,Actor/Actress,41,Eliminated Week 9,5,9.0,23.0,True,188.5,0.1220159151193634,False,16_Ingo Rademacher,8.988336636339038e-05
16,7,Ingo Rademacher,Kym Johnson,Actor/Actress,41,Eliminated Week 9,5,9.0,25.0,True,184.0,0.1358695652173913,False,16_Ingo Rademacher,0.0001011259672316
16,7,Ingo Rademacher,Kym Johnson,Actor/Actress,41,Eliminated Week 9,5,9.0,25.0,True,184.0,0.1358695652173913,False,16_Ingo Rademacher,0.0001011259672316
16,8,Ingo Rademacher,Kym Johnson,Actor/Actress,41,Eliminated Week 9,5,9.0,24.0,True,155.5,0.1543408360128617,False,16_Ingo Rademacher,8.469895356600504e-05
16,8,Ingo Rademacher,Kym Johnson,Actor/Actress,41,Eliminated Week 9,5,9.0,24.0,True,155.5,0.1543408360128617,False,16_Ingo Rademacher,8.469895356600504e-05
16,9,Ingo Rademacher,Kym Johnson,Actor/Actress,41,Eliminated Week 9,5,9.0,25.5,True,141.0,0.1808510638297872,True,16_Ingo Rademacher,9.124954607212465e-05
16,9,Ingo Rademacher,Kym Johnson,Actor/Actress,41,Eliminated Week 9,5,9.0,25.5,True,141.0,0.1808510638297872,True,16_Ingo Rademacher,9.124954607212465e-05
16,10,Ingo Rademacher,Kym Johnson,Actor/Actress,41,Eliminated Week 9,5,9.0,0.0,False,116.9999,0.0,False,16_Ingo Rademacher,
16,1,Zendaya,Valentin Chmerkovskiy,Actor/Actress,16,2nd Place,2,,24.0,True,229.0,0.1048034934497816,False,16_Zendaya,0.2497287375796372
16,1,Zendaya,Valentin Chmerkovskiy,Actor/Actress,16,2nd Place,2,,24.0,True,229.0,0.1048034934497816,False,16_Zendaya,0.2497287375796372
16,2,Zendaya,Valentin Chmerkovskiy,Actor/Actress,16,2nd Place,2,,26.0,True,244.0,0.1065573770491803,False,16_Zendaya,0.2497836732214704
16,2,Zendaya,Valentin Chmerkovskiy,Actor/Actress,16,2nd Place,2,,26.0,True,244.0,0.1065573770491803,False,16_Zendaya,0.2497836732214704
16,3,Zendaya,Valentin Chmerkovskiy,Actor/Actress,16,2nd Place,2,,25.9998,True,234.9996,0.1106376351278895,False,16_Zendaya,0.2498063893137845
16,3,Zendaya,Valentin Chmerkovskiy,Actor/Actress,16,2nd Place,2,,25.9998,True,234.9996,0.1106376351278895,False,16_Zendaya,0.2498063893137845
16,4,Zendaya,Valentin Chmerkovskiy,Actor/Actress,16,2nd Place,2,,26.0,True,224.0,0.1160714285714285,False,16_Zendaya,0.2497666584374322
16,4,Zendaya,Valentin Chmerkovskiy,Actor/Actress,16,2nd Place,2,,26.0,True,224.0,0.1160714285714285,False,16_Zendaya,0.2497666584374322
16,5,Zendaya,Valentin Chmerkovskiy,Actor/Actress,16,2nd Place,2,,29.0,True,209.0,0.138755980861244,False,16_Zendaya,0.249843219282391
16,5,Zendaya,Valentin Chmerkovskiy,Actor/Actress,16,2nd Place,2,,29.0,True,209.0,0.138755980861244,False,16_Zendaya,0.249843219282391
16,6,Zendaya,Valentin Chmerkovskiy,Actor/Actress,16,2nd Place,2,,25.5,True,188.5,0.1352785145888594,False,16_Zendaya,0.2499193909779874
16,6,Zendaya,Valentin Chmerkovskiy,Actor/Actress,16,2nd Place,2,,25.5,True,188.5,0.1352785145888594,False,16_Zendaya,0.2499193909779874
16,7,Zendaya,Valentin Chmerkovskiy,Actor/Actress,16,2nd Place,2,,30.0,True,184.0,0.1630434782608695,False,16_Zendaya,0.249940406151104
16,7,Zendaya,Valentin Chmerkovskiy,Actor/Actress,16,2nd Place,2,,30.0,True,184.0,0.1630434782608695,False,16_Zendaya,0.249940406151104
16,8,Zendaya,Valentin Chmerkovskiy,Actor/Actress,16,2nd Place,2,,29.0,True,155.5,0.1864951768488746,False,16_Zendaya,0.2499580195006457
16,8,Zendaya,Valentin Chmerkovskiy,Actor/Actress,16,2nd Place,2,,29.0,True,155.5,0.1864951768488746,False,16_Zendaya,0.2499580195006457
16,9,Zendaya,Valentin Chmerkovskiy,Actor/Actress,16,2nd Place,2,,27.5,True,141.0,0.1950354609929078,False,16_Zendaya,0.2499771875224118
16,9,Zendaya,Valentin Chmerkovskiy,Actor/Actress,16,2nd Place,2,,27.5,True,141.0,0.1950354609929078,False,16_Zendaya,0.2499771875224118
16,10,Zendaya,Valentin Chmerkovskiy,Actor/Actress,16,2nd Place,2,,30.0,True,116.9999,0.256410475564509,False,16_Zendaya,0.2499999996336722
16,10,Zendaya,Valentin Chmerkovskiy,Actor/Actress,16,2nd Place,2,,30.0,True,116.9999,0.256410475564509,False,16_Zendaya,0.2499999996336722
16,1,Dorothy Hamill,Tristan MacManus,Athlete,56,Withdrew,12,,21.0,True,229.0,0.0917030567685589,False,16_Dorothy Hamill,0.000324323008429
16,1,Dorothy Hamill,Tristan MacManus,Athlete,56,Withdrew,12,,21.0,True,229.0,0.0917030567685589,False,16_Dorothy Hamill,0.000324323008429
16,2,Dorothy Hamill,Tristan MacManus,Athlete,56,Withdrew,12,,15.0,True,244.0,0.0614754098360655,False,16_Dorothy Hamill,0.0001879709686998
16,2,Dorothy Hamill,Tristan MacManus,Athlete,56,Withdrew,12,,15.0,True,244.0,0.0614754098360655,False,16_Dorothy Hamill,0.0001879709686998
16,3,Dorothy Hamill,Tristan MacManus,Athlete,56,Withdrew,12,,0.0,False,234.9996,0.0,False,16_Dorothy Hamill,
16,4,Dorothy Hamill,Tristan MacManus,Athlete,56,Withdrew,12,,0.0,False,224.0,0.0,False,16_Dorothy Hamill,
16,5,Dorothy Hamill,Tristan MacManus,Athlete,56,Withdrew,12,,0.0,False,209.0,0.0,False,16_Dorothy Hamill,
16,6,Dorothy Hamill,Tristan MacManus,Athlete,56,Withdrew,12,,0.0,False,188.5,0.0,False,16_Dorothy Hamill,
16,7,Dorothy Hamill,Tristan MacManus,Athlete,56,Withdrew,12,,0.0,False,184.0,0.0,False,16_Dorothy Hamill,
16,8,Dorothy Hamill,Tristan MacManus,Athlete,56,Withdrew,12,,0.0,False,155.5,0.0,False,16_Dorothy Hamill,
16,9,Dorothy Hamill,Tristan MacManus,Athlete,56,Withdrew,12,,0.0,False,141.0,0.0,False,16_Dorothy Hamill,
16,10,Dorothy Hamill,Tristan MacManus,Athlete,56,Withdrew,12,,0.0,False,116.9999,0.0,False,16_Dorothy Hamill,
16,1,Victor Ortiz,Lindsay Arnold,Athlete,26,Eliminated Week 6,8,6.0,18.0,True,229.0,0.0786026200873362,False,16_Victor Ortiz,4.336808689942019e-19
16,1,Victor Ortiz,Lindsay Arnold,Athlete,26,Eliminated Week 6,8,6.0,18.0,True,229.0,0.0786026200873362,False,16_Victor Ortiz,4.336808689942019e-19
16,2,Victor Ortiz,Lindsay Arnold,Athlete,26,Eliminated Week 6,8,6.0,18.0,True,244.0,0.0737704918032786,False,16_Victor Ortiz,0.0
16,2,Victor Ortiz,Lindsay Arnold,Athlete,26,Eliminated Week 6,8,6.0,18.0,True,244.0,0.0737704918032786,False,16_Victor Ortiz,0.0
16,3,Victor Ortiz,Lindsay Arnold,Athlete,26,Eliminated Week 6,8,6.0,23.0,True,234.9996,0.0978725070170332,False,16_Victor Ortiz,0.0002002500632757
16,3,Victor Ortiz,Lindsay Arnold,Athlete,26,Eliminated Week 6,8,6.0,23.0,True,234.9996,0.0978725070170332,False,16_Victor Ortiz,0.0002002500632757
16,4,Victor Ortiz,Lindsay Arnold,Athlete,26,Eliminated Week 6,8,6.0,18.0,True,224.0,0.0803571428571428,False,16_Victor Ortiz,0.0002621029125688
16,4,Victor Ortiz,Lindsay Arnold,Athlete,26,Eliminated Week 6,8,6.0,18.0,True,224.0,0.0803571428571428,False,16_Victor Ortiz,0.0002621029125688
16,5,Victor Ortiz,Lindsay Arnold,Athlete,26,Eliminated Week 6,8,6.0,21.0,True,209.0,0.1004784688995215,False,16_Victor Ortiz,0.0001076518876602
16,5,Victor Ortiz,Lindsay Arnold,Athlete,26,Eliminated Week 6,8,6.0,21.0,True,209.0,0.1004784688995215,False,16_Victor Ortiz,0.0001076518876602
16,6,Victor Ortiz,Lindsay Arnold,Athlete,26,Eliminated Week 6,8,6.0,20.0,True,188.5,0.1061007957559681,True,16_Victor Ortiz,0.0
16,6,Victor Ortiz,Lindsay Arnold,Athlete,26,Eliminated Week 6,8,6.0,20.0,True,188.5,0.1061007957559681,True,16_Victor Ortiz,0.0
16,7,Victor Ortiz,Lindsay Arnold,Athlete,26,Eliminated Week 6,8,6.0,0.0,False,184.0,0.0,False,16_Victor Ortiz,
16,8,Victor Ortiz,Lindsay Arnold,Athlete,26,Eliminated Week 6,8,6.0,0.0,False,155.5,0.0,False,16_Victor Ortiz,
16,9,Victor Ortiz,Lindsay Arnold,Athlete,26,Eliminated Week 6,8,6.0,0.0,False,141.0,0.0,False,16_Victor Ortiz,
16,10,Victor Ortiz,Lindsay Arnold,Athlete,26,Eliminated Week 6,8,6.0,0.0,False,116.9999,0.0,False,16_Victor Ortiz,
16,1,Alexandra Raisman,Mark Ballas,Athlete,18,Eliminated Week 10,4,10.0,21.0,True,229.0,0.0917030567685589,False,16_Alexandra Raisman,0.2446922849981458
16,1,Alexandra Raisman,Mark Ballas,Athlete,18,Eliminated Week 10,4,10.0,21.0,True,229.0,0.0917030567685589,False,16_Alexandra Raisman,0.2446922849981458
16,2,Alexandra Raisman,Mark Ballas,Athlete,18,Eliminated Week 10,4,10.0,24.0,True,244.0,0.0983606557377049,False,16_Alexandra Raisman,0.2444893572716268
16,2,Alexandra Raisman,Mark Ballas,Athlete,18,Eliminated Week 10,4,10.0,24.0,True,244.0,0.0983606557377049,False,16_Alexandra Raisman,0.2444893572716268
16,3,Alexandra Raisman,Mark Ballas,Athlete,18,Eliminated Week 10,4,10.0,23.0,True,234.9996,0.0978725070170332,False,16_Alexandra Raisman,0.2444910798797089
16,3,Alexandra Raisman,Mark Ballas,Athlete,18,Eliminated Week 10,4,10.0,23.0,True,234.9996,0.0978725070170332,False,16_Alexandra Raisman,0.2444910798797089
16,4,Alexandra Raisman,Mark Ballas,Athlete,18,Eliminated Week 10,4,10.0,27.0,True,224.0,0.1205357142857142,False,16_Alexandra Raisman,0.2444290677520053
16,4,Alexandra Raisman,Mark Ballas,Athlete,18,Eliminated Week 10,4,10.0,27.0,True,224.0,0.1205357142857142,False,16_Alexandra Raisman,0.2444290677520053
16,5,Alexandra Raisman,Mark Ballas,Athlete,18,Eliminated Week 10,4,10.0,25.0,True,209.0,0.1196172248803827,False,16_Alexandra Raisman,0.2446602468405663
16,5,Alexandra Raisman,Mark Ballas,Athlete,18,Eliminated Week 10,4,10.0,25.0,True,209.0,0.1196172248803827,False,16_Alexandra Raisman,0.2446602468405663
16,6,Alexandra Raisman,Mark Ballas,Athlete,18,Eliminated Week 10,4,10.0,26.0,True,188.5,0.1379310344827586,False,16_Alexandra Raisman,0.2447253418629119
16,6,Alexandra Raisman,Mark Ballas,Athlete,18,Eliminated Week 10,4,10.0,26.0,True,188.5,0.1379310344827586,False,16_Alexandra Raisman,0.2447253418629119
16,7,Alexandra Raisman,Mark Ballas,Athlete,18,Eliminated Week 10,4,10.0,32.0,True,184.0,0.1739130434782608,False,16_Alexandra Raisman,0.2446462365478362
16,7,Alexandra Raisman,Mark Ballas,Athlete,18,Eliminated Week 10,4,10.0,32.0,True,184.0,0.1739130434782608,False,16_Alexandra Raisman,0.2446462365478362
16,8,Alexandra Raisman,Mark Ballas,Athlete,18,Eliminated Week 10,4,10.0,28.0,True,155.5,0.180064308681672,False,16_Alexandra Raisman,0.2446733689605083
16,8,Alexandra Raisman,Mark Ballas,Athlete,18,Eliminated Week 10,4,10.0,28.0,True,155.5,0.180064308681672,False,16_Alexandra Raisman,0.2446733689605083
16,9,Alexandra Raisman,Mark Ballas,Athlete,18,Eliminated Week 10,4,10.0,29.5,True,141.0,0.2092198581560283,False,16_Alexandra Raisman,0.2445917684098566
16,9,Alexandra Raisman,Mark Ballas,Athlete,18,Eliminated Week 10,4,10.0,29.5,True,141.0,0.2092198581560283,False,16_Alexandra Raisman,0.2445917684098566
16,10,Alexandra Raisman,Mark Ballas,Athlete,18,Eliminated Week 10,4,10.0,29.0,True,116.9999,0.2478634597123587,True,16_Alexandra Raisman,0.2446646161148688
16,10,Alexandra Raisman,Mark Ballas,Athlete,18,Eliminated Week 10,4,10.0,29.0,True,116.9999,0.2478634597123587,True,16_Alexandra Raisman,0.2446646161148688
16,1,Jacoby Jones,Karina Smirnoff,Athlete,28,3rd Place,3,,20.0,True,229.0,0.0873362445414847,False,16_Jacoby Jones,0.2547651908118231
16,1,Jacoby Jones,Karina Smirnoff,Athlete,28,3rd Place,3,,20.0,True,229.0,0.0873362445414847,False,16_Jacoby Jones,0.2547651908118231
16,2,Jacoby Jones,Karina Smirnoff,Athlete,28,3rd Place,3,,23.0,True,244.0,0.0942622950819672,False,16_Jacoby Jones,0.2550779898006853
16,2,Jacoby Jones,Karina Smirnoff,Athlete,28,3rd Place,3,,23.0,True,244.0,0.0942622950819672,False,16_Jacoby Jones,0.2550779898006853
16,3,Jacoby Jones,Karina Smirnoff,Athlete,28,3rd Place,3,,25.9998,True,234.9996,0.1106376351278895,False,16_Jacoby Jones,0.2551216986536941
16,3,Jacoby Jones,Karina Smirnoff,Athlete,28,3rd Place,3,,25.9998,True,234.9996,0.1106376351278895,False,16_Jacoby Jones,0.2551216986536941
16,4,Jacoby Jones,Karina Smirnoff,Athlete,28,3rd Place,3,,24.0,True,224.0,0.1071428571428571,False,16_Jacoby Jones,0.2551042504561626
16,4,Jacoby Jones,Karina Smirnoff,Athlete,28,3rd Place,3,,24.0,True,224.0,0.1071428571428571,False,16_Jacoby Jones,0.2551042504561626
16,5,Jacoby Jones,Karina Smirnoff,Athlete,28,3rd Place,3,,26.0,True,209.0,0.124401913875598,False,16_Jacoby Jones,0.2550261913998398
16,5,Jacoby Jones,Karina Smirnoff,Athlete,28,3rd Place,3,,26.0,True,209.0,0.124401913875598,False,16_Jacoby Jones,0.2550261913998398
16,6,Jacoby Jones,Karina Smirnoff,Athlete,28,3rd Place,3,,22.5,True,188.5,0.1193633952254641,False,16_Jacoby Jones,0.255113441600787
16,6,Jacoby Jones,Karina Smirnoff,Athlete,28,3rd Place,3,,22.5,True,188.5,0.1193633952254641,False,16_Jacoby Jones,0.255113441600787
16,7,Jacoby Jones,Karina Smirnoff,Athlete,28,3rd Place,3,,27.0,True,184.0,0.1467391304347826,False,16_Jacoby Jones,0.2552345754756355
16,7,Jacoby Jones,Karina Smirnoff,Athlete,28,3rd Place,3,,27.0,True,184.0,0.1467391304347826,False,16_Jacoby Jones,0.2552345754756355
16,8,Jacoby Jones,Karina Smirnoff,Athlete,28,3rd Place,3,,26.0,True,155.5,0.1672025723472668,False,16_Jacoby Jones,0.2552426713443957
16,8,Jacoby Jones,Karina Smirnoff,Athlete,28,3rd Place,3,,26.0,True,155.5,0.1672025723472668,False,16_Jacoby Jones,0.2552426713443957
16,9,Jacoby Jones,Karina Smirnoff,Athlete,28,3rd Place,3,,29.5,True,141.0,0.2092198581560283,False,16_Jacoby Jones,0.2553626064900782
16,9,Jacoby Jones,Karina Smirnoff,Athlete,28,3rd Place,3,,29.5,True,141.0,0.2092198581560283,False,16_Jacoby Jones,0.2553626064900782
16,10,Jacoby Jones,Karina Smirnoff,Athlete,28,3rd Place,3,,27.999899999999997,True,116.9999,0.2393155891586232,False,16_Jacoby Jones,0.2553353840536146
16,10,Jacoby Jones,Karina Smirnoff,Athlete,28,3rd Place,3,,27.999899999999997,True,116.9999,0.2393155891586232,False,16_Jacoby Jones,0.2553353840536146
16,1,D. L. Hughley,Cheryl Burke,Comedian,50,Eliminated Week 5,9,5.0,12.0,True,229.0,0.0524017467248908,False,16_D. L. Hughley,0.0002667841697742
16,1,D. L. Hughley,Cheryl Burke,Comedian,50,Eliminated Week 5,9,5.0,12.0,True,229.0,0.0524017467248908,False,16_D. L. Hughley,0.0002667841697742
16,2,D. L. Hughley,Cheryl Burke,Comedian,50,Eliminated Week 5,9,5.0,16.0,True,244.0,0.0655737704918032,False,16_D. L. Hughley,0.0001262971526981
16,2,D. L. Hughley,Cheryl Burke,Comedian,50,Eliminated Week 5,9,5.0,16.0,True,244.0,0.0655737704918032,False,16_D. L. Hughley,0.0001262971526981
16,3,D. L. Hughley,Cheryl Burke,Comedian,50,Eliminated Week 5,9,5.0,16.0,True,234.9996,0.0680852222727187,False,16_D. L. Hughley,3.898319369598078e-05
16,3,D. L. Hughley,Cheryl Burke,Comedian,50,Eliminated Week 5,9,5.0,16.0,True,234.9996,0.0680852222727187,False,16_D. L. Hughley,3.898319369598078e-05
16,4,D. L. Hughley,Cheryl Burke,Comedian,50,Eliminated Week 5,9,5.0,21.0,True,224.0,0.09375,False,16_D. L. Hughley,0.0
16,4,D. L. Hughley,Cheryl Burke,Comedian,50,Eliminated Week 5,9,5.0,21.0,True,224.0,0.09375,False,16_D. L. Hughley,0.0
16,5,D. L. Hughley,Cheryl Burke,Comedian,50,Eliminated Week 5,9,5.0,18.0,True,209.0,0.0861244019138756,True,16_D. L. Hughley,0.000157065259256
16,5,D. L. Hughley,Cheryl Burke,Comedian,50,Eliminated Week 5,9,5.0,18.0,True,209.0,0.0861244019138756,True,16_D. L. Hughley,0.000157065259256
16,6,D. L. Hughley,Cheryl Burke,Comedian,50,Eliminated Week 5,9,5.0,0.0,False,188.5,0.0,False,16_D. L. Hughley,
16,7,D. L. Hughley,Cheryl Burke,Comedian,50,Eliminated Week 5,9,5.0,0.0,False,184.0,0.0,False,16_D. L. Hughley,
16,8,D. L. Hughley,Cheryl Burke,Comedian,50,Eliminated Week 5,9,5.0,0.0,False,155.5,0.0,False,16_D. L. Hughley,
16,9,D. L. Hughley,Cheryl Burke,Comedian,50,Eliminated Week 5,9,5.0,0.0,False,141.0,0.0,False,16_D. L. Hughley,
16,10,D. L. Hughley,Cheryl Burke,Comedian,50,Eliminated Week 5,9,5.0,0.0,False,116.9999,0.0,False,16_D. L. Hughley,
16,1,Andy Dick,Sharna Burgess,Comedian,47,Eliminated Week 7,7,7.0,17.0,True,229.0,0.074235807860262,False,16_Andy Dick,0.0
16,1,Andy Dick,Sharna Burgess,Comedian,47,Eliminated Week 7,7,7.0,17.0,True,229.0,0.074235807860262,False,16_Andy Dick,0.0
16,2,Andy Dick,Sharna Burgess,Comedian,47,Eliminated Week 7,7,7.0,20.0,True,244.0,0.081967213114754,False,16_Andy Dick,0.0
16,2,Andy Dick,Sharna Burgess,Comedian,47,Eliminated Week 7,7,7.0,20.0,True,244.0,0.081967213114754,False,16_Andy Dick,0.0
16,3,Andy Dick,Sharna Burgess,Comedian,47,Eliminated Week 7,7,7.0,18.0,True,234.9996,0.0765958750568086,False,16_Andy Dick,0.0001903203730899
16,3,Andy Dick,Sharna Burgess,Comedian,47,Eliminated Week 7,7,7.0,18.0,True,234.9996,0.0765958750568086,False,16_Andy Dick,0.0001903203730899
16,4,Andy Dick,Sharna Burgess,Comedian,47,Eliminated Week 7,7,7.0,21.0,True,224.0,0.09375,False,16_Andy Dick,5.2508052102086486e-05
16,4,Andy Dick,Sharna Burgess,Comedian,47,Eliminated Week 7,7,7.0,21.0,True,224.0,0.09375,False,16_Andy Dick,5.2508052102086486e-05
16,5,Andy Dick,Sharna Burgess,Comedian,47,Eliminated Week 7,7,7.0,18.0,True,209.0,0.0861244019138756,False,16_Andy Dick,0.000157065259256
16,5,Andy Dick,Sharna Burgess,Comedian,47,Eliminated Week 7,7,7.0,18.0,True,209.0,0.0861244019138756,False,16_Andy Dick,0.000157065259256
16,6,Andy Dick,Sharna Burgess,Comedian,47,Eliminated Week 7,7,7.0,21.5,True,188.5,0.1140583554376657,False,16_Andy Dick,0.0002325506822401
16,6,Andy Dick,Sharna Burgess,Comedian,47,Eliminated Week 7,7,7.0,21.5,True,188.5,0.1140583554376657,False,16_Andy Dick,0.0002325506822401
16,7,Andy Dick,Sharna Burgess,Comedian,47,Eliminated Week 7,7,7.0,17.0,True,184.0,0.092391304347826,True,16_Andy Dick,0.000137249189768
16,7,Andy Dick,Sharna Burgess,Comedian,47,Eliminated Week 7,7,7.0,17.0,True,184.0,0.092391304347826,True,16_Andy Dick,0.000137249189768
16,8,Andy Dick,Sharna Burgess,Comedian,47,Eliminated Week 7,7,7.0,0.0,False,155.5,0.0,False,16_Andy Dick,
16,9,Andy Dick,Sharna Burgess,Comedian,47,Eliminated Week 7,7,7.0,0.0,False,141.0,0.0,False,16_Andy Dick,
16,10,Andy Dick,Sharna Burgess,Comedian,47,Eliminated Week 7,7,7.0,0.0,False,116.9999,0.0,False,16_Andy Dick,
16,1,Wynonna Judd,Tony Dovolani,Singer/Rapper,48,Eliminated Week 3,11,3.0,18.0,True,229.0,0.0786026200873362,False,16_Wynonna Judd,0.0
16,1,Wynonna Judd,Tony Dovolani,Singer/Rapper,48,Eliminated Week 3,11,3.0,18.0,True,229.0,0.0786026200873362,False,16_Wynonna Judd,0.0
16,2,Wynonna Judd,Tony Dovolani,Singer/Rapper,48,Eliminated Week 3,11,3.0,18.0,True,244.0,0.0737704918032786,False,16_Wynonna Judd,0.0001164966951993
16,2,Wynonna Judd,Tony Dovolani,Singer/Rapper,48,Eliminated Week 3,11,3.0,18.0,True,244.0,0.0737704918032786,False,16_Wynonna Judd,0.0001164966951993
16,3,Wynonna Judd,Tony Dovolani,Singer/Rapper,48,Eliminated Week 3,11,3.0,15.0,True,234.9996,0.0638298958806738,True,16_Wynonna Judd,1.0822318303290762e-18
16,3,Wynonna Judd,Tony Dovolani,Singer/Rapper,48,Eliminated Week 3,11,3.0,15.0,True,234.9996,0.0638298958806738,True,16_Wynonna Judd,1.0822318303290762e-18
16,4,Wynonna Judd,Tony Dovolani,Singer/Rapper,48,Eliminated Week 3,11,3.0,0.0,False,224.0,0.0,False,16_Wynonna Judd,
16,5,Wynonna Judd,Tony Dovolani,Singer/Rapper,48,Eliminated Week 3,11,3.0,0.0,False,209.0,0.0,False,16_Wynonna Judd,
16,6,Wynonna Judd,Tony Dovolani,Singer/Rapper,48,Eliminated Week 3,11,3.0,0.0,False,188.5,0.0,False,16_Wynonna Judd,
16,7,Wynonna Judd,Tony Dovolani,Singer/Rapper,48,Eliminated Week 3,11,3.0,0.0,False,184.0,0.0,False,16_Wynonna Judd,
16,8,Wynonna Judd,Tony Dovolani,Singer/Rapper,48,Eliminated Week 3,11,3.0,0.0,False,155.5,0.0,False,16_Wynonna Judd,
16,9,Wynonna Judd,Tony Dovolani,Singer/Rapper,48,Eliminated Week 3,11,3.0,0.0,False,141.0,0.0,False,16_Wynonna Judd,
16,10,Wynonna Judd,Tony Dovolani,Singer/Rapper,48,Eliminated Week 3,11,3.0,0.0,False,116.9999,0.0,False,16_Wynonna Judd,
16,1,Kellie Pickler,Derek Hough,Singer/Rapper,26,1st Place,1,,21.0,True,229.0,0.0917030567685589,False,16_Kellie Pickler,0.2497287381869482
16,1,Kellie Pickler,Derek Hough,Singer/Rapper,26,1st Place,1,,21.0,True,229.0,0.0917030567685589,False,16_Kellie Pickler,0.2497287381869482
16,2,Kellie Pickler,Derek Hough,Singer/Rapper,26,1st Place,1,,26.0,True,244.0,0.1065573770491803,False,16_Kellie Pickler,0.249783673685259
16,2,Kellie Pickler,Derek Hough,Singer/Rapper,26,1st Place,1,,26.0,True,244.0,0.1065573770491803,False,16_Kellie Pickler,0.249783673685259
16,3,Kellie Pickler,Derek Hough,Singer/Rapper,26,1st Place,1,,25.0,True,234.9996,0.106383159801123,False,16_Kellie Pickler,0.2498063896768557
16,3,Kellie Pickler,Derek Hough,Singer/Rapper,26,1st Place,1,,25.0,True,234.9996,0.106383159801123,False,16_Kellie Pickler,0.2498063896768557
16,4,Kellie Pickler,Derek Hough,Singer/Rapper,26,1st Place,1,,26.0,True,224.0,0.1160714285714285,False,16_Kellie Pickler,0.2497666590537713
16,4,Kellie Pickler,Derek Hough,Singer/Rapper,26,1st Place,1,,26.0,True,224.0,0.1160714285714285,False,16_Kellie Pickler,0.2497666590537713
16,5,Kellie Pickler,Derek Hough,Singer/Rapper,26,1st Place,1,,27.0,True,209.0,0.1291866028708134,False,16_Kellie Pickler,0.24984321981999
16,5,Kellie Pickler,Derek Hough,Singer/Rapper,26,1st Place,1,,27.0,True,209.0,0.1291866028708134,False,16_Kellie Pickler,0.24984321981999
16,6,Kellie Pickler,Derek Hough,Singer/Rapper,26,1st Place,1,,27.0,True,188.5,0.143236074270557,False,16_Kellie Pickler,0.2499193915097101
16,6,Kellie Pickler,Derek Hough,Singer/Rapper,26,1st Place,1,,27.0,True,188.5,0.143236074270557,False,16_Kellie Pickler,0.2499193915097101
16,7,Kellie Pickler,Derek Hough,Singer/Rapper,26,1st Place,1,,29.0,True,184.0,0.1576086956521739,False,16_Kellie Pickler,0.2499404066684246
16,7,Kellie Pickler,Derek Hough,Singer/Rapper,26,1st Place,1,,29.0,True,184.0,0.1576086956521739,False,16_Kellie Pickler,0.2499404066684246
16,8,Kellie Pickler,Derek Hough,Singer/Rapper,26,1st Place,1,,27.5,True,155.5,0.1768488745980707,False,16_Kellie Pickler,0.2499580198995598
16,8,Kellie Pickler,Derek Hough,Singer/Rapper,26,1st Place,1,,27.5,True,155.5,0.1768488745980707,False,16_Kellie Pickler,0.2499580198995598
16,9,Kellie Pickler,Derek Hough,Singer/Rapper,26,1st Place,1,,29.0,True,141.0,0.2056737588652482,False,16_Kellie Pickler,0.2499771880315813
16,9,Kellie Pickler,Derek Hough,Singer/Rapper,26,1st Place,1,,29.0,True,141.0,0.2056737588652482,False,16_Kellie Pickler,0.2499771880315813
16,10,Kellie Pickler,Derek Hough,Singer/Rapper,26,1st Place,1,,30.0,True,116.9999,0.256410475564509,False,16_Kellie Pickler,0.2500000001978443
16,10,Kellie Pickler,Derek Hough,Singer/Rapper,26,1st Place,1,,30.0,True,116.9999,0.256410475564509,False,16_Kellie Pickler,0.2500000001978443
16,1,Lisa Vanderpump,Gleb Savchenko,TV Personality,52,Eliminated Week 4,10,4.0,18.0,True,229.0,0.0786026200873362,False,16_Lisa Vanderpump,0.0002008820914784
16,1,Lisa Vanderpump,Gleb Savchenko,TV Personality,52,Eliminated Week 4,10,4.0,18.0,True,229.0,0.0786026200873362,False,16_Lisa Vanderpump,0.0002008820914784
16,2,Lisa Vanderpump,Gleb Savchenko,TV Personality,52,Eliminated Week 4,10,4.0,18.0,True,244.0,0.0737704918032786,False,16_Lisa Vanderpump,4.249090412017664e-05
16,2,Lisa Vanderpump,Gleb Savchenko,TV Personality,52,Eliminated Week 4,10,4.0,18.0,True,244.0,0.0737704918032786,False,16_Lisa Vanderpump,4.249090412017664e-05
16,3,Lisa Vanderpump,Gleb Savchenko,TV Personality,52,Eliminated Week 4,10,4.0,21.0,True,234.9996,0.0893618542329433,False,16_Lisa Vanderpump,0.0
16,3,Lisa Vanderpump,Gleb Savchenko,TV Personality,52,Eliminated Week 4,10,4.0,21.0,True,234.9996,0.0893618542329433,False,16_Lisa Vanderpump,0.0
16,4,Lisa Vanderpump,Gleb Savchenko,TV Personality,52,Eliminated Week 4,10,4.0,18.0,True,224.0,0.0803571428571428,True,16_Lisa Vanderpump,0.0001696281350657
16,4,Lisa Vanderpump,Gleb Savchenko,TV Personality,52,Eliminated Week 4,10,4.0,18.0,True,224.0,0.0803571428571428,True,16_Lisa Vanderpump,0.0001696281350657
16,5,Lisa Vanderpump,Gleb Savchenko,TV Personality,52,Eliminated Week 4,10,4.0,0.0,False,209.0,0.0,False,16_Lisa Vanderpump,
16,6,Lisa Vanderpump,Gleb Savchenko,TV Personality,52,Eliminated Week 4,10,4.0,0.0,False,188.5,0.0,False,16_Lisa Vanderpump,
16,7,Lisa Vanderpump,Gleb Savchenko,TV Personality,52,Eliminated Week 4,10,4.0,0.0,False,184.0,0.0,False,16_Lisa Vanderpump,
16,8,Lisa Vanderpump,Gleb Savchenko,TV Personality,52,Eliminated Week 4,10,4.0,0.0,False,155.5,0.0,False,16_Lisa Vanderpump,
16,9,Lisa Vanderpump,Gleb Savchenko,TV Personality,52,Eliminated Week 4,10,4.0,0.0,False,141.0,0.0,False,16_Lisa Vanderpump,
16,10,Lisa Vanderpump,Gleb Savchenko,TV Personality,52,Eliminated Week 4,10,4.0,0.0,False,116.9999,0.0,False,16_Lisa Vanderpump,
16,1,Sean Lowe,Peta Murgatroyd,TV Personality,29,Eliminated Week 8,6,8.0,19.0,True,229.0,0.0829694323144104,False,16_Sean Lowe,0.0
16,1,Sean Lowe,Peta Murgatroyd,TV Personality,29,Eliminated Week 8,6,8.0,19.0,True,229.0,0.0829694323144104,False,16_Sean Lowe,0.0
16,2,Sean Lowe,Peta Murgatroyd,TV Personality,29,Eliminated Week 8,6,8.0,20.0,True,244.0,0.081967213114754,False,16_Sean Lowe,0.0
16,2,Sean Lowe,Peta Murgatroyd,TV Personality,29,Eliminated Week 8,6,8.0,20.0,True,244.0,0.081967213114754,False,16_Sean Lowe,0.0
16,3,Sean Lowe,Peta Murgatroyd,TV Personality,29,Eliminated Week 8,6,8.0,21.0,True,234.9996,0.0893618542329433,False,16_Sean Lowe,0.0
16,3,Sean Lowe,Peta Murgatroyd,TV Personality,29,Eliminated Week 8,6,8.0,21.0,True,234.9996,0.0893618542329433,False,16_Sean Lowe,0.0
16,4,Sean Lowe,Peta Murgatroyd,TV Personality,29,Eliminated Week 8,6,8.0,20.0,True,224.0,0.0892857142857142,False,16_Sean Lowe,6.149233059222471e-05
16,4,Sean Lowe,Peta Murgatroyd,TV Personality,29,Eliminated Week 8,6,8.0,20.0,True,224.0,0.0892857142857142,False,16_Sean Lowe,6.149233059222471e-05
16,5,Sean Lowe,Peta Murgatroyd,TV Personality,29,Eliminated Week 8,6,8.0,24.0,True,209.0,0.1148325358851674,False,16_Sean Lowe,0.0001008419095279
16,5,Sean Lowe,Peta Murgatroyd,TV Personality,29,Eliminated Week 8,6,8.0,24.0,True,209.0,0.1148325358851674,False,16_Sean Lowe,0.0001008419095279
16,6,Sean Lowe,Peta Murgatroyd,TV Personality,29,Eliminated Week 8,6,8.0,23.0,True,188.5,0.1220159151193634,False,16_Sean Lowe,0.0
16,6,Sean Lowe,Peta Murgatroyd,TV Personality,29,Eliminated Week 8,6,8.0,23.0,True,188.5,0.1220159151193634,False,16_Sean Lowe,0.0
16,7,Sean Lowe,Peta Murgatroyd,TV Personality,29,Eliminated Week 8,6,8.0,24.0,True,184.0,0.1304347826086956,False,16_Sean Lowe,0.0
16,7,Sean Lowe,Peta Murgatroyd,TV Personality,29,Eliminated Week 8,6,8.0,24.0,True,184.0,0.1304347826086956,False,16_Sean Lowe,0.0
16,8,Sean Lowe,Peta Murgatroyd,TV Personality,29,Eliminated Week 8,6,8.0,21.0,True,155.5,0.135048231511254,True,16_Sean Lowe,8.322134132438249e-05
16,8,Sean Lowe,Peta Murgatroyd,TV Personality,29,Eliminated Week 8,6,8.0,21.0,True,155.5,0.135048231511254,True,16_Sean Lowe,8.322134132438249e-05
16,9,Sean Lowe,Peta Murgatroyd,TV Personality,29,Eliminated Week 8,6,8.0,0.0,False,141.0,0.0,False,16_Sean Lowe,
16,10,Sean Lowe,Peta Murgatroyd,TV Personality,29,Eliminated Week 8,6,8.0,0.0,False,116.9999,0.0,False,16_Sean Lowe,
17,1,Valerie Harper,Tristan MacManus,Actor/Actress,74,Eliminated Week 4,10,4.0,21.0,True,256.0,0.08203125,False,17_Valerie Harper,0.0031736615779
17,1,Valerie Harper,Tristan MacManus,Actor/Actress,74,Eliminated Week 4,10,4.0,21.0,True,256.0,0.08203125,False,17_Valerie Harper,0.0031736615779
17,2,Valerie Harper,Tristan MacManus,Actor/Actress,74,Eliminated Week 4,10,4.0,19.0,True,266.0,0.0714285714285714,False,17_Valerie Harper,0.003098713002823
17,2,Valerie Harper,Tristan MacManus,Actor/Actress,74,Eliminated Week 4,10,4.0,19.0,True,266.0,0.0714285714285714,False,17_Valerie Harper,0.003098713002823
17,3,Valerie Harper,Tristan MacManus,Actor/Actress,74,Eliminated Week 4,10,4.0,16.0,True,255.0,0.0627450980392156,False,17_Valerie Harper,0.003047139947307
17,3,Valerie Harper,Tristan MacManus,Actor/Actress,74,Eliminated Week 4,10,4.0,16.0,True,255.0,0.0627450980392156,False,17_Valerie Harper,0.003047139947307
17,4,Valerie Harper,Tristan MacManus,Actor/Actress,74,Eliminated Week 4,10,4.0,18.0,True,237.0,0.0759493670886076,True,17_Valerie Harper,0.0028428569515201
17,4,Valerie Harper,Tristan MacManus,Actor/Actress,74,Eliminated Week 4,10,4.0,18.0,True,237.0,0.0759493670886076,True,17_Valerie Harper,0.0028428569515201
17,5,Valerie Harper,Tristan MacManus,Actor/Actress,74,Eliminated Week 4,10,4.0,0.0,False,235.0,0.0,False,17_Valerie Harper,
17,6,Valerie Harper,Tristan MacManus,Actor/Actress,74,Eliminated Week 4,10,4.0,0.0,False,230.9992,0.0,False,17_Valerie Harper,
17,7,Valerie Harper,Tristan MacManus,Actor/Actress,74,Eliminated Week 4,10,4.0,0.0,False,221.5,0.0,False,17_Valerie Harper,
17,8,Valerie Harper,Tristan MacManus,Actor/Actress,74,Eliminated Week 4,10,4.0,0.0,False,192.0,0.0,False,17_Valerie Harper,
17,9,Valerie Harper,Tristan MacManus,Actor/Actress,74,Eliminated Week 4,10,4.0,0.0,False,157.5,0.0,False,17_Valerie Harper,
17,10,Valerie Harper,Tristan MacManus,Actor/Actress,74,Eliminated Week 4,10,4.0,0.0,False,175.0,0.0,False,17_Valerie Harper,
17,11,Valerie Harper,Tristan MacManus,Actor/Actress,74,Eliminated Week 4,10,4.0,0.0,False,114.4994,0.0,False,17_Valerie Harper,
17,1,Brant Daugherty,Peta Murgatroyd,Actor/Actress,28,Eliminated Week 8,7,8.0,22.0,True,256.0,0.0859375,False,17_Brant Daugherty,0.0037548304461405
17,1,Brant Daugherty,Peta Murgatroyd,Actor/Actress,28,Eliminated Week 8,7,8.0,22.0,True,256.0,0.0859375,False,17_Brant Daugherty,0.0037548304461405
17,2,Brant Daugherty,Peta Murgatroyd,Actor/Actress,28,Eliminated Week 8,7,8.0,23.0,True,266.0,0.0864661654135338,False,17_Brant Daugherty,0.0036110978778181
17,2,Brant Daugherty,Peta Murgatroyd,Actor/Actress,28,Eliminated Week 8,7,8.0,23.0,True,266.0,0.0864661654135338,False,17_Brant Daugherty,0.0036110978778181
17,3,Brant Daugherty,Peta Murgatroyd,Actor/Actress,28,Eliminated Week 8,7,8.0,27.0,True,255.0,0.1058823529411764,False,17_Brant Daugherty,0.0036792168287794
17,3,Brant Daugherty,Peta Murgatroyd,Actor/Actress,28,Eliminated Week 8,7,8.0,27.0,True,255.0,0.1058823529411764,False,17_Brant Daugherty,0.0036792168287794
17,4,Brant Daugherty,Peta Murgatroyd,Actor/Actress,28,Eliminated Week 8,7,8.0,21.0,True,237.0,0.0886075949367088,False,17_Brant Daugherty,0.0039240570748085
17,4,Brant Daugherty,Peta Murgatroyd,Actor/Actress,28,Eliminated Week 8,7,8.0,21.0,True,237.0,0.0886075949367088,False,17_Brant Daugherty,0.0039240570748085
17,5,Brant Daugherty,Peta Murgatroyd,Actor/Actress,28,Eliminated Week 8,7,8.0,27.0,True,235.0,0.1148936170212766,False,17_Brant Daugherty,0.0042206666915231
17,5,Brant Daugherty,Peta Murgatroyd,Actor/Actress,28,Eliminated Week 8,7,8.0,27.0,True,235.0,0.1148936170212766,False,17_Brant Daugherty,0.0042206666915231
17,6,Brant Daugherty,Peta Murgatroyd,Actor/Actress,28,Eliminated Week 8,7,8.0,31.0,True,230.9992,0.13419959895965,False,17_Brant Daugherty,0.0025934254157465
17,6,Brant Daugherty,Peta Murgatroyd,Actor/Actress,28,Eliminated Week 8,7,8.0,31.0,True,230.9992,0.13419959895965,False,17_Brant Daugherty,0.0025934254157465
17,7,Brant Daugherty,Peta Murgatroyd,Actor/Actress,28,Eliminated Week 8,7,8.0,28.5,True,221.5,0.128668171557562,False,17_Brant Daugherty,0.0010424442285081
17,7,Brant Daugherty,Peta Murgatroyd,Actor/Actress,28,Eliminated Week 8,7,8.0,28.5,True,221.5,0.128668171557562,False,17_Brant Daugherty,0.0010424442285081
17,8,Brant Daugherty,Peta Murgatroyd,Actor/Actress,28,Eliminated Week 8,7,8.0,27.0,True,192.0,0.140625,True,17_Brant Daugherty,2.2466886496549015e-05
17,8,Brant Daugherty,Peta Murgatroyd,Actor/Actress,28,Eliminated Week 8,7,8.0,27.0,True,192.0,0.140625,True,17_Brant Daugherty,2.2466886496549015e-05
17,9,Brant Daugherty,Peta Murgatroyd,Actor/Actress,28,Eliminated Week 8,7,8.0,0.0,False,157.5,0.0,False,17_Brant Daugherty,
17,10,Brant Daugherty,Peta Murgatroyd,Actor/Actress,28,Eliminated Week 8,7,8.0,0.0,False,175.0,0.0,False,17_Brant Daugherty,
17,11,Brant Daugherty,Peta Murgatroyd,Actor/Actress,28,Eliminated Week 8,7,8.0,0.0,False,114.4994,0.0,False,17_Brant Daugherty,
17,1,Elizabeth Berkley Lauren,Valentin Chmerkovskiy,Actor/Actress,39,Eliminated Week 9,6,9.0,24.0,True,256.0,0.09375,False,17_Elizabeth Berkley Lauren,0.0077710014029222
17,1,Elizabeth Berkley Lauren,Valentin Chmerkovskiy,Actor/Actress,39,Eliminated Week 9,6,9.0,24.0,True,256.0,0.09375,False,17_Elizabeth Berkley Lauren,0.0077710014029222
17,2,Elizabeth Berkley Lauren,Valentin Chmerkovskiy,Actor/Actress,39,Eliminated Week 9,6,9.0,25.0,True,266.0,0.093984962406015,False,17_Elizabeth Berkley Lauren,0.0078627124755417
17,2,Elizabeth Berkley Lauren,Valentin Chmerkovskiy,Actor/Actress,39,Eliminated Week 9,6,9.0,25.0,True,266.0,0.093984962406015,False,17_Elizabeth Berkley Lauren,0.0078627124755417
17,3,Elizabeth Berkley Lauren,Valentin Chmerkovskiy,Actor/Actress,39,Eliminated Week 9,6,9.0,25.0,True,255.0,0.0980392156862745,False,17_Elizabeth Berkley Lauren,0.0079406998705205
17,3,Elizabeth Berkley Lauren,Valentin Chmerkovskiy,Actor/Actress,39,Eliminated Week 9,6,9.0,25.0,True,255.0,0.0980392156862745,False,17_Elizabeth Berkley Lauren,0.0079406998705205
17,4,Elizabeth Berkley Lauren,Valentin Chmerkovskiy,Actor/Actress,39,Eliminated Week 9,6,9.0,27.0,True,237.0,0.1139240506329113,False,17_Elizabeth Berkley Lauren,0.0083483748124302
17,4,Elizabeth Berkley Lauren,Valentin Chmerkovskiy,Actor/Actress,39,Eliminated Week 9,6,9.0,27.0,True,237.0,0.1139240506329113,False,17_Elizabeth Berkley Lauren,0.0083483748124302
17,5,Elizabeth Berkley Lauren,Valentin Chmerkovskiy,Actor/Actress,39,Eliminated Week 9,6,9.0,26.0,True,235.0,0.1106382978723404,False,17_Elizabeth Berkley Lauren,0.0086080489642448
17,5,Elizabeth Berkley Lauren,Valentin Chmerkovskiy,Actor/Actress,39,Eliminated Week 9,6,9.0,26.0,True,235.0,0.1106382978723404,False,17_Elizabeth Berkley Lauren,0.0086080489642448
17,6,Elizabeth Berkley Lauren,Valentin Chmerkovskiy,Actor/Actress,39,Eliminated Week 9,6,9.0,31.9998,True,230.9992,0.1385277524770648,False,17_Elizabeth Berkley Lauren,0.009000775542433
17,6,Elizabeth Berkley Lauren,Valentin Chmerkovskiy,Actor/Actress,39,Eliminated Week 9,6,9.0,31.9998,True,230.9992,0.1385277524770648,False,17_Elizabeth Berkley Lauren,0.009000775542433
17,7,Elizabeth Berkley Lauren,Valentin Chmerkovskiy,Actor/Actress,39,Eliminated Week 9,6,9.0,27.0,True,221.5,0.1218961625282167,False,17_Elizabeth Berkley Lauren,0.0095825194908741
17,7,Elizabeth Berkley Lauren,Valentin Chmerkovskiy,Actor/Actress,39,Eliminated Week 9,6,9.0,27.0,True,221.5,0.1218961625282167,False,17_Elizabeth Berkley Lauren,0.0095825194908741
17,8,Elizabeth Berkley Lauren,Valentin Chmerkovskiy,Actor/Actress,39,Eliminated Week 9,6,9.0,25.0,True,192.0,0.1302083333333333,False,17_Elizabeth Berkley Lauren,0.0104333966581042
17,8,Elizabeth Berkley Lauren,Valentin Chmerkovskiy,Actor/Actress,39,Eliminated Week 9,6,9.0,25.0,True,192.0,0.1302083333333333,False,17_Elizabeth Berkley Lauren,0.0104333966581042
17,9,Elizabeth Berkley Lauren,Valentin Chmerkovskiy,Actor/Actress,39,Eliminated Week 9,6,9.0,28.0,True,157.5,0.1777777777777777,True,17_Elizabeth Berkley Lauren,0.0089989057958516
17,9,Elizabeth Berkley Lauren,Valentin Chmerkovskiy,Actor/Actress,39,Eliminated Week 9,6,9.0,28.0,True,157.5,0.1777777777777777,True,17_Elizabeth Berkley Lauren,0.0089989057958516
17,10,Elizabeth Berkley Lauren,Valentin Chmerkovskiy,Actor/Actress,39,Eliminated Week 9,6,9.0,0.0,False,175.0,0.0,False,17_Elizabeth Berkley Lauren,
17,11,Elizabeth Berkley Lauren,Valentin Chmerkovskiy,Actor/Actress,39,Eliminated Week 9,6,9.0,0.0,False,114.4994,0.0,False,17_Elizabeth Berkley Lauren,
17,1,Leah Remini,Tony Dovolani,Actor/Actress,43,Eliminated Week 10,5,10.0,21.0,True,256.0,0.08203125,False,17_Leah Remini,0.0240618791052038
17,1,Leah Remini,Tony Dovolani,Actor/Actress,43,Eliminated Week 10,5,10.0,21.0,True,256.0,0.08203125,False,17_Leah Remini,0.0240618791052038
17,2,Leah Remini,Tony Dovolani,Actor/Actress,43,Eliminated Week 10,5,10.0,24.0,True,266.0,0.0902255639097744,False,17_Leah Remini,0.024158575830144
17,2,Leah Remini,Tony Dovolani,Actor/Actress,43,Eliminated Week 10,5,10.0,24.0,True,266.0,0.0902255639097744,False,17_Leah Remini,0.024158575830144
17,3,Leah Remini,Tony Dovolani,Actor/Actress,43,Eliminated Week 10,5,10.0,24.0,True,255.0,0.0941176470588235,False,17_Leah Remini,0.0242910120172065
17,3,Leah Remini,Tony Dovolani,Actor/Actress,43,Eliminated Week 10,5,10.0,24.0,True,255.0,0.0941176470588235,False,17_Leah Remini,0.0242910120172065
17,4,Leah Remini,Tony Dovolani,Actor/Actress,43,Eliminated Week 10,5,10.0,24.0,True,237.0,0.1012658227848101,False,17_Leah Remini,0.0249137868093086
17,4,Leah Remini,Tony Dovolani,Actor/Actress,43,Eliminated Week 10,5,10.0,24.0,True,237.0,0.1012658227848101,False,17_Leah Remini,0.0249137868093086
17,5,Leah Remini,Tony Dovolani,Actor/Actress,43,Eliminated Week 10,5,10.0,22.0,True,235.0,0.0936170212765957,False,17_Leah Remini,0.025500651628257
17,5,Leah Remini,Tony Dovolani,Actor/Actress,43,Eliminated Week 10,5,10.0,22.0,True,235.0,0.0936170212765957,False,17_Leah Remini,0.025500651628257
17,6,Leah Remini,Tony Dovolani,Actor/Actress,43,Eliminated Week 10,5,10.0,27.999899999999997,True,230.9992,0.1212121080938808,False,17_Leah Remini,0.0228397781297045
17,6,Leah Remini,Tony Dovolani,Actor/Actress,43,Eliminated Week 10,5,10.0,27.999899999999997,True,230.9992,0.1212121080938808,False,17_Leah Remini,0.0228397781297045
17,7,Leah Remini,Tony Dovolani,Actor/Actress,43,Eliminated Week 10,5,10.0,26.5,True,221.5,0.1196388261851015,False,17_Leah Remini,0.0202318443317299
17,7,Leah Remini,Tony Dovolani,Actor/Actress,43,Eliminated Week 10,5,10.0,26.5,True,221.5,0.1196388261851015,False,17_Leah Remini,0.0202318443317299
17,8,Leah Remini,Tony Dovolani,Actor/Actress,43,Eliminated Week 10,5,10.0,28.0,True,192.0,0.1458333333333333,False,17_Leah Remini,0.0180005290599184
17,8,Leah Remini,Tony Dovolani,Actor/Actress,43,Eliminated Week 10,5,10.0,28.0,True,192.0,0.1458333333333333,False,17_Leah Remini,0.0180005290599184
17,9,Leah Remini,Tony Dovolani,Actor/Actress,43,Eliminated Week 10,5,10.0,27.0,True,157.5,0.1714285714285714,False,17_Leah Remini,0.0154032678535122
17,9,Leah Remini,Tony Dovolani,Actor/Actress,43,Eliminated Week 10,5,10.0,27.0,True,157.5,0.1714285714285714,False,17_Leah Remini,0.0154032678535122
17,10,Leah Remini,Tony Dovolani,Actor/Actress,43,Eliminated Week 10,5,10.0,32.5,True,175.0,0.1857142857142857,True,17_Leah Remini,0.0143622677006302
17,10,Leah Remini,Tony Dovolani,Actor/Actress,43,Eliminated Week 10,5,10.0,32.5,True,175.0,0.1857142857142857,True,17_Leah Remini,0.0143622677006302
17,11,Leah Remini,Tony Dovolani,Actor/Actress,43,Eliminated Week 10,5,10.0,0.0,False,114.4994,0.0,False,17_Leah Remini,
17,1,Corbin Bleu,Karina Smirnoff,Actor/Actress,24,2nd Place,2,,24.0,True,256.0,0.09375,False,17_Corbin Bleu,0.2384605023490319
17,1,Corbin Bleu,Karina Smirnoff,Actor/Actress,24,2nd Place,2,,24.0,True,256.0,0.09375,False,17_Corbin Bleu,0.2384605023490319
17,2,Corbin Bleu,Karina Smirnoff,Actor/Actress,24,2nd Place,2,,26.0,True,266.0,0.0977443609022556,False,17_Corbin Bleu,0.2384916153418001
17,2,Corbin Bleu,Karina Smirnoff,Actor/Actress,24,2nd Place,2,,26.0,True,266.0,0.0977443609022556,False,17_Corbin Bleu,0.2384916153418001
17,3,Corbin Bleu,Karina Smirnoff,Actor/Actress,24,2nd Place,2,,26.0,True,255.0,0.1019607843137254,False,17_Corbin Bleu,0.2385795004266101
17,3,Corbin Bleu,Karina Smirnoff,Actor/Actress,24,2nd Place,2,,26.0,True,255.0,0.1019607843137254,False,17_Corbin Bleu,0.2385795004266101
17,4,Corbin Bleu,Karina Smirnoff,Actor/Actress,24,2nd Place,2,,27.0,True,237.0,0.1139240506329113,False,17_Corbin Bleu,0.2389858371558484
17,4,Corbin Bleu,Karina Smirnoff,Actor/Actress,24,2nd Place,2,,27.0,True,237.0,0.1139240506329113,False,17_Corbin Bleu,0.2389858371558484
17,5,Corbin Bleu,Karina Smirnoff,Actor/Actress,24,2nd Place,2,,28.0,True,235.0,0.1191489361702127,False,17_Corbin Bleu,0.2393626012369695
17,5,Corbin Bleu,Karina Smirnoff,Actor/Actress,24,2nd Place,2,,28.0,True,235.0,0.1191489361702127,False,17_Corbin Bleu,0.2393626012369695
17,6,Corbin Bleu,Karina Smirnoff,Actor/Actress,24,2nd Place,2,,26.999899999999997,True,230.9992,0.1168830887726018,False,17_Corbin Bleu,0.240449413592794
17,6,Corbin Bleu,Karina Smirnoff,Actor/Actress,24,2nd Place,2,,26.999899999999997,True,230.9992,0.1168830887726018,False,17_Corbin Bleu,0.240449413592794
17,7,Corbin Bleu,Karina Smirnoff,Actor/Actress,24,2nd Place,2,,29.5,True,221.5,0.1331828442437923,False,17_Corbin Bleu,0.2414644321695829
17,7,Corbin Bleu,Karina Smirnoff,Actor/Actress,24,2nd Place,2,,29.5,True,221.5,0.1331828442437923,False,17_Corbin Bleu,0.2414644321695829
17,8,Corbin Bleu,Karina Smirnoff,Actor/Actress,24,2nd Place,2,,30.0,True,192.0,0.15625,False,17_Corbin Bleu,0.2428859028210588
17,8,Corbin Bleu,Karina Smirnoff,Actor/Actress,24,2nd Place,2,,30.0,True,192.0,0.15625,False,17_Corbin Bleu,0.2428859028210588
17,9,Corbin Bleu,Karina Smirnoff,Actor/Actress,24,2nd Place,2,,29.0,True,157.5,0.1841269841269841,False,17_Corbin Bleu,0.243899456113364
17,9,Corbin Bleu,Karina Smirnoff,Actor/Actress,24,2nd Place,2,,29.0,True,157.5,0.1841269841269841,False,17_Corbin Bleu,0.243899456113364
17,10,Corbin Bleu,Karina Smirnoff,Actor/Actress,24,2nd Place,2,,37.5,True,175.0,0.2142857142857142,False,17_Corbin Bleu,0.2464094336176975
17,10,Corbin Bleu,Karina Smirnoff,Actor/Actress,24,2nd Place,2,,37.5,True,175.0,0.2142857142857142,False,17_Corbin Bleu,0.2464094336176975
17,11,Corbin Bleu,Karina Smirnoff,Actor/Actress,24,2nd Place,2,,29.6664,True,114.4994,0.2590965542177513,False,17_Corbin Bleu,0.2500000000106963
17,11,Corbin Bleu,Karina Smirnoff,Actor/Actress,24,2nd Place,2,,29.6664,True,114.4994,0.2590965542177513,False,17_Corbin Bleu,0.2500000000106963
17,1,Amber Riley,Derek Hough,Actor/Actress,27,1st Place,1,,27.0,True,256.0,0.10546875,False,17_Amber Riley,0.2384605023691955
17,1,Amber Riley,Derek Hough,Actor/Actress,27,1st Place,1,,27.0,True,256.0,0.10546875,False,17_Amber Riley,0.2384605023691955
17,2,Amber Riley,Derek Hough,Actor/Actress,27,1st Place,1,,24.0,True,266.0,0.0902255639097744,False,17_Amber Riley,0.2384916160581272
17,2,Amber Riley,Derek Hough,Actor/Actress,27,1st Place,1,,24.0,True,266.0,0.0902255639097744,False,17_Amber Riley,0.2384916160581272
17,3,Amber Riley,Derek Hough,Actor/Actress,27,1st Place,1,,24.0,True,255.0,0.0941176470588235,False,17_Amber Riley,0.2385794997915227
17,3,Amber Riley,Derek Hough,Actor/Actress,27,1st Place,1,,24.0,True,255.0,0.0941176470588235,False,17_Amber Riley,0.2385794997915227
17,4,Amber Riley,Derek Hough,Actor/Actress,27,1st Place,1,,27.0,True,237.0,0.1139240506329113,False,17_Amber Riley,0.2389858384235305
17,4,Amber Riley,Derek Hough,Actor/Actress,27,1st Place,1,,27.0,True,237.0,0.1139240506329113,False,17_Amber Riley,0.2389858384235305
17,5,Amber Riley,Derek Hough,Actor/Actress,27,1st Place,1,,26.0,True,235.0,0.1106382978723404,False,17_Amber Riley,0.2393626001966978
17,5,Amber Riley,Derek Hough,Actor/Actress,27,1st Place,1,,26.0,True,235.0,0.1106382978723404,False,17_Amber Riley,0.2393626001966978
17,6,Amber Riley,Derek Hough,Actor/Actress,27,1st Place,1,,31.999899999999997,True,230.9992,0.1385281853789969,False,17_Amber Riley,0.2404494151019269
17,6,Amber Riley,Derek Hough,Actor/Actress,27,1st Place,1,,31.999899999999997,True,230.9992,0.1385281853789969,False,17_Amber Riley,0.2404494151019269
17,7,Amber Riley,Derek Hough,Actor/Actress,27,1st Place,1,,29.5,True,221.5,0.1331828442437923,False,17_Amber Riley,0.2414644310979672
17,7,Amber Riley,Derek Hough,Actor/Actress,27,1st Place,1,,29.5,True,221.5,0.1331828442437923,False,17_Amber Riley,0.2414644310979672
17,8,Amber Riley,Derek Hough,Actor/Actress,27,1st Place,1,,28.0,True,192.0,0.1458333333333333,False,17_Amber Riley,0.2428859041385816
17,8,Amber Riley,Derek Hough,Actor/Actress,27,1st Place,1,,28.0,True,192.0,0.1458333333333333,False,17_Amber Riley,0.2428859041385816
17,9,Amber Riley,Derek Hough,Actor/Actress,27,1st Place,1,,25.5,True,157.5,0.1619047619047619,False,17_Amber Riley,0.2438994554181201
17,9,Amber Riley,Derek Hough,Actor/Actress,27,1st Place,1,,25.5,True,157.5,0.1619047619047619,False,17_Amber Riley,0.2438994554181201
17,10,Amber Riley,Derek Hough,Actor/Actress,27,1st Place,1,,39.5,True,175.0,0.2257142857142857,False,17_Amber Riley,0.2464094343935568
17,10,Amber Riley,Derek Hough,Actor/Actress,27,1st Place,1,,39.5,True,175.0,0.2257142857142857,False,17_Amber Riley,0.2464094343935568
17,11,Amber Riley,Derek Hough,Actor/Actress,27,1st Place,1,,31.3332,True,114.4994,0.2736538357406239,False,17_Amber Riley,0.2500000000174776
17,11,Amber Riley,Derek Hough,Actor/Actress,27,1st Place,1,,31.3332,True,114.4994,0.2736538357406239,False,17_Amber Riley,0.2500000000174776
17,1,Keyshawn Johnson,Sharna Burgess,Athlete,41,Eliminated Week 2,12,2.0,17.0,True,256.0,0.06640625,False,17_Keyshawn Johnson,5.276711438172107e-05
17,1,Keyshawn Johnson,Sharna Burgess,Athlete,41,Eliminated Week 2,12,2.0,17.0,True,256.0,0.06640625,False,17_Keyshawn Johnson,5.276711438172107e-05
17,2,Keyshawn Johnson,Sharna Burgess,Athlete,41,Eliminated Week 2,12,2.0,18.0,True,266.0,0.0676691729323308,True,17_Keyshawn Johnson,3.0056963003509185e-08
17,2,Keyshawn Johnson,Sharna Burgess,Athlete,41,Eliminated Week 2,12,2.0,18.0,True,266.0,0.0676691729323308,True,17_Keyshawn Johnson,3.0056963003509185e-08
17,3,Keyshawn Johnson,Sharna Burgess,Athlete,41,Eliminated Week 2,12,2.0,0.0,False,255.0,0.0,False,17_Keyshawn Johnson,
17,4,Keyshawn Johnson,Sharna Burgess,Athlete,41,Eliminated Week 2,12,2.0,0.0,False,237.0,0.0,False,17_Keyshawn Johnson,
17,5,Keyshawn Johnson,Sharna Burgess,Athlete,41,Eliminated Week 2,12,2.0,0.0,False,235.0,0.0,False,17_Keyshawn Johnson,
17,6,Keyshawn Johnson,Sharna Burgess,Athlete,41,Eliminated Week 2,12,2.0,0.0,False,230.9992,0.0,False,17_Keyshawn Johnson,
17,7,Keyshawn Johnson,Sharna Burgess,Athlete,41,Eliminated Week 2,12,2.0,0.0,False,221.5,0.0,False,17_Keyshawn Johnson,
17,8,Keyshawn Johnson,Sharna Burgess,Athlete,41,Eliminated Week 2,12,2.0,0.0,False,192.0,0.0,False,17_Keyshawn Johnson,
17,9,Keyshawn Johnson,Sharna Burgess,Athlete,41,Eliminated Week 2,12,2.0,0.0,False,157.5,0.0,False,17_Keyshawn Johnson,
17,10,Keyshawn Johnson,Sharna Burgess,Athlete,41,Eliminated Week 2,12,2.0,0.0,False,175.0,0.0,False,17_Keyshawn Johnson,
17,11,Keyshawn Johnson,Sharna Burgess,Athlete,41,Eliminated Week 2,12,2.0,0.0,False,114.4994,0.0,False,17_Keyshawn Johnson,
17,1,Bill Engvall,Emma Slater,Comedian,56,Eliminated Week 11,4,11.0,18.0,True,256.0,0.0703125,False,17_Bill Engvall,0.2384605026861237
17,1,Bill Engvall,Emma Slater,Comedian,56,Eliminated Week 11,4,11.0,18.0,True,256.0,0.0703125,False,17_Bill Engvall,0.2384605026861237
17,2,Bill Engvall,Emma Slater,Comedian,56,Eliminated Week 11,4,11.0,21.0,True,266.0,0.0789473684210526,False,17_Bill Engvall,0.2384916140446131
17,2,Bill Engvall,Emma Slater,Comedian,56,Eliminated Week 11,4,11.0,21.0,True,266.0,0.0789473684210526,False,17_Bill Engvall,0.2384916140446131
17,3,Bill Engvall,Emma Slater,Comedian,56,Eliminated Week 11,4,11.0,24.0,True,255.0,0.0941176470588235,False,17_Bill Engvall,0.2385795022648846
17,3,Bill Engvall,Emma Slater,Comedian,56,Eliminated Week 11,4,11.0,24.0,True,255.0,0.0941176470588235,False,17_Bill Engvall,0.2385795022648846
17,4,Bill Engvall,Emma Slater,Comedian,56,Eliminated Week 11,4,11.0,21.0,True,237.0,0.0886075949367088,False,17_Bill Engvall,0.2389858346177622
17,4,Bill Engvall,Emma Slater,Comedian,56,Eliminated Week 11,4,11.0,21.0,True,237.0,0.0886075949367088,False,17_Bill Engvall,0.2389858346177622
17,5,Bill Engvall,Emma Slater,Comedian,56,Eliminated Week 11,4,11.0,24.0,True,235.0,0.102127659574468,False,17_Bill Engvall,0.2393626039627746
17,5,Bill Engvall,Emma Slater,Comedian,56,Eliminated Week 11,4,11.0,24.0,True,235.0,0.102127659574468,False,17_Bill Engvall,0.2393626039627746
17,6,Bill Engvall,Emma Slater,Comedian,56,Eliminated Week 11,4,11.0,23.9999,True,230.9992,0.1038960308087647,False,17_Bill Engvall,0.2404494105956855
17,6,Bill Engvall,Emma Slater,Comedian,56,Eliminated Week 11,4,11.0,23.9999,True,230.9992,0.1038960308087647,False,17_Bill Engvall,0.2404494105956855
17,7,Bill Engvall,Emma Slater,Comedian,56,Eliminated Week 11,4,11.0,25.0,True,221.5,0.1128668171557562,False,17_Bill Engvall,0.2414644348723924
17,7,Bill Engvall,Emma Slater,Comedian,56,Eliminated Week 11,4,11.0,25.0,True,221.5,0.1128668171557562,False,17_Bill Engvall,0.2414644348723924
17,8,Bill Engvall,Emma Slater,Comedian,56,Eliminated Week 11,4,11.0,24.0,True,192.0,0.125,False,17_Bill Engvall,0.242885900306402
17,8,Bill Engvall,Emma Slater,Comedian,56,Eliminated Week 11,4,11.0,24.0,True,192.0,0.125,False,17_Bill Engvall,0.242885900306402
17,9,Bill Engvall,Emma Slater,Comedian,56,Eliminated Week 11,4,11.0,21.0,True,157.5,0.1333333333333333,False,17_Bill Engvall,0.2438994579093379
17,9,Bill Engvall,Emma Slater,Comedian,56,Eliminated Week 11,4,11.0,21.0,True,157.5,0.1333333333333333,False,17_Bill Engvall,0.2438994579093379
17,10,Bill Engvall,Emma Slater,Comedian,56,Eliminated Week 11,4,11.0,30.0,True,175.0,0.1714285714285714,False,17_Bill Engvall,0.2464094323348729
17,10,Bill Engvall,Emma Slater,Comedian,56,Eliminated Week 11,4,11.0,30.0,True,175.0,0.1714285714285714,False,17_Bill Engvall,0.2464094323348729
17,11,Bill Engvall,Emma Slater,Comedian,56,Eliminated Week 11,4,11.0,25.499899999999997,True,114.4994,0.2227077172456798,True,17_Bill Engvall,0.2500000003405171
17,11,Bill Engvall,Emma Slater,Comedian,56,Eliminated Week 11,4,11.0,25.499899999999997,True,114.4994,0.2227077172456798,True,17_Bill Engvall,0.2500000003405171
17,1,Christina Milian,Mark Ballas,Singer/Rapper,31,Eliminated Week 5,9,5.0,22.0,True,256.0,0.0859375,False,17_Christina Milian,3.807360896898818e-05
17,1,Christina Milian,Mark Ballas,Singer/Rapper,31,Eliminated Week 5,9,5.0,22.0,True,256.0,0.0859375,False,17_Christina Milian,3.807360896898818e-05
17,2,Christina Milian,Mark Ballas,Singer/Rapper,31,Eliminated Week 5,9,5.0,25.0,True,266.0,0.093984962406015,False,17_Christina Milian,2.666379031908556e-05
17,2,Christina Milian,Mark Ballas,Singer/Rapper,31,Eliminated Week 5,9,5.0,25.0,True,266.0,0.093984962406015,False,17_Christina Milian,2.666379031908556e-05
17,3,Christina Milian,Mark Ballas,Singer/Rapper,31,Eliminated Week 5,9,5.0,26.0,True,255.0,0.1019607843137254,False,17_Christina Milian,2.908181324023409e-05
17,3,Christina Milian,Mark Ballas,Singer/Rapper,31,Eliminated Week 5,9,5.0,26.0,True,255.0,0.1019607843137254,False,17_Christina Milian,2.908181324023409e-05
17,4,Christina Milian,Mark Ballas,Singer/Rapper,31,Eliminated Week 5,9,5.0,24.0,True,237.0,0.1012658227848101,False,17_Christina Milian,5.798287588106111e-05
17,4,Christina Milian,Mark Ballas,Singer/Rapper,31,Eliminated Week 5,9,5.0,24.0,True,237.0,0.1012658227848101,False,17_Christina Milian,5.798287588106111e-05
17,5,Christina Milian,Mark Ballas,Singer/Rapper,31,Eliminated Week 5,9,5.0,28.0,True,235.0,0.1191489361702127,True,17_Christina Milian,1.2355604530468353e-17
17,5,Christina Milian,Mark Ballas,Singer/Rapper,31,Eliminated Week 5,9,5.0,28.0,True,235.0,0.1191489361702127,True,17_Christina Milian,1.2355604530468353e-17
17,6,Christina Milian,Mark Ballas,Singer/Rapper,31,Eliminated Week 5,9,5.0,0.0,False,230.9992,0.0,False,17_Christina Milian,
17,7,Christina Milian,Mark Ballas,Singer/Rapper,31,Eliminated Week 5,9,5.0,0.0,False,221.5,0.0,False,17_Christina Milian,
17,8,Christina Milian,Mark Ballas,Singer/Rapper,31,Eliminated Week 5,9,5.0,0.0,False,192.0,0.0,False,17_Christina Milian,
17,9,Christina Milian,Mark Ballas,Singer/Rapper,31,Eliminated Week 5,9,5.0,0.0,False,157.5,0.0,False,17_Christina Milian,
17,10,Christina Milian,Mark Ballas,Singer/Rapper,31,Eliminated Week 5,9,5.0,0.0,False,175.0,0.0,False,17_Christina Milian,
17,11,Christina Milian,Mark Ballas,Singer/Rapper,31,Eliminated Week 5,9,5.0,0.0,False,114.4994,0.0,False,17_Christina Milian,
17,1,"Nicole ""Snooki"" Polizzi",Sasha Farber,TV Personality,25,Eliminated Week 7,8,7.0,23.0,True,256.0,0.08984375,False,"17_Nicole ""Snooki"" Polizzi",0.0034791932676509
17,1,"Nicole ""Snooki"" Polizzi",Sasha Farber,TV Personality,25,Eliminated Week 7,8,7.0,23.0,True,256.0,0.08984375,False,"17_Nicole ""Snooki"" Polizzi",0.0034791932676509
17,2,"Nicole ""Snooki"" Polizzi",Sasha Farber,TV Personality,25,Eliminated Week 7,8,7.0,20.0,True,266.0,0.075187969924812,False,"17_Nicole ""Snooki"" Polizzi",0.0035271488342156
17,2,"Nicole ""Snooki"" Polizzi",Sasha Farber,TV Personality,25,Eliminated Week 7,8,7.0,20.0,True,266.0,0.075187969924812,False,"17_Nicole ""Snooki"" Polizzi",0.0035271488342156
17,3,"Nicole ""Snooki"" Polizzi",Sasha Farber,TV Personality,25,Eliminated Week 7,8,7.0,25.0,True,255.0,0.0980392156862745,False,"17_Nicole ""Snooki"" Polizzi",0.0036434886595869
17,3,"Nicole ""Snooki"" Polizzi",Sasha Farber,TV Personality,25,Eliminated Week 7,8,7.0,25.0,True,255.0,0.0980392156862745,False,"17_Nicole ""Snooki"" Polizzi",0.0036434886595869
17,4,"Nicole ""Snooki"" Polizzi",Sasha Farber,TV Personality,25,Eliminated Week 7,8,7.0,24.0,True,237.0,0.1012658227848101,False,"17_Nicole ""Snooki"" Polizzi",0.0039695969584293
17,4,"Nicole ""Snooki"" Polizzi",Sasha Farber,TV Personality,25,Eliminated Week 7,8,7.0,24.0,True,237.0,0.1012658227848101,False,"17_Nicole ""Snooki"" Polizzi",0.0039695969584293
17,5,"Nicole ""Snooki"" Polizzi",Sasha Farber,TV Personality,25,Eliminated Week 7,8,7.0,27.0,True,235.0,0.1148936170212766,False,"17_Nicole ""Snooki"" Polizzi",0.0042202243491447
17,5,"Nicole ""Snooki"" Polizzi",Sasha Farber,TV Personality,25,Eliminated Week 7,8,7.0,27.0,True,235.0,0.1148936170212766,False,"17_Nicole ""Snooki"" Polizzi",0.0042202243491447
17,6,"Nicole ""Snooki"" Polizzi",Sasha Farber,TV Personality,25,Eliminated Week 7,8,7.0,30.0,True,230.9992,0.129870579638371,False,"17_Nicole ""Snooki"" Polizzi",0.0037683711793606
17,6,"Nicole ""Snooki"" Polizzi",Sasha Farber,TV Personality,25,Eliminated Week 7,8,7.0,30.0,True,230.9992,0.129870579638371,False,"17_Nicole ""Snooki"" Polizzi",0.0037683711793606
17,7,"Nicole ""Snooki"" Polizzi",Sasha Farber,TV Personality,25,Eliminated Week 7,8,7.0,27.0,True,221.5,0.1218961625282167,True,"17_Nicole ""Snooki"" Polizzi",0.0032854600117594
17,7,"Nicole ""Snooki"" Polizzi",Sasha Farber,TV Personality,25,Eliminated Week 7,8,7.0,27.0,True,221.5,0.1218961625282167,True,"17_Nicole ""Snooki"" Polizzi",0.0032854600117594
17,8,"Nicole ""Snooki"" Polizzi",Sasha Farber,TV Personality,25,Eliminated Week 7,8,7.0,0.0,False,192.0,0.0,False,"17_Nicole ""Snooki"" Polizzi",
17,9,"Nicole ""Snooki"" Polizzi",Sasha Farber,TV Personality,25,Eliminated Week 7,8,7.0,0.0,False,157.5,0.0,False,"17_Nicole ""Snooki"" Polizzi",
17,10,"Nicole ""Snooki"" Polizzi",Sasha Farber,TV Personality,25,Eliminated Week 7,8,7.0,0.0,False,175.0,0.0,False,"17_Nicole ""Snooki"" Polizzi",
17,11,"Nicole ""Snooki"" Polizzi",Sasha Farber,TV Personality,25,Eliminated Week 7,8,7.0,0.0,False,114.4994,0.0,False,"17_Nicole ""Snooki"" Polizzi",
17,1,Jack Osbourne,Cheryl Burke,TV Personality,27,3rd Place,3,,23.0,True,256.0,0.08984375,False,17_Jack Osbourne,0.2384605020318413
17,1,Jack Osbourne,Cheryl Burke,TV Personality,27,3rd Place,3,,23.0,True,256.0,0.08984375,False,17_Jack Osbourne,0.2384605020318413
17,2,Jack Osbourne,Cheryl Burke,TV Personality,27,3rd Place,3,,24.0,True,266.0,0.0902255639097744,False,17_Jack Osbourne,0.238491613555361
17,2,Jack Osbourne,Cheryl Burke,TV Personality,27,3rd Place,3,,24.0,True,266.0,0.0902255639097744,False,17_Jack Osbourne,0.238491613555361
17,3,Jack Osbourne,Cheryl Burke,TV Personality,27,3rd Place,3,,22.0,True,255.0,0.0862745098039215,False,17_Jack Osbourne,0.2385795014334693
17,3,Jack Osbourne,Cheryl Burke,TV Personality,27,3rd Place,3,,22.0,True,255.0,0.0862745098039215,False,17_Jack Osbourne,0.2385795014334693
17,4,Jack Osbourne,Cheryl Burke,TV Personality,27,3rd Place,3,,24.0,True,237.0,0.1012658227848101,False,17_Jack Osbourne,0.2389858343204807
17,4,Jack Osbourne,Cheryl Burke,TV Personality,27,3rd Place,3,,24.0,True,237.0,0.1012658227848101,False,17_Jack Osbourne,0.2389858343204807
17,5,Jack Osbourne,Cheryl Burke,TV Personality,27,3rd Place,3,,27.0,True,235.0,0.1148936170212766,False,17_Jack Osbourne,0.2393626029703882
17,5,Jack Osbourne,Cheryl Burke,TV Personality,27,3rd Place,3,,27.0,True,235.0,0.1148936170212766,False,17_Jack Osbourne,0.2393626029703882
17,6,Jack Osbourne,Cheryl Burke,TV Personality,27,3rd Place,3,,26.9998,True,230.9992,0.1168826558706696,False,17_Jack Osbourne,0.2404494104423486
17,6,Jack Osbourne,Cheryl Burke,TV Personality,27,3rd Place,3,,26.9998,True,230.9992,0.1168826558706696,False,17_Jack Osbourne,0.2404494104423486
17,7,Jack Osbourne,Cheryl Burke,TV Personality,27,3rd Place,3,,28.5,True,221.5,0.128668171557562,False,17_Jack Osbourne,0.2414644337971856
17,7,Jack Osbourne,Cheryl Burke,TV Personality,27,3rd Place,3,,28.5,True,221.5,0.128668171557562,False,17_Jack Osbourne,0.2414644337971856
17,8,Jack Osbourne,Cheryl Burke,TV Personality,27,3rd Place,3,,30.0,True,192.0,0.15625,False,17_Jack Osbourne,0.2428859001294384
17,8,Jack Osbourne,Cheryl Burke,TV Personality,27,3rd Place,3,,30.0,True,192.0,0.15625,False,17_Jack Osbourne,0.2428859001294384
17,9,Jack Osbourne,Cheryl Burke,TV Personality,27,3rd Place,3,,27.0,True,157.5,0.1714285714285714,False,17_Jack Osbourne,0.243899456909814
17,9,Jack Osbourne,Cheryl Burke,TV Personality,27,3rd Place,3,,27.0,True,157.5,0.1714285714285714,False,17_Jack Osbourne,0.243899456909814
17,10,Jack Osbourne,Cheryl Burke,TV Personality,27,3rd Place,3,,35.5,True,175.0,0.2028571428571428,False,17_Jack Osbourne,0.2464094319532424
17,10,Jack Osbourne,Cheryl Burke,TV Personality,27,3rd Place,3,,35.5,True,175.0,0.2028571428571428,False,17_Jack Osbourne,0.2464094319532424
17,11,Jack Osbourne,Cheryl Burke,TV Personality,27,3rd Place,3,,27.999899999999997,True,114.4994,0.2445418927959447,False,17_Jack Osbourne,0.249999999631309
17,11,Jack Osbourne,Cheryl Burke,TV Personality,27,3rd Place,3,,27.999899999999997,True,114.4994,0.2445418927959447,False,17_Jack Osbourne,0.249999999631309
17,1,Bill Nye,Tyne Stecklein,TV Personality,57,Eliminated Week 3,11,3.0,14.0,True,256.0,0.0546875,False,17_Bill Nye,0.003826584040639
17,1,Bill Nye,Tyne Stecklein,TV Personality,57,Eliminated Week 3,11,3.0,14.0,True,256.0,0.0546875,False,17_Bill Nye,0.003826584040639
17,2,Bill Nye,Tyne Stecklein,TV Personality,57,Eliminated Week 3,11,3.0,17.0,True,266.0,0.0639097744360902,False,17_Bill Nye,0.0037485991322738
17,2,Bill Nye,Tyne Stecklein,TV Personality,57,Eliminated Week 3,11,3.0,17.0,True,266.0,0.0639097744360902,False,17_Bill Nye,0.0037485991322738
17,3,Bill Nye,Tyne Stecklein,TV Personality,57,Eliminated Week 3,11,3.0,16.0,True,255.0,0.0627450980392156,True,17_Bill Nye,0.0030513569468724
17,3,Bill Nye,Tyne Stecklein,TV Personality,57,Eliminated Week 3,11,3.0,16.0,True,255.0,0.0627450980392156,True,17_Bill Nye,0.0030513569468724
17,4,Bill Nye,Tyne Stecklein,TV Personality,57,Eliminated Week 3,11,3.0,0.0,False,237.0,0.0,False,17_Bill Nye,
17,5,Bill Nye,Tyne Stecklein,TV Personality,57,Eliminated Week 3,11,3.0,0.0,False,235.0,0.0,False,17_Bill Nye,
17,6,Bill Nye,Tyne Stecklein,TV Personality,57,Eliminated Week 3,11,3.0,0.0,False,230.9992,0.0,False,17_Bill Nye,
17,7,Bill Nye,Tyne Stecklein,TV Personality,57,Eliminated Week 3,11,3.0,0.0,False,221.5,0.0,False,17_Bill Nye,
17,8,Bill Nye,Tyne Stecklein,TV Personality,57,Eliminated Week 3,11,3.0,0.0,False,192.0,0.0,False,17_Bill Nye,
17,9,Bill Nye,Tyne Stecklein,TV Personality,57,Eliminated Week 3,11,3.0,0.0,False,157.5,0.0,False,17_Bill Nye,
17,10,Bill Nye,Tyne Stecklein,TV Personality,57,Eliminated Week 3,11,3.0,0.0,False,175.0,0.0,False,17_Bill Nye,
17,11,Bill Nye,Tyne Stecklein,TV Personality,57,Eliminated Week 3,11,3.0,0.0,False,114.4994,0.0,False,17_Bill Nye,
18,1,Billy Dee Williams,Emma Slater,Actor/Actress,76,Withdrew,10,,15.0,True,262.0,0.0572519083969465,False,18_Billy Dee Williams,0.0245939623350413
18,1,Billy Dee Williams,Emma Slater,Actor/Actress,76,Withdrew,10,,15.0,True,262.0,0.0572519083969465,False,18_Billy Dee Williams,0.0245939623350413
18,2,Billy Dee Williams,Emma Slater,Actor/Actress,76,Withdrew,10,,15.0,True,244.0,0.0614754098360655,False,18_Billy Dee Williams,0.0245600116320099
18,2,Billy Dee Williams,Emma Slater,Actor/Actress,76,Withdrew,10,,15.0,True,244.0,0.0614754098360655,False,18_Billy Dee Williams,0.0245600116320099
18,3,Billy Dee Williams,Emma Slater,Actor/Actress,76,Withdrew,10,,0.0,False,311.0,0.0,False,18_Billy Dee Williams,
18,4,Billy Dee Williams,Emma Slater,Actor/Actress,76,Withdrew,10,,0.0,False,297.0,0.0,False,18_Billy Dee Williams,
18,5,Billy Dee Williams,Emma Slater,Actor/Actress,76,Withdrew,10,,0.0,False,322.0,0.0,False,18_Billy Dee Williams,
18,6,Billy Dee Williams,Emma Slater,Actor/Actress,76,Withdrew,10,,0.0,False,282.0,0.0,False,18_Billy Dee Williams,
18,7,Billy Dee Williams,Emma Slater,Actor/Actress,76,Withdrew,10,,0.0,False,253.0,0.0,False,18_Billy Dee Williams,
18,8,Billy Dee Williams,Emma Slater,Actor/Actress,76,Withdrew,10,,0.0,False,226.0,0.0,False,18_Billy Dee Williams,
18,9,Billy Dee Williams,Emma Slater,Actor/Actress,76,Withdrew,10,,0.0,False,191.0,0.0,False,18_Billy Dee Williams,
18,10,Billy Dee Williams,Emma Slater,Actor/Actress,76,Withdrew,10,,0.0,False,114.6664,0.0,False,18_Billy Dee Williams,
18,1,Danica McKellar,Valentin Chmerkovskiy,Actor/Actress,39,Eliminated Week 8,6,8.0,24.0,True,262.0,0.0916030534351145,False,18_Danica McKellar,0.0001317950738008
18,1,Danica McKellar,Valentin Chmerkovskiy,Actor/Actress,39,Eliminated Week 8,6,8.0,24.0,True,262.0,0.0916030534351145,False,18_Danica McKellar,0.0001317950738008
18,2,Danica McKellar,Valentin Chmerkovskiy,Actor/Actress,39,Eliminated Week 8,6,8.0,24.0,True,244.0,0.0983606557377049,False,18_Danica McKellar,2.515985866378958e-17
18,2,Danica McKellar,Valentin Chmerkovskiy,Actor/Actress,39,Eliminated Week 8,6,8.0,24.0,True,244.0,0.0983606557377049,False,18_Danica McKellar,2.515985866378958e-17
18,3,Danica McKellar,Valentin Chmerkovskiy,Actor/Actress,39,Eliminated Week 8,6,8.0,36.0,True,311.0,0.1157556270096463,False,18_Danica McKellar,0.0021951139320597
18,3,Danica McKellar,Valentin Chmerkovskiy,Actor/Actress,39,Eliminated Week 8,6,8.0,36.0,True,311.0,0.1157556270096463,False,18_Danica McKellar,0.0021951139320597
18,4,Danica McKellar,Valentin Chmerkovskiy,Actor/Actress,39,Eliminated Week 8,6,8.0,32.0,True,297.0,0.1077441077441077,False,18_Danica McKellar,0.0016734783396066
18,4,Danica McKellar,Valentin Chmerkovskiy,Actor/Actress,39,Eliminated Week 8,6,8.0,32.0,True,297.0,0.1077441077441077,False,18_Danica McKellar,0.0016734783396066
18,5,Danica McKellar,Valentin Chmerkovskiy,Actor/Actress,39,Eliminated Week 8,6,8.0,39.0,True,322.0,0.1211180124223602,False,18_Danica McKellar,0.001059353196111
18,5,Danica McKellar,Valentin Chmerkovskiy,Actor/Actress,39,Eliminated Week 8,6,8.0,39.0,True,322.0,0.1211180124223602,False,18_Danica McKellar,0.001059353196111
18,6,Danica McKellar,Valentin Chmerkovskiy,Actor/Actress,39,Eliminated Week 8,6,8.0,36.0,True,282.0,0.1276595744680851,False,18_Danica McKellar,0.0009758704879008
18,6,Danica McKellar,Valentin Chmerkovskiy,Actor/Actress,39,Eliminated Week 8,6,8.0,36.0,True,282.0,0.1276595744680851,False,18_Danica McKellar,0.0009758704879008
18,7,Danica McKellar,Valentin Chmerkovskiy,Actor/Actress,39,Eliminated Week 8,6,8.0,36.0,True,253.0,0.1422924901185771,False,18_Danica McKellar,0.0026656765716156
18,7,Danica McKellar,Valentin Chmerkovskiy,Actor/Actress,39,Eliminated Week 8,6,8.0,36.0,True,253.0,0.1422924901185771,False,18_Danica McKellar,0.0026656765716156
18,8,Danica McKellar,Valentin Chmerkovskiy,Actor/Actress,39,Eliminated Week 8,6,8.0,38.0,True,226.0,0.168141592920354,True,18_Danica McKellar,0.0038069441048691
18,8,Danica McKellar,Valentin Chmerkovskiy,Actor/Actress,39,Eliminated Week 8,6,8.0,38.0,True,226.0,0.168141592920354,True,18_Danica McKellar,0.0038069441048691
18,9,Danica McKellar,Valentin Chmerkovskiy,Actor/Actress,39,Eliminated Week 8,6,8.0,0.0,False,191.0,0.0,False,18_Danica McKellar,
18,10,Danica McKellar,Valentin Chmerkovskiy,Actor/Actress,39,Eliminated Week 8,6,8.0,0.0,False,114.6664,0.0,False,18_Danica McKellar,
18,1,James Maslow,Peta Murgatroyd,Actor/Actress,23,Eliminated Week 10,4,10.0,21.0,True,262.0,0.0801526717557251,False,18_James Maslow,0.2236053752644544
18,1,James Maslow,Peta Murgatroyd,Actor/Actress,23,Eliminated Week 10,4,10.0,21.0,True,262.0,0.0801526717557251,False,18_James Maslow,0.2236053752644544
18,2,James Maslow,Peta Murgatroyd,Actor/Actress,23,Eliminated Week 10,4,10.0,25.0,True,244.0,0.1024590163934426,False,18_James Maslow,0.2236856321125121
18,2,James Maslow,Peta Murgatroyd,Actor/Actress,23,Eliminated Week 10,4,10.0,25.0,True,244.0,0.1024590163934426,False,18_James Maslow,0.2236856321125121
18,3,James Maslow,Peta Murgatroyd,Actor/Actress,23,Eliminated Week 10,4,10.0,36.0,True,311.0,0.1157556270096463,False,18_James Maslow,0.2266360397595989
18,3,James Maslow,Peta Murgatroyd,Actor/Actress,23,Eliminated Week 10,4,10.0,36.0,True,311.0,0.1157556270096463,False,18_James Maslow,0.2266360397595989
18,4,James Maslow,Peta Murgatroyd,Actor/Actress,23,Eliminated Week 10,4,10.0,35.0,True,297.0,0.1178451178451178,False,18_James Maslow,0.226935254124032
18,4,James Maslow,Peta Murgatroyd,Actor/Actress,23,Eliminated Week 10,4,10.0,35.0,True,297.0,0.1178451178451178,False,18_James Maslow,0.226935254124032
18,5,James Maslow,Peta Murgatroyd,Actor/Actress,23,Eliminated Week 10,4,10.0,40.0,True,322.0,0.124223602484472,False,18_James Maslow,0.2273139196527406
18,5,James Maslow,Peta Murgatroyd,Actor/Actress,23,Eliminated Week 10,4,10.0,40.0,True,322.0,0.124223602484472,False,18_James Maslow,0.2273139196527406
18,6,James Maslow,Peta Murgatroyd,Actor/Actress,23,Eliminated Week 10,4,10.0,35.0,True,282.0,0.1241134751773049,False,18_James Maslow,0.2281281389800546
18,6,James Maslow,Peta Murgatroyd,Actor/Actress,23,Eliminated Week 10,4,10.0,35.0,True,282.0,0.1241134751773049,False,18_James Maslow,0.2281281389800546
18,7,James Maslow,Peta Murgatroyd,Actor/Actress,23,Eliminated Week 10,4,10.0,35.0,True,253.0,0.1383399209486166,False,18_James Maslow,0.2307653575719384
18,7,James Maslow,Peta Murgatroyd,Actor/Actress,23,Eliminated Week 10,4,10.0,35.0,True,253.0,0.1383399209486166,False,18_James Maslow,0.2307653575719384
18,8,James Maslow,Peta Murgatroyd,Actor/Actress,23,Eliminated Week 10,4,10.0,36.0,True,226.0,0.1592920353982301,False,18_James Maslow,0.2329234599357184
18,8,James Maslow,Peta Murgatroyd,Actor/Actress,23,Eliminated Week 10,4,10.0,36.0,True,226.0,0.1592920353982301,False,18_James Maslow,0.2329234599357184
18,9,James Maslow,Peta Murgatroyd,Actor/Actress,23,Eliminated Week 10,4,10.0,38.0,True,191.0,0.1989528795811518,False,18_James Maslow,0.2338942258732964
18,9,James Maslow,Peta Murgatroyd,Actor/Actress,23,Eliminated Week 10,4,10.0,38.0,True,191.0,0.1989528795811518,False,18_James Maslow,0.2338942258732964
18,10,James Maslow,Peta Murgatroyd,Actor/Actress,23,Eliminated Week 10,4,10.0,29.0,True,114.6664,0.2529075649013137,True,18_James Maslow,0.2348501509722392
18,10,James Maslow,Peta Murgatroyd,Actor/Actress,23,Eliminated Week 10,4,10.0,29.0,True,114.6664,0.2529075649013137,True,18_James Maslow,0.2348501509722392
18,1,Candace Cameron Bure,Mark Ballas,Actor/Actress,37,3rd Place,3,,25.0,True,262.0,0.0954198473282442,False,18_Candace Cameron Bure,0.2537555360251824
18,1,Candace Cameron Bure,Mark Ballas,Actor/Actress,37,3rd Place,3,,25.0,True,262.0,0.0954198473282442,False,18_Candace Cameron Bure,0.2537555360251824
18,2,Candace Cameron Bure,Mark Ballas,Actor/Actress,37,3rd Place,3,,21.0,True,244.0,0.0860655737704918,False,18_Candace Cameron Bure,0.2537520403628462
18,2,Candace Cameron Bure,Mark Ballas,Actor/Actress,37,3rd Place,3,,21.0,True,244.0,0.0860655737704918,False,18_Candace Cameron Bure,0.2537520403628462
18,3,Candace Cameron Bure,Mark Ballas,Actor/Actress,37,3rd Place,3,,32.0,True,311.0,0.1028938906752411,False,18_Candace Cameron Bure,0.256848195721728
18,3,Candace Cameron Bure,Mark Ballas,Actor/Actress,37,3rd Place,3,,32.0,True,311.0,0.1028938906752411,False,18_Candace Cameron Bure,0.256848195721728
18,4,Candace Cameron Bure,Mark Ballas,Actor/Actress,37,3rd Place,3,,28.0,True,297.0,0.0942760942760942,False,18_Candace Cameron Bure,0.2571944567913287
18,4,Candace Cameron Bure,Mark Ballas,Actor/Actress,37,3rd Place,3,,28.0,True,297.0,0.0942760942760942,False,18_Candace Cameron Bure,0.2571944567913287
18,5,Candace Cameron Bure,Mark Ballas,Actor/Actress,37,3rd Place,3,,35.0,True,322.0,0.108695652173913,False,18_Candace Cameron Bure,0.2574780813855416
18,5,Candace Cameron Bure,Mark Ballas,Actor/Actress,37,3rd Place,3,,35.0,True,322.0,0.108695652173913,False,18_Candace Cameron Bure,0.2574780813855416
18,6,Candace Cameron Bure,Mark Ballas,Actor/Actress,37,3rd Place,3,,32.0,True,282.0,0.1134751773049645,False,18_Candace Cameron Bure,0.2583686120924445
18,6,Candace Cameron Bure,Mark Ballas,Actor/Actress,37,3rd Place,3,,32.0,True,282.0,0.1134751773049645,False,18_Candace Cameron Bure,0.2583686120924445
18,7,Candace Cameron Bure,Mark Ballas,Actor/Actress,37,3rd Place,3,,37.0,True,253.0,0.1462450592885375,False,18_Candace Cameron Bure,0.2609428095946508
18,7,Candace Cameron Bure,Mark Ballas,Actor/Actress,37,3rd Place,3,,37.0,True,253.0,0.1462450592885375,False,18_Candace Cameron Bure,0.2609428095946508
18,8,Candace Cameron Bure,Mark Ballas,Actor/Actress,37,3rd Place,3,,36.0,True,226.0,0.1592920353982301,False,18_Candace Cameron Bure,0.263105662688033
18,8,Candace Cameron Bure,Mark Ballas,Actor/Actress,37,3rd Place,3,,36.0,True,226.0,0.1592920353982301,False,18_Candace Cameron Bure,0.263105662688033
18,9,Candace Cameron Bure,Mark Ballas,Actor/Actress,37,3rd Place,3,,36.0,True,191.0,0.1884816753926701,False,18_Candace Cameron Bure,0.263991239075513
18,9,Candace Cameron Bure,Mark Ballas,Actor/Actress,37,3rd Place,3,,36.0,True,191.0,0.1884816753926701,False,18_Candace Cameron Bure,0.263991239075513
18,10,Candace Cameron Bure,Mark Ballas,Actor/Actress,37,3rd Place,3,,25.9998,True,114.6664,0.2267429691696957,False,18_Candace Cameron Bure,0.2651498489808617
18,10,Candace Cameron Bure,Mark Ballas,Actor/Actress,37,3rd Place,3,,25.9998,True,114.6664,0.2267429691696957,False,18_Candace Cameron Bure,0.2651498489808617
18,1,Sean Avery,Karina Smirnoff,Athlete,33,Eliminated Week 2,11,2.0,20.0,True,262.0,0.0763358778625954,False,18_Sean Avery,1.7959023042732106e-17
18,1,Sean Avery,Karina Smirnoff,Athlete,33,Eliminated Week 2,11,2.0,20.0,True,262.0,0.0763358778625954,False,18_Sean Avery,1.7959023042732106e-17
18,2,Sean Avery,Karina Smirnoff,Athlete,33,Eliminated Week 2,11,2.0,21.0,True,244.0,0.0860655737704918,True,18_Sean Avery,6.749056493077958e-18
18,2,Sean Avery,Karina Smirnoff,Athlete,33,Eliminated Week 2,11,2.0,21.0,True,244.0,0.0860655737704918,True,18_Sean Avery,6.749056493077958e-18
18,3,Sean Avery,Karina Smirnoff,Athlete,33,Eliminated Week 2,11,2.0,0.0,False,311.0,0.0,False,18_Sean Avery,
18,4,Sean Avery,Karina Smirnoff,Athlete,33,Eliminated Week 2,11,2.0,0.0,False,297.0,0.0,False,18_Sean Avery,
18,5,Sean Avery,Karina Smirnoff,Athlete,33,Eliminated Week 2,11,2.0,0.0,False,322.0,0.0,False,18_Sean Avery,
18,6,Sean Avery,Karina Smirnoff,Athlete,33,Eliminated Week 2,11,2.0,0.0,False,282.0,0.0,False,18_Sean Avery,
18,7,Sean Avery,Karina Smirnoff,Athlete,33,Eliminated Week 2,11,2.0,0.0,False,253.0,0.0,False,18_Sean Avery,
18,8,Sean Avery,Karina Smirnoff,Athlete,33,Eliminated Week 2,11,2.0,0.0,False,226.0,0.0,False,18_Sean Avery,
18,9,Sean Avery,Karina Smirnoff,Athlete,33,Eliminated Week 2,11,2.0,0.0,False,191.0,0.0,False,18_Sean Avery,
18,10,Sean Avery,Karina Smirnoff,Athlete,33,Eliminated Week 2,11,2.0,0.0,False,114.6664,0.0,False,18_Sean Avery,
18,1,Diana Nyad,Henry Byalikov,Athlete,64,Eliminated Week 2,12,2.0,18.0,True,262.0,0.0687022900763358,False,18_Diana Nyad,2.416849503878899e-17
18,1,Diana Nyad,Henry Byalikov,Athlete,64,Eliminated Week 2,12,2.0,18.0,True,262.0,0.0687022900763358,False,18_Diana Nyad,2.416849503878899e-17
18,2,Diana Nyad,Henry Byalikov,Athlete,64,Eliminated Week 2,12,2.0,0.0,False,244.0,0.0,False,18_Diana Nyad,
18,3,Diana Nyad,Henry Byalikov,Athlete,64,Eliminated Week 2,12,2.0,0.0,False,311.0,0.0,False,18_Diana Nyad,
18,4,Diana Nyad,Henry Byalikov,Athlete,64,Eliminated Week 2,12,2.0,0.0,False,297.0,0.0,False,18_Diana Nyad,
18,5,Diana Nyad,Henry Byalikov,Athlete,64,Eliminated Week 2,12,2.0,0.0,False,322.0,0.0,False,18_Diana Nyad,
18,6,Diana Nyad,Henry Byalikov,Athlete,64,Eliminated Week 2,12,2.0,0.0,False,282.0,0.0,False,18_Diana Nyad,
18,7,Diana Nyad,Henry Byalikov,Athlete,64,Eliminated Week 2,12,2.0,0.0,False,253.0,0.0,False,18_Diana Nyad,
18,8,Diana Nyad,Henry Byalikov,Athlete,64,Eliminated Week 2,12,2.0,0.0,False,226.0,0.0,False,18_Diana Nyad,
18,9,Diana Nyad,Henry Byalikov,Athlete,64,Eliminated Week 2,12,2.0,0.0,False,191.0,0.0,False,18_Diana Nyad,
18,10,Diana Nyad,Henry Byalikov,Athlete,64,Eliminated Week 2,12,2.0,0.0,False,114.6664,0.0,False,18_Diana Nyad,
18,1,Charlie White,Sharna Burgess,Athlete,26,Eliminated Week 9,5,9.0,27.0,True,262.0,0.1030534351145038,False,18_Charlie White,4.4397161876471566e-05
18,1,Charlie White,Sharna Burgess,Athlete,26,Eliminated Week 9,5,9.0,27.0,True,262.0,0.1030534351145038,False,18_Charlie White,4.4397161876471566e-05
18,2,Charlie White,Sharna Burgess,Athlete,26,Eliminated Week 9,5,9.0,25.0,True,244.0,0.1024590163934426,False,18_Charlie White,5.2714648626152115e-17
18,2,Charlie White,Sharna Burgess,Athlete,26,Eliminated Week 9,5,9.0,25.0,True,244.0,0.1024590163934426,False,18_Charlie White,5.2714648626152115e-17
18,3,Charlie White,Sharna Burgess,Athlete,26,Eliminated Week 9,5,9.0,36.0,True,311.0,0.1157556270096463,False,18_Charlie White,0.0021918719914278
18,3,Charlie White,Sharna Burgess,Athlete,26,Eliminated Week 9,5,9.0,36.0,True,311.0,0.1157556270096463,False,18_Charlie White,0.0021918719914278
18,4,Charlie White,Sharna Burgess,Athlete,26,Eliminated Week 9,5,9.0,33.0,True,297.0,0.1111111111111111,False,18_Charlie White,0.0017058858452172
18,4,Charlie White,Sharna Burgess,Athlete,26,Eliminated Week 9,5,9.0,33.0,True,297.0,0.1111111111111111,False,18_Charlie White,0.0017058858452172
18,5,Charlie White,Sharna Burgess,Athlete,26,Eliminated Week 9,5,9.0,37.0,True,322.0,0.1149068322981366,False,18_Charlie White,0.0011333844709834
18,5,Charlie White,Sharna Burgess,Athlete,26,Eliminated Week 9,5,9.0,37.0,True,322.0,0.1149068322981366,False,18_Charlie White,0.0011333844709834
18,6,Charlie White,Sharna Burgess,Athlete,26,Eliminated Week 9,5,9.0,36.0,True,282.0,0.1276595744680851,False,18_Charlie White,0.0011499103171025
18,6,Charlie White,Sharna Burgess,Athlete,26,Eliminated Week 9,5,9.0,36.0,True,282.0,0.1276595744680851,False,18_Charlie White,0.0011499103171025
18,7,Charlie White,Sharna Burgess,Athlete,26,Eliminated Week 9,5,9.0,35.5,True,253.0,0.1403162055335968,False,18_Charlie White,0.0028120308160127
18,7,Charlie White,Sharna Burgess,Athlete,26,Eliminated Week 9,5,9.0,35.5,True,253.0,0.1403162055335968,False,18_Charlie White,0.0028120308160127
18,8,Charlie White,Sharna Burgess,Athlete,26,Eliminated Week 9,5,9.0,40.0,True,226.0,0.1769911504424778,False,18_Charlie White,0.004134810313195
18,8,Charlie White,Sharna Burgess,Athlete,26,Eliminated Week 9,5,9.0,40.0,True,226.0,0.1769911504424778,False,18_Charlie White,0.004134810313195
18,9,Charlie White,Sharna Burgess,Athlete,26,Eliminated Week 9,5,9.0,38.0,True,191.0,0.1989528795811518,True,18_Charlie White,0.0042290702768773
18,9,Charlie White,Sharna Burgess,Athlete,26,Eliminated Week 9,5,9.0,38.0,True,191.0,0.1989528795811518,True,18_Charlie White,0.0042290702768773
18,10,Charlie White,Sharna Burgess,Athlete,26,Eliminated Week 9,5,9.0,0.0,False,114.6664,0.0,False,18_Charlie White,
18,1,Amy Purdy,Derek Hough,Athlete,34,2nd Place,2,,24.0,True,262.0,0.0916030534351145,False,18_Amy Purdy,0.2386804557474615
18,1,Amy Purdy,Derek Hough,Athlete,34,2nd Place,2,,24.0,True,262.0,0.0916030534351145,False,18_Amy Purdy,0.2386804557474615
18,2,Amy Purdy,Derek Hough,Athlete,34,2nd Place,2,,24.0,True,244.0,0.0983606557377049,False,18_Amy Purdy,0.2387188365296839
18,2,Amy Purdy,Derek Hough,Athlete,34,2nd Place,2,,24.0,True,244.0,0.0983606557377049,False,18_Amy Purdy,0.2387188365296839
18,3,Amy Purdy,Derek Hough,Athlete,34,2nd Place,2,,36.0,True,311.0,0.1157556270096463,False,18_Amy Purdy,0.2417421177000459
18,3,Amy Purdy,Derek Hough,Athlete,34,2nd Place,2,,36.0,True,311.0,0.1157556270096463,False,18_Amy Purdy,0.2417421177000459
18,4,Amy Purdy,Derek Hough,Athlete,34,2nd Place,2,,34.0,True,297.0,0.1144781144781144,False,18_Amy Purdy,0.2420648558704925
18,4,Amy Purdy,Derek Hough,Athlete,34,2nd Place,2,,34.0,True,297.0,0.1144781144781144,False,18_Amy Purdy,0.2420648558704925
18,5,Amy Purdy,Derek Hough,Athlete,34,2nd Place,2,,37.0,True,322.0,0.1149068322981366,False,18_Amy Purdy,0.242396000364481
18,5,Amy Purdy,Derek Hough,Athlete,34,2nd Place,2,,37.0,True,322.0,0.1149068322981366,False,18_Amy Purdy,0.242396000364481
18,6,Amy Purdy,Derek Hough,Athlete,34,2nd Place,2,,38.0,True,282.0,0.1347517730496454,False,18_Amy Purdy,0.243248376045802
18,6,Amy Purdy,Derek Hough,Athlete,34,2nd Place,2,,38.0,True,282.0,0.1347517730496454,False,18_Amy Purdy,0.243248376045802
18,7,Amy Purdy,Derek Hough,Athlete,34,2nd Place,2,,37.5,True,253.0,0.1482213438735178,False,18_Amy Purdy,0.2458540834050517
18,7,Amy Purdy,Derek Hough,Athlete,34,2nd Place,2,,37.5,True,253.0,0.1482213438735178,False,18_Amy Purdy,0.2458540834050517
18,8,Amy Purdy,Derek Hough,Athlete,34,2nd Place,2,,40.0,True,226.0,0.1769911504424778,False,18_Amy Purdy,0.248014561721584
18,8,Amy Purdy,Derek Hough,Athlete,34,2nd Place,2,,40.0,True,226.0,0.1769911504424778,False,18_Amy Purdy,0.248014561721584
18,9,Amy Purdy,Derek Hough,Athlete,34,2nd Place,2,,39.0,True,191.0,0.2041884816753926,False,18_Amy Purdy,0.2489427325033863
18,9,Amy Purdy,Derek Hough,Athlete,34,2nd Place,2,,39.0,True,191.0,0.2041884816753926,False,18_Amy Purdy,0.2489427325033863
18,10,Amy Purdy,Derek Hough,Athlete,34,2nd Place,2,,29.666600000000003,True,114.6664,0.2587209505138384,False,18_Amy Purdy,0.250000000175646
18,10,Amy Purdy,Derek Hough,Athlete,34,2nd Place,2,,29.666600000000003,True,114.6664,0.2587209505138384,False,18_Amy Purdy,0.250000000175646
18,1,Meryl Davis,Maksim Chmerkoskiy,Athlete,27,1st Place,1,,24.0,True,262.0,0.0916030534351145,False,18_Meryl Davis,0.2386804555529278
18,1,Meryl Davis,Maksim Chmerkoskiy,Athlete,27,1st Place,1,,24.0,True,262.0,0.0916030534351145,False,18_Meryl Davis,0.2386804555529278
18,2,Meryl Davis,Maksim Chmerkoskiy,Athlete,27,1st Place,1,,25.0,True,244.0,0.1024590163934426,False,18_Meryl Davis,0.2387188360694949
18,2,Meryl Davis,Maksim Chmerkoskiy,Athlete,27,1st Place,1,,25.0,True,244.0,0.1024590163934426,False,18_Meryl Davis,0.2387188360694949
18,3,Meryl Davis,Maksim Chmerkoskiy,Athlete,27,1st Place,1,,39.0,True,311.0,0.1254019292604501,False,18_Meryl Davis,0.2417421176303799
18,3,Meryl Davis,Maksim Chmerkoskiy,Athlete,27,1st Place,1,,39.0,True,311.0,0.1254019292604501,False,18_Meryl Davis,0.2417421176303799
18,4,Meryl Davis,Maksim Chmerkoskiy,Athlete,27,1st Place,1,,39.0,True,297.0,0.1313131313131313,False,18_Meryl Davis,0.2420648553450703
18,4,Meryl Davis,Maksim Chmerkoskiy,Athlete,27,1st Place,1,,39.0,True,297.0,0.1313131313131313,False,18_Meryl Davis,0.2420648553450703
18,5,Meryl Davis,Maksim Chmerkoskiy,Athlete,27,1st Place,1,,36.0,True,322.0,0.1118012422360248,False,18_Meryl Davis,0.2423960003574774
18,5,Meryl Davis,Maksim Chmerkoskiy,Athlete,27,1st Place,1,,36.0,True,322.0,0.1118012422360248,False,18_Meryl Davis,0.2423960003574774
18,6,Meryl Davis,Maksim Chmerkoskiy,Athlete,27,1st Place,1,,40.0,True,282.0,0.1418439716312056,False,18_Meryl Davis,0.2432483754319885
18,6,Meryl Davis,Maksim Chmerkoskiy,Athlete,27,1st Place,1,,40.0,True,282.0,0.1418439716312056,False,18_Meryl Davis,0.2432483754319885
18,7,Meryl Davis,Maksim Chmerkoskiy,Athlete,27,1st Place,1,,39.0,True,253.0,0.1541501976284585,False,18_Meryl Davis,0.2458540834204036
18,7,Meryl Davis,Maksim Chmerkoskiy,Athlete,27,1st Place,1,,39.0,True,253.0,0.1541501976284585,False,18_Meryl Davis,0.2458540834204036
18,8,Meryl Davis,Maksim Chmerkoskiy,Athlete,27,1st Place,1,,36.0,True,226.0,0.1592920353982301,False,18_Meryl Davis,0.2480145612366003
18,8,Meryl Davis,Maksim Chmerkoskiy,Athlete,27,1st Place,1,,36.0,True,226.0,0.1592920353982301,False,18_Meryl Davis,0.2480145612366003
18,9,Meryl Davis,Maksim Chmerkoskiy,Athlete,27,1st Place,1,,40.0,True,191.0,0.2094240837696335,False,18_Meryl Davis,0.2489427322709269
18,9,Meryl Davis,Maksim Chmerkoskiy,Athlete,27,1st Place,1,,40.0,True,191.0,0.2094240837696335,False,18_Meryl Davis,0.2489427322709269
18,10,Meryl Davis,Maksim Chmerkoskiy,Athlete,27,1st Place,1,,30.0,True,114.6664,0.2616285154151521,False,18_Meryl Davis,0.249999999871253
18,10,Meryl Davis,Maksim Chmerkoskiy,Athlete,27,1st Place,1,,30.0,True,114.6664,0.2616285154151521,False,18_Meryl Davis,0.249999999871253
18,1,Drew Carey,Cheryl Burke,Comedian,55,Eliminated Week 6,8,6.0,21.0,True,262.0,0.0801526717557251,False,18_Drew Carey,0.0153249505572579
18,1,Drew Carey,Cheryl Burke,Comedian,55,Eliminated Week 6,8,6.0,21.0,True,262.0,0.0801526717557251,False,18_Drew Carey,0.0153249505572579
18,2,Drew Carey,Cheryl Burke,Comedian,55,Eliminated Week 6,8,6.0,21.0,True,244.0,0.0860655737704918,False,18_Drew Carey,0.0153870055529111
18,2,Drew Carey,Cheryl Burke,Comedian,55,Eliminated Week 6,8,6.0,21.0,True,244.0,0.0860655737704918,False,18_Drew Carey,0.0153870055529111
18,3,Drew Carey,Cheryl Burke,Comedian,55,Eliminated Week 6,8,6.0,30.0,True,311.0,0.0964630225080385,False,18_Drew Carey,0.018339878292882
18,3,Drew Carey,Cheryl Burke,Comedian,55,Eliminated Week 6,8,6.0,30.0,True,311.0,0.0964630225080385,False,18_Drew Carey,0.018339878292882
18,4,Drew Carey,Cheryl Burke,Comedian,55,Eliminated Week 6,8,6.0,33.0,True,297.0,0.1111111111111111,False,18_Drew Carey,0.0184119098276837
18,4,Drew Carey,Cheryl Burke,Comedian,55,Eliminated Week 6,8,6.0,33.0,True,297.0,0.1111111111111111,False,18_Drew Carey,0.0184119098276837
18,5,Drew Carey,Cheryl Burke,Comedian,55,Eliminated Week 6,8,6.0,28.0,True,322.0,0.0869565217391304,False,18_Drew Carey,0.018608842035567
18,5,Drew Carey,Cheryl Burke,Comedian,55,Eliminated Week 6,8,6.0,28.0,True,322.0,0.0869565217391304,False,18_Drew Carey,0.018608842035567
18,6,Drew Carey,Cheryl Burke,Comedian,55,Eliminated Week 6,8,6.0,32.0,True,282.0,0.1134751773049645,True,18_Drew Carey,0.0142241612401509
18,6,Drew Carey,Cheryl Burke,Comedian,55,Eliminated Week 6,8,6.0,32.0,True,282.0,0.1134751773049645,True,18_Drew Carey,0.0142241612401509
18,7,Drew Carey,Cheryl Burke,Comedian,55,Eliminated Week 6,8,6.0,0.0,False,253.0,0.0,False,18_Drew Carey,
18,8,Drew Carey,Cheryl Burke,Comedian,55,Eliminated Week 6,8,6.0,0.0,False,226.0,0.0,False,18_Drew Carey,
18,9,Drew Carey,Cheryl Burke,Comedian,55,Eliminated Week 6,8,6.0,0.0,False,191.0,0.0,False,18_Drew Carey,
18,10,Drew Carey,Cheryl Burke,Comedian,55,Eliminated Week 6,8,6.0,0.0,False,114.6664,0.0,False,18_Drew Carey,
18,1,Cody Simpson,Witney Carson,Singer/Rapper,17,Eliminated Week 5,9,5.0,22.0,True,262.0,0.0839694656488549,False,18_Cody Simpson,1.947563659305779e-05
18,1,Cody Simpson,Witney Carson,Singer/Rapper,17,Eliminated Week 5,9,5.0,22.0,True,262.0,0.0839694656488549,False,18_Cody Simpson,1.947563659305779e-05
18,2,Cody Simpson,Witney Carson,Singer/Rapper,17,Eliminated Week 5,9,5.0,22.0,True,244.0,0.0901639344262295,False,18_Cody Simpson,4.5452772976688095e-17
18,2,Cody Simpson,Witney Carson,Singer/Rapper,17,Eliminated Week 5,9,5.0,22.0,True,244.0,0.0901639344262295,False,18_Cody Simpson,4.5452772976688095e-17
18,3,Cody Simpson,Witney Carson,Singer/Rapper,17,Eliminated Week 5,9,5.0,35.0,True,311.0,0.112540192926045,False,18_Cody Simpson,0.0018372080510277
18,3,Cody Simpson,Witney Carson,Singer/Rapper,17,Eliminated Week 5,9,5.0,35.0,True,311.0,0.112540192926045,False,18_Cody Simpson,0.0018372080510277
18,4,Cody Simpson,Witney Carson,Singer/Rapper,17,Eliminated Week 5,9,5.0,31.0,True,297.0,0.1043771043771043,False,18_Cody Simpson,0.0009713305164444
18,4,Cody Simpson,Witney Carson,Singer/Rapper,17,Eliminated Week 5,9,5.0,31.0,True,297.0,0.1043771043771043,False,18_Cody Simpson,0.0009713305164444
18,5,Cody Simpson,Witney Carson,Singer/Rapper,17,Eliminated Week 5,9,5.0,34.0,True,322.0,0.1055900621118012,True,18_Cody Simpson,1.6848738513595912e-17
18,5,Cody Simpson,Witney Carson,Singer/Rapper,17,Eliminated Week 5,9,5.0,34.0,True,322.0,0.1055900621118012,True,18_Cody Simpson,1.6848738513595912e-17
18,6,Cody Simpson,Witney Carson,Singer/Rapper,17,Eliminated Week 5,9,5.0,0.0,False,282.0,0.0,False,18_Cody Simpson,
18,7,Cody Simpson,Witney Carson,Singer/Rapper,17,Eliminated Week 5,9,5.0,0.0,False,253.0,0.0,False,18_Cody Simpson,
18,8,Cody Simpson,Witney Carson,Singer/Rapper,17,Eliminated Week 5,9,5.0,0.0,False,226.0,0.0,False,18_Cody Simpson,
18,9,Cody Simpson,Witney Carson,Singer/Rapper,17,Eliminated Week 5,9,5.0,0.0,False,191.0,0.0,False,18_Cody Simpson,
18,10,Cody Simpson,Witney Carson,Singer/Rapper,17,Eliminated Week 5,9,5.0,0.0,False,114.6664,0.0,False,18_Cody Simpson,
18,1,NeNe Leakes,Tony Dovolani,TV Personality,46,Eliminated Week 7,7,7.0,21.0,True,262.0,0.0801526717557251,False,18_NeNe Leakes,0.0051635966454043
18,1,NeNe Leakes,Tony Dovolani,TV Personality,46,Eliminated Week 7,7,7.0,21.0,True,262.0,0.0801526717557251,False,18_NeNe Leakes,0.0051635966454043
18,2,NeNe Leakes,Tony Dovolani,TV Personality,46,Eliminated Week 7,7,7.0,21.0,True,244.0,0.0860655737704918,False,18_NeNe Leakes,0.0051776377405419
18,2,NeNe Leakes,Tony Dovolani,TV Personality,46,Eliminated Week 7,7,7.0,21.0,True,244.0,0.0860655737704918,False,18_NeNe Leakes,0.0051776377405419
18,3,NeNe Leakes,Tony Dovolani,TV Personality,46,Eliminated Week 7,7,7.0,31.0,True,311.0,0.0996784565916398,False,18_NeNe Leakes,0.00846745692085
18,3,NeNe Leakes,Tony Dovolani,TV Personality,46,Eliminated Week 7,7,7.0,31.0,True,311.0,0.0996784565916398,False,18_NeNe Leakes,0.00846745692085
18,4,NeNe Leakes,Tony Dovolani,TV Personality,46,Eliminated Week 7,7,7.0,32.0,True,297.0,0.1077441077441077,False,18_NeNe Leakes,0.0089779733401242
18,4,NeNe Leakes,Tony Dovolani,TV Personality,46,Eliminated Week 7,7,7.0,32.0,True,297.0,0.1077441077441077,False,18_NeNe Leakes,0.0089779733401242
18,5,NeNe Leakes,Tony Dovolani,TV Personality,46,Eliminated Week 7,7,7.0,36.0,True,322.0,0.1118012422360248,False,18_NeNe Leakes,0.0096144185370977
18,5,NeNe Leakes,Tony Dovolani,TV Personality,46,Eliminated Week 7,7,7.0,36.0,True,322.0,0.1118012422360248,False,18_NeNe Leakes,0.0096144185370977
18,6,NeNe Leakes,Tony Dovolani,TV Personality,46,Eliminated Week 7,7,7.0,33.0,True,282.0,0.1170212765957446,False,18_NeNe Leakes,0.010656555404556
18,6,NeNe Leakes,Tony Dovolani,TV Personality,46,Eliminated Week 7,7,7.0,33.0,True,282.0,0.1170212765957446,False,18_NeNe Leakes,0.010656555404556
18,7,NeNe Leakes,Tony Dovolani,TV Personality,46,Eliminated Week 7,7,7.0,33.0,True,253.0,0.1304347826086956,True,18_NeNe Leakes,0.011105958620327
18,7,NeNe Leakes,Tony Dovolani,TV Personality,46,Eliminated Week 7,7,7.0,33.0,True,253.0,0.1304347826086956,True,18_NeNe Leakes,0.011105958620327
18,8,NeNe Leakes,Tony Dovolani,TV Personality,46,Eliminated Week 7,7,7.0,0.0,False,226.0,0.0,False,18_NeNe Leakes,
18,9,NeNe Leakes,Tony Dovolani,TV Personality,46,Eliminated Week 7,7,7.0,0.0,False,191.0,0.0,False,18_NeNe Leakes,
18,10,NeNe Leakes,Tony Dovolani,TV Personality,46,Eliminated Week 7,7,7.0,0.0,False,114.6664,0.0,False,18_NeNe Leakes,
19,1,Antonio Sabato Jr.,Cheryl Burke,Actor/Actress,42,Eliminated Week 7,8,7.0,25.0,True,372.0,0.0672043010752688,False,19_Antonio Sabato Jr.,0.0125012407649441
19,1,Antonio Sabato Jr.,Cheryl Burke,Actor/Actress,42,Eliminated Week 7,8,7.0,25.0,True,372.0,0.0672043010752688,False,19_Antonio Sabato Jr.,0.0125012407649441
19,2,Antonio Sabato Jr.,Cheryl Burke,Actor/Actress,42,Eliminated Week 7,8,7.0,31.0,True,362.0,0.0856353591160221,False,19_Antonio Sabato Jr.,0.0126315653969386
19,2,Antonio Sabato Jr.,Cheryl Burke,Actor/Actress,42,Eliminated Week 7,8,7.0,31.0,True,362.0,0.0856353591160221,False,19_Antonio Sabato Jr.,0.0126315653969386
19,3,Antonio Sabato Jr.,Cheryl Burke,Actor/Actress,42,Eliminated Week 7,8,7.0,29.0,True,353.0,0.0821529745042493,False,19_Antonio Sabato Jr.,0.0127658640487948
19,3,Antonio Sabato Jr.,Cheryl Burke,Actor/Actress,42,Eliminated Week 7,8,7.0,29.0,True,353.0,0.0821529745042493,False,19_Antonio Sabato Jr.,0.0127658640487948
19,4,Antonio Sabato Jr.,Cheryl Burke,Actor/Actress,42,Eliminated Week 7,8,7.0,29.0,True,320.0,0.090625,False,19_Antonio Sabato Jr.,0.0129651100336537
19,4,Antonio Sabato Jr.,Cheryl Burke,Actor/Actress,42,Eliminated Week 7,8,7.0,29.0,True,320.0,0.090625,False,19_Antonio Sabato Jr.,0.0129651100336537
19,5,Antonio Sabato Jr.,Cheryl Burke,Actor/Actress,42,Eliminated Week 7,8,7.0,28.0,True,264.0,0.106060606060606,False,19_Antonio Sabato Jr.,0.0138189169059306
19,5,Antonio Sabato Jr.,Cheryl Burke,Actor/Actress,42,Eliminated Week 7,8,7.0,28.0,True,264.0,0.106060606060606,False,19_Antonio Sabato Jr.,0.0138189169059306
19,6,Antonio Sabato Jr.,Cheryl Burke,Actor/Actress,42,Eliminated Week 7,8,7.0,28.0,True,293.0,0.0955631399317406,False,19_Antonio Sabato Jr.,0.0147571356036074
19,6,Antonio Sabato Jr.,Cheryl Burke,Actor/Actress,42,Eliminated Week 7,8,7.0,28.0,True,293.0,0.0955631399317406,False,19_Antonio Sabato Jr.,0.0147571356036074
19,7,Antonio Sabato Jr.,Cheryl Burke,Actor/Actress,42,Eliminated Week 7,8,7.0,29.5,True,258.5,0.1141199226305609,True,19_Antonio Sabato Jr.,0.0103239768389254
19,7,Antonio Sabato Jr.,Cheryl Burke,Actor/Actress,42,Eliminated Week 7,8,7.0,29.5,True,258.5,0.1141199226305609,True,19_Antonio Sabato Jr.,0.0103239768389254
19,8,Antonio Sabato Jr.,Cheryl Burke,Actor/Actress,42,Eliminated Week 7,8,7.0,0.0,False,248.0,0.0,False,19_Antonio Sabato Jr.,
19,9,Antonio Sabato Jr.,Cheryl Burke,Actor/Actress,42,Eliminated Week 7,8,7.0,0.0,False,214.0,0.0,False,19_Antonio Sabato Jr.,
19,10,Antonio Sabato Jr.,Cheryl Burke,Actor/Actress,42,Eliminated Week 7,8,7.0,0.0,False,182.5,0.0,False,19_Antonio Sabato Jr.,
19,11,Antonio Sabato Jr.,Cheryl Burke,Actor/Actress,42,Eliminated Week 7,8,7.0,0.0,False,156.33300000000003,0.0,False,19_Antonio Sabato Jr.,
19,1,Jonathan Bennett,Allison Holker,Actor/Actress,33,Eliminated Week 6,9,6.0,30.0,True,372.0,0.0806451612903225,False,19_Jonathan Bennett,0.0146672895584084
19,1,Jonathan Bennett,Allison Holker,Actor/Actress,33,Eliminated Week 6,9,6.0,30.0,True,372.0,0.0806451612903225,False,19_Jonathan Bennett,0.0146672895584084
19,2,Jonathan Bennett,Allison Holker,Actor/Actress,33,Eliminated Week 6,9,6.0,30.0,True,362.0,0.0828729281767955,False,19_Jonathan Bennett,0.0149313786527
19,2,Jonathan Bennett,Allison Holker,Actor/Actress,33,Eliminated Week 6,9,6.0,30.0,True,362.0,0.0828729281767955,False,19_Jonathan Bennett,0.0149313786527
19,3,Jonathan Bennett,Allison Holker,Actor/Actress,33,Eliminated Week 6,9,6.0,32.0,True,353.0,0.0906515580736544,False,19_Jonathan Bennett,0.0152317169412254
19,3,Jonathan Bennett,Allison Holker,Actor/Actress,33,Eliminated Week 6,9,6.0,32.0,True,353.0,0.0906515580736544,False,19_Jonathan Bennett,0.0152317169412254
19,4,Jonathan Bennett,Allison Holker,Actor/Actress,33,Eliminated Week 6,9,6.0,24.0,True,320.0,0.075,False,19_Jonathan Bennett,0.0155911802267623
19,4,Jonathan Bennett,Allison Holker,Actor/Actress,33,Eliminated Week 6,9,6.0,24.0,True,320.0,0.075,False,19_Jonathan Bennett,0.0155911802267623
19,5,Jonathan Bennett,Allison Holker,Actor/Actress,33,Eliminated Week 6,9,6.0,24.0,True,264.0,0.0909090909090909,False,19_Jonathan Bennett,0.0083920314282364
19,5,Jonathan Bennett,Allison Holker,Actor/Actress,33,Eliminated Week 6,9,6.0,24.0,True,264.0,0.0909090909090909,False,19_Jonathan Bennett,0.0083920314282364
19,6,Jonathan Bennett,Allison Holker,Actor/Actress,33,Eliminated Week 6,9,6.0,32.0,True,293.0,0.1092150170648464,True,19_Jonathan Bennett,0.0011367960517381
19,6,Jonathan Bennett,Allison Holker,Actor/Actress,33,Eliminated Week 6,9,6.0,32.0,True,293.0,0.1092150170648464,True,19_Jonathan Bennett,0.0011367960517381
19,7,Jonathan Bennett,Allison Holker,Actor/Actress,33,Eliminated Week 6,9,6.0,0.0,False,258.5,0.0,False,19_Jonathan Bennett,
19,8,Jonathan Bennett,Allison Holker,Actor/Actress,33,Eliminated Week 6,9,6.0,0.0,False,248.0,0.0,False,19_Jonathan Bennett,
19,9,Jonathan Bennett,Allison Holker,Actor/Actress,33,Eliminated Week 6,9,6.0,0.0,False,214.0,0.0,False,19_Jonathan Bennett,
19,10,Jonathan Bennett,Allison Holker,Actor/Actress,33,Eliminated Week 6,9,6.0,0.0,False,182.5,0.0,False,19_Jonathan Bennett,
19,11,Jonathan Bennett,Allison Holker,Actor/Actress,33,Eliminated Week 6,9,6.0,0.0,False,156.33300000000003,0.0,False,19_Jonathan Bennett,
19,1,Lea Thompson,Artem Chigvintsev,Actor/Actress,53,Eliminated Week 9,6,9.0,32.0,True,372.0,0.086021505376344,False,19_Lea Thompson,4.066507932772917e-17
19,1,Lea Thompson,Artem Chigvintsev,Actor/Actress,53,Eliminated Week 9,6,9.0,32.0,True,372.0,0.086021505376344,False,19_Lea Thompson,4.066507932772917e-17
19,2,Lea Thompson,Artem Chigvintsev,Actor/Actress,53,Eliminated Week 9,6,9.0,35.0,True,362.0,0.0966850828729281,False,19_Lea Thompson,7.292322593677015e-05
19,2,Lea Thompson,Artem Chigvintsev,Actor/Actress,53,Eliminated Week 9,6,9.0,35.0,True,362.0,0.0966850828729281,False,19_Lea Thompson,7.292322593677015e-05
19,3,Lea Thompson,Artem Chigvintsev,Actor/Actress,53,Eliminated Week 9,6,9.0,31.0,True,353.0,0.0878186968838526,False,19_Lea Thompson,0.0001384230918444
19,3,Lea Thompson,Artem Chigvintsev,Actor/Actress,53,Eliminated Week 9,6,9.0,31.0,True,353.0,0.0878186968838526,False,19_Lea Thompson,0.0001384230918444
19,4,Lea Thompson,Artem Chigvintsev,Actor/Actress,53,Eliminated Week 9,6,9.0,39.0,True,320.0,0.121875,False,19_Lea Thompson,2.9678312499732183e-05
19,4,Lea Thompson,Artem Chigvintsev,Actor/Actress,53,Eliminated Week 9,6,9.0,39.0,True,320.0,0.121875,False,19_Lea Thompson,2.9678312499732183e-05
19,5,Lea Thompson,Artem Chigvintsev,Actor/Actress,53,Eliminated Week 9,6,9.0,34.0,True,264.0,0.1287878787878787,False,19_Lea Thompson,0.0006009691300766
19,5,Lea Thompson,Artem Chigvintsev,Actor/Actress,53,Eliminated Week 9,6,9.0,34.0,True,264.0,0.1287878787878787,False,19_Lea Thompson,0.0006009691300766
19,6,Lea Thompson,Artem Chigvintsev,Actor/Actress,53,Eliminated Week 9,6,9.0,32.0,True,293.0,0.1092150170648464,False,19_Lea Thompson,0.0011052584705016
19,6,Lea Thompson,Artem Chigvintsev,Actor/Actress,53,Eliminated Week 9,6,9.0,32.0,True,293.0,0.1092150170648464,False,19_Lea Thompson,0.0011052584705016
19,7,Lea Thompson,Artem Chigvintsev,Actor/Actress,53,Eliminated Week 9,6,9.0,35.0,True,258.5,0.1353965183752417,False,19_Lea Thompson,6.429846905969274e-05
19,7,Lea Thompson,Artem Chigvintsev,Actor/Actress,53,Eliminated Week 9,6,9.0,35.0,True,258.5,0.1353965183752417,False,19_Lea Thompson,6.429846905969274e-05
19,8,Lea Thompson,Artem Chigvintsev,Actor/Actress,53,Eliminated Week 9,6,9.0,32.0,True,248.0,0.1290322580645161,False,19_Lea Thompson,2.956849240704613e-17
19,8,Lea Thompson,Artem Chigvintsev,Actor/Actress,53,Eliminated Week 9,6,9.0,32.0,True,248.0,0.1290322580645161,False,19_Lea Thompson,2.956849240704613e-17
19,9,Lea Thompson,Artem Chigvintsev,Actor/Actress,53,Eliminated Week 9,6,9.0,35.0,True,214.0,0.1635514018691588,True,19_Lea Thompson,5.719862459896132e-17
19,9,Lea Thompson,Artem Chigvintsev,Actor/Actress,53,Eliminated Week 9,6,9.0,35.0,True,214.0,0.1635514018691588,True,19_Lea Thompson,5.719862459896132e-17
19,10,Lea Thompson,Artem Chigvintsev,Actor/Actress,53,Eliminated Week 9,6,9.0,0.0,False,182.5,0.0,False,19_Lea Thompson,
19,11,Lea Thompson,Artem Chigvintsev,Actor/Actress,53,Eliminated Week 9,6,9.0,0.0,False,156.33300000000003,0.0,False,19_Lea Thompson,
19,1,Janel Parrish,Valentin Chmerkovskiy,Actor/Actress,25,3rd Place,3,,29.0,True,372.0,0.0779569892473118,False,19_Janel Parrish,0.2334816856627738
19,1,Janel Parrish,Valentin Chmerkovskiy,Actor/Actress,25,3rd Place,3,,29.0,True,372.0,0.0779569892473118,False,19_Janel Parrish,0.2334816856627738
19,2,Janel Parrish,Valentin Chmerkovskiy,Actor/Actress,25,3rd Place,3,,34.0,True,362.0,0.0939226519337016,False,19_Janel Parrish,0.233679362927811
19,2,Janel Parrish,Valentin Chmerkovskiy,Actor/Actress,25,3rd Place,3,,34.0,True,362.0,0.0939226519337016,False,19_Janel Parrish,0.233679362927811
19,3,Janel Parrish,Valentin Chmerkovskiy,Actor/Actress,25,3rd Place,3,,40.0,True,353.0,0.1133144475920679,False,19_Janel Parrish,0.2339107090275793
19,3,Janel Parrish,Valentin Chmerkovskiy,Actor/Actress,25,3rd Place,3,,40.0,True,353.0,0.1133144475920679,False,19_Janel Parrish,0.2339107090275793
19,4,Janel Parrish,Valentin Chmerkovskiy,Actor/Actress,25,3rd Place,3,,36.0,True,320.0,0.1125,False,19_Janel Parrish,0.2341601454388521
19,4,Janel Parrish,Valentin Chmerkovskiy,Actor/Actress,25,3rd Place,3,,36.0,True,320.0,0.1125,False,19_Janel Parrish,0.2341601454388521
19,5,Janel Parrish,Valentin Chmerkovskiy,Actor/Actress,25,3rd Place,3,,33.0,True,264.0,0.125,False,19_Janel Parrish,0.2351007146454728
19,5,Janel Parrish,Valentin Chmerkovskiy,Actor/Actress,25,3rd Place,3,,33.0,True,264.0,0.125,False,19_Janel Parrish,0.2351007146454728
19,6,Janel Parrish,Valentin Chmerkovskiy,Actor/Actress,25,3rd Place,3,,33.0,True,293.0,0.1126279863481228,False,19_Janel Parrish,0.2360422035678977
19,6,Janel Parrish,Valentin Chmerkovskiy,Actor/Actress,25,3rd Place,3,,33.0,True,293.0,0.1126279863481228,False,19_Janel Parrish,0.2360422035678977
19,7,Janel Parrish,Valentin Chmerkovskiy,Actor/Actress,25,3rd Place,3,,33.5,True,258.5,0.1295938104448742,False,19_Janel Parrish,0.2371052922019468
19,7,Janel Parrish,Valentin Chmerkovskiy,Actor/Actress,25,3rd Place,3,,33.5,True,258.5,0.1295938104448742,False,19_Janel Parrish,0.2371052922019468
19,8,Janel Parrish,Valentin Chmerkovskiy,Actor/Actress,25,3rd Place,3,,43.0,True,248.0,0.1733870967741935,False,19_Janel Parrish,0.2393413546383901
19,8,Janel Parrish,Valentin Chmerkovskiy,Actor/Actress,25,3rd Place,3,,43.0,True,248.0,0.1733870967741935,False,19_Janel Parrish,0.2393413546383901
19,9,Janel Parrish,Valentin Chmerkovskiy,Actor/Actress,25,3rd Place,3,,38.5,True,214.0,0.1799065420560747,False,19_Janel Parrish,0.2424139638541197
19,9,Janel Parrish,Valentin Chmerkovskiy,Actor/Actress,25,3rd Place,3,,38.5,True,214.0,0.1799065420560747,False,19_Janel Parrish,0.2424139638541197
19,10,Janel Parrish,Valentin Chmerkovskiy,Actor/Actress,25,3rd Place,3,,39.0,True,182.5,0.2136986301369863,False,19_Janel Parrish,0.2436813083561539
19,10,Janel Parrish,Valentin Chmerkovskiy,Actor/Actress,25,3rd Place,3,,39.0,True,182.5,0.2136986301369863,False,19_Janel Parrish,0.2436813083561539
19,11,Janel Parrish,Valentin Chmerkovskiy,Actor/Actress,25,3rd Place,3,,38.99980000000001,True,156.33300000000003,0.2494662035526728,False,19_Janel Parrish,0.2500000006612232
19,11,Janel Parrish,Valentin Chmerkovskiy,Actor/Actress,25,3rd Place,3,,38.99980000000001,True,156.33300000000003,0.2494662035526728,False,19_Janel Parrish,0.2500000006612232
19,1,Alfonso Ribeiro,Witney Carson,Actor/Actress,42,1st Place,1,,36.0,True,372.0,0.0967741935483871,False,19_Alfonso Ribeiro,0.2334816845011582
19,1,Alfonso Ribeiro,Witney Carson,Actor/Actress,42,1st Place,1,,36.0,True,372.0,0.0967741935483871,False,19_Alfonso Ribeiro,0.2334816845011582
19,2,Alfonso Ribeiro,Witney Carson,Actor/Actress,42,1st Place,1,,32.0,True,362.0,0.0883977900552486,False,19_Alfonso Ribeiro,0.2336793645227771
19,2,Alfonso Ribeiro,Witney Carson,Actor/Actress,42,1st Place,1,,32.0,True,362.0,0.0883977900552486,False,19_Alfonso Ribeiro,0.2336793645227771
19,3,Alfonso Ribeiro,Witney Carson,Actor/Actress,42,1st Place,1,,32.0,True,353.0,0.0906515580736544,False,19_Alfonso Ribeiro,0.2339107052893904
19,3,Alfonso Ribeiro,Witney Carson,Actor/Actress,42,1st Place,1,,32.0,True,353.0,0.0906515580736544,False,19_Alfonso Ribeiro,0.2339107052893904
19,4,Alfonso Ribeiro,Witney Carson,Actor/Actress,42,1st Place,1,,40.0,True,320.0,0.125,False,19_Alfonso Ribeiro,0.2341601492632011
19,4,Alfonso Ribeiro,Witney Carson,Actor/Actress,42,1st Place,1,,40.0,True,320.0,0.125,False,19_Alfonso Ribeiro,0.2341601492632011
19,5,Alfonso Ribeiro,Witney Carson,Actor/Actress,42,1st Place,1,,34.0,True,264.0,0.1287878787878787,False,19_Alfonso Ribeiro,0.2351007092856632
19,5,Alfonso Ribeiro,Witney Carson,Actor/Actress,42,1st Place,1,,34.0,True,264.0,0.1287878787878787,False,19_Alfonso Ribeiro,0.2351007092856632
19,6,Alfonso Ribeiro,Witney Carson,Actor/Actress,42,1st Place,1,,39.0,True,293.0,0.1331058020477815,False,19_Alfonso Ribeiro,0.23604220827076
19,6,Alfonso Ribeiro,Witney Carson,Actor/Actress,42,1st Place,1,,39.0,True,293.0,0.1331058020477815,False,19_Alfonso Ribeiro,0.23604220827076
19,7,Alfonso Ribeiro,Witney Carson,Actor/Actress,42,1st Place,1,,34.0,True,258.5,0.1315280464216634,False,19_Alfonso Ribeiro,0.2371052867794564
19,7,Alfonso Ribeiro,Witney Carson,Actor/Actress,42,1st Place,1,,34.0,True,258.5,0.1315280464216634,False,19_Alfonso Ribeiro,0.2371052867794564
19,8,Alfonso Ribeiro,Witney Carson,Actor/Actress,42,1st Place,1,,41.0,True,248.0,0.1653225806451612,False,19_Alfonso Ribeiro,0.2393413586335082
19,8,Alfonso Ribeiro,Witney Carson,Actor/Actress,42,1st Place,1,,41.0,True,248.0,0.1653225806451612,False,19_Alfonso Ribeiro,0.2393413586335082
19,9,Alfonso Ribeiro,Witney Carson,Actor/Actress,42,1st Place,1,,38.5,True,214.0,0.1799065420560747,False,19_Alfonso Ribeiro,0.2424139599354277
19,9,Alfonso Ribeiro,Witney Carson,Actor/Actress,42,1st Place,1,,38.5,True,214.0,0.1799065420560747,False,19_Alfonso Ribeiro,0.2424139599354277
19,10,Alfonso Ribeiro,Witney Carson,Actor/Actress,42,1st Place,1,,37.5,True,182.5,0.2054794520547945,False,19_Alfonso Ribeiro,0.243681310177745
19,10,Alfonso Ribeiro,Witney Carson,Actor/Actress,42,1st Place,1,,37.5,True,182.5,0.2054794520547945,False,19_Alfonso Ribeiro,0.243681310177745
19,11,Alfonso Ribeiro,Witney Carson,Actor/Actress,42,1st Place,1,,40.0,True,156.33300000000003,0.2558640849980489,False,19_Alfonso Ribeiro,0.2499999994593233
19,11,Alfonso Ribeiro,Witney Carson,Actor/Actress,42,1st Place,1,,40.0,True,156.33300000000003,0.2558640849980489,False,19_Alfonso Ribeiro,0.2499999994593233
19,1,Lolo Jones,Keo Motsepe,Athlete,32,Eliminated Week 1,13,1.0,22.0,True,372.0,0.0591397849462365,True,19_Lolo Jones,4.852443505575309e-17
19,1,Lolo Jones,Keo Motsepe,Athlete,32,Eliminated Week 1,13,1.0,22.0,True,372.0,0.0591397849462365,True,19_Lolo Jones,4.852443505575309e-17
19,2,Lolo Jones,Keo Motsepe,Athlete,32,Eliminated Week 1,13,1.0,0.0,False,362.0,0.0,False,19_Lolo Jones,
19,3,Lolo Jones,Keo Motsepe,Athlete,32,Eliminated Week 1,13,1.0,0.0,False,353.0,0.0,False,19_Lolo Jones,
19,4,Lolo Jones,Keo Motsepe,Athlete,32,Eliminated Week 1,13,1.0,0.0,False,320.0,0.0,False,19_Lolo Jones,
19,5,Lolo Jones,Keo Motsepe,Athlete,32,Eliminated Week 1,13,1.0,0.0,False,264.0,0.0,False,19_Lolo Jones,
19,6,Lolo Jones,Keo Motsepe,Athlete,32,Eliminated Week 1,13,1.0,0.0,False,293.0,0.0,False,19_Lolo Jones,
19,7,Lolo Jones,Keo Motsepe,Athlete,32,Eliminated Week 1,13,1.0,0.0,False,258.5,0.0,False,19_Lolo Jones,
19,8,Lolo Jones,Keo Motsepe,Athlete,32,Eliminated Week 1,13,1.0,0.0,False,248.0,0.0,False,19_Lolo Jones,
19,9,Lolo Jones,Keo Motsepe,Athlete,32,Eliminated Week 1,13,1.0,0.0,False,214.0,0.0,False,19_Lolo Jones,
19,10,Lolo Jones,Keo Motsepe,Athlete,32,Eliminated Week 1,13,1.0,0.0,False,182.5,0.0,False,19_Lolo Jones,
19,11,Lolo Jones,Keo Motsepe,Athlete,32,Eliminated Week 1,13,1.0,0.0,False,156.33300000000003,0.0,False,19_Lolo Jones,
19,1,Randy Couture,Karina Smirnoff,Athlete,51,Eliminated Week 3,11,3.0,31.0,True,372.0,0.0833333333333333,False,19_Randy Couture,0.0002122748179296
19,1,Randy Couture,Karina Smirnoff,Athlete,51,Eliminated Week 3,11,3.0,31.0,True,372.0,0.0833333333333333,False,19_Randy Couture,0.0002122748179296
19,2,Randy Couture,Karina Smirnoff,Athlete,51,Eliminated Week 3,11,3.0,28.0,True,362.0,0.0773480662983425,False,19_Randy Couture,0.0002894059644754
19,2,Randy Couture,Karina Smirnoff,Athlete,51,Eliminated Week 3,11,3.0,28.0,True,362.0,0.0773480662983425,False,19_Randy Couture,0.0002894059644754
19,3,Randy Couture,Karina Smirnoff,Athlete,51,Eliminated Week 3,11,3.0,26.0,True,353.0,0.0736543909348441,True,19_Randy Couture,0.0003299973046132
19,3,Randy Couture,Karina Smirnoff,Athlete,51,Eliminated Week 3,11,3.0,26.0,True,353.0,0.0736543909348441,True,19_Randy Couture,0.0003299973046132
19,4,Randy Couture,Karina Smirnoff,Athlete,51,Eliminated Week 3,11,3.0,0.0,False,320.0,0.0,False,19_Randy Couture,
19,5,Randy Couture,Karina Smirnoff,Athlete,51,Eliminated Week 3,11,3.0,0.0,False,264.0,0.0,False,19_Randy Couture,
19,6,Randy Couture,Karina Smirnoff,Athlete,51,Eliminated Week 3,11,3.0,0.0,False,293.0,0.0,False,19_Randy Couture,
19,7,Randy Couture,Karina Smirnoff,Athlete,51,Eliminated Week 3,11,3.0,0.0,False,258.5,0.0,False,19_Randy Couture,
19,8,Randy Couture,Karina Smirnoff,Athlete,51,Eliminated Week 3,11,3.0,0.0,False,248.0,0.0,False,19_Randy Couture,
19,9,Randy Couture,Karina Smirnoff,Athlete,51,Eliminated Week 3,11,3.0,0.0,False,214.0,0.0,False,19_Randy Couture,
19,10,Randy Couture,Karina Smirnoff,Athlete,51,Eliminated Week 3,11,3.0,0.0,False,182.5,0.0,False,19_Randy Couture,
19,11,Randy Couture,Karina Smirnoff,Athlete,51,Eliminated Week 3,11,3.0,0.0,False,156.33300000000003,0.0,False,19_Randy Couture,
19,1,Tommy Chong,Peta Murgatroyd,Comedian,76,Eliminated Week 10,5,10.0,27.0,True,372.0,0.0725806451612903,False,19_Tommy Chong,0.0216164551508496
19,1,Tommy Chong,Peta Murgatroyd,Comedian,76,Eliminated Week 10,5,10.0,27.0,True,372.0,0.0725806451612903,False,19_Tommy Chong,0.0216164551508496
19,2,Tommy Chong,Peta Murgatroyd,Comedian,76,Eliminated Week 10,5,10.0,28.0,True,362.0,0.0773480662983425,False,19_Tommy Chong,0.0218263080588518
19,2,Tommy Chong,Peta Murgatroyd,Comedian,76,Eliminated Week 10,5,10.0,28.0,True,362.0,0.0773480662983425,False,19_Tommy Chong,0.0218263080588518
19,3,Tommy Chong,Peta Murgatroyd,Comedian,76,Eliminated Week 10,5,10.0,34.0,True,353.0,0.0963172804532577,False,19_Tommy Chong,0.0219848777261491
19,3,Tommy Chong,Peta Murgatroyd,Comedian,76,Eliminated Week 10,5,10.0,34.0,True,353.0,0.0963172804532577,False,19_Tommy Chong,0.0219848777261491
19,4,Tommy Chong,Peta Murgatroyd,Comedian,76,Eliminated Week 10,5,10.0,28.0,True,320.0,0.0875,False,19_Tommy Chong,0.0222310291532221
19,4,Tommy Chong,Peta Murgatroyd,Comedian,76,Eliminated Week 10,5,10.0,28.0,True,320.0,0.0875,False,19_Tommy Chong,0.0222310291532221
19,5,Tommy Chong,Peta Murgatroyd,Comedian,76,Eliminated Week 10,5,10.0,23.0,True,264.0,0.0871212121212121,False,19_Tommy Chong,0.0231152797251507
19,5,Tommy Chong,Peta Murgatroyd,Comedian,76,Eliminated Week 10,5,10.0,23.0,True,264.0,0.0871212121212121,False,19_Tommy Chong,0.0231152797251507
19,6,Tommy Chong,Peta Murgatroyd,Comedian,76,Eliminated Week 10,5,10.0,28.0,True,293.0,0.0955631399317406,False,19_Tommy Chong,0.0240179559438308
19,6,Tommy Chong,Peta Murgatroyd,Comedian,76,Eliminated Week 10,5,10.0,28.0,True,293.0,0.0955631399317406,False,19_Tommy Chong,0.0240179559438308
19,7,Tommy Chong,Peta Murgatroyd,Comedian,76,Eliminated Week 10,5,10.0,30.0,True,258.5,0.11605415860735,False,19_Tommy Chong,0.0250819808236673
19,7,Tommy Chong,Peta Murgatroyd,Comedian,76,Eliminated Week 10,5,10.0,30.0,True,258.5,0.11605415860735,False,19_Tommy Chong,0.0250819808236673
19,8,Tommy Chong,Peta Murgatroyd,Comedian,76,Eliminated Week 10,5,10.0,29.0,True,248.0,0.1169354838709677,False,19_Tommy Chong,0.0273245552104467
19,8,Tommy Chong,Peta Murgatroyd,Comedian,76,Eliminated Week 10,5,10.0,29.0,True,248.0,0.1169354838709677,False,19_Tommy Chong,0.0273245552104467
19,9,Tommy Chong,Peta Murgatroyd,Comedian,76,Eliminated Week 10,5,10.0,28.5,True,214.0,0.1331775700934579,False,19_Tommy Chong,0.0303441540765893
19,9,Tommy Chong,Peta Murgatroyd,Comedian,76,Eliminated Week 10,5,10.0,28.5,True,214.0,0.1331775700934579,False,19_Tommy Chong,0.0303441540765893
19,10,Tommy Chong,Peta Murgatroyd,Comedian,76,Eliminated Week 10,5,10.0,31.0,True,182.5,0.1698630136986301,True,19_Tommy Chong,0.0252747616291932
19,10,Tommy Chong,Peta Murgatroyd,Comedian,76,Eliminated Week 10,5,10.0,31.0,True,182.5,0.1698630136986301,True,19_Tommy Chong,0.0252747616291932
19,11,Tommy Chong,Peta Murgatroyd,Comedian,76,Eliminated Week 10,5,10.0,0.0,False,156.33300000000003,0.0,False,19_Tommy Chong,
19,1,Betsey Johnson,Tony Dovolani,Fashion Designer,72,Eliminated Week 4,10,4.0,20.0,True,372.0,0.053763440860215,False,19_Betsey Johnson,0.0053676864562067
19,1,Betsey Johnson,Tony Dovolani,Fashion Designer,72,Eliminated Week 4,10,4.0,20.0,True,372.0,0.053763440860215,False,19_Betsey Johnson,0.0053676864562067
19,2,Betsey Johnson,Tony Dovolani,Fashion Designer,72,Eliminated Week 4,10,4.0,28.0,True,362.0,0.0773480662983425,False,19_Betsey Johnson,0.0035299084780189
19,2,Betsey Johnson,Tony Dovolani,Fashion Designer,72,Eliminated Week 4,10,4.0,28.0,True,362.0,0.0773480662983425,False,19_Betsey Johnson,0.0035299084780189
19,3,Betsey Johnson,Tony Dovolani,Fashion Designer,72,Eliminated Week 4,10,4.0,29.0,True,353.0,0.0821529745042493,False,19_Betsey Johnson,0.0017150004967233
19,3,Betsey Johnson,Tony Dovolani,Fashion Designer,72,Eliminated Week 4,10,4.0,29.0,True,353.0,0.0821529745042493,False,19_Betsey Johnson,0.0017150004967233
19,4,Betsey Johnson,Tony Dovolani,Fashion Designer,72,Eliminated Week 4,10,4.0,29.0,True,320.0,0.090625,True,19_Betsey Johnson,2.5962525087729442e-17
19,4,Betsey Johnson,Tony Dovolani,Fashion Designer,72,Eliminated Week 4,10,4.0,29.0,True,320.0,0.090625,True,19_Betsey Johnson,2.5962525087729442e-17
19,5,Betsey Johnson,Tony Dovolani,Fashion Designer,72,Eliminated Week 4,10,4.0,0.0,False,264.0,0.0,False,19_Betsey Johnson,
19,6,Betsey Johnson,Tony Dovolani,Fashion Designer,72,Eliminated Week 4,10,4.0,0.0,False,293.0,0.0,False,19_Betsey Johnson,
19,7,Betsey Johnson,Tony Dovolani,Fashion Designer,72,Eliminated Week 4,10,4.0,0.0,False,258.5,0.0,False,19_Betsey Johnson,
19,8,Betsey Johnson,Tony Dovolani,Fashion Designer,72,Eliminated Week 4,10,4.0,0.0,False,248.0,0.0,False,19_Betsey Johnson,
19,9,Betsey Johnson,Tony Dovolani,Fashion Designer,72,Eliminated Week 4,10,4.0,0.0,False,214.0,0.0,False,19_Betsey Johnson,
19,10,Betsey Johnson,Tony Dovolani,Fashion Designer,72,Eliminated Week 4,10,4.0,0.0,False,182.5,0.0,False,19_Betsey Johnson,
19,11,Betsey Johnson,Tony Dovolani,Fashion Designer,72,Eliminated Week 4,10,4.0,0.0,False,156.33300000000003,0.0,False,19_Betsey Johnson,
19,1,Michael Waltrip,Emma Slater,Racing Driver,51,Eliminated Week 8,7,8.0,25.0,True,372.0,0.0672043010752688,False,19_Michael Waltrip,0.0117083130849774
19,1,Michael Waltrip,Emma Slater,Racing Driver,51,Eliminated Week 8,7,8.0,25.0,True,372.0,0.0672043010752688,False,19_Michael Waltrip,0.0117083130849774
19,2,Michael Waltrip,Emma Slater,Racing Driver,51,Eliminated Week 8,7,8.0,24.0,True,362.0,0.0662983425414364,False,19_Michael Waltrip,0.0119145825683825
19,2,Michael Waltrip,Emma Slater,Racing Driver,51,Eliminated Week 8,7,8.0,24.0,True,362.0,0.0662983425414364,False,19_Michael Waltrip,0.0119145825683825
19,3,Michael Waltrip,Emma Slater,Racing Driver,51,Eliminated Week 8,7,8.0,28.0,True,353.0,0.0793201133144475,False,19_Michael Waltrip,0.0121912933247436
19,3,Michael Waltrip,Emma Slater,Racing Driver,51,Eliminated Week 8,7,8.0,28.0,True,353.0,0.0793201133144475,False,19_Michael Waltrip,0.0121912933247436
19,4,Michael Waltrip,Emma Slater,Racing Driver,51,Eliminated Week 8,7,8.0,25.0,True,320.0,0.078125,False,19_Michael Waltrip,0.0125424103992539
19,4,Michael Waltrip,Emma Slater,Racing Driver,51,Eliminated Week 8,7,8.0,25.0,True,320.0,0.078125,False,19_Michael Waltrip,0.0125424103992539
19,5,Michael Waltrip,Emma Slater,Racing Driver,51,Eliminated Week 8,7,8.0,20.0,True,264.0,0.0757575757575757,False,19_Michael Waltrip,0.0136699573770506
19,5,Michael Waltrip,Emma Slater,Racing Driver,51,Eliminated Week 8,7,8.0,20.0,True,264.0,0.0757575757575757,False,19_Michael Waltrip,0.0136699573770506
19,6,Michael Waltrip,Emma Slater,Racing Driver,51,Eliminated Week 8,7,8.0,30.0,True,293.0,0.1023890784982935,False,19_Michael Waltrip,0.0148140273308904
19,6,Michael Waltrip,Emma Slater,Racing Driver,51,Eliminated Week 8,7,8.0,30.0,True,293.0,0.1023890784982935,False,19_Michael Waltrip,0.0148140273308904
19,7,Michael Waltrip,Emma Slater,Racing Driver,51,Eliminated Week 8,7,8.0,28.0,True,258.5,0.1083172147001934,False,19_Michael Waltrip,0.0161085883997013
19,7,Michael Waltrip,Emma Slater,Racing Driver,51,Eliminated Week 8,7,8.0,28.0,True,258.5,0.1083172147001934,False,19_Michael Waltrip,0.0161085883997013
19,8,Michael Waltrip,Emma Slater,Racing Driver,51,Eliminated Week 8,7,8.0,25.0,True,248.0,0.1008064516129032,True,19_Michael Waltrip,0.0153100157278875
19,8,Michael Waltrip,Emma Slater,Racing Driver,51,Eliminated Week 8,7,8.0,25.0,True,248.0,0.1008064516129032,True,19_Michael Waltrip,0.0153100157278875
19,9,Michael Waltrip,Emma Slater,Racing Driver,51,Eliminated Week 8,7,8.0,0.0,False,214.0,0.0,False,19_Michael Waltrip,
19,10,Michael Waltrip,Emma Slater,Racing Driver,51,Eliminated Week 8,7,8.0,0.0,False,182.5,0.0,False,19_Michael Waltrip,
19,11,Michael Waltrip,Emma Slater,Racing Driver,51,Eliminated Week 8,7,8.0,0.0,False,156.33300000000003,0.0,False,19_Michael Waltrip,
19,1,Tavis Smiley,Sharna Burgess,Radio Personality,50,Eliminated Week 2,12,2.0,29.0,True,372.0,0.0779569892473118,False,19_Tavis Smiley,5.375101347458139e-18
19,1,Tavis Smiley,Sharna Burgess,Radio Personality,50,Eliminated Week 2,12,2.0,29.0,True,372.0,0.0779569892473118,False,19_Tavis Smiley,5.375101347458139e-18
19,2,Tavis Smiley,Sharna Burgess,Radio Personality,50,Eliminated Week 2,12,2.0,28.0,True,362.0,0.0773480662983425,True,19_Tavis Smiley,8.647146371097278e-05
19,2,Tavis Smiley,Sharna Burgess,Radio Personality,50,Eliminated Week 2,12,2.0,28.0,True,362.0,0.0773480662983425,True,19_Tavis Smiley,8.647146371097278e-05
19,3,Tavis Smiley,Sharna Burgess,Radio Personality,50,Eliminated Week 2,12,2.0,0.0,False,353.0,0.0,False,19_Tavis Smiley,
19,4,Tavis Smiley,Sharna Burgess,Radio Personality,50,Eliminated Week 2,12,2.0,0.0,False,320.0,0.0,False,19_Tavis Smiley,
19,5,Tavis Smiley,Sharna Burgess,Radio Personality,50,Eliminated Week 2,12,2.0,0.0,False,264.0,0.0,False,19_Tavis Smiley,
19,6,Tavis Smiley,Sharna Burgess,Radio Personality,50,Eliminated Week 2,12,2.0,0.0,False,293.0,0.0,False,19_Tavis Smiley,
19,7,Tavis Smiley,Sharna Burgess,Radio Personality,50,Eliminated Week 2,12,2.0,0.0,False,258.5,0.0,False,19_Tavis Smiley,
19,8,Tavis Smiley,Sharna Burgess,Radio Personality,50,Eliminated Week 2,12,2.0,0.0,False,248.0,0.0,False,19_Tavis Smiley,
19,9,Tavis Smiley,Sharna Burgess,Radio Personality,50,Eliminated Week 2,12,2.0,0.0,False,214.0,0.0,False,19_Tavis Smiley,
19,10,Tavis Smiley,Sharna Burgess,Radio Personality,50,Eliminated Week 2,12,2.0,0.0,False,182.5,0.0,False,19_Tavis Smiley,
19,11,Tavis Smiley,Sharna Burgess,Radio Personality,50,Eliminated Week 2,12,2.0,0.0,False,156.33300000000003,0.0,False,19_Tavis Smiley,
19,1,Bethany Mota,Derek Hough,Social Media Personality,18,Eliminated Week 11,4,11.0,32.0,True,372.0,0.086021505376344,False,19_Bethany Mota,0.2334816854097787
19,1,Bethany Mota,Derek Hough,Social Media Personality,18,Eliminated Week 11,4,11.0,32.0,True,372.0,0.086021505376344,False,19_Bethany Mota,0.2334816854097787
19,2,Bethany Mota,Derek Hough,Social Media Personality,18,Eliminated Week 11,4,11.0,33.0,True,362.0,0.0911602209944751,False,19_Bethany Mota,0.233679363809736
19,2,Bethany Mota,Derek Hough,Social Media Personality,18,Eliminated Week 11,4,11.0,33.0,True,362.0,0.0911602209944751,False,19_Bethany Mota,0.233679363809736
19,3,Bethany Mota,Derek Hough,Social Media Personality,18,Eliminated Week 11,4,11.0,40.0,True,353.0,0.1133144475920679,False,19_Bethany Mota,0.2339107076793646
19,3,Bethany Mota,Derek Hough,Social Media Personality,18,Eliminated Week 11,4,11.0,40.0,True,353.0,0.1133144475920679,False,19_Bethany Mota,0.2339107076793646
19,4,Bethany Mota,Derek Hough,Social Media Personality,18,Eliminated Week 11,4,11.0,33.0,True,320.0,0.103125,False,19_Bethany Mota,0.2341601473078547
19,4,Bethany Mota,Derek Hough,Social Media Personality,18,Eliminated Week 11,4,11.0,33.0,True,320.0,0.103125,False,19_Bethany Mota,0.2341601473078547
19,5,Bethany Mota,Derek Hough,Social Media Personality,18,Eliminated Week 11,4,11.0,32.0,True,264.0,0.1212121212121212,False,19_Bethany Mota,0.2351007125089008
19,5,Bethany Mota,Derek Hough,Social Media Personality,18,Eliminated Week 11,4,11.0,32.0,True,264.0,0.1212121212121212,False,19_Bethany Mota,0.2351007125089008
19,6,Bethany Mota,Derek Hough,Social Media Personality,18,Eliminated Week 11,4,11.0,36.0,True,293.0,0.1228668941979522,False,19_Bethany Mota,0.2360422059184163
19,6,Bethany Mota,Derek Hough,Social Media Personality,18,Eliminated Week 11,4,11.0,36.0,True,293.0,0.1228668941979522,False,19_Bethany Mota,0.2360422059184163
19,7,Bethany Mota,Derek Hough,Social Media Personality,18,Eliminated Week 11,4,11.0,37.5,True,258.5,0.1450676982591876,False,19_Bethany Mota,0.2371052899000315
19,7,Bethany Mota,Derek Hough,Social Media Personality,18,Eliminated Week 11,4,11.0,37.5,True,258.5,0.1450676982591876,False,19_Bethany Mota,0.2371052899000315
19,8,Bethany Mota,Derek Hough,Social Media Personality,18,Eliminated Week 11,4,11.0,40.0,True,248.0,0.1612903225806451,False,19_Bethany Mota,0.2393413567740288
19,8,Bethany Mota,Derek Hough,Social Media Personality,18,Eliminated Week 11,4,11.0,40.0,True,248.0,0.1612903225806451,False,19_Bethany Mota,0.2393413567740288
19,9,Bethany Mota,Derek Hough,Social Media Personality,18,Eliminated Week 11,4,11.0,37.0,True,214.0,0.1728971962616822,False,19_Bethany Mota,0.2424139621986838
19,9,Bethany Mota,Derek Hough,Social Media Personality,18,Eliminated Week 11,4,11.0,37.0,True,214.0,0.1728971962616822,False,19_Bethany Mota,0.2424139621986838
19,10,Bethany Mota,Derek Hough,Social Media Personality,18,Eliminated Week 11,4,11.0,38.0,True,182.5,0.2082191780821917,False,19_Bethany Mota,0.2436813094613169
19,10,Bethany Mota,Derek Hough,Social Media Personality,18,Eliminated Week 11,4,11.0,38.0,True,182.5,0.2082191780821917,False,19_Bethany Mota,0.2436813094613169
19,11,Bethany Mota,Derek Hough,Social Media Personality,18,Eliminated Week 11,4,11.0,38.0,True,156.33300000000003,0.2430708807481465,True,19_Bethany Mota,0.2500000003024027
19,11,Bethany Mota,Derek Hough,Social Media Personality,18,Eliminated Week 11,4,11.0,38.0,True,156.33300000000003,0.2430708807481465,True,19_Bethany Mota,0.2500000003024027
19,1,Sadie Robertson,Mark Ballas,TV Personality,17,2nd Place,2,,34.0,True,372.0,0.0913978494623656,False,19_Sadie Robertson,0.2334816845929729
19,1,Sadie Robertson,Mark Ballas,TV Personality,17,2nd Place,2,,34.0,True,372.0,0.0913978494623656,False,19_Sadie Robertson,0.2334816845929729
19,2,Sadie Robertson,Mark Ballas,TV Personality,17,2nd Place,2,,31.0,True,362.0,0.0856353591160221,False,19_Sadie Robertson,0.2336793649306606
19,2,Sadie Robertson,Mark Ballas,TV Personality,17,2nd Place,2,,31.0,True,362.0,0.0856353591160221,False,19_Sadie Robertson,0.2336793649306606
19,3,Sadie Robertson,Mark Ballas,TV Personality,17,2nd Place,2,,32.0,True,353.0,0.0906515580736544,False,19_Sadie Robertson,0.2339107050695714
19,3,Sadie Robertson,Mark Ballas,TV Personality,17,2nd Place,2,,32.0,True,353.0,0.0906515580736544,False,19_Sadie Robertson,0.2339107050695714
19,4,Sadie Robertson,Mark Ballas,TV Personality,17,2nd Place,2,,37.0,True,320.0,0.115625,False,19_Sadie Robertson,0.2341601498647001
19,4,Sadie Robertson,Mark Ballas,TV Personality,17,2nd Place,2,,37.0,True,320.0,0.115625,False,19_Sadie Robertson,0.2341601498647001
19,5,Sadie Robertson,Mark Ballas,TV Personality,17,2nd Place,2,,36.0,True,264.0,0.1363636363636363,False,19_Sadie Robertson,0.2351007089935179
19,5,Sadie Robertson,Mark Ballas,TV Personality,17,2nd Place,2,,36.0,True,264.0,0.1363636363636363,False,19_Sadie Robertson,0.2351007089935179
19,6,Sadie Robertson,Mark Ballas,TV Personality,17,2nd Place,2,,35.0,True,293.0,0.1194539249146757,False,19_Sadie Robertson,0.2360422088423572
19,6,Sadie Robertson,Mark Ballas,TV Personality,17,2nd Place,2,,35.0,True,293.0,0.1194539249146757,False,19_Sadie Robertson,0.2360422088423572
19,7,Sadie Robertson,Mark Ballas,TV Personality,17,2nd Place,2,,31.0,True,258.5,0.1199226305609284,False,19_Sadie Robertson,0.2371052865872112
19,7,Sadie Robertson,Mark Ballas,TV Personality,17,2nd Place,2,,31.0,True,258.5,0.1199226305609284,False,19_Sadie Robertson,0.2371052865872112
19,8,Sadie Robertson,Mark Ballas,TV Personality,17,2nd Place,2,,38.0,True,248.0,0.1532258064516129,False,19_Sadie Robertson,0.2393413590157386
19,8,Sadie Robertson,Mark Ballas,TV Personality,17,2nd Place,2,,38.0,True,248.0,0.1532258064516129,False,19_Sadie Robertson,0.2393413590157386
19,9,Sadie Robertson,Mark Ballas,TV Personality,17,2nd Place,2,,36.5,True,214.0,0.1705607476635514,False,19_Sadie Robertson,0.2424139599351792
19,9,Sadie Robertson,Mark Ballas,TV Personality,17,2nd Place,2,,36.5,True,214.0,0.1705607476635514,False,19_Sadie Robertson,0.2424139599351792
19,10,Sadie Robertson,Mark Ballas,TV Personality,17,2nd Place,2,,37.0,True,182.5,0.2027397260273972,False,19_Sadie Robertson,0.2436813103755907
19,10,Sadie Robertson,Mark Ballas,TV Personality,17,2nd Place,2,,37.0,True,182.5,0.2027397260273972,False,19_Sadie Robertson,0.2436813103755907
19,11,Sadie Robertson,Mark Ballas,TV Personality,17,2nd Place,2,,39.333200000000005,True,156.33300000000003,0.2515988307011315,False,19_Sadie Robertson,0.2499999995770507
19,11,Sadie Robertson,Mark Ballas,TV Personality,17,2nd Place,2,,39.333200000000005,True,156.33300000000003,0.2515988307011315,False,19_Sadie Robertson,0.2499999995770507
20,1,Suzanne Somers,Tony Dovolani,Actor/Actress,68,Eliminated Week 5,9,5.0,25.0,True,318.0,0.0786163522012578,False,20_Suzanne Somers,0.0086965244329365
20,1,Suzanne Somers,Tony Dovolani,Actor/Actress,68,Eliminated Week 5,9,5.0,25.0,True,318.0,0.0786163522012578,False,20_Suzanne Somers,0.0086965244329365
20,2,Suzanne Somers,Tony Dovolani,Actor/Actress,68,Eliminated Week 5,9,5.0,28.0,True,347.0,0.0806916426512968,False,20_Suzanne Somers,0.008583190504212
20,2,Suzanne Somers,Tony Dovolani,Actor/Actress,68,Eliminated Week 5,9,5.0,28.0,True,347.0,0.0806916426512968,False,20_Suzanne Somers,0.008583190504212
20,3,Suzanne Somers,Tony Dovolani,Actor/Actress,68,Eliminated Week 5,9,5.0,25.0,True,313.0,0.0798722044728434,False,20_Suzanne Somers,0.0087348687799448
20,3,Suzanne Somers,Tony Dovolani,Actor/Actress,68,Eliminated Week 5,9,5.0,25.0,True,313.0,0.0798722044728434,False,20_Suzanne Somers,0.0087348687799448
20,4,Suzanne Somers,Tony Dovolani,Actor/Actress,68,Eliminated Week 5,9,5.0,28.0,True,325.0,0.0861538461538461,False,20_Suzanne Somers,0.00998106803147
20,4,Suzanne Somers,Tony Dovolani,Actor/Actress,68,Eliminated Week 5,9,5.0,28.0,True,325.0,0.0861538461538461,False,20_Suzanne Somers,0.00998106803147
20,5,Suzanne Somers,Tony Dovolani,Actor/Actress,68,Eliminated Week 5,9,5.0,28.0,True,283.0,0.0989399293286219,True,20_Suzanne Somers,0.007816264558927
20,5,Suzanne Somers,Tony Dovolani,Actor/Actress,68,Eliminated Week 5,9,5.0,28.0,True,283.0,0.0989399293286219,True,20_Suzanne Somers,0.007816264558927
20,6,Suzanne Somers,Tony Dovolani,Actor/Actress,68,Eliminated Week 5,9,5.0,0.0,False,283.0,0.0,False,20_Suzanne Somers,
20,7,Suzanne Somers,Tony Dovolani,Actor/Actress,68,Eliminated Week 5,9,5.0,0.0,False,254.0,0.0,False,20_Suzanne Somers,
20,8,Suzanne Somers,Tony Dovolani,Actor/Actress,68,Eliminated Week 5,9,5.0,0.0,False,211.5,0.0,False,20_Suzanne Somers,
20,9,Suzanne Somers,Tony Dovolani,Actor/Actress,68,Eliminated Week 5,9,5.0,0.0,False,157.0,0.0,False,20_Suzanne Somers,
20,10,Suzanne Somers,Tony Dovolani,Actor/Actress,68,Eliminated Week 5,9,5.0,0.0,False,116.0,0.0,False,20_Suzanne Somers,
20,1,Willow Shields,Mark Ballas,Actor/Actress,14,Eliminated Week 7,7,7.0,25.0,True,318.0,0.0786163522012578,False,20_Willow Shields,0.0002423557384189
20,1,Willow Shields,Mark Ballas,Actor/Actress,14,Eliminated Week 7,7,7.0,25.0,True,318.0,0.0786163522012578,False,20_Willow Shields,0.0002423557384189
20,2,Willow Shields,Mark Ballas,Actor/Actress,14,Eliminated Week 7,7,7.0,32.0,True,347.0,0.0922190201729106,False,20_Willow Shields,7.834819226849205e-05
20,2,Willow Shields,Mark Ballas,Actor/Actress,14,Eliminated Week 7,7,7.0,32.0,True,347.0,0.0922190201729106,False,20_Willow Shields,7.834819226849205e-05
20,3,Willow Shields,Mark Ballas,Actor/Actress,14,Eliminated Week 7,7,7.0,32.0,True,313.0,0.1022364217252396,False,20_Willow Shields,4.807025032945062e-17
20,3,Willow Shields,Mark Ballas,Actor/Actress,14,Eliminated Week 7,7,7.0,32.0,True,313.0,0.1022364217252396,False,20_Willow Shields,4.807025032945062e-17
20,4,Willow Shields,Mark Ballas,Actor/Actress,14,Eliminated Week 7,7,7.0,39.0,True,325.0,0.12,False,20_Willow Shields,0.0005441911543942
20,4,Willow Shields,Mark Ballas,Actor/Actress,14,Eliminated Week 7,7,7.0,39.0,True,325.0,0.12,False,20_Willow Shields,0.0005441911543942
20,5,Willow Shields,Mark Ballas,Actor/Actress,14,Eliminated Week 7,7,7.0,34.0,True,283.0,0.1201413427561837,False,20_Willow Shields,0.0003706882360709
20,5,Willow Shields,Mark Ballas,Actor/Actress,14,Eliminated Week 7,7,7.0,34.0,True,283.0,0.1201413427561837,False,20_Willow Shields,0.0003706882360709
20,6,Willow Shields,Mark Ballas,Actor/Actress,14,Eliminated Week 7,7,7.0,36.5,True,283.0,0.1289752650176678,False,20_Willow Shields,0.0005291854870855
20,6,Willow Shields,Mark Ballas,Actor/Actress,14,Eliminated Week 7,7,7.0,36.5,True,283.0,0.1289752650176678,False,20_Willow Shields,0.0005291854870855
20,7,Willow Shields,Mark Ballas,Actor/Actress,14,Eliminated Week 7,7,7.0,39.0,True,254.0,0.1535433070866141,True,20_Willow Shields,1.02337793079677e-16
20,7,Willow Shields,Mark Ballas,Actor/Actress,14,Eliminated Week 7,7,7.0,39.0,True,254.0,0.1535433070866141,True,20_Willow Shields,1.02337793079677e-16
20,8,Willow Shields,Mark Ballas,Actor/Actress,14,Eliminated Week 7,7,7.0,0.0,False,211.5,0.0,False,20_Willow Shields,
20,9,Willow Shields,Mark Ballas,Actor/Actress,14,Eliminated Week 7,7,7.0,0.0,False,157.0,0.0,False,20_Willow Shields,
20,10,Willow Shields,Mark Ballas,Actor/Actress,14,Eliminated Week 7,7,7.0,0.0,False,116.0,0.0,False,20_Willow Shields,
20,1,Riker Lynch,Allison Holker,Actor/Actress,23,2nd Place,2,,31.0,True,318.0,0.0974842767295597,False,20_Riker Lynch,0.3035329582698609
20,1,Riker Lynch,Allison Holker,Actor/Actress,23,2nd Place,2,,31.0,True,318.0,0.0974842767295597,False,20_Riker Lynch,0.3035329582698609
20,2,Riker Lynch,Allison Holker,Actor/Actress,23,2nd Place,2,,32.0,True,347.0,0.0922190201729106,False,20_Riker Lynch,0.3036226981497646
20,2,Riker Lynch,Allison Holker,Actor/Actress,23,2nd Place,2,,32.0,True,347.0,0.0922190201729106,False,20_Riker Lynch,0.3036226981497646
20,3,Riker Lynch,Allison Holker,Actor/Actress,23,2nd Place,2,,34.0,True,313.0,0.108626198083067,False,20_Riker Lynch,0.3047750178989326
20,3,Riker Lynch,Allison Holker,Actor/Actress,23,2nd Place,2,,34.0,True,313.0,0.108626198083067,False,20_Riker Lynch,0.3047750178989326
20,4,Riker Lynch,Allison Holker,Actor/Actress,23,2nd Place,2,,34.0,True,325.0,0.1046153846153846,False,20_Riker Lynch,0.3069815764929419
20,4,Riker Lynch,Allison Holker,Actor/Actress,23,2nd Place,2,,34.0,True,325.0,0.1046153846153846,False,20_Riker Lynch,0.3069815764929419
20,5,Riker Lynch,Allison Holker,Actor/Actress,23,2nd Place,2,,38.0,True,283.0,0.1342756183745583,False,20_Riker Lynch,0.3084109835161562
20,5,Riker Lynch,Allison Holker,Actor/Actress,23,2nd Place,2,,38.0,True,283.0,0.1342756183745583,False,20_Riker Lynch,0.3084109835161562
20,6,Riker Lynch,Allison Holker,Actor/Actress,23,2nd Place,2,,38.0,True,283.0,0.1342756183745583,False,20_Riker Lynch,0.3103413732298464
20,6,Riker Lynch,Allison Holker,Actor/Actress,23,2nd Place,2,,38.0,True,283.0,0.1342756183745583,False,20_Riker Lynch,0.3103413732298464
20,7,Riker Lynch,Allison Holker,Actor/Actress,23,2nd Place,2,,37.0,True,254.0,0.1456692913385826,False,20_Riker Lynch,0.3123922013684646
20,7,Riker Lynch,Allison Holker,Actor/Actress,23,2nd Place,2,,37.0,True,254.0,0.1456692913385826,False,20_Riker Lynch,0.3123922013684646
20,8,Riker Lynch,Allison Holker,Actor/Actress,23,2nd Place,2,,39.0,True,211.5,0.1843971631205673,False,20_Riker Lynch,0.3171876101501223
20,8,Riker Lynch,Allison Holker,Actor/Actress,23,2nd Place,2,,39.0,True,211.5,0.1843971631205673,False,20_Riker Lynch,0.3171876101501223
20,9,Riker Lynch,Allison Holker,Actor/Actress,23,2nd Place,2,,40.0,True,157.0,0.2547770700636942,False,20_Riker Lynch,0.329853252446746
20,9,Riker Lynch,Allison Holker,Actor/Actress,23,2nd Place,2,,40.0,True,157.0,0.2547770700636942,False,20_Riker Lynch,0.329853252446746
20,10,Riker Lynch,Allison Holker,Actor/Actress,23,2nd Place,2,,40.0,True,116.0,0.3448275862068966,False,20_Riker Lynch,0.3333333337930423
20,10,Riker Lynch,Allison Holker,Actor/Actress,23,2nd Place,2,,40.0,True,116.0,0.3448275862068966,False,20_Riker Lynch,0.3333333337930423
20,1,Rumer Willis,Valentin Chmerkovskiy,Actor/Actress,26,1st Place,1,,32.0,True,318.0,0.10062893081761,False,20_Rumer Willis,0.3035329576302011
20,1,Rumer Willis,Valentin Chmerkovskiy,Actor/Actress,26,1st Place,1,,32.0,True,318.0,0.10062893081761,False,20_Rumer Willis,0.3035329576302011
20,2,Rumer Willis,Valentin Chmerkovskiy,Actor/Actress,26,1st Place,1,,32.0,True,347.0,0.0922190201729106,False,20_Rumer Willis,0.3036226975418781
20,2,Rumer Willis,Valentin Chmerkovskiy,Actor/Actress,26,1st Place,1,,32.0,True,347.0,0.0922190201729106,False,20_Rumer Willis,0.3036226975418781
20,3,Rumer Willis,Valentin Chmerkovskiy,Actor/Actress,26,1st Place,1,,33.0,True,313.0,0.1054313099041533,False,20_Rumer Willis,0.3047750172543594
20,3,Rumer Willis,Valentin Chmerkovskiy,Actor/Actress,26,1st Place,1,,33.0,True,313.0,0.1054313099041533,False,20_Rumer Willis,0.3047750172543594
20,4,Rumer Willis,Valentin Chmerkovskiy,Actor/Actress,26,1st Place,1,,35.0,True,325.0,0.1076923076923077,False,20_Rumer Willis,0.3069815759735252
20,4,Rumer Willis,Valentin Chmerkovskiy,Actor/Actress,26,1st Place,1,,35.0,True,325.0,0.1076923076923077,False,20_Rumer Willis,0.3069815759735252
20,5,Rumer Willis,Valentin Chmerkovskiy,Actor/Actress,26,1st Place,1,,39.0,True,283.0,0.1378091872791519,False,20_Rumer Willis,0.3084109828659609
20,5,Rumer Willis,Valentin Chmerkovskiy,Actor/Actress,26,1st Place,1,,39.0,True,283.0,0.1378091872791519,False,20_Rumer Willis,0.3084109828659609
20,6,Rumer Willis,Valentin Chmerkovskiy,Actor/Actress,26,1st Place,1,,35.5,True,283.0,0.1254416961130742,False,20_Rumer Willis,0.3103413727804704
20,6,Rumer Willis,Valentin Chmerkovskiy,Actor/Actress,26,1st Place,1,,35.5,True,283.0,0.1254416961130742,False,20_Rumer Willis,0.3103413727804704
20,7,Rumer Willis,Valentin Chmerkovskiy,Actor/Actress,26,1st Place,1,,37.0,True,254.0,0.1456692913385826,False,20_Rumer Willis,0.3123922007943044
20,7,Rumer Willis,Valentin Chmerkovskiy,Actor/Actress,26,1st Place,1,,37.0,True,254.0,0.1456692913385826,False,20_Rumer Willis,0.3123922007943044
20,8,Rumer Willis,Valentin Chmerkovskiy,Actor/Actress,26,1st Place,1,,40.0,True,211.5,0.1891252955082742,False,20_Rumer Willis,0.3171876097360485
20,8,Rumer Willis,Valentin Chmerkovskiy,Actor/Actress,26,1st Place,1,,40.0,True,211.5,0.1891252955082742,False,20_Rumer Willis,0.3171876097360485
20,9,Rumer Willis,Valentin Chmerkovskiy,Actor/Actress,26,1st Place,1,,39.0,True,157.0,0.2484076433121019,False,20_Rumer Willis,0.3298532519050408
20,9,Rumer Willis,Valentin Chmerkovskiy,Actor/Actress,26,1st Place,1,,39.0,True,157.0,0.2484076433121019,False,20_Rumer Willis,0.3298532519050408
20,10,Rumer Willis,Valentin Chmerkovskiy,Actor/Actress,26,1st Place,1,,40.0,True,116.0,0.3448275862068966,False,20_Rumer Willis,0.333333333360233
20,10,Rumer Willis,Valentin Chmerkovskiy,Actor/Actress,26,1st Place,1,,40.0,True,116.0,0.3448275862068966,False,20_Rumer Willis,0.333333333360233
20,1,Nastia Liukin,Derek Hough,Athlete,25,Eliminated Week 9,4,9.0,30.0,True,318.0,0.0943396226415094,False,20_Nastia Liukin,0.000473528584744
20,1,Nastia Liukin,Derek Hough,Athlete,25,Eliminated Week 9,4,9.0,30.0,True,318.0,0.0943396226415094,False,20_Nastia Liukin,0.000473528584744
20,2,Nastia Liukin,Derek Hough,Athlete,25,Eliminated Week 9,4,9.0,34.0,True,347.0,0.0979827089337175,False,20_Nastia Liukin,0.0002761995216167
20,2,Nastia Liukin,Derek Hough,Athlete,25,Eliminated Week 9,4,9.0,34.0,True,347.0,0.0979827089337175,False,20_Nastia Liukin,0.0002761995216167
20,3,Nastia Liukin,Derek Hough,Athlete,25,Eliminated Week 9,4,9.0,34.0,True,313.0,0.108626198083067,False,20_Nastia Liukin,0.0002259124372549
20,3,Nastia Liukin,Derek Hough,Athlete,25,Eliminated Week 9,4,9.0,34.0,True,313.0,0.108626198083067,False,20_Nastia Liukin,0.0002259124372549
20,4,Nastia Liukin,Derek Hough,Athlete,25,Eliminated Week 9,4,9.0,36.0,True,325.0,0.1107692307692307,False,20_Nastia Liukin,0.0006718727560227
20,4,Nastia Liukin,Derek Hough,Athlete,25,Eliminated Week 9,4,9.0,36.0,True,325.0,0.1107692307692307,False,20_Nastia Liukin,0.0006718727560227
20,5,Nastia Liukin,Derek Hough,Athlete,25,Eliminated Week 9,4,9.0,38.0,True,283.0,0.1342756183745583,False,20_Nastia Liukin,0.0003100739503493
20,5,Nastia Liukin,Derek Hough,Athlete,25,Eliminated Week 9,4,9.0,38.0,True,283.0,0.1342756183745583,False,20_Nastia Liukin,0.0003100739503493
20,6,Nastia Liukin,Derek Hough,Athlete,25,Eliminated Week 9,4,9.0,36.5,True,283.0,0.1289752650176678,False,20_Nastia Liukin,0.0005291854870854
20,6,Nastia Liukin,Derek Hough,Athlete,25,Eliminated Week 9,4,9.0,36.5,True,283.0,0.1289752650176678,False,20_Nastia Liukin,0.0005291854870854
20,7,Nastia Liukin,Derek Hough,Athlete,25,Eliminated Week 9,4,9.0,41.0,True,254.0,0.1614173228346456,False,20_Nastia Liukin,7.680733194433656e-17
20,7,Nastia Liukin,Derek Hough,Athlete,25,Eliminated Week 9,4,9.0,41.0,True,254.0,0.1614173228346456,False,20_Nastia Liukin,7.680733194433656e-17
20,8,Nastia Liukin,Derek Hough,Athlete,25,Eliminated Week 9,4,9.0,38.0,True,211.5,0.1796690307328605,False,20_Nastia Liukin,0.0012968367974787
20,8,Nastia Liukin,Derek Hough,Athlete,25,Eliminated Week 9,4,9.0,38.0,True,211.5,0.1796690307328605,False,20_Nastia Liukin,0.0012968367974787
20,9,Nastia Liukin,Derek Hough,Athlete,25,Eliminated Week 9,4,9.0,40.0,True,157.0,0.2547770700636942,True,20_Nastia Liukin,0.0104402441907152
20,9,Nastia Liukin,Derek Hough,Athlete,25,Eliminated Week 9,4,9.0,40.0,True,157.0,0.2547770700636942,True,20_Nastia Liukin,0.0104402441907152
20,10,Nastia Liukin,Derek Hough,Athlete,25,Eliminated Week 9,4,9.0,0.0,False,116.0,0.0,False,20_Nastia Liukin,
20,1,Michael Sam,Peta Murgatroyd,Athlete,25,Eliminated Week 4,10,4.0,26.0,True,318.0,0.0817610062893081,False,20_Michael Sam,0.0086709176748778
20,1,Michael Sam,Peta Murgatroyd,Athlete,25,Eliminated Week 4,10,4.0,26.0,True,318.0,0.0817610062893081,False,20_Michael Sam,0.0086709176748778
20,2,Michael Sam,Peta Murgatroyd,Athlete,25,Eliminated Week 4,10,4.0,28.0,True,347.0,0.0806916426512968,False,20_Michael Sam,0.008583190504212
20,2,Michael Sam,Peta Murgatroyd,Athlete,25,Eliminated Week 4,10,4.0,28.0,True,347.0,0.0806916426512968,False,20_Michael Sam,0.008583190504212
20,3,Michael Sam,Peta Murgatroyd,Athlete,25,Eliminated Week 4,10,4.0,24.0,True,313.0,0.0766773162939297,False,20_Michael Sam,0.0056754234435752
20,3,Michael Sam,Peta Murgatroyd,Athlete,25,Eliminated Week 4,10,4.0,24.0,True,313.0,0.0766773162939297,False,20_Michael Sam,0.0056754234435752
20,4,Michael Sam,Peta Murgatroyd,Athlete,25,Eliminated Week 4,10,4.0,30.0,True,325.0,0.0923076923076923,True,20_Michael Sam,0.0038596660420851
20,4,Michael Sam,Peta Murgatroyd,Athlete,25,Eliminated Week 4,10,4.0,30.0,True,325.0,0.0923076923076923,True,20_Michael Sam,0.0038596660420851
20,5,Michael Sam,Peta Murgatroyd,Athlete,25,Eliminated Week 4,10,4.0,0.0,False,283.0,0.0,False,20_Michael Sam,
20,6,Michael Sam,Peta Murgatroyd,Athlete,25,Eliminated Week 4,10,4.0,0.0,False,283.0,0.0,False,20_Michael Sam,
20,7,Michael Sam,Peta Murgatroyd,Athlete,25,Eliminated Week 4,10,4.0,0.0,False,254.0,0.0,False,20_Michael Sam,
20,8,Michael Sam,Peta Murgatroyd,Athlete,25,Eliminated Week 4,10,4.0,0.0,False,211.5,0.0,False,20_Michael Sam,
20,9,Michael Sam,Peta Murgatroyd,Athlete,25,Eliminated Week 4,10,4.0,0.0,False,157.0,0.0,False,20_Michael Sam,
20,10,Michael Sam,Peta Murgatroyd,Athlete,25,Eliminated Week 4,10,4.0,0.0,False,116.0,0.0,False,20_Michael Sam,
20,1,Robert Herjavec,Kym Johnson,Entrepreneur,52,Eliminated Week 8,6,8.0,28.0,True,318.0,0.0880503144654088,False,20_Robert Herjavec,0.0173359734175233
20,1,Robert Herjavec,Kym Johnson,Entrepreneur,52,Eliminated Week 8,6,8.0,28.0,True,318.0,0.0880503144654088,False,20_Robert Herjavec,0.0173359734175233
20,2,Robert Herjavec,Kym Johnson,Entrepreneur,52,Eliminated Week 8,6,8.0,28.0,True,347.0,0.0806916426512968,False,20_Robert Herjavec,0.0179522847266153
20,2,Robert Herjavec,Kym Johnson,Entrepreneur,52,Eliminated Week 8,6,8.0,28.0,True,347.0,0.0806916426512968,False,20_Robert Herjavec,0.0179522847266153
20,3,Robert Herjavec,Kym Johnson,Entrepreneur,52,Eliminated Week 8,6,8.0,29.0,True,313.0,0.0926517571884984,False,20_Robert Herjavec,0.0195895543886534
20,3,Robert Herjavec,Kym Johnson,Entrepreneur,52,Eliminated Week 8,6,8.0,29.0,True,313.0,0.0926517571884984,False,20_Robert Herjavec,0.0195895543886534
20,4,Robert Herjavec,Kym Johnson,Entrepreneur,52,Eliminated Week 8,6,8.0,34.0,True,325.0,0.1046153846153846,False,20_Robert Herjavec,0.0224959405867628
20,4,Robert Herjavec,Kym Johnson,Entrepreneur,52,Eliminated Week 8,6,8.0,34.0,True,325.0,0.1046153846153846,False,20_Robert Herjavec,0.0224959405867628
20,5,Robert Herjavec,Kym Johnson,Entrepreneur,52,Eliminated Week 8,6,8.0,24.0,True,283.0,0.0848056537102473,False,20_Robert Herjavec,0.0250717521176181
20,5,Robert Herjavec,Kym Johnson,Entrepreneur,52,Eliminated Week 8,6,8.0,24.0,True,283.0,0.0848056537102473,False,20_Robert Herjavec,0.0250717521176181
20,6,Robert Herjavec,Kym Johnson,Entrepreneur,52,Eliminated Week 8,6,8.0,33.5,True,283.0,0.1183745583038869,False,20_Robert Herjavec,0.0280111798060867
20,6,Robert Herjavec,Kym Johnson,Entrepreneur,52,Eliminated Week 8,6,8.0,33.5,True,283.0,0.1183745583038869,False,20_Robert Herjavec,0.0280111798060867
20,7,Robert Herjavec,Kym Johnson,Entrepreneur,52,Eliminated Week 8,6,8.0,31.0,True,254.0,0.1220472440944882,False,20_Robert Herjavec,0.0314116987738867
20,7,Robert Herjavec,Kym Johnson,Entrepreneur,52,Eliminated Week 8,6,8.0,31.0,True,254.0,0.1220472440944882,False,20_Robert Herjavec,0.0314116987738867
20,8,Robert Herjavec,Kym Johnson,Entrepreneur,52,Eliminated Week 8,6,8.0,31.0,True,211.5,0.1465721040189125,True,20_Robert Herjavec,0.0235701670343525
20,8,Robert Herjavec,Kym Johnson,Entrepreneur,52,Eliminated Week 8,6,8.0,31.0,True,211.5,0.1465721040189125,True,20_Robert Herjavec,0.0235701670343525
20,9,Robert Herjavec,Kym Johnson,Entrepreneur,52,Eliminated Week 8,6,8.0,0.0,False,157.0,0.0,False,20_Robert Herjavec,
20,10,Robert Herjavec,Kym Johnson,Entrepreneur,52,Eliminated Week 8,6,8.0,0.0,False,116.0,0.0,False,20_Robert Herjavec,
20,1,Charlotte McKinney,Keo Motsepe,Model,21,Eliminated Week 3,11,3.0,22.0,True,318.0,0.0691823899371069,False,20_Charlotte McKinney,0.0144801200057797
20,1,Charlotte McKinney,Keo Motsepe,Model,21,Eliminated Week 3,11,3.0,22.0,True,318.0,0.0691823899371069,False,20_Charlotte McKinney,0.0144801200057797
20,2,Charlotte McKinney,Keo Motsepe,Model,21,Eliminated Week 3,11,3.0,26.0,True,347.0,0.0749279538904899,False,20_Charlotte McKinney,0.0143468792650189
20,2,Charlotte McKinney,Keo Motsepe,Model,21,Eliminated Week 3,11,3.0,26.0,True,347.0,0.0749279538904899,False,20_Charlotte McKinney,0.0143468792650189
20,3,Charlotte McKinney,Keo Motsepe,Model,21,Eliminated Week 3,11,3.0,22.0,True,313.0,0.0702875399361022,True,20_Charlotte McKinney,0.0114482640880518
20,3,Charlotte McKinney,Keo Motsepe,Model,21,Eliminated Week 3,11,3.0,22.0,True,313.0,0.0702875399361022,True,20_Charlotte McKinney,0.0114482640880518
20,4,Charlotte McKinney,Keo Motsepe,Model,21,Eliminated Week 3,11,3.0,0.0,False,325.0,0.0,False,20_Charlotte McKinney,
20,5,Charlotte McKinney,Keo Motsepe,Model,21,Eliminated Week 3,11,3.0,0.0,False,283.0,0.0,False,20_Charlotte McKinney,
20,6,Charlotte McKinney,Keo Motsepe,Model,21,Eliminated Week 3,11,3.0,0.0,False,283.0,0.0,False,20_Charlotte McKinney,
20,7,Charlotte McKinney,Keo Motsepe,Model,21,Eliminated Week 3,11,3.0,0.0,False,254.0,0.0,False,20_Charlotte McKinney,
20,8,Charlotte McKinney,Keo Motsepe,Model,21,Eliminated Week 3,11,3.0,0.0,False,211.5,0.0,False,20_Charlotte McKinney,
20,9,Charlotte McKinney,Keo Motsepe,Model,21,Eliminated Week 3,11,3.0,0.0,False,157.0,0.0,False,20_Charlotte McKinney,
20,10,Charlotte McKinney,Keo Motsepe,Model,21,Eliminated Week 3,11,3.0,0.0,False,116.0,0.0,False,20_Charlotte McKinney,
20,1,Noah Galloway,Sharna Burgess,Motivational Speaker,33,3rd Place,3,,26.0,True,318.0,0.0817610062893081,False,20_Noah Galloway,0.3035329570529144
20,1,Noah Galloway,Sharna Burgess,Motivational Speaker,33,3rd Place,3,,26.0,True,318.0,0.0817610062893081,False,20_Noah Galloway,0.3035329570529144
20,2,Noah Galloway,Sharna Burgess,Motivational Speaker,33,3rd Place,3,,27.0,True,347.0,0.0778097982708933,False,20_Noah Galloway,0.3036226969944451
20,2,Noah Galloway,Sharna Burgess,Motivational Speaker,33,3rd Place,3,,27.0,True,347.0,0.0778097982708933,False,20_Noah Galloway,0.3036226969944451
20,3,Noah Galloway,Sharna Burgess,Motivational Speaker,33,3rd Place,3,,30.0,True,313.0,0.0958466453674121,False,20_Noah Galloway,0.3047750167020824
20,3,Noah Galloway,Sharna Burgess,Motivational Speaker,33,3rd Place,3,,30.0,True,313.0,0.0958466453674121,False,20_Noah Galloway,0.3047750167020824
20,4,Noah Galloway,Sharna Burgess,Motivational Speaker,33,3rd Place,3,,32.0,True,325.0,0.0984615384615384,False,20_Noah Galloway,0.3069815754458453
20,4,Noah Galloway,Sharna Burgess,Motivational Speaker,33,3rd Place,3,,32.0,True,325.0,0.0984615384615384,False,20_Noah Galloway,0.3069815754458453
20,5,Noah Galloway,Sharna Burgess,Motivational Speaker,33,3rd Place,3,,28.0,True,283.0,0.0989399293286219,False,20_Noah Galloway,0.3084109823496478
20,5,Noah Galloway,Sharna Burgess,Motivational Speaker,33,3rd Place,3,,28.0,True,283.0,0.0989399293286219,False,20_Noah Galloway,0.3084109823496478
20,6,Noah Galloway,Sharna Burgess,Motivational Speaker,33,3rd Place,3,,34.0,True,283.0,0.1201413427561837,False,20_Noah Galloway,0.3103413722316784
20,6,Noah Galloway,Sharna Burgess,Motivational Speaker,33,3rd Place,3,,34.0,True,283.0,0.1201413427561837,False,20_Noah Galloway,0.3103413722316784
20,7,Noah Galloway,Sharna Burgess,Motivational Speaker,33,3rd Place,3,,38.0,True,254.0,0.1496062992125984,False,20_Noah Galloway,0.3123922002894574
20,7,Noah Galloway,Sharna Burgess,Motivational Speaker,33,3rd Place,3,,38.0,True,254.0,0.1496062992125984,False,20_Noah Galloway,0.3123922002894574
20,8,Noah Galloway,Sharna Burgess,Motivational Speaker,33,3rd Place,3,,31.5,True,211.5,0.1489361702127659,False,20_Noah Galloway,0.3171876092249761
20,8,Noah Galloway,Sharna Burgess,Motivational Speaker,33,3rd Place,3,,31.5,True,211.5,0.1489361702127659,False,20_Noah Galloway,0.3171876092249761
20,9,Noah Galloway,Sharna Burgess,Motivational Speaker,33,3rd Place,3,,38.0,True,157.0,0.2420382165605095,False,20_Noah Galloway,0.3298532514574979
20,9,Noah Galloway,Sharna Burgess,Motivational Speaker,33,3rd Place,3,,38.0,True,157.0,0.2420382165605095,False,20_Noah Galloway,0.3298532514574979
20,10,Noah Galloway,Sharna Burgess,Motivational Speaker,33,3rd Place,3,,36.0,True,116.0,0.3103448275862069,False,20_Noah Galloway,0.3333333328467247
20,10,Noah Galloway,Sharna Burgess,Motivational Speaker,33,3rd Place,3,,36.0,True,116.0,0.3103448275862069,False,20_Noah Galloway,0.3333333328467247
20,1,Redfoo,Emma Slater,Singer/Rapper,39,Eliminated Week 2,12,2.0,22.0,True,318.0,0.0691823899371069,False,20_Redfoo,0.0001021680148937
20,1,Redfoo,Emma Slater,Singer/Rapper,39,Eliminated Week 2,12,2.0,22.0,True,318.0,0.0691823899371069,False,20_Redfoo,0.0001021680148937
20,2,Redfoo,Emma Slater,Singer/Rapper,39,Eliminated Week 2,12,2.0,31.0,True,347.0,0.0893371757925072,True,20_Redfoo,2.7205357086692158e-17
20,2,Redfoo,Emma Slater,Singer/Rapper,39,Eliminated Week 2,12,2.0,31.0,True,347.0,0.0893371757925072,True,20_Redfoo,2.7205357086692158e-17
20,3,Redfoo,Emma Slater,Singer/Rapper,39,Eliminated Week 2,12,2.0,0.0,False,313.0,0.0,False,20_Redfoo,
20,4,Redfoo,Emma Slater,Singer/Rapper,39,Eliminated Week 2,12,2.0,0.0,False,325.0,0.0,False,20_Redfoo,
20,5,Redfoo,Emma Slater,Singer/Rapper,39,Eliminated Week 2,12,2.0,0.0,False,283.0,0.0,False,20_Redfoo,
20,6,Redfoo,Emma Slater,Singer/Rapper,39,Eliminated Week 2,12,2.0,0.0,False,283.0,0.0,False,20_Redfoo,
20,7,Redfoo,Emma Slater,Singer/Rapper,39,Eliminated Week 2,12,2.0,0.0,False,254.0,0.0,False,20_Redfoo,
20,8,Redfoo,Emma Slater,Singer/Rapper,39,Eliminated Week 2,12,2.0,0.0,False,211.5,0.0,False,20_Redfoo,
20,9,Redfoo,Emma Slater,Singer/Rapper,39,Eliminated Week 2,12,2.0,0.0,False,157.0,0.0,False,20_Redfoo,
20,10,Redfoo,Emma Slater,Singer/Rapper,39,Eliminated Week 2,12,2.0,0.0,False,116.0,0.0,False,20_Redfoo,
20,1,Patti LaBelle,Artem Chigvintsev,Singer/Rapper,70,Eliminated Week 6,8,6.0,25.0,True,318.0,0.0786163522012578,False,20_Patti LaBelle,0.0104868453525653
20,1,Patti LaBelle,Artem Chigvintsev,Singer/Rapper,70,Eliminated Week 6,8,6.0,25.0,True,318.0,0.0786163522012578,False,20_Patti LaBelle,0.0104868453525653
20,2,Patti LaBelle,Artem Chigvintsev,Singer/Rapper,70,Eliminated Week 6,8,6.0,28.0,True,347.0,0.0806916426512968,False,20_Patti LaBelle,0.0105557134329328
20,2,Patti LaBelle,Artem Chigvintsev,Singer/Rapper,70,Eliminated Week 6,8,6.0,28.0,True,347.0,0.0806916426512968,False,20_Patti LaBelle,0.0105557134329328
20,3,Patti LaBelle,Artem Chigvintsev,Singer/Rapper,70,Eliminated Week 6,8,6.0,22.0,True,313.0,0.0702875399361022,False,20_Patti LaBelle,0.0114106793899872
20,3,Patti LaBelle,Artem Chigvintsev,Singer/Rapper,70,Eliminated Week 6,8,6.0,22.0,True,313.0,0.0702875399361022,False,20_Patti LaBelle,0.0114106793899872
20,4,Patti LaBelle,Artem Chigvintsev,Singer/Rapper,70,Eliminated Week 6,8,6.0,30.0,True,325.0,0.0923076923076923,False,20_Patti LaBelle,0.0118301632672446
20,4,Patti LaBelle,Artem Chigvintsev,Singer/Rapper,70,Eliminated Week 6,8,6.0,30.0,True,325.0,0.0923076923076923,False,20_Patti LaBelle,0.0118301632672446
20,5,Patti LaBelle,Artem Chigvintsev,Singer/Rapper,70,Eliminated Week 6,8,6.0,27.0,True,283.0,0.0954063604240282,False,20_Patti LaBelle,0.0113457930904752
20,5,Patti LaBelle,Artem Chigvintsev,Singer/Rapper,70,Eliminated Week 6,8,6.0,27.0,True,283.0,0.0954063604240282,False,20_Patti LaBelle,0.0113457930904752
20,6,Patti LaBelle,Artem Chigvintsev,Singer/Rapper,70,Eliminated Week 6,8,6.0,34.0,True,283.0,0.1201413427561837,True,20_Patti LaBelle,0.0094054505970461
20,6,Patti LaBelle,Artem Chigvintsev,Singer/Rapper,70,Eliminated Week 6,8,6.0,34.0,True,283.0,0.1201413427561837,True,20_Patti LaBelle,0.0094054505970461
20,7,Patti LaBelle,Artem Chigvintsev,Singer/Rapper,70,Eliminated Week 6,8,6.0,0.0,False,254.0,0.0,False,20_Patti LaBelle,
20,8,Patti LaBelle,Artem Chigvintsev,Singer/Rapper,70,Eliminated Week 6,8,6.0,0.0,False,211.5,0.0,False,20_Patti LaBelle,
20,9,Patti LaBelle,Artem Chigvintsev,Singer/Rapper,70,Eliminated Week 6,8,6.0,0.0,False,157.0,0.0,False,20_Patti LaBelle,
20,10,Patti LaBelle,Artem Chigvintsev,Singer/Rapper,70,Eliminated Week 6,8,6.0,0.0,False,116.0,0.0,False,20_Patti LaBelle,
20,1,Chris Soules,Witney Carson,TV Personality,33,Eliminated Week 8,5,8.0,26.0,True,318.0,0.0817610062893081,False,20_Chris Soules,0.0289126938252841
20,1,Chris Soules,Witney Carson,TV Personality,33,Eliminated Week 8,5,8.0,26.0,True,318.0,0.0817610062893081,False,20_Chris Soules,0.0289126938252841
20,2,Chris Soules,Witney Carson,TV Personality,33,Eliminated Week 8,5,8.0,21.0,True,347.0,0.0605187319884726,False,20_Chris Soules,0.0287561011670362
20,2,Chris Soules,Witney Carson,TV Personality,33,Eliminated Week 8,5,8.0,21.0,True,347.0,0.0605187319884726,False,20_Chris Soules,0.0287561011670362
20,3,Chris Soules,Witney Carson,TV Personality,33,Eliminated Week 8,5,8.0,28.0,True,313.0,0.0894568690095846,False,20_Chris Soules,0.0285902456171582
20,3,Chris Soules,Witney Carson,TV Personality,33,Eliminated Week 8,5,8.0,28.0,True,313.0,0.0894568690095846,False,20_Chris Soules,0.0285902456171582
20,4,Chris Soules,Witney Carson,TV Personality,33,Eliminated Week 8,5,8.0,27.0,True,325.0,0.083076923076923,False,20_Chris Soules,0.0296723702497076
20,4,Chris Soules,Witney Carson,TV Personality,33,Eliminated Week 8,5,8.0,27.0,True,325.0,0.083076923076923,False,20_Chris Soules,0.0296723702497076
20,5,Chris Soules,Witney Carson,TV Personality,33,Eliminated Week 8,5,8.0,27.0,True,283.0,0.0954063604240282,False,20_Chris Soules,0.0298524793147946
20,5,Chris Soules,Witney Carson,TV Personality,33,Eliminated Week 8,5,8.0,27.0,True,283.0,0.0954063604240282,False,20_Chris Soules,0.0298524793147946
20,6,Chris Soules,Witney Carson,TV Personality,33,Eliminated Week 8,5,8.0,35.0,True,283.0,0.1236749116607773,False,20_Chris Soules,0.0305008803807009
20,6,Chris Soules,Witney Carson,TV Personality,33,Eliminated Week 8,5,8.0,35.0,True,283.0,0.1236749116607773,False,20_Chris Soules,0.0305008803807009
20,7,Chris Soules,Witney Carson,TV Personality,33,Eliminated Week 8,5,8.0,31.0,True,254.0,0.1220472440944882,False,20_Chris Soules,0.0314116987738867
20,7,Chris Soules,Witney Carson,TV Personality,33,Eliminated Week 8,5,8.0,31.0,True,254.0,0.1220472440944882,False,20_Chris Soules,0.0314116987738867
20,8,Chris Soules,Witney Carson,TV Personality,33,Eliminated Week 8,5,8.0,32.0,True,211.5,0.1513002364066193,True,20_Chris Soules,0.0235701670570218
20,8,Chris Soules,Witney Carson,TV Personality,33,Eliminated Week 8,5,8.0,32.0,True,211.5,0.1513002364066193,True,20_Chris Soules,0.0235701670570218
20,9,Chris Soules,Witney Carson,TV Personality,33,Eliminated Week 8,5,8.0,0.0,False,157.0,0.0,False,20_Chris Soules,
20,10,Chris Soules,Witney Carson,TV Personality,33,Eliminated Week 8,5,8.0,0.0,False,116.0,0.0,False,20_Chris Soules,
21,1,Gary Busey,Anna Trebunskaya,Actor/Actress,71,Eliminated Week 4,10,4.0,15.0,True,250.0,0.06,False,21_Gary Busey,0.0074172182152311
21,1,Gary Busey,Anna Trebunskaya,Actor/Actress,71,Eliminated Week 4,10,4.0,15.0,True,250.0,0.06,False,21_Gary Busey,0.0074172182152311
21,2,Gary Busey,Anna Trebunskaya,Actor/Actress,71,Eliminated Week 4,10,4.0,16.5,True,270.5,0.0609981515711645,False,21_Gary Busey,0.0073856945365537
21,2,Gary Busey,Anna Trebunskaya,Actor/Actress,71,Eliminated Week 4,10,4.0,16.5,True,270.5,0.0609981515711645,False,21_Gary Busey,0.0073856945365537
21,3,Gary Busey,Anna Trebunskaya,Actor/Actress,71,Eliminated Week 4,10,4.0,25.0,True,305.0,0.081967213114754,False,21_Gary Busey,0.0066803040737149
21,3,Gary Busey,Anna Trebunskaya,Actor/Actress,71,Eliminated Week 4,10,4.0,25.0,True,305.0,0.081967213114754,False,21_Gary Busey,0.0066803040737149
21,4,Gary Busey,Anna Trebunskaya,Actor/Actress,71,Eliminated Week 4,10,4.0,16.0,True,236.0,0.0677966101694915,True,21_Gary Busey,0.0060521050434088
21,4,Gary Busey,Anna Trebunskaya,Actor/Actress,71,Eliminated Week 4,10,4.0,16.0,True,236.0,0.0677966101694915,True,21_Gary Busey,0.0060521050434088
21,5,Gary Busey,Anna Trebunskaya,Actor/Actress,71,Eliminated Week 4,10,4.0,0.0,False,301.0,0.0,False,21_Gary Busey,
21,6,Gary Busey,Anna Trebunskaya,Actor/Actress,71,Eliminated Week 4,10,4.0,0.0,False,313.0,0.0,False,21_Gary Busey,
21,7,Gary Busey,Anna Trebunskaya,Actor/Actress,71,Eliminated Week 4,10,4.0,0.0,False,221.0,0.0,False,21_Gary Busey,
21,8,Gary Busey,Anna Trebunskaya,Actor/Actress,71,Eliminated Week 4,10,4.0,0.0,False,193.9994,0.0,False,21_Gary Busey,
21,9,Gary Busey,Anna Trebunskaya,Actor/Actress,71,Eliminated Week 4,10,4.0,0.0,False,164.5,0.0,False,21_Gary Busey,
21,10,Gary Busey,Anna Trebunskaya,Actor/Actress,71,Eliminated Week 4,10,4.0,0.0,False,118.5,0.0,False,21_Gary Busey,
21,11,Gary Busey,Anna Trebunskaya,Actor/Actress,71,Eliminated Week 4,10,4.0,0.0,False,117.9999,0.0,False,21_Gary Busey,
21,1,Alexa PenaVega,Mark Ballas,Actor/Actress,27,Eliminated Week 9,6,9.0,22.0,True,250.0,0.088,False,21_Alexa PenaVega,0.0014800139069682
21,1,Alexa PenaVega,Mark Ballas,Actor/Actress,27,Eliminated Week 9,6,9.0,22.0,True,250.0,0.088,False,21_Alexa PenaVega,0.0014800139069682
21,2,Alexa PenaVega,Mark Ballas,Actor/Actress,27,Eliminated Week 9,6,9.0,23.0,True,270.5,0.0850277264325323,False,21_Alexa PenaVega,0.0012589709460022
21,2,Alexa PenaVega,Mark Ballas,Actor/Actress,27,Eliminated Week 9,6,9.0,23.0,True,270.5,0.0850277264325323,False,21_Alexa PenaVega,0.0012589709460022
21,3,Alexa PenaVega,Mark Ballas,Actor/Actress,27,Eliminated Week 9,6,9.0,36.0,True,305.0,0.1180327868852459,False,21_Alexa PenaVega,0.0014536770977182
21,3,Alexa PenaVega,Mark Ballas,Actor/Actress,27,Eliminated Week 9,6,9.0,36.0,True,305.0,0.1180327868852459,False,21_Alexa PenaVega,0.0014536770977182
21,4,Alexa PenaVega,Mark Ballas,Actor/Actress,27,Eliminated Week 9,6,9.0,21.0,True,236.0,0.0889830508474576,False,21_Alexa PenaVega,0.0015699983789414
21,4,Alexa PenaVega,Mark Ballas,Actor/Actress,27,Eliminated Week 9,6,9.0,21.0,True,236.0,0.0889830508474576,False,21_Alexa PenaVega,0.0015699983789414
21,5,Alexa PenaVega,Mark Ballas,Actor/Actress,27,Eliminated Week 9,6,9.0,40.0,True,301.0,0.132890365448505,False,21_Alexa PenaVega,0.0022900457951786
21,5,Alexa PenaVega,Mark Ballas,Actor/Actress,27,Eliminated Week 9,6,9.0,40.0,True,301.0,0.132890365448505,False,21_Alexa PenaVega,0.0022900457951786
21,6,Alexa PenaVega,Mark Ballas,Actor/Actress,27,Eliminated Week 9,6,9.0,30.0,True,313.0,0.0958466453674121,False,21_Alexa PenaVega,0.0022433265090249
21,6,Alexa PenaVega,Mark Ballas,Actor/Actress,27,Eliminated Week 9,6,9.0,30.0,True,313.0,0.0958466453674121,False,21_Alexa PenaVega,0.0022433265090249
21,7,Alexa PenaVega,Mark Ballas,Actor/Actress,27,Eliminated Week 9,6,9.0,27.5,True,221.0,0.1244343891402715,False,21_Alexa PenaVega,0.0022481587496713
21,7,Alexa PenaVega,Mark Ballas,Actor/Actress,27,Eliminated Week 9,6,9.0,27.5,True,221.0,0.1244343891402715,False,21_Alexa PenaVega,0.0022481587496713
21,8,Alexa PenaVega,Mark Ballas,Actor/Actress,27,Eliminated Week 9,6,9.0,26.9998,True,193.9994,0.1391746572412079,False,21_Alexa PenaVega,0.0011765711996754
21,8,Alexa PenaVega,Mark Ballas,Actor/Actress,27,Eliminated Week 9,6,9.0,26.9998,True,193.9994,0.1391746572412079,False,21_Alexa PenaVega,0.0011765711996754
21,9,Alexa PenaVega,Mark Ballas,Actor/Actress,27,Eliminated Week 9,6,9.0,30.0,True,164.5,0.182370820668693,True,21_Alexa PenaVega,2.690918222193069e-17
21,9,Alexa PenaVega,Mark Ballas,Actor/Actress,27,Eliminated Week 9,6,9.0,30.0,True,164.5,0.182370820668693,True,21_Alexa PenaVega,2.690918222193069e-17
21,10,Alexa PenaVega,Mark Ballas,Actor/Actress,27,Eliminated Week 9,6,9.0,0.0,False,118.5,0.0,False,21_Alexa PenaVega,
21,11,Alexa PenaVega,Mark Ballas,Actor/Actress,27,Eliminated Week 9,6,9.0,0.0,False,117.9999,0.0,False,21_Alexa PenaVega,
21,1,Carlos PenaVega,Witney Carson,Actor/Actress,26,Eliminated Week 11,4,11.0,23.0,True,250.0,0.092,False,21_Carlos PenaVega,0.2304095432665468
21,1,Carlos PenaVega,Witney Carson,Actor/Actress,26,Eliminated Week 11,4,11.0,23.0,True,250.0,0.092,False,21_Carlos PenaVega,0.2304095432665468
21,2,Carlos PenaVega,Witney Carson,Actor/Actress,26,Eliminated Week 11,4,11.0,22.5,True,270.5,0.0831792975970425,False,21_Carlos PenaVega,0.230709500822287
21,2,Carlos PenaVega,Witney Carson,Actor/Actress,26,Eliminated Week 11,4,11.0,22.5,True,270.5,0.0831792975970425,False,21_Carlos PenaVega,0.230709500822287
21,3,Carlos PenaVega,Witney Carson,Actor/Actress,26,Eliminated Week 11,4,11.0,31.0,True,305.0,0.101639344262295,False,21_Carlos PenaVega,0.2309561943973324
21,3,Carlos PenaVega,Witney Carson,Actor/Actress,26,Eliminated Week 11,4,11.0,31.0,True,305.0,0.101639344262295,False,21_Carlos PenaVega,0.2309561943973324
21,4,Carlos PenaVega,Witney Carson,Actor/Actress,26,Eliminated Week 11,4,11.0,25.0,True,236.0,0.1059322033898305,False,21_Carlos PenaVega,0.2310409015959542
21,4,Carlos PenaVega,Witney Carson,Actor/Actress,26,Eliminated Week 11,4,11.0,25.0,True,236.0,0.1059322033898305,False,21_Carlos PenaVega,0.2310409015959542
21,5,Carlos PenaVega,Witney Carson,Actor/Actress,26,Eliminated Week 11,4,11.0,39.0,True,301.0,0.1295681063122923,False,21_Carlos PenaVega,0.2319762728367674
21,5,Carlos PenaVega,Witney Carson,Actor/Actress,26,Eliminated Week 11,4,11.0,39.0,True,301.0,0.1295681063122923,False,21_Carlos PenaVega,0.2319762728367674
21,6,Carlos PenaVega,Witney Carson,Actor/Actress,26,Eliminated Week 11,4,11.0,38.0,True,313.0,0.121405750798722,False,21_Carlos PenaVega,0.2322244937725042
21,6,Carlos PenaVega,Witney Carson,Actor/Actress,26,Eliminated Week 11,4,11.0,38.0,True,313.0,0.121405750798722,False,21_Carlos PenaVega,0.2322244937725042
21,7,Carlos PenaVega,Witney Carson,Actor/Actress,26,Eliminated Week 11,4,11.0,28.0,True,221.0,0.1266968325791855,False,21_Carlos PenaVega,0.2325790916142766
21,7,Carlos PenaVega,Witney Carson,Actor/Actress,26,Eliminated Week 11,4,11.0,28.0,True,221.0,0.1266968325791855,False,21_Carlos PenaVega,0.2325790916142766
21,8,Carlos PenaVega,Witney Carson,Actor/Actress,26,Eliminated Week 11,4,11.0,28.9998,True,193.9994,0.149483967476188,False,21_Carlos PenaVega,0.2328045784961898
21,8,Carlos PenaVega,Witney Carson,Actor/Actress,26,Eliminated Week 11,4,11.0,28.9998,True,193.9994,0.149483967476188,False,21_Carlos PenaVega,0.2328045784961898
21,9,Carlos PenaVega,Witney Carson,Actor/Actress,26,Eliminated Week 11,4,11.0,27.0,True,164.5,0.1641337386018237,False,21_Carlos PenaVega,0.2331193018579517
21,9,Carlos PenaVega,Witney Carson,Actor/Actress,26,Eliminated Week 11,4,11.0,27.0,True,164.5,0.1641337386018237,False,21_Carlos PenaVega,0.2331193018579517
21,10,Carlos PenaVega,Witney Carson,Actor/Actress,26,Eliminated Week 11,4,11.0,31.5,True,118.5,0.2658227848101265,False,21_Carlos PenaVega,0.2414719102828419
21,10,Carlos PenaVega,Witney Carson,Actor/Actress,26,Eliminated Week 11,4,11.0,31.5,True,118.5,0.2658227848101265,False,21_Carlos PenaVega,0.2414719102828419
21,11,Carlos PenaVega,Witney Carson,Actor/Actress,26,Eliminated Week 11,4,11.0,30.0,True,117.9999,0.2542375035911047,True,21_Carlos PenaVega,0.241531946038043
21,11,Carlos PenaVega,Witney Carson,Actor/Actress,26,Eliminated Week 11,4,11.0,30.0,True,117.9999,0.2542375035911047,True,21_Carlos PenaVega,0.241531946038043
21,1,Victor Espinoza,Karina Smirnoff,Athlete,43,Eliminated Week 2,12,2.0,15.0,True,250.0,0.06,False,21_Victor Espinoza,1.6783828431026407e-05
21,1,Victor Espinoza,Karina Smirnoff,Athlete,43,Eliminated Week 2,12,2.0,15.0,True,250.0,0.06,False,21_Victor Espinoza,1.6783828431026407e-05
21,2,Victor Espinoza,Karina Smirnoff,Athlete,43,Eliminated Week 2,12,2.0,18.5,True,270.5,0.0683918669131238,True,21_Victor Espinoza,3.354638411429069e-17
21,2,Victor Espinoza,Karina Smirnoff,Athlete,43,Eliminated Week 2,12,2.0,18.5,True,270.5,0.0683918669131238,True,21_Victor Espinoza,3.354638411429069e-17
21,3,Victor Espinoza,Karina Smirnoff,Athlete,43,Eliminated Week 2,12,2.0,0.0,False,305.0,0.0,False,21_Victor Espinoza,
21,4,Victor Espinoza,Karina Smirnoff,Athlete,43,Eliminated Week 2,12,2.0,0.0,False,236.0,0.0,False,21_Victor Espinoza,
21,5,Victor Espinoza,Karina Smirnoff,Athlete,43,Eliminated Week 2,12,2.0,0.0,False,301.0,0.0,False,21_Victor Espinoza,
21,6,Victor Espinoza,Karina Smirnoff,Athlete,43,Eliminated Week 2,12,2.0,0.0,False,313.0,0.0,False,21_Victor Espinoza,
21,7,Victor Espinoza,Karina Smirnoff,Athlete,43,Eliminated Week 2,12,2.0,0.0,False,221.0,0.0,False,21_Victor Espinoza,
21,8,Victor Espinoza,Karina Smirnoff,Athlete,43,Eliminated Week 2,12,2.0,0.0,False,193.9994,0.0,False,21_Victor Espinoza,
21,9,Victor Espinoza,Karina Smirnoff,Athlete,43,Eliminated Week 2,12,2.0,0.0,False,164.5,0.0,False,21_Victor Espinoza,
21,10,Victor Espinoza,Karina Smirnoff,Athlete,43,Eliminated Week 2,12,2.0,0.0,False,118.5,0.0,False,21_Victor Espinoza,
21,11,Victor Espinoza,Karina Smirnoff,Athlete,43,Eliminated Week 2,12,2.0,0.0,False,117.9999,0.0,False,21_Victor Espinoza,
21,1,Alek Skarlatos,Lindsay Arnold,Military,22,3rd Place,3,,22.0,True,250.0,0.088,False,21_Alek Skarlatos,0.2497133972813104
21,1,Alek Skarlatos,Lindsay Arnold,Military,22,3rd Place,3,,22.0,True,250.0,0.088,False,21_Alek Skarlatos,0.2497133972813104
21,2,Alek Skarlatos,Lindsay Arnold,Military,22,3rd Place,3,,22.5,True,270.5,0.0831792975970425,False,21_Alek Skarlatos,0.249603192381687
21,2,Alek Skarlatos,Lindsay Arnold,Military,22,3rd Place,3,,22.5,True,270.5,0.0831792975970425,False,21_Alek Skarlatos,0.249603192381687
21,3,Alek Skarlatos,Lindsay Arnold,Military,22,3rd Place,3,,33.0,True,305.0,0.1081967213114754,False,21_Alek Skarlatos,0.2494637157965809
21,3,Alek Skarlatos,Lindsay Arnold,Military,22,3rd Place,3,,33.0,True,305.0,0.1081967213114754,False,21_Alek Skarlatos,0.2494637157965809
21,4,Alek Skarlatos,Lindsay Arnold,Military,22,3rd Place,3,,24.0,True,236.0,0.1016949152542373,False,21_Alek Skarlatos,0.249602768012768
21,4,Alek Skarlatos,Lindsay Arnold,Military,22,3rd Place,3,,24.0,True,236.0,0.1016949152542373,False,21_Alek Skarlatos,0.249602768012768
21,5,Alek Skarlatos,Lindsay Arnold,Military,22,3rd Place,3,,29.0,True,301.0,0.0963455149501661,False,21_Alek Skarlatos,0.250153245133156
21,5,Alek Skarlatos,Lindsay Arnold,Military,22,3rd Place,3,,29.0,True,301.0,0.0963455149501661,False,21_Alek Skarlatos,0.250153245133156
21,6,Alek Skarlatos,Lindsay Arnold,Military,22,3rd Place,3,,30.0,True,313.0,0.0958466453674121,False,21_Alek Skarlatos,0.2499804407047315
21,6,Alek Skarlatos,Lindsay Arnold,Military,22,3rd Place,3,,30.0,True,313.0,0.0958466453674121,False,21_Alek Skarlatos,0.2499804407047315
21,7,Alek Skarlatos,Lindsay Arnold,Military,22,3rd Place,3,,26.5,True,221.0,0.1199095022624434,False,21_Alek Skarlatos,0.2499420499840222
21,7,Alek Skarlatos,Lindsay Arnold,Military,22,3rd Place,3,,26.5,True,221.0,0.1199095022624434,False,21_Alek Skarlatos,0.2499420499840222
21,8,Alek Skarlatos,Lindsay Arnold,Military,22,3rd Place,3,,25.0,True,193.9994,0.1288663779372513,False,21_Alek Skarlatos,0.2500836334738354
21,8,Alek Skarlatos,Lindsay Arnold,Military,22,3rd Place,3,,25.0,True,193.9994,0.1288663779372513,False,21_Alek Skarlatos,0.2500836334738354
21,9,Alek Skarlatos,Lindsay Arnold,Military,22,3rd Place,3,,25.5,True,164.5,0.155015197568389,False,21_Alek Skarlatos,0.2501789034565791
21,9,Alek Skarlatos,Lindsay Arnold,Military,22,3rd Place,3,,25.5,True,164.5,0.155015197568389,False,21_Alek Skarlatos,0.2501789034565791
21,10,Alek Skarlatos,Lindsay Arnold,Military,22,3rd Place,3,,28.5,True,118.5,0.240506329113924,False,21_Alek Skarlatos,0.2585280897785295
21,10,Alek Skarlatos,Lindsay Arnold,Military,22,3rd Place,3,,28.5,True,118.5,0.240506329113924,False,21_Alek Skarlatos,0.2585280897785295
21,11,Alek Skarlatos,Lindsay Arnold,Military,22,3rd Place,3,,27.999899999999997,True,117.9999,0.2372874892266857,False,21_Alek Skarlatos,0.258468054037641
21,11,Alek Skarlatos,Lindsay Arnold,Military,22,3rd Place,3,,27.999899999999997,True,117.9999,0.2372874892266857,False,21_Alek Skarlatos,0.258468054037641
21,1,Chaka Khan,Keo Motsepe,Singer/Rapper,62,Eliminated Week 2,13,2.0,13.0,True,250.0,0.052,False,21_Chaka Khan,6.09921165786355e-06
21,1,Chaka Khan,Keo Motsepe,Singer/Rapper,62,Eliminated Week 2,13,2.0,13.0,True,250.0,0.052,False,21_Chaka Khan,6.09921165786355e-06
21,2,Chaka Khan,Keo Motsepe,Singer/Rapper,62,Eliminated Week 2,13,2.0,15.0,True,270.5,0.055452865064695,True,21_Chaka Khan,2.5882659976181284e-05
21,2,Chaka Khan,Keo Motsepe,Singer/Rapper,62,Eliminated Week 2,13,2.0,15.0,True,270.5,0.055452865064695,True,21_Chaka Khan,2.5882659976181284e-05
21,3,Chaka Khan,Keo Motsepe,Singer/Rapper,62,Eliminated Week 2,13,2.0,0.0,False,305.0,0.0,False,21_Chaka Khan,
21,4,Chaka Khan,Keo Motsepe,Singer/Rapper,62,Eliminated Week 2,13,2.0,0.0,False,236.0,0.0,False,21_Chaka Khan,
21,5,Chaka Khan,Keo Motsepe,Singer/Rapper,62,Eliminated Week 2,13,2.0,0.0,False,301.0,0.0,False,21_Chaka Khan,
21,6,Chaka Khan,Keo Motsepe,Singer/Rapper,62,Eliminated Week 2,13,2.0,0.0,False,313.0,0.0,False,21_Chaka Khan,
21,7,Chaka Khan,Keo Motsepe,Singer/Rapper,62,Eliminated Week 2,13,2.0,0.0,False,221.0,0.0,False,21_Chaka Khan,
21,8,Chaka Khan,Keo Motsepe,Singer/Rapper,62,Eliminated Week 2,13,2.0,0.0,False,193.9994,0.0,False,21_Chaka Khan,
21,9,Chaka Khan,Keo Motsepe,Singer/Rapper,62,Eliminated Week 2,13,2.0,0.0,False,164.5,0.0,False,21_Chaka Khan,
21,10,Chaka Khan,Keo Motsepe,Singer/Rapper,62,Eliminated Week 2,13,2.0,0.0,False,118.5,0.0,False,21_Chaka Khan,
21,11,Chaka Khan,Keo Motsepe,Singer/Rapper,62,Eliminated Week 2,13,2.0,0.0,False,117.9999,0.0,False,21_Chaka Khan,
21,1,Andy Grammer,Allison Holker,Singer/Rapper,31,Eliminated Week 8,7,8.0,21.0,True,250.0,0.084,False,21_Andy Grammer,7.431939388061774e-05
21,1,Andy Grammer,Allison Holker,Singer/Rapper,31,Eliminated Week 8,7,8.0,21.0,True,250.0,0.084,False,21_Andy Grammer,7.431939388061774e-05
21,2,Andy Grammer,Allison Holker,Singer/Rapper,31,Eliminated Week 8,7,8.0,22.0,True,270.5,0.0813308687615526,False,21_Andy Grammer,3.713587838692527e-05
21,2,Andy Grammer,Allison Holker,Singer/Rapper,31,Eliminated Week 8,7,8.0,22.0,True,270.5,0.0813308687615526,False,21_Andy Grammer,3.713587838692527e-05
21,3,Andy Grammer,Allison Holker,Singer/Rapper,31,Eliminated Week 8,7,8.0,29.0,True,305.0,0.0950819672131147,False,21_Andy Grammer,0.0001020289918311
21,3,Andy Grammer,Allison Holker,Singer/Rapper,31,Eliminated Week 8,7,8.0,29.0,True,305.0,0.0950819672131147,False,21_Andy Grammer,0.0001020289918311
21,4,Andy Grammer,Allison Holker,Singer/Rapper,31,Eliminated Week 8,7,8.0,23.0,True,236.0,0.097457627118644,False,21_Andy Grammer,0.0001008008295407
21,4,Andy Grammer,Allison Holker,Singer/Rapper,31,Eliminated Week 8,7,8.0,23.0,True,236.0,0.097457627118644,False,21_Andy Grammer,0.0001008008295407
21,5,Andy Grammer,Allison Holker,Singer/Rapper,31,Eliminated Week 8,7,8.0,36.0,True,301.0,0.1196013289036544,False,21_Andy Grammer,0.0005669489634783
21,5,Andy Grammer,Allison Holker,Singer/Rapper,31,Eliminated Week 8,7,8.0,36.0,True,301.0,0.1196013289036544,False,21_Andy Grammer,0.0005669489634783
21,6,Andy Grammer,Allison Holker,Singer/Rapper,31,Eliminated Week 8,7,8.0,40.0,True,313.0,0.1277955271565495,False,21_Andy Grammer,0.0003611165579681
21,6,Andy Grammer,Allison Holker,Singer/Rapper,31,Eliminated Week 8,7,8.0,40.0,True,313.0,0.1277955271565495,False,21_Andy Grammer,0.0003611165579681
21,7,Andy Grammer,Allison Holker,Singer/Rapper,31,Eliminated Week 8,7,8.0,28.0,True,221.0,0.1266968325791855,False,21_Andy Grammer,0.0002451700373873
21,7,Andy Grammer,Allison Holker,Singer/Rapper,31,Eliminated Week 8,7,8.0,28.0,True,221.0,0.1266968325791855,False,21_Andy Grammer,0.0002451700373873
21,8,Andy Grammer,Allison Holker,Singer/Rapper,31,Eliminated Week 8,7,8.0,23.9998,True,193.9994,0.1237106918887378,True,21_Andy Grammer,0.0001737026084506
21,8,Andy Grammer,Allison Holker,Singer/Rapper,31,Eliminated Week 8,7,8.0,23.9998,True,193.9994,0.1237106918887378,True,21_Andy Grammer,0.0001737026084506
21,9,Andy Grammer,Allison Holker,Singer/Rapper,31,Eliminated Week 8,7,8.0,0.0,False,164.5,0.0,False,21_Andy Grammer,
21,10,Andy Grammer,Allison Holker,Singer/Rapper,31,Eliminated Week 8,7,8.0,0.0,False,118.5,0.0,False,21_Andy Grammer,
21,11,Andy Grammer,Allison Holker,Singer/Rapper,31,Eliminated Week 8,7,8.0,0.0,False,117.9999,0.0,False,21_Andy Grammer,
21,1,Tamar Braxton,Valentin Chmerkovskiy,Singer/Rapper,38,Withdrew,5,,23.0,True,250.0,0.092,False,21_Tamar Braxton,0.0301920480805781
21,1,Tamar Braxton,Valentin Chmerkovskiy,Singer/Rapper,38,Withdrew,5,,23.0,True,250.0,0.092,False,21_Tamar Braxton,0.0301920480805781
21,2,Tamar Braxton,Valentin Chmerkovskiy,Singer/Rapper,38,Withdrew,5,,24.5,True,270.5,0.0905730129390018,False,21_Tamar Braxton,0.0303115534385577
21,2,Tamar Braxton,Valentin Chmerkovskiy,Singer/Rapper,38,Withdrew,5,,24.5,True,270.5,0.0905730129390018,False,21_Tamar Braxton,0.0303115534385577
21,3,Tamar Braxton,Valentin Chmerkovskiy,Singer/Rapper,38,Withdrew,5,,33.0,True,305.0,0.1081967213114754,False,21_Tamar Braxton,0.0306085505594973
21,3,Tamar Braxton,Valentin Chmerkovskiy,Singer/Rapper,38,Withdrew,5,,33.0,True,305.0,0.1081967213114754,False,21_Tamar Braxton,0.0306085505594973
21,4,Tamar Braxton,Valentin Chmerkovskiy,Singer/Rapper,38,Withdrew,5,,27.0,True,236.0,0.1144067796610169,False,21_Tamar Braxton,0.0307467468196808
21,4,Tamar Braxton,Valentin Chmerkovskiy,Singer/Rapper,38,Withdrew,5,,27.0,True,236.0,0.1144067796610169,False,21_Tamar Braxton,0.0307467468196808
21,5,Tamar Braxton,Valentin Chmerkovskiy,Singer/Rapper,38,Withdrew,5,,29.0,True,301.0,0.0963455149501661,False,21_Tamar Braxton,0.0316098901988397
21,5,Tamar Braxton,Valentin Chmerkovskiy,Singer/Rapper,38,Withdrew,5,,29.0,True,301.0,0.0963455149501661,False,21_Tamar Braxton,0.0316098901988397
21,6,Tamar Braxton,Valentin Chmerkovskiy,Singer/Rapper,38,Withdrew,5,,40.0,True,313.0,0.1277955271565495,False,21_Tamar Braxton,0.0319795727843166
21,6,Tamar Braxton,Valentin Chmerkovskiy,Singer/Rapper,38,Withdrew,5,,40.0,True,313.0,0.1277955271565495,False,21_Tamar Braxton,0.0319795727843166
21,7,Tamar Braxton,Valentin Chmerkovskiy,Singer/Rapper,38,Withdrew,5,,27.0,True,221.0,0.1221719457013574,False,21_Tamar Braxton,0.032464388017271
21,7,Tamar Braxton,Valentin Chmerkovskiy,Singer/Rapper,38,Withdrew,5,,27.0,True,221.0,0.1221719457013574,False,21_Tamar Braxton,0.032464388017271
21,8,Tamar Braxton,Valentin Chmerkovskiy,Singer/Rapper,38,Withdrew,5,,28.0,True,193.9994,0.1443303432897215,False,21_Tamar Braxton,0.0328733021914045
21,8,Tamar Braxton,Valentin Chmerkovskiy,Singer/Rapper,38,Withdrew,5,,28.0,True,193.9994,0.1443303432897215,False,21_Tamar Braxton,0.0328733021914045
21,9,Tamar Braxton,Valentin Chmerkovskiy,Singer/Rapper,38,Withdrew,5,,24.5,True,164.5,0.1489361702127659,False,21_Tamar Braxton,0.0334035896213585
21,9,Tamar Braxton,Valentin Chmerkovskiy,Singer/Rapper,38,Withdrew,5,,24.5,True,164.5,0.1489361702127659,False,21_Tamar Braxton,0.0334035896213585
21,10,Tamar Braxton,Valentin Chmerkovskiy,Singer/Rapper,38,Withdrew,5,,0.0,False,118.5,0.0,False,21_Tamar Braxton,
21,11,Tamar Braxton,Valentin Chmerkovskiy,Singer/Rapper,38,Withdrew,5,,0.0,False,117.9999,0.0,False,21_Tamar Braxton,
21,1,Nick Carter,Sharna Burgess,Singer/Rapper,35,2nd Place,2,,24.0,True,250.0,0.096,False,21_Nick Carter,0.2400614699111979
21,1,Nick Carter,Sharna Burgess,Singer/Rapper,35,2nd Place,2,,24.0,True,250.0,0.096,False,21_Nick Carter,0.2400614699111979
21,2,Nick Carter,Sharna Burgess,Singer/Rapper,35,2nd Place,2,,22.5,True,270.5,0.0831792975970425,False,21_Nick Carter,0.240156346220491
21,2,Nick Carter,Sharna Burgess,Singer/Rapper,35,2nd Place,2,,22.5,True,270.5,0.0831792975970425,False,21_Nick Carter,0.240156346220491
21,3,Nick Carter,Sharna Burgess,Singer/Rapper,35,2nd Place,2,,36.0,True,305.0,0.1180327868852459,False,21_Nick Carter,0.2402099548441366
21,3,Nick Carter,Sharna Burgess,Singer/Rapper,35,2nd Place,2,,36.0,True,305.0,0.1180327868852459,False,21_Nick Carter,0.2402099548441366
21,4,Nick Carter,Sharna Burgess,Singer/Rapper,35,2nd Place,2,,27.0,True,236.0,0.1144067796610169,False,21_Nick Carter,0.2403218343435897
21,4,Nick Carter,Sharna Burgess,Singer/Rapper,35,2nd Place,2,,27.0,True,236.0,0.1144067796610169,False,21_Nick Carter,0.2403218343435897
21,5,Nick Carter,Sharna Burgess,Singer/Rapper,35,2nd Place,2,,35.0,True,301.0,0.1162790697674418,False,21_Nick Carter,0.241064758767738
21,5,Nick Carter,Sharna Burgess,Singer/Rapper,35,2nd Place,2,,35.0,True,301.0,0.1162790697674418,False,21_Nick Carter,0.241064758767738
21,6,Nick Carter,Sharna Burgess,Singer/Rapper,35,2nd Place,2,,39.0,True,313.0,0.1246006389776357,False,21_Nick Carter,0.241102466724354
21,6,Nick Carter,Sharna Burgess,Singer/Rapper,35,2nd Place,2,,39.0,True,313.0,0.1246006389776357,False,21_Nick Carter,0.241102466724354
21,7,Nick Carter,Sharna Burgess,Singer/Rapper,35,2nd Place,2,,27.0,True,221.0,0.1221719457013574,False,21_Nick Carter,0.2412605705339911
21,7,Nick Carter,Sharna Burgess,Singer/Rapper,35,2nd Place,2,,27.0,True,221.0,0.1221719457013574,False,21_Nick Carter,0.2412605705339911
21,8,Nick Carter,Sharna Burgess,Singer/Rapper,35,2nd Place,2,,33.0,True,193.9994,0.1701036188771717,False,21_Nick Carter,0.2414441055727304
21,8,Nick Carter,Sharna Burgess,Singer/Rapper,35,2nd Place,2,,33.0,True,193.9994,0.1701036188771717,False,21_Nick Carter,0.2414441055727304
21,9,Nick Carter,Sharna Burgess,Singer/Rapper,35,2nd Place,2,,27.5,True,164.5,0.1671732522796352,False,21_Nick Carter,0.2416491021354056
21,9,Nick Carter,Sharna Burgess,Singer/Rapper,35,2nd Place,2,,27.5,True,164.5,0.1671732522796352,False,21_Nick Carter,0.2416491021354056
21,10,Nick Carter,Sharna Burgess,Singer/Rapper,35,2nd Place,2,,27.0,True,118.5,0.2278481012658227,False,21_Nick Carter,0.2499999996040883
21,10,Nick Carter,Sharna Burgess,Singer/Rapper,35,2nd Place,2,,27.0,True,118.5,0.2278481012658227,False,21_Nick Carter,0.2499999996040883
21,11,Nick Carter,Sharna Burgess,Singer/Rapper,35,2nd Place,2,,30.0,True,117.9999,0.2542375035911047,False,21_Nick Carter,0.2499999995390944
21,11,Nick Carter,Sharna Burgess,Singer/Rapper,35,2nd Place,2,,30.0,True,117.9999,0.2542375035911047,False,21_Nick Carter,0.2499999995390944
21,1,Hayes Grier,Emma Slater,Social Media Personality,15,Eliminated Week 7,8,7.0,21.0,True,250.0,0.084,False,21_Hayes Grier,0.0003519297254296
21,1,Hayes Grier,Emma Slater,Social Media Personality,15,Eliminated Week 7,8,7.0,21.0,True,250.0,0.084,False,21_Hayes Grier,0.0003519297254296
21,2,Hayes Grier,Emma Slater,Social Media Personality,15,Eliminated Week 7,8,7.0,22.5,True,270.5,0.0831792975970425,False,21_Hayes Grier,0.0001616751256962
21,2,Hayes Grier,Emma Slater,Social Media Personality,15,Eliminated Week 7,8,7.0,22.5,True,270.5,0.0831792975970425,False,21_Hayes Grier,0.0001616751256962
21,3,Hayes Grier,Emma Slater,Social Media Personality,15,Eliminated Week 7,8,7.0,30.0,True,305.0,0.0983606557377049,False,21_Hayes Grier,0.0001866269570713
21,3,Hayes Grier,Emma Slater,Social Media Personality,15,Eliminated Week 7,8,7.0,30.0,True,305.0,0.0983606557377049,False,21_Hayes Grier,0.0001866269570713
21,4,Hayes Grier,Emma Slater,Social Media Personality,15,Eliminated Week 7,8,7.0,27.0,True,236.0,0.1144067796610169,False,21_Hayes Grier,4.850507242979604e-05
21,4,Hayes Grier,Emma Slater,Social Media Personality,15,Eliminated Week 7,8,7.0,27.0,True,236.0,0.1144067796610169,False,21_Hayes Grier,4.850507242979604e-05
21,5,Hayes Grier,Emma Slater,Social Media Personality,15,Eliminated Week 7,8,7.0,30.0,True,301.0,0.0996677740863787,False,21_Hayes Grier,0.0005330759295247
21,5,Hayes Grier,Emma Slater,Social Media Personality,15,Eliminated Week 7,8,7.0,30.0,True,301.0,0.0996677740863787,False,21_Hayes Grier,0.0005330759295247
21,6,Hayes Grier,Emma Slater,Social Media Personality,15,Eliminated Week 7,8,7.0,32.0,True,313.0,0.1022364217252396,False,21_Hayes Grier,0.0002260667990931
21,6,Hayes Grier,Emma Slater,Social Media Personality,15,Eliminated Week 7,8,7.0,32.0,True,313.0,0.1022364217252396,False,21_Hayes Grier,0.0002260667990931
21,7,Hayes Grier,Emma Slater,Social Media Personality,15,Eliminated Week 7,8,7.0,28.0,True,221.0,0.1266968325791855,True,21_Hayes Grier,2.914380813417267e-17
21,7,Hayes Grier,Emma Slater,Social Media Personality,15,Eliminated Week 7,8,7.0,28.0,True,221.0,0.1266968325791855,True,21_Hayes Grier,2.914380813417267e-17
21,8,Hayes Grier,Emma Slater,Social Media Personality,15,Eliminated Week 7,8,7.0,0.0,False,193.9994,0.0,False,21_Hayes Grier,
21,9,Hayes Grier,Emma Slater,Social Media Personality,15,Eliminated Week 7,8,7.0,0.0,False,164.5,0.0,False,21_Hayes Grier,
21,10,Hayes Grier,Emma Slater,Social Media Personality,15,Eliminated Week 7,8,7.0,0.0,False,118.5,0.0,False,21_Hayes Grier,
21,11,Hayes Grier,Emma Slater,Social Media Personality,15,Eliminated Week 7,8,7.0,0.0,False,117.9999,0.0,False,21_Hayes Grier,
21,1,Bindi Irwin,Derek Hough,TV Personality,17,1st Place,1,,24.0,True,250.0,0.096,False,21_Bindi Irwin,0.2400614707296329
21,1,Bindi Irwin,Derek Hough,TV Personality,17,1st Place,1,,24.0,True,250.0,0.096,False,21_Bindi Irwin,0.2400614707296329
21,2,Bindi Irwin,Derek Hough,TV Personality,17,1st Place,1,,24.0,True,270.5,0.088724584103512,False,21_Bindi Irwin,0.2401563468866937
21,2,Bindi Irwin,Derek Hough,TV Personality,17,1st Place,1,,24.0,True,270.5,0.088724584103512,False,21_Bindi Irwin,0.2401563468866937
21,3,Bindi Irwin,Derek Hough,TV Personality,17,1st Place,1,,32.0,True,305.0,0.1049180327868852,False,21_Bindi Irwin,0.2402099554273311
21,3,Bindi Irwin,Derek Hough,TV Personality,17,1st Place,1,,32.0,True,305.0,0.1049180327868852,False,21_Bindi Irwin,0.2402099554273311
21,4,Bindi Irwin,Derek Hough,TV Personality,17,1st Place,1,,28.0,True,236.0,0.1186440677966101,False,21_Bindi Irwin,0.2403218352664983
21,4,Bindi Irwin,Derek Hough,TV Personality,17,1st Place,1,,28.0,True,236.0,0.1186440677966101,False,21_Bindi Irwin,0.2403218352664983
21,5,Bindi Irwin,Derek Hough,TV Personality,17,1st Place,1,,37.0,True,301.0,0.1229235880398671,False,21_Bindi Irwin,0.2410647593606057
21,5,Bindi Irwin,Derek Hough,TV Personality,17,1st Place,1,,37.0,True,301.0,0.1229235880398671,False,21_Bindi Irwin,0.2410647593606057
21,6,Bindi Irwin,Derek Hough,TV Personality,17,1st Place,1,,40.0,True,313.0,0.1277955271565495,False,21_Bindi Irwin,0.2411024675587159
21,6,Bindi Irwin,Derek Hough,TV Personality,17,1st Place,1,,40.0,True,313.0,0.1277955271565495,False,21_Bindi Irwin,0.2411024675587159
21,7,Bindi Irwin,Derek Hough,TV Personality,17,1st Place,1,,29.0,True,221.0,0.1312217194570135,False,21_Bindi Irwin,0.2412605710633803
21,7,Bindi Irwin,Derek Hough,TV Personality,17,1st Place,1,,29.0,True,221.0,0.1312217194570135,False,21_Bindi Irwin,0.2412605710633803
21,8,Bindi Irwin,Derek Hough,TV Personality,17,1st Place,1,,28.0,True,193.9994,0.1443303432897215,False,21_Bindi Irwin,0.2414441064577137
21,8,Bindi Irwin,Derek Hough,TV Personality,17,1st Place,1,,28.0,True,193.9994,0.1443303432897215,False,21_Bindi Irwin,0.2414441064577137
21,9,Bindi Irwin,Derek Hough,TV Personality,17,1st Place,1,,30.0,True,164.5,0.182370820668693,False,21_Bindi Irwin,0.2416491029287049
21,9,Bindi Irwin,Derek Hough,TV Personality,17,1st Place,1,,30.0,True,164.5,0.182370820668693,False,21_Bindi Irwin,0.2416491029287049
21,10,Bindi Irwin,Derek Hough,TV Personality,17,1st Place,1,,31.5,True,118.5,0.2658227848101265,False,21_Bindi Irwin,0.2500000003345401
21,10,Bindi Irwin,Derek Hough,TV Personality,17,1st Place,1,,31.5,True,118.5,0.2658227848101265,False,21_Bindi Irwin,0.2500000003345401
21,11,Bindi Irwin,Derek Hough,TV Personality,17,1st Place,1,,30.0,True,117.9999,0.2542375035911047,False,21_Bindi Irwin,0.2500000003852214
21,11,Bindi Irwin,Derek Hough,TV Personality,17,1st Place,1,,30.0,True,117.9999,0.2542375035911047,False,21_Bindi Irwin,0.2500000003852214
21,1,Kim Zolciak-Biermann,Tony Dovolani,TV Personality,37,Withdrew,11,,12.0,True,250.0,0.048,False,21_Kim Zolciak-Biermann,2.885530642801203e-05
21,1,Kim Zolciak-Biermann,Tony Dovolani,TV Personality,37,Withdrew,11,,12.0,True,250.0,0.048,False,21_Kim Zolciak-Biermann,2.885530642801203e-05
21,2,Kim Zolciak-Biermann,Tony Dovolani,TV Personality,37,Withdrew,11,,18.5,True,270.5,0.0683918669131238,False,21_Kim Zolciak-Biermann,1.335269343132318e-05
21,2,Kim Zolciak-Biermann,Tony Dovolani,TV Personality,37,Withdrew,11,,18.5,True,270.5,0.0683918669131238,False,21_Kim Zolciak-Biermann,1.335269343132318e-05
21,3,Kim Zolciak-Biermann,Tony Dovolani,TV Personality,37,Withdrew,11,,0.0,False,305.0,0.0,False,21_Kim Zolciak-Biermann,
21,4,Kim Zolciak-Biermann,Tony Dovolani,TV Personality,37,Withdrew,11,,0.0,False,236.0,0.0,False,21_Kim Zolciak-Biermann,
21,5,Kim Zolciak-Biermann,Tony Dovolani,TV Personality,37,Withdrew,11,,0.0,False,301.0,0.0,False,21_Kim Zolciak-Biermann,
21,6,Kim Zolciak-Biermann,Tony Dovolani,TV Personality,37,Withdrew,11,,0.0,False,313.0,0.0,False,21_Kim Zolciak-Biermann,
21,7,Kim Zolciak-Biermann,Tony Dovolani,TV Personality,37,Withdrew,11,,0.0,False,221.0,0.0,False,21_Kim Zolciak-Biermann,
21,8,Kim Zolciak-Biermann,Tony Dovolani,TV Personality,37,Withdrew,11,,0.0,False,193.9994,0.0,False,21_Kim Zolciak-Biermann,
21,9,Kim Zolciak-Biermann,Tony Dovolani,TV Personality,37,Withdrew,11,,0.0,False,164.5,0.0,False,21_Kim Zolciak-Biermann,
21,10,Kim Zolciak-Biermann,Tony Dovolani,TV Personality,37,Withdrew,11,,0.0,False,118.5,0.0,False,21_Kim Zolciak-Biermann,
21,11,Kim Zolciak-Biermann,Tony Dovolani,TV Personality,37,Withdrew,11,,0.0,False,117.9999,0.0,False,21_Kim Zolciak-Biermann,
21,1,Paula Deen,Louis van Amstel,TV Personality,68,Eliminated Week 6,9,6.0,15.0,True,250.0,0.06,False,21_Paula Deen,0.0001868511427073
21,1,Paula Deen,Louis van Amstel,TV Personality,68,Eliminated Week 6,9,6.0,15.0,True,250.0,0.06,False,21_Paula Deen,0.0001868511427073
21,2,Paula Deen,Louis van Amstel,TV Personality,68,Eliminated Week 6,9,6.0,18.5,True,270.5,0.0683918669131238,False,21_Paula Deen,0.0001803484102366
21,2,Paula Deen,Louis van Amstel,TV Personality,68,Eliminated Week 6,9,6.0,18.5,True,270.5,0.0683918669131238,False,21_Paula Deen,0.0001803484102366
21,3,Paula Deen,Louis van Amstel,TV Personality,68,Eliminated Week 6,9,6.0,20.0,True,305.0,0.0655737704918032,False,21_Paula Deen,0.0001289918547858
21,3,Paula Deen,Louis van Amstel,TV Personality,68,Eliminated Week 6,9,6.0,20.0,True,305.0,0.0655737704918032,False,21_Paula Deen,0.0001289918547858
21,4,Paula Deen,Louis van Amstel,TV Personality,68,Eliminated Week 6,9,6.0,18.0,True,236.0,0.0762711864406779,False,21_Paula Deen,0.000194504637188
21,4,Paula Deen,Louis van Amstel,TV Personality,68,Eliminated Week 6,9,6.0,18.0,True,236.0,0.0762711864406779,False,21_Paula Deen,0.000194504637188
21,5,Paula Deen,Louis van Amstel,TV Personality,68,Eliminated Week 6,9,6.0,26.0,True,301.0,0.0863787375415282,False,21_Paula Deen,0.0007410030147111
21,5,Paula Deen,Louis van Amstel,TV Personality,68,Eliminated Week 6,9,6.0,26.0,True,301.0,0.0863787375415282,False,21_Paula Deen,0.0007410030147111
21,6,Paula Deen,Louis van Amstel,TV Personality,68,Eliminated Week 6,9,6.0,24.0,True,313.0,0.0766773162939297,True,21_Paula Deen,0.0007800485892914
21,6,Paula Deen,Louis van Amstel,TV Personality,68,Eliminated Week 6,9,6.0,24.0,True,313.0,0.0766773162939297,True,21_Paula Deen,0.0007800485892914
21,7,Paula Deen,Louis van Amstel,TV Personality,68,Eliminated Week 6,9,6.0,0.0,False,221.0,0.0,False,21_Paula Deen,
21,8,Paula Deen,Louis van Amstel,TV Personality,68,Eliminated Week 6,9,6.0,0.0,False,193.9994,0.0,False,21_Paula Deen,
21,9,Paula Deen,Louis van Amstel,TV Personality,68,Eliminated Week 6,9,6.0,0.0,False,164.5,0.0,False,21_Paula Deen,
21,10,Paula Deen,Louis van Amstel,TV Personality,68,Eliminated Week 6,9,6.0,0.0,False,118.5,0.0,False,21_Paula Deen,
21,11,Paula Deen,Louis van Amstel,TV Personality,68,Eliminated Week 6,9,6.0,0.0,False,117.9999,0.0,False,21_Paula Deen,
22,1,Mischa Barton,Artem Chigvintsev,Actor/Actress,30,Eliminated Week 3,11,3.0,16.0,True,237.0,0.0675105485232067,False,22_Mischa Barton,0.0005328108525115
22,1,Mischa Barton,Artem Chigvintsev,Actor/Actress,30,Eliminated Week 3,11,3.0,16.0,True,237.0,0.0675105485232067,False,22_Mischa Barton,0.0005328108525115
22,2,Mischa Barton,Artem Chigvintsev,Actor/Actress,30,Eliminated Week 3,11,3.0,15.0,True,236.0,0.0635593220338983,False,22_Mischa Barton,0.0004581864750002
22,2,Mischa Barton,Artem Chigvintsev,Actor/Actress,30,Eliminated Week 3,11,3.0,15.0,True,236.0,0.0635593220338983,False,22_Mischa Barton,0.0004581864750002
22,3,Mischa Barton,Artem Chigvintsev,Actor/Actress,30,Eliminated Week 3,11,3.0,18.0,True,237.0,0.0759493670886076,True,22_Mischa Barton,0.00052574094183
22,3,Mischa Barton,Artem Chigvintsev,Actor/Actress,30,Eliminated Week 3,11,3.0,18.0,True,237.0,0.0759493670886076,True,22_Mischa Barton,0.00052574094183
22,4,Mischa Barton,Artem Chigvintsev,Actor/Actress,30,Eliminated Week 3,11,3.0,0.0,False,319.0,0.0,False,22_Mischa Barton,
22,5,Mischa Barton,Artem Chigvintsev,Actor/Actress,30,Eliminated Week 3,11,3.0,0.0,False,276.0,0.0,False,22_Mischa Barton,
22,6,Mischa Barton,Artem Chigvintsev,Actor/Actress,30,Eliminated Week 3,11,3.0,0.0,False,227.0,0.0,False,22_Mischa Barton,
22,7,Mischa Barton,Artem Chigvintsev,Actor/Actress,30,Eliminated Week 3,11,3.0,0.0,False,214.0,0.0,False,22_Mischa Barton,
22,8,Mischa Barton,Artem Chigvintsev,Actor/Actress,30,Eliminated Week 3,11,3.0,0.0,False,169.0,0.0,False,22_Mischa Barton,
22,9,Mischa Barton,Artem Chigvintsev,Actor/Actress,30,Eliminated Week 3,11,3.0,0.0,False,143.5,0.0,False,22_Mischa Barton,
22,10,Mischa Barton,Artem Chigvintsev,Actor/Actress,30,Eliminated Week 3,11,3.0,0.0,False,86.9996,0.0,False,22_Mischa Barton,
22,1,Kim Fields,Sasha Farber,Actor/Actress,46,Eliminated Week 7,8,7.0,20.0,True,237.0,0.0843881856540084,False,22_Kim Fields,0.0001091770641533
22,1,Kim Fields,Sasha Farber,Actor/Actress,46,Eliminated Week 7,8,7.0,20.0,True,237.0,0.0843881856540084,False,22_Kim Fields,0.0001091770641533
22,2,Kim Fields,Sasha Farber,Actor/Actress,46,Eliminated Week 7,8,7.0,19.0,True,236.0,0.0805084745762711,False,22_Kim Fields,8.537175086723936e-05
22,2,Kim Fields,Sasha Farber,Actor/Actress,46,Eliminated Week 7,8,7.0,19.0,True,236.0,0.0805084745762711,False,22_Kim Fields,8.537175086723936e-05
22,3,Kim Fields,Sasha Farber,Actor/Actress,46,Eliminated Week 7,8,7.0,22.0,True,237.0,0.0928270042194092,False,22_Kim Fields,0.000101719295281
22,3,Kim Fields,Sasha Farber,Actor/Actress,46,Eliminated Week 7,8,7.0,22.0,True,237.0,0.0928270042194092,False,22_Kim Fields,0.000101719295281
22,4,Kim Fields,Sasha Farber,Actor/Actress,46,Eliminated Week 7,8,7.0,32.0,True,319.0,0.1003134796238244,False,22_Kim Fields,1.7019105724737584e-17
22,4,Kim Fields,Sasha Farber,Actor/Actress,46,Eliminated Week 7,8,7.0,32.0,True,319.0,0.1003134796238244,False,22_Kim Fields,1.7019105724737584e-17
22,5,Kim Fields,Sasha Farber,Actor/Actress,46,Eliminated Week 7,8,7.0,28.0,True,276.0,0.1014492753623188,False,22_Kim Fields,3.370055731786397e-05
22,5,Kim Fields,Sasha Farber,Actor/Actress,46,Eliminated Week 7,8,7.0,28.0,True,276.0,0.1014492753623188,False,22_Kim Fields,3.370055731786397e-05
22,6,Kim Fields,Sasha Farber,Actor/Actress,46,Eliminated Week 7,8,7.0,24.0,True,227.0,0.105726872246696,False,22_Kim Fields,8.638449633684062e-18
22,6,Kim Fields,Sasha Farber,Actor/Actress,46,Eliminated Week 7,8,7.0,24.0,True,227.0,0.105726872246696,False,22_Kim Fields,8.638449633684062e-18
22,7,Kim Fields,Sasha Farber,Actor/Actress,46,Eliminated Week 7,8,7.0,26.0,True,214.0,0.1214953271028037,True,22_Kim Fields,9.881123945487594e-05
22,7,Kim Fields,Sasha Farber,Actor/Actress,46,Eliminated Week 7,8,7.0,26.0,True,214.0,0.1214953271028037,True,22_Kim Fields,9.881123945487594e-05
22,8,Kim Fields,Sasha Farber,Actor/Actress,46,Eliminated Week 7,8,7.0,0.0,False,169.0,0.0,False,22_Kim Fields,
22,9,Kim Fields,Sasha Farber,Actor/Actress,46,Eliminated Week 7,8,7.0,0.0,False,143.5,0.0,False,22_Kim Fields,
22,10,Kim Fields,Sasha Farber,Actor/Actress,46,Eliminated Week 7,8,7.0,0.0,False,86.9996,0.0,False,22_Kim Fields,
22,1,Jodie Sweetin,Keo Motsepe,Actor/Actress,34,Eliminated Week 8,6,8.0,20.0,True,237.0,0.0843881856540084,False,22_Jodie Sweetin,0.0020486671450947
22,1,Jodie Sweetin,Keo Motsepe,Actor/Actress,34,Eliminated Week 8,6,8.0,20.0,True,237.0,0.0843881856540084,False,22_Jodie Sweetin,0.0020486671450947
22,2,Jodie Sweetin,Keo Motsepe,Actor/Actress,34,Eliminated Week 8,6,8.0,21.0,True,236.0,0.0889830508474576,False,22_Jodie Sweetin,0.0023196063184154
22,2,Jodie Sweetin,Keo Motsepe,Actor/Actress,34,Eliminated Week 8,6,8.0,21.0,True,236.0,0.0889830508474576,False,22_Jodie Sweetin,0.0023196063184154
22,3,Jodie Sweetin,Keo Motsepe,Actor/Actress,34,Eliminated Week 8,6,8.0,23.0,True,237.0,0.0970464135021097,False,22_Jodie Sweetin,0.0026664513431743
22,3,Jodie Sweetin,Keo Motsepe,Actor/Actress,34,Eliminated Week 8,6,8.0,23.0,True,237.0,0.0970464135021097,False,22_Jodie Sweetin,0.0026664513431743
22,4,Jodie Sweetin,Keo Motsepe,Actor/Actress,34,Eliminated Week 8,6,8.0,27.0,True,319.0,0.0846394984326018,False,22_Jodie Sweetin,0.0031143243272093
22,4,Jodie Sweetin,Keo Motsepe,Actor/Actress,34,Eliminated Week 8,6,8.0,27.0,True,319.0,0.0846394984326018,False,22_Jodie Sweetin,0.0031143243272093
22,5,Jodie Sweetin,Keo Motsepe,Actor/Actress,34,Eliminated Week 8,6,8.0,35.0,True,276.0,0.1268115942028985,False,22_Jodie Sweetin,0.0025162732580242
22,5,Jodie Sweetin,Keo Motsepe,Actor/Actress,34,Eliminated Week 8,6,8.0,35.0,True,276.0,0.1268115942028985,False,22_Jodie Sweetin,0.0025162732580242
22,6,Jodie Sweetin,Keo Motsepe,Actor/Actress,34,Eliminated Week 8,6,8.0,25.0,True,227.0,0.1101321585903083,False,22_Jodie Sweetin,0.0017492974394359
22,6,Jodie Sweetin,Keo Motsepe,Actor/Actress,34,Eliminated Week 8,6,8.0,25.0,True,227.0,0.1101321585903083,False,22_Jodie Sweetin,0.0017492974394359
22,7,Jodie Sweetin,Keo Motsepe,Actor/Actress,34,Eliminated Week 8,6,8.0,25.5,True,214.0,0.1191588785046729,False,22_Jodie Sweetin,0.0024114417362406
22,7,Jodie Sweetin,Keo Motsepe,Actor/Actress,34,Eliminated Week 8,6,8.0,25.5,True,214.0,0.1191588785046729,False,22_Jodie Sweetin,0.0024114417362406
22,8,Jodie Sweetin,Keo Motsepe,Actor/Actress,34,Eliminated Week 8,6,8.0,30.0,True,169.0,0.1775147928994082,True,22_Jodie Sweetin,2.9824963043015477e-17
22,8,Jodie Sweetin,Keo Motsepe,Actor/Actress,34,Eliminated Week 8,6,8.0,30.0,True,169.0,0.1775147928994082,True,22_Jodie Sweetin,2.9824963043015477e-17
22,9,Jodie Sweetin,Keo Motsepe,Actor/Actress,34,Eliminated Week 8,6,8.0,0.0,False,143.5,0.0,False,22_Jodie Sweetin,
22,10,Jodie Sweetin,Keo Motsepe,Actor/Actress,34,Eliminated Week 8,6,8.0,0.0,False,86.9996,0.0,False,22_Jodie Sweetin,
22,1,Doug Flutie,Karina Smirnoff,Athlete,53,Eliminated Week 6,9,6.0,15.0,True,237.0,0.0632911392405063,False,22_Doug Flutie,0.0126671961713166
22,1,Doug Flutie,Karina Smirnoff,Athlete,53,Eliminated Week 6,9,6.0,15.0,True,237.0,0.0632911392405063,False,22_Doug Flutie,0.0126671961713166
22,2,Doug Flutie,Karina Smirnoff,Athlete,53,Eliminated Week 6,9,6.0,20.0,True,236.0,0.0847457627118644,False,22_Doug Flutie,0.0126018771316963
22,2,Doug Flutie,Karina Smirnoff,Athlete,53,Eliminated Week 6,9,6.0,20.0,True,236.0,0.0847457627118644,False,22_Doug Flutie,0.0126018771316963
22,3,Doug Flutie,Karina Smirnoff,Athlete,53,Eliminated Week 6,9,6.0,20.0,True,237.0,0.0843881856540084,False,22_Doug Flutie,0.0125525494273465
22,3,Doug Flutie,Karina Smirnoff,Athlete,53,Eliminated Week 6,9,6.0,20.0,True,237.0,0.0843881856540084,False,22_Doug Flutie,0.0125525494273465
22,4,Doug Flutie,Karina Smirnoff,Athlete,53,Eliminated Week 6,9,6.0,24.0,True,319.0,0.0752351097178683,False,22_Doug Flutie,0.0125187130419428
22,4,Doug Flutie,Karina Smirnoff,Athlete,53,Eliminated Week 6,9,6.0,24.0,True,319.0,0.0752351097178683,False,22_Doug Flutie,0.0125187130419428
22,5,Doug Flutie,Karina Smirnoff,Athlete,53,Eliminated Week 6,9,6.0,28.0,True,276.0,0.1014492753623188,False,22_Doug Flutie,0.011251043466334
22,5,Doug Flutie,Karina Smirnoff,Athlete,53,Eliminated Week 6,9,6.0,28.0,True,276.0,0.1014492753623188,False,22_Doug Flutie,0.011251043466334
22,6,Doug Flutie,Karina Smirnoff,Athlete,53,Eliminated Week 6,9,6.0,21.0,True,227.0,0.092511013215859,True,22_Doug Flutie,0.0098002683795913
22,6,Doug Flutie,Karina Smirnoff,Athlete,53,Eliminated Week 6,9,6.0,21.0,True,227.0,0.092511013215859,True,22_Doug Flutie,0.0098002683795913
22,7,Doug Flutie,Karina Smirnoff,Athlete,53,Eliminated Week 6,9,6.0,0.0,False,214.0,0.0,False,22_Doug Flutie,
22,8,Doug Flutie,Karina Smirnoff,Athlete,53,Eliminated Week 6,9,6.0,0.0,False,169.0,0.0,False,22_Doug Flutie,
22,9,Doug Flutie,Karina Smirnoff,Athlete,53,Eliminated Week 6,9,6.0,0.0,False,143.5,0.0,False,22_Doug Flutie,
22,10,Doug Flutie,Karina Smirnoff,Athlete,53,Eliminated Week 6,9,6.0,0.0,False,86.9996,0.0,False,22_Doug Flutie,
22,1,Von Miller,Witney Carson,Athlete,27,Eliminated Week 7,7,7.0,21.0,True,237.0,0.0886075949367088,False,22_Von Miller,0.0001091770563266
22,1,Von Miller,Witney Carson,Athlete,27,Eliminated Week 7,7,7.0,21.0,True,237.0,0.0886075949367088,False,22_Von Miller,0.0001091770563266
22,2,Von Miller,Witney Carson,Athlete,27,Eliminated Week 7,7,7.0,20.0,True,236.0,0.0847457627118644,False,22_Von Miller,8.537177471393032e-05
22,2,Von Miller,Witney Carson,Athlete,27,Eliminated Week 7,7,7.0,20.0,True,236.0,0.0847457627118644,False,22_Von Miller,8.537177471393032e-05
22,3,Von Miller,Witney Carson,Athlete,27,Eliminated Week 7,7,7.0,20.0,True,237.0,0.0843881856540084,False,22_Von Miller,0.0001017193478428
22,3,Von Miller,Witney Carson,Athlete,27,Eliminated Week 7,7,7.0,20.0,True,237.0,0.0843881856540084,False,22_Von Miller,0.0001017193478428
22,4,Von Miller,Witney Carson,Athlete,27,Eliminated Week 7,7,7.0,32.0,True,319.0,0.1003134796238244,False,22_Von Miller,2.1053753090645678e-17
22,4,Von Miller,Witney Carson,Athlete,27,Eliminated Week 7,7,7.0,32.0,True,319.0,0.1003134796238244,False,22_Von Miller,2.1053753090645678e-17
22,5,Von Miller,Witney Carson,Athlete,27,Eliminated Week 7,7,7.0,29.0,True,276.0,0.1050724637681159,False,22_Von Miller,3.370055713521753e-05
22,5,Von Miller,Witney Carson,Athlete,27,Eliminated Week 7,7,7.0,29.0,True,276.0,0.1050724637681159,False,22_Von Miller,3.370055713521753e-05
22,6,Von Miller,Witney Carson,Athlete,27,Eliminated Week 7,7,7.0,24.0,True,227.0,0.105726872246696,False,22_Von Miller,1.0657503436431557e-17
22,6,Von Miller,Witney Carson,Athlete,27,Eliminated Week 7,7,7.0,24.0,True,227.0,0.105726872246696,False,22_Von Miller,1.0657503436431557e-17
22,7,Von Miller,Witney Carson,Athlete,27,Eliminated Week 7,7,7.0,26.0,True,214.0,0.1214953271028037,True,22_Von Miller,9.88112394548757e-05
22,7,Von Miller,Witney Carson,Athlete,27,Eliminated Week 7,7,7.0,26.0,True,214.0,0.1214953271028037,True,22_Von Miller,9.88112394548757e-05
22,8,Von Miller,Witney Carson,Athlete,27,Eliminated Week 7,7,7.0,0.0,False,169.0,0.0,False,22_Von Miller,
22,9,Von Miller,Witney Carson,Athlete,27,Eliminated Week 7,7,7.0,0.0,False,143.5,0.0,False,22_Von Miller,
22,10,Von Miller,Witney Carson,Athlete,27,Eliminated Week 7,7,7.0,0.0,False,86.9996,0.0,False,22_Von Miller,
22,1,Antonio Brown,Sharna Burgess,Athlete,27,Eliminated Week 9,5,9.0,21.0,True,237.0,0.0886075949367088,False,22_Antonio Brown,0.0143120190710524
22,1,Antonio Brown,Sharna Burgess,Athlete,27,Eliminated Week 9,5,9.0,21.0,True,237.0,0.0886075949367088,False,22_Antonio Brown,0.0143120190710524
22,2,Antonio Brown,Sharna Burgess,Athlete,27,Eliminated Week 9,5,9.0,19.0,True,236.0,0.0805084745762711,False,22_Antonio Brown,0.0142752954040587
22,2,Antonio Brown,Sharna Burgess,Athlete,27,Eliminated Week 9,5,9.0,19.0,True,236.0,0.0805084745762711,False,22_Antonio Brown,0.0142752954040587
22,3,Antonio Brown,Sharna Burgess,Athlete,27,Eliminated Week 9,5,9.0,20.0,True,237.0,0.0843881856540084,False,22_Antonio Brown,0.0144620793902211
22,3,Antonio Brown,Sharna Burgess,Athlete,27,Eliminated Week 9,5,9.0,20.0,True,237.0,0.0843881856540084,False,22_Antonio Brown,0.0144620793902211
22,4,Antonio Brown,Sharna Burgess,Athlete,27,Eliminated Week 9,5,9.0,35.0,True,319.0,0.109717868338558,False,22_Antonio Brown,0.014436680172652
22,4,Antonio Brown,Sharna Burgess,Athlete,27,Eliminated Week 9,5,9.0,35.0,True,319.0,0.109717868338558,False,22_Antonio Brown,0.014436680172652
22,5,Antonio Brown,Sharna Burgess,Athlete,27,Eliminated Week 9,5,9.0,26.0,True,276.0,0.0942028985507246,False,22_Antonio Brown,0.0148048956635509
22,5,Antonio Brown,Sharna Burgess,Athlete,27,Eliminated Week 9,5,9.0,26.0,True,276.0,0.0942028985507246,False,22_Antonio Brown,0.0148048956635509
22,6,Antonio Brown,Sharna Burgess,Athlete,27,Eliminated Week 9,5,9.0,27.0,True,227.0,0.118942731277533,False,22_Antonio Brown,0.0152868819470696
22,6,Antonio Brown,Sharna Burgess,Athlete,27,Eliminated Week 9,5,9.0,27.0,True,227.0,0.118942731277533,False,22_Antonio Brown,0.0152868819470696
22,7,Antonio Brown,Sharna Burgess,Athlete,27,Eliminated Week 9,5,9.0,26.0,True,214.0,0.1214953271028037,False,22_Antonio Brown,0.0170729966848608
22,7,Antonio Brown,Sharna Burgess,Athlete,27,Eliminated Week 9,5,9.0,26.0,True,214.0,0.1214953271028037,False,22_Antonio Brown,0.0170729966848608
22,8,Antonio Brown,Sharna Burgess,Athlete,27,Eliminated Week 9,5,9.0,27.0,True,169.0,0.1597633136094674,False,22_Antonio Brown,0.017663361877184
22,8,Antonio Brown,Sharna Burgess,Athlete,27,Eliminated Week 9,5,9.0,27.0,True,169.0,0.1597633136094674,False,22_Antonio Brown,0.017663361877184
22,9,Antonio Brown,Sharna Burgess,Athlete,27,Eliminated Week 9,5,9.0,27.5,True,143.5,0.1916376306620209,True,22_Antonio Brown,0.0109049023557767
22,9,Antonio Brown,Sharna Burgess,Athlete,27,Eliminated Week 9,5,9.0,27.5,True,143.5,0.1916376306620209,True,22_Antonio Brown,0.0109049023557767
22,10,Antonio Brown,Sharna Burgess,Athlete,27,Eliminated Week 9,5,9.0,0.0,False,86.9996,0.0,False,22_Antonio Brown,
22,1,Paige VanZant,Mark Ballas,Athlete,22,2nd Place,2,,21.0,True,237.0,0.0886075949367088,False,22_Paige VanZant,0.3139718352466646
22,1,Paige VanZant,Mark Ballas,Athlete,22,2nd Place,2,,21.0,True,237.0,0.0886075949367088,False,22_Paige VanZant,0.3139718352466646
22,2,Paige VanZant,Mark Ballas,Athlete,22,2nd Place,2,,24.0,True,236.0,0.1016949152542373,False,22_Paige VanZant,0.3139648484463456
22,2,Paige VanZant,Mark Ballas,Athlete,22,2nd Place,2,,24.0,True,236.0,0.1016949152542373,False,22_Paige VanZant,0.3139648484463456
22,3,Paige VanZant,Mark Ballas,Athlete,22,2nd Place,2,,23.0,True,237.0,0.0970464135021097,False,22_Paige VanZant,0.3140455469099709
22,3,Paige VanZant,Mark Ballas,Athlete,22,2nd Place,2,,23.0,True,237.0,0.0970464135021097,False,22_Paige VanZant,0.3140455469099709
22,4,Paige VanZant,Mark Ballas,Athlete,22,2nd Place,2,,36.0,True,319.0,0.1128526645768025,False,22_Paige VanZant,0.3142239186165603
22,4,Paige VanZant,Mark Ballas,Athlete,22,2nd Place,2,,36.0,True,319.0,0.1128526645768025,False,22_Paige VanZant,0.3142239186165603
22,5,Paige VanZant,Mark Ballas,Athlete,22,2nd Place,2,,31.0,True,276.0,0.1123188405797101,False,22_Paige VanZant,0.3146466427467513
22,5,Paige VanZant,Mark Ballas,Athlete,22,2nd Place,2,,31.0,True,276.0,0.1123188405797101,False,22_Paige VanZant,0.3146466427467513
22,6,Paige VanZant,Mark Ballas,Athlete,22,2nd Place,2,,28.0,True,227.0,0.1233480176211453,False,22_Paige VanZant,0.3151757447100169
22,6,Paige VanZant,Mark Ballas,Athlete,22,2nd Place,2,,28.0,True,227.0,0.1233480176211453,False,22_Paige VanZant,0.3151757447100169
22,7,Paige VanZant,Mark Ballas,Athlete,22,2nd Place,2,,27.5,True,214.0,0.1285046728971962,False,22_Paige VanZant,0.3170307529259014
22,7,Paige VanZant,Mark Ballas,Athlete,22,2nd Place,2,,27.5,True,214.0,0.1285046728971962,False,22_Paige VanZant,0.3170307529259014
22,8,Paige VanZant,Mark Ballas,Athlete,22,2nd Place,2,,28.0,True,169.0,0.165680473372781,False,22_Paige VanZant,0.3176129855903494
22,8,Paige VanZant,Mark Ballas,Athlete,22,2nd Place,2,,28.0,True,169.0,0.165680473372781,False,22_Paige VanZant,0.3176129855903494
22,9,Paige VanZant,Mark Ballas,Athlete,22,2nd Place,2,,29.5,True,143.5,0.205574912891986,False,22_Paige VanZant,0.3220945714471347
22,9,Paige VanZant,Mark Ballas,Athlete,22,2nd Place,2,,29.5,True,143.5,0.205574912891986,False,22_Paige VanZant,0.3220945714471347
22,10,Paige VanZant,Mark Ballas,Athlete,22,2nd Place,2,,29.666600000000003,True,86.9996,0.340996970101012,False,22_Paige VanZant,0.3333333335533254
22,10,Paige VanZant,Mark Ballas,Athlete,22,2nd Place,2,,29.666600000000003,True,86.9996,0.340996970101012,False,22_Paige VanZant,0.3333333335533254
22,1,Geraldo Rivera,Edyta Sliwinska,Journalist,72,Eliminated Week 2,12,2.0,13.0,True,237.0,0.0548523206751054,False,22_Geraldo Rivera,0.0008248389725898
22,1,Geraldo Rivera,Edyta Sliwinska,Journalist,72,Eliminated Week 2,12,2.0,13.0,True,237.0,0.0548523206751054,False,22_Geraldo Rivera,0.0008248389725898
22,2,Geraldo Rivera,Edyta Sliwinska,Journalist,72,Eliminated Week 2,12,2.0,13.0,True,236.0,0.0550847457627118,True,22_Geraldo Rivera,0.0007018668838553
22,2,Geraldo Rivera,Edyta Sliwinska,Journalist,72,Eliminated Week 2,12,2.0,13.0,True,236.0,0.0550847457627118,True,22_Geraldo Rivera,0.0007018668838553
22,3,Geraldo Rivera,Edyta Sliwinska,Journalist,72,Eliminated Week 2,12,2.0,0.0,False,237.0,0.0,False,22_Geraldo Rivera,
22,4,Geraldo Rivera,Edyta Sliwinska,Journalist,72,Eliminated Week 2,12,2.0,0.0,False,319.0,0.0,False,22_Geraldo Rivera,
22,5,Geraldo Rivera,Edyta Sliwinska,Journalist,72,Eliminated Week 2,12,2.0,0.0,False,276.0,0.0,False,22_Geraldo Rivera,
22,6,Geraldo Rivera,Edyta Sliwinska,Journalist,72,Eliminated Week 2,12,2.0,0.0,False,227.0,0.0,False,22_Geraldo Rivera,
22,7,Geraldo Rivera,Edyta Sliwinska,Journalist,72,Eliminated Week 2,12,2.0,0.0,False,214.0,0.0,False,22_Geraldo Rivera,
22,8,Geraldo Rivera,Edyta Sliwinska,Journalist,72,Eliminated Week 2,12,2.0,0.0,False,169.0,0.0,False,22_Geraldo Rivera,
22,9,Geraldo Rivera,Edyta Sliwinska,Journalist,72,Eliminated Week 2,12,2.0,0.0,False,143.5,0.0,False,22_Geraldo Rivera,
22,10,Geraldo Rivera,Edyta Sliwinska,Journalist,72,Eliminated Week 2,12,2.0,0.0,False,86.9996,0.0,False,22_Geraldo Rivera,
22,1,Nyle DiMarco,Peta Murgatroyd,Model,26,1st Place,1,,23.0,True,237.0,0.0970464135021097,False,22_Nyle DiMarco,0.313971835336626
22,1,Nyle DiMarco,Peta Murgatroyd,Model,26,1st Place,1,,23.0,True,237.0,0.0970464135021097,False,22_Nyle DiMarco,0.313971835336626
22,2,Nyle DiMarco,Peta Murgatroyd,Model,26,1st Place,1,,20.0,True,236.0,0.0847457627118644,False,22_Nyle DiMarco,0.3139648485913376
22,2,Nyle DiMarco,Peta Murgatroyd,Model,26,1st Place,1,,20.0,True,236.0,0.0847457627118644,False,22_Nyle DiMarco,0.3139648485913376
22,3,Nyle DiMarco,Peta Murgatroyd,Model,26,1st Place,1,,25.0,True,237.0,0.1054852320675105,False,22_Nyle DiMarco,0.3140455468106315
22,3,Nyle DiMarco,Peta Murgatroyd,Model,26,1st Place,1,,25.0,True,237.0,0.1054852320675105,False,22_Nyle DiMarco,0.3140455468106315
22,4,Nyle DiMarco,Peta Murgatroyd,Model,26,1st Place,1,,34.0,True,319.0,0.1065830721003134,False,22_Nyle DiMarco,0.3142239189713443
22,4,Nyle DiMarco,Peta Murgatroyd,Model,26,1st Place,1,,34.0,True,319.0,0.1065830721003134,False,22_Nyle DiMarco,0.3142239189713443
22,5,Nyle DiMarco,Peta Murgatroyd,Model,26,1st Place,1,,37.0,True,276.0,0.1340579710144927,False,22_Nyle DiMarco,0.3146466425515641
22,5,Nyle DiMarco,Peta Murgatroyd,Model,26,1st Place,1,,37.0,True,276.0,0.1340579710144927,False,22_Nyle DiMarco,0.3146466425515641
22,6,Nyle DiMarco,Peta Murgatroyd,Model,26,1st Place,1,,25.0,True,227.0,0.1101321585903083,False,22_Nyle DiMarco,0.3151757451176353
22,6,Nyle DiMarco,Peta Murgatroyd,Model,26,1st Place,1,,25.0,True,227.0,0.1101321585903083,False,22_Nyle DiMarco,0.3151757451176353
22,7,Nyle DiMarco,Peta Murgatroyd,Model,26,1st Place,1,,28.0,True,214.0,0.1308411214953271,False,22_Nyle DiMarco,0.3170307526785895
22,7,Nyle DiMarco,Peta Murgatroyd,Model,26,1st Place,1,,28.0,True,214.0,0.1308411214953271,False,22_Nyle DiMarco,0.3170307526785895
22,8,Nyle DiMarco,Peta Murgatroyd,Model,26,1st Place,1,,29.0,True,169.0,0.1715976331360946,False,22_Nyle DiMarco,0.3176129859644855
22,8,Nyle DiMarco,Peta Murgatroyd,Model,26,1st Place,1,,29.0,True,169.0,0.1715976331360946,False,22_Nyle DiMarco,0.3176129859644855
22,9,Nyle DiMarco,Peta Murgatroyd,Model,26,1st Place,1,,28.5,True,143.5,0.1986062717770035,False,22_Nyle DiMarco,0.3220945713793248
22,9,Nyle DiMarco,Peta Murgatroyd,Model,26,1st Place,1,,28.5,True,143.5,0.1986062717770035,False,22_Nyle DiMarco,0.3220945713793248
22,10,Nyle DiMarco,Peta Murgatroyd,Model,26,1st Place,1,,28.9998,True,86.9996,0.3333325670462853,False,22_Nyle DiMarco,0.3333333336836525
22,10,Nyle DiMarco,Peta Murgatroyd,Model,26,1st Place,1,,28.9998,True,86.9996,0.3333325670462853,False,22_Nyle DiMarco,0.3333333336836525
22,1,Ginger Zee,Valentin Chmerkovskiy,News Anchor,35,3rd Place,3,,23.0,True,237.0,0.0970464135021097,False,22_Ginger Zee,0.3139718342630386
22,1,Ginger Zee,Valentin Chmerkovskiy,News Anchor,35,3rd Place,3,,23.0,True,237.0,0.0970464135021097,False,22_Ginger Zee,0.3139718342630386
22,2,Ginger Zee,Valentin Chmerkovskiy,News Anchor,35,3rd Place,3,,21.0,True,236.0,0.0889830508474576,False,22_Ginger Zee,0.3139648477598605
22,2,Ginger Zee,Valentin Chmerkovskiy,News Anchor,35,3rd Place,3,,21.0,True,236.0,0.0889830508474576,False,22_Ginger Zee,0.3139648477598605
22,3,Ginger Zee,Valentin Chmerkovskiy,News Anchor,35,3rd Place,3,,21.0,True,237.0,0.0886075949367088,False,22_Ginger Zee,0.3140455456201001
22,3,Ginger Zee,Valentin Chmerkovskiy,News Anchor,35,3rd Place,3,,21.0,True,237.0,0.0886075949367088,False,22_Ginger Zee,0.3140455456201001
22,4,Ginger Zee,Valentin Chmerkovskiy,News Anchor,35,3rd Place,3,,36.0,True,319.0,0.1128526645768025,False,22_Ginger Zee,0.3142239182189882
22,4,Ginger Zee,Valentin Chmerkovskiy,News Anchor,35,3rd Place,3,,36.0,True,319.0,0.1128526645768025,False,22_Ginger Zee,0.3142239182189882
22,5,Ginger Zee,Valentin Chmerkovskiy,News Anchor,35,3rd Place,3,,32.0,True,276.0,0.1159420289855072,False,22_Ginger Zee,0.3146466412839092
22,5,Ginger Zee,Valentin Chmerkovskiy,News Anchor,35,3rd Place,3,,32.0,True,276.0,0.1159420289855072,False,22_Ginger Zee,0.3146466412839092
22,6,Ginger Zee,Valentin Chmerkovskiy,News Anchor,35,3rd Place,3,,24.0,True,227.0,0.105726872246696,False,22_Ginger Zee,0.3151757443925322
22,6,Ginger Zee,Valentin Chmerkovskiy,News Anchor,35,3rd Place,3,,24.0,True,227.0,0.105726872246696,False,22_Ginger Zee,0.3151757443925322
22,7,Ginger Zee,Valentin Chmerkovskiy,News Anchor,35,3rd Place,3,,27.5,True,214.0,0.1285046728971962,False,22_Ginger Zee,0.3170307514715968
22,7,Ginger Zee,Valentin Chmerkovskiy,News Anchor,35,3rd Place,3,,27.5,True,214.0,0.1285046728971962,False,22_Ginger Zee,0.3170307514715968
22,8,Ginger Zee,Valentin Chmerkovskiy,News Anchor,35,3rd Place,3,,30.0,True,169.0,0.1775147928994082,False,22_Ginger Zee,0.3176129851641697
22,8,Ginger Zee,Valentin Chmerkovskiy,News Anchor,35,3rd Place,3,,30.0,True,169.0,0.1775147928994082,False,22_Ginger Zee,0.3176129851641697
22,9,Ginger Zee,Valentin Chmerkovskiy,News Anchor,35,3rd Place,3,,28.0,True,143.5,0.1951219512195122,False,22_Ginger Zee,0.3220945702592364
22,9,Ginger Zee,Valentin Chmerkovskiy,News Anchor,35,3rd Place,3,,28.0,True,143.5,0.1951219512195122,False,22_Ginger Zee,0.3220945702592364
22,10,Ginger Zee,Valentin Chmerkovskiy,News Anchor,35,3rd Place,3,,28.3332,True,86.9996,0.3256704628527027,False,22_Ginger Zee,0.3333333327630221
22,10,Ginger Zee,Valentin Chmerkovskiy,News Anchor,35,3rd Place,3,,28.3332,True,86.9996,0.3256704628527027,False,22_Ginger Zee,0.3333333327630221
22,1,Wanya Morris,Lindsay Arnold,Singer/Rapper,42,Eliminated Week 9,4,9.0,23.0,True,237.0,0.0970464135021097,False,22_Wanya Morris,0.0273868079321236
22,1,Wanya Morris,Lindsay Arnold,Singer/Rapper,42,Eliminated Week 9,4,9.0,23.0,True,237.0,0.0970464135021097,False,22_Wanya Morris,0.0273868079321236
22,2,Wanya Morris,Lindsay Arnold,Singer/Rapper,42,Eliminated Week 9,4,9.0,24.0,True,236.0,0.1016949152542373,False,22_Wanya Morris,0.0274449927446942
22,2,Wanya Morris,Lindsay Arnold,Singer/Rapper,42,Eliminated Week 9,4,9.0,24.0,True,236.0,0.1016949152542373,False,22_Wanya Morris,0.0274449927446942
22,3,Wanya Morris,Lindsay Arnold,Singer/Rapper,42,Eliminated Week 9,4,9.0,24.0,True,237.0,0.1012658227848101,False,22_Wanya Morris,0.0273197172801376
22,3,Wanya Morris,Lindsay Arnold,Singer/Rapper,42,Eliminated Week 9,4,9.0,24.0,True,237.0,0.1012658227848101,False,22_Wanya Morris,0.0273197172801376
22,4,Wanya Morris,Lindsay Arnold,Singer/Rapper,42,Eliminated Week 9,4,9.0,35.0,True,319.0,0.109717868338558,False,22_Wanya Morris,0.0272585266513029
22,4,Wanya Morris,Lindsay Arnold,Singer/Rapper,42,Eliminated Week 9,4,9.0,35.0,True,319.0,0.109717868338558,False,22_Wanya Morris,0.0272585266513029
22,5,Wanya Morris,Lindsay Arnold,Singer/Rapper,42,Eliminated Week 9,4,9.0,30.0,True,276.0,0.108695652173913,False,22_Wanya Morris,0.0274204599154129
22,5,Wanya Morris,Lindsay Arnold,Singer/Rapper,42,Eliminated Week 9,4,9.0,30.0,True,276.0,0.108695652173913,False,22_Wanya Morris,0.0274204599154129
22,6,Wanya Morris,Lindsay Arnold,Singer/Rapper,42,Eliminated Week 9,4,9.0,29.0,True,227.0,0.1277533039647577,False,22_Wanya Morris,0.0276363180137183
22,6,Wanya Morris,Lindsay Arnold,Singer/Rapper,42,Eliminated Week 9,4,9.0,29.0,True,227.0,0.1277533039647577,False,22_Wanya Morris,0.0276363180137183
22,7,Wanya Morris,Lindsay Arnold,Singer/Rapper,42,Eliminated Week 9,4,9.0,27.5,True,214.0,0.1285046728971962,False,22_Wanya Morris,0.029225682023901
22,7,Wanya Morris,Lindsay Arnold,Singer/Rapper,42,Eliminated Week 9,4,9.0,27.5,True,214.0,0.1285046728971962,False,22_Wanya Morris,0.029225682023901
22,8,Wanya Morris,Lindsay Arnold,Singer/Rapper,42,Eliminated Week 9,4,9.0,25.0,True,169.0,0.1479289940828402,False,22_Wanya Morris,0.0294976814038112
22,8,Wanya Morris,Lindsay Arnold,Singer/Rapper,42,Eliminated Week 9,4,9.0,25.0,True,169.0,0.1479289940828402,False,22_Wanya Morris,0.0294976814038112
22,9,Wanya Morris,Lindsay Arnold,Singer/Rapper,42,Eliminated Week 9,4,9.0,30.0,True,143.5,0.2090592334494773,True,22_Wanya Morris,0.0228113845585274
22,9,Wanya Morris,Lindsay Arnold,Singer/Rapper,42,Eliminated Week 9,4,9.0,30.0,True,143.5,0.2090592334494773,True,22_Wanya Morris,0.0228113845585274
22,10,Wanya Morris,Lindsay Arnold,Singer/Rapper,42,Eliminated Week 9,4,9.0,0.0,False,86.9996,0.0,False,22_Wanya Morris,
22,1,Marla Maples,Tony Dovolani,TV Personality,52,Eliminated Week 4,10,4.0,21.0,True,237.0,0.0886075949367088,False,22_Marla Maples,9.380088850196428e-05
22,1,Marla Maples,Tony Dovolani,TV Personality,52,Eliminated Week 4,10,4.0,21.0,True,237.0,0.0886075949367088,False,22_Marla Maples,9.380088850196428e-05
22,2,Marla Maples,Tony Dovolani,TV Personality,52,Eliminated Week 4,10,4.0,20.0,True,236.0,0.0847457627118644,False,22_Marla Maples,0.0001328867191545
22,2,Marla Maples,Tony Dovolani,TV Personality,52,Eliminated Week 4,10,4.0,20.0,True,236.0,0.0847457627118644,False,22_Marla Maples,0.0001328867191545
22,3,Marla Maples,Tony Dovolani,TV Personality,52,Eliminated Week 4,10,4.0,21.0,True,237.0,0.0886075949367088,False,22_Marla Maples,0.0001333836334637
22,3,Marla Maples,Tony Dovolani,TV Personality,52,Eliminated Week 4,10,4.0,21.0,True,237.0,0.0886075949367088,False,22_Marla Maples,0.0001333836334637
22,4,Marla Maples,Tony Dovolani,TV Personality,52,Eliminated Week 4,10,4.0,28.0,True,319.0,0.0877742946708464,True,22_Marla Maples,2.0292883777577148e-17
22,4,Marla Maples,Tony Dovolani,TV Personality,52,Eliminated Week 4,10,4.0,28.0,True,319.0,0.0877742946708464,True,22_Marla Maples,2.0292883777577148e-17
22,5,Marla Maples,Tony Dovolani,TV Personality,52,Eliminated Week 4,10,4.0,0.0,False,276.0,0.0,False,22_Marla Maples,
22,6,Marla Maples,Tony Dovolani,TV Personality,52,Eliminated Week 4,10,4.0,0.0,False,227.0,0.0,False,22_Marla Maples,
22,7,Marla Maples,Tony Dovolani,TV Personality,52,Eliminated Week 4,10,4.0,0.0,False,214.0,0.0,False,22_Marla Maples,
22,8,Marla Maples,Tony Dovolani,TV Personality,52,Eliminated Week 4,10,4.0,0.0,False,169.0,0.0,False,22_Marla Maples,
22,9,Marla Maples,Tony Dovolani,TV Personality,52,Eliminated Week 4,10,4.0,0.0,False,143.5,0.0,False,22_Marla Maples,
22,10,Marla Maples,Tony Dovolani,TV Personality,52,Eliminated Week 4,10,4.0,0.0,False,86.9996,0.0,False,22_Marla Maples,
23,1,Jake T. Austin,Jenna Johnson,Actor/Actress,21,Eliminated Week 2,13,2.0,22.0,True,330.0,0.0666666666666666,False,23_Jake T. Austin,7.27298514193736e-06
23,1,Jake T. Austin,Jenna Johnson,Actor/Actress,21,Eliminated Week 2,13,2.0,22.0,True,330.0,0.0666666666666666,False,23_Jake T. Austin,7.27298514193736e-06
23,2,Jake T. Austin,Jenna Johnson,Actor/Actress,21,Eliminated Week 2,13,2.0,24.0,True,352.0,0.0681818181818181,True,23_Jake T. Austin,2.4866257661961137e-18
23,2,Jake T. Austin,Jenna Johnson,Actor/Actress,21,Eliminated Week 2,13,2.0,24.0,True,352.0,0.0681818181818181,True,23_Jake T. Austin,2.4866257661961137e-18
23,3,Jake T. Austin,Jenna Johnson,Actor/Actress,21,Eliminated Week 2,13,2.0,0.0,False,325.0,0.0,False,23_Jake T. Austin,
23,4,Jake T. Austin,Jenna Johnson,Actor/Actress,21,Eliminated Week 2,13,2.0,0.0,False,261.0,0.0,False,23_Jake T. Austin,
23,5,Jake T. Austin,Jenna Johnson,Actor/Actress,21,Eliminated Week 2,13,2.0,0.0,False,230.0,0.0,False,23_Jake T. Austin,
23,6,Jake T. Austin,Jenna Johnson,Actor/Actress,21,Eliminated Week 2,13,2.0,0.0,False,305.0,0.0,False,23_Jake T. Austin,
23,7,Jake T. Austin,Jenna Johnson,Actor/Actress,21,Eliminated Week 2,13,2.0,0.0,False,275.5,0.0,False,23_Jake T. Austin,
23,8,Jake T. Austin,Jenna Johnson,Actor/Actress,21,Eliminated Week 2,13,2.0,0.0,False,200.9998,0.0,False,23_Jake T. Austin,
23,9,Jake T. Austin,Jenna Johnson,Actor/Actress,21,Eliminated Week 2,13,2.0,0.0,False,227.0,0.0,False,23_Jake T. Austin,
23,10,Jake T. Austin,Jenna Johnson,Actor/Actress,21,Eliminated Week 2,13,2.0,0.0,False,146.5,0.0,False,23_Jake T. Austin,
23,11,Jake T. Austin,Jenna Johnson,Actor/Actress,21,Eliminated Week 2,13,2.0,0.0,False,152.1661,0.0,False,23_Jake T. Austin,
23,1,Maureen McCormick,Artem Chigvintsev,Actor/Actress,60,Eliminated Week 7,8,7.0,22.0,True,330.0,0.0666666666666666,False,23_Maureen McCormick,2.1955093992831465e-17
23,1,Maureen McCormick,Artem Chigvintsev,Actor/Actress,60,Eliminated Week 7,8,7.0,22.0,True,330.0,0.0666666666666666,False,23_Maureen McCormick,2.1955093992831465e-17
23,2,Maureen McCormick,Artem Chigvintsev,Actor/Actress,60,Eliminated Week 7,8,7.0,26.0,True,352.0,0.0738636363636363,False,23_Maureen McCormick,0.000190518071853
23,2,Maureen McCormick,Artem Chigvintsev,Actor/Actress,60,Eliminated Week 7,8,7.0,26.0,True,352.0,0.0738636363636363,False,23_Maureen McCormick,0.000190518071853
23,3,Maureen McCormick,Artem Chigvintsev,Actor/Actress,60,Eliminated Week 7,8,7.0,28.0,True,325.0,0.0861538461538461,False,23_Maureen McCormick,0.0002959456872827
23,3,Maureen McCormick,Artem Chigvintsev,Actor/Actress,60,Eliminated Week 7,8,7.0,28.0,True,325.0,0.0861538461538461,False,23_Maureen McCormick,0.0002959456872827
23,4,Maureen McCormick,Artem Chigvintsev,Actor/Actress,60,Eliminated Week 7,8,7.0,24.0,True,261.0,0.0919540229885057,False,23_Maureen McCormick,0.0004883333504253
23,4,Maureen McCormick,Artem Chigvintsev,Actor/Actress,60,Eliminated Week 7,8,7.0,24.0,True,261.0,0.0919540229885057,False,23_Maureen McCormick,0.0004883333504253
23,5,Maureen McCormick,Artem Chigvintsev,Actor/Actress,60,Eliminated Week 7,8,7.0,24.0,True,230.0,0.1043478260869565,False,23_Maureen McCormick,0.0007091303858143
23,5,Maureen McCormick,Artem Chigvintsev,Actor/Actress,60,Eliminated Week 7,8,7.0,24.0,True,230.0,0.1043478260869565,False,23_Maureen McCormick,0.0007091303858143
23,6,Maureen McCormick,Artem Chigvintsev,Actor/Actress,60,Eliminated Week 7,8,7.0,31.0,True,305.0,0.101639344262295,False,23_Maureen McCormick,0.0008305920334607
23,6,Maureen McCormick,Artem Chigvintsev,Actor/Actress,60,Eliminated Week 7,8,7.0,31.0,True,305.0,0.101639344262295,False,23_Maureen McCormick,0.0008305920334607
23,7,Maureen McCormick,Artem Chigvintsev,Actor/Actress,60,Eliminated Week 7,8,7.0,33.0,True,275.5,0.1197822141560798,True,23_Maureen McCormick,0.0011134932241584
23,7,Maureen McCormick,Artem Chigvintsev,Actor/Actress,60,Eliminated Week 7,8,7.0,33.0,True,275.5,0.1197822141560798,True,23_Maureen McCormick,0.0011134932241584
23,8,Maureen McCormick,Artem Chigvintsev,Actor/Actress,60,Eliminated Week 7,8,7.0,0.0,False,200.9998,0.0,False,23_Maureen McCormick,
23,9,Maureen McCormick,Artem Chigvintsev,Actor/Actress,60,Eliminated Week 7,8,7.0,0.0,False,227.0,0.0,False,23_Maureen McCormick,
23,10,Maureen McCormick,Artem Chigvintsev,Actor/Actress,60,Eliminated Week 7,8,7.0,0.0,False,146.5,0.0,False,23_Maureen McCormick,
23,11,Maureen McCormick,Artem Chigvintsev,Actor/Actress,60,Eliminated Week 7,8,7.0,0.0,False,152.1661,0.0,False,23_Maureen McCormick,
23,1,Marilu Henner,Derek Hough,Actor/Actress,64,Eliminated Week 9,6,9.0,27.0,True,330.0,0.0818181818181818,False,23_Marilu Henner,0.0091287913545611
23,1,Marilu Henner,Derek Hough,Actor/Actress,64,Eliminated Week 9,6,9.0,27.0,True,330.0,0.0818181818181818,False,23_Marilu Henner,0.0091287913545611
23,2,Marilu Henner,Derek Hough,Actor/Actress,64,Eliminated Week 9,6,9.0,27.0,True,352.0,0.0767045454545454,False,23_Marilu Henner,0.008863972463953
23,2,Marilu Henner,Derek Hough,Actor/Actress,64,Eliminated Week 9,6,9.0,27.0,True,352.0,0.0767045454545454,False,23_Marilu Henner,0.008863972463953
23,3,Marilu Henner,Derek Hough,Actor/Actress,64,Eliminated Week 9,6,9.0,28.0,True,325.0,0.0861538461538461,False,23_Marilu Henner,0.0097224606586277
23,3,Marilu Henner,Derek Hough,Actor/Actress,64,Eliminated Week 9,6,9.0,28.0,True,325.0,0.0861538461538461,False,23_Marilu Henner,0.0097224606586277
23,4,Marilu Henner,Derek Hough,Actor/Actress,64,Eliminated Week 9,6,9.0,21.0,True,261.0,0.0804597701149425,False,23_Marilu Henner,0.0110742222114909
23,4,Marilu Henner,Derek Hough,Actor/Actress,64,Eliminated Week 9,6,9.0,21.0,True,261.0,0.0804597701149425,False,23_Marilu Henner,0.0110742222114909
23,5,Marilu Henner,Derek Hough,Actor/Actress,64,Eliminated Week 9,6,9.0,27.0,True,230.0,0.117391304347826,False,23_Marilu Henner,0.0119230029504154
23,5,Marilu Henner,Derek Hough,Actor/Actress,64,Eliminated Week 9,6,9.0,27.0,True,230.0,0.117391304347826,False,23_Marilu Henner,0.0119230029504154
23,6,Marilu Henner,Derek Hough,Actor/Actress,64,Eliminated Week 9,6,9.0,34.0,True,305.0,0.1114754098360655,False,23_Marilu Henner,0.0128057987183544
23,6,Marilu Henner,Derek Hough,Actor/Actress,64,Eliminated Week 9,6,9.0,34.0,True,305.0,0.1114754098360655,False,23_Marilu Henner,0.0128057987183544
23,7,Marilu Henner,Derek Hough,Actor/Actress,64,Eliminated Week 9,6,9.0,32.0,True,275.5,0.1161524500907441,False,23_Marilu Henner,0.013683052787496
23,7,Marilu Henner,Derek Hough,Actor/Actress,64,Eliminated Week 9,6,9.0,32.0,True,275.5,0.1161524500907441,False,23_Marilu Henner,0.013683052787496
23,8,Marilu Henner,Derek Hough,Actor/Actress,64,Eliminated Week 9,6,9.0,23.0,True,200.9998,0.1144279745551985,False,23_Marilu Henner,0.0149154575243749
23,8,Marilu Henner,Derek Hough,Actor/Actress,64,Eliminated Week 9,6,9.0,23.0,True,200.9998,0.1144279745551985,False,23_Marilu Henner,0.0149154575243749
23,9,Marilu Henner,Derek Hough,Actor/Actress,64,Eliminated Week 9,6,9.0,36.0,True,227.0,0.158590308370044,True,23_Marilu Henner,0.0127127776507439
23,9,Marilu Henner,Derek Hough,Actor/Actress,64,Eliminated Week 9,6,9.0,36.0,True,227.0,0.158590308370044,True,23_Marilu Henner,0.0127127776507439
23,10,Marilu Henner,Derek Hough,Actor/Actress,64,Eliminated Week 9,6,9.0,0.0,False,146.5,0.0,False,23_Marilu Henner,
23,11,Marilu Henner,Derek Hough,Actor/Actress,64,Eliminated Week 9,6,9.0,0.0,False,152.1661,0.0,False,23_Marilu Henner,
23,1,Ryan Lochte,Cheryl Burke,Athlete,32,Eliminated Week 8,7,8.0,24.0,True,330.0,0.0727272727272727,False,23_Ryan Lochte,0.0046312152466674
23,1,Ryan Lochte,Cheryl Burke,Athlete,32,Eliminated Week 8,7,8.0,24.0,True,330.0,0.0727272727272727,False,23_Ryan Lochte,0.0046312152466674
23,2,Ryan Lochte,Cheryl Burke,Athlete,32,Eliminated Week 8,7,8.0,24.0,True,352.0,0.0681818181818181,False,23_Ryan Lochte,0.005372959236308
23,2,Ryan Lochte,Cheryl Burke,Athlete,32,Eliminated Week 8,7,8.0,24.0,True,352.0,0.0681818181818181,False,23_Ryan Lochte,0.005372959236308
23,3,Ryan Lochte,Cheryl Burke,Athlete,32,Eliminated Week 8,7,8.0,25.0,True,325.0,0.0769230769230769,False,23_Ryan Lochte,0.0054727362040568
23,3,Ryan Lochte,Cheryl Burke,Athlete,32,Eliminated Week 8,7,8.0,25.0,True,325.0,0.0769230769230769,False,23_Ryan Lochte,0.0054727362040568
23,4,Ryan Lochte,Cheryl Burke,Athlete,32,Eliminated Week 8,7,8.0,22.0,True,261.0,0.0842911877394636,False,23_Ryan Lochte,0.0054481500273377
23,4,Ryan Lochte,Cheryl Burke,Athlete,32,Eliminated Week 8,7,8.0,22.0,True,261.0,0.0842911877394636,False,23_Ryan Lochte,0.0054481500273377
23,5,Ryan Lochte,Cheryl Burke,Athlete,32,Eliminated Week 8,7,8.0,24.0,True,230.0,0.1043478260869565,False,23_Ryan Lochte,0.0042763122374011
23,5,Ryan Lochte,Cheryl Burke,Athlete,32,Eliminated Week 8,7,8.0,24.0,True,230.0,0.1043478260869565,False,23_Ryan Lochte,0.0042763122374011
23,6,Ryan Lochte,Cheryl Burke,Athlete,32,Eliminated Week 8,7,8.0,30.0,True,305.0,0.0983606557377049,False,23_Ryan Lochte,0.0028203889567243
23,6,Ryan Lochte,Cheryl Burke,Athlete,32,Eliminated Week 8,7,8.0,30.0,True,305.0,0.0983606557377049,False,23_Ryan Lochte,0.0028203889567243
23,7,Ryan Lochte,Cheryl Burke,Athlete,32,Eliminated Week 8,7,8.0,33.0,True,275.5,0.1197822141560798,False,23_Ryan Lochte,0.0013372087390323
23,7,Ryan Lochte,Cheryl Burke,Athlete,32,Eliminated Week 8,7,8.0,33.0,True,275.5,0.1197822141560798,False,23_Ryan Lochte,0.0013372087390323
23,8,Ryan Lochte,Cheryl Burke,Athlete,32,Eliminated Week 8,7,8.0,26.0,True,200.9998,0.1293533625406592,True,23_Ryan Lochte,0.0
23,8,Ryan Lochte,Cheryl Burke,Athlete,32,Eliminated Week 8,7,8.0,26.0,True,200.9998,0.1293533625406592,True,23_Ryan Lochte,0.0
23,9,Ryan Lochte,Cheryl Burke,Athlete,32,Eliminated Week 8,7,8.0,0.0,False,227.0,0.0,False,23_Ryan Lochte,
23,10,Ryan Lochte,Cheryl Burke,Athlete,32,Eliminated Week 8,7,8.0,0.0,False,146.5,0.0,False,23_Ryan Lochte,
23,11,Ryan Lochte,Cheryl Burke,Athlete,32,Eliminated Week 8,7,8.0,0.0,False,152.1661,0.0,False,23_Ryan Lochte,
23,1,Calvin Johnson Jr.,Lindsay Arnold,Athlete,30,3rd Place,3,,26.0,True,330.0,0.0787878787878787,False,23_Calvin Johnson Jr.,0.2419652298328249
23,1,Calvin Johnson Jr.,Lindsay Arnold,Athlete,30,3rd Place,3,,26.0,True,330.0,0.0787878787878787,False,23_Calvin Johnson Jr.,0.2419652298328249
23,2,Calvin Johnson Jr.,Lindsay Arnold,Athlete,30,3rd Place,3,,28.0,True,352.0,0.0795454545454545,False,23_Calvin Johnson Jr.,0.2417007162991259
23,2,Calvin Johnson Jr.,Lindsay Arnold,Athlete,30,3rd Place,3,,28.0,True,352.0,0.0795454545454545,False,23_Calvin Johnson Jr.,0.2417007162991259
23,3,Calvin Johnson Jr.,Lindsay Arnold,Athlete,30,3rd Place,3,,32.0,True,325.0,0.0984615384615384,False,23_Calvin Johnson Jr.,0.2420391122789787
23,3,Calvin Johnson Jr.,Lindsay Arnold,Athlete,30,3rd Place,3,,32.0,True,325.0,0.0984615384615384,False,23_Calvin Johnson Jr.,0.2420391122789787
23,4,Calvin Johnson Jr.,Lindsay Arnold,Athlete,30,3rd Place,3,,23.0,True,261.0,0.0881226053639846,False,23_Calvin Johnson Jr.,0.2426565721996946
23,4,Calvin Johnson Jr.,Lindsay Arnold,Athlete,30,3rd Place,3,,23.0,True,261.0,0.0881226053639846,False,23_Calvin Johnson Jr.,0.2426565721996946
23,5,Calvin Johnson Jr.,Lindsay Arnold,Athlete,30,3rd Place,3,,24.0,True,230.0,0.1043478260869565,False,23_Calvin Johnson Jr.,0.2430112574682704
23,5,Calvin Johnson Jr.,Lindsay Arnold,Athlete,30,3rd Place,3,,24.0,True,230.0,0.1043478260869565,False,23_Calvin Johnson Jr.,0.2430112574682704
23,6,Calvin Johnson Jr.,Lindsay Arnold,Athlete,30,3rd Place,3,,37.0,True,305.0,0.121311475409836,False,23_Calvin Johnson Jr.,0.2431492469010068
23,6,Calvin Johnson Jr.,Lindsay Arnold,Athlete,30,3rd Place,3,,37.0,True,305.0,0.121311475409836,False,23_Calvin Johnson Jr.,0.2431492469010068
23,7,Calvin Johnson Jr.,Lindsay Arnold,Athlete,30,3rd Place,3,,37.0,True,275.5,0.1343012704174228,False,23_Calvin Johnson Jr.,0.2434337983770581
23,7,Calvin Johnson Jr.,Lindsay Arnold,Athlete,30,3rd Place,3,,37.0,True,275.5,0.1343012704174228,False,23_Calvin Johnson Jr.,0.2434337983770581
23,8,Calvin Johnson Jr.,Lindsay Arnold,Athlete,30,3rd Place,3,,30.0,True,200.9998,0.1492538798546068,False,23_Calvin Johnson Jr.,0.2437860582079133
23,8,Calvin Johnson Jr.,Lindsay Arnold,Athlete,30,3rd Place,3,,30.0,True,200.9998,0.1492538798546068,False,23_Calvin Johnson Jr.,0.2437860582079133
23,9,Calvin Johnson Jr.,Lindsay Arnold,Athlete,30,3rd Place,3,,37.0,True,227.0,0.1629955947136563,False,23_Calvin Johnson Jr.,0.244674125398944
23,9,Calvin Johnson Jr.,Lindsay Arnold,Athlete,30,3rd Place,3,,37.0,True,227.0,0.1629955947136563,False,23_Calvin Johnson Jr.,0.244674125398944
23,10,Calvin Johnson Jr.,Lindsay Arnold,Athlete,30,3rd Place,3,,28.0,True,146.5,0.1911262798634812,False,23_Calvin Johnson Jr.,0.247687396549369
23,10,Calvin Johnson Jr.,Lindsay Arnold,Athlete,30,3rd Place,3,,28.0,True,146.5,0.1911262798634812,False,23_Calvin Johnson Jr.,0.247687396549369
23,11,Calvin Johnson Jr.,Lindsay Arnold,Athlete,30,3rd Place,3,,38.3331,True,152.1661,0.2519161626669803,False,23_Calvin Johnson Jr.,0.249999999290771
23,11,Calvin Johnson Jr.,Lindsay Arnold,Athlete,30,3rd Place,3,,38.3331,True,152.1661,0.2519161626669803,False,23_Calvin Johnson Jr.,0.249999999290771
23,1,Laurie Hernandez,Valentin Chmerkovskiy,Athlete,16,1st Place,1,,31.0,True,330.0,0.0939393939393939,False,23_Laurie Hernandez,0.2419652297076996
23,1,Laurie Hernandez,Valentin Chmerkovskiy,Athlete,16,1st Place,1,,31.0,True,330.0,0.0939393939393939,False,23_Laurie Hernandez,0.2419652297076996
23,2,Laurie Hernandez,Valentin Chmerkovskiy,Athlete,16,1st Place,1,,32.0,True,352.0,0.0909090909090909,False,23_Laurie Hernandez,0.2417007176026369
23,2,Laurie Hernandez,Valentin Chmerkovskiy,Athlete,16,1st Place,1,,32.0,True,352.0,0.0909090909090909,False,23_Laurie Hernandez,0.2417007176026369
23,3,Laurie Hernandez,Valentin Chmerkovskiy,Athlete,16,1st Place,1,,31.0,True,325.0,0.0953846153846153,False,23_Laurie Hernandez,0.2420391110411408
23,3,Laurie Hernandez,Valentin Chmerkovskiy,Athlete,16,1st Place,1,,31.0,True,325.0,0.0953846153846153,False,23_Laurie Hernandez,0.2420391110411408
23,4,Laurie Hernandez,Valentin Chmerkovskiy,Athlete,16,1st Place,1,,30.0,True,261.0,0.1149425287356321,False,23_Laurie Hernandez,0.2426565736740646
23,4,Laurie Hernandez,Valentin Chmerkovskiy,Athlete,16,1st Place,1,,30.0,True,261.0,0.1149425287356321,False,23_Laurie Hernandez,0.2426565736740646
23,5,Laurie Hernandez,Valentin Chmerkovskiy,Athlete,16,1st Place,1,,25.0,True,230.0,0.108695652173913,False,23_Laurie Hernandez,0.2430112567747549
23,5,Laurie Hernandez,Valentin Chmerkovskiy,Athlete,16,1st Place,1,,25.0,True,230.0,0.108695652173913,False,23_Laurie Hernandez,0.2430112567747549
23,6,Laurie Hernandez,Valentin Chmerkovskiy,Athlete,16,1st Place,1,,37.0,True,305.0,0.121311475409836,False,23_Laurie Hernandez,0.2431492478175584
23,6,Laurie Hernandez,Valentin Chmerkovskiy,Athlete,16,1st Place,1,,37.0,True,305.0,0.121311475409836,False,23_Laurie Hernandez,0.2431492478175584
23,7,Laurie Hernandez,Valentin Chmerkovskiy,Athlete,16,1st Place,1,,34.5,True,275.5,0.1252268602540834,False,23_Laurie Hernandez,0.2434337978806974
23,7,Laurie Hernandez,Valentin Chmerkovskiy,Athlete,16,1st Place,1,,34.5,True,275.5,0.1252268602540834,False,23_Laurie Hernandez,0.2434337978806974
23,8,Laurie Hernandez,Valentin Chmerkovskiy,Athlete,16,1st Place,1,,33.0,True,200.9998,0.1641792678400675,False,23_Laurie Hernandez,0.2437860597421322
23,8,Laurie Hernandez,Valentin Chmerkovskiy,Athlete,16,1st Place,1,,33.0,True,200.9998,0.1641792678400675,False,23_Laurie Hernandez,0.2437860597421322
23,9,Laurie Hernandez,Valentin Chmerkovskiy,Athlete,16,1st Place,1,,40.0,True,227.0,0.1762114537444934,False,23_Laurie Hernandez,0.2446741237308876
23,9,Laurie Hernandez,Valentin Chmerkovskiy,Athlete,16,1st Place,1,,40.0,True,227.0,0.1762114537444934,False,23_Laurie Hernandez,0.2446741237308876
23,10,Laurie Hernandez,Valentin Chmerkovskiy,Athlete,16,1st Place,1,,30.0,True,146.5,0.204778156996587,False,23_Laurie Hernandez,0.2476873984516928
23,10,Laurie Hernandez,Valentin Chmerkovskiy,Athlete,16,1st Place,1,,30.0,True,146.5,0.204778156996587,False,23_Laurie Hernandez,0.2476873984516928
23,11,Laurie Hernandez,Valentin Chmerkovskiy,Athlete,16,1st Place,1,,39.333200000000005,True,152.1661,0.2584885858282496,False,23_Laurie Hernandez,0.2499999988759206
23,11,Laurie Hernandez,Valentin Chmerkovskiy,Athlete,16,1st Place,1,,39.333200000000005,True,152.1661,0.2584885858282496,False,23_Laurie Hernandez,0.2499999988759206
23,1,Amber Rose,Maksim Chmerkoskiy,Model,32,Eliminated Week 6,9,6.0,24.0,True,330.0,0.0727272727272727,False,23_Amber Rose,0.0001557409965803
23,1,Amber Rose,Maksim Chmerkoskiy,Model,32,Eliminated Week 6,9,6.0,24.0,True,330.0,0.0727272727272727,False,23_Amber Rose,0.0001557409965803
23,2,Amber Rose,Maksim Chmerkoskiy,Model,32,Eliminated Week 6,9,6.0,24.0,True,352.0,0.0681818181818181,False,23_Amber Rose,9.75953235833628e-05
23,2,Amber Rose,Maksim Chmerkoskiy,Model,32,Eliminated Week 6,9,6.0,24.0,True,352.0,0.0681818181818181,False,23_Amber Rose,9.75953235833628e-05
23,3,Amber Rose,Maksim Chmerkoskiy,Model,32,Eliminated Week 6,9,6.0,25.0,True,325.0,0.0769230769230769,False,23_Amber Rose,0.0004060739923791
23,3,Amber Rose,Maksim Chmerkoskiy,Model,32,Eliminated Week 6,9,6.0,25.0,True,325.0,0.0769230769230769,False,23_Amber Rose,0.0004060739923791
23,4,Amber Rose,Maksim Chmerkoskiy,Model,32,Eliminated Week 6,9,6.0,24.0,True,261.0,0.0919540229885057,False,23_Amber Rose,0.0005208725065822
23,4,Amber Rose,Maksim Chmerkoskiy,Model,32,Eliminated Week 6,9,6.0,24.0,True,261.0,0.0919540229885057,False,23_Amber Rose,0.0005208725065822
23,5,Amber Rose,Maksim Chmerkoskiy,Model,32,Eliminated Week 6,9,6.0,24.0,True,230.0,0.1043478260869565,False,23_Amber Rose,0.000746708641057
23,5,Amber Rose,Maksim Chmerkoskiy,Model,32,Eliminated Week 6,9,6.0,24.0,True,230.0,0.1043478260869565,False,23_Amber Rose,0.000746708641057
23,6,Amber Rose,Maksim Chmerkoskiy,Model,32,Eliminated Week 6,9,6.0,28.0,True,305.0,0.0918032786885245,True,23_Amber Rose,0.0007453981294366
23,6,Amber Rose,Maksim Chmerkoskiy,Model,32,Eliminated Week 6,9,6.0,28.0,True,305.0,0.0918032786885245,True,23_Amber Rose,0.0007453981294366
23,7,Amber Rose,Maksim Chmerkoskiy,Model,32,Eliminated Week 6,9,6.0,0.0,False,275.5,0.0,False,23_Amber Rose,
23,8,Amber Rose,Maksim Chmerkoskiy,Model,32,Eliminated Week 6,9,6.0,0.0,False,200.9998,0.0,False,23_Amber Rose,
23,9,Amber Rose,Maksim Chmerkoskiy,Model,32,Eliminated Week 6,9,6.0,0.0,False,227.0,0.0,False,23_Amber Rose,
23,10,Amber Rose,Maksim Chmerkoskiy,Model,32,Eliminated Week 6,9,6.0,0.0,False,146.5,0.0,False,23_Amber Rose,
23,11,Amber Rose,Maksim Chmerkoskiy,Model,32,Eliminated Week 6,9,6.0,0.0,False,152.1661,0.0,False,23_Amber Rose,
23,1,Rick Perry,Emma Slater,Politician,66,Eliminated Week 3,12,3.0,20.0,True,330.0,0.0606060606060606,False,23_Rick Perry,0.005840988323572
23,1,Rick Perry,Emma Slater,Politician,66,Eliminated Week 3,12,3.0,20.0,True,330.0,0.0606060606060606,False,23_Rick Perry,0.005840988323572
23,2,Rick Perry,Emma Slater,Politician,66,Eliminated Week 3,12,3.0,22.0,True,352.0,0.0625,False,23_Rick Perry,0.0056818181818181
23,2,Rick Perry,Emma Slater,Politician,66,Eliminated Week 3,12,3.0,22.0,True,352.0,0.0625,False,23_Rick Perry,0.0056818181818181
23,3,Rick Perry,Emma Slater,Politician,66,Eliminated Week 3,12,3.0,23.0,True,325.0,0.0707692307692307,True,23_Rick Perry,0.0030413633116267
23,3,Rick Perry,Emma Slater,Politician,66,Eliminated Week 3,12,3.0,23.0,True,325.0,0.0707692307692307,True,23_Rick Perry,0.0030413633116267
23,4,Rick Perry,Emma Slater,Politician,66,Eliminated Week 3,12,3.0,0.0,False,261.0,0.0,False,23_Rick Perry,
23,5,Rick Perry,Emma Slater,Politician,66,Eliminated Week 3,12,3.0,0.0,False,230.0,0.0,False,23_Rick Perry,
23,6,Rick Perry,Emma Slater,Politician,66,Eliminated Week 3,12,3.0,0.0,False,305.0,0.0,False,23_Rick Perry,
23,7,Rick Perry,Emma Slater,Politician,66,Eliminated Week 3,12,3.0,0.0,False,275.5,0.0,False,23_Rick Perry,
23,8,Rick Perry,Emma Slater,Politician,66,Eliminated Week 3,12,3.0,0.0,False,200.9998,0.0,False,23_Rick Perry,
23,9,Rick Perry,Emma Slater,Politician,66,Eliminated Week 3,12,3.0,0.0,False,227.0,0.0,False,23_Rick Perry,
23,10,Rick Perry,Emma Slater,Politician,66,Eliminated Week 3,12,3.0,0.0,False,146.5,0.0,False,23_Rick Perry,
23,11,Rick Perry,Emma Slater,Politician,66,Eliminated Week 3,12,3.0,0.0,False,152.1661,0.0,False,23_Rick Perry,
23,1,James Hinchcliffe,Sharna Burgess,Racing Driver,29,2nd Place,2,,31.0,True,330.0,0.0939393939393939,False,23_James Hinchcliffe,0.2419652336674449
23,1,James Hinchcliffe,Sharna Burgess,Racing Driver,29,2nd Place,2,,31.0,True,330.0,0.0939393939393939,False,23_James Hinchcliffe,0.2419652336674449
23,2,James Hinchcliffe,Sharna Burgess,Racing Driver,29,2nd Place,2,,29.0,True,352.0,0.0823863636363636,False,23_James Hinchcliffe,0.2417007068853147
23,2,James Hinchcliffe,Sharna Burgess,Racing Driver,29,2nd Place,2,,29.0,True,352.0,0.0823863636363636,False,23_James Hinchcliffe,0.2417007068853147
23,3,James Hinchcliffe,Sharna Burgess,Racing Driver,29,2nd Place,2,,29.0,True,325.0,0.0892307692307692,False,23_James Hinchcliffe,0.2420391282141925
23,3,James Hinchcliffe,Sharna Burgess,Racing Driver,29,2nd Place,2,,29.0,True,325.0,0.0892307692307692,False,23_James Hinchcliffe,0.2420391282141925
23,4,James Hinchcliffe,Sharna Burgess,Racing Driver,29,2nd Place,2,,28.0,True,261.0,0.10727969348659,False,23_James Hinchcliffe,0.2426565527742349
23,4,James Hinchcliffe,Sharna Burgess,Racing Driver,29,2nd Place,2,,28.0,True,261.0,0.10727969348659,False,23_James Hinchcliffe,0.2426565527742349
23,5,James Hinchcliffe,Sharna Burgess,Racing Driver,29,2nd Place,2,,29.0,True,230.0,0.1260869565217391,False,23_James Hinchcliffe,0.2430112805832932
23,5,James Hinchcliffe,Sharna Burgess,Racing Driver,29,2nd Place,2,,29.0,True,230.0,0.1260869565217391,False,23_James Hinchcliffe,0.2430112805832932
23,6,James Hinchcliffe,Sharna Burgess,Racing Driver,29,2nd Place,2,,38.0,True,305.0,0.1245901639344262,False,23_James Hinchcliffe,0.2431492237999593
23,6,James Hinchcliffe,Sharna Burgess,Racing Driver,29,2nd Place,2,,38.0,True,305.0,0.1245901639344262,False,23_James Hinchcliffe,0.2431492237999593
23,7,James Hinchcliffe,Sharna Burgess,Racing Driver,29,2nd Place,2,,37.0,True,275.5,0.1343012704174228,False,23_James Hinchcliffe,0.2434338210067388
23,7,James Hinchcliffe,Sharna Burgess,Racing Driver,29,2nd Place,2,,37.0,True,275.5,0.1343012704174228,False,23_James Hinchcliffe,0.2434338210067388
23,8,James Hinchcliffe,Sharna Burgess,Racing Driver,29,2nd Place,2,,34.9998,True,200.9998,0.1741285314711756,False,23_James Hinchcliffe,0.2437860399899393
23,8,James Hinchcliffe,Sharna Burgess,Racing Driver,29,2nd Place,2,,34.9998,True,200.9998,0.1741285314711756,False,23_James Hinchcliffe,0.2437860399899393
23,9,James Hinchcliffe,Sharna Burgess,Racing Driver,29,2nd Place,2,,36.0,True,227.0,0.158590308370044,False,23_James Hinchcliffe,0.2446741396374747
23,9,James Hinchcliffe,Sharna Burgess,Racing Driver,29,2nd Place,2,,36.0,True,227.0,0.158590308370044,False,23_James Hinchcliffe,0.2446741396374747
23,10,James Hinchcliffe,Sharna Burgess,Racing Driver,29,2nd Place,2,,29.5,True,146.5,0.2013651877133105,False,23_James Hinchcliffe,0.2476873887258977
23,10,James Hinchcliffe,Sharna Burgess,Racing Driver,29,2nd Place,2,,29.5,True,146.5,0.2013651877133105,False,23_James Hinchcliffe,0.2476873887258977
23,11,James Hinchcliffe,Sharna Burgess,Racing Driver,29,2nd Place,2,,38.9998,True,152.1661,0.2562975590489603,False,23_James Hinchcliffe,0.2500000024921347
23,11,James Hinchcliffe,Sharna Burgess,Racing Driver,29,2nd Place,2,,38.9998,True,152.1661,0.2562975590489603,False,23_James Hinchcliffe,0.2500000024921347
23,1,Babyface,Allison Holker,Singer/Rapper,57,Eliminated Week 4,11,4.0,26.0,True,330.0,0.0787878787878787,False,23_Babyface,0.0
23,1,Babyface,Allison Holker,Singer/Rapper,57,Eliminated Week 4,11,4.0,26.0,True,330.0,0.0787878787878787,False,23_Babyface,0.0
23,2,Babyface,Allison Holker,Singer/Rapper,57,Eliminated Week 4,11,4.0,30.0,True,352.0,0.0852272727272727,False,23_Babyface,0.0
23,2,Babyface,Allison Holker,Singer/Rapper,57,Eliminated Week 4,11,4.0,30.0,True,352.0,0.0852272727272727,False,23_Babyface,0.0
23,3,Babyface,Allison Holker,Singer/Rapper,57,Eliminated Week 4,11,4.0,25.0,True,325.0,0.0769230769230769,False,23_Babyface,6.414411102967366e-17
23,3,Babyface,Allison Holker,Singer/Rapper,57,Eliminated Week 4,11,4.0,25.0,True,325.0,0.0769230769230769,False,23_Babyface,6.414411102967366e-17
23,4,Babyface,Allison Holker,Singer/Rapper,57,Eliminated Week 4,11,4.0,18.0,True,261.0,0.0689655172413793,True,23_Babyface,9.31456864492413e-06
23,4,Babyface,Allison Holker,Singer/Rapper,57,Eliminated Week 4,11,4.0,18.0,True,261.0,0.0689655172413793,True,23_Babyface,9.31456864492413e-06
23,5,Babyface,Allison Holker,Singer/Rapper,57,Eliminated Week 4,11,4.0,0.0,False,230.0,0.0,False,23_Babyface,
23,6,Babyface,Allison Holker,Singer/Rapper,57,Eliminated Week 4,11,4.0,0.0,False,305.0,0.0,False,23_Babyface,
23,7,Babyface,Allison Holker,Singer/Rapper,57,Eliminated Week 4,11,4.0,0.0,False,275.5,0.0,False,23_Babyface,
23,8,Babyface,Allison Holker,Singer/Rapper,57,Eliminated Week 4,11,4.0,0.0,False,200.9998,0.0,False,23_Babyface,
23,9,Babyface,Allison Holker,Singer/Rapper,57,Eliminated Week 4,11,4.0,0.0,False,227.0,0.0,False,23_Babyface,
23,10,Babyface,Allison Holker,Singer/Rapper,57,Eliminated Week 4,11,4.0,0.0,False,146.5,0.0,False,23_Babyface,
23,11,Babyface,Allison Holker,Singer/Rapper,57,Eliminated Week 4,11,4.0,0.0,False,152.1661,0.0,False,23_Babyface,
23,1,Vanilla Ice,Witney Carson,Singer/Rapper,48,Eliminated Week 4,10,4.0,25.0,True,330.0,0.0757575757575757,False,23_Vanilla Ice,0.0027243305201726
23,1,Vanilla Ice,Witney Carson,Singer/Rapper,48,Eliminated Week 4,10,4.0,25.0,True,330.0,0.0757575757575757,False,23_Vanilla Ice,0.0027243305201726
23,2,Vanilla Ice,Witney Carson,Singer/Rapper,48,Eliminated Week 4,10,4.0,26.0,True,352.0,0.0738636363636363,False,23_Vanilla Ice,0.0032884392296009
23,2,Vanilla Ice,Witney Carson,Singer/Rapper,48,Eliminated Week 4,10,4.0,26.0,True,352.0,0.0738636363636363,False,23_Vanilla Ice,0.0032884392296009
23,3,Vanilla Ice,Witney Carson,Singer/Rapper,48,Eliminated Week 4,10,4.0,23.0,True,325.0,0.0707692307692307,False,23_Vanilla Ice,0.003001949936931
23,3,Vanilla Ice,Witney Carson,Singer/Rapper,48,Eliminated Week 4,10,4.0,23.0,True,325.0,0.0707692307692307,False,23_Vanilla Ice,0.003001949936931
23,4,Vanilla Ice,Witney Carson,Singer/Rapper,48,Eliminated Week 4,10,4.0,23.0,True,261.0,0.0881226053639846,True,23_Vanilla Ice,0.0016375187444077
23,4,Vanilla Ice,Witney Carson,Singer/Rapper,48,Eliminated Week 4,10,4.0,23.0,True,261.0,0.0881226053639846,True,23_Vanilla Ice,0.0016375187444077
23,5,Vanilla Ice,Witney Carson,Singer/Rapper,48,Eliminated Week 4,10,4.0,0.0,False,230.0,0.0,False,23_Vanilla Ice,
23,6,Vanilla Ice,Witney Carson,Singer/Rapper,48,Eliminated Week 4,10,4.0,0.0,False,305.0,0.0,False,23_Vanilla Ice,
23,7,Vanilla Ice,Witney Carson,Singer/Rapper,48,Eliminated Week 4,10,4.0,0.0,False,275.5,0.0,False,23_Vanilla Ice,
23,8,Vanilla Ice,Witney Carson,Singer/Rapper,48,Eliminated Week 4,10,4.0,0.0,False,200.9998,0.0,False,23_Vanilla Ice,
23,9,Vanilla Ice,Witney Carson,Singer/Rapper,48,Eliminated Week 4,10,4.0,0.0,False,227.0,0.0,False,23_Vanilla Ice,
23,10,Vanilla Ice,Witney Carson,Singer/Rapper,48,Eliminated Week 4,10,4.0,0.0,False,146.5,0.0,False,23_Vanilla Ice,
23,11,Vanilla Ice,Witney Carson,Singer/Rapper,48,Eliminated Week 4,10,4.0,0.0,False,152.1661,0.0,False,23_Vanilla Ice,
23,1,Jana Kramer,Gleb Savchenko,Singer/Rapper,32,Eliminated Week 11,4,11.0,27.0,True,330.0,0.0818181818181818,False,23_Jana Kramer,0.2419652306421658
23,1,Jana Kramer,Gleb Savchenko,Singer/Rapper,32,Eliminated Week 11,4,11.0,27.0,True,330.0,0.0818181818181818,False,23_Jana Kramer,0.2419652306421658
23,2,Jana Kramer,Gleb Savchenko,Singer/Rapper,32,Eliminated Week 11,4,11.0,29.0,True,352.0,0.0823863636363636,False,23_Jana Kramer,0.2417007143966465
23,2,Jana Kramer,Gleb Savchenko,Singer/Rapper,32,Eliminated Week 11,4,11.0,29.0,True,352.0,0.0823863636363636,False,23_Jana Kramer,0.2417007143966465
23,3,Jana Kramer,Gleb Savchenko,Singer/Rapper,32,Eliminated Week 11,4,11.0,26.0,True,325.0,0.08,False,23_Jana Kramer,0.2420391151359835
23,3,Jana Kramer,Gleb Savchenko,Singer/Rapper,32,Eliminated Week 11,4,11.0,26.0,True,325.0,0.08,False,23_Jana Kramer,0.2420391151359835
23,4,Jana Kramer,Gleb Savchenko,Singer/Rapper,32,Eliminated Week 11,4,11.0,23.0,True,261.0,0.0881226053639846,False,23_Jana Kramer,0.2426565687470629
23,4,Jana Kramer,Gleb Savchenko,Singer/Rapper,32,Eliminated Week 11,4,11.0,23.0,True,261.0,0.0881226053639846,False,23_Jana Kramer,0.2426565687470629
23,5,Jana Kramer,Gleb Savchenko,Singer/Rapper,32,Eliminated Week 11,4,11.0,26.0,True,230.0,0.1130434782608695,False,23_Jana Kramer,0.2430112612099464
23,5,Jana Kramer,Gleb Savchenko,Singer/Rapper,32,Eliminated Week 11,4,11.0,26.0,True,230.0,0.1130434782608695,False,23_Jana Kramer,0.2430112612099464
23,6,Jana Kramer,Gleb Savchenko,Singer/Rapper,32,Eliminated Week 11,4,11.0,40.0,True,305.0,0.1311475409836065,False,23_Jana Kramer,0.2431492436119272
23,6,Jana Kramer,Gleb Savchenko,Singer/Rapper,32,Eliminated Week 11,4,11.0,40.0,True,305.0,0.1311475409836065,False,23_Jana Kramer,0.2431492436119272
23,7,Jana Kramer,Gleb Savchenko,Singer/Rapper,32,Eliminated Week 11,4,11.0,34.5,True,275.5,0.1252268602540834,False,23_Jana Kramer,0.2434338013465403
23,7,Jana Kramer,Gleb Savchenko,Singer/Rapper,32,Eliminated Week 11,4,11.0,34.5,True,275.5,0.1252268602540834,False,23_Jana Kramer,0.2434338013465403
23,8,Jana Kramer,Gleb Savchenko,Singer/Rapper,32,Eliminated Week 11,4,11.0,30.0,True,200.9998,0.1492538798546068,False,23_Jana Kramer,0.2437860563397519
23,8,Jana Kramer,Gleb Savchenko,Singer/Rapper,32,Eliminated Week 11,4,11.0,30.0,True,200.9998,0.1492538798546068,False,23_Jana Kramer,0.2437860563397519
23,9,Jana Kramer,Gleb Savchenko,Singer/Rapper,32,Eliminated Week 11,4,11.0,40.0,True,227.0,0.1762114537444934,False,23_Jana Kramer,0.2446741261729742
23,9,Jana Kramer,Gleb Savchenko,Singer/Rapper,32,Eliminated Week 11,4,11.0,40.0,True,227.0,0.1762114537444934,False,23_Jana Kramer,0.2446741261729742
23,10,Jana Kramer,Gleb Savchenko,Singer/Rapper,32,Eliminated Week 11,4,11.0,29.0,True,146.5,0.1979522184300341,False,23_Jana Kramer,0.2476873964974124
23,10,Jana Kramer,Gleb Savchenko,Singer/Rapper,32,Eliminated Week 11,4,11.0,29.0,True,146.5,0.1979522184300341,False,23_Jana Kramer,0.2476873964974124
23,11,Jana Kramer,Gleb Savchenko,Singer/Rapper,32,Eliminated Week 11,4,11.0,35.5,True,152.1661,0.2332976924558098,True,23_Jana Kramer,0.2499999993411737
23,11,Jana Kramer,Gleb Savchenko,Singer/Rapper,32,Eliminated Week 11,4,11.0,35.5,True,152.1661,0.2332976924558098,True,23_Jana Kramer,0.2499999993411737
23,1,Terra Jole,Sasha Farber,TV Personality,36,Eliminated Week 10,5,10.0,25.0,True,330.0,0.0757575757575757,False,23_Terra Jole,0.009650736723169
23,1,Terra Jole,Sasha Farber,TV Personality,36,Eliminated Week 10,5,10.0,25.0,True,330.0,0.0757575757575757,False,23_Terra Jole,0.009650736723169
23,2,Terra Jole,Sasha Farber,TV Personality,36,Eliminated Week 10,5,10.0,31.0,True,352.0,0.0880681818181818,False,23_Terra Jole,0.009701842309159
23,2,Terra Jole,Sasha Farber,TV Personality,36,Eliminated Week 10,5,10.0,31.0,True,352.0,0.0880681818181818,False,23_Terra Jole,0.009701842309159
23,3,Terra Jole,Sasha Farber,TV Personality,36,Eliminated Week 10,5,10.0,30.0,True,325.0,0.0923076923076923,False,23_Terra Jole,0.0099030035387999
23,3,Terra Jole,Sasha Farber,TV Personality,36,Eliminated Week 10,5,10.0,30.0,True,325.0,0.0923076923076923,False,23_Terra Jole,0.0099030035387999
23,4,Terra Jole,Sasha Farber,TV Personality,36,Eliminated Week 10,5,10.0,25.0,True,261.0,0.0957854406130268,False,23_Terra Jole,0.0101953211960539
23,4,Terra Jole,Sasha Farber,TV Personality,36,Eliminated Week 10,5,10.0,25.0,True,261.0,0.0957854406130268,False,23_Terra Jole,0.0101953211960539
23,5,Terra Jole,Sasha Farber,TV Personality,36,Eliminated Week 10,5,10.0,27.0,True,230.0,0.117391304347826,False,23_Terra Jole,0.0102997897490471
23,5,Terra Jole,Sasha Farber,TV Personality,36,Eliminated Week 10,5,10.0,27.0,True,230.0,0.117391304347826,False,23_Terra Jole,0.0102997897490471
23,6,Terra Jole,Sasha Farber,TV Personality,36,Eliminated Week 10,5,10.0,30.0,True,305.0,0.0983606557377049,False,23_Terra Jole,0.010200860031572
23,6,Terra Jole,Sasha Farber,TV Personality,36,Eliminated Week 10,5,10.0,30.0,True,305.0,0.0983606557377049,False,23_Terra Jole,0.010200860031572
23,7,Terra Jole,Sasha Farber,TV Personality,36,Eliminated Week 10,5,10.0,34.5,True,275.5,0.1252268602540834,False,23_Terra Jole,0.0101310266382783
23,7,Terra Jole,Sasha Farber,TV Personality,36,Eliminated Week 10,5,10.0,34.5,True,275.5,0.1252268602540834,False,23_Terra Jole,0.0101310266382783
23,8,Terra Jole,Sasha Farber,TV Personality,36,Eliminated Week 10,5,10.0,24.0,True,200.9998,0.1194031038836854,False,23_Terra Jole,0.0099403281958882
23,8,Terra Jole,Sasha Farber,TV Personality,36,Eliminated Week 10,5,10.0,24.0,True,200.9998,0.1194031038836854,False,23_Terra Jole,0.0099403281958882
23,9,Terra Jole,Sasha Farber,TV Personality,36,Eliminated Week 10,5,10.0,38.0,True,227.0,0.1674008810572687,False,23_Terra Jole,0.0085907074089754
23,9,Terra Jole,Sasha Farber,TV Personality,36,Eliminated Week 10,5,10.0,38.0,True,227.0,0.1674008810572687,False,23_Terra Jole,0.0085907074089754
23,10,Terra Jole,Sasha Farber,TV Personality,36,Eliminated Week 10,5,10.0,30.0,True,146.5,0.204778156996587,True,23_Terra Jole,0.0092504197756278
23,10,Terra Jole,Sasha Farber,TV Personality,36,Eliminated Week 10,5,10.0,30.0,True,146.5,0.204778156996587,True,23_Terra Jole,0.0092504197756278
23,11,Terra Jole,Sasha Farber,TV Personality,36,Eliminated Week 10,5,10.0,0.0,False,152.1661,0.0,False,23_Terra Jole,
24,1,Charo,Keo Motsepe,Actor/Actress,66,Eliminated Week 3,11,3.0,21.0,True,302.0,0.0695364238410596,False,24_Charo,0.0002907981783332
24,1,Charo,Keo Motsepe,Actor/Actress,66,Eliminated Week 3,11,3.0,21.0,True,302.0,0.0695364238410596,False,24_Charo,0.0002907981783332
24,2,Charo,Keo Motsepe,Actor/Actress,66,Eliminated Week 3,11,3.0,25.0,True,328.0,0.0762195121951219,False,24_Charo,0.0003388172772905
24,2,Charo,Keo Motsepe,Actor/Actress,66,Eliminated Week 3,11,3.0,25.0,True,328.0,0.0762195121951219,False,24_Charo,0.0003388172772905
24,3,Charo,Keo Motsepe,Actor/Actress,66,Eliminated Week 3,11,3.0,24.0,True,315.0,0.0761904761904762,True,24_Charo,0.0002736022951717
24,3,Charo,Keo Motsepe,Actor/Actress,66,Eliminated Week 3,11,3.0,24.0,True,315.0,0.0761904761904762,True,24_Charo,0.0002736022951717
24,4,Charo,Keo Motsepe,Actor/Actress,66,Eliminated Week 3,11,3.0,0.0,False,326.0,0.0,False,24_Charo,
24,5,Charo,Keo Motsepe,Actor/Actress,66,Eliminated Week 3,11,3.0,0.0,False,304.0,0.0,False,24_Charo,
24,6,Charo,Keo Motsepe,Actor/Actress,66,Eliminated Week 3,11,3.0,0.0,False,269.0,0.0,False,24_Charo,
24,7,Charo,Keo Motsepe,Actor/Actress,66,Eliminated Week 3,11,3.0,0.0,False,253.0,0.0,False,24_Charo,
24,8,Charo,Keo Motsepe,Actor/Actress,66,Eliminated Week 3,11,3.0,0.0,False,174.5,0.0,False,24_Charo,
24,9,Charo,Keo Motsepe,Actor/Actress,66,Eliminated Week 3,11,3.0,0.0,False,151.5,0.0,False,24_Charo,
24,10,Charo,Keo Motsepe,Actor/Actress,66,Eliminated Week 3,11,3.0,0.0,False,115.3331,0.0,False,24_Charo,
24,1,Mr. T,Kym Herjavec,Actor/Actress,64,Eliminated Week 4,10,4.0,20.0,True,302.0,0.0662251655629139,False,24_Mr. T,0.0011795413475442
24,1,Mr. T,Kym Herjavec,Actor/Actress,64,Eliminated Week 4,10,4.0,20.0,True,302.0,0.0662251655629139,False,24_Mr. T,0.0011795413475442
24,2,Mr. T,Kym Herjavec,Actor/Actress,64,Eliminated Week 4,10,4.0,22.0,True,328.0,0.0670731707317073,False,24_Mr. T,0.0010677694310659
24,2,Mr. T,Kym Herjavec,Actor/Actress,64,Eliminated Week 4,10,4.0,22.0,True,328.0,0.0670731707317073,False,24_Mr. T,0.0010677694310659
24,3,Mr. T,Kym Herjavec,Actor/Actress,64,Eliminated Week 4,10,4.0,24.0,True,315.0,0.0761904761904762,False,24_Mr. T,0.0011628824131557
24,3,Mr. T,Kym Herjavec,Actor/Actress,64,Eliminated Week 4,10,4.0,24.0,True,315.0,0.0761904761904762,False,24_Mr. T,0.0011628824131557
24,4,Mr. T,Kym Herjavec,Actor/Actress,64,Eliminated Week 4,10,4.0,28.0,True,326.0,0.0858895705521472,True,24_Mr. T,0.0009994305738243
24,4,Mr. T,Kym Herjavec,Actor/Actress,64,Eliminated Week 4,10,4.0,28.0,True,326.0,0.0858895705521472,True,24_Mr. T,0.0009994305738243
24,5,Mr. T,Kym Herjavec,Actor/Actress,64,Eliminated Week 4,10,4.0,0.0,False,304.0,0.0,False,24_Mr. T,
24,6,Mr. T,Kym Herjavec,Actor/Actress,64,Eliminated Week 4,10,4.0,0.0,False,269.0,0.0,False,24_Mr. T,
24,7,Mr. T,Kym Herjavec,Actor/Actress,64,Eliminated Week 4,10,4.0,0.0,False,253.0,0.0,False,24_Mr. T,
24,8,Mr. T,Kym Herjavec,Actor/Actress,64,Eliminated Week 4,10,4.0,0.0,False,174.5,0.0,False,24_Mr. T,
24,9,Mr. T,Kym Herjavec,Actor/Actress,64,Eliminated Week 4,10,4.0,0.0,False,151.5,0.0,False,24_Mr. T,
24,10,Mr. T,Kym Herjavec,Actor/Actress,64,Eliminated Week 4,10,4.0,0.0,False,115.3331,0.0,False,24_Mr. T,
24,1,Heather Morris,Maksim Chmerkoskiy,Actor/Actress,30,Eliminated Week 6,8,6.0,28.0,True,302.0,0.0927152317880794,False,24_Heather Morris,7.670305331066113e-05
24,1,Heather Morris,Maksim Chmerkoskiy,Actor/Actress,30,Eliminated Week 6,8,6.0,28.0,True,302.0,0.0927152317880794,False,24_Heather Morris,7.670305331066113e-05
24,2,Heather Morris,Maksim Chmerkoskiy,Actor/Actress,30,Eliminated Week 6,8,6.0,30.0,True,328.0,0.0914634146341463,False,24_Heather Morris,0.0001575982527672
24,2,Heather Morris,Maksim Chmerkoskiy,Actor/Actress,30,Eliminated Week 6,8,6.0,30.0,True,328.0,0.0914634146341463,False,24_Heather Morris,0.0001575982527672
24,3,Heather Morris,Maksim Chmerkoskiy,Actor/Actress,30,Eliminated Week 6,8,6.0,33.0,True,315.0,0.1047619047619047,False,24_Heather Morris,0.0001161004209147
24,3,Heather Morris,Maksim Chmerkoskiy,Actor/Actress,30,Eliminated Week 6,8,6.0,33.0,True,315.0,0.1047619047619047,False,24_Heather Morris,0.0001161004209147
24,4,Heather Morris,Maksim Chmerkoskiy,Actor/Actress,30,Eliminated Week 6,8,6.0,35.0,True,326.0,0.107361963190184,False,24_Heather Morris,9.955786796060638e-05
24,4,Heather Morris,Maksim Chmerkoskiy,Actor/Actress,30,Eliminated Week 6,8,6.0,35.0,True,326.0,0.107361963190184,False,24_Heather Morris,9.955786796060638e-05
24,5,Heather Morris,Maksim Chmerkoskiy,Actor/Actress,30,Eliminated Week 6,8,6.0,34.0,True,304.0,0.1118421052631579,False,24_Heather Morris,0.0001281589343806
24,5,Heather Morris,Maksim Chmerkoskiy,Actor/Actress,30,Eliminated Week 6,8,6.0,34.0,True,304.0,0.1118421052631579,False,24_Heather Morris,0.0001281589343806
24,6,Heather Morris,Maksim Chmerkoskiy,Actor/Actress,30,Eliminated Week 6,8,6.0,37.0,True,269.0,0.137546468401487,True,24_Heather Morris,1.5096876627398825e-17
24,6,Heather Morris,Maksim Chmerkoskiy,Actor/Actress,30,Eliminated Week 6,8,6.0,37.0,True,269.0,0.137546468401487,True,24_Heather Morris,1.5096876627398825e-17
24,7,Heather Morris,Maksim Chmerkoskiy,Actor/Actress,30,Eliminated Week 6,8,6.0,0.0,False,253.0,0.0,False,24_Heather Morris,
24,8,Heather Morris,Maksim Chmerkoskiy,Actor/Actress,30,Eliminated Week 6,8,6.0,0.0,False,174.5,0.0,False,24_Heather Morris,
24,9,Heather Morris,Maksim Chmerkoskiy,Actor/Actress,30,Eliminated Week 6,8,6.0,0.0,False,151.5,0.0,False,24_Heather Morris,
24,10,Heather Morris,Maksim Chmerkoskiy,Actor/Actress,30,Eliminated Week 6,8,6.0,0.0,False,115.3331,0.0,False,24_Heather Morris,
24,1,Nancy Kerrigan,Artem Chigvintsev,Athlete,47,Eliminated Week 7,7,7.0,28.0,True,302.0,0.0927152317880794,False,24_Nancy Kerrigan,0.0125019529455844
24,1,Nancy Kerrigan,Artem Chigvintsev,Athlete,47,Eliminated Week 7,7,7.0,28.0,True,302.0,0.0927152317880794,False,24_Nancy Kerrigan,0.0125019529455844
24,2,Nancy Kerrigan,Artem Chigvintsev,Athlete,47,Eliminated Week 7,7,7.0,28.0,True,328.0,0.0853658536585365,False,24_Nancy Kerrigan,0.0125337894196276
24,2,Nancy Kerrigan,Artem Chigvintsev,Athlete,47,Eliminated Week 7,7,7.0,28.0,True,328.0,0.0853658536585365,False,24_Nancy Kerrigan,0.0125337894196276
24,3,Nancy Kerrigan,Artem Chigvintsev,Athlete,47,Eliminated Week 7,7,7.0,33.0,True,315.0,0.1047619047619047,False,24_Nancy Kerrigan,0.0126797068607914
24,3,Nancy Kerrigan,Artem Chigvintsev,Athlete,47,Eliminated Week 7,7,7.0,33.0,True,315.0,0.1047619047619047,False,24_Nancy Kerrigan,0.0126797068607914
24,4,Nancy Kerrigan,Artem Chigvintsev,Athlete,47,Eliminated Week 7,7,7.0,33.0,True,326.0,0.1012269938650306,False,24_Nancy Kerrigan,0.0126638312328296
24,4,Nancy Kerrigan,Artem Chigvintsev,Athlete,47,Eliminated Week 7,7,7.0,33.0,True,326.0,0.1012269938650306,False,24_Nancy Kerrigan,0.0126638312328296
24,5,Nancy Kerrigan,Artem Chigvintsev,Athlete,47,Eliminated Week 7,7,7.0,36.0,True,304.0,0.1184210526315789,False,24_Nancy Kerrigan,0.0127141438000143
24,5,Nancy Kerrigan,Artem Chigvintsev,Athlete,47,Eliminated Week 7,7,7.0,36.0,True,304.0,0.1184210526315789,False,24_Nancy Kerrigan,0.0127141438000143
24,6,Nancy Kerrigan,Artem Chigvintsev,Athlete,47,Eliminated Week 7,7,7.0,33.5,True,269.0,0.1245353159851301,False,24_Nancy Kerrigan,0.0129129551954275
24,6,Nancy Kerrigan,Artem Chigvintsev,Athlete,47,Eliminated Week 7,7,7.0,33.5,True,269.0,0.1245353159851301,False,24_Nancy Kerrigan,0.0129129551954275
24,7,Nancy Kerrigan,Artem Chigvintsev,Athlete,47,Eliminated Week 7,7,7.0,36.0,True,253.0,0.1422924901185771,True,24_Nancy Kerrigan,0.0073621159859206
24,7,Nancy Kerrigan,Artem Chigvintsev,Athlete,47,Eliminated Week 7,7,7.0,36.0,True,253.0,0.1422924901185771,True,24_Nancy Kerrigan,0.0073621159859206
24,8,Nancy Kerrigan,Artem Chigvintsev,Athlete,47,Eliminated Week 7,7,7.0,0.0,False,174.5,0.0,False,24_Nancy Kerrigan,
24,9,Nancy Kerrigan,Artem Chigvintsev,Athlete,47,Eliminated Week 7,7,7.0,0.0,False,151.5,0.0,False,24_Nancy Kerrigan,
24,10,Nancy Kerrigan,Artem Chigvintsev,Athlete,47,Eliminated Week 7,7,7.0,0.0,False,115.3331,0.0,False,24_Nancy Kerrigan,
24,1,Bonner Bolton,Sharna Burgess,Athlete,29,Eliminated Week 8,5,8.0,22.0,True,302.0,0.0728476821192053,False,24_Bonner Bolton,0.022464056320087
24,1,Bonner Bolton,Sharna Burgess,Athlete,29,Eliminated Week 8,5,8.0,22.0,True,302.0,0.0728476821192053,False,24_Bonner Bolton,0.022464056320087
24,2,Bonner Bolton,Sharna Burgess,Athlete,29,Eliminated Week 8,5,8.0,28.0,True,328.0,0.0853658536585365,False,24_Bonner Bolton,0.02248419988976
24,2,Bonner Bolton,Sharna Burgess,Athlete,29,Eliminated Week 8,5,8.0,28.0,True,328.0,0.0853658536585365,False,24_Bonner Bolton,0.02248419988976
24,3,Bonner Bolton,Sharna Burgess,Athlete,29,Eliminated Week 8,5,8.0,24.0,True,315.0,0.0761904761904762,False,24_Bonner Bolton,0.0225542908719478
24,3,Bonner Bolton,Sharna Burgess,Athlete,29,Eliminated Week 8,5,8.0,24.0,True,315.0,0.0761904761904762,False,24_Bonner Bolton,0.0225542908719478
24,4,Bonner Bolton,Sharna Burgess,Athlete,29,Eliminated Week 8,5,8.0,32.0,True,326.0,0.0981595092024539,False,24_Bonner Bolton,0.0226286764781825
24,4,Bonner Bolton,Sharna Burgess,Athlete,29,Eliminated Week 8,5,8.0,32.0,True,326.0,0.0981595092024539,False,24_Bonner Bolton,0.0226286764781825
24,5,Bonner Bolton,Sharna Burgess,Athlete,29,Eliminated Week 8,5,8.0,30.0,True,304.0,0.0986842105263157,False,24_Bonner Bolton,0.022960693967204
24,5,Bonner Bolton,Sharna Burgess,Athlete,29,Eliminated Week 8,5,8.0,30.0,True,304.0,0.0986842105263157,False,24_Bonner Bolton,0.022960693967204
24,6,Bonner Bolton,Sharna Burgess,Athlete,29,Eliminated Week 8,5,8.0,31.5,True,269.0,0.1171003717472119,False,24_Bonner Bolton,0.0232798677552029
24,6,Bonner Bolton,Sharna Burgess,Athlete,29,Eliminated Week 8,5,8.0,31.5,True,269.0,0.1171003717472119,False,24_Bonner Bolton,0.0232798677552029
24,7,Bonner Bolton,Sharna Burgess,Athlete,29,Eliminated Week 8,5,8.0,31.0,True,253.0,0.1225296442687747,False,24_Bonner Bolton,0.0270948341678761
24,7,Bonner Bolton,Sharna Burgess,Athlete,29,Eliminated Week 8,5,8.0,31.0,True,253.0,0.1225296442687747,False,24_Bonner Bolton,0.0270948341678761
24,8,Bonner Bolton,Sharna Burgess,Athlete,29,Eliminated Week 8,5,8.0,29.0,True,174.5,0.166189111747851,True,24_Bonner Bolton,0.0263691211397961
24,8,Bonner Bolton,Sharna Burgess,Athlete,29,Eliminated Week 8,5,8.0,29.0,True,174.5,0.166189111747851,True,24_Bonner Bolton,0.0263691211397961
24,9,Bonner Bolton,Sharna Burgess,Athlete,29,Eliminated Week 8,5,8.0,0.0,False,151.5,0.0,False,24_Bonner Bolton,
24,10,Bonner Bolton,Sharna Burgess,Athlete,29,Eliminated Week 8,5,8.0,0.0,False,115.3331,0.0,False,24_Bonner Bolton,
24,1,Simone Biles,Sasha Farber,Athlete,20,Eliminated Week 9,4,9.0,32.0,True,302.0,0.1059602649006622,False,24_Simone Biles,0.0089332153277605
24,1,Simone Biles,Sasha Farber,Athlete,20,Eliminated Week 9,4,9.0,32.0,True,302.0,0.1059602649006622,False,24_Simone Biles,0.0089332153277605
24,2,Simone Biles,Sasha Farber,Athlete,20,Eliminated Week 9,4,9.0,29.0,True,328.0,0.0884146341463414,False,24_Simone Biles,0.0089728777683245
24,2,Simone Biles,Sasha Farber,Athlete,20,Eliminated Week 9,4,9.0,29.0,True,328.0,0.0884146341463414,False,24_Simone Biles,0.0089728777683245
24,3,Simone Biles,Sasha Farber,Athlete,20,Eliminated Week 9,4,9.0,32.0,True,315.0,0.1015873015873015,False,24_Simone Biles,0.0089382470914445
24,3,Simone Biles,Sasha Farber,Athlete,20,Eliminated Week 9,4,9.0,32.0,True,315.0,0.1015873015873015,False,24_Simone Biles,0.0089382470914445
24,4,Simone Biles,Sasha Farber,Athlete,20,Eliminated Week 9,4,9.0,36.0,True,326.0,0.1104294478527607,False,24_Simone Biles,0.0089761120809873
24,4,Simone Biles,Sasha Farber,Athlete,20,Eliminated Week 9,4,9.0,36.0,True,326.0,0.1104294478527607,False,24_Simone Biles,0.0089761120809873
24,5,Simone Biles,Sasha Farber,Athlete,20,Eliminated Week 9,4,9.0,38.0,True,304.0,0.125,False,24_Simone Biles,0.0091283676558005
24,5,Simone Biles,Sasha Farber,Athlete,20,Eliminated Week 9,4,9.0,38.0,True,304.0,0.125,False,24_Simone Biles,0.0091283676558005
24,6,Simone Biles,Sasha Farber,Athlete,20,Eliminated Week 9,4,9.0,34.5,True,269.0,0.1282527881040892,False,24_Simone Biles,0.0091954830764683
24,6,Simone Biles,Sasha Farber,Athlete,20,Eliminated Week 9,4,9.0,34.5,True,269.0,0.1282527881040892,False,24_Simone Biles,0.0091954830764683
24,7,Simone Biles,Sasha Farber,Athlete,20,Eliminated Week 9,4,9.0,39.0,True,253.0,0.1541501976284585,False,24_Simone Biles,0.0083655740861231
24,7,Simone Biles,Sasha Farber,Athlete,20,Eliminated Week 9,4,9.0,39.0,True,253.0,0.1541501976284585,False,24_Simone Biles,0.0083655740861231
24,8,Simone Biles,Sasha Farber,Athlete,20,Eliminated Week 9,4,9.0,36.0,True,174.5,0.2063037249283667,False,24_Simone Biles,0.0107817433121902
24,8,Simone Biles,Sasha Farber,Athlete,20,Eliminated Week 9,4,9.0,36.0,True,174.5,0.2063037249283667,False,24_Simone Biles,0.0107817433121902
24,9,Simone Biles,Sasha Farber,Athlete,20,Eliminated Week 9,4,9.0,40.0,True,151.5,0.264026402640264,True,24_Simone Biles,0.0139355058609181
24,9,Simone Biles,Sasha Farber,Athlete,20,Eliminated Week 9,4,9.0,40.0,True,151.5,0.264026402640264,True,24_Simone Biles,0.0139355058609181
24,10,Simone Biles,Sasha Farber,Athlete,20,Eliminated Week 9,4,9.0,0.0,False,115.3331,0.0,False,24_Simone Biles,
24,1,David Ross,Lindsay Arnold,Athlete,40,2nd Place,2,,28.0,True,302.0,0.0927152317880794,False,24_David Ross,0.3097896209913383
24,1,David Ross,Lindsay Arnold,Athlete,40,2nd Place,2,,28.0,True,302.0,0.0927152317880794,False,24_David Ross,0.3097896209913383
24,2,David Ross,Lindsay Arnold,Athlete,40,2nd Place,2,,27.0,True,328.0,0.0823170731707317,False,24_David Ross,0.3097626103020223
24,2,David Ross,Lindsay Arnold,Athlete,40,2nd Place,2,,27.0,True,328.0,0.0823170731707317,False,24_David Ross,0.3097626103020223
24,3,David Ross,Lindsay Arnold,Athlete,40,2nd Place,2,,31.0,True,315.0,0.0984126984126984,False,24_David Ross,0.3097662951428132
24,3,David Ross,Lindsay Arnold,Athlete,40,2nd Place,2,,31.0,True,315.0,0.0984126984126984,False,24_David Ross,0.3097662951428132
24,4,David Ross,Lindsay Arnold,Athlete,40,2nd Place,2,,31.0,True,326.0,0.0950920245398773,False,24_David Ross,0.3098624414707902
24,4,David Ross,Lindsay Arnold,Athlete,40,2nd Place,2,,31.0,True,326.0,0.0950920245398773,False,24_David Ross,0.3098624414707902
24,5,David Ross,Lindsay Arnold,Athlete,40,2nd Place,2,,29.0,True,304.0,0.0953947368421052,False,24_David Ross,0.3100132836608799
24,5,David Ross,Lindsay Arnold,Athlete,40,2nd Place,2,,29.0,True,304.0,0.0953947368421052,False,24_David Ross,0.3100132836608799
24,6,David Ross,Lindsay Arnold,Athlete,40,2nd Place,2,,31.0,True,269.0,0.1152416356877323,False,24_David Ross,0.3101821170233182
24,6,David Ross,Lindsay Arnold,Athlete,40,2nd Place,2,,31.0,True,269.0,0.1152416356877323,False,24_David Ross,0.3101821170233182
24,7,David Ross,Lindsay Arnold,Athlete,40,2nd Place,2,,32.0,True,253.0,0.1264822134387351,False,24_David Ross,0.3139700653366029
24,7,David Ross,Lindsay Arnold,Athlete,40,2nd Place,2,,32.0,True,253.0,0.1264822134387351,False,24_David Ross,0.3139700653366029
24,8,David Ross,Lindsay Arnold,Athlete,40,2nd Place,2,,32.5,True,174.5,0.1862464183381088,False,24_David Ross,0.3209497187674923
24,8,David Ross,Lindsay Arnold,Athlete,40,2nd Place,2,,32.5,True,174.5,0.1862464183381088,False,24_David Ross,0.3209497187674923
24,9,David Ross,Lindsay Arnold,Athlete,40,2nd Place,2,,35.0,True,151.5,0.231023102310231,False,24_David Ross,0.3286881603958919
24,9,David Ross,Lindsay Arnold,Athlete,40,2nd Place,2,,35.0,True,151.5,0.231023102310231,False,24_David Ross,0.3286881603958919
24,10,David Ross,Lindsay Arnold,Athlete,40,2nd Place,2,,36.3333,True,115.3331,0.3150292500591764,False,24_David Ross,0.3333333349418823
24,10,David Ross,Lindsay Arnold,Athlete,40,2nd Place,2,,36.3333,True,115.3331,0.3150292500591764,False,24_David Ross,0.3333333349418823
24,1,Rashad Jennings,Emma Slater,Athlete,32,1st Place,1,,31.0,True,302.0,0.1026490066225165,False,24_Rashad Jennings,0.3097896218367709
24,1,Rashad Jennings,Emma Slater,Athlete,32,1st Place,1,,31.0,True,302.0,0.1026490066225165,False,24_Rashad Jennings,0.3097896218367709
24,2,Rashad Jennings,Emma Slater,Athlete,32,1st Place,1,,32.0,True,328.0,0.0975609756097561,False,24_Rashad Jennings,0.309762605919083
24,2,Rashad Jennings,Emma Slater,Athlete,32,1st Place,1,,32.0,True,328.0,0.0975609756097561,False,24_Rashad Jennings,0.309762605919083
24,3,Rashad Jennings,Emma Slater,Athlete,32,1st Place,1,,28.0,True,315.0,0.0888888888888888,False,24_Rashad Jennings,0.309766300736278
24,3,Rashad Jennings,Emma Slater,Athlete,32,1st Place,1,,28.0,True,315.0,0.0888888888888888,False,24_Rashad Jennings,0.309766300736278
24,4,Rashad Jennings,Emma Slater,Athlete,32,1st Place,1,,39.0,True,326.0,0.1196319018404908,False,24_Rashad Jennings,0.3098624332866967
24,4,Rashad Jennings,Emma Slater,Athlete,32,1st Place,1,,39.0,True,326.0,0.1196319018404908,False,24_Rashad Jennings,0.3098624332866967
24,5,Rashad Jennings,Emma Slater,Athlete,32,1st Place,1,,32.0,True,304.0,0.1052631578947368,False,24_Rashad Jennings,0.3100132917660824
24,5,Rashad Jennings,Emma Slater,Athlete,32,1st Place,1,,32.0,True,304.0,0.1052631578947368,False,24_Rashad Jennings,0.3100132917660824
24,6,Rashad Jennings,Emma Slater,Athlete,32,1st Place,1,,35.0,True,269.0,0.1301115241635687,False,24_Rashad Jennings,0.3101821077867567
24,6,Rashad Jennings,Emma Slater,Athlete,32,1st Place,1,,35.0,True,269.0,0.1301115241635687,False,24_Rashad Jennings,0.3101821077867567
24,7,Rashad Jennings,Emma Slater,Athlete,32,1st Place,1,,39.0,True,253.0,0.1541501976284585,False,24_Rashad Jennings,0.3139700728334804
24,7,Rashad Jennings,Emma Slater,Athlete,32,1st Place,1,,39.0,True,253.0,0.1541501976284585,False,24_Rashad Jennings,0.3139700728334804
24,8,Rashad Jennings,Emma Slater,Athlete,32,1st Place,1,,37.5,True,174.5,0.2148997134670487,False,24_Rashad Jennings,0.3209497118035309
24,8,Rashad Jennings,Emma Slater,Athlete,32,1st Place,1,,37.5,True,174.5,0.2148997134670487,False,24_Rashad Jennings,0.3209497118035309
24,9,Rashad Jennings,Emma Slater,Athlete,32,1st Place,1,,38.5,True,151.5,0.2541254125412541,False,24_Rashad Jennings,0.3286881640963963
24,9,Rashad Jennings,Emma Slater,Athlete,32,1st Place,1,,38.5,True,151.5,0.2541254125412541,False,24_Rashad Jennings,0.3286881640963963
24,10,Rashad Jennings,Emma Slater,Athlete,32,1st Place,1,,39.6666,True,115.3331,0.3439307536171316,False,24_Rashad Jennings,0.3333333329637331
24,10,Rashad Jennings,Emma Slater,Athlete,32,1st Place,1,,39.6666,True,115.3331,0.3439307536171316,False,24_Rashad Jennings,0.3333333329637331
24,1,Chris Kattan,Witney Carson,Comedian,46,Eliminated Week 2,12,2.0,17.0,True,302.0,0.0562913907284768,False,24_Chris Kattan,0.0001234341139795
24,1,Chris Kattan,Witney Carson,Comedian,46,Eliminated Week 2,12,2.0,17.0,True,302.0,0.0562913907284768,False,24_Chris Kattan,0.0001234341139795
24,2,Chris Kattan,Witney Carson,Comedian,46,Eliminated Week 2,12,2.0,22.0,True,328.0,0.0670731707317073,True,24_Chris Kattan,0.0001216162489249
24,2,Chris Kattan,Witney Carson,Comedian,46,Eliminated Week 2,12,2.0,22.0,True,328.0,0.0670731707317073,True,24_Chris Kattan,0.0001216162489249
24,3,Chris Kattan,Witney Carson,Comedian,46,Eliminated Week 2,12,2.0,0.0,False,315.0,0.0,False,24_Chris Kattan,
24,4,Chris Kattan,Witney Carson,Comedian,46,Eliminated Week 2,12,2.0,0.0,False,326.0,0.0,False,24_Chris Kattan,
24,5,Chris Kattan,Witney Carson,Comedian,46,Eliminated Week 2,12,2.0,0.0,False,304.0,0.0,False,24_Chris Kattan,
24,6,Chris Kattan,Witney Carson,Comedian,46,Eliminated Week 2,12,2.0,0.0,False,269.0,0.0,False,24_Chris Kattan,
24,7,Chris Kattan,Witney Carson,Comedian,46,Eliminated Week 2,12,2.0,0.0,False,253.0,0.0,False,24_Chris Kattan,
24,8,Chris Kattan,Witney Carson,Comedian,46,Eliminated Week 2,12,2.0,0.0,False,174.5,0.0,False,24_Chris Kattan,
24,9,Chris Kattan,Witney Carson,Comedian,46,Eliminated Week 2,12,2.0,0.0,False,151.5,0.0,False,24_Chris Kattan,
24,10,Chris Kattan,Witney Carson,Comedian,46,Eliminated Week 2,12,2.0,0.0,False,115.3331,0.0,False,24_Chris Kattan,
24,1,Erika Jayne,Gleb Savchenko,Singer/Rapper,45,Eliminated Week 5,9,5.0,24.0,True,302.0,0.0794701986754966,False,24_Erika Jayne,0.0011262204148852
24,1,Erika Jayne,Gleb Savchenko,Singer/Rapper,45,Eliminated Week 5,9,5.0,24.0,True,302.0,0.0794701986754966,False,24_Erika Jayne,0.0011262204148852
24,2,Erika Jayne,Gleb Savchenko,Singer/Rapper,45,Eliminated Week 5,9,5.0,28.0,True,328.0,0.0853658536585365,False,24_Erika Jayne,0.0011326752727969
24,2,Erika Jayne,Gleb Savchenko,Singer/Rapper,45,Eliminated Week 5,9,5.0,28.0,True,328.0,0.0853658536585365,False,24_Erika Jayne,0.0011326752727969
24,3,Erika Jayne,Gleb Savchenko,Singer/Rapper,45,Eliminated Week 5,9,5.0,26.0,True,315.0,0.0825396825396825,False,24_Erika Jayne,0.0010662185327975
24,3,Erika Jayne,Gleb Savchenko,Singer/Rapper,45,Eliminated Week 5,9,5.0,26.0,True,315.0,0.0825396825396825,False,24_Erika Jayne,0.0010662185327975
24,4,Erika Jayne,Gleb Savchenko,Singer/Rapper,45,Eliminated Week 5,9,5.0,30.0,True,326.0,0.0920245398773006,False,24_Erika Jayne,0.0010438623937106
24,4,Erika Jayne,Gleb Savchenko,Singer/Rapper,45,Eliminated Week 5,9,5.0,30.0,True,326.0,0.0920245398773006,False,24_Erika Jayne,0.0010438623937106
24,5,Erika Jayne,Gleb Savchenko,Singer/Rapper,45,Eliminated Week 5,9,5.0,32.0,True,304.0,0.1052631578947368,True,24_Erika Jayne,0.0010102084018375
24,5,Erika Jayne,Gleb Savchenko,Singer/Rapper,45,Eliminated Week 5,9,5.0,32.0,True,304.0,0.1052631578947368,True,24_Erika Jayne,0.0010102084018375
24,6,Erika Jayne,Gleb Savchenko,Singer/Rapper,45,Eliminated Week 5,9,5.0,0.0,False,269.0,0.0,False,24_Erika Jayne,
24,7,Erika Jayne,Gleb Savchenko,Singer/Rapper,45,Eliminated Week 5,9,5.0,0.0,False,253.0,0.0,False,24_Erika Jayne,
24,8,Erika Jayne,Gleb Savchenko,Singer/Rapper,45,Eliminated Week 5,9,5.0,0.0,False,174.5,0.0,False,24_Erika Jayne,
24,9,Erika Jayne,Gleb Savchenko,Singer/Rapper,45,Eliminated Week 5,9,5.0,0.0,False,151.5,0.0,False,24_Erika Jayne,
24,10,Erika Jayne,Gleb Savchenko,Singer/Rapper,45,Eliminated Week 5,9,5.0,0.0,False,115.3331,0.0,False,24_Erika Jayne,
24,1,Normani,Valentin Chmerkovskiy,Singer/Rapper,20,3rd Place,3,,27.0,True,302.0,0.0894039735099337,False,24_Normani,0.3097896243230298
24,1,Normani,Valentin Chmerkovskiy,Singer/Rapper,20,3rd Place,3,,27.0,True,302.0,0.0894039735099337,False,24_Normani,0.3097896243230298
24,2,Normani,Valentin Chmerkovskiy,Singer/Rapper,20,3rd Place,3,,32.0,True,328.0,0.0975609756097561,False,24_Normani,0.309762601515333
24,2,Normani,Valentin Chmerkovskiy,Singer/Rapper,20,3rd Place,3,,32.0,True,328.0,0.0975609756097561,False,24_Normani,0.309762601515333
24,3,Normani,Valentin Chmerkovskiy,Singer/Rapper,20,3rd Place,3,,34.0,True,315.0,0.1079365079365079,False,24_Normani,0.3097663094397105
24,3,Normani,Valentin Chmerkovskiy,Singer/Rapper,20,3rd Place,3,,34.0,True,315.0,0.1079365079365079,False,24_Normani,0.3097663094397105
24,4,Normani,Valentin Chmerkovskiy,Singer/Rapper,20,3rd Place,3,,32.0,True,326.0,0.0981595092024539,False,24_Normani,0.3098624239892968
24,4,Normani,Valentin Chmerkovskiy,Singer/Rapper,20,3rd Place,3,,32.0,True,326.0,0.0981595092024539,False,24_Normani,0.3098624239892968
24,5,Normani,Valentin Chmerkovskiy,Singer/Rapper,20,3rd Place,3,,39.0,True,304.0,0.1282894736842105,False,24_Normani,0.3100133035525746
24,5,Normani,Valentin Chmerkovskiy,Singer/Rapper,20,3rd Place,3,,39.0,True,304.0,0.1282894736842105,False,24_Normani,0.3100133035525746
24,6,Normani,Valentin Chmerkovskiy,Singer/Rapper,20,3rd Place,3,,36.0,True,269.0,0.1338289962825278,False,24_Normani,0.3101820976105213
24,6,Normani,Valentin Chmerkovskiy,Singer/Rapper,20,3rd Place,3,,36.0,True,269.0,0.1338289962825278,False,24_Normani,0.3101820976105213
24,7,Normani,Valentin Chmerkovskiy,Singer/Rapper,20,3rd Place,3,,42.0,True,253.0,0.1660079051383399,False,24_Normani,0.313970083264155
24,7,Normani,Valentin Chmerkovskiy,Singer/Rapper,20,3rd Place,3,,42.0,True,253.0,0.1660079051383399,False,24_Normani,0.313970083264155
24,8,Normani,Valentin Chmerkovskiy,Singer/Rapper,20,3rd Place,3,,39.5,True,174.5,0.2263610315186246,False,24_Normani,0.3209497049769905
24,8,Normani,Valentin Chmerkovskiy,Singer/Rapper,20,3rd Place,3,,39.5,True,174.5,0.2263610315186246,False,24_Normani,0.3209497049769905
24,9,Normani,Valentin Chmerkovskiy,Singer/Rapper,20,3rd Place,3,,38.0,True,151.5,0.2508250825082508,False,24_Normani,0.3286881696467936
24,9,Normani,Valentin Chmerkovskiy,Singer/Rapper,20,3rd Place,3,,38.0,True,151.5,0.2508250825082508,False,24_Normani,0.3286881696467936
24,10,Normani,Valentin Chmerkovskiy,Singer/Rapper,20,3rd Place,3,,39.333200000000005,True,115.3331,0.341039996323692,False,24_Normani,0.3333333320943845
24,10,Normani,Valentin Chmerkovskiy,Singer/Rapper,20,3rd Place,3,,39.333200000000005,True,115.3331,0.341039996323692,False,24_Normani,0.3333333320943845
24,1,Nick Viall,Peta Murgatroyd,TV Personality,36,Eliminated Week 7,6,7.0,24.0,True,302.0,0.0794701986754966,False,24_Nick Viall,0.0239352111473758
24,1,Nick Viall,Peta Murgatroyd,TV Personality,36,Eliminated Week 7,6,7.0,24.0,True,302.0,0.0794701986754966,False,24_Nick Viall,0.0239352111473758
24,2,Nick Viall,Peta Murgatroyd,TV Personality,36,Eliminated Week 7,6,7.0,25.0,True,328.0,0.0762195121951219,False,24_Nick Viall,0.0239028387030039
24,2,Nick Viall,Peta Murgatroyd,TV Personality,36,Eliminated Week 7,6,7.0,25.0,True,328.0,0.0762195121951219,False,24_Nick Viall,0.0239028387030039
24,3,Nick Viall,Peta Murgatroyd,TV Personality,36,Eliminated Week 7,6,7.0,26.0,True,315.0,0.0825396825396825,False,24_Nick Viall,0.0239100461949744
24,3,Nick Viall,Peta Murgatroyd,TV Personality,36,Eliminated Week 7,6,7.0,26.0,True,315.0,0.0825396825396825,False,24_Nick Viall,0.0239100461949744
24,4,Nick Viall,Peta Murgatroyd,TV Personality,36,Eliminated Week 7,6,7.0,30.0,True,326.0,0.0920245398773006,False,24_Nick Viall,0.024001230625721
24,4,Nick Viall,Peta Murgatroyd,TV Personality,36,Eliminated Week 7,6,7.0,30.0,True,326.0,0.0920245398773006,False,24_Nick Viall,0.024001230625721
24,5,Nick Viall,Peta Murgatroyd,TV Personality,36,Eliminated Week 7,6,7.0,34.0,True,304.0,0.1118421052631579,False,24_Nick Viall,0.0240185482612259
24,5,Nick Viall,Peta Murgatroyd,TV Personality,36,Eliminated Week 7,6,7.0,34.0,True,304.0,0.1118421052631579,False,24_Nick Viall,0.0240185482612259
24,6,Nick Viall,Peta Murgatroyd,TV Personality,36,Eliminated Week 7,6,7.0,30.5,True,269.0,0.1133828996282527,False,24_Nick Viall,0.0240653715523048
24,6,Nick Viall,Peta Murgatroyd,TV Personality,36,Eliminated Week 7,6,7.0,30.5,True,269.0,0.1133828996282527,False,24_Nick Viall,0.0240653715523048
24,7,Nick Viall,Peta Murgatroyd,TV Personality,36,Eliminated Week 7,6,7.0,34.0,True,253.0,0.1343873517786561,True,24_Nick Viall,0.0152672543258416
24,7,Nick Viall,Peta Murgatroyd,TV Personality,36,Eliminated Week 7,6,7.0,34.0,True,253.0,0.1343873517786561,True,24_Nick Viall,0.0152672543258416
24,8,Nick Viall,Peta Murgatroyd,TV Personality,36,Eliminated Week 7,6,7.0,0.0,False,174.5,0.0,False,24_Nick Viall,
24,9,Nick Viall,Peta Murgatroyd,TV Personality,36,Eliminated Week 7,6,7.0,0.0,False,151.5,0.0,False,24_Nick Viall,
24,10,Nick Viall,Peta Murgatroyd,TV Personality,36,Eliminated Week 7,6,7.0,0.0,False,115.3331,0.0,False,24_Nick Viall,
25,1,Sasha Pieterse,Gleb Savchenko,Actor/Actress,21,Eliminated Week 5,10,5.0,18.0,True,239.0,0.0753138075313807,False,25_Sasha Pieterse,6.125364375943667e-05
25,1,Sasha Pieterse,Gleb Savchenko,Actor/Actress,21,Eliminated Week 5,10,5.0,18.0,True,239.0,0.0753138075313807,False,25_Sasha Pieterse,6.125364375943667e-05
25,2,Sasha Pieterse,Gleb Savchenko,Actor/Actress,21,Eliminated Week 5,10,5.0,22.5,True,273.5,0.0822669104204753,False,25_Sasha Pieterse,0.0001319218993296
25,2,Sasha Pieterse,Gleb Savchenko,Actor/Actress,21,Eliminated Week 5,10,5.0,22.5,True,273.5,0.0822669104204753,False,25_Sasha Pieterse,0.0001319218993296
25,3,Sasha Pieterse,Gleb Savchenko,Actor/Actress,21,Eliminated Week 5,10,5.0,19.0,True,244.0,0.0778688524590164,False,25_Sasha Pieterse,0.0001644014212484
25,3,Sasha Pieterse,Gleb Savchenko,Actor/Actress,21,Eliminated Week 5,10,5.0,19.0,True,244.0,0.0778688524590164,False,25_Sasha Pieterse,0.0001644014212484
25,4,Sasha Pieterse,Gleb Savchenko,Actor/Actress,21,Eliminated Week 5,10,5.0,24.0,True,271.0,0.088560885608856,False,25_Sasha Pieterse,6.536631630223554e-05
25,4,Sasha Pieterse,Gleb Savchenko,Actor/Actress,21,Eliminated Week 5,10,5.0,24.0,True,271.0,0.088560885608856,False,25_Sasha Pieterse,6.536631630223554e-05
25,5,Sasha Pieterse,Gleb Savchenko,Actor/Actress,21,Eliminated Week 5,10,5.0,24.0,True,261.0,0.0919540229885057,True,25_Sasha Pieterse,1.863640086028649e-18
25,5,Sasha Pieterse,Gleb Savchenko,Actor/Actress,21,Eliminated Week 5,10,5.0,24.0,True,261.0,0.0919540229885057,True,25_Sasha Pieterse,1.863640086028649e-18
25,6,Sasha Pieterse,Gleb Savchenko,Actor/Actress,21,Eliminated Week 5,10,5.0,0.0,False,306.0,0.0,False,25_Sasha Pieterse,
25,7,Sasha Pieterse,Gleb Savchenko,Actor/Actress,21,Eliminated Week 5,10,5.0,0.0,False,215.0,0.0,False,25_Sasha Pieterse,
25,8,Sasha Pieterse,Gleb Savchenko,Actor/Actress,21,Eliminated Week 5,10,5.0,0.0,False,156.5,0.0,False,25_Sasha Pieterse,
25,9,Sasha Pieterse,Gleb Savchenko,Actor/Actress,21,Eliminated Week 5,10,5.0,0.0,False,135.0,0.0,False,25_Sasha Pieterse,
25,10,Sasha Pieterse,Gleb Savchenko,Actor/Actress,21,Eliminated Week 5,10,5.0,0.0,False,156.3887,0.0,False,25_Sasha Pieterse,
25,1,Frankie Muniz,Witney Carson,Actor/Actress,31,3rd Place,3,,19.0,True,239.0,0.0794979079497908,False,25_Frankie Muniz,0.2405776898070478
25,1,Frankie Muniz,Witney Carson,Actor/Actress,31,3rd Place,3,,19.0,True,239.0,0.0794979079497908,False,25_Frankie Muniz,0.2405776898070478
25,2,Frankie Muniz,Witney Carson,Actor/Actress,31,3rd Place,3,,24.0,True,273.5,0.0877513711151736,False,25_Frankie Muniz,0.2404554025235902
25,2,Frankie Muniz,Witney Carson,Actor/Actress,31,3rd Place,3,,24.0,True,273.5,0.0877513711151736,False,25_Frankie Muniz,0.2404554025235902
25,3,Frankie Muniz,Witney Carson,Actor/Actress,31,3rd Place,3,,21.0,True,244.0,0.0860655737704918,False,25_Frankie Muniz,0.2407075795555469
25,3,Frankie Muniz,Witney Carson,Actor/Actress,31,3rd Place,3,,21.0,True,244.0,0.0860655737704918,False,25_Frankie Muniz,0.2407075795555469
25,4,Frankie Muniz,Witney Carson,Actor/Actress,31,3rd Place,3,,24.0,True,271.0,0.088560885608856,False,25_Frankie Muniz,0.2410220926959092
25,4,Frankie Muniz,Witney Carson,Actor/Actress,31,3rd Place,3,,24.0,True,271.0,0.088560885608856,False,25_Frankie Muniz,0.2410220926959092
25,5,Frankie Muniz,Witney Carson,Actor/Actress,31,3rd Place,3,,29.0,True,261.0,0.1111111111111111,False,25_Frankie Muniz,0.2416604358818654
25,5,Frankie Muniz,Witney Carson,Actor/Actress,31,3rd Place,3,,29.0,True,261.0,0.1111111111111111,False,25_Frankie Muniz,0.2416604358818654
25,6,Frankie Muniz,Witney Carson,Actor/Actress,31,3rd Place,3,,31.0,True,306.0,0.1013071895424836,False,25_Frankie Muniz,0.2419024328457457
25,6,Frankie Muniz,Witney Carson,Actor/Actress,31,3rd Place,3,,31.0,True,306.0,0.1013071895424836,False,25_Frankie Muniz,0.2419024328457457
25,7,Frankie Muniz,Witney Carson,Actor/Actress,31,3rd Place,3,,30.0,True,215.0,0.1395348837209302,False,25_Frankie Muniz,0.2429995077142134
25,7,Frankie Muniz,Witney Carson,Actor/Actress,31,3rd Place,3,,30.0,True,215.0,0.1395348837209302,False,25_Frankie Muniz,0.2429995077142134
25,8,Frankie Muniz,Witney Carson,Actor/Actress,31,3rd Place,3,,26.5,True,156.5,0.1693290734824281,False,25_Frankie Muniz,0.2440540095360918
25,8,Frankie Muniz,Witney Carson,Actor/Actress,31,3rd Place,3,,26.5,True,156.5,0.1693290734824281,False,25_Frankie Muniz,0.2440540095360918
25,9,Frankie Muniz,Witney Carson,Actor/Actress,31,3rd Place,3,,25.5,True,135.0,0.1888888888888888,False,25_Frankie Muniz,0.24622416548721
25,9,Frankie Muniz,Witney Carson,Actor/Actress,31,3rd Place,3,,25.5,True,135.0,0.1888888888888888,False,25_Frankie Muniz,0.24622416548721
25,10,Frankie Muniz,Witney Carson,Actor/Actress,31,3rd Place,3,,38.8887,True,156.3887,0.2486669433277468,False,25_Frankie Muniz,0.2499999999678691
25,10,Frankie Muniz,Witney Carson,Actor/Actress,31,3rd Place,3,,38.8887,True,156.3887,0.2486669433277468,False,25_Frankie Muniz,0.2499999999678691
25,1,Jordan Fisher,Lindsay Arnold,Actor/Actress,23,1st Place,1,,22.0,True,239.0,0.0920502092050209,False,25_Jordan Fisher,0.2405776894444972
25,1,Jordan Fisher,Lindsay Arnold,Actor/Actress,23,1st Place,1,,22.0,True,239.0,0.0920502092050209,False,25_Jordan Fisher,0.2405776894444972
25,2,Jordan Fisher,Lindsay Arnold,Actor/Actress,23,1st Place,1,,24.0,True,273.5,0.0877513711151736,False,25_Jordan Fisher,0.2404554031285121
25,2,Jordan Fisher,Lindsay Arnold,Actor/Actress,23,1st Place,1,,24.0,True,273.5,0.0877513711151736,False,25_Jordan Fisher,0.2404554031285121
25,3,Jordan Fisher,Lindsay Arnold,Actor/Actress,23,1st Place,1,,25.0,True,244.0,0.1024590163934426,False,25_Jordan Fisher,0.2407075784825098
25,3,Jordan Fisher,Lindsay Arnold,Actor/Actress,23,1st Place,1,,25.0,True,244.0,0.1024590163934426,False,25_Jordan Fisher,0.2407075784825098
25,4,Jordan Fisher,Lindsay Arnold,Actor/Actress,23,1st Place,1,,29.0,True,271.0,0.1070110701107011,False,25_Jordan Fisher,0.2410220939469742
25,4,Jordan Fisher,Lindsay Arnold,Actor/Actress,23,1st Place,1,,29.0,True,271.0,0.1070110701107011,False,25_Jordan Fisher,0.2410220939469742
25,5,Jordan Fisher,Lindsay Arnold,Actor/Actress,23,1st Place,1,,30.0,True,261.0,0.1149425287356321,False,25_Jordan Fisher,0.2416604341744396
25,5,Jordan Fisher,Lindsay Arnold,Actor/Actress,23,1st Place,1,,30.0,True,261.0,0.1149425287356321,False,25_Jordan Fisher,0.2416604341744396
25,6,Jordan Fisher,Lindsay Arnold,Actor/Actress,23,1st Place,1,,39.0,True,306.0,0.1274509803921568,False,25_Jordan Fisher,0.2419024343965892
25,6,Jordan Fisher,Lindsay Arnold,Actor/Actress,23,1st Place,1,,39.0,True,306.0,0.1274509803921568,False,25_Jordan Fisher,0.2419024343965892
25,7,Jordan Fisher,Lindsay Arnold,Actor/Actress,23,1st Place,1,,27.0,True,215.0,0.1255813953488372,False,25_Jordan Fisher,0.2429995062207905
25,7,Jordan Fisher,Lindsay Arnold,Actor/Actress,23,1st Place,1,,27.0,True,215.0,0.1255813953488372,False,25_Jordan Fisher,0.2429995062207905
25,8,Jordan Fisher,Lindsay Arnold,Actor/Actress,23,1st Place,1,,30.0,True,156.5,0.1916932907348242,False,25_Jordan Fisher,0.244054010488635
25,8,Jordan Fisher,Lindsay Arnold,Actor/Actress,23,1st Place,1,,30.0,True,156.5,0.1916932907348242,False,25_Jordan Fisher,0.244054010488635
25,9,Jordan Fisher,Lindsay Arnold,Actor/Actress,23,1st Place,1,,29.0,True,135.0,0.2148148148148148,False,25_Jordan Fisher,0.2462241646368826
25,9,Jordan Fisher,Lindsay Arnold,Actor/Actress,23,1st Place,1,,29.0,True,135.0,0.2148148148148148,False,25_Jordan Fisher,0.2462241646368826
25,10,Jordan Fisher,Lindsay Arnold,Actor/Actress,23,1st Place,1,,40.0,True,156.3887,0.2557729554628947,False,25_Jordan Fisher,0.2500000001690991
25,10,Jordan Fisher,Lindsay Arnold,Actor/Actress,23,1st Place,1,,40.0,True,156.3887,0.2557729554628947,False,25_Jordan Fisher,0.2500000001690991
25,1,Derek Fisher,Sharna Burgess,Athlete,43,Eliminated Week 4,11,4.0,18.0,True,239.0,0.0753138075313807,False,25_Derek Fisher,0.0052204562248424
25,1,Derek Fisher,Sharna Burgess,Athlete,43,Eliminated Week 4,11,4.0,18.0,True,239.0,0.0753138075313807,False,25_Derek Fisher,0.0052204562248424
25,2,Derek Fisher,Sharna Burgess,Athlete,43,Eliminated Week 4,11,4.0,19.0,True,273.5,0.0694698354661791,False,25_Derek Fisher,0.0054660471413071
25,2,Derek Fisher,Sharna Burgess,Athlete,43,Eliminated Week 4,11,4.0,19.0,True,273.5,0.0694698354661791,False,25_Derek Fisher,0.0054660471413071
25,3,Derek Fisher,Sharna Burgess,Athlete,43,Eliminated Week 4,11,4.0,21.0,True,244.0,0.0860655737704918,False,25_Derek Fisher,0.0046616872938917
25,3,Derek Fisher,Sharna Burgess,Athlete,43,Eliminated Week 4,11,4.0,21.0,True,244.0,0.0860655737704918,False,25_Derek Fisher,0.0046616872938917
25,4,Derek Fisher,Sharna Burgess,Athlete,43,Eliminated Week 4,11,4.0,23.0,True,271.0,0.084870848708487,True,25_Derek Fisher,0.0037577470867949
25,4,Derek Fisher,Sharna Burgess,Athlete,43,Eliminated Week 4,11,4.0,23.0,True,271.0,0.084870848708487,True,25_Derek Fisher,0.0037577470867949
25,5,Derek Fisher,Sharna Burgess,Athlete,43,Eliminated Week 4,11,4.0,0.0,False,261.0,0.0,False,25_Derek Fisher,
25,6,Derek Fisher,Sharna Burgess,Athlete,43,Eliminated Week 4,11,4.0,0.0,False,306.0,0.0,False,25_Derek Fisher,
25,7,Derek Fisher,Sharna Burgess,Athlete,43,Eliminated Week 4,11,4.0,0.0,False,215.0,0.0,False,25_Derek Fisher,
25,8,Derek Fisher,Sharna Burgess,Athlete,43,Eliminated Week 4,11,4.0,0.0,False,156.5,0.0,False,25_Derek Fisher,
25,9,Derek Fisher,Sharna Burgess,Athlete,43,Eliminated Week 4,11,4.0,0.0,False,135.0,0.0,False,25_Derek Fisher,
25,10,Derek Fisher,Sharna Burgess,Athlete,43,Eliminated Week 4,11,4.0,0.0,False,156.3887,0.0,False,25_Derek Fisher,
25,1,Nikki Bella,Artem Chigvintsev,Athlete,33,Eliminated Week 7,8,7.0,20.0,True,239.0,0.0836820083682008,False,25_Nikki Bella,0.0036778552094709
25,1,Nikki Bella,Artem Chigvintsev,Athlete,33,Eliminated Week 7,8,7.0,20.0,True,239.0,0.0836820083682008,False,25_Nikki Bella,0.0036778552094709
25,2,Nikki Bella,Artem Chigvintsev,Athlete,33,Eliminated Week 7,8,7.0,19.5,True,273.5,0.0712979890310786,False,25_Nikki Bella,0.0036378935764077
25,2,Nikki Bella,Artem Chigvintsev,Athlete,33,Eliminated Week 7,8,7.0,19.5,True,273.5,0.0712979890310786,False,25_Nikki Bella,0.0036378935764077
25,3,Nikki Bella,Artem Chigvintsev,Athlete,33,Eliminated Week 7,8,7.0,21.0,True,244.0,0.0860655737704918,False,25_Nikki Bella,0.0027303365382691
25,3,Nikki Bella,Artem Chigvintsev,Athlete,33,Eliminated Week 7,8,7.0,21.0,True,244.0,0.0860655737704918,False,25_Nikki Bella,0.0027303365382691
25,4,Nikki Bella,Artem Chigvintsev,Athlete,33,Eliminated Week 7,8,7.0,24.0,True,271.0,0.088560885608856,False,25_Nikki Bella,0.0017604600381266
25,4,Nikki Bella,Artem Chigvintsev,Athlete,33,Eliminated Week 7,8,7.0,24.0,True,271.0,0.088560885608856,False,25_Nikki Bella,0.0017604600381266
25,5,Nikki Bella,Artem Chigvintsev,Athlete,33,Eliminated Week 7,8,7.0,27.0,True,261.0,0.1034482758620689,False,25_Nikki Bella,0.001299744385209
25,5,Nikki Bella,Artem Chigvintsev,Athlete,33,Eliminated Week 7,8,7.0,27.0,True,261.0,0.1034482758620689,False,25_Nikki Bella,0.001299744385209
25,6,Nikki Bella,Artem Chigvintsev,Athlete,33,Eliminated Week 7,8,7.0,36.0,True,306.0,0.1176470588235294,False,25_Nikki Bella,0.0004873113362326
25,6,Nikki Bella,Artem Chigvintsev,Athlete,33,Eliminated Week 7,8,7.0,36.0,True,306.0,0.1176470588235294,False,25_Nikki Bella,0.0004873113362326
25,7,Nikki Bella,Artem Chigvintsev,Athlete,33,Eliminated Week 7,8,7.0,24.0,True,215.0,0.1116279069767441,True,25_Nikki Bella,0.0004503737372841
25,7,Nikki Bella,Artem Chigvintsev,Athlete,33,Eliminated Week 7,8,7.0,24.0,True,215.0,0.1116279069767441,True,25_Nikki Bella,0.0004503737372841
25,8,Nikki Bella,Artem Chigvintsev,Athlete,33,Eliminated Week 7,8,7.0,0.0,False,156.5,0.0,False,25_Nikki Bella,
25,9,Nikki Bella,Artem Chigvintsev,Athlete,33,Eliminated Week 7,8,7.0,0.0,False,135.0,0.0,False,25_Nikki Bella,
25,10,Nikki Bella,Artem Chigvintsev,Athlete,33,Eliminated Week 7,8,7.0,0.0,False,156.3887,0.0,False,25_Nikki Bella,
25,1,Terrell Owens,Cheryl Burke,Athlete,43,Eliminated Week 8,6,8.0,15.0,True,239.0,0.0627615062761506,False,25_Terrell Owens,0.0071416998432499
25,1,Terrell Owens,Cheryl Burke,Athlete,43,Eliminated Week 8,6,8.0,15.0,True,239.0,0.0627615062761506,False,25_Terrell Owens,0.0071416998432499
25,2,Terrell Owens,Cheryl Burke,Athlete,43,Eliminated Week 8,6,8.0,19.5,True,273.5,0.0712979890310786,False,25_Terrell Owens,0.0072716028449011
25,2,Terrell Owens,Cheryl Burke,Athlete,43,Eliminated Week 8,6,8.0,19.5,True,273.5,0.0712979890310786,False,25_Terrell Owens,0.0072716028449011
25,3,Terrell Owens,Cheryl Burke,Athlete,43,Eliminated Week 8,6,8.0,21.0,True,244.0,0.0860655737704918,False,25_Terrell Owens,0.0077200400170726
25,3,Terrell Owens,Cheryl Burke,Athlete,43,Eliminated Week 8,6,8.0,21.0,True,244.0,0.0860655737704918,False,25_Terrell Owens,0.0077200400170726
25,4,Terrell Owens,Cheryl Burke,Athlete,43,Eliminated Week 8,6,8.0,24.0,True,271.0,0.088560885608856,False,25_Terrell Owens,0.0082727307877609
25,4,Terrell Owens,Cheryl Burke,Athlete,43,Eliminated Week 8,6,8.0,24.0,True,271.0,0.088560885608856,False,25_Terrell Owens,0.0082727307877609
25,5,Terrell Owens,Cheryl Burke,Athlete,43,Eliminated Week 8,6,8.0,25.0,True,261.0,0.0957854406130268,False,25_Terrell Owens,0.0093368545329301
25,5,Terrell Owens,Cheryl Burke,Athlete,43,Eliminated Week 8,6,8.0,25.0,True,261.0,0.0957854406130268,False,25_Terrell Owens,0.0093368545329301
25,6,Terrell Owens,Cheryl Burke,Athlete,43,Eliminated Week 8,6,8.0,37.0,True,306.0,0.1209150326797385,False,25_Terrell Owens,0.01007402071095
25,6,Terrell Owens,Cheryl Burke,Athlete,43,Eliminated Week 8,6,8.0,37.0,True,306.0,0.1209150326797385,False,25_Terrell Owens,0.01007402071095
25,7,Terrell Owens,Cheryl Burke,Athlete,43,Eliminated Week 8,6,8.0,24.5,True,215.0,0.113953488372093,False,25_Terrell Owens,0.0116169491515053
25,7,Terrell Owens,Cheryl Burke,Athlete,43,Eliminated Week 8,6,8.0,24.5,True,215.0,0.113953488372093,False,25_Terrell Owens,0.0116169491515053
25,8,Terrell Owens,Cheryl Burke,Athlete,43,Eliminated Week 8,6,8.0,25.5,True,156.5,0.1629392971246006,True,25_Terrell Owens,0.0071057050169832
25,8,Terrell Owens,Cheryl Burke,Athlete,43,Eliminated Week 8,6,8.0,25.5,True,156.5,0.1629392971246006,True,25_Terrell Owens,0.0071057050169832
25,9,Terrell Owens,Cheryl Burke,Athlete,43,Eliminated Week 8,6,8.0,0.0,False,135.0,0.0,False,25_Terrell Owens,
25,10,Terrell Owens,Cheryl Burke,Athlete,43,Eliminated Week 8,6,8.0,0.0,False,156.3887,0.0,False,25_Terrell Owens,
25,1,Victoria Arlen,Valentin Chmerkovskiy,Athlete,22,Eliminated Week 9,5,9.0,19.0,True,239.0,0.0794979079497908,False,25_Victoria Arlen,0.0142235099826143
25,1,Victoria Arlen,Valentin Chmerkovskiy,Athlete,22,Eliminated Week 9,5,9.0,19.0,True,239.0,0.0794979079497908,False,25_Victoria Arlen,0.0142235099826143
25,2,Victoria Arlen,Valentin Chmerkovskiy,Athlete,22,Eliminated Week 9,5,9.0,22.0,True,273.5,0.0804387568555758,False,25_Victoria Arlen,0.0142109482130993
25,2,Victoria Arlen,Valentin Chmerkovskiy,Athlete,22,Eliminated Week 9,5,9.0,22.0,True,273.5,0.0804387568555758,False,25_Victoria Arlen,0.0142109482130993
25,3,Victoria Arlen,Valentin Chmerkovskiy,Athlete,22,Eliminated Week 9,5,9.0,22.0,True,244.0,0.0901639344262295,False,25_Victoria Arlen,0.0144196707923189
25,3,Victoria Arlen,Valentin Chmerkovskiy,Athlete,22,Eliminated Week 9,5,9.0,22.0,True,244.0,0.0901639344262295,False,25_Victoria Arlen,0.0144196707923189
25,4,Victoria Arlen,Valentin Chmerkovskiy,Athlete,22,Eliminated Week 9,5,9.0,27.0,True,271.0,0.0996309963099631,False,25_Victoria Arlen,0.0145445159313822
25,4,Victoria Arlen,Valentin Chmerkovskiy,Athlete,22,Eliminated Week 9,5,9.0,27.0,True,271.0,0.0996309963099631,False,25_Victoria Arlen,0.0145445159313822
25,5,Victoria Arlen,Valentin Chmerkovskiy,Athlete,22,Eliminated Week 9,5,9.0,27.0,True,261.0,0.1034482758620689,False,25_Victoria Arlen,0.0149729364781401
25,5,Victoria Arlen,Valentin Chmerkovskiy,Athlete,22,Eliminated Week 9,5,9.0,27.0,True,261.0,0.1034482758620689,False,25_Victoria Arlen,0.0149729364781401
25,6,Victoria Arlen,Valentin Chmerkovskiy,Athlete,22,Eliminated Week 9,5,9.0,31.0,True,306.0,0.1013071895424836,False,25_Victoria Arlen,0.0151048796225865
25,6,Victoria Arlen,Valentin Chmerkovskiy,Athlete,22,Eliminated Week 9,5,9.0,31.0,True,306.0,0.1013071895424836,False,25_Victoria Arlen,0.0151048796225865
25,7,Victoria Arlen,Valentin Chmerkovskiy,Athlete,22,Eliminated Week 9,5,9.0,28.5,True,215.0,0.1325581395348837,False,25_Victoria Arlen,0.0159346498483887
25,7,Victoria Arlen,Valentin Chmerkovskiy,Athlete,22,Eliminated Week 9,5,9.0,28.5,True,215.0,0.1325581395348837,False,25_Victoria Arlen,0.0159346498483887
25,8,Victoria Arlen,Valentin Chmerkovskiy,Athlete,22,Eliminated Week 9,5,9.0,24.0,True,156.5,0.1533546325878594,False,25_Victoria Arlen,0.0166782550341056
25,8,Victoria Arlen,Valentin Chmerkovskiy,Athlete,22,Eliminated Week 9,5,9.0,24.0,True,156.5,0.1533546325878594,False,25_Victoria Arlen,0.0166782550341056
25,9,Victoria Arlen,Valentin Chmerkovskiy,Athlete,22,Eliminated Week 9,5,9.0,28.0,True,135.0,0.2074074074074074,True,25_Victoria Arlen,0.0151033400560705
25,9,Victoria Arlen,Valentin Chmerkovskiy,Athlete,22,Eliminated Week 9,5,9.0,28.0,True,135.0,0.2074074074074074,True,25_Victoria Arlen,0.0151033400560705
25,10,Victoria Arlen,Valentin Chmerkovskiy,Athlete,22,Eliminated Week 9,5,9.0,0.0,False,156.3887,0.0,False,25_Victoria Arlen,
25,1,Barbara Corcoran,Keo Motsepe,Entrepreneur,68,Eliminated Week 2,13,2.0,14.0,True,239.0,0.0585774058577405,False,25_Barbara Corcoran,1.966916054655386e-05
25,1,Barbara Corcoran,Keo Motsepe,Entrepreneur,68,Eliminated Week 2,13,2.0,14.0,True,239.0,0.0585774058577405,False,25_Barbara Corcoran,1.966916054655386e-05
25,2,Barbara Corcoran,Keo Motsepe,Entrepreneur,68,Eliminated Week 2,13,2.0,17.0,True,273.5,0.0621572212065813,True,25_Barbara Corcoran,1.576344591482774e-18
25,2,Barbara Corcoran,Keo Motsepe,Entrepreneur,68,Eliminated Week 2,13,2.0,17.0,True,273.5,0.0621572212065813,True,25_Barbara Corcoran,1.576344591482774e-18
25,3,Barbara Corcoran,Keo Motsepe,Entrepreneur,68,Eliminated Week 2,13,2.0,0.0,False,244.0,0.0,False,25_Barbara Corcoran,
25,4,Barbara Corcoran,Keo Motsepe,Entrepreneur,68,Eliminated Week 2,13,2.0,0.0,False,271.0,0.0,False,25_Barbara Corcoran,
25,5,Barbara Corcoran,Keo Motsepe,Entrepreneur,68,Eliminated Week 2,13,2.0,0.0,False,261.0,0.0,False,25_Barbara Corcoran,
25,6,Barbara Corcoran,Keo Motsepe,Entrepreneur,68,Eliminated Week 2,13,2.0,0.0,False,306.0,0.0,False,25_Barbara Corcoran,
25,7,Barbara Corcoran,Keo Motsepe,Entrepreneur,68,Eliminated Week 2,13,2.0,0.0,False,215.0,0.0,False,25_Barbara Corcoran,
25,8,Barbara Corcoran,Keo Motsepe,Entrepreneur,68,Eliminated Week 2,13,2.0,0.0,False,156.5,0.0,False,25_Barbara Corcoran,
25,9,Barbara Corcoran,Keo Motsepe,Entrepreneur,68,Eliminated Week 2,13,2.0,0.0,False,135.0,0.0,False,25_Barbara Corcoran,
25,10,Barbara Corcoran,Keo Motsepe,Entrepreneur,68,Eliminated Week 2,13,2.0,0.0,False,156.3887,0.0,False,25_Barbara Corcoran,
25,1,Lindsey Stirling,Mark Ballas,Musician,31,2nd Place,2,,22.0,True,239.0,0.0920502092050209,False,25_Lindsey Stirling,0.2405776891551844
25,1,Lindsey Stirling,Mark Ballas,Musician,31,2nd Place,2,,22.0,True,239.0,0.0920502092050209,False,25_Lindsey Stirling,0.2405776891551844
25,2,Lindsey Stirling,Mark Ballas,Musician,31,2nd Place,2,,22.5,True,273.5,0.0822669104204753,False,25_Lindsey Stirling,0.2404554026582448
25,2,Lindsey Stirling,Mark Ballas,Musician,31,2nd Place,2,,22.5,True,273.5,0.0822669104204753,False,25_Lindsey Stirling,0.2404554026582448
25,3,Lindsey Stirling,Mark Ballas,Musician,31,2nd Place,2,,27.0,True,244.0,0.110655737704918,False,25_Lindsey Stirling,0.2407075781221694
25,3,Lindsey Stirling,Mark Ballas,Musician,31,2nd Place,2,,27.0,True,244.0,0.110655737704918,False,25_Lindsey Stirling,0.2407075781221694
25,4,Lindsey Stirling,Mark Ballas,Musician,31,2nd Place,2,,26.0,True,271.0,0.0959409594095941,False,25_Lindsey Stirling,0.2410220935732527
25,4,Lindsey Stirling,Mark Ballas,Musician,31,2nd Place,2,,26.0,True,271.0,0.0959409594095941,False,25_Lindsey Stirling,0.2410220935732527
25,5,Lindsey Stirling,Mark Ballas,Musician,31,2nd Place,2,,28.0,True,261.0,0.10727969348659,False,25_Lindsey Stirling,0.2416604339166637
25,5,Lindsey Stirling,Mark Ballas,Musician,31,2nd Place,2,,28.0,True,261.0,0.10727969348659,False,25_Lindsey Stirling,0.2416604339166637
25,6,Lindsey Stirling,Mark Ballas,Musician,31,2nd Place,2,,40.0,True,306.0,0.130718954248366,False,25_Lindsey Stirling,0.2419024338364878
25,6,Lindsey Stirling,Mark Ballas,Musician,31,2nd Place,2,,40.0,True,306.0,0.130718954248366,False,25_Lindsey Stirling,0.2419024338364878
25,7,Lindsey Stirling,Mark Ballas,Musician,31,2nd Place,2,,25.5,True,215.0,0.1186046511627907,False,25_Lindsey Stirling,0.2429995060397332
25,7,Lindsey Stirling,Mark Ballas,Musician,31,2nd Place,2,,25.5,True,215.0,0.1186046511627907,False,25_Lindsey Stirling,0.2429995060397332
25,8,Lindsey Stirling,Mark Ballas,Musician,31,2nd Place,2,,27.0,True,156.5,0.1725239616613418,False,25_Lindsey Stirling,0.2440540099191821
25,8,Lindsey Stirling,Mark Ballas,Musician,31,2nd Place,2,,27.0,True,156.5,0.1725239616613418,False,25_Lindsey Stirling,0.2440540099191821
25,9,Lindsey Stirling,Mark Ballas,Musician,31,2nd Place,2,,28.5,True,135.0,0.2111111111111111,False,25_Lindsey Stirling,0.2462241645296844
25,9,Lindsey Stirling,Mark Ballas,Musician,31,2nd Place,2,,28.5,True,135.0,0.2111111111111111,False,25_Lindsey Stirling,0.2462241645296844
25,10,Lindsey Stirling,Mark Ballas,Musician,31,2nd Place,2,,40.0,True,156.3887,0.2557729554628947,False,25_Lindsey Stirling,0.249999999660048
25,10,Lindsey Stirling,Mark Ballas,Musician,31,2nd Place,2,,40.0,True,156.3887,0.2557729554628947,False,25_Lindsey Stirling,0.249999999660048
25,1,Debbie Gibson,Alan Bersten,Singer/Rapper,47,Eliminated Week 2,12,2.0,17.0,True,239.0,0.0711297071129707,False,25_Debbie Gibson,2.9314797240247087e-05
25,1,Debbie Gibson,Alan Bersten,Singer/Rapper,47,Eliminated Week 2,12,2.0,17.0,True,239.0,0.0711297071129707,False,25_Debbie Gibson,2.9314797240247087e-05
25,2,Debbie Gibson,Alan Bersten,Singer/Rapper,47,Eliminated Week 2,12,2.0,20.5,True,273.5,0.0749542961608775,True,25_Debbie Gibson,7.421056192086878e-19
25,2,Debbie Gibson,Alan Bersten,Singer/Rapper,47,Eliminated Week 2,12,2.0,20.5,True,273.5,0.0749542961608775,True,25_Debbie Gibson,7.421056192086878e-19
25,3,Debbie Gibson,Alan Bersten,Singer/Rapper,47,Eliminated Week 2,12,2.0,0.0,False,244.0,0.0,False,25_Debbie Gibson,
25,4,Debbie Gibson,Alan Bersten,Singer/Rapper,47,Eliminated Week 2,12,2.0,0.0,False,271.0,0.0,False,25_Debbie Gibson,
25,5,Debbie Gibson,Alan Bersten,Singer/Rapper,47,Eliminated Week 2,12,2.0,0.0,False,261.0,0.0,False,25_Debbie Gibson,
25,6,Debbie Gibson,Alan Bersten,Singer/Rapper,47,Eliminated Week 2,12,2.0,0.0,False,306.0,0.0,False,25_Debbie Gibson,
25,7,Debbie Gibson,Alan Bersten,Singer/Rapper,47,Eliminated Week 2,12,2.0,0.0,False,215.0,0.0,False,25_Debbie Gibson,
25,8,Debbie Gibson,Alan Bersten,Singer/Rapper,47,Eliminated Week 2,12,2.0,0.0,False,156.5,0.0,False,25_Debbie Gibson,
25,9,Debbie Gibson,Alan Bersten,Singer/Rapper,47,Eliminated Week 2,12,2.0,0.0,False,135.0,0.0,False,25_Debbie Gibson,
25,10,Debbie Gibson,Alan Bersten,Singer/Rapper,47,Eliminated Week 2,12,2.0,0.0,False,156.3887,0.0,False,25_Debbie Gibson,
25,1,Nick Lachey,Peta Murgatroyd,Singer/Rapper,43,Eliminated Week 6,9,6.0,18.0,True,239.0,0.0753138075313807,False,25_Nick Lachey,0.0073000546098412
25,1,Nick Lachey,Peta Murgatroyd,Singer/Rapper,43,Eliminated Week 6,9,6.0,18.0,True,239.0,0.0753138075313807,False,25_Nick Lachey,0.0073000546098412
25,2,Nick Lachey,Peta Murgatroyd,Singer/Rapper,43,Eliminated Week 6,9,6.0,19.0,True,273.5,0.0694698354661791,False,25_Nick Lachey,0.0074555526360649
25,2,Nick Lachey,Peta Murgatroyd,Singer/Rapper,43,Eliminated Week 6,9,6.0,19.0,True,273.5,0.0694698354661791,False,25_Nick Lachey,0.0074555526360649
25,3,Nick Lachey,Peta Murgatroyd,Singer/Rapper,43,Eliminated Week 6,9,6.0,21.0,True,244.0,0.0860655737704918,False,25_Nick Lachey,0.0074219240353059
25,3,Nick Lachey,Peta Murgatroyd,Singer/Rapper,43,Eliminated Week 6,9,6.0,21.0,True,244.0,0.0860655737704918,False,25_Nick Lachey,0.0074219240353059
25,4,Nick Lachey,Peta Murgatroyd,Singer/Rapper,43,Eliminated Week 6,9,6.0,22.0,True,271.0,0.081180811808118,False,25_Nick Lachey,0.0074454401170402
25,4,Nick Lachey,Peta Murgatroyd,Singer/Rapper,43,Eliminated Week 6,9,6.0,22.0,True,271.0,0.081180811808118,False,25_Nick Lachey,0.0074454401170402
25,5,Nick Lachey,Peta Murgatroyd,Singer/Rapper,43,Eliminated Week 6,9,6.0,22.0,True,261.0,0.0842911877394636,False,25_Nick Lachey,0.0076542819180065
25,5,Nick Lachey,Peta Murgatroyd,Singer/Rapper,43,Eliminated Week 6,9,6.0,22.0,True,261.0,0.0842911877394636,False,25_Nick Lachey,0.0076542819180065
25,6,Nick Lachey,Peta Murgatroyd,Singer/Rapper,43,Eliminated Week 6,9,6.0,26.0,True,306.0,0.0849673202614379,True,25_Nick Lachey,0.0067240535622779
25,6,Nick Lachey,Peta Murgatroyd,Singer/Rapper,43,Eliminated Week 6,9,6.0,26.0,True,306.0,0.0849673202614379,True,25_Nick Lachey,0.0067240535622779
25,7,Nick Lachey,Peta Murgatroyd,Singer/Rapper,43,Eliminated Week 6,9,6.0,0.0,False,215.0,0.0,False,25_Nick Lachey,
25,8,Nick Lachey,Peta Murgatroyd,Singer/Rapper,43,Eliminated Week 6,9,6.0,0.0,False,156.5,0.0,False,25_Nick Lachey,
25,9,Nick Lachey,Peta Murgatroyd,Singer/Rapper,43,Eliminated Week 6,9,6.0,0.0,False,135.0,0.0,False,25_Nick Lachey,
25,10,Nick Lachey,Peta Murgatroyd,Singer/Rapper,43,Eliminated Week 6,9,6.0,0.0,False,156.3887,0.0,False,25_Nick Lachey,
25,1,Drew Scott,Emma Slater,TV Personality,39,Eliminated Week 10,4,10.0,16.0,True,239.0,0.0669456066945606,False,25_Drew Scott,0.2405776898301657
25,1,Drew Scott,Emma Slater,TV Personality,39,Eliminated Week 10,4,10.0,16.0,True,239.0,0.0669456066945606,False,25_Drew Scott,0.2405776898301657
25,2,Drew Scott,Emma Slater,TV Personality,39,Eliminated Week 10,4,10.0,20.5,True,273.5,0.0749542961608775,False,25_Drew Scott,0.2404554028008544
25,2,Drew Scott,Emma Slater,TV Personality,39,Eliminated Week 10,4,10.0,20.5,True,273.5,0.0749542961608775,False,25_Drew Scott,0.2404554028008544
25,3,Drew Scott,Emma Slater,TV Personality,39,Eliminated Week 10,4,10.0,23.0,True,244.0,0.0942622950819672,False,25_Drew Scott,0.240707579475173
25,3,Drew Scott,Emma Slater,TV Personality,39,Eliminated Week 10,4,10.0,23.0,True,244.0,0.0942622950819672,False,25_Drew Scott,0.240707579475173
25,4,Drew Scott,Emma Slater,TV Personality,39,Eliminated Week 10,4,10.0,24.0,True,271.0,0.088560885608856,False,25_Drew Scott,0.2410220931901543
25,4,Drew Scott,Emma Slater,TV Personality,39,Eliminated Week 10,4,10.0,24.0,True,271.0,0.088560885608856,False,25_Drew Scott,0.2410220931901543
25,5,Drew Scott,Emma Slater,TV Personality,39,Eliminated Week 10,4,10.0,25.0,True,261.0,0.0957854406130268,False,25_Drew Scott,0.2416604352977941
25,5,Drew Scott,Emma Slater,TV Personality,39,Eliminated Week 10,4,10.0,25.0,True,261.0,0.0957854406130268,False,25_Drew Scott,0.2416604352977941
25,6,Drew Scott,Emma Slater,TV Personality,39,Eliminated Week 10,4,10.0,30.0,True,306.0,0.0980392156862745,False,25_Drew Scott,0.2419024336891301
25,6,Drew Scott,Emma Slater,TV Personality,39,Eliminated Week 10,4,10.0,30.0,True,306.0,0.0980392156862745,False,25_Drew Scott,0.2419024336891301
25,7,Drew Scott,Emma Slater,TV Personality,39,Eliminated Week 10,4,10.0,28.5,True,215.0,0.1325581395348837,False,25_Drew Scott,0.2429995072880845
25,7,Drew Scott,Emma Slater,TV Personality,39,Eliminated Week 10,4,10.0,28.5,True,215.0,0.1325581395348837,False,25_Drew Scott,0.2429995072880845
25,8,Drew Scott,Emma Slater,TV Personality,39,Eliminated Week 10,4,10.0,23.5,True,156.5,0.1501597444089457,False,25_Drew Scott,0.2440540100050021
25,8,Drew Scott,Emma Slater,TV Personality,39,Eliminated Week 10,4,10.0,23.5,True,156.5,0.1501597444089457,False,25_Drew Scott,0.2440540100050021
25,9,Drew Scott,Emma Slater,TV Personality,39,Eliminated Week 10,4,10.0,24.0,True,135.0,0.1777777777777777,False,25_Drew Scott,0.2462241652901524
25,9,Drew Scott,Emma Slater,TV Personality,39,Eliminated Week 10,4,10.0,24.0,True,135.0,0.1777777777777777,False,25_Drew Scott,0.2462241652901524
25,10,Drew Scott,Emma Slater,TV Personality,39,Eliminated Week 10,4,10.0,37.5,True,156.3887,0.2397871457464638,True,25_Drew Scott,0.2500000002029838
25,10,Drew Scott,Emma Slater,TV Personality,39,Eliminated Week 10,4,10.0,37.5,True,156.3887,0.2397871457464638,True,25_Drew Scott,0.2500000002029838
25,1,Vanessa Lachey,Maksim Chmerkoskiy,TV Personality,36,Eliminated Week 7,7,7.0,21.0,True,239.0,0.0878661087866108,False,25_Vanessa Lachey,1.542829153951686e-05
25,1,Vanessa Lachey,Maksim Chmerkoskiy,TV Personality,36,Eliminated Week 7,7,7.0,21.0,True,239.0,0.0878661087866108,False,25_Vanessa Lachey,1.542829153951686e-05
25,2,Vanessa Lachey,Maksim Chmerkoskiy,TV Personality,36,Eliminated Week 7,7,7.0,23.5,True,273.5,0.0859232175502742,False,25_Vanessa Lachey,4.422577688466223e-06
25,2,Vanessa Lachey,Maksim Chmerkoskiy,TV Personality,36,Eliminated Week 7,7,7.0,23.5,True,273.5,0.0859232175502742,False,25_Vanessa Lachey,4.422577688466223e-06
25,3,Vanessa Lachey,Maksim Chmerkoskiy,TV Personality,36,Eliminated Week 7,7,7.0,23.0,True,244.0,0.0942622950819672,False,25_Vanessa Lachey,5.162426649381188e-05
25,3,Vanessa Lachey,Maksim Chmerkoskiy,TV Personality,36,Eliminated Week 7,7,7.0,23.0,True,244.0,0.0942622950819672,False,25_Vanessa Lachey,5.162426649381188e-05
25,4,Vanessa Lachey,Maksim Chmerkoskiy,TV Personality,36,Eliminated Week 7,7,7.0,24.0,True,271.0,0.088560885608856,False,25_Vanessa Lachey,6.536631630221024e-05
25,4,Vanessa Lachey,Maksim Chmerkoskiy,TV Personality,36,Eliminated Week 7,7,7.0,24.0,True,271.0,0.088560885608856,False,25_Vanessa Lachey,6.536631630221024e-05
25,5,Vanessa Lachey,Maksim Chmerkoskiy,TV Personality,36,Eliminated Week 7,7,7.0,24.0,True,261.0,0.0919540229885057,False,25_Vanessa Lachey,9.44434149511244e-05
25,5,Vanessa Lachey,Maksim Chmerkoskiy,TV Personality,36,Eliminated Week 7,7,7.0,24.0,True,261.0,0.0919540229885057,False,25_Vanessa Lachey,9.44434149511244e-05
25,6,Vanessa Lachey,Maksim Chmerkoskiy,TV Personality,36,Eliminated Week 7,7,7.0,36.0,True,306.0,0.1176470588235294,False,25_Vanessa Lachey,7.889905880352967e-18
25,6,Vanessa Lachey,Maksim Chmerkoskiy,TV Personality,36,Eliminated Week 7,7,7.0,36.0,True,306.0,0.1176470588235294,False,25_Vanessa Lachey,7.889905880352967e-18
25,7,Vanessa Lachey,Maksim Chmerkoskiy,TV Personality,36,Eliminated Week 7,7,7.0,27.0,True,215.0,0.1255813953488372,True,25_Vanessa Lachey,1.3247528716250716e-17
25,7,Vanessa Lachey,Maksim Chmerkoskiy,TV Personality,36,Eliminated Week 7,7,7.0,27.0,True,215.0,0.1255813953488372,True,25_Vanessa Lachey,1.3247528716250716e-17
25,8,Vanessa Lachey,Maksim Chmerkoskiy,TV Personality,36,Eliminated Week 7,7,7.0,0.0,False,156.5,0.0,False,25_Vanessa Lachey,
25,9,Vanessa Lachey,Maksim Chmerkoskiy,TV Personality,36,Eliminated Week 7,7,7.0,0.0,False,135.0,0.0,False,25_Vanessa Lachey,
25,10,Vanessa Lachey,Maksim Chmerkoskiy,TV Personality,36,Eliminated Week 7,7,7.0,0.0,False,156.3887,0.0,False,25_Vanessa Lachey,
26,1,Jamie Anderson,Artem Chigvintsev,Athlete,27,Eliminated Week 1,10,1.0,19.0,True,210.0,0.0904761904761904,True,26_Jamie Anderson,0.0
26,1,Jamie Anderson,Artem Chigvintsev,Athlete,27,Eliminated Week 1,10,1.0,19.0,True,210.0,0.0904761904761904,True,26_Jamie Anderson,0.0
26,2,Jamie Anderson,Artem Chigvintsev,Athlete,27,Eliminated Week 1,10,1.0,0.0,False,267.5,0.0,False,26_Jamie Anderson,
26,3,Jamie Anderson,Artem Chigvintsev,Athlete,27,Eliminated Week 1,10,1.0,0.0,False,211.0,0.0,False,26_Jamie Anderson,
26,4,Jamie Anderson,Artem Chigvintsev,Athlete,27,Eliminated Week 1,10,1.0,0.0,False,85.5,0.0,False,26_Jamie Anderson,
26,1,Johnny Damon,Emma Slater,Athlete,44,Eliminated Week 1,9,1.0,18.0,True,210.0,0.0857142857142857,True,26_Johnny Damon,0.0
26,1,Johnny Damon,Emma Slater,Athlete,44,Eliminated Week 1,9,1.0,18.0,True,210.0,0.0857142857142857,True,26_Johnny Damon,0.0
26,2,Johnny Damon,Emma Slater,Athlete,44,Eliminated Week 1,9,1.0,0.0,False,267.5,0.0,False,26_Johnny Damon,
26,3,Johnny Damon,Emma Slater,Athlete,44,Eliminated Week 1,9,1.0,0.0,False,211.0,0.0,False,26_Johnny Damon,
26,4,Johnny Damon,Emma Slater,Athlete,44,Eliminated Week 1,9,1.0,0.0,False,85.5,0.0,False,26_Johnny Damon,
26,1,Kareem Abdul-Jabbar,Lindsay Arnold,Athlete,71,Eliminated Week 2,8,2.0,17.0,True,210.0,0.0809523809523809,False,26_Kareem Abdul-Jabbar,0.0095238095238095
26,1,Kareem Abdul-Jabbar,Lindsay Arnold,Athlete,71,Eliminated Week 2,8,2.0,17.0,True,210.0,0.0809523809523809,False,26_Kareem Abdul-Jabbar,0.0095238095238095
26,2,Kareem Abdul-Jabbar,Lindsay Arnold,Athlete,71,Eliminated Week 2,8,2.0,29.5,True,267.5,0.1102803738317757,True,26_Kareem Abdul-Jabbar,0.0062208853752923
26,2,Kareem Abdul-Jabbar,Lindsay Arnold,Athlete,71,Eliminated Week 2,8,2.0,29.5,True,267.5,0.1102803738317757,True,26_Kareem Abdul-Jabbar,0.0062208853752923
26,3,Kareem Abdul-Jabbar,Lindsay Arnold,Athlete,71,Eliminated Week 2,8,2.0,0.0,False,211.0,0.0,False,26_Kareem Abdul-Jabbar,
26,4,Kareem Abdul-Jabbar,Lindsay Arnold,Athlete,71,Eliminated Week 2,8,2.0,0.0,False,85.5,0.0,False,26_Kareem Abdul-Jabbar,
26,1,Arike Ogunbowale,Gleb Savchenko,Athlete,21,Eliminated Week 2,7,2.0,20.0,True,210.0,0.0952380952380952,False,26_Arike Ogunbowale,6.995136891604914e-17
26,1,Arike Ogunbowale,Gleb Savchenko,Athlete,21,Eliminated Week 2,7,2.0,20.0,True,210.0,0.0952380952380952,False,26_Arike Ogunbowale,6.995136891604914e-17
26,2,Arike Ogunbowale,Gleb Savchenko,Athlete,21,Eliminated Week 2,7,2.0,35.0,True,267.5,0.1308411214953271,True,26_Arike Ogunbowale,0.0
26,2,Arike Ogunbowale,Gleb Savchenko,Athlete,21,Eliminated Week 2,7,2.0,35.0,True,267.5,0.1308411214953271,True,26_Arike Ogunbowale,0.0
26,3,Arike Ogunbowale,Gleb Savchenko,Athlete,21,Eliminated Week 2,7,2.0,0.0,False,211.0,0.0,False,26_Arike Ogunbowale,
26,4,Arike Ogunbowale,Gleb Savchenko,Athlete,21,Eliminated Week 2,7,2.0,0.0,False,85.5,0.0,False,26_Arike Ogunbowale,
26,1,Jennie Finch Daigle,Keo Motsepe,Athlete,37,Eliminated Week 3,6,3.0,21.0,True,210.0,0.1,False,26_Jennie Finch Daigle,0.0125895183434547
26,1,Jennie Finch Daigle,Keo Motsepe,Athlete,37,Eliminated Week 3,6,3.0,21.0,True,210.0,0.1,False,26_Jennie Finch Daigle,0.0125895183434547
26,2,Jennie Finch Daigle,Keo Motsepe,Athlete,37,Eliminated Week 3,6,3.0,31.5,True,267.5,0.1177570093457943,False,26_Jennie Finch Daigle,0.0130247867772279
26,2,Jennie Finch Daigle,Keo Motsepe,Athlete,37,Eliminated Week 3,6,3.0,31.5,True,267.5,0.1177570093457943,False,26_Jennie Finch Daigle,0.0130247867772279
26,3,Jennie Finch Daigle,Keo Motsepe,Athlete,37,Eliminated Week 3,6,3.0,29.0,True,211.0,0.1374407582938388,True,26_Jennie Finch Daigle,0.010933114313616
26,3,Jennie Finch Daigle,Keo Motsepe,Athlete,37,Eliminated Week 3,6,3.0,29.0,True,211.0,0.1374407582938388,True,26_Jennie Finch Daigle,0.010933114313616
26,4,Jennie Finch Daigle,Keo Motsepe,Athlete,37,Eliminated Week 3,6,3.0,0.0,False,85.5,0.0,False,26_Jennie Finch Daigle,
26,1,Chris Mazdzer,Witney Carson,Athlete,29,Eliminated Week 3,5,3.0,21.0,True,210.0,0.1,False,26_Chris Mazdzer,0.0066020787691014
26,1,Chris Mazdzer,Witney Carson,Athlete,29,Eliminated Week 3,5,3.0,21.0,True,210.0,0.1,False,26_Chris Mazdzer,0.0066020787691014
26,2,Chris Mazdzer,Witney Carson,Athlete,29,Eliminated Week 3,5,3.0,33.0,True,267.5,0.1233644859813084,False,26_Chris Mazdzer,0.0074173101417139
26,2,Chris Mazdzer,Witney Carson,Athlete,29,Eliminated Week 3,5,3.0,33.0,True,267.5,0.1233644859813084,False,26_Chris Mazdzer,0.0074173101417139
26,3,Chris Mazdzer,Witney Carson,Athlete,29,Eliminated Week 3,5,3.0,33.0,True,211.0,0.1563981042654028,True,26_Chris Mazdzer,0.0055212665019703
26,3,Chris Mazdzer,Witney Carson,Athlete,29,Eliminated Week 3,5,3.0,33.0,True,211.0,0.1563981042654028,True,26_Chris Mazdzer,0.0055212665019703
26,4,Chris Mazdzer,Witney Carson,Athlete,29,Eliminated Week 3,5,3.0,0.0,False,85.5,0.0,False,26_Chris Mazdzer,
26,1,Mirai Nagasu,Alan Bersten,Athlete,25,Eliminated Week 3,4,3.0,23.0,True,210.0,0.1095238095238095,False,26_Mirai Nagasu,1.1305518153592595e-16
26,1,Mirai Nagasu,Alan Bersten,Athlete,25,Eliminated Week 3,4,3.0,23.0,True,210.0,0.1095238095238095,False,26_Mirai Nagasu,1.1305518153592595e-16
26,2,Mirai Nagasu,Alan Bersten,Athlete,25,Eliminated Week 3,4,3.0,37.0,True,267.5,0.1383177570093458,False,26_Mirai Nagasu,0.0
26,2,Mirai Nagasu,Alan Bersten,Athlete,25,Eliminated Week 3,4,3.0,37.0,True,267.5,0.1383177570093458,False,26_Mirai Nagasu,0.0
26,3,Mirai Nagasu,Alan Bersten,Athlete,25,Eliminated Week 3,4,3.0,35.0,True,211.0,0.1658767772511848,True,26_Mirai Nagasu,1.1179479651041158e-16
26,3,Mirai Nagasu,Alan Bersten,Athlete,25,Eliminated Week 3,4,3.0,35.0,True,211.0,0.1658767772511848,True,26_Mirai Nagasu,1.1179479651041158e-16
26,4,Mirai Nagasu,Alan Bersten,Athlete,25,Eliminated Week 3,4,3.0,0.0,False,85.5,0.0,False,26_Mirai Nagasu,
26,1,Tonya Harding,Sasha Farber,Athlete,47,3rd Place,3,,23.0,True,210.0,0.1095238095238095,False,26_Tonya Harding,0.3237714364555731
26,1,Tonya Harding,Sasha Farber,Athlete,47,3rd Place,3,,23.0,True,210.0,0.1095238095238095,False,26_Tonya Harding,0.3237714364555731
26,2,Tonya Harding,Sasha Farber,Athlete,47,3rd Place,3,,33.0,True,267.5,0.1233644859813084,False,26_Tonya Harding,0.3244217869621684
26,2,Tonya Harding,Sasha Farber,Athlete,47,3rd Place,3,,33.0,True,267.5,0.1233644859813084,False,26_Tonya Harding,0.3244217869621684
26,3,Tonya Harding,Sasha Farber,Athlete,47,3rd Place,3,,35.0,True,211.0,0.1658767772511848,False,26_Tonya Harding,0.3278723871869439
26,3,Tonya Harding,Sasha Farber,Athlete,47,3rd Place,3,,35.0,True,211.0,0.1658767772511848,False,26_Tonya Harding,0.3278723871869439
26,4,Tonya Harding,Sasha Farber,Athlete,47,3rd Place,3,,28.0,True,85.5,0.327485380116959,False,26_Tonya Harding,0.333323466971318
26,4,Tonya Harding,Sasha Farber,Athlete,47,3rd Place,3,,28.0,True,85.5,0.327485380116959,False,26_Tonya Harding,0.333323466971318
26,1,Josh Norman,Sharna Burgess,Athlete,30,2nd Place,2,,24.0,True,210.0,0.1142857142857142,False,26_Josh Norman,0.3237510633337414
26,1,Josh Norman,Sharna Burgess,Athlete,30,2nd Place,2,,24.0,True,210.0,0.1142857142857142,False,26_Josh Norman,0.3237510633337414
26,2,Josh Norman,Sharna Burgess,Athlete,30,2nd Place,2,,31.5,True,267.5,0.1177570093457943,False,26_Josh Norman,0.3244709644058233
26,2,Josh Norman,Sharna Burgess,Athlete,30,2nd Place,2,,31.5,True,267.5,0.1177570093457943,False,26_Josh Norman,0.3244709644058233
26,3,Josh Norman,Sharna Burgess,Athlete,30,2nd Place,2,,38.0,True,211.0,0.1800947867298578,False,26_Josh Norman,0.3278232160973356
26,3,Josh Norman,Sharna Burgess,Athlete,30,2nd Place,2,,38.0,True,211.0,0.1800947867298578,False,26_Josh Norman,0.3278232160973356
26,4,Josh Norman,Sharna Burgess,Athlete,30,2nd Place,2,,28.5,True,85.5,0.3333333333333333,False,26_Josh Norman,0.3333438311673658
26,4,Josh Norman,Sharna Burgess,Athlete,30,2nd Place,2,,28.5,True,85.5,0.3333333333333333,False,26_Josh Norman,0.3333438311673658
26,1,Adam Rippon,Jenna Johnson,Athlete,28,1st Place,1,,24.0,True,210.0,0.1142857142857142,False,26_Adam Rippon,0.3237620935743195
26,1,Adam Rippon,Jenna Johnson,Athlete,28,1st Place,1,,24.0,True,210.0,0.1142857142857142,False,26_Adam Rippon,0.3237620935743195
26,2,Adam Rippon,Jenna Johnson,Athlete,28,1st Place,1,,37.0,True,267.5,0.1383177570093458,False,26_Adam Rippon,0.324444266337774
26,2,Adam Rippon,Jenna Johnson,Athlete,28,1st Place,1,,37.0,True,267.5,0.1383177570093458,False,26_Adam Rippon,0.324444266337774
26,3,Adam Rippon,Jenna Johnson,Athlete,28,1st Place,1,,41.0,True,211.0,0.1943127962085308,False,26_Adam Rippon,0.3278500159001339
26,3,Adam Rippon,Jenna Johnson,Athlete,28,1st Place,1,,41.0,True,211.0,0.1943127962085308,False,26_Adam Rippon,0.3278500159001339
26,4,Adam Rippon,Jenna Johnson,Athlete,28,1st Place,1,,29.0,True,85.5,0.3391812865497076,False,26_Adam Rippon,0.3333327018613162
26,4,Adam Rippon,Jenna Johnson,Athlete,28,1st Place,1,,29.0,True,85.5,0.3391812865497076,False,26_Adam Rippon,0.3333327018613162
27,1,Juan Pablo Di Pace,Cheryl Burke,Actor/Actress,39,Eliminated Week 8,5,8.0,22.0,True,255.0,0.0862745098039215,False,27_Juan Pablo Di Pace,0.0086301684238195
27,1,Juan Pablo Di Pace,Cheryl Burke,Actor/Actress,39,Eliminated Week 8,5,8.0,22.0,True,255.0,0.0862745098039215,False,27_Juan Pablo Di Pace,0.0086301684238195
27,2,Juan Pablo Di Pace,Cheryl Burke,Actor/Actress,39,Eliminated Week 8,5,8.0,26.0,True,270.5,0.0961182994454713,False,27_Juan Pablo Di Pace,0.0086841884252164
27,2,Juan Pablo Di Pace,Cheryl Burke,Actor/Actress,39,Eliminated Week 8,5,8.0,26.0,True,270.5,0.0961182994454713,False,27_Juan Pablo Di Pace,0.0086841884252164
27,3,Juan Pablo Di Pace,Cheryl Burke,Actor/Actress,39,Eliminated Week 8,5,8.0,30.0,True,271.0,0.1107011070110701,False,27_Juan Pablo Di Pace,0.0087072855185406
27,3,Juan Pablo Di Pace,Cheryl Burke,Actor/Actress,39,Eliminated Week 8,5,8.0,30.0,True,271.0,0.1107011070110701,False,27_Juan Pablo Di Pace,0.0087072855185406
27,4,Juan Pablo Di Pace,Cheryl Burke,Actor/Actress,39,Eliminated Week 8,5,8.0,24.0,True,232.0,0.1034482758620689,False,27_Juan Pablo Di Pace,0.0085297421100668
27,4,Juan Pablo Di Pace,Cheryl Burke,Actor/Actress,39,Eliminated Week 8,5,8.0,24.0,True,232.0,0.1034482758620689,False,27_Juan Pablo Di Pace,0.0085297421100668
27,5,Juan Pablo Di Pace,Cheryl Burke,Actor/Actress,39,Eliminated Week 8,5,8.0,29.0,True,222.0,0.1306306306306306,False,27_Juan Pablo Di Pace,0.0081713059644242
27,5,Juan Pablo Di Pace,Cheryl Burke,Actor/Actress,39,Eliminated Week 8,5,8.0,29.0,True,222.0,0.1306306306306306,False,27_Juan Pablo Di Pace,0.0081713059644242
27,6,Juan Pablo Di Pace,Cheryl Burke,Actor/Actress,39,Eliminated Week 8,5,8.0,30.0,True,229.0,0.131004366812227,False,27_Juan Pablo Di Pace,0.0078503303350304
27,6,Juan Pablo Di Pace,Cheryl Burke,Actor/Actress,39,Eliminated Week 8,5,8.0,30.0,True,229.0,0.131004366812227,False,27_Juan Pablo Di Pace,0.0078503303350304
27,7,Juan Pablo Di Pace,Cheryl Burke,Actor/Actress,39,Eliminated Week 8,5,8.0,28.0,True,217.5,0.128735632183908,False,27_Juan Pablo Di Pace,0.0088001146645426
27,7,Juan Pablo Di Pace,Cheryl Burke,Actor/Actress,39,Eliminated Week 8,5,8.0,28.0,True,217.5,0.128735632183908,False,27_Juan Pablo Di Pace,0.0088001146645426
27,8,Juan Pablo Di Pace,Cheryl Burke,Actor/Actress,39,Eliminated Week 8,5,8.0,30.0,True,161.0,0.186335403726708,True,27_Juan Pablo Di Pace,0.0065156652381555
27,8,Juan Pablo Di Pace,Cheryl Burke,Actor/Actress,39,Eliminated Week 8,5,8.0,30.0,True,161.0,0.186335403726708,True,27_Juan Pablo Di Pace,0.0065156652381555
27,9,Juan Pablo Di Pace,Cheryl Burke,Actor/Actress,39,Eliminated Week 8,5,8.0,0.0,False,115.5,0.0,False,27_Juan Pablo Di Pace,
27,1,Evanna Lynch,Keo Motsepe,Actor/Actress,27,3rd Place,3,,18.0,True,255.0,0.0705882352941176,False,27_Evanna Lynch,0.2261400037139219
27,1,Evanna Lynch,Keo Motsepe,Actor/Actress,27,3rd Place,3,,18.0,True,255.0,0.0705882352941176,False,27_Evanna Lynch,0.2261400037139219
27,2,Evanna Lynch,Keo Motsepe,Actor/Actress,27,3rd Place,3,,24.0,True,270.5,0.088724584103512,False,27_Evanna Lynch,0.2261600795895904
27,2,Evanna Lynch,Keo Motsepe,Actor/Actress,27,3rd Place,3,,24.0,True,270.5,0.088724584103512,False,27_Evanna Lynch,0.2261600795895904
27,3,Evanna Lynch,Keo Motsepe,Actor/Actress,27,3rd Place,3,,27.0,True,271.0,0.0996309963099631,False,27_Evanna Lynch,0.2262565521244403
27,3,Evanna Lynch,Keo Motsepe,Actor/Actress,27,3rd Place,3,,27.0,True,271.0,0.0996309963099631,False,27_Evanna Lynch,0.2262565521244403
27,4,Evanna Lynch,Keo Motsepe,Actor/Actress,27,3rd Place,3,,24.0,True,232.0,0.1034482758620689,False,27_Evanna Lynch,0.2263840506626583
27,4,Evanna Lynch,Keo Motsepe,Actor/Actress,27,3rd Place,3,,24.0,True,232.0,0.1034482758620689,False,27_Evanna Lynch,0.2263840506626583
27,5,Evanna Lynch,Keo Motsepe,Actor/Actress,27,3rd Place,3,,24.0,True,222.0,0.1081081081081081,False,27_Evanna Lynch,0.2288839085665845
27,5,Evanna Lynch,Keo Motsepe,Actor/Actress,27,3rd Place,3,,24.0,True,222.0,0.1081081081081081,False,27_Evanna Lynch,0.2288839085665845
27,6,Evanna Lynch,Keo Motsepe,Actor/Actress,27,3rd Place,3,,29.0,True,229.0,0.1266375545851528,False,27_Evanna Lynch,0.2314052327717347
27,6,Evanna Lynch,Keo Motsepe,Actor/Actress,27,3rd Place,3,,29.0,True,229.0,0.1266375545851528,False,27_Evanna Lynch,0.2314052327717347
27,7,Evanna Lynch,Keo Motsepe,Actor/Actress,27,3rd Place,3,,29.5,True,217.5,0.135632183908046,False,27_Evanna Lynch,0.2351352661602075
27,7,Evanna Lynch,Keo Motsepe,Actor/Actress,27,3rd Place,3,,29.5,True,217.5,0.135632183908046,False,27_Evanna Lynch,0.2351352661602075
27,8,Evanna Lynch,Keo Motsepe,Actor/Actress,27,3rd Place,3,,29.0,True,161.0,0.1801242236024844,False,27_Evanna Lynch,0.2414202347287473
27,8,Evanna Lynch,Keo Motsepe,Actor/Actress,27,3rd Place,3,,29.0,True,161.0,0.1801242236024844,False,27_Evanna Lynch,0.2414202347287473
27,9,Evanna Lynch,Keo Motsepe,Actor/Actress,27,3rd Place,3,,30.0,True,115.5,0.2597402597402597,False,27_Evanna Lynch,0.2499999998027804
27,9,Evanna Lynch,Keo Motsepe,Actor/Actress,27,3rd Place,3,,30.0,True,115.5,0.2597402597402597,False,27_Evanna Lynch,0.2499999998027804
27,1,Nancy McKeon,Valentin Chmerkovskiy,Actor/Actress,52,Eliminated Week 3,11,3.0,19.5,True,255.0,0.0764705882352941,False,27_Nancy McKeon,0.0008306318331952
27,1,Nancy McKeon,Valentin Chmerkovskiy,Actor/Actress,52,Eliminated Week 3,11,3.0,19.5,True,255.0,0.0764705882352941,False,27_Nancy McKeon,0.0008306318331952
27,2,Nancy McKeon,Valentin Chmerkovskiy,Actor/Actress,52,Eliminated Week 3,11,3.0,20.5,True,270.5,0.0757855822550831,False,27_Nancy McKeon,0.0007973357395379
27,2,Nancy McKeon,Valentin Chmerkovskiy,Actor/Actress,52,Eliminated Week 3,11,3.0,20.5,True,270.5,0.0757855822550831,False,27_Nancy McKeon,0.0007973357395379
27,3,Nancy McKeon,Valentin Chmerkovskiy,Actor/Actress,52,Eliminated Week 3,11,3.0,22.0,True,271.0,0.081180811808118,True,27_Nancy McKeon,0.0008378324160536
27,3,Nancy McKeon,Valentin Chmerkovskiy,Actor/Actress,52,Eliminated Week 3,11,3.0,22.0,True,271.0,0.081180811808118,True,27_Nancy McKeon,0.0008378324160536
27,4,Nancy McKeon,Valentin Chmerkovskiy,Actor/Actress,52,Eliminated Week 3,11,3.0,0.0,False,232.0,0.0,False,27_Nancy McKeon,
27,5,Nancy McKeon,Valentin Chmerkovskiy,Actor/Actress,52,Eliminated Week 3,11,3.0,0.0,False,222.0,0.0,False,27_Nancy McKeon,
27,6,Nancy McKeon,Valentin Chmerkovskiy,Actor/Actress,52,Eliminated Week 3,11,3.0,0.0,False,229.0,0.0,False,27_Nancy McKeon,
27,7,Nancy McKeon,Valentin Chmerkovskiy,Actor/Actress,52,Eliminated Week 3,11,3.0,0.0,False,217.5,0.0,False,27_Nancy McKeon,
27,8,Nancy McKeon,Valentin Chmerkovskiy,Actor/Actress,52,Eliminated Week 3,11,3.0,0.0,False,161.0,0.0,False,27_Nancy McKeon,
27,9,Nancy McKeon,Valentin Chmerkovskiy,Actor/Actress,52,Eliminated Week 3,11,3.0,0.0,False,115.5,0.0,False,27_Nancy McKeon,
27,1,John Schneider,Emma Slater,Actor/Actress,58,Eliminated Week 7,8,7.0,18.0,True,255.0,0.0705882352941176,False,27_John Schneider,0.0210082818799661
27,1,John Schneider,Emma Slater,Actor/Actress,58,Eliminated Week 7,8,7.0,18.0,True,255.0,0.0705882352941176,False,27_John Schneider,0.0210082818799661
27,2,John Schneider,Emma Slater,Actor/Actress,58,Eliminated Week 7,8,7.0,21.5,True,270.5,0.0794824399260628,False,27_John Schneider,0.0211394259408683
27,2,John Schneider,Emma Slater,Actor/Actress,58,Eliminated Week 7,8,7.0,21.5,True,270.5,0.0794824399260628,False,27_John Schneider,0.0211394259408683
27,3,John Schneider,Emma Slater,Actor/Actress,58,Eliminated Week 7,8,7.0,21.0,True,271.0,0.077490774907749,False,27_John Schneider,0.0212249988558732
27,3,John Schneider,Emma Slater,Actor/Actress,58,Eliminated Week 7,8,7.0,21.0,True,271.0,0.077490774907749,False,27_John Schneider,0.0212249988558732
27,4,John Schneider,Emma Slater,Actor/Actress,58,Eliminated Week 7,8,7.0,21.0,True,232.0,0.0905172413793103,False,27_John Schneider,0.0214607765928255
27,4,John Schneider,Emma Slater,Actor/Actress,58,Eliminated Week 7,8,7.0,21.0,True,232.0,0.0905172413793103,False,27_John Schneider,0.0214607765928255
27,5,John Schneider,Emma Slater,Actor/Actress,58,Eliminated Week 7,8,7.0,24.0,True,222.0,0.1081081081081081,False,27_John Schneider,0.0216300240272746
27,5,John Schneider,Emma Slater,Actor/Actress,58,Eliminated Week 7,8,7.0,24.0,True,222.0,0.1081081081081081,False,27_John Schneider,0.0216300240272746
27,6,John Schneider,Emma Slater,Actor/Actress,58,Eliminated Week 7,8,7.0,19.0,True,229.0,0.0829694323144104,False,27_John Schneider,0.0217899933347783
27,6,John Schneider,Emma Slater,Actor/Actress,58,Eliminated Week 7,8,7.0,19.0,True,229.0,0.0829694323144104,False,27_John Schneider,0.0217899933347783
27,7,John Schneider,Emma Slater,Actor/Actress,58,Eliminated Week 7,8,7.0,27.0,True,217.5,0.1241379310344827,True,27_John Schneider,0.0134155204031764
27,7,John Schneider,Emma Slater,Actor/Actress,58,Eliminated Week 7,8,7.0,27.0,True,217.5,0.1241379310344827,True,27_John Schneider,0.0134155204031764
27,8,John Schneider,Emma Slater,Actor/Actress,58,Eliminated Week 7,8,7.0,0.0,False,161.0,0.0,False,27_John Schneider,
27,9,John Schneider,Emma Slater,Actor/Actress,58,Eliminated Week 7,8,7.0,0.0,False,115.5,0.0,False,27_John Schneider,
27,1,Milo Manheim,Witney Carson,Actor/Actress,17,2nd Place,2,,20.0,True,255.0,0.0784313725490196,False,27_Milo Manheim,0.226140003707276
27,1,Milo Manheim,Witney Carson,Actor/Actress,17,2nd Place,2,,20.0,True,255.0,0.0784313725490196,False,27_Milo Manheim,0.226140003707276
27,2,Milo Manheim,Witney Carson,Actor/Actress,17,2nd Place,2,,26.0,True,270.5,0.0961182994454713,False,27_Milo Manheim,0.2261600795887522
27,2,Milo Manheim,Witney Carson,Actor/Actress,17,2nd Place,2,,26.0,True,270.5,0.0961182994454713,False,27_Milo Manheim,0.2261600795887522
27,3,Milo Manheim,Witney Carson,Actor/Actress,17,2nd Place,2,,27.0,True,271.0,0.0996309963099631,False,27_Milo Manheim,0.2262565521072659
27,3,Milo Manheim,Witney Carson,Actor/Actress,17,2nd Place,2,,27.0,True,271.0,0.0996309963099631,False,27_Milo Manheim,0.2262565521072659
27,4,Milo Manheim,Witney Carson,Actor/Actress,17,2nd Place,2,,29.0,True,232.0,0.125,False,27_Milo Manheim,0.2263840506928846
27,4,Milo Manheim,Witney Carson,Actor/Actress,17,2nd Place,2,,29.0,True,232.0,0.125,False,27_Milo Manheim,0.2263840506928846
27,5,Milo Manheim,Witney Carson,Actor/Actress,17,2nd Place,2,,27.0,True,222.0,0.1216216216216216,False,27_Milo Manheim,0.2288839085837821
27,5,Milo Manheim,Witney Carson,Actor/Actress,17,2nd Place,2,,27.0,True,222.0,0.1216216216216216,False,27_Milo Manheim,0.2288839085837821
27,6,Milo Manheim,Witney Carson,Actor/Actress,17,2nd Place,2,,30.0,True,229.0,0.131004366812227,False,27_Milo Manheim,0.2314052327849983
27,6,Milo Manheim,Witney Carson,Actor/Actress,17,2nd Place,2,,30.0,True,229.0,0.131004366812227,False,27_Milo Manheim,0.2314052327849983
27,7,Milo Manheim,Witney Carson,Actor/Actress,17,2nd Place,2,,29.0,True,217.5,0.1333333333333333,False,27_Milo Manheim,0.2351352661869277
27,7,Milo Manheim,Witney Carson,Actor/Actress,17,2nd Place,2,,29.0,True,217.5,0.1333333333333333,False,27_Milo Manheim,0.2351352661869277
27,8,Milo Manheim,Witney Carson,Actor/Actress,17,2nd Place,2,,27.5,True,161.0,0.170807453416149,False,27_Milo Manheim,0.2414202347477842
27,8,Milo Manheim,Witney Carson,Actor/Actress,17,2nd Place,2,,27.5,True,161.0,0.170807453416149,False,27_Milo Manheim,0.2414202347477842
27,9,Milo Manheim,Witney Carson,Actor/Actress,17,2nd Place,2,,30.0,True,115.5,0.2597402597402597,False,27_Milo Manheim,0.249999999849814
27,9,Milo Manheim,Witney Carson,Actor/Actress,17,2nd Place,2,,30.0,True,115.5,0.2597402597402597,False,27_Milo Manheim,0.249999999849814
27,1,Danelle Umstead,Artem Chigvintsev,Athlete,46,Eliminated Week 2,12,2.0,18.0,True,255.0,0.0705882352941176,False,27_Danelle Umstead,0.0008013464462454
27,1,Danelle Umstead,Artem Chigvintsev,Athlete,46,Eliminated Week 2,12,2.0,18.0,True,255.0,0.0705882352941176,False,27_Danelle Umstead,0.0008013464462454
27,2,Danelle Umstead,Artem Chigvintsev,Athlete,46,Eliminated Week 2,12,2.0,18.5,True,270.5,0.0683918669131238,True,27_Danelle Umstead,0.000780750107427
27,2,Danelle Umstead,Artem Chigvintsev,Athlete,46,Eliminated Week 2,12,2.0,18.5,True,270.5,0.0683918669131238,True,27_Danelle Umstead,0.000780750107427
27,3,Danelle Umstead,Artem Chigvintsev,Athlete,46,Eliminated Week 2,12,2.0,0.0,False,271.0,0.0,False,27_Danelle Umstead,
27,4,Danelle Umstead,Artem Chigvintsev,Athlete,46,Eliminated Week 2,12,2.0,0.0,False,232.0,0.0,False,27_Danelle Umstead,
27,5,Danelle Umstead,Artem Chigvintsev,Athlete,46,Eliminated Week 2,12,2.0,0.0,False,222.0,0.0,False,27_Danelle Umstead,
27,6,Danelle Umstead,Artem Chigvintsev,Athlete,46,Eliminated Week 2,12,2.0,0.0,False,229.0,0.0,False,27_Danelle Umstead,
27,7,Danelle Umstead,Artem Chigvintsev,Athlete,46,Eliminated Week 2,12,2.0,0.0,False,217.5,0.0,False,27_Danelle Umstead,
27,8,Danelle Umstead,Artem Chigvintsev,Athlete,46,Eliminated Week 2,12,2.0,0.0,False,161.0,0.0,False,27_Danelle Umstead,
27,9,Danelle Umstead,Artem Chigvintsev,Athlete,46,Eliminated Week 2,12,2.0,0.0,False,115.5,0.0,False,27_Danelle Umstead,
27,1,Mary Lou Retton,Sasha Farber,Athlete,50,Eliminated Week 6,9,6.0,20.0,True,255.0,0.0784313725490196,False,27_Mary Lou Retton,8.609629228167042e-05
27,1,Mary Lou Retton,Sasha Farber,Athlete,50,Eliminated Week 6,9,6.0,20.0,True,255.0,0.0784313725490196,False,27_Mary Lou Retton,8.609629228167042e-05
27,2,Mary Lou Retton,Sasha Farber,Athlete,50,Eliminated Week 6,9,6.0,23.0,True,270.5,0.0850277264325323,False,27_Mary Lou Retton,0.0001083667103047
27,2,Mary Lou Retton,Sasha Farber,Athlete,50,Eliminated Week 6,9,6.0,23.0,True,270.5,0.0850277264325323,False,27_Mary Lou Retton,0.0001083667103047
27,3,Mary Lou Retton,Sasha Farber,Athlete,50,Eliminated Week 6,9,6.0,24.0,True,271.0,0.088560885608856,False,27_Mary Lou Retton,7.658203016007536e-05
27,3,Mary Lou Retton,Sasha Farber,Athlete,50,Eliminated Week 6,9,6.0,24.0,True,271.0,0.088560885608856,False,27_Mary Lou Retton,7.658203016007536e-05
27,4,Mary Lou Retton,Sasha Farber,Athlete,50,Eliminated Week 6,9,6.0,26.0,True,232.0,0.1120689655172413,False,27_Mary Lou Retton,2.0805289583752832e-17
27,4,Mary Lou Retton,Sasha Farber,Athlete,50,Eliminated Week 6,9,6.0,26.0,True,232.0,0.1120689655172413,False,27_Mary Lou Retton,2.0805289583752832e-17
27,5,Mary Lou Retton,Sasha Farber,Athlete,50,Eliminated Week 6,9,6.0,25.0,True,222.0,0.1126126126126126,False,27_Mary Lou Retton,6.734721648857536e-05
27,5,Mary Lou Retton,Sasha Farber,Athlete,50,Eliminated Week 6,9,6.0,25.0,True,222.0,0.1126126126126126,False,27_Mary Lou Retton,6.734721648857536e-05
27,6,Mary Lou Retton,Sasha Farber,Athlete,50,Eliminated Week 6,9,6.0,24.0,True,229.0,0.1048034934497816,True,27_Mary Lou Retton,1.2193058535205525e-17
27,6,Mary Lou Retton,Sasha Farber,Athlete,50,Eliminated Week 6,9,6.0,24.0,True,229.0,0.1048034934497816,True,27_Mary Lou Retton,1.2193058535205525e-17
27,7,Mary Lou Retton,Sasha Farber,Athlete,50,Eliminated Week 6,9,6.0,0.0,False,217.5,0.0,False,27_Mary Lou Retton,
27,8,Mary Lou Retton,Sasha Farber,Athlete,50,Eliminated Week 6,9,6.0,0.0,False,161.0,0.0,False,27_Mary Lou Retton,
27,9,Mary Lou Retton,Sasha Farber,Athlete,50,Eliminated Week 6,9,6.0,0.0,False,115.5,0.0,False,27_Mary Lou Retton,
27,1,DeMarcus Ware,Lindsay Arnold,Athlete,36,Eliminated Week 7,7,7.0,23.0,True,255.0,0.0901960784313725,False,27_DeMarcus Ware,0.0167985194523682
27,1,DeMarcus Ware,Lindsay Arnold,Athlete,36,Eliminated Week 7,7,7.0,23.0,True,255.0,0.0901960784313725,False,27_DeMarcus Ware,0.0167985194523682
27,2,DeMarcus Ware,Lindsay Arnold,Athlete,36,Eliminated Week 7,7,7.0,23.5,True,270.5,0.0868761552680221,False,27_DeMarcus Ware,0.0169283863769563
27,2,DeMarcus Ware,Lindsay Arnold,Athlete,36,Eliminated Week 7,7,7.0,23.5,True,270.5,0.0868761552680221,False,27_DeMarcus Ware,0.0169283863769563
27,3,DeMarcus Ware,Lindsay Arnold,Athlete,36,Eliminated Week 7,7,7.0,26.0,True,271.0,0.0959409594095941,False,27_DeMarcus Ware,0.017119312338623
27,3,DeMarcus Ware,Lindsay Arnold,Athlete,36,Eliminated Week 7,7,7.0,26.0,True,271.0,0.0959409594095941,False,27_DeMarcus Ware,0.017119312338623
27,4,DeMarcus Ware,Lindsay Arnold,Athlete,36,Eliminated Week 7,7,7.0,22.0,True,232.0,0.0948275862068965,False,27_DeMarcus Ware,0.0171504317652392
27,4,DeMarcus Ware,Lindsay Arnold,Athlete,36,Eliminated Week 7,7,7.0,22.0,True,232.0,0.0948275862068965,False,27_DeMarcus Ware,0.0171504317652392
27,5,DeMarcus Ware,Lindsay Arnold,Athlete,36,Eliminated Week 7,7,7.0,26.0,True,222.0,0.1171171171171171,False,27_DeMarcus Ware,0.0134409670783756
27,5,DeMarcus Ware,Lindsay Arnold,Athlete,36,Eliminated Week 7,7,7.0,26.0,True,222.0,0.1171171171171171,False,27_DeMarcus Ware,0.0134409670783756
27,6,DeMarcus Ware,Lindsay Arnold,Athlete,36,Eliminated Week 7,7,7.0,26.0,True,229.0,0.1135371179039301,False,27_DeMarcus Ware,0.0097635779666106
27,6,DeMarcus Ware,Lindsay Arnold,Athlete,36,Eliminated Week 7,7,7.0,26.0,True,229.0,0.1135371179039301,False,27_DeMarcus Ware,0.0097635779666106
27,7,DeMarcus Ware,Lindsay Arnold,Athlete,36,Eliminated Week 7,7,7.0,26.5,True,217.5,0.1218390804597701,True,27_DeMarcus Ware,0.0071172734063919
27,7,DeMarcus Ware,Lindsay Arnold,Athlete,36,Eliminated Week 7,7,7.0,26.5,True,217.5,0.1218390804597701,True,27_DeMarcus Ware,0.0071172734063919
27,8,DeMarcus Ware,Lindsay Arnold,Athlete,36,Eliminated Week 7,7,7.0,0.0,False,161.0,0.0,False,27_DeMarcus Ware,
27,9,DeMarcus Ware,Lindsay Arnold,Athlete,36,Eliminated Week 7,7,7.0,0.0,False,115.5,0.0,False,27_DeMarcus Ware,
27,1,Nikki Glaser,Gleb Savchenko,Comedian,34,Eliminated Week 1,13,1.0,17.5,True,255.0,0.0686274509803921,True,27_Nikki Glaser,0.0003965785125271
27,1,Nikki Glaser,Gleb Savchenko,Comedian,34,Eliminated Week 1,13,1.0,17.5,True,255.0,0.0686274509803921,True,27_Nikki Glaser,0.0003965785125271
27,2,Nikki Glaser,Gleb Savchenko,Comedian,34,Eliminated Week 1,13,1.0,0.0,False,270.5,0.0,False,27_Nikki Glaser,
27,3,Nikki Glaser,Gleb Savchenko,Comedian,34,Eliminated Week 1,13,1.0,0.0,False,271.0,0.0,False,27_Nikki Glaser,
27,4,Nikki Glaser,Gleb Savchenko,Comedian,34,Eliminated Week 1,13,1.0,0.0,False,232.0,0.0,False,27_Nikki Glaser,
27,5,Nikki Glaser,Gleb Savchenko,Comedian,34,Eliminated Week 1,13,1.0,0.0,False,222.0,0.0,False,27_Nikki Glaser,
27,6,Nikki Glaser,Gleb Savchenko,Comedian,34,Eliminated Week 1,13,1.0,0.0,False,229.0,0.0,False,27_Nikki Glaser,
27,7,Nikki Glaser,Gleb Savchenko,Comedian,34,Eliminated Week 1,13,1.0,0.0,False,217.5,0.0,False,27_Nikki Glaser,
27,8,Nikki Glaser,Gleb Savchenko,Comedian,34,Eliminated Week 1,13,1.0,0.0,False,161.0,0.0,False,27_Nikki Glaser,
27,9,Nikki Glaser,Gleb Savchenko,Comedian,34,Eliminated Week 1,13,1.0,0.0,False,115.5,0.0,False,27_Nikki Glaser,
27,1,Bobby Bones,Sharna Burgess,Radio Personality,38,1st Place,1,,20.0,True,255.0,0.0784313725490196,False,27_Bobby Bones,0.2261400043805306
27,1,Bobby Bones,Sharna Burgess,Radio Personality,38,1st Place,1,,20.0,True,255.0,0.0784313725490196,False,27_Bobby Bones,0.2261400043805306
27,2,Bobby Bones,Sharna Burgess,Radio Personality,38,1st Place,1,,19.5,True,270.5,0.0720887245841035,False,27_Bobby Bones,0.2261600805350287
27,2,Bobby Bones,Sharna Burgess,Radio Personality,38,1st Place,1,,19.5,True,270.5,0.0720887245841035,False,27_Bobby Bones,0.2261600805350287
27,3,Bobby Bones,Sharna Burgess,Radio Personality,38,1st Place,1,,23.0,True,271.0,0.084870848708487,False,27_Bobby Bones,0.2262565525067525
27,3,Bobby Bones,Sharna Burgess,Radio Personality,38,1st Place,1,,23.0,True,271.0,0.084870848708487,False,27_Bobby Bones,0.2262565525067525
27,4,Bobby Bones,Sharna Burgess,Radio Personality,38,1st Place,1,,20.0,True,232.0,0.0862068965517241,False,27_Bobby Bones,0.2263840517806256
27,4,Bobby Bones,Sharna Burgess,Radio Personality,38,1st Place,1,,20.0,True,232.0,0.0862068965517241,False,27_Bobby Bones,0.2263840517806256
27,5,Bobby Bones,Sharna Burgess,Radio Personality,38,1st Place,1,,21.0,True,222.0,0.0945945945945946,False,27_Bobby Bones,0.2288839089178198
27,5,Bobby Bones,Sharna Burgess,Radio Personality,38,1st Place,1,,21.0,True,222.0,0.0945945945945946,False,27_Bobby Bones,0.2288839089178198
27,6,Bobby Bones,Sharna Burgess,Radio Personality,38,1st Place,1,,22.0,True,229.0,0.0960698689956331,False,27_Bobby Bones,0.2314052338196906
27,6,Bobby Bones,Sharna Burgess,Radio Personality,38,1st Place,1,,22.0,True,229.0,0.0960698689956331,False,27_Bobby Bones,0.2314052338196906
27,7,Bobby Bones,Sharna Burgess,Radio Personality,38,1st Place,1,,26.5,True,217.5,0.1218390804597701,False,27_Bobby Bones,0.2351352666838626
27,7,Bobby Bones,Sharna Burgess,Radio Personality,38,1st Place,1,,26.5,True,217.5,0.1218390804597701,False,27_Bobby Bones,0.2351352666838626
27,8,Bobby Bones,Sharna Burgess,Radio Personality,38,1st Place,1,,22.5,True,161.0,0.139751552795031,False,27_Bobby Bones,0.2414202355971476
27,8,Bobby Bones,Sharna Burgess,Radio Personality,38,1st Place,1,,22.5,True,161.0,0.139751552795031,False,27_Bobby Bones,0.2414202355971476
27,9,Bobby Bones,Sharna Burgess,Radio Personality,38,1st Place,1,,27.0,True,115.5,0.2337662337662337,False,27_Bobby Bones,0.250000000479335
27,9,Bobby Bones,Sharna Burgess,Radio Personality,38,1st Place,1,,27.0,True,115.5,0.2337662337662337,False,27_Bobby Bones,0.250000000479335
27,1,Tinashe,Brandon Armstrong,Singer/Rapper,25,Eliminated Week 4,10,4.0,23.0,True,255.0,0.0901960784313725,False,27_Tinashe,0.0002823563395985
27,1,Tinashe,Brandon Armstrong,Singer/Rapper,25,Eliminated Week 4,10,4.0,23.0,True,255.0,0.0901960784313725,False,27_Tinashe,0.0002823563395985
27,2,Tinashe,Brandon Armstrong,Singer/Rapper,25,Eliminated Week 4,10,4.0,26.0,True,270.5,0.0961182994454713,False,27_Tinashe,0.0002271392524896
27,2,Tinashe,Brandon Armstrong,Singer/Rapper,25,Eliminated Week 4,10,4.0,26.0,True,270.5,0.0961182994454713,False,27_Tinashe,0.0002271392524896
27,3,Tinashe,Brandon Armstrong,Singer/Rapper,25,Eliminated Week 4,10,4.0,27.0,True,271.0,0.0996309963099631,False,27_Tinashe,9.586119602415108e-05
27,3,Tinashe,Brandon Armstrong,Singer/Rapper,25,Eliminated Week 4,10,4.0,27.0,True,271.0,0.0996309963099631,False,27_Tinashe,9.586119602415108e-05
27,4,Tinashe,Brandon Armstrong,Singer/Rapper,25,Eliminated Week 4,10,4.0,26.0,True,232.0,0.1120689655172413,True,27_Tinashe,3.7277974472962115e-17
27,4,Tinashe,Brandon Armstrong,Singer/Rapper,25,Eliminated Week 4,10,4.0,26.0,True,232.0,0.1120689655172413,True,27_Tinashe,3.7277974472962115e-17
27,5,Tinashe,Brandon Armstrong,Singer/Rapper,25,Eliminated Week 4,10,4.0,0.0,False,222.0,0.0,False,27_Tinashe,
27,6,Tinashe,Brandon Armstrong,Singer/Rapper,25,Eliminated Week 4,10,4.0,0.0,False,229.0,0.0,False,27_Tinashe,
27,7,Tinashe,Brandon Armstrong,Singer/Rapper,25,Eliminated Week 4,10,4.0,0.0,False,217.5,0.0,False,27_Tinashe,
27,8,Tinashe,Brandon Armstrong,Singer/Rapper,25,Eliminated Week 4,10,4.0,0.0,False,161.0,0.0,False,27_Tinashe,
27,9,Tinashe,Brandon Armstrong,Singer/Rapper,25,Eliminated Week 4,10,4.0,0.0,False,115.5,0.0,False,27_Tinashe,
27,1,Alexis Ren,Alan Bersten,Social Media Personality,21,4th Place,4,,22.0,True,255.0,0.0862745098039215,False,27_Alexis Ren,0.2261400037420721
27,1,Alexis Ren,Alan Bersten,Social Media Personality,21,4th Place,4,,22.0,True,255.0,0.0862745098039215,False,27_Alexis Ren,0.2261400037420721
27,2,Alexis Ren,Alan Bersten,Social Media Personality,21,4th Place,4,,24.5,True,270.5,0.0905730129390018,False,27_Alexis Ren,0.2261600796851273
27,2,Alexis Ren,Alan Bersten,Social Media Personality,21,4th Place,4,,24.5,True,270.5,0.0905730129390018,False,27_Alexis Ren,0.2261600796851273
27,3,Alexis Ren,Alan Bersten,Social Media Personality,21,4th Place,4,,26.0,True,271.0,0.0959409594095941,False,27_Alexis Ren,0.2262565520672403
27,3,Alexis Ren,Alan Bersten,Social Media Personality,21,4th Place,4,,26.0,True,271.0,0.0959409594095941,False,27_Alexis Ren,0.2262565520672403
27,4,Alexis Ren,Alan Bersten,Social Media Personality,21,4th Place,4,,25.0,True,232.0,0.1077586206896551,False,27_Alexis Ren,0.226384050837357
27,4,Alexis Ren,Alan Bersten,Social Media Personality,21,4th Place,4,,25.0,True,232.0,0.1077586206896551,False,27_Alexis Ren,0.226384050837357
27,5,Alexis Ren,Alan Bersten,Social Media Personality,21,4th Place,4,,29.0,True,222.0,0.1306306306306306,False,27_Alexis Ren,0.2288839085288129
27,5,Alexis Ren,Alan Bersten,Social Media Personality,21,4th Place,4,,29.0,True,222.0,0.1306306306306306,False,27_Alexis Ren,0.2288839085288129
27,6,Alexis Ren,Alan Bersten,Social Media Personality,21,4th Place,4,,27.0,True,229.0,0.1179039301310043,False,27_Alexis Ren,0.2314052328892542
27,6,Alexis Ren,Alan Bersten,Social Media Personality,21,4th Place,4,,27.0,True,229.0,0.1179039301310043,False,27_Alexis Ren,0.2314052328892542
27,7,Alexis Ren,Alan Bersten,Social Media Personality,21,4th Place,4,,27.5,True,217.5,0.1264367816091954,False,27_Alexis Ren,0.2351352661782258
27,7,Alexis Ren,Alan Bersten,Social Media Personality,21,4th Place,4,,27.5,True,217.5,0.1264367816091954,False,27_Alexis Ren,0.2351352661782258
27,8,Alexis Ren,Alan Bersten,Social Media Personality,21,4th Place,4,,29.0,True,161.0,0.1801242236024844,False,27_Alexis Ren,0.2414202348240266
27,8,Alexis Ren,Alan Bersten,Social Media Personality,21,4th Place,4,,29.0,True,161.0,0.1801242236024844,False,27_Alexis Ren,0.2414202348240266
27,9,Alexis Ren,Alan Bersten,Social Media Personality,21,4th Place,4,,28.5,True,115.5,0.2467532467532467,False,27_Alexis Ren,0.2499999998680704
27,9,Alexis Ren,Alan Bersten,Social Media Personality,21,4th Place,4,,28.5,True,115.5,0.2467532467532467,False,27_Alexis Ren,0.2499999998680704
27,1,Joe Amabile,Jenna Johnson,TV Personality,32,Eliminated Week 8,6,8.0,14.0,True,255.0,0.0549019607843137,False,27_Joe Amabile,0.0466060052761973
27,1,Joe Amabile,Jenna Johnson,TV Personality,32,Eliminated Week 8,6,8.0,14.0,True,255.0,0.0549019607843137,False,27_Joe Amabile,0.0466060052761973
27,2,Joe Amabile,Jenna Johnson,TV Personality,32,Eliminated Week 8,6,8.0,17.5,True,270.5,0.0646950092421441,False,27_Joe Amabile,0.0466940880487009
27,2,Joe Amabile,Jenna Johnson,TV Personality,32,Eliminated Week 8,6,8.0,17.5,True,270.5,0.0646950092421441,False,27_Joe Amabile,0.0466940880487009
27,3,Joe Amabile,Jenna Johnson,TV Personality,32,Eliminated Week 8,6,8.0,18.0,True,271.0,0.066420664206642,False,27_Joe Amabile,0.0469119188390261
27,3,Joe Amabile,Jenna Johnson,TV Personality,32,Eliminated Week 8,6,8.0,18.0,True,271.0,0.066420664206642,False,27_Joe Amabile,0.0469119188390261
27,4,Joe Amabile,Jenna Johnson,TV Personality,32,Eliminated Week 8,6,8.0,15.0,True,232.0,0.0646551724137931,False,27_Joe Amabile,0.0473228455583427
27,4,Joe Amabile,Jenna Johnson,TV Personality,32,Eliminated Week 8,6,8.0,15.0,True,232.0,0.0646551724137931,False,27_Joe Amabile,0.0473228455583427
27,5,Joe Amabile,Jenna Johnson,TV Personality,32,Eliminated Week 8,6,8.0,17.0,True,222.0,0.0765765765765765,False,27_Joe Amabile,0.0411547211164374
27,5,Joe Amabile,Jenna Johnson,TV Personality,32,Eliminated Week 8,6,8.0,17.0,True,222.0,0.0765765765765765,False,27_Joe Amabile,0.0411547211164374
27,6,Joe Amabile,Jenna Johnson,TV Personality,32,Eliminated Week 8,6,8.0,22.0,True,229.0,0.0960698689956331,False,27_Joe Amabile,0.0349751660979026
27,6,Joe Amabile,Jenna Johnson,TV Personality,32,Eliminated Week 8,6,8.0,22.0,True,229.0,0.0960698689956331,False,27_Joe Amabile,0.0349751660979026
27,7,Joe Amabile,Jenna Johnson,TV Personality,32,Eliminated Week 8,6,8.0,23.5,True,217.5,0.1080459770114942,False,27_Joe Amabile,0.0301260263166653
27,7,Joe Amabile,Jenna Johnson,TV Personality,32,Eliminated Week 8,6,8.0,23.5,True,217.5,0.1080459770114942,False,27_Joe Amabile,0.0301260263166653
27,8,Joe Amabile,Jenna Johnson,TV Personality,32,Eliminated Week 8,6,8.0,23.0,True,161.0,0.1428571428571428,True,27_Joe Amabile,0.0278033948641385
27,8,Joe Amabile,Jenna Johnson,TV Personality,32,Eliminated Week 8,6,8.0,23.0,True,161.0,0.1428571428571428,True,27_Joe Amabile,0.0278033948641385
27,9,Joe Amabile,Jenna Johnson,TV Personality,32,Eliminated Week 8,6,8.0,0.0,False,115.5,0.0,False,27_Joe Amabile,
28,1,Kate Flannery,Pasha Pashkov,Actor/Actress,55,Eliminated Week 8,7,8.0,15.0,True,197.0,0.0761421319796954,False,28_Kate Flannery,0.0024052985131695
28,1,Kate Flannery,Pasha Pashkov,Actor/Actress,55,Eliminated Week 8,7,8.0,15.0,True,197.0,0.0761421319796954,False,28_Kate Flannery,0.0024052985131695
28,2,Kate Flannery,Pasha Pashkov,Actor/Actress,55,Eliminated Week 8,7,8.0,21.0,True,219.0,0.0958904109589041,False,28_Kate Flannery,0.0022421009517975
28,2,Kate Flannery,Pasha Pashkov,Actor/Actress,55,Eliminated Week 8,7,8.0,21.0,True,219.0,0.0958904109589041,False,28_Kate Flannery,0.0022421009517975
28,3,Kate Flannery,Pasha Pashkov,Actor/Actress,55,Eliminated Week 8,7,8.0,24.0,True,198.0,0.1212121212121212,False,28_Kate Flannery,0.0022036611846951
28,3,Kate Flannery,Pasha Pashkov,Actor/Actress,55,Eliminated Week 8,7,8.0,24.0,True,198.0,0.1212121212121212,False,28_Kate Flannery,0.0022036611846951
28,4,Kate Flannery,Pasha Pashkov,Actor/Actress,55,Eliminated Week 8,7,8.0,26.0,True,282.0,0.0921985815602836,False,28_Kate Flannery,0.0025247500304063
28,4,Kate Flannery,Pasha Pashkov,Actor/Actress,55,Eliminated Week 8,7,8.0,26.0,True,282.0,0.0921985815602836,False,28_Kate Flannery,0.0025247500304063
28,5,Kate Flannery,Pasha Pashkov,Actor/Actress,55,Eliminated Week 8,7,8.0,24.0,True,215.0,0.1116279069767441,False,28_Kate Flannery,0.0039290273555651
28,5,Kate Flannery,Pasha Pashkov,Actor/Actress,55,Eliminated Week 8,7,8.0,24.0,True,215.0,0.1116279069767441,False,28_Kate Flannery,0.0039290273555651
28,6,Kate Flannery,Pasha Pashkov,Actor/Actress,55,Eliminated Week 8,7,8.0,27.0,True,228.0,0.1184210526315789,False,28_Kate Flannery,0.0039989402216592
28,6,Kate Flannery,Pasha Pashkov,Actor/Actress,55,Eliminated Week 8,7,8.0,27.0,True,228.0,0.1184210526315789,False,28_Kate Flannery,0.0039989402216592
28,7,Kate Flannery,Pasha Pashkov,Actor/Actress,55,Eliminated Week 8,7,8.0,24.0,True,202.0,0.1188118811881188,False,28_Kate Flannery,0.0048129178429123
28,7,Kate Flannery,Pasha Pashkov,Actor/Actress,55,Eliminated Week 8,7,8.0,24.0,True,202.0,0.1188118811881188,False,28_Kate Flannery,0.0048129178429123
28,8,Kate Flannery,Pasha Pashkov,Actor/Actress,55,Eliminated Week 8,7,8.0,25.9998,True,192.9992,0.1347145480395773,True,28_Kate Flannery,1.6987630427796449e-18
28,8,Kate Flannery,Pasha Pashkov,Actor/Actress,55,Eliminated Week 8,7,8.0,25.9998,True,192.9992,0.1347145480395773,True,28_Kate Flannery,1.6987630427796449e-18
28,9,Kate Flannery,Pasha Pashkov,Actor/Actress,55,Eliminated Week 8,7,8.0,0.0,False,208.5,0.0,False,28_Kate Flannery,
28,10,Kate Flannery,Pasha Pashkov,Actor/Actress,55,Eliminated Week 8,7,8.0,0.0,False,137.5,0.0,False,28_Kate Flannery,
28,11,Kate Flannery,Pasha Pashkov,Actor/Actress,55,Eliminated Week 8,7,8.0,0.0,False,117.0,0.0,False,28_Kate Flannery,
28,1,James Van Der Beek,Emma Slater,Actor/Actress,42,Eliminated Week 10,5,10.0,21.0,True,197.0,0.1065989847715736,False,28_James Van Der Beek,0.000342700131738
28,1,James Van Der Beek,Emma Slater,Actor/Actress,42,Eliminated Week 10,5,10.0,21.0,True,197.0,0.1065989847715736,False,28_James Van Der Beek,0.000342700131738
28,2,James Van Der Beek,Emma Slater,Actor/Actress,42,Eliminated Week 10,5,10.0,20.0,True,219.0,0.091324200913242,False,28_James Van Der Beek,0.000225785919369
28,2,James Van Der Beek,Emma Slater,Actor/Actress,42,Eliminated Week 10,5,10.0,20.0,True,219.0,0.091324200913242,False,28_James Van Der Beek,0.000225785919369
28,3,James Van Der Beek,Emma Slater,Actor/Actress,42,Eliminated Week 10,5,10.0,23.0,True,198.0,0.1161616161616161,False,28_James Van Der Beek,0.0001664581326729
28,3,James Van Der Beek,Emma Slater,Actor/Actress,42,Eliminated Week 10,5,10.0,23.0,True,198.0,0.1161616161616161,False,28_James Van Der Beek,0.0001664581326729
28,4,James Van Der Beek,Emma Slater,Actor/Actress,42,Eliminated Week 10,5,10.0,28.0,True,282.0,0.0992907801418439,False,28_James Van Der Beek,4.8325774508487866e-06
28,4,James Van Der Beek,Emma Slater,Actor/Actress,42,Eliminated Week 10,5,10.0,28.0,True,282.0,0.0992907801418439,False,28_James Van Der Beek,4.8325774508487866e-06
28,5,James Van Der Beek,Emma Slater,Actor/Actress,42,Eliminated Week 10,5,10.0,26.0,True,215.0,0.1209302325581395,False,28_James Van Der Beek,0.000701620854772
28,5,James Van Der Beek,Emma Slater,Actor/Actress,42,Eliminated Week 10,5,10.0,26.0,True,215.0,0.1209302325581395,False,28_James Van Der Beek,0.000701620854772
28,6,James Van Der Beek,Emma Slater,Actor/Actress,42,Eliminated Week 10,5,10.0,27.0,True,228.0,0.1184210526315789,False,28_James Van Der Beek,4.585462194133699e-05
28,6,James Van Der Beek,Emma Slater,Actor/Actress,42,Eliminated Week 10,5,10.0,27.0,True,228.0,0.1184210526315789,False,28_James Van Der Beek,4.585462194133699e-05
28,7,James Van Der Beek,Emma Slater,Actor/Actress,42,Eliminated Week 10,5,10.0,27.0,True,202.0,0.1336633663366336,False,28_James Van Der Beek,0.0001223102664929
28,7,James Van Der Beek,Emma Slater,Actor/Actress,42,Eliminated Week 10,5,10.0,27.0,True,202.0,0.1336633663366336,False,28_James Van Der Beek,0.0001223102664929
28,8,James Van Der Beek,Emma Slater,Actor/Actress,42,Eliminated Week 10,5,10.0,31.9998,True,192.9992,0.1658027598041857,False,28_James Van Der Beek,0.0002585749052688
28,8,James Van Der Beek,Emma Slater,Actor/Actress,42,Eliminated Week 10,5,10.0,31.9998,True,192.9992,0.1658027598041857,False,28_James Van Der Beek,0.0002585749052688
28,9,James Van Der Beek,Emma Slater,Actor/Actress,42,Eliminated Week 10,5,10.0,36.0,True,208.5,0.1726618705035971,False,28_James Van Der Beek,0.0002964394886012
28,9,James Van Der Beek,Emma Slater,Actor/Actress,42,Eliminated Week 10,5,10.0,36.0,True,208.5,0.1726618705035971,False,28_James Van Der Beek,0.0002964394886012
28,10,James Van Der Beek,Emma Slater,Actor/Actress,42,Eliminated Week 10,5,10.0,25.5,True,137.5,0.1854545454545454,True,28_James Van Der Beek,0.0046350179389676
28,10,James Van Der Beek,Emma Slater,Actor/Actress,42,Eliminated Week 10,5,10.0,25.5,True,137.5,0.1854545454545454,True,28_James Van Der Beek,0.0046350179389676
28,11,James Van Der Beek,Emma Slater,Actor/Actress,42,Eliminated Week 10,5,10.0,0.0,False,117.0,0.0,False,28_James Van Der Beek,
28,1,Kel Mitchell,Witney Carson,Actor/Actress,41,2nd Place,2,,16.0,True,197.0,0.0812182741116751,False,28_Kel Mitchell,0.2378130513914011
28,1,Kel Mitchell,Witney Carson,Actor/Actress,41,2nd Place,2,,16.0,True,197.0,0.0812182741116751,False,28_Kel Mitchell,0.2378130513914011
28,2,Kel Mitchell,Witney Carson,Actor/Actress,41,2nd Place,2,,20.0,True,219.0,0.091324200913242,False,28_Kel Mitchell,0.2378112441628542
28,2,Kel Mitchell,Witney Carson,Actor/Actress,41,2nd Place,2,,20.0,True,219.0,0.091324200913242,False,28_Kel Mitchell,0.2378112441628542
28,3,Kel Mitchell,Witney Carson,Actor/Actress,41,2nd Place,2,,20.0,True,198.0,0.101010101010101,False,28_Kel Mitchell,0.2380861988070116
28,3,Kel Mitchell,Witney Carson,Actor/Actress,41,2nd Place,2,,20.0,True,198.0,0.101010101010101,False,28_Kel Mitchell,0.2380861988070116
28,4,Kel Mitchell,Witney Carson,Actor/Actress,41,2nd Place,2,,32.0,True,282.0,0.1134751773049645,False,28_Kel Mitchell,0.2382715181945267
28,4,Kel Mitchell,Witney Carson,Actor/Actress,41,2nd Place,2,,32.0,True,282.0,0.1134751773049645,False,28_Kel Mitchell,0.2382715181945267
28,5,Kel Mitchell,Witney Carson,Actor/Actress,41,2nd Place,2,,26.0,True,215.0,0.1209302325581395,False,28_Kel Mitchell,0.2396842869792528
28,5,Kel Mitchell,Witney Carson,Actor/Actress,41,2nd Place,2,,26.0,True,215.0,0.1209302325581395,False,28_Kel Mitchell,0.2396842869792528
28,6,Kel Mitchell,Witney Carson,Actor/Actress,41,2nd Place,2,,26.0,True,228.0,0.1140350877192982,False,28_Kel Mitchell,0.2398135397411586
28,6,Kel Mitchell,Witney Carson,Actor/Actress,41,2nd Place,2,,26.0,True,228.0,0.1140350877192982,False,28_Kel Mitchell,0.2398135397411586
28,7,Kel Mitchell,Witney Carson,Actor/Actress,41,2nd Place,2,,25.5,True,202.0,0.1262376237623762,False,28_Kel Mitchell,0.2408219094190903
28,7,Kel Mitchell,Witney Carson,Actor/Actress,41,2nd Place,2,,25.5,True,202.0,0.1262376237623762,False,28_Kel Mitchell,0.2408219094190903
28,8,Kel Mitchell,Witney Carson,Actor/Actress,41,2nd Place,2,,29.9998,True,192.9992,0.1554400225493162,False,28_Kel Mitchell,0.2421688898341287
28,8,Kel Mitchell,Witney Carson,Actor/Actress,41,2nd Place,2,,29.9998,True,192.9992,0.1554400225493162,False,28_Kel Mitchell,0.2421688898341287
28,9,Kel Mitchell,Witney Carson,Actor/Actress,41,2nd Place,2,,37.0,True,208.5,0.1774580335731415,False,28_Kel Mitchell,0.2432848976044178
28,9,Kel Mitchell,Witney Carson,Actor/Actress,41,2nd Place,2,,37.0,True,208.5,0.1774580335731415,False,28_Kel Mitchell,0.2432848976044178
28,10,Kel Mitchell,Witney Carson,Actor/Actress,41,2nd Place,2,,28.5,True,137.5,0.2072727272727272,False,28_Kel Mitchell,0.2488412496354519
28,10,Kel Mitchell,Witney Carson,Actor/Actress,41,2nd Place,2,,28.5,True,137.5,0.2072727272727272,False,28_Kel Mitchell,0.2488412496354519
28,11,Kel Mitchell,Witney Carson,Actor/Actress,41,2nd Place,2,,29.5,True,117.0,0.2521367521367521,False,28_Kel Mitchell,0.2499999988990647
28,11,Kel Mitchell,Witney Carson,Actor/Actress,41,2nd Place,2,,29.5,True,117.0,0.2521367521367521,False,28_Kel Mitchell,0.2499999988990647
28,1,Ray Lewis,Cheryl Burke,Athlete,44,Withdrew,11,,15.0,True,197.0,0.0761421319796954,False,28_Ray Lewis,6.957952571439477e-05
28,1,Ray Lewis,Cheryl Burke,Athlete,44,Withdrew,11,,15.0,True,197.0,0.0761421319796954,False,28_Ray Lewis,6.957952571439477e-05
28,2,Ray Lewis,Cheryl Burke,Athlete,44,Withdrew,11,,15.0,True,219.0,0.0684931506849315,False,28_Ray Lewis,7.226759566626499e-05
28,2,Ray Lewis,Cheryl Burke,Athlete,44,Withdrew,11,,15.0,True,219.0,0.0684931506849315,False,28_Ray Lewis,7.226759566626499e-05
28,3,Ray Lewis,Cheryl Burke,Athlete,44,Withdrew,11,,0.0,False,198.0,0.0,False,28_Ray Lewis,
28,4,Ray Lewis,Cheryl Burke,Athlete,44,Withdrew,11,,0.0,False,282.0,0.0,False,28_Ray Lewis,
28,5,Ray Lewis,Cheryl Burke,Athlete,44,Withdrew,11,,0.0,False,215.0,0.0,False,28_Ray Lewis,
28,6,Ray Lewis,Cheryl Burke,Athlete,44,Withdrew,11,,0.0,False,228.0,0.0,False,28_Ray Lewis,
28,7,Ray Lewis,Cheryl Burke,Athlete,44,Withdrew,11,,0.0,False,202.0,0.0,False,28_Ray Lewis,
28,8,Ray Lewis,Cheryl Burke,Athlete,44,Withdrew,11,,0.0,False,192.9992,0.0,False,28_Ray Lewis,
28,9,Ray Lewis,Cheryl Burke,Athlete,44,Withdrew,11,,0.0,False,208.5,0.0,False,28_Ray Lewis,
28,10,Ray Lewis,Cheryl Burke,Athlete,44,Withdrew,11,,0.0,False,137.5,0.0,False,28_Ray Lewis,
28,11,Ray Lewis,Cheryl Burke,Athlete,44,Withdrew,11,,0.0,False,117.0,0.0,False,28_Ray Lewis,
28,1,Lamar Odom,Peta Murgatroyd,Athlete,39,Eliminated Week 4,10,4.0,11.0,True,197.0,0.0558375634517766,False,28_Lamar Odom,0.0137353632696379
28,1,Lamar Odom,Peta Murgatroyd,Athlete,39,Eliminated Week 4,10,4.0,11.0,True,197.0,0.0558375634517766,False,28_Lamar Odom,0.0137353632696379
28,2,Lamar Odom,Peta Murgatroyd,Athlete,39,Eliminated Week 4,10,4.0,12.0,True,219.0,0.0547945205479452,False,28_Lamar Odom,0.0136959276626951
28,2,Lamar Odom,Peta Murgatroyd,Athlete,39,Eliminated Week 4,10,4.0,12.0,True,219.0,0.0547945205479452,False,28_Lamar Odom,0.0136959276626951
28,3,Lamar Odom,Peta Murgatroyd,Athlete,39,Eliminated Week 4,10,4.0,12.0,True,198.0,0.0606060606060606,False,28_Lamar Odom,0.0125310723956643
28,3,Lamar Odom,Peta Murgatroyd,Athlete,39,Eliminated Week 4,10,4.0,12.0,True,198.0,0.0606060606060606,False,28_Lamar Odom,0.0125310723956643
28,4,Lamar Odom,Peta Murgatroyd,Athlete,39,Eliminated Week 4,10,4.0,20.0,True,282.0,0.0709219858156028,True,28_Lamar Odom,0.011256948482953
28,4,Lamar Odom,Peta Murgatroyd,Athlete,39,Eliminated Week 4,10,4.0,20.0,True,282.0,0.0709219858156028,True,28_Lamar Odom,0.011256948482953
28,5,Lamar Odom,Peta Murgatroyd,Athlete,39,Eliminated Week 4,10,4.0,0.0,False,215.0,0.0,False,28_Lamar Odom,
28,6,Lamar Odom,Peta Murgatroyd,Athlete,39,Eliminated Week 4,10,4.0,0.0,False,228.0,0.0,False,28_Lamar Odom,
28,7,Lamar Odom,Peta Murgatroyd,Athlete,39,Eliminated Week 4,10,4.0,0.0,False,202.0,0.0,False,28_Lamar Odom,
28,8,Lamar Odom,Peta Murgatroyd,Athlete,39,Eliminated Week 4,10,4.0,0.0,False,192.9992,0.0,False,28_Lamar Odom,
28,9,Lamar Odom,Peta Murgatroyd,Athlete,39,Eliminated Week 4,10,4.0,0.0,False,208.5,0.0,False,28_Lamar Odom,
28,10,Lamar Odom,Peta Murgatroyd,Athlete,39,Eliminated Week 4,10,4.0,0.0,False,137.5,0.0,False,28_Lamar Odom,
28,11,Lamar Odom,Peta Murgatroyd,Athlete,39,Eliminated Week 4,10,4.0,0.0,False,117.0,0.0,False,28_Lamar Odom,
28,1,Sailor Brinkley-Cook,Valentin Chmerkovskiy,Model,21,Eliminated Week 6,9,6.0,18.0,True,197.0,0.0913705583756345,False,28_Sailor Brinkley-Cook,6.186646345788982e-06
28,1,Sailor Brinkley-Cook,Valentin Chmerkovskiy,Model,21,Eliminated Week 6,9,6.0,18.0,True,197.0,0.0913705583756345,False,28_Sailor Brinkley-Cook,6.186646345788982e-06
28,2,Sailor Brinkley-Cook,Valentin Chmerkovskiy,Model,21,Eliminated Week 6,9,6.0,18.0,True,219.0,0.0821917808219178,False,28_Sailor Brinkley-Cook,9.445854921674493e-19
28,2,Sailor Brinkley-Cook,Valentin Chmerkovskiy,Model,21,Eliminated Week 6,9,6.0,18.0,True,219.0,0.0821917808219178,False,28_Sailor Brinkley-Cook,9.445854921674493e-19
28,3,Sailor Brinkley-Cook,Valentin Chmerkovskiy,Model,21,Eliminated Week 6,9,6.0,23.0,True,198.0,0.1161616161616161,False,28_Sailor Brinkley-Cook,2.963269274659128e-05
28,3,Sailor Brinkley-Cook,Valentin Chmerkovskiy,Model,21,Eliminated Week 6,9,6.0,23.0,True,198.0,0.1161616161616161,False,28_Sailor Brinkley-Cook,2.963269274659128e-05
28,4,Sailor Brinkley-Cook,Valentin Chmerkovskiy,Model,21,Eliminated Week 6,9,6.0,31.0,True,282.0,0.1099290780141844,False,28_Sailor Brinkley-Cook,4.660328744667894e-18
28,4,Sailor Brinkley-Cook,Valentin Chmerkovskiy,Model,21,Eliminated Week 6,9,6.0,31.0,True,282.0,0.1099290780141844,False,28_Sailor Brinkley-Cook,4.660328744667894e-18
28,5,Sailor Brinkley-Cook,Valentin Chmerkovskiy,Model,21,Eliminated Week 6,9,6.0,24.0,True,215.0,0.1116279069767441,False,28_Sailor Brinkley-Cook,0.0005381341680484
28,5,Sailor Brinkley-Cook,Valentin Chmerkovskiy,Model,21,Eliminated Week 6,9,6.0,24.0,True,215.0,0.1116279069767441,False,28_Sailor Brinkley-Cook,0.0005381341680484
28,6,Sailor Brinkley-Cook,Valentin Chmerkovskiy,Model,21,Eliminated Week 6,9,6.0,27.0,True,228.0,0.1184210526315789,True,28_Sailor Brinkley-Cook,0.0
28,6,Sailor Brinkley-Cook,Valentin Chmerkovskiy,Model,21,Eliminated Week 6,9,6.0,27.0,True,228.0,0.1184210526315789,True,28_Sailor Brinkley-Cook,0.0
28,7,Sailor Brinkley-Cook,Valentin Chmerkovskiy,Model,21,Eliminated Week 6,9,6.0,0.0,False,202.0,0.0,False,28_Sailor Brinkley-Cook,
28,8,Sailor Brinkley-Cook,Valentin Chmerkovskiy,Model,21,Eliminated Week 6,9,6.0,0.0,False,192.9992,0.0,False,28_Sailor Brinkley-Cook,
28,9,Sailor Brinkley-Cook,Valentin Chmerkovskiy,Model,21,Eliminated Week 6,9,6.0,0.0,False,208.5,0.0,False,28_Sailor Brinkley-Cook,
28,10,Sailor Brinkley-Cook,Valentin Chmerkovskiy,Model,21,Eliminated Week 6,9,6.0,0.0,False,137.5,0.0,False,28_Sailor Brinkley-Cook,
28,11,Sailor Brinkley-Cook,Valentin Chmerkovskiy,Model,21,Eliminated Week 6,9,6.0,0.0,False,117.0,0.0,False,28_Sailor Brinkley-Cook,
28,1,Sean Spicer,Lindsay Arnold,Politician,48,Eliminated Week 9,6,9.0,12.0,True,197.0,0.0609137055837563,False,28_Sean Spicer,0.0247623438956642
28,1,Sean Spicer,Lindsay Arnold,Politician,48,Eliminated Week 9,6,9.0,12.0,True,197.0,0.0609137055837563,False,28_Sean Spicer,0.0247623438956642
28,2,Sean Spicer,Lindsay Arnold,Politician,48,Eliminated Week 9,6,9.0,16.0,True,219.0,0.0730593607305936,False,28_Sean Spicer,0.0250241255771853
28,2,Sean Spicer,Lindsay Arnold,Politician,48,Eliminated Week 9,6,9.0,16.0,True,219.0,0.0730593607305936,False,28_Sean Spicer,0.0250241255771853
28,3,Sean Spicer,Lindsay Arnold,Politician,48,Eliminated Week 9,6,9.0,15.0,True,198.0,0.0757575757575757,False,28_Sean Spicer,0.0251754143706358
28,3,Sean Spicer,Lindsay Arnold,Politician,48,Eliminated Week 9,6,9.0,15.0,True,198.0,0.0757575757575757,False,28_Sean Spicer,0.0251754143706358
28,4,Sean Spicer,Lindsay Arnold,Politician,48,Eliminated Week 9,6,9.0,21.0,True,282.0,0.0744680851063829,False,28_Sean Spicer,0.0257057587659789
28,4,Sean Spicer,Lindsay Arnold,Politician,48,Eliminated Week 9,6,9.0,21.0,True,282.0,0.0744680851063829,False,28_Sean Spicer,0.0257057587659789
28,5,Sean Spicer,Lindsay Arnold,Politician,48,Eliminated Week 9,6,9.0,19.0,True,215.0,0.0883720930232558,False,28_Sean Spicer,0.027350224520649
28,5,Sean Spicer,Lindsay Arnold,Politician,48,Eliminated Week 9,6,9.0,19.0,True,215.0,0.0883720930232558,False,28_Sean Spicer,0.027350224520649
28,6,Sean Spicer,Lindsay Arnold,Politician,48,Eliminated Week 9,6,9.0,21.0,True,228.0,0.0921052631578947,False,28_Sean Spicer,0.0279522684007518
28,6,Sean Spicer,Lindsay Arnold,Politician,48,Eliminated Week 9,6,9.0,21.0,True,228.0,0.0921052631578947,False,28_Sean Spicer,0.0279522684007518
28,7,Sean Spicer,Lindsay Arnold,Politician,48,Eliminated Week 9,6,9.0,21.0,True,202.0,0.1039603960396039,False,28_Sean Spicer,0.0294199756382444
28,7,Sean Spicer,Lindsay Arnold,Politician,48,Eliminated Week 9,6,9.0,21.0,True,202.0,0.1039603960396039,False,28_Sean Spicer,0.0294199756382444
28,8,Sean Spicer,Lindsay Arnold,Politician,48,Eliminated Week 9,6,9.0,20.0,True,192.9992,0.1036273725486945,False,28_Sean Spicer,0.03106590450028
28,8,Sean Spicer,Lindsay Arnold,Politician,48,Eliminated Week 9,6,9.0,20.0,True,192.9992,0.1036273725486945,False,28_Sean Spicer,0.03106590450028
28,9,Sean Spicer,Lindsay Arnold,Politician,48,Eliminated Week 9,6,9.0,25.0,True,208.5,0.1199040767386091,True,28_Sean Spicer,0.0265639438279677
28,9,Sean Spicer,Lindsay Arnold,Politician,48,Eliminated Week 9,6,9.0,25.0,True,208.5,0.1199040767386091,True,28_Sean Spicer,0.0265639438279677
28,10,Sean Spicer,Lindsay Arnold,Politician,48,Eliminated Week 9,6,9.0,0.0,False,137.5,0.0,False,28_Sean Spicer,
28,11,Sean Spicer,Lindsay Arnold,Politician,48,Eliminated Week 9,6,9.0,0.0,False,117.0,0.0,False,28_Sean Spicer,
28,1,Mary Wilson,Brandon Armstrong,Singer/Rapper,75,Eliminated Week 2,12,2.0,17.0,True,197.0,0.0862944162436548,False,28_Mary Wilson,5.951388361503003e-05
28,1,Mary Wilson,Brandon Armstrong,Singer/Rapper,75,Eliminated Week 2,12,2.0,17.0,True,197.0,0.0862944162436548,False,28_Mary Wilson,5.951388361503003e-05
28,2,Mary Wilson,Brandon Armstrong,Singer/Rapper,75,Eliminated Week 2,12,2.0,15.0,True,219.0,0.0684931506849315,True,28_Mary Wilson,8.729194474776279e-18
28,2,Mary Wilson,Brandon Armstrong,Singer/Rapper,75,Eliminated Week 2,12,2.0,15.0,True,219.0,0.0684931506849315,True,28_Mary Wilson,8.729194474776279e-18
28,3,Mary Wilson,Brandon Armstrong,Singer/Rapper,75,Eliminated Week 2,12,2.0,0.0,False,198.0,0.0,False,28_Mary Wilson,
28,4,Mary Wilson,Brandon Armstrong,Singer/Rapper,75,Eliminated Week 2,12,2.0,0.0,False,282.0,0.0,False,28_Mary Wilson,
28,5,Mary Wilson,Brandon Armstrong,Singer/Rapper,75,Eliminated Week 2,12,2.0,0.0,False,215.0,0.0,False,28_Mary Wilson,
28,6,Mary Wilson,Brandon Armstrong,Singer/Rapper,75,Eliminated Week 2,12,2.0,0.0,False,228.0,0.0,False,28_Mary Wilson,
28,7,Mary Wilson,Brandon Armstrong,Singer/Rapper,75,Eliminated Week 2,12,2.0,0.0,False,202.0,0.0,False,28_Mary Wilson,
28,8,Mary Wilson,Brandon Armstrong,Singer/Rapper,75,Eliminated Week 2,12,2.0,0.0,False,192.9992,0.0,False,28_Mary Wilson,
28,9,Mary Wilson,Brandon Armstrong,Singer/Rapper,75,Eliminated Week 2,12,2.0,0.0,False,208.5,0.0,False,28_Mary Wilson,
28,10,Mary Wilson,Brandon Armstrong,Singer/Rapper,75,Eliminated Week 2,12,2.0,0.0,False,137.5,0.0,False,28_Mary Wilson,
28,11,Mary Wilson,Brandon Armstrong,Singer/Rapper,75,Eliminated Week 2,12,2.0,0.0,False,117.0,0.0,False,28_Mary Wilson,
28,1,Lauren Alaina,Gleb Savchenko,Singer/Rapper,24,4th Place,4,,19.0,True,197.0,0.0964467005076142,False,28_Lauren Alaina,0.2378130523058731
28,1,Lauren Alaina,Gleb Savchenko,Singer/Rapper,24,4th Place,4,,19.0,True,197.0,0.0964467005076142,False,28_Lauren Alaina,0.2378130523058731
28,2,Lauren Alaina,Gleb Savchenko,Singer/Rapper,24,4th Place,4,,19.0,True,219.0,0.0867579908675799,False,28_Lauren Alaina,0.2378112382172549
28,2,Lauren Alaina,Gleb Savchenko,Singer/Rapper,24,4th Place,4,,19.0,True,219.0,0.0867579908675799,False,28_Lauren Alaina,0.2378112382172549
28,3,Lauren Alaina,Gleb Savchenko,Singer/Rapper,24,4th Place,4,,20.0,True,198.0,0.101010101010101,False,28_Lauren Alaina,0.2380862078434978
28,3,Lauren Alaina,Gleb Savchenko,Singer/Rapper,24,4th Place,4,,20.0,True,198.0,0.101010101010101,False,28_Lauren Alaina,0.2380862078434978
28,4,Lauren Alaina,Gleb Savchenko,Singer/Rapper,24,4th Place,4,,32.0,True,282.0,0.1134751773049645,False,28_Lauren Alaina,0.2382715023068775
28,4,Lauren Alaina,Gleb Savchenko,Singer/Rapper,24,4th Place,4,,32.0,True,282.0,0.1134751773049645,False,28_Lauren Alaina,0.2382715023068775
28,5,Lauren Alaina,Gleb Savchenko,Singer/Rapper,24,4th Place,4,,23.0,True,215.0,0.1069767441860465,False,28_Lauren Alaina,0.2396843070596711
28,5,Lauren Alaina,Gleb Savchenko,Singer/Rapper,24,4th Place,4,,23.0,True,215.0,0.1069767441860465,False,28_Lauren Alaina,0.2396843070596711
28,6,Lauren Alaina,Gleb Savchenko,Singer/Rapper,24,4th Place,4,,26.0,True,228.0,0.1140350877192982,False,28_Lauren Alaina,0.2398135137139737
28,6,Lauren Alaina,Gleb Savchenko,Singer/Rapper,24,4th Place,4,,26.0,True,228.0,0.1140350877192982,False,28_Lauren Alaina,0.2398135137139737
28,7,Lauren Alaina,Gleb Savchenko,Singer/Rapper,24,4th Place,4,,27.0,True,202.0,0.1336633663366336,False,28_Lauren Alaina,0.2408219363574959
28,7,Lauren Alaina,Gleb Savchenko,Singer/Rapper,24,4th Place,4,,27.0,True,202.0,0.1336633663366336,False,28_Lauren Alaina,0.2408219363574959
28,8,Lauren Alaina,Gleb Savchenko,Singer/Rapper,24,4th Place,4,,24.0,True,192.9992,0.1243528470584334,False,28_Lauren Alaina,0.2421688622388218
28,8,Lauren Alaina,Gleb Savchenko,Singer/Rapper,24,4th Place,4,,24.0,True,192.9992,0.1243528470584334,False,28_Lauren Alaina,0.2421688622388218
28,9,Lauren Alaina,Gleb Savchenko,Singer/Rapper,24,4th Place,4,,35.0,True,208.5,0.1678657074340527,False,28_Lauren Alaina,0.2432849195186103
28,9,Lauren Alaina,Gleb Savchenko,Singer/Rapper,24,4th Place,4,,35.0,True,208.5,0.1678657074340527,False,28_Lauren Alaina,0.2432849195186103
28,10,Lauren Alaina,Gleb Savchenko,Singer/Rapper,24,4th Place,4,,27.0,True,137.5,0.1963636363636363,False,28_Lauren Alaina,0.2488412338149352
28,10,Lauren Alaina,Gleb Savchenko,Singer/Rapper,24,4th Place,4,,27.0,True,137.5,0.1963636363636363,False,28_Lauren Alaina,0.2488412338149352
28,11,Lauren Alaina,Gleb Savchenko,Singer/Rapper,24,4th Place,4,,28.5,True,117.0,0.2435897435897435,False,28_Lauren Alaina,0.2500000034900214
28,11,Lauren Alaina,Gleb Savchenko,Singer/Rapper,24,4th Place,4,,28.5,True,117.0,0.2435897435897435,False,28_Lauren Alaina,0.2500000034900214
28,1,Ally Brooke,Sasha Farber,Singer/Rapper,26,3rd Place,3,,16.0,True,197.0,0.0812182741116751,False,28_Ally Brooke,0.2378130330052375
28,1,Ally Brooke,Sasha Farber,Singer/Rapper,26,3rd Place,3,,16.0,True,197.0,0.0812182741116751,False,28_Ally Brooke,0.2378130330052375
28,2,Ally Brooke,Sasha Farber,Singer/Rapper,26,3rd Place,3,,20.0,True,219.0,0.091324200913242,False,28_Ally Brooke,0.2378112980874922
28,2,Ally Brooke,Sasha Farber,Singer/Rapper,26,3rd Place,3,,20.0,True,219.0,0.091324200913242,False,28_Ally Brooke,0.2378112980874922
28,3,Ally Brooke,Sasha Farber,Singer/Rapper,26,3rd Place,3,,24.0,True,198.0,0.1212121212121212,False,28_Ally Brooke,0.2380861135808749
28,3,Ally Brooke,Sasha Farber,Singer/Rapper,26,3rd Place,3,,24.0,True,198.0,0.1212121212121212,False,28_Ally Brooke,0.2380861135808749
28,4,Ally Brooke,Sasha Farber,Singer/Rapper,26,3rd Place,3,,32.0,True,282.0,0.1134751773049645,False,28_Ally Brooke,0.2382716284034933
28,4,Ally Brooke,Sasha Farber,Singer/Rapper,26,3rd Place,3,,32.0,True,282.0,0.1134751773049645,False,28_Ally Brooke,0.2382716284034933
28,5,Ally Brooke,Sasha Farber,Singer/Rapper,26,3rd Place,3,,27.0,True,215.0,0.1255813953488372,False,28_Ally Brooke,0.2396841603556622
28,5,Ally Brooke,Sasha Farber,Singer/Rapper,26,3rd Place,3,,27.0,True,215.0,0.1255813953488372,False,28_Ally Brooke,0.2396841603556622
28,6,Ally Brooke,Sasha Farber,Singer/Rapper,26,3rd Place,3,,25.0,True,228.0,0.1096491228070175,False,28_Ally Brooke,0.239813673118706
28,6,Ally Brooke,Sasha Farber,Singer/Rapper,26,3rd Place,3,,25.0,True,228.0,0.1096491228070175,False,28_Ally Brooke,0.239813673118706
28,7,Ally Brooke,Sasha Farber,Singer/Rapper,26,3rd Place,3,,27.0,True,202.0,0.1336633663366336,False,28_Ally Brooke,0.2408217799096428
28,7,Ally Brooke,Sasha Farber,Singer/Rapper,26,3rd Place,3,,27.0,True,202.0,0.1336633663366336,False,28_Ally Brooke,0.2408217799096428
28,8,Ally Brooke,Sasha Farber,Singer/Rapper,26,3rd Place,3,,30.0,True,192.9992,0.1554410588230417,False,28_Ally Brooke,0.2421690050344561
28,8,Ally Brooke,Sasha Farber,Singer/Rapper,26,3rd Place,3,,30.0,True,192.9992,0.1554410588230417,False,28_Ally Brooke,0.2421690050344561
28,9,Ally Brooke,Sasha Farber,Singer/Rapper,26,3rd Place,3,,40.0,True,208.5,0.1918465227817745,False,28_Ally Brooke,0.2432848067859677
28,9,Ally Brooke,Sasha Farber,Singer/Rapper,26,3rd Place,3,,40.0,True,208.5,0.1918465227817745,False,28_Ally Brooke,0.2432848067859677
28,10,Ally Brooke,Sasha Farber,Singer/Rapper,26,3rd Place,3,,29.5,True,137.5,0.2145454545454545,False,28_Ally Brooke,0.2488413079725105
28,10,Ally Brooke,Sasha Farber,Singer/Rapper,26,3rd Place,3,,29.5,True,137.5,0.2145454545454545,False,28_Ally Brooke,0.2488413079725105
28,11,Ally Brooke,Sasha Farber,Singer/Rapper,26,3rd Place,3,,30.0,True,117.0,0.2564102564102564,False,28_Ally Brooke,0.2499999788381584
28,11,Ally Brooke,Sasha Farber,Singer/Rapper,26,3rd Place,3,,30.0,True,117.0,0.2564102564102564,False,28_Ally Brooke,0.2499999788381584
28,1,Karamo Brown,Jenna Johnson,TV Personality,38,Eliminated Week 7,8,7.0,17.0,True,197.0,0.0862944162436548,False,28_Karamo Brown,0.0073668007196444
28,1,Karamo Brown,Jenna Johnson,TV Personality,38,Eliminated Week 7,8,7.0,17.0,True,197.0,0.0862944162436548,False,28_Karamo Brown,0.0073668007196444
28,2,Karamo Brown,Jenna Johnson,TV Personality,38,Eliminated Week 7,8,7.0,19.0,True,219.0,0.0867579908675799,False,28_Karamo Brown,0.0074948412824792
28,2,Karamo Brown,Jenna Johnson,TV Personality,38,Eliminated Week 7,8,7.0,19.0,True,219.0,0.0867579908675799,False,28_Karamo Brown,0.0074948412824792
28,3,Karamo Brown,Jenna Johnson,TV Personality,38,Eliminated Week 7,8,7.0,16.0,True,198.0,0.0808080808080808,False,28_Karamo Brown,0.0075489278901531
28,3,Karamo Brown,Jenna Johnson,TV Personality,38,Eliminated Week 7,8,7.0,16.0,True,198.0,0.0808080808080808,False,28_Karamo Brown,0.0075489278901531
28,4,Karamo Brown,Jenna Johnson,TV Personality,38,Eliminated Week 7,8,7.0,28.0,True,282.0,0.0992907801418439,False,28_Karamo Brown,0.0074216869677831
28,4,Karamo Brown,Jenna Johnson,TV Personality,38,Eliminated Week 7,8,7.0,28.0,True,282.0,0.0992907801418439,False,28_Karamo Brown,0.0074216869677831
28,5,Karamo Brown,Jenna Johnson,TV Personality,38,Eliminated Week 7,8,7.0,21.0,True,215.0,0.0976744186046511,False,28_Karamo Brown,0.0087437920972084
28,5,Karamo Brown,Jenna Johnson,TV Personality,38,Eliminated Week 7,8,7.0,21.0,True,215.0,0.0976744186046511,False,28_Karamo Brown,0.0087437920972084
28,6,Karamo Brown,Jenna Johnson,TV Personality,38,Eliminated Week 7,8,7.0,25.0,True,228.0,0.1096491228070175,False,28_Karamo Brown,0.008748831662743
28,6,Karamo Brown,Jenna Johnson,TV Personality,38,Eliminated Week 7,8,7.0,25.0,True,228.0,0.1096491228070175,False,28_Karamo Brown,0.008748831662743
28,7,Karamo Brown,Jenna Johnson,TV Personality,38,Eliminated Week 7,8,7.0,24.5,True,202.0,0.1212871287128712,True,28_Karamo Brown,0.0023571119713001
28,7,Karamo Brown,Jenna Johnson,TV Personality,38,Eliminated Week 7,8,7.0,24.5,True,202.0,0.1212871287128712,True,28_Karamo Brown,0.0023571119713001
28,8,Karamo Brown,Jenna Johnson,TV Personality,38,Eliminated Week 7,8,7.0,0.0,False,192.9992,0.0,False,28_Karamo Brown,
28,9,Karamo Brown,Jenna Johnson,TV Personality,38,Eliminated Week 7,8,7.0,0.0,False,208.5,0.0,False,28_Karamo Brown,
28,10,Karamo Brown,Jenna Johnson,TV Personality,38,Eliminated Week 7,8,7.0,0.0,False,137.5,0.0,False,28_Karamo Brown,
28,11,Karamo Brown,Jenna Johnson,TV Personality,38,Eliminated Week 7,8,7.0,0.0,False,117.0,0.0,False,28_Karamo Brown,
28,1,Hannah Brown,Alan Bersten,TV Personality,24,1st Place,1,,20.0,True,197.0,0.1015228426395939,False,28_Hannah Brown,0.2378130767119586
28,1,Hannah Brown,Alan Bersten,TV Personality,24,1st Place,1,,20.0,True,197.0,0.1015228426395939,False,28_Hannah Brown,0.2378130767119586
28,2,Hannah Brown,Alan Bersten,TV Personality,24,1st Place,1,,24.0,True,219.0,0.1095890410958904,False,28_Hannah Brown,0.237811170543206
28,2,Hannah Brown,Alan Bersten,TV Personality,24,1st Place,1,,24.0,True,219.0,0.1095890410958904,False,28_Hannah Brown,0.237811170543206
28,3,Hannah Brown,Alan Bersten,TV Personality,24,1st Place,1,,21.0,True,198.0,0.106060606060606,False,28_Hannah Brown,0.2380863131020475
28,3,Hannah Brown,Alan Bersten,TV Personality,24,1st Place,1,,21.0,True,198.0,0.106060606060606,False,28_Hannah Brown,0.2380863131020475
28,4,Hannah Brown,Alan Bersten,TV Personality,24,1st Place,1,,32.0,True,282.0,0.1134751773049645,False,28_Hannah Brown,0.23827137427053
28,4,Hannah Brown,Alan Bersten,TV Personality,24,1st Place,1,,32.0,True,282.0,0.1134751773049645,False,28_Hannah Brown,0.23827137427053
28,5,Hannah Brown,Alan Bersten,TV Personality,24,1st Place,1,,25.0,True,215.0,0.1162790697674418,False,28_Hannah Brown,0.2396844466091707
28,5,Hannah Brown,Alan Bersten,TV Personality,24,1st Place,1,,25.0,True,215.0,0.1162790697674418,False,28_Hannah Brown,0.2396844466091707
28,6,Hannah Brown,Alan Bersten,TV Personality,24,1st Place,1,,24.0,True,228.0,0.1052631578947368,False,28_Hannah Brown,0.2398133785190662
28,6,Hannah Brown,Alan Bersten,TV Personality,24,1st Place,1,,24.0,True,228.0,0.1052631578947368,False,28_Hannah Brown,0.2398133785190662
28,7,Hannah Brown,Alan Bersten,TV Personality,24,1st Place,1,,26.0,True,202.0,0.1287128712871287,False,28_Hannah Brown,0.2408220585948211
28,7,Hannah Brown,Alan Bersten,TV Personality,24,1st Place,1,,26.0,True,202.0,0.1287128712871287,False,28_Hannah Brown,0.2408220585948211
28,8,Hannah Brown,Alan Bersten,TV Personality,24,1st Place,1,,30.9998,True,192.9992,0.160621391176751,False,28_Hannah Brown,0.2421687634870444
28,8,Hannah Brown,Alan Bersten,TV Personality,24,1st Place,1,,30.9998,True,192.9992,0.160621391176751,False,28_Hannah Brown,0.2421687634870444
28,9,Hannah Brown,Alan Bersten,TV Personality,24,1st Place,1,,35.5,True,208.5,0.1702637889688249,False,28_Hannah Brown,0.2432849927744352
28,9,Hannah Brown,Alan Bersten,TV Personality,24,1st Place,1,,35.5,True,208.5,0.1702637889688249,False,28_Hannah Brown,0.2432849927744352
28,10,Hannah Brown,Alan Bersten,TV Personality,24,1st Place,1,,27.0,True,137.5,0.1963636363636363,False,28_Hannah Brown,0.2488411906381346
28,10,Hannah Brown,Alan Bersten,TV Personality,24,1st Place,1,,27.0,True,137.5,0.1963636363636363,False,28_Hannah Brown,0.2488411906381346
28,11,Hannah Brown,Alan Bersten,TV Personality,24,1st Place,1,,29.0,True,117.0,0.2478632478632478,False,28_Hannah Brown,0.2500000187727555
28,11,Hannah Brown,Alan Bersten,TV Personality,24,1st Place,1,,29.0,True,117.0,0.2478632478632478,False,28_Hannah Brown,0.2500000187727555
29,1,Anne Heche,Keo Motsepe,Actor/Actress,51,Eliminated Week 4,13,4.0,18.0,True,260.0,0.0692307692307692,False,29_Anne Heche,0.0001640618569498
29,1,Anne Heche,Keo Motsepe,Actor/Actress,51,Eliminated Week 4,13,4.0,18.0,True,260.0,0.0692307692307692,False,29_Anne Heche,0.0001640618569498
29,2,Anne Heche,Keo Motsepe,Actor/Actress,51,Eliminated Week 4,13,4.0,18.0,True,273.0,0.0659340659340659,False,29_Anne Heche,0.0
29,2,Anne Heche,Keo Motsepe,Actor/Actress,51,Eliminated Week 4,13,4.0,18.0,True,273.0,0.0659340659340659,False,29_Anne Heche,0.0
29,3,Anne Heche,Keo Motsepe,Actor/Actress,51,Eliminated Week 4,13,4.0,15.0,True,281.0,0.0533807829181494,False,29_Anne Heche,0.0
29,3,Anne Heche,Keo Motsepe,Actor/Actress,51,Eliminated Week 4,13,4.0,15.0,True,281.0,0.0533807829181494,False,29_Anne Heche,0.0
29,4,Anne Heche,Keo Motsepe,Actor/Actress,51,Eliminated Week 4,13,4.0,21.0,True,301.0,0.0697674418604651,True,29_Anne Heche,6.295148863993959e-18
29,4,Anne Heche,Keo Motsepe,Actor/Actress,51,Eliminated Week 4,13,4.0,21.0,True,301.0,0.0697674418604651,True,29_Anne Heche,6.295148863993959e-18
29,5,Anne Heche,Keo Motsepe,Actor/Actress,51,Eliminated Week 4,13,4.0,0.0,False,287.0,0.0,False,29_Anne Heche,
29,6,Anne Heche,Keo Motsepe,Actor/Actress,51,Eliminated Week 4,13,4.0,0.0,False,268.0,0.0,False,29_Anne Heche,
29,7,Anne Heche,Keo Motsepe,Actor/Actress,51,Eliminated Week 4,13,4.0,0.0,False,260.0,0.0,False,29_Anne Heche,
29,8,Anne Heche,Keo Motsepe,Actor/Actress,51,Eliminated Week 4,13,4.0,0.0,False,221.9996,0.0,False,29_Anne Heche,
29,9,Anne Heche,Keo Motsepe,Actor/Actress,51,Eliminated Week 4,13,4.0,0.0,False,192.9992,0.0,False,29_Anne Heche,
29,10,Anne Heche,Keo Motsepe,Actor/Actress,51,Eliminated Week 4,13,4.0,0.0,False,174.0,0.0,False,29_Anne Heche,
29,11,Anne Heche,Keo Motsepe,Actor/Actress,51,Eliminated Week 4,13,4.0,0.0,False,118.5,0.0,False,29_Anne Heche,
29,1,Jesse Metcalfe,Sharna Burgess,Actor/Actress,41,Eliminated Week 5,12,5.0,18.0,True,260.0,0.0692307692307692,False,29_Jesse Metcalfe,0.0001736600624259
29,1,Jesse Metcalfe,Sharna Burgess,Actor/Actress,41,Eliminated Week 5,12,5.0,18.0,True,260.0,0.0692307692307692,False,29_Jesse Metcalfe,0.0001736600624259
29,2,Jesse Metcalfe,Sharna Burgess,Actor/Actress,41,Eliminated Week 5,12,5.0,20.0,True,273.0,0.0732600732600732,False,29_Jesse Metcalfe,0.0001069015106669
29,2,Jesse Metcalfe,Sharna Burgess,Actor/Actress,41,Eliminated Week 5,12,5.0,20.0,True,273.0,0.0732600732600732,False,29_Jesse Metcalfe,0.0001069015106669
29,3,Jesse Metcalfe,Sharna Burgess,Actor/Actress,41,Eliminated Week 5,12,5.0,20.0,True,281.0,0.0711743772241993,False,29_Jesse Metcalfe,5.930899202388578e-05
29,3,Jesse Metcalfe,Sharna Burgess,Actor/Actress,41,Eliminated Week 5,12,5.0,20.0,True,281.0,0.0711743772241993,False,29_Jesse Metcalfe,5.930899202388578e-05
29,4,Jesse Metcalfe,Sharna Burgess,Actor/Actress,41,Eliminated Week 5,12,5.0,21.0,True,301.0,0.0697674418604651,False,29_Jesse Metcalfe,0.0002724387920949
29,4,Jesse Metcalfe,Sharna Burgess,Actor/Actress,41,Eliminated Week 5,12,5.0,21.0,True,301.0,0.0697674418604651,False,29_Jesse Metcalfe,0.0002724387920949
29,5,Jesse Metcalfe,Sharna Burgess,Actor/Actress,41,Eliminated Week 5,12,5.0,19.0,True,287.0,0.0662020905923344,True,29_Jesse Metcalfe,0.0001179519206301
29,5,Jesse Metcalfe,Sharna Burgess,Actor/Actress,41,Eliminated Week 5,12,5.0,19.0,True,287.0,0.0662020905923344,True,29_Jesse Metcalfe,0.0001179519206301
29,6,Jesse Metcalfe,Sharna Burgess,Actor/Actress,41,Eliminated Week 5,12,5.0,0.0,False,268.0,0.0,False,29_Jesse Metcalfe,
29,7,Jesse Metcalfe,Sharna Burgess,Actor/Actress,41,Eliminated Week 5,12,5.0,0.0,False,260.0,0.0,False,29_Jesse Metcalfe,
29,8,Jesse Metcalfe,Sharna Burgess,Actor/Actress,41,Eliminated Week 5,12,5.0,0.0,False,221.9996,0.0,False,29_Jesse Metcalfe,
29,9,Jesse Metcalfe,Sharna Burgess,Actor/Actress,41,Eliminated Week 5,12,5.0,0.0,False,192.9992,0.0,False,29_Jesse Metcalfe,
29,10,Jesse Metcalfe,Sharna Burgess,Actor/Actress,41,Eliminated Week 5,12,5.0,0.0,False,174.0,0.0,False,29_Jesse Metcalfe,
29,11,Jesse Metcalfe,Sharna Burgess,Actor/Actress,41,Eliminated Week 5,12,5.0,0.0,False,118.5,0.0,False,29_Jesse Metcalfe,
29,1,Chrishell Stause,Gleb Savchenko,Actor/Actress,39,Eliminated Week 8,8,8.0,13.0,True,260.0,0.05,False,29_Chrishell Stause,0.0006103740869172
29,1,Chrishell Stause,Gleb Savchenko,Actor/Actress,39,Eliminated Week 8,8,8.0,13.0,True,260.0,0.05,False,29_Chrishell Stause,0.0006103740869172
29,2,Chrishell Stause,Gleb Savchenko,Actor/Actress,39,Eliminated Week 8,8,8.0,18.0,True,273.0,0.0659340659340659,False,29_Chrishell Stause,0.0005094856501694
29,2,Chrishell Stause,Gleb Savchenko,Actor/Actress,39,Eliminated Week 8,8,8.0,18.0,True,273.0,0.0659340659340659,False,29_Chrishell Stause,0.0005094856501694
29,3,Chrishell Stause,Gleb Savchenko,Actor/Actress,39,Eliminated Week 8,8,8.0,22.0,True,281.0,0.0782918149466192,False,29_Chrishell Stause,0.0004020485535415
29,3,Chrishell Stause,Gleb Savchenko,Actor/Actress,39,Eliminated Week 8,8,8.0,22.0,True,281.0,0.0782918149466192,False,29_Chrishell Stause,0.0004020485535415
29,4,Chrishell Stause,Gleb Savchenko,Actor/Actress,39,Eliminated Week 8,8,8.0,22.0,True,301.0,0.0730897009966777,False,29_Chrishell Stause,0.0002738438222159
29,4,Chrishell Stause,Gleb Savchenko,Actor/Actress,39,Eliminated Week 8,8,8.0,22.0,True,301.0,0.0730897009966777,False,29_Chrishell Stause,0.0002738438222159
29,5,Chrishell Stause,Gleb Savchenko,Actor/Actress,39,Eliminated Week 8,8,8.0,19.0,True,287.0,0.0662020905923344,False,29_Chrishell Stause,0.000215057243433
29,5,Chrishell Stause,Gleb Savchenko,Actor/Actress,39,Eliminated Week 8,8,8.0,19.0,True,287.0,0.0662020905923344,False,29_Chrishell Stause,0.000215057243433
29,6,Chrishell Stause,Gleb Savchenko,Actor/Actress,39,Eliminated Week 8,8,8.0,24.0,True,268.0,0.0895522388059701,False,29_Chrishell Stause,4.005429847197519e-17
29,6,Chrishell Stause,Gleb Savchenko,Actor/Actress,39,Eliminated Week 8,8,8.0,24.0,True,268.0,0.0895522388059701,False,29_Chrishell Stause,4.005429847197519e-17
29,7,Chrishell Stause,Gleb Savchenko,Actor/Actress,39,Eliminated Week 8,8,8.0,26.0,True,260.0,0.1,False,29_Chrishell Stause,2.9843088901289876e-05
29,7,Chrishell Stause,Gleb Savchenko,Actor/Actress,39,Eliminated Week 8,8,8.0,26.0,True,260.0,0.1,False,29_Chrishell Stause,2.9843088901289876e-05
29,8,Chrishell Stause,Gleb Savchenko,Actor/Actress,39,Eliminated Week 8,8,8.0,27.0,True,221.9996,0.1216218407600734,True,29_Chrishell Stause,0.0
29,8,Chrishell Stause,Gleb Savchenko,Actor/Actress,39,Eliminated Week 8,8,8.0,27.0,True,221.9996,0.1216218407600734,True,29_Chrishell Stause,0.0
29,9,Chrishell Stause,Gleb Savchenko,Actor/Actress,39,Eliminated Week 8,8,8.0,0.0,False,192.9992,0.0,False,29_Chrishell Stause,
29,10,Chrishell Stause,Gleb Savchenko,Actor/Actress,39,Eliminated Week 8,8,8.0,0.0,False,174.0,0.0,False,29_Chrishell Stause,
29,11,Chrishell Stause,Gleb Savchenko,Actor/Actress,39,Eliminated Week 8,8,8.0,0.0,False,118.5,0.0,False,29_Chrishell Stause,
29,1,Skai Jackson,Alan Bersten,Actor/Actress,18,Eliminated Week 10,5,10.0,21.0,True,260.0,0.0807692307692307,False,29_Skai Jackson,0.0102843290021985
29,1,Skai Jackson,Alan Bersten,Actor/Actress,18,Eliminated Week 10,5,10.0,21.0,True,260.0,0.0807692307692307,False,29_Skai Jackson,0.0102843290021985
29,2,Skai Jackson,Alan Bersten,Actor/Actress,18,Eliminated Week 10,5,10.0,15.0,True,273.0,0.0549450549450549,False,29_Skai Jackson,0.0102157066854031
29,2,Skai Jackson,Alan Bersten,Actor/Actress,18,Eliminated Week 10,5,10.0,15.0,True,273.0,0.0549450549450549,False,29_Skai Jackson,0.0102157066854031
29,3,Skai Jackson,Alan Bersten,Actor/Actress,18,Eliminated Week 10,5,10.0,18.0,True,281.0,0.0640569395017793,False,29_Skai Jackson,0.0104890133852577
29,3,Skai Jackson,Alan Bersten,Actor/Actress,18,Eliminated Week 10,5,10.0,18.0,True,281.0,0.0640569395017793,False,29_Skai Jackson,0.0104890133852577
29,4,Skai Jackson,Alan Bersten,Actor/Actress,18,Eliminated Week 10,5,10.0,28.0,True,301.0,0.0930232558139534,False,29_Skai Jackson,0.010726763724827
29,4,Skai Jackson,Alan Bersten,Actor/Actress,18,Eliminated Week 10,5,10.0,28.0,True,301.0,0.0930232558139534,False,29_Skai Jackson,0.010726763724827
29,5,Skai Jackson,Alan Bersten,Actor/Actress,18,Eliminated Week 10,5,10.0,24.0,True,287.0,0.0836236933797909,False,29_Skai Jackson,0.0109298515077392
29,5,Skai Jackson,Alan Bersten,Actor/Actress,18,Eliminated Week 10,5,10.0,24.0,True,287.0,0.0836236933797909,False,29_Skai Jackson,0.0109298515077392
29,6,Skai Jackson,Alan Bersten,Actor/Actress,18,Eliminated Week 10,5,10.0,18.0,True,268.0,0.0671641791044776,False,29_Skai Jackson,0.0111892924175071
29,6,Skai Jackson,Alan Bersten,Actor/Actress,18,Eliminated Week 10,5,10.0,18.0,True,268.0,0.0671641791044776,False,29_Skai Jackson,0.0111892924175071
29,7,Skai Jackson,Alan Bersten,Actor/Actress,18,Eliminated Week 10,5,10.0,27.0,True,260.0,0.1038461538461538,False,29_Skai Jackson,0.0099761987370091
29,7,Skai Jackson,Alan Bersten,Actor/Actress,18,Eliminated Week 10,5,10.0,27.0,True,260.0,0.1038461538461538,False,29_Skai Jackson,0.0099761987370091
29,8,Skai Jackson,Alan Bersten,Actor/Actress,18,Eliminated Week 10,5,10.0,26.9998,True,221.9996,0.1216209398575493,False,29_Skai Jackson,0.0088760003851795
29,8,Skai Jackson,Alan Bersten,Actor/Actress,18,Eliminated Week 10,5,10.0,26.9998,True,221.9996,0.1216209398575493,False,29_Skai Jackson,0.0088760003851795
29,9,Skai Jackson,Alan Bersten,Actor/Actress,18,Eliminated Week 10,5,10.0,28.9998,True,192.9992,0.1502586539218815,False,29_Skai Jackson,0.0076589061901972
29,9,Skai Jackson,Alan Bersten,Actor/Actress,18,Eliminated Week 10,5,10.0,28.9998,True,192.9992,0.1502586539218815,False,29_Skai Jackson,0.0076589061901972
29,10,Skai Jackson,Alan Bersten,Actor/Actress,18,Eliminated Week 10,5,10.0,28.5,True,174.0,0.1637931034482758,True,29_Skai Jackson,0.0064968707185402
29,10,Skai Jackson,Alan Bersten,Actor/Actress,18,Eliminated Week 10,5,10.0,28.5,True,174.0,0.1637931034482758,True,29_Skai Jackson,0.0064968707185402
29,11,Skai Jackson,Alan Bersten,Actor/Actress,18,Eliminated Week 10,5,10.0,0.0,False,118.5,0.0,False,29_Skai Jackson,
29,1,Justina Machado,Sasha Farber,Actor/Actress,48,4th Place,4,,21.0,True,260.0,0.0807692307692307,False,29_Justina Machado,0.247001430286129
29,1,Justina Machado,Sasha Farber,Actor/Actress,48,4th Place,4,,21.0,True,260.0,0.0807692307692307,False,29_Justina Machado,0.247001430286129
29,2,Justina Machado,Sasha Farber,Actor/Actress,48,4th Place,4,,21.0,True,273.0,0.0769230769230769,False,29_Justina Machado,0.2470223651972676
29,2,Justina Machado,Sasha Farber,Actor/Actress,48,4th Place,4,,21.0,True,273.0,0.0769230769230769,False,29_Justina Machado,0.2470223651972676
29,3,Justina Machado,Sasha Farber,Actor/Actress,48,4th Place,4,,19.0,True,281.0,0.0676156583629893,False,29_Justina Machado,0.247061632624887
29,3,Justina Machado,Sasha Farber,Actor/Actress,48,4th Place,4,,19.0,True,281.0,0.0676156583629893,False,29_Justina Machado,0.247061632624887
29,4,Justina Machado,Sasha Farber,Actor/Actress,48,4th Place,4,,24.0,True,301.0,0.0797342192691029,False,29_Justina Machado,0.2471291443240723
29,4,Justina Machado,Sasha Farber,Actor/Actress,48,4th Place,4,,24.0,True,301.0,0.0797342192691029,False,29_Justina Machado,0.2471291443240723
29,5,Justina Machado,Sasha Farber,Actor/Actress,48,4th Place,4,,24.0,True,287.0,0.0836236933797909,False,29_Justina Machado,0.2471462121154676
29,5,Justina Machado,Sasha Farber,Actor/Actress,48,4th Place,4,,24.0,True,287.0,0.0836236933797909,False,29_Justina Machado,0.2471462121154676
29,6,Justina Machado,Sasha Farber,Actor/Actress,48,4th Place,4,,27.0,True,268.0,0.1007462686567164,False,29_Justina Machado,0.2472026769171749
29,6,Justina Machado,Sasha Farber,Actor/Actress,48,4th Place,4,,27.0,True,268.0,0.1007462686567164,False,29_Justina Machado,0.2472026769171749
29,7,Justina Machado,Sasha Farber,Actor/Actress,48,4th Place,4,,26.0,True,260.0,0.1,False,29_Justina Machado,0.2474406606613975
29,7,Justina Machado,Sasha Farber,Actor/Actress,48,4th Place,4,,26.0,True,260.0,0.1,False,29_Justina Machado,0.2474406606613975
29,8,Justina Machado,Sasha Farber,Actor/Actress,48,4th Place,4,,28.9998,True,221.9996,0.1306299650990362,False,29_Justina Machado,0.2477810046235208
29,8,Justina Machado,Sasha Farber,Actor/Actress,48,4th Place,4,,28.9998,True,221.9996,0.1306299650990362,False,29_Justina Machado,0.2477810046235208
29,9,Justina Machado,Sasha Farber,Actor/Actress,48,4th Place,4,,25.9998,True,192.9992,0.1347145480395773,False,29_Justina Machado,0.2480852680939785
29,9,Justina Machado,Sasha Farber,Actor/Actress,48,4th Place,4,,25.9998,True,192.9992,0.1347145480395773,False,29_Justina Machado,0.2480852680939785
29,10,Justina Machado,Sasha Farber,Actor/Actress,48,4th Place,4,,29.0,True,174.0,0.1666666666666666,False,29_Justina Machado,0.2483757864081031
29,10,Justina Machado,Sasha Farber,Actor/Actress,48,4th Place,4,,29.0,True,174.0,0.1666666666666666,False,29_Justina Machado,0.2483757864081031
29,11,Justina Machado,Sasha Farber,Actor/Actress,48,4th Place,4,,30.0,True,118.5,0.2531645569620253,False,29_Justina Machado,0.2499999985181259
29,11,Justina Machado,Sasha Farber,Actor/Actress,48,4th Place,4,,30.0,True,118.5,0.2531645569620253,False,29_Justina Machado,0.2499999985181259
29,1,Charles Oakley,Emma Slater,Athlete,56,Eliminated Week 2,15,2.0,12.0,True,260.0,0.0461538461538461,False,29_Charles Oakley,0.0
29,1,Charles Oakley,Emma Slater,Athlete,56,Eliminated Week 2,15,2.0,12.0,True,260.0,0.0461538461538461,False,29_Charles Oakley,0.0
29,2,Charles Oakley,Emma Slater,Athlete,56,Eliminated Week 2,15,2.0,15.0,True,273.0,0.0549450549450549,True,29_Charles Oakley,4.797594613248357e-18
29,2,Charles Oakley,Emma Slater,Athlete,56,Eliminated Week 2,15,2.0,15.0,True,273.0,0.0549450549450549,True,29_Charles Oakley,4.797594613248357e-18
29,3,Charles Oakley,Emma Slater,Athlete,56,Eliminated Week 2,15,2.0,0.0,False,281.0,0.0,False,29_Charles Oakley,
29,4,Charles Oakley,Emma Slater,Athlete,56,Eliminated Week 2,15,2.0,0.0,False,301.0,0.0,False,29_Charles Oakley,
29,5,Charles Oakley,Emma Slater,Athlete,56,Eliminated Week 2,15,2.0,0.0,False,287.0,0.0,False,29_Charles Oakley,
29,6,Charles Oakley,Emma Slater,Athlete,56,Eliminated Week 2,15,2.0,0.0,False,268.0,0.0,False,29_Charles Oakley,
29,7,Charles Oakley,Emma Slater,Athlete,56,Eliminated Week 2,15,2.0,0.0,False,260.0,0.0,False,29_Charles Oakley,
29,8,Charles Oakley,Emma Slater,Athlete,56,Eliminated Week 2,15,2.0,0.0,False,221.9996,0.0,False,29_Charles Oakley,
29,9,Charles Oakley,Emma Slater,Athlete,56,Eliminated Week 2,15,2.0,0.0,False,192.9992,0.0,False,29_Charles Oakley,
29,10,Charles Oakley,Emma Slater,Athlete,56,Eliminated Week 2,15,2.0,0.0,False,174.0,0.0,False,29_Charles Oakley,
29,11,Charles Oakley,Emma Slater,Athlete,56,Eliminated Week 2,15,2.0,0.0,False,118.5,0.0,False,29_Charles Oakley,
29,1,Veron Davis,Peta Murgatroyd,Athlete,36,Eliminated Week 6,11,6.0,17.0,True,260.0,0.0653846153846153,False,29_Veron Davis,3.122188573768733e-05
29,1,Veron Davis,Peta Murgatroyd,Athlete,36,Eliminated Week 6,11,6.0,17.0,True,260.0,0.0653846153846153,False,29_Veron Davis,3.122188573768733e-05
29,2,Veron Davis,Peta Murgatroyd,Athlete,36,Eliminated Week 6,11,6.0,18.0,True,273.0,0.0659340659340659,False,29_Veron Davis,0.0002004268188544
29,2,Veron Davis,Peta Murgatroyd,Athlete,36,Eliminated Week 6,11,6.0,18.0,True,273.0,0.0659340659340659,False,29_Veron Davis,0.0002004268188544
29,3,Veron Davis,Peta Murgatroyd,Athlete,36,Eliminated Week 6,11,6.0,22.0,True,281.0,0.0782918149466192,False,29_Veron Davis,0.0
29,3,Veron Davis,Peta Murgatroyd,Athlete,36,Eliminated Week 6,11,6.0,22.0,True,281.0,0.0782918149466192,False,29_Veron Davis,0.0
29,4,Veron Davis,Peta Murgatroyd,Athlete,36,Eliminated Week 6,11,6.0,22.0,True,301.0,0.0730897009966777,False,29_Veron Davis,2.0635594537051732e-18
29,4,Veron Davis,Peta Murgatroyd,Athlete,36,Eliminated Week 6,11,6.0,22.0,True,301.0,0.0730897009966777,False,29_Veron Davis,2.0635594537051732e-18
29,5,Veron Davis,Peta Murgatroyd,Athlete,36,Eliminated Week 6,11,6.0,21.0,True,287.0,0.073170731707317,False,29_Veron Davis,5.328881014298946e-05
29,5,Veron Davis,Peta Murgatroyd,Athlete,36,Eliminated Week 6,11,6.0,21.0,True,287.0,0.073170731707317,False,29_Veron Davis,5.328881014298946e-05
29,6,Veron Davis,Peta Murgatroyd,Athlete,36,Eliminated Week 6,11,6.0,21.0,True,268.0,0.0783582089552238,True,29_Veron Davis,0.0
29,6,Veron Davis,Peta Murgatroyd,Athlete,36,Eliminated Week 6,11,6.0,21.0,True,268.0,0.0783582089552238,True,29_Veron Davis,0.0
29,7,Veron Davis,Peta Murgatroyd,Athlete,36,Eliminated Week 6,11,6.0,0.0,False,260.0,0.0,False,29_Veron Davis,
29,8,Veron Davis,Peta Murgatroyd,Athlete,36,Eliminated Week 6,11,6.0,0.0,False,221.9996,0.0,False,29_Veron Davis,
29,9,Veron Davis,Peta Murgatroyd,Athlete,36,Eliminated Week 6,11,6.0,0.0,False,192.9992,0.0,False,29_Veron Davis,
29,10,Veron Davis,Peta Murgatroyd,Athlete,36,Eliminated Week 6,11,6.0,0.0,False,174.0,0.0,False,29_Veron Davis,
29,11,Veron Davis,Peta Murgatroyd,Athlete,36,Eliminated Week 6,11,6.0,0.0,False,118.5,0.0,False,29_Veron Davis,
29,1,Johnny Weir,Britt Stewart,Athlete,36,Eliminated Week 10,6,10.0,18.0,True,260.0,0.0692307692307692,False,29_Johnny Weir,0.0003703698238034
29,1,Johnny Weir,Britt Stewart,Athlete,36,Eliminated Week 10,6,10.0,18.0,True,260.0,0.0692307692307692,False,29_Johnny Weir,0.0003703698238034
29,2,Johnny Weir,Britt Stewart,Athlete,36,Eliminated Week 10,6,10.0,18.0,True,273.0,0.0659340659340659,False,29_Johnny Weir,0.0003778088329776
29,2,Johnny Weir,Britt Stewart,Athlete,36,Eliminated Week 10,6,10.0,18.0,True,273.0,0.0659340659340659,False,29_Johnny Weir,0.0003778088329776
29,3,Johnny Weir,Britt Stewart,Athlete,36,Eliminated Week 10,6,10.0,24.0,True,281.0,0.0854092526690391,False,29_Johnny Weir,0.0002246382433707
29,3,Johnny Weir,Britt Stewart,Athlete,36,Eliminated Week 10,6,10.0,24.0,True,281.0,0.0854092526690391,False,29_Johnny Weir,0.0002246382433707
29,4,Johnny Weir,Britt Stewart,Athlete,36,Eliminated Week 10,6,10.0,24.0,True,301.0,0.0797342192691029,False,29_Johnny Weir,0.0001528454090118
29,4,Johnny Weir,Britt Stewart,Athlete,36,Eliminated Week 10,6,10.0,24.0,True,301.0,0.0797342192691029,False,29_Johnny Weir,0.0001528454090118
29,5,Johnny Weir,Britt Stewart,Athlete,36,Eliminated Week 10,6,10.0,29.0,True,287.0,0.1010452961672473,False,29_Johnny Weir,5.211608987879874e-06
29,5,Johnny Weir,Britt Stewart,Athlete,36,Eliminated Week 10,6,10.0,29.0,True,287.0,0.1010452961672473,False,29_Johnny Weir,5.211608987879874e-06
29,6,Johnny Weir,Britt Stewart,Athlete,36,Eliminated Week 10,6,10.0,22.0,True,268.0,0.0820895522388059,False,29_Johnny Weir,0.0
29,6,Johnny Weir,Britt Stewart,Athlete,36,Eliminated Week 10,6,10.0,22.0,True,268.0,0.0820895522388059,False,29_Johnny Weir,0.0
29,7,Johnny Weir,Britt Stewart,Athlete,36,Eliminated Week 10,6,10.0,27.0,True,260.0,0.1038461538461538,False,29_Johnny Weir,0.0001216681520401
29,7,Johnny Weir,Britt Stewart,Athlete,36,Eliminated Week 10,6,10.0,27.0,True,260.0,0.1038461538461538,False,29_Johnny Weir,0.0001216681520401
29,8,Johnny Weir,Britt Stewart,Athlete,36,Eliminated Week 10,6,10.0,30.0,True,221.9996,0.1351353786223038,False,29_Johnny Weir,0.0
29,8,Johnny Weir,Britt Stewart,Athlete,36,Eliminated Week 10,6,10.0,30.0,True,221.9996,0.1351353786223038,False,29_Johnny Weir,0.0
29,9,Johnny Weir,Britt Stewart,Athlete,36,Eliminated Week 10,6,10.0,30.0,True,192.9992,0.1554410588230417,False,29_Johnny Weir,4.2825985813177425e-18
29,9,Johnny Weir,Britt Stewart,Athlete,36,Eliminated Week 10,6,10.0,30.0,True,192.9992,0.1554410588230417,False,29_Johnny Weir,4.2825985813177425e-18
29,10,Johnny Weir,Britt Stewart,Athlete,36,Eliminated Week 10,6,10.0,28.5,True,174.0,0.1637931034482758,True,29_Johnny Weir,0.0
29,10,Johnny Weir,Britt Stewart,Athlete,36,Eliminated Week 10,6,10.0,28.5,True,174.0,0.1637931034482758,True,29_Johnny Weir,0.0
29,11,Johnny Weir,Britt Stewart,Athlete,36,Eliminated Week 10,6,10.0,0.0,False,118.5,0.0,False,29_Johnny Weir,
29,1,Nev Schulman,Jenna Johnson,Producer,35,2nd Place,2,,20.0,True,260.0,0.0769230769230769,False,29_Nev Schulman,0.2470014326321298
29,1,Nev Schulman,Jenna Johnson,Producer,35,2nd Place,2,,20.0,True,260.0,0.0769230769230769,False,29_Nev Schulman,0.2470014326321298
29,2,Nev Schulman,Jenna Johnson,Producer,35,2nd Place,2,,21.0,True,273.0,0.0769230769230769,False,29_Nev Schulman,0.2470223588990629
29,2,Nev Schulman,Jenna Johnson,Producer,35,2nd Place,2,,21.0,True,273.0,0.0769230769230769,False,29_Nev Schulman,0.2470223588990629
29,3,Nev Schulman,Jenna Johnson,Producer,35,2nd Place,2,,24.0,True,281.0,0.0854092526690391,False,29_Nev Schulman,0.2470616419987494
29,3,Nev Schulman,Jenna Johnson,Producer,35,2nd Place,2,,24.0,True,281.0,0.0854092526690391,False,29_Nev Schulman,0.2470616419987494
29,4,Nev Schulman,Jenna Johnson,Producer,35,2nd Place,2,,24.0,True,301.0,0.0797342192691029,False,29_Nev Schulman,0.2471291350004277
29,4,Nev Schulman,Jenna Johnson,Producer,35,2nd Place,2,,24.0,True,301.0,0.0797342192691029,False,29_Nev Schulman,0.2471291350004277
29,5,Nev Schulman,Jenna Johnson,Producer,35,2nd Place,2,,26.0,True,287.0,0.0905923344947735,False,29_Nev Schulman,0.2471462197369164
29,5,Nev Schulman,Jenna Johnson,Producer,35,2nd Place,2,,26.0,True,287.0,0.0905923344947735,False,29_Nev Schulman,0.2471462197369164
29,6,Nev Schulman,Jenna Johnson,Producer,35,2nd Place,2,,26.0,True,268.0,0.0970149253731343,False,29_Nev Schulman,0.2472026723181934
29,6,Nev Schulman,Jenna Johnson,Producer,35,2nd Place,2,,26.0,True,268.0,0.0970149253731343,False,29_Nev Schulman,0.2472026723181934
29,7,Nev Schulman,Jenna Johnson,Producer,35,2nd Place,2,,30.0,True,260.0,0.1153846153846153,False,29_Nev Schulman,0.2474406627234984
29,7,Nev Schulman,Jenna Johnson,Producer,35,2nd Place,2,,30.0,True,260.0,0.1153846153846153,False,29_Nev Schulman,0.2474406627234984
29,8,Nev Schulman,Jenna Johnson,Producer,35,2nd Place,2,,30.0,True,221.9996,0.1351353786223038,False,29_Nev Schulman,0.2477810049391169
29,8,Nev Schulman,Jenna Johnson,Producer,35,2nd Place,2,,30.0,True,221.9996,0.1351353786223038,False,29_Nev Schulman,0.2477810049391169
29,9,Nev Schulman,Jenna Johnson,Producer,35,2nd Place,2,,28.9998,True,192.9992,0.1502586539218815,False,29_Nev Schulman,0.2480852668840237
29,9,Nev Schulman,Jenna Johnson,Producer,35,2nd Place,2,,28.9998,True,192.9992,0.1502586539218815,False,29_Nev Schulman,0.2480852668840237
29,10,Nev Schulman,Jenna Johnson,Producer,35,2nd Place,2,,30.0,True,174.0,0.1724137931034483,False,29_Nev Schulman,0.2483757878125299
29,10,Nev Schulman,Jenna Johnson,Producer,35,2nd Place,2,,30.0,True,174.0,0.1724137931034483,False,29_Nev Schulman,0.2483757878125299
29,11,Nev Schulman,Jenna Johnson,Producer,35,2nd Place,2,,30.0,True,118.5,0.2531645569620253,False,29_Nev Schulman,0.2499999981209168
29,11,Nev Schulman,Jenna Johnson,Producer,35,2nd Place,2,,30.0,True,118.5,0.2531645569620253,False,29_Nev Schulman,0.2499999981209168
29,1,AJ McLean,Cheryl Burke,Singer/Rapper,42,Eliminated Week 9,7,9.0,18.0,True,260.0,0.0692307692307692,False,29_AJ McLean,0.000207141425208
29,1,AJ McLean,Cheryl Burke,Singer/Rapper,42,Eliminated Week 9,7,9.0,18.0,True,260.0,0.0692307692307692,False,29_AJ McLean,0.000207141425208
29,2,AJ McLean,Cheryl Burke,Singer/Rapper,42,Eliminated Week 9,7,9.0,19.0,True,273.0,0.0695970695970696,False,29_AJ McLean,8.995235338302306e-05
29,2,AJ McLean,Cheryl Burke,Singer/Rapper,42,Eliminated Week 9,7,9.0,19.0,True,273.0,0.0695970695970696,False,29_AJ McLean,8.995235338302306e-05
29,3,AJ McLean,Cheryl Burke,Singer/Rapper,42,Eliminated Week 9,7,9.0,21.0,True,281.0,0.0747330960854092,False,29_AJ McLean,0.0001894636732542
29,3,AJ McLean,Cheryl Burke,Singer/Rapper,42,Eliminated Week 9,7,9.0,21.0,True,281.0,0.0747330960854092,False,29_AJ McLean,0.0001894636732542
29,4,AJ McLean,Cheryl Burke,Singer/Rapper,42,Eliminated Week 9,7,9.0,24.0,True,301.0,0.0797342192691029,False,29_AJ McLean,5.751712103053676e-05
29,4,AJ McLean,Cheryl Burke,Singer/Rapper,42,Eliminated Week 9,7,9.0,24.0,True,301.0,0.0797342192691029,False,29_AJ McLean,5.751712103053676e-05
29,5,AJ McLean,Cheryl Burke,Singer/Rapper,42,Eliminated Week 9,7,9.0,24.0,True,287.0,0.0836236933797909,False,29_AJ McLean,4.446067875775316e-05
29,5,AJ McLean,Cheryl Burke,Singer/Rapper,42,Eliminated Week 9,7,9.0,24.0,True,287.0,0.0836236933797909,False,29_AJ McLean,4.446067875775316e-05
29,6,AJ McLean,Cheryl Burke,Singer/Rapper,42,Eliminated Week 9,7,9.0,27.0,True,268.0,0.1007462686567164,False,29_AJ McLean,2.0793616284359657e-17
29,6,AJ McLean,Cheryl Burke,Singer/Rapper,42,Eliminated Week 9,7,9.0,27.0,True,268.0,0.1007462686567164,False,29_AJ McLean,2.0793616284359657e-17
29,7,AJ McLean,Cheryl Burke,Singer/Rapper,42,Eliminated Week 9,7,9.0,26.0,True,260.0,0.1,False,29_AJ McLean,4.0657581468206424e-18
29,7,AJ McLean,Cheryl Burke,Singer/Rapper,42,Eliminated Week 9,7,9.0,26.0,True,260.0,0.1,False,29_AJ McLean,4.0657581468206424e-18
29,8,AJ McLean,Cheryl Burke,Singer/Rapper,42,Eliminated Week 9,7,9.0,27.0,True,221.9996,0.1216218407600734,False,29_AJ McLean,1.4257258568184383e-17
29,8,AJ McLean,Cheryl Burke,Singer/Rapper,42,Eliminated Week 9,7,9.0,27.0,True,221.9996,0.1216218407600734,False,29_AJ McLean,1.4257258568184383e-17
29,9,AJ McLean,Cheryl Burke,Singer/Rapper,42,Eliminated Week 9,7,9.0,24.9998,True,192.9992,0.1295331794121426,True,29_AJ McLean,2.961227183601034e-18
29,9,AJ McLean,Cheryl Burke,Singer/Rapper,42,Eliminated Week 9,7,9.0,24.9998,True,192.9992,0.1295331794121426,True,29_AJ McLean,2.961227183601034e-18
29,10,AJ McLean,Cheryl Burke,Singer/Rapper,42,Eliminated Week 9,7,9.0,0.0,False,174.0,0.0,False,29_AJ McLean,
29,11,AJ McLean,Cheryl Burke,Singer/Rapper,42,Eliminated Week 9,7,9.0,0.0,False,118.5,0.0,False,29_AJ McLean,
29,1,Nelly,Daniella Karagach,Singer/Rapper,45,3rd Place,3,,16.0,True,260.0,0.0615384615384615,False,29_Nelly,0.2470014270507853
29,1,Nelly,Daniella Karagach,Singer/Rapper,45,3rd Place,3,,16.0,True,260.0,0.0615384615384615,False,29_Nelly,0.2470014270507853
29,2,Nelly,Daniella Karagach,Singer/Rapper,45,3rd Place,3,,18.0,True,273.0,0.0659340659340659,False,29_Nelly,0.2470223745661892
29,2,Nelly,Daniella Karagach,Singer/Rapper,45,3rd Place,3,,18.0,True,273.0,0.0659340659340659,False,29_Nelly,0.2470223745661892
29,3,Nelly,Daniella Karagach,Singer/Rapper,45,3rd Place,3,,18.0,True,281.0,0.0640569395017793,False,29_Nelly,0.2470616203225208
29,3,Nelly,Daniella Karagach,Singer/Rapper,45,3rd Place,3,,18.0,True,281.0,0.0640569395017793,False,29_Nelly,0.2470616203225208
29,4,Nelly,Daniella Karagach,Singer/Rapper,45,3rd Place,3,,21.0,True,301.0,0.0697674418604651,False,29_Nelly,0.247129156227507
29,4,Nelly,Daniella Karagach,Singer/Rapper,45,3rd Place,3,,21.0,True,301.0,0.0697674418604651,False,29_Nelly,0.247129156227507
29,5,Nelly,Daniella Karagach,Singer/Rapper,45,3rd Place,3,,24.0,True,287.0,0.0836236933797909,False,29_Nelly,0.2471462048829269
29,5,Nelly,Daniella Karagach,Singer/Rapper,45,3rd Place,3,,24.0,True,287.0,0.0836236933797909,False,29_Nelly,0.2471462048829269
29,6,Nelly,Daniella Karagach,Singer/Rapper,45,3rd Place,3,,24.0,True,268.0,0.0895522388059701,False,29_Nelly,0.2472026777499177
29,6,Nelly,Daniella Karagach,Singer/Rapper,45,3rd Place,3,,24.0,True,268.0,0.0895522388059701,False,29_Nelly,0.2472026777499177
29,7,Nelly,Daniella Karagach,Singer/Rapper,45,3rd Place,3,,27.0,True,260.0,0.1038461538461538,False,29_Nelly,0.2474406668603434
29,7,Nelly,Daniella Karagach,Singer/Rapper,45,3rd Place,3,,27.0,True,260.0,0.1038461538461538,False,29_Nelly,0.2474406668603434
29,8,Nelly,Daniella Karagach,Singer/Rapper,45,3rd Place,3,,24.0,True,221.9996,0.108108302897843,False,29_Nelly,0.2477809936449083
29,8,Nelly,Daniella Karagach,Singer/Rapper,45,3rd Place,3,,24.0,True,221.9996,0.108108302897843,False,29_Nelly,0.2477809936449083
29,9,Nelly,Daniella Karagach,Singer/Rapper,45,3rd Place,3,,24.0,True,192.9992,0.1243528470584334,False,29_Nelly,0.2480852805515802
29,9,Nelly,Daniella Karagach,Singer/Rapper,45,3rd Place,3,,24.0,True,192.9992,0.1243528470584334,False,29_Nelly,0.2480852805515802
29,10,Nelly,Daniella Karagach,Singer/Rapper,45,3rd Place,3,,28.0,True,174.0,0.160919540229885,False,29_Nelly,0.2483757770607452
29,10,Nelly,Daniella Karagach,Singer/Rapper,45,3rd Place,3,,28.0,True,174.0,0.160919540229885,False,29_Nelly,0.2483757770607452
29,11,Nelly,Daniella Karagach,Singer/Rapper,45,3rd Place,3,,28.5,True,118.5,0.240506329113924,False,29_Nelly,0.2500000021077339
29,11,Nelly,Daniella Karagach,Singer/Rapper,45,3rd Place,3,,28.5,True,118.5,0.240506329113924,False,29_Nelly,0.2500000021077339
29,1,Kaitlyn Bristowe,Artem Chigvintsev,TV Personality,35,1st Place,1,,20.0,True,260.0,0.0769230769230769,False,29_Kaitlyn Bristowe,0.2470014274470058
29,1,Kaitlyn Bristowe,Artem Chigvintsev,TV Personality,35,1st Place,1,,20.0,True,260.0,0.0769230769230769,False,29_Kaitlyn Bristowe,0.2470014274470058
29,2,Kaitlyn Bristowe,Artem Chigvintsev,TV Personality,35,1st Place,1,,22.0,True,273.0,0.0805860805860805,False,29_Kaitlyn Bristowe,0.2470223728313317
29,2,Kaitlyn Bristowe,Artem Chigvintsev,TV Personality,35,1st Place,1,,22.0,True,273.0,0.0805860805860805,False,29_Kaitlyn Bristowe,0.2470223728313317
29,3,Kaitlyn Bristowe,Artem Chigvintsev,TV Personality,35,1st Place,1,,23.0,True,281.0,0.0818505338078291,False,29_Kaitlyn Bristowe,0.2470616210232534
29,3,Kaitlyn Bristowe,Artem Chigvintsev,TV Personality,35,1st Place,1,,23.0,True,281.0,0.0818505338078291,False,29_Kaitlyn Bristowe,0.2470616210232534
29,4,Kaitlyn Bristowe,Artem Chigvintsev,TV Personality,35,1st Place,1,,25.0,True,301.0,0.0830564784053156,False,29_Kaitlyn Bristowe,0.2471291555788127
29,4,Kaitlyn Bristowe,Artem Chigvintsev,TV Personality,35,1st Place,1,,25.0,True,301.0,0.0830564784053156,False,29_Kaitlyn Bristowe,0.2471291555788127
29,5,Kaitlyn Bristowe,Artem Chigvintsev,TV Personality,35,1st Place,1,,27.0,True,287.0,0.0940766550522648,False,29_Kaitlyn Bristowe,0.2471462034078966
29,5,Kaitlyn Bristowe,Artem Chigvintsev,TV Personality,35,1st Place,1,,27.0,True,287.0,0.0940766550522648,False,29_Kaitlyn Bristowe,0.2471462034078966
29,6,Kaitlyn Bristowe,Artem Chigvintsev,TV Personality,35,1st Place,1,,27.0,True,268.0,0.1007462686567164,False,29_Kaitlyn Bristowe,0.2472026805972067
29,6,Kaitlyn Bristowe,Artem Chigvintsev,TV Personality,35,1st Place,1,,27.0,True,268.0,0.1007462686567164,False,29_Kaitlyn Bristowe,0.2472026805972067
29,7,Kaitlyn Bristowe,Artem Chigvintsev,TV Personality,35,1st Place,1,,24.0,True,260.0,0.0923076923076923,False,29_Kaitlyn Bristowe,0.2474406625209432
29,7,Kaitlyn Bristowe,Artem Chigvintsev,TV Personality,35,1st Place,1,,24.0,True,260.0,0.0923076923076923,False,29_Kaitlyn Bristowe,0.2474406625209432
29,8,Kaitlyn Bristowe,Artem Chigvintsev,TV Personality,35,1st Place,1,,28.0,True,221.9996,0.1261263533808169,False,29_Kaitlyn Bristowe,0.2477809964072743
29,8,Kaitlyn Bristowe,Artem Chigvintsev,TV Personality,35,1st Place,1,,28.0,True,221.9996,0.1261263533808169,False,29_Kaitlyn Bristowe,0.2477809964072743
29,9,Kaitlyn Bristowe,Artem Chigvintsev,TV Personality,35,1st Place,1,,30.0,True,192.9992,0.1554410588230417,False,29_Kaitlyn Bristowe,0.2480852782802202
29,9,Kaitlyn Bristowe,Artem Chigvintsev,TV Personality,35,1st Place,1,,30.0,True,192.9992,0.1554410588230417,False,29_Kaitlyn Bristowe,0.2480852782802202
29,10,Kaitlyn Bristowe,Artem Chigvintsev,TV Personality,35,1st Place,1,,30.0,True,174.0,0.1724137931034483,False,29_Kaitlyn Bristowe,0.2483757780000815
29,10,Kaitlyn Bristowe,Artem Chigvintsev,TV Personality,35,1st Place,1,,30.0,True,174.0,0.1724137931034483,False,29_Kaitlyn Bristowe,0.2483757780000815
29,11,Kaitlyn Bristowe,Artem Chigvintsev,TV Personality,35,1st Place,1,,30.0,True,118.5,0.2531645569620253,False,29_Kaitlyn Bristowe,0.2500000012532233
29,11,Kaitlyn Bristowe,Artem Chigvintsev,TV Personality,35,1st Place,1,,30.0,True,118.5,0.2531645569620253,False,29_Kaitlyn Bristowe,0.2500000012532233
29,1,Carole Baskin,Pasha Pashkov,TV Personality,59,Eliminated Week 3,14,3.0,11.0,True,260.0,0.0423076923076923,False,29_Carole Baskin,0.0
29,1,Carole Baskin,Pasha Pashkov,TV Personality,59,Eliminated Week 3,14,3.0,11.0,True,260.0,0.0423076923076923,False,29_Carole Baskin,0.0
29,2,Carole Baskin,Pasha Pashkov,TV Personality,59,Eliminated Week 3,14,3.0,16.0,True,273.0,0.0586080586080586,False,29_Carole Baskin,7.616434816993202e-05
29,2,Carole Baskin,Pasha Pashkov,TV Personality,59,Eliminated Week 3,14,3.0,16.0,True,273.0,0.0586080586080586,False,29_Carole Baskin,7.616434816993202e-05
29,3,Carole Baskin,Pasha Pashkov,TV Personality,59,Eliminated Week 3,14,3.0,12.0,True,281.0,0.0427046263345195,True,29_Carole Baskin,2.398910351773307e-06
29,3,Carole Baskin,Pasha Pashkov,TV Personality,59,Eliminated Week 3,14,3.0,12.0,True,281.0,0.0427046263345195,True,29_Carole Baskin,2.398910351773307e-06
29,4,Carole Baskin,Pasha Pashkov,TV Personality,59,Eliminated Week 3,14,3.0,0.0,False,301.0,0.0,False,29_Carole Baskin,
29,5,Carole Baskin,Pasha Pashkov,TV Personality,59,Eliminated Week 3,14,3.0,0.0,False,287.0,0.0,False,29_Carole Baskin,
29,6,Carole Baskin,Pasha Pashkov,TV Personality,59,Eliminated Week 3,14,3.0,0.0,False,268.0,0.0,False,29_Carole Baskin,
29,7,Carole Baskin,Pasha Pashkov,TV Personality,59,Eliminated Week 3,14,3.0,0.0,False,260.0,0.0,False,29_Carole Baskin,
29,8,Carole Baskin,Pasha Pashkov,TV Personality,59,Eliminated Week 3,14,3.0,0.0,False,221.9996,0.0,False,29_Carole Baskin,
29,9,Carole Baskin,Pasha Pashkov,TV Personality,59,Eliminated Week 3,14,3.0,0.0,False,192.9992,0.0,False,29_Carole Baskin,
29,10,Carole Baskin,Pasha Pashkov,TV Personality,59,Eliminated Week 3,14,3.0,0.0,False,174.0,0.0,False,29_Carole Baskin,
29,11,Carole Baskin,Pasha Pashkov,TV Personality,59,Eliminated Week 3,14,3.0,0.0,False,118.5,0.0,False,29_Carole Baskin,
29,1,Monica Aldama,Valentin Chmerkovskiy,TV Personality,48,Eliminated Week 7,10,7.0,19.0,True,260.0,0.073076923076923,False,29_Monica Aldama,1.844462248356057e-05
29,1,Monica Aldama,Valentin Chmerkovskiy,TV Personality,48,Eliminated Week 7,10,7.0,19.0,True,260.0,0.073076923076923,False,29_Monica Aldama,1.844462248356057e-05
29,2,Monica Aldama,Valentin Chmerkovskiy,TV Personality,48,Eliminated Week 7,10,7.0,16.0,True,273.0,0.0586080586080586,False,29_Monica Aldama,0.0
29,2,Monica Aldama,Valentin Chmerkovskiy,TV Personality,48,Eliminated Week 7,10,7.0,16.0,True,273.0,0.0586080586080586,False,29_Monica Aldama,0.0
29,3,Monica Aldama,Valentin Chmerkovskiy,TV Personality,48,Eliminated Week 7,10,7.0,21.0,True,281.0,0.0747330960854092,False,29_Monica Aldama,0.0002108506231094
29,3,Monica Aldama,Valentin Chmerkovskiy,TV Personality,48,Eliminated Week 7,10,7.0,21.0,True,281.0,0.0747330960854092,False,29_Monica Aldama,0.0002108506231094
29,4,Monica Aldama,Valentin Chmerkovskiy,TV Personality,48,Eliminated Week 7,10,7.0,24.0,True,301.0,0.0797342192691029,False,29_Monica Aldama,0.0
29,4,Monica Aldama,Valentin Chmerkovskiy,TV Personality,48,Eliminated Week 7,10,7.0,24.0,True,301.0,0.0797342192691029,False,29_Monica Aldama,0.0
29,5,Monica Aldama,Valentin Chmerkovskiy,TV Personality,48,Eliminated Week 7,10,7.0,26.0,True,287.0,0.0905923344947735,False,29_Monica Aldama,0.0
29,5,Monica Aldama,Valentin Chmerkovskiy,TV Personality,48,Eliminated Week 7,10,7.0,26.0,True,287.0,0.0905923344947735,False,29_Monica Aldama,0.0
29,6,Monica Aldama,Valentin Chmerkovskiy,TV Personality,48,Eliminated Week 7,10,7.0,27.0,True,268.0,0.1007462686567164,False,29_Monica Aldama,2.905127471296085e-18
29,6,Monica Aldama,Valentin Chmerkovskiy,TV Personality,48,Eliminated Week 7,10,7.0,27.0,True,268.0,0.1007462686567164,False,29_Monica Aldama,2.905127471296085e-18
29,7,Monica Aldama,Valentin Chmerkovskiy,TV Personality,48,Eliminated Week 7,10,7.0,22.0,True,260.0,0.0846153846153846,True,29_Monica Aldama,2.778268066994105e-18
29,7,Monica Aldama,Valentin Chmerkovskiy,TV Personality,48,Eliminated Week 7,10,7.0,22.0,True,260.0,0.0846153846153846,True,29_Monica Aldama,2.778268066994105e-18
29,8,Monica Aldama,Valentin Chmerkovskiy,TV Personality,48,Eliminated Week 7,10,7.0,0.0,False,221.9996,0.0,False,29_Monica Aldama,
29,9,Monica Aldama,Valentin Chmerkovskiy,TV Personality,48,Eliminated Week 7,10,7.0,0.0,False,192.9992,0.0,False,29_Monica Aldama,
29,10,Monica Aldama,Valentin Chmerkovskiy,TV Personality,48,Eliminated Week 7,10,7.0,0.0,False,174.0,0.0,False,29_Monica Aldama,
29,11,Monica Aldama,Valentin Chmerkovskiy,TV Personality,48,Eliminated Week 7,10,7.0,0.0,False,118.5,0.0,False,29_Monica Aldama,
29,1,Jeannie Mai,Brandon Armstrong,TV Personality,41,Withdrew,9,,18.0,True,260.0,0.0692307692307692,False,29_Jeannie Mai,0.0001346798182256
29,1,Jeannie Mai,Brandon Armstrong,TV Personality,41,Withdrew,9,,18.0,True,260.0,0.0692307692307692,False,29_Jeannie Mai,0.0001346798182256
29,2,Jeannie Mai,Brandon Armstrong,TV Personality,41,Withdrew,9,,18.0,True,273.0,0.0659340659340659,False,29_Jeannie Mai,0.0003340823065237
29,2,Jeannie Mai,Brandon Armstrong,TV Personality,41,Withdrew,9,,18.0,True,273.0,0.0659340659340659,False,29_Jeannie Mai,0.0003340823065237
29,3,Jeannie Mai,Brandon Armstrong,TV Personality,41,Withdrew,9,,22.0,True,281.0,0.0782918149466192,False,29_Jeannie Mai,0.0001757616496797
29,3,Jeannie Mai,Brandon Armstrong,TV Personality,41,Withdrew,9,,22.0,True,281.0,0.0782918149466192,False,29_Jeannie Mai,0.0001757616496797
29,4,Jeannie Mai,Brandon Armstrong,TV Personality,41,Withdrew,9,,21.0,True,301.0,0.0697674418604651,False,29_Jeannie Mai,5.163512846462216e-18
29,4,Jeannie Mai,Brandon Armstrong,TV Personality,41,Withdrew,9,,21.0,True,301.0,0.0697674418604651,False,29_Jeannie Mai,5.163512846462216e-18
29,5,Jeannie Mai,Brandon Armstrong,TV Personality,41,Withdrew,9,,24.0,True,287.0,0.0836236933797909,False,29_Jeannie Mai,4.933808710132099e-05
29,5,Jeannie Mai,Brandon Armstrong,TV Personality,41,Withdrew,9,,24.0,True,287.0,0.0836236933797909,False,29_Jeannie Mai,4.933808710132099e-05
29,6,Jeannie Mai,Brandon Armstrong,TV Personality,41,Withdrew,9,,25.0,True,268.0,0.0932835820895522,False,29_Jeannie Mai,3.586141960888542e-18
29,6,Jeannie Mai,Brandon Armstrong,TV Personality,41,Withdrew,9,,25.0,True,268.0,0.0932835820895522,False,29_Jeannie Mai,3.586141960888542e-18
29,7,Jeannie Mai,Brandon Armstrong,TV Personality,41,Withdrew,9,,25.0,True,260.0,0.0961538461538461,False,29_Jeannie Mai,0.0001096372558668
29,7,Jeannie Mai,Brandon Armstrong,TV Personality,41,Withdrew,9,,25.0,True,260.0,0.0961538461538461,False,29_Jeannie Mai,0.0001096372558668
29,8,Jeannie Mai,Brandon Armstrong,TV Personality,41,Withdrew,9,,0.0,False,221.9996,0.0,False,29_Jeannie Mai,
29,9,Jeannie Mai,Brandon Armstrong,TV Personality,41,Withdrew,9,,0.0,False,192.9992,0.0,False,29_Jeannie Mai,
29,10,Jeannie Mai,Brandon Armstrong,TV Personality,41,Withdrew,9,,0.0,False,174.0,0.0,False,29_Jeannie Mai,
29,11,Jeannie Mai,Brandon Armstrong,TV Personality,41,Withdrew,9,,0.0,False,118.5,0.0,False,29_Jeannie Mai,
30,1,Martin Kove,Britt Stewart,Actor/Actress,75,Eliminated Week 2,15,2.0,13.0,True,366.0,0.0355191256830601,False,30_Martin Kove,3.6580959248012286e-05
30,1,Martin Kove,Britt Stewart,Actor/Actress,75,Eliminated Week 2,15,2.0,13.0,True,366.0,0.0355191256830601,False,30_Martin Kove,3.6580959248012286e-05
30,2,Martin Kove,Britt Stewart,Actor/Actress,75,Eliminated Week 2,15,2.0,15.0,True,385.0,0.0389610389610389,True,30_Martin Kove,2.9888890002222296e-05
30,2,Martin Kove,Britt Stewart,Actor/Actress,75,Eliminated Week 2,15,2.0,15.0,True,385.0,0.0389610389610389,True,30_Martin Kove,2.9888890002222296e-05
30,3,Martin Kove,Britt Stewart,Actor/Actress,75,Eliminated Week 2,15,2.0,0.0,False,298.0,0.0,False,30_Martin Kove,
30,4,Martin Kove,Britt Stewart,Actor/Actress,75,Eliminated Week 2,15,2.0,0.0,False,417.0,0.0,False,30_Martin Kove,
30,5,Martin Kove,Britt Stewart,Actor/Actress,75,Eliminated Week 2,15,2.0,0.0,False,385.0,0.0,False,30_Martin Kove,
30,6,Martin Kove,Britt Stewart,Actor/Actress,75,Eliminated Week 2,15,2.0,0.0,False,364.0,0.0,False,30_Martin Kove,
30,7,Martin Kove,Britt Stewart,Actor/Actress,75,Eliminated Week 2,15,2.0,0.0,False,327.0,0.0,False,30_Martin Kove,
30,8,Martin Kove,Britt Stewart,Actor/Actress,75,Eliminated Week 2,15,2.0,0.0,False,308.0,0.0,False,30_Martin Kove,
30,9,Martin Kove,Britt Stewart,Actor/Actress,75,Eliminated Week 2,15,2.0,0.0,False,226.0,0.0,False,30_Martin Kove,
30,10,Martin Kove,Britt Stewart,Actor/Actress,75,Eliminated Week 2,15,2.0,0.0,False,157.0,0.0,False,30_Martin Kove,
30,1,Brian Austin Green,Sharna Burgess,Actor/Actress,48,Eliminated Week 4,13,4.0,24.0,True,366.0,0.0655737704918032,False,30_Brian Austin Green,0.0066307867682632
30,1,Brian Austin Green,Sharna Burgess,Actor/Actress,48,Eliminated Week 4,13,4.0,24.0,True,366.0,0.0655737704918032,False,30_Brian Austin Green,0.0066307867682632
30,2,Brian Austin Green,Sharna Burgess,Actor/Actress,48,Eliminated Week 4,13,4.0,23.0,True,385.0,0.0597402597402597,False,30_Brian Austin Green,0.0066880443604811
30,2,Brian Austin Green,Sharna Burgess,Actor/Actress,48,Eliminated Week 4,13,4.0,23.0,True,385.0,0.0597402597402597,False,30_Brian Austin Green,0.0066880443604811
30,3,Brian Austin Green,Sharna Burgess,Actor/Actress,48,Eliminated Week 4,13,4.0,19.0,True,298.0,0.0637583892617449,False,30_Brian Austin Green,0.0066996844609889
30,3,Brian Austin Green,Sharna Burgess,Actor/Actress,48,Eliminated Week 4,13,4.0,19.0,True,298.0,0.0637583892617449,False,30_Brian Austin Green,0.0066996844609889
30,4,Brian Austin Green,Sharna Burgess,Actor/Actress,48,Eliminated Week 4,13,4.0,26.0,True,417.0,0.0623501199040767,True,30_Brian Austin Green,0.0058878980680348
30,4,Brian Austin Green,Sharna Burgess,Actor/Actress,48,Eliminated Week 4,13,4.0,26.0,True,417.0,0.0623501199040767,True,30_Brian Austin Green,0.0058878980680348
30,5,Brian Austin Green,Sharna Burgess,Actor/Actress,48,Eliminated Week 4,13,4.0,0.0,False,385.0,0.0,False,30_Brian Austin Green,
30,6,Brian Austin Green,Sharna Burgess,Actor/Actress,48,Eliminated Week 4,13,4.0,0.0,False,364.0,0.0,False,30_Brian Austin Green,
30,7,Brian Austin Green,Sharna Burgess,Actor/Actress,48,Eliminated Week 4,13,4.0,0.0,False,327.0,0.0,False,30_Brian Austin Green,
30,8,Brian Austin Green,Sharna Burgess,Actor/Actress,48,Eliminated Week 4,13,4.0,0.0,False,308.0,0.0,False,30_Brian Austin Green,
30,9,Brian Austin Green,Sharna Burgess,Actor/Actress,48,Eliminated Week 4,13,4.0,0.0,False,226.0,0.0,False,30_Brian Austin Green,
30,10,Brian Austin Green,Sharna Burgess,Actor/Actress,48,Eliminated Week 4,13,4.0,0.0,False,157.0,0.0,False,30_Brian Austin Green,
30,1,Melora Hardin,Artem Chigvintsev,Actor/Actress,54,Eliminated Week 9,6,9.0,26.0,True,366.0,0.0710382513661202,False,30_Melora Hardin,0.0001561057500187
30,1,Melora Hardin,Artem Chigvintsev,Actor/Actress,54,Eliminated Week 9,6,9.0,26.0,True,366.0,0.0710382513661202,False,30_Melora Hardin,0.0001561057500187
30,2,Melora Hardin,Artem Chigvintsev,Actor/Actress,54,Eliminated Week 9,6,9.0,27.0,True,385.0,0.0701298701298701,False,30_Melora Hardin,2.708255211282438e-05
30,2,Melora Hardin,Artem Chigvintsev,Actor/Actress,54,Eliminated Week 9,6,9.0,27.0,True,385.0,0.0701298701298701,False,30_Melora Hardin,2.708255211282438e-05
30,3,Melora Hardin,Artem Chigvintsev,Actor/Actress,54,Eliminated Week 9,6,9.0,23.0,True,298.0,0.0771812080536912,False,30_Melora Hardin,0.0
30,3,Melora Hardin,Artem Chigvintsev,Actor/Actress,54,Eliminated Week 9,6,9.0,23.0,True,298.0,0.0771812080536912,False,30_Melora Hardin,0.0
30,4,Melora Hardin,Artem Chigvintsev,Actor/Actress,54,Eliminated Week 9,6,9.0,36.5,True,417.0,0.0875299760191846,False,30_Melora Hardin,1.6792739451948874e-18
30,4,Melora Hardin,Artem Chigvintsev,Actor/Actress,54,Eliminated Week 9,6,9.0,36.5,True,417.0,0.0875299760191846,False,30_Melora Hardin,1.6792739451948874e-18
30,5,Melora Hardin,Artem Chigvintsev,Actor/Actress,54,Eliminated Week 9,6,9.0,36.0,True,385.0,0.0935064935064935,False,30_Melora Hardin,0.0003440820344735
30,5,Melora Hardin,Artem Chigvintsev,Actor/Actress,54,Eliminated Week 9,6,9.0,36.0,True,385.0,0.0935064935064935,False,30_Melora Hardin,0.0003440820344735
30,6,Melora Hardin,Artem Chigvintsev,Actor/Actress,54,Eliminated Week 9,6,9.0,34.0,True,364.0,0.0934065934065934,False,30_Melora Hardin,0.0001728613710686
30,6,Melora Hardin,Artem Chigvintsev,Actor/Actress,54,Eliminated Week 9,6,9.0,34.0,True,364.0,0.0934065934065934,False,30_Melora Hardin,0.0001728613710686
30,7,Melora Hardin,Artem Chigvintsev,Actor/Actress,54,Eliminated Week 9,6,9.0,38.0,True,327.0,0.1162079510703364,False,30_Melora Hardin,4.359152050129511e-06
30,7,Melora Hardin,Artem Chigvintsev,Actor/Actress,54,Eliminated Week 9,6,9.0,38.0,True,327.0,0.1162079510703364,False,30_Melora Hardin,4.359152050129511e-06
30,8,Melora Hardin,Artem Chigvintsev,Actor/Actress,54,Eliminated Week 9,6,9.0,42.0,True,308.0,0.1363636363636363,False,30_Melora Hardin,0.0005815752269309
30,8,Melora Hardin,Artem Chigvintsev,Actor/Actress,54,Eliminated Week 9,6,9.0,42.0,True,308.0,0.1363636363636363,False,30_Melora Hardin,0.0005815752269309
30,9,Melora Hardin,Artem Chigvintsev,Actor/Actress,54,Eliminated Week 9,6,9.0,36.0,True,226.0,0.1592920353982301,True,30_Melora Hardin,0.000937877431939
30,9,Melora Hardin,Artem Chigvintsev,Actor/Actress,54,Eliminated Week 9,6,9.0,36.0,True,226.0,0.1592920353982301,True,30_Melora Hardin,0.000937877431939
30,10,Melora Hardin,Artem Chigvintsev,Actor/Actress,54,Eliminated Week 9,6,9.0,0.0,False,157.0,0.0,False,30_Melora Hardin,
30,1,Matt James,Lindsay Arnold,Athlete,29,Eliminated Week 4,12,4.0,24.0,True,366.0,0.0655737704918032,False,30_Matt James,0.0032986760631196
30,1,Matt James,Lindsay Arnold,Athlete,29,Eliminated Week 4,12,4.0,24.0,True,366.0,0.0655737704918032,False,30_Matt James,0.0032986760631196
30,2,Matt James,Lindsay Arnold,Athlete,29,Eliminated Week 4,12,4.0,22.0,True,385.0,0.0571428571428571,False,30_Matt James,0.0033070271426719
30,2,Matt James,Lindsay Arnold,Athlete,29,Eliminated Week 4,12,4.0,22.0,True,385.0,0.0571428571428571,False,30_Matt James,0.0033070271426719
30,3,Matt James,Lindsay Arnold,Athlete,29,Eliminated Week 4,12,4.0,20.0,True,298.0,0.0671140939597315,False,30_Matt James,0.0033439797630023
30,3,Matt James,Lindsay Arnold,Athlete,29,Eliminated Week 4,12,4.0,20.0,True,298.0,0.0671140939597315,False,30_Matt James,0.0033439797630023
30,4,Matt James,Lindsay Arnold,Athlete,29,Eliminated Week 4,12,4.0,28.5,True,417.0,0.0683453237410072,True,30_Matt James,0.0024136340951214
30,4,Matt James,Lindsay Arnold,Athlete,29,Eliminated Week 4,12,4.0,28.5,True,417.0,0.0683453237410072,True,30_Matt James,0.0024136340951214
30,5,Matt James,Lindsay Arnold,Athlete,29,Eliminated Week 4,12,4.0,0.0,False,385.0,0.0,False,30_Matt James,
30,6,Matt James,Lindsay Arnold,Athlete,29,Eliminated Week 4,12,4.0,0.0,False,364.0,0.0,False,30_Matt James,
30,7,Matt James,Lindsay Arnold,Athlete,29,Eliminated Week 4,12,4.0,0.0,False,327.0,0.0,False,30_Matt James,
30,8,Matt James,Lindsay Arnold,Athlete,29,Eliminated Week 4,12,4.0,0.0,False,308.0,0.0,False,30_Matt James,
30,9,Matt James,Lindsay Arnold,Athlete,29,Eliminated Week 4,12,4.0,0.0,False,226.0,0.0,False,30_Matt James,
30,10,Matt James,Lindsay Arnold,Athlete,29,Eliminated Week 4,12,4.0,0.0,False,157.0,0.0,False,30_Matt James,
30,1,"Mike ""The Miz"" Mizanin",Witney Carson,Athlete,40,Eliminated Week 7,9,7.0,24.0,True,366.0,0.0655737704918032,False,"30_Mike ""The Miz"" Mizanin",0.0097109063221863
30,1,"Mike ""The Miz"" Mizanin",Witney Carson,Athlete,40,Eliminated Week 7,9,7.0,24.0,True,366.0,0.0655737704918032,False,"30_Mike ""The Miz"" Mizanin",0.0097109063221863
30,2,"Mike ""The Miz"" Mizanin",Witney Carson,Athlete,40,Eliminated Week 7,9,7.0,26.0,True,385.0,0.0675324675324675,False,"30_Mike ""The Miz"" Mizanin",0.0096438585482226
30,2,"Mike ""The Miz"" Mizanin",Witney Carson,Athlete,40,Eliminated Week 7,9,7.0,26.0,True,385.0,0.0675324675324675,False,"30_Mike ""The Miz"" Mizanin",0.0096438585482226
30,3,"Mike ""The Miz"" Mizanin",Witney Carson,Athlete,40,Eliminated Week 7,9,7.0,22.0,True,298.0,0.0738255033557047,False,"30_Mike ""The Miz"" Mizanin",0.0095603173618894
30,3,"Mike ""The Miz"" Mizanin",Witney Carson,Athlete,40,Eliminated Week 7,9,7.0,22.0,True,298.0,0.0738255033557047,False,"30_Mike ""The Miz"" Mizanin",0.0095603173618894
30,4,"Mike ""The Miz"" Mizanin",Witney Carson,Athlete,40,Eliminated Week 7,9,7.0,32.5,True,417.0,0.0779376498800959,False,"30_Mike ""The Miz"" Mizanin",0.0096585041800012
30,4,"Mike ""The Miz"" Mizanin",Witney Carson,Athlete,40,Eliminated Week 7,9,7.0,32.5,True,417.0,0.0779376498800959,False,"30_Mike ""The Miz"" Mizanin",0.0096585041800012
30,5,"Mike ""The Miz"" Mizanin",Witney Carson,Athlete,40,Eliminated Week 7,9,7.0,32.0,True,385.0,0.0831168831168831,False,"30_Mike ""The Miz"" Mizanin",0.0103748434046684
30,5,"Mike ""The Miz"" Mizanin",Witney Carson,Athlete,40,Eliminated Week 7,9,7.0,32.0,True,385.0,0.0831168831168831,False,"30_Mike ""The Miz"" Mizanin",0.0103748434046684
30,6,"Mike ""The Miz"" Mizanin",Witney Carson,Athlete,40,Eliminated Week 7,9,7.0,34.0,True,364.0,0.0934065934065934,False,"30_Mike ""The Miz"" Mizanin",0.0089511778288215
30,6,"Mike ""The Miz"" Mizanin",Witney Carson,Athlete,40,Eliminated Week 7,9,7.0,34.0,True,364.0,0.0934065934065934,False,"30_Mike ""The Miz"" Mizanin",0.0089511778288215
30,7,"Mike ""The Miz"" Mizanin",Witney Carson,Athlete,40,Eliminated Week 7,9,7.0,32.0,True,327.0,0.0978593272171253,True,"30_Mike ""The Miz"" Mizanin",0.0076068776743022
30,7,"Mike ""The Miz"" Mizanin",Witney Carson,Athlete,40,Eliminated Week 7,9,7.0,32.0,True,327.0,0.0978593272171253,True,"30_Mike ""The Miz"" Mizanin",0.0076068776743022
30,8,"Mike ""The Miz"" Mizanin",Witney Carson,Athlete,40,Eliminated Week 7,9,7.0,0.0,False,308.0,0.0,False,"30_Mike ""The Miz"" Mizanin",
30,9,"Mike ""The Miz"" Mizanin",Witney Carson,Athlete,40,Eliminated Week 7,9,7.0,0.0,False,226.0,0.0,False,"30_Mike ""The Miz"" Mizanin",
30,10,"Mike ""The Miz"" Mizanin",Witney Carson,Athlete,40,Eliminated Week 7,9,7.0,0.0,False,157.0,0.0,False,"30_Mike ""The Miz"" Mizanin",
30,1,Suni Lee,Sasha Farber,Athlete,18,Eliminated Week 9,5,9.0,28.0,True,366.0,0.0765027322404371,False,30_Suni Lee,0.0001333206858668
30,1,Suni Lee,Sasha Farber,Athlete,18,Eliminated Week 9,5,9.0,28.0,True,366.0,0.0765027322404371,False,30_Suni Lee,0.0001333206858668
30,2,Suni Lee,Sasha Farber,Athlete,18,Eliminated Week 9,5,9.0,28.0,True,385.0,0.0727272727272727,False,30_Suni Lee,0.0001423988507922
30,2,Suni Lee,Sasha Farber,Athlete,18,Eliminated Week 9,5,9.0,28.0,True,385.0,0.0727272727272727,False,30_Suni Lee,0.0001423988507922
30,3,Suni Lee,Sasha Farber,Athlete,18,Eliminated Week 9,5,9.0,21.0,True,298.0,0.0704697986577181,False,30_Suni Lee,1.568585859567755e-05
30,3,Suni Lee,Sasha Farber,Athlete,18,Eliminated Week 9,5,9.0,21.0,True,298.0,0.0704697986577181,False,30_Suni Lee,1.568585859567755e-05
30,4,Suni Lee,Sasha Farber,Athlete,18,Eliminated Week 9,5,9.0,34.0,True,417.0,0.0815347721822542,False,30_Suni Lee,0.0001292426736971
30,4,Suni Lee,Sasha Farber,Athlete,18,Eliminated Week 9,5,9.0,34.0,True,417.0,0.0815347721822542,False,30_Suni Lee,0.0001292426736971
30,5,Suni Lee,Sasha Farber,Athlete,18,Eliminated Week 9,5,9.0,36.0,True,385.0,0.0935064935064935,False,30_Suni Lee,0.0009997768113307
30,5,Suni Lee,Sasha Farber,Athlete,18,Eliminated Week 9,5,9.0,36.0,True,385.0,0.0935064935064935,False,30_Suni Lee,0.0009997768113307
30,6,Suni Lee,Sasha Farber,Athlete,18,Eliminated Week 9,5,9.0,36.0,True,364.0,0.0989010989010989,False,30_Suni Lee,0.0012298855682229
30,6,Suni Lee,Sasha Farber,Athlete,18,Eliminated Week 9,5,9.0,36.0,True,364.0,0.0989010989010989,False,30_Suni Lee,0.0012298855682229
30,7,Suni Lee,Sasha Farber,Athlete,18,Eliminated Week 9,5,9.0,34.0,True,327.0,0.1039755351681957,False,30_Suni Lee,0.0014848746430203
30,7,Suni Lee,Sasha Farber,Athlete,18,Eliminated Week 9,5,9.0,34.0,True,327.0,0.1039755351681957,False,30_Suni Lee,0.0014848746430203
30,8,Suni Lee,Sasha Farber,Athlete,18,Eliminated Week 9,5,9.0,42.0,True,308.0,0.1363636363636363,False,30_Suni Lee,0.0021729047507733
30,8,Suni Lee,Sasha Farber,Athlete,18,Eliminated Week 9,5,9.0,42.0,True,308.0,0.1363636363636363,False,30_Suni Lee,0.0021729047507733
30,9,Suni Lee,Sasha Farber,Athlete,18,Eliminated Week 9,5,9.0,37.5,True,226.0,0.165929203539823,True,30_Suni Lee,0.0023996447024389
30,9,Suni Lee,Sasha Farber,Athlete,18,Eliminated Week 9,5,9.0,37.5,True,226.0,0.165929203539823,True,30_Suni Lee,0.0023996447024389
30,10,Suni Lee,Sasha Farber,Athlete,18,Eliminated Week 9,5,9.0,0.0,False,157.0,0.0,False,30_Suni Lee,
30,1,Iman Shumpert,Daniella Karagach,Athlete,31,1st Place,1,,21.0,True,366.0,0.0573770491803278,False,30_Iman Shumpert,0.2442390289977
30,1,Iman Shumpert,Daniella Karagach,Athlete,31,1st Place,1,,21.0,True,366.0,0.0573770491803278,False,30_Iman Shumpert,0.2442390289977
30,2,Iman Shumpert,Daniella Karagach,Athlete,31,1st Place,1,,25.0,True,385.0,0.0649350649350649,False,30_Iman Shumpert,0.2442242464858811
30,2,Iman Shumpert,Daniella Karagach,Athlete,31,1st Place,1,,25.0,True,385.0,0.0649350649350649,False,30_Iman Shumpert,0.2442242464858811
30,3,Iman Shumpert,Daniella Karagach,Athlete,31,1st Place,1,,19.0,True,298.0,0.0637583892617449,False,30_Iman Shumpert,0.2443649097930849
30,3,Iman Shumpert,Daniella Karagach,Athlete,31,1st Place,1,,19.0,True,298.0,0.0637583892617449,False,30_Iman Shumpert,0.2443649097930849
30,4,Iman Shumpert,Daniella Karagach,Athlete,31,1st Place,1,,31.5,True,417.0,0.0755395683453237,False,30_Iman Shumpert,0.2445602661090644
30,4,Iman Shumpert,Daniella Karagach,Athlete,31,1st Place,1,,31.5,True,417.0,0.0755395683453237,False,30_Iman Shumpert,0.2445602661090644
30,5,Iman Shumpert,Daniella Karagach,Athlete,31,1st Place,1,,28.0,True,385.0,0.0727272727272727,False,30_Iman Shumpert,0.2457484412743807
30,5,Iman Shumpert,Daniella Karagach,Athlete,31,1st Place,1,,28.0,True,385.0,0.0727272727272727,False,30_Iman Shumpert,0.2457484412743807
30,6,Iman Shumpert,Daniella Karagach,Athlete,31,1st Place,1,,40.0,True,364.0,0.1098901098901098,False,30_Iman Shumpert,0.2462127497675787
30,6,Iman Shumpert,Daniella Karagach,Athlete,31,1st Place,1,,40.0,True,364.0,0.1098901098901098,False,30_Iman Shumpert,0.2462127497675787
30,7,Iman Shumpert,Daniella Karagach,Athlete,31,1st Place,1,,34.0,True,327.0,0.1039755351681957,False,30_Iman Shumpert,0.2468087206204777
30,7,Iman Shumpert,Daniella Karagach,Athlete,31,1st Place,1,,34.0,True,327.0,0.1039755351681957,False,30_Iman Shumpert,0.2468087206204777
30,8,Iman Shumpert,Daniella Karagach,Athlete,31,1st Place,1,,35.0,True,308.0,0.1136363636363636,False,30_Iman Shumpert,0.2482446005674425
30,8,Iman Shumpert,Daniella Karagach,Athlete,31,1st Place,1,,35.0,True,308.0,0.1136363636363636,False,30_Iman Shumpert,0.2482446005674425
30,9,Iman Shumpert,Daniella Karagach,Athlete,31,1st Place,1,,37.5,True,226.0,0.165929203539823,False,30_Iman Shumpert,0.2492876417098762
30,9,Iman Shumpert,Daniella Karagach,Athlete,31,1st Place,1,,37.5,True,226.0,0.165929203539823,False,30_Iman Shumpert,0.2492876417098762
30,10,Iman Shumpert,Daniella Karagach,Athlete,31,1st Place,1,,40.0,True,157.0,0.2547770700636942,False,30_Iman Shumpert,0.2501506210831895
30,10,Iman Shumpert,Daniella Karagach,Athlete,31,1st Place,1,,40.0,True,157.0,0.2547770700636942,False,30_Iman Shumpert,0.2501506210831895
30,1,Cody Rigsby,Cheryl Burke,Fitness Instructor,34,3rd Place,3,,24.0,True,366.0,0.0655737704918032,False,30_Cody Rigsby,0.2440278276228398
30,1,Cody Rigsby,Cheryl Burke,Fitness Instructor,34,3rd Place,3,,24.0,True,366.0,0.0655737704918032,False,30_Cody Rigsby,0.2440278276228398
30,2,Cody Rigsby,Cheryl Burke,Fitness Instructor,34,3rd Place,3,,24.0,True,385.0,0.0623376623376623,False,30_Cody Rigsby,0.2440702007704515
30,2,Cody Rigsby,Cheryl Burke,Fitness Instructor,34,3rd Place,3,,24.0,True,385.0,0.0623376623376623,False,30_Cody Rigsby,0.2440702007704515
30,3,Cody Rigsby,Cheryl Burke,Fitness Instructor,34,3rd Place,3,,18.0,True,298.0,0.0604026845637583,False,30_Cody Rigsby,0.2441035523480528
30,3,Cody Rigsby,Cheryl Burke,Fitness Instructor,34,3rd Place,3,,18.0,True,298.0,0.0604026845637583,False,30_Cody Rigsby,0.2441035523480528
30,4,Cody Rigsby,Cheryl Burke,Fitness Instructor,34,3rd Place,3,,29.0,True,417.0,0.0695443645083932,False,30_Cody Rigsby,0.2444388163948556
30,4,Cody Rigsby,Cheryl Burke,Fitness Instructor,34,3rd Place,3,,29.0,True,417.0,0.0695443645083932,False,30_Cody Rigsby,0.2444388163948556
30,5,Cody Rigsby,Cheryl Burke,Fitness Instructor,34,3rd Place,3,,32.0,True,385.0,0.0831168831168831,False,30_Cody Rigsby,0.2454960568763353
30,5,Cody Rigsby,Cheryl Burke,Fitness Instructor,34,3rd Place,3,,32.0,True,385.0,0.0831168831168831,False,30_Cody Rigsby,0.2454960568763353
30,6,Cody Rigsby,Cheryl Burke,Fitness Instructor,34,3rd Place,3,,36.0,True,364.0,0.0989010989010989,False,30_Cody Rigsby,0.2460528227068698
30,6,Cody Rigsby,Cheryl Burke,Fitness Instructor,34,3rd Place,3,,36.0,True,364.0,0.0989010989010989,False,30_Cody Rigsby,0.2460528227068698
30,7,Cody Rigsby,Cheryl Burke,Fitness Instructor,34,3rd Place,3,,36.0,True,327.0,0.110091743119266,False,30_Cody Rigsby,0.2466134416907598
30,7,Cody Rigsby,Cheryl Burke,Fitness Instructor,34,3rd Place,3,,36.0,True,327.0,0.110091743119266,False,30_Cody Rigsby,0.2466134416907598
30,8,Cody Rigsby,Cheryl Burke,Fitness Instructor,34,3rd Place,3,,38.0,True,308.0,0.1233766233766233,False,30_Cody Rigsby,0.2480391953358572
30,8,Cody Rigsby,Cheryl Burke,Fitness Instructor,34,3rd Place,3,,38.0,True,308.0,0.1233766233766233,False,30_Cody Rigsby,0.2480391953358572
30,9,Cody Rigsby,Cheryl Burke,Fitness Instructor,34,3rd Place,3,,35.5,True,226.0,0.1570796460176991,False,30_Cody Rigsby,0.2491249453120028
30,9,Cody Rigsby,Cheryl Burke,Fitness Instructor,34,3rd Place,3,,35.5,True,226.0,0.1570796460176991,False,30_Cody Rigsby,0.2491249453120028
30,10,Cody Rigsby,Cheryl Burke,Fitness Instructor,34,3rd Place,3,,38.0,True,157.0,0.2420382165605095,False,30_Cody Rigsby,0.2499497940049524
30,10,Cody Rigsby,Cheryl Burke,Fitness Instructor,34,3rd Place,3,,38.0,True,157.0,0.2420382165605095,False,30_Cody Rigsby,0.2499497940049524
30,1,Melanie C,Gleb Savchenko,Singer/Rapper,47,Eliminated Week 5,11,5.0,27.0,True,366.0,0.0737704918032786,False,30_Melanie C,1.758143713640697e-06
30,1,Melanie C,Gleb Savchenko,Singer/Rapper,47,Eliminated Week 5,11,5.0,27.0,True,366.0,0.0737704918032786,False,30_Melanie C,1.758143713640697e-06
30,2,Melanie C,Gleb Savchenko,Singer/Rapper,47,Eliminated Week 5,11,5.0,30.0,True,385.0,0.0779220779220779,False,30_Melanie C,1.180397197831958e-05
30,2,Melanie C,Gleb Savchenko,Singer/Rapper,47,Eliminated Week 5,11,5.0,30.0,True,385.0,0.0779220779220779,False,30_Melanie C,1.180397197831958e-05
30,3,Melanie C,Gleb Savchenko,Singer/Rapper,47,Eliminated Week 5,11,5.0,22.0,True,298.0,0.0738255033557047,False,30_Melanie C,3.383087772797347e-18
30,3,Melanie C,Gleb Savchenko,Singer/Rapper,47,Eliminated Week 5,11,5.0,22.0,True,298.0,0.0738255033557047,False,30_Melanie C,3.383087772797347e-18
30,4,Melanie C,Gleb Savchenko,Singer/Rapper,47,Eliminated Week 5,11,5.0,33.0,True,417.0,0.079136690647482,False,30_Melanie C,7.58001065412209e-19
30,4,Melanie C,Gleb Savchenko,Singer/Rapper,47,Eliminated Week 5,11,5.0,33.0,True,417.0,0.079136690647482,False,30_Melanie C,7.58001065412209e-19
30,5,Melanie C,Gleb Savchenko,Singer/Rapper,47,Eliminated Week 5,11,5.0,36.0,True,385.0,0.0935064935064935,True,30_Melanie C,1.2557095410195793e-18
30,5,Melanie C,Gleb Savchenko,Singer/Rapper,47,Eliminated Week 5,11,5.0,36.0,True,385.0,0.0935064935064935,True,30_Melanie C,1.2557095410195793e-18
30,6,Melanie C,Gleb Savchenko,Singer/Rapper,47,Eliminated Week 5,11,5.0,0.0,False,364.0,0.0,False,30_Melanie C,
30,7,Melanie C,Gleb Savchenko,Singer/Rapper,47,Eliminated Week 5,11,5.0,0.0,False,327.0,0.0,False,30_Melanie C,
30,8,Melanie C,Gleb Savchenko,Singer/Rapper,47,Eliminated Week 5,11,5.0,0.0,False,308.0,0.0,False,30_Melanie C,
30,9,Melanie C,Gleb Savchenko,Singer/Rapper,47,Eliminated Week 5,11,5.0,0.0,False,226.0,0.0,False,30_Melanie C,
30,10,Melanie C,Gleb Savchenko,Singer/Rapper,47,Eliminated Week 5,11,5.0,0.0,False,157.0,0.0,False,30_Melanie C,
30,1,Jimmie Allen,Emma Slater,Singer/Rapper,36,Eliminated Week 8,7,8.0,22.0,True,366.0,0.0601092896174863,False,30_Jimmie Allen,0.0035517131068792
30,1,Jimmie Allen,Emma Slater,Singer/Rapper,36,Eliminated Week 8,7,8.0,22.0,True,366.0,0.0601092896174863,False,30_Jimmie Allen,0.0035517131068792
30,2,Jimmie Allen,Emma Slater,Singer/Rapper,36,Eliminated Week 8,7,8.0,27.0,True,385.0,0.0701298701298701,False,30_Jimmie Allen,0.0035586487995461
30,2,Jimmie Allen,Emma Slater,Singer/Rapper,36,Eliminated Week 8,7,8.0,27.0,True,385.0,0.0701298701298701,False,30_Jimmie Allen,0.0035586487995461
30,3,Jimmie Allen,Emma Slater,Singer/Rapper,36,Eliminated Week 8,7,8.0,20.0,True,298.0,0.0671140939597315,False,30_Jimmie Allen,0.00370476354459
30,3,Jimmie Allen,Emma Slater,Singer/Rapper,36,Eliminated Week 8,7,8.0,20.0,True,298.0,0.0671140939597315,False,30_Jimmie Allen,0.00370476354459
30,4,Jimmie Allen,Emma Slater,Singer/Rapper,36,Eliminated Week 8,7,8.0,32.5,True,417.0,0.0779376498800959,False,30_Jimmie Allen,0.0040240192922723
30,4,Jimmie Allen,Emma Slater,Singer/Rapper,36,Eliminated Week 8,7,8.0,32.5,True,417.0,0.0779376498800959,False,30_Jimmie Allen,0.0040240192922723
30,5,Jimmie Allen,Emma Slater,Singer/Rapper,36,Eliminated Week 8,7,8.0,34.0,True,385.0,0.0883116883116883,False,30_Jimmie Allen,0.0051800382098632
30,5,Jimmie Allen,Emma Slater,Singer/Rapper,36,Eliminated Week 8,7,8.0,34.0,True,385.0,0.0883116883116883,False,30_Jimmie Allen,0.0051800382098632
30,6,Jimmie Allen,Emma Slater,Singer/Rapper,36,Eliminated Week 8,7,8.0,38.0,True,364.0,0.1043956043956044,False,30_Jimmie Allen,0.0046958832893204
30,6,Jimmie Allen,Emma Slater,Singer/Rapper,36,Eliminated Week 8,7,8.0,38.0,True,364.0,0.1043956043956044,False,30_Jimmie Allen,0.0046958832893204
30,7,Jimmie Allen,Emma Slater,Singer/Rapper,36,Eliminated Week 8,7,8.0,38.0,True,327.0,0.1162079510703364,False,30_Jimmie Allen,0.00425484014085
30,7,Jimmie Allen,Emma Slater,Singer/Rapper,36,Eliminated Week 8,7,8.0,38.0,True,327.0,0.1162079510703364,False,30_Jimmie Allen,0.00425484014085
30,8,Jimmie Allen,Emma Slater,Singer/Rapper,36,Eliminated Week 8,7,8.0,32.0,True,308.0,0.1038961038961039,True,30_Jimmie Allen,0.004525566411077
30,8,Jimmie Allen,Emma Slater,Singer/Rapper,36,Eliminated Week 8,7,8.0,32.0,True,308.0,0.1038961038961039,True,30_Jimmie Allen,0.004525566411077
30,9,Jimmie Allen,Emma Slater,Singer/Rapper,36,Eliminated Week 8,7,8.0,0.0,False,226.0,0.0,False,30_Jimmie Allen,
30,10,Jimmie Allen,Emma Slater,Singer/Rapper,36,Eliminated Week 8,7,8.0,0.0,False,157.0,0.0,False,30_Jimmie Allen,
30,1,Olivia Jade,Valentin Chmerkovskiy,Social Media Personality,21,Eliminated Week 8,8,8.0,25.0,True,366.0,0.0683060109289617,False,30_Olivia Jade,4.158025635986468e-19
30,1,Olivia Jade,Valentin Chmerkovskiy,Social Media Personality,21,Eliminated Week 8,8,8.0,25.0,True,366.0,0.0683060109289617,False,30_Olivia Jade,4.158025635986468e-19
30,2,Olivia Jade,Valentin Chmerkovskiy,Social Media Personality,21,Eliminated Week 8,8,8.0,27.0,True,385.0,0.0701298701298701,False,30_Olivia Jade,2.93600263732436e-05
30,2,Olivia Jade,Valentin Chmerkovskiy,Social Media Personality,21,Eliminated Week 8,8,8.0,27.0,True,385.0,0.0701298701298701,False,30_Olivia Jade,2.93600263732436e-05
30,3,Olivia Jade,Valentin Chmerkovskiy,Social Media Personality,21,Eliminated Week 8,8,8.0,24.0,True,298.0,0.0805369127516778,False,30_Olivia Jade,5.535997554539625e-19
30,3,Olivia Jade,Valentin Chmerkovskiy,Social Media Personality,21,Eliminated Week 8,8,8.0,24.0,True,298.0,0.0805369127516778,False,30_Olivia Jade,5.535997554539625e-19
30,4,Olivia Jade,Valentin Chmerkovskiy,Social Media Personality,21,Eliminated Week 8,8,8.0,35.0,True,417.0,0.0839328537170263,False,30_Olivia Jade,4.747667637601803e-19
30,4,Olivia Jade,Valentin Chmerkovskiy,Social Media Personality,21,Eliminated Week 8,8,8.0,35.0,True,417.0,0.0839328537170263,False,30_Olivia Jade,4.747667637601803e-19
30,5,Olivia Jade,Valentin Chmerkovskiy,Social Media Personality,21,Eliminated Week 8,8,8.0,36.0,True,385.0,0.0935064935064935,False,30_Olivia Jade,0.0003699842056687
30,5,Olivia Jade,Valentin Chmerkovskiy,Social Media Personality,21,Eliminated Week 8,8,8.0,36.0,True,385.0,0.0935064935064935,False,30_Olivia Jade,0.0003699842056687
30,6,Olivia Jade,Valentin Chmerkovskiy,Social Media Personality,21,Eliminated Week 8,8,8.0,36.0,True,364.0,0.0989010989010989,False,30_Olivia Jade,0.0001570287972584
30,6,Olivia Jade,Valentin Chmerkovskiy,Social Media Personality,21,Eliminated Week 8,8,8.0,36.0,True,364.0,0.0989010989010989,False,30_Olivia Jade,0.0001570287972584
30,7,Olivia Jade,Valentin Chmerkovskiy,Social Media Personality,21,Eliminated Week 8,8,8.0,42.0,True,327.0,0.128440366972477,False,30_Olivia Jade,7.115916148802905e-19
30,7,Olivia Jade,Valentin Chmerkovskiy,Social Media Personality,21,Eliminated Week 8,8,8.0,42.0,True,327.0,0.128440366972477,False,30_Olivia Jade,7.115916148802905e-19
30,8,Olivia Jade,Valentin Chmerkovskiy,Social Media Personality,21,Eliminated Week 8,8,8.0,36.0,True,308.0,0.1168831168831168,True,30_Olivia Jade,0.0003577730980492
30,8,Olivia Jade,Valentin Chmerkovskiy,Social Media Personality,21,Eliminated Week 8,8,8.0,36.0,True,308.0,0.1168831168831168,True,30_Olivia Jade,0.0003577730980492
30,9,Olivia Jade,Valentin Chmerkovskiy,Social Media Personality,21,Eliminated Week 8,8,8.0,0.0,False,226.0,0.0,False,30_Olivia Jade,
30,10,Olivia Jade,Valentin Chmerkovskiy,Social Media Personality,21,Eliminated Week 8,8,8.0,0.0,False,157.0,0.0,False,30_Olivia Jade,
30,1,JoJo Siwa,Jenna Johnson,Social Media Personality,18,2nd Place,2,,29.0,True,366.0,0.0792349726775956,False,30_JoJo Siwa,0.2440278270453663
30,1,JoJo Siwa,Jenna Johnson,Social Media Personality,18,2nd Place,2,,29.0,True,366.0,0.0792349726775956,False,30_JoJo Siwa,0.2440278270453663
30,2,JoJo Siwa,Jenna Johnson,Social Media Personality,18,2nd Place,2,,31.0,True,385.0,0.0805194805194805,False,30_JoJo Siwa,0.2440701980089388
30,2,JoJo Siwa,Jenna Johnson,Social Media Personality,18,2nd Place,2,,31.0,True,385.0,0.0805194805194805,False,30_JoJo Siwa,0.2440701980089388
30,3,JoJo Siwa,Jenna Johnson,Social Media Personality,18,2nd Place,2,,24.0,True,298.0,0.0805369127516778,False,30_JoJo Siwa,0.2441035536495248
30,3,JoJo Siwa,Jenna Johnson,Social Media Personality,18,2nd Place,2,,24.0,True,298.0,0.0805369127516778,False,30_JoJo Siwa,0.2441035536495248
30,4,JoJo Siwa,Jenna Johnson,Social Media Personality,18,2nd Place,2,,35.0,True,417.0,0.0839328537170263,False,30_JoJo Siwa,0.2444388122486369
30,4,JoJo Siwa,Jenna Johnson,Social Media Personality,18,2nd Place,2,,35.0,True,417.0,0.0839328537170263,False,30_JoJo Siwa,0.2444388122486369
30,5,JoJo Siwa,Jenna Johnson,Social Media Personality,18,2nd Place,2,,40.0,True,385.0,0.1038961038961039,False,30_JoJo Siwa,0.2454960589911942
30,5,JoJo Siwa,Jenna Johnson,Social Media Personality,18,2nd Place,2,,40.0,True,385.0,0.1038961038961039,False,30_JoJo Siwa,0.2454960589911942
30,6,JoJo Siwa,Jenna Johnson,Social Media Personality,18,2nd Place,2,,40.0,True,364.0,0.1098901098901098,False,30_JoJo Siwa,0.2460528184253275
30,6,JoJo Siwa,Jenna Johnson,Social Media Personality,18,2nd Place,2,,40.0,True,364.0,0.1098901098901098,False,30_JoJo Siwa,0.2460528184253275
30,7,JoJo Siwa,Jenna Johnson,Social Media Personality,18,2nd Place,2,,39.0,True,327.0,0.1192660550458715,False,30_JoJo Siwa,0.2466134433319675
30,7,JoJo Siwa,Jenna Johnson,Social Media Personality,18,2nd Place,2,,39.0,True,327.0,0.1192660550458715,False,30_JoJo Siwa,0.2466134433319675
30,8,JoJo Siwa,Jenna Johnson,Social Media Personality,18,2nd Place,2,,41.0,True,308.0,0.1331168831168831,False,30_JoJo Siwa,0.2480391920725889
30,8,JoJo Siwa,Jenna Johnson,Social Media Personality,18,2nd Place,2,,41.0,True,308.0,0.1331168831168831,False,30_JoJo Siwa,0.2480391920725889
30,9,JoJo Siwa,Jenna Johnson,Social Media Personality,18,2nd Place,2,,40.0,True,226.0,0.1769911504424778,False,30_JoJo Siwa,0.249124945551512
30,9,JoJo Siwa,Jenna Johnson,Social Media Personality,18,2nd Place,2,,40.0,True,226.0,0.1769911504424778,False,30_JoJo Siwa,0.249124945551512
30,10,JoJo Siwa,Jenna Johnson,Social Media Personality,18,2nd Place,2,,40.0,True,157.0,0.2547770700636942,False,30_JoJo Siwa,0.2499497924134106
30,10,JoJo Siwa,Jenna Johnson,Social Media Personality,18,2nd Place,2,,40.0,True,157.0,0.2547770700636942,False,30_JoJo Siwa,0.2499497924134106
30,1,Christine Chiu,Pasha Pashkov,TV Personality,38,Eliminated Week 3,14,3.0,25.0,True,366.0,0.0683060109289617,False,30_Christine Chiu,8.67644553010517e-05
30,1,Christine Chiu,Pasha Pashkov,TV Personality,38,Eliminated Week 3,14,3.0,25.0,True,366.0,0.0683060109289617,False,30_Christine Chiu,8.67644553010517e-05
30,2,Christine Chiu,Pasha Pashkov,TV Personality,38,Eliminated Week 3,14,3.0,24.0,True,385.0,0.0623376623376623,False,30_Christine Chiu,4.404270675898182e-05
30,2,Christine Chiu,Pasha Pashkov,TV Personality,38,Eliminated Week 3,14,3.0,24.0,True,385.0,0.0623376623376623,False,30_Christine Chiu,4.404270675898182e-05
30,3,Christine Chiu,Pasha Pashkov,TV Personality,38,Eliminated Week 3,14,3.0,21.0,True,298.0,0.0704697986577181,True,30_Christine Chiu,6.39560594076202e-18
30,3,Christine Chiu,Pasha Pashkov,TV Personality,38,Eliminated Week 3,14,3.0,21.0,True,298.0,0.0704697986577181,True,30_Christine Chiu,6.39560594076202e-18
30,4,Christine Chiu,Pasha Pashkov,TV Personality,38,Eliminated Week 3,14,3.0,0.0,False,417.0,0.0,False,30_Christine Chiu,
30,5,Christine Chiu,Pasha Pashkov,TV Personality,38,Eliminated Week 3,14,3.0,0.0,False,385.0,0.0,False,30_Christine Chiu,
30,6,Christine Chiu,Pasha Pashkov,TV Personality,38,Eliminated Week 3,14,3.0,0.0,False,364.0,0.0,False,30_Christine Chiu,
30,7,Christine Chiu,Pasha Pashkov,TV Personality,38,Eliminated Week 3,14,3.0,0.0,False,327.0,0.0,False,30_Christine Chiu,
30,8,Christine Chiu,Pasha Pashkov,TV Personality,38,Eliminated Week 3,14,3.0,0.0,False,308.0,0.0,False,30_Christine Chiu,
30,9,Christine Chiu,Pasha Pashkov,TV Personality,38,Eliminated Week 3,14,3.0,0.0,False,226.0,0.0,False,30_Christine Chiu,
30,10,Christine Chiu,Pasha Pashkov,TV Personality,38,Eliminated Week 3,14,3.0,0.0,False,157.0,0.0,False,30_Christine Chiu,
30,1,Kenya Moore,Brandon Armstrong,TV Personality,50,Eliminated Week 6,10,6.0,26.0,True,366.0,0.0710382513661202,False,30_Kenya Moore,7.087706747363067e-05
30,1,Kenya Moore,Brandon Armstrong,TV Personality,50,Eliminated Week 6,10,6.0,26.0,True,366.0,0.0710382513661202,False,30_Kenya Moore,7.087706747363067e-05
30,2,Kenya Moore,Brandon Armstrong,TV Personality,50,Eliminated Week 6,10,6.0,24.0,True,385.0,0.0623376623376623,False,30_Kenya Moore,8.300047132312911e-05
30,2,Kenya Moore,Brandon Armstrong,TV Personality,50,Eliminated Week 6,10,6.0,24.0,True,385.0,0.0623376623376623,False,30_Kenya Moore,8.300047132312911e-05
30,3,Kenya Moore,Brandon Armstrong,TV Personality,50,Eliminated Week 6,10,6.0,21.0,True,298.0,0.0704697986577181,False,30_Kenya Moore,3.387670349445653e-18
30,3,Kenya Moore,Brandon Armstrong,TV Personality,50,Eliminated Week 6,10,6.0,21.0,True,298.0,0.0704697986577181,False,30_Kenya Moore,3.387670349445653e-18
30,4,Kenya Moore,Brandon Armstrong,TV Personality,50,Eliminated Week 6,10,6.0,29.5,True,417.0,0.0707434052757793,False,30_Kenya Moore,9.99397435420373e-06
30,4,Kenya Moore,Brandon Armstrong,TV Personality,50,Eliminated Week 6,10,6.0,29.5,True,417.0,0.0707434052757793,False,30_Kenya Moore,9.99397435420373e-06
30,5,Kenya Moore,Brandon Armstrong,TV Personality,50,Eliminated Week 6,10,6.0,36.0,True,385.0,0.0935064935064935,False,30_Kenya Moore,0.0004946598694544
30,5,Kenya Moore,Brandon Armstrong,TV Personality,50,Eliminated Week 6,10,6.0,36.0,True,385.0,0.0935064935064935,False,30_Kenya Moore,0.0004946598694544
30,6,Kenya Moore,Brandon Armstrong,TV Personality,50,Eliminated Week 6,10,6.0,32.0,True,364.0,0.0879120879120879,True,30_Kenya Moore,0.0004219530992758
30,6,Kenya Moore,Brandon Armstrong,TV Personality,50,Eliminated Week 6,10,6.0,32.0,True,364.0,0.0879120879120879,True,30_Kenya Moore,0.0004219530992758
30,7,Kenya Moore,Brandon Armstrong,TV Personality,50,Eliminated Week 6,10,6.0,0.0,False,327.0,0.0,False,30_Kenya Moore,
30,8,Kenya Moore,Brandon Armstrong,TV Personality,50,Eliminated Week 6,10,6.0,0.0,False,308.0,0.0,False,30_Kenya Moore,
30,9,Kenya Moore,Brandon Armstrong,TV Personality,50,Eliminated Week 6,10,6.0,0.0,False,226.0,0.0,False,30_Kenya Moore,
30,10,Kenya Moore,Brandon Armstrong,TV Personality,50,Eliminated Week 6,10,6.0,0.0,False,157.0,0.0,False,30_Kenya Moore,
30,1,Amanda Kloots,Alan Bersten,TV Personality,39,4th Place,4,,28.0,True,366.0,0.0765027322404371,False,30_Amanda Kloots,0.2440278270120235
30,1,Amanda Kloots,Alan Bersten,TV Personality,39,4th Place,4,,28.0,True,366.0,0.0765027322404371,False,30_Amanda Kloots,0.2440278270120235
30,2,Amanda Kloots,Alan Bersten,TV Personality,39,4th Place,4,,32.0,True,385.0,0.0831168831168831,False,30_Amanda Kloots,0.2440701984144656
30,2,Amanda Kloots,Alan Bersten,TV Personality,39,4th Place,4,,32.0,True,385.0,0.0831168831168831,False,30_Amanda Kloots,0.2440701984144656
30,3,Amanda Kloots,Alan Bersten,TV Personality,39,4th Place,4,,24.0,True,298.0,0.0805369127516778,False,30_Amanda Kloots,0.2441035532202708
30,3,Amanda Kloots,Alan Bersten,TV Personality,39,4th Place,4,,24.0,True,298.0,0.0805369127516778,False,30_Amanda Kloots,0.2441035532202708
30,4,Amanda Kloots,Alan Bersten,TV Personality,39,4th Place,4,,34.0,True,417.0,0.0815347721822542,False,30_Amanda Kloots,0.2444388129639618
30,4,Amanda Kloots,Alan Bersten,TV Personality,39,4th Place,4,,34.0,True,417.0,0.0815347721822542,False,30_Amanda Kloots,0.2444388129639618
30,5,Amanda Kloots,Alan Bersten,TV Personality,39,4th Place,4,,39.0,True,385.0,0.1012987012987013,False,30_Amanda Kloots,0.2454960583226304
30,5,Amanda Kloots,Alan Bersten,TV Personality,39,4th Place,4,,39.0,True,385.0,0.1012987012987013,False,30_Amanda Kloots,0.2454960583226304
30,6,Amanda Kloots,Alan Bersten,TV Personality,39,4th Place,4,,38.0,True,364.0,0.1043956043956044,False,30_Amanda Kloots,0.2460528191462561
30,6,Amanda Kloots,Alan Bersten,TV Personality,39,4th Place,4,,38.0,True,364.0,0.1043956043956044,False,30_Amanda Kloots,0.2460528191462561
30,7,Amanda Kloots,Alan Bersten,TV Personality,39,4th Place,4,,34.0,True,327.0,0.1039755351681957,False,30_Amanda Kloots,0.2466134427465721
30,7,Amanda Kloots,Alan Bersten,TV Personality,39,4th Place,4,,34.0,True,327.0,0.1039755351681957,False,30_Amanda Kloots,0.2466134427465721
30,8,Amanda Kloots,Alan Bersten,TV Personality,39,4th Place,4,,42.0,True,308.0,0.1363636363636363,False,30_Amanda Kloots,0.2480391925372807
30,8,Amanda Kloots,Alan Bersten,TV Personality,39,4th Place,4,,42.0,True,308.0,0.1363636363636363,False,30_Amanda Kloots,0.2480391925372807
30,9,Amanda Kloots,Alan Bersten,TV Personality,39,4th Place,4,,39.5,True,226.0,0.1747787610619469,False,30_Amanda Kloots,0.2491249452922307
30,9,Amanda Kloots,Alan Bersten,TV Personality,39,4th Place,4,,39.5,True,226.0,0.1747787610619469,False,30_Amanda Kloots,0.2491249452922307
30,10,Amanda Kloots,Alan Bersten,TV Personality,39,4th Place,4,,39.0,True,157.0,0.2484076433121019,False,30_Amanda Kloots,0.2499497924984474
30,10,Amanda Kloots,Alan Bersten,TV Personality,39,4th Place,4,,39.0,True,157.0,0.2484076433121019,False,30_Amanda Kloots,0.2499497924984474
31,1,Jason Lewis,Peta Murgatroyd,Actor/Actress,51,Eliminated Week 1,16,1.0,18.0,True,382.0,0.0471204188481675,True,31_Jason Lewis,0.0004873384820413
31,1,Jason Lewis,Peta Murgatroyd,Actor/Actress,51,Eliminated Week 1,16,1.0,18.0,True,382.0,0.0471204188481675,True,31_Jason Lewis,0.0004873384820413
31,2,Jason Lewis,Peta Murgatroyd,Actor/Actress,51,Eliminated Week 1,16,1.0,0.0,False,412.0,0.0,False,31_Jason Lewis,
31,3,Jason Lewis,Peta Murgatroyd,Actor/Actress,51,Eliminated Week 1,16,1.0,0.0,False,403.0,0.0,False,31_Jason Lewis,
31,4,Jason Lewis,Peta Murgatroyd,Actor/Actress,51,Eliminated Week 1,16,1.0,0.0,False,410.0,0.0,False,31_Jason Lewis,
31,5,Jason Lewis,Peta Murgatroyd,Actor/Actress,51,Eliminated Week 1,16,1.0,0.0,False,448.5,0.0,False,31_Jason Lewis,
31,6,Jason Lewis,Peta Murgatroyd,Actor/Actress,51,Eliminated Week 1,16,1.0,0.0,False,345.0,0.0,False,31_Jason Lewis,
31,7,Jason Lewis,Peta Murgatroyd,Actor/Actress,51,Eliminated Week 1,16,1.0,0.0,False,325.5,0.0,False,31_Jason Lewis,
31,8,Jason Lewis,Peta Murgatroyd,Actor/Actress,51,Eliminated Week 1,16,1.0,0.0,False,314.0,0.0,False,31_Jason Lewis,
31,9,Jason Lewis,Peta Murgatroyd,Actor/Actress,51,Eliminated Week 1,16,1.0,0.0,False,220.0,0.0,False,31_Jason Lewis,
31,10,Jason Lewis,Peta Murgatroyd,Actor/Actress,51,Eliminated Week 1,16,1.0,0.0,False,156.0,0.0,False,31_Jason Lewis,
31,1,Cheryl Ladd,Louis van Amstel,Actor/Actress,71,Eliminated Week 3,14,3.0,21.0,True,382.0,0.0549738219895288,False,31_Cheryl Ladd,0.0048182974544435
31,1,Cheryl Ladd,Louis van Amstel,Actor/Actress,71,Eliminated Week 3,14,3.0,21.0,True,382.0,0.0549738219895288,False,31_Cheryl Ladd,0.0048182974544435
31,2,Cheryl Ladd,Louis van Amstel,Actor/Actress,71,Eliminated Week 3,14,3.0,21.0,True,412.0,0.0509708737864077,False,31_Cheryl Ladd,0.004847771011113
31,2,Cheryl Ladd,Louis van Amstel,Actor/Actress,71,Eliminated Week 3,14,3.0,21.0,True,412.0,0.0509708737864077,False,31_Cheryl Ladd,0.004847771011113
31,3,Cheryl Ladd,Louis van Amstel,Actor/Actress,71,Eliminated Week 3,14,3.0,24.0,True,403.0,0.0595533498759305,True,31_Cheryl Ladd,0.0040889174184166
31,3,Cheryl Ladd,Louis van Amstel,Actor/Actress,71,Eliminated Week 3,14,3.0,24.0,True,403.0,0.0595533498759305,True,31_Cheryl Ladd,0.0040889174184166
31,4,Cheryl Ladd,Louis van Amstel,Actor/Actress,71,Eliminated Week 3,14,3.0,0.0,False,410.0,0.0,False,31_Cheryl Ladd,
31,5,Cheryl Ladd,Louis van Amstel,Actor/Actress,71,Eliminated Week 3,14,3.0,0.0,False,448.5,0.0,False,31_Cheryl Ladd,
31,6,Cheryl Ladd,Louis van Amstel,Actor/Actress,71,Eliminated Week 3,14,3.0,0.0,False,345.0,0.0,False,31_Cheryl Ladd,
31,7,Cheryl Ladd,Louis van Amstel,Actor/Actress,71,Eliminated Week 3,14,3.0,0.0,False,325.5,0.0,False,31_Cheryl Ladd,
31,8,Cheryl Ladd,Louis van Amstel,Actor/Actress,71,Eliminated Week 3,14,3.0,0.0,False,314.0,0.0,False,31_Cheryl Ladd,
31,9,Cheryl Ladd,Louis van Amstel,Actor/Actress,71,Eliminated Week 3,14,3.0,0.0,False,220.0,0.0,False,31_Cheryl Ladd,
31,10,Cheryl Ladd,Louis van Amstel,Actor/Actress,71,Eliminated Week 3,14,3.0,0.0,False,156.0,0.0,False,31_Cheryl Ladd,
31,1,Selma Blair,Sasha Farber,Actor/Actress,50,Withdrew,12,,28.0,True,382.0,0.0732984293193717,False,31_Selma Blair,7.253323932041264e-05
31,1,Selma Blair,Sasha Farber,Actor/Actress,50,Withdrew,12,,28.0,True,382.0,0.0732984293193717,False,31_Selma Blair,7.253323932041264e-05
31,2,Selma Blair,Sasha Farber,Actor/Actress,50,Withdrew,12,,28.0,True,412.0,0.0679611650485436,False,31_Selma Blair,4.617860341912743e-05
31,2,Selma Blair,Sasha Farber,Actor/Actress,50,Withdrew,12,,28.0,True,412.0,0.0679611650485436,False,31_Selma Blair,4.617860341912743e-05
31,3,Selma Blair,Sasha Farber,Actor/Actress,50,Withdrew,12,,28.0,True,403.0,0.0694789081885856,False,31_Selma Blair,2.1790197187205573e-17
31,3,Selma Blair,Sasha Farber,Actor/Actress,50,Withdrew,12,,28.0,True,403.0,0.0694789081885856,False,31_Selma Blair,2.1790197187205573e-17
31,4,Selma Blair,Sasha Farber,Actor/Actress,50,Withdrew,12,,32.0,True,410.0,0.0780487804878048,False,31_Selma Blair,0.0001588374790661
31,4,Selma Blair,Sasha Farber,Actor/Actress,50,Withdrew,12,,32.0,True,410.0,0.0780487804878048,False,31_Selma Blair,0.0001588374790661
31,5,Selma Blair,Sasha Farber,Actor/Actress,50,Withdrew,12,,40.0,True,448.5,0.0891861761426978,False,31_Selma Blair,0.0002107747847527
31,5,Selma Blair,Sasha Farber,Actor/Actress,50,Withdrew,12,,40.0,True,448.5,0.0891861761426978,False,31_Selma Blair,0.0002107747847527
31,6,Selma Blair,Sasha Farber,Actor/Actress,50,Withdrew,12,,0.0,False,345.0,0.0,False,31_Selma Blair,
31,7,Selma Blair,Sasha Farber,Actor/Actress,50,Withdrew,12,,0.0,False,325.5,0.0,False,31_Selma Blair,
31,8,Selma Blair,Sasha Farber,Actor/Actress,50,Withdrew,12,,0.0,False,314.0,0.0,False,31_Selma Blair,
31,9,Selma Blair,Sasha Farber,Actor/Actress,50,Withdrew,12,,0.0,False,220.0,0.0,False,31_Selma Blair,
31,10,Selma Blair,Sasha Farber,Actor/Actress,50,Withdrew,12,,0.0,False,156.0,0.0,False,31_Selma Blair,
31,1,Joseph Baena,Daniella Karagach,Actor/Actress,24,Eliminated Week 5,11,5.0,23.0,True,382.0,0.0602094240837696,False,31_Joseph Baena,1.4132885493131722e-05
31,1,Joseph Baena,Daniella Karagach,Actor/Actress,24,Eliminated Week 5,11,5.0,23.0,True,382.0,0.0602094240837696,False,31_Joseph Baena,1.4132885493131722e-05
31,2,Joseph Baena,Daniella Karagach,Actor/Actress,24,Eliminated Week 5,11,5.0,24.0,True,412.0,0.058252427184466,False,31_Joseph Baena,2.949613048443784e-05
31,2,Joseph Baena,Daniella Karagach,Actor/Actress,24,Eliminated Week 5,11,5.0,24.0,True,412.0,0.058252427184466,False,31_Joseph Baena,2.949613048443784e-05
31,3,Joseph Baena,Daniella Karagach,Actor/Actress,24,Eliminated Week 5,11,5.0,29.0,True,403.0,0.0719602977667493,False,31_Joseph Baena,1.1480766756450037e-17
31,3,Joseph Baena,Daniella Karagach,Actor/Actress,24,Eliminated Week 5,11,5.0,29.0,True,403.0,0.0719602977667493,False,31_Joseph Baena,1.1480766756450037e-17
31,4,Joseph Baena,Daniella Karagach,Actor/Actress,24,Eliminated Week 5,11,5.0,28.0,True,410.0,0.0682926829268292,False,31_Joseph Baena,0.0001476437477484
31,4,Joseph Baena,Daniella Karagach,Actor/Actress,24,Eliminated Week 5,11,5.0,28.0,True,410.0,0.0682926829268292,False,31_Joseph Baena,0.0001476437477484
31,5,Joseph Baena,Daniella Karagach,Actor/Actress,24,Eliminated Week 5,11,5.0,35.0,True,448.5,0.0780379041248606,True,31_Joseph Baena,4.113265982231283e-18
31,5,Joseph Baena,Daniella Karagach,Actor/Actress,24,Eliminated Week 5,11,5.0,35.0,True,448.5,0.0780379041248606,True,31_Joseph Baena,4.113265982231283e-18
31,6,Joseph Baena,Daniella Karagach,Actor/Actress,24,Eliminated Week 5,11,5.0,0.0,False,345.0,0.0,False,31_Joseph Baena,
31,7,Joseph Baena,Daniella Karagach,Actor/Actress,24,Eliminated Week 5,11,5.0,0.0,False,325.5,0.0,False,31_Joseph Baena,
31,8,Joseph Baena,Daniella Karagach,Actor/Actress,24,Eliminated Week 5,11,5.0,0.0,False,314.0,0.0,False,31_Joseph Baena,
31,9,Joseph Baena,Daniella Karagach,Actor/Actress,24,Eliminated Week 5,11,5.0,0.0,False,220.0,0.0,False,31_Joseph Baena,
31,10,Joseph Baena,Daniella Karagach,Actor/Actress,24,Eliminated Week 5,11,5.0,0.0,False,156.0,0.0,False,31_Joseph Baena,
31,1,Trevor Donovan,Emma Slater,Actor/Actress,39,Eliminated Week 9,6,9.0,21.0,True,382.0,0.0549738219895288,False,31_Trevor Donovan,0.00022197877197
31,1,Trevor Donovan,Emma Slater,Actor/Actress,39,Eliminated Week 9,6,9.0,21.0,True,382.0,0.0549738219895288,False,31_Trevor Donovan,0.00022197877197
31,2,Trevor Donovan,Emma Slater,Actor/Actress,39,Eliminated Week 9,6,9.0,30.0,True,412.0,0.0728155339805825,False,31_Trevor Donovan,0.0001719125076622
31,2,Trevor Donovan,Emma Slater,Actor/Actress,39,Eliminated Week 9,6,9.0,30.0,True,412.0,0.0728155339805825,False,31_Trevor Donovan,0.0001719125076622
31,3,Trevor Donovan,Emma Slater,Actor/Actress,39,Eliminated Week 9,6,9.0,27.0,True,403.0,0.0669975186104218,False,31_Trevor Donovan,0.0001112151540779
31,3,Trevor Donovan,Emma Slater,Actor/Actress,39,Eliminated Week 9,6,9.0,27.0,True,403.0,0.0669975186104218,False,31_Trevor Donovan,0.0001112151540779
31,4,Trevor Donovan,Emma Slater,Actor/Actress,39,Eliminated Week 9,6,9.0,28.0,True,410.0,0.0682926829268292,False,31_Trevor Donovan,0.0002711250313163
31,4,Trevor Donovan,Emma Slater,Actor/Actress,39,Eliminated Week 9,6,9.0,28.0,True,410.0,0.0682926829268292,False,31_Trevor Donovan,0.0002711250313163
31,5,Trevor Donovan,Emma Slater,Actor/Actress,39,Eliminated Week 9,6,9.0,36.0,True,448.5,0.0802675585284281,False,31_Trevor Donovan,0.0002699011953905
31,5,Trevor Donovan,Emma Slater,Actor/Actress,39,Eliminated Week 9,6,9.0,36.0,True,448.5,0.0802675585284281,False,31_Trevor Donovan,0.0002699011953905
31,6,Trevor Donovan,Emma Slater,Actor/Actress,39,Eliminated Week 9,6,9.0,34.0,True,345.0,0.0985507246376811,False,31_Trevor Donovan,0.0001434477844307
31,6,Trevor Donovan,Emma Slater,Actor/Actress,39,Eliminated Week 9,6,9.0,34.0,True,345.0,0.0985507246376811,False,31_Trevor Donovan,0.0001434477844307
31,7,Trevor Donovan,Emma Slater,Actor/Actress,39,Eliminated Week 9,6,9.0,39.0,True,325.5,0.1198156682027649,False,31_Trevor Donovan,0.0001357153917188
31,7,Trevor Donovan,Emma Slater,Actor/Actress,39,Eliminated Week 9,6,9.0,39.0,True,325.5,0.1198156682027649,False,31_Trevor Donovan,0.0001357153917188
31,8,Trevor Donovan,Emma Slater,Actor/Actress,39,Eliminated Week 9,6,9.0,39.0,True,314.0,0.1242038216560509,False,31_Trevor Donovan,8.521946855253886e-06
31,8,Trevor Donovan,Emma Slater,Actor/Actress,39,Eliminated Week 9,6,9.0,39.0,True,314.0,0.1242038216560509,False,31_Trevor Donovan,8.521946855253886e-06
31,9,Trevor Donovan,Emma Slater,Actor/Actress,39,Eliminated Week 9,6,9.0,32.5,True,220.0,0.1477272727272727,True,31_Trevor Donovan,0.000980159070728
31,9,Trevor Donovan,Emma Slater,Actor/Actress,39,Eliminated Week 9,6,9.0,32.5,True,220.0,0.1477272727272727,True,31_Trevor Donovan,0.000980159070728
31,10,Trevor Donovan,Emma Slater,Actor/Actress,39,Eliminated Week 9,6,9.0,0.0,False,156.0,0.0,False,31_Trevor Donovan,
31,1,Daniel Durant,Britt Stewart,Actor/Actress,32,Eliminated Week 9,5,9.0,27.0,True,382.0,0.0706806282722513,False,31_Daniel Durant,0.001607601006887
31,1,Daniel Durant,Britt Stewart,Actor/Actress,32,Eliminated Week 9,5,9.0,27.0,True,382.0,0.0706806282722513,False,31_Daniel Durant,0.001607601006887
31,2,Daniel Durant,Britt Stewart,Actor/Actress,32,Eliminated Week 9,5,9.0,29.0,True,412.0,0.0703883495145631,False,31_Daniel Durant,0.0018127744211356
31,2,Daniel Durant,Britt Stewart,Actor/Actress,32,Eliminated Week 9,5,9.0,29.0,True,412.0,0.0703883495145631,False,31_Daniel Durant,0.0018127744211356
31,3,Daniel Durant,Britt Stewart,Actor/Actress,32,Eliminated Week 9,5,9.0,31.0,True,403.0,0.0769230769230769,False,31_Daniel Durant,0.0021697675841257
31,3,Daniel Durant,Britt Stewart,Actor/Actress,32,Eliminated Week 9,5,9.0,31.0,True,403.0,0.0769230769230769,False,31_Daniel Durant,0.0021697675841257
31,4,Daniel Durant,Britt Stewart,Actor/Actress,32,Eliminated Week 9,5,9.0,29.0,True,410.0,0.0707317073170731,False,31_Daniel Durant,0.0027562197757997
31,4,Daniel Durant,Britt Stewart,Actor/Actress,32,Eliminated Week 9,5,9.0,29.0,True,410.0,0.0707317073170731,False,31_Daniel Durant,0.0027562197757997
31,5,Daniel Durant,Britt Stewart,Actor/Actress,32,Eliminated Week 9,5,9.0,33.5,True,448.5,0.0746934225195094,False,31_Daniel Durant,0.0033338182056514
31,5,Daniel Durant,Britt Stewart,Actor/Actress,32,Eliminated Week 9,5,9.0,33.5,True,448.5,0.0746934225195094,False,31_Daniel Durant,0.0033338182056514
31,6,Daniel Durant,Britt Stewart,Actor/Actress,32,Eliminated Week 9,5,9.0,34.0,True,345.0,0.0985507246376811,False,31_Daniel Durant,0.0025007024959994
31,6,Daniel Durant,Britt Stewart,Actor/Actress,32,Eliminated Week 9,5,9.0,34.0,True,345.0,0.0985507246376811,False,31_Daniel Durant,0.0025007024959994
31,7,Daniel Durant,Britt Stewart,Actor/Actress,32,Eliminated Week 9,5,9.0,36.5,True,325.5,0.1121351766513056,False,31_Daniel Durant,0.0019558586642507
31,7,Daniel Durant,Britt Stewart,Actor/Actress,32,Eliminated Week 9,5,9.0,36.5,True,325.5,0.1121351766513056,False,31_Daniel Durant,0.0019558586642507
31,8,Daniel Durant,Britt Stewart,Actor/Actress,32,Eliminated Week 9,5,9.0,39.0,True,314.0,0.1242038216560509,False,31_Daniel Durant,0.0014305596869136
31,8,Daniel Durant,Britt Stewart,Actor/Actress,32,Eliminated Week 9,5,9.0,39.0,True,314.0,0.1242038216560509,False,31_Daniel Durant,0.0014305596869136
31,9,Daniel Durant,Britt Stewart,Actor/Actress,32,Eliminated Week 9,5,9.0,34.5,True,220.0,0.1568181818181818,True,31_Daniel Durant,0.0023446653617408
31,9,Daniel Durant,Britt Stewart,Actor/Actress,32,Eliminated Week 9,5,9.0,34.5,True,220.0,0.1568181818181818,True,31_Daniel Durant,0.0023446653617408
31,10,Daniel Durant,Britt Stewart,Actor/Actress,32,Eliminated Week 9,5,9.0,0.0,False,156.0,0.0,False,31_Daniel Durant,
31,1,Wayne Brady,Witney Carson,Comedian,50,3rd Place,3,,29.0,True,382.0,0.0759162303664921,False,31_Wayne Brady,0.2452707336820591
31,1,Wayne Brady,Witney Carson,Comedian,50,3rd Place,3,,29.0,True,382.0,0.0759162303664921,False,31_Wayne Brady,0.2452707336820591
31,2,Wayne Brady,Witney Carson,Comedian,50,3rd Place,3,,32.0,True,412.0,0.0776699029126213,False,31_Wayne Brady,0.2453051823845882
31,2,Wayne Brady,Witney Carson,Comedian,50,3rd Place,3,,32.0,True,412.0,0.0776699029126213,False,31_Wayne Brady,0.2453051823845882
31,3,Wayne Brady,Witney Carson,Comedian,50,3rd Place,3,,33.0,True,403.0,0.0818858560794044,False,31_Wayne Brady,0.2453881375896084
31,3,Wayne Brady,Witney Carson,Comedian,50,3rd Place,3,,33.0,True,403.0,0.0818858560794044,False,31_Wayne Brady,0.2453881375896084
31,4,Wayne Brady,Witney Carson,Comedian,50,3rd Place,3,,36.0,True,410.0,0.0878048780487804,False,31_Wayne Brady,0.2458817883744907
31,4,Wayne Brady,Witney Carson,Comedian,50,3rd Place,3,,36.0,True,410.0,0.0878048780487804,False,31_Wayne Brady,0.2458817883744907
31,5,Wayne Brady,Witney Carson,Comedian,50,3rd Place,3,,41.0,True,448.5,0.0914158305462653,False,31_Wayne Brady,0.2461489032753109
31,5,Wayne Brady,Witney Carson,Comedian,50,3rd Place,3,,41.0,True,448.5,0.0914158305462653,False,31_Wayne Brady,0.2461489032753109
31,6,Wayne Brady,Witney Carson,Comedian,50,3rd Place,3,,34.0,True,345.0,0.0985507246376811,False,31_Wayne Brady,0.2464443576720108
31,6,Wayne Brady,Witney Carson,Comedian,50,3rd Place,3,,34.0,True,345.0,0.0985507246376811,False,31_Wayne Brady,0.2464443576720108
31,7,Wayne Brady,Witney Carson,Comedian,50,3rd Place,3,,38.0,True,325.5,0.1167434715821812,False,31_Wayne Brady,0.2468848469678418
31,7,Wayne Brady,Witney Carson,Comedian,50,3rd Place,3,,38.0,True,325.5,0.1167434715821812,False,31_Wayne Brady,0.2468848469678418
31,8,Wayne Brady,Witney Carson,Comedian,50,3rd Place,3,,45.0,True,314.0,0.143312101910828,False,31_Wayne Brady,0.2473709369671093
31,8,Wayne Brady,Witney Carson,Comedian,50,3rd Place,3,,45.0,True,314.0,0.143312101910828,False,31_Wayne Brady,0.2473709369671093
31,9,Wayne Brady,Witney Carson,Comedian,50,3rd Place,3,,36.5,True,220.0,0.1659090909090909,False,31_Wayne Brady,0.2491687941891892
31,9,Wayne Brady,Witney Carson,Comedian,50,3rd Place,3,,36.5,True,220.0,0.1659090909090909,False,31_Wayne Brady,0.2491687941891892
31,10,Wayne Brady,Witney Carson,Comedian,50,3rd Place,3,,38.0,True,156.0,0.2435897435897435,False,31_Wayne Brady,0.250000000495036
31,10,Wayne Brady,Witney Carson,Comedian,50,3rd Place,3,,38.0,True,156.0,0.2435897435897435,False,31_Wayne Brady,0.250000000495036
31,1,Sam Champion,Cheryl Burke,News Anchor,61,Eliminated Week 4,13,4.0,20.0,True,382.0,0.0523560209424083,False,31_Sam Champion,0.0014828504549071
31,1,Sam Champion,Cheryl Burke,News Anchor,61,Eliminated Week 4,13,4.0,20.0,True,382.0,0.0523560209424083,False,31_Sam Champion,0.0014828504549071
31,2,Sam Champion,Cheryl Burke,News Anchor,61,Eliminated Week 4,13,4.0,26.0,True,412.0,0.0631067961165048,False,31_Sam Champion,0.0015095919211452
31,2,Sam Champion,Cheryl Burke,News Anchor,61,Eliminated Week 4,13,4.0,26.0,True,412.0,0.0631067961165048,False,31_Sam Champion,0.0015095919211452
31,3,Sam Champion,Cheryl Burke,News Anchor,61,Eliminated Week 4,13,4.0,25.0,True,403.0,0.0620347394540942,False,31_Sam Champion,0.0016052141514871
31,3,Sam Champion,Cheryl Burke,News Anchor,61,Eliminated Week 4,13,4.0,25.0,True,403.0,0.0620347394540942,False,31_Sam Champion,0.0016052141514871
31,4,Sam Champion,Cheryl Burke,News Anchor,61,Eliminated Week 4,13,4.0,25.0,True,410.0,0.0609756097560975,True,31_Sam Champion,0.0018211562461793
31,4,Sam Champion,Cheryl Burke,News Anchor,61,Eliminated Week 4,13,4.0,25.0,True,410.0,0.0609756097560975,True,31_Sam Champion,0.0018211562461793
31,5,Sam Champion,Cheryl Burke,News Anchor,61,Eliminated Week 4,13,4.0,0.0,False,448.5,0.0,False,31_Sam Champion,
31,6,Sam Champion,Cheryl Burke,News Anchor,61,Eliminated Week 4,13,4.0,0.0,False,345.0,0.0,False,31_Sam Champion,
31,7,Sam Champion,Cheryl Burke,News Anchor,61,Eliminated Week 4,13,4.0,0.0,False,325.5,0.0,False,31_Sam Champion,
31,8,Sam Champion,Cheryl Burke,News Anchor,61,Eliminated Week 4,13,4.0,0.0,False,314.0,0.0,False,31_Sam Champion,
31,9,Sam Champion,Cheryl Burke,News Anchor,61,Eliminated Week 4,13,4.0,0.0,False,220.0,0.0,False,31_Sam Champion,
31,10,Sam Champion,Cheryl Burke,News Anchor,61,Eliminated Week 4,13,4.0,0.0,False,156.0,0.0,False,31_Sam Champion,
31,1,Jessie James Decker,Alan Bersten,Singer/Rapper,34,Eliminated Week 6,10,6.0,20.0,True,382.0,0.0523560209424083,False,31_Jessie James Decker,1.5067116309874228e-17
31,1,Jessie James Decker,Alan Bersten,Singer/Rapper,34,Eliminated Week 6,10,6.0,20.0,True,382.0,0.0523560209424083,False,31_Jessie James Decker,1.5067116309874228e-17
31,2,Jessie James Decker,Alan Bersten,Singer/Rapper,34,Eliminated Week 6,10,6.0,25.0,True,412.0,0.0606796116504854,False,31_Jessie James Decker,2.807032665268147e-17
31,2,Jessie James Decker,Alan Bersten,Singer/Rapper,34,Eliminated Week 6,10,6.0,25.0,True,412.0,0.0606796116504854,False,31_Jessie James Decker,2.807032665268147e-17
31,3,Jessie James Decker,Alan Bersten,Singer/Rapper,34,Eliminated Week 6,10,6.0,26.0,True,403.0,0.064516129032258,False,31_Jessie James Decker,2.2249602425607118e-17
31,3,Jessie James Decker,Alan Bersten,Singer/Rapper,34,Eliminated Week 6,10,6.0,26.0,True,403.0,0.064516129032258,False,31_Jessie James Decker,2.2249602425607118e-17
31,4,Jessie James Decker,Alan Bersten,Singer/Rapper,34,Eliminated Week 6,10,6.0,31.0,True,410.0,0.0756097560975609,False,31_Jessie James Decker,6.547332044593482e-05
31,4,Jessie James Decker,Alan Bersten,Singer/Rapper,34,Eliminated Week 6,10,6.0,31.0,True,410.0,0.0756097560975609,False,31_Jessie James Decker,6.547332044593482e-05
31,5,Jessie James Decker,Alan Bersten,Singer/Rapper,34,Eliminated Week 6,10,6.0,36.0,True,448.5,0.0802675585284281,False,31_Jessie James Decker,9.317788318074644e-05
31,5,Jessie James Decker,Alan Bersten,Singer/Rapper,34,Eliminated Week 6,10,6.0,36.0,True,448.5,0.0802675585284281,False,31_Jessie James Decker,9.317788318074644e-05
31,6,Jessie James Decker,Alan Bersten,Singer/Rapper,34,Eliminated Week 6,10,6.0,32.0,True,345.0,0.0927536231884058,True,31_Jessie James Decker,6.295233880724675e-18
31,6,Jessie James Decker,Alan Bersten,Singer/Rapper,34,Eliminated Week 6,10,6.0,32.0,True,345.0,0.0927536231884058,True,31_Jessie James Decker,6.295233880724675e-18
31,7,Jessie James Decker,Alan Bersten,Singer/Rapper,34,Eliminated Week 6,10,6.0,0.0,False,325.5,0.0,False,31_Jessie James Decker,
31,8,Jessie James Decker,Alan Bersten,Singer/Rapper,34,Eliminated Week 6,10,6.0,0.0,False,314.0,0.0,False,31_Jessie James Decker,
31,9,Jessie James Decker,Alan Bersten,Singer/Rapper,34,Eliminated Week 6,10,6.0,0.0,False,220.0,0.0,False,31_Jessie James Decker,
31,10,Jessie James Decker,Alan Bersten,Singer/Rapper,34,Eliminated Week 6,10,6.0,0.0,False,156.0,0.0,False,31_Jessie James Decker,
31,1,Jordin Sparks,Brandon Armstrong,Singer/Rapper,32,Eliminated Week 7,9,7.0,26.0,True,382.0,0.0680628272251308,False,31_Jordin Sparks,2.2510619532511978e-17
31,1,Jordin Sparks,Brandon Armstrong,Singer/Rapper,32,Eliminated Week 7,9,7.0,26.0,True,382.0,0.0680628272251308,False,31_Jordin Sparks,2.2510619532511978e-17
31,2,Jordin Sparks,Brandon Armstrong,Singer/Rapper,32,Eliminated Week 7,9,7.0,27.0,True,412.0,0.0655339805825242,False,31_Jordin Sparks,1.9714355108663996e-05
31,2,Jordin Sparks,Brandon Armstrong,Singer/Rapper,32,Eliminated Week 7,9,7.0,27.0,True,412.0,0.0655339805825242,False,31_Jordin Sparks,1.9714355108663996e-05
31,3,Jordin Sparks,Brandon Armstrong,Singer/Rapper,32,Eliminated Week 7,9,7.0,29.0,True,403.0,0.0719602977667493,False,31_Jordin Sparks,3.6314071382727067e-17
31,3,Jordin Sparks,Brandon Armstrong,Singer/Rapper,32,Eliminated Week 7,9,7.0,29.0,True,403.0,0.0719602977667493,False,31_Jordin Sparks,3.6314071382727067e-17
31,4,Jordin Sparks,Brandon Armstrong,Singer/Rapper,32,Eliminated Week 7,9,7.0,34.0,True,410.0,0.0829268292682926,False,31_Jordin Sparks,0.0001436942025008
31,4,Jordin Sparks,Brandon Armstrong,Singer/Rapper,32,Eliminated Week 7,9,7.0,34.0,True,410.0,0.0829268292682926,False,31_Jordin Sparks,0.0001436942025008
31,5,Jordin Sparks,Brandon Armstrong,Singer/Rapper,32,Eliminated Week 7,9,7.0,35.5,True,448.5,0.0791527313266443,False,31_Jordin Sparks,8.831188053130777e-05
31,5,Jordin Sparks,Brandon Armstrong,Singer/Rapper,32,Eliminated Week 7,9,7.0,35.5,True,448.5,0.0791527313266443,False,31_Jordin Sparks,8.831188053130777e-05
31,6,Jordin Sparks,Brandon Armstrong,Singer/Rapper,32,Eliminated Week 7,9,7.0,34.0,True,345.0,0.0985507246376811,False,31_Jordin Sparks,2.144470225991694e-17
31,6,Jordin Sparks,Brandon Armstrong,Singer/Rapper,32,Eliminated Week 7,9,7.0,34.0,True,345.0,0.0985507246376811,False,31_Jordin Sparks,2.144470225991694e-17
31,7,Jordin Sparks,Brandon Armstrong,Singer/Rapper,32,Eliminated Week 7,9,7.0,34.5,True,325.5,0.1059907834101382,True,31_Jordin Sparks,6.002910406086961e-05
31,7,Jordin Sparks,Brandon Armstrong,Singer/Rapper,32,Eliminated Week 7,9,7.0,34.5,True,325.5,0.1059907834101382,True,31_Jordin Sparks,6.002910406086961e-05
31,8,Jordin Sparks,Brandon Armstrong,Singer/Rapper,32,Eliminated Week 7,9,7.0,0.0,False,314.0,0.0,False,31_Jordin Sparks,
31,9,Jordin Sparks,Brandon Armstrong,Singer/Rapper,32,Eliminated Week 7,9,7.0,0.0,False,220.0,0.0,False,31_Jordin Sparks,
31,10,Jordin Sparks,Brandon Armstrong,Singer/Rapper,32,Eliminated Week 7,9,7.0,0.0,False,156.0,0.0,False,31_Jordin Sparks,
31,1,Heidi D'Amelio,Artem Chigvintsev,Social Media Personality,50,Eliminated Week 8,8,8.0,24.0,True,382.0,0.06282722513089,False,31_Heidi D'Amelio,1.3956181983092593e-17
31,1,Heidi D'Amelio,Artem Chigvintsev,Social Media Personality,50,Eliminated Week 8,8,8.0,24.0,True,382.0,0.06282722513089,False,31_Heidi D'Amelio,1.3956181983092593e-17
31,2,Heidi D'Amelio,Artem Chigvintsev,Social Media Personality,50,Eliminated Week 8,8,8.0,28.0,True,412.0,0.0679611650485436,False,31_Heidi D'Amelio,1.755133262022691e-17
31,2,Heidi D'Amelio,Artem Chigvintsev,Social Media Personality,50,Eliminated Week 8,8,8.0,28.0,True,412.0,0.0679611650485436,False,31_Heidi D'Amelio,1.755133262022691e-17
31,3,Heidi D'Amelio,Artem Chigvintsev,Social Media Personality,50,Eliminated Week 8,8,8.0,32.0,True,403.0,0.0794044665012407,False,31_Heidi D'Amelio,4.9218664492866883e-17
31,3,Heidi D'Amelio,Artem Chigvintsev,Social Media Personality,50,Eliminated Week 8,8,8.0,32.0,True,403.0,0.0794044665012407,False,31_Heidi D'Amelio,4.9218664492866883e-17
31,4,Heidi D'Amelio,Artem Chigvintsev,Social Media Personality,50,Eliminated Week 8,8,8.0,34.0,True,410.0,0.0829268292682926,False,31_Heidi D'Amelio,0.0001452721576292
31,4,Heidi D'Amelio,Artem Chigvintsev,Social Media Personality,50,Eliminated Week 8,8,8.0,34.0,True,410.0,0.0829268292682926,False,31_Heidi D'Amelio,0.0001452721576292
31,5,Heidi D'Amelio,Artem Chigvintsev,Social Media Personality,50,Eliminated Week 8,8,8.0,39.0,True,448.5,0.0869565217391304,False,31_Heidi D'Amelio,9.762081595572584e-05
31,5,Heidi D'Amelio,Artem Chigvintsev,Social Media Personality,50,Eliminated Week 8,8,8.0,39.0,True,448.5,0.0869565217391304,False,31_Heidi D'Amelio,9.762081595572584e-05
31,6,Heidi D'Amelio,Artem Chigvintsev,Social Media Personality,50,Eliminated Week 8,8,8.0,36.0,True,345.0,0.1043478260869565,False,31_Heidi D'Amelio,2.6756556570340932e-17
31,6,Heidi D'Amelio,Artem Chigvintsev,Social Media Personality,50,Eliminated Week 8,8,8.0,36.0,True,345.0,0.1043478260869565,False,31_Heidi D'Amelio,2.6756556570340932e-17
31,7,Heidi D'Amelio,Artem Chigvintsev,Social Media Personality,50,Eliminated Week 8,8,8.0,35.0,True,325.5,0.1075268817204301,False,31_Heidi D'Amelio,2.2014194553237923e-05
31,7,Heidi D'Amelio,Artem Chigvintsev,Social Media Personality,50,Eliminated Week 8,8,8.0,35.0,True,325.5,0.1075268817204301,False,31_Heidi D'Amelio,2.2014194553237923e-05
31,8,Heidi D'Amelio,Artem Chigvintsev,Social Media Personality,50,Eliminated Week 8,8,8.0,35.0,True,314.0,0.1114649681528662,True,31_Heidi D'Amelio,5.216540059387633e-19
31,8,Heidi D'Amelio,Artem Chigvintsev,Social Media Personality,50,Eliminated Week 8,8,8.0,35.0,True,314.0,0.1114649681528662,True,31_Heidi D'Amelio,5.216540059387633e-19
31,9,Heidi D'Amelio,Artem Chigvintsev,Social Media Personality,50,Eliminated Week 8,8,8.0,0.0,False,220.0,0.0,False,31_Heidi D'Amelio,
31,10,Heidi D'Amelio,Artem Chigvintsev,Social Media Personality,50,Eliminated Week 8,8,8.0,0.0,False,156.0,0.0,False,31_Heidi D'Amelio,
31,1,Charli D'Amelio,Mark Ballas,Social Media Personality,18,1st Place,1,,32.0,True,382.0,0.0837696335078534,False,31_Charli D'Amelio,0.245270732759936
31,1,Charli D'Amelio,Mark Ballas,Social Media Personality,18,1st Place,1,,32.0,True,382.0,0.0837696335078534,False,31_Charli D'Amelio,0.245270732759936
31,2,Charli D'Amelio,Mark Ballas,Social Media Personality,18,1st Place,1,,32.0,True,412.0,0.0776699029126213,False,31_Charli D'Amelio,0.2453051818197885
31,2,Charli D'Amelio,Mark Ballas,Social Media Personality,18,1st Place,1,,32.0,True,412.0,0.0776699029126213,False,31_Charli D'Amelio,0.2453051818197885
31,3,Charli D'Amelio,Mark Ballas,Social Media Personality,18,1st Place,1,,33.0,True,403.0,0.0818858560794044,False,31_Charli D'Amelio,0.2453881363503461
31,3,Charli D'Amelio,Mark Ballas,Social Media Personality,18,1st Place,1,,33.0,True,403.0,0.0818858560794044,False,31_Charli D'Amelio,0.2453881363503461
31,4,Charli D'Amelio,Mark Ballas,Social Media Personality,18,1st Place,1,,36.0,True,410.0,0.0878048780487804,False,31_Charli D'Amelio,0.2458817880716256
31,4,Charli D'Amelio,Mark Ballas,Social Media Personality,18,1st Place,1,,36.0,True,410.0,0.0878048780487804,False,31_Charli D'Amelio,0.2458817880716256
31,5,Charli D'Amelio,Mark Ballas,Social Media Personality,18,1st Place,1,,42.0,True,448.5,0.0936454849498327,False,31_Charli D'Amelio,0.2461489018834456
31,5,Charli D'Amelio,Mark Ballas,Social Media Personality,18,1st Place,1,,42.0,True,448.5,0.0936454849498327,False,31_Charli D'Amelio,0.2461489018834456
31,6,Charli D'Amelio,Mark Ballas,Social Media Personality,18,1st Place,1,,40.0,True,345.0,0.1159420289855072,False,31_Charli D'Amelio,0.2464443574374604
31,6,Charli D'Amelio,Mark Ballas,Social Media Personality,18,1st Place,1,,40.0,True,345.0,0.1159420289855072,False,31_Charli D'Amelio,0.2464443574374604
31,7,Charli D'Amelio,Mark Ballas,Social Media Personality,18,1st Place,1,,39.0,True,325.5,0.1198156682027649,False,31_Charli D'Amelio,0.2468848456119586
31,7,Charli D'Amelio,Mark Ballas,Social Media Personality,18,1st Place,1,,39.0,True,325.5,0.1198156682027649,False,31_Charli D'Amelio,0.2468848456119586
31,8,Charli D'Amelio,Mark Ballas,Social Media Personality,18,1st Place,1,,45.0,True,314.0,0.143312101910828,False,31_Charli D'Amelio,0.2473709365883797
31,8,Charli D'Amelio,Mark Ballas,Social Media Personality,18,1st Place,1,,45.0,True,314.0,0.143312101910828,False,31_Charli D'Amelio,0.2473709365883797
31,9,Charli D'Amelio,Mark Ballas,Social Media Personality,18,1st Place,1,,40.0,True,220.0,0.1818181818181818,False,31_Charli D'Amelio,0.2491687930830582
31,9,Charli D'Amelio,Mark Ballas,Social Media Personality,18,1st Place,1,,40.0,True,220.0,0.1818181818181818,False,31_Charli D'Amelio,0.2491687930830582
31,10,Charli D'Amelio,Mark Ballas,Social Media Personality,18,1st Place,1,,40.0,True,156.0,0.2564102564102564,False,31_Charli D'Amelio,0.2499999997984764
31,10,Charli D'Amelio,Mark Ballas,Social Media Personality,18,1st Place,1,,40.0,True,156.0,0.2564102564102564,False,31_Charli D'Amelio,0.2499999997984764
31,1,Teresa Giudice,Pasha Pashkov,TV Personality,50,Eliminated Week 2,15,2.0,20.0,True,382.0,0.0523560209424083,False,31_Teresa Giudice,1.6728105066592752e-17
31,1,Teresa Giudice,Pasha Pashkov,TV Personality,50,Eliminated Week 2,15,2.0,20.0,True,382.0,0.0523560209424083,False,31_Teresa Giudice,1.6728105066592752e-17
31,2,Teresa Giudice,Pasha Pashkov,TV Personality,50,Eliminated Week 2,15,2.0,23.0,True,412.0,0.0558252427184466,True,31_Teresa Giudice,8.753111876289796e-18
31,2,Teresa Giudice,Pasha Pashkov,TV Personality,50,Eliminated Week 2,15,2.0,23.0,True,412.0,0.0558252427184466,True,31_Teresa Giudice,8.753111876289796e-18
31,3,Teresa Giudice,Pasha Pashkov,TV Personality,50,Eliminated Week 2,15,2.0,0.0,False,403.0,0.0,False,31_Teresa Giudice,
31,4,Teresa Giudice,Pasha Pashkov,TV Personality,50,Eliminated Week 2,15,2.0,0.0,False,410.0,0.0,False,31_Teresa Giudice,
31,5,Teresa Giudice,Pasha Pashkov,TV Personality,50,Eliminated Week 2,15,2.0,0.0,False,448.5,0.0,False,31_Teresa Giudice,
31,6,Teresa Giudice,Pasha Pashkov,TV Personality,50,Eliminated Week 2,15,2.0,0.0,False,345.0,0.0,False,31_Teresa Giudice,
31,7,Teresa Giudice,Pasha Pashkov,TV Personality,50,Eliminated Week 2,15,2.0,0.0,False,325.5,0.0,False,31_Teresa Giudice,
31,8,Teresa Giudice,Pasha Pashkov,TV Personality,50,Eliminated Week 2,15,2.0,0.0,False,314.0,0.0,False,31_Teresa Giudice,
31,9,Teresa Giudice,Pasha Pashkov,TV Personality,50,Eliminated Week 2,15,2.0,0.0,False,220.0,0.0,False,31_Teresa Giudice,
31,10,Teresa Giudice,Pasha Pashkov,TV Personality,50,Eliminated Week 2,15,2.0,0.0,False,156.0,0.0,False,31_Teresa Giudice,
31,1,Vinny Guadagnino,Koko Iwasaki,TV Personality,34,Eliminated Week 8,7,8.0,17.0,True,382.0,0.0445026178010471,False,31_Vinny Guadagnino,0.0102123345401551
31,1,Vinny Guadagnino,Koko Iwasaki,TV Personality,34,Eliminated Week 8,7,8.0,17.0,True,382.0,0.0445026178010471,False,31_Vinny Guadagnino,0.0102123345401551
31,2,Vinny Guadagnino,Koko Iwasaki,TV Personality,34,Eliminated Week 8,7,8.0,27.0,True,412.0,0.0655339805825242,False,31_Vinny Guadagnino,0.0103418341483617
31,2,Vinny Guadagnino,Koko Iwasaki,TV Personality,34,Eliminated Week 8,7,8.0,27.0,True,412.0,0.0655339805825242,False,31_Vinny Guadagnino,0.0103418341483617
31,3,Vinny Guadagnino,Koko Iwasaki,TV Personality,34,Eliminated Week 8,7,8.0,23.0,True,403.0,0.0570719602977667,False,31_Vinny Guadagnino,0.0104723359220785
31,3,Vinny Guadagnino,Koko Iwasaki,TV Personality,34,Eliminated Week 8,7,8.0,23.0,True,403.0,0.0570719602977667,False,31_Vinny Guadagnino,0.0104723359220785
31,4,Vinny Guadagnino,Koko Iwasaki,TV Personality,34,Eliminated Week 8,7,8.0,29.0,True,410.0,0.0707317073170731,False,31_Vinny Guadagnino,0.0109634278728006
31,4,Vinny Guadagnino,Koko Iwasaki,TV Personality,34,Eliminated Week 8,7,8.0,29.0,True,410.0,0.0707317073170731,False,31_Vinny Guadagnino,0.0109634278728006
31,5,Vinny Guadagnino,Koko Iwasaki,TV Personality,34,Eliminated Week 8,7,8.0,31.0,True,448.5,0.0691192865105908,False,31_Vinny Guadagnino,0.0113107823101975
31,5,Vinny Guadagnino,Koko Iwasaki,TV Personality,34,Eliminated Week 8,7,8.0,31.0,True,448.5,0.0691192865105908,False,31_Vinny Guadagnino,0.0113107823101975
31,6,Vinny Guadagnino,Koko Iwasaki,TV Personality,34,Eliminated Week 8,7,8.0,28.0,True,345.0,0.081159420289855,False,31_Vinny Guadagnino,0.011578422423913
31,6,Vinny Guadagnino,Koko Iwasaki,TV Personality,34,Eliminated Week 8,7,8.0,28.0,True,345.0,0.081159420289855,False,31_Vinny Guadagnino,0.011578422423913
31,7,Vinny Guadagnino,Koko Iwasaki,TV Personality,34,Eliminated Week 8,7,8.0,31.5,True,325.5,0.0967741935483871,False,31_Vinny Guadagnino,0.010286995221438
31,7,Vinny Guadagnino,Koko Iwasaki,TV Personality,34,Eliminated Week 8,7,8.0,31.5,True,325.5,0.0967741935483871,False,31_Vinny Guadagnino,0.010286995221438
31,8,Vinny Guadagnino,Koko Iwasaki,TV Personality,34,Eliminated Week 8,7,8.0,29.0,True,314.0,0.0923566878980891,True,31_Vinny Guadagnino,0.0090771733054096
31,8,Vinny Guadagnino,Koko Iwasaki,TV Personality,34,Eliminated Week 8,7,8.0,29.0,True,314.0,0.0923566878980891,True,31_Vinny Guadagnino,0.0090771733054096
31,9,Vinny Guadagnino,Koko Iwasaki,TV Personality,34,Eliminated Week 8,7,8.0,0.0,False,220.0,0.0,False,31_Vinny Guadagnino,
31,10,Vinny Guadagnino,Koko Iwasaki,TV Personality,34,Eliminated Week 8,7,8.0,0.0,False,156.0,0.0,False,31_Vinny Guadagnino,
31,1,Shangela,Gleb Savchenko,TV Personality,40,4th Place,4,,28.0,True,382.0,0.0732984293193717,False,31_Shangela,0.2452707331331692
31,1,Shangela,Gleb Savchenko,TV Personality,40,4th Place,4,,28.0,True,382.0,0.0732984293193717,False,31_Shangela,0.2452707331331692
31,2,Shangela,Gleb Savchenko,TV Personality,40,4th Place,4,,28.0,True,412.0,0.0679611650485436,False,31_Shangela,0.2453051811673162
31,2,Shangela,Gleb Savchenko,TV Personality,40,4th Place,4,,28.0,True,412.0,0.0679611650485436,False,31_Shangela,0.2453051811673162
31,3,Shangela,Gleb Savchenko,TV Personality,40,4th Place,4,,30.0,True,403.0,0.0744416873449131,False,31_Shangela,0.2453881376511077
31,3,Shangela,Gleb Savchenko,TV Personality,40,4th Place,4,,30.0,True,403.0,0.0744416873449131,False,31_Shangela,0.2453881376511077
31,4,Shangela,Gleb Savchenko,TV Personality,40,4th Place,4,,32.0,True,410.0,0.0780487804878048,False,31_Shangela,0.2458817867245881
31,4,Shangela,Gleb Savchenko,TV Personality,40,4th Place,4,,32.0,True,410.0,0.0780487804878048,False,31_Shangela,0.2458817867245881
31,5,Shangela,Gleb Savchenko,TV Personality,40,4th Place,4,,38.5,True,448.5,0.0858416945373467,False,31_Shangela,0.2461489035766705
31,5,Shangela,Gleb Savchenko,TV Personality,40,4th Place,4,,38.5,True,448.5,0.0858416945373467,False,31_Shangela,0.2461489035766705
31,6,Shangela,Gleb Savchenko,TV Personality,40,4th Place,4,,36.0,True,345.0,0.1043478260869565,False,31_Shangela,0.2464443559753628
31,6,Shangela,Gleb Savchenko,TV Personality,40,4th Place,4,,36.0,True,345.0,0.1043478260869565,False,31_Shangela,0.2464443559753628
31,7,Shangela,Gleb Savchenko,TV Personality,40,4th Place,4,,36.5,True,325.5,0.1121351766513056,False,31_Shangela,0.2468848471248984
31,7,Shangela,Gleb Savchenko,TV Personality,40,4th Place,4,,36.5,True,325.5,0.1121351766513056,False,31_Shangela,0.2468848471248984
31,8,Shangela,Gleb Savchenko,TV Personality,40,4th Place,4,,42.0,True,314.0,0.1337579617834395,False,31_Shangela,0.2473709356224774
31,8,Shangela,Gleb Savchenko,TV Personality,40,4th Place,4,,42.0,True,314.0,0.1337579617834395,False,31_Shangela,0.2473709356224774
31,9,Shangela,Gleb Savchenko,TV Personality,40,4th Place,4,,36.5,True,220.0,0.1659090909090909,False,31_Shangela,0.2491687938921553
31,9,Shangela,Gleb Savchenko,TV Personality,40,4th Place,4,,36.5,True,220.0,0.1659090909090909,False,31_Shangela,0.2491687938921553
31,10,Shangela,Gleb Savchenko,TV Personality,40,4th Place,4,,38.0,True,156.0,0.2435897435897435,False,31_Shangela,0.2499999996651131
31,10,Shangela,Gleb Savchenko,TV Personality,40,4th Place,4,,38.0,True,156.0,0.2435897435897435,False,31_Shangela,0.2499999996651131
31,1,Gabby Windey,Valentin Chmerkovskiy,TV Personality,31,2nd Place,2,,28.0,True,382.0,0.0732984293193717,False,31_Gabby Windey,0.2452707335896177
31,1,Gabby Windey,Valentin Chmerkovskiy,TV Personality,31,2nd Place,2,,28.0,True,382.0,0.0732984293193717,False,31_Gabby Windey,0.2452707335896177
31,2,Gabby Windey,Valentin Chmerkovskiy,TV Personality,31,2nd Place,2,,32.0,True,412.0,0.0776699029126213,False,31_Gabby Windey,0.2453051815298769
31,2,Gabby Windey,Valentin Chmerkovskiy,TV Personality,31,2nd Place,2,,32.0,True,412.0,0.0776699029126213,False,31_Gabby Windey,0.2453051815298769
31,3,Gabby Windey,Valentin Chmerkovskiy,TV Personality,31,2nd Place,2,,33.0,True,403.0,0.0818858560794044,False,31_Gabby Windey,0.2453881381787515
31,3,Gabby Windey,Valentin Chmerkovskiy,TV Personality,31,2nd Place,2,,33.0,True,403.0,0.0818858560794044,False,31_Gabby Windey,0.2453881381787515
31,4,Gabby Windey,Valentin Chmerkovskiy,TV Personality,31,2nd Place,2,,36.0,True,410.0,0.0878048780487804,False,31_Gabby Windey,0.2458817869958087
31,4,Gabby Windey,Valentin Chmerkovskiy,TV Personality,31,2nd Place,2,,36.0,True,410.0,0.0878048780487804,False,31_Gabby Windey,0.2458817869958087
31,5,Gabby Windey,Valentin Chmerkovskiy,TV Personality,31,2nd Place,2,,41.0,True,448.5,0.0914158305462653,False,31_Gabby Windey,0.2461489041889128
31,5,Gabby Windey,Valentin Chmerkovskiy,TV Personality,31,2nd Place,2,,41.0,True,448.5,0.0914158305462653,False,31_Gabby Windey,0.2461489041889128
31,6,Gabby Windey,Valentin Chmerkovskiy,TV Personality,31,2nd Place,2,,37.0,True,345.0,0.1072463768115942,False,31_Gabby Windey,0.2464443562108226
31,6,Gabby Windey,Valentin Chmerkovskiy,TV Personality,31,2nd Place,2,,37.0,True,345.0,0.1072463768115942,False,31_Gabby Windey,0.2464443562108226
31,7,Gabby Windey,Valentin Chmerkovskiy,TV Personality,31,2nd Place,2,,35.5,True,325.5,0.1090629800307219,False,31_Gabby Windey,0.2468848477192794
31,7,Gabby Windey,Valentin Chmerkovskiy,TV Personality,31,2nd Place,2,,35.5,True,325.5,0.1090629800307219,False,31_Gabby Windey,0.2468848477192794
31,8,Gabby Windey,Valentin Chmerkovskiy,TV Personality,31,2nd Place,2,,40.0,True,314.0,0.1273885350318471,False,31_Gabby Windey,0.247370935882855
31,8,Gabby Windey,Valentin Chmerkovskiy,TV Personality,31,2nd Place,2,,40.0,True,314.0,0.1273885350318471,False,31_Gabby Windey,0.247370935882855
31,9,Gabby Windey,Valentin Chmerkovskiy,TV Personality,31,2nd Place,2,,40.0,True,220.0,0.1818181818181818,False,31_Gabby Windey,0.2491687944031283
31,9,Gabby Windey,Valentin Chmerkovskiy,TV Personality,31,2nd Place,2,,40.0,True,220.0,0.1818181818181818,False,31_Gabby Windey,0.2491687944031283
31,10,Gabby Windey,Valentin Chmerkovskiy,TV Personality,31,2nd Place,2,,40.0,True,156.0,0.2564102564102564,False,31_Gabby Windey,0.2500000000413744
31,10,Gabby Windey,Valentin Chmerkovskiy,TV Personality,31,2nd Place,2,,40.0,True,156.0,0.2564102564102564,False,31_Gabby Windey,0.2500000000413744
32,1,Jamie Lynn Spears,Alan Bersten,Actor/Actress,32,Eliminated Week 2,13,2.0,15.0,True,231.0,0.0649350649350649,False,32_Jamie Lynn Spears,4.139508650889074e-17
32,1,Jamie Lynn Spears,Alan Bersten,Actor/Actress,32,Eliminated Week 2,13,2.0,15.0,True,231.0,0.0649350649350649,False,32_Jamie Lynn Spears,4.139508650889074e-17
32,2,Jamie Lynn Spears,Alan Bersten,Actor/Actress,32,Eliminated Week 2,13,2.0,16.0,True,238.0,0.0672268907563025,True,32_Jamie Lynn Spears,3.433569022534308e-17
32,2,Jamie Lynn Spears,Alan Bersten,Actor/Actress,32,Eliminated Week 2,13,2.0,16.0,True,238.0,0.0672268907563025,True,32_Jamie Lynn Spears,3.433569022534308e-17
32,3,Jamie Lynn Spears,Alan Bersten,Actor/Actress,32,Eliminated Week 2,13,2.0,0.0,False,323.0,0.0,False,32_Jamie Lynn Spears,
32,4,Jamie Lynn Spears,Alan Bersten,Actor/Actress,32,Eliminated Week 2,13,2.0,0.0,False,240.0,0.0,False,32_Jamie Lynn Spears,
32,5,Jamie Lynn Spears,Alan Bersten,Actor/Actress,32,Eliminated Week 2,13,2.0,0.0,False,240.0,0.0,False,32_Jamie Lynn Spears,
32,6,Jamie Lynn Spears,Alan Bersten,Actor/Actress,32,Eliminated Week 2,13,2.0,0.0,False,322.0,0.0,False,32_Jamie Lynn Spears,
32,7,Jamie Lynn Spears,Alan Bersten,Actor/Actress,32,Eliminated Week 2,13,2.0,0.0,False,282.0,0.0,False,32_Jamie Lynn Spears,
32,8,Jamie Lynn Spears,Alan Bersten,Actor/Actress,32,Eliminated Week 2,13,2.0,0.0,False,253.0,0.0,False,32_Jamie Lynn Spears,
32,9,Jamie Lynn Spears,Alan Bersten,Actor/Actress,32,Eliminated Week 2,13,2.0,0.0,False,221.0,0.0,False,32_Jamie Lynn Spears,
32,10,Jamie Lynn Spears,Alan Bersten,Actor/Actress,32,Eliminated Week 2,13,2.0,0.0,False,142.5,0.0,False,32_Jamie Lynn Spears,
32,11,Jamie Lynn Spears,Alan Bersten,Actor/Actress,32,Eliminated Week 2,13,2.0,0.0,False,145.5,0.0,False,32_Jamie Lynn Spears,
32,1,Mira Sorvino,Gleb Savchenko,Actor/Actress,55,Eliminated Week 5,10,5.0,17.0,True,231.0,0.0735930735930736,False,32_Mira Sorvino,0.0003970187306786
32,1,Mira Sorvino,Gleb Savchenko,Actor/Actress,55,Eliminated Week 5,10,5.0,17.0,True,231.0,0.0735930735930736,False,32_Mira Sorvino,0.0003970187306786
32,2,Mira Sorvino,Gleb Savchenko,Actor/Actress,55,Eliminated Week 5,10,5.0,18.0,True,238.0,0.0756302521008403,False,32_Mira Sorvino,0.0004553601391905
32,2,Mira Sorvino,Gleb Savchenko,Actor/Actress,55,Eliminated Week 5,10,5.0,18.0,True,238.0,0.0756302521008403,False,32_Mira Sorvino,0.0004553601391905
32,3,Mira Sorvino,Gleb Savchenko,Actor/Actress,55,Eliminated Week 5,10,5.0,26.0,True,323.0,0.0804953560371517,False,32_Mira Sorvino,0.0009188799382183
32,3,Mira Sorvino,Gleb Savchenko,Actor/Actress,55,Eliminated Week 5,10,5.0,26.0,True,323.0,0.0804953560371517,False,32_Mira Sorvino,0.0009188799382183
32,4,Mira Sorvino,Gleb Savchenko,Actor/Actress,55,Eliminated Week 5,10,5.0,21.0,True,240.0,0.0875,False,32_Mira Sorvino,0.0012948254097648
32,4,Mira Sorvino,Gleb Savchenko,Actor/Actress,55,Eliminated Week 5,10,5.0,21.0,True,240.0,0.0875,False,32_Mira Sorvino,0.0012948254097648
32,5,Mira Sorvino,Gleb Savchenko,Actor/Actress,55,Eliminated Week 5,10,5.0,22.0,True,240.0,0.0916666666666666,True,32_Mira Sorvino,0.0011957670129743
32,5,Mira Sorvino,Gleb Savchenko,Actor/Actress,55,Eliminated Week 5,10,5.0,22.0,True,240.0,0.0916666666666666,True,32_Mira Sorvino,0.0011957670129743
32,6,Mira Sorvino,Gleb Savchenko,Actor/Actress,55,Eliminated Week 5,10,5.0,0.0,False,322.0,0.0,False,32_Mira Sorvino,
32,7,Mira Sorvino,Gleb Savchenko,Actor/Actress,55,Eliminated Week 5,10,5.0,0.0,False,282.0,0.0,False,32_Mira Sorvino,
32,8,Mira Sorvino,Gleb Savchenko,Actor/Actress,55,Eliminated Week 5,10,5.0,0.0,False,253.0,0.0,False,32_Mira Sorvino,
32,9,Mira Sorvino,Gleb Savchenko,Actor/Actress,55,Eliminated Week 5,10,5.0,0.0,False,221.0,0.0,False,32_Mira Sorvino,
32,10,Mira Sorvino,Gleb Savchenko,Actor/Actress,55,Eliminated Week 5,10,5.0,0.0,False,142.5,0.0,False,32_Mira Sorvino,
32,11,Mira Sorvino,Gleb Savchenko,Actor/Actress,55,Eliminated Week 5,10,5.0,0.0,False,145.5,0.0,False,32_Mira Sorvino,
32,1,Barry Williams,Peta Murgatroyd,Actor/Actress,68,Eliminated Week 8,7,8.0,16.0,True,231.0,0.0692640692640692,False,32_Barry Williams,0.0128129102602835
32,1,Barry Williams,Peta Murgatroyd,Actor/Actress,68,Eliminated Week 8,7,8.0,16.0,True,231.0,0.0692640692640692,False,32_Barry Williams,0.0128129102602835
32,2,Barry Williams,Peta Murgatroyd,Actor/Actress,68,Eliminated Week 8,7,8.0,15.0,True,238.0,0.0630252100840336,False,32_Barry Williams,0.0128761424074387
32,2,Barry Williams,Peta Murgatroyd,Actor/Actress,68,Eliminated Week 8,7,8.0,15.0,True,238.0,0.0630252100840336,False,32_Barry Williams,0.0128761424074387
32,3,Barry Williams,Peta Murgatroyd,Actor/Actress,68,Eliminated Week 8,7,8.0,25.0,True,323.0,0.0773993808049535,False,32_Barry Williams,0.0133270042613871
32,3,Barry Williams,Peta Murgatroyd,Actor/Actress,68,Eliminated Week 8,7,8.0,25.0,True,323.0,0.0773993808049535,False,32_Barry Williams,0.0133270042613871
32,4,Barry Williams,Peta Murgatroyd,Actor/Actress,68,Eliminated Week 8,7,8.0,18.0,True,240.0,0.075,False,32_Barry Williams,0.0137948254097647
32,4,Barry Williams,Peta Murgatroyd,Actor/Actress,68,Eliminated Week 8,7,8.0,18.0,True,240.0,0.075,False,32_Barry Williams,0.0137948254097647
32,5,Barry Williams,Peta Murgatroyd,Actor/Actress,68,Eliminated Week 8,7,8.0,24.0,True,240.0,0.1,False,32_Barry Williams,0.0136491917015799
32,5,Barry Williams,Peta Murgatroyd,Actor/Actress,68,Eliminated Week 8,7,8.0,24.0,True,240.0,0.1,False,32_Barry Williams,0.0136491917015799
32,6,Barry Williams,Peta Murgatroyd,Actor/Actress,68,Eliminated Week 8,7,8.0,32.0,True,322.0,0.0993788819875776,False,32_Barry Williams,0.0135762412469117
32,6,Barry Williams,Peta Murgatroyd,Actor/Actress,68,Eliminated Week 8,7,8.0,32.0,True,322.0,0.0993788819875776,False,32_Barry Williams,0.0135762412469117
32,7,Barry Williams,Peta Murgatroyd,Actor/Actress,68,Eliminated Week 8,7,8.0,32.5,True,282.0,0.1152482269503546,False,32_Barry Williams,0.0141557033807362
32,7,Barry Williams,Peta Murgatroyd,Actor/Actress,68,Eliminated Week 8,7,8.0,32.5,True,282.0,0.1152482269503546,False,32_Barry Williams,0.0141557033807362
32,8,Barry Williams,Peta Murgatroyd,Actor/Actress,68,Eliminated Week 8,7,8.0,35.0,True,253.0,0.1383399209486166,True,32_Barry Williams,0.007079908827364
32,8,Barry Williams,Peta Murgatroyd,Actor/Actress,68,Eliminated Week 8,7,8.0,35.0,True,253.0,0.1383399209486166,True,32_Barry Williams,0.007079908827364
32,9,Barry Williams,Peta Murgatroyd,Actor/Actress,68,Eliminated Week 8,7,8.0,0.0,False,221.0,0.0,False,32_Barry Williams,
32,10,Barry Williams,Peta Murgatroyd,Actor/Actress,68,Eliminated Week 8,7,8.0,0.0,False,142.5,0.0,False,32_Barry Williams,
32,11,Barry Williams,Peta Murgatroyd,Actor/Actress,68,Eliminated Week 8,7,8.0,0.0,False,145.5,0.0,False,32_Barry Williams,
32,1,Alyson Hannigan,Sasha Farber,Actor/Actress,49,5th Place,5,,13.0,True,231.0,0.0562770562770562,False,32_Alyson Hannigan,0.1870739314840567
32,1,Alyson Hannigan,Sasha Farber,Actor/Actress,49,5th Place,5,,13.0,True,231.0,0.0562770562770562,False,32_Alyson Hannigan,0.1870739314840567
32,2,Alyson Hannigan,Sasha Farber,Actor/Actress,49,5th Place,5,,19.0,True,238.0,0.0798319327731092,False,32_Alyson Hannigan,0.1870893578333003
32,2,Alyson Hannigan,Sasha Farber,Actor/Actress,49,5th Place,5,,19.0,True,238.0,0.0798319327731092,False,32_Alyson Hannigan,0.1870893578333003
32,3,Alyson Hannigan,Sasha Farber,Actor/Actress,49,5th Place,5,,24.0,True,323.0,0.0743034055727554,False,32_Alyson Hannigan,0.1874251943352331
32,3,Alyson Hannigan,Sasha Farber,Actor/Actress,49,5th Place,5,,24.0,True,323.0,0.0743034055727554,False,32_Alyson Hannigan,0.1874251943352331
32,4,Alyson Hannigan,Sasha Farber,Actor/Actress,49,5th Place,5,,18.0,True,240.0,0.075,False,32_Alyson Hannigan,0.1878179167309853
32,4,Alyson Hannigan,Sasha Farber,Actor/Actress,49,5th Place,5,,18.0,True,240.0,0.075,False,32_Alyson Hannigan,0.1878179167309853
32,5,Alyson Hannigan,Sasha Farber,Actor/Actress,49,5th Place,5,,21.0,True,240.0,0.0875,False,32_Alyson Hannigan,0.1883325061350332
32,5,Alyson Hannigan,Sasha Farber,Actor/Actress,49,5th Place,5,,21.0,True,240.0,0.0875,False,32_Alyson Hannigan,0.1883325061350332
32,6,Alyson Hannigan,Sasha Farber,Actor/Actress,49,5th Place,5,,31.0,True,322.0,0.0962732919254658,False,32_Alyson Hannigan,0.1888037240593872
32,6,Alyson Hannigan,Sasha Farber,Actor/Actress,49,5th Place,5,,31.0,True,322.0,0.0962732919254658,False,32_Alyson Hannigan,0.1888037240593872
32,7,Alyson Hannigan,Sasha Farber,Actor/Actress,49,5th Place,5,,35.0,True,282.0,0.1241134751773049,False,32_Alyson Hannigan,0.1904697883620516
32,7,Alyson Hannigan,Sasha Farber,Actor/Actress,49,5th Place,5,,35.0,True,282.0,0.1241134751773049,False,32_Alyson Hannigan,0.1904697883620516
32,8,Alyson Hannigan,Sasha Farber,Actor/Actress,49,5th Place,5,,36.0,True,253.0,0.1422924901185771,False,32_Alyson Hannigan,0.1916397293409397
32,8,Alyson Hannigan,Sasha Farber,Actor/Actress,49,5th Place,5,,36.0,True,253.0,0.1422924901185771,False,32_Alyson Hannigan,0.1916397293409397
32,9,Alyson Hannigan,Sasha Farber,Actor/Actress,49,5th Place,5,,32.0,True,221.0,0.1447963800904977,False,32_Alyson Hannigan,0.1938479200229331
32,9,Alyson Hannigan,Sasha Farber,Actor/Actress,49,5th Place,5,,32.0,True,221.0,0.1447963800904977,False,32_Alyson Hannigan,0.1938479200229331
32,10,Alyson Hannigan,Sasha Farber,Actor/Actress,49,5th Place,5,,25.5,True,142.5,0.1789473684210526,False,32_Alyson Hannigan,0.1999999831119682
32,10,Alyson Hannigan,Sasha Farber,Actor/Actress,49,5th Place,5,,25.5,True,142.5,0.1789473684210526,False,32_Alyson Hannigan,0.1999999831119682
32,11,Alyson Hannigan,Sasha Farber,Actor/Actress,49,5th Place,5,,26.5,True,145.5,0.1821305841924398,False,32_Alyson Hannigan,0.2000000057654004
32,11,Alyson Hannigan,Sasha Farber,Actor/Actress,49,5th Place,5,,26.5,True,145.5,0.1821305841924398,False,32_Alyson Hannigan,0.2000000057654004
32,1,Xochitl Gomez,Valentin Chmerkovskiy,Actor/Actress,17,1st Place,1,,18.0,True,231.0,0.0779220779220779,False,32_Xochitl Gomez,0.1870739267213565
32,1,Xochitl Gomez,Valentin Chmerkovskiy,Actor/Actress,17,1st Place,1,,18.0,True,231.0,0.0779220779220779,False,32_Xochitl Gomez,0.1870739267213565
32,2,Xochitl Gomez,Valentin Chmerkovskiy,Actor/Actress,17,1st Place,1,,24.0,True,238.0,0.1008403361344537,False,32_Xochitl Gomez,0.1870893726798282
32,2,Xochitl Gomez,Valentin Chmerkovskiy,Actor/Actress,17,1st Place,1,,24.0,True,238.0,0.1008403361344537,False,32_Xochitl Gomez,0.1870893726798282
32,3,Xochitl Gomez,Valentin Chmerkovskiy,Actor/Actress,17,1st Place,1,,32.0,True,323.0,0.0990712074303405,False,32_Xochitl Gomez,0.1874251710131769
32,3,Xochitl Gomez,Valentin Chmerkovskiy,Actor/Actress,17,1st Place,1,,32.0,True,323.0,0.0990712074303405,False,32_Xochitl Gomez,0.1874251710131769
32,4,Xochitl Gomez,Valentin Chmerkovskiy,Actor/Actress,17,1st Place,1,,27.0,True,240.0,0.1125,False,32_Xochitl Gomez,0.1878179478392645
32,4,Xochitl Gomez,Valentin Chmerkovskiy,Actor/Actress,17,1st Place,1,,27.0,True,240.0,0.1125,False,32_Xochitl Gomez,0.1878179478392645
32,5,Xochitl Gomez,Valentin Chmerkovskiy,Actor/Actress,17,1st Place,1,,28.0,True,240.0,0.1166666666666666,False,32_Xochitl Gomez,0.188332470144162
32,5,Xochitl Gomez,Valentin Chmerkovskiy,Actor/Actress,17,1st Place,1,,28.0,True,240.0,0.1166666666666666,False,32_Xochitl Gomez,0.188332470144162
32,6,Xochitl Gomez,Valentin Chmerkovskiy,Actor/Actress,17,1st Place,1,,42.0,True,322.0,0.1304347826086956,False,32_Xochitl Gomez,0.1888037629909719
32,6,Xochitl Gomez,Valentin Chmerkovskiy,Actor/Actress,17,1st Place,1,,42.0,True,322.0,0.1304347826086956,False,32_Xochitl Gomez,0.1888037629909719
32,7,Xochitl Gomez,Valentin Chmerkovskiy,Actor/Actress,17,1st Place,1,,37.0,True,282.0,0.1312056737588652,False,32_Xochitl Gomez,0.1904697504199811
32,7,Xochitl Gomez,Valentin Chmerkovskiy,Actor/Actress,17,1st Place,1,,37.0,True,282.0,0.1312056737588652,False,32_Xochitl Gomez,0.1904697504199811
32,8,Xochitl Gomez,Valentin Chmerkovskiy,Actor/Actress,17,1st Place,1,,40.0,True,253.0,0.1581027667984189,False,32_Xochitl Gomez,0.1916397636637078
32,8,Xochitl Gomez,Valentin Chmerkovskiy,Actor/Actress,17,1st Place,1,,40.0,True,253.0,0.1581027667984189,False,32_Xochitl Gomez,0.1916397636637078
32,9,Xochitl Gomez,Valentin Chmerkovskiy,Actor/Actress,17,1st Place,1,,41.0,True,221.0,0.1855203619909502,False,32_Xochitl Gomez,0.1938478931985358
32,9,Xochitl Gomez,Valentin Chmerkovskiy,Actor/Actress,17,1st Place,1,,41.0,True,221.0,0.1855203619909502,False,32_Xochitl Gomez,0.1938478931985358
32,10,Xochitl Gomez,Valentin Chmerkovskiy,Actor/Actress,17,1st Place,1,,30.0,True,142.5,0.2105263157894736,False,32_Xochitl Gomez,0.2000000005987194
32,10,Xochitl Gomez,Valentin Chmerkovskiy,Actor/Actress,17,1st Place,1,,30.0,True,142.5,0.2105263157894736,False,32_Xochitl Gomez,0.2000000005987194
32,11,Xochitl Gomez,Valentin Chmerkovskiy,Actor/Actress,17,1st Place,1,,30.0,True,145.5,0.2061855670103092,False,32_Xochitl Gomez,0.1999999999687781
32,11,Xochitl Gomez,Valentin Chmerkovskiy,Actor/Actress,17,1st Place,1,,30.0,True,145.5,0.2061855670103092,False,32_Xochitl Gomez,0.1999999999687781
32,1,Adrian Peterson,Britt Stewart,Athlete,38,Eliminated Week 4,11,4.0,18.0,True,231.0,0.0779220779220779,False,32_Adrian Peterson,0.0041819819067245
32,1,Adrian Peterson,Britt Stewart,Athlete,38,Eliminated Week 4,11,4.0,18.0,True,231.0,0.0779220779220779,False,32_Adrian Peterson,0.0041819819067245
32,2,Adrian Peterson,Britt Stewart,Athlete,38,Eliminated Week 4,11,4.0,15.0,True,238.0,0.0630252100840336,False,32_Adrian Peterson,0.0041794119717449
32,2,Adrian Peterson,Britt Stewart,Athlete,38,Eliminated Week 4,11,4.0,15.0,True,238.0,0.0630252100840336,False,32_Adrian Peterson,0.0041794119717449
32,3,Adrian Peterson,Britt Stewart,Athlete,38,Eliminated Week 4,11,4.0,22.0,True,323.0,0.0681114551083591,False,32_Adrian Peterson,0.0027171904661249
32,3,Adrian Peterson,Britt Stewart,Athlete,38,Eliminated Week 4,11,4.0,22.0,True,323.0,0.0681114551083591,False,32_Adrian Peterson,0.0027171904661249
32,4,Adrian Peterson,Britt Stewart,Athlete,38,Eliminated Week 4,11,4.0,21.0,True,240.0,0.0875,True,32_Adrian Peterson,0.0013055395651345
32,4,Adrian Peterson,Britt Stewart,Athlete,38,Eliminated Week 4,11,4.0,21.0,True,240.0,0.0875,True,32_Adrian Peterson,0.0013055395651345
32,5,Adrian Peterson,Britt Stewart,Athlete,38,Eliminated Week 4,11,4.0,0.0,False,240.0,0.0,False,32_Adrian Peterson,
32,6,Adrian Peterson,Britt Stewart,Athlete,38,Eliminated Week 4,11,4.0,0.0,False,322.0,0.0,False,32_Adrian Peterson,
32,7,Adrian Peterson,Britt Stewart,Athlete,38,Eliminated Week 4,11,4.0,0.0,False,282.0,0.0,False,32_Adrian Peterson,
32,8,Adrian Peterson,Britt Stewart,Athlete,38,Eliminated Week 4,11,4.0,0.0,False,253.0,0.0,False,32_Adrian Peterson,
32,9,Adrian Peterson,Britt Stewart,Athlete,38,Eliminated Week 4,11,4.0,0.0,False,221.0,0.0,False,32_Adrian Peterson,
32,10,Adrian Peterson,Britt Stewart,Athlete,38,Eliminated Week 4,11,4.0,0.0,False,142.5,0.0,False,32_Adrian Peterson,
32,11,Adrian Peterson,Britt Stewart,Athlete,38,Eliminated Week 4,11,4.0,0.0,False,145.5,0.0,False,32_Adrian Peterson,
32,1,Matt Walsh,Koko Iwasaki,Comedian,58,Eliminated Week 1,14,1.0,12.0,True,231.0,0.0519480519480519,True,32_Matt Walsh,2.2705253588744733e-05
32,1,Matt Walsh,Koko Iwasaki,Comedian,58,Eliminated Week 1,14,1.0,12.0,True,231.0,0.0519480519480519,True,32_Matt Walsh,2.2705253588744733e-05
32,2,Matt Walsh,Koko Iwasaki,Comedian,58,Eliminated Week 1,14,1.0,0.0,False,238.0,0.0,False,32_Matt Walsh,
32,3,Matt Walsh,Koko Iwasaki,Comedian,58,Eliminated Week 1,14,1.0,0.0,False,323.0,0.0,False,32_Matt Walsh,
32,4,Matt Walsh,Koko Iwasaki,Comedian,58,Eliminated Week 1,14,1.0,0.0,False,240.0,0.0,False,32_Matt Walsh,
32,5,Matt Walsh,Koko Iwasaki,Comedian,58,Eliminated Week 1,14,1.0,0.0,False,240.0,0.0,False,32_Matt Walsh,
32,6,Matt Walsh,Koko Iwasaki,Comedian,58,Eliminated Week 1,14,1.0,0.0,False,322.0,0.0,False,32_Matt Walsh,
32,7,Matt Walsh,Koko Iwasaki,Comedian,58,Eliminated Week 1,14,1.0,0.0,False,282.0,0.0,False,32_Matt Walsh,
32,8,Matt Walsh,Koko Iwasaki,Comedian,58,Eliminated Week 1,14,1.0,0.0,False,253.0,0.0,False,32_Matt Walsh,
32,9,Matt Walsh,Koko Iwasaki,Comedian,58,Eliminated Week 1,14,1.0,0.0,False,221.0,0.0,False,32_Matt Walsh,
32,10,Matt Walsh,Koko Iwasaki,Comedian,58,Eliminated Week 1,14,1.0,0.0,False,142.5,0.0,False,32_Matt Walsh,
32,11,Matt Walsh,Koko Iwasaki,Comedian,58,Eliminated Week 1,14,1.0,0.0,False,145.5,0.0,False,32_Matt Walsh,
32,1,Tyson Beckford,Jenna Johnson,Model,52,Eliminated Week 3,12,3.0,12.0,True,231.0,0.0519480519480519,False,32_Tyson Beckford,9.875974131624946e-05
32,1,Tyson Beckford,Jenna Johnson,Model,52,Eliminated Week 3,12,3.0,12.0,True,231.0,0.0519480519480519,False,32_Tyson Beckford,9.875974131624946e-05
32,2,Tyson Beckford,Jenna Johnson,Model,52,Eliminated Week 3,12,3.0,18.0,True,238.0,0.0756302521008403,False,32_Tyson Beckford,2.690508707616436e-05
32,2,Tyson Beckford,Jenna Johnson,Model,52,Eliminated Week 3,12,3.0,18.0,True,238.0,0.0756302521008403,False,32_Tyson Beckford,2.690508707616436e-05
32,3,Tyson Beckford,Jenna Johnson,Model,52,Eliminated Week 3,12,3.0,20.0,True,323.0,0.0619195046439628,True,32_Tyson Beckford,6.16341693567354e-05
32,3,Tyson Beckford,Jenna Johnson,Model,52,Eliminated Week 3,12,3.0,20.0,True,323.0,0.0619195046439628,True,32_Tyson Beckford,6.16341693567354e-05
32,4,Tyson Beckford,Jenna Johnson,Model,52,Eliminated Week 3,12,3.0,0.0,False,240.0,0.0,False,32_Tyson Beckford,
32,5,Tyson Beckford,Jenna Johnson,Model,52,Eliminated Week 3,12,3.0,0.0,False,240.0,0.0,False,32_Tyson Beckford,
32,6,Tyson Beckford,Jenna Johnson,Model,52,Eliminated Week 3,12,3.0,0.0,False,322.0,0.0,False,32_Tyson Beckford,
32,7,Tyson Beckford,Jenna Johnson,Model,52,Eliminated Week 3,12,3.0,0.0,False,282.0,0.0,False,32_Tyson Beckford,
32,8,Tyson Beckford,Jenna Johnson,Model,52,Eliminated Week 3,12,3.0,0.0,False,253.0,0.0,False,32_Tyson Beckford,
32,9,Tyson Beckford,Jenna Johnson,Model,52,Eliminated Week 3,12,3.0,0.0,False,221.0,0.0,False,32_Tyson Beckford,
32,10,Tyson Beckford,Jenna Johnson,Model,52,Eliminated Week 3,12,3.0,0.0,False,142.5,0.0,False,32_Tyson Beckford,
32,11,Tyson Beckford,Jenna Johnson,Model,52,Eliminated Week 3,12,3.0,0.0,False,145.5,0.0,False,32_Tyson Beckford,
32,1,Jason Mraz,Daniella Karagach,Singer/Rapper,46,2nd Place,2,,21.0,True,231.0,0.0909090909090909,False,32_Jason Mraz,0.1870739221760403
32,1,Jason Mraz,Daniella Karagach,Singer/Rapper,46,2nd Place,2,,21.0,True,231.0,0.0909090909090909,False,32_Jason Mraz,0.1870739221760403
32,2,Jason Mraz,Daniella Karagach,Singer/Rapper,46,2nd Place,2,,24.0,True,238.0,0.1008403361344537,False,32_Jason Mraz,0.1870893847407912
32,2,Jason Mraz,Daniella Karagach,Singer/Rapper,46,2nd Place,2,,24.0,True,238.0,0.1008403361344537,False,32_Jason Mraz,0.1870893847407912
32,3,Jason Mraz,Daniella Karagach,Singer/Rapper,46,2nd Place,2,,34.0,True,323.0,0.1052631578947368,False,32_Jason Mraz,0.1874251512394966
32,3,Jason Mraz,Daniella Karagach,Singer/Rapper,46,2nd Place,2,,34.0,True,323.0,0.1052631578947368,False,32_Jason Mraz,0.1874251512394966
32,4,Jason Mraz,Daniella Karagach,Singer/Rapper,46,2nd Place,2,,24.0,True,240.0,0.1,False,32_Jason Mraz,0.1878179725342723
32,4,Jason Mraz,Daniella Karagach,Singer/Rapper,46,2nd Place,2,,24.0,True,240.0,0.1,False,32_Jason Mraz,0.1878179725342723
32,5,Jason Mraz,Daniella Karagach,Singer/Rapper,46,2nd Place,2,,27.0,True,240.0,0.1125,False,32_Jason Mraz,0.1883324413513708
32,5,Jason Mraz,Daniella Karagach,Singer/Rapper,46,2nd Place,2,,27.0,True,240.0,0.1125,False,32_Jason Mraz,0.1883324413513708
32,6,Jason Mraz,Daniella Karagach,Singer/Rapper,46,2nd Place,2,,39.0,True,322.0,0.1211180124223602,False,32_Jason Mraz,0.1888037923709321
32,6,Jason Mraz,Daniella Karagach,Singer/Rapper,46,2nd Place,2,,39.0,True,322.0,0.1211180124223602,False,32_Jason Mraz,0.1888037923709321
32,7,Jason Mraz,Daniella Karagach,Singer/Rapper,46,2nd Place,2,,36.0,True,282.0,0.1276595744680851,False,32_Jason Mraz,0.1904697217228559
32,7,Jason Mraz,Daniella Karagach,Singer/Rapper,46,2nd Place,2,,36.0,True,282.0,0.1276595744680851,False,32_Jason Mraz,0.1904697217228559
32,8,Jason Mraz,Daniella Karagach,Singer/Rapper,46,2nd Place,2,,33.0,True,253.0,0.1304347826086956,False,32_Jason Mraz,0.1916397882049061
32,8,Jason Mraz,Daniella Karagach,Singer/Rapper,46,2nd Place,2,,33.0,True,253.0,0.1304347826086956,False,32_Jason Mraz,0.1916397882049061
32,9,Jason Mraz,Daniella Karagach,Singer/Rapper,46,2nd Place,2,,43.0,True,221.0,0.1945701357466063,False,32_Jason Mraz,0.1938478736216036
32,9,Jason Mraz,Daniella Karagach,Singer/Rapper,46,2nd Place,2,,43.0,True,221.0,0.1945701357466063,False,32_Jason Mraz,0.1938478736216036
32,10,Jason Mraz,Daniella Karagach,Singer/Rapper,46,2nd Place,2,,28.5,True,142.5,0.2,False,32_Jason Mraz,0.2000000125237472
32,10,Jason Mraz,Daniella Karagach,Singer/Rapper,46,2nd Place,2,,28.5,True,142.5,0.2,False,32_Jason Mraz,0.2000000125237472
32,11,Jason Mraz,Daniella Karagach,Singer/Rapper,46,2nd Place,2,,30.0,True,145.5,0.2061855670103092,False,32_Jason Mraz,0.1999999955149874
32,11,Jason Mraz,Daniella Karagach,Singer/Rapper,46,2nd Place,2,,30.0,True,145.5,0.2061855670103092,False,32_Jason Mraz,0.1999999955149874
32,1,Lele Pons,Brandon Armstrong,Social Media Personality,27,Eliminated Week 7,8,7.0,19.0,True,231.0,0.0822510822510822,False,32_Lele Pons,0.0001561529508819
32,1,Lele Pons,Brandon Armstrong,Social Media Personality,27,Eliminated Week 7,8,7.0,19.0,True,231.0,0.0822510822510822,False,32_Lele Pons,0.0001561529508819
32,2,Lele Pons,Brandon Armstrong,Social Media Personality,27,Eliminated Week 7,8,7.0,21.0,True,238.0,0.088235294117647,False,32_Lele Pons,7.464498400044554e-05
32,2,Lele Pons,Brandon Armstrong,Social Media Personality,27,Eliminated Week 7,8,7.0,21.0,True,238.0,0.088235294117647,False,32_Lele Pons,7.464498400044554e-05
32,3,Lele Pons,Brandon Armstrong,Social Media Personality,27,Eliminated Week 7,8,7.0,27.0,True,323.0,0.0835913312693498,False,32_Lele Pons,0.0001689369813087
32,3,Lele Pons,Brandon Armstrong,Social Media Personality,27,Eliminated Week 7,8,7.0,27.0,True,323.0,0.0835913312693498,False,32_Lele Pons,0.0001689369813087
32,4,Lele Pons,Brandon Armstrong,Social Media Personality,27,Eliminated Week 7,8,7.0,22.0,True,240.0,0.0916666666666666,False,32_Lele Pons,9.154684637176908e-05
32,4,Lele Pons,Brandon Armstrong,Social Media Personality,27,Eliminated Week 7,8,7.0,22.0,True,240.0,0.0916666666666666,False,32_Lele Pons,9.154684637176908e-05
32,5,Lele Pons,Brandon Armstrong,Social Media Personality,27,Eliminated Week 7,8,7.0,24.0,True,240.0,0.1,False,32_Lele Pons,6.680755433051136e-05
32,5,Lele Pons,Brandon Armstrong,Social Media Personality,27,Eliminated Week 7,8,7.0,24.0,True,240.0,0.1,False,32_Lele Pons,6.680755433051136e-05
32,6,Lele Pons,Brandon Armstrong,Social Media Personality,27,Eliminated Week 7,8,7.0,37.0,True,322.0,0.1149068322981366,False,32_Lele Pons,6.709309471673137e-17
32,6,Lele Pons,Brandon Armstrong,Social Media Personality,27,Eliminated Week 7,8,7.0,37.0,True,322.0,0.1149068322981366,False,32_Lele Pons,6.709309471673137e-17
32,7,Lele Pons,Brandon Armstrong,Social Media Personality,27,Eliminated Week 7,8,7.0,36.5,True,282.0,0.1294326241134751,True,32_Lele Pons,7.20900407700707e-17
32,7,Lele Pons,Brandon Armstrong,Social Media Personality,27,Eliminated Week 7,8,7.0,36.5,True,282.0,0.1294326241134751,True,32_Lele Pons,7.20900407700707e-17
32,8,Lele Pons,Brandon Armstrong,Social Media Personality,27,Eliminated Week 7,8,7.0,0.0,False,253.0,0.0,False,32_Lele Pons,
32,9,Lele Pons,Brandon Armstrong,Social Media Personality,27,Eliminated Week 7,8,7.0,0.0,False,221.0,0.0,False,32_Lele Pons,
32,10,Lele Pons,Brandon Armstrong,Social Media Personality,27,Eliminated Week 7,8,7.0,0.0,False,142.5,0.0,False,32_Lele Pons,
32,11,Lele Pons,Brandon Armstrong,Social Media Personality,27,Eliminated Week 7,8,7.0,0.0,False,145.5,0.0,False,32_Lele Pons,
32,1,Harry Jowsey,Rylee Arnold,TV Personality,26,Eliminated Week 9,6,9.0,12.0,True,231.0,0.0519480519480519,False,32_Harry Jowsey,0.0301734640609483
32,1,Harry Jowsey,Rylee Arnold,TV Personality,26,Eliminated Week 9,6,9.0,12.0,True,231.0,0.0519480519480519,False,32_Harry Jowsey,0.0301734640609483
32,2,Harry Jowsey,Rylee Arnold,TV Personality,26,Eliminated Week 9,6,9.0,15.0,True,238.0,0.0630252100840336,False,32_Harry Jowsey,0.0301562194273916
32,2,Harry Jowsey,Rylee Arnold,TV Personality,26,Eliminated Week 9,6,9.0,15.0,True,238.0,0.0630252100840336,False,32_Harry Jowsey,0.0301562194273916
32,3,Harry Jowsey,Rylee Arnold,TV Personality,26,Eliminated Week 9,6,9.0,24.0,True,323.0,0.0743034055727554,False,32_Harry Jowsey,0.0305629494626606
32,3,Harry Jowsey,Rylee Arnold,TV Personality,26,Eliminated Week 9,6,9.0,24.0,True,323.0,0.0743034055727554,False,32_Harry Jowsey,0.0305629494626606
32,4,Harry Jowsey,Rylee Arnold,TV Personality,26,Eliminated Week 9,6,9.0,21.0,True,240.0,0.0875,False,32_Harry Jowsey,0.0308942339051832
32,4,Harry Jowsey,Rylee Arnold,TV Personality,26,Eliminated Week 9,6,9.0,21.0,True,240.0,0.0875,False,32_Harry Jowsey,0.0308942339051832
32,5,Harry Jowsey,Rylee Arnold,TV Personality,26,Eliminated Week 9,6,9.0,18.0,True,240.0,0.075,False,32_Harry Jowsey,0.0314100811105361
32,5,Harry Jowsey,Rylee Arnold,TV Personality,26,Eliminated Week 9,6,9.0,18.0,True,240.0,0.075,False,32_Harry Jowsey,0.0314100811105361
32,6,Harry Jowsey,Rylee Arnold,TV Personality,26,Eliminated Week 9,6,9.0,29.0,True,322.0,0.0900621118012422,False,32_Harry Jowsey,0.0319304228760734
32,6,Harry Jowsey,Rylee Arnold,TV Personality,26,Eliminated Week 9,6,9.0,29.0,True,322.0,0.0900621118012422,False,32_Harry Jowsey,0.0319304228760734
32,7,Harry Jowsey,Rylee Arnold,TV Personality,26,Eliminated Week 9,6,9.0,32.0,True,282.0,0.1134751773049645,False,32_Harry Jowsey,0.0334955411849261
32,7,Harry Jowsey,Rylee Arnold,TV Personality,26,Eliminated Week 9,6,9.0,32.0,True,282.0,0.1134751773049645,False,32_Harry Jowsey,0.0334955411849261
32,8,Harry Jowsey,Rylee Arnold,TV Personality,26,Eliminated Week 9,6,9.0,28.0,True,253.0,0.1106719367588932,False,32_Harry Jowsey,0.0347212776029214
32,8,Harry Jowsey,Rylee Arnold,TV Personality,26,Eliminated Week 9,6,9.0,28.0,True,253.0,0.1106719367588932,False,32_Harry Jowsey,0.0347212776029214
32,9,Harry Jowsey,Rylee Arnold,TV Personality,26,Eliminated Week 9,6,9.0,30.0,True,221.0,0.1357466063348416,True,32_Harry Jowsey,0.0307605312615197
32,9,Harry Jowsey,Rylee Arnold,TV Personality,26,Eliminated Week 9,6,9.0,30.0,True,221.0,0.1357466063348416,True,32_Harry Jowsey,0.0307605312615197
32,10,Harry Jowsey,Rylee Arnold,TV Personality,26,Eliminated Week 9,6,9.0,0.0,False,142.5,0.0,False,32_Harry Jowsey,
32,11,Harry Jowsey,Rylee Arnold,TV Personality,26,Eliminated Week 9,6,9.0,0.0,False,145.5,0.0,False,32_Harry Jowsey,
32,1,Mauricio Umansky,Emma Slater,TV Personality,53,Eliminated Week 6,9,6.0,15.0,True,231.0,0.0649350649350649,False,32_Mauricio Umansky,0.0167873740819742
32,1,Mauricio Umansky,Emma Slater,TV Personality,53,Eliminated Week 6,9,6.0,15.0,True,231.0,0.0649350649350649,False,32_Mauricio Umansky,0.0167873740819742
32,2,Mauricio Umansky,Emma Slater,TV Personality,53,Eliminated Week 6,9,6.0,12.0,True,238.0,0.0504201680672268,False,32_Mauricio Umansky,0.0167844539885517
32,2,Mauricio Umansky,Emma Slater,TV Personality,53,Eliminated Week 6,9,6.0,12.0,True,238.0,0.0504201680672268,False,32_Mauricio Umansky,0.0167844539885517
32,3,Mauricio Umansky,Emma Slater,TV Personality,53,Eliminated Week 6,9,6.0,23.0,True,323.0,0.0712074303405572,False,32_Mauricio Umansky,0.0151175491126154
32,3,Mauricio Umansky,Emma Slater,TV Personality,53,Eliminated Week 6,9,6.0,23.0,True,323.0,0.0712074303405572,False,32_Mauricio Umansky,0.0151175491126154
32,4,Mauricio Umansky,Emma Slater,TV Personality,53,Eliminated Week 6,9,6.0,19.0,True,240.0,0.0791666666666666,False,32_Mauricio Umansky,0.0135292924827065
32,4,Mauricio Umansky,Emma Slater,TV Personality,53,Eliminated Week 6,9,6.0,19.0,True,240.0,0.0791666666666666,False,32_Mauricio Umansky,0.0135292924827065
32,5,Mauricio Umansky,Emma Slater,TV Personality,53,Eliminated Week 6,9,6.0,24.0,True,240.0,0.1,False,32_Mauricio Umansky,0.0120157997850001
32,5,Mauricio Umansky,Emma Slater,TV Personality,53,Eliminated Week 6,9,6.0,24.0,True,240.0,0.1,False,32_Mauricio Umansky,0.0120157997850001
32,6,Mauricio Umansky,Emma Slater,TV Personality,53,Eliminated Week 6,9,6.0,33.0,True,322.0,0.1024844720496894,True,32_Mauricio Umansky,0.0104745252096415
32,6,Mauricio Umansky,Emma Slater,TV Personality,53,Eliminated Week 6,9,6.0,33.0,True,322.0,0.1024844720496894,True,32_Mauricio Umansky,0.0104745252096415
32,7,Mauricio Umansky,Emma Slater,TV Personality,53,Eliminated Week 6,9,6.0,0.0,False,282.0,0.0,False,32_Mauricio Umansky,
32,8,Mauricio Umansky,Emma Slater,TV Personality,53,Eliminated Week 6,9,6.0,0.0,False,253.0,0.0,False,32_Mauricio Umansky,
32,9,Mauricio Umansky,Emma Slater,TV Personality,53,Eliminated Week 6,9,6.0,0.0,False,221.0,0.0,False,32_Mauricio Umansky,
32,10,Mauricio Umansky,Emma Slater,TV Personality,53,Eliminated Week 6,9,6.0,0.0,False,142.5,0.0,False,32_Mauricio Umansky,
32,11,Mauricio Umansky,Emma Slater,TV Personality,53,Eliminated Week 6,9,6.0,0.0,False,145.5,0.0,False,32_Mauricio Umansky,
32,1,Charity Lawson,Artem Chigvintsev,TV Personality,27,4th Place,4,,22.0,True,231.0,0.0952380952380952,False,32_Charity Lawson,0.1870739235616908
32,1,Charity Lawson,Artem Chigvintsev,TV Personality,27,4th Place,4,,22.0,True,231.0,0.0952380952380952,False,32_Charity Lawson,0.1870739235616908
32,2,Charity Lawson,Artem Chigvintsev,TV Personality,27,4th Place,4,,21.0,True,238.0,0.088235294117647,False,32_Charity Lawson,0.1870893809538238
32,2,Charity Lawson,Artem Chigvintsev,TV Personality,27,4th Place,4,,21.0,True,238.0,0.088235294117647,False,32_Charity Lawson,0.1870893809538238
32,3,Charity Lawson,Artem Chigvintsev,TV Personality,27,4th Place,4,,32.0,True,323.0,0.0990712074303405,False,32_Charity Lawson,0.1874251572656142
32,3,Charity Lawson,Artem Chigvintsev,TV Personality,27,4th Place,4,,32.0,True,323.0,0.0990712074303405,False,32_Charity Lawson,0.1874251572656142
32,4,Charity Lawson,Artem Chigvintsev,TV Personality,27,4th Place,4,,24.0,True,240.0,0.1,False,32_Charity Lawson,0.187817965105164
32,4,Charity Lawson,Artem Chigvintsev,TV Personality,27,4th Place,4,,24.0,True,240.0,0.1,False,32_Charity Lawson,0.187817965105164
32,5,Charity Lawson,Artem Chigvintsev,TV Personality,27,4th Place,4,,28.0,True,240.0,0.1166666666666666,False,32_Charity Lawson,0.1883324497149875
32,5,Charity Lawson,Artem Chigvintsev,TV Personality,27,4th Place,4,,28.0,True,240.0,0.1166666666666666,False,32_Charity Lawson,0.1883324497149875
32,6,Charity Lawson,Artem Chigvintsev,TV Personality,27,4th Place,4,,38.0,True,322.0,0.1180124223602484,False,32_Charity Lawson,0.1888037840265751
32,6,Charity Lawson,Artem Chigvintsev,TV Personality,27,4th Place,4,,38.0,True,322.0,0.1180124223602484,False,32_Charity Lawson,0.1888037840265751
32,7,Charity Lawson,Artem Chigvintsev,TV Personality,27,4th Place,4,,36.0,True,282.0,0.1276595744680851,False,32_Charity Lawson,0.1904697296033383
32,7,Charity Lawson,Artem Chigvintsev,TV Personality,27,4th Place,4,,36.0,True,282.0,0.1276595744680851,False,32_Charity Lawson,0.1904697296033383
32,8,Charity Lawson,Artem Chigvintsev,TV Personality,27,4th Place,4,,39.0,True,253.0,0.1541501976284585,False,32_Charity Lawson,0.1916397816066073
32,8,Charity Lawson,Artem Chigvintsev,TV Personality,27,4th Place,4,,39.0,True,253.0,0.1541501976284585,False,32_Charity Lawson,0.1916397816066073
32,9,Charity Lawson,Artem Chigvintsev,TV Personality,27,4th Place,4,,38.0,True,221.0,0.171945701357466,False,32_Charity Lawson,0.1938478787595613
32,9,Charity Lawson,Artem Chigvintsev,TV Personality,27,4th Place,4,,38.0,True,221.0,0.171945701357466,False,32_Charity Lawson,0.1938478787595613
32,10,Charity Lawson,Artem Chigvintsev,TV Personality,27,4th Place,4,,29.5,True,142.5,0.2070175438596491,False,32_Charity Lawson,0.2000000094212626
32,10,Charity Lawson,Artem Chigvintsev,TV Personality,27,4th Place,4,,29.5,True,142.5,0.2070175438596491,False,32_Charity Lawson,0.2000000094212626
32,11,Charity Lawson,Artem Chigvintsev,TV Personality,27,4th Place,4,,29.5,True,145.5,0.2027491408934708,False,32_Charity Lawson,0.1999999966426141
32,11,Charity Lawson,Artem Chigvintsev,TV Personality,27,4th Place,4,,29.5,True,145.5,0.2027491408934708,False,32_Charity Lawson,0.1999999966426141
32,1,Ariana Madix,Pasha Pashkov,TV Personality,38,3rd Place,3,,21.0,True,231.0,0.0909090909090909,False,32_Ariana Madix,0.1870739290704594
32,1,Ariana Madix,Pasha Pashkov,TV Personality,38,3rd Place,3,,21.0,True,231.0,0.0909090909090909,False,32_Ariana Madix,0.1870739290704594
32,2,Ariana Madix,Pasha Pashkov,TV Personality,38,3rd Place,3,,20.0,True,238.0,0.0840336134453781,False,32_Ariana Madix,0.1870893657868625
32,2,Ariana Madix,Pasha Pashkov,TV Personality,38,3rd Place,3,,20.0,True,238.0,0.0840336134453781,False,32_Ariana Madix,0.1870893657868625
32,3,Ariana Madix,Pasha Pashkov,TV Personality,38,3rd Place,3,,34.0,True,323.0,0.1052631578947368,False,32_Ariana Madix,0.187425181754807
32,3,Ariana Madix,Pasha Pashkov,TV Personality,38,3rd Place,3,,34.0,True,323.0,0.1052631578947368,False,32_Ariana Madix,0.187425181754807
32,4,Ariana Madix,Pasha Pashkov,TV Personality,38,3rd Place,3,,25.0,True,240.0,0.1041666666666666,False,32_Ariana Madix,0.1878179341713878
32,4,Ariana Madix,Pasha Pashkov,TV Personality,38,3rd Place,3,,25.0,True,240.0,0.1041666666666666,False,32_Ariana Madix,0.1878179341713878
32,5,Ariana Madix,Pasha Pashkov,TV Personality,38,3rd Place,3,,24.0,True,240.0,0.1,False,32_Ariana Madix,0.1883324854900254
32,5,Ariana Madix,Pasha Pashkov,TV Personality,38,3rd Place,3,,24.0,True,240.0,0.1,False,32_Ariana Madix,0.1883324854900254
32,6,Ariana Madix,Pasha Pashkov,TV Personality,38,3rd Place,3,,41.0,True,322.0,0.1273291925465838,False,32_Ariana Madix,0.188803747219507
32,6,Ariana Madix,Pasha Pashkov,TV Personality,38,3rd Place,3,,41.0,True,322.0,0.1273291925465838,False,32_Ariana Madix,0.188803747219507
32,7,Ariana Madix,Pasha Pashkov,TV Personality,38,3rd Place,3,,37.0,True,282.0,0.1312056737588652,False,32_Ariana Madix,0.1904697653261105
32,7,Ariana Madix,Pasha Pashkov,TV Personality,38,3rd Place,3,,37.0,True,282.0,0.1312056737588652,False,32_Ariana Madix,0.1904697653261105
32,8,Ariana Madix,Pasha Pashkov,TV Personality,38,3rd Place,3,,42.0,True,253.0,0.1660079051383399,False,32_Ariana Madix,0.1916397507535535
32,8,Ariana Madix,Pasha Pashkov,TV Personality,38,3rd Place,3,,42.0,True,253.0,0.1660079051383399,False,32_Ariana Madix,0.1916397507535535
32,9,Ariana Madix,Pasha Pashkov,TV Personality,38,3rd Place,3,,37.0,True,221.0,0.167420814479638,False,32_Ariana Madix,0.1938479031358462
32,9,Ariana Madix,Pasha Pashkov,TV Personality,38,3rd Place,3,,37.0,True,221.0,0.167420814479638,False,32_Ariana Madix,0.1938479031358462
32,10,Ariana Madix,Pasha Pashkov,TV Personality,38,3rd Place,3,,29.0,True,142.5,0.2035087719298245,False,32_Ariana Madix,0.1999999943443023
32,10,Ariana Madix,Pasha Pashkov,TV Personality,38,3rd Place,3,,29.0,True,142.5,0.2035087719298245,False,32_Ariana Madix,0.1999999943443023
32,11,Ariana Madix,Pasha Pashkov,TV Personality,38,3rd Place,3,,29.5,True,145.5,0.2027491408934708,False,32_Ariana Madix,0.2000000021082197
32,11,Ariana Madix,Pasha Pashkov,TV Personality,38,3rd Place,3,,29.5,True,145.5,0.2027491408934708,False,32_Ariana Madix,0.2000000021082197
33,1,Tori Spelling,Pasha Pashkov,Actor/Actress,51,Eliminated Week 2,12,2.0,17.0,True,247.0,0.068825910931174,False,33_Tori Spelling,9.768897593622677e-18
33,1,Tori Spelling,Pasha Pashkov,Actor/Actress,51,Eliminated Week 2,12,2.0,17.0,True,247.0,0.068825910931174,False,33_Tori Spelling,9.768897593622677e-18
33,2,Tori Spelling,Pasha Pashkov,Actor/Actress,51,Eliminated Week 2,12,2.0,19.0,True,258.0,0.0736434108527131,True,33_Tori Spelling,0.0
33,2,Tori Spelling,Pasha Pashkov,Actor/Actress,51,Eliminated Week 2,12,2.0,19.0,True,258.0,0.0736434108527131,True,33_Tori Spelling,0.0
33,3,Tori Spelling,Pasha Pashkov,Actor/Actress,51,Eliminated Week 2,12,2.0,0.0,False,318.0,0.0,False,33_Tori Spelling,
33,4,Tori Spelling,Pasha Pashkov,Actor/Actress,51,Eliminated Week 2,12,2.0,0.0,False,294.0,0.0,False,33_Tori Spelling,
33,5,Tori Spelling,Pasha Pashkov,Actor/Actress,51,Eliminated Week 2,12,2.0,0.0,False,202.0,0.0,False,33_Tori Spelling,
33,6,Tori Spelling,Pasha Pashkov,Actor/Actress,51,Eliminated Week 2,12,2.0,0.0,False,206.0,0.0,False,33_Tori Spelling,
33,7,Tori Spelling,Pasha Pashkov,Actor/Actress,51,Eliminated Week 2,12,2.0,0.0,False,160.0,0.0,False,33_Tori Spelling,
33,8,Tori Spelling,Pasha Pashkov,Actor/Actress,51,Eliminated Week 2,12,2.0,0.0,False,140.0,0.0,False,33_Tori Spelling,
33,9,Tori Spelling,Pasha Pashkov,Actor/Actress,51,Eliminated Week 2,12,2.0,0.0,False,145.5,0.0,False,33_Tori Spelling,
33,1,Eric Roberts,Britt Stewart,Actor/Actress,68,Eliminated Week 3,10,3.0,15.0,True,247.0,0.0607287449392712,False,33_Eric Roberts,0.0154781998211853
33,1,Eric Roberts,Britt Stewart,Actor/Actress,68,Eliminated Week 3,10,3.0,15.0,True,247.0,0.0607287449392712,False,33_Eric Roberts,0.0154781998211853
33,2,Eric Roberts,Britt Stewart,Actor/Actress,68,Eliminated Week 3,10,3.0,15.0,True,258.0,0.0581395348837209,False,33_Eric Roberts,0.0154703058672177
33,2,Eric Roberts,Britt Stewart,Actor/Actress,68,Eliminated Week 3,10,3.0,15.0,True,258.0,0.0581395348837209,False,33_Eric Roberts,0.0154703058672177
33,3,Eric Roberts,Britt Stewart,Actor/Actress,68,Eliminated Week 3,10,3.0,23.0,True,318.0,0.0723270440251572,True,33_Eric Roberts,0.0129393047223219
33,3,Eric Roberts,Britt Stewart,Actor/Actress,68,Eliminated Week 3,10,3.0,23.0,True,318.0,0.0723270440251572,True,33_Eric Roberts,0.0129393047223219
33,4,Eric Roberts,Britt Stewart,Actor/Actress,68,Eliminated Week 3,10,3.0,0.0,False,294.0,0.0,False,33_Eric Roberts,
33,5,Eric Roberts,Britt Stewart,Actor/Actress,68,Eliminated Week 3,10,3.0,0.0,False,202.0,0.0,False,33_Eric Roberts,
33,6,Eric Roberts,Britt Stewart,Actor/Actress,68,Eliminated Week 3,10,3.0,0.0,False,206.0,0.0,False,33_Eric Roberts,
33,7,Eric Roberts,Britt Stewart,Actor/Actress,68,Eliminated Week 3,10,3.0,0.0,False,160.0,0.0,False,33_Eric Roberts,
33,8,Eric Roberts,Britt Stewart,Actor/Actress,68,Eliminated Week 3,10,3.0,0.0,False,140.0,0.0,False,33_Eric Roberts,
33,9,Eric Roberts,Britt Stewart,Actor/Actress,68,Eliminated Week 3,10,3.0,0.0,False,145.5,0.0,False,33_Eric Roberts,
33,1,Reginald VelJohnson,Emma Slater,Actor/Actress,74,Eliminated Week 3,10,3.0,16.0,True,247.0,0.0647773279352226,False,33_Reginald VelJohnson,0.0154781998141214
33,1,Reginald VelJohnson,Emma Slater,Actor/Actress,74,Eliminated Week 3,10,3.0,16.0,True,247.0,0.0647773279352226,False,33_Reginald VelJohnson,0.0154781998141214
33,2,Reginald VelJohnson,Emma Slater,Actor/Actress,74,Eliminated Week 3,10,3.0,15.0,True,258.0,0.0581395348837209,False,33_Reginald VelJohnson,0.0154703058672177
33,2,Reginald VelJohnson,Emma Slater,Actor/Actress,74,Eliminated Week 3,10,3.0,15.0,True,258.0,0.0581395348837209,False,33_Reginald VelJohnson,0.0154703058672177
33,3,Reginald VelJohnson,Emma Slater,Actor/Actress,74,Eliminated Week 3,10,3.0,21.0,True,318.0,0.0660377358490566,True,33_Reginald VelJohnson,0.0129393047231065
33,3,Reginald VelJohnson,Emma Slater,Actor/Actress,74,Eliminated Week 3,10,3.0,21.0,True,318.0,0.0660377358490566,True,33_Reginald VelJohnson,0.0129393047231065
33,4,Reginald VelJohnson,Emma Slater,Actor/Actress,74,Eliminated Week 3,10,3.0,0.0,False,294.0,0.0,False,33_Reginald VelJohnson,
33,5,Reginald VelJohnson,Emma Slater,Actor/Actress,74,Eliminated Week 3,10,3.0,0.0,False,202.0,0.0,False,33_Reginald VelJohnson,
33,6,Reginald VelJohnson,Emma Slater,Actor/Actress,74,Eliminated Week 3,10,3.0,0.0,False,206.0,0.0,False,33_Reginald VelJohnson,
33,7,Reginald VelJohnson,Emma Slater,Actor/Actress,74,Eliminated Week 3,10,3.0,0.0,False,160.0,0.0,False,33_Reginald VelJohnson,
33,8,Reginald VelJohnson,Emma Slater,Actor/Actress,74,Eliminated Week 3,10,3.0,0.0,False,140.0,0.0,False,33_Reginald VelJohnson,
33,9,Reginald VelJohnson,Emma Slater,Actor/Actress,74,Eliminated Week 3,10,3.0,0.0,False,145.5,0.0,False,33_Reginald VelJohnson,
33,1,Chandler Kinney,Brandon Armstrong,Actor/Actress,24,3rd Place,3,,23.0,True,247.0,0.0931174089068826,False,33_Chandler Kinney,0.1923522901882118
33,1,Chandler Kinney,Brandon Armstrong,Actor/Actress,24,3rd Place,3,,23.0,True,247.0,0.0931174089068826,False,33_Chandler Kinney,0.1923522901882118
33,2,Chandler Kinney,Brandon Armstrong,Actor/Actress,24,3rd Place,3,,24.0,True,258.0,0.0930232558139534,False,33_Chandler Kinney,0.1923864926058596
33,2,Chandler Kinney,Brandon Armstrong,Actor/Actress,24,3rd Place,3,,24.0,True,258.0,0.0930232558139534,False,33_Chandler Kinney,0.1923864926058596
33,3,Chandler Kinney,Brandon Armstrong,Actor/Actress,24,3rd Place,3,,34.5,True,318.0,0.1084905660377358,False,33_Chandler Kinney,0.1931828067637656
33,3,Chandler Kinney,Brandon Armstrong,Actor/Actress,24,3rd Place,3,,34.5,True,318.0,0.1084905660377358,False,33_Chandler Kinney,0.1931828067637656
33,4,Chandler Kinney,Brandon Armstrong,Actor/Actress,24,3rd Place,3,,32.0,True,294.0,0.1088435374149659,False,33_Chandler Kinney,0.1964335317599169
33,4,Chandler Kinney,Brandon Armstrong,Actor/Actress,24,3rd Place,3,,32.0,True,294.0,0.1088435374149659,False,33_Chandler Kinney,0.1964335317599169
33,5,Chandler Kinney,Brandon Armstrong,Actor/Actress,24,3rd Place,3,,27.0,True,202.0,0.1336633663366336,False,33_Chandler Kinney,0.1969510176990812
33,5,Chandler Kinney,Brandon Armstrong,Actor/Actress,24,3rd Place,3,,27.0,True,202.0,0.1336633663366336,False,33_Chandler Kinney,0.1969510176990812
33,6,Chandler Kinney,Brandon Armstrong,Actor/Actress,24,3rd Place,3,,32.0,True,206.0,0.1553398058252427,False,33_Chandler Kinney,0.1976490741146599
33,6,Chandler Kinney,Brandon Armstrong,Actor/Actress,24,3rd Place,3,,32.0,True,206.0,0.1553398058252427,False,33_Chandler Kinney,0.1976490741146599
33,7,Chandler Kinney,Brandon Armstrong,Actor/Actress,24,3rd Place,3,,30.0,True,160.0,0.1875,False,33_Chandler Kinney,0.1983587800697999
33,7,Chandler Kinney,Brandon Armstrong,Actor/Actress,24,3rd Place,3,,30.0,True,160.0,0.1875,False,33_Chandler Kinney,0.1983587800697999
33,8,Chandler Kinney,Brandon Armstrong,Actor/Actress,24,3rd Place,3,,29.0,True,140.0,0.2071428571428571,False,33_Chandler Kinney,0.2000009558440403
33,8,Chandler Kinney,Brandon Armstrong,Actor/Actress,24,3rd Place,3,,29.0,True,140.0,0.2071428571428571,False,33_Chandler Kinney,0.2000009558440403
33,9,Chandler Kinney,Brandon Armstrong,Actor/Actress,24,3rd Place,3,,30.0,True,145.5,0.2061855670103092,False,33_Chandler Kinney,0.1999996478137011
33,9,Chandler Kinney,Brandon Armstrong,Actor/Actress,24,3rd Place,3,,30.0,True,145.5,0.2061855670103092,False,33_Chandler Kinney,0.1999996478137011
33,1,Dwight Howard ,Daniella Karagach,Athlete,38,Eliminated Week 7,6,7.0,22.0,True,247.0,0.0890688259109311,False,33_Dwight Howard ,0.007144894568732
33,1,Dwight Howard ,Daniella Karagach,Athlete,38,Eliminated Week 7,6,7.0,22.0,True,247.0,0.0890688259109311,False,33_Dwight Howard ,0.007144894568732
33,2,Dwight Howard ,Daniella Karagach,Athlete,38,Eliminated Week 7,6,7.0,22.0,True,258.0,0.0852713178294573,False,33_Dwight Howard ,0.0071275376185961
33,2,Dwight Howard ,Daniella Karagach,Athlete,38,Eliminated Week 7,6,7.0,22.0,True,258.0,0.0852713178294573,False,33_Dwight Howard ,0.0071275376185961
33,3,Dwight Howard ,Daniella Karagach,Athlete,38,Eliminated Week 7,6,7.0,26.0,True,318.0,0.0817610062893081,False,33_Dwight Howard ,0.0079079342568733
33,3,Dwight Howard ,Daniella Karagach,Athlete,38,Eliminated Week 7,6,7.0,26.0,True,318.0,0.0817610062893081,False,33_Dwight Howard ,0.0079079342568733
33,4,Dwight Howard ,Daniella Karagach,Athlete,38,Eliminated Week 7,6,7.0,29.0,True,294.0,0.0986394557823129,False,33_Dwight Howard ,0.0112270477978816
33,4,Dwight Howard ,Daniella Karagach,Athlete,38,Eliminated Week 7,6,7.0,29.0,True,294.0,0.0986394557823129,False,33_Dwight Howard ,0.0112270477978816
33,5,Dwight Howard ,Daniella Karagach,Athlete,38,Eliminated Week 7,6,7.0,24.0,True,202.0,0.1188118811881188,False,33_Dwight Howard ,0.0101202650001832
33,5,Dwight Howard ,Daniella Karagach,Athlete,38,Eliminated Week 7,6,7.0,24.0,True,202.0,0.1188118811881188,False,33_Dwight Howard ,0.0101202650001832
33,6,Dwight Howard ,Daniella Karagach,Athlete,38,Eliminated Week 7,6,7.0,31.0,True,206.0,0.1504854368932038,False,33_Dwight Howard ,0.0092998355633199
33,6,Dwight Howard ,Daniella Karagach,Athlete,38,Eliminated Week 7,6,7.0,31.0,True,206.0,0.1504854368932038,False,33_Dwight Howard ,0.0092998355633199
33,7,Dwight Howard ,Daniella Karagach,Athlete,38,Eliminated Week 7,6,7.0,24.0,True,160.0,0.15,True,33_Dwight Howard ,0.0081996212628286
33,7,Dwight Howard ,Daniella Karagach,Athlete,38,Eliminated Week 7,6,7.0,24.0,True,160.0,0.15,True,33_Dwight Howard ,0.0081996212628286
33,8,Dwight Howard ,Daniella Karagach,Athlete,38,Eliminated Week 7,6,7.0,0.0,False,140.0,0.0,False,33_Dwight Howard ,
33,9,Dwight Howard ,Daniella Karagach,Athlete,38,Eliminated Week 7,6,7.0,0.0,False,145.5,0.0,False,33_Dwight Howard ,
33,1,Danny Amendola,Witney Carson,Athlete,39,5th Place,5,,20.0,True,247.0,0.0809716599190283,False,33_Danny Amendola,0.1923511550974209
33,1,Danny Amendola,Witney Carson,Athlete,39,5th Place,5,,20.0,True,247.0,0.0809716599190283,False,33_Danny Amendola,0.1923511550974209
33,2,Danny Amendola,Witney Carson,Athlete,39,5th Place,5,,21.0,True,258.0,0.0813953488372093,False,33_Danny Amendola,0.1923897225339489
33,2,Danny Amendola,Witney Carson,Athlete,39,5th Place,5,,21.0,True,258.0,0.0813953488372093,False,33_Danny Amendola,0.1923897225339489
33,3,Danny Amendola,Witney Carson,Athlete,39,5th Place,5,,30.0,True,318.0,0.0943396226415094,False,33_Danny Amendola,0.1931779690940405
33,3,Danny Amendola,Witney Carson,Athlete,39,5th Place,5,,30.0,True,318.0,0.0943396226415094,False,33_Danny Amendola,0.1931779690940405
33,4,Danny Amendola,Witney Carson,Athlete,39,5th Place,5,,36.0,True,294.0,0.1224489795918367,False,33_Danny Amendola,0.1964392899607157
33,4,Danny Amendola,Witney Carson,Athlete,39,5th Place,5,,36.0,True,294.0,0.1224489795918367,False,33_Danny Amendola,0.1964392899607157
33,5,Danny Amendola,Witney Carson,Athlete,39,5th Place,5,,25.5,True,202.0,0.1262376237623762,False,33_Danny Amendola,0.1969450931757263
33,5,Danny Amendola,Witney Carson,Athlete,39,5th Place,5,,25.5,True,202.0,0.1262376237623762,False,33_Danny Amendola,0.1969450931757263
33,6,Danny Amendola,Witney Carson,Athlete,39,5th Place,5,,28.0,True,206.0,0.1359223300970873,False,33_Danny Amendola,0.1976544637775666
33,6,Danny Amendola,Witney Carson,Athlete,39,5th Place,5,,28.0,True,206.0,0.1359223300970873,False,33_Danny Amendola,0.1976544637775666
33,7,Danny Amendola,Witney Carson,Athlete,39,5th Place,5,,25.5,True,160.0,0.159375,False,33_Danny Amendola,0.1983545041228794
33,7,Danny Amendola,Witney Carson,Athlete,39,5th Place,5,,25.5,True,160.0,0.159375,False,33_Danny Amendola,0.1983545041228794
33,8,Danny Amendola,Witney Carson,Athlete,39,5th Place,5,,27.0,True,140.0,0.1928571428571428,False,33_Danny Amendola,0.200003694710509
33,8,Danny Amendola,Witney Carson,Athlete,39,5th Place,5,,27.0,True,140.0,0.1928571428571428,False,33_Danny Amendola,0.200003694710509
33,9,Danny Amendola,Witney Carson,Athlete,39,5th Place,5,,28.0,True,145.5,0.1924398625429553,False,33_Danny Amendola,0.1999987059164903
33,9,Danny Amendola,Witney Carson,Athlete,39,5th Place,5,,28.0,True,145.5,0.1924398625429553,False,33_Danny Amendola,0.1999987059164903
33,1,Stephen Nedoroscik,Rylee Arnold,Athlete,26,4th Place,4,,21.0,True,247.0,0.0850202429149797,False,33_Stephen Nedoroscik,0.1923523603269307
33,1,Stephen Nedoroscik,Rylee Arnold,Athlete,26,4th Place,4,,21.0,True,247.0,0.0850202429149797,False,33_Stephen Nedoroscik,0.1923523603269307
33,2,Stephen Nedoroscik,Rylee Arnold,Athlete,26,4th Place,4,,22.0,True,258.0,0.0852713178294573,False,33_Stephen Nedoroscik,0.1923861548603337
33,2,Stephen Nedoroscik,Rylee Arnold,Athlete,26,4th Place,4,,22.0,True,258.0,0.0852713178294573,False,33_Stephen Nedoroscik,0.1923861548603337
33,3,Stephen Nedoroscik,Rylee Arnold,Athlete,26,4th Place,4,,31.0,True,318.0,0.0974842767295597,False,33_Stephen Nedoroscik,0.1931837235205605
33,3,Stephen Nedoroscik,Rylee Arnold,Athlete,26,4th Place,4,,31.0,True,318.0,0.0974842767295597,False,33_Stephen Nedoroscik,0.1931837235205605
33,4,Stephen Nedoroscik,Rylee Arnold,Athlete,26,4th Place,4,,33.0,True,294.0,0.1122448979591836,False,33_Stephen Nedoroscik,0.1964317228272612
33,4,Stephen Nedoroscik,Rylee Arnold,Athlete,26,4th Place,4,,33.0,True,294.0,0.1122448979591836,False,33_Stephen Nedoroscik,0.1964317228272612
33,5,Stephen Nedoroscik,Rylee Arnold,Athlete,26,4th Place,4,,24.0,True,202.0,0.1188118811881188,False,33_Stephen Nedoroscik,0.1969537989155099
33,5,Stephen Nedoroscik,Rylee Arnold,Athlete,26,4th Place,4,,24.0,True,202.0,0.1188118811881188,False,33_Stephen Nedoroscik,0.1969537989155099
33,6,Stephen Nedoroscik,Rylee Arnold,Athlete,26,4th Place,4,,28.0,True,206.0,0.1359223300970873,False,33_Stephen Nedoroscik,0.1976456339125002
33,6,Stephen Nedoroscik,Rylee Arnold,Athlete,26,4th Place,4,,28.0,True,206.0,0.1359223300970873,False,33_Stephen Nedoroscik,0.1976456339125002
33,7,Stephen Nedoroscik,Rylee Arnold,Athlete,26,4th Place,4,,27.0,True,160.0,0.16875,False,33_Stephen Nedoroscik,0.1983621862200989
33,7,Stephen Nedoroscik,Rylee Arnold,Athlete,26,4th Place,4,,27.0,True,160.0,0.16875,False,33_Stephen Nedoroscik,0.1983621862200989
33,8,Stephen Nedoroscik,Rylee Arnold,Athlete,26,4th Place,4,,26.5,True,140.0,0.1892857142857142,False,33_Stephen Nedoroscik,0.1999984388003681
33,8,Stephen Nedoroscik,Rylee Arnold,Athlete,26,4th Place,4,,26.5,True,140.0,0.1892857142857142,False,33_Stephen Nedoroscik,0.1999984388003681
33,9,Stephen Nedoroscik,Rylee Arnold,Athlete,26,4th Place,4,,29.5,True,145.5,0.2027491408934708,False,33_Stephen Nedoroscik,0.2000005760867294
33,9,Stephen Nedoroscik,Rylee Arnold,Athlete,26,4th Place,4,,29.5,True,145.5,0.2027491408934708,False,33_Stephen Nedoroscik,0.2000005760867294
33,1,Ilona Maher,Alan Bersten,Athlete,28,2nd Place,2,,18.0,True,247.0,0.0728744939271255,False,33_Ilona Maher,0.1923531240585294
33,1,Ilona Maher,Alan Bersten,Athlete,28,2nd Place,2,,18.0,True,247.0,0.0728744939271255,False,33_Ilona Maher,0.1923531240585294
33,2,Ilona Maher,Alan Bersten,Athlete,28,2nd Place,2,,21.0,True,258.0,0.0813953488372093,False,33_Ilona Maher,0.1923840466340889
33,2,Ilona Maher,Alan Bersten,Athlete,28,2nd Place,2,,21.0,True,258.0,0.0813953488372093,False,33_Ilona Maher,0.1923840466340889
33,3,Ilona Maher,Alan Bersten,Athlete,28,2nd Place,2,,28.0,True,318.0,0.0880503144654088,False,33_Ilona Maher,0.1931866876882496
33,3,Ilona Maher,Alan Bersten,Athlete,28,2nd Place,2,,28.0,True,318.0,0.0880503144654088,False,33_Ilona Maher,0.1931866876882496
33,4,Ilona Maher,Alan Bersten,Athlete,28,2nd Place,2,,32.0,True,294.0,0.1088435374149659,False,33_Ilona Maher,0.1964285395130409
33,4,Ilona Maher,Alan Bersten,Athlete,28,2nd Place,2,,32.0,True,294.0,0.1088435374149659,False,33_Ilona Maher,0.1964285395130409
33,5,Ilona Maher,Alan Bersten,Athlete,28,2nd Place,2,,26.0,True,202.0,0.1287128712871287,False,33_Ilona Maher,0.1969566236763923
33,5,Ilona Maher,Alan Bersten,Athlete,28,2nd Place,2,,26.0,True,202.0,0.1287128712871287,False,33_Ilona Maher,0.1969566236763923
33,6,Ilona Maher,Alan Bersten,Athlete,28,2nd Place,2,,24.0,True,206.0,0.116504854368932,False,33_Ilona Maher,0.1976435202053714
33,6,Ilona Maher,Alan Bersten,Athlete,28,2nd Place,2,,24.0,True,206.0,0.116504854368932,False,33_Ilona Maher,0.1976435202053714
33,7,Ilona Maher,Alan Bersten,Athlete,28,2nd Place,2,,26.0,True,160.0,0.1625,False,33_Ilona Maher,0.1983635172903549
33,7,Ilona Maher,Alan Bersten,Athlete,28,2nd Place,2,,26.0,True,160.0,0.1625,False,33_Ilona Maher,0.1983635172903549
33,8,Ilona Maher,Alan Bersten,Athlete,28,2nd Place,2,,28.5,True,140.0,0.2035714285714285,False,33_Ilona Maher,0.1999977610450019
33,8,Ilona Maher,Alan Bersten,Athlete,28,2nd Place,2,,28.5,True,140.0,0.2035714285714285,False,33_Ilona Maher,0.1999977610450019
33,9,Ilona Maher,Alan Bersten,Athlete,28,2nd Place,2,,28.5,True,145.5,0.1958762886597938,False,33_Ilona Maher,0.2000007763503146
33,9,Ilona Maher,Alan Bersten,Athlete,28,2nd Place,2,,28.5,True,145.5,0.1958762886597938,False,33_Ilona Maher,0.2000007763503146
33,1,Anna Delvey,Ezra Sosa,Con artist,33,Eliminated Week 2,12,2.0,18.0,True,247.0,0.0728744939271255,False,33_Anna Delvey,0.0
33,1,Anna Delvey,Ezra Sosa,Con artist,33,Eliminated Week 2,12,2.0,18.0,True,247.0,0.0728744939271255,False,33_Anna Delvey,0.0
33,2,Anna Delvey,Ezra Sosa,Con artist,33,Eliminated Week 2,12,2.0,17.0,True,258.0,0.065891472868217,True,33_Anna Delvey,0.0
33,2,Anna Delvey,Ezra Sosa,Con artist,33,Eliminated Week 2,12,2.0,17.0,True,258.0,0.065891472868217,True,33_Anna Delvey,0.0
33,3,Anna Delvey,Ezra Sosa,Con artist,33,Eliminated Week 2,12,2.0,0.0,False,318.0,0.0,False,33_Anna Delvey,
33,4,Anna Delvey,Ezra Sosa,Con artist,33,Eliminated Week 2,12,2.0,0.0,False,294.0,0.0,False,33_Anna Delvey,
33,5,Anna Delvey,Ezra Sosa,Con artist,33,Eliminated Week 2,12,2.0,0.0,False,202.0,0.0,False,33_Anna Delvey,
33,6,Anna Delvey,Ezra Sosa,Con artist,33,Eliminated Week 2,12,2.0,0.0,False,206.0,0.0,False,33_Anna Delvey,
33,7,Anna Delvey,Ezra Sosa,Con artist,33,Eliminated Week 2,12,2.0,0.0,False,160.0,0.0,False,33_Anna Delvey,
33,8,Anna Delvey,Ezra Sosa,Con artist,33,Eliminated Week 2,12,2.0,0.0,False,140.0,0.0,False,33_Anna Delvey,
33,9,Anna Delvey,Ezra Sosa,Con artist,33,Eliminated Week 2,12,2.0,0.0,False,145.5,0.0,False,33_Anna Delvey,
33,1,Brooks Nader,Gleb Savchenko,Model,27,Eliminated Week 4,9,4.0,18.0,True,247.0,0.0728744939271255,False,33_Brooks Nader,0.0
33,1,Brooks Nader,Gleb Savchenko,Model,27,Eliminated Week 4,9,4.0,18.0,True,247.0,0.0728744939271255,False,33_Brooks Nader,0.0
33,2,Brooks Nader,Gleb Savchenko,Model,27,Eliminated Week 4,9,4.0,20.0,True,258.0,0.0775193798449612,False,33_Brooks Nader,0.0
33,2,Brooks Nader,Gleb Savchenko,Model,27,Eliminated Week 4,9,4.0,20.0,True,258.0,0.0775193798449612,False,33_Brooks Nader,0.0
33,3,Brooks Nader,Gleb Savchenko,Model,27,Eliminated Week 4,9,4.0,30.5,True,318.0,0.0959119496855346,False,33_Brooks Nader,3.4688205399502932e-18
33,3,Brooks Nader,Gleb Savchenko,Model,27,Eliminated Week 4,9,4.0,30.5,True,318.0,0.0959119496855346,False,33_Brooks Nader,3.4688205399502932e-18
33,4,Brooks Nader,Gleb Savchenko,Model,27,Eliminated Week 4,9,4.0,32.0,True,294.0,0.1088435374149659,True,33_Brooks Nader,0.0010455012406552
33,4,Brooks Nader,Gleb Savchenko,Model,27,Eliminated Week 4,9,4.0,32.0,True,294.0,0.1088435374149659,True,33_Brooks Nader,0.0010455012406552
33,5,Brooks Nader,Gleb Savchenko,Model,27,Eliminated Week 4,9,4.0,0.0,False,202.0,0.0,False,33_Brooks Nader,
33,6,Brooks Nader,Gleb Savchenko,Model,27,Eliminated Week 4,9,4.0,0.0,False,206.0,0.0,False,33_Brooks Nader,
33,7,Brooks Nader,Gleb Savchenko,Model,27,Eliminated Week 4,9,4.0,0.0,False,160.0,0.0,False,33_Brooks Nader,
33,8,Brooks Nader,Gleb Savchenko,Model,27,Eliminated Week 4,9,4.0,0.0,False,140.0,0.0,False,33_Brooks Nader,
33,9,Brooks Nader,Gleb Savchenko,Model,27,Eliminated Week 4,9,4.0,0.0,False,145.5,0.0,False,33_Brooks Nader,
33,1,Phaedra Parks,Val Chmerkovskiy,TV Personality,51,Eliminated Week 5,8,5.0,19.0,True,247.0,0.0769230769230769,False,33_Phaedra Parks,0.0001371337539828
33,1,Phaedra Parks,Val Chmerkovskiy,TV Personality,51,Eliminated Week 5,8,5.0,19.0,True,247.0,0.0769230769230769,False,33_Phaedra Parks,0.0001371337539828
33,2,Phaedra Parks,Val Chmerkovskiy,TV Personality,51,Eliminated Week 5,8,5.0,21.0,True,258.0,0.0813953488372093,False,33_Phaedra Parks,6.0771319176469586e-18
33,2,Phaedra Parks,Val Chmerkovskiy,TV Personality,51,Eliminated Week 5,8,5.0,21.0,True,258.0,0.0813953488372093,False,33_Phaedra Parks,6.0771319176469586e-18
33,3,Phaedra Parks,Val Chmerkovskiy,TV Personality,51,Eliminated Week 5,8,5.0,28.0,True,318.0,0.0880503144654088,False,33_Phaedra Parks,0.0002797418554785
33,3,Phaedra Parks,Val Chmerkovskiy,TV Personality,51,Eliminated Week 5,8,5.0,28.0,True,318.0,0.0880503144654088,False,33_Phaedra Parks,0.0002797418554785
33,4,Phaedra Parks,Val Chmerkovskiy,TV Personality,51,Eliminated Week 5,8,5.0,32.0,True,294.0,0.1088435374149659,False,33_Phaedra Parks,0.002992807253842
33,4,Phaedra Parks,Val Chmerkovskiy,TV Personality,51,Eliminated Week 5,8,5.0,32.0,True,294.0,0.1088435374149659,False,33_Phaedra Parks,0.002992807253842
33,5,Phaedra Parks,Val Chmerkovskiy,TV Personality,51,Eliminated Week 5,8,5.0,24.0,True,202.0,0.1188118811881188,True,33_Phaedra Parks,0.0027554584768059
33,5,Phaedra Parks,Val Chmerkovskiy,TV Personality,51,Eliminated Week 5,8,5.0,24.0,True,202.0,0.1188118811881188,True,33_Phaedra Parks,0.0027554584768059
33,6,Phaedra Parks,Val Chmerkovskiy,TV Personality,51,Eliminated Week 5,8,5.0,0.0,False,206.0,0.0,False,33_Phaedra Parks,
33,7,Phaedra Parks,Val Chmerkovskiy,TV Personality,51,Eliminated Week 5,8,5.0,0.0,False,160.0,0.0,False,33_Phaedra Parks,
33,8,Phaedra Parks,Val Chmerkovskiy,TV Personality,51,Eliminated Week 5,8,5.0,0.0,False,140.0,0.0,False,33_Phaedra Parks,
33,9,Phaedra Parks,Val Chmerkovskiy,TV Personality,51,Eliminated Week 5,8,5.0,0.0,False,145.5,0.0,False,33_Phaedra Parks,
33,1,Jenn Tran,Sasha Farber,TV Personality,26,Eliminated Week 6,7,6.0,19.0,True,247.0,0.0769230769230769,False,33_Jenn Tran,3.6422416731934915e-18
33,1,Jenn Tran,Sasha Farber,TV Personality,26,Eliminated Week 6,7,6.0,19.0,True,247.0,0.0769230769230769,False,33_Jenn Tran,3.6422416731934915e-18
33,2,Jenn Tran,Sasha Farber,TV Personality,26,Eliminated Week 6,7,6.0,19.0,True,258.0,0.0736434108527131,False,33_Jenn Tran,4.779618973214265e-18
33,2,Jenn Tran,Sasha Farber,TV Personality,26,Eliminated Week 6,7,6.0,19.0,True,258.0,0.0736434108527131,False,33_Jenn Tran,4.779618973214265e-18
33,3,Jenn Tran,Sasha Farber,TV Personality,26,Eliminated Week 6,7,6.0,31.0,True,318.0,0.0974842767295597,False,33_Jenn Tran,1.796621420878081e-05
33,3,Jenn Tran,Sasha Farber,TV Personality,26,Eliminated Week 6,7,6.0,31.0,True,318.0,0.0974842767295597,False,33_Jenn Tran,1.796621420878081e-05
33,4,Jenn Tran,Sasha Farber,TV Personality,26,Eliminated Week 6,7,6.0,32.0,True,294.0,0.1088435374149659,False,33_Jenn Tran,0.0025704113949457
33,4,Jenn Tran,Sasha Farber,TV Personality,26,Eliminated Week 6,7,6.0,32.0,True,294.0,0.1088435374149659,False,33_Jenn Tran,0.0025704113949457
33,5,Jenn Tran,Sasha Farber,TV Personality,26,Eliminated Week 6,7,6.0,25.5,True,202.0,0.1262376237623762,False,33_Jenn Tran,0.0023638949531582
33,5,Jenn Tran,Sasha Farber,TV Personality,26,Eliminated Week 6,7,6.0,25.5,True,202.0,0.1262376237623762,False,33_Jenn Tran,0.0023638949531582
33,6,Jenn Tran,Sasha Farber,TV Personality,26,Eliminated Week 6,7,6.0,31.0,True,206.0,0.1504854368932038,True,33_Jenn Tran,0.0024613445841838
33,6,Jenn Tran,Sasha Farber,TV Personality,26,Eliminated Week 6,7,6.0,31.0,True,206.0,0.1504854368932038,True,33_Jenn Tran,0.0024613445841838
33,7,Jenn Tran,Sasha Farber,TV Personality,26,Eliminated Week 6,7,6.0,0.0,False,160.0,0.0,False,33_Jenn Tran,
33,8,Jenn Tran,Sasha Farber,TV Personality,26,Eliminated Week 6,7,6.0,0.0,False,140.0,0.0,False,33_Jenn Tran,
33,9,Jenn Tran,Sasha Farber,TV Personality,26,Eliminated Week 6,7,6.0,0.0,False,145.5,0.0,False,33_Jenn Tran,
33,1,Joey Graziadei,Jenna Johnson,TV Personality,29,1st Place,1,,21.0,True,247.0,0.0850202429149797,False,33_Joey Graziadei,0.1923526423708852
33,1,Joey Graziadei,Jenna Johnson,TV Personality,29,1st Place,1,,21.0,True,247.0,0.0850202429149797,False,33_Joey Graziadei,0.1923526423708852
33,2,Joey Graziadei,Jenna Johnson,TV Personality,29,1st Place,1,,22.0,True,258.0,0.0852713178294573,False,33_Joey Graziadei,0.192385434012737
33,2,Joey Graziadei,Jenna Johnson,TV Personality,29,1st Place,1,,22.0,True,258.0,0.0852713178294573,False,33_Joey Graziadei,0.192385434012737
33,3,Joey Graziadei,Jenna Johnson,TV Personality,29,1st Place,1,,35.0,True,318.0,0.110062893081761,False,33_Joey Graziadei,0.1931845611613945
33,3,Joey Graziadei,Jenna Johnson,TV Personality,29,1st Place,1,,35.0,True,318.0,0.110062893081761,False,33_Joey Graziadei,0.1931845611613945
33,4,Joey Graziadei,Jenna Johnson,TV Personality,29,1st Place,1,,36.0,True,294.0,0.1224489795918367,False,33_Joey Graziadei,0.1964311482517405
33,4,Joey Graziadei,Jenna Johnson,TV Personality,29,1st Place,1,,36.0,True,294.0,0.1224489795918367,False,33_Joey Graziadei,0.1964311482517405
33,5,Joey Graziadei,Jenna Johnson,TV Personality,29,1st Place,1,,26.0,True,202.0,0.1287128712871287,False,33_Joey Graziadei,0.1969538481031428
33,5,Joey Graziadei,Jenna Johnson,TV Personality,29,1st Place,1,,26.0,True,202.0,0.1287128712871287,False,33_Joey Graziadei,0.1969538481031428
33,6,Joey Graziadei,Jenna Johnson,TV Personality,29,1st Place,1,,32.0,True,206.0,0.1553398058252427,False,33_Joey Graziadei,0.1976461278423977
33,6,Joey Graziadei,Jenna Johnson,TV Personality,29,1st Place,1,,32.0,True,206.0,0.1553398058252427,False,33_Joey Graziadei,0.1976461278423977
33,7,Joey Graziadei,Jenna Johnson,TV Personality,29,1st Place,1,,27.5,True,160.0,0.171875,False,33_Joey Graziadei,0.1983613910340382
33,7,Joey Graziadei,Jenna Johnson,TV Personality,29,1st Place,1,,27.5,True,160.0,0.171875,False,33_Joey Graziadei,0.1983613910340382
33,8,Joey Graziadei,Jenna Johnson,TV Personality,29,1st Place,1,,29.0,True,140.0,0.2071428571428571,False,33_Joey Graziadei,0.1999991496000804
33,8,Joey Graziadei,Jenna Johnson,TV Personality,29,1st Place,1,,29.0,True,140.0,0.2071428571428571,False,33_Joey Graziadei,0.1999991496000804
33,9,Joey Graziadei,Jenna Johnson,TV Personality,29,1st Place,1,,29.5,True,145.5,0.2027491408934708,False,33_Joey Graziadei,0.2000002938327645
33,9,Joey Graziadei,Jenna Johnson,TV Personality,29,1st Place,1,,29.5,True,145.5,0.2027491408934708,False,33_Joey Graziadei,0.2000002938327645
34,1,Corey Feldman,Jenna Johnson,Actor/Actress,54,Eliminated Week 2,13,2.0,9.0,True,164.0,0.0548780487804878,False,34_Corey Feldman,3.4972244930132616e-05
34,1,Corey Feldman,Jenna Johnson,Actor/Actress,54,Eliminated Week 2,13,2.0,9.0,True,164.0,0.0548780487804878,False,34_Corey Feldman,3.4972244930132616e-05
34,2,Corey Feldman,Jenna Johnson,Actor/Actress,54,Eliminated Week 2,13,2.0,15.0,True,278.0,0.0539568345323741,True,34_Corey Feldman,1.5948959016945637e-05
34,2,Corey Feldman,Jenna Johnson,Actor/Actress,54,Eliminated Week 2,13,2.0,15.0,True,278.0,0.0539568345323741,True,34_Corey Feldman,1.5948959016945637e-05
34,3,Corey Feldman,Jenna Johnson,Actor/Actress,54,Eliminated Week 2,13,2.0,0.0,False,257.0,0.0,False,34_Corey Feldman,
34,4,Corey Feldman,Jenna Johnson,Actor/Actress,54,Eliminated Week 2,13,2.0,0.0,False,248.0,0.0,False,34_Corey Feldman,
34,5,Corey Feldman,Jenna Johnson,Actor/Actress,54,Eliminated Week 2,13,2.0,0.0,False,313.0,0.0,False,34_Corey Feldman,
34,6,Corey Feldman,Jenna Johnson,Actor/Actress,54,Eliminated Week 2,13,2.0,0.0,False,340.0,0.0,False,34_Corey Feldman,
34,7,Corey Feldman,Jenna Johnson,Actor/Actress,54,Eliminated Week 2,13,2.0,0.0,False,332.0,0.0,False,34_Corey Feldman,
34,8,Corey Feldman,Jenna Johnson,Actor/Actress,54,Eliminated Week 2,13,2.0,0.0,False,301.5,0.0,False,34_Corey Feldman,
34,9,Corey Feldman,Jenna Johnson,Actor/Actress,54,Eliminated Week 2,13,2.0,0.0,False,270.0,0.0,False,34_Corey Feldman,
34,10,Corey Feldman,Jenna Johnson,Actor/Actress,54,Eliminated Week 2,13,2.0,0.0,False,172.0,0.0,False,34_Corey Feldman,
34,11,Corey Feldman,Jenna Johnson,Actor/Actress,54,Eliminated Week 2,13,2.0,0.0,False,147.6662,0.0,False,34_Corey Feldman,
34,1,Danielle Fishel,Pasha Pashkov,Actor/Actress,44,Eliminated Week 8,8,8.0,12.0,True,164.0,0.073170731707317,False,34_Danielle Fishel,0.0081182515354109
34,1,Danielle Fishel,Pasha Pashkov,Actor/Actress,44,Eliminated Week 8,8,8.0,12.0,True,164.0,0.073170731707317,False,34_Danielle Fishel,0.0081182515354109
34,2,Danielle Fishel,Pasha Pashkov,Actor/Actress,44,Eliminated Week 8,8,8.0,19.0,True,278.0,0.0683453237410072,False,34_Danielle Fishel,0.0080199882700622
34,2,Danielle Fishel,Pasha Pashkov,Actor/Actress,44,Eliminated Week 8,8,8.0,19.0,True,278.0,0.0683453237410072,False,34_Danielle Fishel,0.0080199882700622
34,3,Danielle Fishel,Pasha Pashkov,Actor/Actress,44,Eliminated Week 8,8,8.0,21.0,True,257.0,0.0817120622568093,False,34_Danielle Fishel,0.0079399265440538
34,3,Danielle Fishel,Pasha Pashkov,Actor/Actress,44,Eliminated Week 8,8,8.0,21.0,True,257.0,0.0817120622568093,False,34_Danielle Fishel,0.0079399265440538
34,4,Danielle Fishel,Pasha Pashkov,Actor/Actress,44,Eliminated Week 8,8,8.0,21.0,True,248.0,0.0846774193548387,False,34_Danielle Fishel,0.0080466553049365
34,4,Danielle Fishel,Pasha Pashkov,Actor/Actress,44,Eliminated Week 8,8,8.0,21.0,True,248.0,0.0846774193548387,False,34_Danielle Fishel,0.0080466553049365
34,5,Danielle Fishel,Pasha Pashkov,Actor/Actress,44,Eliminated Week 8,8,8.0,29.0,True,313.0,0.0926517571884984,False,34_Danielle Fishel,0.0071136210811562
34,5,Danielle Fishel,Pasha Pashkov,Actor/Actress,44,Eliminated Week 8,8,8.0,29.0,True,313.0,0.0926517571884984,False,34_Danielle Fishel,0.0071136210811562
34,6,Danielle Fishel,Pasha Pashkov,Actor/Actress,44,Eliminated Week 8,8,8.0,36.0,True,340.0,0.1058823529411764,False,34_Danielle Fishel,0.0061611836256307
34,6,Danielle Fishel,Pasha Pashkov,Actor/Actress,44,Eliminated Week 8,8,8.0,36.0,True,340.0,0.1058823529411764,False,34_Danielle Fishel,0.0061611836256307
34,7,Danielle Fishel,Pasha Pashkov,Actor/Actress,44,Eliminated Week 8,8,8.0,35.0,True,332.0,0.1054216867469879,False,34_Danielle Fishel,0.0059159638293925
34,7,Danielle Fishel,Pasha Pashkov,Actor/Actress,44,Eliminated Week 8,8,8.0,35.0,True,332.0,0.1054216867469879,False,34_Danielle Fishel,0.0059159638293925
34,8,Danielle Fishel,Pasha Pashkov,Actor/Actress,44,Eliminated Week 8,8,8.0,37.0,True,301.5,0.1227197346600331,True,34_Danielle Fishel,0.0051490171295199
34,8,Danielle Fishel,Pasha Pashkov,Actor/Actress,44,Eliminated Week 8,8,8.0,37.0,True,301.5,0.1227197346600331,True,34_Danielle Fishel,0.0051490171295199
34,9,Danielle Fishel,Pasha Pashkov,Actor/Actress,44,Eliminated Week 8,8,8.0,0.0,False,270.0,0.0,False,34_Danielle Fishel,
34,10,Danielle Fishel,Pasha Pashkov,Actor/Actress,44,Eliminated Week 8,8,8.0,0.0,False,172.0,0.0,False,34_Danielle Fishel,
34,11,Danielle Fishel,Pasha Pashkov,Actor/Actress,44,Eliminated Week 8,8,8.0,0.0,False,147.6662,0.0,False,34_Danielle Fishel,
34,1,Elaine Hendrix,Alan Bersten (Rashad Jennings week 9),Actor/Actress,55,5th Place,5,,12.0,True,164.0,0.073170731707317,False,34_Elaine Hendrix,0.1926859432493211
34,1,Elaine Hendrix,Alan Bersten (Rashad Jennings week 9),Actor/Actress,55,5th Place,5,,12.0,True,164.0,0.073170731707317,False,34_Elaine Hendrix,0.1926859432493211
34,2,Elaine Hendrix,Alan Bersten (Rashad Jennings week 9),Actor/Actress,55,5th Place,5,,21.0,True,278.0,0.0755395683453237,False,34_Elaine Hendrix,0.1927092999524552
34,2,Elaine Hendrix,Alan Bersten (Rashad Jennings week 9),Actor/Actress,55,5th Place,5,,21.0,True,278.0,0.0755395683453237,False,34_Elaine Hendrix,0.1927092999524552
34,3,Elaine Hendrix,Alan Bersten (Rashad Jennings week 9),Actor/Actress,55,5th Place,5,,21.0,True,257.0,0.0817120622568093,False,34_Elaine Hendrix,0.1927431620631454
34,3,Elaine Hendrix,Alan Bersten (Rashad Jennings week 9),Actor/Actress,55,5th Place,5,,21.0,True,257.0,0.0817120622568093,False,34_Elaine Hendrix,0.1927431620631454
34,4,Elaine Hendrix,Alan Bersten (Rashad Jennings week 9),Actor/Actress,55,5th Place,5,,24.0,True,248.0,0.0967741935483871,False,34_Elaine Hendrix,0.1927526524717825
34,4,Elaine Hendrix,Alan Bersten (Rashad Jennings week 9),Actor/Actress,55,5th Place,5,,24.0,True,248.0,0.0967741935483871,False,34_Elaine Hendrix,0.1927526524717825
34,5,Elaine Hendrix,Alan Bersten (Rashad Jennings week 9),Actor/Actress,55,5th Place,5,,30.0,True,313.0,0.0958466453674121,False,34_Elaine Hendrix,0.1933449327133856
34,5,Elaine Hendrix,Alan Bersten (Rashad Jennings week 9),Actor/Actress,55,5th Place,5,,30.0,True,313.0,0.0958466453674121,False,34_Elaine Hendrix,0.1933449327133856
34,6,Elaine Hendrix,Alan Bersten (Rashad Jennings week 9),Actor/Actress,55,5th Place,5,,36.0,True,340.0,0.1058823529411764,False,34_Elaine Hendrix,0.1939974566471548
34,6,Elaine Hendrix,Alan Bersten (Rashad Jennings week 9),Actor/Actress,55,5th Place,5,,36.0,True,340.0,0.1058823529411764,False,34_Elaine Hendrix,0.1939974566471548
34,7,Elaine Hendrix,Alan Bersten (Rashad Jennings week 9),Actor/Actress,55,5th Place,5,,32.0,True,332.0,0.0963855421686747,False,34_Elaine Hendrix,0.1952343973551955
34,7,Elaine Hendrix,Alan Bersten (Rashad Jennings week 9),Actor/Actress,55,5th Place,5,,32.0,True,332.0,0.0963855421686747,False,34_Elaine Hendrix,0.1952343973551955
34,8,Elaine Hendrix,Alan Bersten (Rashad Jennings week 9),Actor/Actress,55,5th Place,5,,37.5,True,301.5,0.1243781094527363,False,34_Elaine Hendrix,0.1958295733874893
34,8,Elaine Hendrix,Alan Bersten (Rashad Jennings week 9),Actor/Actress,55,5th Place,5,,37.5,True,301.5,0.1243781094527363,False,34_Elaine Hendrix,0.1958295733874893
34,9,Elaine Hendrix,Alan Bersten (Rashad Jennings week 9),Actor/Actress,55,5th Place,5,,36.0,True,270.0,0.1333333333333333,False,34_Elaine Hendrix,0.1969872632706307
34,9,Elaine Hendrix,Alan Bersten (Rashad Jennings week 9),Actor/Actress,55,5th Place,5,,36.0,True,270.0,0.1333333333333333,False,34_Elaine Hendrix,0.1969872632706307
34,10,Elaine Hendrix,Alan Bersten (Rashad Jennings week 9),Actor/Actress,55,5th Place,5,,28.5,True,172.0,0.1656976744186046,False,34_Elaine Hendrix,0.1994151062788988
34,10,Elaine Hendrix,Alan Bersten (Rashad Jennings week 9),Actor/Actress,55,5th Place,5,,28.5,True,172.0,0.1656976744186046,False,34_Elaine Hendrix,0.1994151062788988
34,11,Elaine Hendrix,Alan Bersten (Rashad Jennings week 9),Actor/Actress,55,5th Place,5,,28.9998,True,147.6662,0.1963875280869962,False,34_Elaine Hendrix,0.1999999996828561
34,11,Elaine Hendrix,Alan Bersten (Rashad Jennings week 9),Actor/Actress,55,5th Place,5,,28.9998,True,147.6662,0.1963875280869962,False,34_Elaine Hendrix,0.1999999996828561
34,1,Baron Davis,Britt Stewart,Athlete,46,Eliminated Week 2,13,2.0,10.0,True,164.0,0.0609756097560975,False,34_Baron Davis,5.749951417240611e-05
34,1,Baron Davis,Britt Stewart,Athlete,46,Eliminated Week 2,13,2.0,10.0,True,164.0,0.0609756097560975,False,34_Baron Davis,5.749951417240611e-05
34,2,Baron Davis,Britt Stewart,Athlete,46,Eliminated Week 2,13,2.0,18.0,True,278.0,0.0647482014388489,True,34_Baron Davis,3.215007781767763e-05
34,2,Baron Davis,Britt Stewart,Athlete,46,Eliminated Week 2,13,2.0,18.0,True,278.0,0.0647482014388489,True,34_Baron Davis,3.215007781767763e-05
34,3,Baron Davis,Britt Stewart,Athlete,46,Eliminated Week 2,13,2.0,0.0,False,257.0,0.0,False,34_Baron Davis,
34,4,Baron Davis,Britt Stewart,Athlete,46,Eliminated Week 2,13,2.0,0.0,False,248.0,0.0,False,34_Baron Davis,
34,5,Baron Davis,Britt Stewart,Athlete,46,Eliminated Week 2,13,2.0,0.0,False,313.0,0.0,False,34_Baron Davis,
34,6,Baron Davis,Britt Stewart,Athlete,46,Eliminated Week 2,13,2.0,0.0,False,340.0,0.0,False,34_Baron Davis,
34,7,Baron Davis,Britt Stewart,Athlete,46,Eliminated Week 2,13,2.0,0.0,False,332.0,0.0,False,34_Baron Davis,
34,8,Baron Davis,Britt Stewart,Athlete,46,Eliminated Week 2,13,2.0,0.0,False,301.5,0.0,False,34_Baron Davis,
34,9,Baron Davis,Britt Stewart,Athlete,46,Eliminated Week 2,13,2.0,0.0,False,270.0,0.0,False,34_Baron Davis,
34,10,Baron Davis,Britt Stewart,Athlete,46,Eliminated Week 2,13,2.0,0.0,False,172.0,0.0,False,34_Baron Davis,
34,11,Baron Davis,Britt Stewart,Athlete,46,Eliminated Week 2,13,2.0,0.0,False,147.6662,0.0,False,34_Baron Davis,
34,1,Jordan Chiles,Ezra Sosa (Apolo Anton Ohno week 9),Athlete,24,3rd Place,3,,10.0,True,164.0,0.0609756097560975,False,34_Jordan Chiles,0.1926859434026732
34,1,Jordan Chiles,Ezra Sosa (Apolo Anton Ohno week 9),Athlete,24,3rd Place,3,,10.0,True,164.0,0.0609756097560975,False,34_Jordan Chiles,0.1926859434026732
34,2,Jordan Chiles,Ezra Sosa (Apolo Anton Ohno week 9),Athlete,24,3rd Place,3,,22.0,True,278.0,0.079136690647482,False,34_Jordan Chiles,0.1927093006587349
34,2,Jordan Chiles,Ezra Sosa (Apolo Anton Ohno week 9),Athlete,24,3rd Place,3,,22.0,True,278.0,0.079136690647482,False,34_Jordan Chiles,0.1927093006587349
34,3,Jordan Chiles,Ezra Sosa (Apolo Anton Ohno week 9),Athlete,24,3rd Place,3,,24.0,True,257.0,0.0933852140077821,False,34_Jordan Chiles,0.1927431617308885
34,3,Jordan Chiles,Ezra Sosa (Apolo Anton Ohno week 9),Athlete,24,3rd Place,3,,24.0,True,257.0,0.0933852140077821,False,34_Jordan Chiles,0.1927431617308885
34,4,Jordan Chiles,Ezra Sosa (Apolo Anton Ohno week 9),Athlete,24,3rd Place,3,,24.0,True,248.0,0.0967741935483871,False,34_Jordan Chiles,0.1927526536032435
34,4,Jordan Chiles,Ezra Sosa (Apolo Anton Ohno week 9),Athlete,24,3rd Place,3,,24.0,True,248.0,0.0967741935483871,False,34_Jordan Chiles,0.1927526536032435
34,5,Jordan Chiles,Ezra Sosa (Apolo Anton Ohno week 9),Athlete,24,3rd Place,3,,32.0,True,313.0,0.1022364217252396,False,34_Jordan Chiles,0.1933449320397384
34,5,Jordan Chiles,Ezra Sosa (Apolo Anton Ohno week 9),Athlete,24,3rd Place,3,,32.0,True,313.0,0.1022364217252396,False,34_Jordan Chiles,0.1933449320397384
34,6,Jordan Chiles,Ezra Sosa (Apolo Anton Ohno week 9),Athlete,24,3rd Place,3,,39.0,True,340.0,0.1147058823529411,False,34_Jordan Chiles,0.1939974579673769
34,6,Jordan Chiles,Ezra Sosa (Apolo Anton Ohno week 9),Athlete,24,3rd Place,3,,39.0,True,340.0,0.1147058823529411,False,34_Jordan Chiles,0.1939974579673769
34,7,Jordan Chiles,Ezra Sosa (Apolo Anton Ohno week 9),Athlete,24,3rd Place,3,,38.0,True,332.0,0.1144578313253012,False,34_Jordan Chiles,0.1952343967022287
34,7,Jordan Chiles,Ezra Sosa (Apolo Anton Ohno week 9),Athlete,24,3rd Place,3,,38.0,True,332.0,0.1144578313253012,False,34_Jordan Chiles,0.1952343967022287
34,8,Jordan Chiles,Ezra Sosa (Apolo Anton Ohno week 9),Athlete,24,3rd Place,3,,39.0,True,301.5,0.1293532338308457,False,34_Jordan Chiles,0.1958295745512124
34,8,Jordan Chiles,Ezra Sosa (Apolo Anton Ohno week 9),Athlete,24,3rd Place,3,,39.0,True,301.5,0.1293532338308457,False,34_Jordan Chiles,0.1958295745512124
34,9,Jordan Chiles,Ezra Sosa (Apolo Anton Ohno week 9),Athlete,24,3rd Place,3,,39.0,True,270.0,0.1444444444444444,False,34_Jordan Chiles,0.1969872629010177
34,9,Jordan Chiles,Ezra Sosa (Apolo Anton Ohno week 9),Athlete,24,3rd Place,3,,39.0,True,270.0,0.1444444444444444,False,34_Jordan Chiles,0.1969872629010177
34,10,Jordan Chiles,Ezra Sosa (Apolo Anton Ohno week 9),Athlete,24,3rd Place,3,,28.5,True,172.0,0.1656976744186046,False,34_Jordan Chiles,0.1994151070265659
34,10,Jordan Chiles,Ezra Sosa (Apolo Anton Ohno week 9),Athlete,24,3rd Place,3,,28.5,True,172.0,0.1656976744186046,False,34_Jordan Chiles,0.1994151070265659
34,11,Jordan Chiles,Ezra Sosa (Apolo Anton Ohno week 9),Athlete,24,3rd Place,3,,29.666600000000003,True,147.6662,0.2009031179782509,False,34_Jordan Chiles,0.1999999998446177
34,11,Jordan Chiles,Ezra Sosa (Apolo Anton Ohno week 9),Athlete,24,3rd Place,3,,29.666600000000003,True,147.6662,0.2009031179782509,False,34_Jordan Chiles,0.1999999998446177
34,1,Andy Richter,Emma Slater/Kaitlyn Bristowe (week 9),Comedian,59,Eliminated Week 9,7,9.0,9.0,True,164.0,0.0548780487804878,False,34_Andy Richter,0.0198315510055025
34,1,Andy Richter,Emma Slater/Kaitlyn Bristowe (week 9),Comedian,59,Eliminated Week 9,7,9.0,9.0,True,164.0,0.0548780487804878,False,34_Andy Richter,0.0198315510055025
34,2,Andy Richter,Emma Slater/Kaitlyn Bristowe (week 9),Comedian,59,Eliminated Week 9,7,9.0,16.0,True,278.0,0.0575539568345323,False,34_Andy Richter,0.0198603257006221
34,2,Andy Richter,Emma Slater/Kaitlyn Bristowe (week 9),Comedian,59,Eliminated Week 9,7,9.0,16.0,True,278.0,0.0575539568345323,False,34_Andy Richter,0.0198603257006221
34,3,Andy Richter,Emma Slater/Kaitlyn Bristowe (week 9),Comedian,59,Eliminated Week 9,7,9.0,18.0,True,257.0,0.0700389105058365,False,34_Andy Richter,0.0199561446639265
34,3,Andy Richter,Emma Slater/Kaitlyn Bristowe (week 9),Comedian,59,Eliminated Week 9,7,9.0,18.0,True,257.0,0.0700389105058365,False,34_Andy Richter,0.0199561446639265
34,4,Andy Richter,Emma Slater/Kaitlyn Bristowe (week 9),Comedian,59,Eliminated Week 9,7,9.0,18.0,True,248.0,0.0725806451612903,False,34_Andy Richter,0.0201434294984848
34,4,Andy Richter,Emma Slater/Kaitlyn Bristowe (week 9),Comedian,59,Eliminated Week 9,7,9.0,18.0,True,248.0,0.0725806451612903,False,34_Andy Richter,0.0201434294984848
34,5,Andy Richter,Emma Slater/Kaitlyn Bristowe (week 9),Comedian,59,Eliminated Week 9,7,9.0,24.0,True,313.0,0.0766773162939297,False,34_Andy Richter,0.0187539126676992
34,5,Andy Richter,Emma Slater/Kaitlyn Bristowe (week 9),Comedian,59,Eliminated Week 9,7,9.0,24.0,True,313.0,0.0766773162939297,False,34_Andy Richter,0.0187539126676992
34,6,Andy Richter,Emma Slater/Kaitlyn Bristowe (week 9),Comedian,59,Eliminated Week 9,7,9.0,27.0,True,340.0,0.0794117647058823,False,34_Andy Richter,0.0171666939115021
34,6,Andy Richter,Emma Slater/Kaitlyn Bristowe (week 9),Comedian,59,Eliminated Week 9,7,9.0,27.0,True,340.0,0.0794117647058823,False,34_Andy Richter,0.0171666939115021
34,7,Andy Richter,Emma Slater/Kaitlyn Bristowe (week 9),Comedian,59,Eliminated Week 9,7,9.0,29.0,True,332.0,0.0873493975903614,False,34_Andy Richter,0.0164026565116083
34,7,Andy Richter,Emma Slater/Kaitlyn Bristowe (week 9),Comedian,59,Eliminated Week 9,7,9.0,29.0,True,332.0,0.0873493975903614,False,34_Andy Richter,0.0164026565116083
34,8,Andy Richter,Emma Slater/Kaitlyn Bristowe (week 9),Comedian,59,Eliminated Week 9,7,9.0,34.0,True,301.5,0.1127694859038142,False,34_Andy Richter,0.0150832336791547
34,8,Andy Richter,Emma Slater/Kaitlyn Bristowe (week 9),Comedian,59,Eliminated Week 9,7,9.0,34.0,True,301.5,0.1127694859038142,False,34_Andy Richter,0.0150832336791547
34,9,Andy Richter,Emma Slater/Kaitlyn Bristowe (week 9),Comedian,59,Eliminated Week 9,7,9.0,29.0,True,270.0,0.1074074074074074,True,34_Andy Richter,0.0138894921445459
34,9,Andy Richter,Emma Slater/Kaitlyn Bristowe (week 9),Comedian,59,Eliminated Week 9,7,9.0,29.0,True,270.0,0.1074074074074074,True,34_Andy Richter,0.0138894921445459
34,10,Andy Richter,Emma Slater/Kaitlyn Bristowe (week 9),Comedian,59,Eliminated Week 9,7,9.0,0.0,False,172.0,0.0,False,34_Andy Richter,
34,11,Andy Richter,Emma Slater/Kaitlyn Bristowe (week 9),Comedian,59,Eliminated Week 9,7,9.0,0.0,False,147.6662,0.0,False,34_Andy Richter,
34,1,Robert Irwin,Witney Carson (Xoshitl Gomez week 9),Conservationist,22,1st Place,1,,15.0,True,164.0,0.0914634146341463,False,34_Robert Irwin,0.1926859404051404
34,1,Robert Irwin,Witney Carson (Xoshitl Gomez week 9),Conservationist,22,1st Place,1,,15.0,True,164.0,0.0914634146341463,False,34_Robert Irwin,0.1926859404051404
34,2,Robert Irwin,Witney Carson (Xoshitl Gomez week 9),Conservationist,22,1st Place,1,,22.0,True,278.0,0.079136690647482,False,34_Robert Irwin,0.1927093089256127
34,2,Robert Irwin,Witney Carson (Xoshitl Gomez week 9),Conservationist,22,1st Place,1,,22.0,True,278.0,0.079136690647482,False,34_Robert Irwin,0.1927093089256127
34,3,Robert Irwin,Witney Carson (Xoshitl Gomez week 9),Conservationist,22,1st Place,1,,22.0,True,257.0,0.0856031128404669,False,34_Robert Irwin,0.1927431483322111
34,3,Robert Irwin,Witney Carson (Xoshitl Gomez week 9),Conservationist,22,1st Place,1,,22.0,True,257.0,0.0856031128404669,False,34_Robert Irwin,0.1927431483322111
34,4,Robert Irwin,Witney Carson (Xoshitl Gomez week 9),Conservationist,22,1st Place,1,,22.0,True,248.0,0.0887096774193548,False,34_Robert Irwin,0.1927526706452772
34,4,Robert Irwin,Witney Carson (Xoshitl Gomez week 9),Conservationist,22,1st Place,1,,22.0,True,248.0,0.0887096774193548,False,34_Robert Irwin,0.1927526706452772
34,5,Robert Irwin,Witney Carson (Xoshitl Gomez week 9),Conservationist,22,1st Place,1,,35.0,True,313.0,0.1118210862619808,False,34_Robert Irwin,0.1933449121505873
34,5,Robert Irwin,Witney Carson (Xoshitl Gomez week 9),Conservationist,22,1st Place,1,,35.0,True,313.0,0.1118210862619808,False,34_Robert Irwin,0.1933449121505873
34,6,Robert Irwin,Witney Carson (Xoshitl Gomez week 9),Conservationist,22,1st Place,1,,36.0,True,340.0,0.1058823529411764,False,34_Robert Irwin,0.1939974786524426
34,6,Robert Irwin,Witney Carson (Xoshitl Gomez week 9),Conservationist,22,1st Place,1,,36.0,True,340.0,0.1058823529411764,False,34_Robert Irwin,0.1939974786524426
34,7,Robert Irwin,Witney Carson (Xoshitl Gomez week 9),Conservationist,22,1st Place,1,,41.0,True,332.0,0.1234939759036144,False,34_Robert Irwin,0.1952343764168479
34,7,Robert Irwin,Witney Carson (Xoshitl Gomez week 9),Conservationist,22,1st Place,1,,41.0,True,332.0,0.1234939759036144,False,34_Robert Irwin,0.1952343764168479
34,8,Robert Irwin,Witney Carson (Xoshitl Gomez week 9),Conservationist,22,1st Place,1,,38.0,True,301.5,0.1260364842454394,False,34_Robert Irwin,0.1958295922721369
34,8,Robert Irwin,Witney Carson (Xoshitl Gomez week 9),Conservationist,22,1st Place,1,,38.0,True,301.5,0.1260364842454394,False,34_Robert Irwin,0.1958295922721369
34,9,Robert Irwin,Witney Carson (Xoshitl Gomez week 9),Conservationist,22,1st Place,1,,42.0,True,270.0,0.1555555555555555,False,34_Robert Irwin,0.1969872487890835
34,9,Robert Irwin,Witney Carson (Xoshitl Gomez week 9),Conservationist,22,1st Place,1,,42.0,True,270.0,0.1555555555555555,False,34_Robert Irwin,0.1969872487890835
34,10,Robert Irwin,Witney Carson (Xoshitl Gomez week 9),Conservationist,22,1st Place,1,,29.5,True,172.0,0.1715116279069767,False,34_Robert Irwin,0.1994151158083686
34,10,Robert Irwin,Witney Carson (Xoshitl Gomez week 9),Conservationist,22,1st Place,1,,29.5,True,172.0,0.1715116279069767,False,34_Robert Irwin,0.1994151158083686
34,11,Robert Irwin,Witney Carson (Xoshitl Gomez week 9),Conservationist,22,1st Place,1,,29.666600000000003,True,147.6662,0.2009031179782509,False,34_Robert Irwin,0.1999999966768059
34,11,Robert Irwin,Witney Carson (Xoshitl Gomez week 9),Conservationist,22,1st Place,1,,29.666600000000003,True,147.6662,0.2009031179782509,False,34_Robert Irwin,0.1999999966768059
34,1,Hilaria Baldwin,Gleb Savchenko,Entrepreneur,41,Eliminated Week 4,11,4.0,14.0,True,164.0,0.0853658536585365,False,34_Hilaria Baldwin,8.455706847104783e-05
34,1,Hilaria Baldwin,Gleb Savchenko,Entrepreneur,41,Eliminated Week 4,11,4.0,14.0,True,164.0,0.0853658536585365,False,34_Hilaria Baldwin,8.455706847104783e-05
34,2,Hilaria Baldwin,Gleb Savchenko,Entrepreneur,41,Eliminated Week 4,11,4.0,21.0,True,278.0,0.0755395683453237,False,34_Hilaria Baldwin,9.994127326999188e-05
34,2,Hilaria Baldwin,Gleb Savchenko,Entrepreneur,41,Eliminated Week 4,11,4.0,21.0,True,278.0,0.0755395683453237,False,34_Hilaria Baldwin,9.994127326999188e-05
34,3,Hilaria Baldwin,Gleb Savchenko,Entrepreneur,41,Eliminated Week 4,11,4.0,22.0,True,257.0,0.0856031128404669,False,34_Hilaria Baldwin,0.0001077382234174
34,3,Hilaria Baldwin,Gleb Savchenko,Entrepreneur,41,Eliminated Week 4,11,4.0,22.0,True,257.0,0.0856031128404669,False,34_Hilaria Baldwin,0.0001077382234174
34,4,Hilaria Baldwin,Gleb Savchenko,Entrepreneur,41,Eliminated Week 4,11,4.0,23.0,True,248.0,0.0927419354838709,True,34_Hilaria Baldwin,2.7570060554582692e-18
34,4,Hilaria Baldwin,Gleb Savchenko,Entrepreneur,41,Eliminated Week 4,11,4.0,23.0,True,248.0,0.0927419354838709,True,34_Hilaria Baldwin,2.7570060554582692e-18
34,5,Hilaria Baldwin,Gleb Savchenko,Entrepreneur,41,Eliminated Week 4,11,4.0,0.0,False,313.0,0.0,False,34_Hilaria Baldwin,
34,6,Hilaria Baldwin,Gleb Savchenko,Entrepreneur,41,Eliminated Week 4,11,4.0,0.0,False,340.0,0.0,False,34_Hilaria Baldwin,
34,7,Hilaria Baldwin,Gleb Savchenko,Entrepreneur,41,Eliminated Week 4,11,4.0,0.0,False,332.0,0.0,False,34_Hilaria Baldwin,
34,8,Hilaria Baldwin,Gleb Savchenko,Entrepreneur,41,Eliminated Week 4,11,4.0,0.0,False,301.5,0.0,False,34_Hilaria Baldwin,
34,9,Hilaria Baldwin,Gleb Savchenko,Entrepreneur,41,Eliminated Week 4,11,4.0,0.0,False,270.0,0.0,False,34_Hilaria Baldwin,
34,10,Hilaria Baldwin,Gleb Savchenko,Entrepreneur,41,Eliminated Week 4,11,4.0,0.0,False,172.0,0.0,False,34_Hilaria Baldwin,
34,11,Hilaria Baldwin,Gleb Savchenko,Entrepreneur,41,Eliminated Week 4,11,4.0,0.0,False,147.6662,0.0,False,34_Hilaria Baldwin,
34,1,Lauren Jauregui,Brandon Armstrong,Singer/Rapper,29,Eliminated Week 3,12,3.0,13.0,True,164.0,0.0792682926829268,False,34_Lauren Jauregui,0.0003568859647023
34,1,Lauren Jauregui,Brandon Armstrong,Singer/Rapper,29,Eliminated Week 3,12,3.0,13.0,True,164.0,0.0792682926829268,False,34_Lauren Jauregui,0.0003568859647023
34,2,Lauren Jauregui,Brandon Armstrong,Singer/Rapper,29,Eliminated Week 3,12,3.0,21.0,True,278.0,0.0755395683453237,False,34_Lauren Jauregui,0.0002021715682949
34,2,Lauren Jauregui,Brandon Armstrong,Singer/Rapper,29,Eliminated Week 3,12,3.0,21.0,True,278.0,0.0755395683453237,False,34_Lauren Jauregui,0.0002021715682949
34,3,Lauren Jauregui,Brandon Armstrong,Singer/Rapper,29,Eliminated Week 3,12,3.0,18.0,True,257.0,0.0700389105058365,True,34_Lauren Jauregui,0.0001919577141282
34,3,Lauren Jauregui,Brandon Armstrong,Singer/Rapper,29,Eliminated Week 3,12,3.0,18.0,True,257.0,0.0700389105058365,True,34_Lauren Jauregui,0.0001919577141282
34,4,Lauren Jauregui,Brandon Armstrong,Singer/Rapper,29,Eliminated Week 3,12,3.0,0.0,False,248.0,0.0,False,34_Lauren Jauregui,
34,5,Lauren Jauregui,Brandon Armstrong,Singer/Rapper,29,Eliminated Week 3,12,3.0,0.0,False,313.0,0.0,False,34_Lauren Jauregui,
34,6,Lauren Jauregui,Brandon Armstrong,Singer/Rapper,29,Eliminated Week 3,12,3.0,0.0,False,340.0,0.0,False,34_Lauren Jauregui,
34,7,Lauren Jauregui,Brandon Armstrong,Singer/Rapper,29,Eliminated Week 3,12,3.0,0.0,False,332.0,0.0,False,34_Lauren Jauregui,
34,8,Lauren Jauregui,Brandon Armstrong,Singer/Rapper,29,Eliminated Week 3,12,3.0,0.0,False,301.5,0.0,False,34_Lauren Jauregui,
34,9,Lauren Jauregui,Brandon Armstrong,Singer/Rapper,29,Eliminated Week 3,12,3.0,0.0,False,270.0,0.0,False,34_Lauren Jauregui,
34,10,Lauren Jauregui,Brandon Armstrong,Singer/Rapper,29,Eliminated Week 3,12,3.0,0.0,False,172.0,0.0,False,34_Lauren Jauregui,
34,11,Lauren Jauregui,Brandon Armstrong,Singer/Rapper,29,Eliminated Week 3,12,3.0,0.0,False,147.6662,0.0,False,34_Lauren Jauregui,
34,1,Scott Hoying,Rylee Arnold,Singer/Rapper,34,Eliminated Week 6,10,6.0,10.0,True,164.0,0.0609756097560975,False,34_Scott Hoying,0.0078462591052524
34,1,Scott Hoying,Rylee Arnold,Singer/Rapper,34,Eliminated Week 6,10,6.0,10.0,True,164.0,0.0609756097560975,False,34_Scott Hoying,0.0078462591052524
34,2,Scott Hoying,Rylee Arnold,Singer/Rapper,34,Eliminated Week 6,10,6.0,18.0,True,278.0,0.0647482014388489,False,34_Scott Hoying,0.0079517982304991
34,2,Scott Hoying,Rylee Arnold,Singer/Rapper,34,Eliminated Week 6,10,6.0,18.0,True,278.0,0.0647482014388489,False,34_Scott Hoying,0.0079517982304991
34,3,Scott Hoying,Rylee Arnold,Singer/Rapper,34,Eliminated Week 6,10,6.0,22.0,True,257.0,0.0856031128404669,False,34_Scott Hoying,0.0080130059635226
34,3,Scott Hoying,Rylee Arnold,Singer/Rapper,34,Eliminated Week 6,10,6.0,22.0,True,257.0,0.0856031128404669,False,34_Scott Hoying,0.0080130059635226
34,4,Scott Hoying,Rylee Arnold,Singer/Rapper,34,Eliminated Week 6,10,6.0,21.0,True,248.0,0.0846774193548387,False,34_Scott Hoying,0.0080466553049365
34,4,Scott Hoying,Rylee Arnold,Singer/Rapper,34,Eliminated Week 6,10,6.0,21.0,True,248.0,0.0846774193548387,False,34_Scott Hoying,0.0080466553049365
34,5,Scott Hoying,Rylee Arnold,Singer/Rapper,34,Eliminated Week 6,10,6.0,30.0,True,313.0,0.0958466453674121,False,34_Scott Hoying,0.0073411362264982
34,5,Scott Hoying,Rylee Arnold,Singer/Rapper,34,Eliminated Week 6,10,6.0,30.0,True,313.0,0.0958466453674121,False,34_Scott Hoying,0.0073411362264982
34,6,Scott Hoying,Rylee Arnold,Singer/Rapper,34,Eliminated Week 6,10,6.0,28.0,True,340.0,0.0823529411764705,True,34_Scott Hoying,0.0066383587628729
34,6,Scott Hoying,Rylee Arnold,Singer/Rapper,34,Eliminated Week 6,10,6.0,28.0,True,340.0,0.0823529411764705,True,34_Scott Hoying,0.0066383587628729
34,7,Scott Hoying,Rylee Arnold,Singer/Rapper,34,Eliminated Week 6,10,6.0,0.0,False,332.0,0.0,False,34_Scott Hoying,
34,8,Scott Hoying,Rylee Arnold,Singer/Rapper,34,Eliminated Week 6,10,6.0,0.0,False,301.5,0.0,False,34_Scott Hoying,
34,9,Scott Hoying,Rylee Arnold,Singer/Rapper,34,Eliminated Week 6,10,6.0,0.0,False,270.0,0.0,False,34_Scott Hoying,
34,10,Scott Hoying,Rylee Arnold,Singer/Rapper,34,Eliminated Week 6,10,6.0,0.0,False,172.0,0.0,False,34_Scott Hoying,
34,11,Scott Hoying,Rylee Arnold,Singer/Rapper,34,Eliminated Week 6,10,6.0,0.0,False,147.6662,0.0,False,34_Scott Hoying,
34,1,Alix Earle,Val Chmerkovskiy (Joey Graziadei week 9),Social media personality,24,2nd Place,2,,13.0,True,164.0,0.0792682926829268,False,34_Alix Earle,0.1926859449292674
34,1,Alix Earle,Val Chmerkovskiy (Joey Graziadei week 9),Social media personality,24,2nd Place,2,,13.0,True,164.0,0.0792682926829268,False,34_Alix Earle,0.1926859449292674
34,2,Alix Earle,Val Chmerkovskiy (Joey Graziadei week 9),Social media personality,24,2nd Place,2,,21.0,True,278.0,0.0755395683453237,False,34_Alix Earle,0.1927092963899096
34,2,Alix Earle,Val Chmerkovskiy (Joey Graziadei week 9),Social media personality,24,2nd Place,2,,21.0,True,278.0,0.0755395683453237,False,34_Alix Earle,0.1927092963899096
34,3,Alix Earle,Val Chmerkovskiy (Joey Graziadei week 9),Social media personality,24,2nd Place,2,,23.0,True,257.0,0.0894941634241245,False,34_Alix Earle,0.1927431687224787
34,3,Alix Earle,Val Chmerkovskiy (Joey Graziadei week 9),Social media personality,24,2nd Place,2,,23.0,True,257.0,0.0894941634241245,False,34_Alix Earle,0.1927431687224787
34,4,Alix Earle,Val Chmerkovskiy (Joey Graziadei week 9),Social media personality,24,2nd Place,2,,24.0,True,248.0,0.0967741935483871,False,34_Alix Earle,0.1927526445666451
34,4,Alix Earle,Val Chmerkovskiy (Joey Graziadei week 9),Social media personality,24,2nd Place,2,,24.0,True,248.0,0.0967741935483871,False,34_Alix Earle,0.1927526445666451
34,5,Alix Earle,Val Chmerkovskiy (Joey Graziadei week 9),Social media personality,24,2nd Place,2,,35.0,True,313.0,0.1118210862619808,False,34_Alix Earle,0.1933449426909724
34,5,Alix Earle,Val Chmerkovskiy (Joey Graziadei week 9),Social media personality,24,2nd Place,2,,35.0,True,313.0,0.1118210862619808,False,34_Alix Earle,0.1933449426909724
34,6,Alix Earle,Val Chmerkovskiy (Joey Graziadei week 9),Social media personality,24,2nd Place,2,,35.0,True,340.0,0.1029411764705882,False,34_Alix Earle,0.1939974467607806
34,6,Alix Earle,Val Chmerkovskiy (Joey Graziadei week 9),Social media personality,24,2nd Place,2,,35.0,True,340.0,0.1029411764705882,False,34_Alix Earle,0.1939974467607806
34,7,Alix Earle,Val Chmerkovskiy (Joey Graziadei week 9),Social media personality,24,2nd Place,2,,43.0,True,332.0,0.1295180722891566,False,34_Alix Earle,0.1952344078002231
34,7,Alix Earle,Val Chmerkovskiy (Joey Graziadei week 9),Social media personality,24,2nd Place,2,,43.0,True,332.0,0.1295180722891566,False,34_Alix Earle,0.1952344078002231
34,8,Alix Earle,Val Chmerkovskiy (Joey Graziadei week 9),Social media personality,24,2nd Place,2,,38.5,True,301.5,0.1276948590381426,False,34_Alix Earle,0.195829564719163
34,8,Alix Earle,Val Chmerkovskiy (Joey Graziadei week 9),Social media personality,24,2nd Place,2,,38.5,True,301.5,0.1276948590381426,False,34_Alix Earle,0.195829564719163
34,9,Alix Earle,Val Chmerkovskiy (Joey Graziadei week 9),Social media personality,24,2nd Place,2,,40.0,True,270.0,0.1481481481481481,False,34_Alix Earle,0.1969872707733755
34,9,Alix Earle,Val Chmerkovskiy (Joey Graziadei week 9),Social media personality,24,2nd Place,2,,40.0,True,270.0,0.1481481481481481,False,34_Alix Earle,0.1969872707733755
34,10,Alix Earle,Val Chmerkovskiy (Joey Graziadei week 9),Social media personality,24,2nd Place,2,,29.0,True,172.0,0.1686046511627907,False,34_Alix Earle,0.1994151020820351
34,10,Alix Earle,Val Chmerkovskiy (Joey Graziadei week 9),Social media personality,24,2nd Place,2,,29.0,True,172.0,0.1686046511627907,False,34_Alix Earle,0.1994151020820351
34,11,Alix Earle,Val Chmerkovskiy (Joey Graziadei week 9),Social media personality,24,2nd Place,2,,30.0,True,147.6662,0.2031609129238783,False,34_Alix Earle,0.2000000016234565
34,11,Alix Earle,Val Chmerkovskiy (Joey Graziadei week 9),Social media personality,24,2nd Place,2,,30.0,True,147.6662,0.2031609129238783,False,34_Alix Earle,0.2000000016234565
34,1,Jen Affleck,Jan Ravnik,TV Personality,26,Eliminated Week 7,9,7.0,12.0,True,164.0,0.073170731707317,False,34_Jen Affleck,0.0001003952797024
34,1,Jen Affleck,Jan Ravnik,TV Personality,26,Eliminated Week 7,9,7.0,12.0,True,164.0,0.073170731707317,False,34_Jen Affleck,0.0001003952797024
34,2,Jen Affleck,Jan Ravnik,TV Personality,26,Eliminated Week 7,9,7.0,22.0,True,278.0,0.079136690647482,False,34_Jen Affleck,0.0002399162549369
34,2,Jen Affleck,Jan Ravnik,TV Personality,26,Eliminated Week 7,9,7.0,22.0,True,278.0,0.079136690647482,False,34_Jen Affleck,0.0002399162549369
34,3,Jen Affleck,Jan Ravnik,TV Personality,26,Eliminated Week 7,9,7.0,19.0,True,257.0,0.0739299610894941,False,34_Jen Affleck,2.6837569055123624e-05
34,3,Jen Affleck,Jan Ravnik,TV Personality,26,Eliminated Week 7,9,7.0,19.0,True,257.0,0.0739299610894941,False,34_Jen Affleck,2.6837569055123624e-05
34,4,Jen Affleck,Jan Ravnik,TV Personality,26,Eliminated Week 7,9,7.0,23.0,True,248.0,0.0927419354838709,False,34_Jen Affleck,1.4797619854431128e-18
34,4,Jen Affleck,Jan Ravnik,TV Personality,26,Eliminated Week 7,9,7.0,23.0,True,248.0,0.0927419354838709,False,34_Jen Affleck,1.4797619854431128e-18
34,5,Jen Affleck,Jan Ravnik,TV Personality,26,Eliminated Week 7,9,7.0,29.0,True,313.0,0.0926517571884984,False,34_Jen Affleck,6.666149746832817e-05
34,5,Jen Affleck,Jan Ravnik,TV Personality,26,Eliminated Week 7,9,7.0,29.0,True,313.0,0.0926517571884984,False,34_Jen Affleck,6.666149746832817e-05
34,6,Jen Affleck,Jan Ravnik,TV Personality,26,Eliminated Week 7,9,7.0,32.0,True,340.0,0.0941176470588235,False,34_Jen Affleck,4.648318608795288e-05
34,6,Jen Affleck,Jan Ravnik,TV Personality,26,Eliminated Week 7,9,7.0,32.0,True,340.0,0.0941176470588235,False,34_Jen Affleck,4.648318608795288e-05
34,7,Jen Affleck,Jan Ravnik,TV Personality,26,Eliminated Week 7,9,7.0,34.0,True,332.0,0.1024096385542168,True,34_Jen Affleck,0.0008217496672652
34,7,Jen Affleck,Jan Ravnik,TV Personality,26,Eliminated Week 7,9,7.0,34.0,True,332.0,0.1024096385542168,True,34_Jen Affleck,0.0008217496672652
34,8,Jen Affleck,Jan Ravnik,TV Personality,26,Eliminated Week 7,9,7.0,0.0,False,301.5,0.0,False,34_Jen Affleck,
34,9,Jen Affleck,Jan Ravnik,TV Personality,26,Eliminated Week 7,9,7.0,0.0,False,270.0,0.0,False,34_Jen Affleck,
34,10,Jen Affleck,Jan Ravnik,TV Personality,26,Eliminated Week 7,9,7.0,0.0,False,172.0,0.0,False,34_Jen Affleck,
34,11,Jen Affleck,Jan Ravnik,TV Personality,26,Eliminated Week 7,9,7.0,0.0,False,147.6662,0.0,False,34_Jen Affleck,
34,1,Whitney Leavitt,Mark Ballas,TV Personality,32,Eliminated Week 10,6,10.0,15.0,True,164.0,0.0914634146341463,False,34_Whitney Leavitt,0.0001399103285716
34,1,Whitney Leavitt,Mark Ballas,TV Personality,32,Eliminated Week 10,6,10.0,15.0,True,164.0,0.0914634146341463,False,34_Whitney Leavitt,0.0001399103285716
34,2,Whitney Leavitt,Mark Ballas,TV Personality,32,Eliminated Week 10,6,10.0,22.0,True,278.0,0.079136690647482,False,34_Whitney Leavitt,3.126062200215402e-05
34,2,Whitney Leavitt,Mark Ballas,TV Personality,32,Eliminated Week 10,6,10.0,22.0,True,278.0,0.079136690647482,False,34_Whitney Leavitt,3.126062200215402e-05
34,3,Whitney Leavitt,Mark Ballas,TV Personality,32,Eliminated Week 10,6,10.0,24.0,True,257.0,0.0933852140077821,False,34_Whitney Leavitt,4.8575037811222566e-05
34,3,Whitney Leavitt,Mark Ballas,TV Personality,32,Eliminated Week 10,6,10.0,24.0,True,257.0,0.0933852140077821,False,34_Whitney Leavitt,4.8575037811222566e-05
34,4,Whitney Leavitt,Mark Ballas,TV Personality,32,Eliminated Week 10,6,10.0,25.0,True,248.0,0.1008064516129032,False,34_Whitney Leavitt,6.788929716295412e-19
34,4,Whitney Leavitt,Mark Ballas,TV Personality,32,Eliminated Week 10,6,10.0,25.0,True,248.0,0.1008064516129032,False,34_Whitney Leavitt,6.788929716295412e-19
34,5,Whitney Leavitt,Mark Ballas,TV Personality,32,Eliminated Week 10,6,10.0,33.0,True,313.0,0.1054313099041533,False,34_Whitney Leavitt,0.0
34,5,Whitney Leavitt,Mark Ballas,TV Personality,32,Eliminated Week 10,6,10.0,33.0,True,313.0,0.1054313099041533,False,34_Whitney Leavitt,0.0
34,6,Whitney Leavitt,Mark Ballas,TV Personality,32,Eliminated Week 10,6,10.0,39.0,True,340.0,0.1147058823529411,False,34_Whitney Leavitt,6.548187527774297e-18
34,6,Whitney Leavitt,Mark Ballas,TV Personality,32,Eliminated Week 10,6,10.0,39.0,True,340.0,0.1147058823529411,False,34_Whitney Leavitt,6.548187527774297e-18
34,7,Whitney Leavitt,Mark Ballas,TV Personality,32,Eliminated Week 10,6,10.0,42.0,True,332.0,0.1265060240963855,False,34_Whitney Leavitt,0.0006876385395399
34,7,Whitney Leavitt,Mark Ballas,TV Personality,32,Eliminated Week 10,6,10.0,42.0,True,332.0,0.1265060240963855,False,34_Whitney Leavitt,0.0006876385395399
34,8,Whitney Leavitt,Mark Ballas,TV Personality,32,Eliminated Week 10,6,10.0,39.5,True,301.5,0.1310116086235489,False,34_Whitney Leavitt,0.000619884086902
34,8,Whitney Leavitt,Mark Ballas,TV Personality,32,Eliminated Week 10,6,10.0,39.5,True,301.5,0.1310116086235489,False,34_Whitney Leavitt,0.000619884086902
34,9,Whitney Leavitt,Mark Ballas,TV Personality,32,Eliminated Week 10,6,10.0,42.0,True,270.0,0.1555555555555555,False,34_Whitney Leavitt,0.0011741882005497
34,9,Whitney Leavitt,Mark Ballas,TV Personality,32,Eliminated Week 10,6,10.0,42.0,True,270.0,0.1555555555555555,False,34_Whitney Leavitt,0.0011741882005497
34,10,Whitney Leavitt,Mark Ballas,TV Personality,32,Eliminated Week 10,6,10.0,29.0,True,172.0,0.1686046511627907,True,34_Whitney Leavitt,0.0029244687961001
34,10,Whitney Leavitt,Mark Ballas,TV Personality,32,Eliminated Week 10,6,10.0,29.0,True,172.0,0.1686046511627907,True,34_Whitney Leavitt,0.0029244687961001
34,11,Whitney Leavitt,Mark Ballas,TV Personality,32,Eliminated Week 10,6,10.0,0.0,False,147.6662,0.0,False,34_Whitney Leavitt,
34,1,Dylan Efron,Daniella Karagach (Rumer Willis week 9),TV Personality,33,4th Place,4,,10.0,True,164.0,0.0609756097560975,False,34_Dylan Efron,0.1926859459649955
34,1,Dylan Efron,Daniella Karagach (Rumer Willis week 9),TV Personality,33,4th Place,4,,10.0,True,164.0,0.0609756097560975,False,34_Dylan Efron,0.1926859459649955
34,2,Dylan Efron,Daniella Karagach (Rumer Willis week 9),TV Personality,33,4th Place,4,,20.0,True,278.0,0.0719424460431654,False,34_Dylan Efron,0.1927092931167652
34,2,Dylan Efron,Daniella Karagach (Rumer Willis week 9),TV Personality,33,4th Place,4,,20.0,True,278.0,0.0719424460431654,False,34_Dylan Efron,0.1927092931167652
34,3,Dylan Efron,Daniella Karagach (Rumer Willis week 9),TV Personality,33,4th Place,4,,23.0,True,257.0,0.0894941634241245,False,34_Dylan Efron,0.1927431734353611
34,3,Dylan Efron,Daniella Karagach (Rumer Willis week 9),TV Personality,33,4th Place,4,,23.0,True,257.0,0.0894941634241245,False,34_Dylan Efron,0.1927431734353611
34,4,Dylan Efron,Daniella Karagach (Rumer Willis week 9),TV Personality,33,4th Place,4,,23.0,True,248.0,0.0927419354838709,False,34_Dylan Efron,0.1927526386046937
34,4,Dylan Efron,Daniella Karagach (Rumer Willis week 9),TV Personality,33,4th Place,4,,23.0,True,248.0,0.0927419354838709,False,34_Dylan Efron,0.1927526386046937
34,5,Dylan Efron,Daniella Karagach (Rumer Willis week 9),TV Personality,33,4th Place,4,,36.0,True,313.0,0.1150159744408945,False,34_Dylan Efron,0.193344948932494
34,5,Dylan Efron,Daniella Karagach (Rumer Willis week 9),TV Personality,33,4th Place,4,,36.0,True,313.0,0.1150159744408945,False,34_Dylan Efron,0.193344948932494
34,6,Dylan Efron,Daniella Karagach (Rumer Willis week 9),TV Personality,33,4th Place,4,,32.0,True,340.0,0.0941176470588235,False,34_Dylan Efron,0.1939974404861511
34,6,Dylan Efron,Daniella Karagach (Rumer Willis week 9),TV Personality,33,4th Place,4,,32.0,True,340.0,0.0941176470588235,False,34_Dylan Efron,0.1939974404861511
34,7,Dylan Efron,Daniella Karagach (Rumer Willis week 9),TV Personality,33,4th Place,4,,38.0,True,332.0,0.1144578313253012,False,34_Dylan Efron,0.1952344131776986
34,7,Dylan Efron,Daniella Karagach (Rumer Willis week 9),TV Personality,33,4th Place,4,,38.0,True,332.0,0.1144578313253012,False,34_Dylan Efron,0.1952344131776986
34,8,Dylan Efron,Daniella Karagach (Rumer Willis week 9),TV Personality,33,4th Place,4,,38.0,True,301.5,0.1260364842454394,False,34_Dylan Efron,0.1958295601744215
34,8,Dylan Efron,Daniella Karagach (Rumer Willis week 9),TV Personality,33,4th Place,4,,38.0,True,301.5,0.1260364842454394,False,34_Dylan Efron,0.1958295601744215
34,9,Dylan Efron,Daniella Karagach (Rumer Willis week 9),TV Personality,33,4th Place,4,,42.0,True,270.0,0.1555555555555555,False,34_Dylan Efron,0.1969872739207966
34,9,Dylan Efron,Daniella Karagach (Rumer Willis week 9),TV Personality,33,4th Place,4,,42.0,True,270.0,0.1555555555555555,False,34_Dylan Efron,0.1969872739207966
34,10,Dylan Efron,Daniella Karagach (Rumer Willis week 9),TV Personality,33,4th Place,4,,27.5,True,172.0,0.1598837209302325,False,34_Dylan Efron,0.1994151000080312
34,10,Dylan Efron,Daniella Karagach (Rumer Willis week 9),TV Personality,33,4th Place,4,,27.5,True,172.0,0.1598837209302325,False,34_Dylan Efron,0.1994151000080312
34,11,Dylan Efron,Daniella Karagach (Rumer Willis week 9),TV Personality,33,4th Place,4,,29.3332,True,147.6662,0.1986453230326235,False,34_Dylan Efron,0.2000000021722636
34,11,Dylan Efron,Daniella Karagach (Rumer Willis week 9),TV Personality,33,4th Place,4,,29.3332,True,147.6662,0.1986453230326235,False,34_Dylan Efron,0.2000000021722636
