season,week,celebrity_name,ballroom_partner,celebrity_industry,age,results,placement,elim_week,J_total,active,J_sum_week,J_pct,eliminated,contestant_id
1,1,John O'Hurley,Charlotte Jorgensen,Actor/Actress,50,2nd Place,2,,20.0,True,109.0,0.1834862385321101,False,1_John O'Hurley
1,2,John O'Hurley,Charlotte Jorgensen,Actor/Actress,50,2nd Place,2,,26.0,True,121.0,0.21487603305785125,False,1_John O'Hurley
1,3,John O'Hurley,Charlotte Jorgensen,Actor/Actress,50,2nd Place,2,,24.0,True,106.0,0.22641509433962265,False,1_John O'Hurley
1,4,John O'Hurley,Charlotte Jorgensen,Actor/Actress,50,2nd Place,2,,21.0,True,92.0,0.22826086956521738,False,1_John O'Hurley
1,5,John O'Hurley,Charlotte Jorgensen,Actor/Actress,50,2nd Place,2,,27.0,True,73.0,0.3698630136986301,False,1_John O'Hurley
1,6,John O'Hurley,Charlotte Jorgensen,Actor/Actress,50,2nd Place,2,,27.0,True,54.5,0.4954128440366973,False,1_John O'Hurley
1,1,Kelly Monaco,Alec Mazo,Actor/Actress,29,1st Place,1,,13.0,True,109.0,0.11926605504587157,False,1_Kelly Monaco
1,2,Kelly Monaco,Alec Mazo,Actor/Actress,29,1st Place,1,,17.0,True,121.0,0.14049586776859505,False,1_Kelly Monaco
1,3,Kelly Monaco,Alec Mazo,Actor/Actress,29,1st Place,1,,21.0,True,106.0,0.19811320754716982,False,1_Kelly Monaco
1,4,Kelly Monaco,Alec Mazo,Actor/Actress,29,1st Place,1,,26.0,True,92.0,0.2826086956521739,False,1_Kelly Monaco
1,5,Kelly Monaco,Alec Mazo,Actor/Actress,29,1st Place,1,,23.5,True,73.0,0.3219178082191781,False,1_Kelly Monaco
1,6,Kelly Monaco,Alec Mazo,Actor/Actress,29,1st Place,1,,27.5,True,54.5,0.5045871559633027,False,1_Kelly Monaco
1,1,Evander Holyfield,Edyta Sliwinska,Athlete,42,Eliminated Week 3,5,3.0,18.0,True,109.0,0.1651376146788991,False,1_Evander Holyfield
1,2,Evander Holyfield,Edyta Sliwinska,Athlete,42,Eliminated Week 3,5,3.0,14.0,True,121.0,0.11570247933884298,False,1_Evander Holyfield
1,3,Evander Holyfield,Edyta Sliwinska,Athlete,42,Eliminated Week 3,5,3.0,13.0,True,106.0,0.12264150943396226,True,1_Evander Holyfield
1,4,Evander Holyfield,Edyta Sliwinska,Athlete,42,Eliminated Week 3,5,3.0,0.0,False,92.0,0.0,False,1_Evander Holyfield
1,5,Evander Holyfield,Edyta Sliwinska,Athlete,42,Eliminated Week 3,5,3.0,0.0,False,73.0,0.0,False,1_Evander Holyfield
1,6,Evander Holyfield,Edyta Sliwinska,Athlete,42,Eliminated Week 3,5,3.0,0.0,False,54.5,0.0,False,1_Evander Holyfield
1,1,Rachel Hunter,Jonathan Roberts,Model,35,Eliminated Week 4,4,4.0,20.0,True,109.0,0.1834862385321101,False,1_Rachel Hunter
1,2,Rachel Hunter,Jonathan Roberts,Model,35,Eliminated Week 4,4,4.0,24.0,True,121.0,0.19834710743801653,False,1_Rachel Hunter
1,3,Rachel Hunter,Jonathan Roberts,Model,35,Eliminated Week 4,4,4.0,26.0,True,106.0,0.24528301886792453,False,1_Rachel Hunter
1,4,Rachel Hunter,Jonathan Roberts,Model,35,Eliminated Week 4,4,4.0,25.0,True,92.0,0.2717391304347826,True,1_Rachel Hunter
1,5,Rachel Hunter,Jonathan Roberts,Model,35,Eliminated Week 4,4,4.0,0.0,False,73.0,0.0,False,1_Rachel Hunter
1,6,Rachel Hunter,Jonathan Roberts,Model,35,Eliminated Week 4,4,4.0,0.0,False,54.5,0.0,False,1_Rachel Hunter
1,1,Joey McIntyre,Ashly DelGrosso,Singer/Rapper,32,3rd Place,3,,20.0,True,109.0,0.1834862385321101,False,1_Joey McIntyre
1,2,Joey McIntyre,Ashly DelGrosso,Singer/Rapper,32,3rd Place,3,,21.0,True,121.0,0.17355371900826447,False,1_Joey McIntyre
1,3,Joey McIntyre,Ashly DelGrosso,Singer/Rapper,32,3rd Place,3,,22.0,True,106.0,0.20754716981132076,False,1_Joey McIntyre
1,4,Joey McIntyre,Ashly DelGrosso,Singer/Rapper,32,3rd Place,3,,20.0,True,92.0,0.21739130434782608,False,1_Joey McIntyre
1,5,Joey McIntyre,Ashly DelGrosso,Singer/Rapper,32,3rd Place,3,,22.5,True,73.0,0.3082191780821918,False,1_Joey McIntyre
1,6,Joey McIntyre,Ashly DelGrosso,Singer/Rapper,32,3rd Place,3,,0.0,False,54.5,0.0,False,1_Joey McIntyre
1,1,Trista Sutter,Louis van Amstel,TV Personality,32,Eliminated Week 2,6,2.0,18.0,True,109.0,0.1651376146788991,False,1_Trista Sutter
1,2,Trista Sutter,Louis van Amstel,TV Personality,32,Eliminated Week 2,6,2.0,19.0,True,121.0,0.15702479338842976,True,1_Trista Sutter
1,3,Trista Sutter,Louis van Amstel,TV Personality,32,Eliminated Week 2,6,2.0,0.0,False,106.0,0.0,False,1_Trista Sutter
1,4,Trista Sutter,Louis van Amstel,TV Personality,32,Eliminated Week 2,6,2.0,0.0,False,92.0,0.0,False,1_Trista Sutter
1,5,Trista Sutter,Louis van Amstel,TV Personality,32,Eliminated Week 2,6,2.0,0.0,False,73.0,0.0,False,1_Trista Sutter
1,6,Trista Sutter,Louis van Amstel,TV Personality,32,Eliminated Week 2,6,2.0,0.0,False,54.5,0.0,False,1_Trista Sutter
2,1,Tatum O'Neal,Nick Kosovich,Actor/Actress,42,Eliminated Week 2,9,2.0,23.0,True,195.0,0.11794871794871795,False,2_Tatum O'Neal
2,2,Tatum O'Neal,Nick Kosovich,Actor/Actress,42,Eliminated Week 2,9,2.0,17.0,True,200.0,0.085,True,2_Tatum O'Neal
2,3,Tatum O'Neal,Nick Kosovich,Actor/Actress,42,Eliminated Week 2,9,2.0,0.0,False,182.0,0.0,False,2_Tatum O'Neal
2,4,Tatum O'Neal,Nick Kosovich,Actor/Actress,42,Eliminated Week 2,9,2.0,0.0,False,158.0,0.0,False,2_Tatum O'Neal
2,5,Tatum O'Neal,Nick Kosovich,Actor/Actress,42,Eliminated Week 2,9,2.0,0.0,False,151.0,0.0,False,2_Tatum O'Neal
2,6,Tatum O'Neal,Nick Kosovich,Actor/Actress,42,Eliminated Week 2,9,2.0,0.0,False,133.0,0.0,False,2_Tatum O'Neal
2,7,Tatum O'Neal,Nick Kosovich,Actor/Actress,42,Eliminated Week 2,9,2.0,0.0,False,102.0,0.0,False,2_Tatum O'Neal
2,8,Tatum O'Neal,Nick Kosovich,Actor/Actress,42,Eliminated Week 2,9,2.0,0.0,False,84.3329,0.0,False,2_Tatum O'Neal
2,1,Tia Carrere,Maksim Chmerkoskiy,Actor/Actress,39,Eliminated Week 5,6,5.0,20.0,True,195.0,0.10256410256410256,False,2_Tia Carrere
2,2,Tia Carrere,Maksim Chmerkoskiy,Actor/Actress,39,Eliminated Week 5,6,5.0,22.0,True,200.0,0.11,False,2_Tia Carrere
2,3,Tia Carrere,Maksim Chmerkoskiy,Actor/Actress,39,Eliminated Week 5,6,5.0,26.0,True,182.0,0.14285714285714285,False,2_Tia Carrere
2,4,Tia Carrere,Maksim Chmerkoskiy,Actor/Actress,39,Eliminated Week 5,6,5.0,25.0,True,158.0,0.15822784810126583,False,2_Tia Carrere
2,5,Tia Carrere,Maksim Chmerkoskiy,Actor/Actress,39,Eliminated Week 5,6,5.0,22.0,True,151.0,0.1456953642384106,True,2_Tia Carrere
2,6,Tia Carrere,Maksim Chmerkoskiy,Actor/Actress,39,Eliminated Week 5,6,5.0,0.0,False,133.0,0.0,False,2_Tia Carrere
2,7,Tia Carrere,Maksim Chmerkoskiy,Actor/Actress,39,Eliminated Week 5,6,5.0,0.0,False,102.0,0.0,False,2_Tia Carrere
2,8,Tia Carrere,Maksim Chmerkoskiy,Actor/Actress,39,Eliminated Week 5,6,5.0,0.0,False,84.3329,0.0,False,2_Tia Carrere
2,1,George Hamilton,Edyta Sliwinska,Actor/Actress,66,Eliminated Week 6,5,6.0,18.0,True,195.0,0.09230769230769231,False,2_George Hamilton
2,2,George Hamilton,Edyta Sliwinska,Actor/Actress,66,Eliminated Week 6,5,6.0,22.0,True,200.0,0.11,False,2_George Hamilton
2,3,George Hamilton,Edyta Sliwinska,Actor/Actress,66,Eliminated Week 6,5,6.0,22.0,True,182.0,0.12087912087912088,False,2_George Hamilton
2,4,George Hamilton,Edyta Sliwinska,Actor/Actress,66,Eliminated Week 6,5,6.0,21.0,True,158.0,0.13291139240506328,False,2_George Hamilton
2,5,George Hamilton,Edyta Sliwinska,Actor/Actress,66,Eliminated Week 6,5,6.0,24.0,True,151.0,0.15894039735099338,False,2_George Hamilton
2,6,George Hamilton,Edyta Sliwinska,Actor/Actress,66,Eliminated Week 6,5,6.0,23.0,True,133.0,0.17293233082706766,True,2_George Hamilton
2,7,George Hamilton,Edyta Sliwinska,Actor/Actress,66,Eliminated Week 6,5,6.0,0.0,False,102.0,0.0,False,2_George Hamilton
2,8,George Hamilton,Edyta Sliwinska,Actor/Actress,66,Eliminated Week 6,5,6.0,0.0,False,84.3329,0.0,False,2_George Hamilton
2,1,Lisa Rinna,Louis van Amstel,Actor/Actress,42,Eliminated Week 7,4,7.0,19.0,True,195.0,0.09743589743589744,False,2_Lisa Rinna
2,2,Lisa Rinna,Louis van Amstel,Actor/Actress,42,Eliminated Week 7,4,7.0,20.0,True,200.0,0.1,False,2_Lisa Rinna
2,3,Lisa Rinna,Louis van Amstel,Actor/Actress,42,Eliminated Week 7,4,7.0,25.0,True,182.0,0.13736263736263737,False,2_Lisa Rinna
2,4,Lisa Rinna,Louis van Amstel,Actor/Actress,42,Eliminated Week 7,4,7.0,26.0,True,158.0,0.16455696202531644,False,2_Lisa Rinna
2,5,Lisa Rinna,Louis van Amstel,Actor/Actress,42,Eliminated Week 7,4,7.0,25.0,True,151.0,0.16556291390728478,False,2_Lisa Rinna
2,6,Lisa Rinna,Louis van Amstel,Actor/Actress,42,Eliminated Week 7,4,7.0,27.0,True,133.0,0.20300751879699247,False,2_Lisa Rinna
2,7,Lisa Rinna,Louis van Amstel,Actor/Actress,42,Eliminated Week 7,4,7.0,26.5,True,102.0,0.25980392156862747,True,2_Lisa Rinna
2,8,Lisa Rinna,Louis van Amstel,Actor/Actress,42,Eliminated Week 7,4,7.0,0.0,False,84.3329,0.0,False,2_Lisa Rinna
2,1,Stacy Keibler,Tony Dovolani,Athlete,26,3rd Place,3,,22.0,True,195.0,0.11282051282051282,False,2_Stacy Keibler
2,2,Stacy Keibler,Tony Dovolani,Athlete,26,3rd Place,3,,29.0,True,200.0,0.145,False,2_Stacy Keibler
2,3,Stacy Keibler,Tony Dovolani,Athlete,26,3rd Place,3,,27.0,True,182.0,0.14835164835164835,False,2_Stacy Keibler
2,4,Stacy Keibler,Tony Dovolani,Athlete,26,3rd Place,3,,26.0,True,158.0,0.16455696202531644,False,2_Stacy Keibler
2,5,Stacy Keibler,Tony Dovolani,Athlete,26,3rd Place,3,,30.0,True,151.0,0.1986754966887417,False,2_Stacy Keibler
2,6,Stacy Keibler,Tony Dovolani,Athlete,26,3rd Place,3,,30.0,True,133.0,0.22556390977443608,False,2_Stacy Keibler
2,7,Stacy Keibler,Tony Dovolani,Athlete,26,3rd Place,3,,27.5,True,102.0,0.2696078431372549,False,2_Stacy Keibler
2,8,Stacy Keibler,Tony Dovolani,Athlete,26,3rd Place,3,,28.6665,True,84.3329,0.33992071896021603,False,2_Stacy Keibler
2,1,Jerry Rice,Anna Trebunskaya,Athlete,43,2nd Place,2,,21.0,True,195.0,0.1076923076923077,False,2_Jerry Rice
2,2,Jerry Rice,Anna Trebunskaya,Athlete,43,2nd Place,2,,23.0,True,200.0,0.115,False,2_Jerry Rice
2,3,Jerry Rice,Anna Trebunskaya,Athlete,43,2nd Place,2,,19.0,True,182.0,0.1043956043956044,False,2_Jerry Rice
2,4,Jerry Rice,Anna Trebunskaya,Athlete,43,2nd Place,2,,24.0,True,158.0,0.1518987341772152,False,2_Jerry Rice
2,5,Jerry Rice,Anna Trebunskaya,Athlete,43,2nd Place,2,,23.0,True,151.0,0.152317880794702,False,2_Jerry Rice
2,6,Jerry Rice,Anna Trebunskaya,Athlete,43,2nd Place,2,,23.0,True,133.0,0.17293233082706766,False,2_Jerry Rice
2,7,Jerry Rice,Anna Trebunskaya,Athlete,43,2nd Place,2,,20.5,True,102.0,0.20098039215686275,False,2_Jerry Rice
2,8,Jerry Rice,Anna Trebunskaya,Athlete,43,2nd Place,2,,26.666600000000003,True,84.3329,0.31620636785880724,False,2_Jerry Rice
2,1,Giselle Fernandez,Jonathan Roberts,News Anchor,44,Eliminated Week 3,8,3.0,23.0,True,195.0,0.11794871794871795,False,2_Giselle Fernandez
2,2,Giselle Fernandez,Jonathan Roberts,News Anchor,44,Eliminated Week 3,8,3.0,24.0,True,200.0,0.12,False,2_Giselle Fernandez
2,3,Giselle Fernandez,Jonathan Roberts,News Anchor,44,Eliminated Week 3,8,3.0,22.0,True,182.0,0.12087912087912088,True,2_Giselle Fernandez
2,4,Giselle Fernandez,Jonathan Roberts,News Anchor,44,Eliminated Week 3,8,3.0,0.0,False,158.0,0.0,False,2_Giselle Fernandez
2,5,Giselle Fernandez,Jonathan Roberts,News Anchor,44,Eliminated Week 3,8,3.0,0.0,False,151.0,0.0,False,2_Giselle Fernandez
2,6,Giselle Fernandez,Jonathan Roberts,News Anchor,44,Eliminated Week 3,8,3.0,0.0,False,133.0,0.0,False,2_Giselle Fernandez
2,7,Giselle Fernandez,Jonathan Roberts,News Anchor,44,Eliminated Week 3,8,3.0,0.0,False,102.0,0.0,False,2_Giselle Fernandez
2,8,Giselle Fernandez,Jonathan Roberts,News Anchor,44,Eliminated Week 3,8,3.0,0.0,False,84.3329,0.0,False,2_Giselle Fernandez
2,1,Master P,Ashly DelGrosso,Singer/Rapper,35,Eliminated Week 4,7,4.0,12.0,True,195.0,0.06153846153846154,False,2_Master P
2,2,Master P,Ashly DelGrosso,Singer/Rapper,35,Eliminated Week 4,7,4.0,16.0,True,200.0,0.08,False,2_Master P
2,3,Master P,Ashly DelGrosso,Singer/Rapper,35,Eliminated Week 4,7,4.0,14.0,True,182.0,0.07692307692307693,False,2_Master P
2,4,Master P,Ashly DelGrosso,Singer/Rapper,35,Eliminated Week 4,7,4.0,8.0,True,158.0,0.05063291139240506,True,2_Master P
2,5,Master P,Ashly DelGrosso,Singer/Rapper,35,Eliminated Week 4,7,4.0,0.0,False,151.0,0.0,False,2_Master P
2,6,Master P,Ashly DelGrosso,Singer/Rapper,35,Eliminated Week 4,7,4.0,0.0,False,133.0,0.0,False,2_Master P
2,7,Master P,Ashly DelGrosso,Singer/Rapper,35,Eliminated Week 4,7,4.0,0.0,False,102.0,0.0,False,2_Master P
2,8,Master P,Ashly DelGrosso,Singer/Rapper,35,Eliminated Week 4,7,4.0,0.0,False,84.3329,0.0,False,2_Master P
2,1,Drew Lachey,Cheryl Burke,Singer/Rapper,29,1st Place,1,,24.0,True,195.0,0.12307692307692308,False,2_Drew Lachey
2,2,Drew Lachey,Cheryl Burke,Singer/Rapper,29,1st Place,1,,27.0,True,200.0,0.135,False,2_Drew Lachey
2,3,Drew Lachey,Cheryl Burke,Singer/Rapper,29,1st Place,1,,27.0,True,182.0,0.14835164835164835,False,2_Drew Lachey
2,4,Drew Lachey,Cheryl Burke,Singer/Rapper,29,1st Place,1,,28.0,True,158.0,0.17721518987341772,False,2_Drew Lachey
2,5,Drew Lachey,Cheryl Burke,Singer/Rapper,29,1st Place,1,,27.0,True,151.0,0.17880794701986755,False,2_Drew Lachey
2,6,Drew Lachey,Cheryl Burke,Singer/Rapper,29,1st Place,1,,30.0,True,133.0,0.22556390977443608,False,2_Drew Lachey
2,7,Drew Lachey,Cheryl Burke,Singer/Rapper,29,1st Place,1,,27.5,True,102.0,0.2696078431372549,False,2_Drew Lachey
2,8,Drew Lachey,Cheryl Burke,Singer/Rapper,29,1st Place,1,,28.9998,True,84.3329,0.34387291318097685,False,2_Drew Lachey
2,1,Kenny Mayne,Andrea Hale,Sports Broadcaster,46,Eliminated Week 1,10,1.0,13.0,True,195.0,0.06666666666666667,True,2_Kenny Mayne
2,2,Kenny Mayne,Andrea Hale,Sports Broadcaster,46,Eliminated Week 1,10,1.0,0.0,False,200.0,0.0,False,2_Kenny Mayne
2,3,Kenny Mayne,Andrea Hale,Sports Broadcaster,46,Eliminated Week 1,10,1.0,0.0,False,182.0,0.0,False,2_Kenny Mayne
2,4,Kenny Mayne,Andrea Hale,Sports Broadcaster,46,Eliminated Week 1,10,1.0,0.0,False,158.0,0.0,False,2_Kenny Mayne
2,5,Kenny Mayne,Andrea Hale,Sports Broadcaster,46,Eliminated Week 1,10,1.0,0.0,False,151.0,0.0,False,2_Kenny Mayne
2,6,Kenny Mayne,Andrea Hale,Sports Broadcaster,46,Eliminated Week 1,10,1.0,0.0,False,133.0,0.0,False,2_Kenny Mayne
2,7,Kenny Mayne,Andrea Hale,Sports Broadcaster,46,Eliminated Week 1,10,1.0,0.0,False,102.0,0.0,False,2_Kenny Mayne
2,8,Kenny Mayne,Andrea Hale,Sports Broadcaster,46,Eliminated Week 1,10,1.0,0.0,False,84.3329,0.0,False,2_Kenny Mayne
3,1,Harry Hamlin,Ashly DelGrosso,Actor/Actress,54,Eliminated Week 3,9,3.0,17.0,True,212.0,0.08018867924528301,False,3_Harry Hamlin
3,2,Harry Hamlin,Ashly DelGrosso,Actor/Actress,54,Eliminated Week 3,9,3.0,21.0,True,230.0,0.09130434782608696,False,3_Harry Hamlin
3,3,Harry Hamlin,Ashly DelGrosso,Actor/Actress,54,Eliminated Week 3,9,3.0,22.0,True,207.0,0.10628019323671498,True,3_Harry Hamlin
3,4,Harry Hamlin,Ashly DelGrosso,Actor/Actress,54,Eliminated Week 3,9,3.0,0.0,False,198.0,0.0,False,3_Harry Hamlin
3,5,Harry Hamlin,Ashly DelGrosso,Actor/Actress,54,Eliminated Week 3,9,3.0,0.0,False,181.0,0.0,False,3_Harry Hamlin
3,6,Harry Hamlin,Ashly DelGrosso,Actor/Actress,54,Eliminated Week 3,9,3.0,0.0,False,118.0,0.0,False,3_Harry Hamlin
3,7,Harry Hamlin,Ashly DelGrosso,Actor/Actress,54,Eliminated Week 3,9,3.0,0.0,False,135.0,0.0,False,3_Harry Hamlin
3,8,Harry Hamlin,Ashly DelGrosso,Actor/Actress,54,Eliminated Week 3,9,3.0,0.0,False,109.0,0.0,False,3_Harry Hamlin
3,9,Harry Hamlin,Ashly DelGrosso,Actor/Actress,54,Eliminated Week 3,9,3.0,0.0,False,88.5,0.0,False,3_Harry Hamlin
3,10,Harry Hamlin,Ashly DelGrosso,Actor/Actress,54,Eliminated Week 3,9,3.0,0.0,False,59.333200000000005,0.0,False,3_Harry Hamlin
3,1,Vivica A. Fox,Nick Kosovich,Actor/Actress,42,Eliminated Week 4,8,4.0,22.0,True,212.0,0.10377358490566038,False,3_Vivica A. Fox
3,2,Vivica A. Fox,Nick Kosovich,Actor/Actress,42,Eliminated Week 4,8,4.0,24.0,True,230.0,0.10434782608695652,False,3_Vivica A. Fox
3,3,Vivica A. Fox,Nick Kosovich,Actor/Actress,42,Eliminated Week 4,8,4.0,27.0,True,207.0,0.13043478260869565,False,3_Vivica A. Fox
3,4,Vivica A. Fox,Nick Kosovich,Actor/Actress,42,Eliminated Week 4,8,4.0,24.0,True,198.0,0.12121212121212122,True,3_Vivica A. Fox
3,5,Vivica A. Fox,Nick Kosovich,Actor/Actress,42,Eliminated Week 4,8,4.0,0.0,False,181.0,0.0,False,3_Vivica A. Fox
3,6,Vivica A. Fox,Nick Kosovich,Actor/Actress,42,Eliminated Week 4,8,4.0,0.0,False,118.0,0.0,False,3_Vivica A. Fox
3,7,Vivica A. Fox,Nick Kosovich,Actor/Actress,42,Eliminated Week 4,8,4.0,0.0,False,135.0,0.0,False,3_Vivica A. Fox
3,8,Vivica A. Fox,Nick Kosovich,Actor/Actress,42,Eliminated Week 4,8,4.0,0.0,False,109.0,0.0,False,3_Vivica A. Fox
3,9,Vivica A. Fox,Nick Kosovich,Actor/Actress,42,Eliminated Week 4,8,4.0,0.0,False,88.5,0.0,False,3_Vivica A. Fox
3,10,Vivica A. Fox,Nick Kosovich,Actor/Actress,42,Eliminated Week 4,8,4.0,0.0,False,59.333200000000005,0.0,False,3_Vivica A. Fox
3,1,Monique Coleman,Louis van Amstel,Actor/Actress,25,Eliminated Week 8,4,8.0,19.0,True,212.0,0.08962264150943396,False,3_Monique Coleman
3,2,Monique Coleman,Louis van Amstel,Actor/Actress,25,Eliminated Week 8,4,8.0,26.0,True,230.0,0.11304347826086956,False,3_Monique Coleman
3,3,Monique Coleman,Louis van Amstel,Actor/Actress,25,Eliminated Week 8,4,8.0,27.0,True,207.0,0.13043478260869565,False,3_Monique Coleman
3,4,Monique Coleman,Louis van Amstel,Actor/Actress,25,Eliminated Week 8,4,8.0,24.0,True,198.0,0.12121212121212122,False,3_Monique Coleman
3,5,Monique Coleman,Louis van Amstel,Actor/Actress,25,Eliminated Week 8,4,8.0,27.0,True,181.0,0.14917127071823205,False,3_Monique Coleman
3,6,Monique Coleman,Louis van Amstel,Actor/Actress,25,Eliminated Week 8,4,8.0,23.0,True,118.0,0.19491525423728814,False,3_Monique Coleman
3,7,Monique Coleman,Louis van Amstel,Actor/Actress,25,Eliminated Week 8,4,8.0,27.0,True,135.0,0.2,False,3_Monique Coleman
3,8,Monique Coleman,Louis van Amstel,Actor/Actress,25,Eliminated Week 8,4,8.0,26.5,True,109.0,0.24311926605504589,True,3_Monique Coleman
3,9,Monique Coleman,Louis van Amstel,Actor/Actress,25,Eliminated Week 8,4,8.0,0.0,False,88.5,0.0,False,3_Monique Coleman
3,10,Monique Coleman,Louis van Amstel,Actor/Actress,25,Eliminated Week 8,4,8.0,0.0,False,59.333200000000005,0.0,False,3_Monique Coleman
3,1,Joey Lawrence,Edyta Sliwinska,Actor/Actress,30,3rd Place,3,,21.0,True,212.0,0.09905660377358491,False,3_Joey Lawrence
3,2,Joey Lawrence,Edyta Sliwinska,Actor/Actress,30,3rd Place,3,,29.0,True,230.0,0.12608695652173912,False,3_Joey Lawrence
3,3,Joey Lawrence,Edyta Sliwinska,Actor/Actress,30,3rd Place,3,,22.0,True,207.0,0.10628019323671498,False,3_Joey Lawrence
3,4,Joey Lawrence,Edyta Sliwinska,Actor/Actress,30,3rd Place,3,,27.0,True,198.0,0.13636363636363635,False,3_Joey Lawrence
3,5,Joey Lawrence,Edyta Sliwinska,Actor/Actress,30,3rd Place,3,,25.0,True,181.0,0.13812154696132597,False,3_Joey Lawrence
3,6,Joey Lawrence,Edyta Sliwinska,Actor/Actress,30,3rd Place,3,,24.0,True,118.0,0.2033898305084746,False,3_Joey Lawrence
3,7,Joey Lawrence,Edyta Sliwinska,Actor/Actress,30,3rd Place,3,,28.5,True,135.0,0.2111111111111111,False,3_Joey Lawrence
3,8,Joey Lawrence,Edyta Sliwinska,Actor/Actress,30,3rd Place,3,,27.0,True,109.0,0.24770642201834864,False,3_Joey Lawrence
3,9,Joey Lawrence,Edyta Sliwinska,Actor/Actress,30,3rd Place,3,,29.5,True,88.5,0.3333333333333333,False,3_Joey Lawrence
3,10,Joey Lawrence,Edyta Sliwinska,Actor/Actress,30,3rd Place,3,,0.0,False,59.333200000000005,0.0,False,3_Joey Lawrence
3,1,Mario Lopez,Karina Smirnoff,Actor/Actress,32,2nd Place,2,,26.0,True,212.0,0.12264150943396226,False,3_Mario Lopez
3,2,Mario Lopez,Karina Smirnoff,Actor/Actress,32,2nd Place,2,,21.0,True,230.0,0.09130434782608696,False,3_Mario Lopez
3,3,Mario Lopez,Karina Smirnoff,Actor/Actress,32,2nd Place,2,,22.0,True,207.0,0.10628019323671498,False,3_Mario Lopez
3,4,Mario Lopez,Karina Smirnoff,Actor/Actress,32,2nd Place,2,,29.0,True,198.0,0.14646464646464646,False,3_Mario Lopez
3,5,Mario Lopez,Karina Smirnoff,Actor/Actress,32,2nd Place,2,,27.0,True,181.0,0.14917127071823205,False,3_Mario Lopez
3,6,Mario Lopez,Karina Smirnoff,Actor/Actress,32,2nd Place,2,,28.0,True,118.0,0.23728813559322035,False,3_Mario Lopez
3,7,Mario Lopez,Karina Smirnoff,Actor/Actress,32,2nd Place,2,,28.0,True,135.0,0.2074074074074074,False,3_Mario Lopez
3,8,Mario Lopez,Karina Smirnoff,Actor/Actress,32,2nd Place,2,,28.5,True,109.0,0.26146788990825687,False,3_Mario Lopez
3,9,Mario Lopez,Karina Smirnoff,Actor/Actress,32,2nd Place,2,,29.5,True,88.5,0.3333333333333333,False,3_Mario Lopez
3,10,Mario Lopez,Karina Smirnoff,Actor/Actress,32,2nd Place,2,,29.666600000000003,True,59.333200000000005,0.5,False,3_Mario Lopez
3,1,Emmitt Smith,Cheryl Burke,Athlete,37,1st Place,1,,24.0,True,212.0,0.11320754716981132,False,3_Emmitt Smith
3,2,Emmitt Smith,Cheryl Burke,Athlete,37,1st Place,1,,24.0,True,230.0,0.10434782608695652,False,3_Emmitt Smith
3,3,Emmitt Smith,Cheryl Burke,Athlete,37,1st Place,1,,19.0,True,207.0,0.09178743961352658,False,3_Emmitt Smith
3,4,Emmitt Smith,Cheryl Burke,Athlete,37,1st Place,1,,24.0,True,198.0,0.12121212121212122,False,3_Emmitt Smith
3,5,Emmitt Smith,Cheryl Burke,Athlete,37,1st Place,1,,27.0,True,181.0,0.14917127071823205,False,3_Emmitt Smith
3,6,Emmitt Smith,Cheryl Burke,Athlete,37,1st Place,1,,25.0,True,118.0,0.211864406779661,False,3_Emmitt Smith
3,7,Emmitt Smith,Cheryl Burke,Athlete,37,1st Place,1,,28.5,True,135.0,0.2111111111111111,False,3_Emmitt Smith
3,8,Emmitt Smith,Cheryl Burke,Athlete,37,1st Place,1,,27.0,True,109.0,0.24770642201834864,False,3_Emmitt Smith
3,9,Emmitt Smith,Cheryl Burke,Athlete,37,1st Place,1,,29.5,True,88.5,0.3333333333333333,False,3_Emmitt Smith
3,10,Emmitt Smith,Cheryl Burke,Athlete,37,1st Place,1,,29.666600000000003,True,59.333200000000005,0.5,False,3_Emmitt Smith
3,1,Shanna Moakler,Jesse DeSoto,Model,31,Eliminated Week 2,10,2.0,18.0,True,212.0,0.08490566037735849,False,3_Shanna Moakler
3,2,Shanna Moakler,Jesse DeSoto,Model,31,Eliminated Week 2,10,2.0,22.0,True,230.0,0.09565217391304348,True,3_Shanna Moakler
3,3,Shanna Moakler,Jesse DeSoto,Model,31,Eliminated Week 2,10,2.0,0.0,False,207.0,0.0,False,3_Shanna Moakler
3,4,Shanna Moakler,Jesse DeSoto,Model,31,Eliminated Week 2,10,2.0,0.0,False,198.0,0.0,False,3_Shanna Moakler
3,5,Shanna Moakler,Jesse DeSoto,Model,31,Eliminated Week 2,10,2.0,0.0,False,181.0,0.0,False,3_Shanna Moakler
3,6,Shanna Moakler,Jesse DeSoto,Model,31,Eliminated Week 2,10,2.0,0.0,False,118.0,0.0,False,3_Shanna Moakler
3,7,Shanna Moakler,Jesse DeSoto,Model,31,Eliminated Week 2,10,2.0,0.0,False,135.0,0.0,False,3_Shanna Moakler
3,8,Shanna Moakler,Jesse DeSoto,Model,31,Eliminated Week 2,10,2.0,0.0,False,109.0,0.0,False,3_Shanna Moakler
3,9,Shanna Moakler,Jesse DeSoto,Model,31,Eliminated Week 2,10,2.0,0.0,False,88.5,0.0,False,3_Shanna Moakler
3,10,Shanna Moakler,Jesse DeSoto,Model,31,Eliminated Week 2,10,2.0,0.0,False,59.333200000000005,0.0,False,3_Shanna Moakler
3,1,Willa Ford,Maksim Chmerkoskiy,Singer/Rapper,25,Eliminated Week 5,7,5.0,22.0,True,212.0,0.10377358490566038,False,3_Willa Ford
3,2,Willa Ford,Maksim Chmerkoskiy,Singer/Rapper,25,Eliminated Week 5,7,5.0,23.0,True,230.0,0.1,False,3_Willa Ford
3,3,Willa Ford,Maksim Chmerkoskiy,Singer/Rapper,25,Eliminated Week 5,7,5.0,22.0,True,207.0,0.10628019323671498,False,3_Willa Ford
3,4,Willa Ford,Maksim Chmerkoskiy,Singer/Rapper,25,Eliminated Week 5,7,5.0,28.0,True,198.0,0.1414141414141414,False,3_Willa Ford
3,5,Willa Ford,Maksim Chmerkoskiy,Singer/Rapper,25,Eliminated Week 5,7,5.0,27.0,True,181.0,0.14917127071823205,True,3_Willa Ford
3,6,Willa Ford,Maksim Chmerkoskiy,Singer/Rapper,25,Eliminated Week 5,7,5.0,0.0,False,118.0,0.0,False,3_Willa Ford
3,7,Willa Ford,Maksim Chmerkoskiy,Singer/Rapper,25,Eliminated Week 5,7,5.0,0.0,False,135.0,0.0,False,3_Willa Ford
3,8,Willa Ford,Maksim Chmerkoskiy,Singer/Rapper,25,Eliminated Week 5,7,5.0,0.0,False,109.0,0.0,False,3_Willa Ford
3,9,Willa Ford,Maksim Chmerkoskiy,Singer/Rapper,25,Eliminated Week 5,7,5.0,0.0,False,88.5,0.0,False,3_Willa Ford
3,10,Willa Ford,Maksim Chmerkoskiy,Singer/Rapper,25,Eliminated Week 5,7,5.0,0.0,False,59.333200000000005,0.0,False,3_Willa Ford
3,1,Sara Evans,Tony Dovolani,Singer/Rapper,35,Withdrew,6,,15.0,True,212.0,0.07075471698113207,False,3_Sara Evans
3,2,Sara Evans,Tony Dovolani,Singer/Rapper,35,Withdrew,6,,21.0,True,230.0,0.09130434782608696,False,3_Sara Evans
3,3,Sara Evans,Tony Dovolani,Singer/Rapper,35,Withdrew,6,,25.0,True,207.0,0.12077294685990338,False,3_Sara Evans
3,4,Sara Evans,Tony Dovolani,Singer/Rapper,35,Withdrew,6,,20.0,True,198.0,0.10101010101010101,False,3_Sara Evans
3,5,Sara Evans,Tony Dovolani,Singer/Rapper,35,Withdrew,6,,24.0,True,181.0,0.13259668508287292,False,3_Sara Evans
3,6,Sara Evans,Tony Dovolani,Singer/Rapper,35,Withdrew,6,,0.0,False,118.0,0.0,False,3_Sara Evans
3,7,Sara Evans,Tony Dovolani,Singer/Rapper,35,Withdrew,6,,0.0,False,135.0,0.0,False,3_Sara Evans
3,8,Sara Evans,Tony Dovolani,Singer/Rapper,35,Withdrew,6,,0.0,False,109.0,0.0,False,3_Sara Evans
3,9,Sara Evans,Tony Dovolani,Singer/Rapper,35,Withdrew,6,,0.0,False,88.5,0.0,False,3_Sara Evans
3,10,Sara Evans,Tony Dovolani,Singer/Rapper,35,Withdrew,6,,0.0,False,59.333200000000005,0.0,False,3_Sara Evans
3,1,Jerry Springer,Kym Johnson,TV Personality,62,Eliminated Week 7,5,7.0,16.0,True,212.0,0.07547169811320754,False,3_Jerry Springer
3,2,Jerry Springer,Kym Johnson,TV Personality,62,Eliminated Week 7,5,7.0,19.0,True,230.0,0.08260869565217391,False,3_Jerry Springer
3,3,Jerry Springer,Kym Johnson,TV Personality,62,Eliminated Week 7,5,7.0,21.0,True,207.0,0.10144927536231885,False,3_Jerry Springer
3,4,Jerry Springer,Kym Johnson,TV Personality,62,Eliminated Week 7,5,7.0,22.0,True,198.0,0.1111111111111111,False,3_Jerry Springer
3,5,Jerry Springer,Kym Johnson,TV Personality,62,Eliminated Week 7,5,7.0,24.0,True,181.0,0.13259668508287292,False,3_Jerry Springer
3,6,Jerry Springer,Kym Johnson,TV Personality,62,Eliminated Week 7,5,7.0,18.0,True,118.0,0.15254237288135594,False,3_Jerry Springer
3,7,Jerry Springer,Kym Johnson,TV Personality,62,Eliminated Week 7,5,7.0,23.0,True,135.0,0.17037037037037037,True,3_Jerry Springer
3,8,Jerry Springer,Kym Johnson,TV Personality,62,Eliminated Week 7,5,7.0,0.0,False,109.0,0.0,False,3_Jerry Springer
3,9,Jerry Springer,Kym Johnson,TV Personality,62,Eliminated Week 7,5,7.0,0.0,False,88.5,0.0,False,3_Jerry Springer
3,10,Jerry Springer,Kym Johnson,TV Personality,62,Eliminated Week 7,5,7.0,0.0,False,59.333200000000005,0.0,False,3_Jerry Springer
3,1,Tucker Carlson,Elena Grinenko,TV Personality,37,Eliminated Week 1,11,1.0,12.0,True,212.0,0.05660377358490566,True,3_Tucker Carlson
3,2,Tucker Carlson,Elena Grinenko,TV Personality,37,Eliminated Week 1,11,1.0,0.0,False,230.0,0.0,False,3_Tucker Carlson
3,3,Tucker Carlson,Elena Grinenko,TV Personality,37,Eliminated Week 1,11,1.0,0.0,False,207.0,0.0,False,3_Tucker Carlson
3,4,Tucker Carlson,Elena Grinenko,TV Personality,37,Eliminated Week 1,11,1.0,0.0,False,198.0,0.0,False,3_Tucker Carlson
3,5,Tucker Carlson,Elena Grinenko,TV Personality,37,Eliminated Week 1,11,1.0,0.0,False,181.0,0.0,False,3_Tucker Carlson
3,6,Tucker Carlson,Elena Grinenko,TV Personality,37,Eliminated Week 1,11,1.0,0.0,False,118.0,0.0,False,3_Tucker Carlson
3,7,Tucker Carlson,Elena Grinenko,TV Personality,37,Eliminated Week 1,11,1.0,0.0,False,135.0,0.0,False,3_Tucker Carlson
3,8,Tucker Carlson,Elena Grinenko,TV Personality,37,Eliminated Week 1,11,1.0,0.0,False,109.0,0.0,False,3_Tucker Carlson
3,9,Tucker Carlson,Elena Grinenko,TV Personality,37,Eliminated Week 1,11,1.0,0.0,False,88.5,0.0,False,3_Tucker Carlson
3,10,Tucker Carlson,Elena Grinenko,TV Personality,37,Eliminated Week 1,11,1.0,0.0,False,59.333200000000005,0.0,False,3_Tucker Carlson
4,1,John Ratzenberger,Edyta Sliwinska,Actor/Actress,59,Eliminated Week 7,6,7.0,17.0,True,206.0,0.0825242718446602,False,4_John Ratzenberger
4,2,John Ratzenberger,Edyta Sliwinska,Actor/Actress,59,Eliminated Week 7,6,7.0,21.0,True,245.0,0.08571428571428572,False,4_John Ratzenberger
4,3,John Ratzenberger,Edyta Sliwinska,Actor/Actress,59,Eliminated Week 7,6,7.0,20.0,True,218.0,0.09174311926605505,False,4_John Ratzenberger
4,4,John Ratzenberger,Edyta Sliwinska,Actor/Actress,59,Eliminated Week 7,6,7.0,16.0,True,190.0,0.08421052631578947,False,4_John Ratzenberger
4,5,John Ratzenberger,Edyta Sliwinska,Actor/Actress,59,Eliminated Week 7,6,7.0,18.0,True,176.0,0.10227272727272728,False,4_John Ratzenberger
4,6,John Ratzenberger,Edyta Sliwinska,Actor/Actress,59,Eliminated Week 7,6,7.0,19.0,True,170.0,0.11176470588235295,False,4_John Ratzenberger
4,7,John Ratzenberger,Edyta Sliwinska,Actor/Actress,59,Eliminated Week 7,6,7.0,22.5,True,154.5,0.14563106796116504,True,4_John Ratzenberger
4,8,John Ratzenberger,Edyta Sliwinska,Actor/Actress,59,Eliminated Week 7,6,7.0,0.0,False,125.5,0.0,False,4_John Ratzenberger
4,9,John Ratzenberger,Edyta Sliwinska,Actor/Actress,59,Eliminated Week 7,6,7.0,0.0,False,118.5,0.0,False,4_John Ratzenberger
4,10,John Ratzenberger,Edyta Sliwinska,Actor/Actress,59,Eliminated Week 7,6,7.0,0.0,False,86.33290000000001,0.0,False,4_John Ratzenberger
4,1,Ian Ziering,Cheryl Burke,Actor/Actress,42,Eliminated Week 9,4,9.0,21.0,True,206.0,0.10194174757281553,False,4_Ian Ziering
4,2,Ian Ziering,Cheryl Burke,Actor/Actress,42,Eliminated Week 9,4,9.0,22.0,True,245.0,0.08979591836734693,False,4_Ian Ziering
4,3,Ian Ziering,Cheryl Burke,Actor/Actress,42,Eliminated Week 9,4,9.0,24.0,True,218.0,0.11009174311926606,False,4_Ian Ziering
4,4,Ian Ziering,Cheryl Burke,Actor/Actress,42,Eliminated Week 9,4,9.0,24.0,True,190.0,0.12631578947368421,False,4_Ian Ziering
4,5,Ian Ziering,Cheryl Burke,Actor/Actress,42,Eliminated Week 9,4,9.0,24.0,True,176.0,0.13636363636363635,False,4_Ian Ziering
4,6,Ian Ziering,Cheryl Burke,Actor/Actress,42,Eliminated Week 9,4,9.0,24.0,True,170.0,0.1411764705882353,False,4_Ian Ziering
4,7,Ian Ziering,Cheryl Burke,Actor/Actress,42,Eliminated Week 9,4,9.0,27.0,True,154.5,0.17475728155339806,False,4_Ian Ziering
4,8,Ian Ziering,Cheryl Burke,Actor/Actress,42,Eliminated Week 9,4,9.0,23.5,True,125.5,0.18725099601593626,False,4_Ian Ziering
4,9,Ian Ziering,Cheryl Burke,Actor/Actress,42,Eliminated Week 9,4,9.0,29.0,True,118.5,0.24472573839662448,True,4_Ian Ziering
4,10,Ian Ziering,Cheryl Burke,Actor/Actress,42,Eliminated Week 9,4,9.0,0.0,False,86.33290000000001,0.0,False,4_Ian Ziering
4,1,Clyde Drexler,Elena Grinenko,Athlete,44,Eliminated Week 5,8,5.0,16.0,True,206.0,0.07766990291262135,False,4_Clyde Drexler
4,2,Clyde Drexler,Elena Grinenko,Athlete,44,Eliminated Week 5,8,5.0,18.0,True,245.0,0.07346938775510205,False,4_Clyde Drexler
4,3,Clyde Drexler,Elena Grinenko,Athlete,44,Eliminated Week 5,8,5.0,16.0,True,218.0,0.07339449541284404,False,4_Clyde Drexler
4,4,Clyde Drexler,Elena Grinenko,Athlete,44,Eliminated Week 5,8,5.0,15.0,True,190.0,0.07894736842105263,False,4_Clyde Drexler
4,5,Clyde Drexler,Elena Grinenko,Athlete,44,Eliminated Week 5,8,5.0,13.0,True,176.0,0.07386363636363637,True,4_Clyde Drexler
4,6,Clyde Drexler,Elena Grinenko,Athlete,44,Eliminated Week 5,8,5.0,0.0,False,170.0,0.0,False,4_Clyde Drexler
4,7,Clyde Drexler,Elena Grinenko,Athlete,44,Eliminated Week 5,8,5.0,0.0,False,154.5,0.0,False,4_Clyde Drexler
4,8,Clyde Drexler,Elena Grinenko,Athlete,44,Eliminated Week 5,8,5.0,0.0,False,125.5,0.0,False,4_Clyde Drexler
4,9,Clyde Drexler,Elena Grinenko,Athlete,44,Eliminated Week 5,8,5.0,0.0,False,118.5,0.0,False,4_Clyde Drexler
4,10,Clyde Drexler,Elena Grinenko,Athlete,44,Eliminated Week 5,8,5.0,0.0,False,86.33290000000001,0.0,False,4_Clyde Drexler
4,1,Laila Ali,Maksim Chmerkoskiy,Athlete,29,3rd Place,3,,23.0,True,206.0,0.11165048543689321,False,4_Laila Ali
4,2,Laila Ali,Maksim Chmerkoskiy,Athlete,29,3rd Place,3,,27.0,True,245.0,0.11020408163265306,False,4_Laila Ali
4,3,Laila Ali,Maksim Chmerkoskiy,Athlete,29,3rd Place,3,,21.0,True,218.0,0.0963302752293578,False,4_Laila Ali
4,4,Laila Ali,Maksim Chmerkoskiy,Athlete,29,3rd Place,3,,21.0,True,190.0,0.11052631578947368,False,4_Laila Ali
4,5,Laila Ali,Maksim Chmerkoskiy,Athlete,29,3rd Place,3,,28.0,True,176.0,0.1590909090909091,False,4_Laila Ali
4,6,Laila Ali,Maksim Chmerkoskiy,Athlete,29,3rd Place,3,,28.0,True,170.0,0.16470588235294117,False,4_Laila Ali
4,7,Laila Ali,Maksim Chmerkoskiy,Athlete,29,3rd Place,3,,29.5,True,154.5,0.19093851132686085,False,4_Laila Ali
4,8,Laila Ali,Maksim Chmerkoskiy,Athlete,29,3rd Place,3,,26.5,True,125.5,0.21115537848605578,False,4_Laila Ali
4,9,Laila Ali,Maksim Chmerkoskiy,Athlete,29,3rd Place,3,,30.0,True,118.5,0.25316455696202533,False,4_Laila Ali
4,10,Laila Ali,Maksim Chmerkoskiy,Athlete,29,3rd Place,3,,28.333200000000005,True,86.33290000000001,0.3281854310465651,False,4_Laila Ali
4,1,Apolo Anton Ohno,Julianne Hough,Athlete,24,1st Place,1,,21.0,True,206.0,0.10194174757281553,False,4_Apolo Anton Ohno
4,2,Apolo Anton Ohno,Julianne Hough,Athlete,24,1st Place,1,,26.0,True,245.0,0.10612244897959183,False,4_Apolo Anton Ohno
4,3,Apolo Anton Ohno,Julianne Hough,Athlete,24,1st Place,1,,23.0,True,218.0,0.10550458715596331,False,4_Apolo Anton Ohno
4,4,Apolo Anton Ohno,Julianne Hough,Athlete,24,1st Place,1,,26.0,True,190.0,0.1368421052631579,False,4_Apolo Anton Ohno
4,5,Apolo Anton Ohno,Julianne Hough,Athlete,24,1st Place,1,,30.0,True,176.0,0.17045454545454544,False,4_Apolo Anton Ohno
4,6,Apolo Anton Ohno,Julianne Hough,Athlete,24,1st Place,1,,28.0,True,170.0,0.16470588235294117,False,4_Apolo Anton Ohno
4,7,Apolo Anton Ohno,Julianne Hough,Athlete,24,1st Place,1,,27.0,True,154.5,0.17475728155339806,False,4_Apolo Anton Ohno
4,8,Apolo Anton Ohno,Julianne Hough,Athlete,24,1st Place,1,,29.0,True,125.5,0.23107569721115537,False,4_Apolo Anton Ohno
4,9,Apolo Anton Ohno,Julianne Hough,Athlete,24,1st Place,1,,29.5,True,118.5,0.2489451476793249,False,4_Apolo Anton Ohno
4,10,Apolo Anton Ohno,Julianne Hough,Athlete,24,1st Place,1,,29.3332,True,86.33290000000001,0.33976850076853665,False,4_Apolo Anton Ohno
4,1,Shandi Finnessey,Brian Fortuna,Beauty Pagent,28,Eliminated Week 3,10,3.0,19.0,True,206.0,0.09223300970873786,False,4_Shandi Finnessey
4,2,Shandi Finnessey,Brian Fortuna,Beauty Pagent,28,Eliminated Week 3,10,3.0,20.0,True,245.0,0.08163265306122448,False,4_Shandi Finnessey
4,3,Shandi Finnessey,Brian Fortuna,Beauty Pagent,28,Eliminated Week 3,10,3.0,21.0,True,218.0,0.0963302752293578,True,4_Shandi Finnessey
4,4,Shandi Finnessey,Brian Fortuna,Beauty Pagent,28,Eliminated Week 3,10,3.0,0.0,False,190.0,0.0,False,4_Shandi Finnessey
4,5,Shandi Finnessey,Brian Fortuna,Beauty Pagent,28,Eliminated Week 3,10,3.0,0.0,False,176.0,0.0,False,4_Shandi Finnessey
4,6,Shandi Finnessey,Brian Fortuna,Beauty Pagent,28,Eliminated Week 3,10,3.0,0.0,False,170.0,0.0,False,4_Shandi Finnessey
4,7,Shandi Finnessey,Brian Fortuna,Beauty Pagent,28,Eliminated Week 3,10,3.0,0.0,False,154.5,0.0,False,4_Shandi Finnessey
4,8,Shandi Finnessey,Brian Fortuna,Beauty Pagent,28,Eliminated Week 3,10,3.0,0.0,False,125.5,0.0,False,4_Shandi Finnessey
4,9,Shandi Finnessey,Brian Fortuna,Beauty Pagent,28,Eliminated Week 3,10,3.0,0.0,False,118.5,0.0,False,4_Shandi Finnessey
4,10,Shandi Finnessey,Brian Fortuna,Beauty Pagent,28,Eliminated Week 3,10,3.0,0.0,False,86.33290000000001,0.0,False,4_Shandi Finnessey
4,1,Paulina Porizkova,Alec Mazo,Model,41,Eliminated Week 2,11,2.0,19.0,True,206.0,0.09223300970873786,False,4_Paulina Porizkova
4,2,Paulina Porizkova,Alec Mazo,Model,41,Eliminated Week 2,11,2.0,21.0,True,245.0,0.08571428571428572,True,4_Paulina Porizkova
4,3,Paulina Porizkova,Alec Mazo,Model,41,Eliminated Week 2,11,2.0,0.0,False,218.0,0.0,False,4_Paulina Porizkova
4,4,Paulina Porizkova,Alec Mazo,Model,41,Eliminated Week 2,11,2.0,0.0,False,190.0,0.0,False,4_Paulina Porizkova
4,5,Paulina Porizkova,Alec Mazo,Model,41,Eliminated Week 2,11,2.0,0.0,False,176.0,0.0,False,4_Paulina Porizkova
4,6,Paulina Porizkova,Alec Mazo,Model,41,Eliminated Week 2,11,2.0,0.0,False,170.0,0.0,False,4_Paulina Porizkova
4,7,Paulina Porizkova,Alec Mazo,Model,41,Eliminated Week 2,11,2.0,0.0,False,154.5,0.0,False,4_Paulina Porizkova
4,8,Paulina Porizkova,Alec Mazo,Model,41,Eliminated Week 2,11,2.0,0.0,False,125.5,0.0,False,4_Paulina Porizkova
4,9,Paulina Porizkova,Alec Mazo,Model,41,Eliminated Week 2,11,2.0,0.0,False,118.5,0.0,False,4_Paulina Porizkova
4,10,Paulina Porizkova,Alec Mazo,Model,41,Eliminated Week 2,11,2.0,0.0,False,86.33290000000001,0.0,False,4_Paulina Porizkova
4,1,Heather Mills,Jonathan Roberts,Model,39,Eliminated Week 6,7,6.0,18.0,True,206.0,0.08737864077669903,False,4_Heather Mills
4,2,Heather Mills,Jonathan Roberts,Model,39,Eliminated Week 6,7,6.0,24.0,True,245.0,0.09795918367346938,False,4_Heather Mills
4,3,Heather Mills,Jonathan Roberts,Model,39,Eliminated Week 6,7,6.0,24.0,True,218.0,0.11009174311926606,False,4_Heather Mills
4,4,Heather Mills,Jonathan Roberts,Model,39,Eliminated Week 6,7,6.0,23.0,True,190.0,0.12105263157894737,False,4_Heather Mills
4,5,Heather Mills,Jonathan Roberts,Model,39,Eliminated Week 6,7,6.0,21.0,True,176.0,0.11931818181818182,False,4_Heather Mills
4,6,Heather Mills,Jonathan Roberts,Model,39,Eliminated Week 6,7,6.0,23.0,True,170.0,0.13529411764705881,True,4_Heather Mills
4,7,Heather Mills,Jonathan Roberts,Model,39,Eliminated Week 6,7,6.0,0.0,False,154.5,0.0,False,4_Heather Mills
4,8,Heather Mills,Jonathan Roberts,Model,39,Eliminated Week 6,7,6.0,0.0,False,125.5,0.0,False,4_Heather Mills
4,9,Heather Mills,Jonathan Roberts,Model,39,Eliminated Week 6,7,6.0,0.0,False,118.5,0.0,False,4_Heather Mills
4,10,Heather Mills,Jonathan Roberts,Model,39,Eliminated Week 6,7,6.0,0.0,False,86.33290000000001,0.0,False,4_Heather Mills
4,1,Billy Ray Cyrus,Karina Smirnoff,Singer/Rapper,45,Eliminated Week 8,5,8.0,13.0,True,206.0,0.06310679611650485,False,4_Billy Ray Cyrus
4,2,Billy Ray Cyrus,Karina Smirnoff,Singer/Rapper,45,Eliminated Week 8,5,8.0,21.0,True,245.0,0.08571428571428572,False,4_Billy Ray Cyrus
4,3,Billy Ray Cyrus,Karina Smirnoff,Singer/Rapper,45,Eliminated Week 8,5,8.0,21.0,True,218.0,0.0963302752293578,False,4_Billy Ray Cyrus
4,4,Billy Ray Cyrus,Karina Smirnoff,Singer/Rapper,45,Eliminated Week 8,5,8.0,21.0,True,190.0,0.11052631578947368,False,4_Billy Ray Cyrus
4,5,Billy Ray Cyrus,Karina Smirnoff,Singer/Rapper,45,Eliminated Week 8,5,8.0,17.0,True,176.0,0.09659090909090909,False,4_Billy Ray Cyrus
4,6,Billy Ray Cyrus,Karina Smirnoff,Singer/Rapper,45,Eliminated Week 8,5,8.0,21.0,True,170.0,0.12352941176470589,False,4_Billy Ray Cyrus
4,7,Billy Ray Cyrus,Karina Smirnoff,Singer/Rapper,45,Eliminated Week 8,5,8.0,19.0,True,154.5,0.12297734627831715,False,4_Billy Ray Cyrus
4,8,Billy Ray Cyrus,Karina Smirnoff,Singer/Rapper,45,Eliminated Week 8,5,8.0,19.0,True,125.5,0.15139442231075698,True,4_Billy Ray Cyrus
4,9,Billy Ray Cyrus,Karina Smirnoff,Singer/Rapper,45,Eliminated Week 8,5,8.0,0.0,False,118.5,0.0,False,4_Billy Ray Cyrus
4,10,Billy Ray Cyrus,Karina Smirnoff,Singer/Rapper,45,Eliminated Week 8,5,8.0,0.0,False,86.33290000000001,0.0,False,4_Billy Ray Cyrus
4,1,Joey Fatone,Kym Johnson,Singer/Rapper,30,2nd Place,2,,24.0,True,206.0,0.11650485436893204,False,4_Joey Fatone
4,2,Joey Fatone,Kym Johnson,Singer/Rapper,30,2nd Place,2,,24.0,True,245.0,0.09795918367346938,False,4_Joey Fatone
4,3,Joey Fatone,Kym Johnson,Singer/Rapper,30,2nd Place,2,,24.0,True,218.0,0.11009174311926606,False,4_Joey Fatone
4,4,Joey Fatone,Kym Johnson,Singer/Rapper,30,2nd Place,2,,28.0,True,190.0,0.14736842105263157,False,4_Joey Fatone
4,5,Joey Fatone,Kym Johnson,Singer/Rapper,30,2nd Place,2,,25.0,True,176.0,0.14204545454545456,False,4_Joey Fatone
4,6,Joey Fatone,Kym Johnson,Singer/Rapper,30,2nd Place,2,,27.0,True,170.0,0.1588235294117647,False,4_Joey Fatone
4,7,Joey Fatone,Kym Johnson,Singer/Rapper,30,2nd Place,2,,29.5,True,154.5,0.19093851132686085,False,4_Joey Fatone
4,8,Joey Fatone,Kym Johnson,Singer/Rapper,30,2nd Place,2,,27.5,True,125.5,0.21912350597609562,False,4_Joey Fatone
4,9,Joey Fatone,Kym Johnson,Singer/Rapper,30,2nd Place,2,,30.0,True,118.5,0.25316455696202533,False,4_Joey Fatone
4,10,Joey Fatone,Kym Johnson,Singer/Rapper,30,2nd Place,2,,28.6665,True,86.33290000000001,0.3320460681848982,False,4_Joey Fatone
4,1,Leeza Gibbons,Tony Dovolani,TV Personality,50,Eliminated Week 4,9,4.0,15.0,True,206.0,0.07281553398058252,False,4_Leeza Gibbons
4,2,Leeza Gibbons,Tony Dovolani,TV Personality,50,Eliminated Week 4,9,4.0,21.0,True,245.0,0.08571428571428572,False,4_Leeza Gibbons
4,3,Leeza Gibbons,Tony Dovolani,TV Personality,50,Eliminated Week 4,9,4.0,24.0,True,218.0,0.11009174311926606,False,4_Leeza Gibbons
4,4,Leeza Gibbons,Tony Dovolani,TV Personality,50,Eliminated Week 4,9,4.0,16.0,True,190.0,0.08421052631578947,True,4_Leeza Gibbons
4,5,Leeza Gibbons,Tony Dovolani,TV Personality,50,Eliminated Week 4,9,4.0,0.0,False,176.0,0.0,False,4_Leeza Gibbons
4,6,Leeza Gibbons,Tony Dovolani,TV Personality,50,Eliminated Week 4,9,4.0,0.0,False,170.0,0.0,False,4_Leeza Gibbons
4,7,Leeza Gibbons,Tony Dovolani,TV Personality,50,Eliminated Week 4,9,4.0,0.0,False,154.5,0.0,False,4_Leeza Gibbons
4,8,Leeza Gibbons,Tony Dovolani,TV Personality,50,Eliminated Week 4,9,4.0,0.0,False,125.5,0.0,False,4_Leeza Gibbons
4,9,Leeza Gibbons,Tony Dovolani,TV Personality,50,Eliminated Week 4,9,4.0,0.0,False,118.5,0.0,False,4_Leeza Gibbons
4,10,Leeza Gibbons,Tony Dovolani,TV Personality,50,Eliminated Week 4,9,4.0,0.0,False,86.33290000000001,0.0,False,4_Leeza Gibbons
5,1,Cameron Mathison,Edyta Sliwinska,Actor/Actress,38,Eliminated Week 8,5,8.0,21.0,True,257.0,0.08171206225680934,False,5_Cameron Mathison
5,2,Cameron Mathison,Edyta Sliwinska,Actor/Actress,38,Eliminated Week 8,5,8.0,21.0,True,238.0,0.08823529411764706,False,5_Cameron Mathison
5,3,Cameron Mathison,Edyta Sliwinska,Actor/Actress,38,Eliminated Week 8,5,8.0,23.0,True,239.0,0.09623430962343096,False,5_Cameron Mathison
5,4,Cameron Mathison,Edyta Sliwinska,Actor/Actress,38,Eliminated Week 8,5,8.0,27.0,True,234.0,0.11538461538461539,False,5_Cameron Mathison
5,5,Cameron Mathison,Edyta Sliwinska,Actor/Actress,38,Eliminated Week 8,5,8.0,26.0,True,199.0,0.1306532663316583,False,5_Cameron Mathison
5,6,Cameron Mathison,Edyta Sliwinska,Actor/Actress,38,Eliminated Week 8,5,8.0,25.0,True,180.0,0.1388888888888889,False,5_Cameron Mathison
5,7,Cameron Mathison,Edyta Sliwinska,Actor/Actress,38,Eliminated Week 8,5,8.0,25.5,True,156.0,0.16346153846153846,False,5_Cameron Mathison
5,8,Cameron Mathison,Edyta Sliwinska,Actor/Actress,38,Eliminated Week 8,5,8.0,25.5,True,131.5,0.19391634980988592,True,5_Cameron Mathison
5,9,Cameron Mathison,Edyta Sliwinska,Actor/Actress,38,Eliminated Week 8,5,8.0,0.0,False,117.0,0.0,False,5_Cameron Mathison
5,10,Cameron Mathison,Edyta Sliwinska,Actor/Actress,38,Eliminated Week 8,5,8.0,0.0,False,79.3331,0.0,False,5_Cameron Mathison
5,1,Jane Seymour,Tony Dovolani,Actor/Actress,56,Eliminated Week 7,6,7.0,24.0,True,257.0,0.0933852140077821,False,5_Jane Seymour
5,2,Jane Seymour,Tony Dovolani,Actor/Actress,56,Eliminated Week 7,6,7.0,21.0,True,238.0,0.08823529411764706,False,5_Jane Seymour
5,3,Jane Seymour,Tony Dovolani,Actor/Actress,56,Eliminated Week 7,6,7.0,27.0,True,239.0,0.11297071129707113,False,5_Jane Seymour
5,4,Jane Seymour,Tony Dovolani,Actor/Actress,56,Eliminated Week 7,6,7.0,26.0,True,234.0,0.1111111111111111,False,5_Jane Seymour
5,5,Jane Seymour,Tony Dovolani,Actor/Actress,56,Eliminated Week 7,6,7.0,26.0,True,199.0,0.1306532663316583,False,5_Jane Seymour
5,6,Jane Seymour,Tony Dovolani,Actor/Actress,56,Eliminated Week 7,6,7.0,22.0,True,180.0,0.12222222222222222,False,5_Jane Seymour
5,7,Jane Seymour,Tony Dovolani,Actor/Actress,56,Eliminated Week 7,6,7.0,25.0,True,156.0,0.16025641025641027,True,5_Jane Seymour
5,8,Jane Seymour,Tony Dovolani,Actor/Actress,56,Eliminated Week 7,6,7.0,0.0,False,131.5,0.0,False,5_Jane Seymour
5,9,Jane Seymour,Tony Dovolani,Actor/Actress,56,Eliminated Week 7,6,7.0,0.0,False,117.0,0.0,False,5_Jane Seymour
5,10,Jane Seymour,Tony Dovolani,Actor/Actress,56,Eliminated Week 7,6,7.0,0.0,False,79.3331,0.0,False,5_Jane Seymour
5,1,Sabrina Bryan,Mark Ballas,Actor/Actress,23,Eliminated Week 6,7,6.0,26.0,True,257.0,0.10116731517509728,False,5_Sabrina Bryan
5,2,Sabrina Bryan,Mark Ballas,Actor/Actress,23,Eliminated Week 6,7,6.0,26.0,True,238.0,0.1092436974789916,False,5_Sabrina Bryan
5,3,Sabrina Bryan,Mark Ballas,Actor/Actress,23,Eliminated Week 6,7,6.0,27.0,True,239.0,0.11297071129707113,False,5_Sabrina Bryan
5,4,Sabrina Bryan,Mark Ballas,Actor/Actress,23,Eliminated Week 6,7,6.0,30.0,True,234.0,0.1282051282051282,False,5_Sabrina Bryan
5,5,Sabrina Bryan,Mark Ballas,Actor/Actress,23,Eliminated Week 6,7,6.0,28.0,True,199.0,0.1407035175879397,False,5_Sabrina Bryan
5,6,Sabrina Bryan,Mark Ballas,Actor/Actress,23,Eliminated Week 6,7,6.0,25.0,True,180.0,0.1388888888888889,True,5_Sabrina Bryan
5,7,Sabrina Bryan,Mark Ballas,Actor/Actress,23,Eliminated Week 6,7,6.0,0.0,False,156.0,0.0,False,5_Sabrina Bryan
5,8,Sabrina Bryan,Mark Ballas,Actor/Actress,23,Eliminated Week 6,7,6.0,0.0,False,131.5,0.0,False,5_Sabrina Bryan
5,9,Sabrina Bryan,Mark Ballas,Actor/Actress,23,Eliminated Week 6,7,6.0,0.0,False,117.0,0.0,False,5_Sabrina Bryan
5,10,Sabrina Bryan,Mark Ballas,Actor/Actress,23,Eliminated Week 6,7,6.0,0.0,False,79.3331,0.0,False,5_Sabrina Bryan
5,1,Jennie Garth,Derek Hough,Actor/Actress,35,Eliminated Week 9,4,9.0,21.0,True,257.0,0.08171206225680934,False,5_Jennie Garth
5,2,Jennie Garth,Derek Hough,Actor/Actress,35,Eliminated Week 9,4,9.0,21.0,True,238.0,0.08823529411764706,False,5_Jennie Garth
5,3,Jennie Garth,Derek Hough,Actor/Actress,35,Eliminated Week 9,4,9.0,26.0,True,239.0,0.1087866108786611,False,5_Jennie Garth
5,4,Jennie Garth,Derek Hough,Actor/Actress,35,Eliminated Week 9,4,9.0,27.0,True,234.0,0.11538461538461539,False,5_Jennie Garth
5,5,Jennie Garth,Derek Hough,Actor/Actress,35,Eliminated Week 9,4,9.0,25.0,True,199.0,0.12562814070351758,False,5_Jennie Garth
5,6,Jennie Garth,Derek Hough,Actor/Actress,35,Eliminated Week 9,4,9.0,27.0,True,180.0,0.15,False,5_Jennie Garth
5,7,Jennie Garth,Derek Hough,Actor/Actress,35,Eliminated Week 9,4,9.0,26.5,True,156.0,0.16987179487179488,False,5_Jennie Garth
5,8,Jennie Garth,Derek Hough,Actor/Actress,35,Eliminated Week 9,4,9.0,25.0,True,131.5,0.19011406844106463,False,5_Jennie Garth
5,9,Jennie Garth,Derek Hough,Actor/Actress,35,Eliminated Week 9,4,9.0,29.0,True,117.0,0.24786324786324787,True,5_Jennie Garth
5,10,Jennie Garth,Derek Hough,Actor/Actress,35,Eliminated Week 9,4,9.0,0.0,False,79.3331,0.0,False,5_Jennie Garth
5,1,Floyd Mayweather Jr. ,Karina Smirnoff,Athlete,30,Eliminated Week 4,9,4.0,18.0,True,257.0,0.07003891050583658,False,5_Floyd Mayweather Jr. 
5,2,Floyd Mayweather Jr. ,Karina Smirnoff,Athlete,30,Eliminated Week 4,9,4.0,21.0,True,238.0,0.08823529411764706,False,5_Floyd Mayweather Jr. 
5,3,Floyd Mayweather Jr. ,Karina Smirnoff,Athlete,30,Eliminated Week 4,9,4.0,21.0,True,239.0,0.08786610878661087,False,5_Floyd Mayweather Jr. 
5,4,Floyd Mayweather Jr. ,Karina Smirnoff,Athlete,30,Eliminated Week 4,9,4.0,23.0,True,234.0,0.09829059829059829,True,5_Floyd Mayweather Jr. 
5,5,Floyd Mayweather Jr. ,Karina Smirnoff,Athlete,30,Eliminated Week 4,9,4.0,0.0,False,199.0,0.0,False,5_Floyd Mayweather Jr. 
5,6,Floyd Mayweather Jr. ,Karina Smirnoff,Athlete,30,Eliminated Week 4,9,4.0,0.0,False,180.0,0.0,False,5_Floyd Mayweather Jr. 
5,7,Floyd Mayweather Jr. ,Karina Smirnoff,Athlete,30,Eliminated Week 4,9,4.0,0.0,False,156.0,0.0,False,5_Floyd Mayweather Jr. 
5,8,Floyd Mayweather Jr. ,Karina Smirnoff,Athlete,30,Eliminated Week 4,9,4.0,0.0,False,131.5,0.0,False,5_Floyd Mayweather Jr. 
5,9,Floyd Mayweather Jr. ,Karina Smirnoff,Athlete,30,Eliminated Week 4,9,4.0,0.0,False,117.0,0.0,False,5_Floyd Mayweather Jr. 
5,10,Floyd Mayweather Jr. ,Karina Smirnoff,Athlete,30,Eliminated Week 4,9,4.0,0.0,False,79.3331,0.0,False,5_Floyd Mayweather Jr. 
5,1,Josie Maran,Alec Mazo,Model,29,Eliminated Week 1,12,1.0,16.0,True,257.0,0.0622568093385214,True,5_Josie Maran
5,2,Josie Maran,Alec Mazo,Model,29,Eliminated Week 1,12,1.0,0.0,False,238.0,0.0,False,5_Josie Maran
5,3,Josie Maran,Alec Mazo,Model,29,Eliminated Week 1,12,1.0,0.0,False,239.0,0.0,False,5_Josie Maran
5,4,Josie Maran,Alec Mazo,Model,29,Eliminated Week 1,12,1.0,0.0,False,234.0,0.0,False,5_Josie Maran
5,5,Josie Maran,Alec Mazo,Model,29,Eliminated Week 1,12,1.0,0.0,False,199.0,0.0,False,5_Josie Maran
5,6,Josie Maran,Alec Mazo,Model,29,Eliminated Week 1,12,1.0,0.0,False,180.0,0.0,False,5_Josie Maran
5,7,Josie Maran,Alec Mazo,Model,29,Eliminated Week 1,12,1.0,0.0,False,156.0,0.0,False,5_Josie Maran
5,8,Josie Maran,Alec Mazo,Model,29,Eliminated Week 1,12,1.0,0.0,False,131.5,0.0,False,5_Josie Maran
5,9,Josie Maran,Alec Mazo,Model,29,Eliminated Week 1,12,1.0,0.0,False,117.0,0.0,False,5_Josie Maran
5,10,Josie Maran,Alec Mazo,Model,29,Eliminated Week 1,12,1.0,0.0,False,79.3331,0.0,False,5_Josie Maran
5,1,Albert Reed,Anna Trebunskaya,Model,22,Eliminated Week 2,11,2.0,21.0,True,257.0,0.08171206225680934,False,5_Albert Reed
5,2,Albert Reed,Anna Trebunskaya,Model,22,Eliminated Week 2,11,2.0,21.0,True,238.0,0.08823529411764706,True,5_Albert Reed
5,3,Albert Reed,Anna Trebunskaya,Model,22,Eliminated Week 2,11,2.0,0.0,False,239.0,0.0,False,5_Albert Reed
5,4,Albert Reed,Anna Trebunskaya,Model,22,Eliminated Week 2,11,2.0,0.0,False,234.0,0.0,False,5_Albert Reed
5,5,Albert Reed,Anna Trebunskaya,Model,22,Eliminated Week 2,11,2.0,0.0,False,199.0,0.0,False,5_Albert Reed
5,6,Albert Reed,Anna Trebunskaya,Model,22,Eliminated Week 2,11,2.0,0.0,False,180.0,0.0,False,5_Albert Reed
5,7,Albert Reed,Anna Trebunskaya,Model,22,Eliminated Week 2,11,2.0,0.0,False,156.0,0.0,False,5_Albert Reed
5,8,Albert Reed,Anna Trebunskaya,Model,22,Eliminated Week 2,11,2.0,0.0,False,131.5,0.0,False,5_Albert Reed
5,9,Albert Reed,Anna Trebunskaya,Model,22,Eliminated Week 2,11,2.0,0.0,False,117.0,0.0,False,5_Albert Reed
5,10,Albert Reed,Anna Trebunskaya,Model,22,Eliminated Week 2,11,2.0,0.0,False,79.3331,0.0,False,5_Albert Reed
5,1,Helio Castroneves,Julianne Hough,Racing Driver,32,1st Place,1,,25.0,True,257.0,0.09727626459143969,False,5_Helio Castroneves
5,2,Helio Castroneves,Julianne Hough,Racing Driver,32,1st Place,1,,27.0,True,238.0,0.1134453781512605,False,5_Helio Castroneves
5,3,Helio Castroneves,Julianne Hough,Racing Driver,32,1st Place,1,,24.0,True,239.0,0.100418410041841,False,5_Helio Castroneves
5,4,Helio Castroneves,Julianne Hough,Racing Driver,32,1st Place,1,,27.0,True,234.0,0.11538461538461539,False,5_Helio Castroneves
5,5,Helio Castroneves,Julianne Hough,Racing Driver,32,1st Place,1,,23.0,True,199.0,0.11557788944723618,False,5_Helio Castroneves
5,6,Helio Castroneves,Julianne Hough,Racing Driver,32,1st Place,1,,28.0,True,180.0,0.15555555555555556,False,5_Helio Castroneves
5,7,Helio Castroneves,Julianne Hough,Racing Driver,32,1st Place,1,,26.0,True,156.0,0.16666666666666666,False,5_Helio Castroneves
5,8,Helio Castroneves,Julianne Hough,Racing Driver,32,1st Place,1,,28.5,True,131.5,0.21673003802281368,False,5_Helio Castroneves
5,9,Helio Castroneves,Julianne Hough,Racing Driver,32,1st Place,1,,30.0,True,117.0,0.2564102564102564,False,5_Helio Castroneves
5,10,Helio Castroneves,Julianne Hough,Racing Driver,32,1st Place,1,,27.999900000000004,True,79.3331,0.35294095402801606,False,5_Helio Castroneves
5,1,Mel B,Maksim Chmerkoskiy,Singer/Rapper,32,2nd Place,2,,24.0,True,257.0,0.0933852140077821,False,5_Mel B
5,2,Mel B,Maksim Chmerkoskiy,Singer/Rapper,32,2nd Place,2,,23.0,True,238.0,0.09663865546218488,False,5_Mel B
5,3,Mel B,Maksim Chmerkoskiy,Singer/Rapper,32,2nd Place,2,,27.0,True,239.0,0.11297071129707113,False,5_Mel B
5,4,Mel B,Maksim Chmerkoskiy,Singer/Rapper,32,2nd Place,2,,26.0,True,234.0,0.1111111111111111,False,5_Mel B
5,5,Mel B,Maksim Chmerkoskiy,Singer/Rapper,32,2nd Place,2,,29.0,True,199.0,0.1457286432160804,False,5_Mel B
5,6,Mel B,Maksim Chmerkoskiy,Singer/Rapper,32,2nd Place,2,,30.0,True,180.0,0.16666666666666666,False,5_Mel B
5,7,Mel B,Maksim Chmerkoskiy,Singer/Rapper,32,2nd Place,2,,27.0,True,156.0,0.17307692307692307,False,5_Mel B
5,8,Mel B,Maksim Chmerkoskiy,Singer/Rapper,32,2nd Place,2,,28.0,True,131.5,0.21292775665399238,False,5_Mel B
5,9,Mel B,Maksim Chmerkoskiy,Singer/Rapper,32,2nd Place,2,,30.0,True,117.0,0.2564102564102564,False,5_Mel B
5,10,Mel B,Maksim Chmerkoskiy,Singer/Rapper,32,2nd Place,2,,28.333199999999998,True,79.3331,0.35714222688890257,False,5_Mel B
5,1,Wayne Newton,Cheryl Burke,Singer/Rapper,65,Eliminated Week 3,10,3.0,19.0,True,257.0,0.07392996108949416,False,5_Wayne Newton
5,2,Wayne Newton,Cheryl Burke,Singer/Rapper,65,Eliminated Week 3,10,3.0,15.0,True,238.0,0.06302521008403361,False,5_Wayne Newton
5,3,Wayne Newton,Cheryl Burke,Singer/Rapper,65,Eliminated Week 3,10,3.0,18.0,True,239.0,0.07531380753138076,True,5_Wayne Newton
5,4,Wayne Newton,Cheryl Burke,Singer/Rapper,65,Eliminated Week 3,10,3.0,0.0,False,234.0,0.0,False,5_Wayne Newton
5,5,Wayne Newton,Cheryl Burke,Singer/Rapper,65,Eliminated Week 3,10,3.0,0.0,False,199.0,0.0,False,5_Wayne Newton
5,6,Wayne Newton,Cheryl Burke,Singer/Rapper,65,Eliminated Week 3,10,3.0,0.0,False,180.0,0.0,False,5_Wayne Newton
5,7,Wayne Newton,Cheryl Burke,Singer/Rapper,65,Eliminated Week 3,10,3.0,0.0,False,156.0,0.0,False,5_Wayne Newton
5,8,Wayne Newton,Cheryl Burke,Singer/Rapper,65,Eliminated Week 3,10,3.0,0.0,False,131.5,0.0,False,5_Wayne Newton
5,9,Wayne Newton,Cheryl Burke,Singer/Rapper,65,Eliminated Week 3,10,3.0,0.0,False,117.0,0.0,False,5_Wayne Newton
5,10,Wayne Newton,Cheryl Burke,Singer/Rapper,65,Eliminated Week 3,10,3.0,0.0,False,79.3331,0.0,False,5_Wayne Newton
5,1,Marie Osmond,Jonathan Roberts,Singer/Rapper,47,3rd Place,3,,21.0,True,257.0,0.08171206225680934,False,5_Marie Osmond
5,2,Marie Osmond,Jonathan Roberts,Singer/Rapper,47,3rd Place,3,,24.0,True,238.0,0.10084033613445378,False,5_Marie Osmond
5,3,Marie Osmond,Jonathan Roberts,Singer/Rapper,47,3rd Place,3,,26.0,True,239.0,0.1087866108786611,False,5_Marie Osmond
5,4,Marie Osmond,Jonathan Roberts,Singer/Rapper,47,3rd Place,3,,26.0,True,234.0,0.1111111111111111,False,5_Marie Osmond
5,5,Marie Osmond,Jonathan Roberts,Singer/Rapper,47,3rd Place,3,,21.0,True,199.0,0.10552763819095477,False,5_Marie Osmond
5,6,Marie Osmond,Jonathan Roberts,Singer/Rapper,47,3rd Place,3,,23.0,True,180.0,0.12777777777777777,False,5_Marie Osmond
5,7,Marie Osmond,Jonathan Roberts,Singer/Rapper,47,3rd Place,3,,26.0,True,156.0,0.16666666666666666,False,5_Marie Osmond
5,8,Marie Osmond,Jonathan Roberts,Singer/Rapper,47,3rd Place,3,,24.5,True,131.5,0.18631178707224336,False,5_Marie Osmond
5,9,Marie Osmond,Jonathan Roberts,Singer/Rapper,47,3rd Place,3,,28.0,True,117.0,0.23931623931623933,False,5_Marie Osmond
5,10,Marie Osmond,Jonathan Roberts,Singer/Rapper,47,3rd Place,3,,23.0,True,79.3331,0.2899168190830813,False,5_Marie Osmond
5,1,Mark Cuban,Kym Johnson,TV Personality,49,Eliminated Week 5,8,5.0,21.0,True,257.0,0.08171206225680934,False,5_Mark Cuban
5,2,Mark Cuban,Kym Johnson,TV Personality,49,Eliminated Week 5,8,5.0,18.0,True,238.0,0.07563025210084033,False,5_Mark Cuban
5,3,Mark Cuban,Kym Johnson,TV Personality,49,Eliminated Week 5,8,5.0,20.0,True,239.0,0.08368200836820083,False,5_Mark Cuban
5,4,Mark Cuban,Kym Johnson,TV Personality,49,Eliminated Week 5,8,5.0,22.0,True,234.0,0.09401709401709402,False,5_Mark Cuban
5,5,Mark Cuban,Kym Johnson,TV Personality,49,Eliminated Week 5,8,5.0,21.0,True,199.0,0.10552763819095477,True,5_Mark Cuban
5,6,Mark Cuban,Kym Johnson,TV Personality,49,Eliminated Week 5,8,5.0,0.0,False,180.0,0.0,False,5_Mark Cuban
5,7,Mark Cuban,Kym Johnson,TV Personality,49,Eliminated Week 5,8,5.0,0.0,False,156.0,0.0,False,5_Mark Cuban
5,8,Mark Cuban,Kym Johnson,TV Personality,49,Eliminated Week 5,8,5.0,0.0,False,131.5,0.0,False,5_Mark Cuban
5,9,Mark Cuban,Kym Johnson,TV Personality,49,Eliminated Week 5,8,5.0,0.0,False,117.0,0.0,False,5_Mark Cuban
5,10,Mark Cuban,Kym Johnson,TV Personality,49,Eliminated Week 5,8,5.0,0.0,False,79.3331,0.0,False,5_Mark Cuban
6,1,Cristian de la Fuente,Cheryl Burke,Actor/Actress,34,3rd Place,3,,21.0,True,243.0,0.08641975308641975,False,6_Cristian de la Fuente
6,2,Cristian de la Fuente,Cheryl Burke,Actor/Actress,34,3rd Place,3,,20.0,True,257.0,0.07782101167315175,False,6_Cristian de la Fuente
6,3,Cristian de la Fuente,Cheryl Burke,Actor/Actress,34,3rd Place,3,,25.0,True,228.0,0.10964912280701754,False,6_Cristian de la Fuente
6,4,Cristian de la Fuente,Cheryl Burke,Actor/Actress,34,3rd Place,3,,26.0,True,225.0,0.11555555555555555,False,6_Cristian de la Fuente
6,5,Cristian de la Fuente,Cheryl Burke,Actor/Actress,34,3rd Place,3,,23.0,True,196.0,0.11734693877551021,False,6_Cristian de la Fuente
6,6,Cristian de la Fuente,Cheryl Burke,Actor/Actress,34,3rd Place,3,,27.0,True,180.0,0.15,False,6_Cristian de la Fuente
6,7,Cristian de la Fuente,Cheryl Burke,Actor/Actress,34,3rd Place,3,,23.0,True,154.5,0.1488673139158576,False,6_Cristian de la Fuente
6,8,Cristian de la Fuente,Cheryl Burke,Actor/Actress,34,3rd Place,3,,28.5,True,133.5,0.21348314606741572,False,6_Cristian de la Fuente
6,9,Cristian de la Fuente,Cheryl Burke,Actor/Actress,34,3rd Place,3,,28.0,True,110.0,0.2545454545454545,False,6_Cristian de la Fuente
6,10,Cristian de la Fuente,Cheryl Burke,Actor/Actress,34,3rd Place,3,,26.0,True,84.5,0.3076923076923077,False,6_Cristian de la Fuente
6,1,Steve Guttenberg,Anna Trebunskaya,Actor/Actress,49,Eliminated Week 3,10,3.0,18.0,True,243.0,0.07407407407407407,False,6_Steve Guttenberg
6,2,Steve Guttenberg,Anna Trebunskaya,Actor/Actress,49,Eliminated Week 3,10,3.0,16.0,True,257.0,0.0622568093385214,False,6_Steve Guttenberg
6,3,Steve Guttenberg,Anna Trebunskaya,Actor/Actress,49,Eliminated Week 3,10,3.0,21.0,True,228.0,0.09210526315789473,True,6_Steve Guttenberg
6,4,Steve Guttenberg,Anna Trebunskaya,Actor/Actress,49,Eliminated Week 3,10,3.0,0.0,False,225.0,0.0,False,6_Steve Guttenberg
6,5,Steve Guttenberg,Anna Trebunskaya,Actor/Actress,49,Eliminated Week 3,10,3.0,0.0,False,196.0,0.0,False,6_Steve Guttenberg
6,6,Steve Guttenberg,Anna Trebunskaya,Actor/Actress,49,Eliminated Week 3,10,3.0,0.0,False,180.0,0.0,False,6_Steve Guttenberg
6,7,Steve Guttenberg,Anna Trebunskaya,Actor/Actress,49,Eliminated Week 3,10,3.0,0.0,False,154.5,0.0,False,6_Steve Guttenberg
6,8,Steve Guttenberg,Anna Trebunskaya,Actor/Actress,49,Eliminated Week 3,10,3.0,0.0,False,133.5,0.0,False,6_Steve Guttenberg
6,9,Steve Guttenberg,Anna Trebunskaya,Actor/Actress,49,Eliminated Week 3,10,3.0,0.0,False,110.0,0.0,False,6_Steve Guttenberg
6,10,Steve Guttenberg,Anna Trebunskaya,Actor/Actress,49,Eliminated Week 3,10,3.0,0.0,False,84.5,0.0,False,6_Steve Guttenberg
6,1,Priscilla Presley,Louis van Amstel,Actor/Actress,62,Eliminated Week 5,8,5.0,24.0,True,243.0,0.09876543209876543,False,6_Priscilla Presley
6,2,Priscilla Presley,Louis van Amstel,Actor/Actress,62,Eliminated Week 5,8,5.0,21.0,True,257.0,0.08171206225680934,False,6_Priscilla Presley
6,3,Priscilla Presley,Louis van Amstel,Actor/Actress,62,Eliminated Week 5,8,5.0,26.0,True,228.0,0.11403508771929824,False,6_Priscilla Presley
6,4,Priscilla Presley,Louis van Amstel,Actor/Actress,62,Eliminated Week 5,8,5.0,22.0,True,225.0,0.09777777777777778,False,6_Priscilla Presley
6,5,Priscilla Presley,Louis van Amstel,Actor/Actress,62,Eliminated Week 5,8,5.0,21.0,True,196.0,0.10714285714285714,True,6_Priscilla Presley
6,6,Priscilla Presley,Louis van Amstel,Actor/Actress,62,Eliminated Week 5,8,5.0,0.0,False,180.0,0.0,False,6_Priscilla Presley
6,7,Priscilla Presley,Louis van Amstel,Actor/Actress,62,Eliminated Week 5,8,5.0,0.0,False,154.5,0.0,False,6_Priscilla Presley
6,8,Priscilla Presley,Louis van Amstel,Actor/Actress,62,Eliminated Week 5,8,5.0,0.0,False,133.5,0.0,False,6_Priscilla Presley
6,9,Priscilla Presley,Louis van Amstel,Actor/Actress,62,Eliminated Week 5,8,5.0,0.0,False,110.0,0.0,False,6_Priscilla Presley
6,10,Priscilla Presley,Louis van Amstel,Actor/Actress,62,Eliminated Week 5,8,5.0,0.0,False,84.5,0.0,False,6_Priscilla Presley
6,1,Marlee Matlin,Fabian Sanchez,Actor/Actress,42,Eliminated Week 6,7,6.0,22.0,True,243.0,0.09053497942386832,False,6_Marlee Matlin
6,2,Marlee Matlin,Fabian Sanchez,Actor/Actress,42,Eliminated Week 6,7,6.0,24.0,True,257.0,0.0933852140077821,False,6_Marlee Matlin
6,3,Marlee Matlin,Fabian Sanchez,Actor/Actress,42,Eliminated Week 6,7,6.0,21.0,True,228.0,0.09210526315789473,False,6_Marlee Matlin
6,4,Marlee Matlin,Fabian Sanchez,Actor/Actress,42,Eliminated Week 6,7,6.0,24.0,True,225.0,0.10666666666666667,False,6_Marlee Matlin
6,5,Marlee Matlin,Fabian Sanchez,Actor/Actress,42,Eliminated Week 6,7,6.0,22.0,True,196.0,0.11224489795918367,False,6_Marlee Matlin
6,6,Marlee Matlin,Fabian Sanchez,Actor/Actress,42,Eliminated Week 6,7,6.0,21.0,True,180.0,0.11666666666666667,True,6_Marlee Matlin
6,7,Marlee Matlin,Fabian Sanchez,Actor/Actress,42,Eliminated Week 6,7,6.0,0.0,False,154.5,0.0,False,6_Marlee Matlin
6,8,Marlee Matlin,Fabian Sanchez,Actor/Actress,42,Eliminated Week 6,7,6.0,0.0,False,133.5,0.0,False,6_Marlee Matlin
6,9,Marlee Matlin,Fabian Sanchez,Actor/Actress,42,Eliminated Week 6,7,6.0,0.0,False,110.0,0.0,False,6_Marlee Matlin
6,10,Marlee Matlin,Fabian Sanchez,Actor/Actress,42,Eliminated Week 6,7,6.0,0.0,False,84.5,0.0,False,6_Marlee Matlin
6,1,Shannon Elizabeth,Derek Hough,Actor/Actress,34,Eliminated Week 7,6,7.0,21.0,True,243.0,0.08641975308641975,False,6_Shannon Elizabeth
6,2,Shannon Elizabeth,Derek Hough,Actor/Actress,34,Eliminated Week 7,6,7.0,24.0,True,257.0,0.0933852140077821,False,6_Shannon Elizabeth
6,3,Shannon Elizabeth,Derek Hough,Actor/Actress,34,Eliminated Week 7,6,7.0,24.0,True,228.0,0.10526315789473684,False,6_Shannon Elizabeth
6,4,Shannon Elizabeth,Derek Hough,Actor/Actress,34,Eliminated Week 7,6,7.0,28.0,True,225.0,0.12444444444444444,False,6_Shannon Elizabeth
6,5,Shannon Elizabeth,Derek Hough,Actor/Actress,34,Eliminated Week 7,6,7.0,23.0,True,196.0,0.11734693877551021,False,6_Shannon Elizabeth
6,6,Shannon Elizabeth,Derek Hough,Actor/Actress,34,Eliminated Week 7,6,7.0,24.0,True,180.0,0.13333333333333333,False,6_Shannon Elizabeth
6,7,Shannon Elizabeth,Derek Hough,Actor/Actress,34,Eliminated Week 7,6,7.0,25.5,True,154.5,0.1650485436893204,True,6_Shannon Elizabeth
6,8,Shannon Elizabeth,Derek Hough,Actor/Actress,34,Eliminated Week 7,6,7.0,0.0,False,133.5,0.0,False,6_Shannon Elizabeth
6,9,Shannon Elizabeth,Derek Hough,Actor/Actress,34,Eliminated Week 7,6,7.0,0.0,False,110.0,0.0,False,6_Shannon Elizabeth
6,10,Shannon Elizabeth,Derek Hough,Actor/Actress,34,Eliminated Week 7,6,7.0,0.0,False,84.5,0.0,False,6_Shannon Elizabeth
6,1,Marissa Jaret Winokur,Tony Dovolani,Actor/Actress,35,Eliminated Week 9,4,9.0,18.0,True,243.0,0.07407407407407407,False,6_Marissa Jaret Winokur
6,2,Marissa Jaret Winokur,Tony Dovolani,Actor/Actress,35,Eliminated Week 9,4,9.0,21.0,True,257.0,0.08171206225680934,False,6_Marissa Jaret Winokur
6,3,Marissa Jaret Winokur,Tony Dovolani,Actor/Actress,35,Eliminated Week 9,4,9.0,19.0,True,228.0,0.08333333333333333,False,6_Marissa Jaret Winokur
6,4,Marissa Jaret Winokur,Tony Dovolani,Actor/Actress,35,Eliminated Week 9,4,9.0,24.0,True,225.0,0.10666666666666667,False,6_Marissa Jaret Winokur
6,5,Marissa Jaret Winokur,Tony Dovolani,Actor/Actress,35,Eliminated Week 9,4,9.0,24.0,True,196.0,0.12244897959183673,False,6_Marissa Jaret Winokur
6,6,Marissa Jaret Winokur,Tony Dovolani,Actor/Actress,35,Eliminated Week 9,4,9.0,26.0,True,180.0,0.14444444444444443,False,6_Marissa Jaret Winokur
6,7,Marissa Jaret Winokur,Tony Dovolani,Actor/Actress,35,Eliminated Week 9,4,9.0,26.0,True,154.5,0.16828478964401294,False,6_Marissa Jaret Winokur
6,8,Marissa Jaret Winokur,Tony Dovolani,Actor/Actress,35,Eliminated Week 9,4,9.0,25.0,True,133.5,0.18726591760299627,False,6_Marissa Jaret Winokur
6,9,Marissa Jaret Winokur,Tony Dovolani,Actor/Actress,35,Eliminated Week 9,4,9.0,26.0,True,110.0,0.23636363636363636,True,6_Marissa Jaret Winokur
6,10,Marissa Jaret Winokur,Tony Dovolani,Actor/Actress,35,Eliminated Week 9,4,9.0,0.0,False,84.5,0.0,False,6_Marissa Jaret Winokur
6,1,Jason Taylor,Edyta Sliwinska,Athlete,33,2nd Place,2,,22.0,True,243.0,0.09053497942386832,False,6_Jason Taylor
6,2,Jason Taylor,Edyta Sliwinska,Athlete,33,2nd Place,2,,27.0,True,257.0,0.10505836575875487,False,6_Jason Taylor
6,3,Jason Taylor,Edyta Sliwinska,Athlete,33,2nd Place,2,,23.0,True,228.0,0.10087719298245613,False,6_Jason Taylor
6,4,Jason Taylor,Edyta Sliwinska,Athlete,33,2nd Place,2,,29.0,True,225.0,0.1288888888888889,False,6_Jason Taylor
6,5,Jason Taylor,Edyta Sliwinska,Athlete,33,2nd Place,2,,27.0,True,196.0,0.1377551020408163,False,6_Jason Taylor
6,6,Jason Taylor,Edyta Sliwinska,Athlete,33,2nd Place,2,,24.0,True,180.0,0.13333333333333333,False,6_Jason Taylor
6,7,Jason Taylor,Edyta Sliwinska,Athlete,33,2nd Place,2,,27.5,True,154.5,0.1779935275080906,False,6_Jason Taylor
6,8,Jason Taylor,Edyta Sliwinska,Athlete,33,2nd Place,2,,26.0,True,133.5,0.1947565543071161,False,6_Jason Taylor
6,9,Jason Taylor,Edyta Sliwinska,Athlete,33,2nd Place,2,,27.5,True,110.0,0.25,False,6_Jason Taylor
6,10,Jason Taylor,Edyta Sliwinska,Athlete,33,2nd Place,2,,28.5,True,84.5,0.33727810650887574,False,6_Jason Taylor
6,1,Kristi Yamaguchi,Mark Ballas,Athlete,36,1st Place,1,,27.0,True,243.0,0.1111111111111111,False,6_Kristi Yamaguchi
6,2,Kristi Yamaguchi,Mark Ballas,Athlete,36,1st Place,1,,27.0,True,257.0,0.10505836575875487,False,6_Kristi Yamaguchi
6,3,Kristi Yamaguchi,Mark Ballas,Athlete,36,1st Place,1,,27.0,True,228.0,0.11842105263157894,False,6_Kristi Yamaguchi
6,4,Kristi Yamaguchi,Mark Ballas,Athlete,36,1st Place,1,,29.0,True,225.0,0.1288888888888889,False,6_Kristi Yamaguchi
6,5,Kristi Yamaguchi,Mark Ballas,Athlete,36,1st Place,1,,29.0,True,196.0,0.14795918367346939,False,6_Kristi Yamaguchi
6,6,Kristi Yamaguchi,Mark Ballas,Athlete,36,1st Place,1,,30.0,True,180.0,0.16666666666666666,False,6_Kristi Yamaguchi
6,7,Kristi Yamaguchi,Mark Ballas,Athlete,36,1st Place,1,,27.0,True,154.5,0.17475728155339806,False,6_Kristi Yamaguchi
6,8,Kristi Yamaguchi,Mark Ballas,Athlete,36,1st Place,1,,27.5,True,133.5,0.20599250936329588,False,6_Kristi Yamaguchi
6,9,Kristi Yamaguchi,Mark Ballas,Athlete,36,1st Place,1,,28.5,True,110.0,0.2590909090909091,False,6_Kristi Yamaguchi
6,10,Kristi Yamaguchi,Mark Ballas,Athlete,36,1st Place,1,,30.0,True,84.5,0.35502958579881655,False,6_Kristi Yamaguchi
6,1,Monica Seles,Jonathan Roberts,Athlete,34,Eliminated Week 2,11,2.0,15.0,True,243.0,0.06172839506172839,False,6_Monica Seles
6,2,Monica Seles,Jonathan Roberts,Athlete,34,Eliminated Week 2,11,2.0,15.0,True,257.0,0.058365758754863814,True,6_Monica Seles
6,3,Monica Seles,Jonathan Roberts,Athlete,34,Eliminated Week 2,11,2.0,0.0,False,228.0,0.0,False,6_Monica Seles
6,4,Monica Seles,Jonathan Roberts,Athlete,34,Eliminated Week 2,11,2.0,0.0,False,225.0,0.0,False,6_Monica Seles
6,5,Monica Seles,Jonathan Roberts,Athlete,34,Eliminated Week 2,11,2.0,0.0,False,196.0,0.0,False,6_Monica Seles
6,6,Monica Seles,Jonathan Roberts,Athlete,34,Eliminated Week 2,11,2.0,0.0,False,180.0,0.0,False,6_Monica Seles
6,7,Monica Seles,Jonathan Roberts,Athlete,34,Eliminated Week 2,11,2.0,0.0,False,154.5,0.0,False,6_Monica Seles
6,8,Monica Seles,Jonathan Roberts,Athlete,34,Eliminated Week 2,11,2.0,0.0,False,133.5,0.0,False,6_Monica Seles
6,9,Monica Seles,Jonathan Roberts,Athlete,34,Eliminated Week 2,11,2.0,0.0,False,110.0,0.0,False,6_Monica Seles
6,10,Monica Seles,Jonathan Roberts,Athlete,34,Eliminated Week 2,11,2.0,0.0,False,84.5,0.0,False,6_Monica Seles
6,1,Penn Jillette,Kym Johnson,Magician,53,Eliminated Week 2,12,2.0,16.0,True,243.0,0.06584362139917696,False,6_Penn Jillette
6,2,Penn Jillette,Kym Johnson,Magician,53,Eliminated Week 2,12,2.0,17.0,True,257.0,0.06614785992217899,True,6_Penn Jillette
6,3,Penn Jillette,Kym Johnson,Magician,53,Eliminated Week 2,12,2.0,0.0,False,228.0,0.0,False,6_Penn Jillette
6,4,Penn Jillette,Kym Johnson,Magician,53,Eliminated Week 2,12,2.0,0.0,False,225.0,0.0,False,6_Penn Jillette
6,5,Penn Jillette,Kym Johnson,Magician,53,Eliminated Week 2,12,2.0,0.0,False,196.0,0.0,False,6_Penn Jillette
6,6,Penn Jillette,Kym Johnson,Magician,53,Eliminated Week 2,12,2.0,0.0,False,180.0,0.0,False,6_Penn Jillette
6,7,Penn Jillette,Kym Johnson,Magician,53,Eliminated Week 2,12,2.0,0.0,False,154.5,0.0,False,6_Penn Jillette
6,8,Penn Jillette,Kym Johnson,Magician,53,Eliminated Week 2,12,2.0,0.0,False,133.5,0.0,False,6_Penn Jillette
6,9,Penn Jillette,Kym Johnson,Magician,53,Eliminated Week 2,12,2.0,0.0,False,110.0,0.0,False,6_Penn Jillette
6,10,Penn Jillette,Kym Johnson,Magician,53,Eliminated Week 2,12,2.0,0.0,False,84.5,0.0,False,6_Penn Jillette
6,1,Adam Carolla,Julianne Hough,Radio Personality,43,Eliminated Week 4,9,4.0,15.0,True,243.0,0.06172839506172839,False,6_Adam Carolla
6,2,Adam Carolla,Julianne Hough,Radio Personality,43,Eliminated Week 4,9,4.0,19.0,True,257.0,0.07392996108949416,False,6_Adam Carolla
6,3,Adam Carolla,Julianne Hough,Radio Personality,43,Eliminated Week 4,9,4.0,21.0,True,228.0,0.09210526315789473,False,6_Adam Carolla
6,4,Adam Carolla,Julianne Hough,Radio Personality,43,Eliminated Week 4,9,4.0,19.0,True,225.0,0.08444444444444445,True,6_Adam Carolla
6,5,Adam Carolla,Julianne Hough,Radio Personality,43,Eliminated Week 4,9,4.0,0.0,False,196.0,0.0,False,6_Adam Carolla
6,6,Adam Carolla,Julianne Hough,Radio Personality,43,Eliminated Week 4,9,4.0,0.0,False,180.0,0.0,False,6_Adam Carolla
6,7,Adam Carolla,Julianne Hough,Radio Personality,43,Eliminated Week 4,9,4.0,0.0,False,154.5,0.0,False,6_Adam Carolla
6,8,Adam Carolla,Julianne Hough,Radio Personality,43,Eliminated Week 4,9,4.0,0.0,False,133.5,0.0,False,6_Adam Carolla
6,9,Adam Carolla,Julianne Hough,Radio Personality,43,Eliminated Week 4,9,4.0,0.0,False,110.0,0.0,False,6_Adam Carolla
6,10,Adam Carolla,Julianne Hough,Radio Personality,43,Eliminated Week 4,9,4.0,0.0,False,84.5,0.0,False,6_Adam Carolla
6,1,Mario,Karina Smirnoff,Singer/Rapper,21,Eliminated Week 8,5,8.0,24.0,True,243.0,0.09876543209876543,False,6_Mario
6,2,Mario,Karina Smirnoff,Singer/Rapper,21,Eliminated Week 8,5,8.0,26.0,True,257.0,0.10116731517509728,False,6_Mario
6,3,Mario,Karina Smirnoff,Singer/Rapper,21,Eliminated Week 8,5,8.0,21.0,True,228.0,0.09210526315789473,False,6_Mario
6,4,Mario,Karina Smirnoff,Singer/Rapper,21,Eliminated Week 8,5,8.0,24.0,True,225.0,0.10666666666666667,False,6_Mario
6,5,Mario,Karina Smirnoff,Singer/Rapper,21,Eliminated Week 8,5,8.0,27.0,True,196.0,0.1377551020408163,False,6_Mario
6,6,Mario,Karina Smirnoff,Singer/Rapper,21,Eliminated Week 8,5,8.0,28.0,True,180.0,0.15555555555555556,False,6_Mario
6,7,Mario,Karina Smirnoff,Singer/Rapper,21,Eliminated Week 8,5,8.0,25.5,True,154.5,0.1650485436893204,False,6_Mario
6,8,Mario,Karina Smirnoff,Singer/Rapper,21,Eliminated Week 8,5,8.0,26.5,True,133.5,0.19850187265917604,True,6_Mario
6,9,Mario,Karina Smirnoff,Singer/Rapper,21,Eliminated Week 8,5,8.0,0.0,False,110.0,0.0,False,6_Mario
6,10,Mario,Karina Smirnoff,Singer/Rapper,21,Eliminated Week 8,5,8.0,0.0,False,84.5,0.0,False,6_Mario
7,1,Ted McGinley,Inna Brayer,Actor/Actress,50,Eliminated Week 1,12,1.0,18.5,True,252.0,0.07341269841269842,True,7_Ted McGinley
7,2,Ted McGinley,Inna Brayer,Actor/Actress,50,Eliminated Week 1,12,1.0,0.0,False,221.0,0.0,False,7_Ted McGinley
7,3,Ted McGinley,Inna Brayer,Actor/Actress,50,Eliminated Week 1,12,1.0,0.0,False,199.0,0.0,False,7_Ted McGinley
7,4,Ted McGinley,Inna Brayer,Actor/Actress,50,Eliminated Week 1,12,1.0,0.0,False,203.0,0.0,False,7_Ted McGinley
7,5,Ted McGinley,Inna Brayer,Actor/Actress,50,Eliminated Week 1,12,1.0,0.0,False,195.0,0.0,False,7_Ted McGinley
7,6,Ted McGinley,Inna Brayer,Actor/Actress,50,Eliminated Week 1,12,1.0,0.0,False,160.0,0.0,False,7_Ted McGinley
7,7,Ted McGinley,Inna Brayer,Actor/Actress,50,Eliminated Week 1,12,1.0,0.0,False,147.0,0.0,False,7_Ted McGinley
7,8,Ted McGinley,Inna Brayer,Actor/Actress,50,Eliminated Week 1,12,1.0,0.0,False,127.5,0.0,False,7_Ted McGinley
7,9,Ted McGinley,Inna Brayer,Actor/Actress,50,Eliminated Week 1,12,1.0,0.0,False,100.5,0.0,False,7_Ted McGinley
7,10,Ted McGinley,Inna Brayer,Actor/Actress,50,Eliminated Week 1,12,1.0,0.0,False,85.0,0.0,False,7_Ted McGinley
7,1,Cloris Leachman,Corky Ballas,Actor/Actress,82,Eliminated Week 6,7,6.0,16.0,True,252.0,0.06349206349206349,False,7_Cloris Leachman
7,2,Cloris Leachman,Corky Ballas,Actor/Actress,82,Eliminated Week 6,7,6.0,15.0,True,221.0,0.06787330316742081,False,7_Cloris Leachman
7,3,Cloris Leachman,Corky Ballas,Actor/Actress,82,Eliminated Week 6,7,6.0,16.0,True,199.0,0.08040201005025126,False,7_Cloris Leachman
7,4,Cloris Leachman,Corky Ballas,Actor/Actress,82,Eliminated Week 6,7,6.0,22.0,True,203.0,0.10837438423645321,False,7_Cloris Leachman
7,5,Cloris Leachman,Corky Ballas,Actor/Actress,82,Eliminated Week 6,7,6.0,21.0,True,195.0,0.1076923076923077,False,7_Cloris Leachman
7,6,Cloris Leachman,Corky Ballas,Actor/Actress,82,Eliminated Week 6,7,6.0,15.0,True,160.0,0.09375,True,7_Cloris Leachman
7,7,Cloris Leachman,Corky Ballas,Actor/Actress,82,Eliminated Week 6,7,6.0,0.0,False,147.0,0.0,False,7_Cloris Leachman
7,8,Cloris Leachman,Corky Ballas,Actor/Actress,82,Eliminated Week 6,7,6.0,0.0,False,127.5,0.0,False,7_Cloris Leachman
7,9,Cloris Leachman,Corky Ballas,Actor/Actress,82,Eliminated Week 6,7,6.0,0.0,False,100.5,0.0,False,7_Cloris Leachman
7,10,Cloris Leachman,Corky Ballas,Actor/Actress,82,Eliminated Week 6,7,6.0,0.0,False,85.0,0.0,False,7_Cloris Leachman
7,1,Susan Lucci,Tony Dovolani,Actor/Actress,61,Eliminated Week 7,6,7.0,18.5,True,252.0,0.07341269841269842,False,7_Susan Lucci
7,2,Susan Lucci,Tony Dovolani,Actor/Actress,61,Eliminated Week 7,6,7.0,21.0,True,221.0,0.09502262443438914,False,7_Susan Lucci
7,3,Susan Lucci,Tony Dovolani,Actor/Actress,61,Eliminated Week 7,6,7.0,21.0,True,199.0,0.10552763819095477,False,7_Susan Lucci
7,4,Susan Lucci,Tony Dovolani,Actor/Actress,61,Eliminated Week 7,6,7.0,24.0,True,203.0,0.11822660098522167,False,7_Susan Lucci
7,5,Susan Lucci,Tony Dovolani,Actor/Actress,61,Eliminated Week 7,6,7.0,22.0,True,195.0,0.11282051282051282,False,7_Susan Lucci
7,6,Susan Lucci,Tony Dovolani,Actor/Actress,61,Eliminated Week 7,6,7.0,23.0,True,160.0,0.14375,False,7_Susan Lucci
7,7,Susan Lucci,Tony Dovolani,Actor/Actress,61,Eliminated Week 7,6,7.0,24.0,True,147.0,0.16326530612244897,True,7_Susan Lucci
7,8,Susan Lucci,Tony Dovolani,Actor/Actress,61,Eliminated Week 7,6,7.0,0.0,False,127.5,0.0,False,7_Susan Lucci
7,9,Susan Lucci,Tony Dovolani,Actor/Actress,61,Eliminated Week 7,6,7.0,0.0,False,100.5,0.0,False,7_Susan Lucci
7,10,Susan Lucci,Tony Dovolani,Actor/Actress,61,Eliminated Week 7,6,7.0,0.0,False,85.0,0.0,False,7_Susan Lucci
7,1,Cody Linley,Julianne Hough,Actor/Actress,18,Eliminated Week 9,4,9.0,20.5,True,252.0,0.08134920634920635,False,7_Cody Linley
7,2,Cody Linley,Julianne Hough,Actor/Actress,18,Eliminated Week 9,4,9.0,21.0,True,221.0,0.09502262443438914,False,7_Cody Linley
7,3,Cody Linley,Julianne Hough,Actor/Actress,18,Eliminated Week 9,4,9.0,21.0,True,199.0,0.10552763819095477,False,7_Cody Linley
7,4,Cody Linley,Julianne Hough,Actor/Actress,18,Eliminated Week 9,4,9.0,23.0,True,203.0,0.11330049261083744,False,7_Cody Linley
7,5,Cody Linley,Julianne Hough,Actor/Actress,18,Eliminated Week 9,4,9.0,28.0,True,195.0,0.14358974358974358,False,7_Cody Linley
7,6,Cody Linley,Julianne Hough,Actor/Actress,18,Eliminated Week 9,4,9.0,23.0,True,160.0,0.14375,False,7_Cody Linley
7,7,Cody Linley,Julianne Hough,Actor/Actress,18,Eliminated Week 9,4,9.0,22.0,True,147.0,0.14965986394557823,False,7_Cody Linley
7,8,Cody Linley,Julianne Hough,Actor/Actress,18,Eliminated Week 9,4,9.0,24.0,True,127.5,0.18823529411764706,False,7_Cody Linley
7,9,Cody Linley,Julianne Hough,Actor/Actress,18,Eliminated Week 9,4,9.0,23.0,True,100.5,0.22885572139303484,True,7_Cody Linley
7,10,Cody Linley,Julianne Hough,Actor/Actress,18,Eliminated Week 9,4,9.0,0.0,False,85.0,0.0,False,7_Cody Linley
7,1,Misty May-Treanor,Maksim Chmerkoskiy,Athlete,31,Withdrew,10,,21.0,True,252.0,0.08333333333333333,False,7_Misty May-Treanor
7,2,Misty May-Treanor,Maksim Chmerkoskiy,Athlete,31,Withdrew,10,,21.0,True,221.0,0.09502262443438914,False,7_Misty May-Treanor
7,3,Misty May-Treanor,Maksim Chmerkoskiy,Athlete,31,Withdrew,10,,0.0,False,199.0,0.0,False,7_Misty May-Treanor
7,4,Misty May-Treanor,Maksim Chmerkoskiy,Athlete,31,Withdrew,10,,0.0,False,203.0,0.0,False,7_Misty May-Treanor
7,5,Misty May-Treanor,Maksim Chmerkoskiy,Athlete,31,Withdrew,10,,0.0,False,195.0,0.0,False,7_Misty May-Treanor
7,6,Misty May-Treanor,Maksim Chmerkoskiy,Athlete,31,Withdrew,10,,0.0,False,160.0,0.0,False,7_Misty May-Treanor
7,7,Misty May-Treanor,Maksim Chmerkoskiy,Athlete,31,Withdrew,10,,0.0,False,147.0,0.0,False,7_Misty May-Treanor
7,8,Misty May-Treanor,Maksim Chmerkoskiy,Athlete,31,Withdrew,10,,0.0,False,127.5,0.0,False,7_Misty May-Treanor
7,9,Misty May-Treanor,Maksim Chmerkoskiy,Athlete,31,Withdrew,10,,0.0,False,100.5,0.0,False,7_Misty May-Treanor
7,10,Misty May-Treanor,Maksim Chmerkoskiy,Athlete,31,Withdrew,10,,0.0,False,85.0,0.0,False,7_Misty May-Treanor
7,1,Maurice Greene,Cheryl Burke,Athlete,34,Eliminated Week 8,5,8.0,19.5,True,252.0,0.07738095238095238,False,7_Maurice Greene
7,2,Maurice Greene,Cheryl Burke,Athlete,34,Eliminated Week 8,5,8.0,19.0,True,221.0,0.08597285067873303,False,7_Maurice Greene
7,3,Maurice Greene,Cheryl Burke,Athlete,34,Eliminated Week 8,5,8.0,24.0,True,199.0,0.12060301507537688,False,7_Maurice Greene
7,4,Maurice Greene,Cheryl Burke,Athlete,34,Eliminated Week 8,5,8.0,20.0,True,203.0,0.09852216748768473,False,7_Maurice Greene
7,5,Maurice Greene,Cheryl Burke,Athlete,34,Eliminated Week 8,5,8.0,27.0,True,195.0,0.13846153846153847,False,7_Maurice Greene
7,6,Maurice Greene,Cheryl Burke,Athlete,34,Eliminated Week 8,5,8.0,21.0,True,160.0,0.13125,False,7_Maurice Greene
7,7,Maurice Greene,Cheryl Burke,Athlete,34,Eliminated Week 8,5,8.0,25.0,True,147.0,0.17006802721088435,False,7_Maurice Greene
7,8,Maurice Greene,Cheryl Burke,Athlete,34,Eliminated Week 8,5,8.0,24.0,True,127.5,0.18823529411764706,True,7_Maurice Greene
7,9,Maurice Greene,Cheryl Burke,Athlete,34,Eliminated Week 8,5,8.0,0.0,False,100.5,0.0,False,7_Maurice Greene
7,10,Maurice Greene,Cheryl Burke,Athlete,34,Eliminated Week 8,5,8.0,0.0,False,85.0,0.0,False,7_Maurice Greene
7,1,Warren Sapp,Kym Johnson,Athlete,35,2nd Place,2,,21.5,True,252.0,0.08531746031746032,False,7_Warren Sapp
7,2,Warren Sapp,Kym Johnson,Athlete,35,2nd Place,2,,24.0,True,221.0,0.1085972850678733,False,7_Warren Sapp
7,3,Warren Sapp,Kym Johnson,Athlete,35,2nd Place,2,,25.0,True,199.0,0.12562814070351758,False,7_Warren Sapp
7,4,Warren Sapp,Kym Johnson,Athlete,35,2nd Place,2,,22.0,True,203.0,0.10837438423645321,False,7_Warren Sapp
7,5,Warren Sapp,Kym Johnson,Athlete,35,2nd Place,2,,25.0,True,195.0,0.1282051282051282,False,7_Warren Sapp
7,6,Warren Sapp,Kym Johnson,Athlete,35,2nd Place,2,,25.0,True,160.0,0.15625,False,7_Warren Sapp
7,7,Warren Sapp,Kym Johnson,Athlete,35,2nd Place,2,,21.0,True,147.0,0.14285714285714285,False,7_Warren Sapp
7,8,Warren Sapp,Kym Johnson,Athlete,35,2nd Place,2,,27.0,True,127.5,0.21176470588235294,False,7_Warren Sapp
7,9,Warren Sapp,Kym Johnson,Athlete,35,2nd Place,2,,24.5,True,100.5,0.24378109452736318,False,7_Warren Sapp
7,10,Warren Sapp,Kym Johnson,Athlete,35,2nd Place,2,,27.5,True,85.0,0.3235294117647059,False,7_Warren Sapp
7,1,Jeffrey Ross,Edyta Sliwinska,Comedian,43,Eliminated Week 1,13,1.0,12.0,True,252.0,0.047619047619047616,True,7_Jeffrey Ross
7,2,Jeffrey Ross,Edyta Sliwinska,Comedian,43,Eliminated Week 1,13,1.0,0.0,False,221.0,0.0,False,7_Jeffrey Ross
7,3,Jeffrey Ross,Edyta Sliwinska,Comedian,43,Eliminated Week 1,13,1.0,0.0,False,199.0,0.0,False,7_Jeffrey Ross
7,4,Jeffrey Ross,Edyta Sliwinska,Comedian,43,Eliminated Week 1,13,1.0,0.0,False,203.0,0.0,False,7_Jeffrey Ross
7,5,Jeffrey Ross,Edyta Sliwinska,Comedian,43,Eliminated Week 1,13,1.0,0.0,False,195.0,0.0,False,7_Jeffrey Ross
7,6,Jeffrey Ross,Edyta Sliwinska,Comedian,43,Eliminated Week 1,13,1.0,0.0,False,160.0,0.0,False,7_Jeffrey Ross
7,7,Jeffrey Ross,Edyta Sliwinska,Comedian,43,Eliminated Week 1,13,1.0,0.0,False,147.0,0.0,False,7_Jeffrey Ross
7,8,Jeffrey Ross,Edyta Sliwinska,Comedian,43,Eliminated Week 1,13,1.0,0.0,False,127.5,0.0,False,7_Jeffrey Ross
7,9,Jeffrey Ross,Edyta Sliwinska,Comedian,43,Eliminated Week 1,13,1.0,0.0,False,100.5,0.0,False,7_Jeffrey Ross
7,10,Jeffrey Ross,Edyta Sliwinska,Comedian,43,Eliminated Week 1,13,1.0,0.0,False,85.0,0.0,False,7_Jeffrey Ross
7,1,Toni Braxton,Alec Mazo,Singer/Rapper,40,Eliminated Week 5,8,5.0,22.5,True,252.0,0.08928571428571429,False,7_Toni Braxton
7,2,Toni Braxton,Alec Mazo,Singer/Rapper,40,Eliminated Week 5,8,5.0,23.0,True,221.0,0.10407239819004525,False,7_Toni Braxton
7,3,Toni Braxton,Alec Mazo,Singer/Rapper,40,Eliminated Week 5,8,5.0,22.0,True,199.0,0.11055276381909548,False,7_Toni Braxton
7,4,Toni Braxton,Alec Mazo,Singer/Rapper,40,Eliminated Week 5,8,5.0,22.0,True,203.0,0.10837438423645321,False,7_Toni Braxton
7,5,Toni Braxton,Alec Mazo,Singer/Rapper,40,Eliminated Week 5,8,5.0,22.0,True,195.0,0.11282051282051282,True,7_Toni Braxton
7,6,Toni Braxton,Alec Mazo,Singer/Rapper,40,Eliminated Week 5,8,5.0,0.0,False,160.0,0.0,False,7_Toni Braxton
7,7,Toni Braxton,Alec Mazo,Singer/Rapper,40,Eliminated Week 5,8,5.0,0.0,False,147.0,0.0,False,7_Toni Braxton
7,8,Toni Braxton,Alec Mazo,Singer/Rapper,40,Eliminated Week 5,8,5.0,0.0,False,127.5,0.0,False,7_Toni Braxton
7,9,Toni Braxton,Alec Mazo,Singer/Rapper,40,Eliminated Week 5,8,5.0,0.0,False,100.5,0.0,False,7_Toni Braxton
7,10,Toni Braxton,Alec Mazo,Singer/Rapper,40,Eliminated Week 5,8,5.0,0.0,False,85.0,0.0,False,7_Toni Braxton
7,1,Lance Bass,Lacey Schwimmer,Singer/Rapper,29,3rd Place,3,,21.5,True,252.0,0.08531746031746032,False,7_Lance Bass
7,2,Lance Bass,Lacey Schwimmer,Singer/Rapper,29,3rd Place,3,,20.0,True,221.0,0.09049773755656108,False,7_Lance Bass
7,3,Lance Bass,Lacey Schwimmer,Singer/Rapper,29,3rd Place,3,,22.0,True,199.0,0.11055276381909548,False,7_Lance Bass
7,4,Lance Bass,Lacey Schwimmer,Singer/Rapper,29,3rd Place,3,,26.0,True,203.0,0.12807881773399016,False,7_Lance Bass
7,5,Lance Bass,Lacey Schwimmer,Singer/Rapper,29,3rd Place,3,,21.0,True,195.0,0.1076923076923077,False,7_Lance Bass
7,6,Lance Bass,Lacey Schwimmer,Singer/Rapper,29,3rd Place,3,,27.0,True,160.0,0.16875,False,7_Lance Bass
7,7,Lance Bass,Lacey Schwimmer,Singer/Rapper,29,3rd Place,3,,25.0,True,147.0,0.17006802721088435,False,7_Lance Bass
7,8,Lance Bass,Lacey Schwimmer,Singer/Rapper,29,3rd Place,3,,25.0,True,127.5,0.19607843137254902,False,7_Lance Bass
7,9,Lance Bass,Lacey Schwimmer,Singer/Rapper,29,3rd Place,3,,28.5,True,100.5,0.2835820895522388,False,7_Lance Bass
7,10,Lance Bass,Lacey Schwimmer,Singer/Rapper,29,3rd Place,3,,27.5,True,85.0,0.3235294117647059,False,7_Lance Bass
7,1,Kim Kardashian,Mark Ballas,TV Personality,27,Eliminated Week 2,11,2.0,18.5,True,252.0,0.07341269841269842,False,7_Kim Kardashian
7,2,Kim Kardashian,Mark Ballas,TV Personality,27,Eliminated Week 2,11,2.0,17.0,True,221.0,0.07692307692307693,True,7_Kim Kardashian
7,3,Kim Kardashian,Mark Ballas,TV Personality,27,Eliminated Week 2,11,2.0,0.0,False,199.0,0.0,False,7_Kim Kardashian
7,4,Kim Kardashian,Mark Ballas,TV Personality,27,Eliminated Week 2,11,2.0,0.0,False,203.0,0.0,False,7_Kim Kardashian
7,5,Kim Kardashian,Mark Ballas,TV Personality,27,Eliminated Week 2,11,2.0,0.0,False,195.0,0.0,False,7_Kim Kardashian
7,6,Kim Kardashian,Mark Ballas,TV Personality,27,Eliminated Week 2,11,2.0,0.0,False,160.0,0.0,False,7_Kim Kardashian
7,7,Kim Kardashian,Mark Ballas,TV Personality,27,Eliminated Week 2,11,2.0,0.0,False,147.0,0.0,False,7_Kim Kardashian
7,8,Kim Kardashian,Mark Ballas,TV Personality,27,Eliminated Week 2,11,2.0,0.0,False,127.5,0.0,False,7_Kim Kardashian
7,9,Kim Kardashian,Mark Ballas,TV Personality,27,Eliminated Week 2,11,2.0,0.0,False,100.5,0.0,False,7_Kim Kardashian
7,10,Kim Kardashian,Mark Ballas,TV Personality,27,Eliminated Week 2,11,2.0,0.0,False,85.0,0.0,False,7_Kim Kardashian
7,1,Rocco DiSpirito,Karina Smirnoff,TV Personality,41,Eliminated Week 4,9,4.0,17.5,True,252.0,0.06944444444444445,False,7_Rocco DiSpirito
7,2,Rocco DiSpirito,Karina Smirnoff,TV Personality,41,Eliminated Week 4,9,4.0,16.0,True,221.0,0.07239819004524888,False,7_Rocco DiSpirito
7,3,Rocco DiSpirito,Karina Smirnoff,TV Personality,41,Eliminated Week 4,9,4.0,20.0,True,199.0,0.10050251256281408,False,7_Rocco DiSpirito
7,4,Rocco DiSpirito,Karina Smirnoff,TV Personality,41,Eliminated Week 4,9,4.0,18.0,True,203.0,0.08866995073891626,True,7_Rocco DiSpirito
7,5,Rocco DiSpirito,Karina Smirnoff,TV Personality,41,Eliminated Week 4,9,4.0,0.0,False,195.0,0.0,False,7_Rocco DiSpirito
7,6,Rocco DiSpirito,Karina Smirnoff,TV Personality,41,Eliminated Week 4,9,4.0,0.0,False,160.0,0.0,False,7_Rocco DiSpirito
7,7,Rocco DiSpirito,Karina Smirnoff,TV Personality,41,Eliminated Week 4,9,4.0,0.0,False,147.0,0.0,False,7_Rocco DiSpirito
7,8,Rocco DiSpirito,Karina Smirnoff,TV Personality,41,Eliminated Week 4,9,4.0,0.0,False,127.5,0.0,False,7_Rocco DiSpirito
7,9,Rocco DiSpirito,Karina Smirnoff,TV Personality,41,Eliminated Week 4,9,4.0,0.0,False,100.5,0.0,False,7_Rocco DiSpirito
7,10,Rocco DiSpirito,Karina Smirnoff,TV Personality,41,Eliminated Week 4,9,4.0,0.0,False,85.0,0.0,False,7_Rocco DiSpirito
7,1,Brooke Burke,Derek Hough,TV Personality,37,1st Place,1,,24.5,True,252.0,0.09722222222222222,False,7_Brooke Burke
7,2,Brooke Burke,Derek Hough,TV Personality,37,1st Place,1,,24.0,True,221.0,0.1085972850678733,False,7_Brooke Burke
7,3,Brooke Burke,Derek Hough,TV Personality,37,1st Place,1,,28.0,True,199.0,0.1407035175879397,False,7_Brooke Burke
7,4,Brooke Burke,Derek Hough,TV Personality,37,1st Place,1,,26.0,True,203.0,0.12807881773399016,False,7_Brooke Burke
7,5,Brooke Burke,Derek Hough,TV Personality,37,1st Place,1,,29.0,True,195.0,0.14871794871794872,False,7_Brooke Burke
7,6,Brooke Burke,Derek Hough,TV Personality,37,1st Place,1,,26.0,True,160.0,0.1625,False,7_Brooke Burke
7,7,Brooke Burke,Derek Hough,TV Personality,37,1st Place,1,,30.0,True,147.0,0.20408163265306123,False,7_Brooke Burke
7,8,Brooke Burke,Derek Hough,TV Personality,37,1st Place,1,,27.5,True,127.5,0.21568627450980393,False,7_Brooke Burke
7,9,Brooke Burke,Derek Hough,TV Personality,37,1st Place,1,,24.5,True,100.5,0.24378109452736318,False,7_Brooke Burke
7,10,Brooke Burke,Derek Hough,TV Personality,37,1st Place,1,,30.0,True,85.0,0.35294117647058826,False,7_Brooke Burke
8,1,Gilles Marini,Cheryl Burke,Actor/Actress,33,2nd Place,2,,24.0,True,243.0,0.09876543209876543,False,8_Gilles Marini
8,2,Gilles Marini,Cheryl Burke,Actor/Actress,33,2nd Place,2,,27.0,True,265.0,0.1018867924528302,False,8_Gilles Marini
8,3,Gilles Marini,Cheryl Burke,Actor/Actress,33,2nd Place,2,,27.0,True,254.0,0.1062992125984252,False,8_Gilles Marini
8,4,Gilles Marini,Cheryl Burke,Actor/Actress,33,2nd Place,2,,30.0,True,242.0,0.12396694214876033,False,8_Gilles Marini
8,5,Gilles Marini,Cheryl Burke,Actor/Actress,33,2nd Place,2,,29.0,True,210.0,0.1380952380952381,False,8_Gilles Marini
8,6,Gilles Marini,Cheryl Burke,Actor/Actress,33,2nd Place,2,,26.0,True,186.0,0.13978494623655913,False,8_Gilles Marini
8,7,Gilles Marini,Cheryl Burke,Actor/Actress,33,2nd Place,2,,27.0,True,182.0,0.14835164835164835,False,8_Gilles Marini
8,8,Gilles Marini,Cheryl Burke,Actor/Actress,33,2nd Place,2,,27.5,True,156.0,0.1762820512820513,False,8_Gilles Marini
8,9,Gilles Marini,Cheryl Burke,Actor/Actress,33,2nd Place,2,,28.0,True,133.5,0.20973782771535582,False,8_Gilles Marini
8,10,Gilles Marini,Cheryl Burke,Actor/Actress,33,2nd Place,2,,30.0,True,109.5,0.273972602739726,False,8_Gilles Marini
8,11,Gilles Marini,Cheryl Burke,Actor/Actress,33,2nd Place,2,,29.0,True,87.5,0.3314285714285714,False,8_Gilles Marini
8,1,Denise Richards,Maksim Chmerkoskiy,Actor/Actress,38,Eliminated Week 3,12,3.0,18.0,True,243.0,0.07407407407407407,False,8_Denise Richards
8,2,Denise Richards,Maksim Chmerkoskiy,Actor/Actress,38,Eliminated Week 3,12,3.0,21.0,True,265.0,0.07924528301886792,False,8_Denise Richards
8,3,Denise Richards,Maksim Chmerkoskiy,Actor/Actress,38,Eliminated Week 3,12,3.0,16.0,True,254.0,0.06299212598425197,True,8_Denise Richards
8,4,Denise Richards,Maksim Chmerkoskiy,Actor/Actress,38,Eliminated Week 3,12,3.0,0.0,False,242.0,0.0,False,8_Denise Richards
8,5,Denise Richards,Maksim Chmerkoskiy,Actor/Actress,38,Eliminated Week 3,12,3.0,0.0,False,210.0,0.0,False,8_Denise Richards
8,6,Denise Richards,Maksim Chmerkoskiy,Actor/Actress,38,Eliminated Week 3,12,3.0,0.0,False,186.0,0.0,False,8_Denise Richards
8,7,Denise Richards,Maksim Chmerkoskiy,Actor/Actress,38,Eliminated Week 3,12,3.0,0.0,False,182.0,0.0,False,8_Denise Richards
8,8,Denise Richards,Maksim Chmerkoskiy,Actor/Actress,38,Eliminated Week 3,12,3.0,0.0,False,156.0,0.0,False,8_Denise Richards
8,9,Denise Richards,Maksim Chmerkoskiy,Actor/Actress,38,Eliminated Week 3,12,3.0,0.0,False,133.5,0.0,False,8_Denise Richards
8,10,Denise Richards,Maksim Chmerkoskiy,Actor/Actress,38,Eliminated Week 3,12,3.0,0.0,False,109.5,0.0,False,8_Denise Richards
8,11,Denise Richards,Maksim Chmerkoskiy,Actor/Actress,38,Eliminated Week 3,12,3.0,0.0,False,87.5,0.0,False,8_Denise Richards
8,1,David Alan Grier,Kym Johnson,Actor/Actress,52,Eliminated Week 5,9,5.0,19.0,True,243.0,0.07818930041152264,False,8_David Alan Grier
8,2,David Alan Grier,Kym Johnson,Actor/Actress,52,Eliminated Week 5,9,5.0,17.0,True,265.0,0.06415094339622641,False,8_David Alan Grier
8,3,David Alan Grier,Kym Johnson,Actor/Actress,52,Eliminated Week 5,9,5.0,24.0,True,254.0,0.09448818897637795,False,8_David Alan Grier
8,4,David Alan Grier,Kym Johnson,Actor/Actress,52,Eliminated Week 5,9,5.0,22.0,True,242.0,0.09090909090909091,False,8_David Alan Grier
8,5,David Alan Grier,Kym Johnson,Actor/Actress,52,Eliminated Week 5,9,5.0,22.0,True,210.0,0.10476190476190476,True,8_David Alan Grier
8,6,David Alan Grier,Kym Johnson,Actor/Actress,52,Eliminated Week 5,9,5.0,0.0,False,186.0,0.0,False,8_David Alan Grier
8,7,David Alan Grier,Kym Johnson,Actor/Actress,52,Eliminated Week 5,9,5.0,0.0,False,182.0,0.0,False,8_David Alan Grier
8,8,David Alan Grier,Kym Johnson,Actor/Actress,52,Eliminated Week 5,9,5.0,0.0,False,156.0,0.0,False,8_David Alan Grier
8,9,David Alan Grier,Kym Johnson,Actor/Actress,52,Eliminated Week 5,9,5.0,0.0,False,133.5,0.0,False,8_David Alan Grier
8,10,David Alan Grier,Kym Johnson,Actor/Actress,52,Eliminated Week 5,9,5.0,0.0,False,109.5,0.0,False,8_David Alan Grier
8,11,David Alan Grier,Kym Johnson,Actor/Actress,52,Eliminated Week 5,9,5.0,0.0,False,87.5,0.0,False,8_David Alan Grier
8,1,Lawrence Taylor,Edyta Sliwinska,Athlete,50,Eliminated Week 7,7,7.0,16.0,True,243.0,0.06584362139917696,False,8_Lawrence Taylor
8,2,Lawrence Taylor,Edyta Sliwinska,Athlete,50,Eliminated Week 7,7,7.0,20.0,True,265.0,0.07547169811320754,False,8_Lawrence Taylor
8,3,Lawrence Taylor,Edyta Sliwinska,Athlete,50,Eliminated Week 7,7,7.0,20.0,True,254.0,0.07874015748031496,False,8_Lawrence Taylor
8,4,Lawrence Taylor,Edyta Sliwinska,Athlete,50,Eliminated Week 7,7,7.0,19.0,True,242.0,0.07851239669421488,False,8_Lawrence Taylor
8,5,Lawrence Taylor,Edyta Sliwinska,Athlete,50,Eliminated Week 7,7,7.0,20.0,True,210.0,0.09523809523809523,False,8_Lawrence Taylor
8,6,Lawrence Taylor,Edyta Sliwinska,Athlete,50,Eliminated Week 7,7,7.0,22.0,True,186.0,0.11827956989247312,False,8_Lawrence Taylor
8,7,Lawrence Taylor,Edyta Sliwinska,Athlete,50,Eliminated Week 7,7,7.0,21.0,True,182.0,0.11538461538461539,True,8_Lawrence Taylor
8,8,Lawrence Taylor,Edyta Sliwinska,Athlete,50,Eliminated Week 7,7,7.0,0.0,False,156.0,0.0,False,8_Lawrence Taylor
8,9,Lawrence Taylor,Edyta Sliwinska,Athlete,50,Eliminated Week 7,7,7.0,0.0,False,133.5,0.0,False,8_Lawrence Taylor
8,10,Lawrence Taylor,Edyta Sliwinska,Athlete,50,Eliminated Week 7,7,7.0,0.0,False,109.5,0.0,False,8_Lawrence Taylor
8,11,Lawrence Taylor,Edyta Sliwinska,Athlete,50,Eliminated Week 7,7,7.0,0.0,False,87.5,0.0,False,8_Lawrence Taylor
8,1,Ty Murray,Chelsie Hightower,Athlete,39,Eliminated Week 10,4,10.0,14.0,True,243.0,0.05761316872427984,False,8_Ty Murray
8,2,Ty Murray,Chelsie Hightower,Athlete,39,Eliminated Week 10,4,10.0,20.0,True,265.0,0.07547169811320754,False,8_Ty Murray
8,3,Ty Murray,Chelsie Hightower,Athlete,39,Eliminated Week 10,4,10.0,23.0,True,254.0,0.09055118110236221,False,8_Ty Murray
8,4,Ty Murray,Chelsie Hightower,Athlete,39,Eliminated Week 10,4,10.0,25.0,True,242.0,0.10330578512396695,False,8_Ty Murray
8,5,Ty Murray,Chelsie Hightower,Athlete,39,Eliminated Week 10,4,10.0,21.0,True,210.0,0.1,False,8_Ty Murray
8,6,Ty Murray,Chelsie Hightower,Athlete,39,Eliminated Week 10,4,10.0,18.0,True,186.0,0.0967741935483871,False,8_Ty Murray
8,7,Ty Murray,Chelsie Hightower,Athlete,39,Eliminated Week 10,4,10.0,24.0,True,182.0,0.13186813186813187,False,8_Ty Murray
8,8,Ty Murray,Chelsie Hightower,Athlete,39,Eliminated Week 10,4,10.0,26.0,True,156.0,0.16666666666666666,False,8_Ty Murray
8,9,Ty Murray,Chelsie Hightower,Athlete,39,Eliminated Week 10,4,10.0,23.0,True,133.5,0.17228464419475656,False,8_Ty Murray
8,10,Ty Murray,Chelsie Hightower,Athlete,39,Eliminated Week 10,4,10.0,24.0,True,109.5,0.2191780821917808,True,8_Ty Murray
8,11,Ty Murray,Chelsie Hightower,Athlete,39,Eliminated Week 10,4,10.0,0.0,False,87.5,0.0,False,8_Ty Murray
8,1,Shawn Johnson,Mark Ballas,Athlete,17,1st Place,1,,23.0,True,243.0,0.09465020576131687,False,8_Shawn Johnson
8,2,Shawn Johnson,Mark Ballas,Athlete,17,1st Place,1,,24.0,True,265.0,0.09056603773584905,False,8_Shawn Johnson
8,3,Shawn Johnson,Mark Ballas,Athlete,17,1st Place,1,,27.0,True,254.0,0.1062992125984252,False,8_Shawn Johnson
8,4,Shawn Johnson,Mark Ballas,Athlete,17,1st Place,1,,25.0,True,242.0,0.10330578512396695,False,8_Shawn Johnson
8,5,Shawn Johnson,Mark Ballas,Athlete,17,1st Place,1,,26.0,True,210.0,0.12380952380952381,False,8_Shawn Johnson
8,6,Shawn Johnson,Mark Ballas,Athlete,17,1st Place,1,,26.0,True,186.0,0.13978494623655913,False,8_Shawn Johnson
8,7,Shawn Johnson,Mark Ballas,Athlete,17,1st Place,1,,28.0,True,182.0,0.15384615384615385,False,8_Shawn Johnson
8,8,Shawn Johnson,Mark Ballas,Athlete,17,1st Place,1,,26.0,True,156.0,0.16666666666666666,False,8_Shawn Johnson
8,9,Shawn Johnson,Mark Ballas,Athlete,17,1st Place,1,,28.0,True,133.5,0.20973782771535582,False,8_Shawn Johnson
8,10,Shawn Johnson,Mark Ballas,Athlete,17,1st Place,1,,28.0,True,109.5,0.2557077625570776,False,8_Shawn Johnson
8,11,Shawn Johnson,Mark Ballas,Athlete,17,1st Place,1,,30.0,True,87.5,0.34285714285714286,False,8_Shawn Johnson
8,1,Steve Wozniak,Karina Smirnoff,Entrepreneur,58,Eliminated Week 4,10,4.0,13.0,True,243.0,0.053497942386831275,False,8_Steve Wozniak
8,2,Steve Wozniak,Karina Smirnoff,Entrepreneur,58,Eliminated Week 4,10,4.0,17.0,True,265.0,0.06415094339622641,False,8_Steve Wozniak
8,3,Steve Wozniak,Karina Smirnoff,Entrepreneur,58,Eliminated Week 4,10,4.0,10.0,True,254.0,0.03937007874015748,False,8_Steve Wozniak
8,4,Steve Wozniak,Karina Smirnoff,Entrepreneur,58,Eliminated Week 4,10,4.0,12.0,True,242.0,0.049586776859504134,True,8_Steve Wozniak
8,5,Steve Wozniak,Karina Smirnoff,Entrepreneur,58,Eliminated Week 4,10,4.0,0.0,False,210.0,0.0,False,8_Steve Wozniak
8,6,Steve Wozniak,Karina Smirnoff,Entrepreneur,58,Eliminated Week 4,10,4.0,0.0,False,186.0,0.0,False,8_Steve Wozniak
8,7,Steve Wozniak,Karina Smirnoff,Entrepreneur,58,Eliminated Week 4,10,4.0,0.0,False,182.0,0.0,False,8_Steve Wozniak
8,8,Steve Wozniak,Karina Smirnoff,Entrepreneur,58,Eliminated Week 4,10,4.0,0.0,False,156.0,0.0,False,8_Steve Wozniak
8,9,Steve Wozniak,Karina Smirnoff,Entrepreneur,58,Eliminated Week 4,10,4.0,0.0,False,133.5,0.0,False,8_Steve Wozniak
8,10,Steve Wozniak,Karina Smirnoff,Entrepreneur,58,Eliminated Week 4,10,4.0,0.0,False,109.5,0.0,False,8_Steve Wozniak
8,11,Steve Wozniak,Karina Smirnoff,Entrepreneur,58,Eliminated Week 4,10,4.0,0.0,False,87.5,0.0,False,8_Steve Wozniak
8,1,Belinda Carlisle,Jonathan Roberts,Singer/Rapper,50,Eliminated Week 2,13,2.0,17.0,True,243.0,0.06995884773662552,False,8_Belinda Carlisle
8,2,Belinda Carlisle,Jonathan Roberts,Singer/Rapper,50,Eliminated Week 2,13,2.0,18.0,True,265.0,0.06792452830188679,True,8_Belinda Carlisle
8,3,Belinda Carlisle,Jonathan Roberts,Singer/Rapper,50,Eliminated Week 2,13,2.0,0.0,False,254.0,0.0,False,8_Belinda Carlisle
8,4,Belinda Carlisle,Jonathan Roberts,Singer/Rapper,50,Eliminated Week 2,13,2.0,0.0,False,242.0,0.0,False,8_Belinda Carlisle
8,5,Belinda Carlisle,Jonathan Roberts,Singer/Rapper,50,Eliminated Week 2,13,2.0,0.0,False,210.0,0.0,False,8_Belinda Carlisle
8,6,Belinda Carlisle,Jonathan Roberts,Singer/Rapper,50,Eliminated Week 2,13,2.0,0.0,False,186.0,0.0,False,8_Belinda Carlisle
8,7,Belinda Carlisle,Jonathan Roberts,Singer/Rapper,50,Eliminated Week 2,13,2.0,0.0,False,182.0,0.0,False,8_Belinda Carlisle
8,8,Belinda Carlisle,Jonathan Roberts,Singer/Rapper,50,Eliminated Week 2,13,2.0,0.0,False,156.0,0.0,False,8_Belinda Carlisle
8,9,Belinda Carlisle,Jonathan Roberts,Singer/Rapper,50,Eliminated Week 2,13,2.0,0.0,False,133.5,0.0,False,8_Belinda Carlisle
8,10,Belinda Carlisle,Jonathan Roberts,Singer/Rapper,50,Eliminated Week 2,13,2.0,0.0,False,109.5,0.0,False,8_Belinda Carlisle
8,11,Belinda Carlisle,Jonathan Roberts,Singer/Rapper,50,Eliminated Week 2,13,2.0,0.0,False,87.5,0.0,False,8_Belinda Carlisle
8,1,Chuck Wicks,Julianne Hough,Singer/Rapper,29,Eliminated Week 8,6,8.0,20.0,True,243.0,0.0823045267489712,False,8_Chuck Wicks
8,2,Chuck Wicks,Julianne Hough,Singer/Rapper,29,Eliminated Week 8,6,8.0,20.0,True,265.0,0.07547169811320754,False,8_Chuck Wicks
8,3,Chuck Wicks,Julianne Hough,Singer/Rapper,29,Eliminated Week 8,6,8.0,23.0,True,254.0,0.09055118110236221,False,8_Chuck Wicks
8,4,Chuck Wicks,Julianne Hough,Singer/Rapper,29,Eliminated Week 8,6,8.0,22.0,True,242.0,0.09090909090909091,False,8_Chuck Wicks
8,5,Chuck Wicks,Julianne Hough,Singer/Rapper,29,Eliminated Week 8,6,8.0,23.0,True,210.0,0.10952380952380952,False,8_Chuck Wicks
8,6,Chuck Wicks,Julianne Hough,Singer/Rapper,29,Eliminated Week 8,6,8.0,23.0,True,186.0,0.12365591397849462,False,8_Chuck Wicks
8,7,Chuck Wicks,Julianne Hough,Singer/Rapper,29,Eliminated Week 8,6,8.0,27.0,True,182.0,0.14835164835164835,False,8_Chuck Wicks
8,8,Chuck Wicks,Julianne Hough,Singer/Rapper,29,Eliminated Week 8,6,8.0,25.5,True,156.0,0.16346153846153846,True,8_Chuck Wicks
8,9,Chuck Wicks,Julianne Hough,Singer/Rapper,29,Eliminated Week 8,6,8.0,0.0,False,133.5,0.0,False,8_Chuck Wicks
8,10,Chuck Wicks,Julianne Hough,Singer/Rapper,29,Eliminated Week 8,6,8.0,0.0,False,109.5,0.0,False,8_Chuck Wicks
8,11,Chuck Wicks,Julianne Hough,Singer/Rapper,29,Eliminated Week 8,6,8.0,0.0,False,87.5,0.0,False,8_Chuck Wicks
8,1,Lil' Kim,Derek Hough,Singer/Rapper,34,Eliminated Week 9,5,9.0,21.0,True,243.0,0.08641975308641975,False,8_Lil' Kim
8,2,Lil' Kim,Derek Hough,Singer/Rapper,34,Eliminated Week 9,5,9.0,23.0,True,265.0,0.08679245283018867,False,8_Lil' Kim
8,3,Lil' Kim,Derek Hough,Singer/Rapper,34,Eliminated Week 9,5,9.0,25.0,True,254.0,0.0984251968503937,False,8_Lil' Kim
8,4,Lil' Kim,Derek Hough,Singer/Rapper,34,Eliminated Week 9,5,9.0,27.0,True,242.0,0.1115702479338843,False,8_Lil' Kim
8,5,Lil' Kim,Derek Hough,Singer/Rapper,34,Eliminated Week 9,5,9.0,26.0,True,210.0,0.12380952380952381,False,8_Lil' Kim
8,6,Lil' Kim,Derek Hough,Singer/Rapper,34,Eliminated Week 9,5,9.0,28.0,True,186.0,0.15053763440860216,False,8_Lil' Kim
8,7,Lil' Kim,Derek Hough,Singer/Rapper,34,Eliminated Week 9,5,9.0,26.0,True,182.0,0.14285714285714285,False,8_Lil' Kim
8,8,Lil' Kim,Derek Hough,Singer/Rapper,34,Eliminated Week 9,5,9.0,28.0,True,156.0,0.1794871794871795,False,8_Lil' Kim
8,9,Lil' Kim,Derek Hough,Singer/Rapper,34,Eliminated Week 9,5,9.0,26.0,True,133.5,0.1947565543071161,True,8_Lil' Kim
8,10,Lil' Kim,Derek Hough,Singer/Rapper,34,Eliminated Week 9,5,9.0,0.0,False,109.5,0.0,False,8_Lil' Kim
8,11,Lil' Kim,Derek Hough,Singer/Rapper,34,Eliminated Week 9,5,9.0,0.0,False,87.5,0.0,False,8_Lil' Kim
8,1,Steve-O,Lacey Schwimmer,TV Personality,34,Eliminated Week 6,8,6.0,17.0,True,243.0,0.06995884773662552,False,8_Steve-O
8,2,Steve-O,Lacey Schwimmer,TV Personality,34,Eliminated Week 6,8,6.0,14.0,True,265.0,0.052830188679245285,False,8_Steve-O
8,3,Steve-O,Lacey Schwimmer,TV Personality,34,Eliminated Week 6,8,6.0,15.0,True,254.0,0.05905511811023622,False,8_Steve-O
8,4,Steve-O,Lacey Schwimmer,TV Personality,34,Eliminated Week 6,8,6.0,15.0,True,242.0,0.06198347107438017,False,8_Steve-O
8,5,Steve-O,Lacey Schwimmer,TV Personality,34,Eliminated Week 6,8,6.0,18.0,True,210.0,0.08571428571428572,False,8_Steve-O
8,6,Steve-O,Lacey Schwimmer,TV Personality,34,Eliminated Week 6,8,6.0,16.0,True,186.0,0.08602150537634409,True,8_Steve-O
8,7,Steve-O,Lacey Schwimmer,TV Personality,34,Eliminated Week 6,8,6.0,0.0,False,182.0,0.0,False,8_Steve-O
8,8,Steve-O,Lacey Schwimmer,TV Personality,34,Eliminated Week 6,8,6.0,0.0,False,156.0,0.0,False,8_Steve-O
8,9,Steve-O,Lacey Schwimmer,TV Personality,34,Eliminated Week 6,8,6.0,0.0,False,133.5,0.0,False,8_Steve-O
8,10,Steve-O,Lacey Schwimmer,TV Personality,34,Eliminated Week 6,8,6.0,0.0,False,109.5,0.0,False,8_Steve-O
8,11,Steve-O,Lacey Schwimmer,TV Personality,34,Eliminated Week 6,8,6.0,0.0,False,87.5,0.0,False,8_Steve-O
8,1,Holly Madison,Dmitry Chaplin,TV Personality,30,Eliminated Week 4,11,4.0,18.0,True,243.0,0.07407407407407407,False,8_Holly Madison
8,2,Holly Madison,Dmitry Chaplin,TV Personality,30,Eliminated Week 4,11,4.0,18.0,True,265.0,0.06792452830188679,False,8_Holly Madison
8,3,Holly Madison,Dmitry Chaplin,TV Personality,30,Eliminated Week 4,11,4.0,17.0,True,254.0,0.06692913385826772,False,8_Holly Madison
8,4,Holly Madison,Dmitry Chaplin,TV Personality,30,Eliminated Week 4,11,4.0,16.0,True,242.0,0.06611570247933884,True,8_Holly Madison
8,5,Holly Madison,Dmitry Chaplin,TV Personality,30,Eliminated Week 4,11,4.0,0.0,False,210.0,0.0,False,8_Holly Madison
8,6,Holly Madison,Dmitry Chaplin,TV Personality,30,Eliminated Week 4,11,4.0,0.0,False,186.0,0.0,False,8_Holly Madison
8,7,Holly Madison,Dmitry Chaplin,TV Personality,30,Eliminated Week 4,11,4.0,0.0,False,182.0,0.0,False,8_Holly Madison
8,8,Holly Madison,Dmitry Chaplin,TV Personality,30,Eliminated Week 4,11,4.0,0.0,False,156.0,0.0,False,8_Holly Madison
8,9,Holly Madison,Dmitry Chaplin,TV Personality,30,Eliminated Week 4,11,4.0,0.0,False,133.5,0.0,False,8_Holly Madison
8,10,Holly Madison,Dmitry Chaplin,TV Personality,30,Eliminated Week 4,11,4.0,0.0,False,109.5,0.0,False,8_Holly Madison
8,11,Holly Madison,Dmitry Chaplin,TV Personality,30,Eliminated Week 4,11,4.0,0.0,False,87.5,0.0,False,8_Holly Madison
8,1,Melissa Rycroft,Tony Dovolani,TV Personality,26,3rd Place,3,,23.0,True,243.0,0.09465020576131687,False,8_Melissa Rycroft
8,2,Melissa Rycroft,Tony Dovolani,TV Personality,26,3rd Place,3,,26.0,True,265.0,0.09811320754716982,False,8_Melissa Rycroft
8,3,Melissa Rycroft,Tony Dovolani,TV Personality,26,3rd Place,3,,27.0,True,254.0,0.1062992125984252,False,8_Melissa Rycroft
8,4,Melissa Rycroft,Tony Dovolani,TV Personality,26,3rd Place,3,,29.0,True,242.0,0.11983471074380166,False,8_Melissa Rycroft
8,5,Melissa Rycroft,Tony Dovolani,TV Personality,26,3rd Place,3,,25.0,True,210.0,0.11904761904761904,False,8_Melissa Rycroft
8,6,Melissa Rycroft,Tony Dovolani,TV Personality,26,3rd Place,3,,27.0,True,186.0,0.14516129032258066,False,8_Melissa Rycroft
8,7,Melissa Rycroft,Tony Dovolani,TV Personality,26,3rd Place,3,,29.0,True,182.0,0.15934065934065933,False,8_Melissa Rycroft
8,8,Melissa Rycroft,Tony Dovolani,TV Personality,26,3rd Place,3,,23.0,True,156.0,0.14743589743589744,False,8_Melissa Rycroft
8,9,Melissa Rycroft,Tony Dovolani,TV Personality,26,3rd Place,3,,28.5,True,133.5,0.21348314606741572,False,8_Melissa Rycroft
8,10,Melissa Rycroft,Tony Dovolani,TV Personality,26,3rd Place,3,,27.5,True,109.5,0.2511415525114155,False,8_Melissa Rycroft
8,11,Melissa Rycroft,Tony Dovolani,TV Personality,26,3rd Place,3,,28.5,True,87.5,0.32571428571428573,False,8_Melissa Rycroft
9,1,Ashley Hamiliton,Edyta Sliwinska,Actor/Actress,34,Eliminated Week 1,16,1.0,18.9999,True,405.9984,0.046797967676719905,True,9_Ashley Hamiliton
9,2,Ashley Hamiliton,Edyta Sliwinska,Actor/Actress,34,Eliminated Week 1,16,1.0,0.0,False,294.0,0.0,False,9_Ashley Hamiliton
9,3,Ashley Hamiliton,Edyta Sliwinska,Actor/Actress,34,Eliminated Week 1,16,1.0,0.0,False,258.0,0.0,False,9_Ashley Hamiliton
9,4,Ashley Hamiliton,Edyta Sliwinska,Actor/Actress,34,Eliminated Week 1,16,1.0,0.0,False,242.0,0.0,False,9_Ashley Hamiliton
9,5,Ashley Hamiliton,Edyta Sliwinska,Actor/Actress,34,Eliminated Week 1,16,1.0,0.0,False,242.0,0.0,False,9_Ashley Hamiliton
9,6,Ashley Hamiliton,Edyta Sliwinska,Actor/Actress,34,Eliminated Week 1,16,1.0,0.0,False,259.9991,0.0,False,9_Ashley Hamiliton
9,7,Ashley Hamiliton,Edyta Sliwinska,Actor/Actress,34,Eliminated Week 1,16,1.0,0.0,False,175.5,0.0,False,9_Ashley Hamiliton
9,8,Ashley Hamiliton,Edyta Sliwinska,Actor/Actress,34,Eliminated Week 1,16,1.0,0.0,False,131.0,0.0,False,9_Ashley Hamiliton
9,9,Ashley Hamiliton,Edyta Sliwinska,Actor/Actress,34,Eliminated Week 1,16,1.0,0.0,False,106.6663,0.0,False,9_Ashley Hamiliton
9,10,Ashley Hamiliton,Edyta Sliwinska,Actor/Actress,34,Eliminated Week 1,16,1.0,0.0,False,82.5552,0.0,False,9_Ashley Hamiliton
9,1,Debi Mazar,Maksim Chmerkoskiy,Actor/Actress,45,Eliminated Week 3,12,3.0,22.0,True,405.9984,0.05418740566465287,False,9_Debi Mazar
9,2,Debi Mazar,Maksim Chmerkoskiy,Actor/Actress,45,Eliminated Week 3,12,3.0,21.0,True,294.0,0.07142857142857142,False,9_Debi Mazar
9,3,Debi Mazar,Maksim Chmerkoskiy,Actor/Actress,45,Eliminated Week 3,12,3.0,17.0,True,258.0,0.06589147286821706,True,9_Debi Mazar
9,4,Debi Mazar,Maksim Chmerkoskiy,Actor/Actress,45,Eliminated Week 3,12,3.0,0.0,False,242.0,0.0,False,9_Debi Mazar
9,5,Debi Mazar,Maksim Chmerkoskiy,Actor/Actress,45,Eliminated Week 3,12,3.0,0.0,False,242.0,0.0,False,9_Debi Mazar
9,6,Debi Mazar,Maksim Chmerkoskiy,Actor/Actress,45,Eliminated Week 3,12,3.0,0.0,False,259.9991,0.0,False,9_Debi Mazar
9,7,Debi Mazar,Maksim Chmerkoskiy,Actor/Actress,45,Eliminated Week 3,12,3.0,0.0,False,175.5,0.0,False,9_Debi Mazar
9,8,Debi Mazar,Maksim Chmerkoskiy,Actor/Actress,45,Eliminated Week 3,12,3.0,0.0,False,131.0,0.0,False,9_Debi Mazar
9,9,Debi Mazar,Maksim Chmerkoskiy,Actor/Actress,45,Eliminated Week 3,12,3.0,0.0,False,106.6663,0.0,False,9_Debi Mazar
9,10,Debi Mazar,Maksim Chmerkoskiy,Actor/Actress,45,Eliminated Week 3,12,3.0,0.0,False,82.5552,0.0,False,9_Debi Mazar
9,1,Melissa Joan Hart,Mark Ballas,Actor/Actress,33,Eliminated Week 6,9,6.0,24.0,True,405.9984,0.05911353345234858,False,9_Melissa Joan Hart
9,2,Melissa Joan Hart,Mark Ballas,Actor/Actress,33,Eliminated Week 6,9,6.0,19.0,True,294.0,0.06462585034013606,False,9_Melissa Joan Hart
9,3,Melissa Joan Hart,Mark Ballas,Actor/Actress,33,Eliminated Week 6,9,6.0,19.0,True,258.0,0.07364341085271318,False,9_Melissa Joan Hart
9,4,Melissa Joan Hart,Mark Ballas,Actor/Actress,33,Eliminated Week 6,9,6.0,28.0,True,242.0,0.11570247933884298,False,9_Melissa Joan Hart
9,5,Melissa Joan Hart,Mark Ballas,Actor/Actress,33,Eliminated Week 6,9,6.0,23.0,True,242.0,0.09504132231404959,False,9_Melissa Joan Hart
9,6,Melissa Joan Hart,Mark Ballas,Actor/Actress,33,Eliminated Week 6,9,6.0,23.9999,True,259.9991,0.09230762721870961,True,9_Melissa Joan Hart
9,7,Melissa Joan Hart,Mark Ballas,Actor/Actress,33,Eliminated Week 6,9,6.0,0.0,False,175.5,0.0,False,9_Melissa Joan Hart
9,8,Melissa Joan Hart,Mark Ballas,Actor/Actress,33,Eliminated Week 6,9,6.0,0.0,False,131.0,0.0,False,9_Melissa Joan Hart
9,9,Melissa Joan Hart,Mark Ballas,Actor/Actress,33,Eliminated Week 6,9,6.0,0.0,False,106.6663,0.0,False,9_Melissa Joan Hart
9,10,Melissa Joan Hart,Mark Ballas,Actor/Actress,33,Eliminated Week 6,9,6.0,0.0,False,82.5552,0.0,False,9_Melissa Joan Hart
9,1,Mark Dacascos,Lacey Schwimmer,Actor/Actress,45,Eliminated Week 7,6,7.0,28.9998,True,405.9984,0.0714283603088091,False,9_Mark Dacascos
9,2,Mark Dacascos,Lacey Schwimmer,Actor/Actress,45,Eliminated Week 7,6,7.0,21.0,True,294.0,0.07142857142857142,False,9_Mark Dacascos
9,3,Mark Dacascos,Lacey Schwimmer,Actor/Actress,45,Eliminated Week 7,6,7.0,18.0,True,258.0,0.06976744186046512,False,9_Mark Dacascos
9,4,Mark Dacascos,Lacey Schwimmer,Actor/Actress,45,Eliminated Week 7,6,7.0,22.0,True,242.0,0.09090909090909091,False,9_Mark Dacascos
9,5,Mark Dacascos,Lacey Schwimmer,Actor/Actress,45,Eliminated Week 7,6,7.0,26.0,True,242.0,0.10743801652892562,False,9_Mark Dacascos
9,6,Mark Dacascos,Lacey Schwimmer,Actor/Actress,45,Eliminated Week 7,6,7.0,32.0,True,259.9991,0.12307734911390078,False,9_Mark Dacascos
9,7,Mark Dacascos,Lacey Schwimmer,Actor/Actress,45,Eliminated Week 7,6,7.0,21.5,True,175.5,0.1225071225071225,True,9_Mark Dacascos
9,8,Mark Dacascos,Lacey Schwimmer,Actor/Actress,45,Eliminated Week 7,6,7.0,0.0,False,131.0,0.0,False,9_Mark Dacascos
9,9,Mark Dacascos,Lacey Schwimmer,Actor/Actress,45,Eliminated Week 7,6,7.0,0.0,False,106.6663,0.0,False,9_Mark Dacascos
9,10,Mark Dacascos,Lacey Schwimmer,Actor/Actress,45,Eliminated Week 7,6,7.0,0.0,False,82.5552,0.0,False,9_Mark Dacascos
9,1,Chuck Liddell,Anna Trebunskaya,Athlete,39,Eliminated Week 4,11,4.0,22.0,True,405.9984,0.05418740566465287,False,9_Chuck Liddell
9,2,Chuck Liddell,Anna Trebunskaya,Athlete,39,Eliminated Week 4,11,4.0,19.0,True,294.0,0.06462585034013606,False,9_Chuck Liddell
9,3,Chuck Liddell,Anna Trebunskaya,Athlete,39,Eliminated Week 4,11,4.0,17.0,True,258.0,0.06589147286821706,False,9_Chuck Liddell
9,4,Chuck Liddell,Anna Trebunskaya,Athlete,39,Eliminated Week 4,11,4.0,17.0,True,242.0,0.07024793388429752,True,9_Chuck Liddell
9,5,Chuck Liddell,Anna Trebunskaya,Athlete,39,Eliminated Week 4,11,4.0,0.0,False,242.0,0.0,False,9_Chuck Liddell
9,6,Chuck Liddell,Anna Trebunskaya,Athlete,39,Eliminated Week 4,11,4.0,0.0,False,259.9991,0.0,False,9_Chuck Liddell
9,7,Chuck Liddell,Anna Trebunskaya,Athlete,39,Eliminated Week 4,11,4.0,0.0,False,175.5,0.0,False,9_Chuck Liddell
9,8,Chuck Liddell,Anna Trebunskaya,Athlete,39,Eliminated Week 4,11,4.0,0.0,False,131.0,0.0,False,9_Chuck Liddell
9,9,Chuck Liddell,Anna Trebunskaya,Athlete,39,Eliminated Week 4,11,4.0,0.0,False,106.6663,0.0,False,9_Chuck Liddell
9,10,Chuck Liddell,Anna Trebunskaya,Athlete,39,Eliminated Week 4,11,4.0,0.0,False,82.5552,0.0,False,9_Chuck Liddell
9,1,Natalie Coughlin,Alec Mazo,Athlete,27,Eliminated Week 5,10,5.0,26.9998,True,405.9984,0.06650223252111338,False,9_Natalie Coughlin
9,2,Natalie Coughlin,Alec Mazo,Athlete,27,Eliminated Week 5,10,5.0,21.0,True,294.0,0.07142857142857142,False,9_Natalie Coughlin
9,3,Natalie Coughlin,Alec Mazo,Athlete,27,Eliminated Week 5,10,5.0,26.0,True,258.0,0.10077519379844961,False,9_Natalie Coughlin
9,4,Natalie Coughlin,Alec Mazo,Athlete,27,Eliminated Week 5,10,5.0,24.0,True,242.0,0.09917355371900827,False,9_Natalie Coughlin
9,5,Natalie Coughlin,Alec Mazo,Athlete,27,Eliminated Week 5,10,5.0,22.0,True,242.0,0.09090909090909091,True,9_Natalie Coughlin
9,6,Natalie Coughlin,Alec Mazo,Athlete,27,Eliminated Week 5,10,5.0,0.0,False,259.9991,0.0,False,9_Natalie Coughlin
9,7,Natalie Coughlin,Alec Mazo,Athlete,27,Eliminated Week 5,10,5.0,0.0,False,175.5,0.0,False,9_Natalie Coughlin
9,8,Natalie Coughlin,Alec Mazo,Athlete,27,Eliminated Week 5,10,5.0,0.0,False,131.0,0.0,False,9_Natalie Coughlin
9,9,Natalie Coughlin,Alec Mazo,Athlete,27,Eliminated Week 5,10,5.0,0.0,False,106.6663,0.0,False,9_Natalie Coughlin
9,10,Natalie Coughlin,Alec Mazo,Athlete,27,Eliminated Week 5,10,5.0,0.0,False,82.5552,0.0,False,9_Natalie Coughlin
9,1,Louie Vito,Chelsie Hightower,Athlete,21,Eliminated Week 6,8,6.0,26.9998,True,405.9984,0.06650223252111338,False,9_Louie Vito
9,2,Louie Vito,Chelsie Hightower,Athlete,21,Eliminated Week 6,8,6.0,19.0,True,294.0,0.06462585034013606,False,9_Louie Vito
9,3,Louie Vito,Chelsie Hightower,Athlete,21,Eliminated Week 6,8,6.0,20.0,True,258.0,0.07751937984496124,False,9_Louie Vito
9,4,Louie Vito,Chelsie Hightower,Athlete,21,Eliminated Week 6,8,6.0,16.0,True,242.0,0.06611570247933884,False,9_Louie Vito
9,5,Louie Vito,Chelsie Hightower,Athlete,21,Eliminated Week 6,8,6.0,22.0,True,242.0,0.09090909090909091,False,9_Louie Vito
9,6,Louie Vito,Chelsie Hightower,Athlete,21,Eliminated Week 6,8,6.0,24.0,True,259.9991,0.09230801183542559,True,9_Louie Vito
9,7,Louie Vito,Chelsie Hightower,Athlete,21,Eliminated Week 6,8,6.0,0.0,False,175.5,0.0,False,9_Louie Vito
9,8,Louie Vito,Chelsie Hightower,Athlete,21,Eliminated Week 6,8,6.0,0.0,False,131.0,0.0,False,9_Louie Vito
9,9,Louie Vito,Chelsie Hightower,Athlete,21,Eliminated Week 6,8,6.0,0.0,False,106.6663,0.0,False,9_Louie Vito
9,10,Louie Vito,Chelsie Hightower,Athlete,21,Eliminated Week 6,8,6.0,0.0,False,82.5552,0.0,False,9_Louie Vito
9,1,Michael Irvin,Anna Demidova,Athlete,43,Eliminated Week 7,7,7.0,19.0,True,405.9984,0.046798213983109294,False,9_Michael Irvin
9,2,Michael Irvin,Anna Demidova,Athlete,43,Eliminated Week 7,7,7.0,20.0,True,294.0,0.06802721088435375,False,9_Michael Irvin
9,3,Michael Irvin,Anna Demidova,Athlete,43,Eliminated Week 7,7,7.0,14.0,True,258.0,0.05426356589147287,False,9_Michael Irvin
9,4,Michael Irvin,Anna Demidova,Athlete,43,Eliminated Week 7,7,7.0,16.0,True,242.0,0.06611570247933884,False,9_Michael Irvin
9,5,Michael Irvin,Anna Demidova,Athlete,43,Eliminated Week 7,7,7.0,21.0,True,242.0,0.08677685950413223,False,9_Michael Irvin
9,6,Michael Irvin,Anna Demidova,Athlete,43,Eliminated Week 7,7,7.0,21.9998,True,259.9991,0.08461490828237482,False,9_Michael Irvin
9,7,Michael Irvin,Anna Demidova,Athlete,43,Eliminated Week 7,7,7.0,23.5,True,175.5,0.1339031339031339,True,9_Michael Irvin
9,8,Michael Irvin,Anna Demidova,Athlete,43,Eliminated Week 7,7,7.0,0.0,False,131.0,0.0,False,9_Michael Irvin
9,9,Michael Irvin,Anna Demidova,Athlete,43,Eliminated Week 7,7,7.0,0.0,False,106.6663,0.0,False,9_Michael Irvin
9,10,Michael Irvin,Anna Demidova,Athlete,43,Eliminated Week 7,7,7.0,0.0,False,82.5552,0.0,False,9_Michael Irvin
9,1,Joanna Krupa,Derek Hough,Model,30,Eliminated Week 9,4,9.0,33.9999,True,405.9984,0.08374392608443776,False,9_Joanna Krupa
9,2,Joanna Krupa,Derek Hough,Model,30,Eliminated Week 9,4,9.0,20.0,True,294.0,0.06802721088435375,False,9_Joanna Krupa
9,3,Joanna Krupa,Derek Hough,Model,30,Eliminated Week 9,4,9.0,23.0,True,258.0,0.08914728682170543,False,9_Joanna Krupa
9,4,Joanna Krupa,Derek Hough,Model,30,Eliminated Week 9,4,9.0,26.0,True,242.0,0.10743801652892562,False,9_Joanna Krupa
9,5,Joanna Krupa,Derek Hough,Model,30,Eliminated Week 9,4,9.0,24.0,True,242.0,0.09917355371900827,False,9_Joanna Krupa
9,6,Joanna Krupa,Derek Hough,Model,30,Eliminated Week 9,4,9.0,35.9999,True,259.9991,0.13846163313642237,False,9_Joanna Krupa
9,7,Joanna Krupa,Derek Hough,Model,30,Eliminated Week 9,4,9.0,27.5,True,175.5,0.15669515669515668,False,9_Joanna Krupa
9,8,Joanna Krupa,Derek Hough,Model,30,Eliminated Week 9,4,9.0,26.0,True,131.0,0.1984732824427481,False,9_Joanna Krupa
9,9,Joanna Krupa,Derek Hough,Model,30,Eliminated Week 9,4,9.0,27.0,True,106.6663,0.2531258701201785,True,9_Joanna Krupa
9,10,Joanna Krupa,Derek Hough,Model,30,Eliminated Week 9,4,9.0,0.0,False,82.5552,0.0,False,9_Joanna Krupa
9,1,Kathy Ireland,Tony Dovolani,Model,46,Eliminated Week 2,14,2.0,19.9999,True,405.9984,0.04926103157056776,False,9_Kathy Ireland
9,2,Kathy Ireland,Tony Dovolani,Model,46,Eliminated Week 2,14,2.0,18.0,True,294.0,0.061224489795918366,True,9_Kathy Ireland
9,3,Kathy Ireland,Tony Dovolani,Model,46,Eliminated Week 2,14,2.0,0.0,False,258.0,0.0,False,9_Kathy Ireland
9,4,Kathy Ireland,Tony Dovolani,Model,46,Eliminated Week 2,14,2.0,0.0,False,242.0,0.0,False,9_Kathy Ireland
9,5,Kathy Ireland,Tony Dovolani,Model,46,Eliminated Week 2,14,2.0,0.0,False,242.0,0.0,False,9_Kathy Ireland
9,6,Kathy Ireland,Tony Dovolani,Model,46,Eliminated Week 2,14,2.0,0.0,False,259.9991,0.0,False,9_Kathy Ireland
9,7,Kathy Ireland,Tony Dovolani,Model,46,Eliminated Week 2,14,2.0,0.0,False,175.5,0.0,False,9_Kathy Ireland
9,8,Kathy Ireland,Tony Dovolani,Model,46,Eliminated Week 2,14,2.0,0.0,False,131.0,0.0,False,9_Kathy Ireland
9,9,Kathy Ireland,Tony Dovolani,Model,46,Eliminated Week 2,14,2.0,0.0,False,106.6663,0.0,False,9_Kathy Ireland
9,10,Kathy Ireland,Tony Dovolani,Model,46,Eliminated Week 2,14,2.0,0.0,False,82.5552,0.0,False,9_Kathy Ireland
9,1,Tom DeLay,Cheryl Burke,Politician,62,Withdrew,13,,19.9999,True,405.9984,0.04926103157056776,False,9_Tom DeLay
9,2,Tom DeLay,Cheryl Burke,Politician,62,Withdrew,13,,18.0,True,294.0,0.061224489795918366,False,9_Tom DeLay
9,3,Tom DeLay,Cheryl Burke,Politician,62,Withdrew,13,,15.0,True,258.0,0.05813953488372093,False,9_Tom DeLay
9,4,Tom DeLay,Cheryl Burke,Politician,62,Withdrew,13,,0.0,False,242.0,0.0,False,9_Tom DeLay
9,5,Tom DeLay,Cheryl Burke,Politician,62,Withdrew,13,,0.0,False,242.0,0.0,False,9_Tom DeLay
9,6,Tom DeLay,Cheryl Burke,Politician,62,Withdrew,13,,0.0,False,259.9991,0.0,False,9_Tom DeLay
9,7,Tom DeLay,Cheryl Burke,Politician,62,Withdrew,13,,0.0,False,175.5,0.0,False,9_Tom DeLay
9,8,Tom DeLay,Cheryl Burke,Politician,62,Withdrew,13,,0.0,False,131.0,0.0,False,9_Tom DeLay
9,9,Tom DeLay,Cheryl Burke,Politician,62,Withdrew,13,,0.0,False,106.6663,0.0,False,9_Tom DeLay
9,10,Tom DeLay,Cheryl Burke,Politician,62,Withdrew,13,,0.0,False,82.5552,0.0,False,9_Tom DeLay
9,1,Macy Gray,Jonathan Roberts,Singer/Rapper,42,Eliminated Week 1,15,1.0,18.9999,True,405.9984,0.046797967676719905,True,9_Macy Gray
9,2,Macy Gray,Jonathan Roberts,Singer/Rapper,42,Eliminated Week 1,15,1.0,0.0,False,294.0,0.0,False,9_Macy Gray
9,3,Macy Gray,Jonathan Roberts,Singer/Rapper,42,Eliminated Week 1,15,1.0,0.0,False,258.0,0.0,False,9_Macy Gray
9,4,Macy Gray,Jonathan Roberts,Singer/Rapper,42,Eliminated Week 1,15,1.0,0.0,False,242.0,0.0,False,9_Macy Gray
9,5,Macy Gray,Jonathan Roberts,Singer/Rapper,42,Eliminated Week 1,15,1.0,0.0,False,242.0,0.0,False,9_Macy Gray
9,6,Macy Gray,Jonathan Roberts,Singer/Rapper,42,Eliminated Week 1,15,1.0,0.0,False,259.9991,0.0,False,9_Macy Gray
9,7,Macy Gray,Jonathan Roberts,Singer/Rapper,42,Eliminated Week 1,15,1.0,0.0,False,175.5,0.0,False,9_Macy Gray
9,8,Macy Gray,Jonathan Roberts,Singer/Rapper,42,Eliminated Week 1,15,1.0,0.0,False,131.0,0.0,False,9_Macy Gray
9,9,Macy Gray,Jonathan Roberts,Singer/Rapper,42,Eliminated Week 1,15,1.0,0.0,False,106.6663,0.0,False,9_Macy Gray
9,10,Macy Gray,Jonathan Roberts,Singer/Rapper,42,Eliminated Week 1,15,1.0,0.0,False,82.5552,0.0,False,9_Macy Gray
9,1,Aaron Carter,Karina Smirnoff,Singer/Rapper,21,Eliminated Week 8,5,8.0,31.999899999999997,True,405.9984,0.07881779829674204,False,9_Aaron Carter
9,2,Aaron Carter,Karina Smirnoff,Singer/Rapper,21,Eliminated Week 8,5,8.0,27.0,True,294.0,0.09183673469387756,False,9_Aaron Carter
9,3,Aaron Carter,Karina Smirnoff,Singer/Rapper,21,Eliminated Week 8,5,8.0,21.0,True,258.0,0.08139534883720931,False,9_Aaron Carter
9,4,Aaron Carter,Karina Smirnoff,Singer/Rapper,21,Eliminated Week 8,5,8.0,18.0,True,242.0,0.0743801652892562,False,9_Aaron Carter
9,5,Aaron Carter,Karina Smirnoff,Singer/Rapper,21,Eliminated Week 8,5,8.0,24.0,True,242.0,0.09917355371900827,False,9_Aaron Carter
9,6,Aaron Carter,Karina Smirnoff,Singer/Rapper,21,Eliminated Week 8,5,8.0,32.9998,True,259.9991,0.12692274704027823,False,9_Aaron Carter
9,7,Aaron Carter,Karina Smirnoff,Singer/Rapper,21,Eliminated Week 8,5,8.0,26.5,True,175.5,0.150997150997151,False,9_Aaron Carter
9,8,Aaron Carter,Karina Smirnoff,Singer/Rapper,21,Eliminated Week 8,5,8.0,25.0,True,131.0,0.19083969465648856,True,9_Aaron Carter
9,9,Aaron Carter,Karina Smirnoff,Singer/Rapper,21,Eliminated Week 8,5,8.0,0.0,False,106.6663,0.0,False,9_Aaron Carter
9,10,Aaron Carter,Karina Smirnoff,Singer/Rapper,21,Eliminated Week 8,5,8.0,0.0,False,82.5552,0.0,False,9_Aaron Carter
9,1,Mya,Dmitry Chaplin,Singer/Rapper,29,2nd Place,2,,30.999899999999997,True,405.9984,0.07635473440289418,False,9_Mya
9,2,Mya,Dmitry Chaplin,Singer/Rapper,29,2nd Place,2,,27.0,True,294.0,0.09183673469387756,False,9_Mya
9,3,Mya,Dmitry Chaplin,Singer/Rapper,29,2nd Place,2,,27.0,True,258.0,0.10465116279069768,False,9_Mya
9,4,Mya,Dmitry Chaplin,Singer/Rapper,29,2nd Place,2,,28.0,True,242.0,0.11570247933884298,False,9_Mya
9,5,Mya,Dmitry Chaplin,Singer/Rapper,29,2nd Place,2,,27.0,True,242.0,0.1115702479338843,False,9_Mya
9,6,Mya,Dmitry Chaplin,Singer/Rapper,29,2nd Place,2,,33.0,True,259.9991,0.12692351627371018,False,9_Mya
9,7,Mya,Dmitry Chaplin,Singer/Rapper,29,2nd Place,2,,24.5,True,175.5,0.1396011396011396,False,9_Mya
9,8,Mya,Dmitry Chaplin,Singer/Rapper,29,2nd Place,2,,29.5,True,131.0,0.22519083969465647,False,9_Mya
9,9,Mya,Dmitry Chaplin,Singer/Rapper,29,2nd Place,2,,28.9999,True,106.6663,0.27187499707030244,False,9_Mya
9,10,Mya,Dmitry Chaplin,Singer/Rapper,29,2nd Place,2,,28.333199999999998,True,82.5552,0.34320309320309317,False,9_Mya
9,1,Donny Osmond,Kym Johnson,Singer/Rapper,51,1st Place,1,,29.999899999999997,True,405.9984,0.07389167050904633,False,9_Donny Osmond
9,2,Donny Osmond,Kym Johnson,Singer/Rapper,51,1st Place,1,,25.0,True,294.0,0.08503401360544217,False,9_Donny Osmond
9,3,Donny Osmond,Kym Johnson,Singer/Rapper,51,1st Place,1,,21.0,True,258.0,0.08139534883720931,False,9_Donny Osmond
9,4,Donny Osmond,Kym Johnson,Singer/Rapper,51,1st Place,1,,24.0,True,242.0,0.09917355371900827,False,9_Donny Osmond
9,5,Donny Osmond,Kym Johnson,Singer/Rapper,51,1st Place,1,,29.0,True,242.0,0.11983471074380166,False,9_Donny Osmond
9,6,Donny Osmond,Kym Johnson,Singer/Rapper,51,1st Place,1,,30.999899999999997,True,259.9991,0.11923079733737539,False,9_Donny Osmond
9,7,Donny Osmond,Kym Johnson,Singer/Rapper,51,1st Place,1,,26.0,True,175.5,0.14814814814814814,False,9_Donny Osmond
9,8,Donny Osmond,Kym Johnson,Singer/Rapper,51,1st Place,1,,25.0,True,131.0,0.19083969465648856,False,9_Donny Osmond
9,9,Donny Osmond,Kym Johnson,Singer/Rapper,51,1st Place,1,,24.666600000000003,True,106.6663,0.23125016992245911,False,9_Donny Osmond
9,10,Donny Osmond,Kym Johnson,Singer/Rapper,51,1st Place,1,,28.9998,True,82.5552,0.35127769056340485,False,9_Donny Osmond
9,1,Kelly Osbourne,Louis van Amstel,TV Personality,24,3rd Place,3,,30.9998,True,405.9984,0.07635448809650482,False,9_Kelly Osbourne
9,2,Kelly Osbourne,Louis van Amstel,TV Personality,24,3rd Place,3,,19.0,True,294.0,0.06462585034013606,False,9_Kelly Osbourne
9,3,Kelly Osbourne,Louis van Amstel,TV Personality,24,3rd Place,3,,20.0,True,258.0,0.07751937984496124,False,9_Kelly Osbourne
9,4,Kelly Osbourne,Louis van Amstel,TV Personality,24,3rd Place,3,,23.0,True,242.0,0.09504132231404959,False,9_Kelly Osbourne
9,5,Kelly Osbourne,Louis van Amstel,TV Personality,24,3rd Place,3,,24.0,True,242.0,0.09917355371900827,False,9_Kelly Osbourne
9,6,Kelly Osbourne,Louis van Amstel,TV Personality,24,3rd Place,3,,24.9998,True,259.9991,0.09615340976180302,False,9_Kelly Osbourne
9,7,Kelly Osbourne,Louis van Amstel,TV Personality,24,3rd Place,3,,26.0,True,175.5,0.14814814814814814,False,9_Kelly Osbourne
9,8,Kelly Osbourne,Louis van Amstel,TV Personality,24,3rd Place,3,,25.5,True,131.0,0.1946564885496183,False,9_Kelly Osbourne
9,9,Kelly Osbourne,Louis van Amstel,TV Personality,24,3rd Place,3,,25.9998,True,106.6663,0.2437489628870599,False,9_Kelly Osbourne
9,10,Kelly Osbourne,Louis van Amstel,TV Personality,24,3rd Place,3,,25.2222,True,82.5552,0.305519216233502,False,9_Kelly Osbourne
10,1,Aiden Turner,Edyta Sliwinska,Actor/Actress,32,Eliminated Week 4,9,4.0,15.0,True,209.0,0.07177033492822966,False,10_Aiden Turner
10,2,Aiden Turner,Edyta Sliwinska,Actor/Actress,32,Eliminated Week 4,9,4.0,19.0,True,220.0,0.08636363636363636,False,10_Aiden Turner
10,3,Aiden Turner,Edyta Sliwinska,Actor/Actress,32,Eliminated Week 4,9,4.0,20.0,True,203.0,0.09852216748768473,False,10_Aiden Turner
10,4,Aiden Turner,Edyta Sliwinska,Actor/Actress,32,Eliminated Week 4,9,4.0,16.5,True,185.5,0.0889487870619946,True,10_Aiden Turner
10,5,Aiden Turner,Edyta Sliwinska,Actor/Actress,32,Eliminated Week 4,9,4.0,0.0,False,173.0,0.0,False,10_Aiden Turner
10,6,Aiden Turner,Edyta Sliwinska,Actor/Actress,32,Eliminated Week 4,9,4.0,0.0,False,208.9993,0.0,False,10_Aiden Turner
10,7,Aiden Turner,Edyta Sliwinska,Actor/Actress,32,Eliminated Week 4,9,4.0,0.0,False,155.5,0.0,False,10_Aiden Turner
10,8,Aiden Turner,Edyta Sliwinska,Actor/Actress,32,Eliminated Week 4,9,4.0,0.0,False,126.5,0.0,False,10_Aiden Turner
10,9,Aiden Turner,Edyta Sliwinska,Actor/Actress,32,Eliminated Week 4,9,4.0,0.0,False,113.0,0.0,False,10_Aiden Turner
10,10,Aiden Turner,Edyta Sliwinska,Actor/Actress,32,Eliminated Week 4,9,4.0,0.0,False,82.6662,0.0,False,10_Aiden Turner
10,1,Shannen Doherty,Mark Ballas,Actor/Actress,38,Eliminated Week 2,11,2.0,18.0,True,209.0,0.0861244019138756,False,10_Shannen Doherty
10,2,Shannen Doherty,Mark Ballas,Actor/Actress,38,Eliminated Week 2,11,2.0,20.0,True,220.0,0.09090909090909091,True,10_Shannen Doherty
10,3,Shannen Doherty,Mark Ballas,Actor/Actress,38,Eliminated Week 2,11,2.0,0.0,False,203.0,0.0,False,10_Shannen Doherty
10,4,Shannen Doherty,Mark Ballas,Actor/Actress,38,Eliminated Week 2,11,2.0,0.0,False,185.5,0.0,False,10_Shannen Doherty
10,5,Shannen Doherty,Mark Ballas,Actor/Actress,38,Eliminated Week 2,11,2.0,0.0,False,173.0,0.0,False,10_Shannen Doherty
10,6,Shannen Doherty,Mark Ballas,Actor/Actress,38,Eliminated Week 2,11,2.0,0.0,False,208.9993,0.0,False,10_Shannen Doherty
10,7,Shannen Doherty,Mark Ballas,Actor/Actress,38,Eliminated Week 2,11,2.0,0.0,False,155.5,0.0,False,10_Shannen Doherty
10,8,Shannen Doherty,Mark Ballas,Actor/Actress,38,Eliminated Week 2,11,2.0,0.0,False,126.5,0.0,False,10_Shannen Doherty
10,9,Shannen Doherty,Mark Ballas,Actor/Actress,38,Eliminated Week 2,11,2.0,0.0,False,113.0,0.0,False,10_Shannen Doherty
10,10,Shannen Doherty,Mark Ballas,Actor/Actress,38,Eliminated Week 2,11,2.0,0.0,False,82.6662,0.0,False,10_Shannen Doherty
10,1,Niecy Nash,Louis van Amstel,Actor/Actress,40,Eliminated Week 8,5,8.0,18.0,True,209.0,0.0861244019138756,False,10_Niecy Nash
10,2,Niecy Nash,Louis van Amstel,Actor/Actress,40,Eliminated Week 8,5,8.0,21.0,True,220.0,0.09545454545454546,False,10_Niecy Nash
10,3,Niecy Nash,Louis van Amstel,Actor/Actress,40,Eliminated Week 8,5,8.0,21.0,True,203.0,0.10344827586206896,False,10_Niecy Nash
10,4,Niecy Nash,Louis van Amstel,Actor/Actress,40,Eliminated Week 8,5,8.0,18.0,True,185.5,0.09703504043126684,False,10_Niecy Nash
10,5,Niecy Nash,Louis van Amstel,Actor/Actress,40,Eliminated Week 8,5,8.0,18.0,True,173.0,0.10404624277456648,False,10_Niecy Nash
10,6,Niecy Nash,Louis van Amstel,Actor/Actress,40,Eliminated Week 8,5,8.0,25.9998,True,208.9993,0.1244013735931173,False,10_Niecy Nash
10,7,Niecy Nash,Louis van Amstel,Actor/Actress,40,Eliminated Week 8,5,8.0,24.5,True,155.5,0.15755627009646303,False,10_Niecy Nash
10,8,Niecy Nash,Louis van Amstel,Actor/Actress,40,Eliminated Week 8,5,8.0,21.5,True,126.5,0.16996047430830039,True,10_Niecy Nash
10,9,Niecy Nash,Louis van Amstel,Actor/Actress,40,Eliminated Week 8,5,8.0,0.0,False,113.0,0.0,False,10_Niecy Nash
10,10,Niecy Nash,Louis van Amstel,Actor/Actress,40,Eliminated Week 8,5,8.0,0.0,False,82.6662,0.0,False,10_Niecy Nash
10,1,Buzz Aldrin,Ashly DelGrosso,Astronaut,80,Eliminated Week 3,10,3.0,14.0,True,209.0,0.06698564593301436,False,10_Buzz Aldrin
10,2,Buzz Aldrin,Ashly DelGrosso,Astronaut,80,Eliminated Week 3,10,3.0,12.0,True,220.0,0.05454545454545454,False,10_Buzz Aldrin
10,3,Buzz Aldrin,Ashly DelGrosso,Astronaut,80,Eliminated Week 3,10,3.0,13.0,True,203.0,0.06403940886699508,True,10_Buzz Aldrin
10,4,Buzz Aldrin,Ashly DelGrosso,Astronaut,80,Eliminated Week 3,10,3.0,0.0,False,185.5,0.0,False,10_Buzz Aldrin
10,5,Buzz Aldrin,Ashly DelGrosso,Astronaut,80,Eliminated Week 3,10,3.0,0.0,False,173.0,0.0,False,10_Buzz Aldrin
10,6,Buzz Aldrin,Ashly DelGrosso,Astronaut,80,Eliminated Week 3,10,3.0,0.0,False,208.9993,0.0,False,10_Buzz Aldrin
10,7,Buzz Aldrin,Ashly DelGrosso,Astronaut,80,Eliminated Week 3,10,3.0,0.0,False,155.5,0.0,False,10_Buzz Aldrin
10,8,Buzz Aldrin,Ashly DelGrosso,Astronaut,80,Eliminated Week 3,10,3.0,0.0,False,126.5,0.0,False,10_Buzz Aldrin
10,9,Buzz Aldrin,Ashly DelGrosso,Astronaut,80,Eliminated Week 3,10,3.0,0.0,False,113.0,0.0,False,10_Buzz Aldrin
10,10,Buzz Aldrin,Ashly DelGrosso,Astronaut,80,Eliminated Week 3,10,3.0,0.0,False,82.6662,0.0,False,10_Buzz Aldrin
10,1,Chad Ochocinco,Cheryl Burke,Athlete,32,Eliminated Week 9,4,9.0,18.0,True,209.0,0.0861244019138756,False,10_Chad Ochocinco
10,2,Chad Ochocinco,Cheryl Burke,Athlete,32,Eliminated Week 9,4,9.0,16.0,True,220.0,0.07272727272727272,False,10_Chad Ochocinco
10,3,Chad Ochocinco,Cheryl Burke,Athlete,32,Eliminated Week 9,4,9.0,20.0,True,203.0,0.09852216748768473,False,10_Chad Ochocinco
10,4,Chad Ochocinco,Cheryl Burke,Athlete,32,Eliminated Week 9,4,9.0,22.0,True,185.5,0.11859838274932614,False,10_Chad Ochocinco
10,5,Chad Ochocinco,Cheryl Burke,Athlete,32,Eliminated Week 9,4,9.0,18.0,True,173.0,0.10404624277456648,False,10_Chad Ochocinco
10,6,Chad Ochocinco,Cheryl Burke,Athlete,32,Eliminated Week 9,4,9.0,30.999899999999997,True,208.9993,0.14832537716633498,False,10_Chad Ochocinco
10,7,Chad Ochocinco,Cheryl Burke,Athlete,32,Eliminated Week 9,4,9.0,26.0,True,155.5,0.16720257234726688,False,10_Chad Ochocinco
10,8,Chad Ochocinco,Cheryl Burke,Athlete,32,Eliminated Week 9,4,9.0,22.5,True,126.5,0.17786561264822134,False,10_Chad Ochocinco
10,9,Chad Ochocinco,Cheryl Burke,Athlete,32,Eliminated Week 9,4,9.0,26.0,True,113.0,0.23008849557522124,True,10_Chad Ochocinco
10,10,Chad Ochocinco,Cheryl Burke,Athlete,32,Eliminated Week 9,4,9.0,0.0,False,82.6662,0.0,False,10_Chad Ochocinco
10,1,Evan Lysacek,Anna Trebunskaya,Athlete,24,2nd Place,2,,23.0,True,209.0,0.11004784688995216,False,10_Evan Lysacek
10,2,Evan Lysacek,Anna Trebunskaya,Athlete,24,2nd Place,2,,24.0,True,220.0,0.10909090909090909,False,10_Evan Lysacek
10,3,Evan Lysacek,Anna Trebunskaya,Athlete,24,2nd Place,2,,26.0,True,203.0,0.12807881773399016,False,10_Evan Lysacek
10,4,Evan Lysacek,Anna Trebunskaya,Athlete,24,2nd Place,2,,26.0,True,185.5,0.14016172506738545,False,10_Evan Lysacek
10,5,Evan Lysacek,Anna Trebunskaya,Athlete,24,2nd Place,2,,27.0,True,173.0,0.15606936416184972,False,10_Evan Lysacek
10,6,Evan Lysacek,Anna Trebunskaya,Athlete,24,2nd Place,2,,27.0,True,208.9993,0.12918703555466454,False,10_Evan Lysacek
10,7,Evan Lysacek,Anna Trebunskaya,Athlete,24,2nd Place,2,,27.0,True,155.5,0.17363344051446947,False,10_Evan Lysacek
10,8,Evan Lysacek,Anna Trebunskaya,Athlete,24,2nd Place,2,,26.5,True,126.5,0.20948616600790515,False,10_Evan Lysacek
10,9,Evan Lysacek,Anna Trebunskaya,Athlete,24,2nd Place,2,,29.5,True,113.0,0.2610619469026549,False,10_Evan Lysacek
10,10,Evan Lysacek,Anna Trebunskaya,Athlete,24,2nd Place,2,,26.888699999999996,True,82.6662,0.325268368450467,False,10_Evan Lysacek
10,1,Pamela Anderson,Damian Whitewood,Model,42,Eliminated Week 7,6,7.0,21.0,True,209.0,0.10047846889952153,False,10_Pamela Anderson
10,2,Pamela Anderson,Damian Whitewood,Model,42,Eliminated Week 7,6,7.0,22.0,True,220.0,0.1,False,10_Pamela Anderson
10,3,Pamela Anderson,Damian Whitewood,Model,42,Eliminated Week 7,6,7.0,21.0,True,203.0,0.10344827586206896,False,10_Pamela Anderson
10,4,Pamela Anderson,Damian Whitewood,Model,42,Eliminated Week 7,6,7.0,23.5,True,185.5,0.12668463611859837,False,10_Pamela Anderson
10,5,Pamela Anderson,Damian Whitewood,Model,42,Eliminated Week 7,6,7.0,21.0,True,173.0,0.12138728323699421,False,10_Pamela Anderson
10,6,Pamela Anderson,Damian Whitewood,Model,42,Eliminated Week 7,6,7.0,29.9998,True,208.9993,0.1435401936752898,False,10_Pamela Anderson
10,7,Pamela Anderson,Damian Whitewood,Model,42,Eliminated Week 7,6,7.0,25.5,True,155.5,0.1639871382636656,True,10_Pamela Anderson
10,8,Pamela Anderson,Damian Whitewood,Model,42,Eliminated Week 7,6,7.0,0.0,False,126.5,0.0,False,10_Pamela Anderson
10,9,Pamela Anderson,Damian Whitewood,Model,42,Eliminated Week 7,6,7.0,0.0,False,113.0,0.0,False,10_Pamela Anderson
10,10,Pamela Anderson,Damian Whitewood,Model,42,Eliminated Week 7,6,7.0,0.0,False,82.6662,0.0,False,10_Pamela Anderson
10,1,Nicole Scherzinger,Derek Hough,Singer/Rapper,31,1st Place,1,,25.0,True,209.0,0.11961722488038277,False,10_Nicole Scherzinger
10,2,Nicole Scherzinger,Derek Hough,Singer/Rapper,31,1st Place,1,,28.0,True,220.0,0.12727272727272726,False,10_Nicole Scherzinger
10,3,Nicole Scherzinger,Derek Hough,Singer/Rapper,31,1st Place,1,,23.0,True,203.0,0.11330049261083744,False,10_Nicole Scherzinger
10,4,Nicole Scherzinger,Derek Hough,Singer/Rapper,31,1st Place,1,,25.0,True,185.5,0.1347708894878706,False,10_Nicole Scherzinger
10,5,Nicole Scherzinger,Derek Hough,Singer/Rapper,31,1st Place,1,,29.0,True,173.0,0.1676300578034682,False,10_Nicole Scherzinger
10,6,Nicole Scherzinger,Derek Hough,Singer/Rapper,31,1st Place,1,,35.9999,True,208.9993,0.17224890226905065,False,10_Nicole Scherzinger
10,7,Nicole Scherzinger,Derek Hough,Singer/Rapper,31,1st Place,1,,27.0,True,155.5,0.17363344051446947,False,10_Nicole Scherzinger
10,8,Nicole Scherzinger,Derek Hough,Singer/Rapper,31,1st Place,1,,29.5,True,126.5,0.233201581027668,False,10_Nicole Scherzinger
10,9,Nicole Scherzinger,Derek Hough,Singer/Rapper,31,1st Place,1,,29.5,True,113.0,0.2610619469026549,False,10_Nicole Scherzinger
10,10,Nicole Scherzinger,Derek Hough,Singer/Rapper,31,1st Place,1,,28.7777,True,82.6662,0.3481193038992962,False,10_Nicole Scherzinger
10,1,Erin Andrews,Maksim Chmerkoskiy,Sports Broadcaster,32,3rd Place,3,,21.0,True,209.0,0.10047846889952153,False,10_Erin Andrews
10,2,Erin Andrews,Maksim Chmerkoskiy,Sports Broadcaster,32,3rd Place,3,,23.0,True,220.0,0.10454545454545454,False,10_Erin Andrews
10,3,Erin Andrews,Maksim Chmerkoskiy,Sports Broadcaster,32,3rd Place,3,,23.0,True,203.0,0.11330049261083744,False,10_Erin Andrews
10,4,Erin Andrews,Maksim Chmerkoskiy,Sports Broadcaster,32,3rd Place,3,,19.5,True,185.5,0.10512129380053908,False,10_Erin Andrews
10,5,Erin Andrews,Maksim Chmerkoskiy,Sports Broadcaster,32,3rd Place,3,,22.0,True,173.0,0.12716763005780346,False,10_Erin Andrews
10,6,Erin Andrews,Maksim Chmerkoskiy,Sports Broadcaster,32,3rd Place,3,,34.0,True,208.9993,0.16267997069846646,False,10_Erin Andrews
10,7,Erin Andrews,Maksim Chmerkoskiy,Sports Broadcaster,32,3rd Place,3,,25.5,True,155.5,0.1639871382636656,False,10_Erin Andrews
10,8,Erin Andrews,Maksim Chmerkoskiy,Sports Broadcaster,32,3rd Place,3,,26.5,True,126.5,0.20948616600790515,False,10_Erin Andrews
10,9,Erin Andrews,Maksim Chmerkoskiy,Sports Broadcaster,32,3rd Place,3,,28.0,True,113.0,0.24778761061946902,False,10_Erin Andrews
10,10,Erin Andrews,Maksim Chmerkoskiy,Sports Broadcaster,32,3rd Place,3,,26.9998,True,82.6662,0.32661232765023673,False,10_Erin Andrews
10,1,Kate Gosselin,Tony Dovolani,TV Personality,35,Eliminated Week 5,8,5.0,16.0,True,209.0,0.07655502392344497,False,10_Kate Gosselin
10,2,Kate Gosselin,Tony Dovolani,TV Personality,35,Eliminated Week 5,8,5.0,15.0,True,220.0,0.06818181818181818,False,10_Kate Gosselin
10,3,Kate Gosselin,Tony Dovolani,TV Personality,35,Eliminated Week 5,8,5.0,15.0,True,203.0,0.07389162561576355,False,10_Kate Gosselin
10,4,Kate Gosselin,Tony Dovolani,TV Personality,35,Eliminated Week 5,8,5.0,16.0,True,185.5,0.0862533692722372,False,10_Kate Gosselin
10,5,Kate Gosselin,Tony Dovolani,TV Personality,35,Eliminated Week 5,8,5.0,15.0,True,173.0,0.08670520231213873,True,10_Kate Gosselin
10,6,Kate Gosselin,Tony Dovolani,TV Personality,35,Eliminated Week 5,8,5.0,0.0,False,208.9993,0.0,False,10_Kate Gosselin
10,7,Kate Gosselin,Tony Dovolani,TV Personality,35,Eliminated Week 5,8,5.0,0.0,False,155.5,0.0,False,10_Kate Gosselin
10,8,Kate Gosselin,Tony Dovolani,TV Personality,35,Eliminated Week 5,8,5.0,0.0,False,126.5,0.0,False,10_Kate Gosselin
10,9,Kate Gosselin,Tony Dovolani,TV Personality,35,Eliminated Week 5,8,5.0,0.0,False,113.0,0.0,False,10_Kate Gosselin
10,10,Kate Gosselin,Tony Dovolani,TV Personality,35,Eliminated Week 5,8,5.0,0.0,False,82.6662,0.0,False,10_Kate Gosselin
10,1,Jake Pavelka,Chelsie Hightower,TV Personality,32,Eliminated Week 6,7,6.0,20.0,True,209.0,0.09569377990430622,False,10_Jake Pavelka
10,2,Jake Pavelka,Chelsie Hightower,TV Personality,32,Eliminated Week 6,7,6.0,20.0,True,220.0,0.09090909090909091,False,10_Jake Pavelka
10,3,Jake Pavelka,Chelsie Hightower,TV Personality,32,Eliminated Week 6,7,6.0,21.0,True,203.0,0.10344827586206896,False,10_Jake Pavelka
10,4,Jake Pavelka,Chelsie Hightower,TV Personality,32,Eliminated Week 6,7,6.0,19.0,True,185.5,0.10242587601078167,False,10_Jake Pavelka
10,5,Jake Pavelka,Chelsie Hightower,TV Personality,32,Eliminated Week 6,7,6.0,23.0,True,173.0,0.1329479768786127,False,10_Jake Pavelka
10,6,Jake Pavelka,Chelsie Hightower,TV Personality,32,Eliminated Week 6,7,6.0,24.999899999999997,True,208.9993,0.1196171470430762,True,10_Jake Pavelka
10,7,Jake Pavelka,Chelsie Hightower,TV Personality,32,Eliminated Week 6,7,6.0,0.0,False,155.5,0.0,False,10_Jake Pavelka
10,8,Jake Pavelka,Chelsie Hightower,TV Personality,32,Eliminated Week 6,7,6.0,0.0,False,126.5,0.0,False,10_Jake Pavelka
10,9,Jake Pavelka,Chelsie Hightower,TV Personality,32,Eliminated Week 6,7,6.0,0.0,False,113.0,0.0,False,10_Jake Pavelka
10,10,Jake Pavelka,Chelsie Hightower,TV Personality,32,Eliminated Week 6,7,6.0,0.0,False,82.6662,0.0,False,10_Jake Pavelka
11,1,David Hasselhoff,Kym Johnson,Actor/Actress,58,Eliminated Week 1,12,1.0,15.0,True,227.0,0.06607929515418502,True,11_David Hasselhoff
11,2,David Hasselhoff,Kym Johnson,Actor/Actress,58,Eliminated Week 1,12,1.0,0.0,False,221.0,0.0,False,11_David Hasselhoff
11,3,David Hasselhoff,Kym Johnson,Actor/Actress,58,Eliminated Week 1,12,1.0,0.0,False,221.0,0.0,False,11_David Hasselhoff
11,4,David Hasselhoff,Kym Johnson,Actor/Actress,58,Eliminated Week 1,12,1.0,0.0,False,179.0,0.0,False,11_David Hasselhoff
11,5,David Hasselhoff,Kym Johnson,Actor/Actress,58,Eliminated Week 1,12,1.0,0.0,False,182.0,0.0,False,11_David Hasselhoff
11,6,David Hasselhoff,Kym Johnson,Actor/Actress,58,Eliminated Week 1,12,1.0,0.0,False,206.9993,0.0,False,11_David Hasselhoff
11,7,David Hasselhoff,Kym Johnson,Actor/Actress,58,Eliminated Week 1,12,1.0,0.0,False,208.5,0.0,False,11_David Hasselhoff
11,8,David Hasselhoff,Kym Johnson,Actor/Actress,58,Eliminated Week 1,12,1.0,0.0,False,132.5,0.0,False,11_David Hasselhoff
11,9,David Hasselhoff,Kym Johnson,Actor/Actress,58,Eliminated Week 1,12,1.0,0.0,False,114.0,0.0,False,11_David Hasselhoff
11,10,David Hasselhoff,Kym Johnson,Actor/Actress,58,Eliminated Week 1,12,1.0,0.0,False,82.9998,0.0,False,11_David Hasselhoff
11,1,Florence Henderson,Corky Ballas,Actor/Actress,76,Eliminated Week 5,8,5.0,18.0,True,227.0,0.07929515418502203,False,11_Florence Henderson
11,2,Florence Henderson,Corky Ballas,Actor/Actress,76,Eliminated Week 5,8,5.0,19.0,True,221.0,0.08597285067873303,False,11_Florence Henderson
11,3,Florence Henderson,Corky Ballas,Actor/Actress,76,Eliminated Week 5,8,5.0,20.0,True,221.0,0.09049773755656108,False,11_Florence Henderson
11,4,Florence Henderson,Corky Ballas,Actor/Actress,76,Eliminated Week 5,8,5.0,17.5,True,179.0,0.09776536312849161,False,11_Florence Henderson
11,5,Florence Henderson,Corky Ballas,Actor/Actress,76,Eliminated Week 5,8,5.0,21.0,True,182.0,0.11538461538461539,True,11_Florence Henderson
11,6,Florence Henderson,Corky Ballas,Actor/Actress,76,Eliminated Week 5,8,5.0,0.0,False,206.9993,0.0,False,11_Florence Henderson
11,7,Florence Henderson,Corky Ballas,Actor/Actress,76,Eliminated Week 5,8,5.0,0.0,False,208.5,0.0,False,11_Florence Henderson
11,8,Florence Henderson,Corky Ballas,Actor/Actress,76,Eliminated Week 5,8,5.0,0.0,False,132.5,0.0,False,11_Florence Henderson
11,9,Florence Henderson,Corky Ballas,Actor/Actress,76,Eliminated Week 5,8,5.0,0.0,False,114.0,0.0,False,11_Florence Henderson
11,10,Florence Henderson,Corky Ballas,Actor/Actress,76,Eliminated Week 5,8,5.0,0.0,False,82.9998,0.0,False,11_Florence Henderson
11,1,Kyle Massey,Lacey Schwimmer,Actor/Actress,19,2nd Place,2,,23.0,True,227.0,0.1013215859030837,False,11_Kyle Massey
11,2,Kyle Massey,Lacey Schwimmer,Actor/Actress,19,2nd Place,2,,22.0,True,221.0,0.09954751131221719,False,11_Kyle Massey
11,3,Kyle Massey,Lacey Schwimmer,Actor/Actress,19,2nd Place,2,,23.0,True,221.0,0.10407239819004525,False,11_Kyle Massey
11,4,Kyle Massey,Lacey Schwimmer,Actor/Actress,19,2nd Place,2,,20.0,True,179.0,0.11173184357541899,False,11_Kyle Massey
11,5,Kyle Massey,Lacey Schwimmer,Actor/Actress,19,2nd Place,2,,20.0,True,182.0,0.10989010989010989,False,11_Kyle Massey
11,6,Kyle Massey,Lacey Schwimmer,Actor/Actress,19,2nd Place,2,,29.999899999999997,True,206.9993,0.14492754323323798,False,11_Kyle Massey
11,7,Kyle Massey,Lacey Schwimmer,Actor/Actress,19,2nd Place,2,,33.5,True,208.5,0.1606714628297362,False,11_Kyle Massey
11,8,Kyle Massey,Lacey Schwimmer,Actor/Actress,19,2nd Place,2,,28.0,True,132.5,0.21132075471698114,False,11_Kyle Massey
11,9,Kyle Massey,Lacey Schwimmer,Actor/Actress,19,2nd Place,2,,29.0,True,114.0,0.2543859649122807,False,11_Kyle Massey
11,10,Kyle Massey,Lacey Schwimmer,Actor/Actress,19,2nd Place,2,,27.333199999999998,True,82.9998,0.3293164561842318,False,11_Kyle Massey
11,1,Jennifer Grey,Derek Hough,Actor/Actress,50,1st Place,1,,24.0,True,227.0,0.10572687224669604,False,11_Jennifer Grey
11,2,Jennifer Grey,Derek Hough,Actor/Actress,50,1st Place,1,,24.0,True,221.0,0.1085972850678733,False,11_Jennifer Grey
11,3,Jennifer Grey,Derek Hough,Actor/Actress,50,1st Place,1,,24.0,True,221.0,0.1085972850678733,False,11_Jennifer Grey
11,4,Jennifer Grey,Derek Hough,Actor/Actress,50,1st Place,1,,28.0,True,179.0,0.1564245810055866,False,11_Jennifer Grey
11,5,Jennifer Grey,Derek Hough,Actor/Actress,50,1st Place,1,,25.0,True,182.0,0.13736263736263737,False,11_Jennifer Grey
11,6,Jennifer Grey,Derek Hough,Actor/Actress,50,1st Place,1,,29.0,True,206.9993,0.14009709211577043,False,11_Jennifer Grey
11,7,Jennifer Grey,Derek Hough,Actor/Actress,50,1st Place,1,,36.5,True,208.5,0.1750599520383693,False,11_Jennifer Grey
11,8,Jennifer Grey,Derek Hough,Actor/Actress,50,1st Place,1,,28.5,True,132.5,0.21509433962264152,False,11_Jennifer Grey
11,9,Jennifer Grey,Derek Hough,Actor/Actress,50,1st Place,1,,30.0,True,114.0,0.2631578947368421,False,11_Jennifer Grey
11,10,Jennifer Grey,Derek Hough,Actor/Actress,50,1st Place,1,,30.0,True,82.9998,0.36144665408832316,False,11_Jennifer Grey
11,1,Rick Fox,Cheryl Burke,Athlete,41,Eliminated Week 7,6,7.0,22.0,True,227.0,0.09691629955947137,False,11_Rick Fox
11,2,Rick Fox,Cheryl Burke,Athlete,41,Eliminated Week 7,6,7.0,21.0,True,221.0,0.09502262443438914,False,11_Rick Fox
11,3,Rick Fox,Cheryl Burke,Athlete,41,Eliminated Week 7,6,7.0,24.0,True,221.0,0.1085972850678733,False,11_Rick Fox
11,4,Rick Fox,Cheryl Burke,Athlete,41,Eliminated Week 7,6,7.0,19.5,True,179.0,0.10893854748603352,False,11_Rick Fox
11,5,Rick Fox,Cheryl Burke,Athlete,41,Eliminated Week 7,6,7.0,24.0,True,182.0,0.13186813186813187,False,11_Rick Fox
11,6,Rick Fox,Cheryl Burke,Athlete,41,Eliminated Week 7,6,7.0,30.0,True,206.9993,0.14492802632665908,False,11_Rick Fox
11,7,Rick Fox,Cheryl Burke,Athlete,41,Eliminated Week 7,6,7.0,34.5,True,208.5,0.16546762589928057,True,11_Rick Fox
11,8,Rick Fox,Cheryl Burke,Athlete,41,Eliminated Week 7,6,7.0,0.0,False,132.5,0.0,False,11_Rick Fox
11,9,Rick Fox,Cheryl Burke,Athlete,41,Eliminated Week 7,6,7.0,0.0,False,114.0,0.0,False,11_Rick Fox
11,10,Rick Fox,Cheryl Burke,Athlete,41,Eliminated Week 7,6,7.0,0.0,False,82.9998,0.0,False,11_Rick Fox
11,1,Kurt Warner,Anna Trebunskaya,Athlete,39,Eliminated Week 8,5,8.0,19.0,True,227.0,0.08370044052863436,False,11_Kurt Warner
11,2,Kurt Warner,Anna Trebunskaya,Athlete,39,Eliminated Week 8,5,8.0,21.0,True,221.0,0.09502262443438914,False,11_Kurt Warner
11,3,Kurt Warner,Anna Trebunskaya,Athlete,39,Eliminated Week 8,5,8.0,23.0,True,221.0,0.10407239819004525,False,11_Kurt Warner
11,4,Kurt Warner,Anna Trebunskaya,Athlete,39,Eliminated Week 8,5,8.0,17.0,True,179.0,0.09497206703910614,False,11_Kurt Warner
11,5,Kurt Warner,Anna Trebunskaya,Athlete,39,Eliminated Week 8,5,8.0,24.0,True,182.0,0.13186813186813187,False,11_Kurt Warner
11,6,Kurt Warner,Anna Trebunskaya,Athlete,39,Eliminated Week 8,5,8.0,21.9999,True,206.9993,0.1062800695461289,False,11_Kurt Warner
11,7,Kurt Warner,Anna Trebunskaya,Athlete,39,Eliminated Week 8,5,8.0,35.0,True,208.5,0.16786570743405277,False,11_Kurt Warner
11,8,Kurt Warner,Anna Trebunskaya,Athlete,39,Eliminated Week 8,5,8.0,24.0,True,132.5,0.1811320754716981,True,11_Kurt Warner
11,9,Kurt Warner,Anna Trebunskaya,Athlete,39,Eliminated Week 8,5,8.0,0.0,False,114.0,0.0,False,11_Kurt Warner
11,10,Kurt Warner,Anna Trebunskaya,Athlete,39,Eliminated Week 8,5,8.0,0.0,False,82.9998,0.0,False,11_Kurt Warner
11,1,Margaret Cho,Louis van Amstel,Comedian,41,Eliminated Week 3,10,3.0,15.0,True,227.0,0.06607929515418502,False,11_Margaret Cho
11,2,Margaret Cho,Louis van Amstel,Comedian,41,Eliminated Week 3,10,3.0,18.0,True,221.0,0.08144796380090498,False,11_Margaret Cho
11,3,Margaret Cho,Louis van Amstel,Comedian,41,Eliminated Week 3,10,3.0,18.0,True,221.0,0.08144796380090498,True,11_Margaret Cho
11,4,Margaret Cho,Louis van Amstel,Comedian,41,Eliminated Week 3,10,3.0,0.0,False,179.0,0.0,False,11_Margaret Cho
11,5,Margaret Cho,Louis van Amstel,Comedian,41,Eliminated Week 3,10,3.0,0.0,False,182.0,0.0,False,11_Margaret Cho
11,6,Margaret Cho,Louis van Amstel,Comedian,41,Eliminated Week 3,10,3.0,0.0,False,206.9993,0.0,False,11_Margaret Cho
11,7,Margaret Cho,Louis van Amstel,Comedian,41,Eliminated Week 3,10,3.0,0.0,False,208.5,0.0,False,11_Margaret Cho
11,8,Margaret Cho,Louis van Amstel,Comedian,41,Eliminated Week 3,10,3.0,0.0,False,132.5,0.0,False,11_Margaret Cho
11,9,Margaret Cho,Louis van Amstel,Comedian,41,Eliminated Week 3,10,3.0,0.0,False,114.0,0.0,False,11_Margaret Cho
11,10,Margaret Cho,Louis van Amstel,Comedian,41,Eliminated Week 3,10,3.0,0.0,False,82.9998,0.0,False,11_Margaret Cho
11,1,Michael Bolton,Chelsie Hightower,Singer/Rapper,57,Eliminated Week 2,11,2.0,16.0,True,227.0,0.07048458149779736,False,11_Michael Bolton
11,2,Michael Bolton,Chelsie Hightower,Singer/Rapper,57,Eliminated Week 2,11,2.0,12.0,True,221.0,0.05429864253393665,True,11_Michael Bolton
11,3,Michael Bolton,Chelsie Hightower,Singer/Rapper,57,Eliminated Week 2,11,2.0,0.0,False,221.0,0.0,False,11_Michael Bolton
11,4,Michael Bolton,Chelsie Hightower,Singer/Rapper,57,Eliminated Week 2,11,2.0,0.0,False,179.0,0.0,False,11_Michael Bolton
11,5,Michael Bolton,Chelsie Hightower,Singer/Rapper,57,Eliminated Week 2,11,2.0,0.0,False,182.0,0.0,False,11_Michael Bolton
11,6,Michael Bolton,Chelsie Hightower,Singer/Rapper,57,Eliminated Week 2,11,2.0,0.0,False,206.9993,0.0,False,11_Michael Bolton
11,7,Michael Bolton,Chelsie Hightower,Singer/Rapper,57,Eliminated Week 2,11,2.0,0.0,False,208.5,0.0,False,11_Michael Bolton
11,8,Michael Bolton,Chelsie Hightower,Singer/Rapper,57,Eliminated Week 2,11,2.0,0.0,False,132.5,0.0,False,11_Michael Bolton
11,9,Michael Bolton,Chelsie Hightower,Singer/Rapper,57,Eliminated Week 2,11,2.0,0.0,False,114.0,0.0,False,11_Michael Bolton
11,10,Michael Bolton,Chelsie Hightower,Singer/Rapper,57,Eliminated Week 2,11,2.0,0.0,False,82.9998,0.0,False,11_Michael Bolton
11,1,Brandy,Maksim Chmerkoskiy,Singer/Rapper,31,Eliminated Week 9,4,9.0,23.0,True,227.0,0.1013215859030837,False,11_Brandy
11,2,Brandy,Maksim Chmerkoskiy,Singer/Rapper,31,Eliminated Week 9,4,9.0,21.0,True,221.0,0.09502262443438914,False,11_Brandy
11,3,Brandy,Maksim Chmerkoskiy,Singer/Rapper,31,Eliminated Week 9,4,9.0,24.0,True,221.0,0.1085972850678733,False,11_Brandy
11,4,Brandy,Maksim Chmerkoskiy,Singer/Rapper,31,Eliminated Week 9,4,9.0,24.0,True,179.0,0.1340782122905028,False,11_Brandy
11,5,Brandy,Maksim Chmerkoskiy,Singer/Rapper,31,Eliminated Week 9,4,9.0,27.0,True,182.0,0.14835164835164835,False,11_Brandy
11,6,Brandy,Maksim Chmerkoskiy,Singer/Rapper,31,Eliminated Week 9,4,9.0,35.9999,True,206.9993,0.1739131484985698,False,11_Brandy
11,7,Brandy,Maksim Chmerkoskiy,Singer/Rapper,31,Eliminated Week 9,4,9.0,36.5,True,208.5,0.1750599520383693,False,11_Brandy
11,8,Brandy,Maksim Chmerkoskiy,Singer/Rapper,31,Eliminated Week 9,4,9.0,28.5,True,132.5,0.21509433962264152,False,11_Brandy
11,9,Brandy,Maksim Chmerkoskiy,Singer/Rapper,31,Eliminated Week 9,4,9.0,28.5,True,114.0,0.25,True,11_Brandy
11,10,Brandy,Maksim Chmerkoskiy,Singer/Rapper,31,Eliminated Week 9,4,9.0,0.0,False,82.9998,0.0,False,11_Brandy
11,1,The Situation,Karina Smirnoff,TV Personality,28,Eliminated Week 4,9,4.0,15.0,True,227.0,0.06607929515418502,False,11_The Situation
11,2,The Situation,Karina Smirnoff,TV Personality,28,Eliminated Week 4,9,4.0,18.0,True,221.0,0.08144796380090498,False,11_The Situation
11,3,The Situation,Karina Smirnoff,TV Personality,28,Eliminated Week 4,9,4.0,20.0,True,221.0,0.09049773755656108,False,11_The Situation
11,4,The Situation,Karina Smirnoff,TV Personality,28,Eliminated Week 4,9,4.0,14.0,True,179.0,0.0782122905027933,True,11_The Situation
11,5,The Situation,Karina Smirnoff,TV Personality,28,Eliminated Week 4,9,4.0,0.0,False,182.0,0.0,False,11_The Situation
11,6,The Situation,Karina Smirnoff,TV Personality,28,Eliminated Week 4,9,4.0,0.0,False,206.9993,0.0,False,11_The Situation
11,7,The Situation,Karina Smirnoff,TV Personality,28,Eliminated Week 4,9,4.0,0.0,False,208.5,0.0,False,11_The Situation
11,8,The Situation,Karina Smirnoff,TV Personality,28,Eliminated Week 4,9,4.0,0.0,False,132.5,0.0,False,11_The Situation
11,9,The Situation,Karina Smirnoff,TV Personality,28,Eliminated Week 4,9,4.0,0.0,False,114.0,0.0,False,11_The Situation
11,10,The Situation,Karina Smirnoff,TV Personality,28,Eliminated Week 4,9,4.0,0.0,False,82.9998,0.0,False,11_The Situation
11,1,Audrina Patridge,Tony Dovolani,TV Personality,25,Eliminated Week 6,7,6.0,19.0,True,227.0,0.08370044052863436,False,11_Audrina Patridge
11,2,Audrina Patridge,Tony Dovolani,TV Personality,25,Eliminated Week 6,7,6.0,23.0,True,221.0,0.10407239819004525,False,11_Audrina Patridge
11,3,Audrina Patridge,Tony Dovolani,TV Personality,25,Eliminated Week 6,7,6.0,26.0,True,221.0,0.11764705882352941,False,11_Audrina Patridge
11,4,Audrina Patridge,Tony Dovolani,TV Personality,25,Eliminated Week 6,7,6.0,23.0,True,179.0,0.12849162011173185,False,11_Audrina Patridge
11,5,Audrina Patridge,Tony Dovolani,TV Personality,25,Eliminated Week 6,7,6.0,23.0,True,182.0,0.12637362637362637,False,11_Audrina Patridge
11,6,Audrina Patridge,Tony Dovolani,TV Personality,25,Eliminated Week 6,7,6.0,31.9998,True,206.9993,0.15458892856159417,True,11_Audrina Patridge
11,7,Audrina Patridge,Tony Dovolani,TV Personality,25,Eliminated Week 6,7,6.0,0.0,False,208.5,0.0,False,11_Audrina Patridge
11,8,Audrina Patridge,Tony Dovolani,TV Personality,25,Eliminated Week 6,7,6.0,0.0,False,132.5,0.0,False,11_Audrina Patridge
11,9,Audrina Patridge,Tony Dovolani,TV Personality,25,Eliminated Week 6,7,6.0,0.0,False,114.0,0.0,False,11_Audrina Patridge
11,10,Audrina Patridge,Tony Dovolani,TV Personality,25,Eliminated Week 6,7,6.0,0.0,False,82.9998,0.0,False,11_Audrina Patridge
11,1,Bristol Palin,Mark Ballas,TV Personality,19,3rd Place,3,,18.0,True,227.0,0.07929515418502203,False,11_Bristol Palin
11,2,Bristol Palin,Mark Ballas,TV Personality,19,3rd Place,3,,22.0,True,221.0,0.09954751131221719,False,11_Bristol Palin
11,3,Bristol Palin,Mark Ballas,TV Personality,19,3rd Place,3,,19.0,True,221.0,0.08597285067873303,False,11_Bristol Palin
11,4,Bristol Palin,Mark Ballas,TV Personality,19,3rd Place,3,,16.0,True,179.0,0.0893854748603352,False,11_Bristol Palin
11,5,Bristol Palin,Mark Ballas,TV Personality,19,3rd Place,3,,18.0,True,182.0,0.0989010989010989,False,11_Bristol Palin
11,6,Bristol Palin,Mark Ballas,TV Personality,19,3rd Place,3,,27.9998,True,206.9993,0.13526519171803963,False,11_Bristol Palin
11,7,Bristol Palin,Mark Ballas,TV Personality,19,3rd Place,3,,32.5,True,208.5,0.15587529976019185,False,11_Bristol Palin
11,8,Bristol Palin,Mark Ballas,TV Personality,19,3rd Place,3,,23.5,True,132.5,0.17735849056603772,False,11_Bristol Palin
11,9,Bristol Palin,Mark Ballas,TV Personality,19,3rd Place,3,,26.5,True,114.0,0.2324561403508772,False,11_Bristol Palin
11,10,Bristol Palin,Mark Ballas,TV Personality,19,3rd Place,3,,25.666600000000003,True,82.9998,0.3092368897274452,False,11_Bristol Palin
12,1,Ralph Macchio,Karina Smirnoff,Actor/Actress,49,Eliminated Week 9,4,9.0,24.0,True,207.0,0.11594202898550725,False,12_Ralph Macchio
12,2,Ralph Macchio,Karina Smirnoff,Actor/Actress,49,Eliminated Week 9,4,9.0,21.0,True,216.0,0.09722222222222222,False,12_Ralph Macchio
12,3,Ralph Macchio,Karina Smirnoff,Actor/Actress,49,Eliminated Week 9,4,9.0,21.0,True,214.0,0.09813084112149532,False,12_Ralph Macchio
12,4,Ralph Macchio,Karina Smirnoff,Actor/Actress,49,Eliminated Week 9,4,9.0,25.0,True,206.0,0.12135922330097088,False,12_Ralph Macchio
12,5,Ralph Macchio,Karina Smirnoff,Actor/Actress,49,Eliminated Week 9,4,9.0,22.0,True,194.0,0.1134020618556701,False,12_Ralph Macchio
12,6,Ralph Macchio,Karina Smirnoff,Actor/Actress,49,Eliminated Week 9,4,9.0,24.0,True,180.0,0.13333333333333333,False,12_Ralph Macchio
12,7,Ralph Macchio,Karina Smirnoff,Actor/Actress,49,Eliminated Week 9,4,9.0,33.0,True,188.5,0.17506631299734748,False,12_Ralph Macchio
12,8,Ralph Macchio,Karina Smirnoff,Actor/Actress,49,Eliminated Week 9,4,9.0,23.0,True,130.0,0.17692307692307693,False,12_Ralph Macchio
12,9,Ralph Macchio,Karina Smirnoff,Actor/Actress,49,Eliminated Week 9,4,9.0,24.0,True,117.5,0.20425531914893616,True,12_Ralph Macchio
12,10,Ralph Macchio,Karina Smirnoff,Actor/Actress,49,Eliminated Week 9,4,9.0,0.0,False,87.3331,0.0,False,12_Ralph Macchio
12,1,Chelsea Kane,Mark Ballas,Actor/Actress,22,3rd Place,3,,21.0,True,207.0,0.10144927536231885,False,12_Chelsea Kane
12,2,Chelsea Kane,Mark Ballas,Actor/Actress,22,3rd Place,3,,18.0,True,216.0,0.08333333333333333,False,12_Chelsea Kane
12,3,Chelsea Kane,Mark Ballas,Actor/Actress,22,3rd Place,3,,23.0,True,214.0,0.10747663551401869,False,12_Chelsea Kane
12,4,Chelsea Kane,Mark Ballas,Actor/Actress,22,3rd Place,3,,26.0,True,206.0,0.1262135922330097,False,12_Chelsea Kane
12,5,Chelsea Kane,Mark Ballas,Actor/Actress,22,3rd Place,3,,26.0,True,194.0,0.13402061855670103,False,12_Chelsea Kane
12,6,Chelsea Kane,Mark Ballas,Actor/Actress,22,3rd Place,3,,28.0,True,180.0,0.15555555555555556,False,12_Chelsea Kane
12,7,Chelsea Kane,Mark Ballas,Actor/Actress,22,3rd Place,3,,32.0,True,188.5,0.16976127320954906,False,12_Chelsea Kane
12,8,Chelsea Kane,Mark Ballas,Actor/Actress,22,3rd Place,3,,27.5,True,130.0,0.21153846153846154,False,12_Chelsea Kane
12,9,Chelsea Kane,Mark Ballas,Actor/Actress,22,3rd Place,3,,36.5,True,117.5,0.31063829787234043,False,12_Chelsea Kane
12,10,Chelsea Kane,Mark Ballas,Actor/Actress,22,3rd Place,3,,29.666600000000003,True,87.3331,0.33969480071129965,False,12_Chelsea Kane
12,1,Kirstie Alley,Maksim Chmerkoskiy,Actor/Actress,60,2nd Place,2,,23.0,True,207.0,0.1111111111111111,False,12_Kirstie Alley
12,2,Kirstie Alley,Maksim Chmerkoskiy,Actor/Actress,60,2nd Place,2,,20.0,True,216.0,0.09259259259259259,False,12_Kirstie Alley
12,3,Kirstie Alley,Maksim Chmerkoskiy,Actor/Actress,60,2nd Place,2,,21.0,True,214.0,0.09813084112149532,False,12_Kirstie Alley
12,4,Kirstie Alley,Maksim Chmerkoskiy,Actor/Actress,60,2nd Place,2,,22.0,True,206.0,0.10679611650485436,False,12_Kirstie Alley
12,5,Kirstie Alley,Maksim Chmerkoskiy,Actor/Actress,60,2nd Place,2,,23.0,True,194.0,0.11855670103092783,False,12_Kirstie Alley
12,6,Kirstie Alley,Maksim Chmerkoskiy,Actor/Actress,60,2nd Place,2,,26.0,True,180.0,0.14444444444444443,False,12_Kirstie Alley
12,7,Kirstie Alley,Maksim Chmerkoskiy,Actor/Actress,60,2nd Place,2,,30.0,True,188.5,0.15915119363395225,False,12_Kirstie Alley
12,8,Kirstie Alley,Maksim Chmerkoskiy,Actor/Actress,60,2nd Place,2,,26.5,True,130.0,0.20384615384615384,False,12_Kirstie Alley
12,9,Kirstie Alley,Maksim Chmerkoskiy,Actor/Actress,60,2nd Place,2,,27.0,True,117.5,0.2297872340425532,False,12_Kirstie Alley
12,10,Kirstie Alley,Maksim Chmerkoskiy,Actor/Actress,60,2nd Place,2,,27.999899999999997,True,87.3331,0.32061039857740076,False,12_Kirstie Alley
12,1,Hines Ward,Kym Johnson,Athlete,35,1st Place,1,,21.0,True,207.0,0.10144927536231885,False,12_Hines Ward
12,2,Hines Ward,Kym Johnson,Athlete,35,1st Place,1,,23.0,True,216.0,0.10648148148148148,False,12_Hines Ward
12,3,Hines Ward,Kym Johnson,Athlete,35,1st Place,1,,25.0,True,214.0,0.11682242990654206,False,12_Hines Ward
12,4,Hines Ward,Kym Johnson,Athlete,35,1st Place,1,,25.0,True,206.0,0.12135922330097088,False,12_Hines Ward
12,5,Hines Ward,Kym Johnson,Athlete,35,1st Place,1,,27.0,True,194.0,0.13917525773195877,False,12_Hines Ward
12,6,Hines Ward,Kym Johnson,Athlete,35,1st Place,1,,27.0,True,180.0,0.15,False,12_Hines Ward
12,7,Hines Ward,Kym Johnson,Athlete,35,1st Place,1,,33.0,True,188.5,0.17506631299734748,False,12_Hines Ward
12,8,Hines Ward,Kym Johnson,Athlete,35,1st Place,1,,27.0,True,130.0,0.2076923076923077,False,12_Hines Ward
12,9,Hines Ward,Kym Johnson,Athlete,35,1st Place,1,,30.0,True,117.5,0.2553191489361702,False,12_Hines Ward
12,10,Hines Ward,Kym Johnson,Athlete,35,1st Place,1,,29.666600000000003,True,87.3331,0.33969480071129965,False,12_Hines Ward
12,1,Sugar Ray Leonard,Anna Trebunskaya,Athlete,54,Eliminated Week 4,9,4.0,17.0,True,207.0,0.0821256038647343,False,12_Sugar Ray Leonard
12,2,Sugar Ray Leonard,Anna Trebunskaya,Athlete,54,Eliminated Week 4,9,4.0,17.0,True,216.0,0.0787037037037037,False,12_Sugar Ray Leonard
12,3,Sugar Ray Leonard,Anna Trebunskaya,Athlete,54,Eliminated Week 4,9,4.0,20.0,True,214.0,0.09345794392523364,False,12_Sugar Ray Leonard
12,4,Sugar Ray Leonard,Anna Trebunskaya,Athlete,54,Eliminated Week 4,9,4.0,21.0,True,206.0,0.10194174757281553,True,12_Sugar Ray Leonard
12,5,Sugar Ray Leonard,Anna Trebunskaya,Athlete,54,Eliminated Week 4,9,4.0,0.0,False,194.0,0.0,False,12_Sugar Ray Leonard
12,6,Sugar Ray Leonard,Anna Trebunskaya,Athlete,54,Eliminated Week 4,9,4.0,0.0,False,180.0,0.0,False,12_Sugar Ray Leonard
12,7,Sugar Ray Leonard,Anna Trebunskaya,Athlete,54,Eliminated Week 4,9,4.0,0.0,False,188.5,0.0,False,12_Sugar Ray Leonard
12,8,Sugar Ray Leonard,Anna Trebunskaya,Athlete,54,Eliminated Week 4,9,4.0,0.0,False,130.0,0.0,False,12_Sugar Ray Leonard
12,9,Sugar Ray Leonard,Anna Trebunskaya,Athlete,54,Eliminated Week 4,9,4.0,0.0,False,117.5,0.0,False,12_Sugar Ray Leonard
12,10,Sugar Ray Leonard,Anna Trebunskaya,Athlete,54,Eliminated Week 4,9,4.0,0.0,False,87.3331,0.0,False,12_Sugar Ray Leonard
12,1,Chris Jericho,Cheryl Burke,Athlete,40,Eliminated Week 6,7,6.0,19.0,True,207.0,0.09178743961352658,False,12_Chris Jericho
12,2,Chris Jericho,Cheryl Burke,Athlete,40,Eliminated Week 6,7,6.0,23.0,True,216.0,0.10648148148148148,False,12_Chris Jericho
12,3,Chris Jericho,Cheryl Burke,Athlete,40,Eliminated Week 6,7,6.0,21.0,True,214.0,0.09813084112149532,False,12_Chris Jericho
12,4,Chris Jericho,Cheryl Burke,Athlete,40,Eliminated Week 6,7,6.0,23.0,True,206.0,0.11165048543689321,False,12_Chris Jericho
12,5,Chris Jericho,Cheryl Burke,Athlete,40,Eliminated Week 6,7,6.0,26.0,True,194.0,0.13402061855670103,False,12_Chris Jericho
12,6,Chris Jericho,Cheryl Burke,Athlete,40,Eliminated Week 6,7,6.0,22.0,True,180.0,0.12222222222222222,True,12_Chris Jericho
12,7,Chris Jericho,Cheryl Burke,Athlete,40,Eliminated Week 6,7,6.0,0.0,False,188.5,0.0,False,12_Chris Jericho
12,8,Chris Jericho,Cheryl Burke,Athlete,40,Eliminated Week 6,7,6.0,0.0,False,130.0,0.0,False,12_Chris Jericho
12,9,Chris Jericho,Cheryl Burke,Athlete,40,Eliminated Week 6,7,6.0,0.0,False,117.5,0.0,False,12_Chris Jericho
12,10,Chris Jericho,Cheryl Burke,Athlete,40,Eliminated Week 6,7,6.0,0.0,False,87.3331,0.0,False,12_Chris Jericho
12,1,Petra Nemcova,Dmitry Chaplin,Model,31,Eliminated Week 5,8,5.0,18.0,True,207.0,0.08695652173913043,False,12_Petra Nemcova
12,2,Petra Nemcova,Dmitry Chaplin,Model,31,Eliminated Week 5,8,5.0,18.0,True,216.0,0.08333333333333333,False,12_Petra Nemcova
12,3,Petra Nemcova,Dmitry Chaplin,Model,31,Eliminated Week 5,8,5.0,25.0,True,214.0,0.11682242990654206,False,12_Petra Nemcova
12,4,Petra Nemcova,Dmitry Chaplin,Model,31,Eliminated Week 5,8,5.0,23.0,True,206.0,0.11165048543689321,False,12_Petra Nemcova
12,5,Petra Nemcova,Dmitry Chaplin,Model,31,Eliminated Week 5,8,5.0,22.0,True,194.0,0.1134020618556701,True,12_Petra Nemcova
12,6,Petra Nemcova,Dmitry Chaplin,Model,31,Eliminated Week 5,8,5.0,0.0,False,180.0,0.0,False,12_Petra Nemcova
12,7,Petra Nemcova,Dmitry Chaplin,Model,31,Eliminated Week 5,8,5.0,0.0,False,188.5,0.0,False,12_Petra Nemcova
12,8,Petra Nemcova,Dmitry Chaplin,Model,31,Eliminated Week 5,8,5.0,0.0,False,130.0,0.0,False,12_Petra Nemcova
12,9,Petra Nemcova,Dmitry Chaplin,Model,31,Eliminated Week 5,8,5.0,0.0,False,117.5,0.0,False,12_Petra Nemcova
12,10,Petra Nemcova,Dmitry Chaplin,Model,31,Eliminated Week 5,8,5.0,0.0,False,87.3331,0.0,False,12_Petra Nemcova
12,1,Mike Catherwood,Lacey Schwimmer,Radio Personality,32,Eliminated Week 2,11,2.0,13.0,True,207.0,0.06280193236714976,False,12_Mike Catherwood
12,2,Mike Catherwood,Lacey Schwimmer,Radio Personality,32,Eliminated Week 2,11,2.0,17.0,True,216.0,0.0787037037037037,True,12_Mike Catherwood
12,3,Mike Catherwood,Lacey Schwimmer,Radio Personality,32,Eliminated Week 2,11,2.0,0.0,False,214.0,0.0,False,12_Mike Catherwood
12,4,Mike Catherwood,Lacey Schwimmer,Radio Personality,32,Eliminated Week 2,11,2.0,0.0,False,206.0,0.0,False,12_Mike Catherwood
12,5,Mike Catherwood,Lacey Schwimmer,Radio Personality,32,Eliminated Week 2,11,2.0,0.0,False,194.0,0.0,False,12_Mike Catherwood
12,6,Mike Catherwood,Lacey Schwimmer,Radio Personality,32,Eliminated Week 2,11,2.0,0.0,False,180.0,0.0,False,12_Mike Catherwood
12,7,Mike Catherwood,Lacey Schwimmer,Radio Personality,32,Eliminated Week 2,11,2.0,0.0,False,188.5,0.0,False,12_Mike Catherwood
12,8,Mike Catherwood,Lacey Schwimmer,Radio Personality,32,Eliminated Week 2,11,2.0,0.0,False,130.0,0.0,False,12_Mike Catherwood
12,9,Mike Catherwood,Lacey Schwimmer,Radio Personality,32,Eliminated Week 2,11,2.0,0.0,False,117.5,0.0,False,12_Mike Catherwood
12,10,Mike Catherwood,Lacey Schwimmer,Radio Personality,32,Eliminated Week 2,11,2.0,0.0,False,87.3331,0.0,False,12_Mike Catherwood
12,1,Romeo,Chelsie Hightower,Singer/Rapper,21,Eliminated Week 8,5,8.0,19.0,True,207.0,0.09178743961352658,False,12_Romeo
12,2,Romeo,Chelsie Hightower,Singer/Rapper,21,Eliminated Week 8,5,8.0,23.0,True,216.0,0.10648148148148148,False,12_Romeo
12,3,Romeo,Chelsie Hightower,Singer/Rapper,21,Eliminated Week 8,5,8.0,20.0,True,214.0,0.09345794392523364,False,12_Romeo
12,4,Romeo,Chelsie Hightower,Singer/Rapper,21,Eliminated Week 8,5,8.0,23.0,True,206.0,0.11165048543689321,False,12_Romeo
12,5,Romeo,Chelsie Hightower,Singer/Rapper,21,Eliminated Week 8,5,8.0,26.0,True,194.0,0.13402061855670103,False,12_Romeo
12,6,Romeo,Chelsie Hightower,Singer/Rapper,21,Eliminated Week 8,5,8.0,28.0,True,180.0,0.15555555555555556,False,12_Romeo
12,7,Romeo,Chelsie Hightower,Singer/Rapper,21,Eliminated Week 8,5,8.0,30.0,True,188.5,0.15915119363395225,False,12_Romeo
12,8,Romeo,Chelsie Hightower,Singer/Rapper,21,Eliminated Week 8,5,8.0,26.0,True,130.0,0.2,True,12_Romeo
12,9,Romeo,Chelsie Hightower,Singer/Rapper,21,Eliminated Week 8,5,8.0,0.0,False,117.5,0.0,False,12_Romeo
12,10,Romeo,Chelsie Hightower,Singer/Rapper,21,Eliminated Week 8,5,8.0,0.0,False,87.3331,0.0,False,12_Romeo
12,1,Wendy Williams,Tony Dovolani,TV Personality,46,Eliminated Week 3,10,3.0,14.0,True,207.0,0.06763285024154589,False,12_Wendy Williams
12,2,Wendy Williams,Tony Dovolani,TV Personality,46,Eliminated Week 3,10,3.0,17.0,True,216.0,0.0787037037037037,False,12_Wendy Williams
12,3,Wendy Williams,Tony Dovolani,TV Personality,46,Eliminated Week 3,10,3.0,15.0,True,214.0,0.07009345794392523,True,12_Wendy Williams
12,4,Wendy Williams,Tony Dovolani,TV Personality,46,Eliminated Week 3,10,3.0,0.0,False,206.0,0.0,False,12_Wendy Williams
12,5,Wendy Williams,Tony Dovolani,TV Personality,46,Eliminated Week 3,10,3.0,0.0,False,194.0,0.0,False,12_Wendy Williams
12,6,Wendy Williams,Tony Dovolani,TV Personality,46,Eliminated Week 3,10,3.0,0.0,False,180.0,0.0,False,12_Wendy Williams
12,7,Wendy Williams,Tony Dovolani,TV Personality,46,Eliminated Week 3,10,3.0,0.0,False,188.5,0.0,False,12_Wendy Williams
12,8,Wendy Williams,Tony Dovolani,TV Personality,46,Eliminated Week 3,10,3.0,0.0,False,130.0,0.0,False,12_Wendy Williams
12,9,Wendy Williams,Tony Dovolani,TV Personality,46,Eliminated Week 3,10,3.0,0.0,False,117.5,0.0,False,12_Wendy Williams
12,10,Wendy Williams,Tony Dovolani,TV Personality,46,Eliminated Week 3,10,3.0,0.0,False,87.3331,0.0,False,12_Wendy Williams
12,1,Kendra Wilkinson,Louis van Amstel,TV Personality,25,Eliminated Week 7,6,7.0,18.0,True,207.0,0.08695652173913043,False,12_Kendra Wilkinson
12,2,Kendra Wilkinson,Louis van Amstel,TV Personality,25,Eliminated Week 7,6,7.0,19.0,True,216.0,0.08796296296296297,False,12_Kendra Wilkinson
12,3,Kendra Wilkinson,Louis van Amstel,TV Personality,25,Eliminated Week 7,6,7.0,23.0,True,214.0,0.10747663551401869,False,12_Kendra Wilkinson
12,4,Kendra Wilkinson,Louis van Amstel,TV Personality,25,Eliminated Week 7,6,7.0,18.0,True,206.0,0.08737864077669903,False,12_Kendra Wilkinson
12,5,Kendra Wilkinson,Louis van Amstel,TV Personality,25,Eliminated Week 7,6,7.0,22.0,True,194.0,0.1134020618556701,False,12_Kendra Wilkinson
12,6,Kendra Wilkinson,Louis van Amstel,TV Personality,25,Eliminated Week 7,6,7.0,25.0,True,180.0,0.1388888888888889,False,12_Kendra Wilkinson
12,7,Kendra Wilkinson,Louis van Amstel,TV Personality,25,Eliminated Week 7,6,7.0,30.5,True,188.5,0.16180371352785147,True,12_Kendra Wilkinson
12,8,Kendra Wilkinson,Louis van Amstel,TV Personality,25,Eliminated Week 7,6,7.0,0.0,False,130.0,0.0,False,12_Kendra Wilkinson
12,9,Kendra Wilkinson,Louis van Amstel,TV Personality,25,Eliminated Week 7,6,7.0,0.0,False,117.5,0.0,False,12_Kendra Wilkinson
12,10,Kendra Wilkinson,Louis van Amstel,TV Personality,25,Eliminated Week 7,6,7.0,0.0,False,87.3331,0.0,False,12_Kendra Wilkinson
13,1,Elisabetta Canalis,Valentin Chmerkovskiy,Actor/Actress,33,Eliminated Week 2,11,2.0,15.0,True,217.0,0.06912442396313365,False,13_Elisabetta Canalis
13,2,Elisabetta Canalis,Valentin Chmerkovskiy,Actor/Actress,33,Eliminated Week 2,11,2.0,21.0,True,223.0,0.09417040358744394,True,13_Elisabetta Canalis
13,3,Elisabetta Canalis,Valentin Chmerkovskiy,Actor/Actress,33,Eliminated Week 2,11,2.0,0.0,False,237.0,0.0,False,13_Elisabetta Canalis
13,4,Elisabetta Canalis,Valentin Chmerkovskiy,Actor/Actress,33,Eliminated Week 2,11,2.0,0.0,False,209.0,0.0,False,13_Elisabetta Canalis
13,5,Elisabetta Canalis,Valentin Chmerkovskiy,Actor/Actress,33,Eliminated Week 2,11,2.0,0.0,False,188.0,0.0,False,13_Elisabetta Canalis
13,6,Elisabetta Canalis,Valentin Chmerkovskiy,Actor/Actress,33,Eliminated Week 2,11,2.0,0.0,False,166.0,0.0,False,13_Elisabetta Canalis
13,7,Elisabetta Canalis,Valentin Chmerkovskiy,Actor/Actress,33,Eliminated Week 2,11,2.0,0.0,False,146.5,0.0,False,13_Elisabetta Canalis
13,8,Elisabetta Canalis,Valentin Chmerkovskiy,Actor/Actress,33,Eliminated Week 2,11,2.0,0.0,False,129.5,0.0,False,13_Elisabetta Canalis
13,9,Elisabetta Canalis,Valentin Chmerkovskiy,Actor/Actress,33,Eliminated Week 2,11,2.0,0.0,False,118.4995,0.0,False,13_Elisabetta Canalis
13,10,Elisabetta Canalis,Valentin Chmerkovskiy,Actor/Actress,33,Eliminated Week 2,11,2.0,0.0,False,84.49959999999999,0.0,False,13_Elisabetta Canalis
13,1,David Arquette,Kym Johnson,Actor/Actress,40,Eliminated Week 7,6,7.0,18.0,True,217.0,0.08294930875576037,False,13_David Arquette
13,2,David Arquette,Kym Johnson,Actor/Actress,40,Eliminated Week 7,6,7.0,18.0,True,223.0,0.08071748878923767,False,13_David Arquette
13,3,David Arquette,Kym Johnson,Actor/Actress,40,Eliminated Week 7,6,7.0,24.0,True,237.0,0.10126582278481013,False,13_David Arquette
13,4,David Arquette,Kym Johnson,Actor/Actress,40,Eliminated Week 7,6,7.0,23.0,True,209.0,0.11004784688995216,False,13_David Arquette
13,5,David Arquette,Kym Johnson,Actor/Actress,40,Eliminated Week 7,6,7.0,25.0,True,188.0,0.13297872340425532,False,13_David Arquette
13,6,David Arquette,Kym Johnson,Actor/Actress,40,Eliminated Week 7,6,7.0,23.0,True,166.0,0.13855421686746988,False,13_David Arquette
13,7,David Arquette,Kym Johnson,Actor/Actress,40,Eliminated Week 7,6,7.0,23.5,True,146.5,0.16040955631399317,True,13_David Arquette
13,8,David Arquette,Kym Johnson,Actor/Actress,40,Eliminated Week 7,6,7.0,0.0,False,129.5,0.0,False,13_David Arquette
13,9,David Arquette,Kym Johnson,Actor/Actress,40,Eliminated Week 7,6,7.0,0.0,False,118.4995,0.0,False,13_David Arquette
13,10,David Arquette,Kym Johnson,Actor/Actress,40,Eliminated Week 7,6,7.0,0.0,False,84.49959999999999,0.0,False,13_David Arquette
13,1,Ricki Lake,Derek Hough,Actor/Actress,42,3rd Place,3,,20.0,True,217.0,0.09216589861751152,False,13_Ricki Lake
13,2,Ricki Lake,Derek Hough,Actor/Actress,42,3rd Place,3,,23.0,True,223.0,0.1031390134529148,False,13_Ricki Lake
13,3,Ricki Lake,Derek Hough,Actor/Actress,42,3rd Place,3,,27.0,True,237.0,0.11392405063291139,False,13_Ricki Lake
13,4,Ricki Lake,Derek Hough,Actor/Actress,42,3rd Place,3,,29.0,True,209.0,0.13875598086124402,False,13_Ricki Lake
13,5,Ricki Lake,Derek Hough,Actor/Actress,42,3rd Place,3,,24.0,True,188.0,0.1276595744680851,False,13_Ricki Lake
13,6,Ricki Lake,Derek Hough,Actor/Actress,42,3rd Place,3,,29.0,True,166.0,0.1746987951807229,False,13_Ricki Lake
13,7,Ricki Lake,Derek Hough,Actor/Actress,42,3rd Place,3,,26.5,True,146.5,0.18088737201365188,False,13_Ricki Lake
13,8,Ricki Lake,Derek Hough,Actor/Actress,42,3rd Place,3,,26.0,True,129.5,0.20077220077220076,False,13_Ricki Lake
13,9,Ricki Lake,Derek Hough,Actor/Actress,42,3rd Place,3,,33.4999,True,118.4995,0.2827007708893286,False,13_Ricki Lake
13,10,Ricki Lake,Derek Hough,Actor/Actress,42,3rd Place,3,,27.999899999999997,True,84.49959999999999,0.33136133188796163,False,13_Ricki Lake
13,1,J.R. Martinez,Karina Smirnoff,Actor/Actress,28,1st Place,1,,22.0,True,217.0,0.10138248847926268,False,13_J.R. Martinez
13,2,J.R. Martinez,Karina Smirnoff,Actor/Actress,28,1st Place,1,,22.0,True,223.0,0.09865470852017937,False,13_J.R. Martinez
13,3,J.R. Martinez,Karina Smirnoff,Actor/Actress,28,1st Place,1,,26.0,True,237.0,0.10970464135021098,False,13_J.R. Martinez
13,4,J.R. Martinez,Karina Smirnoff,Actor/Actress,28,1st Place,1,,26.0,True,209.0,0.12440191387559808,False,13_J.R. Martinez
13,5,J.R. Martinez,Karina Smirnoff,Actor/Actress,28,1st Place,1,,28.0,True,188.0,0.14893617021276595,False,13_J.R. Martinez
13,6,J.R. Martinez,Karina Smirnoff,Actor/Actress,28,1st Place,1,,29.0,True,166.0,0.1746987951807229,False,13_J.R. Martinez
13,7,J.R. Martinez,Karina Smirnoff,Actor/Actress,28,1st Place,1,,24.0,True,146.5,0.16382252559726962,False,13_J.R. Martinez
13,8,J.R. Martinez,Karina Smirnoff,Actor/Actress,28,1st Place,1,,30.0,True,129.5,0.23166023166023167,False,13_J.R. Martinez
13,9,J.R. Martinez,Karina Smirnoff,Actor/Actress,28,1st Place,1,,28.0,True,118.4995,0.2362879168266533,False,13_J.R. Martinez
13,10,J.R. Martinez,Karina Smirnoff,Actor/Actress,28,1st Place,1,,28.1665,True,84.49959999999999,0.33333293885414844,False,13_J.R. Martinez
13,1,Metta World Peace (Ron),Peta Murgatroyd,Athlete,31,Eliminated Week 1,12,1.0,14.0,True,217.0,0.06451612903225806,True,13_Metta World Peace (Ron)
13,2,Metta World Peace (Ron),Peta Murgatroyd,Athlete,31,Eliminated Week 1,12,1.0,0.0,False,223.0,0.0,False,13_Metta World Peace (Ron)
13,3,Metta World Peace (Ron),Peta Murgatroyd,Athlete,31,Eliminated Week 1,12,1.0,0.0,False,237.0,0.0,False,13_Metta World Peace (Ron)
13,4,Metta World Peace (Ron),Peta Murgatroyd,Athlete,31,Eliminated Week 1,12,1.0,0.0,False,209.0,0.0,False,13_Metta World Peace (Ron)
13,5,Metta World Peace (Ron),Peta Murgatroyd,Athlete,31,Eliminated Week 1,12,1.0,0.0,False,188.0,0.0,False,13_Metta World Peace (Ron)
13,6,Metta World Peace (Ron),Peta Murgatroyd,Athlete,31,Eliminated Week 1,12,1.0,0.0,False,166.0,0.0,False,13_Metta World Peace (Ron)
13,7,Metta World Peace (Ron),Peta Murgatroyd,Athlete,31,Eliminated Week 1,12,1.0,0.0,False,146.5,0.0,False,13_Metta World Peace (Ron)
13,8,Metta World Peace (Ron),Peta Murgatroyd,Athlete,31,Eliminated Week 1,12,1.0,0.0,False,129.5,0.0,False,13_Metta World Peace (Ron)
13,9,Metta World Peace (Ron),Peta Murgatroyd,Athlete,31,Eliminated Week 1,12,1.0,0.0,False,118.4995,0.0,False,13_Metta World Peace (Ron)
13,10,Metta World Peace (Ron),Peta Murgatroyd,Athlete,31,Eliminated Week 1,12,1.0,0.0,False,84.49959999999999,0.0,False,13_Metta World Peace (Ron)
13,1,Hope Solo,Maksim Chmerkoskiy,Athlete,30,Eliminated Week 9,4,9.0,21.0,True,217.0,0.0967741935483871,False,13_Hope Solo
13,2,Hope Solo,Maksim Chmerkoskiy,Athlete,30,Eliminated Week 9,4,9.0,19.0,True,223.0,0.08520179372197309,False,13_Hope Solo
13,3,Hope Solo,Maksim Chmerkoskiy,Athlete,30,Eliminated Week 9,4,9.0,24.0,True,237.0,0.10126582278481013,False,13_Hope Solo
13,4,Hope Solo,Maksim Chmerkoskiy,Athlete,30,Eliminated Week 9,4,9.0,24.0,True,209.0,0.11483253588516747,False,13_Hope Solo
13,5,Hope Solo,Maksim Chmerkoskiy,Athlete,30,Eliminated Week 9,4,9.0,24.0,True,188.0,0.1276595744680851,False,13_Hope Solo
13,6,Hope Solo,Maksim Chmerkoskiy,Athlete,30,Eliminated Week 9,4,9.0,20.0,True,166.0,0.12048192771084337,False,13_Hope Solo
13,7,Hope Solo,Maksim Chmerkoskiy,Athlete,30,Eliminated Week 9,4,9.0,25.0,True,146.5,0.17064846416382254,False,13_Hope Solo
13,8,Hope Solo,Maksim Chmerkoskiy,Athlete,30,Eliminated Week 9,4,9.0,26.0,True,129.5,0.20077220077220076,False,13_Hope Solo
13,9,Hope Solo,Maksim Chmerkoskiy,Athlete,30,Eliminated Week 9,4,9.0,24.4998,True,118.4995,0.20675023945248716,True,13_Hope Solo
13,10,Hope Solo,Maksim Chmerkoskiy,Athlete,30,Eliminated Week 9,4,9.0,0.0,False,84.49959999999999,0.0,False,13_Hope Solo
13,1,Chynna Phillips,Tony Dovolani,Singer/Rapper,43,Eliminated Week 4,9,4.0,22.0,True,217.0,0.10138248847926268,False,13_Chynna Phillips
13,2,Chynna Phillips,Tony Dovolani,Singer/Rapper,43,Eliminated Week 4,9,4.0,21.0,True,223.0,0.09417040358744394,False,13_Chynna Phillips
13,3,Chynna Phillips,Tony Dovolani,Singer/Rapper,43,Eliminated Week 4,9,4.0,26.0,True,237.0,0.10970464135021098,False,13_Chynna Phillips
13,4,Chynna Phillips,Tony Dovolani,Singer/Rapper,43,Eliminated Week 4,9,4.0,21.0,True,209.0,0.10047846889952153,True,13_Chynna Phillips
13,5,Chynna Phillips,Tony Dovolani,Singer/Rapper,43,Eliminated Week 4,9,4.0,0.0,False,188.0,0.0,False,13_Chynna Phillips
13,6,Chynna Phillips,Tony Dovolani,Singer/Rapper,43,Eliminated Week 4,9,4.0,0.0,False,166.0,0.0,False,13_Chynna Phillips
13,7,Chynna Phillips,Tony Dovolani,Singer/Rapper,43,Eliminated Week 4,9,4.0,0.0,False,146.5,0.0,False,13_Chynna Phillips
13,8,Chynna Phillips,Tony Dovolani,Singer/Rapper,43,Eliminated Week 4,9,4.0,0.0,False,129.5,0.0,False,13_Chynna Phillips
13,9,Chynna Phillips,Tony Dovolani,Singer/Rapper,43,Eliminated Week 4,9,4.0,0.0,False,118.4995,0.0,False,13_Chynna Phillips
13,10,Chynna Phillips,Tony Dovolani,Singer/Rapper,43,Eliminated Week 4,9,4.0,0.0,False,84.49959999999999,0.0,False,13_Chynna Phillips
13,1,Kristin Cavallari,Mark Ballas,TV Personality,24,Eliminated Week 3,10,3.0,19.0,True,217.0,0.08755760368663594,False,13_Kristin Cavallari
13,2,Kristin Cavallari,Mark Ballas,TV Personality,24,Eliminated Week 3,10,3.0,22.0,True,223.0,0.09865470852017937,False,13_Kristin Cavallari
13,3,Kristin Cavallari,Mark Ballas,TV Personality,24,Eliminated Week 3,10,3.0,24.0,True,237.0,0.10126582278481013,True,13_Kristin Cavallari
13,4,Kristin Cavallari,Mark Ballas,TV Personality,24,Eliminated Week 3,10,3.0,0.0,False,209.0,0.0,False,13_Kristin Cavallari
13,5,Kristin Cavallari,Mark Ballas,TV Personality,24,Eliminated Week 3,10,3.0,0.0,False,188.0,0.0,False,13_Kristin Cavallari
13,6,Kristin Cavallari,Mark Ballas,TV Personality,24,Eliminated Week 3,10,3.0,0.0,False,166.0,0.0,False,13_Kristin Cavallari
13,7,Kristin Cavallari,Mark Ballas,TV Personality,24,Eliminated Week 3,10,3.0,0.0,False,146.5,0.0,False,13_Kristin Cavallari
13,8,Kristin Cavallari,Mark Ballas,TV Personality,24,Eliminated Week 3,10,3.0,0.0,False,129.5,0.0,False,13_Kristin Cavallari
13,9,Kristin Cavallari,Mark Ballas,TV Personality,24,Eliminated Week 3,10,3.0,0.0,False,118.4995,0.0,False,13_Kristin Cavallari
13,10,Kristin Cavallari,Mark Ballas,TV Personality,24,Eliminated Week 3,10,3.0,0.0,False,84.49959999999999,0.0,False,13_Kristin Cavallari
13,1,Carson Kressley,Anna Trebunskaya,TV Personality,41,Eliminated Week 5,8,5.0,17.0,True,217.0,0.07834101382488479,False,13_Carson Kressley
13,2,Carson Kressley,Anna Trebunskaya,TV Personality,41,Eliminated Week 5,8,5.0,18.0,True,223.0,0.08071748878923767,False,13_Carson Kressley
13,3,Carson Kressley,Anna Trebunskaya,TV Personality,41,Eliminated Week 5,8,5.0,23.0,True,237.0,0.0970464135021097,False,13_Carson Kressley
13,4,Carson Kressley,Anna Trebunskaya,TV Personality,41,Eliminated Week 5,8,5.0,20.0,True,209.0,0.09569377990430622,False,13_Carson Kressley
13,5,Carson Kressley,Anna Trebunskaya,TV Personality,41,Eliminated Week 5,8,5.0,19.0,True,188.0,0.10106382978723404,True,13_Carson Kressley
13,6,Carson Kressley,Anna Trebunskaya,TV Personality,41,Eliminated Week 5,8,5.0,0.0,False,166.0,0.0,False,13_Carson Kressley
13,7,Carson Kressley,Anna Trebunskaya,TV Personality,41,Eliminated Week 5,8,5.0,0.0,False,146.5,0.0,False,13_Carson Kressley
13,8,Carson Kressley,Anna Trebunskaya,TV Personality,41,Eliminated Week 5,8,5.0,0.0,False,129.5,0.0,False,13_Carson Kressley
13,9,Carson Kressley,Anna Trebunskaya,TV Personality,41,Eliminated Week 5,8,5.0,0.0,False,118.4995,0.0,False,13_Carson Kressley
13,10,Carson Kressley,Anna Trebunskaya,TV Personality,41,Eliminated Week 5,8,5.0,0.0,False,84.49959999999999,0.0,False,13_Carson Kressley
13,1,Chaz Bono,Lacey Schwimmer,TV Personality,42,Eliminated Week 6,7,6.0,17.0,True,217.0,0.07834101382488479,False,13_Chaz Bono
13,2,Chaz Bono,Lacey Schwimmer,TV Personality,42,Eliminated Week 6,7,6.0,17.0,True,223.0,0.07623318385650224,False,13_Chaz Bono
13,3,Chaz Bono,Lacey Schwimmer,TV Personality,42,Eliminated Week 6,7,6.0,18.0,True,237.0,0.0759493670886076,False,13_Chaz Bono
13,4,Chaz Bono,Lacey Schwimmer,TV Personality,42,Eliminated Week 6,7,6.0,21.0,True,209.0,0.10047846889952153,False,13_Chaz Bono
13,5,Chaz Bono,Lacey Schwimmer,TV Personality,42,Eliminated Week 6,7,6.0,21.0,True,188.0,0.11170212765957446,False,13_Chaz Bono
13,6,Chaz Bono,Lacey Schwimmer,TV Personality,42,Eliminated Week 6,7,6.0,19.0,True,166.0,0.1144578313253012,True,13_Chaz Bono
13,7,Chaz Bono,Lacey Schwimmer,TV Personality,42,Eliminated Week 6,7,6.0,0.0,False,146.5,0.0,False,13_Chaz Bono
13,8,Chaz Bono,Lacey Schwimmer,TV Personality,42,Eliminated Week 6,7,6.0,0.0,False,129.5,0.0,False,13_Chaz Bono
13,9,Chaz Bono,Lacey Schwimmer,TV Personality,42,Eliminated Week 6,7,6.0,0.0,False,118.4995,0.0,False,13_Chaz Bono
13,10,Chaz Bono,Lacey Schwimmer,TV Personality,42,Eliminated Week 6,7,6.0,0.0,False,84.49959999999999,0.0,False,13_Chaz Bono
13,1,Nancy Grace,Tristan MacManus,TV Personality,51,Eliminated Week 8,5,8.0,16.0,True,217.0,0.07373271889400922,False,13_Nancy Grace
13,2,Nancy Grace,Tristan MacManus,TV Personality,51,Eliminated Week 8,5,8.0,21.0,True,223.0,0.09417040358744394,False,13_Nancy Grace
13,3,Nancy Grace,Tristan MacManus,TV Personality,51,Eliminated Week 8,5,8.0,21.0,True,237.0,0.08860759493670886,False,13_Nancy Grace
13,4,Nancy Grace,Tristan MacManus,TV Personality,51,Eliminated Week 8,5,8.0,21.0,True,209.0,0.10047846889952153,False,13_Nancy Grace
13,5,Nancy Grace,Tristan MacManus,TV Personality,51,Eliminated Week 8,5,8.0,22.0,True,188.0,0.11702127659574468,False,13_Nancy Grace
13,6,Nancy Grace,Tristan MacManus,TV Personality,51,Eliminated Week 8,5,8.0,24.0,True,166.0,0.14457831325301204,False,13_Nancy Grace
13,7,Nancy Grace,Tristan MacManus,TV Personality,51,Eliminated Week 8,5,8.0,22.0,True,146.5,0.15017064846416384,False,13_Nancy Grace
13,8,Nancy Grace,Tristan MacManus,TV Personality,51,Eliminated Week 8,5,8.0,22.0,True,129.5,0.16988416988416988,True,13_Nancy Grace
13,9,Nancy Grace,Tristan MacManus,TV Personality,51,Eliminated Week 8,5,8.0,0.0,False,118.4995,0.0,False,13_Nancy Grace
13,10,Nancy Grace,Tristan MacManus,TV Personality,51,Eliminated Week 8,5,8.0,0.0,False,84.49959999999999,0.0,False,13_Nancy Grace
13,1,Rob Kardashian,Cheryl Burke,TV Personality,24,2nd Place,2,,16.0,True,217.0,0.07373271889400922,False,13_Rob Kardashian
13,2,Rob Kardashian,Cheryl Burke,TV Personality,24,2nd Place,2,,21.0,True,223.0,0.09417040358744394,False,13_Rob Kardashian
13,3,Rob Kardashian,Cheryl Burke,TV Personality,24,2nd Place,2,,24.0,True,237.0,0.10126582278481013,False,13_Rob Kardashian
13,4,Rob Kardashian,Cheryl Burke,TV Personality,24,2nd Place,2,,24.0,True,209.0,0.11483253588516747,False,13_Rob Kardashian
13,5,Rob Kardashian,Cheryl Burke,TV Personality,24,2nd Place,2,,25.0,True,188.0,0.13297872340425532,False,13_Rob Kardashian
13,6,Rob Kardashian,Cheryl Burke,TV Personality,24,2nd Place,2,,22.0,True,166.0,0.13253012048192772,False,13_Rob Kardashian
13,7,Rob Kardashian,Cheryl Burke,TV Personality,24,2nd Place,2,,25.5,True,146.5,0.17406143344709898,False,13_Rob Kardashian
13,8,Rob Kardashian,Cheryl Burke,TV Personality,24,2nd Place,2,,25.5,True,129.5,0.1969111969111969,False,13_Rob Kardashian
13,9,Rob Kardashian,Cheryl Burke,TV Personality,24,2nd Place,2,,32.4998,True,118.4995,0.27426107283153095,False,13_Rob Kardashian
13,10,Rob Kardashian,Cheryl Burke,TV Personality,24,2nd Place,2,,28.333199999999998,True,84.49959999999999,0.33530572925789,False,13_Rob Kardashian
14,1,William Levy,Cheryl Burke,Actor/Actress,31,3rd Place,3,,24.0,True,270.0,0.08888888888888889,False,14_William Levy
14,2,William Levy,Cheryl Burke,Actor/Actress,31,3rd Place,3,,25.0,True,269.0,0.09293680297397769,False,14_William Levy
14,3,William Levy,Cheryl Burke,Actor/Actress,31,3rd Place,3,,28.0,True,280.0,0.1,False,14_William Levy
14,4,William Levy,Cheryl Burke,Actor/Actress,31,3rd Place,3,,22.0,True,233.0,0.0944206008583691,False,14_William Levy
14,5,William Levy,Cheryl Burke,Actor/Actress,31,3rd Place,3,,29.0,True,224.0,0.12946428571428573,False,14_William Levy
14,6,William Levy,Cheryl Burke,Actor/Actress,31,3rd Place,3,,36.0,True,257.9993,0.13953526230497523,False,14_William Levy
14,7,William Levy,Cheryl Burke,Actor/Actress,31,3rd Place,3,,26.5,True,183.5,0.1444141689373297,False,14_William Levy
14,8,William Levy,Cheryl Burke,Actor/Actress,31,3rd Place,3,,28.5,True,163.5,0.1743119266055046,False,14_William Levy
14,9,William Levy,Cheryl Burke,Actor/Actress,31,3rd Place,3,,29.0,True,115.0,0.25217391304347825,False,14_William Levy
14,10,William Levy,Cheryl Burke,Actor/Actress,31,3rd Place,3,,29.666600000000003,True,89.3332,0.33208930162582334,False,14_William Levy
14,1,Jack Wagner,Anna Trebunskaya,Actor/Actress,52,Eliminated Week 3,11,3.0,23.0,True,270.0,0.08518518518518518,False,14_Jack Wagner
14,2,Jack Wagner,Anna Trebunskaya,Actor/Actress,52,Eliminated Week 3,11,3.0,21.0,True,269.0,0.07806691449814127,False,14_Jack Wagner
14,3,Jack Wagner,Anna Trebunskaya,Actor/Actress,52,Eliminated Week 3,11,3.0,24.0,True,280.0,0.08571428571428572,True,14_Jack Wagner
14,4,Jack Wagner,Anna Trebunskaya,Actor/Actress,52,Eliminated Week 3,11,3.0,0.0,False,233.0,0.0,False,14_Jack Wagner
14,5,Jack Wagner,Anna Trebunskaya,Actor/Actress,52,Eliminated Week 3,11,3.0,0.0,False,224.0,0.0,False,14_Jack Wagner
14,6,Jack Wagner,Anna Trebunskaya,Actor/Actress,52,Eliminated Week 3,11,3.0,0.0,False,257.9993,0.0,False,14_Jack Wagner
14,7,Jack Wagner,Anna Trebunskaya,Actor/Actress,52,Eliminated Week 3,11,3.0,0.0,False,183.5,0.0,False,14_Jack Wagner
14,8,Jack Wagner,Anna Trebunskaya,Actor/Actress,52,Eliminated Week 3,11,3.0,0.0,False,163.5,0.0,False,14_Jack Wagner
14,9,Jack Wagner,Anna Trebunskaya,Actor/Actress,52,Eliminated Week 3,11,3.0,0.0,False,115.0,0.0,False,14_Jack Wagner
14,10,Jack Wagner,Anna Trebunskaya,Actor/Actress,52,Eliminated Week 3,11,3.0,0.0,False,89.3332,0.0,False,14_Jack Wagner
14,1,Sherri Sheperd,Valentin Chmerkovskiy,Actor/Actress,44,Eliminated Week 4,10,4.0,23.0,True,270.0,0.08518518518518518,False,14_Sherri Sheperd
14,2,Sherri Sheperd,Valentin Chmerkovskiy,Actor/Actress,44,Eliminated Week 4,10,4.0,23.0,True,269.0,0.08550185873605948,False,14_Sherri Sheperd
14,3,Sherri Sheperd,Valentin Chmerkovskiy,Actor/Actress,44,Eliminated Week 4,10,4.0,24.0,True,280.0,0.08571428571428572,False,14_Sherri Sheperd
14,4,Sherri Sheperd,Valentin Chmerkovskiy,Actor/Actress,44,Eliminated Week 4,10,4.0,21.0,True,233.0,0.09012875536480687,True,14_Sherri Sheperd
14,5,Sherri Sheperd,Valentin Chmerkovskiy,Actor/Actress,44,Eliminated Week 4,10,4.0,0.0,False,224.0,0.0,False,14_Sherri Sheperd
14,6,Sherri Sheperd,Valentin Chmerkovskiy,Actor/Actress,44,Eliminated Week 4,10,4.0,0.0,False,257.9993,0.0,False,14_Sherri Sheperd
14,7,Sherri Sheperd,Valentin Chmerkovskiy,Actor/Actress,44,Eliminated Week 4,10,4.0,0.0,False,183.5,0.0,False,14_Sherri Sheperd
14,8,Sherri Sheperd,Valentin Chmerkovskiy,Actor/Actress,44,Eliminated Week 4,10,4.0,0.0,False,163.5,0.0,False,14_Sherri Sheperd
14,9,Sherri Sheperd,Valentin Chmerkovskiy,Actor/Actress,44,Eliminated Week 4,10,4.0,0.0,False,115.0,0.0,False,14_Sherri Sheperd
14,10,Sherri Sheperd,Valentin Chmerkovskiy,Actor/Actress,44,Eliminated Week 4,10,4.0,0.0,False,89.3332,0.0,False,14_Sherri Sheperd
14,1,Jaleel White,Kym Johnson,Actor/Actress,35,Eliminated Week 7,7,7.0,26.0,True,270.0,0.0962962962962963,False,14_Jaleel White
14,2,Jaleel White,Kym Johnson,Actor/Actress,35,Eliminated Week 7,7,7.0,22.0,True,269.0,0.08178438661710037,False,14_Jaleel White
14,3,Jaleel White,Kym Johnson,Actor/Actress,35,Eliminated Week 7,7,7.0,25.0,True,280.0,0.08928571428571429,False,14_Jaleel White
14,4,Jaleel White,Kym Johnson,Actor/Actress,35,Eliminated Week 7,7,7.0,22.0,True,233.0,0.0944206008583691,False,14_Jaleel White
14,5,Jaleel White,Kym Johnson,Actor/Actress,35,Eliminated Week 7,7,7.0,24.0,True,224.0,0.10714285714285714,False,14_Jaleel White
14,6,Jaleel White,Kym Johnson,Actor/Actress,35,Eliminated Week 7,7,7.0,36.9998,True,257.9993,0.14341046661754508,False,14_Jaleel White
14,7,Jaleel White,Kym Johnson,Actor/Actress,35,Eliminated Week 7,7,7.0,25.5,True,183.5,0.13896457765667575,True,14_Jaleel White
14,8,Jaleel White,Kym Johnson,Actor/Actress,35,Eliminated Week 7,7,7.0,0.0,False,163.5,0.0,False,14_Jaleel White
14,9,Jaleel White,Kym Johnson,Actor/Actress,35,Eliminated Week 7,7,7.0,0.0,False,115.0,0.0,False,14_Jaleel White
14,10,Jaleel White,Kym Johnson,Actor/Actress,35,Eliminated Week 7,7,7.0,0.0,False,89.3332,0.0,False,14_Jaleel White
14,1,Roshon Fegan,Chelsie Hightower,Actor/Actress,20,Eliminated Week 8,6,8.0,23.0,True,270.0,0.08518518518518518,False,14_Roshon Fegan
14,2,Roshon Fegan,Chelsie Hightower,Actor/Actress,20,Eliminated Week 8,6,8.0,26.0,True,269.0,0.09665427509293681,False,14_Roshon Fegan
14,3,Roshon Fegan,Chelsie Hightower,Actor/Actress,20,Eliminated Week 8,6,8.0,25.0,True,280.0,0.08928571428571429,False,14_Roshon Fegan
14,4,Roshon Fegan,Chelsie Hightower,Actor/Actress,20,Eliminated Week 8,6,8.0,26.0,True,233.0,0.11158798283261803,False,14_Roshon Fegan
14,5,Roshon Fegan,Chelsie Hightower,Actor/Actress,20,Eliminated Week 8,6,8.0,26.0,True,224.0,0.11607142857142858,False,14_Roshon Fegan
14,6,Roshon Fegan,Chelsie Hightower,Actor/Actress,20,Eliminated Week 8,6,8.0,27.9998,True,257.9993,0.10852665104130127,False,14_Roshon Fegan
14,7,Roshon Fegan,Chelsie Hightower,Actor/Actress,20,Eliminated Week 8,6,8.0,26.0,True,183.5,0.14168937329700274,False,14_Roshon Fegan
14,8,Roshon Fegan,Chelsie Hightower,Actor/Actress,20,Eliminated Week 8,6,8.0,28.0,True,163.5,0.1712538226299694,True,14_Roshon Fegan
14,9,Roshon Fegan,Chelsie Hightower,Actor/Actress,20,Eliminated Week 8,6,8.0,0.0,False,115.0,0.0,False,14_Roshon Fegan
14,10,Roshon Fegan,Chelsie Hightower,Actor/Actress,20,Eliminated Week 8,6,8.0,0.0,False,89.3332,0.0,False,14_Roshon Fegan
14,1,Melissa Gilbert,Maksim Chmerkoskiy,Actor/Actress,47,Eliminated Week 8,5,8.0,20.0,True,270.0,0.07407407407407407,False,14_Melissa Gilbert
14,2,Melissa Gilbert,Maksim Chmerkoskiy,Actor/Actress,47,Eliminated Week 8,5,8.0,20.0,True,269.0,0.07434944237918216,False,14_Melissa Gilbert
14,3,Melissa Gilbert,Maksim Chmerkoskiy,Actor/Actress,47,Eliminated Week 8,5,8.0,24.0,True,280.0,0.08571428571428572,False,14_Melissa Gilbert
14,4,Melissa Gilbert,Maksim Chmerkoskiy,Actor/Actress,47,Eliminated Week 8,5,8.0,22.0,True,233.0,0.0944206008583691,False,14_Melissa Gilbert
14,5,Melissa Gilbert,Maksim Chmerkoskiy,Actor/Actress,47,Eliminated Week 8,5,8.0,21.0,True,224.0,0.09375,False,14_Melissa Gilbert
14,6,Melissa Gilbert,Maksim Chmerkoskiy,Actor/Actress,47,Eliminated Week 8,5,8.0,30.0,True,257.9993,0.11627938525414604,False,14_Melissa Gilbert
14,7,Melissa Gilbert,Maksim Chmerkoskiy,Actor/Actress,47,Eliminated Week 8,5,8.0,23.5,True,183.5,0.12806539509536785,False,14_Melissa Gilbert
14,8,Melissa Gilbert,Maksim Chmerkoskiy,Actor/Actress,47,Eliminated Week 8,5,8.0,25.5,True,163.5,0.1559633027522936,True,14_Melissa Gilbert
14,9,Melissa Gilbert,Maksim Chmerkoskiy,Actor/Actress,47,Eliminated Week 8,5,8.0,0.0,False,115.0,0.0,False,14_Melissa Gilbert
14,10,Melissa Gilbert,Maksim Chmerkoskiy,Actor/Actress,47,Eliminated Week 8,5,8.0,0.0,False,89.3332,0.0,False,14_Melissa Gilbert
14,1,Martina Navratilova,Tony Dovolani,Athlete,55,Eliminated Week 2,12,2.0,20.0,True,270.0,0.07407407407407407,False,14_Martina Navratilova
14,2,Martina Navratilova,Tony Dovolani,Athlete,55,Eliminated Week 2,12,2.0,17.0,True,269.0,0.06319702602230483,True,14_Martina Navratilova
14,3,Martina Navratilova,Tony Dovolani,Athlete,55,Eliminated Week 2,12,2.0,0.0,False,280.0,0.0,False,14_Martina Navratilova
14,4,Martina Navratilova,Tony Dovolani,Athlete,55,Eliminated Week 2,12,2.0,0.0,False,233.0,0.0,False,14_Martina Navratilova
14,5,Martina Navratilova,Tony Dovolani,Athlete,55,Eliminated Week 2,12,2.0,0.0,False,224.0,0.0,False,14_Martina Navratilova
14,6,Martina Navratilova,Tony Dovolani,Athlete,55,Eliminated Week 2,12,2.0,0.0,False,257.9993,0.0,False,14_Martina Navratilova
14,7,Martina Navratilova,Tony Dovolani,Athlete,55,Eliminated Week 2,12,2.0,0.0,False,183.5,0.0,False,14_Martina Navratilova
14,8,Martina Navratilova,Tony Dovolani,Athlete,55,Eliminated Week 2,12,2.0,0.0,False,163.5,0.0,False,14_Martina Navratilova
14,9,Martina Navratilova,Tony Dovolani,Athlete,55,Eliminated Week 2,12,2.0,0.0,False,115.0,0.0,False,14_Martina Navratilova
14,10,Martina Navratilova,Tony Dovolani,Athlete,55,Eliminated Week 2,12,2.0,0.0,False,89.3332,0.0,False,14_Martina Navratilova
14,1,Donald Driver,Peta Murgatroyd,Athlete,37,1st Place,1,,21.0,True,270.0,0.07777777777777778,False,14_Donald Driver
14,2,Donald Driver,Peta Murgatroyd,Athlete,37,1st Place,1,,24.0,True,269.0,0.08921933085501858,False,14_Donald Driver
14,3,Donald Driver,Peta Murgatroyd,Athlete,37,1st Place,1,,26.0,True,280.0,0.09285714285714286,False,14_Donald Driver
14,4,Donald Driver,Peta Murgatroyd,Athlete,37,1st Place,1,,27.0,True,233.0,0.11587982832618025,False,14_Donald Driver
14,5,Donald Driver,Peta Murgatroyd,Athlete,37,1st Place,1,,27.0,True,224.0,0.12053571428571429,False,14_Donald Driver
14,6,Donald Driver,Peta Murgatroyd,Athlete,37,1st Place,1,,33.9999,True,257.9993,0.13178291569008133,False,14_Donald Driver
14,7,Donald Driver,Peta Murgatroyd,Athlete,37,1st Place,1,,26.5,True,183.5,0.1444141689373297,False,14_Donald Driver
14,8,Donald Driver,Peta Murgatroyd,Athlete,37,1st Place,1,,27.5,True,163.5,0.16819571865443425,False,14_Donald Driver
14,9,Donald Driver,Peta Murgatroyd,Athlete,37,1st Place,1,,28.5,True,115.0,0.24782608695652175,False,14_Donald Driver
14,10,Donald Driver,Peta Murgatroyd,Athlete,37,1st Place,1,,29.666600000000003,True,89.3332,0.33208930162582334,False,14_Donald Driver
14,1,Gavin DeGraw,Karina Smirnoff,Singer/Rapper,35,Eliminated Week 5,9,5.0,20.0,True,270.0,0.07407407407407407,False,14_Gavin DeGraw
14,2,Gavin DeGraw,Karina Smirnoff,Singer/Rapper,35,Eliminated Week 5,9,5.0,21.0,True,269.0,0.07806691449814127,False,14_Gavin DeGraw
14,3,Gavin DeGraw,Karina Smirnoff,Singer/Rapper,35,Eliminated Week 5,9,5.0,24.0,True,280.0,0.08571428571428572,False,14_Gavin DeGraw
14,4,Gavin DeGraw,Karina Smirnoff,Singer/Rapper,35,Eliminated Week 5,9,5.0,23.0,True,233.0,0.09871244635193133,False,14_Gavin DeGraw
14,5,Gavin DeGraw,Karina Smirnoff,Singer/Rapper,35,Eliminated Week 5,9,5.0,19.0,True,224.0,0.08482142857142858,True,14_Gavin DeGraw
14,6,Gavin DeGraw,Karina Smirnoff,Singer/Rapper,35,Eliminated Week 5,9,5.0,0.0,False,257.9993,0.0,False,14_Gavin DeGraw
14,7,Gavin DeGraw,Karina Smirnoff,Singer/Rapper,35,Eliminated Week 5,9,5.0,0.0,False,183.5,0.0,False,14_Gavin DeGraw
14,8,Gavin DeGraw,Karina Smirnoff,Singer/Rapper,35,Eliminated Week 5,9,5.0,0.0,False,163.5,0.0,False,14_Gavin DeGraw
14,9,Gavin DeGraw,Karina Smirnoff,Singer/Rapper,35,Eliminated Week 5,9,5.0,0.0,False,115.0,0.0,False,14_Gavin DeGraw
14,10,Gavin DeGraw,Karina Smirnoff,Singer/Rapper,35,Eliminated Week 5,9,5.0,0.0,False,89.3332,0.0,False,14_Gavin DeGraw
14,1,Gladys Knight,Tristan MacManus,Singer/Rapper,67,Eliminated Week 6,8,6.0,23.0,True,270.0,0.08518518518518518,False,14_Gladys Knight
14,2,Gladys Knight,Tristan MacManus,Singer/Rapper,67,Eliminated Week 6,8,6.0,19.0,True,269.0,0.07063197026022305,False,14_Gladys Knight
14,3,Gladys Knight,Tristan MacManus,Singer/Rapper,67,Eliminated Week 6,8,6.0,24.0,True,280.0,0.08571428571428572,False,14_Gladys Knight
14,4,Gladys Knight,Tristan MacManus,Singer/Rapper,67,Eliminated Week 6,8,6.0,20.0,True,233.0,0.08583690987124463,False,14_Gladys Knight
14,5,Gladys Knight,Tristan MacManus,Singer/Rapper,67,Eliminated Week 6,8,6.0,22.0,True,224.0,0.09821428571428571,False,14_Gladys Knight
14,6,Gladys Knight,Tristan MacManus,Singer/Rapper,67,Eliminated Week 6,8,6.0,24.0,True,257.9993,0.09302350820331683,True,14_Gladys Knight
14,7,Gladys Knight,Tristan MacManus,Singer/Rapper,67,Eliminated Week 6,8,6.0,0.0,False,183.5,0.0,False,14_Gladys Knight
14,8,Gladys Knight,Tristan MacManus,Singer/Rapper,67,Eliminated Week 6,8,6.0,0.0,False,163.5,0.0,False,14_Gladys Knight
14,9,Gladys Knight,Tristan MacManus,Singer/Rapper,67,Eliminated Week 6,8,6.0,0.0,False,115.0,0.0,False,14_Gladys Knight
14,10,Gladys Knight,Tristan MacManus,Singer/Rapper,67,Eliminated Week 6,8,6.0,0.0,False,89.3332,0.0,False,14_Gladys Knight
14,1,Katherine Jenkins,Mark Ballas,Singer/Rapper,31,2nd Place,2,,26.0,True,270.0,0.0962962962962963,False,14_Katherine Jenkins
14,2,Katherine Jenkins,Mark Ballas,Singer/Rapper,31,2nd Place,2,,26.0,True,269.0,0.09665427509293681,False,14_Katherine Jenkins
14,3,Katherine Jenkins,Mark Ballas,Singer/Rapper,31,2nd Place,2,,29.0,True,280.0,0.10357142857142858,False,14_Katherine Jenkins
14,4,Katherine Jenkins,Mark Ballas,Singer/Rapper,31,2nd Place,2,,24.0,True,233.0,0.10300429184549356,False,14_Katherine Jenkins
14,5,Katherine Jenkins,Mark Ballas,Singer/Rapper,31,2nd Place,2,,29.0,True,224.0,0.12946428571428573,False,14_Katherine Jenkins
14,6,Katherine Jenkins,Mark Ballas,Singer/Rapper,31,2nd Place,2,,38.9999,True,257.9993,0.151162813232439,False,14_Katherine Jenkins
14,7,Katherine Jenkins,Mark Ballas,Singer/Rapper,31,2nd Place,2,,27.0,True,183.5,0.14713896457765668,False,14_Katherine Jenkins
14,8,Katherine Jenkins,Mark Ballas,Singer/Rapper,31,2nd Place,2,,27.5,True,163.5,0.16819571865443425,False,14_Katherine Jenkins
14,9,Katherine Jenkins,Mark Ballas,Singer/Rapper,31,2nd Place,2,,28.0,True,115.0,0.24347826086956523,False,14_Katherine Jenkins
14,10,Katherine Jenkins,Mark Ballas,Singer/Rapper,31,2nd Place,2,,30.0,True,89.3332,0.3358213967483533,False,14_Katherine Jenkins
14,1,Maria Menounos,Derek Hough,TV Personality,33,Eliminated Week 9,4,9.0,21.0,True,270.0,0.07777777777777778,False,14_Maria Menounos
14,2,Maria Menounos,Derek Hough,TV Personality,33,Eliminated Week 9,4,9.0,25.0,True,269.0,0.09293680297397769,False,14_Maria Menounos
14,3,Maria Menounos,Derek Hough,TV Personality,33,Eliminated Week 9,4,9.0,27.0,True,280.0,0.09642857142857143,False,14_Maria Menounos
14,4,Maria Menounos,Derek Hough,TV Personality,33,Eliminated Week 9,4,9.0,26.0,True,233.0,0.11158798283261803,False,14_Maria Menounos
14,5,Maria Menounos,Derek Hough,TV Personality,33,Eliminated Week 9,4,9.0,27.0,True,224.0,0.12053571428571429,False,14_Maria Menounos
14,6,Maria Menounos,Derek Hough,TV Personality,33,Eliminated Week 9,4,9.0,29.999899999999997,True,257.9993,0.11627899765619518,False,14_Maria Menounos
14,7,Maria Menounos,Derek Hough,TV Personality,33,Eliminated Week 9,4,9.0,28.5,True,183.5,0.1553133514986376,False,14_Maria Menounos
14,8,Maria Menounos,Derek Hough,TV Personality,33,Eliminated Week 9,4,9.0,26.5,True,163.5,0.1620795107033639,False,14_Maria Menounos
14,9,Maria Menounos,Derek Hough,TV Personality,33,Eliminated Week 9,4,9.0,29.5,True,115.0,0.2565217391304348,True,14_Maria Menounos
14,10,Maria Menounos,Derek Hough,TV Personality,33,Eliminated Week 9,4,9.0,0.0,False,89.3332,0.0,False,14_Maria Menounos
15,1,Gilles Marini,Peta Murgatroyd,Actor/Actress,36,Eliminated Week 8,6,8.0,24.0,True,276.5,0.0867992766726944,False,15_Gilles Marini
15,2,Gilles Marini,Peta Murgatroyd,Actor/Actress,36,Eliminated Week 8,6,8.0,25.5,True,276.0,0.09239130434782608,False,15_Gilles Marini
15,3,Gilles Marini,Peta Murgatroyd,Actor/Actress,36,Eliminated Week 8,6,8.0,25.5,True,278.0,0.09172661870503597,False,15_Gilles Marini
15,4,Gilles Marini,Peta Murgatroyd,Actor/Actress,36,Eliminated Week 8,6,8.0,39.5,True,321.5,0.12286158631415241,False,15_Gilles Marini
15,5,Gilles Marini,Peta Murgatroyd,Actor/Actress,36,Eliminated Week 8,6,8.0,28.25,True,222.25,0.12710911136107986,False,15_Gilles Marini
15,6,Gilles Marini,Peta Murgatroyd,Actor/Actress,36,Eliminated Week 8,6,8.0,27.5,True,226.0,0.12168141592920353,False,15_Gilles Marini
15,7,Gilles Marini,Peta Murgatroyd,Actor/Actress,36,Eliminated Week 8,6,8.0,33.4998,True,241.9993,0.1384293260352406,False,15_Gilles Marini
15,8,Gilles Marini,Peta Murgatroyd,Actor/Actress,36,Eliminated Week 8,6,8.0,29.2777,True,199.2774,0.1469193195013584,True,15_Gilles Marini
15,9,Gilles Marini,Peta Murgatroyd,Actor/Actress,36,Eliminated Week 8,6,8.0,0.0,False,140.9997,0.0,False,15_Gilles Marini
15,10,Gilles Marini,Peta Murgatroyd,Actor/Actress,36,Eliminated Week 8,6,8.0,0.0,False,87.3883,0.0,False,15_Gilles Marini
15,1,Sabrina Bryan,Louis van Amstel,Actor/Actress,28,Eliminated Week 6,8,6.0,22.5,True,276.5,0.081374321880651,False,15_Sabrina Bryan
15,2,Sabrina Bryan,Louis van Amstel,Actor/Actress,28,Eliminated Week 6,8,6.0,26.0,True,276.0,0.09420289855072464,False,15_Sabrina Bryan
15,3,Sabrina Bryan,Louis van Amstel,Actor/Actress,28,Eliminated Week 6,8,6.0,25.5,True,278.0,0.09172661870503597,False,15_Sabrina Bryan
15,4,Sabrina Bryan,Louis van Amstel,Actor/Actress,28,Eliminated Week 6,8,6.0,35.5,True,321.5,0.1104199066874028,False,15_Sabrina Bryan
15,5,Sabrina Bryan,Louis van Amstel,Actor/Actress,28,Eliminated Week 6,8,6.0,29.25,True,222.25,0.13160854893138357,False,15_Sabrina Bryan
15,6,Sabrina Bryan,Louis van Amstel,Actor/Actress,28,Eliminated Week 6,8,6.0,30.0,True,226.0,0.13274336283185842,True,15_Sabrina Bryan
15,7,Sabrina Bryan,Louis van Amstel,Actor/Actress,28,Eliminated Week 6,8,6.0,0.0,False,241.9993,0.0,False,15_Sabrina Bryan
15,8,Sabrina Bryan,Louis van Amstel,Actor/Actress,28,Eliminated Week 6,8,6.0,0.0,False,199.2774,0.0,False,15_Sabrina Bryan
15,9,Sabrina Bryan,Louis van Amstel,Actor/Actress,28,Eliminated Week 6,8,6.0,0.0,False,140.9997,0.0,False,15_Sabrina Bryan
15,10,Sabrina Bryan,Louis van Amstel,Actor/Actress,28,Eliminated Week 6,8,6.0,0.0,False,87.3883,0.0,False,15_Sabrina Bryan
15,1,Kirstie Alley,Maksim Chmerkoskiy,Actor/Actress,61,Eliminated Week 8,7,8.0,19.0,True,276.5,0.06871609403254973,False,15_Kirstie Alley
15,2,Kirstie Alley,Maksim Chmerkoskiy,Actor/Actress,61,Eliminated Week 8,7,8.0,21.0,True,276.0,0.07608695652173914,False,15_Kirstie Alley
15,3,Kirstie Alley,Maksim Chmerkoskiy,Actor/Actress,61,Eliminated Week 8,7,8.0,24.0,True,278.0,0.08633093525179857,False,15_Kirstie Alley
15,4,Kirstie Alley,Maksim Chmerkoskiy,Actor/Actress,61,Eliminated Week 8,7,8.0,30.0,True,321.5,0.09331259720062209,False,15_Kirstie Alley
15,5,Kirstie Alley,Maksim Chmerkoskiy,Actor/Actress,61,Eliminated Week 8,7,8.0,26.25,True,222.25,0.11811023622047244,False,15_Kirstie Alley
15,6,Kirstie Alley,Maksim Chmerkoskiy,Actor/Actress,61,Eliminated Week 8,7,8.0,27.5,True,226.0,0.12168141592920353,False,15_Kirstie Alley
15,7,Kirstie Alley,Maksim Chmerkoskiy,Actor/Actress,61,Eliminated Week 8,7,8.0,27.999899999999997,True,241.9993,0.1157024007920684,False,15_Kirstie Alley
15,8,Kirstie Alley,Maksim Chmerkoskiy,Actor/Actress,61,Eliminated Week 8,7,8.0,25.5,True,199.2774,0.127962327890669,True,15_Kirstie Alley
15,9,Kirstie Alley,Maksim Chmerkoskiy,Actor/Actress,61,Eliminated Week 8,7,8.0,0.0,False,140.9997,0.0,False,15_Kirstie Alley
15,10,Kirstie Alley,Maksim Chmerkoskiy,Actor/Actress,61,Eliminated Week 8,7,8.0,0.0,False,87.3883,0.0,False,15_Kirstie Alley
15,1,Kelly Monaco,Valentin Chmerkovskiy,Actor/Actress,36,3rd Place,3,,21.5,True,276.5,0.07775768535262206,False,15_Kelly Monaco
15,2,Kelly Monaco,Valentin Chmerkovskiy,Actor/Actress,36,3rd Place,3,,22.0,True,276.0,0.07971014492753623,False,15_Kelly Monaco
15,3,Kelly Monaco,Valentin Chmerkovskiy,Actor/Actress,36,3rd Place,3,,27.0,True,278.0,0.09712230215827339,False,15_Kelly Monaco
15,4,Kelly Monaco,Valentin Chmerkovskiy,Actor/Actress,36,3rd Place,3,,37.5,True,321.5,0.1166407465007776,False,15_Kelly Monaco
15,5,Kelly Monaco,Valentin Chmerkovskiy,Actor/Actress,36,3rd Place,3,,25.75,True,222.25,0.11586051743532058,False,15_Kelly Monaco
15,6,Kelly Monaco,Valentin Chmerkovskiy,Actor/Actress,36,3rd Place,3,,27.0,True,226.0,0.11946902654867257,False,15_Kelly Monaco
15,7,Kelly Monaco,Valentin Chmerkovskiy,Actor/Actress,36,3rd Place,3,,36.0,True,241.9993,0.14876076087823395,False,15_Kelly Monaco
15,8,Kelly Monaco,Valentin Chmerkovskiy,Actor/Actress,36,3rd Place,3,,28.3333,True,199.2774,0.1421801970519487,False,15_Kelly Monaco
15,9,Kelly Monaco,Valentin Chmerkovskiy,Actor/Actress,36,3rd Place,3,,27.110999999999997,True,140.9997,0.19227700484469115,False,15_Kelly Monaco
15,10,Kelly Monaco,Valentin Chmerkovskiy,Actor/Actress,36,3rd Place,3,,29.1109,True,87.3883,0.3331212530739241,False,15_Kelly Monaco
15,1,Apolo Anton Ohno,Karina Smirnoff,Athlete,30,Eliminated Week 9,5,9.0,22.0,True,276.5,0.07956600361663653,False,15_Apolo Anton Ohno
15,2,Apolo Anton Ohno,Karina Smirnoff,Athlete,30,Eliminated Week 9,5,9.0,24.5,True,276.0,0.08876811594202899,False,15_Apolo Anton Ohno
15,3,Apolo Anton Ohno,Karina Smirnoff,Athlete,30,Eliminated Week 9,5,9.0,25.5,True,278.0,0.09172661870503597,False,15_Apolo Anton Ohno
15,4,Apolo Anton Ohno,Karina Smirnoff,Athlete,30,Eliminated Week 9,5,9.0,34.5,True,321.5,0.10730948678071539,False,15_Apolo Anton Ohno
15,5,Apolo Anton Ohno,Karina Smirnoff,Athlete,30,Eliminated Week 9,5,9.0,28.25,True,222.25,0.12710911136107986,False,15_Apolo Anton Ohno
15,6,Apolo Anton Ohno,Karina Smirnoff,Athlete,30,Eliminated Week 9,5,9.0,30.0,True,226.0,0.13274336283185842,False,15_Apolo Anton Ohno
15,7,Apolo Anton Ohno,Karina Smirnoff,Athlete,30,Eliminated Week 9,5,9.0,33.0,True,241.9993,0.13636403080504778,False,15_Apolo Anton Ohno
15,8,Apolo Anton Ohno,Karina Smirnoff,Athlete,30,Eliminated Week 9,5,9.0,29.2777,True,199.2774,0.1469193195013584,False,15_Apolo Anton Ohno
15,9,Apolo Anton Ohno,Karina Smirnoff,Athlete,30,Eliminated Week 9,5,9.0,28.611,True,140.9997,0.20291532535175608,True,15_Apolo Anton Ohno
15,10,Apolo Anton Ohno,Karina Smirnoff,Athlete,30,Eliminated Week 9,5,9.0,0.0,False,87.3883,0.0,False,15_Apolo Anton Ohno
15,1,Emmitt Smith,Cheryl Burke,Athlete,43,Eliminated Week 9,4,9.0,24.5,True,276.5,0.08860759493670886,False,15_Emmitt Smith
15,2,Emmitt Smith,Cheryl Burke,Athlete,43,Eliminated Week 9,4,9.0,22.5,True,276.0,0.08152173913043478,False,15_Emmitt Smith
15,3,Emmitt Smith,Cheryl Burke,Athlete,43,Eliminated Week 9,4,9.0,25.0,True,278.0,0.08992805755395683,False,15_Emmitt Smith
15,4,Emmitt Smith,Cheryl Burke,Athlete,43,Eliminated Week 9,4,9.0,36.0,True,321.5,0.1119751166407465,False,15_Emmitt Smith
15,5,Emmitt Smith,Cheryl Burke,Athlete,43,Eliminated Week 9,4,9.0,28.0,True,222.25,0.12598425196850394,False,15_Emmitt Smith
15,6,Emmitt Smith,Cheryl Burke,Athlete,43,Eliminated Week 9,4,9.0,26.5,True,226.0,0.1172566371681416,False,15_Emmitt Smith
15,7,Emmitt Smith,Cheryl Burke,Athlete,43,Eliminated Week 9,4,9.0,34.4999,True,241.9993,0.14256198261730507,False,15_Emmitt Smith
15,8,Emmitt Smith,Cheryl Burke,Athlete,43,Eliminated Week 9,4,9.0,29.0554,True,199.2774,0.1458037890899821,False,15_Emmitt Smith
15,9,Emmitt Smith,Cheryl Burke,Athlete,43,Eliminated Week 9,4,9.0,27.0,True,140.9997,0.19148976912716836,True,15_Emmitt Smith
15,10,Emmitt Smith,Cheryl Burke,Athlete,43,Eliminated Week 9,4,9.0,0.0,False,87.3883,0.0,False,15_Emmitt Smith
15,1,Shawn Johnson,Derek Hough,Athlete,20,2nd Place,2,,22.0,True,276.5,0.07956600361663653,False,15_Shawn Johnson
15,2,Shawn Johnson,Derek Hough,Athlete,20,2nd Place,2,,25.0,True,276.0,0.09057971014492754,False,15_Shawn Johnson
15,3,Shawn Johnson,Derek Hough,Athlete,20,2nd Place,2,,26.5,True,278.0,0.09532374100719425,False,15_Shawn Johnson
15,4,Shawn Johnson,Derek Hough,Athlete,20,2nd Place,2,,39.5,True,321.5,0.12286158631415241,False,15_Shawn Johnson
15,5,Shawn Johnson,Derek Hough,Athlete,20,2nd Place,2,,28.25,True,222.25,0.12710911136107986,False,15_Shawn Johnson
15,6,Shawn Johnson,Derek Hough,Athlete,20,2nd Place,2,,28.0,True,226.0,0.12389380530973451,False,15_Shawn Johnson
15,7,Shawn Johnson,Derek Hough,Athlete,20,2nd Place,2,,37.9998,True,241.9993,0.15702442114501983,False,15_Shawn Johnson
15,8,Shawn Johnson,Derek Hough,Athlete,20,2nd Place,2,,27.8333,True,199.2774,0.13967113179919047,False,15_Shawn Johnson
15,9,Shawn Johnson,Derek Hough,Athlete,20,2nd Place,2,,29.5,True,140.9997,0.2092203033056099,False,15_Shawn Johnson
15,10,Shawn Johnson,Derek Hough,Athlete,20,2nd Place,2,,28.944300000000002,True,87.3883,0.33121481937513375,False,15_Shawn Johnson
15,1,Pamela Anderson,Tristan MacManus,Model,45,Eliminated Week 1,13,1.0,17.0,True,276.5,0.06148282097649186,True,15_Pamela Anderson
15,2,Pamela Anderson,Tristan MacManus,Model,45,Eliminated Week 1,13,1.0,0.0,False,276.0,0.0,False,15_Pamela Anderson
15,3,Pamela Anderson,Tristan MacManus,Model,45,Eliminated Week 1,13,1.0,0.0,False,278.0,0.0,False,15_Pamela Anderson
15,4,Pamela Anderson,Tristan MacManus,Model,45,Eliminated Week 1,13,1.0,0.0,False,321.5,0.0,False,15_Pamela Anderson
15,5,Pamela Anderson,Tristan MacManus,Model,45,Eliminated Week 1,13,1.0,0.0,False,222.25,0.0,False,15_Pamela Anderson
15,6,Pamela Anderson,Tristan MacManus,Model,45,Eliminated Week 1,13,1.0,0.0,False,226.0,0.0,False,15_Pamela Anderson
15,7,Pamela Anderson,Tristan MacManus,Model,45,Eliminated Week 1,13,1.0,0.0,False,241.9993,0.0,False,15_Pamela Anderson
15,8,Pamela Anderson,Tristan MacManus,Model,45,Eliminated Week 1,13,1.0,0.0,False,199.2774,0.0,False,15_Pamela Anderson
15,9,Pamela Anderson,Tristan MacManus,Model,45,Eliminated Week 1,13,1.0,0.0,False,140.9997,0.0,False,15_Pamela Anderson
15,10,Pamela Anderson,Tristan MacManus,Model,45,Eliminated Week 1,13,1.0,0.0,False,87.3883,0.0,False,15_Pamela Anderson
15,1,Helio Castroneves,Chelsie Hightower,Racing Driver,37,Eliminated Week 3,10,3.0,21.5,True,276.5,0.07775768535262206,False,15_Helio Castroneves
15,2,Helio Castroneves,Chelsie Hightower,Racing Driver,37,Eliminated Week 3,10,3.0,23.0,True,276.0,0.08333333333333333,False,15_Helio Castroneves
15,3,Helio Castroneves,Chelsie Hightower,Racing Driver,37,Eliminated Week 3,10,3.0,25.5,True,278.0,0.09172661870503597,True,15_Helio Castroneves
15,4,Helio Castroneves,Chelsie Hightower,Racing Driver,37,Eliminated Week 3,10,3.0,0.0,False,321.5,0.0,False,15_Helio Castroneves
15,5,Helio Castroneves,Chelsie Hightower,Racing Driver,37,Eliminated Week 3,10,3.0,0.0,False,222.25,0.0,False,15_Helio Castroneves
15,6,Helio Castroneves,Chelsie Hightower,Racing Driver,37,Eliminated Week 3,10,3.0,0.0,False,226.0,0.0,False,15_Helio Castroneves
15,7,Helio Castroneves,Chelsie Hightower,Racing Driver,37,Eliminated Week 3,10,3.0,0.0,False,241.9993,0.0,False,15_Helio Castroneves
15,8,Helio Castroneves,Chelsie Hightower,Racing Driver,37,Eliminated Week 3,10,3.0,0.0,False,199.2774,0.0,False,15_Helio Castroneves
15,9,Helio Castroneves,Chelsie Hightower,Racing Driver,37,Eliminated Week 3,10,3.0,0.0,False,140.9997,0.0,False,15_Helio Castroneves
15,10,Helio Castroneves,Chelsie Hightower,Racing Driver,37,Eliminated Week 3,10,3.0,0.0,False,87.3883,0.0,False,15_Helio Castroneves
15,1,Joey Fatone,Kym Johnson,Singer/Rapper,35,Eliminated Week 2,12,2.0,20.5,True,276.5,0.07414104882459313,False,15_Joey Fatone
15,2,Joey Fatone,Kym Johnson,Singer/Rapper,35,Eliminated Week 2,12,2.0,22.5,True,276.0,0.08152173913043478,True,15_Joey Fatone
15,3,Joey Fatone,Kym Johnson,Singer/Rapper,35,Eliminated Week 2,12,2.0,0.0,False,278.0,0.0,False,15_Joey Fatone
15,4,Joey Fatone,Kym Johnson,Singer/Rapper,35,Eliminated Week 2,12,2.0,0.0,False,321.5,0.0,False,15_Joey Fatone
15,5,Joey Fatone,Kym Johnson,Singer/Rapper,35,Eliminated Week 2,12,2.0,0.0,False,222.25,0.0,False,15_Joey Fatone
15,6,Joey Fatone,Kym Johnson,Singer/Rapper,35,Eliminated Week 2,12,2.0,0.0,False,226.0,0.0,False,15_Joey Fatone
15,7,Joey Fatone,Kym Johnson,Singer/Rapper,35,Eliminated Week 2,12,2.0,0.0,False,241.9993,0.0,False,15_Joey Fatone
15,8,Joey Fatone,Kym Johnson,Singer/Rapper,35,Eliminated Week 2,12,2.0,0.0,False,199.2774,0.0,False,15_Joey Fatone
15,9,Joey Fatone,Kym Johnson,Singer/Rapper,35,Eliminated Week 2,12,2.0,0.0,False,140.9997,0.0,False,15_Joey Fatone
15,10,Joey Fatone,Kym Johnson,Singer/Rapper,35,Eliminated Week 2,12,2.0,0.0,False,87.3883,0.0,False,15_Joey Fatone
15,1,Drew Lachey,Anna Trebunskaya,Singer/Rapper,36,Eliminated Week 3,11,3.0,21.5,True,276.5,0.07775768535262206,False,15_Drew Lachey
15,2,Drew Lachey,Anna Trebunskaya,Singer/Rapper,36,Eliminated Week 3,11,3.0,22.5,True,276.0,0.08152173913043478,False,15_Drew Lachey
15,3,Drew Lachey,Anna Trebunskaya,Singer/Rapper,36,Eliminated Week 3,11,3.0,24.0,True,278.0,0.08633093525179857,True,15_Drew Lachey
15,4,Drew Lachey,Anna Trebunskaya,Singer/Rapper,36,Eliminated Week 3,11,3.0,0.0,False,321.5,0.0,False,15_Drew Lachey
15,5,Drew Lachey,Anna Trebunskaya,Singer/Rapper,36,Eliminated Week 3,11,3.0,0.0,False,222.25,0.0,False,15_Drew Lachey
15,6,Drew Lachey,Anna Trebunskaya,Singer/Rapper,36,Eliminated Week 3,11,3.0,0.0,False,226.0,0.0,False,15_Drew Lachey
15,7,Drew Lachey,Anna Trebunskaya,Singer/Rapper,36,Eliminated Week 3,11,3.0,0.0,False,241.9993,0.0,False,15_Drew Lachey
15,8,Drew Lachey,Anna Trebunskaya,Singer/Rapper,36,Eliminated Week 3,11,3.0,0.0,False,199.2774,0.0,False,15_Drew Lachey
15,9,Drew Lachey,Anna Trebunskaya,Singer/Rapper,36,Eliminated Week 3,11,3.0,0.0,False,140.9997,0.0,False,15_Drew Lachey
15,10,Drew Lachey,Anna Trebunskaya,Singer/Rapper,36,Eliminated Week 3,11,3.0,0.0,False,87.3883,0.0,False,15_Drew Lachey
15,1,Bristol Palin,Mark Ballas,TV Personality,21,Eliminated Week 4,9,4.0,19.5,True,276.5,0.0705244122965642,False,15_Bristol Palin
15,2,Bristol Palin,Mark Ballas,TV Personality,21,Eliminated Week 4,9,4.0,18.0,True,276.0,0.06521739130434782,False,15_Bristol Palin
15,3,Bristol Palin,Mark Ballas,TV Personality,21,Eliminated Week 4,9,4.0,22.5,True,278.0,0.08093525179856115,False,15_Bristol Palin
15,4,Bristol Palin,Mark Ballas,TV Personality,21,Eliminated Week 4,9,4.0,32.0,True,321.5,0.09953343701399689,True,15_Bristol Palin
15,5,Bristol Palin,Mark Ballas,TV Personality,21,Eliminated Week 4,9,4.0,0.0,False,222.25,0.0,False,15_Bristol Palin
15,6,Bristol Palin,Mark Ballas,TV Personality,21,Eliminated Week 4,9,4.0,0.0,False,226.0,0.0,False,15_Bristol Palin
15,7,Bristol Palin,Mark Ballas,TV Personality,21,Eliminated Week 4,9,4.0,0.0,False,241.9993,0.0,False,15_Bristol Palin
15,8,Bristol Palin,Mark Ballas,TV Personality,21,Eliminated Week 4,9,4.0,0.0,False,199.2774,0.0,False,15_Bristol Palin
15,9,Bristol Palin,Mark Ballas,TV Personality,21,Eliminated Week 4,9,4.0,0.0,False,140.9997,0.0,False,15_Bristol Palin
15,10,Bristol Palin,Mark Ballas,TV Personality,21,Eliminated Week 4,9,4.0,0.0,False,87.3883,0.0,False,15_Bristol Palin
15,1,Melissa Rycroft,Tony Dovolani,TV Personality,29,1st Place,1,,21.0,True,276.5,0.0759493670886076,False,15_Melissa Rycroft
15,2,Melissa Rycroft,Tony Dovolani,TV Personality,29,1st Place,1,,23.5,True,276.0,0.08514492753623189,False,15_Melissa Rycroft
15,3,Melissa Rycroft,Tony Dovolani,TV Personality,29,1st Place,1,,27.0,True,278.0,0.09712230215827339,False,15_Melissa Rycroft
15,4,Melissa Rycroft,Tony Dovolani,TV Personality,29,1st Place,1,,37.0,True,321.5,0.1150855365474339,False,15_Melissa Rycroft
15,5,Melissa Rycroft,Tony Dovolani,TV Personality,29,1st Place,1,,28.25,True,222.25,0.12710911136107986,False,15_Melissa Rycroft
15,6,Melissa Rycroft,Tony Dovolani,TV Personality,29,1st Place,1,,29.5,True,226.0,0.13053097345132744,False,15_Melissa Rycroft
15,7,Melissa Rycroft,Tony Dovolani,TV Personality,29,1st Place,1,,38.9999,True,241.9993,0.16115707772708432,False,15_Melissa Rycroft
15,8,Melissa Rycroft,Tony Dovolani,TV Personality,29,1st Place,1,,30.0,True,199.2774,0.15054391516549293,False,15_Melissa Rycroft
15,9,Melissa Rycroft,Tony Dovolani,TV Personality,29,1st Place,1,,28.7777,True,140.9997,0.20409759737077457,False,15_Melissa Rycroft
15,10,Melissa Rycroft,Tony Dovolani,TV Personality,29,1st Place,1,,29.333099999999998,True,87.3883,0.33566392755094215,False,15_Melissa Rycroft
16,1,Ingo Rademacher,Kym Johnson,Actor/Actress,41,Eliminated Week 9,5,9.0,20.0,True,229.0,0.08733624454148471,False,16_Ingo Rademacher
16,2,Ingo Rademacher,Kym Johnson,Actor/Actress,41,Eliminated Week 9,5,9.0,20.0,True,244.0,0.08196721311475409,False,16_Ingo Rademacher
16,3,Ingo Rademacher,Kym Johnson,Actor/Actress,41,Eliminated Week 9,5,9.0,21.0,True,234.9996,0.08936185423294338,False,16_Ingo Rademacher
16,4,Ingo Rademacher,Kym Johnson,Actor/Actress,41,Eliminated Week 9,5,9.0,23.0,True,224.0,0.10267857142857142,False,16_Ingo Rademacher
16,5,Ingo Rademacher,Kym Johnson,Actor/Actress,41,Eliminated Week 9,5,9.0,21.0,True,209.0,0.10047846889952153,False,16_Ingo Rademacher
16,6,Ingo Rademacher,Kym Johnson,Actor/Actress,41,Eliminated Week 9,5,9.0,23.0,True,188.5,0.1220159151193634,False,16_Ingo Rademacher
16,7,Ingo Rademacher,Kym Johnson,Actor/Actress,41,Eliminated Week 9,5,9.0,25.0,True,184.0,0.1358695652173913,False,16_Ingo Rademacher
16,8,Ingo Rademacher,Kym Johnson,Actor/Actress,41,Eliminated Week 9,5,9.0,24.0,True,155.5,0.15434083601286175,False,16_Ingo Rademacher
16,9,Ingo Rademacher,Kym Johnson,Actor/Actress,41,Eliminated Week 9,5,9.0,25.5,True,141.0,0.18085106382978725,True,16_Ingo Rademacher
16,10,Ingo Rademacher,Kym Johnson,Actor/Actress,41,Eliminated Week 9,5,9.0,0.0,False,116.9999,0.0,False,16_Ingo Rademacher
16,1,Zendaya,Valentin Chmerkovskiy,Actor/Actress,16,2nd Place,2,,24.0,True,229.0,0.10480349344978165,False,16_Zendaya
16,2,Zendaya,Valentin Chmerkovskiy,Actor/Actress,16,2nd Place,2,,26.0,True,244.0,0.10655737704918032,False,16_Zendaya
16,3,Zendaya,Valentin Chmerkovskiy,Actor/Actress,16,2nd Place,2,,25.9998,True,234.9996,0.11063763512788959,False,16_Zendaya
16,4,Zendaya,Valentin Chmerkovskiy,Actor/Actress,16,2nd Place,2,,26.0,True,224.0,0.11607142857142858,False,16_Zendaya
16,5,Zendaya,Valentin Chmerkovskiy,Actor/Actress,16,2nd Place,2,,29.0,True,209.0,0.13875598086124402,False,16_Zendaya
16,6,Zendaya,Valentin Chmerkovskiy,Actor/Actress,16,2nd Place,2,,25.5,True,188.5,0.13527851458885942,False,16_Zendaya
16,7,Zendaya,Valentin Chmerkovskiy,Actor/Actress,16,2nd Place,2,,30.0,True,184.0,0.16304347826086957,False,16_Zendaya
16,8,Zendaya,Valentin Chmerkovskiy,Actor/Actress,16,2nd Place,2,,29.0,True,155.5,0.1864951768488746,False,16_Zendaya
16,9,Zendaya,Valentin Chmerkovskiy,Actor/Actress,16,2nd Place,2,,27.5,True,141.0,0.1950354609929078,False,16_Zendaya
16,10,Zendaya,Valentin Chmerkovskiy,Actor/Actress,16,2nd Place,2,,30.0,True,116.9999,0.256410475564509,False,16_Zendaya
16,1,Dorothy Hamill,Tristan MacManus,Athlete,56,Withdrew,12,,21.0,True,229.0,0.09170305676855896,False,16_Dorothy Hamill
16,2,Dorothy Hamill,Tristan MacManus,Athlete,56,Withdrew,12,,15.0,True,244.0,0.06147540983606557,False,16_Dorothy Hamill
16,3,Dorothy Hamill,Tristan MacManus,Athlete,56,Withdrew,12,,0.0,False,234.9996,0.0,False,16_Dorothy Hamill
16,4,Dorothy Hamill,Tristan MacManus,Athlete,56,Withdrew,12,,0.0,False,224.0,0.0,False,16_Dorothy Hamill
16,5,Dorothy Hamill,Tristan MacManus,Athlete,56,Withdrew,12,,0.0,False,209.0,0.0,False,16_Dorothy Hamill
16,6,Dorothy Hamill,Tristan MacManus,Athlete,56,Withdrew,12,,0.0,False,188.5,0.0,False,16_Dorothy Hamill
16,7,Dorothy Hamill,Tristan MacManus,Athlete,56,Withdrew,12,,0.0,False,184.0,0.0,False,16_Dorothy Hamill
16,8,Dorothy Hamill,Tristan MacManus,Athlete,56,Withdrew,12,,0.0,False,155.5,0.0,False,16_Dorothy Hamill
16,9,Dorothy Hamill,Tristan MacManus,Athlete,56,Withdrew,12,,0.0,False,141.0,0.0,False,16_Dorothy Hamill
16,10,Dorothy Hamill,Tristan MacManus,Athlete,56,Withdrew,12,,0.0,False,116.9999,0.0,False,16_Dorothy Hamill
16,1,Victor Ortiz,Lindsay Arnold,Athlete,26,Eliminated Week 6,8,6.0,18.0,True,229.0,0.07860262008733625,False,16_Victor Ortiz
16,2,Victor Ortiz,Lindsay Arnold,Athlete,26,Eliminated Week 6,8,6.0,18.0,True,244.0,0.07377049180327869,False,16_Victor Ortiz
16,3,Victor Ortiz,Lindsay Arnold,Athlete,26,Eliminated Week 6,8,6.0,23.0,True,234.9996,0.09787250701703322,False,16_Victor Ortiz
16,4,Victor Ortiz,Lindsay Arnold,Athlete,26,Eliminated Week 6,8,6.0,18.0,True,224.0,0.08035714285714286,False,16_Victor Ortiz
16,5,Victor Ortiz,Lindsay Arnold,Athlete,26,Eliminated Week 6,8,6.0,21.0,True,209.0,0.10047846889952153,False,16_Victor Ortiz
16,6,Victor Ortiz,Lindsay Arnold,Athlete,26,Eliminated Week 6,8,6.0,20.0,True,188.5,0.10610079575596817,True,16_Victor Ortiz
16,7,Victor Ortiz,Lindsay Arnold,Athlete,26,Eliminated Week 6,8,6.0,0.0,False,184.0,0.0,False,16_Victor Ortiz
16,8,Victor Ortiz,Lindsay Arnold,Athlete,26,Eliminated Week 6,8,6.0,0.0,False,155.5,0.0,False,16_Victor Ortiz
16,9,Victor Ortiz,Lindsay Arnold,Athlete,26,Eliminated Week 6,8,6.0,0.0,False,141.0,0.0,False,16_Victor Ortiz
16,10,Victor Ortiz,Lindsay Arnold,Athlete,26,Eliminated Week 6,8,6.0,0.0,False,116.9999,0.0,False,16_Victor Ortiz
16,1,Alexandra Raisman,Mark Ballas,Athlete,18,Eliminated Week 10,4,10.0,21.0,True,229.0,0.09170305676855896,False,16_Alexandra Raisman
16,2,Alexandra Raisman,Mark Ballas,Athlete,18,Eliminated Week 10,4,10.0,24.0,True,244.0,0.09836065573770492,False,16_Alexandra Raisman
16,3,Alexandra Raisman,Mark Ballas,Athlete,18,Eliminated Week 10,4,10.0,23.0,True,234.9996,0.09787250701703322,False,16_Alexandra Raisman
16,4,Alexandra Raisman,Mark Ballas,Athlete,18,Eliminated Week 10,4,10.0,27.0,True,224.0,0.12053571428571429,False,16_Alexandra Raisman
16,5,Alexandra Raisman,Mark Ballas,Athlete,18,Eliminated Week 10,4,10.0,25.0,True,209.0,0.11961722488038277,False,16_Alexandra Raisman
16,6,Alexandra Raisman,Mark Ballas,Athlete,18,Eliminated Week 10,4,10.0,26.0,True,188.5,0.13793103448275862,False,16_Alexandra Raisman
16,7,Alexandra Raisman,Mark Ballas,Athlete,18,Eliminated Week 10,4,10.0,32.0,True,184.0,0.17391304347826086,False,16_Alexandra Raisman
16,8,Alexandra Raisman,Mark Ballas,Athlete,18,Eliminated Week 10,4,10.0,28.0,True,155.5,0.18006430868167203,False,16_Alexandra Raisman
16,9,Alexandra Raisman,Mark Ballas,Athlete,18,Eliminated Week 10,4,10.0,29.5,True,141.0,0.20921985815602837,False,16_Alexandra Raisman
16,10,Alexandra Raisman,Mark Ballas,Athlete,18,Eliminated Week 10,4,10.0,29.0,True,116.9999,0.24786345971235874,True,16_Alexandra Raisman
16,1,Jacoby Jones,Karina Smirnoff,Athlete,28,3rd Place,3,,20.0,True,229.0,0.08733624454148471,False,16_Jacoby Jones
16,2,Jacoby Jones,Karina Smirnoff,Athlete,28,3rd Place,3,,23.0,True,244.0,0.0942622950819672,False,16_Jacoby Jones
16,3,Jacoby Jones,Karina Smirnoff,Athlete,28,3rd Place,3,,25.9998,True,234.9996,0.11063763512788959,False,16_Jacoby Jones
16,4,Jacoby Jones,Karina Smirnoff,Athlete,28,3rd Place,3,,24.0,True,224.0,0.10714285714285714,False,16_Jacoby Jones
16,5,Jacoby Jones,Karina Smirnoff,Athlete,28,3rd Place,3,,26.0,True,209.0,0.12440191387559808,False,16_Jacoby Jones
16,6,Jacoby Jones,Karina Smirnoff,Athlete,28,3rd Place,3,,22.5,True,188.5,0.11936339522546419,False,16_Jacoby Jones
16,7,Jacoby Jones,Karina Smirnoff,Athlete,28,3rd Place,3,,27.0,True,184.0,0.14673913043478262,False,16_Jacoby Jones
16,8,Jacoby Jones,Karina Smirnoff,Athlete,28,3rd Place,3,,26.0,True,155.5,0.16720257234726688,False,16_Jacoby Jones
16,9,Jacoby Jones,Karina Smirnoff,Athlete,28,3rd Place,3,,29.5,True,141.0,0.20921985815602837,False,16_Jacoby Jones
16,10,Jacoby Jones,Karina Smirnoff,Athlete,28,3rd Place,3,,27.999899999999997,True,116.9999,0.2393155891586232,False,16_Jacoby Jones
16,1,D. L. Hughley,Cheryl Burke,Comedian,50,Eliminated Week 5,9,5.0,12.0,True,229.0,0.05240174672489083,False,16_D. L. Hughley
16,2,D. L. Hughley,Cheryl Burke,Comedian,50,Eliminated Week 5,9,5.0,16.0,True,244.0,0.06557377049180328,False,16_D. L. Hughley
16,3,D. L. Hughley,Cheryl Burke,Comedian,50,Eliminated Week 5,9,5.0,16.0,True,234.9996,0.06808522227271877,False,16_D. L. Hughley
16,4,D. L. Hughley,Cheryl Burke,Comedian,50,Eliminated Week 5,9,5.0,21.0,True,224.0,0.09375,False,16_D. L. Hughley
16,5,D. L. Hughley,Cheryl Burke,Comedian,50,Eliminated Week 5,9,5.0,18.0,True,209.0,0.0861244019138756,True,16_D. L. Hughley
16,6,D. L. Hughley,Cheryl Burke,Comedian,50,Eliminated Week 5,9,5.0,0.0,False,188.5,0.0,False,16_D. L. Hughley
16,7,D. L. Hughley,Cheryl Burke,Comedian,50,Eliminated Week 5,9,5.0,0.0,False,184.0,0.0,False,16_D. L. Hughley
16,8,D. L. Hughley,Cheryl Burke,Comedian,50,Eliminated Week 5,9,5.0,0.0,False,155.5,0.0,False,16_D. L. Hughley
16,9,D. L. Hughley,Cheryl Burke,Comedian,50,Eliminated Week 5,9,5.0,0.0,False,141.0,0.0,False,16_D. L. Hughley
16,10,D. L. Hughley,Cheryl Burke,Comedian,50,Eliminated Week 5,9,5.0,0.0,False,116.9999,0.0,False,16_D. L. Hughley
16,1,Andy Dick,Sharna Burgess,Comedian,47,Eliminated Week 7,7,7.0,17.0,True,229.0,0.07423580786026202,False,16_Andy Dick
16,2,Andy Dick,Sharna Burgess,Comedian,47,Eliminated Week 7,7,7.0,20.0,True,244.0,0.08196721311475409,False,16_Andy Dick
16,3,Andy Dick,Sharna Burgess,Comedian,47,Eliminated Week 7,7,7.0,18.0,True,234.9996,0.07659587505680861,False,16_Andy Dick
16,4,Andy Dick,Sharna Burgess,Comedian,47,Eliminated Week 7,7,7.0,21.0,True,224.0,0.09375,False,16_Andy Dick
16,5,Andy Dick,Sharna Burgess,Comedian,47,Eliminated Week 7,7,7.0,18.0,True,209.0,0.0861244019138756,False,16_Andy Dick
16,6,Andy Dick,Sharna Burgess,Comedian,47,Eliminated Week 7,7,7.0,21.5,True,188.5,0.11405835543766578,False,16_Andy Dick
16,7,Andy Dick,Sharna Burgess,Comedian,47,Eliminated Week 7,7,7.0,17.0,True,184.0,0.09239130434782608,True,16_Andy Dick
16,8,Andy Dick,Sharna Burgess,Comedian,47,Eliminated Week 7,7,7.0,0.0,False,155.5,0.0,False,16_Andy Dick
16,9,Andy Dick,Sharna Burgess,Comedian,47,Eliminated Week 7,7,7.0,0.0,False,141.0,0.0,False,16_Andy Dick
16,10,Andy Dick,Sharna Burgess,Comedian,47,Eliminated Week 7,7,7.0,0.0,False,116.9999,0.0,False,16_Andy Dick
16,1,Wynonna Judd,Tony Dovolani,Singer/Rapper,48,Eliminated Week 3,11,3.0,18.0,True,229.0,0.07860262008733625,False,16_Wynonna Judd
16,2,Wynonna Judd,Tony Dovolani,Singer/Rapper,48,Eliminated Week 3,11,3.0,18.0,True,244.0,0.07377049180327869,False,16_Wynonna Judd
16,3,Wynonna Judd,Tony Dovolani,Singer/Rapper,48,Eliminated Week 3,11,3.0,15.0,True,234.9996,0.06382989588067384,True,16_Wynonna Judd
16,4,Wynonna Judd,Tony Dovolani,Singer/Rapper,48,Eliminated Week 3,11,3.0,0.0,False,224.0,0.0,False,16_Wynonna Judd
16,5,Wynonna Judd,Tony Dovolani,Singer/Rapper,48,Eliminated Week 3,11,3.0,0.0,False,209.0,0.0,False,16_Wynonna Judd
16,6,Wynonna Judd,Tony Dovolani,Singer/Rapper,48,Eliminated Week 3,11,3.0,0.0,False,188.5,0.0,False,16_Wynonna Judd
16,7,Wynonna Judd,Tony Dovolani,Singer/Rapper,48,Eliminated Week 3,11,3.0,0.0,False,184.0,0.0,False,16_Wynonna Judd
16,8,Wynonna Judd,Tony Dovolani,Singer/Rapper,48,Eliminated Week 3,11,3.0,0.0,False,155.5,0.0,False,16_Wynonna Judd
16,9,Wynonna Judd,Tony Dovolani,Singer/Rapper,48,Eliminated Week 3,11,3.0,0.0,False,141.0,0.0,False,16_Wynonna Judd
16,10,Wynonna Judd,Tony Dovolani,Singer/Rapper,48,Eliminated Week 3,11,3.0,0.0,False,116.9999,0.0,False,16_Wynonna Judd
16,1,Kellie Pickler,Derek Hough,Singer/Rapper,26,1st Place,1,,21.0,True,229.0,0.09170305676855896,False,16_Kellie Pickler
16,2,Kellie Pickler,Derek Hough,Singer/Rapper,26,1st Place,1,,26.0,True,244.0,0.10655737704918032,False,16_Kellie Pickler
16,3,Kellie Pickler,Derek Hough,Singer/Rapper,26,1st Place,1,,25.0,True,234.9996,0.10638315980112308,False,16_Kellie Pickler
16,4,Kellie Pickler,Derek Hough,Singer/Rapper,26,1st Place,1,,26.0,True,224.0,0.11607142857142858,False,16_Kellie Pickler
16,5,Kellie Pickler,Derek Hough,Singer/Rapper,26,1st Place,1,,27.0,True,209.0,0.1291866028708134,False,16_Kellie Pickler
16,6,Kellie Pickler,Derek Hough,Singer/Rapper,26,1st Place,1,,27.0,True,188.5,0.14323607427055704,False,16_Kellie Pickler
16,7,Kellie Pickler,Derek Hough,Singer/Rapper,26,1st Place,1,,29.0,True,184.0,0.15760869565217392,False,16_Kellie Pickler
16,8,Kellie Pickler,Derek Hough,Singer/Rapper,26,1st Place,1,,27.5,True,155.5,0.17684887459807075,False,16_Kellie Pickler
16,9,Kellie Pickler,Derek Hough,Singer/Rapper,26,1st Place,1,,29.0,True,141.0,0.20567375886524822,False,16_Kellie Pickler
16,10,Kellie Pickler,Derek Hough,Singer/Rapper,26,1st Place,1,,30.0,True,116.9999,0.256410475564509,False,16_Kellie Pickler
16,1,Lisa Vanderpump,Gleb Savchenko,TV Personality,52,Eliminated Week 4,10,4.0,18.0,True,229.0,0.07860262008733625,False,16_Lisa Vanderpump
16,2,Lisa Vanderpump,Gleb Savchenko,TV Personality,52,Eliminated Week 4,10,4.0,18.0,True,244.0,0.07377049180327869,False,16_Lisa Vanderpump
16,3,Lisa Vanderpump,Gleb Savchenko,TV Personality,52,Eliminated Week 4,10,4.0,21.0,True,234.9996,0.08936185423294338,False,16_Lisa Vanderpump
16,4,Lisa Vanderpump,Gleb Savchenko,TV Personality,52,Eliminated Week 4,10,4.0,18.0,True,224.0,0.08035714285714286,True,16_Lisa Vanderpump
16,5,Lisa Vanderpump,Gleb Savchenko,TV Personality,52,Eliminated Week 4,10,4.0,0.0,False,209.0,0.0,False,16_Lisa Vanderpump
16,6,Lisa Vanderpump,Gleb Savchenko,TV Personality,52,Eliminated Week 4,10,4.0,0.0,False,188.5,0.0,False,16_Lisa Vanderpump
16,7,Lisa Vanderpump,Gleb Savchenko,TV Personality,52,Eliminated Week 4,10,4.0,0.0,False,184.0,0.0,False,16_Lisa Vanderpump
16,8,Lisa Vanderpump,Gleb Savchenko,TV Personality,52,Eliminated Week 4,10,4.0,0.0,False,155.5,0.0,False,16_Lisa Vanderpump
16,9,Lisa Vanderpump,Gleb Savchenko,TV Personality,52,Eliminated Week 4,10,4.0,0.0,False,141.0,0.0,False,16_Lisa Vanderpump
16,10,Lisa Vanderpump,Gleb Savchenko,TV Personality,52,Eliminated Week 4,10,4.0,0.0,False,116.9999,0.0,False,16_Lisa Vanderpump
16,1,Sean Lowe,Peta Murgatroyd,TV Personality,29,Eliminated Week 8,6,8.0,19.0,True,229.0,0.08296943231441048,False,16_Sean Lowe
16,2,Sean Lowe,Peta Murgatroyd,TV Personality,29,Eliminated Week 8,6,8.0,20.0,True,244.0,0.08196721311475409,False,16_Sean Lowe
16,3,Sean Lowe,Peta Murgatroyd,TV Personality,29,Eliminated Week 8,6,8.0,21.0,True,234.9996,0.08936185423294338,False,16_Sean Lowe
16,4,Sean Lowe,Peta Murgatroyd,TV Personality,29,Eliminated Week 8,6,8.0,20.0,True,224.0,0.08928571428571429,False,16_Sean Lowe
16,5,Sean Lowe,Peta Murgatroyd,TV Personality,29,Eliminated Week 8,6,8.0,24.0,True,209.0,0.11483253588516747,False,16_Sean Lowe
16,6,Sean Lowe,Peta Murgatroyd,TV Personality,29,Eliminated Week 8,6,8.0,23.0,True,188.5,0.1220159151193634,False,16_Sean Lowe
16,7,Sean Lowe,Peta Murgatroyd,TV Personality,29,Eliminated Week 8,6,8.0,24.0,True,184.0,0.13043478260869565,False,16_Sean Lowe
16,8,Sean Lowe,Peta Murgatroyd,TV Personality,29,Eliminated Week 8,6,8.0,21.0,True,155.5,0.13504823151125403,True,16_Sean Lowe
16,9,Sean Lowe,Peta Murgatroyd,TV Personality,29,Eliminated Week 8,6,8.0,0.0,False,141.0,0.0,False,16_Sean Lowe
16,10,Sean Lowe,Peta Murgatroyd,TV Personality,29,Eliminated Week 8,6,8.0,0.0,False,116.9999,0.0,False,16_Sean Lowe
17,1,Valerie Harper,Tristan MacManus,Actor/Actress,74,Eliminated Week 4,10,4.0,21.0,True,256.0,0.08203125,False,17_Valerie Harper
17,2,Valerie Harper,Tristan MacManus,Actor/Actress,74,Eliminated Week 4,10,4.0,19.0,True,266.0,0.07142857142857142,False,17_Valerie Harper
17,3,Valerie Harper,Tristan MacManus,Actor/Actress,74,Eliminated Week 4,10,4.0,16.0,True,255.0,0.06274509803921569,False,17_Valerie Harper
17,4,Valerie Harper,Tristan MacManus,Actor/Actress,74,Eliminated Week 4,10,4.0,18.0,True,237.0,0.0759493670886076,True,17_Valerie Harper
17,5,Valerie Harper,Tristan MacManus,Actor/Actress,74,Eliminated Week 4,10,4.0,0.0,False,235.0,0.0,False,17_Valerie Harper
17,6,Valerie Harper,Tristan MacManus,Actor/Actress,74,Eliminated Week 4,10,4.0,0.0,False,230.9992,0.0,False,17_Valerie Harper
17,7,Valerie Harper,Tristan MacManus,Actor/Actress,74,Eliminated Week 4,10,4.0,0.0,False,221.5,0.0,False,17_Valerie Harper
17,8,Valerie Harper,Tristan MacManus,Actor/Actress,74,Eliminated Week 4,10,4.0,0.0,False,192.0,0.0,False,17_Valerie Harper
17,9,Valerie Harper,Tristan MacManus,Actor/Actress,74,Eliminated Week 4,10,4.0,0.0,False,157.5,0.0,False,17_Valerie Harper
17,10,Valerie Harper,Tristan MacManus,Actor/Actress,74,Eliminated Week 4,10,4.0,0.0,False,175.0,0.0,False,17_Valerie Harper
17,11,Valerie Harper,Tristan MacManus,Actor/Actress,74,Eliminated Week 4,10,4.0,0.0,False,114.4994,0.0,False,17_Valerie Harper
17,1,Brant Daugherty,Peta Murgatroyd,Actor/Actress,28,Eliminated Week 8,7,8.0,22.0,True,256.0,0.0859375,False,17_Brant Daugherty
17,2,Brant Daugherty,Peta Murgatroyd,Actor/Actress,28,Eliminated Week 8,7,8.0,23.0,True,266.0,0.08646616541353383,False,17_Brant Daugherty
17,3,Brant Daugherty,Peta Murgatroyd,Actor/Actress,28,Eliminated Week 8,7,8.0,27.0,True,255.0,0.10588235294117647,False,17_Brant Daugherty
17,4,Brant Daugherty,Peta Murgatroyd,Actor/Actress,28,Eliminated Week 8,7,8.0,21.0,True,237.0,0.08860759493670886,False,17_Brant Daugherty
17,5,Brant Daugherty,Peta Murgatroyd,Actor/Actress,28,Eliminated Week 8,7,8.0,27.0,True,235.0,0.1148936170212766,False,17_Brant Daugherty
17,6,Brant Daugherty,Peta Murgatroyd,Actor/Actress,28,Eliminated Week 8,7,8.0,31.0,True,230.9992,0.13419959895965008,False,17_Brant Daugherty
17,7,Brant Daugherty,Peta Murgatroyd,Actor/Actress,28,Eliminated Week 8,7,8.0,28.5,True,221.5,0.12866817155756208,False,17_Brant Daugherty
17,8,Brant Daugherty,Peta Murgatroyd,Actor/Actress,28,Eliminated Week 8,7,8.0,27.0,True,192.0,0.140625,True,17_Brant Daugherty
17,9,Brant Daugherty,Peta Murgatroyd,Actor/Actress,28,Eliminated Week 8,7,8.0,0.0,False,157.5,0.0,False,17_Brant Daugherty
17,10,Brant Daugherty,Peta Murgatroyd,Actor/Actress,28,Eliminated Week 8,7,8.0,0.0,False,175.0,0.0,False,17_Brant Daugherty
17,11,Brant Daugherty,Peta Murgatroyd,Actor/Actress,28,Eliminated Week 8,7,8.0,0.0,False,114.4994,0.0,False,17_Brant Daugherty
17,1,Elizabeth Berkley Lauren,Valentin Chmerkovskiy,Actor/Actress,39,Eliminated Week 9,6,9.0,24.0,True,256.0,0.09375,False,17_Elizabeth Berkley Lauren
17,2,Elizabeth Berkley Lauren,Valentin Chmerkovskiy,Actor/Actress,39,Eliminated Week 9,6,9.0,25.0,True,266.0,0.09398496240601503,False,17_Elizabeth Berkley Lauren
17,3,Elizabeth Berkley Lauren,Valentin Chmerkovskiy,Actor/Actress,39,Eliminated Week 9,6,9.0,25.0,True,255.0,0.09803921568627451,False,17_Elizabeth Berkley Lauren
17,4,Elizabeth Berkley Lauren,Valentin Chmerkovskiy,Actor/Actress,39,Eliminated Week 9,6,9.0,27.0,True,237.0,0.11392405063291139,False,17_Elizabeth Berkley Lauren
17,5,Elizabeth Berkley Lauren,Valentin Chmerkovskiy,Actor/Actress,39,Eliminated Week 9,6,9.0,26.0,True,235.0,0.11063829787234042,False,17_Elizabeth Berkley Lauren
17,6,Elizabeth Berkley Lauren,Valentin Chmerkovskiy,Actor/Actress,39,Eliminated Week 9,6,9.0,31.9998,True,230.9992,0.13852775247706486,False,17_Elizabeth Berkley Lauren
17,7,Elizabeth Berkley Lauren,Valentin Chmerkovskiy,Actor/Actress,39,Eliminated Week 9,6,9.0,27.0,True,221.5,0.12189616252821671,False,17_Elizabeth Berkley Lauren
17,8,Elizabeth Berkley Lauren,Valentin Chmerkovskiy,Actor/Actress,39,Eliminated Week 9,6,9.0,25.0,True,192.0,0.13020833333333334,False,17_Elizabeth Berkley Lauren
17,9,Elizabeth Berkley Lauren,Valentin Chmerkovskiy,Actor/Actress,39,Eliminated Week 9,6,9.0,28.0,True,157.5,0.17777777777777778,True,17_Elizabeth Berkley Lauren
17,10,Elizabeth Berkley Lauren,Valentin Chmerkovskiy,Actor/Actress,39,Eliminated Week 9,6,9.0,0.0,False,175.0,0.0,False,17_Elizabeth Berkley Lauren
17,11,Elizabeth Berkley Lauren,Valentin Chmerkovskiy,Actor/Actress,39,Eliminated Week 9,6,9.0,0.0,False,114.4994,0.0,False,17_Elizabeth Berkley Lauren
17,1,Leah Remini,Tony Dovolani,Actor/Actress,43,Eliminated Week 10,5,10.0,21.0,True,256.0,0.08203125,False,17_Leah Remini
17,2,Leah Remini,Tony Dovolani,Actor/Actress,43,Eliminated Week 10,5,10.0,24.0,True,266.0,0.09022556390977443,False,17_Leah Remini
17,3,Leah Remini,Tony Dovolani,Actor/Actress,43,Eliminated Week 10,5,10.0,24.0,True,255.0,0.09411764705882353,False,17_Leah Remini
17,4,Leah Remini,Tony Dovolani,Actor/Actress,43,Eliminated Week 10,5,10.0,24.0,True,237.0,0.10126582278481013,False,17_Leah Remini
17,5,Leah Remini,Tony Dovolani,Actor/Actress,43,Eliminated Week 10,5,10.0,22.0,True,235.0,0.09361702127659574,False,17_Leah Remini
17,6,Leah Remini,Tony Dovolani,Actor/Actress,43,Eliminated Week 10,5,10.0,27.999899999999997,True,230.9992,0.12121210809388083,False,17_Leah Remini
17,7,Leah Remini,Tony Dovolani,Actor/Actress,43,Eliminated Week 10,5,10.0,26.5,True,221.5,0.11963882618510158,False,17_Leah Remini
17,8,Leah Remini,Tony Dovolani,Actor/Actress,43,Eliminated Week 10,5,10.0,28.0,True,192.0,0.14583333333333334,False,17_Leah Remini
17,9,Leah Remini,Tony Dovolani,Actor/Actress,43,Eliminated Week 10,5,10.0,27.0,True,157.5,0.17142857142857143,False,17_Leah Remini
17,10,Leah Remini,Tony Dovolani,Actor/Actress,43,Eliminated Week 10,5,10.0,32.5,True,175.0,0.18571428571428572,True,17_Leah Remini
17,11,Leah Remini,Tony Dovolani,Actor/Actress,43,Eliminated Week 10,5,10.0,0.0,False,114.4994,0.0,False,17_Leah Remini
17,1,Corbin Bleu,Karina Smirnoff,Actor/Actress,24,2nd Place,2,,24.0,True,256.0,0.09375,False,17_Corbin Bleu
17,2,Corbin Bleu,Karina Smirnoff,Actor/Actress,24,2nd Place,2,,26.0,True,266.0,0.09774436090225563,False,17_Corbin Bleu
17,3,Corbin Bleu,Karina Smirnoff,Actor/Actress,24,2nd Place,2,,26.0,True,255.0,0.10196078431372549,False,17_Corbin Bleu
17,4,Corbin Bleu,Karina Smirnoff,Actor/Actress,24,2nd Place,2,,27.0,True,237.0,0.11392405063291139,False,17_Corbin Bleu
17,5,Corbin Bleu,Karina Smirnoff,Actor/Actress,24,2nd Place,2,,28.0,True,235.0,0.11914893617021277,False,17_Corbin Bleu
17,6,Corbin Bleu,Karina Smirnoff,Actor/Actress,24,2nd Place,2,,26.999899999999997,True,230.9992,0.1168830887726018,False,17_Corbin Bleu
17,7,Corbin Bleu,Karina Smirnoff,Actor/Actress,24,2nd Place,2,,29.5,True,221.5,0.13318284424379231,False,17_Corbin Bleu
17,8,Corbin Bleu,Karina Smirnoff,Actor/Actress,24,2nd Place,2,,30.0,True,192.0,0.15625,False,17_Corbin Bleu
17,9,Corbin Bleu,Karina Smirnoff,Actor/Actress,24,2nd Place,2,,29.0,True,157.5,0.18412698412698414,False,17_Corbin Bleu
17,10,Corbin Bleu,Karina Smirnoff,Actor/Actress,24,2nd Place,2,,37.5,True,175.0,0.21428571428571427,False,17_Corbin Bleu
17,11,Corbin Bleu,Karina Smirnoff,Actor/Actress,24,2nd Place,2,,29.6664,True,114.4994,0.25909655421775135,False,17_Corbin Bleu
17,1,Amber Riley,Derek Hough,Actor/Actress,27,1st Place,1,,27.0,True,256.0,0.10546875,False,17_Amber Riley
17,2,Amber Riley,Derek Hough,Actor/Actress,27,1st Place,1,,24.0,True,266.0,0.09022556390977443,False,17_Amber Riley
17,3,Amber Riley,Derek Hough,Actor/Actress,27,1st Place,1,,24.0,True,255.0,0.09411764705882353,False,17_Amber Riley
17,4,Amber Riley,Derek Hough,Actor/Actress,27,1st Place,1,,27.0,True,237.0,0.11392405063291139,False,17_Amber Riley
17,5,Amber Riley,Derek Hough,Actor/Actress,27,1st Place,1,,26.0,True,235.0,0.11063829787234042,False,17_Amber Riley
17,6,Amber Riley,Derek Hough,Actor/Actress,27,1st Place,1,,31.999899999999997,True,230.9992,0.13852818537899697,False,17_Amber Riley
17,7,Amber Riley,Derek Hough,Actor/Actress,27,1st Place,1,,29.5,True,221.5,0.13318284424379231,False,17_Amber Riley
17,8,Amber Riley,Derek Hough,Actor/Actress,27,1st Place,1,,28.0,True,192.0,0.14583333333333334,False,17_Amber Riley
17,9,Amber Riley,Derek Hough,Actor/Actress,27,1st Place,1,,25.5,True,157.5,0.1619047619047619,False,17_Amber Riley
17,10,Amber Riley,Derek Hough,Actor/Actress,27,1st Place,1,,39.5,True,175.0,0.2257142857142857,False,17_Amber Riley
17,11,Amber Riley,Derek Hough,Actor/Actress,27,1st Place,1,,31.333199999999998,True,114.4994,0.27365383574062396,False,17_Amber Riley
17,1,Keyshawn Johnson,Sharna Burgess,Athlete,41,Eliminated Week 2,12,2.0,17.0,True,256.0,0.06640625,False,17_Keyshawn Johnson
17,2,Keyshawn Johnson,Sharna Burgess,Athlete,41,Eliminated Week 2,12,2.0,18.0,True,266.0,0.06766917293233082,True,17_Keyshawn Johnson
17,3,Keyshawn Johnson,Sharna Burgess,Athlete,41,Eliminated Week 2,12,2.0,0.0,False,255.0,0.0,False,17_Keyshawn Johnson
17,4,Keyshawn Johnson,Sharna Burgess,Athlete,41,Eliminated Week 2,12,2.0,0.0,False,237.0,0.0,False,17_Keyshawn Johnson
17,5,Keyshawn Johnson,Sharna Burgess,Athlete,41,Eliminated Week 2,12,2.0,0.0,False,235.0,0.0,False,17_Keyshawn Johnson
17,6,Keyshawn Johnson,Sharna Burgess,Athlete,41,Eliminated Week 2,12,2.0,0.0,False,230.9992,0.0,False,17_Keyshawn Johnson
17,7,Keyshawn Johnson,Sharna Burgess,Athlete,41,Eliminated Week 2,12,2.0,0.0,False,221.5,0.0,False,17_Keyshawn Johnson
17,8,Keyshawn Johnson,Sharna Burgess,Athlete,41,Eliminated Week 2,12,2.0,0.0,False,192.0,0.0,False,17_Keyshawn Johnson
17,9,Keyshawn Johnson,Sharna Burgess,Athlete,41,Eliminated Week 2,12,2.0,0.0,False,157.5,0.0,False,17_Keyshawn Johnson
17,10,Keyshawn Johnson,Sharna Burgess,Athlete,41,Eliminated Week 2,12,2.0,0.0,False,175.0,0.0,False,17_Keyshawn Johnson
17,11,Keyshawn Johnson,Sharna Burgess,Athlete,41,Eliminated Week 2,12,2.0,0.0,False,114.4994,0.0,False,17_Keyshawn Johnson
17,1,Bill Engvall,Emma Slater,Comedian,56,Eliminated Week 11,4,11.0,18.0,True,256.0,0.0703125,False,17_Bill Engvall
17,2,Bill Engvall,Emma Slater,Comedian,56,Eliminated Week 11,4,11.0,21.0,True,266.0,0.07894736842105263,False,17_Bill Engvall
17,3,Bill Engvall,Emma Slater,Comedian,56,Eliminated Week 11,4,11.0,24.0,True,255.0,0.09411764705882353,False,17_Bill Engvall
17,4,Bill Engvall,Emma Slater,Comedian,56,Eliminated Week 11,4,11.0,21.0,True,237.0,0.08860759493670886,False,17_Bill Engvall
17,5,Bill Engvall,Emma Slater,Comedian,56,Eliminated Week 11,4,11.0,24.0,True,235.0,0.10212765957446808,False,17_Bill Engvall
17,6,Bill Engvall,Emma Slater,Comedian,56,Eliminated Week 11,4,11.0,23.9999,True,230.9992,0.10389603080876471,False,17_Bill Engvall
17,7,Bill Engvall,Emma Slater,Comedian,56,Eliminated Week 11,4,11.0,25.0,True,221.5,0.11286681715575621,False,17_Bill Engvall
17,8,Bill Engvall,Emma Slater,Comedian,56,Eliminated Week 11,4,11.0,24.0,True,192.0,0.125,False,17_Bill Engvall
17,9,Bill Engvall,Emma Slater,Comedian,56,Eliminated Week 11,4,11.0,21.0,True,157.5,0.13333333333333333,False,17_Bill Engvall
17,10,Bill Engvall,Emma Slater,Comedian,56,Eliminated Week 11,4,11.0,30.0,True,175.0,0.17142857142857143,False,17_Bill Engvall
17,11,Bill Engvall,Emma Slater,Comedian,56,Eliminated Week 11,4,11.0,25.499899999999997,True,114.4994,0.22270771724567986,True,17_Bill Engvall
17,1,Christina Milian,Mark Ballas,Singer/Rapper,31,Eliminated Week 5,9,5.0,22.0,True,256.0,0.0859375,False,17_Christina Milian
17,2,Christina Milian,Mark Ballas,Singer/Rapper,31,Eliminated Week 5,9,5.0,25.0,True,266.0,0.09398496240601503,False,17_Christina Milian
17,3,Christina Milian,Mark Ballas,Singer/Rapper,31,Eliminated Week 5,9,5.0,26.0,True,255.0,0.10196078431372549,False,17_Christina Milian
17,4,Christina Milian,Mark Ballas,Singer/Rapper,31,Eliminated Week 5,9,5.0,24.0,True,237.0,0.10126582278481013,False,17_Christina Milian
17,5,Christina Milian,Mark Ballas,Singer/Rapper,31,Eliminated Week 5,9,5.0,28.0,True,235.0,0.11914893617021277,True,17_Christina Milian
17,6,Christina Milian,Mark Ballas,Singer/Rapper,31,Eliminated Week 5,9,5.0,0.0,False,230.9992,0.0,False,17_Christina Milian
17,7,Christina Milian,Mark Ballas,Singer/Rapper,31,Eliminated Week 5,9,5.0,0.0,False,221.5,0.0,False,17_Christina Milian
17,8,Christina Milian,Mark Ballas,Singer/Rapper,31,Eliminated Week 5,9,5.0,0.0,False,192.0,0.0,False,17_Christina Milian
17,9,Christina Milian,Mark Ballas,Singer/Rapper,31,Eliminated Week 5,9,5.0,0.0,False,157.5,0.0,False,17_Christina Milian
17,10,Christina Milian,Mark Ballas,Singer/Rapper,31,Eliminated Week 5,9,5.0,0.0,False,175.0,0.0,False,17_Christina Milian
17,11,Christina Milian,Mark Ballas,Singer/Rapper,31,Eliminated Week 5,9,5.0,0.0,False,114.4994,0.0,False,17_Christina Milian
17,1,"Nicole ""Snooki"" Polizzi",Sasha Farber,TV Personality,25,Eliminated Week 7,8,7.0,23.0,True,256.0,0.08984375,False,"17_Nicole ""Snooki"" Polizzi"
17,2,"Nicole ""Snooki"" Polizzi",Sasha Farber,TV Personality,25,Eliminated Week 7,8,7.0,20.0,True,266.0,0.07518796992481203,False,"17_Nicole ""Snooki"" Polizzi"
17,3,"Nicole ""Snooki"" Polizzi",Sasha Farber,TV Personality,25,Eliminated Week 7,8,7.0,25.0,True,255.0,0.09803921568627451,False,"17_Nicole ""Snooki"" Polizzi"
17,4,"Nicole ""Snooki"" Polizzi",Sasha Farber,TV Personality,25,Eliminated Week 7,8,7.0,24.0,True,237.0,0.10126582278481013,False,"17_Nicole ""Snooki"" Polizzi"
17,5,"Nicole ""Snooki"" Polizzi",Sasha Farber,TV Personality,25,Eliminated Week 7,8,7.0,27.0,True,235.0,0.1148936170212766,False,"17_Nicole ""Snooki"" Polizzi"
17,6,"Nicole ""Snooki"" Polizzi",Sasha Farber,TV Personality,25,Eliminated Week 7,8,7.0,30.0,True,230.9992,0.12987057963837104,False,"17_Nicole ""Snooki"" Polizzi"
17,7,"Nicole ""Snooki"" Polizzi",Sasha Farber,TV Personality,25,Eliminated Week 7,8,7.0,27.0,True,221.5,0.12189616252821671,True,"17_Nicole ""Snooki"" Polizzi"
17,8,"Nicole ""Snooki"" Polizzi",Sasha Farber,TV Personality,25,Eliminated Week 7,8,7.0,0.0,False,192.0,0.0,False,"17_Nicole ""Snooki"" Polizzi"
17,9,"Nicole ""Snooki"" Polizzi",Sasha Farber,TV Personality,25,Eliminated Week 7,8,7.0,0.0,False,157.5,0.0,False,"17_Nicole ""Snooki"" Polizzi"
17,10,"Nicole ""Snooki"" Polizzi",Sasha Farber,TV Personality,25,Eliminated Week 7,8,7.0,0.0,False,175.0,0.0,False,"17_Nicole ""Snooki"" Polizzi"
17,11,"Nicole ""Snooki"" Polizzi",Sasha Farber,TV Personality,25,Eliminated Week 7,8,7.0,0.0,False,114.4994,0.0,False,"17_Nicole ""Snooki"" Polizzi"
17,1,Jack Osbourne,Cheryl Burke,TV Personality,27,3rd Place,3,,23.0,True,256.0,0.08984375,False,17_Jack Osbourne
17,2,Jack Osbourne,Cheryl Burke,TV Personality,27,3rd Place,3,,24.0,True,266.0,0.09022556390977443,False,17_Jack Osbourne
17,3,Jack Osbourne,Cheryl Burke,TV Personality,27,3rd Place,3,,22.0,True,255.0,0.08627450980392157,False,17_Jack Osbourne
17,4,Jack Osbourne,Cheryl Burke,TV Personality,27,3rd Place,3,,24.0,True,237.0,0.10126582278481013,False,17_Jack Osbourne
17,5,Jack Osbourne,Cheryl Burke,TV Personality,27,3rd Place,3,,27.0,True,235.0,0.1148936170212766,False,17_Jack Osbourne
17,6,Jack Osbourne,Cheryl Burke,TV Personality,27,3rd Place,3,,26.9998,True,230.9992,0.11688265587066968,False,17_Jack Osbourne
17,7,Jack Osbourne,Cheryl Burke,TV Personality,27,3rd Place,3,,28.5,True,221.5,0.12866817155756208,False,17_Jack Osbourne
17,8,Jack Osbourne,Cheryl Burke,TV Personality,27,3rd Place,3,,30.0,True,192.0,0.15625,False,17_Jack Osbourne
17,9,Jack Osbourne,Cheryl Burke,TV Personality,27,3rd Place,3,,27.0,True,157.5,0.17142857142857143,False,17_Jack Osbourne
17,10,Jack Osbourne,Cheryl Burke,TV Personality,27,3rd Place,3,,35.5,True,175.0,0.20285714285714285,False,17_Jack Osbourne
17,11,Jack Osbourne,Cheryl Burke,TV Personality,27,3rd Place,3,,27.999899999999997,True,114.4994,0.24454189279594477,False,17_Jack Osbourne
17,1,Bill Nye,Tyne Stecklein,TV Personality,57,Eliminated Week 3,11,3.0,14.0,True,256.0,0.0546875,False,17_Bill Nye
17,2,Bill Nye,Tyne Stecklein,TV Personality,57,Eliminated Week 3,11,3.0,17.0,True,266.0,0.06390977443609022,False,17_Bill Nye
17,3,Bill Nye,Tyne Stecklein,TV Personality,57,Eliminated Week 3,11,3.0,16.0,True,255.0,0.06274509803921569,True,17_Bill Nye
17,4,Bill Nye,Tyne Stecklein,TV Personality,57,Eliminated Week 3,11,3.0,0.0,False,237.0,0.0,False,17_Bill Nye
17,5,Bill Nye,Tyne Stecklein,TV Personality,57,Eliminated Week 3,11,3.0,0.0,False,235.0,0.0,False,17_Bill Nye
17,6,Bill Nye,Tyne Stecklein,TV Personality,57,Eliminated Week 3,11,3.0,0.0,False,230.9992,0.0,False,17_Bill Nye
17,7,Bill Nye,Tyne Stecklein,TV Personality,57,Eliminated Week 3,11,3.0,0.0,False,221.5,0.0,False,17_Bill Nye
17,8,Bill Nye,Tyne Stecklein,TV Personality,57,Eliminated Week 3,11,3.0,0.0,False,192.0,0.0,False,17_Bill Nye
17,9,Bill Nye,Tyne Stecklein,TV Personality,57,Eliminated Week 3,11,3.0,0.0,False,157.5,0.0,False,17_Bill Nye
17,10,Bill Nye,Tyne Stecklein,TV Personality,57,Eliminated Week 3,11,3.0,0.0,False,175.0,0.0,False,17_Bill Nye
17,11,Bill Nye,Tyne Stecklein,TV Personality,57,Eliminated Week 3,11,3.0,0.0,False,114.4994,0.0,False,17_Bill Nye
18,1,Billy Dee Williams,Emma Slater,Actor/Actress,76,Withdrew,10,,15.0,True,262.0,0.05725190839694656,False,18_Billy Dee Williams
18,2,Billy Dee Williams,Emma Slater,Actor/Actress,76,Withdrew,10,,15.0,True,244.0,0.06147540983606557,False,18_Billy Dee Williams
18,3,Billy Dee Williams,Emma Slater,Actor/Actress,76,Withdrew,10,,0.0,False,311.0,0.0,False,18_Billy Dee Williams
18,4,Billy Dee Williams,Emma Slater,Actor/Actress,76,Withdrew,10,,0.0,False,297.0,0.0,False,18_Billy Dee Williams
18,5,Billy Dee Williams,Emma Slater,Actor/Actress,76,Withdrew,10,,0.0,False,322.0,0.0,False,18_Billy Dee Williams
18,6,Billy Dee Williams,Emma Slater,Actor/Actress,76,Withdrew,10,,0.0,False,282.0,0.0,False,18_Billy Dee Williams
18,7,Billy Dee Williams,Emma Slater,Actor/Actress,76,Withdrew,10,,0.0,False,253.0,0.0,False,18_Billy Dee Williams
18,8,Billy Dee Williams,Emma Slater,Actor/Actress,76,Withdrew,10,,0.0,False,226.0,0.0,False,18_Billy Dee Williams
18,9,Billy Dee Williams,Emma Slater,Actor/Actress,76,Withdrew,10,,0.0,False,191.0,0.0,False,18_Billy Dee Williams
18,10,Billy Dee Williams,Emma Slater,Actor/Actress,76,Withdrew,10,,0.0,False,114.66640000000001,0.0,False,18_Billy Dee Williams
18,1,Danica McKellar,Valentin Chmerkovskiy,Actor/Actress,39,Eliminated Week 8,6,8.0,24.0,True,262.0,0.0916030534351145,False,18_Danica McKellar
18,2,Danica McKellar,Valentin Chmerkovskiy,Actor/Actress,39,Eliminated Week 8,6,8.0,24.0,True,244.0,0.09836065573770492,False,18_Danica McKellar
18,3,Danica McKellar,Valentin Chmerkovskiy,Actor/Actress,39,Eliminated Week 8,6,8.0,36.0,True,311.0,0.1157556270096463,False,18_Danica McKellar
18,4,Danica McKellar,Valentin Chmerkovskiy,Actor/Actress,39,Eliminated Week 8,6,8.0,32.0,True,297.0,0.10774410774410774,False,18_Danica McKellar
18,5,Danica McKellar,Valentin Chmerkovskiy,Actor/Actress,39,Eliminated Week 8,6,8.0,39.0,True,322.0,0.12111801242236025,False,18_Danica McKellar
18,6,Danica McKellar,Valentin Chmerkovskiy,Actor/Actress,39,Eliminated Week 8,6,8.0,36.0,True,282.0,0.1276595744680851,False,18_Danica McKellar
18,7,Danica McKellar,Valentin Chmerkovskiy,Actor/Actress,39,Eliminated Week 8,6,8.0,36.0,True,253.0,0.1422924901185771,False,18_Danica McKellar
18,8,Danica McKellar,Valentin Chmerkovskiy,Actor/Actress,39,Eliminated Week 8,6,8.0,38.0,True,226.0,0.168141592920354,True,18_Danica McKellar
18,9,Danica McKellar,Valentin Chmerkovskiy,Actor/Actress,39,Eliminated Week 8,6,8.0,0.0,False,191.0,0.0,False,18_Danica McKellar
18,10,Danica McKellar,Valentin Chmerkovskiy,Actor/Actress,39,Eliminated Week 8,6,8.0,0.0,False,114.66640000000001,0.0,False,18_Danica McKellar
18,1,James Maslow,Peta Murgatroyd,Actor/Actress,23,Eliminated Week 10,4,10.0,21.0,True,262.0,0.08015267175572519,False,18_James Maslow
18,2,James Maslow,Peta Murgatroyd,Actor/Actress,23,Eliminated Week 10,4,10.0,25.0,True,244.0,0.10245901639344263,False,18_James Maslow
18,3,James Maslow,Peta Murgatroyd,Actor/Actress,23,Eliminated Week 10,4,10.0,36.0,True,311.0,0.1157556270096463,False,18_James Maslow
18,4,James Maslow,Peta Murgatroyd,Actor/Actress,23,Eliminated Week 10,4,10.0,35.0,True,297.0,0.11784511784511785,False,18_James Maslow
18,5,James Maslow,Peta Murgatroyd,Actor/Actress,23,Eliminated Week 10,4,10.0,40.0,True,322.0,0.12422360248447205,False,18_James Maslow
18,6,James Maslow,Peta Murgatroyd,Actor/Actress,23,Eliminated Week 10,4,10.0,35.0,True,282.0,0.12411347517730496,False,18_James Maslow
18,7,James Maslow,Peta Murgatroyd,Actor/Actress,23,Eliminated Week 10,4,10.0,35.0,True,253.0,0.1383399209486166,False,18_James Maslow
18,8,James Maslow,Peta Murgatroyd,Actor/Actress,23,Eliminated Week 10,4,10.0,36.0,True,226.0,0.1592920353982301,False,18_James Maslow
18,9,James Maslow,Peta Murgatroyd,Actor/Actress,23,Eliminated Week 10,4,10.0,38.0,True,191.0,0.19895287958115182,False,18_James Maslow
18,10,James Maslow,Peta Murgatroyd,Actor/Actress,23,Eliminated Week 10,4,10.0,29.0,True,114.66640000000001,0.2529075649013137,True,18_James Maslow
18,1,Candace Cameron Bure,Mark Ballas,Actor/Actress,37,3rd Place,3,,25.0,True,262.0,0.09541984732824428,False,18_Candace Cameron Bure
18,2,Candace Cameron Bure,Mark Ballas,Actor/Actress,37,3rd Place,3,,21.0,True,244.0,0.0860655737704918,False,18_Candace Cameron Bure
18,3,Candace Cameron Bure,Mark Ballas,Actor/Actress,37,3rd Place,3,,32.0,True,311.0,0.10289389067524116,False,18_Candace Cameron Bure
18,4,Candace Cameron Bure,Mark Ballas,Actor/Actress,37,3rd Place,3,,28.0,True,297.0,0.09427609427609428,False,18_Candace Cameron Bure
18,5,Candace Cameron Bure,Mark Ballas,Actor/Actress,37,3rd Place,3,,35.0,True,322.0,0.10869565217391304,False,18_Candace Cameron Bure
18,6,Candace Cameron Bure,Mark Ballas,Actor/Actress,37,3rd Place,3,,32.0,True,282.0,0.11347517730496454,False,18_Candace Cameron Bure
18,7,Candace Cameron Bure,Mark Ballas,Actor/Actress,37,3rd Place,3,,37.0,True,253.0,0.14624505928853754,False,18_Candace Cameron Bure
18,8,Candace Cameron Bure,Mark Ballas,Actor/Actress,37,3rd Place,3,,36.0,True,226.0,0.1592920353982301,False,18_Candace Cameron Bure
18,9,Candace Cameron Bure,Mark Ballas,Actor/Actress,37,3rd Place,3,,36.0,True,191.0,0.18848167539267016,False,18_Candace Cameron Bure
18,10,Candace Cameron Bure,Mark Ballas,Actor/Actress,37,3rd Place,3,,25.9998,True,114.66640000000001,0.22674296916969572,False,18_Candace Cameron Bure
18,1,Sean Avery,Karina Smirnoff,Athlete,33,Eliminated Week 2,11,2.0,20.0,True,262.0,0.07633587786259542,False,18_Sean Avery
18,2,Sean Avery,Karina Smirnoff,Athlete,33,Eliminated Week 2,11,2.0,21.0,True,244.0,0.0860655737704918,True,18_Sean Avery
18,3,Sean Avery,Karina Smirnoff,Athlete,33,Eliminated Week 2,11,2.0,0.0,False,311.0,0.0,False,18_Sean Avery
18,4,Sean Avery,Karina Smirnoff,Athlete,33,Eliminated Week 2,11,2.0,0.0,False,297.0,0.0,False,18_Sean Avery
18,5,Sean Avery,Karina Smirnoff,Athlete,33,Eliminated Week 2,11,2.0,0.0,False,322.0,0.0,False,18_Sean Avery
18,6,Sean Avery,Karina Smirnoff,Athlete,33,Eliminated Week 2,11,2.0,0.0,False,282.0,0.0,False,18_Sean Avery
18,7,Sean Avery,Karina Smirnoff,Athlete,33,Eliminated Week 2,11,2.0,0.0,False,253.0,0.0,False,18_Sean Avery
18,8,Sean Avery,Karina Smirnoff,Athlete,33,Eliminated Week 2,11,2.0,0.0,False,226.0,0.0,False,18_Sean Avery
18,9,Sean Avery,Karina Smirnoff,Athlete,33,Eliminated Week 2,11,2.0,0.0,False,191.0,0.0,False,18_Sean Avery
18,10,Sean Avery,Karina Smirnoff,Athlete,33,Eliminated Week 2,11,2.0,0.0,False,114.66640000000001,0.0,False,18_Sean Avery
18,1,Diana Nyad,Henry Byalikov,Athlete,64,Eliminated Week 2,12,2.0,18.0,True,262.0,0.06870229007633588,False,18_Diana Nyad
18,2,Diana Nyad,Henry Byalikov,Athlete,64,Eliminated Week 2,12,2.0,0.0,False,244.0,0.0,False,18_Diana Nyad
18,3,Diana Nyad,Henry Byalikov,Athlete,64,Eliminated Week 2,12,2.0,0.0,False,311.0,0.0,False,18_Diana Nyad
18,4,Diana Nyad,Henry Byalikov,Athlete,64,Eliminated Week 2,12,2.0,0.0,False,297.0,0.0,False,18_Diana Nyad
18,5,Diana Nyad,Henry Byalikov,Athlete,64,Eliminated Week 2,12,2.0,0.0,False,322.0,0.0,False,18_Diana Nyad
18,6,Diana Nyad,Henry Byalikov,Athlete,64,Eliminated Week 2,12,2.0,0.0,False,282.0,0.0,False,18_Diana Nyad
18,7,Diana Nyad,Henry Byalikov,Athlete,64,Eliminated Week 2,12,2.0,0.0,False,253.0,0.0,False,18_Diana Nyad
18,8,Diana Nyad,Henry Byalikov,Athlete,64,Eliminated Week 2,12,2.0,0.0,False,226.0,0.0,False,18_Diana Nyad
18,9,Diana Nyad,Henry Byalikov,Athlete,64,Eliminated Week 2,12,2.0,0.0,False,191.0,0.0,False,18_Diana Nyad
18,10,Diana Nyad,Henry Byalikov,Athlete,64,Eliminated Week 2,12,2.0,0.0,False,114.66640000000001,0.0,False,18_Diana Nyad
18,1,Charlie White,Sharna Burgess,Athlete,26,Eliminated Week 9,5,9.0,27.0,True,262.0,0.10305343511450382,False,18_Charlie White
18,2,Charlie White,Sharna Burgess,Athlete,26,Eliminated Week 9,5,9.0,25.0,True,244.0,0.10245901639344263,False,18_Charlie White
18,3,Charlie White,Sharna Burgess,Athlete,26,Eliminated Week 9,5,9.0,36.0,True,311.0,0.1157556270096463,False,18_Charlie White
18,4,Charlie White,Sharna Burgess,Athlete,26,Eliminated Week 9,5,9.0,33.0,True,297.0,0.1111111111111111,False,18_Charlie White
18,5,Charlie White,Sharna Burgess,Athlete,26,Eliminated Week 9,5,9.0,37.0,True,322.0,0.11490683229813664,False,18_Charlie White
18,6,Charlie White,Sharna Burgess,Athlete,26,Eliminated Week 9,5,9.0,36.0,True,282.0,0.1276595744680851,False,18_Charlie White
18,7,Charlie White,Sharna Burgess,Athlete,26,Eliminated Week 9,5,9.0,35.5,True,253.0,0.14031620553359683,False,18_Charlie White
18,8,Charlie White,Sharna Burgess,Athlete,26,Eliminated Week 9,5,9.0,40.0,True,226.0,0.17699115044247787,False,18_Charlie White
18,9,Charlie White,Sharna Burgess,Athlete,26,Eliminated Week 9,5,9.0,38.0,True,191.0,0.19895287958115182,True,18_Charlie White
18,10,Charlie White,Sharna Burgess,Athlete,26,Eliminated Week 9,5,9.0,0.0,False,114.66640000000001,0.0,False,18_Charlie White
18,1,Amy Purdy,Derek Hough,Athlete,34,2nd Place,2,,24.0,True,262.0,0.0916030534351145,False,18_Amy Purdy
18,2,Amy Purdy,Derek Hough,Athlete,34,2nd Place,2,,24.0,True,244.0,0.09836065573770492,False,18_Amy Purdy
18,3,Amy Purdy,Derek Hough,Athlete,34,2nd Place,2,,36.0,True,311.0,0.1157556270096463,False,18_Amy Purdy
18,4,Amy Purdy,Derek Hough,Athlete,34,2nd Place,2,,34.0,True,297.0,0.11447811447811448,False,18_Amy Purdy
18,5,Amy Purdy,Derek Hough,Athlete,34,2nd Place,2,,37.0,True,322.0,0.11490683229813664,False,18_Amy Purdy
18,6,Amy Purdy,Derek Hough,Athlete,34,2nd Place,2,,38.0,True,282.0,0.1347517730496454,False,18_Amy Purdy
18,7,Amy Purdy,Derek Hough,Athlete,34,2nd Place,2,,37.5,True,253.0,0.1482213438735178,False,18_Amy Purdy
18,8,Amy Purdy,Derek Hough,Athlete,34,2nd Place,2,,40.0,True,226.0,0.17699115044247787,False,18_Amy Purdy
18,9,Amy Purdy,Derek Hough,Athlete,34,2nd Place,2,,39.0,True,191.0,0.20418848167539266,False,18_Amy Purdy
18,10,Amy Purdy,Derek Hough,Athlete,34,2nd Place,2,,29.666600000000003,True,114.66640000000001,0.2587209505138384,False,18_Amy Purdy
18,1,Meryl Davis,Maksim Chmerkoskiy,Athlete,27,1st Place,1,,24.0,True,262.0,0.0916030534351145,False,18_Meryl Davis
18,2,Meryl Davis,Maksim Chmerkoskiy,Athlete,27,1st Place,1,,25.0,True,244.0,0.10245901639344263,False,18_Meryl Davis
18,3,Meryl Davis,Maksim Chmerkoskiy,Athlete,27,1st Place,1,,39.0,True,311.0,0.12540192926045016,False,18_Meryl Davis
18,4,Meryl Davis,Maksim Chmerkoskiy,Athlete,27,1st Place,1,,39.0,True,297.0,0.13131313131313133,False,18_Meryl Davis
18,5,Meryl Davis,Maksim Chmerkoskiy,Athlete,27,1st Place,1,,36.0,True,322.0,0.11180124223602485,False,18_Meryl Davis
18,6,Meryl Davis,Maksim Chmerkoskiy,Athlete,27,1st Place,1,,40.0,True,282.0,0.14184397163120568,False,18_Meryl Davis
18,7,Meryl Davis,Maksim Chmerkoskiy,Athlete,27,1st Place,1,,39.0,True,253.0,0.1541501976284585,False,18_Meryl Davis
18,8,Meryl Davis,Maksim Chmerkoskiy,Athlete,27,1st Place,1,,36.0,True,226.0,0.1592920353982301,False,18_Meryl Davis
18,9,Meryl Davis,Maksim Chmerkoskiy,Athlete,27,1st Place,1,,40.0,True,191.0,0.2094240837696335,False,18_Meryl Davis
18,10,Meryl Davis,Maksim Chmerkoskiy,Athlete,27,1st Place,1,,30.0,True,114.66640000000001,0.2616285154151521,False,18_Meryl Davis
18,1,Drew Carey,Cheryl Burke,Comedian,55,Eliminated Week 6,8,6.0,21.0,True,262.0,0.08015267175572519,False,18_Drew Carey
18,2,Drew Carey,Cheryl Burke,Comedian,55,Eliminated Week 6,8,6.0,21.0,True,244.0,0.0860655737704918,False,18_Drew Carey
18,3,Drew Carey,Cheryl Burke,Comedian,55,Eliminated Week 6,8,6.0,30.0,True,311.0,0.09646302250803858,False,18_Drew Carey
18,4,Drew Carey,Cheryl Burke,Comedian,55,Eliminated Week 6,8,6.0,33.0,True,297.0,0.1111111111111111,False,18_Drew Carey
18,5,Drew Carey,Cheryl Burke,Comedian,55,Eliminated Week 6,8,6.0,28.0,True,322.0,0.08695652173913043,False,18_Drew Carey
18,6,Drew Carey,Cheryl Burke,Comedian,55,Eliminated Week 6,8,6.0,32.0,True,282.0,0.11347517730496454,True,18_Drew Carey
18,7,Drew Carey,Cheryl Burke,Comedian,55,Eliminated Week 6,8,6.0,0.0,False,253.0,0.0,False,18_Drew Carey
18,8,Drew Carey,Cheryl Burke,Comedian,55,Eliminated Week 6,8,6.0,0.0,False,226.0,0.0,False,18_Drew Carey
18,9,Drew Carey,Cheryl Burke,Comedian,55,Eliminated Week 6,8,6.0,0.0,False,191.0,0.0,False,18_Drew Carey
18,10,Drew Carey,Cheryl Burke,Comedian,55,Eliminated Week 6,8,6.0,0.0,False,114.66640000000001,0.0,False,18_Drew Carey
18,1,Cody Simpson,Witney Carson,Singer/Rapper,17,Eliminated Week 5,9,5.0,22.0,True,262.0,0.08396946564885496,False,18_Cody Simpson
18,2,Cody Simpson,Witney Carson,Singer/Rapper,17,Eliminated Week 5,9,5.0,22.0,True,244.0,0.09016393442622951,False,18_Cody Simpson
18,3,Cody Simpson,Witney Carson,Singer/Rapper,17,Eliminated Week 5,9,5.0,35.0,True,311.0,0.11254019292604502,False,18_Cody Simpson
18,4,Cody Simpson,Witney Carson,Singer/Rapper,17,Eliminated Week 5,9,5.0,31.0,True,297.0,0.10437710437710437,False,18_Cody Simpson
18,5,Cody Simpson,Witney Carson,Singer/Rapper,17,Eliminated Week 5,9,5.0,34.0,True,322.0,0.10559006211180125,True,18_Cody Simpson
18,6,Cody Simpson,Witney Carson,Singer/Rapper,17,Eliminated Week 5,9,5.0,0.0,False,282.0,0.0,False,18_Cody Simpson
18,7,Cody Simpson,Witney Carson,Singer/Rapper,17,Eliminated Week 5,9,5.0,0.0,False,253.0,0.0,False,18_Cody Simpson
18,8,Cody Simpson,Witney Carson,Singer/Rapper,17,Eliminated Week 5,9,5.0,0.0,False,226.0,0.0,False,18_Cody Simpson
18,9,Cody Simpson,Witney Carson,Singer/Rapper,17,Eliminated Week 5,9,5.0,0.0,False,191.0,0.0,False,18_Cody Simpson
18,10,Cody Simpson,Witney Carson,Singer/Rapper,17,Eliminated Week 5,9,5.0,0.0,False,114.66640000000001,0.0,False,18_Cody Simpson
18,1,NeNe Leakes,Tony Dovolani,TV Personality,46,Eliminated Week 7,7,7.0,21.0,True,262.0,0.08015267175572519,False,18_NeNe Leakes
18,2,NeNe Leakes,Tony Dovolani,TV Personality,46,Eliminated Week 7,7,7.0,21.0,True,244.0,0.0860655737704918,False,18_NeNe Leakes
18,3,NeNe Leakes,Tony Dovolani,TV Personality,46,Eliminated Week 7,7,7.0,31.0,True,311.0,0.09967845659163987,False,18_NeNe Leakes
18,4,NeNe Leakes,Tony Dovolani,TV Personality,46,Eliminated Week 7,7,7.0,32.0,True,297.0,0.10774410774410774,False,18_NeNe Leakes
18,5,NeNe Leakes,Tony Dovolani,TV Personality,46,Eliminated Week 7,7,7.0,36.0,True,322.0,0.11180124223602485,False,18_NeNe Leakes
18,6,NeNe Leakes,Tony Dovolani,TV Personality,46,Eliminated Week 7,7,7.0,33.0,True,282.0,0.11702127659574468,False,18_NeNe Leakes
18,7,NeNe Leakes,Tony Dovolani,TV Personality,46,Eliminated Week 7,7,7.0,33.0,True,253.0,0.13043478260869565,True,18_NeNe Leakes
18,8,NeNe Leakes,Tony Dovolani,TV Personality,46,Eliminated Week 7,7,7.0,0.0,False,226.0,0.0,False,18_NeNe Leakes
18,9,NeNe Leakes,Tony Dovolani,TV Personality,46,Eliminated Week 7,7,7.0,0.0,False,191.0,0.0,False,18_NeNe Leakes
18,10,NeNe Leakes,Tony Dovolani,TV Personality,46,Eliminated Week 7,7,7.0,0.0,False,114.66640000000001,0.0,False,18_NeNe Leakes
19,1,Antonio Sabato Jr.,Cheryl Burke,Actor/Actress,42,Eliminated Week 7,8,7.0,25.0,True,372.0,0.06720430107526881,False,19_Antonio Sabato Jr.
19,2,Antonio Sabato Jr.,Cheryl Burke,Actor/Actress,42,Eliminated Week 7,8,7.0,31.0,True,362.0,0.0856353591160221,False,19_Antonio Sabato Jr.
19,3,Antonio Sabato Jr.,Cheryl Burke,Actor/Actress,42,Eliminated Week 7,8,7.0,29.0,True,353.0,0.0821529745042493,False,19_Antonio Sabato Jr.
19,4,Antonio Sabato Jr.,Cheryl Burke,Actor/Actress,42,Eliminated Week 7,8,7.0,29.0,True,320.0,0.090625,False,19_Antonio Sabato Jr.
19,5,Antonio Sabato Jr.,Cheryl Burke,Actor/Actress,42,Eliminated Week 7,8,7.0,28.0,True,264.0,0.10606060606060606,False,19_Antonio Sabato Jr.
19,6,Antonio Sabato Jr.,Cheryl Burke,Actor/Actress,42,Eliminated Week 7,8,7.0,28.0,True,293.0,0.09556313993174062,False,19_Antonio Sabato Jr.
19,7,Antonio Sabato Jr.,Cheryl Burke,Actor/Actress,42,Eliminated Week 7,8,7.0,29.5,True,258.5,0.11411992263056092,True,19_Antonio Sabato Jr.
19,8,Antonio Sabato Jr.,Cheryl Burke,Actor/Actress,42,Eliminated Week 7,8,7.0,0.0,False,248.0,0.0,False,19_Antonio Sabato Jr.
19,9,Antonio Sabato Jr.,Cheryl Burke,Actor/Actress,42,Eliminated Week 7,8,7.0,0.0,False,214.0,0.0,False,19_Antonio Sabato Jr.
19,10,Antonio Sabato Jr.,Cheryl Burke,Actor/Actress,42,Eliminated Week 7,8,7.0,0.0,False,182.5,0.0,False,19_Antonio Sabato Jr.
19,11,Antonio Sabato Jr.,Cheryl Burke,Actor/Actress,42,Eliminated Week 7,8,7.0,0.0,False,156.33300000000003,0.0,False,19_Antonio Sabato Jr.
19,1,Jonathan Bennett,Allison Holker,Actor/Actress,33,Eliminated Week 6,9,6.0,30.0,True,372.0,0.08064516129032258,False,19_Jonathan Bennett
19,2,Jonathan Bennett,Allison Holker,Actor/Actress,33,Eliminated Week 6,9,6.0,30.0,True,362.0,0.08287292817679558,False,19_Jonathan Bennett
19,3,Jonathan Bennett,Allison Holker,Actor/Actress,33,Eliminated Week 6,9,6.0,32.0,True,353.0,0.0906515580736544,False,19_Jonathan Bennett
19,4,Jonathan Bennett,Allison Holker,Actor/Actress,33,Eliminated Week 6,9,6.0,24.0,True,320.0,0.075,False,19_Jonathan Bennett
19,5,Jonathan Bennett,Allison Holker,Actor/Actress,33,Eliminated Week 6,9,6.0,24.0,True,264.0,0.09090909090909091,False,19_Jonathan Bennett
19,6,Jonathan Bennett,Allison Holker,Actor/Actress,33,Eliminated Week 6,9,6.0,32.0,True,293.0,0.10921501706484642,True,19_Jonathan Bennett
19,7,Jonathan Bennett,Allison Holker,Actor/Actress,33,Eliminated Week 6,9,6.0,0.0,False,258.5,0.0,False,19_Jonathan Bennett
19,8,Jonathan Bennett,Allison Holker,Actor/Actress,33,Eliminated Week 6,9,6.0,0.0,False,248.0,0.0,False,19_Jonathan Bennett
19,9,Jonathan Bennett,Allison Holker,Actor/Actress,33,Eliminated Week 6,9,6.0,0.0,False,214.0,0.0,False,19_Jonathan Bennett
19,10,Jonathan Bennett,Allison Holker,Actor/Actress,33,Eliminated Week 6,9,6.0,0.0,False,182.5,0.0,False,19_Jonathan Bennett
19,11,Jonathan Bennett,Allison Holker,Actor/Actress,33,Eliminated Week 6,9,6.0,0.0,False,156.33300000000003,0.0,False,19_Jonathan Bennett
19,1,Lea Thompson,Artem Chigvintsev,Actor/Actress,53,Eliminated Week 9,6,9.0,32.0,True,372.0,0.08602150537634409,False,19_Lea Thompson
19,2,Lea Thompson,Artem Chigvintsev,Actor/Actress,53,Eliminated Week 9,6,9.0,35.0,True,362.0,0.09668508287292818,False,19_Lea Thompson
19,3,Lea Thompson,Artem Chigvintsev,Actor/Actress,53,Eliminated Week 9,6,9.0,31.0,True,353.0,0.08781869688385269,False,19_Lea Thompson
19,4,Lea Thompson,Artem Chigvintsev,Actor/Actress,53,Eliminated Week 9,6,9.0,39.0,True,320.0,0.121875,False,19_Lea Thompson
19,5,Lea Thompson,Artem Chigvintsev,Actor/Actress,53,Eliminated Week 9,6,9.0,34.0,True,264.0,0.12878787878787878,False,19_Lea Thompson
19,6,Lea Thompson,Artem Chigvintsev,Actor/Actress,53,Eliminated Week 9,6,9.0,32.0,True,293.0,0.10921501706484642,False,19_Lea Thompson
19,7,Lea Thompson,Artem Chigvintsev,Actor/Actress,53,Eliminated Week 9,6,9.0,35.0,True,258.5,0.13539651837524178,False,19_Lea Thompson
19,8,Lea Thompson,Artem Chigvintsev,Actor/Actress,53,Eliminated Week 9,6,9.0,32.0,True,248.0,0.12903225806451613,False,19_Lea Thompson
19,9,Lea Thompson,Artem Chigvintsev,Actor/Actress,53,Eliminated Week 9,6,9.0,35.0,True,214.0,0.16355140186915887,True,19_Lea Thompson
19,10,Lea Thompson,Artem Chigvintsev,Actor/Actress,53,Eliminated Week 9,6,9.0,0.0,False,182.5,0.0,False,19_Lea Thompson
19,11,Lea Thompson,Artem Chigvintsev,Actor/Actress,53,Eliminated Week 9,6,9.0,0.0,False,156.33300000000003,0.0,False,19_Lea Thompson
19,1,Janel Parrish,Valentin Chmerkovskiy,Actor/Actress,25,3rd Place,3,,29.0,True,372.0,0.07795698924731183,False,19_Janel Parrish
19,2,Janel Parrish,Valentin Chmerkovskiy,Actor/Actress,25,3rd Place,3,,34.0,True,362.0,0.09392265193370165,False,19_Janel Parrish
19,3,Janel Parrish,Valentin Chmerkovskiy,Actor/Actress,25,3rd Place,3,,40.0,True,353.0,0.11331444759206799,False,19_Janel Parrish
19,4,Janel Parrish,Valentin Chmerkovskiy,Actor/Actress,25,3rd Place,3,,36.0,True,320.0,0.1125,False,19_Janel Parrish
19,5,Janel Parrish,Valentin Chmerkovskiy,Actor/Actress,25,3rd Place,3,,33.0,True,264.0,0.125,False,19_Janel Parrish
19,6,Janel Parrish,Valentin Chmerkovskiy,Actor/Actress,25,3rd Place,3,,33.0,True,293.0,0.11262798634812286,False,19_Janel Parrish
19,7,Janel Parrish,Valentin Chmerkovskiy,Actor/Actress,25,3rd Place,3,,33.5,True,258.5,0.12959381044487428,False,19_Janel Parrish
19,8,Janel Parrish,Valentin Chmerkovskiy,Actor/Actress,25,3rd Place,3,,43.0,True,248.0,0.17338709677419356,False,19_Janel Parrish
19,9,Janel Parrish,Valentin Chmerkovskiy,Actor/Actress,25,3rd Place,3,,38.5,True,214.0,0.17990654205607476,False,19_Janel Parrish
19,10,Janel Parrish,Valentin Chmerkovskiy,Actor/Actress,25,3rd Place,3,,39.0,True,182.5,0.2136986301369863,False,19_Janel Parrish
19,11,Janel Parrish,Valentin Chmerkovskiy,Actor/Actress,25,3rd Place,3,,38.99980000000001,True,156.33300000000003,0.24946620355267282,False,19_Janel Parrish
19,1,Alfonso Ribeiro,Witney Carson,Actor/Actress,42,1st Place,1,,36.0,True,372.0,0.0967741935483871,False,19_Alfonso Ribeiro
19,2,Alfonso Ribeiro,Witney Carson,Actor/Actress,42,1st Place,1,,32.0,True,362.0,0.08839779005524862,False,19_Alfonso Ribeiro
19,3,Alfonso Ribeiro,Witney Carson,Actor/Actress,42,1st Place,1,,32.0,True,353.0,0.0906515580736544,False,19_Alfonso Ribeiro
19,4,Alfonso Ribeiro,Witney Carson,Actor/Actress,42,1st Place,1,,40.0,True,320.0,0.125,False,19_Alfonso Ribeiro
19,5,Alfonso Ribeiro,Witney Carson,Actor/Actress,42,1st Place,1,,34.0,True,264.0,0.12878787878787878,False,19_Alfonso Ribeiro
19,6,Alfonso Ribeiro,Witney Carson,Actor/Actress,42,1st Place,1,,39.0,True,293.0,0.13310580204778158,False,19_Alfonso Ribeiro
19,7,Alfonso Ribeiro,Witney Carson,Actor/Actress,42,1st Place,1,,34.0,True,258.5,0.13152804642166344,False,19_Alfonso Ribeiro
19,8,Alfonso Ribeiro,Witney Carson,Actor/Actress,42,1st Place,1,,41.0,True,248.0,0.16532258064516128,False,19_Alfonso Ribeiro
19,9,Alfonso Ribeiro,Witney Carson,Actor/Actress,42,1st Place,1,,38.5,True,214.0,0.17990654205607476,False,19_Alfonso Ribeiro
19,10,Alfonso Ribeiro,Witney Carson,Actor/Actress,42,1st Place,1,,37.5,True,182.5,0.2054794520547945,False,19_Alfonso Ribeiro
19,11,Alfonso Ribeiro,Witney Carson,Actor/Actress,42,1st Place,1,,40.0,True,156.33300000000003,0.25586408499804897,False,19_Alfonso Ribeiro
19,1,Lolo Jones,Keo Motsepe,Athlete,32,Eliminated Week 1,13,1.0,22.0,True,372.0,0.05913978494623656,True,19_Lolo Jones
19,2,Lolo Jones,Keo Motsepe,Athlete,32,Eliminated Week 1,13,1.0,0.0,False,362.0,0.0,False,19_Lolo Jones
19,3,Lolo Jones,Keo Motsepe,Athlete,32,Eliminated Week 1,13,1.0,0.0,False,353.0,0.0,False,19_Lolo Jones
19,4,Lolo Jones,Keo Motsepe,Athlete,32,Eliminated Week 1,13,1.0,0.0,False,320.0,0.0,False,19_Lolo Jones
19,5,Lolo Jones,Keo Motsepe,Athlete,32,Eliminated Week 1,13,1.0,0.0,False,264.0,0.0,False,19_Lolo Jones
19,6,Lolo Jones,Keo Motsepe,Athlete,32,Eliminated Week 1,13,1.0,0.0,False,293.0,0.0,False,19_Lolo Jones
19,7,Lolo Jones,Keo Motsepe,Athlete,32,Eliminated Week 1,13,1.0,0.0,False,258.5,0.0,False,19_Lolo Jones
19,8,Lolo Jones,Keo Motsepe,Athlete,32,Eliminated Week 1,13,1.0,0.0,False,248.0,0.0,False,19_Lolo Jones
19,9,Lolo Jones,Keo Motsepe,Athlete,32,Eliminated Week 1,13,1.0,0.0,False,214.0,0.0,False,19_Lolo Jones
19,10,Lolo Jones,Keo Motsepe,Athlete,32,Eliminated Week 1,13,1.0,0.0,False,182.5,0.0,False,19_Lolo Jones
19,11,Lolo Jones,Keo Motsepe,Athlete,32,Eliminated Week 1,13,1.0,0.0,False,156.33300000000003,0.0,False,19_Lolo Jones
19,1,Randy Couture,Karina Smirnoff,Athlete,51,Eliminated Week 3,11,3.0,31.0,True,372.0,0.08333333333333333,False,19_Randy Couture
19,2,Randy Couture,Karina Smirnoff,Athlete,51,Eliminated Week 3,11,3.0,28.0,True,362.0,0.07734806629834254,False,19_Randy Couture
19,3,Randy Couture,Karina Smirnoff,Athlete,51,Eliminated Week 3,11,3.0,26.0,True,353.0,0.07365439093484419,True,19_Randy Couture
19,4,Randy Couture,Karina Smirnoff,Athlete,51,Eliminated Week 3,11,3.0,0.0,False,320.0,0.0,False,19_Randy Couture
19,5,Randy Couture,Karina Smirnoff,Athlete,51,Eliminated Week 3,11,3.0,0.0,False,264.0,0.0,False,19_Randy Couture
19,6,Randy Couture,Karina Smirnoff,Athlete,51,Eliminated Week 3,11,3.0,0.0,False,293.0,0.0,False,19_Randy Couture
19,7,Randy Couture,Karina Smirnoff,Athlete,51,Eliminated Week 3,11,3.0,0.0,False,258.5,0.0,False,19_Randy Couture
19,8,Randy Couture,Karina Smirnoff,Athlete,51,Eliminated Week 3,11,3.0,0.0,False,248.0,0.0,False,19_Randy Couture
19,9,Randy Couture,Karina Smirnoff,Athlete,51,Eliminated Week 3,11,3.0,0.0,False,214.0,0.0,False,19_Randy Couture
19,10,Randy Couture,Karina Smirnoff,Athlete,51,Eliminated Week 3,11,3.0,0.0,False,182.5,0.0,False,19_Randy Couture
19,11,Randy Couture,Karina Smirnoff,Athlete,51,Eliminated Week 3,11,3.0,0.0,False,156.33300000000003,0.0,False,19_Randy Couture
19,1,Tommy Chong,Peta Murgatroyd,Comedian,76,Eliminated Week 10,5,10.0,27.0,True,372.0,0.07258064516129033,False,19_Tommy Chong
19,2,Tommy Chong,Peta Murgatroyd,Comedian,76,Eliminated Week 10,5,10.0,28.0,True,362.0,0.07734806629834254,False,19_Tommy Chong
19,3,Tommy Chong,Peta Murgatroyd,Comedian,76,Eliminated Week 10,5,10.0,34.0,True,353.0,0.09631728045325778,False,19_Tommy Chong
19,4,Tommy Chong,Peta Murgatroyd,Comedian,76,Eliminated Week 10,5,10.0,28.0,True,320.0,0.0875,False,19_Tommy Chong
19,5,Tommy Chong,Peta Murgatroyd,Comedian,76,Eliminated Week 10,5,10.0,23.0,True,264.0,0.08712121212121213,False,19_Tommy Chong
19,6,Tommy Chong,Peta Murgatroyd,Comedian,76,Eliminated Week 10,5,10.0,28.0,True,293.0,0.09556313993174062,False,19_Tommy Chong
19,7,Tommy Chong,Peta Murgatroyd,Comedian,76,Eliminated Week 10,5,10.0,30.0,True,258.5,0.11605415860735009,False,19_Tommy Chong
19,8,Tommy Chong,Peta Murgatroyd,Comedian,76,Eliminated Week 10,5,10.0,29.0,True,248.0,0.11693548387096774,False,19_Tommy Chong
19,9,Tommy Chong,Peta Murgatroyd,Comedian,76,Eliminated Week 10,5,10.0,28.5,True,214.0,0.13317757009345793,False,19_Tommy Chong
19,10,Tommy Chong,Peta Murgatroyd,Comedian,76,Eliminated Week 10,5,10.0,31.0,True,182.5,0.16986301369863013,True,19_Tommy Chong
19,11,Tommy Chong,Peta Murgatroyd,Comedian,76,Eliminated Week 10,5,10.0,0.0,False,156.33300000000003,0.0,False,19_Tommy Chong
19,1,Betsey Johnson,Tony Dovolani,Fashion Designer,72,Eliminated Week 4,10,4.0,20.0,True,372.0,0.053763440860215055,False,19_Betsey Johnson
19,2,Betsey Johnson,Tony Dovolani,Fashion Designer,72,Eliminated Week 4,10,4.0,28.0,True,362.0,0.07734806629834254,False,19_Betsey Johnson
19,3,Betsey Johnson,Tony Dovolani,Fashion Designer,72,Eliminated Week 4,10,4.0,29.0,True,353.0,0.0821529745042493,False,19_Betsey Johnson
19,4,Betsey Johnson,Tony Dovolani,Fashion Designer,72,Eliminated Week 4,10,4.0,29.0,True,320.0,0.090625,True,19_Betsey Johnson
19,5,Betsey Johnson,Tony Dovolani,Fashion Designer,72,Eliminated Week 4,10,4.0,0.0,False,264.0,0.0,False,19_Betsey Johnson
19,6,Betsey Johnson,Tony Dovolani,Fashion Designer,72,Eliminated Week 4,10,4.0,0.0,False,293.0,0.0,False,19_Betsey Johnson
19,7,Betsey Johnson,Tony Dovolani,Fashion Designer,72,Eliminated Week 4,10,4.0,0.0,False,258.5,0.0,False,19_Betsey Johnson
19,8,Betsey Johnson,Tony Dovolani,Fashion Designer,72,Eliminated Week 4,10,4.0,0.0,False,248.0,0.0,False,19_Betsey Johnson
19,9,Betsey Johnson,Tony Dovolani,Fashion Designer,72,Eliminated Week 4,10,4.0,0.0,False,214.0,0.0,False,19_Betsey Johnson
19,10,Betsey Johnson,Tony Dovolani,Fashion Designer,72,Eliminated Week 4,10,4.0,0.0,False,182.5,0.0,False,19_Betsey Johnson
19,11,Betsey Johnson,Tony Dovolani,Fashion Designer,72,Eliminated Week 4,10,4.0,0.0,False,156.33300000000003,0.0,False,19_Betsey Johnson
19,1,Michael Waltrip,Emma Slater,Racing Driver,51,Eliminated Week 8,7,8.0,25.0,True,372.0,0.06720430107526881,False,19_Michael Waltrip
19,2,Michael Waltrip,Emma Slater,Racing Driver,51,Eliminated Week 8,7,8.0,24.0,True,362.0,0.06629834254143646,False,19_Michael Waltrip
19,3,Michael Waltrip,Emma Slater,Racing Driver,51,Eliminated Week 8,7,8.0,28.0,True,353.0,0.07932011331444759,False,19_Michael Waltrip
19,4,Michael Waltrip,Emma Slater,Racing Driver,51,Eliminated Week 8,7,8.0,25.0,True,320.0,0.078125,False,19_Michael Waltrip
19,5,Michael Waltrip,Emma Slater,Racing Driver,51,Eliminated Week 8,7,8.0,20.0,True,264.0,0.07575757575757576,False,19_Michael Waltrip
19,6,Michael Waltrip,Emma Slater,Racing Driver,51,Eliminated Week 8,7,8.0,30.0,True,293.0,0.10238907849829351,False,19_Michael Waltrip
19,7,Michael Waltrip,Emma Slater,Racing Driver,51,Eliminated Week 8,7,8.0,28.0,True,258.5,0.10831721470019343,False,19_Michael Waltrip
19,8,Michael Waltrip,Emma Slater,Racing Driver,51,Eliminated Week 8,7,8.0,25.0,True,248.0,0.10080645161290322,True,19_Michael Waltrip
19,9,Michael Waltrip,Emma Slater,Racing Driver,51,Eliminated Week 8,7,8.0,0.0,False,214.0,0.0,False,19_Michael Waltrip
19,10,Michael Waltrip,Emma Slater,Racing Driver,51,Eliminated Week 8,7,8.0,0.0,False,182.5,0.0,False,19_Michael Waltrip
19,11,Michael Waltrip,Emma Slater,Racing Driver,51,Eliminated Week 8,7,8.0,0.0,False,156.33300000000003,0.0,False,19_Michael Waltrip
19,1,Tavis Smiley,Sharna Burgess,Radio Personality,50,Eliminated Week 2,12,2.0,29.0,True,372.0,0.07795698924731183,False,19_Tavis Smiley
19,2,Tavis Smiley,Sharna Burgess,Radio Personality,50,Eliminated Week 2,12,2.0,28.0,True,362.0,0.07734806629834254,True,19_Tavis Smiley
19,3,Tavis Smiley,Sharna Burgess,Radio Personality,50,Eliminated Week 2,12,2.0,0.0,False,353.0,0.0,False,19_Tavis Smiley
19,4,Tavis Smiley,Sharna Burgess,Radio Personality,50,Eliminated Week 2,12,2.0,0.0,False,320.0,0.0,False,19_Tavis Smiley
19,5,Tavis Smiley,Sharna Burgess,Radio Personality,50,Eliminated Week 2,12,2.0,0.0,False,264.0,0.0,False,19_Tavis Smiley
19,6,Tavis Smiley,Sharna Burgess,Radio Personality,50,Eliminated Week 2,12,2.0,0.0,False,293.0,0.0,False,19_Tavis Smiley
19,7,Tavis Smiley,Sharna Burgess,Radio Personality,50,Eliminated Week 2,12,2.0,0.0,False,258.5,0.0,False,19_Tavis Smiley
19,8,Tavis Smiley,Sharna Burgess,Radio Personality,50,Eliminated Week 2,12,2.0,0.0,False,248.0,0.0,False,19_Tavis Smiley
19,9,Tavis Smiley,Sharna Burgess,Radio Personality,50,Eliminated Week 2,12,2.0,0.0,False,214.0,0.0,False,19_Tavis Smiley
19,10,Tavis Smiley,Sharna Burgess,Radio Personality,50,Eliminated Week 2,12,2.0,0.0,False,182.5,0.0,False,19_Tavis Smiley
19,11,Tavis Smiley,Sharna Burgess,Radio Personality,50,Eliminated Week 2,12,2.0,0.0,False,156.33300000000003,0.0,False,19_Tavis Smiley
19,1,Bethany Mota,Derek Hough,Social Media Personality,18,Eliminated Week 11,4,11.0,32.0,True,372.0,0.08602150537634409,False,19_Bethany Mota
19,2,Bethany Mota,Derek Hough,Social Media Personality,18,Eliminated Week 11,4,11.0,33.0,True,362.0,0.09116022099447514,False,19_Bethany Mota
19,3,Bethany Mota,Derek Hough,Social Media Personality,18,Eliminated Week 11,4,11.0,40.0,True,353.0,0.11331444759206799,False,19_Bethany Mota
19,4,Bethany Mota,Derek Hough,Social Media Personality,18,Eliminated Week 11,4,11.0,33.0,True,320.0,0.103125,False,19_Bethany Mota
19,5,Bethany Mota,Derek Hough,Social Media Personality,18,Eliminated Week 11,4,11.0,32.0,True,264.0,0.12121212121212122,False,19_Bethany Mota
19,6,Bethany Mota,Derek Hough,Social Media Personality,18,Eliminated Week 11,4,11.0,36.0,True,293.0,0.12286689419795221,False,19_Bethany Mota
19,7,Bethany Mota,Derek Hough,Social Media Personality,18,Eliminated Week 11,4,11.0,37.5,True,258.5,0.1450676982591876,False,19_Bethany Mota
19,8,Bethany Mota,Derek Hough,Social Media Personality,18,Eliminated Week 11,4,11.0,40.0,True,248.0,0.16129032258064516,False,19_Bethany Mota
19,9,Bethany Mota,Derek Hough,Social Media Personality,18,Eliminated Week 11,4,11.0,37.0,True,214.0,0.17289719626168223,False,19_Bethany Mota
19,10,Bethany Mota,Derek Hough,Social Media Personality,18,Eliminated Week 11,4,11.0,38.0,True,182.5,0.20821917808219179,False,19_Bethany Mota
19,11,Bethany Mota,Derek Hough,Social Media Personality,18,Eliminated Week 11,4,11.0,38.0,True,156.33300000000003,0.24307088074814653,True,19_Bethany Mota
19,1,Sadie Robertson,Mark Ballas,TV Personality,17,2nd Place,2,,34.0,True,372.0,0.0913978494623656,False,19_Sadie Robertson
19,2,Sadie Robertson,Mark Ballas,TV Personality,17,2nd Place,2,,31.0,True,362.0,0.0856353591160221,False,19_Sadie Robertson
19,3,Sadie Robertson,Mark Ballas,TV Personality,17,2nd Place,2,,32.0,True,353.0,0.0906515580736544,False,19_Sadie Robertson
19,4,Sadie Robertson,Mark Ballas,TV Personality,17,2nd Place,2,,37.0,True,320.0,0.115625,False,19_Sadie Robertson
19,5,Sadie Robertson,Mark Ballas,TV Personality,17,2nd Place,2,,36.0,True,264.0,0.13636363636363635,False,19_Sadie Robertson
19,6,Sadie Robertson,Mark Ballas,TV Personality,17,2nd Place,2,,35.0,True,293.0,0.11945392491467577,False,19_Sadie Robertson
19,7,Sadie Robertson,Mark Ballas,TV Personality,17,2nd Place,2,,31.0,True,258.5,0.11992263056092843,False,19_Sadie Robertson
19,8,Sadie Robertson,Mark Ballas,TV Personality,17,2nd Place,2,,38.0,True,248.0,0.1532258064516129,False,19_Sadie Robertson
19,9,Sadie Robertson,Mark Ballas,TV Personality,17,2nd Place,2,,36.5,True,214.0,0.1705607476635514,False,19_Sadie Robertson
19,10,Sadie Robertson,Mark Ballas,TV Personality,17,2nd Place,2,,37.0,True,182.5,0.20273972602739726,False,19_Sadie Robertson
19,11,Sadie Robertson,Mark Ballas,TV Personality,17,2nd Place,2,,39.333200000000005,True,156.33300000000003,0.25159883070113154,False,19_Sadie Robertson
20,1,Suzanne Somers,Tony Dovolani,Actor/Actress,68,Eliminated Week 5,9,5.0,25.0,True,318.0,0.07861635220125786,False,20_Suzanne Somers
20,2,Suzanne Somers,Tony Dovolani,Actor/Actress,68,Eliminated Week 5,9,5.0,28.0,True,347.0,0.08069164265129683,False,20_Suzanne Somers
20,3,Suzanne Somers,Tony Dovolani,Actor/Actress,68,Eliminated Week 5,9,5.0,25.0,True,313.0,0.07987220447284345,False,20_Suzanne Somers
20,4,Suzanne Somers,Tony Dovolani,Actor/Actress,68,Eliminated Week 5,9,5.0,28.0,True,325.0,0.08615384615384615,False,20_Suzanne Somers
20,5,Suzanne Somers,Tony Dovolani,Actor/Actress,68,Eliminated Week 5,9,5.0,28.0,True,283.0,0.0989399293286219,True,20_Suzanne Somers
20,6,Suzanne Somers,Tony Dovolani,Actor/Actress,68,Eliminated Week 5,9,5.0,0.0,False,283.0,0.0,False,20_Suzanne Somers
20,7,Suzanne Somers,Tony Dovolani,Actor/Actress,68,Eliminated Week 5,9,5.0,0.0,False,254.0,0.0,False,20_Suzanne Somers
20,8,Suzanne Somers,Tony Dovolani,Actor/Actress,68,Eliminated Week 5,9,5.0,0.0,False,211.5,0.0,False,20_Suzanne Somers
20,9,Suzanne Somers,Tony Dovolani,Actor/Actress,68,Eliminated Week 5,9,5.0,0.0,False,157.0,0.0,False,20_Suzanne Somers
20,10,Suzanne Somers,Tony Dovolani,Actor/Actress,68,Eliminated Week 5,9,5.0,0.0,False,116.0,0.0,False,20_Suzanne Somers
20,1,Willow Shields,Mark Ballas,Actor/Actress,14,Eliminated Week 7,7,7.0,25.0,True,318.0,0.07861635220125786,False,20_Willow Shields
20,2,Willow Shields,Mark Ballas,Actor/Actress,14,Eliminated Week 7,7,7.0,32.0,True,347.0,0.09221902017291066,False,20_Willow Shields
20,3,Willow Shields,Mark Ballas,Actor/Actress,14,Eliminated Week 7,7,7.0,32.0,True,313.0,0.10223642172523961,False,20_Willow Shields
20,4,Willow Shields,Mark Ballas,Actor/Actress,14,Eliminated Week 7,7,7.0,39.0,True,325.0,0.12,False,20_Willow Shields
20,5,Willow Shields,Mark Ballas,Actor/Actress,14,Eliminated Week 7,7,7.0,34.0,True,283.0,0.12014134275618374,False,20_Willow Shields
20,6,Willow Shields,Mark Ballas,Actor/Actress,14,Eliminated Week 7,7,7.0,36.5,True,283.0,0.12897526501766785,False,20_Willow Shields
20,7,Willow Shields,Mark Ballas,Actor/Actress,14,Eliminated Week 7,7,7.0,39.0,True,254.0,0.15354330708661418,True,20_Willow Shields
20,8,Willow Shields,Mark Ballas,Actor/Actress,14,Eliminated Week 7,7,7.0,0.0,False,211.5,0.0,False,20_Willow Shields
20,9,Willow Shields,Mark Ballas,Actor/Actress,14,Eliminated Week 7,7,7.0,0.0,False,157.0,0.0,False,20_Willow Shields
20,10,Willow Shields,Mark Ballas,Actor/Actress,14,Eliminated Week 7,7,7.0,0.0,False,116.0,0.0,False,20_Willow Shields
20,1,Riker Lynch,Allison Holker,Actor/Actress,23,2nd Place,2,,31.0,True,318.0,0.09748427672955975,False,20_Riker Lynch
20,2,Riker Lynch,Allison Holker,Actor/Actress,23,2nd Place,2,,32.0,True,347.0,0.09221902017291066,False,20_Riker Lynch
20,3,Riker Lynch,Allison Holker,Actor/Actress,23,2nd Place,2,,34.0,True,313.0,0.10862619808306709,False,20_Riker Lynch
20,4,Riker Lynch,Allison Holker,Actor/Actress,23,2nd Place,2,,34.0,True,325.0,0.10461538461538461,False,20_Riker Lynch
20,5,Riker Lynch,Allison Holker,Actor/Actress,23,2nd Place,2,,38.0,True,283.0,0.13427561837455831,False,20_Riker Lynch
20,6,Riker Lynch,Allison Holker,Actor/Actress,23,2nd Place,2,,38.0,True,283.0,0.13427561837455831,False,20_Riker Lynch
20,7,Riker Lynch,Allison Holker,Actor/Actress,23,2nd Place,2,,37.0,True,254.0,0.14566929133858267,False,20_Riker Lynch
20,8,Riker Lynch,Allison Holker,Actor/Actress,23,2nd Place,2,,39.0,True,211.5,0.18439716312056736,False,20_Riker Lynch
20,9,Riker Lynch,Allison Holker,Actor/Actress,23,2nd Place,2,,40.0,True,157.0,0.25477707006369427,False,20_Riker Lynch
20,10,Riker Lynch,Allison Holker,Actor/Actress,23,2nd Place,2,,40.0,True,116.0,0.3448275862068966,False,20_Riker Lynch
20,1,Rumer Willis,Valentin Chmerkovskiy,Actor/Actress,26,1st Place,1,,32.0,True,318.0,0.10062893081761007,False,20_Rumer Willis
20,2,Rumer Willis,Valentin Chmerkovskiy,Actor/Actress,26,1st Place,1,,32.0,True,347.0,0.09221902017291066,False,20_Rumer Willis
20,3,Rumer Willis,Valentin Chmerkovskiy,Actor/Actress,26,1st Place,1,,33.0,True,313.0,0.10543130990415335,False,20_Rumer Willis
20,4,Rumer Willis,Valentin Chmerkovskiy,Actor/Actress,26,1st Place,1,,35.0,True,325.0,0.1076923076923077,False,20_Rumer Willis
20,5,Rumer Willis,Valentin Chmerkovskiy,Actor/Actress,26,1st Place,1,,39.0,True,283.0,0.13780918727915195,False,20_Rumer Willis
20,6,Rumer Willis,Valentin Chmerkovskiy,Actor/Actress,26,1st Place,1,,35.5,True,283.0,0.1254416961130742,False,20_Rumer Willis
20,7,Rumer Willis,Valentin Chmerkovskiy,Actor/Actress,26,1st Place,1,,37.0,True,254.0,0.14566929133858267,False,20_Rumer Willis
20,8,Rumer Willis,Valentin Chmerkovskiy,Actor/Actress,26,1st Place,1,,40.0,True,211.5,0.18912529550827423,False,20_Rumer Willis
20,9,Rumer Willis,Valentin Chmerkovskiy,Actor/Actress,26,1st Place,1,,39.0,True,157.0,0.2484076433121019,False,20_Rumer Willis
20,10,Rumer Willis,Valentin Chmerkovskiy,Actor/Actress,26,1st Place,1,,40.0,True,116.0,0.3448275862068966,False,20_Rumer Willis
20,1,Nastia Liukin,Derek Hough,Athlete,25,Eliminated Week 9,4,9.0,30.0,True,318.0,0.09433962264150944,False,20_Nastia Liukin
20,2,Nastia Liukin,Derek Hough,Athlete,25,Eliminated Week 9,4,9.0,34.0,True,347.0,0.09798270893371758,False,20_Nastia Liukin
20,3,Nastia Liukin,Derek Hough,Athlete,25,Eliminated Week 9,4,9.0,34.0,True,313.0,0.10862619808306709,False,20_Nastia Liukin
20,4,Nastia Liukin,Derek Hough,Athlete,25,Eliminated Week 9,4,9.0,36.0,True,325.0,0.11076923076923077,False,20_Nastia Liukin
20,5,Nastia Liukin,Derek Hough,Athlete,25,Eliminated Week 9,4,9.0,38.0,True,283.0,0.13427561837455831,False,20_Nastia Liukin
20,6,Nastia Liukin,Derek Hough,Athlete,25,Eliminated Week 9,4,9.0,36.5,True,283.0,0.12897526501766785,False,20_Nastia Liukin
20,7,Nastia Liukin,Derek Hough,Athlete,25,Eliminated Week 9,4,9.0,41.0,True,254.0,0.16141732283464566,False,20_Nastia Liukin
20,8,Nastia Liukin,Derek Hough,Athlete,25,Eliminated Week 9,4,9.0,38.0,True,211.5,0.17966903073286053,False,20_Nastia Liukin
20,9,Nastia Liukin,Derek Hough,Athlete,25,Eliminated Week 9,4,9.0,40.0,True,157.0,0.25477707006369427,True,20_Nastia Liukin
20,10,Nastia Liukin,Derek Hough,Athlete,25,Eliminated Week 9,4,9.0,0.0,False,116.0,0.0,False,20_Nastia Liukin
20,1,Michael Sam,Peta Murgatroyd,Athlete,25,Eliminated Week 4,10,4.0,26.0,True,318.0,0.08176100628930817,False,20_Michael Sam
20,2,Michael Sam,Peta Murgatroyd,Athlete,25,Eliminated Week 4,10,4.0,28.0,True,347.0,0.08069164265129683,False,20_Michael Sam
20,3,Michael Sam,Peta Murgatroyd,Athlete,25,Eliminated Week 4,10,4.0,24.0,True,313.0,0.07667731629392971,False,20_Michael Sam
20,4,Michael Sam,Peta Murgatroyd,Athlete,25,Eliminated Week 4,10,4.0,30.0,True,325.0,0.09230769230769231,True,20_Michael Sam
20,5,Michael Sam,Peta Murgatroyd,Athlete,25,Eliminated Week 4,10,4.0,0.0,False,283.0,0.0,False,20_Michael Sam
20,6,Michael Sam,Peta Murgatroyd,Athlete,25,Eliminated Week 4,10,4.0,0.0,False,283.0,0.0,False,20_Michael Sam
20,7,Michael Sam,Peta Murgatroyd,Athlete,25,Eliminated Week 4,10,4.0,0.0,False,254.0,0.0,False,20_Michael Sam
20,8,Michael Sam,Peta Murgatroyd,Athlete,25,Eliminated Week 4,10,4.0,0.0,False,211.5,0.0,False,20_Michael Sam
20,9,Michael Sam,Peta Murgatroyd,Athlete,25,Eliminated Week 4,10,4.0,0.0,False,157.0,0.0,False,20_Michael Sam
20,10,Michael Sam,Peta Murgatroyd,Athlete,25,Eliminated Week 4,10,4.0,0.0,False,116.0,0.0,False,20_Michael Sam
20,1,Robert Herjavec,Kym Johnson,Entrepreneur,52,Eliminated Week 8,6,8.0,28.0,True,318.0,0.0880503144654088,False,20_Robert Herjavec
20,2,Robert Herjavec,Kym Johnson,Entrepreneur,52,Eliminated Week 8,6,8.0,28.0,True,347.0,0.08069164265129683,False,20_Robert Herjavec
20,3,Robert Herjavec,Kym Johnson,Entrepreneur,52,Eliminated Week 8,6,8.0,29.0,True,313.0,0.0926517571884984,False,20_Robert Herjavec
20,4,Robert Herjavec,Kym Johnson,Entrepreneur,52,Eliminated Week 8,6,8.0,34.0,True,325.0,0.10461538461538461,False,20_Robert Herjavec
20,5,Robert Herjavec,Kym Johnson,Entrepreneur,52,Eliminated Week 8,6,8.0,24.0,True,283.0,0.08480565371024736,False,20_Robert Herjavec
20,6,Robert Herjavec,Kym Johnson,Entrepreneur,52,Eliminated Week 8,6,8.0,33.5,True,283.0,0.11837455830388692,False,20_Robert Herjavec
20,7,Robert Herjavec,Kym Johnson,Entrepreneur,52,Eliminated Week 8,6,8.0,31.0,True,254.0,0.1220472440944882,False,20_Robert Herjavec
20,8,Robert Herjavec,Kym Johnson,Entrepreneur,52,Eliminated Week 8,6,8.0,31.0,True,211.5,0.14657210401891252,True,20_Robert Herjavec
20,9,Robert Herjavec,Kym Johnson,Entrepreneur,52,Eliminated Week 8,6,8.0,0.0,False,157.0,0.0,False,20_Robert Herjavec
20,10,Robert Herjavec,Kym Johnson,Entrepreneur,52,Eliminated Week 8,6,8.0,0.0,False,116.0,0.0,False,20_Robert Herjavec
20,1,Charlotte McKinney,Keo Motsepe,Model,21,Eliminated Week 3,11,3.0,22.0,True,318.0,0.06918238993710692,False,20_Charlotte McKinney
20,2,Charlotte McKinney,Keo Motsepe,Model,21,Eliminated Week 3,11,3.0,26.0,True,347.0,0.07492795389048991,False,20_Charlotte McKinney
20,3,Charlotte McKinney,Keo Motsepe,Model,21,Eliminated Week 3,11,3.0,22.0,True,313.0,0.07028753993610223,True,20_Charlotte McKinney
20,4,Charlotte McKinney,Keo Motsepe,Model,21,Eliminated Week 3,11,3.0,0.0,False,325.0,0.0,False,20_Charlotte McKinney
20,5,Charlotte McKinney,Keo Motsepe,Model,21,Eliminated Week 3,11,3.0,0.0,False,283.0,0.0,False,20_Charlotte McKinney
20,6,Charlotte McKinney,Keo Motsepe,Model,21,Eliminated Week 3,11,3.0,0.0,False,283.0,0.0,False,20_Charlotte McKinney
20,7,Charlotte McKinney,Keo Motsepe,Model,21,Eliminated Week 3,11,3.0,0.0,False,254.0,0.0,False,20_Charlotte McKinney
20,8,Charlotte McKinney,Keo Motsepe,Model,21,Eliminated Week 3,11,3.0,0.0,False,211.5,0.0,False,20_Charlotte McKinney
20,9,Charlotte McKinney,Keo Motsepe,Model,21,Eliminated Week 3,11,3.0,0.0,False,157.0,0.0,False,20_Charlotte McKinney
20,10,Charlotte McKinney,Keo Motsepe,Model,21,Eliminated Week 3,11,3.0,0.0,False,116.0,0.0,False,20_Charlotte McKinney
20,1,Noah Galloway,Sharna Burgess,Motivational Speaker,33,3rd Place,3,,26.0,True,318.0,0.08176100628930817,False,20_Noah Galloway
20,2,Noah Galloway,Sharna Burgess,Motivational Speaker,33,3rd Place,3,,27.0,True,347.0,0.07780979827089338,False,20_Noah Galloway
20,3,Noah Galloway,Sharna Burgess,Motivational Speaker,33,3rd Place,3,,30.0,True,313.0,0.09584664536741214,False,20_Noah Galloway
20,4,Noah Galloway,Sharna Burgess,Motivational Speaker,33,3rd Place,3,,32.0,True,325.0,0.09846153846153846,False,20_Noah Galloway
20,5,Noah Galloway,Sharna Burgess,Motivational Speaker,33,3rd Place,3,,28.0,True,283.0,0.0989399293286219,False,20_Noah Galloway
20,6,Noah Galloway,Sharna Burgess,Motivational Speaker,33,3rd Place,3,,34.0,True,283.0,0.12014134275618374,False,20_Noah Galloway
20,7,Noah Galloway,Sharna Burgess,Motivational Speaker,33,3rd Place,3,,38.0,True,254.0,0.14960629921259844,False,20_Noah Galloway
20,8,Noah Galloway,Sharna Burgess,Motivational Speaker,33,3rd Place,3,,31.5,True,211.5,0.14893617021276595,False,20_Noah Galloway
20,9,Noah Galloway,Sharna Burgess,Motivational Speaker,33,3rd Place,3,,38.0,True,157.0,0.24203821656050956,False,20_Noah Galloway
20,10,Noah Galloway,Sharna Burgess,Motivational Speaker,33,3rd Place,3,,36.0,True,116.0,0.3103448275862069,False,20_Noah Galloway
20,1,Redfoo,Emma Slater,Singer/Rapper,39,Eliminated Week 2,12,2.0,22.0,True,318.0,0.06918238993710692,False,20_Redfoo
20,2,Redfoo,Emma Slater,Singer/Rapper,39,Eliminated Week 2,12,2.0,31.0,True,347.0,0.0893371757925072,True,20_Redfoo
20,3,Redfoo,Emma Slater,Singer/Rapper,39,Eliminated Week 2,12,2.0,0.0,False,313.0,0.0,False,20_Redfoo
20,4,Redfoo,Emma Slater,Singer/Rapper,39,Eliminated Week 2,12,2.0,0.0,False,325.0,0.0,False,20_Redfoo
20,5,Redfoo,Emma Slater,Singer/Rapper,39,Eliminated Week 2,12,2.0,0.0,False,283.0,0.0,False,20_Redfoo
20,6,Redfoo,Emma Slater,Singer/Rapper,39,Eliminated Week 2,12,2.0,0.0,False,283.0,0.0,False,20_Redfoo
20,7,Redfoo,Emma Slater,Singer/Rapper,39,Eliminated Week 2,12,2.0,0.0,False,254.0,0.0,False,20_Redfoo
20,8,Redfoo,Emma Slater,Singer/Rapper,39,Eliminated Week 2,12,2.0,0.0,False,211.5,0.0,False,20_Redfoo
20,9,Redfoo,Emma Slater,Singer/Rapper,39,Eliminated Week 2,12,2.0,0.0,False,157.0,0.0,False,20_Redfoo
20,10,Redfoo,Emma Slater,Singer/Rapper,39,Eliminated Week 2,12,2.0,0.0,False,116.0,0.0,False,20_Redfoo
20,1,Patti LaBelle,Artem Chigvintsev,Singer/Rapper,70,Eliminated Week 6,8,6.0,25.0,True,318.0,0.07861635220125786,False,20_Patti LaBelle
20,2,Patti LaBelle,Artem Chigvintsev,Singer/Rapper,70,Eliminated Week 6,8,6.0,28.0,True,347.0,0.08069164265129683,False,20_Patti LaBelle
20,3,Patti LaBelle,Artem Chigvintsev,Singer/Rapper,70,Eliminated Week 6,8,6.0,22.0,True,313.0,0.07028753993610223,False,20_Patti LaBelle
20,4,Patti LaBelle,Artem Chigvintsev,Singer/Rapper,70,Eliminated Week 6,8,6.0,30.0,True,325.0,0.09230769230769231,False,20_Patti LaBelle
20,5,Patti LaBelle,Artem Chigvintsev,Singer/Rapper,70,Eliminated Week 6,8,6.0,27.0,True,283.0,0.09540636042402827,False,20_Patti LaBelle
20,6,Patti LaBelle,Artem Chigvintsev,Singer/Rapper,70,Eliminated Week 6,8,6.0,34.0,True,283.0,0.12014134275618374,True,20_Patti LaBelle
20,7,Patti LaBelle,Artem Chigvintsev,Singer/Rapper,70,Eliminated Week 6,8,6.0,0.0,False,254.0,0.0,False,20_Patti LaBelle
20,8,Patti LaBelle,Artem Chigvintsev,Singer/Rapper,70,Eliminated Week 6,8,6.0,0.0,False,211.5,0.0,False,20_Patti LaBelle
20,9,Patti LaBelle,Artem Chigvintsev,Singer/Rapper,70,Eliminated Week 6,8,6.0,0.0,False,157.0,0.0,False,20_Patti LaBelle
20,10,Patti LaBelle,Artem Chigvintsev,Singer/Rapper,70,Eliminated Week 6,8,6.0,0.0,False,116.0,0.0,False,20_Patti LaBelle
20,1,Chris Soules,Witney Carson,TV Personality,33,Eliminated Week 8,5,8.0,26.0,True,318.0,0.08176100628930817,False,20_Chris Soules
20,2,Chris Soules,Witney Carson,TV Personality,33,Eliminated Week 8,5,8.0,21.0,True,347.0,0.06051873198847262,False,20_Chris Soules
20,3,Chris Soules,Witney Carson,TV Personality,33,Eliminated Week 8,5,8.0,28.0,True,313.0,0.08945686900958466,False,20_Chris Soules
20,4,Chris Soules,Witney Carson,TV Personality,33,Eliminated Week 8,5,8.0,27.0,True,325.0,0.08307692307692308,False,20_Chris Soules
20,5,Chris Soules,Witney Carson,TV Personality,33,Eliminated Week 8,5,8.0,27.0,True,283.0,0.09540636042402827,False,20_Chris Soules
20,6,Chris Soules,Witney Carson,TV Personality,33,Eliminated Week 8,5,8.0,35.0,True,283.0,0.12367491166077739,False,20_Chris Soules
20,7,Chris Soules,Witney Carson,TV Personality,33,Eliminated Week 8,5,8.0,31.0,True,254.0,0.1220472440944882,False,20_Chris Soules
20,8,Chris Soules,Witney Carson,TV Personality,33,Eliminated Week 8,5,8.0,32.0,True,211.5,0.15130023640661938,True,20_Chris Soules
20,9,Chris Soules,Witney Carson,TV Personality,33,Eliminated Week 8,5,8.0,0.0,False,157.0,0.0,False,20_Chris Soules
20,10,Chris Soules,Witney Carson,TV Personality,33,Eliminated Week 8,5,8.0,0.0,False,116.0,0.0,False,20_Chris Soules
21,1,Gary Busey,Anna Trebunskaya,Actor/Actress,71,Eliminated Week 4,10,4.0,15.0,True,250.0,0.06,False,21_Gary Busey
21,2,Gary Busey,Anna Trebunskaya,Actor/Actress,71,Eliminated Week 4,10,4.0,16.5,True,270.5,0.06099815157116451,False,21_Gary Busey
21,3,Gary Busey,Anna Trebunskaya,Actor/Actress,71,Eliminated Week 4,10,4.0,25.0,True,305.0,0.08196721311475409,False,21_Gary Busey
21,4,Gary Busey,Anna Trebunskaya,Actor/Actress,71,Eliminated Week 4,10,4.0,16.0,True,236.0,0.06779661016949153,True,21_Gary Busey
21,5,Gary Busey,Anna Trebunskaya,Actor/Actress,71,Eliminated Week 4,10,4.0,0.0,False,301.0,0.0,False,21_Gary Busey
21,6,Gary Busey,Anna Trebunskaya,Actor/Actress,71,Eliminated Week 4,10,4.0,0.0,False,313.0,0.0,False,21_Gary Busey
21,7,Gary Busey,Anna Trebunskaya,Actor/Actress,71,Eliminated Week 4,10,4.0,0.0,False,221.0,0.0,False,21_Gary Busey
21,8,Gary Busey,Anna Trebunskaya,Actor/Actress,71,Eliminated Week 4,10,4.0,0.0,False,193.9994,0.0,False,21_Gary Busey
21,9,Gary Busey,Anna Trebunskaya,Actor/Actress,71,Eliminated Week 4,10,4.0,0.0,False,164.5,0.0,False,21_Gary Busey
21,10,Gary Busey,Anna Trebunskaya,Actor/Actress,71,Eliminated Week 4,10,4.0,0.0,False,118.5,0.0,False,21_Gary Busey
21,11,Gary Busey,Anna Trebunskaya,Actor/Actress,71,Eliminated Week 4,10,4.0,0.0,False,117.9999,0.0,False,21_Gary Busey
21,1,Alexa PenaVega,Mark Ballas,Actor/Actress,27,Eliminated Week 9,6,9.0,22.0,True,250.0,0.088,False,21_Alexa PenaVega
21,2,Alexa PenaVega,Mark Ballas,Actor/Actress,27,Eliminated Week 9,6,9.0,23.0,True,270.5,0.08502772643253234,False,21_Alexa PenaVega
21,3,Alexa PenaVega,Mark Ballas,Actor/Actress,27,Eliminated Week 9,6,9.0,36.0,True,305.0,0.1180327868852459,False,21_Alexa PenaVega
21,4,Alexa PenaVega,Mark Ballas,Actor/Actress,27,Eliminated Week 9,6,9.0,21.0,True,236.0,0.08898305084745763,False,21_Alexa PenaVega
21,5,Alexa PenaVega,Mark Ballas,Actor/Actress,27,Eliminated Week 9,6,9.0,40.0,True,301.0,0.132890365448505,False,21_Alexa PenaVega
21,6,Alexa PenaVega,Mark Ballas,Actor/Actress,27,Eliminated Week 9,6,9.0,30.0,True,313.0,0.09584664536741214,False,21_Alexa PenaVega
21,7,Alexa PenaVega,Mark Ballas,Actor/Actress,27,Eliminated Week 9,6,9.0,27.5,True,221.0,0.1244343891402715,False,21_Alexa PenaVega
21,8,Alexa PenaVega,Mark Ballas,Actor/Actress,27,Eliminated Week 9,6,9.0,26.9998,True,193.9994,0.13917465724120795,False,21_Alexa PenaVega
21,9,Alexa PenaVega,Mark Ballas,Actor/Actress,27,Eliminated Week 9,6,9.0,30.0,True,164.5,0.182370820668693,True,21_Alexa PenaVega
21,10,Alexa PenaVega,Mark Ballas,Actor/Actress,27,Eliminated Week 9,6,9.0,0.0,False,118.5,0.0,False,21_Alexa PenaVega
21,11,Alexa PenaVega,Mark Ballas,Actor/Actress,27,Eliminated Week 9,6,9.0,0.0,False,117.9999,0.0,False,21_Alexa PenaVega
21,1,Carlos PenaVega,Witney Carson,Actor/Actress,26,Eliminated Week 11,4,11.0,23.0,True,250.0,0.092,False,21_Carlos PenaVega
21,2,Carlos PenaVega,Witney Carson,Actor/Actress,26,Eliminated Week 11,4,11.0,22.5,True,270.5,0.08317929759704251,False,21_Carlos PenaVega
21,3,Carlos PenaVega,Witney Carson,Actor/Actress,26,Eliminated Week 11,4,11.0,31.0,True,305.0,0.10163934426229508,False,21_Carlos PenaVega
21,4,Carlos PenaVega,Witney Carson,Actor/Actress,26,Eliminated Week 11,4,11.0,25.0,True,236.0,0.1059322033898305,False,21_Carlos PenaVega
21,5,Carlos PenaVega,Witney Carson,Actor/Actress,26,Eliminated Week 11,4,11.0,39.0,True,301.0,0.12956810631229235,False,21_Carlos PenaVega
21,6,Carlos PenaVega,Witney Carson,Actor/Actress,26,Eliminated Week 11,4,11.0,38.0,True,313.0,0.12140575079872204,False,21_Carlos PenaVega
21,7,Carlos PenaVega,Witney Carson,Actor/Actress,26,Eliminated Week 11,4,11.0,28.0,True,221.0,0.12669683257918551,False,21_Carlos PenaVega
21,8,Carlos PenaVega,Witney Carson,Actor/Actress,26,Eliminated Week 11,4,11.0,28.9998,True,193.9994,0.14948396747618806,False,21_Carlos PenaVega
21,9,Carlos PenaVega,Witney Carson,Actor/Actress,26,Eliminated Week 11,4,11.0,27.0,True,164.5,0.1641337386018237,False,21_Carlos PenaVega
21,10,Carlos PenaVega,Witney Carson,Actor/Actress,26,Eliminated Week 11,4,11.0,31.5,True,118.5,0.26582278481012656,False,21_Carlos PenaVega
21,11,Carlos PenaVega,Witney Carson,Actor/Actress,26,Eliminated Week 11,4,11.0,30.0,True,117.9999,0.25423750359110475,True,21_Carlos PenaVega
21,1,Victor Espinoza,Karina Smirnoff,Athlete,43,Eliminated Week 2,12,2.0,15.0,True,250.0,0.06,False,21_Victor Espinoza
21,2,Victor Espinoza,Karina Smirnoff,Athlete,43,Eliminated Week 2,12,2.0,18.5,True,270.5,0.06839186691312385,True,21_Victor Espinoza
21,3,Victor Espinoza,Karina Smirnoff,Athlete,43,Eliminated Week 2,12,2.0,0.0,False,305.0,0.0,False,21_Victor Espinoza
21,4,Victor Espinoza,Karina Smirnoff,Athlete,43,Eliminated Week 2,12,2.0,0.0,False,236.0,0.0,False,21_Victor Espinoza
21,5,Victor Espinoza,Karina Smirnoff,Athlete,43,Eliminated Week 2,12,2.0,0.0,False,301.0,0.0,False,21_Victor Espinoza
21,6,Victor Espinoza,Karina Smirnoff,Athlete,43,Eliminated Week 2,12,2.0,0.0,False,313.0,0.0,False,21_Victor Espinoza
21,7,Victor Espinoza,Karina Smirnoff,Athlete,43,Eliminated Week 2,12,2.0,0.0,False,221.0,0.0,False,21_Victor Espinoza
21,8,Victor Espinoza,Karina Smirnoff,Athlete,43,Eliminated Week 2,12,2.0,0.0,False,193.9994,0.0,False,21_Victor Espinoza
21,9,Victor Espinoza,Karina Smirnoff,Athlete,43,Eliminated Week 2,12,2.0,0.0,False,164.5,0.0,False,21_Victor Espinoza
21,10,Victor Espinoza,Karina Smirnoff,Athlete,43,Eliminated Week 2,12,2.0,0.0,False,118.5,0.0,False,21_Victor Espinoza
21,11,Victor Espinoza,Karina Smirnoff,Athlete,43,Eliminated Week 2,12,2.0,0.0,False,117.9999,0.0,False,21_Victor Espinoza
21,1,Alek Skarlatos,Lindsay Arnold,Military,22,3rd Place,3,,22.0,True,250.0,0.088,False,21_Alek Skarlatos
21,2,Alek Skarlatos,Lindsay Arnold,Military,22,3rd Place,3,,22.5,True,270.5,0.08317929759704251,False,21_Alek Skarlatos
21,3,Alek Skarlatos,Lindsay Arnold,Military,22,3rd Place,3,,33.0,True,305.0,0.10819672131147541,False,21_Alek Skarlatos
21,4,Alek Skarlatos,Lindsay Arnold,Military,22,3rd Place,3,,24.0,True,236.0,0.1016949152542373,False,21_Alek Skarlatos
21,5,Alek Skarlatos,Lindsay Arnold,Military,22,3rd Place,3,,29.0,True,301.0,0.09634551495016612,False,21_Alek Skarlatos
21,6,Alek Skarlatos,Lindsay Arnold,Military,22,3rd Place,3,,30.0,True,313.0,0.09584664536741214,False,21_Alek Skarlatos
21,7,Alek Skarlatos,Lindsay Arnold,Military,22,3rd Place,3,,26.5,True,221.0,0.11990950226244344,False,21_Alek Skarlatos
21,8,Alek Skarlatos,Lindsay Arnold,Military,22,3rd Place,3,,25.0,True,193.9994,0.12886637793725134,False,21_Alek Skarlatos
21,9,Alek Skarlatos,Lindsay Arnold,Military,22,3rd Place,3,,25.5,True,164.5,0.15501519756838905,False,21_Alek Skarlatos
21,10,Alek Skarlatos,Lindsay Arnold,Military,22,3rd Place,3,,28.5,True,118.5,0.24050632911392406,False,21_Alek Skarlatos
21,11,Alek Skarlatos,Lindsay Arnold,Military,22,3rd Place,3,,27.999899999999997,True,117.9999,0.23728748922668577,False,21_Alek Skarlatos
21,1,Chaka Khan,Keo Motsepe,Singer/Rapper,62,Eliminated Week 2,13,2.0,13.0,True,250.0,0.052,False,21_Chaka Khan
21,2,Chaka Khan,Keo Motsepe,Singer/Rapper,62,Eliminated Week 2,13,2.0,15.0,True,270.5,0.05545286506469501,True,21_Chaka Khan
21,3,Chaka Khan,Keo Motsepe,Singer/Rapper,62,Eliminated Week 2,13,2.0,0.0,False,305.0,0.0,False,21_Chaka Khan
21,4,Chaka Khan,Keo Motsepe,Singer/Rapper,62,Eliminated Week 2,13,2.0,0.0,False,236.0,0.0,False,21_Chaka Khan
21,5,Chaka Khan,Keo Motsepe,Singer/Rapper,62,Eliminated Week 2,13,2.0,0.0,False,301.0,0.0,False,21_Chaka Khan
21,6,Chaka Khan,Keo Motsepe,Singer/Rapper,62,Eliminated Week 2,13,2.0,0.0,False,313.0,0.0,False,21_Chaka Khan
21,7,Chaka Khan,Keo Motsepe,Singer/Rapper,62,Eliminated Week 2,13,2.0,0.0,False,221.0,0.0,False,21_Chaka Khan
21,8,Chaka Khan,Keo Motsepe,Singer/Rapper,62,Eliminated Week 2,13,2.0,0.0,False,193.9994,0.0,False,21_Chaka Khan
21,9,Chaka Khan,Keo Motsepe,Singer/Rapper,62,Eliminated Week 2,13,2.0,0.0,False,164.5,0.0,False,21_Chaka Khan
21,10,Chaka Khan,Keo Motsepe,Singer/Rapper,62,Eliminated Week 2,13,2.0,0.0,False,118.5,0.0,False,21_Chaka Khan
21,11,Chaka Khan,Keo Motsepe,Singer/Rapper,62,Eliminated Week 2,13,2.0,0.0,False,117.9999,0.0,False,21_Chaka Khan
21,1,Andy Grammer,Allison Holker,Singer/Rapper,31,Eliminated Week 8,7,8.0,21.0,True,250.0,0.084,False,21_Andy Grammer
21,2,Andy Grammer,Allison Holker,Singer/Rapper,31,Eliminated Week 8,7,8.0,22.0,True,270.5,0.08133086876155268,False,21_Andy Grammer
21,3,Andy Grammer,Allison Holker,Singer/Rapper,31,Eliminated Week 8,7,8.0,29.0,True,305.0,0.09508196721311475,False,21_Andy Grammer
21,4,Andy Grammer,Allison Holker,Singer/Rapper,31,Eliminated Week 8,7,8.0,23.0,True,236.0,0.09745762711864407,False,21_Andy Grammer
21,5,Andy Grammer,Allison Holker,Singer/Rapper,31,Eliminated Week 8,7,8.0,36.0,True,301.0,0.11960132890365449,False,21_Andy Grammer
21,6,Andy Grammer,Allison Holker,Singer/Rapper,31,Eliminated Week 8,7,8.0,40.0,True,313.0,0.12779552715654952,False,21_Andy Grammer
21,7,Andy Grammer,Allison Holker,Singer/Rapper,31,Eliminated Week 8,7,8.0,28.0,True,221.0,0.12669683257918551,False,21_Andy Grammer
21,8,Andy Grammer,Allison Holker,Singer/Rapper,31,Eliminated Week 8,7,8.0,23.9998,True,193.9994,0.1237106918887378,True,21_Andy Grammer
21,9,Andy Grammer,Allison Holker,Singer/Rapper,31,Eliminated Week 8,7,8.0,0.0,False,164.5,0.0,False,21_Andy Grammer
21,10,Andy Grammer,Allison Holker,Singer/Rapper,31,Eliminated Week 8,7,8.0,0.0,False,118.5,0.0,False,21_Andy Grammer
21,11,Andy Grammer,Allison Holker,Singer/Rapper,31,Eliminated Week 8,7,8.0,0.0,False,117.9999,0.0,False,21_Andy Grammer
21,1,Tamar Braxton,Valentin Chmerkovskiy,Singer/Rapper,38,Withdrew,5,,23.0,True,250.0,0.092,False,21_Tamar Braxton
21,2,Tamar Braxton,Valentin Chmerkovskiy,Singer/Rapper,38,Withdrew,5,,24.5,True,270.5,0.09057301293900184,False,21_Tamar Braxton
21,3,Tamar Braxton,Valentin Chmerkovskiy,Singer/Rapper,38,Withdrew,5,,33.0,True,305.0,0.10819672131147541,False,21_Tamar Braxton
21,4,Tamar Braxton,Valentin Chmerkovskiy,Singer/Rapper,38,Withdrew,5,,27.0,True,236.0,0.11440677966101695,False,21_Tamar Braxton
21,5,Tamar Braxton,Valentin Chmerkovskiy,Singer/Rapper,38,Withdrew,5,,29.0,True,301.0,0.09634551495016612,False,21_Tamar Braxton
21,6,Tamar Braxton,Valentin Chmerkovskiy,Singer/Rapper,38,Withdrew,5,,40.0,True,313.0,0.12779552715654952,False,21_Tamar Braxton
21,7,Tamar Braxton,Valentin Chmerkovskiy,Singer/Rapper,38,Withdrew,5,,27.0,True,221.0,0.12217194570135746,False,21_Tamar Braxton
21,8,Tamar Braxton,Valentin Chmerkovskiy,Singer/Rapper,38,Withdrew,5,,28.0,True,193.9994,0.1443303432897215,False,21_Tamar Braxton
21,9,Tamar Braxton,Valentin Chmerkovskiy,Singer/Rapper,38,Withdrew,5,,24.5,True,164.5,0.14893617021276595,False,21_Tamar Braxton
21,10,Tamar Braxton,Valentin Chmerkovskiy,Singer/Rapper,38,Withdrew,5,,0.0,False,118.5,0.0,False,21_Tamar Braxton
21,11,Tamar Braxton,Valentin Chmerkovskiy,Singer/Rapper,38,Withdrew,5,,0.0,False,117.9999,0.0,False,21_Tamar Braxton
21,1,Nick Carter,Sharna Burgess,Singer/Rapper,35,2nd Place,2,,24.0,True,250.0,0.096,False,21_Nick Carter
21,2,Nick Carter,Sharna Burgess,Singer/Rapper,35,2nd Place,2,,22.5,True,270.5,0.08317929759704251,False,21_Nick Carter
21,3,Nick Carter,Sharna Burgess,Singer/Rapper,35,2nd Place,2,,36.0,True,305.0,0.1180327868852459,False,21_Nick Carter
21,4,Nick Carter,Sharna Burgess,Singer/Rapper,35,2nd Place,2,,27.0,True,236.0,0.11440677966101695,False,21_Nick Carter
21,5,Nick Carter,Sharna Burgess,Singer/Rapper,35,2nd Place,2,,35.0,True,301.0,0.11627906976744186,False,21_Nick Carter
21,6,Nick Carter,Sharna Burgess,Singer/Rapper,35,2nd Place,2,,39.0,True,313.0,0.12460063897763578,False,21_Nick Carter
21,7,Nick Carter,Sharna Burgess,Singer/Rapper,35,2nd Place,2,,27.0,True,221.0,0.12217194570135746,False,21_Nick Carter
21,8,Nick Carter,Sharna Burgess,Singer/Rapper,35,2nd Place,2,,33.0,True,193.9994,0.17010361887717176,False,21_Nick Carter
21,9,Nick Carter,Sharna Burgess,Singer/Rapper,35,2nd Place,2,,27.5,True,164.5,0.16717325227963525,False,21_Nick Carter
21,10,Nick Carter,Sharna Burgess,Singer/Rapper,35,2nd Place,2,,27.0,True,118.5,0.22784810126582278,False,21_Nick Carter
21,11,Nick Carter,Sharna Burgess,Singer/Rapper,35,2nd Place,2,,30.0,True,117.9999,0.25423750359110475,False,21_Nick Carter
21,1,Hayes Grier,Emma Slater,Social Media Personality,15,Eliminated Week 7,8,7.0,21.0,True,250.0,0.084,False,21_Hayes Grier
21,2,Hayes Grier,Emma Slater,Social Media Personality,15,Eliminated Week 7,8,7.0,22.5,True,270.5,0.08317929759704251,False,21_Hayes Grier
21,3,Hayes Grier,Emma Slater,Social Media Personality,15,Eliminated Week 7,8,7.0,30.0,True,305.0,0.09836065573770492,False,21_Hayes Grier
21,4,Hayes Grier,Emma Slater,Social Media Personality,15,Eliminated Week 7,8,7.0,27.0,True,236.0,0.11440677966101695,False,21_Hayes Grier
21,5,Hayes Grier,Emma Slater,Social Media Personality,15,Eliminated Week 7,8,7.0,30.0,True,301.0,0.09966777408637874,False,21_Hayes Grier
21,6,Hayes Grier,Emma Slater,Social Media Personality,15,Eliminated Week 7,8,7.0,32.0,True,313.0,0.10223642172523961,False,21_Hayes Grier
21,7,Hayes Grier,Emma Slater,Social Media Personality,15,Eliminated Week 7,8,7.0,28.0,True,221.0,0.12669683257918551,True,21_Hayes Grier
21,8,Hayes Grier,Emma Slater,Social Media Personality,15,Eliminated Week 7,8,7.0,0.0,False,193.9994,0.0,False,21_Hayes Grier
21,9,Hayes Grier,Emma Slater,Social Media Personality,15,Eliminated Week 7,8,7.0,0.0,False,164.5,0.0,False,21_Hayes Grier
21,10,Hayes Grier,Emma Slater,Social Media Personality,15,Eliminated Week 7,8,7.0,0.0,False,118.5,0.0,False,21_Hayes Grier
21,11,Hayes Grier,Emma Slater,Social Media Personality,15,Eliminated Week 7,8,7.0,0.0,False,117.9999,0.0,False,21_Hayes Grier
21,1,Bindi Irwin,Derek Hough,TV Personality,17,1st Place,1,,24.0,True,250.0,0.096,False,21_Bindi Irwin
21,2,Bindi Irwin,Derek Hough,TV Personality,17,1st Place,1,,24.0,True,270.5,0.08872458410351201,False,21_Bindi Irwin
21,3,Bindi Irwin,Derek Hough,TV Personality,17,1st Place,1,,32.0,True,305.0,0.10491803278688525,False,21_Bindi Irwin
21,4,Bindi Irwin,Derek Hough,TV Personality,17,1st Place,1,,28.0,True,236.0,0.11864406779661017,False,21_Bindi Irwin
21,5,Bindi Irwin,Derek Hough,TV Personality,17,1st Place,1,,37.0,True,301.0,0.12292358803986711,False,21_Bindi Irwin
21,6,Bindi Irwin,Derek Hough,TV Personality,17,1st Place,1,,40.0,True,313.0,0.12779552715654952,False,21_Bindi Irwin
21,7,Bindi Irwin,Derek Hough,TV Personality,17,1st Place,1,,29.0,True,221.0,0.13122171945701358,False,21_Bindi Irwin
21,8,Bindi Irwin,Derek Hough,TV Personality,17,1st Place,1,,28.0,True,193.9994,0.1443303432897215,False,21_Bindi Irwin
21,9,Bindi Irwin,Derek Hough,TV Personality,17,1st Place,1,,30.0,True,164.5,0.182370820668693,False,21_Bindi Irwin
21,10,Bindi Irwin,Derek Hough,TV Personality,17,1st Place,1,,31.5,True,118.5,0.26582278481012656,False,21_Bindi Irwin
21,11,Bindi Irwin,Derek Hough,TV Personality,17,1st Place,1,,30.0,True,117.9999,0.25423750359110475,False,21_Bindi Irwin
21,1,Kim Zolciak-Biermann,Tony Dovolani,TV Personality,37,Withdrew,11,,12.0,True,250.0,0.048,False,21_Kim Zolciak-Biermann
21,2,Kim Zolciak-Biermann,Tony Dovolani,TV Personality,37,Withdrew,11,,18.5,True,270.5,0.06839186691312385,False,21_Kim Zolciak-Biermann
21,3,Kim Zolciak-Biermann,Tony Dovolani,TV Personality,37,Withdrew,11,,0.0,False,305.0,0.0,False,21_Kim Zolciak-Biermann
21,4,Kim Zolciak-Biermann,Tony Dovolani,TV Personality,37,Withdrew,11,,0.0,False,236.0,0.0,False,21_Kim Zolciak-Biermann
21,5,Kim Zolciak-Biermann,Tony Dovolani,TV Personality,37,Withdrew,11,,0.0,False,301.0,0.0,False,21_Kim Zolciak-Biermann
21,6,Kim Zolciak-Biermann,Tony Dovolani,TV Personality,37,Withdrew,11,,0.0,False,313.0,0.0,False,21_Kim Zolciak-Biermann
21,7,Kim Zolciak-Biermann,Tony Dovolani,TV Personality,37,Withdrew,11,,0.0,False,221.0,0.0,False,21_Kim Zolciak-Biermann
21,8,Kim Zolciak-Biermann,Tony Dovolani,TV Personality,37,Withdrew,11,,0.0,False,193.9994,0.0,False,21_Kim Zolciak-Biermann
21,9,Kim Zolciak-Biermann,Tony Dovolani,TV Personality,37,Withdrew,11,,0.0,False,164.5,0.0,False,21_Kim Zolciak-Biermann
21,10,Kim Zolciak-Biermann,Tony Dovolani,TV Personality,37,Withdrew,11,,0.0,False,118.5,0.0,False,21_Kim Zolciak-Biermann
21,11,Kim Zolciak-Biermann,Tony Dovolani,TV Personality,37,Withdrew,11,,0.0,False,117.9999,0.0,False,21_Kim Zolciak-Biermann
21,1,Paula Deen,Louis van Amstel,TV Personality,68,Eliminated Week 6,9,6.0,15.0,True,250.0,0.06,False,21_Paula Deen
21,2,Paula Deen,Louis van Amstel,TV Personality,68,Eliminated Week 6,9,6.0,18.5,True,270.5,0.06839186691312385,False,21_Paula Deen
21,3,Paula Deen,Louis van Amstel,TV Personality,68,Eliminated Week 6,9,6.0,20.0,True,305.0,0.06557377049180328,False,21_Paula Deen
21,4,Paula Deen,Louis van Amstel,TV Personality,68,Eliminated Week 6,9,6.0,18.0,True,236.0,0.07627118644067797,False,21_Paula Deen
21,5,Paula Deen,Louis van Amstel,TV Personality,68,Eliminated Week 6,9,6.0,26.0,True,301.0,0.08637873754152824,False,21_Paula Deen
21,6,Paula Deen,Louis van Amstel,TV Personality,68,Eliminated Week 6,9,6.0,24.0,True,313.0,0.07667731629392971,True,21_Paula Deen
21,7,Paula Deen,Louis van Amstel,TV Personality,68,Eliminated Week 6,9,6.0,0.0,False,221.0,0.0,False,21_Paula Deen
21,8,Paula Deen,Louis van Amstel,TV Personality,68,Eliminated Week 6,9,6.0,0.0,False,193.9994,0.0,False,21_Paula Deen
21,9,Paula Deen,Louis van Amstel,TV Personality,68,Eliminated Week 6,9,6.0,0.0,False,164.5,0.0,False,21_Paula Deen
21,10,Paula Deen,Louis van Amstel,TV Personality,68,Eliminated Week 6,9,6.0,0.0,False,118.5,0.0,False,21_Paula Deen
21,11,Paula Deen,Louis van Amstel,TV Personality,68,Eliminated Week 6,9,6.0,0.0,False,117.9999,0.0,False,21_Paula Deen
22,1,Mischa Barton,Artem Chigvintsev,Actor/Actress,30,Eliminated Week 3,11,3.0,16.0,True,237.0,0.06751054852320675,False,22_Mischa Barton
22,2,Mischa Barton,Artem Chigvintsev,Actor/Actress,30,Eliminated Week 3,11,3.0,15.0,True,236.0,0.0635593220338983,False,22_Mischa Barton
22,3,Mischa Barton,Artem Chigvintsev,Actor/Actress,30,Eliminated Week 3,11,3.0,18.0,True,237.0,0.0759493670886076,True,22_Mischa Barton
22,4,Mischa Barton,Artem Chigvintsev,Actor/Actress,30,Eliminated Week 3,11,3.0,0.0,False,319.0,0.0,False,22_Mischa Barton
22,5,Mischa Barton,Artem Chigvintsev,Actor/Actress,30,Eliminated Week 3,11,3.0,0.0,False,276.0,0.0,False,22_Mischa Barton
22,6,Mischa Barton,Artem Chigvintsev,Actor/Actress,30,Eliminated Week 3,11,3.0,0.0,False,227.0,0.0,False,22_Mischa Barton
22,7,Mischa Barton,Artem Chigvintsev,Actor/Actress,30,Eliminated Week 3,11,3.0,0.0,False,214.0,0.0,False,22_Mischa Barton
22,8,Mischa Barton,Artem Chigvintsev,Actor/Actress,30,Eliminated Week 3,11,3.0,0.0,False,169.0,0.0,False,22_Mischa Barton
22,9,Mischa Barton,Artem Chigvintsev,Actor/Actress,30,Eliminated Week 3,11,3.0,0.0,False,143.5,0.0,False,22_Mischa Barton
22,10,Mischa Barton,Artem Chigvintsev,Actor/Actress,30,Eliminated Week 3,11,3.0,0.0,False,86.9996,0.0,False,22_Mischa Barton
22,1,Kim Fields,Sasha Farber,Actor/Actress,46,Eliminated Week 7,8,7.0,20.0,True,237.0,0.08438818565400844,False,22_Kim Fields
22,2,Kim Fields,Sasha Farber,Actor/Actress,46,Eliminated Week 7,8,7.0,19.0,True,236.0,0.08050847457627118,False,22_Kim Fields
22,3,Kim Fields,Sasha Farber,Actor/Actress,46,Eliminated Week 7,8,7.0,22.0,True,237.0,0.09282700421940929,False,22_Kim Fields
22,4,Kim Fields,Sasha Farber,Actor/Actress,46,Eliminated Week 7,8,7.0,32.0,True,319.0,0.10031347962382445,False,22_Kim Fields
22,5,Kim Fields,Sasha Farber,Actor/Actress,46,Eliminated Week 7,8,7.0,28.0,True,276.0,0.10144927536231885,False,22_Kim Fields
22,6,Kim Fields,Sasha Farber,Actor/Actress,46,Eliminated Week 7,8,7.0,24.0,True,227.0,0.10572687224669604,False,22_Kim Fields
22,7,Kim Fields,Sasha Farber,Actor/Actress,46,Eliminated Week 7,8,7.0,26.0,True,214.0,0.12149532710280374,True,22_Kim Fields
22,8,Kim Fields,Sasha Farber,Actor/Actress,46,Eliminated Week 7,8,7.0,0.0,False,169.0,0.0,False,22_Kim Fields
22,9,Kim Fields,Sasha Farber,Actor/Actress,46,Eliminated Week 7,8,7.0,0.0,False,143.5,0.0,False,22_Kim Fields
22,10,Kim Fields,Sasha Farber,Actor/Actress,46,Eliminated Week 7,8,7.0,0.0,False,86.9996,0.0,False,22_Kim Fields
22,1,Jodie Sweetin,Keo Motsepe,Actor/Actress,34,Eliminated Week 8,6,8.0,20.0,True,237.0,0.08438818565400844,False,22_Jodie Sweetin
22,2,Jodie Sweetin,Keo Motsepe,Actor/Actress,34,Eliminated Week 8,6,8.0,21.0,True,236.0,0.08898305084745763,False,22_Jodie Sweetin
22,3,Jodie Sweetin,Keo Motsepe,Actor/Actress,34,Eliminated Week 8,6,8.0,23.0,True,237.0,0.0970464135021097,False,22_Jodie Sweetin
22,4,Jodie Sweetin,Keo Motsepe,Actor/Actress,34,Eliminated Week 8,6,8.0,27.0,True,319.0,0.08463949843260188,False,22_Jodie Sweetin
22,5,Jodie Sweetin,Keo Motsepe,Actor/Actress,34,Eliminated Week 8,6,8.0,35.0,True,276.0,0.12681159420289856,False,22_Jodie Sweetin
22,6,Jodie Sweetin,Keo Motsepe,Actor/Actress,34,Eliminated Week 8,6,8.0,25.0,True,227.0,0.11013215859030837,False,22_Jodie Sweetin
22,7,Jodie Sweetin,Keo Motsepe,Actor/Actress,34,Eliminated Week 8,6,8.0,25.5,True,214.0,0.1191588785046729,False,22_Jodie Sweetin
22,8,Jodie Sweetin,Keo Motsepe,Actor/Actress,34,Eliminated Week 8,6,8.0,30.0,True,169.0,0.17751479289940827,True,22_Jodie Sweetin
22,9,Jodie Sweetin,Keo Motsepe,Actor/Actress,34,Eliminated Week 8,6,8.0,0.0,False,143.5,0.0,False,22_Jodie Sweetin
22,10,Jodie Sweetin,Keo Motsepe,Actor/Actress,34,Eliminated Week 8,6,8.0,0.0,False,86.9996,0.0,False,22_Jodie Sweetin
22,1,Doug Flutie,Karina Smirnoff,Athlete,53,Eliminated Week 6,9,6.0,15.0,True,237.0,0.06329113924050633,False,22_Doug Flutie
22,2,Doug Flutie,Karina Smirnoff,Athlete,53,Eliminated Week 6,9,6.0,20.0,True,236.0,0.0847457627118644,False,22_Doug Flutie
22,3,Doug Flutie,Karina Smirnoff,Athlete,53,Eliminated Week 6,9,6.0,20.0,True,237.0,0.08438818565400844,False,22_Doug Flutie
22,4,Doug Flutie,Karina Smirnoff,Athlete,53,Eliminated Week 6,9,6.0,24.0,True,319.0,0.07523510971786834,False,22_Doug Flutie
22,5,Doug Flutie,Karina Smirnoff,Athlete,53,Eliminated Week 6,9,6.0,28.0,True,276.0,0.10144927536231885,False,22_Doug Flutie
22,6,Doug Flutie,Karina Smirnoff,Athlete,53,Eliminated Week 6,9,6.0,21.0,True,227.0,0.09251101321585903,True,22_Doug Flutie
22,7,Doug Flutie,Karina Smirnoff,Athlete,53,Eliminated Week 6,9,6.0,0.0,False,214.0,0.0,False,22_Doug Flutie
22,8,Doug Flutie,Karina Smirnoff,Athlete,53,Eliminated Week 6,9,6.0,0.0,False,169.0,0.0,False,22_Doug Flutie
22,9,Doug Flutie,Karina Smirnoff,Athlete,53,Eliminated Week 6,9,6.0,0.0,False,143.5,0.0,False,22_Doug Flutie
22,10,Doug Flutie,Karina Smirnoff,Athlete,53,Eliminated Week 6,9,6.0,0.0,False,86.9996,0.0,False,22_Doug Flutie
22,1,Von Miller,Witney Carson,Athlete,27,Eliminated Week 7,7,7.0,21.0,True,237.0,0.08860759493670886,False,22_Von Miller
22,2,Von Miller,Witney Carson,Athlete,27,Eliminated Week 7,7,7.0,20.0,True,236.0,0.0847457627118644,False,22_Von Miller
22,3,Von Miller,Witney Carson,Athlete,27,Eliminated Week 7,7,7.0,20.0,True,237.0,0.08438818565400844,False,22_Von Miller
22,4,Von Miller,Witney Carson,Athlete,27,Eliminated Week 7,7,7.0,32.0,True,319.0,0.10031347962382445,False,22_Von Miller
22,5,Von Miller,Witney Carson,Athlete,27,Eliminated Week 7,7,7.0,29.0,True,276.0,0.10507246376811594,False,22_Von Miller
22,6,Von Miller,Witney Carson,Athlete,27,Eliminated Week 7,7,7.0,24.0,True,227.0,0.10572687224669604,False,22_Von Miller
22,7,Von Miller,Witney Carson,Athlete,27,Eliminated Week 7,7,7.0,26.0,True,214.0,0.12149532710280374,True,22_Von Miller
22,8,Von Miller,Witney Carson,Athlete,27,Eliminated Week 7,7,7.0,0.0,False,169.0,0.0,False,22_Von Miller
22,9,Von Miller,Witney Carson,Athlete,27,Eliminated Week 7,7,7.0,0.0,False,143.5,0.0,False,22_Von Miller
22,10,Von Miller,Witney Carson,Athlete,27,Eliminated Week 7,7,7.0,0.0,False,86.9996,0.0,False,22_Von Miller
22,1,Antonio Brown,Sharna Burgess,Athlete,27,Eliminated Week 9,5,9.0,21.0,True,237.0,0.08860759493670886,False,22_Antonio Brown
22,2,Antonio Brown,Sharna Burgess,Athlete,27,Eliminated Week 9,5,9.0,19.0,True,236.0,0.08050847457627118,False,22_Antonio Brown
22,3,Antonio Brown,Sharna Burgess,Athlete,27,Eliminated Week 9,5,9.0,20.0,True,237.0,0.08438818565400844,False,22_Antonio Brown
22,4,Antonio Brown,Sharna Burgess,Athlete,27,Eliminated Week 9,5,9.0,35.0,True,319.0,0.109717868338558,False,22_Antonio Brown
22,5,Antonio Brown,Sharna Burgess,Athlete,27,Eliminated Week 9,5,9.0,26.0,True,276.0,0.09420289855072464,False,22_Antonio Brown
22,6,Antonio Brown,Sharna Burgess,Athlete,27,Eliminated Week 9,5,9.0,27.0,True,227.0,0.11894273127753303,False,22_Antonio Brown
22,7,Antonio Brown,Sharna Burgess,Athlete,27,Eliminated Week 9,5,9.0,26.0,True,214.0,0.12149532710280374,False,22_Antonio Brown
22,8,Antonio Brown,Sharna Burgess,Athlete,27,Eliminated Week 9,5,9.0,27.0,True,169.0,0.15976331360946747,False,22_Antonio Brown
22,9,Antonio Brown,Sharna Burgess,Athlete,27,Eliminated Week 9,5,9.0,27.5,True,143.5,0.1916376306620209,True,22_Antonio Brown
22,10,Antonio Brown,Sharna Burgess,Athlete,27,Eliminated Week 9,5,9.0,0.0,False,86.9996,0.0,False,22_Antonio Brown
22,1,Paige VanZant,Mark Ballas,Athlete,22,2nd Place,2,,21.0,True,237.0,0.08860759493670886,False,22_Paige VanZant
22,2,Paige VanZant,Mark Ballas,Athlete,22,2nd Place,2,,24.0,True,236.0,0.1016949152542373,False,22_Paige VanZant
22,3,Paige VanZant,Mark Ballas,Athlete,22,2nd Place,2,,23.0,True,237.0,0.0970464135021097,False,22_Paige VanZant
22,4,Paige VanZant,Mark Ballas,Athlete,22,2nd Place,2,,36.0,True,319.0,0.11285266457680251,False,22_Paige VanZant
22,5,Paige VanZant,Mark Ballas,Athlete,22,2nd Place,2,,31.0,True,276.0,0.11231884057971014,False,22_Paige VanZant
22,6,Paige VanZant,Mark Ballas,Athlete,22,2nd Place,2,,28.0,True,227.0,0.12334801762114538,False,22_Paige VanZant
22,7,Paige VanZant,Mark Ballas,Athlete,22,2nd Place,2,,27.5,True,214.0,0.12850467289719625,False,22_Paige VanZant
22,8,Paige VanZant,Mark Ballas,Athlete,22,2nd Place,2,,28.0,True,169.0,0.16568047337278108,False,22_Paige VanZant
22,9,Paige VanZant,Mark Ballas,Athlete,22,2nd Place,2,,29.5,True,143.5,0.20557491289198607,False,22_Paige VanZant
22,10,Paige VanZant,Mark Ballas,Athlete,22,2nd Place,2,,29.666600000000003,True,86.9996,0.340996970101012,False,22_Paige VanZant
22,1,Geraldo Rivera,Edyta Sliwinska,Journalist,72,Eliminated Week 2,12,2.0,13.0,True,237.0,0.05485232067510549,False,22_Geraldo Rivera
22,2,Geraldo Rivera,Edyta Sliwinska,Journalist,72,Eliminated Week 2,12,2.0,13.0,True,236.0,0.05508474576271186,True,22_Geraldo Rivera
22,3,Geraldo Rivera,Edyta Sliwinska,Journalist,72,Eliminated Week 2,12,2.0,0.0,False,237.0,0.0,False,22_Geraldo Rivera
22,4,Geraldo Rivera,Edyta Sliwinska,Journalist,72,Eliminated Week 2,12,2.0,0.0,False,319.0,0.0,False,22_Geraldo Rivera
22,5,Geraldo Rivera,Edyta Sliwinska,Journalist,72,Eliminated Week 2,12,2.0,0.0,False,276.0,0.0,False,22_Geraldo Rivera
22,6,Geraldo Rivera,Edyta Sliwinska,Journalist,72,Eliminated Week 2,12,2.0,0.0,False,227.0,0.0,False,22_Geraldo Rivera
22,7,Geraldo Rivera,Edyta Sliwinska,Journalist,72,Eliminated Week 2,12,2.0,0.0,False,214.0,0.0,False,22_Geraldo Rivera
22,8,Geraldo Rivera,Edyta Sliwinska,Journalist,72,Eliminated Week 2,12,2.0,0.0,False,169.0,0.0,False,22_Geraldo Rivera
22,9,Geraldo Rivera,Edyta Sliwinska,Journalist,72,Eliminated Week 2,12,2.0,0.0,False,143.5,0.0,False,22_Geraldo Rivera
22,10,Geraldo Rivera,Edyta Sliwinska,Journalist,72,Eliminated Week 2,12,2.0,0.0,False,86.9996,0.0,False,22_Geraldo Rivera
22,1,Nyle DiMarco,Peta Murgatroyd,Model,26,1st Place,1,,23.0,True,237.0,0.0970464135021097,False,22_Nyle DiMarco
22,2,Nyle DiMarco,Peta Murgatroyd,Model,26,1st Place,1,,20.0,True,236.0,0.0847457627118644,False,22_Nyle DiMarco
22,3,Nyle DiMarco,Peta Murgatroyd,Model,26,1st Place,1,,25.0,True,237.0,0.10548523206751055,False,22_Nyle DiMarco
22,4,Nyle DiMarco,Peta Murgatroyd,Model,26,1st Place,1,,34.0,True,319.0,0.10658307210031348,False,22_Nyle DiMarco
22,5,Nyle DiMarco,Peta Murgatroyd,Model,26,1st Place,1,,37.0,True,276.0,0.13405797101449277,False,22_Nyle DiMarco
22,6,Nyle DiMarco,Peta Murgatroyd,Model,26,1st Place,1,,25.0,True,227.0,0.11013215859030837,False,22_Nyle DiMarco
22,7,Nyle DiMarco,Peta Murgatroyd,Model,26,1st Place,1,,28.0,True,214.0,0.1308411214953271,False,22_Nyle DiMarco
22,8,Nyle DiMarco,Peta Murgatroyd,Model,26,1st Place,1,,29.0,True,169.0,0.17159763313609466,False,22_Nyle DiMarco
22,9,Nyle DiMarco,Peta Murgatroyd,Model,26,1st Place,1,,28.5,True,143.5,0.1986062717770035,False,22_Nyle DiMarco
22,10,Nyle DiMarco,Peta Murgatroyd,Model,26,1st Place,1,,28.9998,True,86.9996,0.3333325670462853,False,22_Nyle DiMarco
22,1,Ginger Zee,Valentin Chmerkovskiy,News Anchor,35,3rd Place,3,,23.0,True,237.0,0.0970464135021097,False,22_Ginger Zee
22,2,Ginger Zee,Valentin Chmerkovskiy,News Anchor,35,3rd Place,3,,21.0,True,236.0,0.08898305084745763,False,22_Ginger Zee
22,3,Ginger Zee,Valentin Chmerkovskiy,News Anchor,35,3rd Place,3,,21.0,True,237.0,0.08860759493670886,False,22_Ginger Zee
22,4,Ginger Zee,Valentin Chmerkovskiy,News Anchor,35,3rd Place,3,,36.0,True,319.0,0.11285266457680251,False,22_Ginger Zee
22,5,Ginger Zee,Valentin Chmerkovskiy,News Anchor,35,3rd Place,3,,32.0,True,276.0,0.11594202898550725,False,22_Ginger Zee
22,6,Ginger Zee,Valentin Chmerkovskiy,News Anchor,35,3rd Place,3,,24.0,True,227.0,0.10572687224669604,False,22_Ginger Zee
22,7,Ginger Zee,Valentin Chmerkovskiy,News Anchor,35,3rd Place,3,,27.5,True,214.0,0.12850467289719625,False,22_Ginger Zee
22,8,Ginger Zee,Valentin Chmerkovskiy,News Anchor,35,3rd Place,3,,30.0,True,169.0,0.17751479289940827,False,22_Ginger Zee
22,9,Ginger Zee,Valentin Chmerkovskiy,News Anchor,35,3rd Place,3,,28.0,True,143.5,0.1951219512195122,False,22_Ginger Zee
22,10,Ginger Zee,Valentin Chmerkovskiy,News Anchor,35,3rd Place,3,,28.333199999999998,True,86.9996,0.32567046285270274,False,22_Ginger Zee
22,1,Wanya Morris,Lindsay Arnold,Singer/Rapper,42,Eliminated Week 9,4,9.0,23.0,True,237.0,0.0970464135021097,False,22_Wanya Morris
22,2,Wanya Morris,Lindsay Arnold,Singer/Rapper,42,Eliminated Week 9,4,9.0,24.0,True,236.0,0.1016949152542373,False,22_Wanya Morris
22,3,Wanya Morris,Lindsay Arnold,Singer/Rapper,42,Eliminated Week 9,4,9.0,24.0,True,237.0,0.10126582278481013,False,22_Wanya Morris
22,4,Wanya Morris,Lindsay Arnold,Singer/Rapper,42,Eliminated Week 9,4,9.0,35.0,True,319.0,0.109717868338558,False,22_Wanya Morris
22,5,Wanya Morris,Lindsay Arnold,Singer/Rapper,42,Eliminated Week 9,4,9.0,30.0,True,276.0,0.10869565217391304,False,22_Wanya Morris
22,6,Wanya Morris,Lindsay Arnold,Singer/Rapper,42,Eliminated Week 9,4,9.0,29.0,True,227.0,0.1277533039647577,False,22_Wanya Morris
22,7,Wanya Morris,Lindsay Arnold,Singer/Rapper,42,Eliminated Week 9,4,9.0,27.5,True,214.0,0.12850467289719625,False,22_Wanya Morris
22,8,Wanya Morris,Lindsay Arnold,Singer/Rapper,42,Eliminated Week 9,4,9.0,25.0,True,169.0,0.14792899408284024,False,22_Wanya Morris
22,9,Wanya Morris,Lindsay Arnold,Singer/Rapper,42,Eliminated Week 9,4,9.0,30.0,True,143.5,0.20905923344947736,True,22_Wanya Morris
22,10,Wanya Morris,Lindsay Arnold,Singer/Rapper,42,Eliminated Week 9,4,9.0,0.0,False,86.9996,0.0,False,22_Wanya Morris
22,1,Marla Maples,Tony Dovolani,TV Personality,52,Eliminated Week 4,10,4.0,21.0,True,237.0,0.08860759493670886,False,22_Marla Maples
22,2,Marla Maples,Tony Dovolani,TV Personality,52,Eliminated Week 4,10,4.0,20.0,True,236.0,0.0847457627118644,False,22_Marla Maples
22,3,Marla Maples,Tony Dovolani,TV Personality,52,Eliminated Week 4,10,4.0,21.0,True,237.0,0.08860759493670886,False,22_Marla Maples
22,4,Marla Maples,Tony Dovolani,TV Personality,52,Eliminated Week 4,10,4.0,28.0,True,319.0,0.0877742946708464,True,22_Marla Maples
22,5,Marla Maples,Tony Dovolani,TV Personality,52,Eliminated Week 4,10,4.0,0.0,False,276.0,0.0,False,22_Marla Maples
22,6,Marla Maples,Tony Dovolani,TV Personality,52,Eliminated Week 4,10,4.0,0.0,False,227.0,0.0,False,22_Marla Maples
22,7,Marla Maples,Tony Dovolani,TV Personality,52,Eliminated Week 4,10,4.0,0.0,False,214.0,0.0,False,22_Marla Maples
22,8,Marla Maples,Tony Dovolani,TV Personality,52,Eliminated Week 4,10,4.0,0.0,False,169.0,0.0,False,22_Marla Maples
22,9,Marla Maples,Tony Dovolani,TV Personality,52,Eliminated Week 4,10,4.0,0.0,False,143.5,0.0,False,22_Marla Maples
22,10,Marla Maples,Tony Dovolani,TV Personality,52,Eliminated Week 4,10,4.0,0.0,False,86.9996,0.0,False,22_Marla Maples
23,1,Jake T. Austin,Jenna Johnson,Actor/Actress,21,Eliminated Week 2,13,2.0,22.0,True,330.0,0.06666666666666667,False,23_Jake T. Austin
23,2,Jake T. Austin,Jenna Johnson,Actor/Actress,21,Eliminated Week 2,13,2.0,24.0,True,352.0,0.06818181818181818,True,23_Jake T. Austin
23,3,Jake T. Austin,Jenna Johnson,Actor/Actress,21,Eliminated Week 2,13,2.0,0.0,False,325.0,0.0,False,23_Jake T. Austin
23,4,Jake T. Austin,Jenna Johnson,Actor/Actress,21,Eliminated Week 2,13,2.0,0.0,False,261.0,0.0,False,23_Jake T. Austin
23,5,Jake T. Austin,Jenna Johnson,Actor/Actress,21,Eliminated Week 2,13,2.0,0.0,False,230.0,0.0,False,23_Jake T. Austin
23,6,Jake T. Austin,Jenna Johnson,Actor/Actress,21,Eliminated Week 2,13,2.0,0.0,False,305.0,0.0,False,23_Jake T. Austin
23,7,Jake T. Austin,Jenna Johnson,Actor/Actress,21,Eliminated Week 2,13,2.0,0.0,False,275.5,0.0,False,23_Jake T. Austin
23,8,Jake T. Austin,Jenna Johnson,Actor/Actress,21,Eliminated Week 2,13,2.0,0.0,False,200.9998,0.0,False,23_Jake T. Austin
23,9,Jake T. Austin,Jenna Johnson,Actor/Actress,21,Eliminated Week 2,13,2.0,0.0,False,227.0,0.0,False,23_Jake T. Austin
23,10,Jake T. Austin,Jenna Johnson,Actor/Actress,21,Eliminated Week 2,13,2.0,0.0,False,146.5,0.0,False,23_Jake T. Austin
23,11,Jake T. Austin,Jenna Johnson,Actor/Actress,21,Eliminated Week 2,13,2.0,0.0,False,152.1661,0.0,False,23_Jake T. Austin
23,1,Maureen McCormick,Artem Chigvintsev,Actor/Actress,60,Eliminated Week 7,8,7.0,22.0,True,330.0,0.06666666666666667,False,23_Maureen McCormick
23,2,Maureen McCormick,Artem Chigvintsev,Actor/Actress,60,Eliminated Week 7,8,7.0,26.0,True,352.0,0.07386363636363637,False,23_Maureen McCormick
23,3,Maureen McCormick,Artem Chigvintsev,Actor/Actress,60,Eliminated Week 7,8,7.0,28.0,True,325.0,0.08615384615384615,False,23_Maureen McCormick
23,4,Maureen McCormick,Artem Chigvintsev,Actor/Actress,60,Eliminated Week 7,8,7.0,24.0,True,261.0,0.09195402298850575,False,23_Maureen McCormick
23,5,Maureen McCormick,Artem Chigvintsev,Actor/Actress,60,Eliminated Week 7,8,7.0,24.0,True,230.0,0.10434782608695652,False,23_Maureen McCormick
23,6,Maureen McCormick,Artem Chigvintsev,Actor/Actress,60,Eliminated Week 7,8,7.0,31.0,True,305.0,0.10163934426229508,False,23_Maureen McCormick
23,7,Maureen McCormick,Artem Chigvintsev,Actor/Actress,60,Eliminated Week 7,8,7.0,33.0,True,275.5,0.11978221415607986,True,23_Maureen McCormick
23,8,Maureen McCormick,Artem Chigvintsev,Actor/Actress,60,Eliminated Week 7,8,7.0,0.0,False,200.9998,0.0,False,23_Maureen McCormick
23,9,Maureen McCormick,Artem Chigvintsev,Actor/Actress,60,Eliminated Week 7,8,7.0,0.0,False,227.0,0.0,False,23_Maureen McCormick
23,10,Maureen McCormick,Artem Chigvintsev,Actor/Actress,60,Eliminated Week 7,8,7.0,0.0,False,146.5,0.0,False,23_Maureen McCormick
23,11,Maureen McCormick,Artem Chigvintsev,Actor/Actress,60,Eliminated Week 7,8,7.0,0.0,False,152.1661,0.0,False,23_Maureen McCormick
23,1,Marilu Henner,Derek Hough,Actor/Actress,64,Eliminated Week 9,6,9.0,27.0,True,330.0,0.08181818181818182,False,23_Marilu Henner
23,2,Marilu Henner,Derek Hough,Actor/Actress,64,Eliminated Week 9,6,9.0,27.0,True,352.0,0.07670454545454546,False,23_Marilu Henner
23,3,Marilu Henner,Derek Hough,Actor/Actress,64,Eliminated Week 9,6,9.0,28.0,True,325.0,0.08615384615384615,False,23_Marilu Henner
23,4,Marilu Henner,Derek Hough,Actor/Actress,64,Eliminated Week 9,6,9.0,21.0,True,261.0,0.08045977011494253,False,23_Marilu Henner
23,5,Marilu Henner,Derek Hough,Actor/Actress,64,Eliminated Week 9,6,9.0,27.0,True,230.0,0.11739130434782609,False,23_Marilu Henner
23,6,Marilu Henner,Derek Hough,Actor/Actress,64,Eliminated Week 9,6,9.0,34.0,True,305.0,0.11147540983606558,False,23_Marilu Henner
23,7,Marilu Henner,Derek Hough,Actor/Actress,64,Eliminated Week 9,6,9.0,32.0,True,275.5,0.1161524500907441,False,23_Marilu Henner
23,8,Marilu Henner,Derek Hough,Actor/Actress,64,Eliminated Week 9,6,9.0,23.0,True,200.9998,0.11442797455519857,False,23_Marilu Henner
23,9,Marilu Henner,Derek Hough,Actor/Actress,64,Eliminated Week 9,6,9.0,36.0,True,227.0,0.15859030837004406,True,23_Marilu Henner
23,10,Marilu Henner,Derek Hough,Actor/Actress,64,Eliminated Week 9,6,9.0,0.0,False,146.5,0.0,False,23_Marilu Henner
23,11,Marilu Henner,Derek Hough,Actor/Actress,64,Eliminated Week 9,6,9.0,0.0,False,152.1661,0.0,False,23_Marilu Henner
23,1,Ryan Lochte,Cheryl Burke,Athlete,32,Eliminated Week 8,7,8.0,24.0,True,330.0,0.07272727272727272,False,23_Ryan Lochte
23,2,Ryan Lochte,Cheryl Burke,Athlete,32,Eliminated Week 8,7,8.0,24.0,True,352.0,0.06818181818181818,False,23_Ryan Lochte
23,3,Ryan Lochte,Cheryl Burke,Athlete,32,Eliminated Week 8,7,8.0,25.0,True,325.0,0.07692307692307693,False,23_Ryan Lochte
23,4,Ryan Lochte,Cheryl Burke,Athlete,32,Eliminated Week 8,7,8.0,22.0,True,261.0,0.0842911877394636,False,23_Ryan Lochte
23,5,Ryan Lochte,Cheryl Burke,Athlete,32,Eliminated Week 8,7,8.0,24.0,True,230.0,0.10434782608695652,False,23_Ryan Lochte
23,6,Ryan Lochte,Cheryl Burke,Athlete,32,Eliminated Week 8,7,8.0,30.0,True,305.0,0.09836065573770492,False,23_Ryan Lochte
23,7,Ryan Lochte,Cheryl Burke,Athlete,32,Eliminated Week 8,7,8.0,33.0,True,275.5,0.11978221415607986,False,23_Ryan Lochte
23,8,Ryan Lochte,Cheryl Burke,Athlete,32,Eliminated Week 8,7,8.0,26.0,True,200.9998,0.12935336254065924,True,23_Ryan Lochte
23,9,Ryan Lochte,Cheryl Burke,Athlete,32,Eliminated Week 8,7,8.0,0.0,False,227.0,0.0,False,23_Ryan Lochte
23,10,Ryan Lochte,Cheryl Burke,Athlete,32,Eliminated Week 8,7,8.0,0.0,False,146.5,0.0,False,23_Ryan Lochte
23,11,Ryan Lochte,Cheryl Burke,Athlete,32,Eliminated Week 8,7,8.0,0.0,False,152.1661,0.0,False,23_Ryan Lochte
23,1,Calvin Johnson Jr.,Lindsay Arnold,Athlete,30,3rd Place,3,,26.0,True,330.0,0.07878787878787878,False,23_Calvin Johnson Jr.
23,2,Calvin Johnson Jr.,Lindsay Arnold,Athlete,30,3rd Place,3,,28.0,True,352.0,0.07954545454545454,False,23_Calvin Johnson Jr.
23,3,Calvin Johnson Jr.,Lindsay Arnold,Athlete,30,3rd Place,3,,32.0,True,325.0,0.09846153846153846,False,23_Calvin Johnson Jr.
23,4,Calvin Johnson Jr.,Lindsay Arnold,Athlete,30,3rd Place,3,,23.0,True,261.0,0.08812260536398467,False,23_Calvin Johnson Jr.
23,5,Calvin Johnson Jr.,Lindsay Arnold,Athlete,30,3rd Place,3,,24.0,True,230.0,0.10434782608695652,False,23_Calvin Johnson Jr.
23,6,Calvin Johnson Jr.,Lindsay Arnold,Athlete,30,3rd Place,3,,37.0,True,305.0,0.12131147540983607,False,23_Calvin Johnson Jr.
23,7,Calvin Johnson Jr.,Lindsay Arnold,Athlete,30,3rd Place,3,,37.0,True,275.5,0.13430127041742287,False,23_Calvin Johnson Jr.
23,8,Calvin Johnson Jr.,Lindsay Arnold,Athlete,30,3rd Place,3,,30.0,True,200.9998,0.14925387985460684,False,23_Calvin Johnson Jr.
23,9,Calvin Johnson Jr.,Lindsay Arnold,Athlete,30,3rd Place,3,,37.0,True,227.0,0.16299559471365638,False,23_Calvin Johnson Jr.
23,10,Calvin Johnson Jr.,Lindsay Arnold,Athlete,30,3rd Place,3,,28.0,True,146.5,0.19112627986348124,False,23_Calvin Johnson Jr.
23,11,Calvin Johnson Jr.,Lindsay Arnold,Athlete,30,3rd Place,3,,38.3331,True,152.1661,0.25191616266698036,False,23_Calvin Johnson Jr.
23,1,Laurie Hernandez,Valentin Chmerkovskiy,Athlete,16,1st Place,1,,31.0,True,330.0,0.09393939393939393,False,23_Laurie Hernandez
23,2,Laurie Hernandez,Valentin Chmerkovskiy,Athlete,16,1st Place,1,,32.0,True,352.0,0.09090909090909091,False,23_Laurie Hernandez
23,3,Laurie Hernandez,Valentin Chmerkovskiy,Athlete,16,1st Place,1,,31.0,True,325.0,0.09538461538461539,False,23_Laurie Hernandez
23,4,Laurie Hernandez,Valentin Chmerkovskiy,Athlete,16,1st Place,1,,30.0,True,261.0,0.11494252873563218,False,23_Laurie Hernandez
23,5,Laurie Hernandez,Valentin Chmerkovskiy,Athlete,16,1st Place,1,,25.0,True,230.0,0.10869565217391304,False,23_Laurie Hernandez
23,6,Laurie Hernandez,Valentin Chmerkovskiy,Athlete,16,1st Place,1,,37.0,True,305.0,0.12131147540983607,False,23_Laurie Hernandez
23,7,Laurie Hernandez,Valentin Chmerkovskiy,Athlete,16,1st Place,1,,34.5,True,275.5,0.12522686025408347,False,23_Laurie Hernandez
23,8,Laurie Hernandez,Valentin Chmerkovskiy,Athlete,16,1st Place,1,,33.0,True,200.9998,0.1641792678400675,False,23_Laurie Hernandez
23,9,Laurie Hernandez,Valentin Chmerkovskiy,Athlete,16,1st Place,1,,40.0,True,227.0,0.1762114537444934,False,23_Laurie Hernandez
23,10,Laurie Hernandez,Valentin Chmerkovskiy,Athlete,16,1st Place,1,,30.0,True,146.5,0.20477815699658702,False,23_Laurie Hernandez
23,11,Laurie Hernandez,Valentin Chmerkovskiy,Athlete,16,1st Place,1,,39.333200000000005,True,152.1661,0.2584885858282496,False,23_Laurie Hernandez
23,1,Amber Rose,Maksim Chmerkoskiy,Model,32,Eliminated Week 6,9,6.0,24.0,True,330.0,0.07272727272727272,False,23_Amber Rose
23,2,Amber Rose,Maksim Chmerkoskiy,Model,32,Eliminated Week 6,9,6.0,24.0,True,352.0,0.06818181818181818,False,23_Amber Rose
23,3,Amber Rose,Maksim Chmerkoskiy,Model,32,Eliminated Week 6,9,6.0,25.0,True,325.0,0.07692307692307693,False,23_Amber Rose
23,4,Amber Rose,Maksim Chmerkoskiy,Model,32,Eliminated Week 6,9,6.0,24.0,True,261.0,0.09195402298850575,False,23_Amber Rose
23,5,Amber Rose,Maksim Chmerkoskiy,Model,32,Eliminated Week 6,9,6.0,24.0,True,230.0,0.10434782608695652,False,23_Amber Rose
23,6,Amber Rose,Maksim Chmerkoskiy,Model,32,Eliminated Week 6,9,6.0,28.0,True,305.0,0.09180327868852459,True,23_Amber Rose
23,7,Amber Rose,Maksim Chmerkoskiy,Model,32,Eliminated Week 6,9,6.0,0.0,False,275.5,0.0,False,23_Amber Rose
23,8,Amber Rose,Maksim Chmerkoskiy,Model,32,Eliminated Week 6,9,6.0,0.0,False,200.9998,0.0,False,23_Amber Rose
23,9,Amber Rose,Maksim Chmerkoskiy,Model,32,Eliminated Week 6,9,6.0,0.0,False,227.0,0.0,False,23_Amber Rose
23,10,Amber Rose,Maksim Chmerkoskiy,Model,32,Eliminated Week 6,9,6.0,0.0,False,146.5,0.0,False,23_Amber Rose
23,11,Amber Rose,Maksim Chmerkoskiy,Model,32,Eliminated Week 6,9,6.0,0.0,False,152.1661,0.0,False,23_Amber Rose
23,1,Rick Perry,Emma Slater,Politician,66,Eliminated Week 3,12,3.0,20.0,True,330.0,0.06060606060606061,False,23_Rick Perry
23,2,Rick Perry,Emma Slater,Politician,66,Eliminated Week 3,12,3.0,22.0,True,352.0,0.0625,False,23_Rick Perry
23,3,Rick Perry,Emma Slater,Politician,66,Eliminated Week 3,12,3.0,23.0,True,325.0,0.07076923076923076,True,23_Rick Perry
23,4,Rick Perry,Emma Slater,Politician,66,Eliminated Week 3,12,3.0,0.0,False,261.0,0.0,False,23_Rick Perry
23,5,Rick Perry,Emma Slater,Politician,66,Eliminated Week 3,12,3.0,0.0,False,230.0,0.0,False,23_Rick Perry
23,6,Rick Perry,Emma Slater,Politician,66,Eliminated Week 3,12,3.0,0.0,False,305.0,0.0,False,23_Rick Perry
23,7,Rick Perry,Emma Slater,Politician,66,Eliminated Week 3,12,3.0,0.0,False,275.5,0.0,False,23_Rick Perry
23,8,Rick Perry,Emma Slater,Politician,66,Eliminated Week 3,12,3.0,0.0,False,200.9998,0.0,False,23_Rick Perry
23,9,Rick Perry,Emma Slater,Politician,66,Eliminated Week 3,12,3.0,0.0,False,227.0,0.0,False,23_Rick Perry
23,10,Rick Perry,Emma Slater,Politician,66,Eliminated Week 3,12,3.0,0.0,False,146.5,0.0,False,23_Rick Perry
23,11,Rick Perry,Emma Slater,Politician,66,Eliminated Week 3,12,3.0,0.0,False,152.1661,0.0,False,23_Rick Perry
23,1,James Hinchcliffe,Sharna Burgess,Racing Driver,29,2nd Place,2,,31.0,True,330.0,0.09393939393939393,False,23_James Hinchcliffe
23,2,James Hinchcliffe,Sharna Burgess,Racing Driver,29,2nd Place,2,,29.0,True,352.0,0.08238636363636363,False,23_James Hinchcliffe
23,3,James Hinchcliffe,Sharna Burgess,Racing Driver,29,2nd Place,2,,29.0,True,325.0,0.08923076923076922,False,23_James Hinchcliffe
23,4,James Hinchcliffe,Sharna Burgess,Racing Driver,29,2nd Place,2,,28.0,True,261.0,0.10727969348659004,False,23_James Hinchcliffe
23,5,James Hinchcliffe,Sharna Burgess,Racing Driver,29,2nd Place,2,,29.0,True,230.0,0.12608695652173912,False,23_James Hinchcliffe
23,6,James Hinchcliffe,Sharna Burgess,Racing Driver,29,2nd Place,2,,38.0,True,305.0,0.12459016393442623,False,23_James Hinchcliffe
23,7,James Hinchcliffe,Sharna Burgess,Racing Driver,29,2nd Place,2,,37.0,True,275.5,0.13430127041742287,False,23_James Hinchcliffe
23,8,James Hinchcliffe,Sharna Burgess,Racing Driver,29,2nd Place,2,,34.9998,True,200.9998,0.1741285314711756,False,23_James Hinchcliffe
23,9,James Hinchcliffe,Sharna Burgess,Racing Driver,29,2nd Place,2,,36.0,True,227.0,0.15859030837004406,False,23_James Hinchcliffe
23,10,James Hinchcliffe,Sharna Burgess,Racing Driver,29,2nd Place,2,,29.5,True,146.5,0.20136518771331058,False,23_James Hinchcliffe
23,11,James Hinchcliffe,Sharna Burgess,Racing Driver,29,2nd Place,2,,38.9998,True,152.1661,0.25629755904896034,False,23_James Hinchcliffe
23,1,Babyface,Allison Holker,Singer/Rapper,57,Eliminated Week 4,11,4.0,26.0,True,330.0,0.07878787878787878,False,23_Babyface
23,2,Babyface,Allison Holker,Singer/Rapper,57,Eliminated Week 4,11,4.0,30.0,True,352.0,0.08522727272727272,False,23_Babyface
23,3,Babyface,Allison Holker,Singer/Rapper,57,Eliminated Week 4,11,4.0,25.0,True,325.0,0.07692307692307693,False,23_Babyface
23,4,Babyface,Allison Holker,Singer/Rapper,57,Eliminated Week 4,11,4.0,18.0,True,261.0,0.06896551724137931,True,23_Babyface
23,5,Babyface,Allison Holker,Singer/Rapper,57,Eliminated Week 4,11,4.0,0.0,False,230.0,0.0,False,23_Babyface
23,6,Babyface,Allison Holker,Singer/Rapper,57,Eliminated Week 4,11,4.0,0.0,False,305.0,0.0,False,23_Babyface
23,7,Babyface,Allison Holker,Singer/Rapper,57,Eliminated Week 4,11,4.0,0.0,False,275.5,0.0,False,23_Babyface
23,8,Babyface,Allison Holker,Singer/Rapper,57,Eliminated Week 4,11,4.0,0.0,False,200.9998,0.0,False,23_Babyface
23,9,Babyface,Allison Holker,Singer/Rapper,57,Eliminated Week 4,11,4.0,0.0,False,227.0,0.0,False,23_Babyface
23,10,Babyface,Allison Holker,Singer/Rapper,57,Eliminated Week 4,11,4.0,0.0,False,146.5,0.0,False,23_Babyface
23,11,Babyface,Allison Holker,Singer/Rapper,57,Eliminated Week 4,11,4.0,0.0,False,152.1661,0.0,False,23_Babyface
23,1,Vanilla Ice,Witney Carson,Singer/Rapper,48,Eliminated Week 4,10,4.0,25.0,True,330.0,0.07575757575757576,False,23_Vanilla Ice
23,2,Vanilla Ice,Witney Carson,Singer/Rapper,48,Eliminated Week 4,10,4.0,26.0,True,352.0,0.07386363636363637,False,23_Vanilla Ice
23,3,Vanilla Ice,Witney Carson,Singer/Rapper,48,Eliminated Week 4,10,4.0,23.0,True,325.0,0.07076923076923076,False,23_Vanilla Ice
23,4,Vanilla Ice,Witney Carson,Singer/Rapper,48,Eliminated Week 4,10,4.0,23.0,True,261.0,0.08812260536398467,True,23_Vanilla Ice
23,5,Vanilla Ice,Witney Carson,Singer/Rapper,48,Eliminated Week 4,10,4.0,0.0,False,230.0,0.0,False,23_Vanilla Ice
23,6,Vanilla Ice,Witney Carson,Singer/Rapper,48,Eliminated Week 4,10,4.0,0.0,False,305.0,0.0,False,23_Vanilla Ice
23,7,Vanilla Ice,Witney Carson,Singer/Rapper,48,Eliminated Week 4,10,4.0,0.0,False,275.5,0.0,False,23_Vanilla Ice
23,8,Vanilla Ice,Witney Carson,Singer/Rapper,48,Eliminated Week 4,10,4.0,0.0,False,200.9998,0.0,False,23_Vanilla Ice
23,9,Vanilla Ice,Witney Carson,Singer/Rapper,48,Eliminated Week 4,10,4.0,0.0,False,227.0,0.0,False,23_Vanilla Ice
23,10,Vanilla Ice,Witney Carson,Singer/Rapper,48,Eliminated Week 4,10,4.0,0.0,False,146.5,0.0,False,23_Vanilla Ice
23,11,Vanilla Ice,Witney Carson,Singer/Rapper,48,Eliminated Week 4,10,4.0,0.0,False,152.1661,0.0,False,23_Vanilla Ice
23,1,Jana Kramer,Gleb Savchenko,Singer/Rapper,32,Eliminated Week 11,4,11.0,27.0,True,330.0,0.08181818181818182,False,23_Jana Kramer
23,2,Jana Kramer,Gleb Savchenko,Singer/Rapper,32,Eliminated Week 11,4,11.0,29.0,True,352.0,0.08238636363636363,False,23_Jana Kramer
23,3,Jana Kramer,Gleb Savchenko,Singer/Rapper,32,Eliminated Week 11,4,11.0,26.0,True,325.0,0.08,False,23_Jana Kramer
23,4,Jana Kramer,Gleb Savchenko,Singer/Rapper,32,Eliminated Week 11,4,11.0,23.0,True,261.0,0.08812260536398467,False,23_Jana Kramer
23,5,Jana Kramer,Gleb Savchenko,Singer/Rapper,32,Eliminated Week 11,4,11.0,26.0,True,230.0,0.11304347826086956,False,23_Jana Kramer
23,6,Jana Kramer,Gleb Savchenko,Singer/Rapper,32,Eliminated Week 11,4,11.0,40.0,True,305.0,0.13114754098360656,False,23_Jana Kramer
23,7,Jana Kramer,Gleb Savchenko,Singer/Rapper,32,Eliminated Week 11,4,11.0,34.5,True,275.5,0.12522686025408347,False,23_Jana Kramer
23,8,Jana Kramer,Gleb Savchenko,Singer/Rapper,32,Eliminated Week 11,4,11.0,30.0,True,200.9998,0.14925387985460684,False,23_Jana Kramer
23,9,Jana Kramer,Gleb Savchenko,Singer/Rapper,32,Eliminated Week 11,4,11.0,40.0,True,227.0,0.1762114537444934,False,23_Jana Kramer
23,10,Jana Kramer,Gleb Savchenko,Singer/Rapper,32,Eliminated Week 11,4,11.0,29.0,True,146.5,0.19795221843003413,False,23_Jana Kramer
23,11,Jana Kramer,Gleb Savchenko,Singer/Rapper,32,Eliminated Week 11,4,11.0,35.5,True,152.1661,0.2332976924558098,True,23_Jana Kramer
23,1,Terra Jole,Sasha Farber,TV Personality,36,Eliminated Week 10,5,10.0,25.0,True,330.0,0.07575757575757576,False,23_Terra Jole
23,2,Terra Jole,Sasha Farber,TV Personality,36,Eliminated Week 10,5,10.0,31.0,True,352.0,0.08806818181818182,False,23_Terra Jole
23,3,Terra Jole,Sasha Farber,TV Personality,36,Eliminated Week 10,5,10.0,30.0,True,325.0,0.09230769230769231,False,23_Terra Jole
23,4,Terra Jole,Sasha Farber,TV Personality,36,Eliminated Week 10,5,10.0,25.0,True,261.0,0.09578544061302682,False,23_Terra Jole
23,5,Terra Jole,Sasha Farber,TV Personality,36,Eliminated Week 10,5,10.0,27.0,True,230.0,0.11739130434782609,False,23_Terra Jole
23,6,Terra Jole,Sasha Farber,TV Personality,36,Eliminated Week 10,5,10.0,30.0,True,305.0,0.09836065573770492,False,23_Terra Jole
23,7,Terra Jole,Sasha Farber,TV Personality,36,Eliminated Week 10,5,10.0,34.5,True,275.5,0.12522686025408347,False,23_Terra Jole
23,8,Terra Jole,Sasha Farber,TV Personality,36,Eliminated Week 10,5,10.0,24.0,True,200.9998,0.11940310388368545,False,23_Terra Jole
23,9,Terra Jole,Sasha Farber,TV Personality,36,Eliminated Week 10,5,10.0,38.0,True,227.0,0.16740088105726872,False,23_Terra Jole
23,10,Terra Jole,Sasha Farber,TV Personality,36,Eliminated Week 10,5,10.0,30.0,True,146.5,0.20477815699658702,True,23_Terra Jole
23,11,Terra Jole,Sasha Farber,TV Personality,36,Eliminated Week 10,5,10.0,0.0,False,152.1661,0.0,False,23_Terra Jole
24,1,Charo,Keo Motsepe,Actor/Actress,66,Eliminated Week 3,11,3.0,21.0,True,302.0,0.0695364238410596,False,24_Charo
24,2,Charo,Keo Motsepe,Actor/Actress,66,Eliminated Week 3,11,3.0,25.0,True,328.0,0.07621951219512195,False,24_Charo
24,3,Charo,Keo Motsepe,Actor/Actress,66,Eliminated Week 3,11,3.0,24.0,True,315.0,0.0761904761904762,True,24_Charo
24,4,Charo,Keo Motsepe,Actor/Actress,66,Eliminated Week 3,11,3.0,0.0,False,326.0,0.0,False,24_Charo
24,5,Charo,Keo Motsepe,Actor/Actress,66,Eliminated Week 3,11,3.0,0.0,False,304.0,0.0,False,24_Charo
24,6,Charo,Keo Motsepe,Actor/Actress,66,Eliminated Week 3,11,3.0,0.0,False,269.0,0.0,False,24_Charo
24,7,Charo,Keo Motsepe,Actor/Actress,66,Eliminated Week 3,11,3.0,0.0,False,253.0,0.0,False,24_Charo
24,8,Charo,Keo Motsepe,Actor/Actress,66,Eliminated Week 3,11,3.0,0.0,False,174.5,0.0,False,24_Charo
24,9,Charo,Keo Motsepe,Actor/Actress,66,Eliminated Week 3,11,3.0,0.0,False,151.5,0.0,False,24_Charo
24,10,Charo,Keo Motsepe,Actor/Actress,66,Eliminated Week 3,11,3.0,0.0,False,115.3331,0.0,False,24_Charo
24,1,Mr. T,Kym Herjavec,Actor/Actress,64,Eliminated Week 4,10,4.0,20.0,True,302.0,0.06622516556291391,False,24_Mr. T
24,2,Mr. T,Kym Herjavec,Actor/Actress,64,Eliminated Week 4,10,4.0,22.0,True,328.0,0.06707317073170732,False,24_Mr. T
24,3,Mr. T,Kym Herjavec,Actor/Actress,64,Eliminated Week 4,10,4.0,24.0,True,315.0,0.0761904761904762,False,24_Mr. T
24,4,Mr. T,Kym Herjavec,Actor/Actress,64,Eliminated Week 4,10,4.0,28.0,True,326.0,0.08588957055214724,True,24_Mr. T
24,5,Mr. T,Kym Herjavec,Actor/Actress,64,Eliminated Week 4,10,4.0,0.0,False,304.0,0.0,False,24_Mr. T
24,6,Mr. T,Kym Herjavec,Actor/Actress,64,Eliminated Week 4,10,4.0,0.0,False,269.0,0.0,False,24_Mr. T
24,7,Mr. T,Kym Herjavec,Actor/Actress,64,Eliminated Week 4,10,4.0,0.0,False,253.0,0.0,False,24_Mr. T
24,8,Mr. T,Kym Herjavec,Actor/Actress,64,Eliminated Week 4,10,4.0,0.0,False,174.5,0.0,False,24_Mr. T
24,9,Mr. T,Kym Herjavec,Actor/Actress,64,Eliminated Week 4,10,4.0,0.0,False,151.5,0.0,False,24_Mr. T
24,10,Mr. T,Kym Herjavec,Actor/Actress,64,Eliminated Week 4,10,4.0,0.0,False,115.3331,0.0,False,24_Mr. T
24,1,Heather Morris,Maksim Chmerkoskiy,Actor/Actress,30,Eliminated Week 6,8,6.0,28.0,True,302.0,0.09271523178807947,False,24_Heather Morris
24,2,Heather Morris,Maksim Chmerkoskiy,Actor/Actress,30,Eliminated Week 6,8,6.0,30.0,True,328.0,0.09146341463414634,False,24_Heather Morris
24,3,Heather Morris,Maksim Chmerkoskiy,Actor/Actress,30,Eliminated Week 6,8,6.0,33.0,True,315.0,0.10476190476190476,False,24_Heather Morris
24,4,Heather Morris,Maksim Chmerkoskiy,Actor/Actress,30,Eliminated Week 6,8,6.0,35.0,True,326.0,0.10736196319018405,False,24_Heather Morris
24,5,Heather Morris,Maksim Chmerkoskiy,Actor/Actress,30,Eliminated Week 6,8,6.0,34.0,True,304.0,0.1118421052631579,False,24_Heather Morris
24,6,Heather Morris,Maksim Chmerkoskiy,Actor/Actress,30,Eliminated Week 6,8,6.0,37.0,True,269.0,0.137546468401487,True,24_Heather Morris
24,7,Heather Morris,Maksim Chmerkoskiy,Actor/Actress,30,Eliminated Week 6,8,6.0,0.0,False,253.0,0.0,False,24_Heather Morris
24,8,Heather Morris,Maksim Chmerkoskiy,Actor/Actress,30,Eliminated Week 6,8,6.0,0.0,False,174.5,0.0,False,24_Heather Morris
24,9,Heather Morris,Maksim Chmerkoskiy,Actor/Actress,30,Eliminated Week 6,8,6.0,0.0,False,151.5,0.0,False,24_Heather Morris
24,10,Heather Morris,Maksim Chmerkoskiy,Actor/Actress,30,Eliminated Week 6,8,6.0,0.0,False,115.3331,0.0,False,24_Heather Morris
24,1,Nancy Kerrigan,Artem Chigvintsev,Athlete,47,Eliminated Week 7,7,7.0,28.0,True,302.0,0.09271523178807947,False,24_Nancy Kerrigan
24,2,Nancy Kerrigan,Artem Chigvintsev,Athlete,47,Eliminated Week 7,7,7.0,28.0,True,328.0,0.08536585365853659,False,24_Nancy Kerrigan
24,3,Nancy Kerrigan,Artem Chigvintsev,Athlete,47,Eliminated Week 7,7,7.0,33.0,True,315.0,0.10476190476190476,False,24_Nancy Kerrigan
24,4,Nancy Kerrigan,Artem Chigvintsev,Athlete,47,Eliminated Week 7,7,7.0,33.0,True,326.0,0.10122699386503067,False,24_Nancy Kerrigan
24,5,Nancy Kerrigan,Artem Chigvintsev,Athlete,47,Eliminated Week 7,7,7.0,36.0,True,304.0,0.11842105263157894,False,24_Nancy Kerrigan
24,6,Nancy Kerrigan,Artem Chigvintsev,Athlete,47,Eliminated Week 7,7,7.0,33.5,True,269.0,0.12453531598513011,False,24_Nancy Kerrigan
24,7,Nancy Kerrigan,Artem Chigvintsev,Athlete,47,Eliminated Week 7,7,7.0,36.0,True,253.0,0.1422924901185771,True,24_Nancy Kerrigan
24,8,Nancy Kerrigan,Artem Chigvintsev,Athlete,47,Eliminated Week 7,7,7.0,0.0,False,174.5,0.0,False,24_Nancy Kerrigan
24,9,Nancy Kerrigan,Artem Chigvintsev,Athlete,47,Eliminated Week 7,7,7.0,0.0,False,151.5,0.0,False,24_Nancy Kerrigan
24,10,Nancy Kerrigan,Artem Chigvintsev,Athlete,47,Eliminated Week 7,7,7.0,0.0,False,115.3331,0.0,False,24_Nancy Kerrigan
24,1,Bonner Bolton,Sharna Burgess,Athlete,29,Eliminated Week 8,5,8.0,22.0,True,302.0,0.0728476821192053,False,24_Bonner Bolton
24,2,Bonner Bolton,Sharna Burgess,Athlete,29,Eliminated Week 8,5,8.0,28.0,True,328.0,0.08536585365853659,False,24_Bonner Bolton
24,3,Bonner Bolton,Sharna Burgess,Athlete,29,Eliminated Week 8,5,8.0,24.0,True,315.0,0.0761904761904762,False,24_Bonner Bolton
24,4,Bonner Bolton,Sharna Burgess,Athlete,29,Eliminated Week 8,5,8.0,32.0,True,326.0,0.09815950920245399,False,24_Bonner Bolton
24,5,Bonner Bolton,Sharna Burgess,Athlete,29,Eliminated Week 8,5,8.0,30.0,True,304.0,0.09868421052631579,False,24_Bonner Bolton
24,6,Bonner Bolton,Sharna Burgess,Athlete,29,Eliminated Week 8,5,8.0,31.5,True,269.0,0.1171003717472119,False,24_Bonner Bolton
24,7,Bonner Bolton,Sharna Burgess,Athlete,29,Eliminated Week 8,5,8.0,31.0,True,253.0,0.1225296442687747,False,24_Bonner Bolton
24,8,Bonner Bolton,Sharna Burgess,Athlete,29,Eliminated Week 8,5,8.0,29.0,True,174.5,0.166189111747851,True,24_Bonner Bolton
24,9,Bonner Bolton,Sharna Burgess,Athlete,29,Eliminated Week 8,5,8.0,0.0,False,151.5,0.0,False,24_Bonner Bolton
24,10,Bonner Bolton,Sharna Burgess,Athlete,29,Eliminated Week 8,5,8.0,0.0,False,115.3331,0.0,False,24_Bonner Bolton
24,1,Simone Biles,Sasha Farber,Athlete,20,Eliminated Week 9,4,9.0,32.0,True,302.0,0.10596026490066225,False,24_Simone Biles
24,2,Simone Biles,Sasha Farber,Athlete,20,Eliminated Week 9,4,9.0,29.0,True,328.0,0.08841463414634146,False,24_Simone Biles
24,3,Simone Biles,Sasha Farber,Athlete,20,Eliminated Week 9,4,9.0,32.0,True,315.0,0.10158730158730159,False,24_Simone Biles
24,4,Simone Biles,Sasha Farber,Athlete,20,Eliminated Week 9,4,9.0,36.0,True,326.0,0.11042944785276074,False,24_Simone Biles
24,5,Simone Biles,Sasha Farber,Athlete,20,Eliminated Week 9,4,9.0,38.0,True,304.0,0.125,False,24_Simone Biles
24,6,Simone Biles,Sasha Farber,Athlete,20,Eliminated Week 9,4,9.0,34.5,True,269.0,0.12825278810408922,False,24_Simone Biles
24,7,Simone Biles,Sasha Farber,Athlete,20,Eliminated Week 9,4,9.0,39.0,True,253.0,0.1541501976284585,False,24_Simone Biles
24,8,Simone Biles,Sasha Farber,Athlete,20,Eliminated Week 9,4,9.0,36.0,True,174.5,0.20630372492836677,False,24_Simone Biles
24,9,Simone Biles,Sasha Farber,Athlete,20,Eliminated Week 9,4,9.0,40.0,True,151.5,0.264026402640264,True,24_Simone Biles
24,10,Simone Biles,Sasha Farber,Athlete,20,Eliminated Week 9,4,9.0,0.0,False,115.3331,0.0,False,24_Simone Biles
24,1,David Ross,Lindsay Arnold,Athlete,40,2nd Place,2,,28.0,True,302.0,0.09271523178807947,False,24_David Ross
24,2,David Ross,Lindsay Arnold,Athlete,40,2nd Place,2,,27.0,True,328.0,0.08231707317073171,False,24_David Ross
24,3,David Ross,Lindsay Arnold,Athlete,40,2nd Place,2,,31.0,True,315.0,0.09841269841269841,False,24_David Ross
24,4,David Ross,Lindsay Arnold,Athlete,40,2nd Place,2,,31.0,True,326.0,0.0950920245398773,False,24_David Ross
24,5,David Ross,Lindsay Arnold,Athlete,40,2nd Place,2,,29.0,True,304.0,0.09539473684210527,False,24_David Ross
24,6,David Ross,Lindsay Arnold,Athlete,40,2nd Place,2,,31.0,True,269.0,0.11524163568773234,False,24_David Ross
24,7,David Ross,Lindsay Arnold,Athlete,40,2nd Place,2,,32.0,True,253.0,0.12648221343873517,False,24_David Ross
24,8,David Ross,Lindsay Arnold,Athlete,40,2nd Place,2,,32.5,True,174.5,0.18624641833810887,False,24_David Ross
24,9,David Ross,Lindsay Arnold,Athlete,40,2nd Place,2,,35.0,True,151.5,0.23102310231023102,False,24_David Ross
24,10,David Ross,Lindsay Arnold,Athlete,40,2nd Place,2,,36.3333,True,115.3331,0.3150292500591764,False,24_David Ross
24,1,Rashad Jennings,Emma Slater,Athlete,32,1st Place,1,,31.0,True,302.0,0.10264900662251655,False,24_Rashad Jennings
24,2,Rashad Jennings,Emma Slater,Athlete,32,1st Place,1,,32.0,True,328.0,0.0975609756097561,False,24_Rashad Jennings
24,3,Rashad Jennings,Emma Slater,Athlete,32,1st Place,1,,28.0,True,315.0,0.08888888888888889,False,24_Rashad Jennings
24,4,Rashad Jennings,Emma Slater,Athlete,32,1st Place,1,,39.0,True,326.0,0.1196319018404908,False,24_Rashad Jennings
24,5,Rashad Jennings,Emma Slater,Athlete,32,1st Place,1,,32.0,True,304.0,0.10526315789473684,False,24_Rashad Jennings
24,6,Rashad Jennings,Emma Slater,Athlete,32,1st Place,1,,35.0,True,269.0,0.13011152416356878,False,24_Rashad Jennings
24,7,Rashad Jennings,Emma Slater,Athlete,32,1st Place,1,,39.0,True,253.0,0.1541501976284585,False,24_Rashad Jennings
24,8,Rashad Jennings,Emma Slater,Athlete,32,1st Place,1,,37.5,True,174.5,0.2148997134670487,False,24_Rashad Jennings
24,9,Rashad Jennings,Emma Slater,Athlete,32,1st Place,1,,38.5,True,151.5,0.25412541254125415,False,24_Rashad Jennings
24,10,Rashad Jennings,Emma Slater,Athlete,32,1st Place,1,,39.6666,True,115.3331,0.3439307536171316,False,24_Rashad Jennings
24,1,Chris Kattan,Witney Carson,Comedian,46,Eliminated Week 2,12,2.0,17.0,True,302.0,0.056291390728476824,False,24_Chris Kattan
24,2,Chris Kattan,Witney Carson,Comedian,46,Eliminated Week 2,12,2.0,22.0,True,328.0,0.06707317073170732,True,24_Chris Kattan
24,3,Chris Kattan,Witney Carson,Comedian,46,Eliminated Week 2,12,2.0,0.0,False,315.0,0.0,False,24_Chris Kattan
24,4,Chris Kattan,Witney Carson,Comedian,46,Eliminated Week 2,12,2.0,0.0,False,326.0,0.0,False,24_Chris Kattan
24,5,Chris Kattan,Witney Carson,Comedian,46,Eliminated Week 2,12,2.0,0.0,False,304.0,0.0,False,24_Chris Kattan
24,6,Chris Kattan,Witney Carson,Comedian,46,Eliminated Week 2,12,2.0,0.0,False,269.0,0.0,False,24_Chris Kattan
24,7,Chris Kattan,Witney Carson,Comedian,46,Eliminated Week 2,12,2.0,0.0,False,253.0,0.0,False,24_Chris Kattan
24,8,Chris Kattan,Witney Carson,Comedian,46,Eliminated Week 2,12,2.0,0.0,False,174.5,0.0,False,24_Chris Kattan
24,9,Chris Kattan,Witney Carson,Comedian,46,Eliminated Week 2,12,2.0,0.0,False,151.5,0.0,False,24_Chris Kattan
24,10,Chris Kattan,Witney Carson,Comedian,46,Eliminated Week 2,12,2.0,0.0,False,115.3331,0.0,False,24_Chris Kattan
24,1,Erika Jayne,Gleb Savchenko,Singer/Rapper,45,Eliminated Week 5,9,5.0,24.0,True,302.0,0.07947019867549669,False,24_Erika Jayne
24,2,Erika Jayne,Gleb Savchenko,Singer/Rapper,45,Eliminated Week 5,9,5.0,28.0,True,328.0,0.08536585365853659,False,24_Erika Jayne
24,3,Erika Jayne,Gleb Savchenko,Singer/Rapper,45,Eliminated Week 5,9,5.0,26.0,True,315.0,0.08253968253968254,False,24_Erika Jayne
24,4,Erika Jayne,Gleb Savchenko,Singer/Rapper,45,Eliminated Week 5,9,5.0,30.0,True,326.0,0.09202453987730061,False,24_Erika Jayne
24,5,Erika Jayne,Gleb Savchenko,Singer/Rapper,45,Eliminated Week 5,9,5.0,32.0,True,304.0,0.10526315789473684,True,24_Erika Jayne
24,6,Erika Jayne,Gleb Savchenko,Singer/Rapper,45,Eliminated Week 5,9,5.0,0.0,False,269.0,0.0,False,24_Erika Jayne
24,7,Erika Jayne,Gleb Savchenko,Singer/Rapper,45,Eliminated Week 5,9,5.0,0.0,False,253.0,0.0,False,24_Erika Jayne
24,8,Erika Jayne,Gleb Savchenko,Singer/Rapper,45,Eliminated Week 5,9,5.0,0.0,False,174.5,0.0,False,24_Erika Jayne
24,9,Erika Jayne,Gleb Savchenko,Singer/Rapper,45,Eliminated Week 5,9,5.0,0.0,False,151.5,0.0,False,24_Erika Jayne
24,10,Erika Jayne,Gleb Savchenko,Singer/Rapper,45,Eliminated Week 5,9,5.0,0.0,False,115.3331,0.0,False,24_Erika Jayne
24,1,Normani,Valentin Chmerkovskiy,Singer/Rapper,20,3rd Place,3,,27.0,True,302.0,0.08940397350993377,False,24_Normani
24,2,Normani,Valentin Chmerkovskiy,Singer/Rapper,20,3rd Place,3,,32.0,True,328.0,0.0975609756097561,False,24_Normani
24,3,Normani,Valentin Chmerkovskiy,Singer/Rapper,20,3rd Place,3,,34.0,True,315.0,0.10793650793650794,False,24_Normani
24,4,Normani,Valentin Chmerkovskiy,Singer/Rapper,20,3rd Place,3,,32.0,True,326.0,0.09815950920245399,False,24_Normani
24,5,Normani,Valentin Chmerkovskiy,Singer/Rapper,20,3rd Place,3,,39.0,True,304.0,0.12828947368421054,False,24_Normani
24,6,Normani,Valentin Chmerkovskiy,Singer/Rapper,20,3rd Place,3,,36.0,True,269.0,0.13382899628252787,False,24_Normani
24,7,Normani,Valentin Chmerkovskiy,Singer/Rapper,20,3rd Place,3,,42.0,True,253.0,0.16600790513833993,False,24_Normani
24,8,Normani,Valentin Chmerkovskiy,Singer/Rapper,20,3rd Place,3,,39.5,True,174.5,0.22636103151862463,False,24_Normani
24,9,Normani,Valentin Chmerkovskiy,Singer/Rapper,20,3rd Place,3,,38.0,True,151.5,0.2508250825082508,False,24_Normani
24,10,Normani,Valentin Chmerkovskiy,Singer/Rapper,20,3rd Place,3,,39.333200000000005,True,115.3331,0.34103999632369203,False,24_Normani
24,1,Nick Viall,Peta Murgatroyd,TV Personality,36,Eliminated Week 7,6,7.0,24.0,True,302.0,0.07947019867549669,False,24_Nick Viall
24,2,Nick Viall,Peta Murgatroyd,TV Personality,36,Eliminated Week 7,6,7.0,25.0,True,328.0,0.07621951219512195,False,24_Nick Viall
24,3,Nick Viall,Peta Murgatroyd,TV Personality,36,Eliminated Week 7,6,7.0,26.0,True,315.0,0.08253968253968254,False,24_Nick Viall
24,4,Nick Viall,Peta Murgatroyd,TV Personality,36,Eliminated Week 7,6,7.0,30.0,True,326.0,0.09202453987730061,False,24_Nick Viall
24,5,Nick Viall,Peta Murgatroyd,TV Personality,36,Eliminated Week 7,6,7.0,34.0,True,304.0,0.1118421052631579,False,24_Nick Viall
24,6,Nick Viall,Peta Murgatroyd,TV Personality,36,Eliminated Week 7,6,7.0,30.5,True,269.0,0.11338289962825279,False,24_Nick Viall
24,7,Nick Viall,Peta Murgatroyd,TV Personality,36,Eliminated Week 7,6,7.0,34.0,True,253.0,0.13438735177865613,True,24_Nick Viall
24,8,Nick Viall,Peta Murgatroyd,TV Personality,36,Eliminated Week 7,6,7.0,0.0,False,174.5,0.0,False,24_Nick Viall
24,9,Nick Viall,Peta Murgatroyd,TV Personality,36,Eliminated Week 7,6,7.0,0.0,False,151.5,0.0,False,24_Nick Viall
24,10,Nick Viall,Peta Murgatroyd,TV Personality,36,Eliminated Week 7,6,7.0,0.0,False,115.3331,0.0,False,24_Nick Viall
25,1,Sasha Pieterse,Gleb Savchenko,Actor/Actress,21,Eliminated Week 5,10,5.0,18.0,True,239.0,0.07531380753138076,False,25_Sasha Pieterse
25,2,Sasha Pieterse,Gleb Savchenko,Actor/Actress,21,Eliminated Week 5,10,5.0,22.5,True,273.5,0.08226691042047532,False,25_Sasha Pieterse
25,3,Sasha Pieterse,Gleb Savchenko,Actor/Actress,21,Eliminated Week 5,10,5.0,19.0,True,244.0,0.0778688524590164,False,25_Sasha Pieterse
25,4,Sasha Pieterse,Gleb Savchenko,Actor/Actress,21,Eliminated Week 5,10,5.0,24.0,True,271.0,0.08856088560885608,False,25_Sasha Pieterse
25,5,Sasha Pieterse,Gleb Savchenko,Actor/Actress,21,Eliminated Week 5,10,5.0,24.0,True,261.0,0.09195402298850575,True,25_Sasha Pieterse
25,6,Sasha Pieterse,Gleb Savchenko,Actor/Actress,21,Eliminated Week 5,10,5.0,0.0,False,306.0,0.0,False,25_Sasha Pieterse
25,7,Sasha Pieterse,Gleb Savchenko,Actor/Actress,21,Eliminated Week 5,10,5.0,0.0,False,215.0,0.0,False,25_Sasha Pieterse
25,8,Sasha Pieterse,Gleb Savchenko,Actor/Actress,21,Eliminated Week 5,10,5.0,0.0,False,156.5,0.0,False,25_Sasha Pieterse
25,9,Sasha Pieterse,Gleb Savchenko,Actor/Actress,21,Eliminated Week 5,10,5.0,0.0,False,135.0,0.0,False,25_Sasha Pieterse
25,10,Sasha Pieterse,Gleb Savchenko,Actor/Actress,21,Eliminated Week 5,10,5.0,0.0,False,156.3887,0.0,False,25_Sasha Pieterse
25,1,Frankie Muniz,Witney Carson,Actor/Actress,31,3rd Place,3,,19.0,True,239.0,0.0794979079497908,False,25_Frankie Muniz
25,2,Frankie Muniz,Witney Carson,Actor/Actress,31,3rd Place,3,,24.0,True,273.5,0.08775137111517367,False,25_Frankie Muniz
25,3,Frankie Muniz,Witney Carson,Actor/Actress,31,3rd Place,3,,21.0,True,244.0,0.0860655737704918,False,25_Frankie Muniz
25,4,Frankie Muniz,Witney Carson,Actor/Actress,31,3rd Place,3,,24.0,True,271.0,0.08856088560885608,False,25_Frankie Muniz
25,5,Frankie Muniz,Witney Carson,Actor/Actress,31,3rd Place,3,,29.0,True,261.0,0.1111111111111111,False,25_Frankie Muniz
25,6,Frankie Muniz,Witney Carson,Actor/Actress,31,3rd Place,3,,31.0,True,306.0,0.10130718954248366,False,25_Frankie Muniz
25,7,Frankie Muniz,Witney Carson,Actor/Actress,31,3rd Place,3,,30.0,True,215.0,0.13953488372093023,False,25_Frankie Muniz
25,8,Frankie Muniz,Witney Carson,Actor/Actress,31,3rd Place,3,,26.5,True,156.5,0.16932907348242812,False,25_Frankie Muniz
25,9,Frankie Muniz,Witney Carson,Actor/Actress,31,3rd Place,3,,25.5,True,135.0,0.18888888888888888,False,25_Frankie Muniz
25,10,Frankie Muniz,Witney Carson,Actor/Actress,31,3rd Place,3,,38.8887,True,156.3887,0.24866694332774683,False,25_Frankie Muniz
25,1,Jordan Fisher,Lindsay Arnold,Actor/Actress,23,1st Place,1,,22.0,True,239.0,0.09205020920502092,False,25_Jordan Fisher
25,2,Jordan Fisher,Lindsay Arnold,Actor/Actress,23,1st Place,1,,24.0,True,273.5,0.08775137111517367,False,25_Jordan Fisher
25,3,Jordan Fisher,Lindsay Arnold,Actor/Actress,23,1st Place,1,,25.0,True,244.0,0.10245901639344263,False,25_Jordan Fisher
25,4,Jordan Fisher,Lindsay Arnold,Actor/Actress,23,1st Place,1,,29.0,True,271.0,0.1070110701107011,False,25_Jordan Fisher
25,5,Jordan Fisher,Lindsay Arnold,Actor/Actress,23,1st Place,1,,30.0,True,261.0,0.11494252873563218,False,25_Jordan Fisher
25,6,Jordan Fisher,Lindsay Arnold,Actor/Actress,23,1st Place,1,,39.0,True,306.0,0.12745098039215685,False,25_Jordan Fisher
25,7,Jordan Fisher,Lindsay Arnold,Actor/Actress,23,1st Place,1,,27.0,True,215.0,0.12558139534883722,False,25_Jordan Fisher
25,8,Jordan Fisher,Lindsay Arnold,Actor/Actress,23,1st Place,1,,30.0,True,156.5,0.19169329073482427,False,25_Jordan Fisher
25,9,Jordan Fisher,Lindsay Arnold,Actor/Actress,23,1st Place,1,,29.0,True,135.0,0.21481481481481482,False,25_Jordan Fisher
25,10,Jordan Fisher,Lindsay Arnold,Actor/Actress,23,1st Place,1,,40.0,True,156.3887,0.2557729554628947,False,25_Jordan Fisher
25,1,Derek Fisher,Sharna Burgess,Athlete,43,Eliminated Week 4,11,4.0,18.0,True,239.0,0.07531380753138076,False,25_Derek Fisher
25,2,Derek Fisher,Sharna Burgess,Athlete,43,Eliminated Week 4,11,4.0,19.0,True,273.5,0.06946983546617916,False,25_Derek Fisher
25,3,Derek Fisher,Sharna Burgess,Athlete,43,Eliminated Week 4,11,4.0,21.0,True,244.0,0.0860655737704918,False,25_Derek Fisher
25,4,Derek Fisher,Sharna Burgess,Athlete,43,Eliminated Week 4,11,4.0,23.0,True,271.0,0.08487084870848709,True,25_Derek Fisher
25,5,Derek Fisher,Sharna Burgess,Athlete,43,Eliminated Week 4,11,4.0,0.0,False,261.0,0.0,False,25_Derek Fisher
25,6,Derek Fisher,Sharna Burgess,Athlete,43,Eliminated Week 4,11,4.0,0.0,False,306.0,0.0,False,25_Derek Fisher
25,7,Derek Fisher,Sharna Burgess,Athlete,43,Eliminated Week 4,11,4.0,0.0,False,215.0,0.0,False,25_Derek Fisher
25,8,Derek Fisher,Sharna Burgess,Athlete,43,Eliminated Week 4,11,4.0,0.0,False,156.5,0.0,False,25_Derek Fisher
25,9,Derek Fisher,Sharna Burgess,Athlete,43,Eliminated Week 4,11,4.0,0.0,False,135.0,0.0,False,25_Derek Fisher
25,10,Derek Fisher,Sharna Burgess,Athlete,43,Eliminated Week 4,11,4.0,0.0,False,156.3887,0.0,False,25_Derek Fisher
25,1,Nikki Bella,Artem Chigvintsev,Athlete,33,Eliminated Week 7,8,7.0,20.0,True,239.0,0.08368200836820083,False,25_Nikki Bella
25,2,Nikki Bella,Artem Chigvintsev,Athlete,33,Eliminated Week 7,8,7.0,19.5,True,273.5,0.0712979890310786,False,25_Nikki Bella
25,3,Nikki Bella,Artem Chigvintsev,Athlete,33,Eliminated Week 7,8,7.0,21.0,True,244.0,0.0860655737704918,False,25_Nikki Bella
25,4,Nikki Bella,Artem Chigvintsev,Athlete,33,Eliminated Week 7,8,7.0,24.0,True,271.0,0.08856088560885608,False,25_Nikki Bella
25,5,Nikki Bella,Artem Chigvintsev,Athlete,33,Eliminated Week 7,8,7.0,27.0,True,261.0,0.10344827586206896,False,25_Nikki Bella
25,6,Nikki Bella,Artem Chigvintsev,Athlete,33,Eliminated Week 7,8,7.0,36.0,True,306.0,0.11764705882352941,False,25_Nikki Bella
25,7,Nikki Bella,Artem Chigvintsev,Athlete,33,Eliminated Week 7,8,7.0,24.0,True,215.0,0.11162790697674418,True,25_Nikki Bella
25,8,Nikki Bella,Artem Chigvintsev,Athlete,33,Eliminated Week 7,8,7.0,0.0,False,156.5,0.0,False,25_Nikki Bella
25,9,Nikki Bella,Artem Chigvintsev,Athlete,33,Eliminated Week 7,8,7.0,0.0,False,135.0,0.0,False,25_Nikki Bella
25,10,Nikki Bella,Artem Chigvintsev,Athlete,33,Eliminated Week 7,8,7.0,0.0,False,156.3887,0.0,False,25_Nikki Bella
25,1,Terrell Owens,Cheryl Burke,Athlete,43,Eliminated Week 8,6,8.0,15.0,True,239.0,0.06276150627615062,False,25_Terrell Owens
25,2,Terrell Owens,Cheryl Burke,Athlete,43,Eliminated Week 8,6,8.0,19.5,True,273.5,0.0712979890310786,False,25_Terrell Owens
25,3,Terrell Owens,Cheryl Burke,Athlete,43,Eliminated Week 8,6,8.0,21.0,True,244.0,0.0860655737704918,False,25_Terrell Owens
25,4,Terrell Owens,Cheryl Burke,Athlete,43,Eliminated Week 8,6,8.0,24.0,True,271.0,0.08856088560885608,False,25_Terrell Owens
25,5,Terrell Owens,Cheryl Burke,Athlete,43,Eliminated Week 8,6,8.0,25.0,True,261.0,0.09578544061302682,False,25_Terrell Owens
25,6,Terrell Owens,Cheryl Burke,Athlete,43,Eliminated Week 8,6,8.0,37.0,True,306.0,0.12091503267973856,False,25_Terrell Owens
25,7,Terrell Owens,Cheryl Burke,Athlete,43,Eliminated Week 8,6,8.0,24.5,True,215.0,0.11395348837209303,False,25_Terrell Owens
25,8,Terrell Owens,Cheryl Burke,Athlete,43,Eliminated Week 8,6,8.0,25.5,True,156.5,0.16293929712460065,True,25_Terrell Owens
25,9,Terrell Owens,Cheryl Burke,Athlete,43,Eliminated Week 8,6,8.0,0.0,False,135.0,0.0,False,25_Terrell Owens
25,10,Terrell Owens,Cheryl Burke,Athlete,43,Eliminated Week 8,6,8.0,0.0,False,156.3887,0.0,False,25_Terrell Owens
25,1,Victoria Arlen,Valentin Chmerkovskiy,Athlete,22,Eliminated Week 9,5,9.0,19.0,True,239.0,0.0794979079497908,False,25_Victoria Arlen
25,2,Victoria Arlen,Valentin Chmerkovskiy,Athlete,22,Eliminated Week 9,5,9.0,22.0,True,273.5,0.08043875685557587,False,25_Victoria Arlen
25,3,Victoria Arlen,Valentin Chmerkovskiy,Athlete,22,Eliminated Week 9,5,9.0,22.0,True,244.0,0.09016393442622951,False,25_Victoria Arlen
25,4,Victoria Arlen,Valentin Chmerkovskiy,Athlete,22,Eliminated Week 9,5,9.0,27.0,True,271.0,0.0996309963099631,False,25_Victoria Arlen
25,5,Victoria Arlen,Valentin Chmerkovskiy,Athlete,22,Eliminated Week 9,5,9.0,27.0,True,261.0,0.10344827586206896,False,25_Victoria Arlen
25,6,Victoria Arlen,Valentin Chmerkovskiy,Athlete,22,Eliminated Week 9,5,9.0,31.0,True,306.0,0.10130718954248366,False,25_Victoria Arlen
25,7,Victoria Arlen,Valentin Chmerkovskiy,Athlete,22,Eliminated Week 9,5,9.0,28.5,True,215.0,0.1325581395348837,False,25_Victoria Arlen
25,8,Victoria Arlen,Valentin Chmerkovskiy,Athlete,22,Eliminated Week 9,5,9.0,24.0,True,156.5,0.15335463258785942,False,25_Victoria Arlen
25,9,Victoria Arlen,Valentin Chmerkovskiy,Athlete,22,Eliminated Week 9,5,9.0,28.0,True,135.0,0.2074074074074074,True,25_Victoria Arlen
25,10,Victoria Arlen,Valentin Chmerkovskiy,Athlete,22,Eliminated Week 9,5,9.0,0.0,False,156.3887,0.0,False,25_Victoria Arlen
25,1,Barbara Corcoran,Keo Motsepe,Entrepreneur,68,Eliminated Week 2,13,2.0,14.0,True,239.0,0.058577405857740586,False,25_Barbara Corcoran
25,2,Barbara Corcoran,Keo Motsepe,Entrepreneur,68,Eliminated Week 2,13,2.0,17.0,True,273.5,0.062157221206581355,True,25_Barbara Corcoran
25,3,Barbara Corcoran,Keo Motsepe,Entrepreneur,68,Eliminated Week 2,13,2.0,0.0,False,244.0,0.0,False,25_Barbara Corcoran
25,4,Barbara Corcoran,Keo Motsepe,Entrepreneur,68,Eliminated Week 2,13,2.0,0.0,False,271.0,0.0,False,25_Barbara Corcoran
25,5,Barbara Corcoran,Keo Motsepe,Entrepreneur,68,Eliminated Week 2,13,2.0,0.0,False,261.0,0.0,False,25_Barbara Corcoran
25,6,Barbara Corcoran,Keo Motsepe,Entrepreneur,68,Eliminated Week 2,13,2.0,0.0,False,306.0,0.0,False,25_Barbara Corcoran
25,7,Barbara Corcoran,Keo Motsepe,Entrepreneur,68,Eliminated Week 2,13,2.0,0.0,False,215.0,0.0,False,25_Barbara Corcoran
25,8,Barbara Corcoran,Keo Motsepe,Entrepreneur,68,Eliminated Week 2,13,2.0,0.0,False,156.5,0.0,False,25_Barbara Corcoran
25,9,Barbara Corcoran,Keo Motsepe,Entrepreneur,68,Eliminated Week 2,13,2.0,0.0,False,135.0,0.0,False,25_Barbara Corcoran
25,10,Barbara Corcoran,Keo Motsepe,Entrepreneur,68,Eliminated Week 2,13,2.0,0.0,False,156.3887,0.0,False,25_Barbara Corcoran
25,1,Lindsey Stirling,Mark Ballas,Musician,31,2nd Place,2,,22.0,True,239.0,0.09205020920502092,False,25_Lindsey Stirling
25,2,Lindsey Stirling,Mark Ballas,Musician,31,2nd Place,2,,22.5,True,273.5,0.08226691042047532,False,25_Lindsey Stirling
25,3,Lindsey Stirling,Mark Ballas,Musician,31,2nd Place,2,,27.0,True,244.0,0.11065573770491803,False,25_Lindsey Stirling
25,4,Lindsey Stirling,Mark Ballas,Musician,31,2nd Place,2,,26.0,True,271.0,0.0959409594095941,False,25_Lindsey Stirling
25,5,Lindsey Stirling,Mark Ballas,Musician,31,2nd Place,2,,28.0,True,261.0,0.10727969348659004,False,25_Lindsey Stirling
25,6,Lindsey Stirling,Mark Ballas,Musician,31,2nd Place,2,,40.0,True,306.0,0.13071895424836602,False,25_Lindsey Stirling
25,7,Lindsey Stirling,Mark Ballas,Musician,31,2nd Place,2,,25.5,True,215.0,0.1186046511627907,False,25_Lindsey Stirling
25,8,Lindsey Stirling,Mark Ballas,Musician,31,2nd Place,2,,27.0,True,156.5,0.17252396166134185,False,25_Lindsey Stirling
25,9,Lindsey Stirling,Mark Ballas,Musician,31,2nd Place,2,,28.5,True,135.0,0.2111111111111111,False,25_Lindsey Stirling
25,10,Lindsey Stirling,Mark Ballas,Musician,31,2nd Place,2,,40.0,True,156.3887,0.2557729554628947,False,25_Lindsey Stirling
25,1,Debbie Gibson,Alan Bersten,Singer/Rapper,47,Eliminated Week 2,12,2.0,17.0,True,239.0,0.07112970711297072,False,25_Debbie Gibson
25,2,Debbie Gibson,Alan Bersten,Singer/Rapper,47,Eliminated Week 2,12,2.0,20.5,True,273.5,0.07495429616087751,True,25_Debbie Gibson
25,3,Debbie Gibson,Alan Bersten,Singer/Rapper,47,Eliminated Week 2,12,2.0,0.0,False,244.0,0.0,False,25_Debbie Gibson
25,4,Debbie Gibson,Alan Bersten,Singer/Rapper,47,Eliminated Week 2,12,2.0,0.0,False,271.0,0.0,False,25_Debbie Gibson
25,5,Debbie Gibson,Alan Bersten,Singer/Rapper,47,Eliminated Week 2,12,2.0,0.0,False,261.0,0.0,False,25_Debbie Gibson
25,6,Debbie Gibson,Alan Bersten,Singer/Rapper,47,Eliminated Week 2,12,2.0,0.0,False,306.0,0.0,False,25_Debbie Gibson
25,7,Debbie Gibson,Alan Bersten,Singer/Rapper,47,Eliminated Week 2,12,2.0,0.0,False,215.0,0.0,False,25_Debbie Gibson
25,8,Debbie Gibson,Alan Bersten,Singer/Rapper,47,Eliminated Week 2,12,2.0,0.0,False,156.5,0.0,False,25_Debbie Gibson
25,9,Debbie Gibson,Alan Bersten,Singer/Rapper,47,Eliminated Week 2,12,2.0,0.0,False,135.0,0.0,False,25_Debbie Gibson
25,10,Debbie Gibson,Alan Bersten,Singer/Rapper,47,Eliminated Week 2,12,2.0,0.0,False,156.3887,0.0,False,25_Debbie Gibson
25,1,Nick Lachey,Peta Murgatroyd,Singer/Rapper,43,Eliminated Week 6,9,6.0,18.0,True,239.0,0.07531380753138076,False,25_Nick Lachey
25,2,Nick Lachey,Peta Murgatroyd,Singer/Rapper,43,Eliminated Week 6,9,6.0,19.0,True,273.5,0.06946983546617916,False,25_Nick Lachey
25,3,Nick Lachey,Peta Murgatroyd,Singer/Rapper,43,Eliminated Week 6,9,6.0,21.0,True,244.0,0.0860655737704918,False,25_Nick Lachey
25,4,Nick Lachey,Peta Murgatroyd,Singer/Rapper,43,Eliminated Week 6,9,6.0,22.0,True,271.0,0.08118081180811808,False,25_Nick Lachey
25,5,Nick Lachey,Peta Murgatroyd,Singer/Rapper,43,Eliminated Week 6,9,6.0,22.0,True,261.0,0.0842911877394636,False,25_Nick Lachey
25,6,Nick Lachey,Peta Murgatroyd,Singer/Rapper,43,Eliminated Week 6,9,6.0,26.0,True,306.0,0.08496732026143791,True,25_Nick Lachey
25,7,Nick Lachey,Peta Murgatroyd,Singer/Rapper,43,Eliminated Week 6,9,6.0,0.0,False,215.0,0.0,False,25_Nick Lachey
25,8,Nick Lachey,Peta Murgatroyd,Singer/Rapper,43,Eliminated Week 6,9,6.0,0.0,False,156.5,0.0,False,25_Nick Lachey
25,9,Nick Lachey,Peta Murgatroyd,Singer/Rapper,43,Eliminated Week 6,9,6.0,0.0,False,135.0,0.0,False,25_Nick Lachey
25,10,Nick Lachey,Peta Murgatroyd,Singer/Rapper,43,Eliminated Week 6,9,6.0,0.0,False,156.3887,0.0,False,25_Nick Lachey
25,1,Drew Scott,Emma Slater,TV Personality,39,Eliminated Week 10,4,10.0,16.0,True,239.0,0.06694560669456066,False,25_Drew Scott
25,2,Drew Scott,Emma Slater,TV Personality,39,Eliminated Week 10,4,10.0,20.5,True,273.5,0.07495429616087751,False,25_Drew Scott
25,3,Drew Scott,Emma Slater,TV Personality,39,Eliminated Week 10,4,10.0,23.0,True,244.0,0.0942622950819672,False,25_Drew Scott
25,4,Drew Scott,Emma Slater,TV Personality,39,Eliminated Week 10,4,10.0,24.0,True,271.0,0.08856088560885608,False,25_Drew Scott
25,5,Drew Scott,Emma Slater,TV Personality,39,Eliminated Week 10,4,10.0,25.0,True,261.0,0.09578544061302682,False,25_Drew Scott
25,6,Drew Scott,Emma Slater,TV Personality,39,Eliminated Week 10,4,10.0,30.0,True,306.0,0.09803921568627451,False,25_Drew Scott
25,7,Drew Scott,Emma Slater,TV Personality,39,Eliminated Week 10,4,10.0,28.5,True,215.0,0.1325581395348837,False,25_Drew Scott
25,8,Drew Scott,Emma Slater,TV Personality,39,Eliminated Week 10,4,10.0,23.5,True,156.5,0.1501597444089457,False,25_Drew Scott
25,9,Drew Scott,Emma Slater,TV Personality,39,Eliminated Week 10,4,10.0,24.0,True,135.0,0.17777777777777778,False,25_Drew Scott
25,10,Drew Scott,Emma Slater,TV Personality,39,Eliminated Week 10,4,10.0,37.5,True,156.3887,0.2397871457464638,True,25_Drew Scott
25,1,Vanessa Lachey,Maksim Chmerkoskiy,TV Personality,36,Eliminated Week 7,7,7.0,21.0,True,239.0,0.08786610878661087,False,25_Vanessa Lachey
25,2,Vanessa Lachey,Maksim Chmerkoskiy,TV Personality,36,Eliminated Week 7,7,7.0,23.5,True,273.5,0.08592321755027423,False,25_Vanessa Lachey
25,3,Vanessa Lachey,Maksim Chmerkoskiy,TV Personality,36,Eliminated Week 7,7,7.0,23.0,True,244.0,0.0942622950819672,False,25_Vanessa Lachey
25,4,Vanessa Lachey,Maksim Chmerkoskiy,TV Personality,36,Eliminated Week 7,7,7.0,24.0,True,271.0,0.08856088560885608,False,25_Vanessa Lachey
25,5,Vanessa Lachey,Maksim Chmerkoskiy,TV Personality,36,Eliminated Week 7,7,7.0,24.0,True,261.0,0.09195402298850575,False,25_Vanessa Lachey
25,6,Vanessa Lachey,Maksim Chmerkoskiy,TV Personality,36,Eliminated Week 7,7,7.0,36.0,True,306.0,0.11764705882352941,False,25_Vanessa Lachey
25,7,Vanessa Lachey,Maksim Chmerkoskiy,TV Personality,36,Eliminated Week 7,7,7.0,27.0,True,215.0,0.12558139534883722,True,25_Vanessa Lachey
25,8,Vanessa Lachey,Maksim Chmerkoskiy,TV Personality,36,Eliminated Week 7,7,7.0,0.0,False,156.5,0.0,False,25_Vanessa Lachey
25,9,Vanessa Lachey,Maksim Chmerkoskiy,TV Personality,36,Eliminated Week 7,7,7.0,0.0,False,135.0,0.0,False,25_Vanessa Lachey
25,10,Vanessa Lachey,Maksim Chmerkoskiy,TV Personality,36,Eliminated Week 7,7,7.0,0.0,False,156.3887,0.0,False,25_Vanessa Lachey
26,1,Jamie Anderson,Artem Chigvintsev,Athlete,27,Eliminated Week 1,10,1.0,19.0,True,210.0,0.09047619047619047,True,26_Jamie Anderson
26,2,Jamie Anderson,Artem Chigvintsev,Athlete,27,Eliminated Week 1,10,1.0,0.0,False,267.5,0.0,False,26_Jamie Anderson
26,3,Jamie Anderson,Artem Chigvintsev,Athlete,27,Eliminated Week 1,10,1.0,0.0,False,211.0,0.0,False,26_Jamie Anderson
26,4,Jamie Anderson,Artem Chigvintsev,Athlete,27,Eliminated Week 1,10,1.0,0.0,False,85.5,0.0,False,26_Jamie Anderson
26,1,Johnny Damon,Emma Slater,Athlete,44,Eliminated Week 1,9,1.0,18.0,True,210.0,0.08571428571428572,True,26_Johnny Damon
26,2,Johnny Damon,Emma Slater,Athlete,44,Eliminated Week 1,9,1.0,0.0,False,267.5,0.0,False,26_Johnny Damon
26,3,Johnny Damon,Emma Slater,Athlete,44,Eliminated Week 1,9,1.0,0.0,False,211.0,0.0,False,26_Johnny Damon
26,4,Johnny Damon,Emma Slater,Athlete,44,Eliminated Week 1,9,1.0,0.0,False,85.5,0.0,False,26_Johnny Damon
26,1,Kareem Abdul-Jabbar,Lindsay Arnold,Athlete,71,Eliminated Week 2,8,2.0,17.0,True,210.0,0.08095238095238096,False,26_Kareem Abdul-Jabbar
26,2,Kareem Abdul-Jabbar,Lindsay Arnold,Athlete,71,Eliminated Week 2,8,2.0,29.5,True,267.5,0.1102803738317757,True,26_Kareem Abdul-Jabbar
26,3,Kareem Abdul-Jabbar,Lindsay Arnold,Athlete,71,Eliminated Week 2,8,2.0,0.0,False,211.0,0.0,False,26_Kareem Abdul-Jabbar
26,4,Kareem Abdul-Jabbar,Lindsay Arnold,Athlete,71,Eliminated Week 2,8,2.0,0.0,False,85.5,0.0,False,26_Kareem Abdul-Jabbar
26,1,Arike Ogunbowale,Gleb Savchenko,Athlete,21,Eliminated Week 2,7,2.0,20.0,True,210.0,0.09523809523809523,False,26_Arike Ogunbowale
26,2,Arike Ogunbowale,Gleb Savchenko,Athlete,21,Eliminated Week 2,7,2.0,35.0,True,267.5,0.1308411214953271,True,26_Arike Ogunbowale
26,3,Arike Ogunbowale,Gleb Savchenko,Athlete,21,Eliminated Week 2,7,2.0,0.0,False,211.0,0.0,False,26_Arike Ogunbowale
26,4,Arike Ogunbowale,Gleb Savchenko,Athlete,21,Eliminated Week 2,7,2.0,0.0,False,85.5,0.0,False,26_Arike Ogunbowale
26,1,Jennie Finch Daigle,Keo Motsepe,Athlete,37,Eliminated Week 3,6,3.0,21.0,True,210.0,0.1,False,26_Jennie Finch Daigle
26,2,Jennie Finch Daigle,Keo Motsepe,Athlete,37,Eliminated Week 3,6,3.0,31.5,True,267.5,0.11775700934579439,False,26_Jennie Finch Daigle
26,3,Jennie Finch Daigle,Keo Motsepe,Athlete,37,Eliminated Week 3,6,3.0,29.0,True,211.0,0.13744075829383887,True,26_Jennie Finch Daigle
26,4,Jennie Finch Daigle,Keo Motsepe,Athlete,37,Eliminated Week 3,6,3.0,0.0,False,85.5,0.0,False,26_Jennie Finch Daigle
26,1,Chris Mazdzer,Witney Carson,Athlete,29,Eliminated Week 3,5,3.0,21.0,True,210.0,0.1,False,26_Chris Mazdzer
26,2,Chris Mazdzer,Witney Carson,Athlete,29,Eliminated Week 3,5,3.0,33.0,True,267.5,0.1233644859813084,False,26_Chris Mazdzer
26,3,Chris Mazdzer,Witney Carson,Athlete,29,Eliminated Week 3,5,3.0,33.0,True,211.0,0.15639810426540285,True,26_Chris Mazdzer
26,4,Chris Mazdzer,Witney Carson,Athlete,29,Eliminated Week 3,5,3.0,0.0,False,85.5,0.0,False,26_Chris Mazdzer
26,1,Mirai Nagasu,Alan Bersten,Athlete,25,Eliminated Week 3,4,3.0,23.0,True,210.0,0.10952380952380952,False,26_Mirai Nagasu
26,2,Mirai Nagasu,Alan Bersten,Athlete,25,Eliminated Week 3,4,3.0,37.0,True,267.5,0.1383177570093458,False,26_Mirai Nagasu
26,3,Mirai Nagasu,Alan Bersten,Athlete,25,Eliminated Week 3,4,3.0,35.0,True,211.0,0.16587677725118483,True,26_Mirai Nagasu
26,4,Mirai Nagasu,Alan Bersten,Athlete,25,Eliminated Week 3,4,3.0,0.0,False,85.5,0.0,False,26_Mirai Nagasu
26,1,Tonya Harding,Sasha Farber,Athlete,47,3rd Place,3,,23.0,True,210.0,0.10952380952380952,False,26_Tonya Harding
26,2,Tonya Harding,Sasha Farber,Athlete,47,3rd Place,3,,33.0,True,267.5,0.1233644859813084,False,26_Tonya Harding
26,3,Tonya Harding,Sasha Farber,Athlete,47,3rd Place,3,,35.0,True,211.0,0.16587677725118483,False,26_Tonya Harding
26,4,Tonya Harding,Sasha Farber,Athlete,47,3rd Place,3,,28.0,True,85.5,0.32748538011695905,False,26_Tonya Harding
26,1,Josh Norman,Sharna Burgess,Athlete,30,2nd Place,2,,24.0,True,210.0,0.11428571428571428,False,26_Josh Norman
26,2,Josh Norman,Sharna Burgess,Athlete,30,2nd Place,2,,31.5,True,267.5,0.11775700934579439,False,26_Josh Norman
26,3,Josh Norman,Sharna Burgess,Athlete,30,2nd Place,2,,38.0,True,211.0,0.18009478672985782,False,26_Josh Norman
26,4,Josh Norman,Sharna Burgess,Athlete,30,2nd Place,2,,28.5,True,85.5,0.3333333333333333,False,26_Josh Norman
26,1,Adam Rippon,Jenna Johnson,Athlete,28,1st Place,1,,24.0,True,210.0,0.11428571428571428,False,26_Adam Rippon
26,2,Adam Rippon,Jenna Johnson,Athlete,28,1st Place,1,,37.0,True,267.5,0.1383177570093458,False,26_Adam Rippon
26,3,Adam Rippon,Jenna Johnson,Athlete,28,1st Place,1,,41.0,True,211.0,0.1943127962085308,False,26_Adam Rippon
26,4,Adam Rippon,Jenna Johnson,Athlete,28,1st Place,1,,29.0,True,85.5,0.3391812865497076,False,26_Adam Rippon
27,1,Juan Pablo Di Pace,Cheryl Burke,Actor/Actress,39,Eliminated Week 8,5,8.0,22.0,True,255.0,0.08627450980392157,False,27_Juan Pablo Di Pace
27,2,Juan Pablo Di Pace,Cheryl Burke,Actor/Actress,39,Eliminated Week 8,5,8.0,26.0,True,270.5,0.09611829944547134,False,27_Juan Pablo Di Pace
27,3,Juan Pablo Di Pace,Cheryl Burke,Actor/Actress,39,Eliminated Week 8,5,8.0,30.0,True,271.0,0.11070110701107011,False,27_Juan Pablo Di Pace
27,4,Juan Pablo Di Pace,Cheryl Burke,Actor/Actress,39,Eliminated Week 8,5,8.0,24.0,True,232.0,0.10344827586206896,False,27_Juan Pablo Di Pace
27,5,Juan Pablo Di Pace,Cheryl Burke,Actor/Actress,39,Eliminated Week 8,5,8.0,29.0,True,222.0,0.13063063063063063,False,27_Juan Pablo Di Pace
27,6,Juan Pablo Di Pace,Cheryl Burke,Actor/Actress,39,Eliminated Week 8,5,8.0,30.0,True,229.0,0.13100436681222707,False,27_Juan Pablo Di Pace
27,7,Juan Pablo Di Pace,Cheryl Burke,Actor/Actress,39,Eliminated Week 8,5,8.0,28.0,True,217.5,0.12873563218390804,False,27_Juan Pablo Di Pace
27,8,Juan Pablo Di Pace,Cheryl Burke,Actor/Actress,39,Eliminated Week 8,5,8.0,30.0,True,161.0,0.18633540372670807,True,27_Juan Pablo Di Pace
27,9,Juan Pablo Di Pace,Cheryl Burke,Actor/Actress,39,Eliminated Week 8,5,8.0,0.0,False,115.5,0.0,False,27_Juan Pablo Di Pace
27,1,Evanna Lynch,Keo Motsepe,Actor/Actress,27,3rd Place,3,,18.0,True,255.0,0.07058823529411765,False,27_Evanna Lynch
27,2,Evanna Lynch,Keo Motsepe,Actor/Actress,27,3rd Place,3,,24.0,True,270.5,0.08872458410351201,False,27_Evanna Lynch
27,3,Evanna Lynch,Keo Motsepe,Actor/Actress,27,3rd Place,3,,27.0,True,271.0,0.0996309963099631,False,27_Evanna Lynch
27,4,Evanna Lynch,Keo Motsepe,Actor/Actress,27,3rd Place,3,,24.0,True,232.0,0.10344827586206896,False,27_Evanna Lynch
27,5,Evanna Lynch,Keo Motsepe,Actor/Actress,27,3rd Place,3,,24.0,True,222.0,0.10810810810810811,False,27_Evanna Lynch
27,6,Evanna Lynch,Keo Motsepe,Actor/Actress,27,3rd Place,3,,29.0,True,229.0,0.12663755458515283,False,27_Evanna Lynch
27,7,Evanna Lynch,Keo Motsepe,Actor/Actress,27,3rd Place,3,,29.5,True,217.5,0.135632183908046,False,27_Evanna Lynch
27,8,Evanna Lynch,Keo Motsepe,Actor/Actress,27,3rd Place,3,,29.0,True,161.0,0.18012422360248448,False,27_Evanna Lynch
27,9,Evanna Lynch,Keo Motsepe,Actor/Actress,27,3rd Place,3,,30.0,True,115.5,0.2597402597402597,False,27_Evanna Lynch
27,1,Nancy McKeon,Valentin Chmerkovskiy,Actor/Actress,52,Eliminated Week 3,11,3.0,19.5,True,255.0,0.07647058823529412,False,27_Nancy McKeon
27,2,Nancy McKeon,Valentin Chmerkovskiy,Actor/Actress,52,Eliminated Week 3,11,3.0,20.5,True,270.5,0.07578558225508318,False,27_Nancy McKeon
27,3,Nancy McKeon,Valentin Chmerkovskiy,Actor/Actress,52,Eliminated Week 3,11,3.0,22.0,True,271.0,0.08118081180811808,True,27_Nancy McKeon
27,4,Nancy McKeon,Valentin Chmerkovskiy,Actor/Actress,52,Eliminated Week 3,11,3.0,0.0,False,232.0,0.0,False,27_Nancy McKeon
27,5,Nancy McKeon,Valentin Chmerkovskiy,Actor/Actress,52,Eliminated Week 3,11,3.0,0.0,False,222.0,0.0,False,27_Nancy McKeon
27,6,Nancy McKeon,Valentin Chmerkovskiy,Actor/Actress,52,Eliminated Week 3,11,3.0,0.0,False,229.0,0.0,False,27_Nancy McKeon
27,7,Nancy McKeon,Valentin Chmerkovskiy,Actor/Actress,52,Eliminated Week 3,11,3.0,0.0,False,217.5,0.0,False,27_Nancy McKeon
27,8,Nancy McKeon,Valentin Chmerkovskiy,Actor/Actress,52,Eliminated Week 3,11,3.0,0.0,False,161.0,0.0,False,27_Nancy McKeon
27,9,Nancy McKeon,Valentin Chmerkovskiy,Actor/Actress,52,Eliminated Week 3,11,3.0,0.0,False,115.5,0.0,False,27_Nancy McKeon
27,1,John Schneider,Emma Slater,Actor/Actress,58,Eliminated Week 7,8,7.0,18.0,True,255.0,0.07058823529411765,False,27_John Schneider
27,2,John Schneider,Emma Slater,Actor/Actress,58,Eliminated Week 7,8,7.0,21.5,True,270.5,0.07948243992606285,False,27_John Schneider
27,3,John Schneider,Emma Slater,Actor/Actress,58,Eliminated Week 7,8,7.0,21.0,True,271.0,0.07749077490774908,False,27_John Schneider
27,4,John Schneider,Emma Slater,Actor/Actress,58,Eliminated Week 7,8,7.0,21.0,True,232.0,0.09051724137931035,False,27_John Schneider
27,5,John Schneider,Emma Slater,Actor/Actress,58,Eliminated Week 7,8,7.0,24.0,True,222.0,0.10810810810810811,False,27_John Schneider
27,6,John Schneider,Emma Slater,Actor/Actress,58,Eliminated Week 7,8,7.0,19.0,True,229.0,0.08296943231441048,False,27_John Schneider
27,7,John Schneider,Emma Slater,Actor/Actress,58,Eliminated Week 7,8,7.0,27.0,True,217.5,0.12413793103448276,True,27_John Schneider
27,8,John Schneider,Emma Slater,Actor/Actress,58,Eliminated Week 7,8,7.0,0.0,False,161.0,0.0,False,27_John Schneider
27,9,John Schneider,Emma Slater,Actor/Actress,58,Eliminated Week 7,8,7.0,0.0,False,115.5,0.0,False,27_John Schneider
27,1,Milo Manheim,Witney Carson,Actor/Actress,17,2nd Place,2,,20.0,True,255.0,0.0784313725490196,False,27_Milo Manheim
27,2,Milo Manheim,Witney Carson,Actor/Actress,17,2nd Place,2,,26.0,True,270.5,0.09611829944547134,False,27_Milo Manheim
27,3,Milo Manheim,Witney Carson,Actor/Actress,17,2nd Place,2,,27.0,True,271.0,0.0996309963099631,False,27_Milo Manheim
27,4,Milo Manheim,Witney Carson,Actor/Actress,17,2nd Place,2,,29.0,True,232.0,0.125,False,27_Milo Manheim
27,5,Milo Manheim,Witney Carson,Actor/Actress,17,2nd Place,2,,27.0,True,222.0,0.12162162162162163,False,27_Milo Manheim
27,6,Milo Manheim,Witney Carson,Actor/Actress,17,2nd Place,2,,30.0,True,229.0,0.13100436681222707,False,27_Milo Manheim
27,7,Milo Manheim,Witney Carson,Actor/Actress,17,2nd Place,2,,29.0,True,217.5,0.13333333333333333,False,27_Milo Manheim
27,8,Milo Manheim,Witney Carson,Actor/Actress,17,2nd Place,2,,27.5,True,161.0,0.17080745341614906,False,27_Milo Manheim
27,9,Milo Manheim,Witney Carson,Actor/Actress,17,2nd Place,2,,30.0,True,115.5,0.2597402597402597,False,27_Milo Manheim
27,1,Danelle Umstead,Artem Chigvintsev,Athlete,46,Eliminated Week 2,12,2.0,18.0,True,255.0,0.07058823529411765,False,27_Danelle Umstead
27,2,Danelle Umstead,Artem Chigvintsev,Athlete,46,Eliminated Week 2,12,2.0,18.5,True,270.5,0.06839186691312385,True,27_Danelle Umstead
27,3,Danelle Umstead,Artem Chigvintsev,Athlete,46,Eliminated Week 2,12,2.0,0.0,False,271.0,0.0,False,27_Danelle Umstead
27,4,Danelle Umstead,Artem Chigvintsev,Athlete,46,Eliminated Week 2,12,2.0,0.0,False,232.0,0.0,False,27_Danelle Umstead
27,5,Danelle Umstead,Artem Chigvintsev,Athlete,46,Eliminated Week 2,12,2.0,0.0,False,222.0,0.0,False,27_Danelle Umstead
27,6,Danelle Umstead,Artem Chigvintsev,Athlete,46,Eliminated Week 2,12,2.0,0.0,False,229.0,0.0,False,27_Danelle Umstead
27,7,Danelle Umstead,Artem Chigvintsev,Athlete,46,Eliminated Week 2,12,2.0,0.0,False,217.5,0.0,False,27_Danelle Umstead
27,8,Danelle Umstead,Artem Chigvintsev,Athlete,46,Eliminated Week 2,12,2.0,0.0,False,161.0,0.0,False,27_Danelle Umstead
27,9,Danelle Umstead,Artem Chigvintsev,Athlete,46,Eliminated Week 2,12,2.0,0.0,False,115.5,0.0,False,27_Danelle Umstead
27,1,Mary Lou Retton,Sasha Farber,Athlete,50,Eliminated Week 6,9,6.0,20.0,True,255.0,0.0784313725490196,False,27_Mary Lou Retton
27,2,Mary Lou Retton,Sasha Farber,Athlete,50,Eliminated Week 6,9,6.0,23.0,True,270.5,0.08502772643253234,False,27_Mary Lou Retton
27,3,Mary Lou Retton,Sasha Farber,Athlete,50,Eliminated Week 6,9,6.0,24.0,True,271.0,0.08856088560885608,False,27_Mary Lou Retton
27,4,Mary Lou Retton,Sasha Farber,Athlete,50,Eliminated Week 6,9,6.0,26.0,True,232.0,0.11206896551724138,False,27_Mary Lou Retton
27,5,Mary Lou Retton,Sasha Farber,Athlete,50,Eliminated Week 6,9,6.0,25.0,True,222.0,0.11261261261261261,False,27_Mary Lou Retton
27,6,Mary Lou Retton,Sasha Farber,Athlete,50,Eliminated Week 6,9,6.0,24.0,True,229.0,0.10480349344978165,True,27_Mary Lou Retton
27,7,Mary Lou Retton,Sasha Farber,Athlete,50,Eliminated Week 6,9,6.0,0.0,False,217.5,0.0,False,27_Mary Lou Retton
27,8,Mary Lou Retton,Sasha Farber,Athlete,50,Eliminated Week 6,9,6.0,0.0,False,161.0,0.0,False,27_Mary Lou Retton
27,9,Mary Lou Retton,Sasha Farber,Athlete,50,Eliminated Week 6,9,6.0,0.0,False,115.5,0.0,False,27_Mary Lou Retton
27,1,DeMarcus Ware,Lindsay Arnold,Athlete,36,Eliminated Week 7,7,7.0,23.0,True,255.0,0.09019607843137255,False,27_DeMarcus Ware
27,2,DeMarcus Ware,Lindsay Arnold,Athlete,36,Eliminated Week 7,7,7.0,23.5,True,270.5,0.08687615526802218,False,27_DeMarcus Ware
27,3,DeMarcus Ware,Lindsay Arnold,Athlete,36,Eliminated Week 7,7,7.0,26.0,True,271.0,0.0959409594095941,False,27_DeMarcus Ware
27,4,DeMarcus Ware,Lindsay Arnold,Athlete,36,Eliminated Week 7,7,7.0,22.0,True,232.0,0.09482758620689655,False,27_DeMarcus Ware
27,5,DeMarcus Ware,Lindsay Arnold,Athlete,36,Eliminated Week 7,7,7.0,26.0,True,222.0,0.11711711711711711,False,27_DeMarcus Ware
27,6,DeMarcus Ware,Lindsay Arnold,Athlete,36,Eliminated Week 7,7,7.0,26.0,True,229.0,0.11353711790393013,False,27_DeMarcus Ware
27,7,DeMarcus Ware,Lindsay Arnold,Athlete,36,Eliminated Week 7,7,7.0,26.5,True,217.5,0.12183908045977011,True,27_DeMarcus Ware
27,8,DeMarcus Ware,Lindsay Arnold,Athlete,36,Eliminated Week 7,7,7.0,0.0,False,161.0,0.0,False,27_DeMarcus Ware
27,9,DeMarcus Ware,Lindsay Arnold,Athlete,36,Eliminated Week 7,7,7.0,0.0,False,115.5,0.0,False,27_DeMarcus Ware
27,1,Nikki Glaser,Gleb Savchenko,Comedian,34,Eliminated Week 1,13,1.0,17.5,True,255.0,0.06862745098039216,True,27_Nikki Glaser
27,2,Nikki Glaser,Gleb Savchenko,Comedian,34,Eliminated Week 1,13,1.0,0.0,False,270.5,0.0,False,27_Nikki Glaser
27,3,Nikki Glaser,Gleb Savchenko,Comedian,34,Eliminated Week 1,13,1.0,0.0,False,271.0,0.0,False,27_Nikki Glaser
27,4,Nikki Glaser,Gleb Savchenko,Comedian,34,Eliminated Week 1,13,1.0,0.0,False,232.0,0.0,False,27_Nikki Glaser
27,5,Nikki Glaser,Gleb Savchenko,Comedian,34,Eliminated Week 1,13,1.0,0.0,False,222.0,0.0,False,27_Nikki Glaser
27,6,Nikki Glaser,Gleb Savchenko,Comedian,34,Eliminated Week 1,13,1.0,0.0,False,229.0,0.0,False,27_Nikki Glaser
27,7,Nikki Glaser,Gleb Savchenko,Comedian,34,Eliminated Week 1,13,1.0,0.0,False,217.5,0.0,False,27_Nikki Glaser
27,8,Nikki Glaser,Gleb Savchenko,Comedian,34,Eliminated Week 1,13,1.0,0.0,False,161.0,0.0,False,27_Nikki Glaser
27,9,Nikki Glaser,Gleb Savchenko,Comedian,34,Eliminated Week 1,13,1.0,0.0,False,115.5,0.0,False,27_Nikki Glaser
27,1,Bobby Bones,Sharna Burgess,Radio Personality,38,1st Place,1,,20.0,True,255.0,0.0784313725490196,False,27_Bobby Bones
27,2,Bobby Bones,Sharna Burgess,Radio Personality,38,1st Place,1,,19.5,True,270.5,0.07208872458410351,False,27_Bobby Bones
27,3,Bobby Bones,Sharna Burgess,Radio Personality,38,1st Place,1,,23.0,True,271.0,0.08487084870848709,False,27_Bobby Bones
27,4,Bobby Bones,Sharna Burgess,Radio Personality,38,1st Place,1,,20.0,True,232.0,0.08620689655172414,False,27_Bobby Bones
27,5,Bobby Bones,Sharna Burgess,Radio Personality,38,1st Place,1,,21.0,True,222.0,0.0945945945945946,False,27_Bobby Bones
27,6,Bobby Bones,Sharna Burgess,Radio Personality,38,1st Place,1,,22.0,True,229.0,0.09606986899563319,False,27_Bobby Bones
27,7,Bobby Bones,Sharna Burgess,Radio Personality,38,1st Place,1,,26.5,True,217.5,0.12183908045977011,False,27_Bobby Bones
27,8,Bobby Bones,Sharna Burgess,Radio Personality,38,1st Place,1,,22.5,True,161.0,0.13975155279503104,False,27_Bobby Bones
27,9,Bobby Bones,Sharna Burgess,Radio Personality,38,1st Place,1,,27.0,True,115.5,0.23376623376623376,False,27_Bobby Bones
27,1,Tinashe,Brandon Armstrong,Singer/Rapper,25,Eliminated Week 4,10,4.0,23.0,True,255.0,0.09019607843137255,False,27_Tinashe
27,2,Tinashe,Brandon Armstrong,Singer/Rapper,25,Eliminated Week 4,10,4.0,26.0,True,270.5,0.09611829944547134,False,27_Tinashe
27,3,Tinashe,Brandon Armstrong,Singer/Rapper,25,Eliminated Week 4,10,4.0,27.0,True,271.0,0.0996309963099631,False,27_Tinashe
27,4,Tinashe,Brandon Armstrong,Singer/Rapper,25,Eliminated Week 4,10,4.0,26.0,True,232.0,0.11206896551724138,True,27_Tinashe
27,5,Tinashe,Brandon Armstrong,Singer/Rapper,25,Eliminated Week 4,10,4.0,0.0,False,222.0,0.0,False,27_Tinashe
27,6,Tinashe,Brandon Armstrong,Singer/Rapper,25,Eliminated Week 4,10,4.0,0.0,False,229.0,0.0,False,27_Tinashe
27,7,Tinashe,Brandon Armstrong,Singer/Rapper,25,Eliminated Week 4,10,4.0,0.0,False,217.5,0.0,False,27_Tinashe
27,8,Tinashe,Brandon Armstrong,Singer/Rapper,25,Eliminated Week 4,10,4.0,0.0,False,161.0,0.0,False,27_Tinashe
27,9,Tinashe,Brandon Armstrong,Singer/Rapper,25,Eliminated Week 4,10,4.0,0.0,False,115.5,0.0,False,27_Tinashe
27,1,Alexis Ren,Alan Bersten,Social Media Personality,21,4th Place,4,,22.0,True,255.0,0.08627450980392157,False,27_Alexis Ren
27,2,Alexis Ren,Alan Bersten,Social Media Personality,21,4th Place,4,,24.5,True,270.5,0.09057301293900184,False,27_Alexis Ren
27,3,Alexis Ren,Alan Bersten,Social Media Personality,21,4th Place,4,,26.0,True,271.0,0.0959409594095941,False,27_Alexis Ren
27,4,Alexis Ren,Alan Bersten,Social Media Personality,21,4th Place,4,,25.0,True,232.0,0.10775862068965517,False,27_Alexis Ren
27,5,Alexis Ren,Alan Bersten,Social Media Personality,21,4th Place,4,,29.0,True,222.0,0.13063063063063063,False,27_Alexis Ren
27,6,Alexis Ren,Alan Bersten,Social Media Personality,21,4th Place,4,,27.0,True,229.0,0.11790393013100436,False,27_Alexis Ren
27,7,Alexis Ren,Alan Bersten,Social Media Personality,21,4th Place,4,,27.5,True,217.5,0.12643678160919541,False,27_Alexis Ren
27,8,Alexis Ren,Alan Bersten,Social Media Personality,21,4th Place,4,,29.0,True,161.0,0.18012422360248448,False,27_Alexis Ren
27,9,Alexis Ren,Alan Bersten,Social Media Personality,21,4th Place,4,,28.5,True,115.5,0.24675324675324675,False,27_Alexis Ren
27,1,Joe Amabile,Jenna Johnson,TV Personality,32,Eliminated Week 8,6,8.0,14.0,True,255.0,0.054901960784313725,False,27_Joe Amabile
27,2,Joe Amabile,Jenna Johnson,TV Personality,32,Eliminated Week 8,6,8.0,17.5,True,270.5,0.06469500924214418,False,27_Joe Amabile
27,3,Joe Amabile,Jenna Johnson,TV Personality,32,Eliminated Week 8,6,8.0,18.0,True,271.0,0.06642066420664207,False,27_Joe Amabile
27,4,Joe Amabile,Jenna Johnson,TV Personality,32,Eliminated Week 8,6,8.0,15.0,True,232.0,0.06465517241379311,False,27_Joe Amabile
27,5,Joe Amabile,Jenna Johnson,TV Personality,32,Eliminated Week 8,6,8.0,17.0,True,222.0,0.07657657657657657,False,27_Joe Amabile
27,6,Joe Amabile,Jenna Johnson,TV Personality,32,Eliminated Week 8,6,8.0,22.0,True,229.0,0.09606986899563319,False,27_Joe Amabile
27,7,Joe Amabile,Jenna Johnson,TV Personality,32,Eliminated Week 8,6,8.0,23.5,True,217.5,0.10804597701149425,False,27_Joe Amabile
27,8,Joe Amabile,Jenna Johnson,TV Personality,32,Eliminated Week 8,6,8.0,23.0,True,161.0,0.14285714285714285,True,27_Joe Amabile
27,9,Joe Amabile,Jenna Johnson,TV Personality,32,Eliminated Week 8,6,8.0,0.0,False,115.5,0.0,False,27_Joe Amabile
28,1,Kate Flannery,Pasha Pashkov,Actor/Actress,55,Eliminated Week 8,7,8.0,15.0,True,197.0,0.07614213197969544,False,28_Kate Flannery
28,2,Kate Flannery,Pasha Pashkov,Actor/Actress,55,Eliminated Week 8,7,8.0,21.0,True,219.0,0.0958904109589041,False,28_Kate Flannery
28,3,Kate Flannery,Pasha Pashkov,Actor/Actress,55,Eliminated Week 8,7,8.0,24.0,True,198.0,0.12121212121212122,False,28_Kate Flannery
28,4,Kate Flannery,Pasha Pashkov,Actor/Actress,55,Eliminated Week 8,7,8.0,26.0,True,282.0,0.09219858156028368,False,28_Kate Flannery
28,5,Kate Flannery,Pasha Pashkov,Actor/Actress,55,Eliminated Week 8,7,8.0,24.0,True,215.0,0.11162790697674418,False,28_Kate Flannery
28,6,Kate Flannery,Pasha Pashkov,Actor/Actress,55,Eliminated Week 8,7,8.0,27.0,True,228.0,0.11842105263157894,False,28_Kate Flannery
28,7,Kate Flannery,Pasha Pashkov,Actor/Actress,55,Eliminated Week 8,7,8.0,24.0,True,202.0,0.1188118811881188,False,28_Kate Flannery
28,8,Kate Flannery,Pasha Pashkov,Actor/Actress,55,Eliminated Week 8,7,8.0,25.9998,True,192.9992,0.13471454803957736,True,28_Kate Flannery
28,9,Kate Flannery,Pasha Pashkov,Actor/Actress,55,Eliminated Week 8,7,8.0,0.0,False,208.5,0.0,False,28_Kate Flannery
28,10,Kate Flannery,Pasha Pashkov,Actor/Actress,55,Eliminated Week 8,7,8.0,0.0,False,137.5,0.0,False,28_Kate Flannery
28,11,Kate Flannery,Pasha Pashkov,Actor/Actress,55,Eliminated Week 8,7,8.0,0.0,False,117.0,0.0,False,28_Kate Flannery
28,1,James Van Der Beek,Emma Slater,Actor/Actress,42,Eliminated Week 10,5,10.0,21.0,True,197.0,0.1065989847715736,False,28_James Van Der Beek
28,2,James Van Der Beek,Emma Slater,Actor/Actress,42,Eliminated Week 10,5,10.0,20.0,True,219.0,0.091324200913242,False,28_James Van Der Beek
28,3,James Van Der Beek,Emma Slater,Actor/Actress,42,Eliminated Week 10,5,10.0,23.0,True,198.0,0.11616161616161616,False,28_James Van Der Beek
28,4,James Van Der Beek,Emma Slater,Actor/Actress,42,Eliminated Week 10,5,10.0,28.0,True,282.0,0.09929078014184398,False,28_James Van Der Beek
28,5,James Van Der Beek,Emma Slater,Actor/Actress,42,Eliminated Week 10,5,10.0,26.0,True,215.0,0.12093023255813953,False,28_James Van Der Beek
28,6,James Van Der Beek,Emma Slater,Actor/Actress,42,Eliminated Week 10,5,10.0,27.0,True,228.0,0.11842105263157894,False,28_James Van Der Beek
28,7,James Van Der Beek,Emma Slater,Actor/Actress,42,Eliminated Week 10,5,10.0,27.0,True,202.0,0.13366336633663367,False,28_James Van Der Beek
28,8,James Van Der Beek,Emma Slater,Actor/Actress,42,Eliminated Week 10,5,10.0,31.9998,True,192.9992,0.1658027598041857,False,28_James Van Der Beek
28,9,James Van Der Beek,Emma Slater,Actor/Actress,42,Eliminated Week 10,5,10.0,36.0,True,208.5,0.17266187050359713,False,28_James Van Der Beek
28,10,James Van Der Beek,Emma Slater,Actor/Actress,42,Eliminated Week 10,5,10.0,25.5,True,137.5,0.18545454545454546,True,28_James Van Der Beek
28,11,James Van Der Beek,Emma Slater,Actor/Actress,42,Eliminated Week 10,5,10.0,0.0,False,117.0,0.0,False,28_James Van Der Beek
28,1,Kel Mitchell,Witney Carson,Actor/Actress,41,2nd Place,2,,16.0,True,197.0,0.08121827411167512,False,28_Kel Mitchell
28,2,Kel Mitchell,Witney Carson,Actor/Actress,41,2nd Place,2,,20.0,True,219.0,0.091324200913242,False,28_Kel Mitchell
28,3,Kel Mitchell,Witney Carson,Actor/Actress,41,2nd Place,2,,20.0,True,198.0,0.10101010101010101,False,28_Kel Mitchell
28,4,Kel Mitchell,Witney Carson,Actor/Actress,41,2nd Place,2,,32.0,True,282.0,0.11347517730496454,False,28_Kel Mitchell
28,5,Kel Mitchell,Witney Carson,Actor/Actress,41,2nd Place,2,,26.0,True,215.0,0.12093023255813953,False,28_Kel Mitchell
28,6,Kel Mitchell,Witney Carson,Actor/Actress,41,2nd Place,2,,26.0,True,228.0,0.11403508771929824,False,28_Kel Mitchell
28,7,Kel Mitchell,Witney Carson,Actor/Actress,41,2nd Place,2,,25.5,True,202.0,0.12623762376237624,False,28_Kel Mitchell
28,8,Kel Mitchell,Witney Carson,Actor/Actress,41,2nd Place,2,,29.9998,True,192.9992,0.15544002254931627,False,28_Kel Mitchell
28,9,Kel Mitchell,Witney Carson,Actor/Actress,41,2nd Place,2,,37.0,True,208.5,0.1774580335731415,False,28_Kel Mitchell
28,10,Kel Mitchell,Witney Carson,Actor/Actress,41,2nd Place,2,,28.5,True,137.5,0.20727272727272728,False,28_Kel Mitchell
28,11,Kel Mitchell,Witney Carson,Actor/Actress,41,2nd Place,2,,29.5,True,117.0,0.25213675213675213,False,28_Kel Mitchell
28,1,Ray Lewis,Cheryl Burke,Athlete,44,Withdrew,11,,15.0,True,197.0,0.07614213197969544,False,28_Ray Lewis
28,2,Ray Lewis,Cheryl Burke,Athlete,44,Withdrew,11,,15.0,True,219.0,0.0684931506849315,False,28_Ray Lewis
28,3,Ray Lewis,Cheryl Burke,Athlete,44,Withdrew,11,,0.0,False,198.0,0.0,False,28_Ray Lewis
28,4,Ray Lewis,Cheryl Burke,Athlete,44,Withdrew,11,,0.0,False,282.0,0.0,False,28_Ray Lewis
28,5,Ray Lewis,Cheryl Burke,Athlete,44,Withdrew,11,,0.0,False,215.0,0.0,False,28_Ray Lewis
28,6,Ray Lewis,Cheryl Burke,Athlete,44,Withdrew,11,,0.0,False,228.0,0.0,False,28_Ray Lewis
28,7,Ray Lewis,Cheryl Burke,Athlete,44,Withdrew,11,,0.0,False,202.0,0.0,False,28_Ray Lewis
28,8,Ray Lewis,Cheryl Burke,Athlete,44,Withdrew,11,,0.0,False,192.9992,0.0,False,28_Ray Lewis
28,9,Ray Lewis,Cheryl Burke,Athlete,44,Withdrew,11,,0.0,False,208.5,0.0,False,28_Ray Lewis
28,10,Ray Lewis,Cheryl Burke,Athlete,44,Withdrew,11,,0.0,False,137.5,0.0,False,28_Ray Lewis
28,11,Ray Lewis,Cheryl Burke,Athlete,44,Withdrew,11,,0.0,False,117.0,0.0,False,28_Ray Lewis
28,1,Lamar Odom,Peta Murgatroyd,Athlete,39,Eliminated Week 4,10,4.0,11.0,True,197.0,0.05583756345177665,False,28_Lamar Odom
28,2,Lamar Odom,Peta Murgatroyd,Athlete,39,Eliminated Week 4,10,4.0,12.0,True,219.0,0.0547945205479452,False,28_Lamar Odom
28,3,Lamar Odom,Peta Murgatroyd,Athlete,39,Eliminated Week 4,10,4.0,12.0,True,198.0,0.06060606060606061,False,28_Lamar Odom
28,4,Lamar Odom,Peta Murgatroyd,Athlete,39,Eliminated Week 4,10,4.0,20.0,True,282.0,0.07092198581560284,True,28_Lamar Odom
28,5,Lamar Odom,Peta Murgatroyd,Athlete,39,Eliminated Week 4,10,4.0,0.0,False,215.0,0.0,False,28_Lamar Odom
28,6,Lamar Odom,Peta Murgatroyd,Athlete,39,Eliminated Week 4,10,4.0,0.0,False,228.0,0.0,False,28_Lamar Odom
28,7,Lamar Odom,Peta Murgatroyd,Athlete,39,Eliminated Week 4,10,4.0,0.0,False,202.0,0.0,False,28_Lamar Odom
28,8,Lamar Odom,Peta Murgatroyd,Athlete,39,Eliminated Week 4,10,4.0,0.0,False,192.9992,0.0,False,28_Lamar Odom
28,9,Lamar Odom,Peta Murgatroyd,Athlete,39,Eliminated Week 4,10,4.0,0.0,False,208.5,0.0,False,28_Lamar Odom
28,10,Lamar Odom,Peta Murgatroyd,Athlete,39,Eliminated Week 4,10,4.0,0.0,False,137.5,0.0,False,28_Lamar Odom
28,11,Lamar Odom,Peta Murgatroyd,Athlete,39,Eliminated Week 4,10,4.0,0.0,False,117.0,0.0,False,28_Lamar Odom
28,1,Sailor Brinkley-Cook,Valentin Chmerkovskiy,Model,21,Eliminated Week 6,9,6.0,18.0,True,197.0,0.09137055837563451,False,28_Sailor Brinkley-Cook
28,2,Sailor Brinkley-Cook,Valentin Chmerkovskiy,Model,21,Eliminated Week 6,9,6.0,18.0,True,219.0,0.0821917808219178,False,28_Sailor Brinkley-Cook
28,3,Sailor Brinkley-Cook,Valentin Chmerkovskiy,Model,21,Eliminated Week 6,9,6.0,23.0,True,198.0,0.11616161616161616,False,28_Sailor Brinkley-Cook
28,4,Sailor Brinkley-Cook,Valentin Chmerkovskiy,Model,21,Eliminated Week 6,9,6.0,31.0,True,282.0,0.1099290780141844,False,28_Sailor Brinkley-Cook
28,5,Sailor Brinkley-Cook,Valentin Chmerkovskiy,Model,21,Eliminated Week 6,9,6.0,24.0,True,215.0,0.11162790697674418,False,28_Sailor Brinkley-Cook
28,6,Sailor Brinkley-Cook,Valentin Chmerkovskiy,Model,21,Eliminated Week 6,9,6.0,27.0,True,228.0,0.11842105263157894,True,28_Sailor Brinkley-Cook
28,7,Sailor Brinkley-Cook,Valentin Chmerkovskiy,Model,21,Eliminated Week 6,9,6.0,0.0,False,202.0,0.0,False,28_Sailor Brinkley-Cook
28,8,Sailor Brinkley-Cook,Valentin Chmerkovskiy,Model,21,Eliminated Week 6,9,6.0,0.0,False,192.9992,0.0,False,28_Sailor Brinkley-Cook
28,9,Sailor Brinkley-Cook,Valentin Chmerkovskiy,Model,21,Eliminated Week 6,9,6.0,0.0,False,208.5,0.0,False,28_Sailor Brinkley-Cook
28,10,Sailor Brinkley-Cook,Valentin Chmerkovskiy,Model,21,Eliminated Week 6,9,6.0,0.0,False,137.5,0.0,False,28_Sailor Brinkley-Cook
28,11,Sailor Brinkley-Cook,Valentin Chmerkovskiy,Model,21,Eliminated Week 6,9,6.0,0.0,False,117.0,0.0,False,28_Sailor Brinkley-Cook
28,1,Sean Spicer,Lindsay Arnold,Politician,48,Eliminated Week 9,6,9.0,12.0,True,197.0,0.06091370558375635,False,28_Sean Spicer
28,2,Sean Spicer,Lindsay Arnold,Politician,48,Eliminated Week 9,6,9.0,16.0,True,219.0,0.0730593607305936,False,28_Sean Spicer
28,3,Sean Spicer,Lindsay Arnold,Politician,48,Eliminated Week 9,6,9.0,15.0,True,198.0,0.07575757575757576,False,28_Sean Spicer
28,4,Sean Spicer,Lindsay Arnold,Politician,48,Eliminated Week 9,6,9.0,21.0,True,282.0,0.07446808510638298,False,28_Sean Spicer
28,5,Sean Spicer,Lindsay Arnold,Politician,48,Eliminated Week 9,6,9.0,19.0,True,215.0,0.08837209302325581,False,28_Sean Spicer
28,6,Sean Spicer,Lindsay Arnold,Politician,48,Eliminated Week 9,6,9.0,21.0,True,228.0,0.09210526315789473,False,28_Sean Spicer
28,7,Sean Spicer,Lindsay Arnold,Politician,48,Eliminated Week 9,6,9.0,21.0,True,202.0,0.10396039603960396,False,28_Sean Spicer
28,8,Sean Spicer,Lindsay Arnold,Politician,48,Eliminated Week 9,6,9.0,20.0,True,192.9992,0.1036273725486945,False,28_Sean Spicer
28,9,Sean Spicer,Lindsay Arnold,Politician,48,Eliminated Week 9,6,9.0,25.0,True,208.5,0.11990407673860912,True,28_Sean Spicer
28,10,Sean Spicer,Lindsay Arnold,Politician,48,Eliminated Week 9,6,9.0,0.0,False,137.5,0.0,False,28_Sean Spicer
28,11,Sean Spicer,Lindsay Arnold,Politician,48,Eliminated Week 9,6,9.0,0.0,False,117.0,0.0,False,28_Sean Spicer
28,1,Mary Wilson,Brandon Armstrong,Singer/Rapper,75,Eliminated Week 2,12,2.0,17.0,True,197.0,0.08629441624365482,False,28_Mary Wilson
28,2,Mary Wilson,Brandon Armstrong,Singer/Rapper,75,Eliminated Week 2,12,2.0,15.0,True,219.0,0.0684931506849315,True,28_Mary Wilson
28,3,Mary Wilson,Brandon Armstrong,Singer/Rapper,75,Eliminated Week 2,12,2.0,0.0,False,198.0,0.0,False,28_Mary Wilson
28,4,Mary Wilson,Brandon Armstrong,Singer/Rapper,75,Eliminated Week 2,12,2.0,0.0,False,282.0,0.0,False,28_Mary Wilson
28,5,Mary Wilson,Brandon Armstrong,Singer/Rapper,75,Eliminated Week 2,12,2.0,0.0,False,215.0,0.0,False,28_Mary Wilson
28,6,Mary Wilson,Brandon Armstrong,Singer/Rapper,75,Eliminated Week 2,12,2.0,0.0,False,228.0,0.0,False,28_Mary Wilson
28,7,Mary Wilson,Brandon Armstrong,Singer/Rapper,75,Eliminated Week 2,12,2.0,0.0,False,202.0,0.0,False,28_Mary Wilson
28,8,Mary Wilson,Brandon Armstrong,Singer/Rapper,75,Eliminated Week 2,12,2.0,0.0,False,192.9992,0.0,False,28_Mary Wilson
28,9,Mary Wilson,Brandon Armstrong,Singer/Rapper,75,Eliminated Week 2,12,2.0,0.0,False,208.5,0.0,False,28_Mary Wilson
28,10,Mary Wilson,Brandon Armstrong,Singer/Rapper,75,Eliminated Week 2,12,2.0,0.0,False,137.5,0.0,False,28_Mary Wilson
28,11,Mary Wilson,Brandon Armstrong,Singer/Rapper,75,Eliminated Week 2,12,2.0,0.0,False,117.0,0.0,False,28_Mary Wilson
28,1,Lauren Alaina,Gleb Savchenko,Singer/Rapper,24,4th Place,4,,19.0,True,197.0,0.09644670050761421,False,28_Lauren Alaina
28,2,Lauren Alaina,Gleb Savchenko,Singer/Rapper,24,4th Place,4,,19.0,True,219.0,0.0867579908675799,False,28_Lauren Alaina
28,3,Lauren Alaina,Gleb Savchenko,Singer/Rapper,24,4th Place,4,,20.0,True,198.0,0.10101010101010101,False,28_Lauren Alaina
28,4,Lauren Alaina,Gleb Savchenko,Singer/Rapper,24,4th Place,4,,32.0,True,282.0,0.11347517730496454,False,28_Lauren Alaina
28,5,Lauren Alaina,Gleb Savchenko,Singer/Rapper,24,4th Place,4,,23.0,True,215.0,0.10697674418604651,False,28_Lauren Alaina
28,6,Lauren Alaina,Gleb Savchenko,Singer/Rapper,24,4th Place,4,,26.0,True,228.0,0.11403508771929824,False,28_Lauren Alaina
28,7,Lauren Alaina,Gleb Savchenko,Singer/Rapper,24,4th Place,4,,27.0,True,202.0,0.13366336633663367,False,28_Lauren Alaina
28,8,Lauren Alaina,Gleb Savchenko,Singer/Rapper,24,4th Place,4,,24.0,True,192.9992,0.1243528470584334,False,28_Lauren Alaina
28,9,Lauren Alaina,Gleb Savchenko,Singer/Rapper,24,4th Place,4,,35.0,True,208.5,0.16786570743405277,False,28_Lauren Alaina
28,10,Lauren Alaina,Gleb Savchenko,Singer/Rapper,24,4th Place,4,,27.0,True,137.5,0.19636363636363635,False,28_Lauren Alaina
28,11,Lauren Alaina,Gleb Savchenko,Singer/Rapper,24,4th Place,4,,28.5,True,117.0,0.24358974358974358,False,28_Lauren Alaina
28,1,Ally Brooke,Sasha Farber,Singer/Rapper,26,3rd Place,3,,16.0,True,197.0,0.08121827411167512,False,28_Ally Brooke
28,2,Ally Brooke,Sasha Farber,Singer/Rapper,26,3rd Place,3,,20.0,True,219.0,0.091324200913242,False,28_Ally Brooke
28,3,Ally Brooke,Sasha Farber,Singer/Rapper,26,3rd Place,3,,24.0,True,198.0,0.12121212121212122,False,28_Ally Brooke
28,4,Ally Brooke,Sasha Farber,Singer/Rapper,26,3rd Place,3,,32.0,True,282.0,0.11347517730496454,False,28_Ally Brooke
28,5,Ally Brooke,Sasha Farber,Singer/Rapper,26,3rd Place,3,,27.0,True,215.0,0.12558139534883722,False,28_Ally Brooke
28,6,Ally Brooke,Sasha Farber,Singer/Rapper,26,3rd Place,3,,25.0,True,228.0,0.10964912280701754,False,28_Ally Brooke
28,7,Ally Brooke,Sasha Farber,Singer/Rapper,26,3rd Place,3,,27.0,True,202.0,0.13366336633663367,False,28_Ally Brooke
28,8,Ally Brooke,Sasha Farber,Singer/Rapper,26,3rd Place,3,,30.0,True,192.9992,0.15544105882304174,False,28_Ally Brooke
28,9,Ally Brooke,Sasha Farber,Singer/Rapper,26,3rd Place,3,,40.0,True,208.5,0.19184652278177458,False,28_Ally Brooke
28,10,Ally Brooke,Sasha Farber,Singer/Rapper,26,3rd Place,3,,29.5,True,137.5,0.21454545454545454,False,28_Ally Brooke
28,11,Ally Brooke,Sasha Farber,Singer/Rapper,26,3rd Place,3,,30.0,True,117.0,0.2564102564102564,False,28_Ally Brooke
28,1,Karamo Brown,Jenna Johnson,TV Personality,38,Eliminated Week 7,8,7.0,17.0,True,197.0,0.08629441624365482,False,28_Karamo Brown
28,2,Karamo Brown,Jenna Johnson,TV Personality,38,Eliminated Week 7,8,7.0,19.0,True,219.0,0.0867579908675799,False,28_Karamo Brown
28,3,Karamo Brown,Jenna Johnson,TV Personality,38,Eliminated Week 7,8,7.0,16.0,True,198.0,0.08080808080808081,False,28_Karamo Brown
28,4,Karamo Brown,Jenna Johnson,TV Personality,38,Eliminated Week 7,8,7.0,28.0,True,282.0,0.09929078014184398,False,28_Karamo Brown
28,5,Karamo Brown,Jenna Johnson,TV Personality,38,Eliminated Week 7,8,7.0,21.0,True,215.0,0.09767441860465116,False,28_Karamo Brown
28,6,Karamo Brown,Jenna Johnson,TV Personality,38,Eliminated Week 7,8,7.0,25.0,True,228.0,0.10964912280701754,False,28_Karamo Brown
28,7,Karamo Brown,Jenna Johnson,TV Personality,38,Eliminated Week 7,8,7.0,24.5,True,202.0,0.12128712871287128,True,28_Karamo Brown
28,8,Karamo Brown,Jenna Johnson,TV Personality,38,Eliminated Week 7,8,7.0,0.0,False,192.9992,0.0,False,28_Karamo Brown
28,9,Karamo Brown,Jenna Johnson,TV Personality,38,Eliminated Week 7,8,7.0,0.0,False,208.5,0.0,False,28_Karamo Brown
28,10,Karamo Brown,Jenna Johnson,TV Personality,38,Eliminated Week 7,8,7.0,0.0,False,137.5,0.0,False,28_Karamo Brown
28,11,Karamo Brown,Jenna Johnson,TV Personality,38,Eliminated Week 7,8,7.0,0.0,False,117.0,0.0,False,28_Karamo Brown
28,1,Hannah Brown,Alan Bersten,TV Personality,24,1st Place,1,,20.0,True,197.0,0.10152284263959391,False,28_Hannah Brown
28,2,Hannah Brown,Alan Bersten,TV Personality,24,1st Place,1,,24.0,True,219.0,0.1095890410958904,False,28_Hannah Brown
28,3,Hannah Brown,Alan Bersten,TV Personality,24,1st Place,1,,21.0,True,198.0,0.10606060606060606,False,28_Hannah Brown
28,4,Hannah Brown,Alan Bersten,TV Personality,24,1st Place,1,,32.0,True,282.0,0.11347517730496454,False,28_Hannah Brown
28,5,Hannah Brown,Alan Bersten,TV Personality,24,1st Place,1,,25.0,True,215.0,0.11627906976744186,False,28_Hannah Brown
28,6,Hannah Brown,Alan Bersten,TV Personality,24,1st Place,1,,24.0,True,228.0,0.10526315789473684,False,28_Hannah Brown
28,7,Hannah Brown,Alan Bersten,TV Personality,24,1st Place,1,,26.0,True,202.0,0.12871287128712872,False,28_Hannah Brown
28,8,Hannah Brown,Alan Bersten,TV Personality,24,1st Place,1,,30.9998,True,192.9992,0.160621391176751,False,28_Hannah Brown
28,9,Hannah Brown,Alan Bersten,TV Personality,24,1st Place,1,,35.5,True,208.5,0.17026378896882494,False,28_Hannah Brown
28,10,Hannah Brown,Alan Bersten,TV Personality,24,1st Place,1,,27.0,True,137.5,0.19636363636363635,False,28_Hannah Brown
28,11,Hannah Brown,Alan Bersten,TV Personality,24,1st Place,1,,29.0,True,117.0,0.24786324786324787,False,28_Hannah Brown
29,1,Anne Heche,Keo Motsepe,Actor/Actress,51,Eliminated Week 4,13,4.0,18.0,True,260.0,0.06923076923076923,False,29_Anne Heche
29,2,Anne Heche,Keo Motsepe,Actor/Actress,51,Eliminated Week 4,13,4.0,18.0,True,273.0,0.06593406593406594,False,29_Anne Heche
29,3,Anne Heche,Keo Motsepe,Actor/Actress,51,Eliminated Week 4,13,4.0,15.0,True,281.0,0.05338078291814947,False,29_Anne Heche
29,4,Anne Heche,Keo Motsepe,Actor/Actress,51,Eliminated Week 4,13,4.0,21.0,True,301.0,0.06976744186046512,True,29_Anne Heche
29,5,Anne Heche,Keo Motsepe,Actor/Actress,51,Eliminated Week 4,13,4.0,0.0,False,287.0,0.0,False,29_Anne Heche
29,6,Anne Heche,Keo Motsepe,Actor/Actress,51,Eliminated Week 4,13,4.0,0.0,False,268.0,0.0,False,29_Anne Heche
29,7,Anne Heche,Keo Motsepe,Actor/Actress,51,Eliminated Week 4,13,4.0,0.0,False,260.0,0.0,False,29_Anne Heche
29,8,Anne Heche,Keo Motsepe,Actor/Actress,51,Eliminated Week 4,13,4.0,0.0,False,221.9996,0.0,False,29_Anne Heche
29,9,Anne Heche,Keo Motsepe,Actor/Actress,51,Eliminated Week 4,13,4.0,0.0,False,192.9992,0.0,False,29_Anne Heche
29,10,Anne Heche,Keo Motsepe,Actor/Actress,51,Eliminated Week 4,13,4.0,0.0,False,174.0,0.0,False,29_Anne Heche
29,11,Anne Heche,Keo Motsepe,Actor/Actress,51,Eliminated Week 4,13,4.0,0.0,False,118.5,0.0,False,29_Anne Heche
29,1,Jesse Metcalfe,Sharna Burgess,Actor/Actress,41,Eliminated Week 5,12,5.0,18.0,True,260.0,0.06923076923076923,False,29_Jesse Metcalfe
29,2,Jesse Metcalfe,Sharna Burgess,Actor/Actress,41,Eliminated Week 5,12,5.0,20.0,True,273.0,0.07326007326007326,False,29_Jesse Metcalfe
29,3,Jesse Metcalfe,Sharna Burgess,Actor/Actress,41,Eliminated Week 5,12,5.0,20.0,True,281.0,0.0711743772241993,False,29_Jesse Metcalfe
29,4,Jesse Metcalfe,Sharna Burgess,Actor/Actress,41,Eliminated Week 5,12,5.0,21.0,True,301.0,0.06976744186046512,False,29_Jesse Metcalfe
29,5,Jesse Metcalfe,Sharna Burgess,Actor/Actress,41,Eliminated Week 5,12,5.0,19.0,True,287.0,0.06620209059233449,True,29_Jesse Metcalfe
29,6,Jesse Metcalfe,Sharna Burgess,Actor/Actress,41,Eliminated Week 5,12,5.0,0.0,False,268.0,0.0,False,29_Jesse Metcalfe
29,7,Jesse Metcalfe,Sharna Burgess,Actor/Actress,41,Eliminated Week 5,12,5.0,0.0,False,260.0,0.0,False,29_Jesse Metcalfe
29,8,Jesse Metcalfe,Sharna Burgess,Actor/Actress,41,Eliminated Week 5,12,5.0,0.0,False,221.9996,0.0,False,29_Jesse Metcalfe
29,9,Jesse Metcalfe,Sharna Burgess,Actor/Actress,41,Eliminated Week 5,12,5.0,0.0,False,192.9992,0.0,False,29_Jesse Metcalfe
29,10,Jesse Metcalfe,Sharna Burgess,Actor/Actress,41,Eliminated Week 5,12,5.0,0.0,False,174.0,0.0,False,29_Jesse Metcalfe
29,11,Jesse Metcalfe,Sharna Burgess,Actor/Actress,41,Eliminated Week 5,12,5.0,0.0,False,118.5,0.0,False,29_Jesse Metcalfe
29,1,Chrishell Stause,Gleb Savchenko,Actor/Actress,39,Eliminated Week 8,8,8.0,13.0,True,260.0,0.05,False,29_Chrishell Stause
29,2,Chrishell Stause,Gleb Savchenko,Actor/Actress,39,Eliminated Week 8,8,8.0,18.0,True,273.0,0.06593406593406594,False,29_Chrishell Stause
29,3,Chrishell Stause,Gleb Savchenko,Actor/Actress,39,Eliminated Week 8,8,8.0,22.0,True,281.0,0.07829181494661921,False,29_Chrishell Stause
29,4,Chrishell Stause,Gleb Savchenko,Actor/Actress,39,Eliminated Week 8,8,8.0,22.0,True,301.0,0.07308970099667775,False,29_Chrishell Stause
29,5,Chrishell Stause,Gleb Savchenko,Actor/Actress,39,Eliminated Week 8,8,8.0,19.0,True,287.0,0.06620209059233449,False,29_Chrishell Stause
29,6,Chrishell Stause,Gleb Savchenko,Actor/Actress,39,Eliminated Week 8,8,8.0,24.0,True,268.0,0.08955223880597014,False,29_Chrishell Stause
29,7,Chrishell Stause,Gleb Savchenko,Actor/Actress,39,Eliminated Week 8,8,8.0,26.0,True,260.0,0.1,False,29_Chrishell Stause
29,8,Chrishell Stause,Gleb Savchenko,Actor/Actress,39,Eliminated Week 8,8,8.0,27.0,True,221.9996,0.12162184076007344,True,29_Chrishell Stause
29,9,Chrishell Stause,Gleb Savchenko,Actor/Actress,39,Eliminated Week 8,8,8.0,0.0,False,192.9992,0.0,False,29_Chrishell Stause
29,10,Chrishell Stause,Gleb Savchenko,Actor/Actress,39,Eliminated Week 8,8,8.0,0.0,False,174.0,0.0,False,29_Chrishell Stause
29,11,Chrishell Stause,Gleb Savchenko,Actor/Actress,39,Eliminated Week 8,8,8.0,0.0,False,118.5,0.0,False,29_Chrishell Stause
29,1,Skai Jackson,Alan Bersten,Actor/Actress,18,Eliminated Week 10,5,10.0,21.0,True,260.0,0.08076923076923077,False,29_Skai Jackson
29,2,Skai Jackson,Alan Bersten,Actor/Actress,18,Eliminated Week 10,5,10.0,15.0,True,273.0,0.054945054945054944,False,29_Skai Jackson
29,3,Skai Jackson,Alan Bersten,Actor/Actress,18,Eliminated Week 10,5,10.0,18.0,True,281.0,0.06405693950177936,False,29_Skai Jackson
29,4,Skai Jackson,Alan Bersten,Actor/Actress,18,Eliminated Week 10,5,10.0,28.0,True,301.0,0.09302325581395349,False,29_Skai Jackson
29,5,Skai Jackson,Alan Bersten,Actor/Actress,18,Eliminated Week 10,5,10.0,24.0,True,287.0,0.08362369337979095,False,29_Skai Jackson
29,6,Skai Jackson,Alan Bersten,Actor/Actress,18,Eliminated Week 10,5,10.0,18.0,True,268.0,0.06716417910447761,False,29_Skai Jackson
29,7,Skai Jackson,Alan Bersten,Actor/Actress,18,Eliminated Week 10,5,10.0,27.0,True,260.0,0.10384615384615385,False,29_Skai Jackson
29,8,Skai Jackson,Alan Bersten,Actor/Actress,18,Eliminated Week 10,5,10.0,26.9998,True,221.9996,0.1216209398575493,False,29_Skai Jackson
29,9,Skai Jackson,Alan Bersten,Actor/Actress,18,Eliminated Week 10,5,10.0,28.9998,True,192.9992,0.15025865392188154,False,29_Skai Jackson
29,10,Skai Jackson,Alan Bersten,Actor/Actress,18,Eliminated Week 10,5,10.0,28.5,True,174.0,0.16379310344827586,True,29_Skai Jackson
29,11,Skai Jackson,Alan Bersten,Actor/Actress,18,Eliminated Week 10,5,10.0,0.0,False,118.5,0.0,False,29_Skai Jackson
29,1,Justina Machado,Sasha Farber,Actor/Actress,48,4th Place,4,,21.0,True,260.0,0.08076923076923077,False,29_Justina Machado
29,2,Justina Machado,Sasha Farber,Actor/Actress,48,4th Place,4,,21.0,True,273.0,0.07692307692307693,False,29_Justina Machado
29,3,Justina Machado,Sasha Farber,Actor/Actress,48,4th Place,4,,19.0,True,281.0,0.06761565836298933,False,29_Justina Machado
29,4,Justina Machado,Sasha Farber,Actor/Actress,48,4th Place,4,,24.0,True,301.0,0.07973421926910298,False,29_Justina Machado
29,5,Justina Machado,Sasha Farber,Actor/Actress,48,4th Place,4,,24.0,True,287.0,0.08362369337979095,False,29_Justina Machado
29,6,Justina Machado,Sasha Farber,Actor/Actress,48,4th Place,4,,27.0,True,268.0,0.10074626865671642,False,29_Justina Machado
29,7,Justina Machado,Sasha Farber,Actor/Actress,48,4th Place,4,,26.0,True,260.0,0.1,False,29_Justina Machado
29,8,Justina Machado,Sasha Farber,Actor/Actress,48,4th Place,4,,28.9998,True,221.9996,0.13062996509903624,False,29_Justina Machado
29,9,Justina Machado,Sasha Farber,Actor/Actress,48,4th Place,4,,25.9998,True,192.9992,0.13471454803957736,False,29_Justina Machado
29,10,Justina Machado,Sasha Farber,Actor/Actress,48,4th Place,4,,29.0,True,174.0,0.16666666666666666,False,29_Justina Machado
29,11,Justina Machado,Sasha Farber,Actor/Actress,48,4th Place,4,,30.0,True,118.5,0.25316455696202533,False,29_Justina Machado
29,1,Charles Oakley,Emma Slater,Athlete,56,Eliminated Week 2,15,2.0,12.0,True,260.0,0.046153846153846156,False,29_Charles Oakley
29,2,Charles Oakley,Emma Slater,Athlete,56,Eliminated Week 2,15,2.0,15.0,True,273.0,0.054945054945054944,True,29_Charles Oakley
29,3,Charles Oakley,Emma Slater,Athlete,56,Eliminated Week 2,15,2.0,0.0,False,281.0,0.0,False,29_Charles Oakley
29,4,Charles Oakley,Emma Slater,Athlete,56,Eliminated Week 2,15,2.0,0.0,False,301.0,0.0,False,29_Charles Oakley
29,5,Charles Oakley,Emma Slater,Athlete,56,Eliminated Week 2,15,2.0,0.0,False,287.0,0.0,False,29_Charles Oakley
29,6,Charles Oakley,Emma Slater,Athlete,56,Eliminated Week 2,15,2.0,0.0,False,268.0,0.0,False,29_Charles Oakley
29,7,Charles Oakley,Emma Slater,Athlete,56,Eliminated Week 2,15,2.0,0.0,False,260.0,0.0,False,29_Charles Oakley
29,8,Charles Oakley,Emma Slater,Athlete,56,Eliminated Week 2,15,2.0,0.0,False,221.9996,0.0,False,29_Charles Oakley
29,9,Charles Oakley,Emma Slater,Athlete,56,Eliminated Week 2,15,2.0,0.0,False,192.9992,0.0,False,29_Charles Oakley
29,10,Charles Oakley,Emma Slater,Athlete,56,Eliminated Week 2,15,2.0,0.0,False,174.0,0.0,False,29_Charles Oakley
29,11,Charles Oakley,Emma Slater,Athlete,56,Eliminated Week 2,15,2.0,0.0,False,118.5,0.0,False,29_Charles Oakley
29,1,Veron Davis,Peta Murgatroyd,Athlete,36,Eliminated Week 6,11,6.0,17.0,True,260.0,0.06538461538461539,False,29_Veron Davis
29,2,Veron Davis,Peta Murgatroyd,Athlete,36,Eliminated Week 6,11,6.0,18.0,True,273.0,0.06593406593406594,False,29_Veron Davis
29,3,Veron Davis,Peta Murgatroyd,Athlete,36,Eliminated Week 6,11,6.0,22.0,True,281.0,0.07829181494661921,False,29_Veron Davis
29,4,Veron Davis,Peta Murgatroyd,Athlete,36,Eliminated Week 6,11,6.0,22.0,True,301.0,0.07308970099667775,False,29_Veron Davis
29,5,Veron Davis,Peta Murgatroyd,Athlete,36,Eliminated Week 6,11,6.0,21.0,True,287.0,0.07317073170731707,False,29_Veron Davis
29,6,Veron Davis,Peta Murgatroyd,Athlete,36,Eliminated Week 6,11,6.0,21.0,True,268.0,0.07835820895522388,True,29_Veron Davis
29,7,Veron Davis,Peta Murgatroyd,Athlete,36,Eliminated Week 6,11,6.0,0.0,False,260.0,0.0,False,29_Veron Davis
29,8,Veron Davis,Peta Murgatroyd,Athlete,36,Eliminated Week 6,11,6.0,0.0,False,221.9996,0.0,False,29_Veron Davis
29,9,Veron Davis,Peta Murgatroyd,Athlete,36,Eliminated Week 6,11,6.0,0.0,False,192.9992,0.0,False,29_Veron Davis
29,10,Veron Davis,Peta Murgatroyd,Athlete,36,Eliminated Week 6,11,6.0,0.0,False,174.0,0.0,False,29_Veron Davis
29,11,Veron Davis,Peta Murgatroyd,Athlete,36,Eliminated Week 6,11,6.0,0.0,False,118.5,0.0,False,29_Veron Davis
29,1,Johnny Weir,Britt Stewart,Athlete,36,Eliminated Week 10,6,10.0,18.0,True,260.0,0.06923076923076923,False,29_Johnny Weir
29,2,Johnny Weir,Britt Stewart,Athlete,36,Eliminated Week 10,6,10.0,18.0,True,273.0,0.06593406593406594,False,29_Johnny Weir
29,3,Johnny Weir,Britt Stewart,Athlete,36,Eliminated Week 10,6,10.0,24.0,True,281.0,0.08540925266903915,False,29_Johnny Weir
29,4,Johnny Weir,Britt Stewart,Athlete,36,Eliminated Week 10,6,10.0,24.0,True,301.0,0.07973421926910298,False,29_Johnny Weir
29,5,Johnny Weir,Britt Stewart,Athlete,36,Eliminated Week 10,6,10.0,29.0,True,287.0,0.10104529616724739,False,29_Johnny Weir
29,6,Johnny Weir,Britt Stewart,Athlete,36,Eliminated Week 10,6,10.0,22.0,True,268.0,0.08208955223880597,False,29_Johnny Weir
29,7,Johnny Weir,Britt Stewart,Athlete,36,Eliminated Week 10,6,10.0,27.0,True,260.0,0.10384615384615385,False,29_Johnny Weir
29,8,Johnny Weir,Britt Stewart,Athlete,36,Eliminated Week 10,6,10.0,30.0,True,221.9996,0.13513537862230382,False,29_Johnny Weir
29,9,Johnny Weir,Britt Stewart,Athlete,36,Eliminated Week 10,6,10.0,30.0,True,192.9992,0.15544105882304174,False,29_Johnny Weir
29,10,Johnny Weir,Britt Stewart,Athlete,36,Eliminated Week 10,6,10.0,28.5,True,174.0,0.16379310344827586,True,29_Johnny Weir
29,11,Johnny Weir,Britt Stewart,Athlete,36,Eliminated Week 10,6,10.0,0.0,False,118.5,0.0,False,29_Johnny Weir
29,1,Nev Schulman,Jenna Johnson,Producer,35,2nd Place,2,,20.0,True,260.0,0.07692307692307693,False,29_Nev Schulman
29,2,Nev Schulman,Jenna Johnson,Producer,35,2nd Place,2,,21.0,True,273.0,0.07692307692307693,False,29_Nev Schulman
29,3,Nev Schulman,Jenna Johnson,Producer,35,2nd Place,2,,24.0,True,281.0,0.08540925266903915,False,29_Nev Schulman
29,4,Nev Schulman,Jenna Johnson,Producer,35,2nd Place,2,,24.0,True,301.0,0.07973421926910298,False,29_Nev Schulman
29,5,Nev Schulman,Jenna Johnson,Producer,35,2nd Place,2,,26.0,True,287.0,0.09059233449477352,False,29_Nev Schulman
29,6,Nev Schulman,Jenna Johnson,Producer,35,2nd Place,2,,26.0,True,268.0,0.09701492537313433,False,29_Nev Schulman
29,7,Nev Schulman,Jenna Johnson,Producer,35,2nd Place,2,,30.0,True,260.0,0.11538461538461539,False,29_Nev Schulman
29,8,Nev Schulman,Jenna Johnson,Producer,35,2nd Place,2,,30.0,True,221.9996,0.13513537862230382,False,29_Nev Schulman
29,9,Nev Schulman,Jenna Johnson,Producer,35,2nd Place,2,,28.9998,True,192.9992,0.15025865392188154,False,29_Nev Schulman
29,10,Nev Schulman,Jenna Johnson,Producer,35,2nd Place,2,,30.0,True,174.0,0.1724137931034483,False,29_Nev Schulman
29,11,Nev Schulman,Jenna Johnson,Producer,35,2nd Place,2,,30.0,True,118.5,0.25316455696202533,False,29_Nev Schulman
29,1,AJ McLean,Cheryl Burke,Singer/Rapper,42,Eliminated Week 9,7,9.0,18.0,True,260.0,0.06923076923076923,False,29_AJ McLean
29,2,AJ McLean,Cheryl Burke,Singer/Rapper,42,Eliminated Week 9,7,9.0,19.0,True,273.0,0.0695970695970696,False,29_AJ McLean
29,3,AJ McLean,Cheryl Burke,Singer/Rapper,42,Eliminated Week 9,7,9.0,21.0,True,281.0,0.07473309608540925,False,29_AJ McLean
29,4,AJ McLean,Cheryl Burke,Singer/Rapper,42,Eliminated Week 9,7,9.0,24.0,True,301.0,0.07973421926910298,False,29_AJ McLean
29,5,AJ McLean,Cheryl Burke,Singer/Rapper,42,Eliminated Week 9,7,9.0,24.0,True,287.0,0.08362369337979095,False,29_AJ McLean
29,6,AJ McLean,Cheryl Burke,Singer/Rapper,42,Eliminated Week 9,7,9.0,27.0,True,268.0,0.10074626865671642,False,29_AJ McLean
29,7,AJ McLean,Cheryl Burke,Singer/Rapper,42,Eliminated Week 9,7,9.0,26.0,True,260.0,0.1,False,29_AJ McLean
29,8,AJ McLean,Cheryl Burke,Singer/Rapper,42,Eliminated Week 9,7,9.0,27.0,True,221.9996,0.12162184076007344,False,29_AJ McLean
29,9,AJ McLean,Cheryl Burke,Singer/Rapper,42,Eliminated Week 9,7,9.0,24.9998,True,192.9992,0.12953317941214265,True,29_AJ McLean
29,10,AJ McLean,Cheryl Burke,Singer/Rapper,42,Eliminated Week 9,7,9.0,0.0,False,174.0,0.0,False,29_AJ McLean
29,11,AJ McLean,Cheryl Burke,Singer/Rapper,42,Eliminated Week 9,7,9.0,0.0,False,118.5,0.0,False,29_AJ McLean
29,1,Nelly,Daniella Karagach,Singer/Rapper,45,3rd Place,3,,16.0,True,260.0,0.06153846153846154,False,29_Nelly
29,2,Nelly,Daniella Karagach,Singer/Rapper,45,3rd Place,3,,18.0,True,273.0,0.06593406593406594,False,29_Nelly
29,3,Nelly,Daniella Karagach,Singer/Rapper,45,3rd Place,3,,18.0,True,281.0,0.06405693950177936,False,29_Nelly
29,4,Nelly,Daniella Karagach,Singer/Rapper,45,3rd Place,3,,21.0,True,301.0,0.06976744186046512,False,29_Nelly
29,5,Nelly,Daniella Karagach,Singer/Rapper,45,3rd Place,3,,24.0,True,287.0,0.08362369337979095,False,29_Nelly
29,6,Nelly,Daniella Karagach,Singer/Rapper,45,3rd Place,3,,24.0,True,268.0,0.08955223880597014,False,29_Nelly
29,7,Nelly,Daniella Karagach,Singer/Rapper,45,3rd Place,3,,27.0,True,260.0,0.10384615384615385,False,29_Nelly
29,8,Nelly,Daniella Karagach,Singer/Rapper,45,3rd Place,3,,24.0,True,221.9996,0.10810830289784307,False,29_Nelly
29,9,Nelly,Daniella Karagach,Singer/Rapper,45,3rd Place,3,,24.0,True,192.9992,0.1243528470584334,False,29_Nelly
29,10,Nelly,Daniella Karagach,Singer/Rapper,45,3rd Place,3,,28.0,True,174.0,0.16091954022988506,False,29_Nelly
29,11,Nelly,Daniella Karagach,Singer/Rapper,45,3rd Place,3,,28.5,True,118.5,0.24050632911392406,False,29_Nelly
29,1,Kaitlyn Bristowe,Artem Chigvintsev,TV Personality,35,1st Place,1,,20.0,True,260.0,0.07692307692307693,False,29_Kaitlyn Bristowe
29,2,Kaitlyn Bristowe,Artem Chigvintsev,TV Personality,35,1st Place,1,,22.0,True,273.0,0.08058608058608059,False,29_Kaitlyn Bristowe
29,3,Kaitlyn Bristowe,Artem Chigvintsev,TV Personality,35,1st Place,1,,23.0,True,281.0,0.08185053380782918,False,29_Kaitlyn Bristowe
29,4,Kaitlyn Bristowe,Artem Chigvintsev,TV Personality,35,1st Place,1,,25.0,True,301.0,0.08305647840531562,False,29_Kaitlyn Bristowe
29,5,Kaitlyn Bristowe,Artem Chigvintsev,TV Personality,35,1st Place,1,,27.0,True,287.0,0.09407665505226481,False,29_Kaitlyn Bristowe
29,6,Kaitlyn Bristowe,Artem Chigvintsev,TV Personality,35,1st Place,1,,27.0,True,268.0,0.10074626865671642,False,29_Kaitlyn Bristowe
29,7,Kaitlyn Bristowe,Artem Chigvintsev,TV Personality,35,1st Place,1,,24.0,True,260.0,0.09230769230769231,False,29_Kaitlyn Bristowe
29,8,Kaitlyn Bristowe,Artem Chigvintsev,TV Personality,35,1st Place,1,,28.0,True,221.9996,0.1261263533808169,False,29_Kaitlyn Bristowe
29,9,Kaitlyn Bristowe,Artem Chigvintsev,TV Personality,35,1st Place,1,,30.0,True,192.9992,0.15544105882304174,False,29_Kaitlyn Bristowe
29,10,Kaitlyn Bristowe,Artem Chigvintsev,TV Personality,35,1st Place,1,,30.0,True,174.0,0.1724137931034483,False,29_Kaitlyn Bristowe
29,11,Kaitlyn Bristowe,Artem Chigvintsev,TV Personality,35,1st Place,1,,30.0,True,118.5,0.25316455696202533,False,29_Kaitlyn Bristowe
29,1,Carole Baskin,Pasha Pashkov,TV Personality,59,Eliminated Week 3,14,3.0,11.0,True,260.0,0.04230769230769231,False,29_Carole Baskin
29,2,Carole Baskin,Pasha Pashkov,TV Personality,59,Eliminated Week 3,14,3.0,16.0,True,273.0,0.05860805860805861,False,29_Carole Baskin
29,3,Carole Baskin,Pasha Pashkov,TV Personality,59,Eliminated Week 3,14,3.0,12.0,True,281.0,0.042704626334519574,True,29_Carole Baskin
29,4,Carole Baskin,Pasha Pashkov,TV Personality,59,Eliminated Week 3,14,3.0,0.0,False,301.0,0.0,False,29_Carole Baskin
29,5,Carole Baskin,Pasha Pashkov,TV Personality,59,Eliminated Week 3,14,3.0,0.0,False,287.0,0.0,False,29_Carole Baskin
29,6,Carole Baskin,Pasha Pashkov,TV Personality,59,Eliminated Week 3,14,3.0,0.0,False,268.0,0.0,False,29_Carole Baskin
29,7,Carole Baskin,Pasha Pashkov,TV Personality,59,Eliminated Week 3,14,3.0,0.0,False,260.0,0.0,False,29_Carole Baskin
29,8,Carole Baskin,Pasha Pashkov,TV Personality,59,Eliminated Week 3,14,3.0,0.0,False,221.9996,0.0,False,29_Carole Baskin
29,9,Carole Baskin,Pasha Pashkov,TV Personality,59,Eliminated Week 3,14,3.0,0.0,False,192.9992,0.0,False,29_Carole Baskin
29,10,Carole Baskin,Pasha Pashkov,TV Personality,59,Eliminated Week 3,14,3.0,0.0,False,174.0,0.0,False,29_Carole Baskin
29,11,Carole Baskin,Pasha Pashkov,TV Personality,59,Eliminated Week 3,14,3.0,0.0,False,118.5,0.0,False,29_Carole Baskin
29,1,Monica Aldama,Valentin Chmerkovskiy,TV Personality,48,Eliminated Week 7,10,7.0,19.0,True,260.0,0.07307692307692308,False,29_Monica Aldama
29,2,Monica Aldama,Valentin Chmerkovskiy,TV Personality,48,Eliminated Week 7,10,7.0,16.0,True,273.0,0.05860805860805861,False,29_Monica Aldama
29,3,Monica Aldama,Valentin Chmerkovskiy,TV Personality,48,Eliminated Week 7,10,7.0,21.0,True,281.0,0.07473309608540925,False,29_Monica Aldama
29,4,Monica Aldama,Valentin Chmerkovskiy,TV Personality,48,Eliminated Week 7,10,7.0,24.0,True,301.0,0.07973421926910298,False,29_Monica Aldama
29,5,Monica Aldama,Valentin Chmerkovskiy,TV Personality,48,Eliminated Week 7,10,7.0,26.0,True,287.0,0.09059233449477352,False,29_Monica Aldama
29,6,Monica Aldama,Valentin Chmerkovskiy,TV Personality,48,Eliminated Week 7,10,7.0,27.0,True,268.0,0.10074626865671642,False,29_Monica Aldama
29,7,Monica Aldama,Valentin Chmerkovskiy,TV Personality,48,Eliminated Week 7,10,7.0,22.0,True,260.0,0.08461538461538462,True,29_Monica Aldama
29,8,Monica Aldama,Valentin Chmerkovskiy,TV Personality,48,Eliminated Week 7,10,7.0,0.0,False,221.9996,0.0,False,29_Monica Aldama
29,9,Monica Aldama,Valentin Chmerkovskiy,TV Personality,48,Eliminated Week 7,10,7.0,0.0,False,192.9992,0.0,False,29_Monica Aldama
29,10,Monica Aldama,Valentin Chmerkovskiy,TV Personality,48,Eliminated Week 7,10,7.0,0.0,False,174.0,0.0,False,29_Monica Aldama
29,11,Monica Aldama,Valentin Chmerkovskiy,TV Personality,48,Eliminated Week 7,10,7.0,0.0,False,118.5,0.0,False,29_Monica Aldama
29,1,Jeannie Mai,Brandon Armstrong,TV Personality,41,Withdrew,9,,18.0,True,260.0,0.06923076923076923,False,29_Jeannie Mai
29,2,Jeannie Mai,Brandon Armstrong,TV Personality,41,Withdrew,9,,18.0,True,273.0,0.06593406593406594,False,29_Jeannie Mai
29,3,Jeannie Mai,Brandon Armstrong,TV Personality,41,Withdrew,9,,22.0,True,281.0,0.07829181494661921,False,29_Jeannie Mai
29,4,Jeannie Mai,Brandon Armstrong,TV Personality,41,Withdrew,9,,21.0,True,301.0,0.06976744186046512,False,29_Jeannie Mai
29,5,Jeannie Mai,Brandon Armstrong,TV Personality,41,Withdrew,9,,24.0,True,287.0,0.08362369337979095,False,29_Jeannie Mai
29,6,Jeannie Mai,Brandon Armstrong,TV Personality,41,Withdrew,9,,25.0,True,268.0,0.09328358208955224,False,29_Jeannie Mai
29,7,Jeannie Mai,Brandon Armstrong,TV Personality,41,Withdrew,9,,25.0,True,260.0,0.09615384615384616,False,29_Jeannie Mai
29,8,Jeannie Mai,Brandon Armstrong,TV Personality,41,Withdrew,9,,0.0,False,221.9996,0.0,False,29_Jeannie Mai
29,9,Jeannie Mai,Brandon Armstrong,TV Personality,41,Withdrew,9,,0.0,False,192.9992,0.0,False,29_Jeannie Mai
29,10,Jeannie Mai,Brandon Armstrong,TV Personality,41,Withdrew,9,,0.0,False,174.0,0.0,False,29_Jeannie Mai
29,11,Jeannie Mai,Brandon Armstrong,TV Personality,41,Withdrew,9,,0.0,False,118.5,0.0,False,29_Jeannie Mai
30,1,Martin Kove,Britt Stewart,Actor/Actress,75,Eliminated Week 2,15,2.0,13.0,True,366.0,0.03551912568306011,False,30_Martin Kove
30,2,Martin Kove,Britt Stewart,Actor/Actress,75,Eliminated Week 2,15,2.0,15.0,True,385.0,0.03896103896103896,True,30_Martin Kove
30,3,Martin Kove,Britt Stewart,Actor/Actress,75,Eliminated Week 2,15,2.0,0.0,False,298.0,0.0,False,30_Martin Kove
30,4,Martin Kove,Britt Stewart,Actor/Actress,75,Eliminated Week 2,15,2.0,0.0,False,417.0,0.0,False,30_Martin Kove
30,5,Martin Kove,Britt Stewart,Actor/Actress,75,Eliminated Week 2,15,2.0,0.0,False,385.0,0.0,False,30_Martin Kove
30,6,Martin Kove,Britt Stewart,Actor/Actress,75,Eliminated Week 2,15,2.0,0.0,False,364.0,0.0,False,30_Martin Kove
30,7,Martin Kove,Britt Stewart,Actor/Actress,75,Eliminated Week 2,15,2.0,0.0,False,327.0,0.0,False,30_Martin Kove
30,8,Martin Kove,Britt Stewart,Actor/Actress,75,Eliminated Week 2,15,2.0,0.0,False,308.0,0.0,False,30_Martin Kove
30,9,Martin Kove,Britt Stewart,Actor/Actress,75,Eliminated Week 2,15,2.0,0.0,False,226.0,0.0,False,30_Martin Kove
30,10,Martin Kove,Britt Stewart,Actor/Actress,75,Eliminated Week 2,15,2.0,0.0,False,157.0,0.0,False,30_Martin Kove
30,1,Brian Austin Green,Sharna Burgess,Actor/Actress,48,Eliminated Week 4,13,4.0,24.0,True,366.0,0.06557377049180328,False,30_Brian Austin Green
30,2,Brian Austin Green,Sharna Burgess,Actor/Actress,48,Eliminated Week 4,13,4.0,23.0,True,385.0,0.05974025974025974,False,30_Brian Austin Green
30,3,Brian Austin Green,Sharna Burgess,Actor/Actress,48,Eliminated Week 4,13,4.0,19.0,True,298.0,0.06375838926174497,False,30_Brian Austin Green
30,4,Brian Austin Green,Sharna Burgess,Actor/Actress,48,Eliminated Week 4,13,4.0,26.0,True,417.0,0.06235011990407674,True,30_Brian Austin Green
30,5,Brian Austin Green,Sharna Burgess,Actor/Actress,48,Eliminated Week 4,13,4.0,0.0,False,385.0,0.0,False,30_Brian Austin Green
30,6,Brian Austin Green,Sharna Burgess,Actor/Actress,48,Eliminated Week 4,13,4.0,0.0,False,364.0,0.0,False,30_Brian Austin Green
30,7,Brian Austin Green,Sharna Burgess,Actor/Actress,48,Eliminated Week 4,13,4.0,0.0,False,327.0,0.0,False,30_Brian Austin Green
30,8,Brian Austin Green,Sharna Burgess,Actor/Actress,48,Eliminated Week 4,13,4.0,0.0,False,308.0,0.0,False,30_Brian Austin Green
30,9,Brian Austin Green,Sharna Burgess,Actor/Actress,48,Eliminated Week 4,13,4.0,0.0,False,226.0,0.0,False,30_Brian Austin Green
30,10,Brian Austin Green,Sharna Burgess,Actor/Actress,48,Eliminated Week 4,13,4.0,0.0,False,157.0,0.0,False,30_Brian Austin Green
30,1,Melora Hardin,Artem Chigvintsev,Actor/Actress,54,Eliminated Week 9,6,9.0,26.0,True,366.0,0.07103825136612021,False,30_Melora Hardin
30,2,Melora Hardin,Artem Chigvintsev,Actor/Actress,54,Eliminated Week 9,6,9.0,27.0,True,385.0,0.07012987012987013,False,30_Melora Hardin
30,3,Melora Hardin,Artem Chigvintsev,Actor/Actress,54,Eliminated Week 9,6,9.0,23.0,True,298.0,0.07718120805369127,False,30_Melora Hardin
30,4,Melora Hardin,Artem Chigvintsev,Actor/Actress,54,Eliminated Week 9,6,9.0,36.5,True,417.0,0.08752997601918465,False,30_Melora Hardin
30,5,Melora Hardin,Artem Chigvintsev,Actor/Actress,54,Eliminated Week 9,6,9.0,36.0,True,385.0,0.09350649350649351,False,30_Melora Hardin
30,6,Melora Hardin,Artem Chigvintsev,Actor/Actress,54,Eliminated Week 9,6,9.0,34.0,True,364.0,0.09340659340659341,False,30_Melora Hardin
30,7,Melora Hardin,Artem Chigvintsev,Actor/Actress,54,Eliminated Week 9,6,9.0,38.0,True,327.0,0.1162079510703364,False,30_Melora Hardin
30,8,Melora Hardin,Artem Chigvintsev,Actor/Actress,54,Eliminated Week 9,6,9.0,42.0,True,308.0,0.13636363636363635,False,30_Melora Hardin
30,9,Melora Hardin,Artem Chigvintsev,Actor/Actress,54,Eliminated Week 9,6,9.0,36.0,True,226.0,0.1592920353982301,True,30_Melora Hardin
30,10,Melora Hardin,Artem Chigvintsev,Actor/Actress,54,Eliminated Week 9,6,9.0,0.0,False,157.0,0.0,False,30_Melora Hardin
30,1,Matt James,Lindsay Arnold,Athlete,29,Eliminated Week 4,12,4.0,24.0,True,366.0,0.06557377049180328,False,30_Matt James
30,2,Matt James,Lindsay Arnold,Athlete,29,Eliminated Week 4,12,4.0,22.0,True,385.0,0.05714285714285714,False,30_Matt James
30,3,Matt James,Lindsay Arnold,Athlete,29,Eliminated Week 4,12,4.0,20.0,True,298.0,0.06711409395973154,False,30_Matt James
30,4,Matt James,Lindsay Arnold,Athlete,29,Eliminated Week 4,12,4.0,28.5,True,417.0,0.0683453237410072,True,30_Matt James
30,5,Matt James,Lindsay Arnold,Athlete,29,Eliminated Week 4,12,4.0,0.0,False,385.0,0.0,False,30_Matt James
30,6,Matt James,Lindsay Arnold,Athlete,29,Eliminated Week 4,12,4.0,0.0,False,364.0,0.0,False,30_Matt James
30,7,Matt James,Lindsay Arnold,Athlete,29,Eliminated Week 4,12,4.0,0.0,False,327.0,0.0,False,30_Matt James
30,8,Matt James,Lindsay Arnold,Athlete,29,Eliminated Week 4,12,4.0,0.0,False,308.0,0.0,False,30_Matt James
30,9,Matt James,Lindsay Arnold,Athlete,29,Eliminated Week 4,12,4.0,0.0,False,226.0,0.0,False,30_Matt James
30,10,Matt James,Lindsay Arnold,Athlete,29,Eliminated Week 4,12,4.0,0.0,False,157.0,0.0,False,30_Matt James
30,1,"Mike ""The Miz"" Mizanin",Witney Carson,Athlete,40,Eliminated Week 7,9,7.0,24.0,True,366.0,0.06557377049180328,False,"30_Mike ""The Miz"" Mizanin"
30,2,"Mike ""The Miz"" Mizanin",Witney Carson,Athlete,40,Eliminated Week 7,9,7.0,26.0,True,385.0,0.06753246753246753,False,"30_Mike ""The Miz"" Mizanin"
30,3,"Mike ""The Miz"" Mizanin",Witney Carson,Athlete,40,Eliminated Week 7,9,7.0,22.0,True,298.0,0.0738255033557047,False,"30_Mike ""The Miz"" Mizanin"
30,4,"Mike ""The Miz"" Mizanin",Witney Carson,Athlete,40,Eliminated Week 7,9,7.0,32.5,True,417.0,0.07793764988009592,False,"30_Mike ""The Miz"" Mizanin"
30,5,"Mike ""The Miz"" Mizanin",Witney Carson,Athlete,40,Eliminated Week 7,9,7.0,32.0,True,385.0,0.08311688311688312,False,"30_Mike ""The Miz"" Mizanin"
30,6,"Mike ""The Miz"" Mizanin",Witney Carson,Athlete,40,Eliminated Week 7,9,7.0,34.0,True,364.0,0.09340659340659341,False,"30_Mike ""The Miz"" Mizanin"
30,7,"Mike ""The Miz"" Mizanin",Witney Carson,Athlete,40,Eliminated Week 7,9,7.0,32.0,True,327.0,0.09785932721712538,True,"30_Mike ""The Miz"" Mizanin"
30,8,"Mike ""The Miz"" Mizanin",Witney Carson,Athlete,40,Eliminated Week 7,9,7.0,0.0,False,308.0,0.0,False,"30_Mike ""The Miz"" Mizanin"
30,9,"Mike ""The Miz"" Mizanin",Witney Carson,Athlete,40,Eliminated Week 7,9,7.0,0.0,False,226.0,0.0,False,"30_Mike ""The Miz"" Mizanin"
30,10,"Mike ""The Miz"" Mizanin",Witney Carson,Athlete,40,Eliminated Week 7,9,7.0,0.0,False,157.0,0.0,False,"30_Mike ""The Miz"" Mizanin"
30,1,Suni Lee,Sasha Farber,Athlete,18,Eliminated Week 9,5,9.0,28.0,True,366.0,0.07650273224043716,False,30_Suni Lee
30,2,Suni Lee,Sasha Farber,Athlete,18,Eliminated Week 9,5,9.0,28.0,True,385.0,0.07272727272727272,False,30_Suni Lee
30,3,Suni Lee,Sasha Farber,Athlete,18,Eliminated Week 9,5,9.0,21.0,True,298.0,0.07046979865771812,False,30_Suni Lee
30,4,Suni Lee,Sasha Farber,Athlete,18,Eliminated Week 9,5,9.0,34.0,True,417.0,0.0815347721822542,False,30_Suni Lee
30,5,Suni Lee,Sasha Farber,Athlete,18,Eliminated Week 9,5,9.0,36.0,True,385.0,0.09350649350649351,False,30_Suni Lee
30,6,Suni Lee,Sasha Farber,Athlete,18,Eliminated Week 9,5,9.0,36.0,True,364.0,0.0989010989010989,False,30_Suni Lee
30,7,Suni Lee,Sasha Farber,Athlete,18,Eliminated Week 9,5,9.0,34.0,True,327.0,0.10397553516819572,False,30_Suni Lee
30,8,Suni Lee,Sasha Farber,Athlete,18,Eliminated Week 9,5,9.0,42.0,True,308.0,0.13636363636363635,False,30_Suni Lee
30,9,Suni Lee,Sasha Farber,Athlete,18,Eliminated Week 9,5,9.0,37.5,True,226.0,0.16592920353982302,True,30_Suni Lee
30,10,Suni Lee,Sasha Farber,Athlete,18,Eliminated Week 9,5,9.0,0.0,False,157.0,0.0,False,30_Suni Lee
30,1,Iman Shumpert,Daniella Karagach,Athlete,31,1st Place,1,,21.0,True,366.0,0.05737704918032787,False,30_Iman Shumpert
30,2,Iman Shumpert,Daniella Karagach,Athlete,31,1st Place,1,,25.0,True,385.0,0.06493506493506493,False,30_Iman Shumpert
30,3,Iman Shumpert,Daniella Karagach,Athlete,31,1st Place,1,,19.0,True,298.0,0.06375838926174497,False,30_Iman Shumpert
30,4,Iman Shumpert,Daniella Karagach,Athlete,31,1st Place,1,,31.5,True,417.0,0.07553956834532374,False,30_Iman Shumpert
30,5,Iman Shumpert,Daniella Karagach,Athlete,31,1st Place,1,,28.0,True,385.0,0.07272727272727272,False,30_Iman Shumpert
30,6,Iman Shumpert,Daniella Karagach,Athlete,31,1st Place,1,,40.0,True,364.0,0.10989010989010989,False,30_Iman Shumpert
30,7,Iman Shumpert,Daniella Karagach,Athlete,31,1st Place,1,,34.0,True,327.0,0.10397553516819572,False,30_Iman Shumpert
30,8,Iman Shumpert,Daniella Karagach,Athlete,31,1st Place,1,,35.0,True,308.0,0.11363636363636363,False,30_Iman Shumpert
30,9,Iman Shumpert,Daniella Karagach,Athlete,31,1st Place,1,,37.5,True,226.0,0.16592920353982302,False,30_Iman Shumpert
30,10,Iman Shumpert,Daniella Karagach,Athlete,31,1st Place,1,,40.0,True,157.0,0.25477707006369427,False,30_Iman Shumpert
30,1,Cody Rigsby,Cheryl Burke,Fitness Instructor,34,3rd Place,3,,24.0,True,366.0,0.06557377049180328,False,30_Cody Rigsby
30,2,Cody Rigsby,Cheryl Burke,Fitness Instructor,34,3rd Place,3,,24.0,True,385.0,0.06233766233766234,False,30_Cody Rigsby
30,3,Cody Rigsby,Cheryl Burke,Fitness Instructor,34,3rd Place,3,,18.0,True,298.0,0.06040268456375839,False,30_Cody Rigsby
30,4,Cody Rigsby,Cheryl Burke,Fitness Instructor,34,3rd Place,3,,29.0,True,417.0,0.06954436450839328,False,30_Cody Rigsby
30,5,Cody Rigsby,Cheryl Burke,Fitness Instructor,34,3rd Place,3,,32.0,True,385.0,0.08311688311688312,False,30_Cody Rigsby
30,6,Cody Rigsby,Cheryl Burke,Fitness Instructor,34,3rd Place,3,,36.0,True,364.0,0.0989010989010989,False,30_Cody Rigsby
30,7,Cody Rigsby,Cheryl Burke,Fitness Instructor,34,3rd Place,3,,36.0,True,327.0,0.11009174311926606,False,30_Cody Rigsby
30,8,Cody Rigsby,Cheryl Burke,Fitness Instructor,34,3rd Place,3,,38.0,True,308.0,0.12337662337662338,False,30_Cody Rigsby
30,9,Cody Rigsby,Cheryl Burke,Fitness Instructor,34,3rd Place,3,,35.5,True,226.0,0.1570796460176991,False,30_Cody Rigsby
30,10,Cody Rigsby,Cheryl Burke,Fitness Instructor,34,3rd Place,3,,38.0,True,157.0,0.24203821656050956,False,30_Cody Rigsby
30,1,Melanie C,Gleb Savchenko,Singer/Rapper,47,Eliminated Week 5,11,5.0,27.0,True,366.0,0.07377049180327869,False,30_Melanie C
30,2,Melanie C,Gleb Savchenko,Singer/Rapper,47,Eliminated Week 5,11,5.0,30.0,True,385.0,0.07792207792207792,False,30_Melanie C
30,3,Melanie C,Gleb Savchenko,Singer/Rapper,47,Eliminated Week 5,11,5.0,22.0,True,298.0,0.0738255033557047,False,30_Melanie C
30,4,Melanie C,Gleb Savchenko,Singer/Rapper,47,Eliminated Week 5,11,5.0,33.0,True,417.0,0.07913669064748201,False,30_Melanie C
30,5,Melanie C,Gleb Savchenko,Singer/Rapper,47,Eliminated Week 5,11,5.0,36.0,True,385.0,0.09350649350649351,True,30_Melanie C
30,6,Melanie C,Gleb Savchenko,Singer/Rapper,47,Eliminated Week 5,11,5.0,0.0,False,364.0,0.0,False,30_Melanie C
30,7,Melanie C,Gleb Savchenko,Singer/Rapper,47,Eliminated Week 5,11,5.0,0.0,False,327.0,0.0,False,30_Melanie C
30,8,Melanie C,Gleb Savchenko,Singer/Rapper,47,Eliminated Week 5,11,5.0,0.0,False,308.0,0.0,False,30_Melanie C
30,9,Melanie C,Gleb Savchenko,Singer/Rapper,47,Eliminated Week 5,11,5.0,0.0,False,226.0,0.0,False,30_Melanie C
30,10,Melanie C,Gleb Savchenko,Singer/Rapper,47,Eliminated Week 5,11,5.0,0.0,False,157.0,0.0,False,30_Melanie C
30,1,Jimmie Allen,Emma Slater,Singer/Rapper,36,Eliminated Week 8,7,8.0,22.0,True,366.0,0.060109289617486336,False,30_Jimmie Allen
30,2,Jimmie Allen,Emma Slater,Singer/Rapper,36,Eliminated Week 8,7,8.0,27.0,True,385.0,0.07012987012987013,False,30_Jimmie Allen
30,3,Jimmie Allen,Emma Slater,Singer/Rapper,36,Eliminated Week 8,7,8.0,20.0,True,298.0,0.06711409395973154,False,30_Jimmie Allen
30,4,Jimmie Allen,Emma Slater,Singer/Rapper,36,Eliminated Week 8,7,8.0,32.5,True,417.0,0.07793764988009592,False,30_Jimmie Allen
30,5,Jimmie Allen,Emma Slater,Singer/Rapper,36,Eliminated Week 8,7,8.0,34.0,True,385.0,0.08831168831168831,False,30_Jimmie Allen
30,6,Jimmie Allen,Emma Slater,Singer/Rapper,36,Eliminated Week 8,7,8.0,38.0,True,364.0,0.1043956043956044,False,30_Jimmie Allen
30,7,Jimmie Allen,Emma Slater,Singer/Rapper,36,Eliminated Week 8,7,8.0,38.0,True,327.0,0.1162079510703364,False,30_Jimmie Allen
30,8,Jimmie Allen,Emma Slater,Singer/Rapper,36,Eliminated Week 8,7,8.0,32.0,True,308.0,0.1038961038961039,True,30_Jimmie Allen
30,9,Jimmie Allen,Emma Slater,Singer/Rapper,36,Eliminated Week 8,7,8.0,0.0,False,226.0,0.0,False,30_Jimmie Allen
30,10,Jimmie Allen,Emma Slater,Singer/Rapper,36,Eliminated Week 8,7,8.0,0.0,False,157.0,0.0,False,30_Jimmie Allen
30,1,Olivia Jade,Valentin Chmerkovskiy,Social Media Personality,21,Eliminated Week 8,8,8.0,25.0,True,366.0,0.06830601092896176,False,30_Olivia Jade
30,2,Olivia Jade,Valentin Chmerkovskiy,Social Media Personality,21,Eliminated Week 8,8,8.0,27.0,True,385.0,0.07012987012987013,False,30_Olivia Jade
30,3,Olivia Jade,Valentin Chmerkovskiy,Social Media Personality,21,Eliminated Week 8,8,8.0,24.0,True,298.0,0.08053691275167785,False,30_Olivia Jade
30,4,Olivia Jade,Valentin Chmerkovskiy,Social Media Personality,21,Eliminated Week 8,8,8.0,35.0,True,417.0,0.08393285371702638,False,30_Olivia Jade
30,5,Olivia Jade,Valentin Chmerkovskiy,Social Media Personality,21,Eliminated Week 8,8,8.0,36.0,True,385.0,0.09350649350649351,False,30_Olivia Jade
30,6,Olivia Jade,Valentin Chmerkovskiy,Social Media Personality,21,Eliminated Week 8,8,8.0,36.0,True,364.0,0.0989010989010989,False,30_Olivia Jade
30,7,Olivia Jade,Valentin Chmerkovskiy,Social Media Personality,21,Eliminated Week 8,8,8.0,42.0,True,327.0,0.12844036697247707,False,30_Olivia Jade
30,8,Olivia Jade,Valentin Chmerkovskiy,Social Media Personality,21,Eliminated Week 8,8,8.0,36.0,True,308.0,0.11688311688311688,True,30_Olivia Jade
30,9,Olivia Jade,Valentin Chmerkovskiy,Social Media Personality,21,Eliminated Week 8,8,8.0,0.0,False,226.0,0.0,False,30_Olivia Jade
30,10,Olivia Jade,Valentin Chmerkovskiy,Social Media Personality,21,Eliminated Week 8,8,8.0,0.0,False,157.0,0.0,False,30_Olivia Jade
30,1,JoJo Siwa,Jenna Johnson,Social Media Personality,18,2nd Place,2,,29.0,True,366.0,0.07923497267759563,False,30_JoJo Siwa
30,2,JoJo Siwa,Jenna Johnson,Social Media Personality,18,2nd Place,2,,31.0,True,385.0,0.08051948051948052,False,30_JoJo Siwa
30,3,JoJo Siwa,Jenna Johnson,Social Media Personality,18,2nd Place,2,,24.0,True,298.0,0.08053691275167785,False,30_JoJo Siwa
30,4,JoJo Siwa,Jenna Johnson,Social Media Personality,18,2nd Place,2,,35.0,True,417.0,0.08393285371702638,False,30_JoJo Siwa
30,5,JoJo Siwa,Jenna Johnson,Social Media Personality,18,2nd Place,2,,40.0,True,385.0,0.1038961038961039,False,30_JoJo Siwa
30,6,JoJo Siwa,Jenna Johnson,Social Media Personality,18,2nd Place,2,,40.0,True,364.0,0.10989010989010989,False,30_JoJo Siwa
30,7,JoJo Siwa,Jenna Johnson,Social Media Personality,18,2nd Place,2,,39.0,True,327.0,0.11926605504587157,False,30_JoJo Siwa
30,8,JoJo Siwa,Jenna Johnson,Social Media Personality,18,2nd Place,2,,41.0,True,308.0,0.1331168831168831,False,30_JoJo Siwa
30,9,JoJo Siwa,Jenna Johnson,Social Media Personality,18,2nd Place,2,,40.0,True,226.0,0.17699115044247787,False,30_JoJo Siwa
30,10,JoJo Siwa,Jenna Johnson,Social Media Personality,18,2nd Place,2,,40.0,True,157.0,0.25477707006369427,False,30_JoJo Siwa
30,1,Christine Chiu,Pasha Pashkov,TV Personality,38,Eliminated Week 3,14,3.0,25.0,True,366.0,0.06830601092896176,False,30_Christine Chiu
30,2,Christine Chiu,Pasha Pashkov,TV Personality,38,Eliminated Week 3,14,3.0,24.0,True,385.0,0.06233766233766234,False,30_Christine Chiu
30,3,Christine Chiu,Pasha Pashkov,TV Personality,38,Eliminated Week 3,14,3.0,21.0,True,298.0,0.07046979865771812,True,30_Christine Chiu
30,4,Christine Chiu,Pasha Pashkov,TV Personality,38,Eliminated Week 3,14,3.0,0.0,False,417.0,0.0,False,30_Christine Chiu
30,5,Christine Chiu,Pasha Pashkov,TV Personality,38,Eliminated Week 3,14,3.0,0.0,False,385.0,0.0,False,30_Christine Chiu
30,6,Christine Chiu,Pasha Pashkov,TV Personality,38,Eliminated Week 3,14,3.0,0.0,False,364.0,0.0,False,30_Christine Chiu
30,7,Christine Chiu,Pasha Pashkov,TV Personality,38,Eliminated Week 3,14,3.0,0.0,False,327.0,0.0,False,30_Christine Chiu
30,8,Christine Chiu,Pasha Pashkov,TV Personality,38,Eliminated Week 3,14,3.0,0.0,False,308.0,0.0,False,30_Christine Chiu
30,9,Christine Chiu,Pasha Pashkov,TV Personality,38,Eliminated Week 3,14,3.0,0.0,False,226.0,0.0,False,30_Christine Chiu
30,10,Christine Chiu,Pasha Pashkov,TV Personality,38,Eliminated Week 3,14,3.0,0.0,False,157.0,0.0,False,30_Christine Chiu
30,1,Kenya Moore,Brandon Armstrong,TV Personality,50,Eliminated Week 6,10,6.0,26.0,True,366.0,0.07103825136612021,False,30_Kenya Moore
30,2,Kenya Moore,Brandon Armstrong,TV Personality,50,Eliminated Week 6,10,6.0,24.0,True,385.0,0.06233766233766234,False,30_Kenya Moore
30,3,Kenya Moore,Brandon Armstrong,TV Personality,50,Eliminated Week 6,10,6.0,21.0,True,298.0,0.07046979865771812,False,30_Kenya Moore
30,4,Kenya Moore,Brandon Armstrong,TV Personality,50,Eliminated Week 6,10,6.0,29.5,True,417.0,0.07074340527577938,False,30_Kenya Moore
30,5,Kenya Moore,Brandon Armstrong,TV Personality,50,Eliminated Week 6,10,6.0,36.0,True,385.0,0.09350649350649351,False,30_Kenya Moore
30,6,Kenya Moore,Brandon Armstrong,TV Personality,50,Eliminated Week 6,10,6.0,32.0,True,364.0,0.08791208791208792,True,30_Kenya Moore
30,7,Kenya Moore,Brandon Armstrong,TV Personality,50,Eliminated Week 6,10,6.0,0.0,False,327.0,0.0,False,30_Kenya Moore
30,8,Kenya Moore,Brandon Armstrong,TV Personality,50,Eliminated Week 6,10,6.0,0.0,False,308.0,0.0,False,30_Kenya Moore
30,9,Kenya Moore,Brandon Armstrong,TV Personality,50,Eliminated Week 6,10,6.0,0.0,False,226.0,0.0,False,30_Kenya Moore
30,10,Kenya Moore,Brandon Armstrong,TV Personality,50,Eliminated Week 6,10,6.0,0.0,False,157.0,0.0,False,30_Kenya Moore
30,1,Amanda Kloots,Alan Bersten,TV Personality,39,4th Place,4,,28.0,True,366.0,0.07650273224043716,False,30_Amanda Kloots
30,2,Amanda Kloots,Alan Bersten,TV Personality,39,4th Place,4,,32.0,True,385.0,0.08311688311688312,False,30_Amanda Kloots
30,3,Amanda Kloots,Alan Bersten,TV Personality,39,4th Place,4,,24.0,True,298.0,0.08053691275167785,False,30_Amanda Kloots
30,4,Amanda Kloots,Alan Bersten,TV Personality,39,4th Place,4,,34.0,True,417.0,0.0815347721822542,False,30_Amanda Kloots
30,5,Amanda Kloots,Alan Bersten,TV Personality,39,4th Place,4,,39.0,True,385.0,0.1012987012987013,False,30_Amanda Kloots
30,6,Amanda Kloots,Alan Bersten,TV Personality,39,4th Place,4,,38.0,True,364.0,0.1043956043956044,False,30_Amanda Kloots
30,7,Amanda Kloots,Alan Bersten,TV Personality,39,4th Place,4,,34.0,True,327.0,0.10397553516819572,False,30_Amanda Kloots
30,8,Amanda Kloots,Alan Bersten,TV Personality,39,4th Place,4,,42.0,True,308.0,0.13636363636363635,False,30_Amanda Kloots
30,9,Amanda Kloots,Alan Bersten,TV Personality,39,4th Place,4,,39.5,True,226.0,0.1747787610619469,False,30_Amanda Kloots
30,10,Amanda Kloots,Alan Bersten,TV Personality,39,4th Place,4,,39.0,True,157.0,0.2484076433121019,False,30_Amanda Kloots
31,1,Jason Lewis,Peta Murgatroyd,Actor/Actress,51,Eliminated Week 1,16,1.0,18.0,True,382.0,0.04712041884816754,True,31_Jason Lewis
31,2,Jason Lewis,Peta Murgatroyd,Actor/Actress,51,Eliminated Week 1,16,1.0,0.0,False,412.0,0.0,False,31_Jason Lewis
31,3,Jason Lewis,Peta Murgatroyd,Actor/Actress,51,Eliminated Week 1,16,1.0,0.0,False,403.0,0.0,False,31_Jason Lewis
31,4,Jason Lewis,Peta Murgatroyd,Actor/Actress,51,Eliminated Week 1,16,1.0,0.0,False,410.0,0.0,False,31_Jason Lewis
31,5,Jason Lewis,Peta Murgatroyd,Actor/Actress,51,Eliminated Week 1,16,1.0,0.0,False,448.5,0.0,False,31_Jason Lewis
31,6,Jason Lewis,Peta Murgatroyd,Actor/Actress,51,Eliminated Week 1,16,1.0,0.0,False,345.0,0.0,False,31_Jason Lewis
31,7,Jason Lewis,Peta Murgatroyd,Actor/Actress,51,Eliminated Week 1,16,1.0,0.0,False,325.5,0.0,False,31_Jason Lewis
31,8,Jason Lewis,Peta Murgatroyd,Actor/Actress,51,Eliminated Week 1,16,1.0,0.0,False,314.0,0.0,False,31_Jason Lewis
31,9,Jason Lewis,Peta Murgatroyd,Actor/Actress,51,Eliminated Week 1,16,1.0,0.0,False,220.0,0.0,False,31_Jason Lewis
31,10,Jason Lewis,Peta Murgatroyd,Actor/Actress,51,Eliminated Week 1,16,1.0,0.0,False,156.0,0.0,False,31_Jason Lewis
31,1,Cheryl Ladd,Louis van Amstel,Actor/Actress,71,Eliminated Week 3,14,3.0,21.0,True,382.0,0.0549738219895288,False,31_Cheryl Ladd
31,2,Cheryl Ladd,Louis van Amstel,Actor/Actress,71,Eliminated Week 3,14,3.0,21.0,True,412.0,0.050970873786407765,False,31_Cheryl Ladd
31,3,Cheryl Ladd,Louis van Amstel,Actor/Actress,71,Eliminated Week 3,14,3.0,24.0,True,403.0,0.05955334987593052,True,31_Cheryl Ladd
31,4,Cheryl Ladd,Louis van Amstel,Actor/Actress,71,Eliminated Week 3,14,3.0,0.0,False,410.0,0.0,False,31_Cheryl Ladd
31,5,Cheryl Ladd,Louis van Amstel,Actor/Actress,71,Eliminated Week 3,14,3.0,0.0,False,448.5,0.0,False,31_Cheryl Ladd
31,6,Cheryl Ladd,Louis van Amstel,Actor/Actress,71,Eliminated Week 3,14,3.0,0.0,False,345.0,0.0,False,31_Cheryl Ladd
31,7,Cheryl Ladd,Louis van Amstel,Actor/Actress,71,Eliminated Week 3,14,3.0,0.0,False,325.5,0.0,False,31_Cheryl Ladd
31,8,Cheryl Ladd,Louis van Amstel,Actor/Actress,71,Eliminated Week 3,14,3.0,0.0,False,314.0,0.0,False,31_Cheryl Ladd
31,9,Cheryl Ladd,Louis van Amstel,Actor/Actress,71,Eliminated Week 3,14,3.0,0.0,False,220.0,0.0,False,31_Cheryl Ladd
31,10,Cheryl Ladd,Louis van Amstel,Actor/Actress,71,Eliminated Week 3,14,3.0,0.0,False,156.0,0.0,False,31_Cheryl Ladd
31,1,Selma Blair,Sasha Farber,Actor/Actress,50,Withdrew,12,,28.0,True,382.0,0.07329842931937172,False,31_Selma Blair
31,2,Selma Blair,Sasha Farber,Actor/Actress,50,Withdrew,12,,28.0,True,412.0,0.06796116504854369,False,31_Selma Blair
31,3,Selma Blair,Sasha Farber,Actor/Actress,50,Withdrew,12,,28.0,True,403.0,0.06947890818858561,False,31_Selma Blair
31,4,Selma Blair,Sasha Farber,Actor/Actress,50,Withdrew,12,,32.0,True,410.0,0.07804878048780488,False,31_Selma Blair
31,5,Selma Blair,Sasha Farber,Actor/Actress,50,Withdrew,12,,40.0,True,448.5,0.08918617614269789,False,31_Selma Blair
31,6,Selma Blair,Sasha Farber,Actor/Actress,50,Withdrew,12,,0.0,False,345.0,0.0,False,31_Selma Blair
31,7,Selma Blair,Sasha Farber,Actor/Actress,50,Withdrew,12,,0.0,False,325.5,0.0,False,31_Selma Blair
31,8,Selma Blair,Sasha Farber,Actor/Actress,50,Withdrew,12,,0.0,False,314.0,0.0,False,31_Selma Blair
31,9,Selma Blair,Sasha Farber,Actor/Actress,50,Withdrew,12,,0.0,False,220.0,0.0,False,31_Selma Blair
31,10,Selma Blair,Sasha Farber,Actor/Actress,50,Withdrew,12,,0.0,False,156.0,0.0,False,31_Selma Blair
31,1,Joseph Baena,Daniella Karagach,Actor/Actress,24,Eliminated Week 5,11,5.0,23.0,True,382.0,0.060209424083769635,False,31_Joseph Baena
31,2,Joseph Baena,Daniella Karagach,Actor/Actress,24,Eliminated Week 5,11,5.0,24.0,True,412.0,0.05825242718446602,False,31_Joseph Baena
31,3,Joseph Baena,Daniella Karagach,Actor/Actress,24,Eliminated Week 5,11,5.0,29.0,True,403.0,0.07196029776674938,False,31_Joseph Baena
31,4,Joseph Baena,Daniella Karagach,Actor/Actress,24,Eliminated Week 5,11,5.0,28.0,True,410.0,0.06829268292682927,False,31_Joseph Baena
31,5,Joseph Baena,Daniella Karagach,Actor/Actress,24,Eliminated Week 5,11,5.0,35.0,True,448.5,0.07803790412486064,True,31_Joseph Baena
31,6,Joseph Baena,Daniella Karagach,Actor/Actress,24,Eliminated Week 5,11,5.0,0.0,False,345.0,0.0,False,31_Joseph Baena
31,7,Joseph Baena,Daniella Karagach,Actor/Actress,24,Eliminated Week 5,11,5.0,0.0,False,325.5,0.0,False,31_Joseph Baena
31,8,Joseph Baena,Daniella Karagach,Actor/Actress,24,Eliminated Week 5,11,5.0,0.0,False,314.0,0.0,False,31_Joseph Baena
31,9,Joseph Baena,Daniella Karagach,Actor/Actress,24,Eliminated Week 5,11,5.0,0.0,False,220.0,0.0,False,31_Joseph Baena
31,10,Joseph Baena,Daniella Karagach,Actor/Actress,24,Eliminated Week 5,11,5.0,0.0,False,156.0,0.0,False,31_Joseph Baena
31,1,Trevor Donovan,Emma Slater,Actor/Actress,39,Eliminated Week 9,6,9.0,21.0,True,382.0,0.0549738219895288,False,31_Trevor Donovan
31,2,Trevor Donovan,Emma Slater,Actor/Actress,39,Eliminated Week 9,6,9.0,30.0,True,412.0,0.07281553398058252,False,31_Trevor Donovan
31,3,Trevor Donovan,Emma Slater,Actor/Actress,39,Eliminated Week 9,6,9.0,27.0,True,403.0,0.06699751861042183,False,31_Trevor Donovan
31,4,Trevor Donovan,Emma Slater,Actor/Actress,39,Eliminated Week 9,6,9.0,28.0,True,410.0,0.06829268292682927,False,31_Trevor Donovan
31,5,Trevor Donovan,Emma Slater,Actor/Actress,39,Eliminated Week 9,6,9.0,36.0,True,448.5,0.0802675585284281,False,31_Trevor Donovan
31,6,Trevor Donovan,Emma Slater,Actor/Actress,39,Eliminated Week 9,6,9.0,34.0,True,345.0,0.09855072463768116,False,31_Trevor Donovan
31,7,Trevor Donovan,Emma Slater,Actor/Actress,39,Eliminated Week 9,6,9.0,39.0,True,325.5,0.11981566820276497,False,31_Trevor Donovan
31,8,Trevor Donovan,Emma Slater,Actor/Actress,39,Eliminated Week 9,6,9.0,39.0,True,314.0,0.12420382165605096,False,31_Trevor Donovan
31,9,Trevor Donovan,Emma Slater,Actor/Actress,39,Eliminated Week 9,6,9.0,32.5,True,220.0,0.14772727272727273,True,31_Trevor Donovan
31,10,Trevor Donovan,Emma Slater,Actor/Actress,39,Eliminated Week 9,6,9.0,0.0,False,156.0,0.0,False,31_Trevor Donovan
31,1,Daniel Durant,Britt Stewart,Actor/Actress,32,Eliminated Week 9,5,9.0,27.0,True,382.0,0.07068062827225131,False,31_Daniel Durant
31,2,Daniel Durant,Britt Stewart,Actor/Actress,32,Eliminated Week 9,5,9.0,29.0,True,412.0,0.0703883495145631,False,31_Daniel Durant
31,3,Daniel Durant,Britt Stewart,Actor/Actress,32,Eliminated Week 9,5,9.0,31.0,True,403.0,0.07692307692307693,False,31_Daniel Durant
31,4,Daniel Durant,Britt Stewart,Actor/Actress,32,Eliminated Week 9,5,9.0,29.0,True,410.0,0.07073170731707316,False,31_Daniel Durant
31,5,Daniel Durant,Britt Stewart,Actor/Actress,32,Eliminated Week 9,5,9.0,33.5,True,448.5,0.07469342251950947,False,31_Daniel Durant
31,6,Daniel Durant,Britt Stewart,Actor/Actress,32,Eliminated Week 9,5,9.0,34.0,True,345.0,0.09855072463768116,False,31_Daniel Durant
31,7,Daniel Durant,Britt Stewart,Actor/Actress,32,Eliminated Week 9,5,9.0,36.5,True,325.5,0.11213517665130568,False,31_Daniel Durant
31,8,Daniel Durant,Britt Stewart,Actor/Actress,32,Eliminated Week 9,5,9.0,39.0,True,314.0,0.12420382165605096,False,31_Daniel Durant
31,9,Daniel Durant,Britt Stewart,Actor/Actress,32,Eliminated Week 9,5,9.0,34.5,True,220.0,0.15681818181818183,True,31_Daniel Durant
31,10,Daniel Durant,Britt Stewart,Actor/Actress,32,Eliminated Week 9,5,9.0,0.0,False,156.0,0.0,False,31_Daniel Durant
31,1,Wayne Brady,Witney Carson,Comedian,50,3rd Place,3,,29.0,True,382.0,0.07591623036649214,False,31_Wayne Brady
31,2,Wayne Brady,Witney Carson,Comedian,50,3rd Place,3,,32.0,True,412.0,0.07766990291262135,False,31_Wayne Brady
31,3,Wayne Brady,Witney Carson,Comedian,50,3rd Place,3,,33.0,True,403.0,0.08188585607940446,False,31_Wayne Brady
31,4,Wayne Brady,Witney Carson,Comedian,50,3rd Place,3,,36.0,True,410.0,0.08780487804878048,False,31_Wayne Brady
31,5,Wayne Brady,Witney Carson,Comedian,50,3rd Place,3,,41.0,True,448.5,0.09141583054626533,False,31_Wayne Brady
31,6,Wayne Brady,Witney Carson,Comedian,50,3rd Place,3,,34.0,True,345.0,0.09855072463768116,False,31_Wayne Brady
31,7,Wayne Brady,Witney Carson,Comedian,50,3rd Place,3,,38.0,True,325.5,0.11674347158218126,False,31_Wayne Brady
31,8,Wayne Brady,Witney Carson,Comedian,50,3rd Place,3,,45.0,True,314.0,0.14331210191082802,False,31_Wayne Brady
31,9,Wayne Brady,Witney Carson,Comedian,50,3rd Place,3,,36.5,True,220.0,0.16590909090909092,False,31_Wayne Brady
31,10,Wayne Brady,Witney Carson,Comedian,50,3rd Place,3,,38.0,True,156.0,0.24358974358974358,False,31_Wayne Brady
31,1,Sam Champion,Cheryl Burke,News Anchor,61,Eliminated Week 4,13,4.0,20.0,True,382.0,0.05235602094240838,False,31_Sam Champion
31,2,Sam Champion,Cheryl Burke,News Anchor,61,Eliminated Week 4,13,4.0,26.0,True,412.0,0.06310679611650485,False,31_Sam Champion
31,3,Sam Champion,Cheryl Burke,News Anchor,61,Eliminated Week 4,13,4.0,25.0,True,403.0,0.062034739454094295,False,31_Sam Champion
31,4,Sam Champion,Cheryl Burke,News Anchor,61,Eliminated Week 4,13,4.0,25.0,True,410.0,0.06097560975609756,True,31_Sam Champion
31,5,Sam Champion,Cheryl Burke,News Anchor,61,Eliminated Week 4,13,4.0,0.0,False,448.5,0.0,False,31_Sam Champion
31,6,Sam Champion,Cheryl Burke,News Anchor,61,Eliminated Week 4,13,4.0,0.0,False,345.0,0.0,False,31_Sam Champion
31,7,Sam Champion,Cheryl Burke,News Anchor,61,Eliminated Week 4,13,4.0,0.0,False,325.5,0.0,False,31_Sam Champion
31,8,Sam Champion,Cheryl Burke,News Anchor,61,Eliminated Week 4,13,4.0,0.0,False,314.0,0.0,False,31_Sam Champion
31,9,Sam Champion,Cheryl Burke,News Anchor,61,Eliminated Week 4,13,4.0,0.0,False,220.0,0.0,False,31_Sam Champion
31,10,Sam Champion,Cheryl Burke,News Anchor,61,Eliminated Week 4,13,4.0,0.0,False,156.0,0.0,False,31_Sam Champion
31,1,Jessie James Decker,Alan Bersten,Singer/Rapper,34,Eliminated Week 6,10,6.0,20.0,True,382.0,0.05235602094240838,False,31_Jessie James Decker
31,2,Jessie James Decker,Alan Bersten,Singer/Rapper,34,Eliminated Week 6,10,6.0,25.0,True,412.0,0.06067961165048544,False,31_Jessie James Decker
31,3,Jessie James Decker,Alan Bersten,Singer/Rapper,34,Eliminated Week 6,10,6.0,26.0,True,403.0,0.06451612903225806,False,31_Jessie James Decker
31,4,Jessie James Decker,Alan Bersten,Singer/Rapper,34,Eliminated Week 6,10,6.0,31.0,True,410.0,0.07560975609756097,False,31_Jessie James Decker
31,5,Jessie James Decker,Alan Bersten,Singer/Rapper,34,Eliminated Week 6,10,6.0,36.0,True,448.5,0.0802675585284281,False,31_Jessie James Decker
31,6,Jessie James Decker,Alan Bersten,Singer/Rapper,34,Eliminated Week 6,10,6.0,32.0,True,345.0,0.0927536231884058,True,31_Jessie James Decker
31,7,Jessie James Decker,Alan Bersten,Singer/Rapper,34,Eliminated Week 6,10,6.0,0.0,False,325.5,0.0,False,31_Jessie James Decker
31,8,Jessie James Decker,Alan Bersten,Singer/Rapper,34,Eliminated Week 6,10,6.0,0.0,False,314.0,0.0,False,31_Jessie James Decker
31,9,Jessie James Decker,Alan Bersten,Singer/Rapper,34,Eliminated Week 6,10,6.0,0.0,False,220.0,0.0,False,31_Jessie James Decker
31,10,Jessie James Decker,Alan Bersten,Singer/Rapper,34,Eliminated Week 6,10,6.0,0.0,False,156.0,0.0,False,31_Jessie James Decker
31,1,Jordin Sparks,Brandon Armstrong,Singer/Rapper,32,Eliminated Week 7,9,7.0,26.0,True,382.0,0.06806282722513089,False,31_Jordin Sparks
31,2,Jordin Sparks,Brandon Armstrong,Singer/Rapper,32,Eliminated Week 7,9,7.0,27.0,True,412.0,0.06553398058252427,False,31_Jordin Sparks
31,3,Jordin Sparks,Brandon Armstrong,Singer/Rapper,32,Eliminated Week 7,9,7.0,29.0,True,403.0,0.07196029776674938,False,31_Jordin Sparks
31,4,Jordin Sparks,Brandon Armstrong,Singer/Rapper,32,Eliminated Week 7,9,7.0,34.0,True,410.0,0.08292682926829269,False,31_Jordin Sparks
31,5,Jordin Sparks,Brandon Armstrong,Singer/Rapper,32,Eliminated Week 7,9,7.0,35.5,True,448.5,0.07915273132664437,False,31_Jordin Sparks
31,6,Jordin Sparks,Brandon Armstrong,Singer/Rapper,32,Eliminated Week 7,9,7.0,34.0,True,345.0,0.09855072463768116,False,31_Jordin Sparks
31,7,Jordin Sparks,Brandon Armstrong,Singer/Rapper,32,Eliminated Week 7,9,7.0,34.5,True,325.5,0.10599078341013825,True,31_Jordin Sparks
31,8,Jordin Sparks,Brandon Armstrong,Singer/Rapper,32,Eliminated Week 7,9,7.0,0.0,False,314.0,0.0,False,31_Jordin Sparks
31,9,Jordin Sparks,Brandon Armstrong,Singer/Rapper,32,Eliminated Week 7,9,7.0,0.0,False,220.0,0.0,False,31_Jordin Sparks
31,10,Jordin Sparks,Brandon Armstrong,Singer/Rapper,32,Eliminated Week 7,9,7.0,0.0,False,156.0,0.0,False,31_Jordin Sparks
31,1,Heidi D'Amelio,Artem Chigvintsev,Social Media Personality,50,Eliminated Week 8,8,8.0,24.0,True,382.0,0.06282722513089005,False,31_Heidi D'Amelio
31,2,Heidi D'Amelio,Artem Chigvintsev,Social Media Personality,50,Eliminated Week 8,8,8.0,28.0,True,412.0,0.06796116504854369,False,31_Heidi D'Amelio
31,3,Heidi D'Amelio,Artem Chigvintsev,Social Media Personality,50,Eliminated Week 8,8,8.0,32.0,True,403.0,0.0794044665012407,False,31_Heidi D'Amelio
31,4,Heidi D'Amelio,Artem Chigvintsev,Social Media Personality,50,Eliminated Week 8,8,8.0,34.0,True,410.0,0.08292682926829269,False,31_Heidi D'Amelio
31,5,Heidi D'Amelio,Artem Chigvintsev,Social Media Personality,50,Eliminated Week 8,8,8.0,39.0,True,448.5,0.08695652173913043,False,31_Heidi D'Amelio
31,6,Heidi D'Amelio,Artem Chigvintsev,Social Media Personality,50,Eliminated Week 8,8,8.0,36.0,True,345.0,0.10434782608695652,False,31_Heidi D'Amelio
31,7,Heidi D'Amelio,Artem Chigvintsev,Social Media Personality,50,Eliminated Week 8,8,8.0,35.0,True,325.5,0.10752688172043011,False,31_Heidi D'Amelio
31,8,Heidi D'Amelio,Artem Chigvintsev,Social Media Personality,50,Eliminated Week 8,8,8.0,35.0,True,314.0,0.11146496815286625,True,31_Heidi D'Amelio
31,9,Heidi D'Amelio,Artem Chigvintsev,Social Media Personality,50,Eliminated Week 8,8,8.0,0.0,False,220.0,0.0,False,31_Heidi D'Amelio
31,10,Heidi D'Amelio,Artem Chigvintsev,Social Media Personality,50,Eliminated Week 8,8,8.0,0.0,False,156.0,0.0,False,31_Heidi D'Amelio
31,1,Charli D'Amelio,Mark Ballas,Social Media Personality,18,1st Place,1,,32.0,True,382.0,0.08376963350785341,False,31_Charli D'Amelio
31,2,Charli D'Amelio,Mark Ballas,Social Media Personality,18,1st Place,1,,32.0,True,412.0,0.07766990291262135,False,31_Charli D'Amelio
31,3,Charli D'Amelio,Mark Ballas,Social Media Personality,18,1st Place,1,,33.0,True,403.0,0.08188585607940446,False,31_Charli D'Amelio
31,4,Charli D'Amelio,Mark Ballas,Social Media Personality,18,1st Place,1,,36.0,True,410.0,0.08780487804878048,False,31_Charli D'Amelio
31,5,Charli D'Amelio,Mark Ballas,Social Media Personality,18,1st Place,1,,42.0,True,448.5,0.09364548494983277,False,31_Charli D'Amelio
31,6,Charli D'Amelio,Mark Ballas,Social Media Personality,18,1st Place,1,,40.0,True,345.0,0.11594202898550725,False,31_Charli D'Amelio
31,7,Charli D'Amelio,Mark Ballas,Social Media Personality,18,1st Place,1,,39.0,True,325.5,0.11981566820276497,False,31_Charli D'Amelio
31,8,Charli D'Amelio,Mark Ballas,Social Media Personality,18,1st Place,1,,45.0,True,314.0,0.14331210191082802,False,31_Charli D'Amelio
31,9,Charli D'Amelio,Mark Ballas,Social Media Personality,18,1st Place,1,,40.0,True,220.0,0.18181818181818182,False,31_Charli D'Amelio
31,10,Charli D'Amelio,Mark Ballas,Social Media Personality,18,1st Place,1,,40.0,True,156.0,0.2564102564102564,False,31_Charli D'Amelio
31,1,Teresa Giudice,Pasha Pashkov,TV Personality,50,Eliminated Week 2,15,2.0,20.0,True,382.0,0.05235602094240838,False,31_Teresa Giudice
31,2,Teresa Giudice,Pasha Pashkov,TV Personality,50,Eliminated Week 2,15,2.0,23.0,True,412.0,0.055825242718446605,True,31_Teresa Giudice
31,3,Teresa Giudice,Pasha Pashkov,TV Personality,50,Eliminated Week 2,15,2.0,0.0,False,403.0,0.0,False,31_Teresa Giudice
31,4,Teresa Giudice,Pasha Pashkov,TV Personality,50,Eliminated Week 2,15,2.0,0.0,False,410.0,0.0,False,31_Teresa Giudice
31,5,Teresa Giudice,Pasha Pashkov,TV Personality,50,Eliminated Week 2,15,2.0,0.0,False,448.5,0.0,False,31_Teresa Giudice
31,6,Teresa Giudice,Pasha Pashkov,TV Personality,50,Eliminated Week 2,15,2.0,0.0,False,345.0,0.0,False,31_Teresa Giudice
31,7,Teresa Giudice,Pasha Pashkov,TV Personality,50,Eliminated Week 2,15,2.0,0.0,False,325.5,0.0,False,31_Teresa Giudice
31,8,Teresa Giudice,Pasha Pashkov,TV Personality,50,Eliminated Week 2,15,2.0,0.0,False,314.0,0.0,False,31_Teresa Giudice
31,9,Teresa Giudice,Pasha Pashkov,TV Personality,50,Eliminated Week 2,15,2.0,0.0,False,220.0,0.0,False,31_Teresa Giudice
31,10,Teresa Giudice,Pasha Pashkov,TV Personality,50,Eliminated Week 2,15,2.0,0.0,False,156.0,0.0,False,31_Teresa Giudice
31,1,Vinny Guadagnino,Koko Iwasaki,TV Personality,34,Eliminated Week 8,7,8.0,17.0,True,382.0,0.04450261780104712,False,31_Vinny Guadagnino
31,2,Vinny Guadagnino,Koko Iwasaki,TV Personality,34,Eliminated Week 8,7,8.0,27.0,True,412.0,0.06553398058252427,False,31_Vinny Guadagnino
31,3,Vinny Guadagnino,Koko Iwasaki,TV Personality,34,Eliminated Week 8,7,8.0,23.0,True,403.0,0.05707196029776675,False,31_Vinny Guadagnino
31,4,Vinny Guadagnino,Koko Iwasaki,TV Personality,34,Eliminated Week 8,7,8.0,29.0,True,410.0,0.07073170731707316,False,31_Vinny Guadagnino
31,5,Vinny Guadagnino,Koko Iwasaki,TV Personality,34,Eliminated Week 8,7,8.0,31.0,True,448.5,0.06911928651059086,False,31_Vinny Guadagnino
31,6,Vinny Guadagnino,Koko Iwasaki,TV Personality,34,Eliminated Week 8,7,8.0,28.0,True,345.0,0.08115942028985507,False,31_Vinny Guadagnino
31,7,Vinny Guadagnino,Koko Iwasaki,TV Personality,34,Eliminated Week 8,7,8.0,31.5,True,325.5,0.0967741935483871,False,31_Vinny Guadagnino
31,8,Vinny Guadagnino,Koko Iwasaki,TV Personality,34,Eliminated Week 8,7,8.0,29.0,True,314.0,0.09235668789808917,True,31_Vinny Guadagnino
31,9,Vinny Guadagnino,Koko Iwasaki,TV Personality,34,Eliminated Week 8,7,8.0,0.0,False,220.0,0.0,False,31_Vinny Guadagnino
31,10,Vinny Guadagnino,Koko Iwasaki,TV Personality,34,Eliminated Week 8,7,8.0,0.0,False,156.0,0.0,False,31_Vinny Guadagnino
31,1,Shangela,Gleb Savchenko,TV Personality,40,4th Place,4,,28.0,True,382.0,0.07329842931937172,False,31_Shangela
31,2,Shangela,Gleb Savchenko,TV Personality,40,4th Place,4,,28.0,True,412.0,0.06796116504854369,False,31_Shangela
31,3,Shangela,Gleb Savchenko,TV Personality,40,4th Place,4,,30.0,True,403.0,0.07444168734491315,False,31_Shangela
31,4,Shangela,Gleb Savchenko,TV Personality,40,4th Place,4,,32.0,True,410.0,0.07804878048780488,False,31_Shangela
31,5,Shangela,Gleb Savchenko,TV Personality,40,4th Place,4,,38.5,True,448.5,0.0858416945373467,False,31_Shangela
31,6,Shangela,Gleb Savchenko,TV Personality,40,4th Place,4,,36.0,True,345.0,0.10434782608695652,False,31_Shangela
31,7,Shangela,Gleb Savchenko,TV Personality,40,4th Place,4,,36.5,True,325.5,0.11213517665130568,False,31_Shangela
31,8,Shangela,Gleb Savchenko,TV Personality,40,4th Place,4,,42.0,True,314.0,0.1337579617834395,False,31_Shangela
31,9,Shangela,Gleb Savchenko,TV Personality,40,4th Place,4,,36.5,True,220.0,0.16590909090909092,False,31_Shangela
31,10,Shangela,Gleb Savchenko,TV Personality,40,4th Place,4,,38.0,True,156.0,0.24358974358974358,False,31_Shangela
31,1,Gabby Windey,Valentin Chmerkovskiy,TV Personality,31,2nd Place,2,,28.0,True,382.0,0.07329842931937172,False,31_Gabby Windey
31,2,Gabby Windey,Valentin Chmerkovskiy,TV Personality,31,2nd Place,2,,32.0,True,412.0,0.07766990291262135,False,31_Gabby Windey
31,3,Gabby Windey,Valentin Chmerkovskiy,TV Personality,31,2nd Place,2,,33.0,True,403.0,0.08188585607940446,False,31_Gabby Windey
31,4,Gabby Windey,Valentin Chmerkovskiy,TV Personality,31,2nd Place,2,,36.0,True,410.0,0.08780487804878048,False,31_Gabby Windey
31,5,Gabby Windey,Valentin Chmerkovskiy,TV Personality,31,2nd Place,2,,41.0,True,448.5,0.09141583054626533,False,31_Gabby Windey
31,6,Gabby Windey,Valentin Chmerkovskiy,TV Personality,31,2nd Place,2,,37.0,True,345.0,0.1072463768115942,False,31_Gabby Windey
31,7,Gabby Windey,Valentin Chmerkovskiy,TV Personality,31,2nd Place,2,,35.5,True,325.5,0.10906298003072197,False,31_Gabby Windey
31,8,Gabby Windey,Valentin Chmerkovskiy,TV Personality,31,2nd Place,2,,40.0,True,314.0,0.12738853503184713,False,31_Gabby Windey
31,9,Gabby Windey,Valentin Chmerkovskiy,TV Personality,31,2nd Place,2,,40.0,True,220.0,0.18181818181818182,False,31_Gabby Windey
31,10,Gabby Windey,Valentin Chmerkovskiy,TV Personality,31,2nd Place,2,,40.0,True,156.0,0.2564102564102564,False,31_Gabby Windey
32,1,Jamie Lynn Spears,Alan Bersten,Actor/Actress,32,Eliminated Week 2,13,2.0,15.0,True,231.0,0.06493506493506493,False,32_Jamie Lynn Spears
32,2,Jamie Lynn Spears,Alan Bersten,Actor/Actress,32,Eliminated Week 2,13,2.0,16.0,True,238.0,0.06722689075630252,True,32_Jamie Lynn Spears
32,3,Jamie Lynn Spears,Alan Bersten,Actor/Actress,32,Eliminated Week 2,13,2.0,0.0,False,323.0,0.0,False,32_Jamie Lynn Spears
32,4,Jamie Lynn Spears,Alan Bersten,Actor/Actress,32,Eliminated Week 2,13,2.0,0.0,False,240.0,0.0,False,32_Jamie Lynn Spears
32,5,Jamie Lynn Spears,Alan Bersten,Actor/Actress,32,Eliminated Week 2,13,2.0,0.0,False,240.0,0.0,False,32_Jamie Lynn Spears
32,6,Jamie Lynn Spears,Alan Bersten,Actor/Actress,32,Eliminated Week 2,13,2.0,0.0,False,322.0,0.0,False,32_Jamie Lynn Spears
32,7,Jamie Lynn Spears,Alan Bersten,Actor/Actress,32,Eliminated Week 2,13,2.0,0.0,False,282.0,0.0,False,32_Jamie Lynn Spears
32,8,Jamie Lynn Spears,Alan Bersten,Actor/Actress,32,Eliminated Week 2,13,2.0,0.0,False,253.0,0.0,False,32_Jamie Lynn Spears
32,9,Jamie Lynn Spears,Alan Bersten,Actor/Actress,32,Eliminated Week 2,13,2.0,0.0,False,221.0,0.0,False,32_Jamie Lynn Spears
32,10,Jamie Lynn Spears,Alan Bersten,Actor/Actress,32,Eliminated Week 2,13,2.0,0.0,False,142.5,0.0,False,32_Jamie Lynn Spears
32,11,Jamie Lynn Spears,Alan Bersten,Actor/Actress,32,Eliminated Week 2,13,2.0,0.0,False,145.5,0.0,False,32_Jamie Lynn Spears
32,1,Mira Sorvino,Gleb Savchenko,Actor/Actress,55,Eliminated Week 5,10,5.0,17.0,True,231.0,0.0735930735930736,False,32_Mira Sorvino
32,2,Mira Sorvino,Gleb Savchenko,Actor/Actress,55,Eliminated Week 5,10,5.0,18.0,True,238.0,0.07563025210084033,False,32_Mira Sorvino
32,3,Mira Sorvino,Gleb Savchenko,Actor/Actress,55,Eliminated Week 5,10,5.0,26.0,True,323.0,0.0804953560371517,False,32_Mira Sorvino
32,4,Mira Sorvino,Gleb Savchenko,Actor/Actress,55,Eliminated Week 5,10,5.0,21.0,True,240.0,0.0875,False,32_Mira Sorvino
32,5,Mira Sorvino,Gleb Savchenko,Actor/Actress,55,Eliminated Week 5,10,5.0,22.0,True,240.0,0.09166666666666666,True,32_Mira Sorvino
32,6,Mira Sorvino,Gleb Savchenko,Actor/Actress,55,Eliminated Week 5,10,5.0,0.0,False,322.0,0.0,False,32_Mira Sorvino
32,7,Mira Sorvino,Gleb Savchenko,Actor/Actress,55,Eliminated Week 5,10,5.0,0.0,False,282.0,0.0,False,32_Mira Sorvino
32,8,Mira Sorvino,Gleb Savchenko,Actor/Actress,55,Eliminated Week 5,10,5.0,0.0,False,253.0,0.0,False,32_Mira Sorvino
32,9,Mira Sorvino,Gleb Savchenko,Actor/Actress,55,Eliminated Week 5,10,5.0,0.0,False,221.0,0.0,False,32_Mira Sorvino
32,10,Mira Sorvino,Gleb Savchenko,Actor/Actress,55,Eliminated Week 5,10,5.0,0.0,False,142.5,0.0,False,32_Mira Sorvino
32,11,Mira Sorvino,Gleb Savchenko,Actor/Actress,55,Eliminated Week 5,10,5.0,0.0,False,145.5,0.0,False,32_Mira Sorvino
32,1,Barry Williams,Peta Murgatroyd,Actor/Actress,68,Eliminated Week 8,7,8.0,16.0,True,231.0,0.06926406926406926,False,32_Barry Williams
32,2,Barry Williams,Peta Murgatroyd,Actor/Actress,68,Eliminated Week 8,7,8.0,15.0,True,238.0,0.06302521008403361,False,32_Barry Williams
32,3,Barry Williams,Peta Murgatroyd,Actor/Actress,68,Eliminated Week 8,7,8.0,25.0,True,323.0,0.07739938080495357,False,32_Barry Williams
32,4,Barry Williams,Peta Murgatroyd,Actor/Actress,68,Eliminated Week 8,7,8.0,18.0,True,240.0,0.075,False,32_Barry Williams
32,5,Barry Williams,Peta Murgatroyd,Actor/Actress,68,Eliminated Week 8,7,8.0,24.0,True,240.0,0.1,False,32_Barry Williams
32,6,Barry Williams,Peta Murgatroyd,Actor/Actress,68,Eliminated Week 8,7,8.0,32.0,True,322.0,0.09937888198757763,False,32_Barry Williams
32,7,Barry Williams,Peta Murgatroyd,Actor/Actress,68,Eliminated Week 8,7,8.0,32.5,True,282.0,0.11524822695035461,False,32_Barry Williams
32,8,Barry Williams,Peta Murgatroyd,Actor/Actress,68,Eliminated Week 8,7,8.0,35.0,True,253.0,0.1383399209486166,True,32_Barry Williams
32,9,Barry Williams,Peta Murgatroyd,Actor/Actress,68,Eliminated Week 8,7,8.0,0.0,False,221.0,0.0,False,32_Barry Williams
32,10,Barry Williams,Peta Murgatroyd,Actor/Actress,68,Eliminated Week 8,7,8.0,0.0,False,142.5,0.0,False,32_Barry Williams
32,11,Barry Williams,Peta Murgatroyd,Actor/Actress,68,Eliminated Week 8,7,8.0,0.0,False,145.5,0.0,False,32_Barry Williams
32,1,Alyson Hannigan,Sasha Farber,Actor/Actress,49,5th Place,5,,13.0,True,231.0,0.05627705627705628,False,32_Alyson Hannigan
32,2,Alyson Hannigan,Sasha Farber,Actor/Actress,49,5th Place,5,,19.0,True,238.0,0.07983193277310924,False,32_Alyson Hannigan
32,3,Alyson Hannigan,Sasha Farber,Actor/Actress,49,5th Place,5,,24.0,True,323.0,0.07430340557275542,False,32_Alyson Hannigan
32,4,Alyson Hannigan,Sasha Farber,Actor/Actress,49,5th Place,5,,18.0,True,240.0,0.075,False,32_Alyson Hannigan
32,5,Alyson Hannigan,Sasha Farber,Actor/Actress,49,5th Place,5,,21.0,True,240.0,0.0875,False,32_Alyson Hannigan
32,6,Alyson Hannigan,Sasha Farber,Actor/Actress,49,5th Place,5,,31.0,True,322.0,0.09627329192546584,False,32_Alyson Hannigan
32,7,Alyson Hannigan,Sasha Farber,Actor/Actress,49,5th Place,5,,35.0,True,282.0,0.12411347517730496,False,32_Alyson Hannigan
32,8,Alyson Hannigan,Sasha Farber,Actor/Actress,49,5th Place,5,,36.0,True,253.0,0.1422924901185771,False,32_Alyson Hannigan
32,9,Alyson Hannigan,Sasha Farber,Actor/Actress,49,5th Place,5,,32.0,True,221.0,0.14479638009049775,False,32_Alyson Hannigan
32,10,Alyson Hannigan,Sasha Farber,Actor/Actress,49,5th Place,5,,25.5,True,142.5,0.17894736842105263,False,32_Alyson Hannigan
32,11,Alyson Hannigan,Sasha Farber,Actor/Actress,49,5th Place,5,,26.5,True,145.5,0.18213058419243985,False,32_Alyson Hannigan
32,1,Xochitl Gomez,Valentin Chmerkovskiy,Actor/Actress,17,1st Place,1,,18.0,True,231.0,0.07792207792207792,False,32_Xochitl Gomez
32,2,Xochitl Gomez,Valentin Chmerkovskiy,Actor/Actress,17,1st Place,1,,24.0,True,238.0,0.10084033613445378,False,32_Xochitl Gomez
32,3,Xochitl Gomez,Valentin Chmerkovskiy,Actor/Actress,17,1st Place,1,,32.0,True,323.0,0.09907120743034056,False,32_Xochitl Gomez
32,4,Xochitl Gomez,Valentin Chmerkovskiy,Actor/Actress,17,1st Place,1,,27.0,True,240.0,0.1125,False,32_Xochitl Gomez
32,5,Xochitl Gomez,Valentin Chmerkovskiy,Actor/Actress,17,1st Place,1,,28.0,True,240.0,0.11666666666666667,False,32_Xochitl Gomez
32,6,Xochitl Gomez,Valentin Chmerkovskiy,Actor/Actress,17,1st Place,1,,42.0,True,322.0,0.13043478260869565,False,32_Xochitl Gomez
32,7,Xochitl Gomez,Valentin Chmerkovskiy,Actor/Actress,17,1st Place,1,,37.0,True,282.0,0.13120567375886524,False,32_Xochitl Gomez
32,8,Xochitl Gomez,Valentin Chmerkovskiy,Actor/Actress,17,1st Place,1,,40.0,True,253.0,0.15810276679841898,False,32_Xochitl Gomez
32,9,Xochitl Gomez,Valentin Chmerkovskiy,Actor/Actress,17,1st Place,1,,41.0,True,221.0,0.18552036199095023,False,32_Xochitl Gomez
32,10,Xochitl Gomez,Valentin Chmerkovskiy,Actor/Actress,17,1st Place,1,,30.0,True,142.5,0.21052631578947367,False,32_Xochitl Gomez
32,11,Xochitl Gomez,Valentin Chmerkovskiy,Actor/Actress,17,1st Place,1,,30.0,True,145.5,0.20618556701030927,False,32_Xochitl Gomez
32,1,Adrian Peterson,Britt Stewart,Athlete,38,Eliminated Week 4,11,4.0,18.0,True,231.0,0.07792207792207792,False,32_Adrian Peterson
32,2,Adrian Peterson,Britt Stewart,Athlete,38,Eliminated Week 4,11,4.0,15.0,True,238.0,0.06302521008403361,False,32_Adrian Peterson
32,3,Adrian Peterson,Britt Stewart,Athlete,38,Eliminated Week 4,11,4.0,22.0,True,323.0,0.06811145510835913,False,32_Adrian Peterson
32,4,Adrian Peterson,Britt Stewart,Athlete,38,Eliminated Week 4,11,4.0,21.0,True,240.0,0.0875,True,32_Adrian Peterson
32,5,Adrian Peterson,Britt Stewart,Athlete,38,Eliminated Week 4,11,4.0,0.0,False,240.0,0.0,False,32_Adrian Peterson
32,6,Adrian Peterson,Britt Stewart,Athlete,38,Eliminated Week 4,11,4.0,0.0,False,322.0,0.0,False,32_Adrian Peterson
32,7,Adrian Peterson,Britt Stewart,Athlete,38,Eliminated Week 4,11,4.0,0.0,False,282.0,0.0,False,32_Adrian Peterson
32,8,Adrian Peterson,Britt Stewart,Athlete,38,Eliminated Week 4,11,4.0,0.0,False,253.0,0.0,False,32_Adrian Peterson
32,9,Adrian Peterson,Britt Stewart,Athlete,38,Eliminated Week 4,11,4.0,0.0,False,221.0,0.0,False,32_Adrian Peterson
32,10,Adrian Peterson,Britt Stewart,Athlete,38,Eliminated Week 4,11,4.0,0.0,False,142.5,0.0,False,32_Adrian Peterson
32,11,Adrian Peterson,Britt Stewart,Athlete,38,Eliminated Week 4,11,4.0,0.0,False,145.5,0.0,False,32_Adrian Peterson
32,1,Matt Walsh,Koko Iwasaki,Comedian,58,Eliminated Week 1,14,1.0,12.0,True,231.0,0.05194805194805195,True,32_Matt Walsh
32,2,Matt Walsh,Koko Iwasaki,Comedian,58,Eliminated Week 1,14,1.0,0.0,False,238.0,0.0,False,32_Matt Walsh
32,3,Matt Walsh,Koko Iwasaki,Comedian,58,Eliminated Week 1,14,1.0,0.0,False,323.0,0.0,False,32_Matt Walsh
32,4,Matt Walsh,Koko Iwasaki,Comedian,58,Eliminated Week 1,14,1.0,0.0,False,240.0,0.0,False,32_Matt Walsh
32,5,Matt Walsh,Koko Iwasaki,Comedian,58,Eliminated Week 1,14,1.0,0.0,False,240.0,0.0,False,32_Matt Walsh
32,6,Matt Walsh,Koko Iwasaki,Comedian,58,Eliminated Week 1,14,1.0,0.0,False,322.0,0.0,False,32_Matt Walsh
32,7,Matt Walsh,Koko Iwasaki,Comedian,58,Eliminated Week 1,14,1.0,0.0,False,282.0,0.0,False,32_Matt Walsh
32,8,Matt Walsh,Koko Iwasaki,Comedian,58,Eliminated Week 1,14,1.0,0.0,False,253.0,0.0,False,32_Matt Walsh
32,9,Matt Walsh,Koko Iwasaki,Comedian,58,Eliminated Week 1,14,1.0,0.0,False,221.0,0.0,False,32_Matt Walsh
32,10,Matt Walsh,Koko Iwasaki,Comedian,58,Eliminated Week 1,14,1.0,0.0,False,142.5,0.0,False,32_Matt Walsh
32,11,Matt Walsh,Koko Iwasaki,Comedian,58,Eliminated Week 1,14,1.0,0.0,False,145.5,0.0,False,32_Matt Walsh
32,1,Tyson Beckford,Jenna Johnson,Model,52,Eliminated Week 3,12,3.0,12.0,True,231.0,0.05194805194805195,False,32_Tyson Beckford
32,2,Tyson Beckford,Jenna Johnson,Model,52,Eliminated Week 3,12,3.0,18.0,True,238.0,0.07563025210084033,False,32_Tyson Beckford
32,3,Tyson Beckford,Jenna Johnson,Model,52,Eliminated Week 3,12,3.0,20.0,True,323.0,0.06191950464396285,True,32_Tyson Beckford
32,4,Tyson Beckford,Jenna Johnson,Model,52,Eliminated Week 3,12,3.0,0.0,False,240.0,0.0,False,32_Tyson Beckford
32,5,Tyson Beckford,Jenna Johnson,Model,52,Eliminated Week 3,12,3.0,0.0,False,240.0,0.0,False,32_Tyson Beckford
32,6,Tyson Beckford,Jenna Johnson,Model,52,Eliminated Week 3,12,3.0,0.0,False,322.0,0.0,False,32_Tyson Beckford
32,7,Tyson Beckford,Jenna Johnson,Model,52,Eliminated Week 3,12,3.0,0.0,False,282.0,0.0,False,32_Tyson Beckford
32,8,Tyson Beckford,Jenna Johnson,Model,52,Eliminated Week 3,12,3.0,0.0,False,253.0,0.0,False,32_Tyson Beckford
32,9,Tyson Beckford,Jenna Johnson,Model,52,Eliminated Week 3,12,3.0,0.0,False,221.0,0.0,False,32_Tyson Beckford
32,10,Tyson Beckford,Jenna Johnson,Model,52,Eliminated Week 3,12,3.0,0.0,False,142.5,0.0,False,32_Tyson Beckford
32,11,Tyson Beckford,Jenna Johnson,Model,52,Eliminated Week 3,12,3.0,0.0,False,145.5,0.0,False,32_Tyson Beckford
32,1,Jason Mraz,Daniella Karagach,Singer/Rapper,46,2nd Place,2,,21.0,True,231.0,0.09090909090909091,False,32_Jason Mraz
32,2,Jason Mraz,Daniella Karagach,Singer/Rapper,46,2nd Place,2,,24.0,True,238.0,0.10084033613445378,False,32_Jason Mraz
32,3,Jason Mraz,Daniella Karagach,Singer/Rapper,46,2nd Place,2,,34.0,True,323.0,0.10526315789473684,False,32_Jason Mraz
32,4,Jason Mraz,Daniella Karagach,Singer/Rapper,46,2nd Place,2,,24.0,True,240.0,0.1,False,32_Jason Mraz
32,5,Jason Mraz,Daniella Karagach,Singer/Rapper,46,2nd Place,2,,27.0,True,240.0,0.1125,False,32_Jason Mraz
32,6,Jason Mraz,Daniella Karagach,Singer/Rapper,46,2nd Place,2,,39.0,True,322.0,0.12111801242236025,False,32_Jason Mraz
32,7,Jason Mraz,Daniella Karagach,Singer/Rapper,46,2nd Place,2,,36.0,True,282.0,0.1276595744680851,False,32_Jason Mraz
32,8,Jason Mraz,Daniella Karagach,Singer/Rapper,46,2nd Place,2,,33.0,True,253.0,0.13043478260869565,False,32_Jason Mraz
32,9,Jason Mraz,Daniella Karagach,Singer/Rapper,46,2nd Place,2,,43.0,True,221.0,0.19457013574660634,False,32_Jason Mraz
32,10,Jason Mraz,Daniella Karagach,Singer/Rapper,46,2nd Place,2,,28.5,True,142.5,0.2,False,32_Jason Mraz
32,11,Jason Mraz,Daniella Karagach,Singer/Rapper,46,2nd Place,2,,30.0,True,145.5,0.20618556701030927,False,32_Jason Mraz
32,1,Lele Pons,Brandon Armstrong,Social Media Personality,27,Eliminated Week 7,8,7.0,19.0,True,231.0,0.08225108225108226,False,32_Lele Pons
32,2,Lele Pons,Brandon Armstrong,Social Media Personality,27,Eliminated Week 7,8,7.0,21.0,True,238.0,0.08823529411764706,False,32_Lele Pons
32,3,Lele Pons,Brandon Armstrong,Social Media Personality,27,Eliminated Week 7,8,7.0,27.0,True,323.0,0.08359133126934984,False,32_Lele Pons
32,4,Lele Pons,Brandon Armstrong,Social Media Personality,27,Eliminated Week 7,8,7.0,22.0,True,240.0,0.09166666666666666,False,32_Lele Pons
32,5,Lele Pons,Brandon Armstrong,Social Media Personality,27,Eliminated Week 7,8,7.0,24.0,True,240.0,0.1,False,32_Lele Pons
32,6,Lele Pons,Brandon Armstrong,Social Media Personality,27,Eliminated Week 7,8,7.0,37.0,True,322.0,0.11490683229813664,False,32_Lele Pons
32,7,Lele Pons,Brandon Armstrong,Social Media Personality,27,Eliminated Week 7,8,7.0,36.5,True,282.0,0.12943262411347517,True,32_Lele Pons
32,8,Lele Pons,Brandon Armstrong,Social Media Personality,27,Eliminated Week 7,8,7.0,0.0,False,253.0,0.0,False,32_Lele Pons
32,9,Lele Pons,Brandon Armstrong,Social Media Personality,27,Eliminated Week 7,8,7.0,0.0,False,221.0,0.0,False,32_Lele Pons
32,10,Lele Pons,Brandon Armstrong,Social Media Personality,27,Eliminated Week 7,8,7.0,0.0,False,142.5,0.0,False,32_Lele Pons
32,11,Lele Pons,Brandon Armstrong,Social Media Personality,27,Eliminated Week 7,8,7.0,0.0,False,145.5,0.0,False,32_Lele Pons
32,1,Harry Jowsey,Rylee Arnold,TV Personality,26,Eliminated Week 9,6,9.0,12.0,True,231.0,0.05194805194805195,False,32_Harry Jowsey
32,2,Harry Jowsey,Rylee Arnold,TV Personality,26,Eliminated Week 9,6,9.0,15.0,True,238.0,0.06302521008403361,False,32_Harry Jowsey
32,3,Harry Jowsey,Rylee Arnold,TV Personality,26,Eliminated Week 9,6,9.0,24.0,True,323.0,0.07430340557275542,False,32_Harry Jowsey
32,4,Harry Jowsey,Rylee Arnold,TV Personality,26,Eliminated Week 9,6,9.0,21.0,True,240.0,0.0875,False,32_Harry Jowsey
32,5,Harry Jowsey,Rylee Arnold,TV Personality,26,Eliminated Week 9,6,9.0,18.0,True,240.0,0.075,False,32_Harry Jowsey
32,6,Harry Jowsey,Rylee Arnold,TV Personality,26,Eliminated Week 9,6,9.0,29.0,True,322.0,0.09006211180124224,False,32_Harry Jowsey
32,7,Harry Jowsey,Rylee Arnold,TV Personality,26,Eliminated Week 9,6,9.0,32.0,True,282.0,0.11347517730496454,False,32_Harry Jowsey
32,8,Harry Jowsey,Rylee Arnold,TV Personality,26,Eliminated Week 9,6,9.0,28.0,True,253.0,0.11067193675889328,False,32_Harry Jowsey
32,9,Harry Jowsey,Rylee Arnold,TV Personality,26,Eliminated Week 9,6,9.0,30.0,True,221.0,0.13574660633484162,True,32_Harry Jowsey
32,10,Harry Jowsey,Rylee Arnold,TV Personality,26,Eliminated Week 9,6,9.0,0.0,False,142.5,0.0,False,32_Harry Jowsey
32,11,Harry Jowsey,Rylee Arnold,TV Personality,26,Eliminated Week 9,6,9.0,0.0,False,145.5,0.0,False,32_Harry Jowsey
32,1,Mauricio Umansky,Emma Slater,TV Personality,53,Eliminated Week 6,9,6.0,15.0,True,231.0,0.06493506493506493,False,32_Mauricio Umansky
32,2,Mauricio Umansky,Emma Slater,TV Personality,53,Eliminated Week 6,9,6.0,12.0,True,238.0,0.05042016806722689,False,32_Mauricio Umansky
32,3,Mauricio Umansky,Emma Slater,TV Personality,53,Eliminated Week 6,9,6.0,23.0,True,323.0,0.07120743034055728,False,32_Mauricio Umansky
32,4,Mauricio Umansky,Emma Slater,TV Personality,53,Eliminated Week 6,9,6.0,19.0,True,240.0,0.07916666666666666,False,32_Mauricio Umansky
32,5,Mauricio Umansky,Emma Slater,TV Personality,53,Eliminated Week 6,9,6.0,24.0,True,240.0,0.1,False,32_Mauricio Umansky
32,6,Mauricio Umansky,Emma Slater,TV Personality,53,Eliminated Week 6,9,6.0,33.0,True,322.0,0.10248447204968944,True,32_Mauricio Umansky
32,7,Mauricio Umansky,Emma Slater,TV Personality,53,Eliminated Week 6,9,6.0,0.0,False,282.0,0.0,False,32_Mauricio Umansky
32,8,Mauricio Umansky,Emma Slater,TV Personality,53,Eliminated Week 6,9,6.0,0.0,False,253.0,0.0,False,32_Mauricio Umansky
32,9,Mauricio Umansky,Emma Slater,TV Personality,53,Eliminated Week 6,9,6.0,0.0,False,221.0,0.0,False,32_Mauricio Umansky
32,10,Mauricio Umansky,Emma Slater,TV Personality,53,Eliminated Week 6,9,6.0,0.0,False,142.5,0.0,False,32_Mauricio Umansky
32,11,Mauricio Umansky,Emma Slater,TV Personality,53,Eliminated Week 6,9,6.0,0.0,False,145.5,0.0,False,32_Mauricio Umansky
32,1,Charity Lawson,Artem Chigvintsev,TV Personality,27,4th Place,4,,22.0,True,231.0,0.09523809523809523,False,32_Charity Lawson
32,2,Charity Lawson,Artem Chigvintsev,TV Personality,27,4th Place,4,,21.0,True,238.0,0.08823529411764706,False,32_Charity Lawson
32,3,Charity Lawson,Artem Chigvintsev,TV Personality,27,4th Place,4,,32.0,True,323.0,0.09907120743034056,False,32_Charity Lawson
32,4,Charity Lawson,Artem Chigvintsev,TV Personality,27,4th Place,4,,24.0,True,240.0,0.1,False,32_Charity Lawson
32,5,Charity Lawson,Artem Chigvintsev,TV Personality,27,4th Place,4,,28.0,True,240.0,0.11666666666666667,False,32_Charity Lawson
32,6,Charity Lawson,Artem Chigvintsev,TV Personality,27,4th Place,4,,38.0,True,322.0,0.11801242236024845,False,32_Charity Lawson
32,7,Charity Lawson,Artem Chigvintsev,TV Personality,27,4th Place,4,,36.0,True,282.0,0.1276595744680851,False,32_Charity Lawson
32,8,Charity Lawson,Artem Chigvintsev,TV Personality,27,4th Place,4,,39.0,True,253.0,0.1541501976284585,False,32_Charity Lawson
32,9,Charity Lawson,Artem Chigvintsev,TV Personality,27,4th Place,4,,38.0,True,221.0,0.17194570135746606,False,32_Charity Lawson
32,10,Charity Lawson,Artem Chigvintsev,TV Personality,27,4th Place,4,,29.5,True,142.5,0.20701754385964913,False,32_Charity Lawson
32,11,Charity Lawson,Artem Chigvintsev,TV Personality,27,4th Place,4,,29.5,True,145.5,0.2027491408934708,False,32_Charity Lawson
32,1,Ariana Madix,Pasha Pashkov,TV Personality,38,3rd Place,3,,21.0,True,231.0,0.09090909090909091,False,32_Ariana Madix
32,2,Ariana Madix,Pasha Pashkov,TV Personality,38,3rd Place,3,,20.0,True,238.0,0.08403361344537816,False,32_Ariana Madix
32,3,Ariana Madix,Pasha Pashkov,TV Personality,38,3rd Place,3,,34.0,True,323.0,0.10526315789473684,False,32_Ariana Madix
32,4,Ariana Madix,Pasha Pashkov,TV Personality,38,3rd Place,3,,25.0,True,240.0,0.10416666666666667,False,32_Ariana Madix
32,5,Ariana Madix,Pasha Pashkov,TV Personality,38,3rd Place,3,,24.0,True,240.0,0.1,False,32_Ariana Madix
32,6,Ariana Madix,Pasha Pashkov,TV Personality,38,3rd Place,3,,41.0,True,322.0,0.12732919254658384,False,32_Ariana Madix
32,7,Ariana Madix,Pasha Pashkov,TV Personality,38,3rd Place,3,,37.0,True,282.0,0.13120567375886524,False,32_Ariana Madix
32,8,Ariana Madix,Pasha Pashkov,TV Personality,38,3rd Place,3,,42.0,True,253.0,0.16600790513833993,False,32_Ariana Madix
32,9,Ariana Madix,Pasha Pashkov,TV Personality,38,3rd Place,3,,37.0,True,221.0,0.167420814479638,False,32_Ariana Madix
32,10,Ariana Madix,Pasha Pashkov,TV Personality,38,3rd Place,3,,29.0,True,142.5,0.20350877192982456,False,32_Ariana Madix
32,11,Ariana Madix,Pasha Pashkov,TV Personality,38,3rd Place,3,,29.5,True,145.5,0.2027491408934708,False,32_Ariana Madix
33,1,Tori Spelling,Pasha Pashkov,Actor/Actress,51,Eliminated Week 2,12,2.0,17.0,True,247.0,0.06882591093117409,False,33_Tori Spelling
33,2,Tori Spelling,Pasha Pashkov,Actor/Actress,51,Eliminated Week 2,12,2.0,19.0,True,258.0,0.07364341085271318,True,33_Tori Spelling
33,3,Tori Spelling,Pasha Pashkov,Actor/Actress,51,Eliminated Week 2,12,2.0,0.0,False,318.0,0.0,False,33_Tori Spelling
33,4,Tori Spelling,Pasha Pashkov,Actor/Actress,51,Eliminated Week 2,12,2.0,0.0,False,294.0,0.0,False,33_Tori Spelling
33,5,Tori Spelling,Pasha Pashkov,Actor/Actress,51,Eliminated Week 2,12,2.0,0.0,False,202.0,0.0,False,33_Tori Spelling
33,6,Tori Spelling,Pasha Pashkov,Actor/Actress,51,Eliminated Week 2,12,2.0,0.0,False,206.0,0.0,False,33_Tori Spelling
33,7,Tori Spelling,Pasha Pashkov,Actor/Actress,51,Eliminated Week 2,12,2.0,0.0,False,160.0,0.0,False,33_Tori Spelling
33,8,Tori Spelling,Pasha Pashkov,Actor/Actress,51,Eliminated Week 2,12,2.0,0.0,False,140.0,0.0,False,33_Tori Spelling
33,9,Tori Spelling,Pasha Pashkov,Actor/Actress,51,Eliminated Week 2,12,2.0,0.0,False,145.5,0.0,False,33_Tori Spelling
33,1,Eric Roberts,Britt Stewart,Actor/Actress,68,Eliminated Week 3,10,3.0,15.0,True,247.0,0.06072874493927125,False,33_Eric Roberts
33,2,Eric Roberts,Britt Stewart,Actor/Actress,68,Eliminated Week 3,10,3.0,15.0,True,258.0,0.05813953488372093,False,33_Eric Roberts
33,3,Eric Roberts,Britt Stewart,Actor/Actress,68,Eliminated Week 3,10,3.0,23.0,True,318.0,0.07232704402515723,True,33_Eric Roberts
33,4,Eric Roberts,Britt Stewart,Actor/Actress,68,Eliminated Week 3,10,3.0,0.0,False,294.0,0.0,False,33_Eric Roberts
33,5,Eric Roberts,Britt Stewart,Actor/Actress,68,Eliminated Week 3,10,3.0,0.0,False,202.0,0.0,False,33_Eric Roberts
33,6,Eric Roberts,Britt Stewart,Actor/Actress,68,Eliminated Week 3,10,3.0,0.0,False,206.0,0.0,False,33_Eric Roberts
33,7,Eric Roberts,Britt Stewart,Actor/Actress,68,Eliminated Week 3,10,3.0,0.0,False,160.0,0.0,False,33_Eric Roberts
33,8,Eric Roberts,Britt Stewart,Actor/Actress,68,Eliminated Week 3,10,3.0,0.0,False,140.0,0.0,False,33_Eric Roberts
33,9,Eric Roberts,Britt Stewart,Actor/Actress,68,Eliminated Week 3,10,3.0,0.0,False,145.5,0.0,False,33_Eric Roberts
33,1,Reginald VelJohnson,Emma Slater,Actor/Actress,74,Eliminated Week 3,10,3.0,16.0,True,247.0,0.06477732793522267,False,33_Reginald VelJohnson
33,2,Reginald VelJohnson,Emma Slater,Actor/Actress,74,Eliminated Week 3,10,3.0,15.0,True,258.0,0.05813953488372093,False,33_Reginald VelJohnson
33,3,Reginald VelJohnson,Emma Slater,Actor/Actress,74,Eliminated Week 3,10,3.0,21.0,True,318.0,0.0660377358490566,True,33_Reginald VelJohnson
33,4,Reginald VelJohnson,Emma Slater,Actor/Actress,74,Eliminated Week 3,10,3.0,0.0,False,294.0,0.0,False,33_Reginald VelJohnson
33,5,Reginald VelJohnson,Emma Slater,Actor/Actress,74,Eliminated Week 3,10,3.0,0.0,False,202.0,0.0,False,33_Reginald VelJohnson
33,6,Reginald VelJohnson,Emma Slater,Actor/Actress,74,Eliminated Week 3,10,3.0,0.0,False,206.0,0.0,False,33_Reginald VelJohnson
33,7,Reginald VelJohnson,Emma Slater,Actor/Actress,74,Eliminated Week 3,10,3.0,0.0,False,160.0,0.0,False,33_Reginald VelJohnson
33,8,Reginald VelJohnson,Emma Slater,Actor/Actress,74,Eliminated Week 3,10,3.0,0.0,False,140.0,0.0,False,33_Reginald VelJohnson
33,9,Reginald VelJohnson,Emma Slater,Actor/Actress,74,Eliminated Week 3,10,3.0,0.0,False,145.5,0.0,False,33_Reginald VelJohnson
33,1,Chandler Kinney,Brandon Armstrong,Actor/Actress,24,3rd Place,3,,23.0,True,247.0,0.0931174089068826,False,33_Chandler Kinney
33,2,Chandler Kinney,Brandon Armstrong,Actor/Actress,24,3rd Place,3,,24.0,True,258.0,0.09302325581395349,False,33_Chandler Kinney
33,3,Chandler Kinney,Brandon Armstrong,Actor/Actress,24,3rd Place,3,,34.5,True,318.0,0.10849056603773585,False,33_Chandler Kinney
33,4,Chandler Kinney,Brandon Armstrong,Actor/Actress,24,3rd Place,3,,32.0,True,294.0,0.10884353741496598,False,33_Chandler Kinney
33,5,Chandler Kinney,Brandon Armstrong,Actor/Actress,24,3rd Place,3,,27.0,True,202.0,0.13366336633663367,False,33_Chandler Kinney
33,6,Chandler Kinney,Brandon Armstrong,Actor/Actress,24,3rd Place,3,,32.0,True,206.0,0.1553398058252427,False,33_Chandler Kinney
33,7,Chandler Kinney,Brandon Armstrong,Actor/Actress,24,3rd Place,3,,30.0,True,160.0,0.1875,False,33_Chandler Kinney
33,8,Chandler Kinney,Brandon Armstrong,Actor/Actress,24,3rd Place,3,,29.0,True,140.0,0.20714285714285716,False,33_Chandler Kinney
33,9,Chandler Kinney,Brandon Armstrong,Actor/Actress,24,3rd Place,3,,30.0,True,145.5,0.20618556701030927,False,33_Chandler Kinney
33,1,Dwight Howard ,Daniella Karagach,Athlete,38,Eliminated Week 7,6,7.0,22.0,True,247.0,0.08906882591093117,False,33_Dwight Howard 
33,2,Dwight Howard ,Daniella Karagach,Athlete,38,Eliminated Week 7,6,7.0,22.0,True,258.0,0.08527131782945736,False,33_Dwight Howard 
33,3,Dwight Howard ,Daniella Karagach,Athlete,38,Eliminated Week 7,6,7.0,26.0,True,318.0,0.08176100628930817,False,33_Dwight Howard 
33,4,Dwight Howard ,Daniella Karagach,Athlete,38,Eliminated Week 7,6,7.0,29.0,True,294.0,0.09863945578231292,False,33_Dwight Howard 
33,5,Dwight Howard ,Daniella Karagach,Athlete,38,Eliminated Week 7,6,7.0,24.0,True,202.0,0.1188118811881188,False,33_Dwight Howard 
33,6,Dwight Howard ,Daniella Karagach,Athlete,38,Eliminated Week 7,6,7.0,31.0,True,206.0,0.15048543689320387,False,33_Dwight Howard 
33,7,Dwight Howard ,Daniella Karagach,Athlete,38,Eliminated Week 7,6,7.0,24.0,True,160.0,0.15,True,33_Dwight Howard 
33,8,Dwight Howard ,Daniella Karagach,Athlete,38,Eliminated Week 7,6,7.0,0.0,False,140.0,0.0,False,33_Dwight Howard 
33,9,Dwight Howard ,Daniella Karagach,Athlete,38,Eliminated Week 7,6,7.0,0.0,False,145.5,0.0,False,33_Dwight Howard 
33,1,Danny Amendola,Witney Carson,Athlete,39,5th Place,5,,20.0,True,247.0,0.08097165991902834,False,33_Danny Amendola
33,2,Danny Amendola,Witney Carson,Athlete,39,5th Place,5,,21.0,True,258.0,0.08139534883720931,False,33_Danny Amendola
33,3,Danny Amendola,Witney Carson,Athlete,39,5th Place,5,,30.0,True,318.0,0.09433962264150944,False,33_Danny Amendola
33,4,Danny Amendola,Witney Carson,Athlete,39,5th Place,5,,36.0,True,294.0,0.12244897959183673,False,33_Danny Amendola
33,5,Danny Amendola,Witney Carson,Athlete,39,5th Place,5,,25.5,True,202.0,0.12623762376237624,False,33_Danny Amendola
33,6,Danny Amendola,Witney Carson,Athlete,39,5th Place,5,,28.0,True,206.0,0.13592233009708737,False,33_Danny Amendola
33,7,Danny Amendola,Witney Carson,Athlete,39,5th Place,5,,25.5,True,160.0,0.159375,False,33_Danny Amendola
33,8,Danny Amendola,Witney Carson,Athlete,39,5th Place,5,,27.0,True,140.0,0.19285714285714287,False,33_Danny Amendola
33,9,Danny Amendola,Witney Carson,Athlete,39,5th Place,5,,28.0,True,145.5,0.19243986254295534,False,33_Danny Amendola
33,1,Stephen Nedoroscik,Rylee Arnold,Athlete,26,4th Place,4,,21.0,True,247.0,0.08502024291497975,False,33_Stephen Nedoroscik
33,2,Stephen Nedoroscik,Rylee Arnold,Athlete,26,4th Place,4,,22.0,True,258.0,0.08527131782945736,False,33_Stephen Nedoroscik
33,3,Stephen Nedoroscik,Rylee Arnold,Athlete,26,4th Place,4,,31.0,True,318.0,0.09748427672955975,False,33_Stephen Nedoroscik
33,4,Stephen Nedoroscik,Rylee Arnold,Athlete,26,4th Place,4,,33.0,True,294.0,0.11224489795918367,False,33_Stephen Nedoroscik
33,5,Stephen Nedoroscik,Rylee Arnold,Athlete,26,4th Place,4,,24.0,True,202.0,0.1188118811881188,False,33_Stephen Nedoroscik
33,6,Stephen Nedoroscik,Rylee Arnold,Athlete,26,4th Place,4,,28.0,True,206.0,0.13592233009708737,False,33_Stephen Nedoroscik
33,7,Stephen Nedoroscik,Rylee Arnold,Athlete,26,4th Place,4,,27.0,True,160.0,0.16875,False,33_Stephen Nedoroscik
33,8,Stephen Nedoroscik,Rylee Arnold,Athlete,26,4th Place,4,,26.5,True,140.0,0.18928571428571428,False,33_Stephen Nedoroscik
33,9,Stephen Nedoroscik,Rylee Arnold,Athlete,26,4th Place,4,,29.5,True,145.5,0.2027491408934708,False,33_Stephen Nedoroscik
33,1,Ilona Maher,Alan Bersten,Athlete,28,2nd Place,2,,18.0,True,247.0,0.0728744939271255,False,33_Ilona Maher
33,2,Ilona Maher,Alan Bersten,Athlete,28,2nd Place,2,,21.0,True,258.0,0.08139534883720931,False,33_Ilona Maher
33,3,Ilona Maher,Alan Bersten,Athlete,28,2nd Place,2,,28.0,True,318.0,0.0880503144654088,False,33_Ilona Maher
33,4,Ilona Maher,Alan Bersten,Athlete,28,2nd Place,2,,32.0,True,294.0,0.10884353741496598,False,33_Ilona Maher
33,5,Ilona Maher,Alan Bersten,Athlete,28,2nd Place,2,,26.0,True,202.0,0.12871287128712872,False,33_Ilona Maher
33,6,Ilona Maher,Alan Bersten,Athlete,28,2nd Place,2,,24.0,True,206.0,0.11650485436893204,False,33_Ilona Maher
33,7,Ilona Maher,Alan Bersten,Athlete,28,2nd Place,2,,26.0,True,160.0,0.1625,False,33_Ilona Maher
33,8,Ilona Maher,Alan Bersten,Athlete,28,2nd Place,2,,28.5,True,140.0,0.20357142857142857,False,33_Ilona Maher
33,9,Ilona Maher,Alan Bersten,Athlete,28,2nd Place,2,,28.5,True,145.5,0.1958762886597938,False,33_Ilona Maher
33,1,Anna Delvey,Ezra Sosa,Con artist,33,Eliminated Week 2,12,2.0,18.0,True,247.0,0.0728744939271255,False,33_Anna Delvey
33,2,Anna Delvey,Ezra Sosa,Con artist,33,Eliminated Week 2,12,2.0,17.0,True,258.0,0.06589147286821706,True,33_Anna Delvey
33,3,Anna Delvey,Ezra Sosa,Con artist,33,Eliminated Week 2,12,2.0,0.0,False,318.0,0.0,False,33_Anna Delvey
33,4,Anna Delvey,Ezra Sosa,Con artist,33,Eliminated Week 2,12,2.0,0.0,False,294.0,0.0,False,33_Anna Delvey
33,5,Anna Delvey,Ezra Sosa,Con artist,33,Eliminated Week 2,12,2.0,0.0,False,202.0,0.0,False,33_Anna Delvey
33,6,Anna Delvey,Ezra Sosa,Con artist,33,Eliminated Week 2,12,2.0,0.0,False,206.0,0.0,False,33_Anna Delvey
33,7,Anna Delvey,Ezra Sosa,Con artist,33,Eliminated Week 2,12,2.0,0.0,False,160.0,0.0,False,33_Anna Delvey
33,8,Anna Delvey,Ezra Sosa,Con artist,33,Eliminated Week 2,12,2.0,0.0,False,140.0,0.0,False,33_Anna Delvey
33,9,Anna Delvey,Ezra Sosa,Con artist,33,Eliminated Week 2,12,2.0,0.0,False,145.5,0.0,False,33_Anna Delvey
33,1,Brooks Nader,Gleb Savchenko,Model,27,Eliminated Week 4,9,4.0,18.0,True,247.0,0.0728744939271255,False,33_Brooks Nader
33,2,Brooks Nader,Gleb Savchenko,Model,27,Eliminated Week 4,9,4.0,20.0,True,258.0,0.07751937984496124,False,33_Brooks Nader
33,3,Brooks Nader,Gleb Savchenko,Model,27,Eliminated Week 4,9,4.0,30.5,True,318.0,0.0959119496855346,False,33_Brooks Nader
33,4,Brooks Nader,Gleb Savchenko,Model,27,Eliminated Week 4,9,4.0,32.0,True,294.0,0.10884353741496598,True,33_Brooks Nader
33,5,Brooks Nader,Gleb Savchenko,Model,27,Eliminated Week 4,9,4.0,0.0,False,202.0,0.0,False,33_Brooks Nader
33,6,Brooks Nader,Gleb Savchenko,Model,27,Eliminated Week 4,9,4.0,0.0,False,206.0,0.0,False,33_Brooks Nader
33,7,Brooks Nader,Gleb Savchenko,Model,27,Eliminated Week 4,9,4.0,0.0,False,160.0,0.0,False,33_Brooks Nader
33,8,Brooks Nader,Gleb Savchenko,Model,27,Eliminated Week 4,9,4.0,0.0,False,140.0,0.0,False,33_Brooks Nader
33,9,Brooks Nader,Gleb Savchenko,Model,27,Eliminated Week 4,9,4.0,0.0,False,145.5,0.0,False,33_Brooks Nader
33,1,Phaedra Parks,Val Chmerkovskiy,TV Personality,51,Eliminated Week 5,8,5.0,19.0,True,247.0,0.07692307692307693,False,33_Phaedra Parks
33,2,Phaedra Parks,Val Chmerkovskiy,TV Personality,51,Eliminated Week 5,8,5.0,21.0,True,258.0,0.08139534883720931,False,33_Phaedra Parks
33,3,Phaedra Parks,Val Chmerkovskiy,TV Personality,51,Eliminated Week 5,8,5.0,28.0,True,318.0,0.0880503144654088,False,33_Phaedra Parks
33,4,Phaedra Parks,Val Chmerkovskiy,TV Personality,51,Eliminated Week 5,8,5.0,32.0,True,294.0,0.10884353741496598,False,33_Phaedra Parks
33,5,Phaedra Parks,Val Chmerkovskiy,TV Personality,51,Eliminated Week 5,8,5.0,24.0,True,202.0,0.1188118811881188,True,33_Phaedra Parks
33,6,Phaedra Parks,Val Chmerkovskiy,TV Personality,51,Eliminated Week 5,8,5.0,0.0,False,206.0,0.0,False,33_Phaedra Parks
33,7,Phaedra Parks,Val Chmerkovskiy,TV Personality,51,Eliminated Week 5,8,5.0,0.0,False,160.0,0.0,False,33_Phaedra Parks
33,8,Phaedra Parks,Val Chmerkovskiy,TV Personality,51,Eliminated Week 5,8,5.0,0.0,False,140.0,0.0,False,33_Phaedra Parks
33,9,Phaedra Parks,Val Chmerkovskiy,TV Personality,51,Eliminated Week 5,8,5.0,0.0,False,145.5,0.0,False,33_Phaedra Parks
33,1,Jenn Tran,Sasha Farber,TV Personality,26,Eliminated Week 6,7,6.0,19.0,True,247.0,0.07692307692307693,False,33_Jenn Tran
33,2,Jenn Tran,Sasha Farber,TV Personality,26,Eliminated Week 6,7,6.0,19.0,True,258.0,0.07364341085271318,False,33_Jenn Tran
33,3,Jenn Tran,Sasha Farber,TV Personality,26,Eliminated Week 6,7,6.0,31.0,True,318.0,0.09748427672955975,False,33_Jenn Tran
33,4,Jenn Tran,Sasha Farber,TV Personality,26,Eliminated Week 6,7,6.0,32.0,True,294.0,0.10884353741496598,False,33_Jenn Tran
33,5,Jenn Tran,Sasha Farber,TV Personality,26,Eliminated Week 6,7,6.0,25.5,True,202.0,0.12623762376237624,False,33_Jenn Tran
33,6,Jenn Tran,Sasha Farber,TV Personality,26,Eliminated Week 6,7,6.0,31.0,True,206.0,0.15048543689320387,True,33_Jenn Tran
33,7,Jenn Tran,Sasha Farber,TV Personality,26,Eliminated Week 6,7,6.0,0.0,False,160.0,0.0,False,33_Jenn Tran
33,8,Jenn Tran,Sasha Farber,TV Personality,26,Eliminated Week 6,7,6.0,0.0,False,140.0,0.0,False,33_Jenn Tran
33,9,Jenn Tran,Sasha Farber,TV Personality,26,Eliminated Week 6,7,6.0,0.0,False,145.5,0.0,False,33_Jenn Tran
33,1,Joey Graziadei,Jenna Johnson,TV Personality,29,1st Place,1,,21.0,True,247.0,0.08502024291497975,False,33_Joey Graziadei
33,2,Joey Graziadei,Jenna Johnson,TV Personality,29,1st Place,1,,22.0,True,258.0,0.08527131782945736,False,33_Joey Graziadei
33,3,Joey Graziadei,Jenna Johnson,TV Personality,29,1st Place,1,,35.0,True,318.0,0.11006289308176101,False,33_Joey Graziadei
33,4,Joey Graziadei,Jenna Johnson,TV Personality,29,1st Place,1,,36.0,True,294.0,0.12244897959183673,False,33_Joey Graziadei
33,5,Joey Graziadei,Jenna Johnson,TV Personality,29,1st Place,1,,26.0,True,202.0,0.12871287128712872,False,33_Joey Graziadei
33,6,Joey Graziadei,Jenna Johnson,TV Personality,29,1st Place,1,,32.0,True,206.0,0.1553398058252427,False,33_Joey Graziadei
33,7,Joey Graziadei,Jenna Johnson,TV Personality,29,1st Place,1,,27.5,True,160.0,0.171875,False,33_Joey Graziadei
33,8,Joey Graziadei,Jenna Johnson,TV Personality,29,1st Place,1,,29.0,True,140.0,0.20714285714285716,False,33_Joey Graziadei
33,9,Joey Graziadei,Jenna Johnson,TV Personality,29,1st Place,1,,29.5,True,145.5,0.2027491408934708,False,33_Joey Graziadei
34,1,Corey Feldman,Jenna Johnson,Actor/Actress,54,Eliminated Week 2,13,2.0,9.0,True,164.0,0.054878048780487805,False,34_Corey Feldman
34,2,Corey Feldman,Jenna Johnson,Actor/Actress,54,Eliminated Week 2,13,2.0,15.0,True,278.0,0.0539568345323741,True,34_Corey Feldman
34,3,Corey Feldman,Jenna Johnson,Actor/Actress,54,Eliminated Week 2,13,2.0,0.0,False,257.0,0.0,False,34_Corey Feldman
34,4,Corey Feldman,Jenna Johnson,Actor/Actress,54,Eliminated Week 2,13,2.0,0.0,False,248.0,0.0,False,34_Corey Feldman
34,5,Corey Feldman,Jenna Johnson,Actor/Actress,54,Eliminated Week 2,13,2.0,0.0,False,313.0,0.0,False,34_Corey Feldman
34,6,Corey Feldman,Jenna Johnson,Actor/Actress,54,Eliminated Week 2,13,2.0,0.0,False,340.0,0.0,False,34_Corey Feldman
34,7,Corey Feldman,Jenna Johnson,Actor/Actress,54,Eliminated Week 2,13,2.0,0.0,False,332.0,0.0,False,34_Corey Feldman
34,8,Corey Feldman,Jenna Johnson,Actor/Actress,54,Eliminated Week 2,13,2.0,0.0,False,301.5,0.0,False,34_Corey Feldman
34,9,Corey Feldman,Jenna Johnson,Actor/Actress,54,Eliminated Week 2,13,2.0,0.0,False,270.0,0.0,False,34_Corey Feldman
34,10,Corey Feldman,Jenna Johnson,Actor/Actress,54,Eliminated Week 2,13,2.0,0.0,False,172.0,0.0,False,34_Corey Feldman
34,11,Corey Feldman,Jenna Johnson,Actor/Actress,54,Eliminated Week 2,13,2.0,0.0,False,147.6662,0.0,False,34_Corey Feldman
34,1,Danielle Fishel,Pasha Pashkov,Actor/Actress,44,Eliminated Week 8,8,8.0,12.0,True,164.0,0.07317073170731707,False,34_Danielle Fishel
34,2,Danielle Fishel,Pasha Pashkov,Actor/Actress,44,Eliminated Week 8,8,8.0,19.0,True,278.0,0.0683453237410072,False,34_Danielle Fishel
34,3,Danielle Fishel,Pasha Pashkov,Actor/Actress,44,Eliminated Week 8,8,8.0,21.0,True,257.0,0.08171206225680934,False,34_Danielle Fishel
34,4,Danielle Fishel,Pasha Pashkov,Actor/Actress,44,Eliminated Week 8,8,8.0,21.0,True,248.0,0.0846774193548387,False,34_Danielle Fishel
34,5,Danielle Fishel,Pasha Pashkov,Actor/Actress,44,Eliminated Week 8,8,8.0,29.0,True,313.0,0.0926517571884984,False,34_Danielle Fishel
34,6,Danielle Fishel,Pasha Pashkov,Actor/Actress,44,Eliminated Week 8,8,8.0,36.0,True,340.0,0.10588235294117647,False,34_Danielle Fishel
34,7,Danielle Fishel,Pasha Pashkov,Actor/Actress,44,Eliminated Week 8,8,8.0,35.0,True,332.0,0.10542168674698796,False,34_Danielle Fishel
34,8,Danielle Fishel,Pasha Pashkov,Actor/Actress,44,Eliminated Week 8,8,8.0,37.0,True,301.5,0.12271973466003316,True,34_Danielle Fishel
34,9,Danielle Fishel,Pasha Pashkov,Actor/Actress,44,Eliminated Week 8,8,8.0,0.0,False,270.0,0.0,False,34_Danielle Fishel
34,10,Danielle Fishel,Pasha Pashkov,Actor/Actress,44,Eliminated Week 8,8,8.0,0.0,False,172.0,0.0,False,34_Danielle Fishel
34,11,Danielle Fishel,Pasha Pashkov,Actor/Actress,44,Eliminated Week 8,8,8.0,0.0,False,147.6662,0.0,False,34_Danielle Fishel
34,1,Elaine Hendrix,Alan Bersten (Rashad Jennings week 9),Actor/Actress,55,5th Place,5,,12.0,True,164.0,0.07317073170731707,False,34_Elaine Hendrix
34,2,Elaine Hendrix,Alan Bersten (Rashad Jennings week 9),Actor/Actress,55,5th Place,5,,21.0,True,278.0,0.07553956834532374,False,34_Elaine Hendrix
34,3,Elaine Hendrix,Alan Bersten (Rashad Jennings week 9),Actor/Actress,55,5th Place,5,,21.0,True,257.0,0.08171206225680934,False,34_Elaine Hendrix
34,4,Elaine Hendrix,Alan Bersten (Rashad Jennings week 9),Actor/Actress,55,5th Place,5,,24.0,True,248.0,0.0967741935483871,False,34_Elaine Hendrix
34,5,Elaine Hendrix,Alan Bersten (Rashad Jennings week 9),Actor/Actress,55,5th Place,5,,30.0,True,313.0,0.09584664536741214,False,34_Elaine Hendrix
34,6,Elaine Hendrix,Alan Bersten (Rashad Jennings week 9),Actor/Actress,55,5th Place,5,,36.0,True,340.0,0.10588235294117647,False,34_Elaine Hendrix
34,7,Elaine Hendrix,Alan Bersten (Rashad Jennings week 9),Actor/Actress,55,5th Place,5,,32.0,True,332.0,0.0963855421686747,False,34_Elaine Hendrix
34,8,Elaine Hendrix,Alan Bersten (Rashad Jennings week 9),Actor/Actress,55,5th Place,5,,37.5,True,301.5,0.12437810945273632,False,34_Elaine Hendrix
34,9,Elaine Hendrix,Alan Bersten (Rashad Jennings week 9),Actor/Actress,55,5th Place,5,,36.0,True,270.0,0.13333333333333333,False,34_Elaine Hendrix
34,10,Elaine Hendrix,Alan Bersten (Rashad Jennings week 9),Actor/Actress,55,5th Place,5,,28.5,True,172.0,0.16569767441860464,False,34_Elaine Hendrix
34,11,Elaine Hendrix,Alan Bersten (Rashad Jennings week 9),Actor/Actress,55,5th Place,5,,28.9998,True,147.6662,0.19638752808699622,False,34_Elaine Hendrix
34,1,Baron Davis,Britt Stewart,Athlete,46,Eliminated Week 2,13,2.0,10.0,True,164.0,0.06097560975609756,False,34_Baron Davis
34,2,Baron Davis,Britt Stewart,Athlete,46,Eliminated Week 2,13,2.0,18.0,True,278.0,0.06474820143884892,True,34_Baron Davis
34,3,Baron Davis,Britt Stewart,Athlete,46,Eliminated Week 2,13,2.0,0.0,False,257.0,0.0,False,34_Baron Davis
34,4,Baron Davis,Britt Stewart,Athlete,46,Eliminated Week 2,13,2.0,0.0,False,248.0,0.0,False,34_Baron Davis
34,5,Baron Davis,Britt Stewart,Athlete,46,Eliminated Week 2,13,2.0,0.0,False,313.0,0.0,False,34_Baron Davis
34,6,Baron Davis,Britt Stewart,Athlete,46,Eliminated Week 2,13,2.0,0.0,False,340.0,0.0,False,34_Baron Davis
34,7,Baron Davis,Britt Stewart,Athlete,46,Eliminated Week 2,13,2.0,0.0,False,332.0,0.0,False,34_Baron Davis
34,8,Baron Davis,Britt Stewart,Athlete,46,Eliminated Week 2,13,2.0,0.0,False,301.5,0.0,False,34_Baron Davis
34,9,Baron Davis,Britt Stewart,Athlete,46,Eliminated Week 2,13,2.0,0.0,False,270.0,0.0,False,34_Baron Davis
34,10,Baron Davis,Britt Stewart,Athlete,46,Eliminated Week 2,13,2.0,0.0,False,172.0,0.0,False,34_Baron Davis
34,11,Baron Davis,Britt Stewart,Athlete,46,Eliminated Week 2,13,2.0,0.0,False,147.6662,0.0,False,34_Baron Davis
34,1,Jordan Chiles,Ezra Sosa (Apolo Anton Ohno week 9),Athlete,24,3rd Place,3,,10.0,True,164.0,0.06097560975609756,False,34_Jordan Chiles
34,2,Jordan Chiles,Ezra Sosa (Apolo Anton Ohno week 9),Athlete,24,3rd Place,3,,22.0,True,278.0,0.07913669064748201,False,34_Jordan Chiles
34,3,Jordan Chiles,Ezra Sosa (Apolo Anton Ohno week 9),Athlete,24,3rd Place,3,,24.0,True,257.0,0.0933852140077821,False,34_Jordan Chiles
34,4,Jordan Chiles,Ezra Sosa (Apolo Anton Ohno week 9),Athlete,24,3rd Place,3,,24.0,True,248.0,0.0967741935483871,False,34_Jordan Chiles
34,5,Jordan Chiles,Ezra Sosa (Apolo Anton Ohno week 9),Athlete,24,3rd Place,3,,32.0,True,313.0,0.10223642172523961,False,34_Jordan Chiles
34,6,Jordan Chiles,Ezra Sosa (Apolo Anton Ohno week 9),Athlete,24,3rd Place,3,,39.0,True,340.0,0.11470588235294117,False,34_Jordan Chiles
34,7,Jordan Chiles,Ezra Sosa (Apolo Anton Ohno week 9),Athlete,24,3rd Place,3,,38.0,True,332.0,0.1144578313253012,False,34_Jordan Chiles
34,8,Jordan Chiles,Ezra Sosa (Apolo Anton Ohno week 9),Athlete,24,3rd Place,3,,39.0,True,301.5,0.12935323383084577,False,34_Jordan Chiles
34,9,Jordan Chiles,Ezra Sosa (Apolo Anton Ohno week 9),Athlete,24,3rd Place,3,,39.0,True,270.0,0.14444444444444443,False,34_Jordan Chiles
34,10,Jordan Chiles,Ezra Sosa (Apolo Anton Ohno week 9),Athlete,24,3rd Place,3,,28.5,True,172.0,0.16569767441860464,False,34_Jordan Chiles
34,11,Jordan Chiles,Ezra Sosa (Apolo Anton Ohno week 9),Athlete,24,3rd Place,3,,29.666600000000003,True,147.6662,0.20090311797825097,False,34_Jordan Chiles
34,1,Andy Richter,Emma Slater/Kaitlyn Bristowe (week 9),Comedian,59,Eliminated Week 9,7,9.0,9.0,True,164.0,0.054878048780487805,False,34_Andy Richter
34,2,Andy Richter,Emma Slater/Kaitlyn Bristowe (week 9),Comedian,59,Eliminated Week 9,7,9.0,16.0,True,278.0,0.05755395683453238,False,34_Andy Richter
34,3,Andy Richter,Emma Slater/Kaitlyn Bristowe (week 9),Comedian,59,Eliminated Week 9,7,9.0,18.0,True,257.0,0.07003891050583658,False,34_Andy Richter
34,4,Andy Richter,Emma Slater/Kaitlyn Bristowe (week 9),Comedian,59,Eliminated Week 9,7,9.0,18.0,True,248.0,0.07258064516129033,False,34_Andy Richter
34,5,Andy Richter,Emma Slater/Kaitlyn Bristowe (week 9),Comedian,59,Eliminated Week 9,7,9.0,24.0,True,313.0,0.07667731629392971,False,34_Andy Richter
34,6,Andy Richter,Emma Slater/Kaitlyn Bristowe (week 9),Comedian,59,Eliminated Week 9,7,9.0,27.0,True,340.0,0.07941176470588235,False,34_Andy Richter
34,7,Andy Richter,Emma Slater/Kaitlyn Bristowe (week 9),Comedian,59,Eliminated Week 9,7,9.0,29.0,True,332.0,0.08734939759036145,False,34_Andy Richter
34,8,Andy Richter,Emma Slater/Kaitlyn Bristowe (week 9),Comedian,59,Eliminated Week 9,7,9.0,34.0,True,301.5,0.11276948590381426,False,34_Andy Richter
34,9,Andy Richter,Emma Slater/Kaitlyn Bristowe (week 9),Comedian,59,Eliminated Week 9,7,9.0,29.0,True,270.0,0.10740740740740741,True,34_Andy Richter
34,10,Andy Richter,Emma Slater/Kaitlyn Bristowe (week 9),Comedian,59,Eliminated Week 9,7,9.0,0.0,False,172.0,0.0,False,34_Andy Richter
34,11,Andy Richter,Emma Slater/Kaitlyn Bristowe (week 9),Comedian,59,Eliminated Week 9,7,9.0,0.0,False,147.6662,0.0,False,34_Andy Richter
34,1,Robert Irwin,Witney Carson (Xoshitl Gomez week 9),Conservationist,22,1st Place,1,,15.0,True,164.0,0.09146341463414634,False,34_Robert Irwin
34,2,Robert Irwin,Witney Carson (Xoshitl Gomez week 9),Conservationist,22,1st Place,1,,22.0,True,278.0,0.07913669064748201,False,34_Robert Irwin
34,3,Robert Irwin,Witney Carson (Xoshitl Gomez week 9),Conservationist,22,1st Place,1,,22.0,True,257.0,0.08560311284046693,False,34_Robert Irwin
34,4,Robert Irwin,Witney Carson (Xoshitl Gomez week 9),Conservationist,22,1st Place,1,,22.0,True,248.0,0.08870967741935484,False,34_Robert Irwin
34,5,Robert Irwin,Witney Carson (Xoshitl Gomez week 9),Conservationist,22,1st Place,1,,35.0,True,313.0,0.11182108626198083,False,34_Robert Irwin
34,6,Robert Irwin,Witney Carson (Xoshitl Gomez week 9),Conservationist,22,1st Place,1,,36.0,True,340.0,0.10588235294117647,False,34_Robert Irwin
34,7,Robert Irwin,Witney Carson (Xoshitl Gomez week 9),Conservationist,22,1st Place,1,,41.0,True,332.0,0.12349397590361445,False,34_Robert Irwin
34,8,Robert Irwin,Witney Carson (Xoshitl Gomez week 9),Conservationist,22,1st Place,1,,38.0,True,301.5,0.12603648424543948,False,34_Robert Irwin
34,9,Robert Irwin,Witney Carson (Xoshitl Gomez week 9),Conservationist,22,1st Place,1,,42.0,True,270.0,0.15555555555555556,False,34_Robert Irwin
34,10,Robert Irwin,Witney Carson (Xoshitl Gomez week 9),Conservationist,22,1st Place,1,,29.5,True,172.0,0.17151162790697674,False,34_Robert Irwin
34,11,Robert Irwin,Witney Carson (Xoshitl Gomez week 9),Conservationist,22,1st Place,1,,29.666600000000003,True,147.6662,0.20090311797825097,False,34_Robert Irwin
34,1,Hilaria Baldwin,Gleb Savchenko,Entrepreneur,41,Eliminated Week 4,11,4.0,14.0,True,164.0,0.08536585365853659,False,34_Hilaria Baldwin
34,2,Hilaria Baldwin,Gleb Savchenko,Entrepreneur,41,Eliminated Week 4,11,4.0,21.0,True,278.0,0.07553956834532374,False,34_Hilaria Baldwin
34,3,Hilaria Baldwin,Gleb Savchenko,Entrepreneur,41,Eliminated Week 4,11,4.0,22.0,True,257.0,0.08560311284046693,False,34_Hilaria Baldwin
34,4,Hilaria Baldwin,Gleb Savchenko,Entrepreneur,41,Eliminated Week 4,11,4.0,23.0,True,248.0,0.09274193548387097,True,34_Hilaria Baldwin
34,5,Hilaria Baldwin,Gleb Savchenko,Entrepreneur,41,Eliminated Week 4,11,4.0,0.0,False,313.0,0.0,False,34_Hilaria Baldwin
34,6,Hilaria Baldwin,Gleb Savchenko,Entrepreneur,41,Eliminated Week 4,11,4.0,0.0,False,340.0,0.0,False,34_Hilaria Baldwin
34,7,Hilaria Baldwin,Gleb Savchenko,Entrepreneur,41,Eliminated Week 4,11,4.0,0.0,False,332.0,0.0,False,34_Hilaria Baldwin
34,8,Hilaria Baldwin,Gleb Savchenko,Entrepreneur,41,Eliminated Week 4,11,4.0,0.0,False,301.5,0.0,False,34_Hilaria Baldwin
34,9,Hilaria Baldwin,Gleb Savchenko,Entrepreneur,41,Eliminated Week 4,11,4.0,0.0,False,270.0,0.0,False,34_Hilaria Baldwin
34,10,Hilaria Baldwin,Gleb Savchenko,Entrepreneur,41,Eliminated Week 4,11,4.0,0.0,False,172.0,0.0,False,34_Hilaria Baldwin
34,11,Hilaria Baldwin,Gleb Savchenko,Entrepreneur,41,Eliminated Week 4,11,4.0,0.0,False,147.6662,0.0,False,34_Hilaria Baldwin
34,1,Lauren Jauregui,Brandon Armstrong,Singer/Rapper,29,Eliminated Week 3,12,3.0,13.0,True,164.0,0.07926829268292683,False,34_Lauren Jauregui
34,2,Lauren Jauregui,Brandon Armstrong,Singer/Rapper,29,Eliminated Week 3,12,3.0,21.0,True,278.0,0.07553956834532374,False,34_Lauren Jauregui
34,3,Lauren Jauregui,Brandon Armstrong,Singer/Rapper,29,Eliminated Week 3,12,3.0,18.0,True,257.0,0.07003891050583658,True,34_Lauren Jauregui
34,4,Lauren Jauregui,Brandon Armstrong,Singer/Rapper,29,Eliminated Week 3,12,3.0,0.0,False,248.0,0.0,False,34_Lauren Jauregui
34,5,Lauren Jauregui,Brandon Armstrong,Singer/Rapper,29,Eliminated Week 3,12,3.0,0.0,False,313.0,0.0,False,34_Lauren Jauregui
34,6,Lauren Jauregui,Brandon Armstrong,Singer/Rapper,29,Eliminated Week 3,12,3.0,0.0,False,340.0,0.0,False,34_Lauren Jauregui
34,7,Lauren Jauregui,Brandon Armstrong,Singer/Rapper,29,Eliminated Week 3,12,3.0,0.0,False,332.0,0.0,False,34_Lauren Jauregui
34,8,Lauren Jauregui,Brandon Armstrong,Singer/Rapper,29,Eliminated Week 3,12,3.0,0.0,False,301.5,0.0,False,34_Lauren Jauregui
34,9,Lauren Jauregui,Brandon Armstrong,Singer/Rapper,29,Eliminated Week 3,12,3.0,0.0,False,270.0,0.0,False,34_Lauren Jauregui
34,10,Lauren Jauregui,Brandon Armstrong,Singer/Rapper,29,Eliminated Week 3,12,3.0,0.0,False,172.0,0.0,False,34_Lauren Jauregui
34,11,Lauren Jauregui,Brandon Armstrong,Singer/Rapper,29,Eliminated Week 3,12,3.0,0.0,False,147.6662,0.0,False,34_Lauren Jauregui
34,1,Scott Hoying,Rylee Arnold,Singer/Rapper,34,Eliminated Week 6,10,6.0,10.0,True,164.0,0.06097560975609756,False,34_Scott Hoying
34,2,Scott Hoying,Rylee Arnold,Singer/Rapper,34,Eliminated Week 6,10,6.0,18.0,True,278.0,0.06474820143884892,False,34_Scott Hoying
34,3,Scott Hoying,Rylee Arnold,Singer/Rapper,34,Eliminated Week 6,10,6.0,22.0,True,257.0,0.08560311284046693,False,34_Scott Hoying
34,4,Scott Hoying,Rylee Arnold,Singer/Rapper,34,Eliminated Week 6,10,6.0,21.0,True,248.0,0.0846774193548387,False,34_Scott Hoying
34,5,Scott Hoying,Rylee Arnold,Singer/Rapper,34,Eliminated Week 6,10,6.0,30.0,True,313.0,0.09584664536741214,False,34_Scott Hoying
34,6,Scott Hoying,Rylee Arnold,Singer/Rapper,34,Eliminated Week 6,10,6.0,28.0,True,340.0,0.08235294117647059,True,34_Scott Hoying
34,7,Scott Hoying,Rylee Arnold,Singer/Rapper,34,Eliminated Week 6,10,6.0,0.0,False,332.0,0.0,False,34_Scott Hoying
34,8,Scott Hoying,Rylee Arnold,Singer/Rapper,34,Eliminated Week 6,10,6.0,0.0,False,301.5,0.0,False,34_Scott Hoying
34,9,Scott Hoying,Rylee Arnold,Singer/Rapper,34,Eliminated Week 6,10,6.0,0.0,False,270.0,0.0,False,34_Scott Hoying
34,10,Scott Hoying,Rylee Arnold,Singer/Rapper,34,Eliminated Week 6,10,6.0,0.0,False,172.0,0.0,False,34_Scott Hoying
34,11,Scott Hoying,Rylee Arnold,Singer/Rapper,34,Eliminated Week 6,10,6.0,0.0,False,147.6662,0.0,False,34_Scott Hoying
34,1,Alix Earle,Val Chmerkovskiy (Joey Graziadei week 9),Social media personality,24,2nd Place,2,,13.0,True,164.0,0.07926829268292683,False,34_Alix Earle
34,2,Alix Earle,Val Chmerkovskiy (Joey Graziadei week 9),Social media personality,24,2nd Place,2,,21.0,True,278.0,0.07553956834532374,False,34_Alix Earle
34,3,Alix Earle,Val Chmerkovskiy (Joey Graziadei week 9),Social media personality,24,2nd Place,2,,23.0,True,257.0,0.08949416342412451,False,34_Alix Earle
34,4,Alix Earle,Val Chmerkovskiy (Joey Graziadei week 9),Social media personality,24,2nd Place,2,,24.0,True,248.0,0.0967741935483871,False,34_Alix Earle
34,5,Alix Earle,Val Chmerkovskiy (Joey Graziadei week 9),Social media personality,24,2nd Place,2,,35.0,True,313.0,0.11182108626198083,False,34_Alix Earle
34,6,Alix Earle,Val Chmerkovskiy (Joey Graziadei week 9),Social media personality,24,2nd Place,2,,35.0,True,340.0,0.10294117647058823,False,34_Alix Earle
34,7,Alix Earle,Val Chmerkovskiy (Joey Graziadei week 9),Social media personality,24,2nd Place,2,,43.0,True,332.0,0.12951807228915663,False,34_Alix Earle
34,8,Alix Earle,Val Chmerkovskiy (Joey Graziadei week 9),Social media personality,24,2nd Place,2,,38.5,True,301.5,0.12769485903814262,False,34_Alix Earle
34,9,Alix Earle,Val Chmerkovskiy (Joey Graziadei week 9),Social media personality,24,2nd Place,2,,40.0,True,270.0,0.14814814814814814,False,34_Alix Earle
34,10,Alix Earle,Val Chmerkovskiy (Joey Graziadei week 9),Social media personality,24,2nd Place,2,,29.0,True,172.0,0.1686046511627907,False,34_Alix Earle
34,11,Alix Earle,Val Chmerkovskiy (Joey Graziadei week 9),Social media personality,24,2nd Place,2,,30.0,True,147.6662,0.2031609129238783,False,34_Alix Earle
34,1,Jen Affleck,Jan Ravnik,TV Personality,26,Eliminated Week 7,9,7.0,12.0,True,164.0,0.07317073170731707,False,34_Jen Affleck
34,2,Jen Affleck,Jan Ravnik,TV Personality,26,Eliminated Week 7,9,7.0,22.0,True,278.0,0.07913669064748201,False,34_Jen Affleck
34,3,Jen Affleck,Jan Ravnik,TV Personality,26,Eliminated Week 7,9,7.0,19.0,True,257.0,0.07392996108949416,False,34_Jen Affleck
34,4,Jen Affleck,Jan Ravnik,TV Personality,26,Eliminated Week 7,9,7.0,23.0,True,248.0,0.09274193548387097,False,34_Jen Affleck
34,5,Jen Affleck,Jan Ravnik,TV Personality,26,Eliminated Week 7,9,7.0,29.0,True,313.0,0.0926517571884984,False,34_Jen Affleck
34,6,Jen Affleck,Jan Ravnik,TV Personality,26,Eliminated Week 7,9,7.0,32.0,True,340.0,0.09411764705882353,False,34_Jen Affleck
34,7,Jen Affleck,Jan Ravnik,TV Personality,26,Eliminated Week 7,9,7.0,34.0,True,332.0,0.10240963855421686,True,34_Jen Affleck
34,8,Jen Affleck,Jan Ravnik,TV Personality,26,Eliminated Week 7,9,7.0,0.0,False,301.5,0.0,False,34_Jen Affleck
34,9,Jen Affleck,Jan Ravnik,TV Personality,26,Eliminated Week 7,9,7.0,0.0,False,270.0,0.0,False,34_Jen Affleck
34,10,Jen Affleck,Jan Ravnik,TV Personality,26,Eliminated Week 7,9,7.0,0.0,False,172.0,0.0,False,34_Jen Affleck
34,11,Jen Affleck,Jan Ravnik,TV Personality,26,Eliminated Week 7,9,7.0,0.0,False,147.6662,0.0,False,34_Jen Affleck
34,1,Whitney Leavitt,Mark Ballas,TV Personality,32,Eliminated Week 10,6,10.0,15.0,True,164.0,0.09146341463414634,False,34_Whitney Leavitt
34,2,Whitney Leavitt,Mark Ballas,TV Personality,32,Eliminated Week 10,6,10.0,22.0,True,278.0,0.07913669064748201,False,34_Whitney Leavitt
34,3,Whitney Leavitt,Mark Ballas,TV Personality,32,Eliminated Week 10,6,10.0,24.0,True,257.0,0.0933852140077821,False,34_Whitney Leavitt
34,4,Whitney Leavitt,Mark Ballas,TV Personality,32,Eliminated Week 10,6,10.0,25.0,True,248.0,0.10080645161290322,False,34_Whitney Leavitt
34,5,Whitney Leavitt,Mark Ballas,TV Personality,32,Eliminated Week 10,6,10.0,33.0,True,313.0,0.10543130990415335,False,34_Whitney Leavitt
34,6,Whitney Leavitt,Mark Ballas,TV Personality,32,Eliminated Week 10,6,10.0,39.0,True,340.0,0.11470588235294117,False,34_Whitney Leavitt
34,7,Whitney Leavitt,Mark Ballas,TV Personality,32,Eliminated Week 10,6,10.0,42.0,True,332.0,0.12650602409638553,False,34_Whitney Leavitt
34,8,Whitney Leavitt,Mark Ballas,TV Personality,32,Eliminated Week 10,6,10.0,39.5,True,301.5,0.1310116086235489,False,34_Whitney Leavitt
34,9,Whitney Leavitt,Mark Ballas,TV Personality,32,Eliminated Week 10,6,10.0,42.0,True,270.0,0.15555555555555556,False,34_Whitney Leavitt
34,10,Whitney Leavitt,Mark Ballas,TV Personality,32,Eliminated Week 10,6,10.0,29.0,True,172.0,0.1686046511627907,True,34_Whitney Leavitt
34,11,Whitney Leavitt,Mark Ballas,TV Personality,32,Eliminated Week 10,6,10.0,0.0,False,147.6662,0.0,False,34_Whitney Leavitt
34,1,Dylan Efron,Daniella Karagach (Rumer Willis week 9),TV Personality,33,4th Place,4,,10.0,True,164.0,0.06097560975609756,False,34_Dylan Efron
34,2,Dylan Efron,Daniella Karagach (Rumer Willis week 9),TV Personality,33,4th Place,4,,20.0,True,278.0,0.07194244604316546,False,34_Dylan Efron
34,3,Dylan Efron,Daniella Karagach (Rumer Willis week 9),TV Personality,33,4th Place,4,,23.0,True,257.0,0.08949416342412451,False,34_Dylan Efron
34,4,Dylan Efron,Daniella Karagach (Rumer Willis week 9),TV Personality,33,4th Place,4,,23.0,True,248.0,0.09274193548387097,False,34_Dylan Efron
34,5,Dylan Efron,Daniella Karagach (Rumer Willis week 9),TV Personality,33,4th Place,4,,36.0,True,313.0,0.11501597444089456,False,34_Dylan Efron
34,6,Dylan Efron,Daniella Karagach (Rumer Willis week 9),TV Personality,33,4th Place,4,,32.0,True,340.0,0.09411764705882353,False,34_Dylan Efron
34,7,Dylan Efron,Daniella Karagach (Rumer Willis week 9),TV Personality,33,4th Place,4,,38.0,True,332.0,0.1144578313253012,False,34_Dylan Efron
34,8,Dylan Efron,Daniella Karagach (Rumer Willis week 9),TV Personality,33,4th Place,4,,38.0,True,301.5,0.12603648424543948,False,34_Dylan Efron
34,9,Dylan Efron,Daniella Karagach (Rumer Willis week 9),TV Personality,33,4th Place,4,,42.0,True,270.0,0.15555555555555556,False,34_Dylan Efron
34,10,Dylan Efron,Daniella Karagach (Rumer Willis week 9),TV Personality,33,4th Place,4,,27.5,True,172.0,0.15988372093023256,False,34_Dylan Efron
34,11,Dylan Efron,Daniella Karagach (Rumer Willis week 9),TV Personality,33,4th Place,4,,29.3332,True,147.6662,0.19864532303262358,False,34_Dylan Efron
