season,week,celebrity_name,ballroom_partner,results,placement,judge1_score,judge2_score,judge3_score,judge4_score,total_judge_score,judge_rank,judge_percent,active,true_elim_flag,exit_type,exit_week,data_anomaly_zero_score
1,1,John O'Hurley,Charlotte Jorgensen,2nd Place,2,7.0,7.0,6.0,,20.0,2.0,0.1834862385321101,True,0,finished,6.0,False
1,1,Kelly Monaco,Alec Mazo,1st Place,1,5.0,4.0,4.0,,13.0,6.0,0.11926605504587157,True,0,finished,6.0,False
1,1,Evander Holyfield,Edyta Sliwinska,Eliminated Week 3,5,5.0,7.0,6.0,,18.0,4.5,0.1651376146788991,True,0,eliminated,3.0,False
1,1,Rachel Hunter,Jonathan Roberts,Eliminated Week 4,4,7.0,6.0,7.0,,20.0,2.0,0.1834862385321101,True,0,eliminated,4.0,False
1,1,Joey McIntyre,Ashly DelGrosso,3rd Place,3,7.0,7.0,6.0,,20.0,2.0,0.1834862385321101,True,0,finished,5.0,False
1,1,Trista Sutter,Louis van Amstel,Eliminated Week 2,6,6.0,6.0,6.0,,18.0,4.5,0.1651376146788991,True,0,eliminated,2.0,False
2,1,Tatum O'Neal,Nick Kosovich,Eliminated Week 2,9,7.0,8.0,8.0,,23.0,2.5,0.11794871794871795,True,0,eliminated,2.0,False
2,1,Tia Carrere,Maksim Chmerkoskiy,Eliminated Week 5,6,6.0,7.0,7.0,,20.0,6.0,0.10256410256410256,True,0,eliminated,5.0,False
2,1,George Hamilton,Edyta Sliwinska,Eliminated Week 6,5,7.0,5.0,6.0,,18.0,8.0,0.09230769230769231,True,0,eliminated,6.0,False
2,1,Lisa Rinna,Louis van Amstel,Eliminated Week 7,4,5.0,7.0,7.0,,19.0,7.0,0.09743589743589744,True,0,eliminated,7.0,False
2,1,Stacy Keibler,Tony Dovolani,3rd Place,3,8.0,6.0,8.0,,22.0,4.0,0.11282051282051282,True,0,finished,8.0,False
2,1,Jerry Rice,Anna Trebunskaya,2nd Place,2,7.0,7.0,7.0,,21.0,5.0,0.1076923076923077,True,0,finished,8.0,False
2,1,Giselle Fernandez,Jonathan Roberts,Eliminated Week 3,8,7.0,8.0,8.0,,23.0,2.5,0.11794871794871795,True,0,eliminated,3.0,False
2,1,Master P,Ashly DelGrosso,Eliminated Week 4,7,4.0,4.0,4.0,,12.0,10.0,0.06153846153846154,True,0,eliminated,4.0,False
2,1,Drew Lachey,Cheryl Burke,1st Place,1,8.0,8.0,8.0,,24.0,1.0,0.12307692307692308,True,0,finished,8.0,False
2,1,Kenny Mayne,Andrea Hale,Eliminated Week 1,10,4.0,5.0,4.0,,13.0,9.0,0.06666666666666667,True,1,eliminated,1.0,False
3,1,Harry Hamlin,Ashly DelGrosso,Eliminated Week 3,9,5.0,6.0,6.0,,17.0,8.0,0.08018867924528301,True,0,eliminated,3.0,False
3,1,Vivica A. Fox,Nick Kosovich,Eliminated Week 4,8,6.0,8.0,8.0,,22.0,3.5,0.10377358490566038,True,0,eliminated,4.0,False
3,1,Monique Coleman,Louis van Amstel,Eliminated Week 8,4,6.0,6.0,7.0,,19.0,6.0,0.08962264150943396,True,0,eliminated,8.0,False
3,1,Joey Lawrence,Edyta Sliwinska,3rd Place,3,7.0,7.0,7.0,,21.0,5.0,0.09905660377358491,True,0,finished,9.0,False
3,1,Mario Lopez,Karina Smirnoff,2nd Place,2,9.0,8.0,9.0,,26.0,1.0,0.12264150943396226,True,0,finished,10.0,False
3,1,Emmitt Smith,Cheryl Burke,1st Place,1,8.0,8.0,8.0,,24.0,2.0,0.11320754716981132,True,0,finished,10.0,False
3,1,Shanna Moakler,Jesse DeSoto,Eliminated Week 2,10,7.0,5.0,6.0,,18.0,7.0,0.08490566037735849,True,0,eliminated,2.0,False
3,1,Willa Ford,Maksim Chmerkoskiy,Eliminated Week 5,7,7.0,7.0,8.0,,22.0,3.5,0.10377358490566038,True,0,eliminated,5.0,False
3,1,Sara Evans,Tony Dovolani,Withdrew,6,5.0,5.0,5.0,,15.0,10.0,0.07075471698113207,True,0,withdrew,5.0,False
3,1,Jerry Springer,Kym Johnson,Eliminated Week 7,5,5.0,5.0,6.0,,16.0,9.0,0.07547169811320754,True,0,eliminated,7.0,False
3,1,Tucker Carlson,Elena Grinenko,Eliminated Week 1,11,5.0,4.0,3.0,,12.0,11.0,0.05660377358490566,True,1,eliminated,1.0,False
4,1,John Ratzenberger,Edyta Sliwinska,Eliminated Week 7,6,6.0,5.0,6.0,,17.0,8.0,0.0825242718446602,True,0,eliminated,7.0,False
4,1,Ian Ziering,Cheryl Burke,Eliminated Week 9,4,7.0,7.0,7.0,,21.0,3.5,0.10194174757281553,True,0,eliminated,9.0,False
4,1,Clyde Drexler,Elena Grinenko,Eliminated Week 5,8,6.0,5.0,5.0,,16.0,9.0,0.07766990291262135,True,0,eliminated,5.0,False
4,1,Laila Ali,Maksim Chmerkoskiy,3rd Place,3,7.0,8.0,8.0,,23.0,2.0,0.11165048543689321,True,0,finished,10.0,False
4,1,Apolo Anton Ohno,Julianne Hough,1st Place,1,7.0,7.0,7.0,,21.0,3.5,0.10194174757281553,True,0,finished,10.0,False
4,1,Shandi Finnessey,Brian Fortuna,Eliminated Week 3,10,6.0,6.0,7.0,,19.0,5.5,0.09223300970873786,True,0,eliminated,3.0,False
4,1,Paulina Porizkova,Alec Mazo,Eliminated Week 2,11,6.0,6.0,7.0,,19.0,5.5,0.09223300970873786,True,0,eliminated,2.0,False
4,1,Heather Mills,Jonathan Roberts,Eliminated Week 6,7,6.0,6.0,6.0,,18.0,7.0,0.08737864077669903,True,0,eliminated,6.0,False
4,1,Billy Ray Cyrus,Karina Smirnoff,Eliminated Week 8,5,5.0,4.0,4.0,,13.0,11.0,0.06310679611650485,True,0,eliminated,8.0,False
4,1,Joey Fatone,Kym Johnson,2nd Place,2,8.0,8.0,8.0,,24.0,1.0,0.11650485436893204,True,0,finished,10.0,False
4,1,Leeza Gibbons,Tony Dovolani,Eliminated Week 4,9,5.0,5.0,5.0,,15.0,10.0,0.07281553398058252,True,0,eliminated,4.0,False
5,1,Cameron Mathison,Edyta Sliwinska,Eliminated Week 8,5,7.0,7.0,7.0,,21.0,7.0,0.08171206225680934,True,0,eliminated,8.0,False
5,1,Jane Seymour,Tony Dovolani,Eliminated Week 7,6,8.0,8.0,8.0,,24.0,3.5,0.0933852140077821,True,0,eliminated,7.0,False
5,1,Sabrina Bryan,Mark Ballas,Eliminated Week 6,7,9.0,8.0,9.0,,26.0,1.0,0.10116731517509728,True,0,eliminated,6.0,False
5,1,Jennie Garth,Derek Hough,Eliminated Week 9,4,7.0,7.0,7.0,,21.0,7.0,0.08171206225680934,True,0,eliminated,9.0,False
5,1,Floyd Mayweather Jr. ,Karina Smirnoff,Eliminated Week 4,9,6.0,6.0,6.0,,18.0,11.0,0.07003891050583658,True,0,eliminated,4.0,False
5,1,Josie Maran,Alec Mazo,Eliminated Week 1,12,6.0,5.0,5.0,,16.0,12.0,0.0622568093385214,True,1,eliminated,1.0,False
5,1,Albert Reed,Anna Trebunskaya,Eliminated Week 2,11,7.0,7.0,7.0,,21.0,7.0,0.08171206225680934,True,0,eliminated,2.0,False
5,1,Helio Castroneves,Julianne Hough,1st Place,1,8.0,9.0,8.0,,25.0,2.0,0.09727626459143969,True,0,finished,10.0,False
5,1,Mel B,Maksim Chmerkoskiy,2nd Place,2,8.0,8.0,8.0,,24.0,3.5,0.0933852140077821,True,0,finished,10.0,False
5,1,Wayne Newton,Cheryl Burke,Eliminated Week 3,10,6.0,7.0,6.0,,19.0,10.0,0.07392996108949416,True,0,eliminated,3.0,False
5,1,Marie Osmond,Jonathan Roberts,3rd Place,3,7.0,7.0,7.0,,21.0,7.0,0.08171206225680934,True,0,finished,10.0,False
5,1,Mark Cuban,Kym Johnson,Eliminated Week 5,8,7.0,7.0,7.0,,21.0,7.0,0.08171206225680934,True,0,eliminated,5.0,False
6,1,Cristian de la Fuente,Cheryl Burke,3rd Place,3,7.0,7.0,7.0,,21.0,6.5,0.08641975308641975,True,0,finished,10.0,False
6,1,Steve Guttenberg,Anna Trebunskaya,Eliminated Week 3,10,6.0,6.0,6.0,,18.0,8.5,0.07407407407407407,True,0,eliminated,3.0,False
6,1,Priscilla Presley,Louis van Amstel,Eliminated Week 5,8,8.0,8.0,8.0,,24.0,2.5,0.09876543209876543,True,0,eliminated,5.0,False
6,1,Marlee Matlin,Fabian Sanchez,Eliminated Week 6,7,7.0,7.0,8.0,,22.0,4.5,0.09053497942386832,True,0,eliminated,6.0,False
6,1,Shannon Elizabeth,Derek Hough,Eliminated Week 7,6,7.0,7.0,7.0,,21.0,6.5,0.08641975308641975,True,0,eliminated,7.0,False
6,1,Marissa Jaret Winokur,Tony Dovolani,Eliminated Week 9,4,6.0,6.0,6.0,,18.0,8.5,0.07407407407407407,True,0,eliminated,9.0,False
6,1,Jason Taylor,Edyta Sliwinska,2nd Place,2,7.0,8.0,7.0,,22.0,4.5,0.09053497942386832,True,0,finished,10.0,False
6,1,Kristi Yamaguchi,Mark Ballas,1st Place,1,9.0,9.0,9.0,,27.0,1.0,0.1111111111111111,True,0,finished,10.0,False
6,1,Monica Seles,Jonathan Roberts,Eliminated Week 2,11,5.0,5.0,5.0,,15.0,11.5,0.06172839506172839,True,0,eliminated,2.0,False
6,1,Penn Jillette,Kym Johnson,Eliminated Week 2,12,5.0,6.0,5.0,,16.0,10.0,0.06584362139917696,True,0,eliminated,2.0,False
6,1,Adam Carolla,Julianne Hough,Eliminated Week 4,9,5.0,5.0,5.0,,15.0,11.5,0.06172839506172839,True,0,eliminated,4.0,False
6,1,Mario,Karina Smirnoff,Eliminated Week 8,5,8.0,8.0,8.0,,24.0,2.5,0.09876543209876543,True,0,eliminated,8.0,False
7,1,Ted McGinley,Inna Brayer,Eliminated Week 1,12,6.0,6.0,6.5,,18.5,9.0,0.07341269841269842,True,1,eliminated,1.0,False
7,1,Cloris Leachman,Corky Ballas,Eliminated Week 6,7,6.0,5.0,5.0,,16.0,12.0,0.06349206349206349,True,0,eliminated,6.0,False
7,1,Susan Lucci,Tony Dovolani,Eliminated Week 7,6,6.0,6.0,6.5,,18.5,9.0,0.07341269841269842,True,0,eliminated,7.0,False
7,1,Cody Linley,Julianne Hough,Eliminated Week 9,4,7.0,6.5,7.0,,20.5,6.0,0.08134920634920635,True,0,eliminated,9.0,False
7,1,Misty May-Treanor,Maksim Chmerkoskiy,Withdrew,10,6.5,7.5,7.0,,21.0,5.0,0.08333333333333333,True,0,withdrew,2.0,False
7,1,Maurice Greene,Cheryl Burke,Eliminated Week 8,5,6.5,6.5,6.5,,19.5,7.0,0.07738095238095238,True,0,eliminated,8.0,False
7,1,Warren Sapp,Kym Johnson,2nd Place,2,7.0,7.0,7.5,,21.5,3.5,0.08531746031746032,True,0,finished,10.0,False
7,1,Jeffrey Ross,Edyta Sliwinska,Eliminated Week 1,13,4.0,4.0,4.0,,12.0,13.0,0.047619047619047616,True,1,eliminated,1.0,False
7,1,Toni Braxton,Alec Mazo,Eliminated Week 5,8,7.5,7.0,8.0,,22.5,2.0,0.08928571428571429,True,0,eliminated,5.0,False
7,1,Lance Bass,Lacey Schwimmer,3rd Place,3,7.5,6.0,8.0,,21.5,3.5,0.08531746031746032,True,0,finished,10.0,False
7,1,Kim Kardashian,Mark Ballas,Eliminated Week 2,11,6.0,6.5,6.0,,18.5,9.0,0.07341269841269842,True,0,eliminated,2.0,False
7,1,Rocco DiSpirito,Karina Smirnoff,Eliminated Week 4,9,6.0,5.5,6.0,,17.5,11.0,0.06944444444444445,True,0,eliminated,4.0,False
7,1,Brooke Burke,Derek Hough,1st Place,1,8.0,8.0,8.5,,24.5,1.0,0.09722222222222222,True,0,finished,10.0,False
8,1,Gilles Marini,Cheryl Burke,2nd Place,2,8.0,8.0,8.0,,24.0,1.0,0.09876543209876543,True,0,finished,11.0,False
8,1,Denise Richards,Maksim Chmerkoskiy,Eliminated Week 3,12,6.0,6.0,6.0,,18.0,7.5,0.07407407407407407,True,0,eliminated,3.0,False
8,1,David Alan Grier,Kym Johnson,Eliminated Week 5,9,6.0,7.0,6.0,,19.0,6.0,0.07818930041152264,True,0,eliminated,5.0,False
8,1,Lawrence Taylor,Edyta Sliwinska,Eliminated Week 7,7,6.0,5.0,5.0,,16.0,11.0,0.06584362139917696,True,0,eliminated,7.0,False
8,1,Ty Murray,Chelsie Hightower,Eliminated Week 10,4,5.0,4.0,5.0,,14.0,12.0,0.05761316872427984,True,0,eliminated,10.0,False
8,1,Shawn Johnson,Mark Ballas,1st Place,1,8.0,8.0,7.0,,23.0,2.5,0.09465020576131687,True,0,finished,11.0,False
8,1,Steve Wozniak,Karina Smirnoff,Eliminated Week 4,10,5.0,4.0,4.0,,13.0,13.0,0.053497942386831275,True,0,eliminated,4.0,False
8,1,Belinda Carlisle,Jonathan Roberts,Eliminated Week 2,13,6.0,6.0,5.0,,17.0,9.5,0.06995884773662552,True,0,eliminated,2.0,False
8,1,Chuck Wicks,Julianne Hough,Eliminated Week 8,6,6.0,7.0,7.0,,20.0,5.0,0.0823045267489712,True,0,eliminated,8.0,False
8,1,Lil' Kim,Derek Hough,Eliminated Week 9,5,7.0,7.0,7.0,,21.0,4.0,0.08641975308641975,True,0,eliminated,9.0,False
8,1,Steve-O,Lacey Schwimmer,Eliminated Week 6,8,6.0,5.0,6.0,,17.0,9.5,0.06995884773662552,True,0,eliminated,6.0,False
8,1,Holly Madison,Dmitry Chaplin,Eliminated Week 4,11,6.0,6.0,6.0,,18.0,7.5,0.07407407407407407,True,0,eliminated,4.0,False
8,1,Melissa Rycroft,Tony Dovolani,3rd Place,3,8.0,7.0,8.0,,23.0,2.5,0.09465020576131687,True,0,finished,11.0,False
9,1,Ashley Hamiliton,Edyta Sliwinska,Eliminated Week 1,16,6.3333,7.3333,5.3333,,18.9999,15.5,0.046797967676719905,True,1,eliminated,1.0,False
9,1,Debi Mazar,Maksim Chmerkoskiy,Eliminated Week 3,12,8.0,7.0,7.0,,22.0,10.5,0.05418740566465287,True,0,eliminated,3.0,False
9,1,Melissa Joan Hart,Mark Ballas,Eliminated Week 6,9,8.0,8.0,8.0,,24.0,9.0,0.05911353345234858,True,0,eliminated,6.0,False
9,1,Mark Dacascos,Lacey Schwimmer,Eliminated Week 7,6,9.6666,9.6666,9.6666,,28.9998,6.0,0.0714283603088091,True,0,eliminated,7.0,False
9,1,Chuck Liddell,Anna Trebunskaya,Eliminated Week 4,11,8.0,7.0,7.0,,22.0,10.5,0.05418740566465287,True,0,eliminated,4.0,False
9,1,Natalie Coughlin,Alec Mazo,Eliminated Week 5,10,9.6666,8.6666,8.6666,,26.9998,7.5,0.06650223252111338,True,0,eliminated,5.0,False
9,1,Louie Vito,Chelsie Hightower,Eliminated Week 6,8,8.6666,9.6666,8.6666,,26.9998,7.5,0.06650223252111338,True,0,eliminated,6.0,False
9,1,Michael Irvin,Anna Demidova,Eliminated Week 7,7,7.0,6.0,6.0,,19.0,14.0,0.046798213983109294,True,0,eliminated,7.0,False
9,1,Joanna Krupa,Derek Hough,Eliminated Week 9,4,11.3333,11.3333,11.3333,,33.9999,1.0,0.08374392608443776,True,0,eliminated,9.0,False
9,1,Kathy Ireland,Tony Dovolani,Eliminated Week 2,14,7.3333,6.3333,6.3333,,19.9999,12.5,0.04926103157056776,True,0,eliminated,2.0,False
9,1,Tom DeLay,Cheryl Burke,Withdrew,13,7.3333,6.3333,6.3333,,19.9999,12.5,0.04926103157056776,True,0,withdrew,3.0,False
9,1,Macy Gray,Jonathan Roberts,Eliminated Week 1,15,7.3333,5.3333,6.3333,,18.9999,15.5,0.046797967676719905,True,1,eliminated,1.0,False
9,1,Aaron Carter,Karina Smirnoff,Eliminated Week 8,5,10.3333,11.3333,10.3333,,31.999899999999997,2.0,0.07881779829674204,True,0,eliminated,8.0,False
9,1,Mya,Dmitry Chaplin,2nd Place,2,11.3333,8.3333,11.3333,,30.999899999999997,3.0,0.07635473440289418,True,0,finished,10.0,False
9,1,Donny Osmond,Kym Johnson,1st Place,1,10.3333,9.3333,10.3333,,29.999899999999997,5.0,0.07389167050904633,True,0,finished,10.0,False
9,1,Kelly Osbourne,Louis van Amstel,3rd Place,3,9.6666,10.6666,10.6666,,30.9998,4.0,0.07635448809650482,True,0,finished,10.0,False
10,1,Aiden Turner,Edyta Sliwinska,Eliminated Week 4,9,5.0,5.0,5.0,,15.0,10.0,0.07177033492822966,True,0,eliminated,4.0,False
10,1,Shannen Doherty,Mark Ballas,Eliminated Week 2,11,6.0,6.0,6.0,,18.0,7.0,0.0861244019138756,True,0,eliminated,2.0,False
10,1,Niecy Nash,Louis van Amstel,Eliminated Week 8,5,7.0,5.0,6.0,,18.0,7.0,0.0861244019138756,True,0,eliminated,8.0,False
10,1,Buzz Aldrin,Ashly DelGrosso,Eliminated Week 3,10,5.0,4.0,5.0,,14.0,11.0,0.06698564593301436,True,0,eliminated,3.0,False
10,1,Chad Ochocinco,Cheryl Burke,Eliminated Week 9,4,6.0,6.0,6.0,,18.0,7.0,0.0861244019138756,True,0,eliminated,9.0,False
10,1,Evan Lysacek,Anna Trebunskaya,2nd Place,2,8.0,7.0,8.0,,23.0,2.0,0.11004784688995216,True,0,finished,10.0,False
10,1,Pamela Anderson,Damian Whitewood,Eliminated Week 7,6,7.0,6.0,8.0,,21.0,3.5,0.10047846889952153,True,0,eliminated,7.0,False
10,1,Nicole Scherzinger,Derek Hough,1st Place,1,9.0,7.0,9.0,,25.0,1.0,0.11961722488038277,True,0,finished,10.0,False
10,1,Erin Andrews,Maksim Chmerkoskiy,3rd Place,3,7.0,7.0,7.0,,21.0,3.5,0.10047846889952153,True,0,finished,10.0,False
10,1,Kate Gosselin,Tony Dovolani,Eliminated Week 5,8,6.0,5.0,5.0,,16.0,9.0,0.07655502392344497,True,0,eliminated,5.0,False
10,1,Jake Pavelka,Chelsie Hightower,Eliminated Week 6,7,7.0,6.0,7.0,,20.0,5.0,0.09569377990430622,True,0,eliminated,6.0,False
11,1,David Hasselhoff,Kym Johnson,Eliminated Week 1,12,5.0,5.0,5.0,,15.0,11.0,0.06607929515418502,True,1,eliminated,1.0,False
11,1,Florence Henderson,Corky Ballas,Eliminated Week 5,8,6.0,6.0,6.0,,18.0,7.5,0.07929515418502203,True,0,eliminated,5.0,False
11,1,Kyle Massey,Lacey Schwimmer,2nd Place,2,8.0,7.0,8.0,,23.0,2.5,0.1013215859030837,True,0,finished,10.0,False
11,1,Jennifer Grey,Derek Hough,1st Place,1,8.0,8.0,8.0,,24.0,1.0,0.10572687224669604,True,0,finished,10.0,False
11,1,Rick Fox,Cheryl Burke,Eliminated Week 7,6,8.0,7.0,7.0,,22.0,4.0,0.09691629955947137,True,0,eliminated,7.0,False
11,1,Kurt Warner,Anna Trebunskaya,Eliminated Week 8,5,7.0,5.0,7.0,,19.0,5.5,0.08370044052863436,True,0,eliminated,8.0,False
11,1,Margaret Cho,Louis van Amstel,Eliminated Week 3,10,5.0,5.0,5.0,,15.0,11.0,0.06607929515418502,True,0,eliminated,3.0,False
11,1,Michael Bolton,Chelsie Hightower,Eliminated Week 2,11,6.0,5.0,5.0,,16.0,9.0,0.07048458149779736,True,0,eliminated,2.0,False
11,1,Brandy,Maksim Chmerkoskiy,Eliminated Week 9,4,7.0,8.0,8.0,,23.0,2.5,0.1013215859030837,True,0,eliminated,9.0,False
11,1,The Situation,Karina Smirnoff,Eliminated Week 4,9,5.0,5.0,5.0,,15.0,11.0,0.06607929515418502,True,0,eliminated,4.0,False
11,1,Audrina Patridge,Tony Dovolani,Eliminated Week 6,7,6.0,7.0,6.0,,19.0,5.5,0.08370044052863436,True,0,eliminated,6.0,False
11,1,Bristol Palin,Mark Ballas,3rd Place,3,6.0,6.0,6.0,,18.0,7.5,0.07929515418502203,True,0,finished,10.0,False
12,1,Ralph Macchio,Karina Smirnoff,Eliminated Week 9,4,8.0,8.0,8.0,,24.0,1.0,0.11594202898550725,True,0,eliminated,9.0,False
12,1,Chelsea Kane,Mark Ballas,3rd Place,3,7.0,7.0,7.0,,21.0,3.5,0.10144927536231885,True,0,finished,10.0,False
12,1,Kirstie Alley,Maksim Chmerkoskiy,2nd Place,2,8.0,7.0,8.0,,23.0,2.0,0.1111111111111111,True,0,finished,10.0,False
12,1,Hines Ward,Kym Johnson,1st Place,1,7.0,7.0,7.0,,21.0,3.5,0.10144927536231885,True,0,finished,10.0,False
12,1,Sugar Ray Leonard,Anna Trebunskaya,Eliminated Week 4,9,6.0,5.0,6.0,,17.0,9.0,0.0821256038647343,True,0,eliminated,4.0,False
12,1,Chris Jericho,Cheryl Burke,Eliminated Week 6,7,7.0,6.0,6.0,,19.0,5.5,0.09178743961352658,True,0,eliminated,6.0,False
12,1,Petra Nemcova,Dmitry Chaplin,Eliminated Week 5,8,6.0,6.0,6.0,,18.0,7.5,0.08695652173913043,True,0,eliminated,5.0,False
12,1,Mike Catherwood,Lacey Schwimmer,Eliminated Week 2,11,5.0,4.0,4.0,,13.0,11.0,0.06280193236714976,True,0,eliminated,2.0,False
12,1,Romeo,Chelsie Hightower,Eliminated Week 8,5,7.0,6.0,6.0,,19.0,5.5,0.09178743961352658,True,0,eliminated,8.0,False
12,1,Wendy Williams,Tony Dovolani,Eliminated Week 3,10,5.0,4.0,5.0,,14.0,10.0,0.06763285024154589,True,0,eliminated,3.0,False
12,1,Kendra Wilkinson,Louis van Amstel,Eliminated Week 7,6,6.0,6.0,6.0,,18.0,7.5,0.08695652173913043,True,0,eliminated,7.0,False
13,1,Elisabetta Canalis,Valentin Chmerkovskiy,Eliminated Week 2,11,5.0,5.0,5.0,,15.0,11.0,0.06912442396313365,True,0,eliminated,2.0,False
13,1,David Arquette,Kym Johnson,Eliminated Week 7,6,6.0,6.0,6.0,,18.0,6.0,0.08294930875576037,True,0,eliminated,7.0,False
13,1,Ricki Lake,Derek Hough,3rd Place,3,7.0,6.0,7.0,,20.0,4.0,0.09216589861751152,True,0,finished,10.0,False
13,1,J.R. Martinez,Karina Smirnoff,1st Place,1,8.0,7.0,7.0,,22.0,1.5,0.10138248847926268,True,0,finished,10.0,False
13,1,Metta World Peace (Ron),Peta Murgatroyd,Eliminated Week 1,12,5.0,4.0,5.0,,14.0,12.0,0.06451612903225806,True,1,eliminated,1.0,False
13,1,Hope Solo,Maksim Chmerkoskiy,Eliminated Week 9,4,7.0,7.0,7.0,,21.0,3.0,0.0967741935483871,True,0,eliminated,9.0,False
13,1,Chynna Phillips,Tony Dovolani,Eliminated Week 4,9,8.0,7.0,7.0,,22.0,1.5,0.10138248847926268,True,0,eliminated,4.0,False
13,1,Kristin Cavallari,Mark Ballas,Eliminated Week 3,10,7.0,6.0,6.0,,19.0,5.0,0.08755760368663594,True,0,eliminated,3.0,False
13,1,Carson Kressley,Anna Trebunskaya,Eliminated Week 5,8,6.0,5.0,6.0,,17.0,7.5,0.07834101382488479,True,0,eliminated,5.0,False
13,1,Chaz Bono,Lacey Schwimmer,Eliminated Week 6,7,6.0,5.0,6.0,,17.0,7.5,0.07834101382488479,True,0,eliminated,6.0,False
13,1,Nancy Grace,Tristan MacManus,Eliminated Week 8,5,5.0,5.0,6.0,,16.0,9.5,0.07373271889400922,True,0,eliminated,8.0,False
13,1,Rob Kardashian,Cheryl Burke,2nd Place,2,6.0,5.0,5.0,,16.0,9.5,0.07373271889400922,True,0,finished,10.0,False
14,1,William Levy,Cheryl Burke,3rd Place,3,8.0,8.0,8.0,,24.0,3.0,0.08888888888888889,True,0,finished,10.0,False
14,1,Jack Wagner,Anna Trebunskaya,Eliminated Week 3,11,8.0,7.0,8.0,,23.0,5.5,0.08518518518518518,True,0,eliminated,3.0,False
14,1,Sherri Sheperd,Valentin Chmerkovskiy,Eliminated Week 4,10,8.0,7.0,8.0,,23.0,5.5,0.08518518518518518,True,0,eliminated,4.0,False
14,1,Jaleel White,Kym Johnson,Eliminated Week 7,7,9.0,8.0,9.0,,26.0,1.5,0.0962962962962963,True,0,eliminated,7.0,False
14,1,Roshon Fegan,Chelsie Hightower,Eliminated Week 8,6,8.0,7.0,8.0,,23.0,5.5,0.08518518518518518,True,0,eliminated,8.0,False
14,1,Melissa Gilbert,Maksim Chmerkoskiy,Eliminated Week 8,5,7.0,6.0,7.0,,20.0,11.0,0.07407407407407407,True,0,eliminated,8.0,False
14,1,Martina Navratilova,Tony Dovolani,Eliminated Week 2,12,7.0,6.0,7.0,,20.0,11.0,0.07407407407407407,True,0,eliminated,2.0,False
14,1,Donald Driver,Peta Murgatroyd,1st Place,1,7.0,7.0,7.0,,21.0,8.5,0.07777777777777778,True,0,finished,10.0,False
14,1,Gavin DeGraw,Karina Smirnoff,Eliminated Week 5,9,7.0,6.0,7.0,,20.0,11.0,0.07407407407407407,True,0,eliminated,5.0,False
14,1,Gladys Knight,Tristan MacManus,Eliminated Week 6,8,8.0,7.0,8.0,,23.0,5.5,0.08518518518518518,True,0,eliminated,6.0,False
14,1,Katherine Jenkins,Mark Ballas,2nd Place,2,9.0,8.0,9.0,,26.0,1.5,0.0962962962962963,True,0,finished,10.0,False
14,1,Maria Menounos,Derek Hough,Eliminated Week 9,4,7.0,7.0,7.0,,21.0,8.5,0.07777777777777778,True,0,eliminated,9.0,False
15,1,Gilles Marini,Peta Murgatroyd,Eliminated Week 8,6,8.0,8.0,8.0,,24.0,2.0,0.0867992766726944,True,0,eliminated,8.0,False
15,1,Sabrina Bryan,Louis van Amstel,Eliminated Week 6,8,7.5,7.5,7.5,,22.5,3.0,0.081374321880651,True,0,eliminated,6.0,False
15,1,Kirstie Alley,Maksim Chmerkoskiy,Eliminated Week 8,7,6.5,6.0,6.5,,19.0,12.0,0.06871609403254973,True,0,eliminated,8.0,False
15,1,Kelly Monaco,Valentin Chmerkovskiy,3rd Place,3,7.0,7.0,7.5,,21.5,7.0,0.07775768535262206,True,0,finished,10.0,False
15,1,Apolo Anton Ohno,Karina Smirnoff,Eliminated Week 9,5,7.5,7.0,7.5,,22.0,4.5,0.07956600361663653,True,0,eliminated,9.0,False
15,1,Emmitt Smith,Cheryl Burke,Eliminated Week 9,4,8.0,8.5,8.0,,24.5,1.0,0.08860759493670886,True,0,eliminated,9.0,False
15,1,Shawn Johnson,Derek Hough,2nd Place,2,8.0,6.5,7.5,,22.0,4.5,0.07956600361663653,True,0,finished,10.0,False
15,1,Pamela Anderson,Tristan MacManus,Eliminated Week 1,13,5.5,5.5,6.0,,17.0,13.0,0.06148282097649186,True,1,eliminated,1.0,False
15,1,Helio Castroneves,Chelsie Hightower,Eliminated Week 3,10,7.0,7.5,7.0,,21.5,7.0,0.07775768535262206,True,0,eliminated,3.0,False
15,1,Joey Fatone,Kym Johnson,Eliminated Week 2,12,6.5,7.0,7.0,,20.5,10.0,0.07414104882459313,True,0,eliminated,2.0,False
15,1,Drew Lachey,Anna Trebunskaya,Eliminated Week 3,11,7.0,7.0,7.5,,21.5,7.0,0.07775768535262206,True,0,eliminated,3.0,False
15,1,Bristol Palin,Mark Ballas,Eliminated Week 4,9,6.5,6.5,6.5,,19.5,11.0,0.0705244122965642,True,0,eliminated,4.0,False
15,1,Melissa Rycroft,Tony Dovolani,1st Place,1,7.0,7.0,7.0,,21.0,9.0,0.0759493670886076,True,0,finished,10.0,False
16,1,Ingo Rademacher,Kym Johnson,Eliminated Week 9,5,7.0,6.0,7.0,,20.0,5.5,0.08733624454148471,True,0,eliminated,9.0,False
16,1,Zendaya,Valentin Chmerkovskiy,2nd Place,2,8.0,8.0,8.0,,24.0,1.0,0.10480349344978165,True,0,finished,10.0,False
16,1,Dorothy Hamill,Tristan MacManus,Withdrew,12,7.0,7.0,7.0,,21.0,3.0,0.09170305676855896,True,0,withdrew,2.0,False
16,1,Victor Ortiz,Lindsay Arnold,Eliminated Week 6,8,6.0,6.0,6.0,,18.0,9.0,0.07860262008733625,True,0,eliminated,6.0,False
16,1,Alexandra Raisman,Mark Ballas,Eliminated Week 10,4,7.0,7.0,7.0,,21.0,3.0,0.09170305676855896,True,0,eliminated,10.0,False
16,1,Jacoby Jones,Karina Smirnoff,3rd Place,3,7.0,6.0,7.0,,20.0,5.5,0.08733624454148471,True,0,finished,10.0,False
16,1,D. L. Hughley,Cheryl Burke,Eliminated Week 5,9,4.0,4.0,4.0,,12.0,12.0,0.05240174672489083,True,0,eliminated,5.0,False
16,1,Andy Dick,Sharna Burgess,Eliminated Week 7,7,6.0,5.0,6.0,,17.0,11.0,0.07423580786026202,True,0,eliminated,7.0,False
16,1,Wynonna Judd,Tony Dovolani,Eliminated Week 3,11,6.0,6.0,6.0,,18.0,9.0,0.07860262008733625,True,0,eliminated,3.0,False
16,1,Kellie Pickler,Derek Hough,1st Place,1,7.0,7.0,7.0,,21.0,3.0,0.09170305676855896,True,0,finished,10.0,False
16,1,Lisa Vanderpump,Gleb Savchenko,Eliminated Week 4,10,6.0,6.0,6.0,,18.0,9.0,0.07860262008733625,True,0,eliminated,4.0,False
16,1,Sean Lowe,Peta Murgatroyd,Eliminated Week 8,6,7.0,6.0,6.0,,19.0,7.0,0.08296943231441048,True,0,eliminated,8.0,False
17,1,Valerie Harper,Tristan MacManus,Eliminated Week 4,10,7.0,7.0,7.0,,21.0,8.5,0.08203125,True,0,eliminated,4.0,False
17,1,Brant Daugherty,Peta Murgatroyd,Eliminated Week 8,7,7.0,8.0,7.0,,22.0,6.5,0.0859375,True,0,eliminated,8.0,False
17,1,Elizabeth Berkley Lauren,Valentin Chmerkovskiy,Eliminated Week 9,6,8.0,8.0,8.0,,24.0,2.5,0.09375,True,0,eliminated,9.0,False
17,1,Leah Remini,Tony Dovolani,Eliminated Week 10,5,7.0,7.0,7.0,,21.0,8.5,0.08203125,True,0,eliminated,10.0,False
17,1,Corbin Bleu,Karina Smirnoff,2nd Place,2,8.0,8.0,8.0,,24.0,2.5,0.09375,True,0,finished,11.0,False
17,1,Amber Riley,Derek Hough,1st Place,1,9.0,9.0,9.0,,27.0,1.0,0.10546875,True,0,finished,11.0,False
17,1,Keyshawn Johnson,Sharna Burgess,Eliminated Week 2,12,6.0,5.0,6.0,,17.0,11.0,0.06640625,True,0,eliminated,2.0,False
17,1,Bill Engvall,Emma Slater,Eliminated Week 11,4,6.0,6.0,6.0,,18.0,10.0,0.0703125,True,0,eliminated,11.0,False
17,1,Christina Milian,Mark Ballas,Eliminated Week 5,9,7.0,7.0,8.0,,22.0,6.5,0.0859375,True,0,eliminated,5.0,False
17,1,"Nicole ""Snooki"" Polizzi",Sasha Farber,Eliminated Week 7,8,8.0,8.0,7.0,,23.0,4.5,0.08984375,True,0,eliminated,7.0,False
17,1,Jack Osbourne,Cheryl Burke,3rd Place,3,8.0,8.0,7.0,,23.0,4.5,0.08984375,True,0,finished,11.0,False
17,1,Bill Nye,Tyne Stecklein,Eliminated Week 3,11,5.0,4.0,5.0,,14.0,12.0,0.0546875,True,0,eliminated,3.0,False
18,1,Billy Dee Williams,Emma Slater,Withdrew,10,5.0,5.0,5.0,,15.0,12.0,0.05725190839694656,True,0,withdrew,2.0,False
18,1,Danica McKellar,Valentin Chmerkovskiy,Eliminated Week 8,6,8.0,8.0,8.0,,24.0,4.0,0.0916030534351145,True,0,eliminated,8.0,False
18,1,James Maslow,Peta Murgatroyd,Eliminated Week 10,4,7.0,7.0,7.0,,21.0,8.0,0.08015267175572519,True,0,eliminated,10.0,False
18,1,Candace Cameron Bure,Mark Ballas,3rd Place,3,9.0,8.0,8.0,,25.0,2.0,0.09541984732824428,True,0,finished,10.0,False
18,1,Sean Avery,Karina Smirnoff,Eliminated Week 2,11,7.0,6.0,7.0,,20.0,10.0,0.07633587786259542,True,0,eliminated,2.0,False
18,1,Diana Nyad,Henry Byalikov,Eliminated Week 2,12,6.0,6.0,6.0,,18.0,11.0,0.06870229007633588,True,0,eliminated,2.0,False
18,1,Charlie White,Sharna Burgess,Eliminated Week 9,5,9.0,9.0,9.0,,27.0,1.0,0.10305343511450382,True,0,eliminated,9.0,False
18,1,Amy Purdy,Derek Hough,2nd Place,2,8.0,8.0,8.0,,24.0,4.0,0.0916030534351145,True,0,finished,10.0,False
18,1,Meryl Davis,Maksim Chmerkoskiy,1st Place,1,8.0,8.0,8.0,,24.0,4.0,0.0916030534351145,True,0,finished,10.0,False
18,1,Drew Carey,Cheryl Burke,Eliminated Week 6,8,7.0,7.0,7.0,,21.0,8.0,0.08015267175572519,True,0,eliminated,6.0,False
18,1,Cody Simpson,Witney Carson,Eliminated Week 5,9,7.0,7.0,8.0,,22.0,6.0,0.08396946564885496,True,0,eliminated,5.0,False
18,1,NeNe Leakes,Tony Dovolani,Eliminated Week 7,7,7.0,7.0,7.0,,21.0,8.0,0.08015267175572519,True,0,eliminated,7.0,False
19,1,Antonio Sabato Jr.,Cheryl Burke,Eliminated Week 7,8,6.0,6.0,6.0,7.0,25.0,10.5,0.06720430107526881,True,0,eliminated,7.0,False
19,1,Jonathan Bennett,Allison Holker,Eliminated Week 6,9,8.0,7.0,7.0,8.0,30.0,6.0,0.08064516129032258,True,0,eliminated,6.0,False
19,1,Lea Thompson,Artem Chigvintsev,Eliminated Week 9,6,8.0,8.0,8.0,8.0,32.0,3.5,0.08602150537634409,True,0,eliminated,9.0,False
19,1,Janel Parrish,Valentin Chmerkovskiy,3rd Place,3,7.0,7.0,7.0,8.0,29.0,7.5,0.07795698924731183,True,0,finished,11.0,False
19,1,Alfonso Ribeiro,Witney Carson,1st Place,1,9.0,9.0,9.0,9.0,36.0,1.0,0.0967741935483871,True,0,finished,11.0,False
19,1,Lolo Jones,Keo Motsepe,Eliminated Week 1,13,6.0,6.0,5.0,5.0,22.0,12.0,0.05913978494623656,True,1,eliminated,1.0,False
19,1,Randy Couture,Karina Smirnoff,Eliminated Week 3,11,8.0,7.0,8.0,8.0,31.0,5.0,0.08333333333333333,True,0,eliminated,3.0,False
19,1,Tommy Chong,Peta Murgatroyd,Eliminated Week 10,5,7.0,6.0,7.0,7.0,27.0,9.0,0.07258064516129033,True,0,eliminated,10.0,False
19,1,Betsey Johnson,Tony Dovolani,Eliminated Week 4,10,5.0,5.0,5.0,5.0,20.0,13.0,0.053763440860215055,True,0,eliminated,4.0,False
19,1,Michael Waltrip,Emma Slater,Eliminated Week 8,7,7.0,6.0,6.0,6.0,25.0,10.5,0.06720430107526881,True,0,eliminated,8.0,False
19,1,Tavis Smiley,Sharna Burgess,Eliminated Week 2,12,7.0,7.0,8.0,7.0,29.0,7.5,0.07795698924731183,True,0,eliminated,2.0,False
19,1,Bethany Mota,Derek Hough,Eliminated Week 11,4,8.0,8.0,8.0,8.0,32.0,3.5,0.08602150537634409,True,0,eliminated,11.0,False
19,1,Sadie Robertson,Mark Ballas,2nd Place,2,8.0,8.0,9.0,9.0,34.0,2.0,0.0913978494623656,True,0,finished,11.0,False
20,1,Suzanne Somers,Tony Dovolani,Eliminated Week 5,9,6.0,6.0,6.0,7.0,25.0,9.0,0.07861635220125786,True,0,eliminated,5.0,False
20,1,Willow Shields,Mark Ballas,Eliminated Week 7,7,6.0,6.0,6.0,7.0,25.0,9.0,0.07861635220125786,True,0,eliminated,7.0,False
20,1,Riker Lynch,Allison Holker,2nd Place,2,8.0,7.0,8.0,8.0,31.0,2.0,0.09748427672955975,True,0,finished,10.0,False
20,1,Rumer Willis,Valentin Chmerkovskiy,1st Place,1,8.0,8.0,8.0,8.0,32.0,1.0,0.10062893081761007,True,0,finished,10.0,False
20,1,Nastia Liukin,Derek Hough,Eliminated Week 9,4,7.0,7.0,8.0,8.0,30.0,3.0,0.09433962264150944,True,0,eliminated,9.0,False
20,1,Michael Sam,Peta Murgatroyd,Eliminated Week 4,10,6.0,6.0,7.0,7.0,26.0,6.0,0.08176100628930817,True,0,eliminated,4.0,False
20,1,Robert Herjavec,Kym Johnson,Eliminated Week 8,6,7.0,7.0,7.0,7.0,28.0,4.0,0.0880503144654088,True,0,eliminated,8.0,False
20,1,Charlotte McKinney,Keo Motsepe,Eliminated Week 3,11,6.0,5.0,5.0,6.0,22.0,11.5,0.06918238993710692,True,0,eliminated,3.0,False
20,1,Noah Galloway,Sharna Burgess,3rd Place,3,7.0,6.0,6.0,7.0,26.0,6.0,0.08176100628930817,True,0,finished,10.0,False
20,1,Redfoo,Emma Slater,Eliminated Week 2,12,6.0,5.0,5.0,6.0,22.0,11.5,0.06918238993710692,True,0,eliminated,2.0,False
20,1,Patti LaBelle,Artem Chigvintsev,Eliminated Week 6,8,7.0,6.0,6.0,6.0,25.0,9.0,0.07861635220125786,True,0,eliminated,6.0,False
20,1,Chris Soules,Witney Carson,Eliminated Week 8,5,7.0,6.0,6.0,7.0,26.0,6.0,0.08176100628930817,True,0,eliminated,8.0,False
21,1,Gary Busey,Anna Trebunskaya,Eliminated Week 4,10,5.0,5.0,5.0,,15.0,10.0,0.06,True,0,eliminated,4.0,False
21,1,Alexa PenaVega,Mark Ballas,Eliminated Week 9,6,7.0,7.0,8.0,,22.0,5.5,0.088,True,0,eliminated,9.0,False
21,1,Carlos PenaVega,Witney Carson,Eliminated Week 11,4,8.0,8.0,7.0,,23.0,3.5,0.092,True,0,eliminated,11.0,False
21,1,Victor Espinoza,Karina Smirnoff,Eliminated Week 2,12,5.0,5.0,5.0,,15.0,10.0,0.06,True,0,eliminated,2.0,False
21,1,Alek Skarlatos,Lindsay Arnold,3rd Place,3,8.0,7.0,7.0,,22.0,5.5,0.088,True,0,finished,11.0,False
21,1,Chaka Khan,Keo Motsepe,Eliminated Week 2,13,5.0,4.0,4.0,,13.0,12.0,0.052,True,0,eliminated,2.0,False
21,1,Andy Grammer,Allison Holker,Eliminated Week 8,7,7.0,7.0,7.0,,21.0,7.5,0.084,True,0,eliminated,8.0,False
21,1,Tamar Braxton,Valentin Chmerkovskiy,Withdrew,5,8.0,7.0,8.0,,23.0,3.5,0.092,True,0,withdrew,9.0,False
21,1,Nick Carter,Sharna Burgess,2nd Place,2,8.0,8.0,8.0,,24.0,1.5,0.096,True,0,finished,11.0,False
21,1,Hayes Grier,Emma Slater,Eliminated Week 7,8,7.0,7.0,7.0,,21.0,7.5,0.084,True,0,eliminated,7.0,False
21,1,Bindi Irwin,Derek Hough,1st Place,1,8.0,8.0,8.0,,24.0,1.5,0.096,True,0,finished,11.0,False
21,1,Kim Zolciak-Biermann,Tony Dovolani,Withdrew,11,4.0,4.0,4.0,,12.0,13.0,0.048,True,0,withdrew,2.0,False
21,1,Paula Deen,Louis van Amstel,Eliminated Week 6,9,5.0,5.0,5.0,,15.0,10.0,0.06,True,0,eliminated,6.0,False
22,1,Mischa Barton,Artem Chigvintsev,Eliminated Week 3,11,5.0,5.0,6.0,,16.0,10.0,0.06751054852320675,True,0,eliminated,3.0,False
22,1,Kim Fields,Sasha Farber,Eliminated Week 7,8,7.0,6.0,7.0,,20.0,8.5,0.08438818565400844,True,0,eliminated,7.0,False
22,1,Jodie Sweetin,Keo Motsepe,Eliminated Week 8,6,7.0,6.0,7.0,,20.0,8.5,0.08438818565400844,True,0,eliminated,8.0,False
22,1,Doug Flutie,Karina Smirnoff,Eliminated Week 6,9,5.0,5.0,5.0,,15.0,11.0,0.06329113924050633,True,0,eliminated,6.0,False
22,1,Von Miller,Witney Carson,Eliminated Week 7,7,8.0,6.0,7.0,,21.0,5.5,0.08860759493670886,True,0,eliminated,7.0,False
22,1,Antonio Brown,Sharna Burgess,Eliminated Week 9,5,8.0,6.0,7.0,,21.0,5.5,0.08860759493670886,True,0,eliminated,9.0,False
22,1,Paige VanZant,Mark Ballas,2nd Place,2,7.0,7.0,7.0,,21.0,5.5,0.08860759493670886,True,0,finished,10.0,False
22,1,Geraldo Rivera,Edyta Sliwinska,Eliminated Week 2,12,5.0,4.0,4.0,,13.0,12.0,0.05485232067510549,True,0,eliminated,2.0,False
22,1,Nyle DiMarco,Peta Murgatroyd,1st Place,1,8.0,7.0,8.0,,23.0,2.0,0.0970464135021097,True,0,finished,10.0,False
22,1,Ginger Zee,Valentin Chmerkovskiy,3rd Place,3,8.0,7.0,8.0,,23.0,2.0,0.0970464135021097,True,0,finished,10.0,False
22,1,Wanya Morris,Lindsay Arnold,Eliminated Week 9,4,8.0,7.0,8.0,,23.0,2.0,0.0970464135021097,True,0,eliminated,9.0,False
22,1,Marla Maples,Tony Dovolani,Eliminated Week 4,10,7.0,7.0,7.0,,21.0,5.5,0.08860759493670886,True,0,eliminated,4.0,False
23,1,Jake T. Austin,Jenna Johnson,Eliminated Week 2,13,5.0,6.0,5.0,6.0,22.0,11.5,0.06666666666666667,True,0,eliminated,2.0,False
23,1,Maureen McCormick,Artem Chigvintsev,Eliminated Week 7,8,6.0,5.0,5.0,6.0,22.0,11.5,0.06666666666666667,True,0,eliminated,7.0,False
23,1,Marilu Henner,Derek Hough,Eliminated Week 9,6,7.0,7.0,6.0,7.0,27.0,3.5,0.08181818181818182,True,0,eliminated,9.0,False
23,1,Ryan Lochte,Cheryl Burke,Eliminated Week 8,7,6.0,6.0,6.0,6.0,24.0,9.5,0.07272727272727272,True,0,eliminated,8.0,False
23,1,Calvin Johnson Jr.,Lindsay Arnold,3rd Place,3,7.0,6.0,6.0,7.0,26.0,5.5,0.07878787878787878,True,0,finished,11.0,False
23,1,Laurie Hernandez,Valentin Chmerkovskiy,1st Place,1,8.0,8.0,7.0,8.0,31.0,1.5,0.09393939393939393,True,0,finished,11.0,False
23,1,Amber Rose,Maksim Chmerkoskiy,Eliminated Week 6,9,6.0,6.0,6.0,6.0,24.0,9.5,0.07272727272727272,True,0,eliminated,6.0,False
23,1,Rick Perry,Emma Slater,Eliminated Week 3,12,5.0,5.0,5.0,5.0,20.0,13.0,0.06060606060606061,True,0,eliminated,3.0,False
23,1,James Hinchcliffe,Sharna Burgess,2nd Place,2,8.0,8.0,7.0,8.0,31.0,1.5,0.09393939393939393,True,0,finished,11.0,False
23,1,Babyface,Allison Holker,Eliminated Week 4,11,7.0,6.0,6.0,7.0,26.0,5.5,0.07878787878787878,True,0,eliminated,4.0,False
23,1,Vanilla Ice,Witney Carson,Eliminated Week 4,10,7.0,5.0,6.0,7.0,25.0,7.5,0.07575757575757576,True,0,eliminated,4.0,False
23,1,Jana Kramer,Gleb Savchenko,Eliminated Week 11,4,7.0,6.0,6.0,8.0,27.0,3.5,0.08181818181818182,True,0,eliminated,11.0,False
23,1,Terra Jole,Sasha Farber,Eliminated Week 10,5,7.0,6.0,6.0,6.0,25.0,7.5,0.07575757575757576,True,0,eliminated,10.0,False
24,1,Charo,Keo Motsepe,Eliminated Week 3,11,6.0,5.0,5.0,5.0,21.0,10.0,0.0695364238410596,True,0,eliminated,3.0,False
24,1,Mr. T,Kym Herjavec,Eliminated Week 4,10,5.0,5.0,5.0,5.0,20.0,11.0,0.06622516556291391,True,0,eliminated,4.0,False
24,1,Heather Morris,Maksim Chmerkoskiy,Eliminated Week 6,8,7.0,7.0,7.0,7.0,28.0,4.0,0.09271523178807947,True,0,eliminated,6.0,False
24,1,Nancy Kerrigan,Artem Chigvintsev,Eliminated Week 7,7,7.0,7.0,7.0,7.0,28.0,4.0,0.09271523178807947,True,0,eliminated,7.0,False
24,1,Bonner Bolton,Sharna Burgess,Eliminated Week 8,5,6.0,5.0,5.0,6.0,22.0,9.0,0.0728476821192053,True,0,eliminated,8.0,False
24,1,Simone Biles,Sasha Farber,Eliminated Week 9,4,8.0,8.0,8.0,8.0,32.0,1.0,0.10596026490066225,True,0,eliminated,9.0,False
24,1,David Ross,Lindsay Arnold,2nd Place,2,7.0,7.0,7.0,7.0,28.0,4.0,0.09271523178807947,True,0,finished,10.0,False
24,1,Rashad Jennings,Emma Slater,1st Place,1,8.0,7.0,8.0,8.0,31.0,2.0,0.10264900662251655,True,0,finished,10.0,False
24,1,Chris Kattan,Witney Carson,Eliminated Week 2,12,5.0,4.0,4.0,4.0,17.0,12.0,0.056291390728476824,True,0,eliminated,2.0,False
24,1,Erika Jayne,Gleb Savchenko,Eliminated Week 5,9,6.0,6.0,6.0,6.0,24.0,7.5,0.07947019867549669,True,0,eliminated,5.0,False
24,1,Normani,Valentin Chmerkovskiy,3rd Place,3,7.0,6.0,7.0,7.0,27.0,6.0,0.08940397350993377,True,0,finished,10.0,False
24,1,Nick Viall,Peta Murgatroyd,Eliminated Week 7,6,6.0,6.0,6.0,6.0,24.0,7.5,0.07947019867549669,True,0,eliminated,7.0,False
25,1,Sasha Pieterse,Gleb Savchenko,Eliminated Week 5,10,6.0,6.0,6.0,,18.0,8.0,0.07531380753138076,True,0,eliminated,5.0,False
25,1,Frankie Muniz,Witney Carson,3rd Place,3,7.0,6.0,6.0,,19.0,5.5,0.0794979079497908,True,0,finished,10.0,False
25,1,Jordan Fisher,Lindsay Arnold,1st Place,1,8.0,7.0,7.0,,22.0,1.5,0.09205020920502092,True,0,finished,10.0,False
25,1,Derek Fisher,Sharna Burgess,Eliminated Week 4,11,6.0,6.0,6.0,,18.0,8.0,0.07531380753138076,True,0,eliminated,4.0,False
25,1,Nikki Bella,Artem Chigvintsev,Eliminated Week 7,8,7.0,7.0,6.0,,20.0,4.0,0.08368200836820083,True,0,eliminated,7.0,False
25,1,Terrell Owens,Cheryl Burke,Eliminated Week 8,6,5.0,5.0,5.0,,15.0,12.0,0.06276150627615062,True,0,eliminated,8.0,False
25,1,Victoria Arlen,Valentin Chmerkovskiy,Eliminated Week 9,5,7.0,6.0,6.0,,19.0,5.5,0.0794979079497908,True,0,eliminated,9.0,False
25,1,Barbara Corcoran,Keo Motsepe,Eliminated Week 2,13,5.0,4.0,5.0,,14.0,13.0,0.058577405857740586,True,0,eliminated,2.0,False
25,1,Lindsey Stirling,Mark Ballas,2nd Place,2,7.0,8.0,7.0,,22.0,1.5,0.09205020920502092,True,0,finished,10.0,False
25,1,Debbie Gibson,Alan Bersten,Eliminated Week 2,12,6.0,5.0,6.0,,17.0,10.0,0.07112970711297072,True,0,eliminated,2.0,False
25,1,Nick Lachey,Peta Murgatroyd,Eliminated Week 6,9,6.0,6.0,6.0,,18.0,8.0,0.07531380753138076,True,0,eliminated,6.0,False
25,1,Drew Scott,Emma Slater,Eliminated Week 10,4,6.0,5.0,5.0,,16.0,11.0,0.06694560669456066,True,0,eliminated,10.0,False
25,1,Vanessa Lachey,Maksim Chmerkoskiy,Eliminated Week 7,7,7.0,7.0,7.0,,21.0,3.0,0.08786610878661087,True,0,eliminated,7.0,False
26,1,Jamie Anderson,Artem Chigvintsev,Eliminated Week 1,10,6.0,7.0,6.0,,19.0,8.0,0.09047619047619047,True,1,eliminated,1.0,False
26,1,Johnny Damon,Emma Slater,Eliminated Week 1,9,6.0,6.0,6.0,,18.0,9.0,0.08571428571428572,True,1,eliminated,1.0,False
26,1,Kareem Abdul-Jabbar,Lindsay Arnold,Eliminated Week 2,8,6.0,5.0,6.0,,17.0,10.0,0.08095238095238096,True,0,eliminated,2.0,False
26,1,Arike Ogunbowale,Gleb Savchenko,Eliminated Week 2,7,7.0,6.0,7.0,,20.0,7.0,0.09523809523809523,True,0,eliminated,2.0,False
26,1,Jennie Finch Daigle,Keo Motsepe,Eliminated Week 3,6,7.0,7.0,7.0,,21.0,5.5,0.1,True,0,eliminated,3.0,False
26,1,Chris Mazdzer,Witney Carson,Eliminated Week 3,5,7.0,7.0,7.0,,21.0,5.5,0.1,True,0,eliminated,3.0,False
26,1,Mirai Nagasu,Alan Bersten,Eliminated Week 3,4,7.0,8.0,8.0,,23.0,3.5,0.10952380952380952,True,0,eliminated,3.0,False
26,1,Tonya Harding,Sasha Farber,3rd Place,3,8.0,8.0,7.0,,23.0,3.5,0.10952380952380952,True,0,finished,4.0,False
26,1,Josh Norman,Sharna Burgess,2nd Place,2,8.0,8.0,8.0,,24.0,1.5,0.11428571428571428,True,0,finished,4.0,False
26,1,Adam Rippon,Jenna Johnson,1st Place,1,8.0,8.0,8.0,,24.0,1.5,0.11428571428571428,True,0,finished,4.0,False
27,1,Juan Pablo Di Pace,Cheryl Burke,Eliminated Week 8,5,7.0,7.0,8.0,,22.0,3.5,0.08627450980392157,True,0,eliminated,8.0,False
27,1,Evanna Lynch,Keo Motsepe,3rd Place,3,7.0,5.0,6.0,,18.0,10.0,0.07058823529411765,True,0,finished,9.0,False
27,1,Nancy McKeon,Valentin Chmerkovskiy,Eliminated Week 3,11,6.5,6.5,6.5,,19.5,8.0,0.07647058823529412,True,0,eliminated,3.0,False
27,1,John Schneider,Emma Slater,Eliminated Week 7,8,7.0,5.0,6.0,,18.0,10.0,0.07058823529411765,True,0,eliminated,7.0,False
27,1,Milo Manheim,Witney Carson,2nd Place,2,7.0,6.0,7.0,,20.0,6.0,0.0784313725490196,True,0,finished,9.0,False
27,1,Danelle Umstead,Artem Chigvintsev,Eliminated Week 2,12,6.0,6.0,6.0,,18.0,10.0,0.07058823529411765,True,0,eliminated,2.0,False
27,1,Mary Lou Retton,Sasha Farber,Eliminated Week 6,9,6.5,7.0,6.5,,20.0,6.0,0.0784313725490196,True,0,eliminated,6.0,False
27,1,DeMarcus Ware,Lindsay Arnold,Eliminated Week 7,7,8.0,7.0,8.0,,23.0,1.5,0.09019607843137255,True,0,eliminated,7.0,False
27,1,Nikki Glaser,Gleb Savchenko,Eliminated Week 1,13,6.0,5.5,6.0,,17.5,12.0,0.06862745098039216,True,1,eliminated,1.0,False
27,1,Bobby Bones,Sharna Burgess,1st Place,1,7.0,6.0,7.0,,20.0,6.0,0.0784313725490196,True,0,finished,9.0,False
27,1,Tinashe,Brandon Armstrong,Eliminated Week 4,10,8.0,7.0,8.0,,23.0,1.5,0.09019607843137255,True,0,eliminated,4.0,False
27,1,Alexis Ren,Alan Bersten,4th Place,4,7.0,7.5,7.5,,22.0,3.5,0.08627450980392157,True,0,finished,9.0,False
27,1,Joe Amabile,Jenna Johnson,Eliminated Week 8,6,5.0,4.0,5.0,,14.0,13.0,0.054901960784313725,True,0,eliminated,8.0,False
28,1,Kate Flannery,Pasha Pashkov,Eliminated Week 8,7,5.0,5.0,5.0,,15.0,9.5,0.07614213197969544,True,0,eliminated,8.0,False
28,1,James Van Der Beek,Emma Slater,Eliminated Week 10,5,7.0,7.0,7.0,,21.0,1.0,0.1065989847715736,True,0,eliminated,10.0,False
28,1,Kel Mitchell,Witney Carson,2nd Place,2,6.0,5.0,5.0,,16.0,7.5,0.08121827411167512,True,0,finished,11.0,False
28,1,Ray Lewis,Cheryl Burke,Withdrew,11,5.0,5.0,5.0,,15.0,9.5,0.07614213197969544,True,0,withdrew,2.0,False
28,1,Lamar Odom,Peta Murgatroyd,Eliminated Week 4,10,5.0,3.0,3.0,,11.0,12.0,0.05583756345177665,True,0,eliminated,4.0,False
28,1,Sailor Brinkley-Cook,Valentin Chmerkovskiy,Eliminated Week 6,9,6.0,6.0,6.0,,18.0,4.0,0.09137055837563451,True,0,eliminated,6.0,False
28,1,Sean Spicer,Lindsay Arnold,Eliminated Week 9,6,4.0,4.0,4.0,,12.0,11.0,0.06091370558375635,True,0,eliminated,9.0,False
28,1,Mary Wilson,Brandon Armstrong,Eliminated Week 2,12,6.0,5.0,6.0,,17.0,5.5,0.08629441624365482,True,0,eliminated,2.0,False
28,1,Lauren Alaina,Gleb Savchenko,4th Place,4,7.0,6.0,6.0,,19.0,3.0,0.09644670050761421,True,0,finished,11.0,False
28,1,Ally Brooke,Sasha Farber,3rd Place,3,5.0,5.0,6.0,,16.0,7.5,0.08121827411167512,True,0,finished,11.0,False
28,1,Karamo Brown,Jenna Johnson,Eliminated Week 7,8,6.0,5.0,6.0,,17.0,5.5,0.08629441624365482,True,0,eliminated,7.0,False
28,1,Hannah Brown,Alan Bersten,1st Place,1,7.0,7.0,6.0,,20.0,2.0,0.10152284263959391,True,0,finished,11.0,False
29,1,Anne Heche,Keo Motsepe,Eliminated Week 4,13,6.0,6.0,6.0,,18.0,8.0,0.06923076923076923,True,0,eliminated,4.0,False
29,1,Jesse Metcalfe,Sharna Burgess,Eliminated Week 5,12,6.0,6.0,6.0,,18.0,8.0,0.06923076923076923,True,0,eliminated,5.0,False
29,1,Chrishell Stause,Gleb Savchenko,Eliminated Week 8,8,4.0,5.0,4.0,,13.0,13.0,0.05,True,0,eliminated,8.0,False
29,1,Skai Jackson,Alan Bersten,Eliminated Week 10,5,7.0,7.0,7.0,,21.0,1.5,0.08076923076923077,True,0,eliminated,10.0,False
29,1,Justina Machado,Sasha Farber,4th Place,4,7.0,7.0,7.0,,21.0,1.5,0.08076923076923077,True,0,finished,11.0,False
29,1,Charles Oakley,Emma Slater,Eliminated Week 2,15,4.0,4.0,4.0,,12.0,14.0,0.046153846153846156,True,0,eliminated,2.0,False
29,1,Veron Davis,Peta Murgatroyd,Eliminated Week 6,11,5.0,6.0,6.0,,17.0,11.0,0.06538461538461539,True,0,eliminated,6.0,False
29,1,Johnny Weir,Britt Stewart,Eliminated Week 10,6,6.0,6.0,6.0,,18.0,8.0,0.06923076923076923,True,0,eliminated,10.0,False
29,1,Nev Schulman,Jenna Johnson,2nd Place,2,7.0,7.0,6.0,,20.0,3.5,0.07692307692307693,True,0,finished,11.0,False
29,1,AJ McLean,Cheryl Burke,Eliminated Week 9,7,6.0,6.0,6.0,,18.0,8.0,0.06923076923076923,True,0,eliminated,9.0,False
29,1,Nelly,Daniella Karagach,3rd Place,3,5.0,5.0,6.0,,16.0,12.0,0.06153846153846154,True,0,finished,11.0,False
29,1,Kaitlyn Bristowe,Artem Chigvintsev,1st Place,1,6.0,7.0,7.0,,20.0,3.5,0.07692307692307693,True,0,finished,11.0,False
29,1,Carole Baskin,Pasha Pashkov,Eliminated Week 3,14,4.0,4.0,3.0,,11.0,15.0,0.04230769230769231,True,0,eliminated,3.0,False
29,1,Monica Aldama,Valentin Chmerkovskiy,Eliminated Week 7,10,6.0,7.0,6.0,,19.0,5.0,0.07307692307692308,True,0,eliminated,7.0,False
29,1,Jeannie Mai,Brandon Armstrong,Withdrew,9,6.0,6.0,6.0,,18.0,8.0,0.06923076923076923,True,0,withdrew,7.0,False
30,1,Martin Kove,Britt Stewart,Eliminated Week 2,15,4.0,3.0,3.0,3.0,13.0,15.0,0.03551912568306011,True,0,eliminated,2.0,False
30,1,Brian Austin Green,Sharna Burgess,Eliminated Week 4,13,6.0,6.0,6.0,6.0,24.0,10.5,0.06557377049180328,True,0,eliminated,4.0,False
30,1,Melora Hardin,Artem Chigvintsev,Eliminated Week 9,6,7.0,6.0,7.0,6.0,26.0,5.5,0.07103825136612021,True,0,eliminated,9.0,False
30,1,Matt James,Lindsay Arnold,Eliminated Week 4,12,6.0,6.0,6.0,6.0,24.0,10.5,0.06557377049180328,True,0,eliminated,4.0,False
30,1,"Mike ""The Miz"" Mizanin",Witney Carson,Eliminated Week 7,9,6.0,6.0,6.0,6.0,24.0,10.5,0.06557377049180328,True,0,eliminated,7.0,False
30,1,Suni Lee,Sasha Farber,Eliminated Week 9,5,7.0,7.0,7.0,7.0,28.0,2.5,0.07650273224043716,True,0,eliminated,9.0,False
30,1,Iman Shumpert,Daniella Karagach,1st Place,1,7.0,4.0,5.0,5.0,21.0,14.0,0.05737704918032787,True,0,finished,10.0,False
30,1,Cody Rigsby,Cheryl Burke,3rd Place,3,6.0,6.0,6.0,6.0,24.0,10.5,0.06557377049180328,True,0,finished,10.0,False
30,1,Melanie C,Gleb Savchenko,Eliminated Week 5,11,7.0,7.0,6.0,7.0,27.0,4.0,0.07377049180327869,True,0,eliminated,5.0,False
30,1,Jimmie Allen,Emma Slater,Eliminated Week 8,7,6.0,5.0,6.0,5.0,22.0,13.0,0.060109289617486336,True,0,eliminated,8.0,False
30,1,Olivia Jade,Valentin Chmerkovskiy,Eliminated Week 8,8,7.0,6.0,6.0,6.0,25.0,7.5,0.06830601092896176,True,0,eliminated,8.0,False
30,1,JoJo Siwa,Jenna Johnson,2nd Place,2,8.0,7.0,7.0,7.0,29.0,1.0,0.07923497267759563,True,0,finished,10.0,False
30,1,Christine Chiu,Pasha Pashkov,Eliminated Week 3,14,6.0,7.0,6.0,6.0,25.0,7.5,0.06830601092896176,True,0,eliminated,3.0,False
30,1,Kenya Moore,Brandon Armstrong,Eliminated Week 6,10,7.0,6.0,6.0,7.0,26.0,5.5,0.07103825136612021,True,0,eliminated,6.0,False
30,1,Amanda Kloots,Alan Bersten,4th Place,4,7.0,7.0,7.0,7.0,28.0,2.5,0.07650273224043716,True,0,finished,10.0,False
31,1,Jason Lewis,Peta Murgatroyd,Eliminated Week 1,16,5.0,4.0,4.0,5.0,18.0,15.0,0.04712041884816754,True,1,eliminated,1.0,False
31,1,Cheryl Ladd,Louis van Amstel,Eliminated Week 3,14,6.0,5.0,5.0,5.0,21.0,10.5,0.0549738219895288,True,0,eliminated,3.0,False
31,1,Selma Blair,Sasha Farber,Withdrew,12,7.0,7.0,7.0,7.0,28.0,4.0,0.07329842931937172,True,0,withdrew,5.0,False
31,1,Joseph Baena,Daniella Karagach,Eliminated Week 5,11,6.0,5.0,6.0,6.0,23.0,9.0,0.060209424083769635,True,0,eliminated,5.0,False
31,1,Trevor Donovan,Emma Slater,Eliminated Week 9,6,5.0,5.0,5.0,6.0,21.0,10.5,0.0549738219895288,True,0,eliminated,9.0,False
31,1,Daniel Durant,Britt Stewart,Eliminated Week 9,5,7.0,6.0,7.0,7.0,27.0,6.0,0.07068062827225131,True,0,eliminated,9.0,False
31,1,Wayne Brady,Witney Carson,3rd Place,3,7.0,7.0,7.0,8.0,29.0,2.0,0.07591623036649214,True,0,finished,10.0,False
31,1,Sam Champion,Cheryl Burke,Eliminated Week 4,13,5.0,5.0,5.0,5.0,20.0,13.0,0.05235602094240838,True,0,eliminated,4.0,False
31,1,Jessie James Decker,Alan Bersten,Eliminated Week 6,10,5.0,5.0,5.0,5.0,20.0,13.0,0.05235602094240838,True,0,eliminated,6.0,False
31,1,Jordin Sparks,Brandon Armstrong,Eliminated Week 7,9,7.0,6.0,6.0,7.0,26.0,7.0,0.06806282722513089,True,0,eliminated,7.0,False
31,1,Heidi D'Amelio,Artem Chigvintsev,Eliminated Week 8,8,6.0,6.0,6.0,6.0,24.0,8.0,0.06282722513089005,True,0,eliminated,8.0,False
31,1,Charli D'Amelio,Mark Ballas,1st Place,1,8.0,8.0,8.0,8.0,32.0,1.0,0.08376963350785341,True,0,finished,10.0,False
31,1,Teresa Giudice,Pasha Pashkov,Eliminated Week 2,15,5.0,5.0,5.0,5.0,20.0,13.0,0.05235602094240838,True,0,eliminated,2.0,False
31,1,Vinny Guadagnino,Koko Iwasaki,Eliminated Week 8,7,4.0,4.0,5.0,4.0,17.0,16.0,0.04450261780104712,True,0,eliminated,8.0,False
31,1,Shangela,Gleb Savchenko,4th Place,4,7.0,7.0,7.0,7.0,28.0,4.0,0.07329842931937172,True,0,finished,10.0,False
31,1,Gabby Windey,Valentin Chmerkovskiy,2nd Place,2,7.0,7.0,7.0,7.0,28.0,4.0,0.07329842931937172,True,0,finished,10.0,False
32,1,Jamie Lynn Spears,Alan Bersten,Eliminated Week 2,13,5.0,5.0,5.0,,15.0,9.5,0.06493506493506493,True,0,eliminated,2.0,False
32,1,Mira Sorvino,Gleb Savchenko,Eliminated Week 5,10,6.0,5.0,6.0,,17.0,7.0,0.0735930735930736,True,0,eliminated,5.0,False
32,1,Barry Williams,Peta Murgatroyd,Eliminated Week 8,7,6.0,5.0,5.0,,16.0,8.0,0.06926406926406926,True,0,eliminated,8.0,False
32,1,Alyson Hannigan,Sasha Farber,5th Place,5,5.0,4.0,4.0,,13.0,11.0,0.05627705627705628,True,0,finished,11.0,False
32,1,Xochitl Gomez,Valentin Chmerkovskiy,1st Place,1,6.0,6.0,6.0,,18.0,5.5,0.07792207792207792,True,0,finished,11.0,False
32,1,Adrian Peterson,Britt Stewart,Eliminated Week 4,11,6.0,6.0,6.0,,18.0,5.5,0.07792207792207792,True,0,eliminated,4.0,False
32,1,Matt Walsh,Koko Iwasaki,Eliminated Week 1,14,4.0,4.0,4.0,,12.0,13.0,0.05194805194805195,True,1,eliminated,1.0,False
32,1,Tyson Beckford,Jenna Johnson,Eliminated Week 3,12,4.0,4.0,4.0,,12.0,13.0,0.05194805194805195,True,0,eliminated,3.0,False
32,1,Jason Mraz,Daniella Karagach,2nd Place,2,7.0,7.0,7.0,,21.0,2.5,0.09090909090909091,True,0,finished,11.0,False
32,1,Lele Pons,Brandon Armstrong,Eliminated Week 7,8,6.0,7.0,6.0,,19.0,4.0,0.08225108225108226,True,0,eliminated,7.0,False
32,1,Harry Jowsey,Rylee Arnold,Eliminated Week 9,6,4.0,4.0,4.0,,12.0,13.0,0.05194805194805195,True,0,eliminated,9.0,False
32,1,Mauricio Umansky,Emma Slater,Eliminated Week 6,9,5.0,5.0,5.0,,15.0,9.5,0.06493506493506493,True,0,eliminated,6.0,False
32,1,Charity Lawson,Artem Chigvintsev,4th Place,4,7.0,7.0,8.0,,22.0,1.0,0.09523809523809523,True,0,finished,11.0,False
32,1,Ariana Madix,Pasha Pashkov,3rd Place,3,7.0,7.0,7.0,,21.0,2.5,0.09090909090909091,True,0,finished,11.0,False
33,1,Tori Spelling,Pasha Pashkov,Eliminated Week 2,12,6.0,6.0,5.0,,17.0,11.0,0.06882591093117409,True,0,eliminated,2.0,False
33,1,Eric Roberts,Britt Stewart,Eliminated Week 3,10,5.0,5.0,5.0,,15.0,13.0,0.06072874493927125,True,0,eliminated,3.0,False
33,1,Reginald VelJohnson,Emma Slater,Eliminated Week 3,10,6.0,5.0,5.0,,16.0,12.0,0.06477732793522267,True,0,eliminated,3.0,False
33,1,Chandler Kinney,Brandon Armstrong,3rd Place,3,8.0,7.0,8.0,,23.0,1.0,0.0931174089068826,True,0,finished,9.0,False
33,1,Dwight Howard ,Daniella Karagach,Eliminated Week 7,6,8.0,7.0,7.0,,22.0,2.0,0.08906882591093117,True,0,eliminated,7.0,False
33,1,Danny Amendola,Witney Carson,5th Place,5,7.0,6.0,7.0,,20.0,5.0,0.08097165991902834,True,0,finished,9.0,False
33,1,Stephen Nedoroscik,Rylee Arnold,4th Place,4,7.0,7.0,7.0,,21.0,3.5,0.08502024291497975,True,0,finished,9.0,False
33,1,Ilona Maher,Alan Bersten,2nd Place,2,6.0,6.0,6.0,,18.0,9.0,0.0728744939271255,True,0,finished,9.0,False
33,1,Anna Delvey,Ezra Sosa,Eliminated Week 2,12,6.0,6.0,6.0,,18.0,9.0,0.0728744939271255,True,0,eliminated,2.0,False
33,1,Brooks Nader,Gleb Savchenko,Eliminated Week 4,9,6.0,6.0,6.0,,18.0,9.0,0.0728744939271255,True,0,eliminated,4.0,False
33,1,Phaedra Parks,Val Chmerkovskiy,Eliminated Week 5,8,7.0,6.0,6.0,,19.0,6.5,0.07692307692307693,True,0,eliminated,5.0,False
33,1,Jenn Tran,Sasha Farber,Eliminated Week 6,7,7.0,6.0,6.0,,19.0,6.5,0.07692307692307693,True,0,eliminated,6.0,False
33,1,Joey Graziadei,Jenna Johnson,1st Place,1,7.0,7.0,7.0,,21.0,3.5,0.08502024291497975,True,0,finished,9.0,False
34,1,Corey Feldman,Jenna Johnson,Eliminated Week 2,13,4.0,5.0,,,9.0,13.5,0.054878048780487805,True,0,eliminated,2.0,False
34,1,Danielle Fishel,Pasha Pashkov,Eliminated Week 8,8,6.0,6.0,,,12.0,7.0,0.07317073170731707,True,0,eliminated,8.0,False
34,1,Elaine Hendrix,Alan Bersten (Rashad Jennings week 9),5th Place,5,6.0,6.0,,,12.0,7.0,0.07317073170731707,True,0,finished,11.0,False
34,1,Baron Davis,Britt Stewart,Eliminated Week 2,13,5.0,5.0,,,10.0,10.5,0.06097560975609756,True,0,eliminated,2.0,False
34,1,Jordan Chiles,Ezra Sosa (Apolo Anton Ohno week 9),3rd Place,3,5.0,5.0,,,10.0,10.5,0.06097560975609756,True,0,finished,11.0,False
34,1,Andy Richter,Emma Slater/Kaitlyn Bristowe (week 9),Eliminated Week 9,7,5.0,4.0,,,9.0,13.5,0.054878048780487805,True,0,eliminated,9.0,False
34,1,Robert Irwin,Witney Carson (Xoshitl Gomez week 9),1st Place,1,8.0,7.0,,,15.0,1.5,0.09146341463414634,True,0,finished,11.0,False
34,1,Hilaria Baldwin,Gleb Savchenko,Eliminated Week 4,11,7.0,7.0,,,14.0,3.0,0.08536585365853659,True,0,eliminated,4.0,False
34,1,Lauren Jauregui,Brandon Armstrong,Eliminated Week 3,12,7.0,6.0,,,13.0,4.5,0.07926829268292683,True,0,eliminated,3.0,False
34,1,Scott Hoying,Rylee Arnold,Eliminated Week 6,10,5.0,5.0,,,10.0,10.5,0.06097560975609756,True,0,eliminated,6.0,False
34,1,Alix Earle,Val Chmerkovskiy (Joey Graziadei week 9),2nd Place,2,7.0,6.0,,,13.0,4.5,0.07926829268292683,True,0,finished,11.0,False
34,1,Jen Affleck,Jan Ravnik,Eliminated Week 7,9,6.0,6.0,,,12.0,7.0,0.07317073170731707,True,0,eliminated,7.0,False
34,1,Whitney Leavitt,Mark Ballas,Eliminated Week 10,6,7.0,8.0,,,15.0,1.5,0.09146341463414634,True,0,eliminated,10.0,False
34,1,Dylan Efron,Daniella Karagach (Rumer Willis week 9),4th Place,4,5.0,5.0,,,10.0,10.5,0.06097560975609756,True,0,finished,11.0,False
1,2,John O'Hurley,Charlotte Jorgensen,2nd Place,2,8.0,9.0,9.0,,26.0,1.0,0.21487603305785125,True,0,finished,6.0,False
1,2,Kelly Monaco,Alec Mazo,1st Place,1,5.0,6.0,6.0,,17.0,5.0,0.14049586776859505,True,0,finished,6.0,False
1,2,Evander Holyfield,Edyta Sliwinska,Eliminated Week 3,5,5.0,4.0,5.0,,14.0,6.0,0.11570247933884298,True,0,eliminated,3.0,False
1,2,Rachel Hunter,Jonathan Roberts,Eliminated Week 4,4,8.0,8.0,8.0,,24.0,2.0,0.19834710743801653,True,0,eliminated,4.0,False
1,2,Joey McIntyre,Ashly DelGrosso,3rd Place,3,8.0,7.0,6.0,,21.0,3.0,0.17355371900826447,True,0,finished,5.0,False
1,2,Trista Sutter,Louis van Amstel,Eliminated Week 2,6,6.0,7.0,6.0,,19.0,4.0,0.15702479338842976,True,1,eliminated,2.0,False
2,2,Tatum O'Neal,Nick Kosovich,Eliminated Week 2,9,5.0,6.0,6.0,,17.0,8.0,0.085,True,1,eliminated,2.0,False
2,2,Tia Carrere,Maksim Chmerkoskiy,Eliminated Week 5,6,7.0,8.0,7.0,,22.0,5.5,0.11,True,0,eliminated,5.0,False
2,2,George Hamilton,Edyta Sliwinska,Eliminated Week 6,5,8.0,7.0,7.0,,22.0,5.5,0.11,True,0,eliminated,6.0,False
2,2,Lisa Rinna,Louis van Amstel,Eliminated Week 7,4,6.0,7.0,7.0,,20.0,7.0,0.1,True,0,eliminated,7.0,False
2,2,Stacy Keibler,Tony Dovolani,3rd Place,3,9.0,10.0,10.0,,29.0,1.0,0.145,True,0,finished,8.0,False
2,2,Jerry Rice,Anna Trebunskaya,2nd Place,2,7.0,8.0,8.0,,23.0,4.0,0.115,True,0,finished,8.0,False
2,2,Giselle Fernandez,Jonathan Roberts,Eliminated Week 3,8,8.0,8.0,8.0,,24.0,3.0,0.12,True,0,eliminated,3.0,False
2,2,Master P,Ashly DelGrosso,Eliminated Week 4,7,6.0,5.0,5.0,,16.0,9.0,0.08,True,0,eliminated,4.0,False
2,2,Drew Lachey,Cheryl Burke,1st Place,1,9.0,9.0,9.0,,27.0,2.0,0.135,True,0,finished,8.0,False
2,2,Kenny Mayne,Andrea Hale,Eliminated Week 1,10,0.0,0.0,0.0,,0.0,,,False,0,eliminated,1.0,True
3,2,Harry Hamlin,Ashly DelGrosso,Eliminated Week 3,9,7.0,7.0,7.0,,21.0,8.0,0.09130434782608696,True,0,eliminated,3.0,False
3,2,Vivica A. Fox,Nick Kosovich,Eliminated Week 4,8,8.0,8.0,8.0,,24.0,3.5,0.10434782608695652,True,0,eliminated,4.0,False
3,2,Monique Coleman,Louis van Amstel,Eliminated Week 8,4,9.0,8.0,9.0,,26.0,2.0,0.11304347826086956,True,0,eliminated,8.0,False
3,2,Joey Lawrence,Edyta Sliwinska,3rd Place,3,10.0,9.0,10.0,,29.0,1.0,0.12608695652173912,True,0,finished,9.0,False
3,2,Mario Lopez,Karina Smirnoff,2nd Place,2,7.0,6.0,8.0,,21.0,8.0,0.09130434782608696,True,0,finished,10.0,False
3,2,Emmitt Smith,Cheryl Burke,1st Place,1,8.0,8.0,8.0,,24.0,3.5,0.10434782608695652,True,0,finished,10.0,False
3,2,Shanna Moakler,Jesse DeSoto,Eliminated Week 2,10,8.0,7.0,7.0,,22.0,6.0,0.09565217391304348,True,1,eliminated,2.0,False
3,2,Willa Ford,Maksim Chmerkoskiy,Eliminated Week 5,7,7.0,8.0,8.0,,23.0,5.0,0.1,True,0,eliminated,5.0,False
3,2,Sara Evans,Tony Dovolani,Withdrew,6,7.0,7.0,7.0,,21.0,8.0,0.09130434782608696,True,0,withdrew,5.0,False
3,2,Jerry Springer,Kym Johnson,Eliminated Week 7,5,7.0,6.0,6.0,,19.0,10.0,0.08260869565217391,True,0,eliminated,7.0,False
3,2,Tucker Carlson,Elena Grinenko,Eliminated Week 1,11,0.0,0.0,0.0,,0.0,,,False,0,eliminated,1.0,True
4,2,John Ratzenberger,Edyta Sliwinska,Eliminated Week 7,6,7.0,7.0,7.0,,21.0,7.5,0.08571428571428572,True,0,eliminated,7.0,False
4,2,Ian Ziering,Cheryl Burke,Eliminated Week 9,4,7.0,8.0,7.0,,22.0,5.0,0.08979591836734693,True,0,eliminated,9.0,False
4,2,Clyde Drexler,Elena Grinenko,Eliminated Week 5,8,6.0,6.0,6.0,,18.0,11.0,0.07346938775510205,True,0,eliminated,5.0,False
4,2,Laila Ali,Maksim Chmerkoskiy,3rd Place,3,9.0,9.0,9.0,,27.0,1.0,0.11020408163265306,True,0,finished,10.0,False
4,2,Apolo Anton Ohno,Julianne Hough,1st Place,1,8.0,9.0,9.0,,26.0,2.0,0.10612244897959183,True,0,finished,10.0,False
4,2,Shandi Finnessey,Brian Fortuna,Eliminated Week 3,10,6.0,7.0,7.0,,20.0,10.0,0.08163265306122448,True,0,eliminated,3.0,False
4,2,Paulina Porizkova,Alec Mazo,Eliminated Week 2,11,7.0,7.0,7.0,,21.0,7.5,0.08571428571428572,True,1,eliminated,2.0,False
4,2,Heather Mills,Jonathan Roberts,Eliminated Week 6,7,8.0,8.0,8.0,,24.0,3.5,0.09795918367346938,True,0,eliminated,6.0,False
4,2,Billy Ray Cyrus,Karina Smirnoff,Eliminated Week 8,5,7.0,7.0,7.0,,21.0,7.5,0.08571428571428572,True,0,eliminated,8.0,False
4,2,Joey Fatone,Kym Johnson,2nd Place,2,8.0,8.0,8.0,,24.0,3.5,0.09795918367346938,True,0,finished,10.0,False
4,2,Leeza Gibbons,Tony Dovolani,Eliminated Week 4,9,7.0,7.0,7.0,,21.0,7.5,0.08571428571428572,True,0,eliminated,4.0,False
5,2,Cameron Mathison,Edyta Sliwinska,Eliminated Week 8,5,7.0,7.0,7.0,,21.0,7.0,0.08823529411764706,True,0,eliminated,8.0,False
5,2,Jane Seymour,Tony Dovolani,Eliminated Week 7,6,7.0,7.0,7.0,,21.0,7.0,0.08823529411764706,True,0,eliminated,7.0,False
5,2,Sabrina Bryan,Mark Ballas,Eliminated Week 6,7,9.0,8.0,9.0,,26.0,2.0,0.1092436974789916,True,0,eliminated,6.0,False
5,2,Jennie Garth,Derek Hough,Eliminated Week 9,4,7.0,7.0,7.0,,21.0,7.0,0.08823529411764706,True,0,eliminated,9.0,False
5,2,Floyd Mayweather Jr. ,Karina Smirnoff,Eliminated Week 4,9,7.0,7.0,7.0,,21.0,7.0,0.08823529411764706,True,0,eliminated,4.0,False
5,2,Josie Maran,Alec Mazo,Eliminated Week 1,12,0.0,0.0,0.0,,0.0,,,False,0,eliminated,1.0,True
5,2,Albert Reed,Anna Trebunskaya,Eliminated Week 2,11,7.0,7.0,7.0,,21.0,7.0,0.08823529411764706,True,1,eliminated,2.0,False
5,2,Helio Castroneves,Julianne Hough,1st Place,1,9.0,9.0,9.0,,27.0,1.0,0.1134453781512605,True,0,finished,10.0,False
5,2,Mel B,Maksim Chmerkoskiy,2nd Place,2,7.0,8.0,8.0,,23.0,4.0,0.09663865546218488,True,0,finished,10.0,False
5,2,Wayne Newton,Cheryl Burke,Eliminated Week 3,10,5.0,5.0,5.0,,15.0,11.0,0.06302521008403361,True,0,eliminated,3.0,False
5,2,Marie Osmond,Jonathan Roberts,3rd Place,3,8.0,8.0,8.0,,24.0,3.0,0.10084033613445378,True,0,finished,10.0,False
5,2,Mark Cuban,Kym Johnson,Eliminated Week 5,8,6.0,6.0,6.0,,18.0,10.0,0.07563025210084033,True,0,eliminated,5.0,False
6,2,Cristian de la Fuente,Cheryl Burke,3rd Place,3,7.0,6.0,7.0,,20.0,8.0,0.07782101167315175,True,0,finished,10.0,False
6,2,Steve Guttenberg,Anna Trebunskaya,Eliminated Week 3,10,6.0,5.0,5.0,,16.0,11.0,0.0622568093385214,True,0,eliminated,3.0,False
6,2,Priscilla Presley,Louis van Amstel,Eliminated Week 5,8,7.0,7.0,7.0,,21.0,6.5,0.08171206225680934,True,0,eliminated,5.0,False
6,2,Marlee Matlin,Fabian Sanchez,Eliminated Week 6,7,8.0,8.0,8.0,,24.0,4.5,0.0933852140077821,True,0,eliminated,6.0,False
6,2,Shannon Elizabeth,Derek Hough,Eliminated Week 7,6,8.0,8.0,8.0,,24.0,4.5,0.0933852140077821,True,0,eliminated,7.0,False
6,2,Marissa Jaret Winokur,Tony Dovolani,Eliminated Week 9,4,7.0,7.0,7.0,,21.0,6.5,0.08171206225680934,True,0,eliminated,9.0,False
6,2,Jason Taylor,Edyta Sliwinska,2nd Place,2,9.0,9.0,9.0,,27.0,1.5,0.10505836575875487,True,0,finished,10.0,False
6,2,Kristi Yamaguchi,Mark Ballas,1st Place,1,9.0,9.0,9.0,,27.0,1.5,0.10505836575875487,True,0,finished,10.0,False
6,2,Monica Seles,Jonathan Roberts,Eliminated Week 2,11,5.0,5.0,5.0,,15.0,12.0,0.058365758754863814,True,1,eliminated,2.0,False
6,2,Penn Jillette,Kym Johnson,Eliminated Week 2,12,6.0,6.0,5.0,,17.0,10.0,0.06614785992217899,True,1,eliminated,2.0,False
6,2,Adam Carolla,Julianne Hough,Eliminated Week 4,9,6.0,7.0,6.0,,19.0,9.0,0.07392996108949416,True,0,eliminated,4.0,False
6,2,Mario,Karina Smirnoff,Eliminated Week 8,5,9.0,8.0,9.0,,26.0,3.0,0.10116731517509728,True,0,eliminated,8.0,False
7,2,Ted McGinley,Inna Brayer,Eliminated Week 1,12,0.0,0.0,0.0,,0.0,,,False,0,eliminated,1.0,True
7,2,Cloris Leachman,Corky Ballas,Eliminated Week 6,7,5.0,5.0,5.0,,15.0,11.0,0.06787330316742081,True,0,eliminated,6.0,False
7,2,Susan Lucci,Tony Dovolani,Eliminated Week 7,6,7.0,7.0,7.0,,21.0,5.0,0.09502262443438914,True,0,eliminated,7.0,False
7,2,Cody Linley,Julianne Hough,Eliminated Week 9,4,7.0,7.0,7.0,,21.0,5.0,0.09502262443438914,True,0,eliminated,9.0,False
7,2,Misty May-Treanor,Maksim Chmerkoskiy,Withdrew,10,7.0,7.0,7.0,,21.0,5.0,0.09502262443438914,True,0,withdrew,2.0,False
7,2,Maurice Greene,Cheryl Burke,Eliminated Week 8,5,7.0,6.0,6.0,,19.0,8.0,0.08597285067873303,True,0,eliminated,8.0,False
7,2,Warren Sapp,Kym Johnson,2nd Place,2,8.0,8.0,8.0,,24.0,1.5,0.1085972850678733,True,0,finished,10.0,False
7,2,Jeffrey Ross,Edyta Sliwinska,Eliminated Week 1,13,0.0,0.0,0.0,,0.0,,,False,0,eliminated,1.0,True
7,2,Toni Braxton,Alec Mazo,Eliminated Week 5,8,7.0,8.0,8.0,,23.0,3.0,0.10407239819004525,True,0,eliminated,5.0,False
7,2,Lance Bass,Lacey Schwimmer,3rd Place,3,7.0,6.0,7.0,,20.0,7.0,0.09049773755656108,True,0,finished,10.0,False
7,2,Kim Kardashian,Mark Ballas,Eliminated Week 2,11,6.0,6.0,5.0,,17.0,9.0,0.07692307692307693,True,1,eliminated,2.0,False
7,2,Rocco DiSpirito,Karina Smirnoff,Eliminated Week 4,9,5.0,6.0,5.0,,16.0,10.0,0.07239819004524888,True,0,eliminated,4.0,False
7,2,Brooke Burke,Derek Hough,1st Place,1,8.0,8.0,8.0,,24.0,1.5,0.1085972850678733,True,0,finished,10.0,False
8,2,Gilles Marini,Cheryl Burke,2nd Place,2,9.0,9.0,9.0,,27.0,1.0,0.1018867924528302,True,0,finished,11.0,False
8,2,Denise Richards,Maksim Chmerkoskiy,Eliminated Week 3,12,7.0,7.0,7.0,,21.0,5.0,0.07924528301886792,True,0,eliminated,3.0,False
8,2,David Alan Grier,Kym Johnson,Eliminated Week 5,9,6.0,5.0,6.0,,17.0,11.5,0.06415094339622641,True,0,eliminated,5.0,False
8,2,Lawrence Taylor,Edyta Sliwinska,Eliminated Week 7,7,7.0,6.0,7.0,,20.0,7.0,0.07547169811320754,True,0,eliminated,7.0,False
8,2,Ty Murray,Chelsie Hightower,Eliminated Week 10,4,7.0,6.0,7.0,,20.0,7.0,0.07547169811320754,True,0,eliminated,10.0,False
8,2,Shawn Johnson,Mark Ballas,1st Place,1,8.0,8.0,8.0,,24.0,3.0,0.09056603773584905,True,0,finished,11.0,False
8,2,Steve Wozniak,Karina Smirnoff,Eliminated Week 4,10,6.0,5.0,6.0,,17.0,11.5,0.06415094339622641,True,0,eliminated,4.0,False
8,2,Belinda Carlisle,Jonathan Roberts,Eliminated Week 2,13,6.0,6.0,6.0,,18.0,9.5,0.06792452830188679,True,1,eliminated,2.0,False
8,2,Chuck Wicks,Julianne Hough,Eliminated Week 8,6,6.0,7.0,7.0,,20.0,7.0,0.07547169811320754,True,0,eliminated,8.0,False
8,2,Lil' Kim,Derek Hough,Eliminated Week 9,5,8.0,7.0,8.0,,23.0,4.0,0.08679245283018867,True,0,eliminated,9.0,False
8,2,Steve-O,Lacey Schwimmer,Eliminated Week 6,8,5.0,4.0,5.0,,14.0,13.0,0.052830188679245285,True,0,eliminated,6.0,False
8,2,Holly Madison,Dmitry Chaplin,Eliminated Week 4,11,6.0,6.0,6.0,,18.0,9.5,0.06792452830188679,True,0,eliminated,4.0,False
8,2,Melissa Rycroft,Tony Dovolani,3rd Place,3,9.0,8.0,9.0,,26.0,2.0,0.09811320754716982,True,0,finished,11.0,False
9,2,Ashley Hamiliton,Edyta Sliwinska,Eliminated Week 1,16,0.0,0.0,0.0,,0.0,,,False,0,eliminated,1.0,True
9,2,Debi Mazar,Maksim Chmerkoskiy,Eliminated Week 3,12,7.0,7.0,7.0,,21.0,5.0,0.07142857142857142,True,0,eliminated,3.0,False
9,2,Melissa Joan Hart,Mark Ballas,Eliminated Week 6,9,7.0,6.0,6.0,,19.0,10.5,0.06462585034013606,True,0,eliminated,6.0,False
9,2,Mark Dacascos,Lacey Schwimmer,Eliminated Week 7,6,7.0,7.0,7.0,,21.0,5.0,0.07142857142857142,True,0,eliminated,7.0,False
9,2,Chuck Liddell,Anna Trebunskaya,Eliminated Week 4,11,6.0,7.0,6.0,,19.0,10.5,0.06462585034013606,True,0,eliminated,4.0,False
9,2,Natalie Coughlin,Alec Mazo,Eliminated Week 5,10,7.0,7.0,7.0,,21.0,5.0,0.07142857142857142,True,0,eliminated,5.0,False
9,2,Louie Vito,Chelsie Hightower,Eliminated Week 6,8,6.0,7.0,6.0,,19.0,10.5,0.06462585034013606,True,0,eliminated,6.0,False
9,2,Michael Irvin,Anna Demidova,Eliminated Week 7,7,7.0,7.0,6.0,,20.0,7.5,0.06802721088435375,True,0,eliminated,7.0,False
9,2,Joanna Krupa,Derek Hough,Eliminated Week 9,4,6.0,7.0,7.0,,20.0,7.5,0.06802721088435375,True,0,eliminated,9.0,False
9,2,Kathy Ireland,Tony Dovolani,Eliminated Week 2,14,6.0,6.0,6.0,,18.0,13.5,0.061224489795918366,True,1,eliminated,2.0,False
9,2,Tom DeLay,Cheryl Burke,Withdrew,13,6.0,6.0,6.0,,18.0,13.5,0.061224489795918366,True,0,withdrew,3.0,False
9,2,Macy Gray,Jonathan Roberts,Eliminated Week 1,15,0.0,0.0,0.0,,0.0,,,False,0,eliminated,1.0,True
9,2,Aaron Carter,Karina Smirnoff,Eliminated Week 8,5,9.0,9.0,9.0,,27.0,1.5,0.09183673469387756,True,0,eliminated,8.0,False
9,2,Mya,Dmitry Chaplin,2nd Place,2,9.0,9.0,9.0,,27.0,1.5,0.09183673469387756,True,0,finished,10.0,False
9,2,Donny Osmond,Kym Johnson,1st Place,1,8.0,9.0,8.0,,25.0,3.0,0.08503401360544217,True,0,finished,10.0,False
9,2,Kelly Osbourne,Louis van Amstel,3rd Place,3,6.0,7.0,6.0,,19.0,10.5,0.06462585034013606,True,0,finished,10.0,False
10,2,Aiden Turner,Edyta Sliwinska,Eliminated Week 4,9,7.0,6.0,6.0,,19.0,8.0,0.08636363636363636,True,0,eliminated,4.0,False
10,2,Shannen Doherty,Mark Ballas,Eliminated Week 2,11,7.0,6.0,7.0,,20.0,6.5,0.09090909090909091,True,1,eliminated,2.0,False
10,2,Niecy Nash,Louis van Amstel,Eliminated Week 8,5,7.0,7.0,7.0,,21.0,5.0,0.09545454545454546,True,0,eliminated,8.0,False
10,2,Buzz Aldrin,Ashly DelGrosso,Eliminated Week 3,10,4.0,4.0,4.0,,12.0,11.0,0.05454545454545454,True,0,eliminated,3.0,False
10,2,Chad Ochocinco,Cheryl Burke,Eliminated Week 9,4,6.0,5.0,5.0,,16.0,9.0,0.07272727272727272,True,0,eliminated,9.0,False
10,2,Evan Lysacek,Anna Trebunskaya,2nd Place,2,8.0,8.0,8.0,,24.0,2.0,0.10909090909090909,True,0,finished,10.0,False
10,2,Pamela Anderson,Damian Whitewood,Eliminated Week 7,6,7.0,7.0,8.0,,22.0,4.0,0.1,True,0,eliminated,7.0,False
10,2,Nicole Scherzinger,Derek Hough,1st Place,1,10.0,8.0,10.0,,28.0,1.0,0.12727272727272726,True,0,finished,10.0,False
10,2,Erin Andrews,Maksim Chmerkoskiy,3rd Place,3,8.0,7.0,8.0,,23.0,3.0,0.10454545454545454,True,0,finished,10.0,False
10,2,Kate Gosselin,Tony Dovolani,Eliminated Week 5,8,5.0,5.0,5.0,,15.0,10.0,0.06818181818181818,True,0,eliminated,5.0,False
10,2,Jake Pavelka,Chelsie Hightower,Eliminated Week 6,7,6.0,7.0,7.0,,20.0,6.5,0.09090909090909091,True,0,eliminated,6.0,False
11,2,David Hasselhoff,Kym Johnson,Eliminated Week 1,12,0.0,0.0,0.0,,0.0,,,False,0,eliminated,1.0,True
11,2,Florence Henderson,Corky Ballas,Eliminated Week 5,8,7.0,6.0,6.0,,19.0,8.0,0.08597285067873303,True,0,eliminated,5.0,False
11,2,Kyle Massey,Lacey Schwimmer,2nd Place,2,8.0,7.0,7.0,,22.0,3.5,0.09954751131221719,True,0,finished,10.0,False
11,2,Jennifer Grey,Derek Hough,1st Place,1,8.0,8.0,8.0,,24.0,1.0,0.1085972850678733,True,0,finished,10.0,False
11,2,Rick Fox,Cheryl Burke,Eliminated Week 7,6,7.0,7.0,7.0,,21.0,6.0,0.09502262443438914,True,0,eliminated,7.0,False
11,2,Kurt Warner,Anna Trebunskaya,Eliminated Week 8,5,7.0,7.0,7.0,,21.0,6.0,0.09502262443438914,True,0,eliminated,8.0,False
11,2,Margaret Cho,Louis van Amstel,Eliminated Week 3,10,6.0,6.0,6.0,,18.0,9.5,0.08144796380090498,True,0,eliminated,3.0,False
11,2,Michael Bolton,Chelsie Hightower,Eliminated Week 2,11,4.0,5.0,3.0,,12.0,11.0,0.05429864253393665,True,1,eliminated,2.0,False
11,2,Brandy,Maksim Chmerkoskiy,Eliminated Week 9,4,7.0,7.0,7.0,,21.0,6.0,0.09502262443438914,True,0,eliminated,9.0,False
11,2,The Situation,Karina Smirnoff,Eliminated Week 4,9,6.0,6.0,6.0,,18.0,9.5,0.08144796380090498,True,0,eliminated,4.0,False
11,2,Audrina Patridge,Tony Dovolani,Eliminated Week 6,7,8.0,8.0,7.0,,23.0,2.0,0.10407239819004525,True,0,eliminated,6.0,False
11,2,Bristol Palin,Mark Ballas,3rd Place,3,7.0,8.0,7.0,,22.0,3.5,0.09954751131221719,True,0,finished,10.0,False
12,2,Ralph Macchio,Karina Smirnoff,Eliminated Week 9,4,7.0,7.0,7.0,,21.0,4.0,0.09722222222222222,True,0,eliminated,9.0,False
12,2,Chelsea Kane,Mark Ballas,3rd Place,3,6.0,5.0,7.0,,18.0,7.5,0.08333333333333333,True,0,finished,10.0,False
12,2,Kirstie Alley,Maksim Chmerkoskiy,2nd Place,2,7.0,6.0,7.0,,20.0,5.0,0.09259259259259259,True,0,finished,10.0,False
12,2,Hines Ward,Kym Johnson,1st Place,1,8.0,7.0,8.0,,23.0,2.0,0.10648148148148148,True,0,finished,10.0,False
12,2,Sugar Ray Leonard,Anna Trebunskaya,Eliminated Week 4,9,6.0,5.0,6.0,,17.0,10.0,0.0787037037037037,True,0,eliminated,4.0,False
12,2,Chris Jericho,Cheryl Burke,Eliminated Week 6,7,8.0,7.0,8.0,,23.0,2.0,0.10648148148148148,True,0,eliminated,6.0,False
12,2,Petra Nemcova,Dmitry Chaplin,Eliminated Week 5,8,6.0,6.0,6.0,,18.0,7.5,0.08333333333333333,True,0,eliminated,5.0,False
12,2,Mike Catherwood,Lacey Schwimmer,Eliminated Week 2,11,6.0,5.0,6.0,,17.0,10.0,0.0787037037037037,True,1,eliminated,2.0,False
12,2,Romeo,Chelsie Hightower,Eliminated Week 8,5,7.0,8.0,8.0,,23.0,2.0,0.10648148148148148,True,0,eliminated,8.0,False
12,2,Wendy Williams,Tony Dovolani,Eliminated Week 3,10,6.0,5.0,6.0,,17.0,10.0,0.0787037037037037,True,0,eliminated,3.0,False
12,2,Kendra Wilkinson,Louis van Amstel,Eliminated Week 7,6,7.0,6.0,6.0,,19.0,6.0,0.08796296296296297,True,0,eliminated,7.0,False
13,2,Elisabetta Canalis,Valentin Chmerkovskiy,Eliminated Week 2,11,7.0,7.0,7.0,,21.0,5.5,0.09417040358744394,True,1,eliminated,2.0,False
13,2,David Arquette,Kym Johnson,Eliminated Week 7,6,6.0,6.0,6.0,,18.0,9.5,0.08071748878923767,True,0,eliminated,7.0,False
13,2,Ricki Lake,Derek Hough,3rd Place,3,8.0,7.0,8.0,,23.0,1.0,0.1031390134529148,True,0,finished,10.0,False
13,2,J.R. Martinez,Karina Smirnoff,1st Place,1,7.0,7.0,8.0,,22.0,2.5,0.09865470852017937,True,0,finished,10.0,False
13,2,Metta World Peace (Ron),Peta Murgatroyd,Eliminated Week 1,12,0.0,0.0,0.0,,0.0,,,False,0,eliminated,1.0,True
13,2,Hope Solo,Maksim Chmerkoskiy,Eliminated Week 9,4,6.0,7.0,6.0,,19.0,8.0,0.08520179372197309,True,0,eliminated,9.0,False
13,2,Chynna Phillips,Tony Dovolani,Eliminated Week 4,9,7.0,7.0,7.0,,21.0,5.5,0.09417040358744394,True,0,eliminated,4.0,False
13,2,Kristin Cavallari,Mark Ballas,Eliminated Week 3,10,8.0,7.0,7.0,,22.0,2.5,0.09865470852017937,True,0,eliminated,3.0,False
13,2,Carson Kressley,Anna Trebunskaya,Eliminated Week 5,8,6.0,6.0,6.0,,18.0,9.5,0.08071748878923767,True,0,eliminated,5.0,False
13,2,Chaz Bono,Lacey Schwimmer,Eliminated Week 6,7,6.0,5.0,6.0,,17.0,11.0,0.07623318385650224,True,0,eliminated,6.0,False
13,2,Nancy Grace,Tristan MacManus,Eliminated Week 8,5,6.0,8.0,7.0,,21.0,5.5,0.09417040358744394,True,0,eliminated,8.0,False
13,2,Rob Kardashian,Cheryl Burke,2nd Place,2,7.0,7.0,7.0,,21.0,5.5,0.09417040358744394,True,0,finished,10.0,False
14,2,William Levy,Cheryl Burke,3rd Place,3,9.0,7.0,9.0,,25.0,3.5,0.09293680297397769,True,0,finished,10.0,False
14,2,Jack Wagner,Anna Trebunskaya,Eliminated Week 3,11,7.0,7.0,7.0,,21.0,8.5,0.07806691449814127,True,0,eliminated,3.0,False
14,2,Sherri Sheperd,Valentin Chmerkovskiy,Eliminated Week 4,10,8.0,7.0,8.0,,23.0,6.0,0.08550185873605948,True,0,eliminated,4.0,False
14,2,Jaleel White,Kym Johnson,Eliminated Week 7,7,7.0,7.0,8.0,,22.0,7.0,0.08178438661710037,True,0,eliminated,7.0,False
14,2,Roshon Fegan,Chelsie Hightower,Eliminated Week 8,6,9.0,8.0,9.0,,26.0,1.5,0.09665427509293681,True,0,eliminated,8.0,False
14,2,Melissa Gilbert,Maksim Chmerkoskiy,Eliminated Week 8,5,7.0,6.0,7.0,,20.0,10.0,0.07434944237918216,True,0,eliminated,8.0,False
14,2,Martina Navratilova,Tony Dovolani,Eliminated Week 2,12,6.0,5.0,6.0,,17.0,12.0,0.06319702602230483,True,1,eliminated,2.0,False
14,2,Donald Driver,Peta Murgatroyd,1st Place,1,8.0,8.0,8.0,,24.0,5.0,0.08921933085501858,True,0,finished,10.0,False
14,2,Gavin DeGraw,Karina Smirnoff,Eliminated Week 5,9,7.0,7.0,7.0,,21.0,8.5,0.07806691449814127,True,0,eliminated,5.0,False
14,2,Gladys Knight,Tristan MacManus,Eliminated Week 6,8,7.0,5.0,7.0,,19.0,11.0,0.07063197026022305,True,0,eliminated,6.0,False
14,2,Katherine Jenkins,Mark Ballas,2nd Place,2,9.0,8.0,9.0,,26.0,1.5,0.09665427509293681,True,0,finished,10.0,False
14,2,Maria Menounos,Derek Hough,Eliminated Week 9,4,8.0,8.0,9.0,,25.0,3.5,0.09293680297397769,True,0,eliminated,9.0,False
15,2,Gilles Marini,Peta Murgatroyd,Eliminated Week 8,6,8.5,8.5,8.5,,25.5,2.0,0.09239130434782608,True,0,eliminated,8.0,False
15,2,Sabrina Bryan,Louis van Amstel,Eliminated Week 6,8,9.0,8.5,8.5,,26.0,1.0,0.09420289855072464,True,0,eliminated,6.0,False
15,2,Kirstie Alley,Maksim Chmerkoskiy,Eliminated Week 8,7,7.0,7.0,7.0,,21.0,11.0,0.07608695652173914,True,0,eliminated,8.0,False
15,2,Kelly Monaco,Valentin Chmerkovskiy,3rd Place,3,7.5,7.0,7.5,,22.0,10.0,0.07971014492753623,True,0,finished,10.0,False
15,2,Apolo Anton Ohno,Karina Smirnoff,Eliminated Week 9,5,8.5,8.0,8.0,,24.5,4.0,0.08876811594202899,True,0,eliminated,9.0,False
15,2,Emmitt Smith,Cheryl Burke,Eliminated Week 9,4,7.5,7.5,7.5,,22.5,8.0,0.08152173913043478,True,0,eliminated,9.0,False
15,2,Shawn Johnson,Derek Hough,2nd Place,2,8.5,8.0,8.5,,25.0,3.0,0.09057971014492754,True,0,finished,10.0,False
15,2,Pamela Anderson,Tristan MacManus,Eliminated Week 1,13,0.0,0.0,0.0,,0.0,,,False,0,eliminated,1.0,True
15,2,Helio Castroneves,Chelsie Hightower,Eliminated Week 3,10,8.0,7.5,7.5,,23.0,6.0,0.08333333333333333,True,0,eliminated,3.0,False
15,2,Joey Fatone,Kym Johnson,Eliminated Week 2,12,7.5,7.5,7.5,,22.5,8.0,0.08152173913043478,True,1,eliminated,2.0,False
15,2,Drew Lachey,Anna Trebunskaya,Eliminated Week 3,11,7.5,7.5,7.5,,22.5,8.0,0.08152173913043478,True,0,eliminated,3.0,False
15,2,Bristol Palin,Mark Ballas,Eliminated Week 4,9,6.0,6.0,6.0,,18.0,12.0,0.06521739130434782,True,0,eliminated,4.0,False
15,2,Melissa Rycroft,Tony Dovolani,1st Place,1,8.0,8.0,7.5,,23.5,5.0,0.08514492753623189,True,0,finished,10.0,False
16,2,Ingo Rademacher,Kym Johnson,Eliminated Week 9,5,6.0,7.0,7.0,,20.0,6.0,0.08196721311475409,True,0,eliminated,9.0,False
16,2,Zendaya,Valentin Chmerkovskiy,2nd Place,2,9.0,8.0,9.0,,26.0,1.5,0.10655737704918032,True,0,finished,10.0,False
16,2,Dorothy Hamill,Tristan MacManus,Withdrew,12,5.0,5.0,5.0,,15.0,12.0,0.06147540983606557,True,0,withdrew,2.0,False
16,2,Victor Ortiz,Lindsay Arnold,Eliminated Week 6,8,6.0,6.0,6.0,,18.0,9.0,0.07377049180327869,True,0,eliminated,6.0,False
16,2,Alexandra Raisman,Mark Ballas,Eliminated Week 10,4,8.0,8.0,8.0,,24.0,3.0,0.09836065573770492,True,0,eliminated,10.0,False
16,2,Jacoby Jones,Karina Smirnoff,3rd Place,3,8.0,7.0,8.0,,23.0,4.0,0.0942622950819672,True,0,finished,10.0,False
16,2,D. L. Hughley,Cheryl Burke,Eliminated Week 5,9,5.0,5.0,6.0,,16.0,11.0,0.06557377049180328,True,0,eliminated,5.0,False
16,2,Andy Dick,Sharna Burgess,Eliminated Week 7,7,7.0,6.0,7.0,,20.0,6.0,0.08196721311475409,True,0,eliminated,7.0,False
16,2,Wynonna Judd,Tony Dovolani,Eliminated Week 3,11,6.0,6.0,6.0,,18.0,9.0,0.07377049180327869,True,0,eliminated,3.0,False
16,2,Kellie Pickler,Derek Hough,1st Place,1,9.0,8.0,9.0,,26.0,1.5,0.10655737704918032,True,0,finished,10.0,False
16,2,Lisa Vanderpump,Gleb Savchenko,Eliminated Week 4,10,6.0,6.0,6.0,,18.0,9.0,0.07377049180327869,True,0,eliminated,4.0,False
16,2,Sean Lowe,Peta Murgatroyd,Eliminated Week 8,6,7.0,6.0,7.0,,20.0,6.0,0.08196721311475409,True,0,eliminated,8.0,False
17,2,Valerie Harper,Tristan MacManus,Eliminated Week 4,10,6.0,6.0,7.0,,19.0,10.0,0.07142857142857142,True,0,eliminated,4.0,False
17,2,Brant Daugherty,Peta Murgatroyd,Eliminated Week 8,7,8.0,7.0,8.0,,23.0,7.0,0.08646616541353383,True,0,eliminated,8.0,False
17,2,Elizabeth Berkley Lauren,Valentin Chmerkovskiy,Eliminated Week 9,6,8.0,9.0,8.0,,25.0,2.5,0.09398496240601503,True,0,eliminated,9.0,False
17,2,Leah Remini,Tony Dovolani,Eliminated Week 10,5,8.0,8.0,8.0,,24.0,5.0,0.09022556390977443,True,0,eliminated,10.0,False
17,2,Corbin Bleu,Karina Smirnoff,2nd Place,2,9.0,8.0,9.0,,26.0,1.0,0.09774436090225563,True,0,finished,11.0,False
17,2,Amber Riley,Derek Hough,1st Place,1,8.0,8.0,8.0,,24.0,5.0,0.09022556390977443,True,0,finished,11.0,False
17,2,Keyshawn Johnson,Sharna Burgess,Eliminated Week 2,12,6.0,6.0,6.0,,18.0,11.0,0.06766917293233082,True,1,eliminated,2.0,False
17,2,Bill Engvall,Emma Slater,Eliminated Week 11,4,7.0,7.0,7.0,,21.0,8.0,0.07894736842105263,True,0,eliminated,11.0,False
17,2,Christina Milian,Mark Ballas,Eliminated Week 5,9,9.0,8.0,8.0,,25.0,2.5,0.09398496240601503,True,0,eliminated,5.0,False
17,2,"Nicole ""Snooki"" Polizzi",Sasha Farber,Eliminated Week 7,8,6.0,7.0,7.0,,20.0,9.0,0.07518796992481203,True,0,eliminated,7.0,False
17,2,Jack Osbourne,Cheryl Burke,3rd Place,3,8.0,8.0,8.0,,24.0,5.0,0.09022556390977443,True,0,finished,11.0,False
17,2,Bill Nye,Tyne Stecklein,Eliminated Week 3,11,6.0,5.0,6.0,,17.0,12.0,0.06390977443609022,True,0,eliminated,3.0,False
18,2,Billy Dee Williams,Emma Slater,Withdrew,10,5.0,5.0,5.0,,15.0,11.0,0.06147540983606557,True,0,withdrew,2.0,False
18,2,Danica McKellar,Valentin Chmerkovskiy,Eliminated Week 8,6,8.0,8.0,8.0,,24.0,4.5,0.09836065573770492,True,0,eliminated,8.0,False
18,2,James Maslow,Peta Murgatroyd,Eliminated Week 10,4,9.0,8.0,8.0,,25.0,2.0,0.10245901639344263,True,0,eliminated,10.0,False
18,2,Candace Cameron Bure,Mark Ballas,3rd Place,3,7.0,7.0,7.0,,21.0,8.5,0.0860655737704918,True,0,finished,10.0,False
18,2,Sean Avery,Karina Smirnoff,Eliminated Week 2,11,7.0,7.0,7.0,,21.0,8.5,0.0860655737704918,True,1,eliminated,2.0,False
18,2,Diana Nyad,Henry Byalikov,Eliminated Week 2,12,0.0,0.0,0.0,,0.0,12.0,0.0,True,1,eliminated,2.0,False
18,2,Charlie White,Sharna Burgess,Eliminated Week 9,5,9.0,7.0,9.0,,25.0,2.0,0.10245901639344263,True,0,eliminated,9.0,False
18,2,Amy Purdy,Derek Hough,2nd Place,2,8.0,8.0,8.0,,24.0,4.5,0.09836065573770492,True,0,finished,10.0,False
18,2,Meryl Davis,Maksim Chmerkoskiy,1st Place,1,8.0,9.0,8.0,,25.0,2.0,0.10245901639344263,True,0,finished,10.0,False
18,2,Drew Carey,Cheryl Burke,Eliminated Week 6,8,7.0,7.0,7.0,,21.0,8.5,0.0860655737704918,True,0,eliminated,6.0,False
18,2,Cody Simpson,Witney Carson,Eliminated Week 5,9,7.0,7.0,8.0,,22.0,6.0,0.09016393442622951,True,0,eliminated,5.0,False
18,2,NeNe Leakes,Tony Dovolani,Eliminated Week 7,7,7.0,7.0,7.0,,21.0,8.5,0.0860655737704918,True,0,eliminated,7.0,False
19,2,Antonio Sabato Jr.,Cheryl Burke,Eliminated Week 7,8,8.0,7.0,8.0,8.0,31.0,5.5,0.0856353591160221,True,0,eliminated,7.0,False
19,2,Jonathan Bennett,Allison Holker,Eliminated Week 6,9,7.0,7.0,8.0,8.0,30.0,7.0,0.08287292817679558,True,0,eliminated,6.0,False
19,2,Lea Thompson,Artem Chigvintsev,Eliminated Week 9,6,9.0,8.0,9.0,9.0,35.0,1.0,0.09668508287292818,True,0,eliminated,9.0,False
19,2,Janel Parrish,Valentin Chmerkovskiy,3rd Place,3,9.0,8.0,8.0,9.0,34.0,2.0,0.09392265193370165,True,0,finished,11.0,False
19,2,Alfonso Ribeiro,Witney Carson,1st Place,1,8.0,8.0,8.0,8.0,32.0,4.0,0.08839779005524862,True,0,finished,11.0,False
19,2,Lolo Jones,Keo Motsepe,Eliminated Week 1,13,0.0,0.0,0.0,0.0,0.0,,,False,0,eliminated,1.0,True
19,2,Randy Couture,Karina Smirnoff,Eliminated Week 3,11,7.0,7.0,7.0,7.0,28.0,9.5,0.07734806629834254,True,0,eliminated,3.0,False
19,2,Tommy Chong,Peta Murgatroyd,Eliminated Week 10,5,7.0,7.0,7.0,7.0,28.0,9.5,0.07734806629834254,True,0,eliminated,10.0,False
19,2,Betsey Johnson,Tony Dovolani,Eliminated Week 4,10,7.0,7.0,7.0,7.0,28.0,9.5,0.07734806629834254,True,0,eliminated,4.0,False
19,2,Michael Waltrip,Emma Slater,Eliminated Week 8,7,6.0,6.0,6.0,6.0,24.0,12.0,0.06629834254143646,True,0,eliminated,8.0,False
19,2,Tavis Smiley,Sharna Burgess,Eliminated Week 2,12,7.0,7.0,7.0,7.0,28.0,9.5,0.07734806629834254,True,1,eliminated,2.0,False
19,2,Bethany Mota,Derek Hough,Eliminated Week 11,4,8.0,9.0,8.0,8.0,33.0,3.0,0.09116022099447514,True,0,eliminated,11.0,False
19,2,Sadie Robertson,Mark Ballas,2nd Place,2,8.0,7.0,8.0,8.0,31.0,5.5,0.0856353591160221,True,0,finished,11.0,False
20,2,Suzanne Somers,Tony Dovolani,Eliminated Week 5,9,7.0,7.0,7.0,7.0,28.0,7.5,0.08069164265129683,True,0,eliminated,5.0,False
20,2,Willow Shields,Mark Ballas,Eliminated Week 7,7,8.0,8.0,8.0,8.0,32.0,3.0,0.09221902017291066,True,0,eliminated,7.0,False
20,2,Riker Lynch,Allison Holker,2nd Place,2,8.0,8.0,8.0,8.0,32.0,3.0,0.09221902017291066,True,0,finished,10.0,False
20,2,Rumer Willis,Valentin Chmerkovskiy,1st Place,1,8.0,8.0,8.0,8.0,32.0,3.0,0.09221902017291066,True,0,finished,10.0,False
20,2,Nastia Liukin,Derek Hough,Eliminated Week 9,4,9.0,8.0,8.0,9.0,34.0,1.0,0.09798270893371758,True,0,eliminated,9.0,False
20,2,Michael Sam,Peta Murgatroyd,Eliminated Week 4,10,7.0,7.0,7.0,7.0,28.0,7.5,0.08069164265129683,True,0,eliminated,4.0,False
20,2,Robert Herjavec,Kym Johnson,Eliminated Week 8,6,7.0,7.0,7.0,7.0,28.0,7.5,0.08069164265129683,True,0,eliminated,8.0,False
20,2,Charlotte McKinney,Keo Motsepe,Eliminated Week 3,11,7.0,6.0,7.0,6.0,26.0,11.0,0.07492795389048991,True,0,eliminated,3.0,False
20,2,Noah Galloway,Sharna Burgess,3rd Place,3,7.0,6.0,7.0,7.0,27.0,10.0,0.07780979827089338,True,0,finished,10.0,False
20,2,Redfoo,Emma Slater,Eliminated Week 2,12,8.0,7.0,8.0,8.0,31.0,5.0,0.0893371757925072,True,1,eliminated,2.0,False
20,2,Patti LaBelle,Artem Chigvintsev,Eliminated Week 6,8,7.0,7.0,7.0,7.0,28.0,7.5,0.08069164265129683,True,0,eliminated,6.0,False
20,2,Chris Soules,Witney Carson,Eliminated Week 8,5,5.0,6.0,5.0,5.0,21.0,12.0,0.06051873198847262,True,0,eliminated,8.0,False
21,2,Gary Busey,Anna Trebunskaya,Eliminated Week 4,10,5.5,5.5,5.5,,16.5,12.0,0.06099815157116451,True,0,eliminated,4.0,False
21,2,Alexa PenaVega,Mark Ballas,Eliminated Week 9,6,7.5,7.5,8.0,,23.0,3.0,0.08502772643253234,True,0,eliminated,9.0,False
21,2,Carlos PenaVega,Witney Carson,Eliminated Week 11,4,7.5,7.5,7.5,,22.5,5.5,0.08317929759704251,True,0,eliminated,11.0,False
21,2,Victor Espinoza,Karina Smirnoff,Eliminated Week 2,12,6.5,5.5,6.5,,18.5,10.0,0.06839186691312385,True,1,eliminated,2.0,False
21,2,Alek Skarlatos,Lindsay Arnold,3rd Place,3,7.5,7.0,8.0,,22.5,5.5,0.08317929759704251,True,0,finished,11.0,False
21,2,Chaka Khan,Keo Motsepe,Eliminated Week 2,13,5.0,5.0,5.0,,15.0,13.0,0.05545286506469501,True,1,eliminated,2.0,False
21,2,Andy Grammer,Allison Holker,Eliminated Week 8,7,7.5,7.5,7.0,,22.0,8.0,0.08133086876155268,True,0,eliminated,8.0,False
21,2,Tamar Braxton,Valentin Chmerkovskiy,Withdrew,5,8.0,8.0,8.5,,24.5,1.0,0.09057301293900184,True,0,withdrew,9.0,False
21,2,Nick Carter,Sharna Burgess,2nd Place,2,7.5,7.5,7.5,,22.5,5.5,0.08317929759704251,True,0,finished,11.0,False
21,2,Hayes Grier,Emma Slater,Eliminated Week 7,8,8.0,7.0,7.5,,22.5,5.5,0.08317929759704251,True,0,eliminated,7.0,False
21,2,Bindi Irwin,Derek Hough,1st Place,1,8.0,8.0,8.0,,24.0,2.0,0.08872458410351201,True,0,finished,11.0,False
21,2,Kim Zolciak-Biermann,Tony Dovolani,Withdrew,11,6.5,6.0,6.0,,18.5,10.0,0.06839186691312385,True,0,withdrew,2.0,False
21,2,Paula Deen,Louis van Amstel,Eliminated Week 6,9,6.5,6.0,6.0,,18.5,10.0,0.06839186691312385,True,0,eliminated,6.0,False
22,2,Mischa Barton,Artem Chigvintsev,Eliminated Week 3,11,5.0,5.0,5.0,,15.0,11.0,0.0635593220338983,True,0,eliminated,3.0,False
22,2,Kim Fields,Sasha Farber,Eliminated Week 7,8,7.0,6.0,6.0,,19.0,9.5,0.08050847457627118,True,0,eliminated,7.0,False
22,2,Jodie Sweetin,Keo Motsepe,Eliminated Week 8,6,7.0,7.0,7.0,,21.0,3.5,0.08898305084745763,True,0,eliminated,8.0,False
22,2,Doug Flutie,Karina Smirnoff,Eliminated Week 6,9,7.0,6.0,7.0,,20.0,6.5,0.0847457627118644,True,0,eliminated,6.0,False
22,2,Von Miller,Witney Carson,Eliminated Week 7,7,7.0,6.0,7.0,,20.0,6.5,0.0847457627118644,True,0,eliminated,7.0,False
22,2,Antonio Brown,Sharna Burgess,Eliminated Week 9,5,6.0,6.0,7.0,,19.0,9.5,0.08050847457627118,True,0,eliminated,9.0,False
22,2,Paige VanZant,Mark Ballas,2nd Place,2,8.0,8.0,8.0,,24.0,1.5,0.1016949152542373,True,0,finished,10.0,False
22,2,Geraldo Rivera,Edyta Sliwinska,Eliminated Week 2,12,5.0,4.0,4.0,,13.0,12.0,0.05508474576271186,True,1,eliminated,2.0,False
22,2,Nyle DiMarco,Peta Murgatroyd,1st Place,1,7.0,6.0,7.0,,20.0,6.5,0.0847457627118644,True,0,finished,10.0,False
22,2,Ginger Zee,Valentin Chmerkovskiy,3rd Place,3,7.0,7.0,7.0,,21.0,3.5,0.08898305084745763,True,0,finished,10.0,False
22,2,Wanya Morris,Lindsay Arnold,Eliminated Week 9,4,8.0,8.0,8.0,,24.0,1.5,0.1016949152542373,True,0,eliminated,9.0,False
22,2,Marla Maples,Tony Dovolani,Eliminated Week 4,10,7.0,6.0,7.0,,20.0,6.5,0.0847457627118644,True,0,eliminated,4.0,False
23,2,Jake T. Austin,Jenna Johnson,Eliminated Week 2,13,6.0,6.0,6.0,6.0,24.0,11.0,0.06818181818181818,True,1,eliminated,2.0,False
23,2,Maureen McCormick,Artem Chigvintsev,Eliminated Week 7,8,7.0,6.0,6.0,7.0,26.0,8.5,0.07386363636363637,True,0,eliminated,7.0,False
23,2,Marilu Henner,Derek Hough,Eliminated Week 9,6,7.0,6.0,7.0,7.0,27.0,7.0,0.07670454545454546,True,0,eliminated,9.0,False
23,2,Ryan Lochte,Cheryl Burke,Eliminated Week 8,7,6.0,6.0,6.0,6.0,24.0,11.0,0.06818181818181818,True,0,eliminated,8.0,False
23,2,Calvin Johnson Jr.,Lindsay Arnold,3rd Place,3,7.0,7.0,7.0,7.0,28.0,6.0,0.07954545454545454,True,0,finished,11.0,False
23,2,Laurie Hernandez,Valentin Chmerkovskiy,1st Place,1,8.0,8.0,8.0,8.0,32.0,1.0,0.09090909090909091,True,0,finished,11.0,False
23,2,Amber Rose,Maksim Chmerkoskiy,Eliminated Week 6,9,6.0,6.0,6.0,6.0,24.0,11.0,0.06818181818181818,True,0,eliminated,6.0,False
23,2,Rick Perry,Emma Slater,Eliminated Week 3,12,6.0,5.0,6.0,5.0,22.0,13.0,0.0625,True,0,eliminated,3.0,False
23,2,James Hinchcliffe,Sharna Burgess,2nd Place,2,7.0,7.0,7.0,8.0,29.0,4.5,0.08238636363636363,True,0,finished,11.0,False
23,2,Babyface,Allison Holker,Eliminated Week 4,11,8.0,7.0,7.0,8.0,30.0,3.0,0.08522727272727272,True,0,eliminated,4.0,False
23,2,Vanilla Ice,Witney Carson,Eliminated Week 4,10,6.0,7.0,6.0,7.0,26.0,8.5,0.07386363636363637,True,0,eliminated,4.0,False
23,2,Jana Kramer,Gleb Savchenko,Eliminated Week 11,4,7.0,8.0,7.0,7.0,29.0,4.5,0.08238636363636363,True,0,eliminated,11.0,False
23,2,Terra Jole,Sasha Farber,Eliminated Week 10,5,8.0,7.0,8.0,8.0,31.0,2.0,0.08806818181818182,True,0,eliminated,10.0,False
24,2,Charo,Keo Motsepe,Eliminated Week 3,11,6.0,6.0,7.0,6.0,25.0,9.5,0.07621951219512195,True,0,eliminated,3.0,False
24,2,Mr. T,Kym Herjavec,Eliminated Week 4,10,6.0,5.0,6.0,5.0,22.0,11.5,0.06707317073170732,True,0,eliminated,4.0,False
24,2,Heather Morris,Maksim Chmerkoskiy,Eliminated Week 6,8,8.0,6.0,8.0,8.0,30.0,3.0,0.09146341463414634,True,0,eliminated,6.0,False
24,2,Nancy Kerrigan,Artem Chigvintsev,Eliminated Week 7,7,7.0,7.0,7.0,7.0,28.0,6.0,0.08536585365853659,True,0,eliminated,7.0,False
24,2,Bonner Bolton,Sharna Burgess,Eliminated Week 8,5,8.0,5.0,8.0,7.0,28.0,6.0,0.08536585365853659,True,0,eliminated,8.0,False
24,2,Simone Biles,Sasha Farber,Eliminated Week 9,4,7.0,7.0,7.0,8.0,29.0,4.0,0.08841463414634146,True,0,eliminated,9.0,False
24,2,David Ross,Lindsay Arnold,2nd Place,2,7.0,6.0,7.0,7.0,27.0,8.0,0.08231707317073171,True,0,finished,10.0,False
24,2,Rashad Jennings,Emma Slater,1st Place,1,8.0,8.0,8.0,8.0,32.0,1.5,0.0975609756097561,True,0,finished,10.0,False
24,2,Chris Kattan,Witney Carson,Eliminated Week 2,12,6.0,5.0,6.0,5.0,22.0,11.5,0.06707317073170732,True,1,eliminated,2.0,False
24,2,Erika Jayne,Gleb Savchenko,Eliminated Week 5,9,7.0,7.0,7.0,7.0,28.0,6.0,0.08536585365853659,True,0,eliminated,5.0,False
24,2,Normani,Valentin Chmerkovskiy,3rd Place,3,8.0,8.0,8.0,8.0,32.0,1.5,0.0975609756097561,True,0,finished,10.0,False
24,2,Nick Viall,Peta Murgatroyd,Eliminated Week 7,6,7.0,5.0,7.0,6.0,25.0,9.5,0.07621951219512195,True,0,eliminated,7.0,False
25,2,Sasha Pieterse,Gleb Savchenko,Eliminated Week 5,10,8.0,7.5,7.0,,22.5,4.5,0.08226691042047532,True,0,eliminated,5.0,False
25,2,Frankie Muniz,Witney Carson,3rd Place,3,8.0,7.5,8.5,,24.0,1.5,0.08775137111517367,True,0,finished,10.0,False
25,2,Jordan Fisher,Lindsay Arnold,1st Place,1,8.0,8.0,8.0,,24.0,1.5,0.08775137111517367,True,0,finished,10.0,False
25,2,Derek Fisher,Sharna Burgess,Eliminated Week 4,11,6.5,6.0,6.5,,19.0,11.5,0.06946983546617916,True,0,eliminated,4.0,False
25,2,Nikki Bella,Artem Chigvintsev,Eliminated Week 7,8,6.5,6.5,6.5,,19.5,9.5,0.0712979890310786,True,0,eliminated,7.0,False
25,2,Terrell Owens,Cheryl Burke,Eliminated Week 8,6,6.5,6.0,7.0,,19.5,9.5,0.0712979890310786,True,0,eliminated,8.0,False
25,2,Victoria Arlen,Valentin Chmerkovskiy,Eliminated Week 9,5,7.5,7.0,7.5,,22.0,6.0,0.08043875685557587,True,0,eliminated,9.0,False
25,2,Barbara Corcoran,Keo Motsepe,Eliminated Week 2,13,6.0,5.0,6.0,,17.0,13.0,0.062157221206581355,True,1,eliminated,2.0,False
25,2,Lindsey Stirling,Mark Ballas,2nd Place,2,7.5,7.5,7.5,,22.5,4.5,0.08226691042047532,True,0,finished,10.0,False
25,2,Debbie Gibson,Alan Bersten,Eliminated Week 2,12,7.0,6.5,7.0,,20.5,7.5,0.07495429616087751,True,1,eliminated,2.0,False
25,2,Nick Lachey,Peta Murgatroyd,Eliminated Week 6,9,7.0,6.0,6.0,,19.0,11.5,0.06946983546617916,True,0,eliminated,6.0,False
25,2,Drew Scott,Emma Slater,Eliminated Week 10,4,7.0,6.5,7.0,,20.5,7.5,0.07495429616087751,True,0,eliminated,10.0,False
25,2,Vanessa Lachey,Maksim Chmerkoskiy,Eliminated Week 7,7,8.0,8.0,7.5,,23.5,3.0,0.08592321755027423,True,0,eliminated,7.0,False
26,2,Jamie Anderson,Artem Chigvintsev,Eliminated Week 1,10,0.0,0.0,0.0,0.0,0.0,,,False,0,eliminated,1.0,True
26,2,Johnny Damon,Emma Slater,Eliminated Week 1,9,0.0,0.0,0.0,0.0,0.0,,,False,0,eliminated,1.0,True
26,2,Kareem Abdul-Jabbar,Lindsay Arnold,Eliminated Week 2,8,7.5,8.0,7.0,7.0,29.5,8.0,0.1102803738317757,True,1,eliminated,2.0,False
26,2,Arike Ogunbowale,Gleb Savchenko,Eliminated Week 2,7,8.5,9.5,8.5,8.5,35.0,3.0,0.1308411214953271,True,1,eliminated,2.0,False
26,2,Jennie Finch Daigle,Keo Motsepe,Eliminated Week 3,6,7.5,8.5,8.0,7.5,31.5,6.5,0.11775700934579439,True,0,eliminated,3.0,False
26,2,Chris Mazdzer,Witney Carson,Eliminated Week 3,5,8.5,8.5,8.0,8.0,33.0,4.5,0.1233644859813084,True,0,eliminated,3.0,False
26,2,Mirai Nagasu,Alan Bersten,Eliminated Week 3,4,9.0,10.0,9.0,9.0,37.0,1.5,0.1383177570093458,True,0,eliminated,3.0,False
26,2,Tonya Harding,Sasha Farber,3rd Place,3,8.0,9.0,8.0,8.0,33.0,4.5,0.1233644859813084,True,0,finished,4.0,False
26,2,Josh Norman,Sharna Burgess,2nd Place,2,7.5,8.0,8.0,8.0,31.5,6.5,0.11775700934579439,True,0,finished,4.0,False
26,2,Adam Rippon,Jenna Johnson,1st Place,1,9.0,9.5,9.0,9.5,37.0,1.5,0.1383177570093458,True,0,finished,4.0,False
27,2,Juan Pablo Di Pace,Cheryl Burke,Eliminated Week 8,5,9.0,8.0,9.0,,26.0,2.0,0.09611829944547134,True,0,eliminated,8.0,False
27,2,Evanna Lynch,Keo Motsepe,3rd Place,3,8.0,8.0,8.0,,24.0,5.0,0.08872458410351201,True,0,finished,9.0,False
27,2,Nancy McKeon,Valentin Chmerkovskiy,Eliminated Week 3,11,7.0,6.5,7.0,,20.5,9.0,0.07578558225508318,True,0,eliminated,3.0,False
27,2,John Schneider,Emma Slater,Eliminated Week 7,8,7.5,6.5,7.5,,21.5,8.0,0.07948243992606285,True,0,eliminated,7.0,False
27,2,Milo Manheim,Witney Carson,2nd Place,2,9.0,8.0,9.0,,26.0,2.0,0.09611829944547134,True,0,finished,9.0,False
27,2,Danelle Umstead,Artem Chigvintsev,Eliminated Week 2,12,6.5,6.0,6.0,,18.5,11.0,0.06839186691312385,True,1,eliminated,2.0,False
27,2,Mary Lou Retton,Sasha Farber,Eliminated Week 6,9,8.0,7.5,7.5,,23.0,7.0,0.08502772643253234,True,0,eliminated,6.0,False
27,2,DeMarcus Ware,Lindsay Arnold,Eliminated Week 7,7,8.0,7.5,8.0,,23.5,6.0,0.08687615526802218,True,0,eliminated,7.0,False
27,2,Nikki Glaser,Gleb Savchenko,Eliminated Week 1,13,0.0,0.0,0.0,,0.0,,,False,0,eliminated,1.0,True
27,2,Bobby Bones,Sharna Burgess,1st Place,1,7.0,6.0,6.5,,19.5,10.0,0.07208872458410351,True,0,finished,9.0,False
27,2,Tinashe,Brandon Armstrong,Eliminated Week 4,10,9.0,8.0,9.0,,26.0,2.0,0.09611829944547134,True,0,eliminated,4.0,False
27,2,Alexis Ren,Alan Bersten,4th Place,4,8.0,8.5,8.0,,24.5,4.0,0.09057301293900184,True,0,finished,9.0,False
27,2,Joe Amabile,Jenna Johnson,Eliminated Week 8,6,5.5,6.0,6.0,,17.5,12.0,0.06469500924214418,True,0,eliminated,8.0,False
28,2,Kate Flannery,Pasha Pashkov,Eliminated Week 8,7,7.0,7.0,7.0,,21.0,2.0,0.0958904109589041,True,0,eliminated,8.0,False
28,2,James Van Der Beek,Emma Slater,Eliminated Week 10,5,7.0,6.0,7.0,,20.0,4.0,0.091324200913242,True,0,eliminated,10.0,False
28,2,Kel Mitchell,Witney Carson,2nd Place,2,7.0,6.0,7.0,,20.0,4.0,0.091324200913242,True,0,finished,11.0,False
28,2,Ray Lewis,Cheryl Burke,Withdrew,11,5.0,5.0,5.0,,15.0,10.5,0.0684931506849315,True,0,withdrew,2.0,False
28,2,Lamar Odom,Peta Murgatroyd,Eliminated Week 4,10,4.0,4.0,4.0,,12.0,12.0,0.0547945205479452,True,0,eliminated,4.0,False
28,2,Sailor Brinkley-Cook,Valentin Chmerkovskiy,Eliminated Week 6,9,6.0,6.0,6.0,,18.0,8.0,0.0821917808219178,True,0,eliminated,6.0,False
28,2,Sean Spicer,Lindsay Arnold,Eliminated Week 9,6,6.0,5.0,5.0,,16.0,9.0,0.0730593607305936,True,0,eliminated,9.0,False
28,2,Mary Wilson,Brandon Armstrong,Eliminated Week 2,12,5.0,5.0,5.0,,15.0,10.5,0.0684931506849315,True,1,eliminated,2.0,False
28,2,Lauren Alaina,Gleb Savchenko,4th Place,4,6.0,6.0,7.0,,19.0,6.5,0.0867579908675799,True,0,finished,11.0,False
28,2,Ally Brooke,Sasha Farber,3rd Place,3,7.0,6.0,7.0,,20.0,4.0,0.091324200913242,True,0,finished,11.0,False
28,2,Karamo Brown,Jenna Johnson,Eliminated Week 7,8,7.0,5.0,7.0,,19.0,6.5,0.0867579908675799,True,0,eliminated,7.0,False
28,2,Hannah Brown,Alan Bersten,1st Place,1,8.0,8.0,8.0,,24.0,1.0,0.1095890410958904,True,0,finished,11.0,False
29,2,Anne Heche,Keo Motsepe,Eliminated Week 4,13,6.0,6.0,6.0,,18.0,8.5,0.06593406593406594,True,0,eliminated,4.0,False
29,2,Jesse Metcalfe,Sharna Burgess,Eliminated Week 5,12,7.0,7.0,6.0,,20.0,4.0,0.07326007326007326,True,0,eliminated,5.0,False
29,2,Chrishell Stause,Gleb Savchenko,Eliminated Week 8,8,6.0,6.0,6.0,,18.0,8.5,0.06593406593406594,True,0,eliminated,8.0,False
29,2,Skai Jackson,Alan Bersten,Eliminated Week 10,5,5.0,5.0,5.0,,15.0,14.5,0.054945054945054944,True,0,eliminated,10.0,False
29,2,Justina Machado,Sasha Farber,4th Place,4,7.0,7.0,7.0,,21.0,2.5,0.07692307692307693,True,0,finished,11.0,False
29,2,Charles Oakley,Emma Slater,Eliminated Week 2,15,5.0,5.0,5.0,,15.0,14.5,0.054945054945054944,True,1,eliminated,2.0,False
29,2,Veron Davis,Peta Murgatroyd,Eliminated Week 6,11,6.0,6.0,6.0,,18.0,8.5,0.06593406593406594,True,0,eliminated,6.0,False
29,2,Johnny Weir,Britt Stewart,Eliminated Week 10,6,6.0,6.0,6.0,,18.0,8.5,0.06593406593406594,True,0,eliminated,10.0,False
29,2,Nev Schulman,Jenna Johnson,2nd Place,2,7.0,7.0,7.0,,21.0,2.5,0.07692307692307693,True,0,finished,11.0,False
29,2,AJ McLean,Cheryl Burke,Eliminated Week 9,7,7.0,6.0,6.0,,19.0,5.0,0.0695970695970696,True,0,eliminated,9.0,False
29,2,Nelly,Daniella Karagach,3rd Place,3,6.0,6.0,6.0,,18.0,8.5,0.06593406593406594,True,0,finished,11.0,False
29,2,Kaitlyn Bristowe,Artem Chigvintsev,1st Place,1,7.0,8.0,7.0,,22.0,1.0,0.08058608058608059,True,0,finished,11.0,False
29,2,Carole Baskin,Pasha Pashkov,Eliminated Week 3,14,6.0,5.0,5.0,,16.0,12.5,0.05860805860805861,True,0,eliminated,3.0,False
29,2,Monica Aldama,Valentin Chmerkovskiy,Eliminated Week 7,10,5.0,6.0,5.0,,16.0,12.5,0.05860805860805861,True,0,eliminated,7.0,False
29,2,Jeannie Mai,Brandon Armstrong,Withdrew,9,6.0,6.0,6.0,,18.0,8.5,0.06593406593406594,True,0,withdrew,7.0,False
30,2,Martin Kove,Britt Stewart,Eliminated Week 2,15,4.0,3.0,4.0,4.0,15.0,15.0,0.03896103896103896,True,1,eliminated,2.0,False
30,2,Brian Austin Green,Sharna Burgess,Eliminated Week 4,13,6.0,5.0,6.0,6.0,23.0,13.0,0.05974025974025974,True,0,eliminated,4.0,False
30,2,Melora Hardin,Artem Chigvintsev,Eliminated Week 9,6,7.0,6.0,7.0,7.0,27.0,6.0,0.07012987012987013,True,0,eliminated,9.0,False
30,2,Matt James,Lindsay Arnold,Eliminated Week 4,12,5.0,5.0,6.0,6.0,22.0,14.0,0.05714285714285714,True,0,eliminated,4.0,False
30,2,"Mike ""The Miz"" Mizanin",Witney Carson,Eliminated Week 7,9,7.0,5.0,7.0,7.0,26.0,8.0,0.06753246753246753,True,0,eliminated,7.0,False
30,2,Suni Lee,Sasha Farber,Eliminated Week 9,5,7.0,7.0,7.0,7.0,28.0,4.0,0.07272727272727272,True,0,eliminated,9.0,False
30,2,Iman Shumpert,Daniella Karagach,1st Place,1,7.0,6.0,6.0,6.0,25.0,9.0,0.06493506493506493,True,0,finished,10.0,False
30,2,Cody Rigsby,Cheryl Burke,3rd Place,3,6.0,6.0,6.0,6.0,24.0,11.0,0.06233766233766234,True,0,finished,10.0,False
30,2,Melanie C,Gleb Savchenko,Eliminated Week 5,11,7.0,7.0,8.0,8.0,30.0,3.0,0.07792207792207792,True,0,eliminated,5.0,False
30,2,Jimmie Allen,Emma Slater,Eliminated Week 8,7,7.0,6.0,7.0,7.0,27.0,6.0,0.07012987012987013,True,0,eliminated,8.0,False
30,2,Olivia Jade,Valentin Chmerkovskiy,Eliminated Week 8,8,7.0,6.0,7.0,7.0,27.0,6.0,0.07012987012987013,True,0,eliminated,8.0,False
30,2,JoJo Siwa,Jenna Johnson,2nd Place,2,8.0,8.0,7.0,8.0,31.0,2.0,0.08051948051948052,True,0,finished,10.0,False
30,2,Christine Chiu,Pasha Pashkov,Eliminated Week 3,14,6.0,6.0,6.0,6.0,24.0,11.0,0.06233766233766234,True,0,eliminated,3.0,False
30,2,Kenya Moore,Brandon Armstrong,Eliminated Week 6,10,6.0,6.0,6.0,6.0,24.0,11.0,0.06233766233766234,True,0,eliminated,6.0,False
30,2,Amanda Kloots,Alan Bersten,4th Place,4,8.0,8.0,8.0,8.0,32.0,1.0,0.08311688311688312,True,0,finished,10.0,False
31,2,Jason Lewis,Peta Murgatroyd,Eliminated Week 1,16,0.0,0.0,0.0,0.0,0.0,,,False,0,eliminated,1.0,True
31,2,Cheryl Ladd,Louis van Amstel,Eliminated Week 3,14,5.0,6.0,5.0,5.0,21.0,15.0,0.050970873786407765,True,0,eliminated,3.0,False
31,2,Selma Blair,Sasha Farber,Withdrew,12,7.0,7.0,7.0,7.0,28.0,7.0,0.06796116504854369,True,0,withdrew,5.0,False
31,2,Joseph Baena,Daniella Karagach,Eliminated Week 5,11,6.0,6.0,6.0,6.0,24.0,13.0,0.05825242718446602,True,0,eliminated,5.0,False
31,2,Trevor Donovan,Emma Slater,Eliminated Week 9,6,7.0,7.0,8.0,8.0,30.0,4.0,0.07281553398058252,True,0,eliminated,9.0,False
31,2,Daniel Durant,Britt Stewart,Eliminated Week 9,5,7.0,7.0,7.0,8.0,29.0,5.0,0.0703883495145631,True,0,eliminated,9.0,False
31,2,Wayne Brady,Witney Carson,3rd Place,3,8.0,8.0,8.0,8.0,32.0,2.0,0.07766990291262135,True,0,finished,10.0,False
31,2,Sam Champion,Cheryl Burke,Eliminated Week 4,13,6.0,6.0,7.0,7.0,26.0,11.0,0.06310679611650485,True,0,eliminated,4.0,False
31,2,Jessie James Decker,Alan Bersten,Eliminated Week 6,10,7.0,6.0,6.0,6.0,25.0,12.0,0.06067961165048544,True,0,eliminated,6.0,False
31,2,Jordin Sparks,Brandon Armstrong,Eliminated Week 7,9,7.0,6.0,7.0,7.0,27.0,9.5,0.06553398058252427,True,0,eliminated,7.0,False
31,2,Heidi D'Amelio,Artem Chigvintsev,Eliminated Week 8,8,7.0,7.0,7.0,7.0,28.0,7.0,0.06796116504854369,True,0,eliminated,8.0,False
31,2,Charli D'Amelio,Mark Ballas,1st Place,1,8.0,8.0,8.0,8.0,32.0,2.0,0.07766990291262135,True,0,finished,10.0,False
31,2,Teresa Giudice,Pasha Pashkov,Eliminated Week 2,15,6.0,5.0,6.0,6.0,23.0,14.0,0.055825242718446605,True,1,eliminated,2.0,False
31,2,Vinny Guadagnino,Koko Iwasaki,Eliminated Week 8,7,7.0,6.0,7.0,7.0,27.0,9.5,0.06553398058252427,True,0,eliminated,8.0,False
31,2,Shangela,Gleb Savchenko,4th Place,4,7.0,7.0,7.0,7.0,28.0,7.0,0.06796116504854369,True,0,finished,10.0,False
31,2,Gabby Windey,Valentin Chmerkovskiy,2nd Place,2,8.0,8.0,8.0,8.0,32.0,2.0,0.07766990291262135,True,0,finished,10.0,False
32,2,Jamie Lynn Spears,Alan Bersten,Eliminated Week 2,13,6.0,5.0,5.0,,16.0,9.0,0.06722689075630252,True,1,eliminated,2.0,False
32,2,Mira Sorvino,Gleb Savchenko,Eliminated Week 5,10,6.0,6.0,6.0,,18.0,7.5,0.07563025210084033,True,0,eliminated,5.0,False
32,2,Barry Williams,Peta Murgatroyd,Eliminated Week 8,7,5.0,5.0,5.0,,15.0,11.0,0.06302521008403361,True,0,eliminated,8.0,False
32,2,Alyson Hannigan,Sasha Farber,5th Place,5,7.0,6.0,6.0,,19.0,6.0,0.07983193277310924,True,0,finished,11.0,False
32,2,Xochitl Gomez,Valentin Chmerkovskiy,1st Place,1,8.0,8.0,8.0,,24.0,1.5,0.10084033613445378,True,0,finished,11.0,False
32,2,Adrian Peterson,Britt Stewart,Eliminated Week 4,11,5.0,5.0,5.0,,15.0,11.0,0.06302521008403361,True,0,eliminated,4.0,False
32,2,Matt Walsh,Koko Iwasaki,Eliminated Week 1,14,0.0,0.0,0.0,,0.0,,,False,0,eliminated,1.0,True
32,2,Tyson Beckford,Jenna Johnson,Eliminated Week 3,12,6.0,6.0,6.0,,18.0,7.5,0.07563025210084033,True,0,eliminated,3.0,False
32,2,Jason Mraz,Daniella Karagach,2nd Place,2,8.0,8.0,8.0,,24.0,1.5,0.10084033613445378,True,0,finished,11.0,False
32,2,Lele Pons,Brandon Armstrong,Eliminated Week 7,8,7.0,7.0,7.0,,21.0,3.5,0.08823529411764706,True,0,eliminated,7.0,False
32,2,Harry Jowsey,Rylee Arnold,Eliminated Week 9,6,5.0,5.0,5.0,,15.0,11.0,0.06302521008403361,True,0,eliminated,9.0,False
32,2,Mauricio Umansky,Emma Slater,Eliminated Week 6,9,4.0,4.0,4.0,,12.0,13.0,0.05042016806722689,True,0,eliminated,6.0,False
32,2,Charity Lawson,Artem Chigvintsev,4th Place,4,7.0,7.0,7.0,,21.0,3.5,0.08823529411764706,True,0,finished,11.0,False
32,2,Ariana Madix,Pasha Pashkov,3rd Place,3,6.0,7.0,7.0,,20.0,5.0,0.08403361344537816,True,0,finished,11.0,False
33,2,Tori Spelling,Pasha Pashkov,Eliminated Week 2,12,7.0,6.0,6.0,,19.0,9.5,0.07364341085271318,True,1,eliminated,2.0,False
33,2,Eric Roberts,Britt Stewart,Eliminated Week 3,10,6.0,4.0,5.0,,15.0,12.5,0.05813953488372093,True,0,eliminated,3.0,False
33,2,Reginald VelJohnson,Emma Slater,Eliminated Week 3,10,6.0,4.0,5.0,,15.0,12.5,0.05813953488372093,True,0,eliminated,3.0,False
33,2,Chandler Kinney,Brandon Armstrong,3rd Place,3,8.0,8.0,8.0,,24.0,1.0,0.09302325581395349,True,0,finished,9.0,False
33,2,Dwight Howard ,Daniella Karagach,Eliminated Week 7,6,8.0,7.0,7.0,,22.0,3.0,0.08527131782945736,True,0,eliminated,7.0,False
33,2,Danny Amendola,Witney Carson,5th Place,5,7.0,7.0,7.0,,21.0,6.0,0.08139534883720931,True,0,finished,9.0,False
33,2,Stephen Nedoroscik,Rylee Arnold,4th Place,4,8.0,7.0,7.0,,22.0,3.0,0.08527131782945736,True,0,finished,9.0,False
33,2,Ilona Maher,Alan Bersten,2nd Place,2,7.0,7.0,7.0,,21.0,6.0,0.08139534883720931,True,0,finished,9.0,False
33,2,Anna Delvey,Ezra Sosa,Eliminated Week 2,12,6.0,5.0,6.0,,17.0,11.0,0.06589147286821706,True,1,eliminated,2.0,False
33,2,Brooks Nader,Gleb Savchenko,Eliminated Week 4,9,7.0,6.0,7.0,,20.0,8.0,0.07751937984496124,True,0,eliminated,4.0,False
33,2,Phaedra Parks,Val Chmerkovskiy,Eliminated Week 5,8,7.0,7.0,7.0,,21.0,6.0,0.08139534883720931,True,0,eliminated,5.0,False
33,2,Jenn Tran,Sasha Farber,Eliminated Week 6,7,6.0,6.0,7.0,,19.0,9.5,0.07364341085271318,True,0,eliminated,6.0,False
33,2,Joey Graziadei,Jenna Johnson,1st Place,1,8.0,7.0,7.0,,22.0,3.0,0.08527131782945736,True,0,finished,9.0,False
34,2,Corey Feldman,Jenna Johnson,Eliminated Week 2,13,5.0,5.0,5.0,,15.0,14.0,0.0539568345323741,True,1,eliminated,2.0,False
34,2,Danielle Fishel,Pasha Pashkov,Eliminated Week 8,8,7.0,6.0,6.0,,19.0,10.0,0.0683453237410072,True,0,eliminated,8.0,False
34,2,Elaine Hendrix,Alan Bersten (Rashad Jennings week 9),5th Place,5,7.0,7.0,7.0,,21.0,6.5,0.07553956834532374,True,0,finished,11.0,False
34,2,Baron Davis,Britt Stewart,Eliminated Week 2,13,6.0,6.0,6.0,,18.0,11.5,0.06474820143884892,True,1,eliminated,2.0,False
34,2,Jordan Chiles,Ezra Sosa (Apolo Anton Ohno week 9),3rd Place,3,8.0,7.0,7.0,,22.0,2.5,0.07913669064748201,True,0,finished,11.0,False
34,2,Andy Richter,Emma Slater/Kaitlyn Bristowe (week 9),Eliminated Week 9,7,6.0,5.0,5.0,,16.0,13.0,0.05755395683453238,True,0,eliminated,9.0,False
34,2,Robert Irwin,Witney Carson (Xoshitl Gomez week 9),1st Place,1,8.0,7.0,7.0,,22.0,2.5,0.07913669064748201,True,0,finished,11.0,False
34,2,Hilaria Baldwin,Gleb Savchenko,Eliminated Week 4,11,7.0,7.0,7.0,,21.0,6.5,0.07553956834532374,True,0,eliminated,4.0,False
34,2,Lauren Jauregui,Brandon Armstrong,Eliminated Week 3,12,7.0,7.0,7.0,,21.0,6.5,0.07553956834532374,True,0,eliminated,3.0,False
34,2,Scott Hoying,Rylee Arnold,Eliminated Week 6,10,6.0,6.0,6.0,,18.0,11.5,0.06474820143884892,True,0,eliminated,6.0,False
34,2,Alix Earle,Val Chmerkovskiy (Joey Graziadei week 9),2nd Place,2,7.0,7.0,7.0,,21.0,6.5,0.07553956834532374,True,0,finished,11.0,False
34,2,Jen Affleck,Jan Ravnik,Eliminated Week 7,9,8.0,7.0,7.0,,22.0,2.5,0.07913669064748201,True,0,eliminated,7.0,False
34,2,Whitney Leavitt,Mark Ballas,Eliminated Week 10,6,7.0,7.0,8.0,,22.0,2.5,0.07913669064748201,True,0,eliminated,10.0,False
34,2,Dylan Efron,Daniella Karagach (Rumer Willis week 9),4th Place,4,7.0,6.0,7.0,,20.0,9.0,0.07194244604316546,True,0,finished,11.0,False
1,3,John O'Hurley,Charlotte Jorgensen,2nd Place,2,9.0,8.0,7.0,,24.0,2.0,0.22641509433962265,True,0,finished,6.0,False
1,3,Kelly Monaco,Alec Mazo,1st Place,1,6.0,7.0,8.0,,21.0,4.0,0.19811320754716982,True,0,finished,6.0,False
1,3,Evander Holyfield,Edyta Sliwinska,Eliminated Week 3,5,5.0,4.0,4.0,,13.0,5.0,0.12264150943396226,True,1,eliminated,3.0,False
1,3,Rachel Hunter,Jonathan Roberts,Eliminated Week 4,4,8.0,9.0,9.0,,26.0,1.0,0.24528301886792453,True,0,eliminated,4.0,False
1,3,Joey McIntyre,Ashly DelGrosso,3rd Place,3,7.0,7.0,8.0,,22.0,3.0,0.20754716981132076,True,0,finished,5.0,False
1,3,Trista Sutter,Louis van Amstel,Eliminated Week 2,6,0.0,0.0,0.0,,0.0,,,False,0,eliminated,2.0,True
2,3,Tatum O'Neal,Nick Kosovich,Eliminated Week 2,9,0.0,0.0,0.0,,0.0,,,False,0,eliminated,2.0,True
2,3,Tia Carrere,Maksim Chmerkoskiy,Eliminated Week 5,6,9.0,8.0,9.0,,26.0,3.0,0.14285714285714285,True,0,eliminated,5.0,False
2,3,George Hamilton,Edyta Sliwinska,Eliminated Week 6,5,7.0,7.0,8.0,,22.0,5.5,0.12087912087912088,True,0,eliminated,6.0,False
2,3,Lisa Rinna,Louis van Amstel,Eliminated Week 7,4,8.0,8.0,9.0,,25.0,4.0,0.13736263736263737,True,0,eliminated,7.0,False
2,3,Stacy Keibler,Tony Dovolani,3rd Place,3,9.0,9.0,9.0,,27.0,1.5,0.14835164835164835,True,0,finished,8.0,False
2,3,Jerry Rice,Anna Trebunskaya,2nd Place,2,7.0,6.0,6.0,,19.0,7.0,0.1043956043956044,True,0,finished,8.0,False
2,3,Giselle Fernandez,Jonathan Roberts,Eliminated Week 3,8,7.0,8.0,7.0,,22.0,5.5,0.12087912087912088,True,1,eliminated,3.0,False
2,3,Master P,Ashly DelGrosso,Eliminated Week 4,7,6.0,4.0,4.0,,14.0,8.0,0.07692307692307693,True,0,eliminated,4.0,False
2,3,Drew Lachey,Cheryl Burke,1st Place,1,9.0,9.0,9.0,,27.0,1.5,0.14835164835164835,True,0,finished,8.0,False
2,3,Kenny Mayne,Andrea Hale,Eliminated Week 1,10,0.0,0.0,0.0,,0.0,,,False,0,eliminated,1.0,True
3,3,Harry Hamlin,Ashly DelGrosso,Eliminated Week 3,9,7.0,8.0,7.0,,22.0,5.5,0.10628019323671498,True,1,eliminated,3.0,False
3,3,Vivica A. Fox,Nick Kosovich,Eliminated Week 4,8,9.0,9.0,9.0,,27.0,1.5,0.13043478260869565,True,0,eliminated,4.0,False
3,3,Monique Coleman,Louis van Amstel,Eliminated Week 8,4,9.0,9.0,9.0,,27.0,1.5,0.13043478260869565,True,0,eliminated,8.0,False
3,3,Joey Lawrence,Edyta Sliwinska,3rd Place,3,8.0,6.0,8.0,,22.0,5.5,0.10628019323671498,True,0,finished,9.0,False
3,3,Mario Lopez,Karina Smirnoff,2nd Place,2,8.0,6.0,8.0,,22.0,5.5,0.10628019323671498,True,0,finished,10.0,False
3,3,Emmitt Smith,Cheryl Burke,1st Place,1,7.0,6.0,6.0,,19.0,9.0,0.09178743961352658,True,0,finished,10.0,False
3,3,Shanna Moakler,Jesse DeSoto,Eliminated Week 2,10,0.0,0.0,0.0,,0.0,,,False,0,eliminated,2.0,True
3,3,Willa Ford,Maksim Chmerkoskiy,Eliminated Week 5,7,7.0,7.0,8.0,,22.0,5.5,0.10628019323671498,True,0,eliminated,5.0,False
3,3,Sara Evans,Tony Dovolani,Withdrew,6,8.0,9.0,8.0,,25.0,3.0,0.12077294685990338,True,0,withdrew,5.0,False
3,3,Jerry Springer,Kym Johnson,Eliminated Week 7,5,7.0,7.0,7.0,,21.0,8.0,0.10144927536231885,True,0,eliminated,7.0,False
3,3,Tucker Carlson,Elena Grinenko,Eliminated Week 1,11,0.0,0.0,0.0,,0.0,,,False,0,eliminated,1.0,True
4,3,John Ratzenberger,Edyta Sliwinska,Eliminated Week 7,6,7.0,6.0,7.0,,20.0,9.0,0.09174311926605505,True,0,eliminated,7.0,False
4,3,Ian Ziering,Cheryl Burke,Eliminated Week 9,4,8.0,8.0,8.0,,24.0,2.5,0.11009174311926606,True,0,eliminated,9.0,False
4,3,Clyde Drexler,Elena Grinenko,Eliminated Week 5,8,6.0,5.0,5.0,,16.0,10.0,0.07339449541284404,True,0,eliminated,5.0,False
4,3,Laila Ali,Maksim Chmerkoskiy,3rd Place,3,7.0,7.0,7.0,,21.0,7.0,0.0963302752293578,True,0,finished,10.0,False
4,3,Apolo Anton Ohno,Julianne Hough,1st Place,1,7.0,8.0,8.0,,23.0,5.0,0.10550458715596331,True,0,finished,10.0,False
4,3,Shandi Finnessey,Brian Fortuna,Eliminated Week 3,10,7.0,7.0,7.0,,21.0,7.0,0.0963302752293578,True,1,eliminated,3.0,False
4,3,Paulina Porizkova,Alec Mazo,Eliminated Week 2,11,0.0,0.0,0.0,,0.0,,,False,0,eliminated,2.0,True
4,3,Heather Mills,Jonathan Roberts,Eliminated Week 6,7,8.0,8.0,8.0,,24.0,2.5,0.11009174311926606,True,0,eliminated,6.0,False
4,3,Billy Ray Cyrus,Karina Smirnoff,Eliminated Week 8,5,7.0,7.0,7.0,,21.0,7.0,0.0963302752293578,True,0,eliminated,8.0,False
4,3,Joey Fatone,Kym Johnson,2nd Place,2,8.0,8.0,8.0,,24.0,2.5,0.11009174311926606,True,0,finished,10.0,False
4,3,Leeza Gibbons,Tony Dovolani,Eliminated Week 4,9,8.0,8.0,8.0,,24.0,2.5,0.11009174311926606,True,0,eliminated,4.0,False
5,3,Cameron Mathison,Edyta Sliwinska,Eliminated Week 8,5,8.0,7.0,8.0,,23.0,7.0,0.09623430962343096,True,0,eliminated,8.0,False
5,3,Jane Seymour,Tony Dovolani,Eliminated Week 7,6,9.0,9.0,9.0,,27.0,2.0,0.11297071129707113,True,0,eliminated,7.0,False
5,3,Sabrina Bryan,Mark Ballas,Eliminated Week 6,7,9.0,9.0,9.0,,27.0,2.0,0.11297071129707113,True,0,eliminated,6.0,False
5,3,Jennie Garth,Derek Hough,Eliminated Week 9,4,9.0,8.0,9.0,,26.0,4.5,0.1087866108786611,True,0,eliminated,9.0,False
5,3,Floyd Mayweather Jr. ,Karina Smirnoff,Eliminated Week 4,9,7.0,7.0,7.0,,21.0,8.0,0.08786610878661087,True,0,eliminated,4.0,False
5,3,Josie Maran,Alec Mazo,Eliminated Week 1,12,0.0,0.0,0.0,,0.0,,,False,0,eliminated,1.0,True
5,3,Albert Reed,Anna Trebunskaya,Eliminated Week 2,11,0.0,0.0,0.0,,0.0,,,False,0,eliminated,2.0,True
5,3,Helio Castroneves,Julianne Hough,1st Place,1,8.0,8.0,8.0,,24.0,6.0,0.100418410041841,True,0,finished,10.0,False
5,3,Mel B,Maksim Chmerkoskiy,2nd Place,2,9.0,9.0,9.0,,27.0,2.0,0.11297071129707113,True,0,finished,10.0,False
5,3,Wayne Newton,Cheryl Burke,Eliminated Week 3,10,6.0,6.0,6.0,,18.0,10.0,0.07531380753138076,True,1,eliminated,3.0,False
5,3,Marie Osmond,Jonathan Roberts,3rd Place,3,9.0,8.0,9.0,,26.0,4.5,0.1087866108786611,True,0,finished,10.0,False
5,3,Mark Cuban,Kym Johnson,Eliminated Week 5,8,6.0,7.0,7.0,,20.0,9.0,0.08368200836820083,True,0,eliminated,5.0,False
6,3,Cristian de la Fuente,Cheryl Burke,3rd Place,3,8.0,8.0,9.0,,25.0,3.0,0.10964912280701754,True,0,finished,10.0,False
6,3,Steve Guttenberg,Anna Trebunskaya,Eliminated Week 3,10,7.0,7.0,7.0,,21.0,7.5,0.09210526315789473,True,1,eliminated,3.0,False
6,3,Priscilla Presley,Louis van Amstel,Eliminated Week 5,8,8.0,9.0,9.0,,26.0,2.0,0.11403508771929824,True,0,eliminated,5.0,False
6,3,Marlee Matlin,Fabian Sanchez,Eliminated Week 6,7,7.0,7.0,7.0,,21.0,7.5,0.09210526315789473,True,0,eliminated,6.0,False
6,3,Shannon Elizabeth,Derek Hough,Eliminated Week 7,6,8.0,8.0,8.0,,24.0,4.0,0.10526315789473684,True,0,eliminated,7.0,False
6,3,Marissa Jaret Winokur,Tony Dovolani,Eliminated Week 9,4,6.0,7.0,6.0,,19.0,10.0,0.08333333333333333,True,0,eliminated,9.0,False
6,3,Jason Taylor,Edyta Sliwinska,2nd Place,2,8.0,7.0,8.0,,23.0,5.0,0.10087719298245613,True,0,finished,10.0,False
6,3,Kristi Yamaguchi,Mark Ballas,1st Place,1,9.0,9.0,9.0,,27.0,1.0,0.11842105263157894,True,0,finished,10.0,False
6,3,Monica Seles,Jonathan Roberts,Eliminated Week 2,11,0.0,0.0,0.0,,0.0,,,False,0,eliminated,2.0,True
6,3,Penn Jillette,Kym Johnson,Eliminated Week 2,12,0.0,0.0,0.0,,0.0,,,False,0,eliminated,2.0,True
6,3,Adam Carolla,Julianne Hough,Eliminated Week 4,9,7.0,7.0,7.0,,21.0,7.5,0.09210526315789473,True,0,eliminated,4.0,False
6,3,Mario,Karina Smirnoff,Eliminated Week 8,5,7.0,6.0,8.0,,21.0,7.5,0.09210526315789473,True,0,eliminated,8.0,False
7,3,Ted McGinley,Inna Brayer,Eliminated Week 1,12,0.0,0.0,0.0,,0.0,,,False,0,eliminated,1.0,True
7,3,Cloris Leachman,Corky Ballas,Eliminated Week 6,7,6.0,5.0,5.0,,16.0,9.0,0.08040201005025126,True,0,eliminated,6.0,False
7,3,Susan Lucci,Tony Dovolani,Eliminated Week 7,6,7.0,7.0,7.0,,21.0,6.5,0.10552763819095477,True,0,eliminated,7.0,False
7,3,Cody Linley,Julianne Hough,Eliminated Week 9,4,7.0,7.0,7.0,,21.0,6.5,0.10552763819095477,True,0,eliminated,9.0,False
7,3,Misty May-Treanor,Maksim Chmerkoskiy,Withdrew,10,0.0,0.0,0.0,,0.0,,,False,0,withdrew,2.0,True
7,3,Maurice Greene,Cheryl Burke,Eliminated Week 8,5,8.0,8.0,8.0,,24.0,3.0,0.12060301507537688,True,0,eliminated,8.0,False
7,3,Warren Sapp,Kym Johnson,2nd Place,2,9.0,8.0,8.0,,25.0,2.0,0.12562814070351758,True,0,finished,10.0,False
7,3,Jeffrey Ross,Edyta Sliwinska,Eliminated Week 1,13,0.0,0.0,0.0,,0.0,,,False,0,eliminated,1.0,True
7,3,Toni Braxton,Alec Mazo,Eliminated Week 5,8,8.0,7.0,7.0,,22.0,4.5,0.11055276381909548,True,0,eliminated,5.0,False
7,3,Lance Bass,Lacey Schwimmer,3rd Place,3,8.0,7.0,7.0,,22.0,4.5,0.11055276381909548,True,0,finished,10.0,False
7,3,Kim Kardashian,Mark Ballas,Eliminated Week 2,11,0.0,0.0,0.0,,0.0,,,False,0,eliminated,2.0,True
7,3,Rocco DiSpirito,Karina Smirnoff,Eliminated Week 4,9,7.0,7.0,6.0,,20.0,8.0,0.10050251256281408,True,0,eliminated,4.0,False
7,3,Brooke Burke,Derek Hough,1st Place,1,9.0,10.0,9.0,,28.0,1.0,0.1407035175879397,True,0,finished,10.0,False
8,3,Gilles Marini,Cheryl Burke,2nd Place,2,9.0,9.0,9.0,,27.0,2.0,0.1062992125984252,True,0,finished,11.0,False
8,3,Denise Richards,Maksim Chmerkoskiy,Eliminated Week 3,12,5.0,6.0,5.0,,16.0,10.0,0.06299212598425197,True,1,eliminated,3.0,False
8,3,David Alan Grier,Kym Johnson,Eliminated Week 5,9,8.0,8.0,8.0,,24.0,5.0,0.09448818897637795,True,0,eliminated,5.0,False
8,3,Lawrence Taylor,Edyta Sliwinska,Eliminated Week 7,7,7.0,6.0,7.0,,20.0,8.0,0.07874015748031496,True,0,eliminated,7.0,False
8,3,Ty Murray,Chelsie Hightower,Eliminated Week 10,4,8.0,8.0,7.0,,23.0,6.5,0.09055118110236221,True,0,eliminated,10.0,False
8,3,Shawn Johnson,Mark Ballas,1st Place,1,9.0,9.0,9.0,,27.0,2.0,0.1062992125984252,True,0,finished,11.0,False
8,3,Steve Wozniak,Karina Smirnoff,Eliminated Week 4,10,4.0,3.0,3.0,,10.0,12.0,0.03937007874015748,True,0,eliminated,4.0,False
8,3,Belinda Carlisle,Jonathan Roberts,Eliminated Week 2,13,0.0,0.0,0.0,,0.0,,,False,0,eliminated,2.0,True
8,3,Chuck Wicks,Julianne Hough,Eliminated Week 8,6,8.0,7.0,8.0,,23.0,6.5,0.09055118110236221,True,0,eliminated,8.0,False
8,3,Lil' Kim,Derek Hough,Eliminated Week 9,5,8.0,8.0,9.0,,25.0,4.0,0.0984251968503937,True,0,eliminated,9.0,False
8,3,Steve-O,Lacey Schwimmer,Eliminated Week 6,8,5.0,5.0,5.0,,15.0,11.0,0.05905511811023622,True,0,eliminated,6.0,False
8,3,Holly Madison,Dmitry Chaplin,Eliminated Week 4,11,5.0,6.0,6.0,,17.0,9.0,0.06692913385826772,True,0,eliminated,4.0,False
8,3,Melissa Rycroft,Tony Dovolani,3rd Place,3,9.0,9.0,9.0,,27.0,2.0,0.1062992125984252,True,0,finished,11.0,False
9,3,Ashley Hamiliton,Edyta Sliwinska,Eliminated Week 1,16,0.0,0.0,0.0,,0.0,,,False,0,eliminated,1.0,True
9,3,Debi Mazar,Maksim Chmerkoskiy,Eliminated Week 3,12,6.0,5.0,6.0,,17.0,10.5,0.06589147286821706,True,1,eliminated,3.0,False
9,3,Melissa Joan Hart,Mark Ballas,Eliminated Week 6,9,6.0,6.0,7.0,,19.0,8.0,0.07364341085271318,True,0,eliminated,6.0,False
9,3,Mark Dacascos,Lacey Schwimmer,Eliminated Week 7,6,6.0,6.0,6.0,,18.0,9.0,0.06976744186046512,True,0,eliminated,7.0,False
9,3,Chuck Liddell,Anna Trebunskaya,Eliminated Week 4,11,6.0,5.0,6.0,,17.0,10.5,0.06589147286821706,True,0,eliminated,4.0,False
9,3,Natalie Coughlin,Alec Mazo,Eliminated Week 5,10,9.0,8.0,9.0,,26.0,2.0,0.10077519379844961,True,0,eliminated,5.0,False
9,3,Louie Vito,Chelsie Hightower,Eliminated Week 6,8,8.0,5.0,7.0,,20.0,6.5,0.07751937984496124,True,0,eliminated,6.0,False
9,3,Michael Irvin,Anna Demidova,Eliminated Week 7,7,5.0,4.0,5.0,,14.0,13.0,0.05426356589147287,True,0,eliminated,7.0,False
9,3,Joanna Krupa,Derek Hough,Eliminated Week 9,4,7.0,8.0,8.0,,23.0,3.0,0.08914728682170543,True,0,eliminated,9.0,False
9,3,Kathy Ireland,Tony Dovolani,Eliminated Week 2,14,0.0,0.0,0.0,,0.0,,,False,0,eliminated,2.0,True
9,3,Tom DeLay,Cheryl Burke,Withdrew,13,6.0,4.0,5.0,,15.0,12.0,0.05813953488372093,True,0,withdrew,3.0,False
9,3,Macy Gray,Jonathan Roberts,Eliminated Week 1,15,0.0,0.0,0.0,,0.0,,,False,0,eliminated,1.0,True
9,3,Aaron Carter,Karina Smirnoff,Eliminated Week 8,5,8.0,6.0,7.0,,21.0,4.5,0.08139534883720931,True,0,eliminated,8.0,False
9,3,Mya,Dmitry Chaplin,2nd Place,2,10.0,7.0,10.0,,27.0,1.0,0.10465116279069768,True,0,finished,10.0,False
9,3,Donny Osmond,Kym Johnson,1st Place,1,7.0,7.0,7.0,,21.0,4.5,0.08139534883720931,True,0,finished,10.0,False
9,3,Kelly Osbourne,Louis van Amstel,3rd Place,3,7.0,6.0,7.0,,20.0,6.5,0.07751937984496124,True,0,finished,10.0,False
10,3,Aiden Turner,Edyta Sliwinska,Eliminated Week 4,9,7.0,6.0,7.0,,20.0,7.5,0.09852216748768473,True,0,eliminated,4.0,False
10,3,Shannen Doherty,Mark Ballas,Eliminated Week 2,11,0.0,0.0,0.0,,0.0,,,False,0,eliminated,2.0,True
10,3,Niecy Nash,Louis van Amstel,Eliminated Week 8,5,7.0,7.0,7.0,,21.0,5.0,0.10344827586206896,True,0,eliminated,8.0,False
10,3,Buzz Aldrin,Ashly DelGrosso,Eliminated Week 3,10,5.0,4.0,4.0,,13.0,10.0,0.06403940886699508,True,1,eliminated,3.0,False
10,3,Chad Ochocinco,Cheryl Burke,Eliminated Week 9,4,7.0,6.0,7.0,,20.0,7.5,0.09852216748768473,True,0,eliminated,9.0,False
10,3,Evan Lysacek,Anna Trebunskaya,2nd Place,2,9.0,8.0,9.0,,26.0,1.0,0.12807881773399016,True,0,finished,10.0,False
10,3,Pamela Anderson,Damian Whitewood,Eliminated Week 7,6,7.0,7.0,7.0,,21.0,5.0,0.10344827586206896,True,0,eliminated,7.0,False
10,3,Nicole Scherzinger,Derek Hough,1st Place,1,8.0,6.0,9.0,,23.0,2.5,0.11330049261083744,True,0,finished,10.0,False
10,3,Erin Andrews,Maksim Chmerkoskiy,3rd Place,3,8.0,7.0,8.0,,23.0,2.5,0.11330049261083744,True,0,finished,10.0,False
10,3,Kate Gosselin,Tony Dovolani,Eliminated Week 5,8,5.0,5.0,5.0,,15.0,9.0,0.07389162561576355,True,0,eliminated,5.0,False
10,3,Jake Pavelka,Chelsie Hightower,Eliminated Week 6,7,7.0,7.0,7.0,,21.0,5.0,0.10344827586206896,True,0,eliminated,6.0,False
11,3,David Hasselhoff,Kym Johnson,Eliminated Week 1,12,0.0,0.0,0.0,,0.0,,,False,0,eliminated,1.0,True
11,3,Florence Henderson,Corky Ballas,Eliminated Week 5,8,7.0,6.0,7.0,,20.0,7.5,0.09049773755656108,True,0,eliminated,5.0,False
11,3,Kyle Massey,Lacey Schwimmer,2nd Place,2,8.0,7.0,8.0,,23.0,5.5,0.10407239819004525,True,0,finished,10.0,False
11,3,Jennifer Grey,Derek Hough,1st Place,1,8.0,8.0,8.0,,24.0,3.0,0.1085972850678733,True,0,finished,10.0,False
11,3,Rick Fox,Cheryl Burke,Eliminated Week 7,6,8.0,8.0,8.0,,24.0,3.0,0.1085972850678733,True,0,eliminated,7.0,False
11,3,Kurt Warner,Anna Trebunskaya,Eliminated Week 8,5,8.0,8.0,7.0,,23.0,5.5,0.10407239819004525,True,0,eliminated,8.0,False
11,3,Margaret Cho,Louis van Amstel,Eliminated Week 3,10,6.0,6.0,6.0,,18.0,10.0,0.08144796380090498,True,1,eliminated,3.0,False
11,3,Michael Bolton,Chelsie Hightower,Eliminated Week 2,11,0.0,0.0,0.0,,0.0,,,False,0,eliminated,2.0,True
11,3,Brandy,Maksim Chmerkoskiy,Eliminated Week 9,4,8.0,8.0,8.0,,24.0,3.0,0.1085972850678733,True,0,eliminated,9.0,False
11,3,The Situation,Karina Smirnoff,Eliminated Week 4,9,7.0,6.0,7.0,,20.0,7.5,0.09049773755656108,True,0,eliminated,4.0,False
11,3,Audrina Patridge,Tony Dovolani,Eliminated Week 6,7,8.0,9.0,9.0,,26.0,1.0,0.11764705882352941,True,0,eliminated,6.0,False
11,3,Bristol Palin,Mark Ballas,3rd Place,3,6.0,6.0,7.0,,19.0,9.0,0.08597285067873303,True,0,finished,10.0,False
12,3,Ralph Macchio,Karina Smirnoff,Eliminated Week 9,4,7.0,7.0,7.0,,21.0,6.0,0.09813084112149532,True,0,eliminated,9.0,False
12,3,Chelsea Kane,Mark Ballas,3rd Place,3,7.0,8.0,8.0,,23.0,3.5,0.10747663551401869,True,0,finished,10.0,False
12,3,Kirstie Alley,Maksim Chmerkoskiy,2nd Place,2,7.0,7.0,7.0,,21.0,6.0,0.09813084112149532,True,0,finished,10.0,False
12,3,Hines Ward,Kym Johnson,1st Place,1,9.0,8.0,8.0,,25.0,1.5,0.11682242990654206,True,0,finished,10.0,False
12,3,Sugar Ray Leonard,Anna Trebunskaya,Eliminated Week 4,9,7.0,6.0,7.0,,20.0,8.5,0.09345794392523364,True,0,eliminated,4.0,False
12,3,Chris Jericho,Cheryl Burke,Eliminated Week 6,7,7.0,7.0,7.0,,21.0,6.0,0.09813084112149532,True,0,eliminated,6.0,False
12,3,Petra Nemcova,Dmitry Chaplin,Eliminated Week 5,8,8.0,9.0,8.0,,25.0,1.5,0.11682242990654206,True,0,eliminated,5.0,False
12,3,Mike Catherwood,Lacey Schwimmer,Eliminated Week 2,11,0.0,0.0,0.0,,0.0,,,False,0,eliminated,2.0,True
12,3,Romeo,Chelsie Hightower,Eliminated Week 8,5,7.0,6.0,7.0,,20.0,8.5,0.09345794392523364,True,0,eliminated,8.0,False
12,3,Wendy Williams,Tony Dovolani,Eliminated Week 3,10,5.0,5.0,5.0,,15.0,10.0,0.07009345794392523,True,1,eliminated,3.0,False
12,3,Kendra Wilkinson,Louis van Amstel,Eliminated Week 7,6,8.0,7.0,8.0,,23.0,3.5,0.10747663551401869,True,0,eliminated,7.0,False
13,3,Elisabetta Canalis,Valentin Chmerkovskiy,Eliminated Week 2,11,0.0,0.0,0.0,,0.0,,,False,0,eliminated,2.0,True
13,3,David Arquette,Kym Johnson,Eliminated Week 7,6,8.0,8.0,8.0,,24.0,5.5,0.10126582278481013,True,0,eliminated,7.0,False
13,3,Ricki Lake,Derek Hough,3rd Place,3,9.0,9.0,9.0,,27.0,1.0,0.11392405063291139,True,0,finished,10.0,False
13,3,J.R. Martinez,Karina Smirnoff,1st Place,1,9.0,8.0,9.0,,26.0,2.5,0.10970464135021098,True,0,finished,10.0,False
13,3,Metta World Peace (Ron),Peta Murgatroyd,Eliminated Week 1,12,0.0,0.0,0.0,,0.0,,,False,0,eliminated,1.0,True
13,3,Hope Solo,Maksim Chmerkoskiy,Eliminated Week 9,4,8.0,8.0,8.0,,24.0,5.5,0.10126582278481013,True,0,eliminated,9.0,False
13,3,Chynna Phillips,Tony Dovolani,Eliminated Week 4,9,8.0,9.0,9.0,,26.0,2.5,0.10970464135021098,True,0,eliminated,4.0,False
13,3,Kristin Cavallari,Mark Ballas,Eliminated Week 3,10,8.0,8.0,8.0,,24.0,5.5,0.10126582278481013,True,1,eliminated,3.0,False
13,3,Carson Kressley,Anna Trebunskaya,Eliminated Week 5,8,8.0,7.0,8.0,,23.0,8.0,0.0970464135021097,True,0,eliminated,5.0,False
13,3,Chaz Bono,Lacey Schwimmer,Eliminated Week 6,7,6.0,6.0,6.0,,18.0,10.0,0.0759493670886076,True,0,eliminated,6.0,False
13,3,Nancy Grace,Tristan MacManus,Eliminated Week 8,5,7.0,7.0,7.0,,21.0,9.0,0.08860759493670886,True,0,eliminated,8.0,False
13,3,Rob Kardashian,Cheryl Burke,2nd Place,2,8.0,8.0,8.0,,24.0,5.5,0.10126582278481013,True,0,finished,10.0,False
14,3,William Levy,Cheryl Burke,3rd Place,3,9.0,9.0,10.0,,28.0,2.0,0.1,True,0,finished,10.0,False
14,3,Jack Wagner,Anna Trebunskaya,Eliminated Week 3,11,8.0,8.0,8.0,,24.0,9.0,0.08571428571428572,True,1,eliminated,3.0,False
14,3,Sherri Sheperd,Valentin Chmerkovskiy,Eliminated Week 4,10,8.0,8.0,8.0,,24.0,9.0,0.08571428571428572,True,0,eliminated,4.0,False
14,3,Jaleel White,Kym Johnson,Eliminated Week 7,7,9.0,8.0,8.0,,25.0,5.5,0.08928571428571429,True,0,eliminated,7.0,False
14,3,Roshon Fegan,Chelsie Hightower,Eliminated Week 8,6,8.0,8.0,9.0,,25.0,5.5,0.08928571428571429,True,0,eliminated,8.0,False
14,3,Melissa Gilbert,Maksim Chmerkoskiy,Eliminated Week 8,5,8.0,8.0,8.0,,24.0,9.0,0.08571428571428572,True,0,eliminated,8.0,False
14,3,Martina Navratilova,Tony Dovolani,Eliminated Week 2,12,0.0,0.0,0.0,,0.0,,,False,0,eliminated,2.0,True
14,3,Donald Driver,Peta Murgatroyd,1st Place,1,9.0,8.0,9.0,,26.0,4.0,0.09285714285714286,True,0,finished,10.0,False
14,3,Gavin DeGraw,Karina Smirnoff,Eliminated Week 5,9,8.0,8.0,8.0,,24.0,9.0,0.08571428571428572,True,0,eliminated,5.0,False
14,3,Gladys Knight,Tristan MacManus,Eliminated Week 6,8,8.0,8.0,8.0,,24.0,9.0,0.08571428571428572,True,0,eliminated,6.0,False
14,3,Katherine Jenkins,Mark Ballas,2nd Place,2,10.0,9.0,10.0,,29.0,1.0,0.10357142857142858,True,0,finished,10.0,False
14,3,Maria Menounos,Derek Hough,Eliminated Week 9,4,9.0,9.0,9.0,,27.0,3.0,0.09642857142857143,True,0,eliminated,9.0,False
15,3,Gilles Marini,Peta Murgatroyd,Eliminated Week 8,6,8.5,8.5,8.5,,25.5,5.5,0.09172661870503597,True,0,eliminated,8.0,False
15,3,Sabrina Bryan,Louis van Amstel,Eliminated Week 6,8,8.5,8.5,8.5,,25.5,5.5,0.09172661870503597,True,0,eliminated,6.0,False
15,3,Kirstie Alley,Maksim Chmerkoskiy,Eliminated Week 8,7,8.0,8.0,8.0,,24.0,9.5,0.08633093525179857,True,0,eliminated,8.0,False
15,3,Kelly Monaco,Valentin Chmerkovskiy,3rd Place,3,9.0,9.0,9.0,,27.0,1.5,0.09712230215827339,True,0,finished,10.0,False
15,3,Apolo Anton Ohno,Karina Smirnoff,Eliminated Week 9,5,9.0,8.0,8.5,,25.5,5.5,0.09172661870503597,True,0,eliminated,9.0,False
15,3,Emmitt Smith,Cheryl Burke,Eliminated Week 9,4,8.5,8.0,8.5,,25.0,8.0,0.08992805755395683,True,0,eliminated,9.0,False
15,3,Shawn Johnson,Derek Hough,2nd Place,2,9.0,8.0,9.5,,26.5,3.0,0.09532374100719425,True,0,finished,10.0,False
15,3,Pamela Anderson,Tristan MacManus,Eliminated Week 1,13,0.0,0.0,0.0,,0.0,,,False,0,eliminated,1.0,True
15,3,Helio Castroneves,Chelsie Hightower,Eliminated Week 3,10,8.5,8.5,8.5,,25.5,5.5,0.09172661870503597,True,1,eliminated,3.0,False
15,3,Joey Fatone,Kym Johnson,Eliminated Week 2,12,0.0,0.0,0.0,,0.0,,,False,0,eliminated,2.0,True
15,3,Drew Lachey,Anna Trebunskaya,Eliminated Week 3,11,8.0,8.0,8.0,,24.0,9.5,0.08633093525179857,True,1,eliminated,3.0,False
15,3,Bristol Palin,Mark Ballas,Eliminated Week 4,9,7.5,7.5,7.5,,22.5,11.0,0.08093525179856115,True,0,eliminated,4.0,False
15,3,Melissa Rycroft,Tony Dovolani,1st Place,1,9.0,9.0,9.0,,27.0,1.5,0.09712230215827339,True,0,finished,10.0,False
16,3,Ingo Rademacher,Kym Johnson,Eliminated Week 9,5,7.0,7.0,7.0,,21.0,7.0,0.08936185423294338,True,0,eliminated,9.0,False
16,3,Zendaya,Valentin Chmerkovskiy,2nd Place,2,8.6666,8.6666,8.6666,,25.9998,1.5,0.11063763512788959,True,0,finished,10.0,False
16,3,Dorothy Hamill,Tristan MacManus,Withdrew,12,0.0,0.0,0.0,,0.0,,,False,0,withdrew,2.0,True
16,3,Victor Ortiz,Lindsay Arnold,Eliminated Week 6,8,8.0,7.0,8.0,,23.0,4.5,0.09787250701703322,True,0,eliminated,6.0,False
16,3,Alexandra Raisman,Mark Ballas,Eliminated Week 10,4,7.0,8.0,8.0,,23.0,4.5,0.09787250701703322,True,0,eliminated,10.0,False
16,3,Jacoby Jones,Karina Smirnoff,3rd Place,3,8.6666,8.6666,8.6666,,25.9998,1.5,0.11063763512788959,True,0,finished,10.0,False
16,3,D. L. Hughley,Cheryl Burke,Eliminated Week 5,9,6.0,5.0,5.0,,16.0,10.0,0.06808522227271877,True,0,eliminated,5.0,False
16,3,Andy Dick,Sharna Burgess,Eliminated Week 7,7,6.0,6.0,6.0,,18.0,9.0,0.07659587505680861,True,0,eliminated,7.0,False
16,3,Wynonna Judd,Tony Dovolani,Eliminated Week 3,11,5.0,5.0,5.0,,15.0,11.0,0.06382989588067384,True,1,eliminated,3.0,False
16,3,Kellie Pickler,Derek Hough,1st Place,1,8.0,9.0,8.0,,25.0,3.0,0.10638315980112308,True,0,finished,10.0,False
16,3,Lisa Vanderpump,Gleb Savchenko,Eliminated Week 4,10,7.0,7.0,7.0,,21.0,7.0,0.08936185423294338,True,0,eliminated,4.0,False
16,3,Sean Lowe,Peta Murgatroyd,Eliminated Week 8,6,7.0,7.0,7.0,,21.0,7.0,0.08936185423294338,True,0,eliminated,8.0,False
17,3,Valerie Harper,Tristan MacManus,Eliminated Week 4,10,6.0,5.0,5.0,,16.0,10.5,0.06274509803921569,True,0,eliminated,4.0,False
17,3,Brant Daugherty,Peta Murgatroyd,Eliminated Week 8,7,9.0,9.0,9.0,,27.0,1.0,0.10588235294117647,True,0,eliminated,8.0,False
17,3,Elizabeth Berkley Lauren,Valentin Chmerkovskiy,Eliminated Week 9,6,8.0,9.0,8.0,,25.0,4.5,0.09803921568627451,True,0,eliminated,9.0,False
17,3,Leah Remini,Tony Dovolani,Eliminated Week 10,5,8.0,8.0,8.0,,24.0,7.0,0.09411764705882353,True,0,eliminated,10.0,False
17,3,Corbin Bleu,Karina Smirnoff,2nd Place,2,9.0,8.0,9.0,,26.0,2.5,0.10196078431372549,True,0,finished,11.0,False
17,3,Amber Riley,Derek Hough,1st Place,1,8.0,8.0,8.0,,24.0,7.0,0.09411764705882353,True,0,finished,11.0,False
17,3,Keyshawn Johnson,Sharna Burgess,Eliminated Week 2,12,0.0,0.0,0.0,,0.0,,,False,0,eliminated,2.0,True
17,3,Bill Engvall,Emma Slater,Eliminated Week 11,4,8.0,8.0,8.0,,24.0,7.0,0.09411764705882353,True,0,eliminated,11.0,False
17,3,Christina Milian,Mark Ballas,Eliminated Week 5,9,9.0,8.0,9.0,,26.0,2.5,0.10196078431372549,True,0,eliminated,5.0,False
17,3,"Nicole ""Snooki"" Polizzi",Sasha Farber,Eliminated Week 7,8,9.0,8.0,8.0,,25.0,4.5,0.09803921568627451,True,0,eliminated,7.0,False
17,3,Jack Osbourne,Cheryl Burke,3rd Place,3,7.0,7.0,8.0,,22.0,9.0,0.08627450980392157,True,0,finished,11.0,False
17,3,Bill Nye,Tyne Stecklein,Eliminated Week 3,11,6.0,5.0,5.0,,16.0,10.5,0.06274509803921569,True,1,eliminated,3.0,False
18,3,Billy Dee Williams,Emma Slater,Withdrew,10,0.0,0.0,0.0,0.0,0.0,,,False,0,withdrew,2.0,True
18,3,Danica McKellar,Valentin Chmerkovskiy,Eliminated Week 8,6,9.0,9.0,9.0,9.0,36.0,3.5,0.1157556270096463,True,0,eliminated,8.0,False
18,3,James Maslow,Peta Murgatroyd,Eliminated Week 10,4,9.0,9.0,9.0,9.0,36.0,3.5,0.1157556270096463,True,0,eliminated,10.0,False
18,3,Candace Cameron Bure,Mark Ballas,3rd Place,3,8.0,8.0,8.0,8.0,32.0,7.0,0.10289389067524116,True,0,finished,10.0,False
18,3,Sean Avery,Karina Smirnoff,Eliminated Week 2,11,0.0,0.0,0.0,0.0,0.0,,,False,0,eliminated,2.0,True
18,3,Diana Nyad,Henry Byalikov,Eliminated Week 2,12,0.0,0.0,0.0,0.0,0.0,,,False,0,eliminated,2.0,True
18,3,Charlie White,Sharna Burgess,Eliminated Week 9,5,9.0,9.0,9.0,9.0,36.0,3.5,0.1157556270096463,True,0,eliminated,9.0,False
18,3,Amy Purdy,Derek Hough,2nd Place,2,9.0,9.0,9.0,9.0,36.0,3.5,0.1157556270096463,True,0,finished,10.0,False
18,3,Meryl Davis,Maksim Chmerkoskiy,1st Place,1,10.0,9.0,10.0,10.0,39.0,1.0,0.12540192926045016,True,0,finished,10.0,False
18,3,Drew Carey,Cheryl Burke,Eliminated Week 6,8,7.0,7.0,8.0,8.0,30.0,9.0,0.09646302250803858,True,0,eliminated,6.0,False
18,3,Cody Simpson,Witney Carson,Eliminated Week 5,9,9.0,8.0,9.0,9.0,35.0,6.0,0.11254019292604502,True,0,eliminated,5.0,False
18,3,NeNe Leakes,Tony Dovolani,Eliminated Week 7,7,8.0,7.0,8.0,8.0,31.0,8.0,0.09967845659163987,True,0,eliminated,7.0,False
19,3,Antonio Sabato Jr.,Cheryl Burke,Eliminated Week 7,8,7.0,7.0,7.0,8.0,29.0,8.5,0.0821529745042493,True,0,eliminated,7.0,False
19,3,Jonathan Bennett,Allison Holker,Eliminated Week 6,9,8.0,8.0,8.0,8.0,32.0,5.0,0.0906515580736544,True,0,eliminated,6.0,False
19,3,Lea Thompson,Artem Chigvintsev,Eliminated Week 9,6,7.0,8.0,8.0,8.0,31.0,7.0,0.08781869688385269,True,0,eliminated,9.0,False
19,3,Janel Parrish,Valentin Chmerkovskiy,3rd Place,3,10.0,10.0,10.0,10.0,40.0,1.5,0.11331444759206799,True,0,finished,11.0,False
19,3,Alfonso Ribeiro,Witney Carson,1st Place,1,8.0,8.0,8.0,8.0,32.0,5.0,0.0906515580736544,True,0,finished,11.0,False
19,3,Lolo Jones,Keo Motsepe,Eliminated Week 1,13,0.0,0.0,0.0,0.0,0.0,,,False,0,eliminated,1.0,True
19,3,Randy Couture,Karina Smirnoff,Eliminated Week 3,11,7.0,7.0,6.0,6.0,26.0,11.0,0.07365439093484419,True,1,eliminated,3.0,False
19,3,Tommy Chong,Peta Murgatroyd,Eliminated Week 10,5,8.0,10.0,8.0,8.0,34.0,3.0,0.09631728045325778,True,0,eliminated,10.0,False
19,3,Betsey Johnson,Tony Dovolani,Eliminated Week 4,10,7.0,9.0,6.0,7.0,29.0,8.5,0.0821529745042493,True,0,eliminated,4.0,False
19,3,Michael Waltrip,Emma Slater,Eliminated Week 8,7,7.0,7.0,7.0,7.0,28.0,10.0,0.07932011331444759,True,0,eliminated,8.0,False
19,3,Tavis Smiley,Sharna Burgess,Eliminated Week 2,12,0.0,0.0,0.0,0.0,0.0,,,False,0,eliminated,2.0,True
19,3,Bethany Mota,Derek Hough,Eliminated Week 11,4,10.0,10.0,10.0,10.0,40.0,1.5,0.11331444759206799,True,0,eliminated,11.0,False
19,3,Sadie Robertson,Mark Ballas,2nd Place,2,8.0,8.0,8.0,8.0,32.0,5.0,0.0906515580736544,True,0,finished,11.0,False
20,3,Suzanne Somers,Tony Dovolani,Eliminated Week 5,9,6.0,6.0,6.0,7.0,25.0,8.0,0.07987220447284345,True,0,eliminated,5.0,False
20,3,Willow Shields,Mark Ballas,Eliminated Week 7,7,8.0,8.0,8.0,8.0,32.0,4.0,0.10223642172523961,True,0,eliminated,7.0,False
20,3,Riker Lynch,Allison Holker,2nd Place,2,9.0,7.0,9.0,9.0,34.0,1.5,0.10862619808306709,True,0,finished,10.0,False
20,3,Rumer Willis,Valentin Chmerkovskiy,1st Place,1,8.0,9.0,8.0,8.0,33.0,3.0,0.10543130990415335,True,0,finished,10.0,False
20,3,Nastia Liukin,Derek Hough,Eliminated Week 9,4,9.0,8.0,9.0,8.0,34.0,1.5,0.10862619808306709,True,0,eliminated,9.0,False
20,3,Michael Sam,Peta Murgatroyd,Eliminated Week 4,10,6.0,6.0,6.0,6.0,24.0,9.0,0.07667731629392971,True,0,eliminated,4.0,False
20,3,Robert Herjavec,Kym Johnson,Eliminated Week 8,6,7.0,7.0,8.0,7.0,29.0,6.0,0.0926517571884984,True,0,eliminated,8.0,False
20,3,Charlotte McKinney,Keo Motsepe,Eliminated Week 3,11,6.0,5.0,5.0,6.0,22.0,10.5,0.07028753993610223,True,1,eliminated,3.0,False
20,3,Noah Galloway,Sharna Burgess,3rd Place,3,7.0,7.0,8.0,8.0,30.0,5.0,0.09584664536741214,True,0,finished,10.0,False
20,3,Redfoo,Emma Slater,Eliminated Week 2,12,0.0,0.0,0.0,0.0,0.0,,,False,0,eliminated,2.0,True
20,3,Patti LaBelle,Artem Chigvintsev,Eliminated Week 6,8,6.0,5.0,5.0,6.0,22.0,10.5,0.07028753993610223,True,0,eliminated,6.0,False
20,3,Chris Soules,Witney Carson,Eliminated Week 8,5,7.0,7.0,7.0,7.0,28.0,7.0,0.08945686900958466,True,0,eliminated,8.0,False
21,3,Gary Busey,Anna Trebunskaya,Eliminated Week 4,10,6.0,7.0,6.0,6.0,25.0,9.0,0.08196721311475409,True,0,eliminated,4.0,False
21,3,Alexa PenaVega,Mark Ballas,Eliminated Week 9,6,9.0,9.0,9.0,9.0,36.0,1.5,0.1180327868852459,True,0,eliminated,9.0,False
21,3,Carlos PenaVega,Witney Carson,Eliminated Week 11,4,7.0,8.0,8.0,8.0,31.0,6.0,0.10163934426229508,True,0,eliminated,11.0,False
21,3,Victor Espinoza,Karina Smirnoff,Eliminated Week 2,12,0.0,0.0,0.0,0.0,0.0,,,False,0,eliminated,2.0,True
21,3,Alek Skarlatos,Lindsay Arnold,3rd Place,3,8.0,8.0,9.0,8.0,33.0,3.5,0.10819672131147541,True,0,finished,11.0,False
21,3,Chaka Khan,Keo Motsepe,Eliminated Week 2,13,0.0,0.0,0.0,0.0,0.0,,,False,0,eliminated,2.0,True
21,3,Andy Grammer,Allison Holker,Eliminated Week 8,7,7.0,7.0,8.0,7.0,29.0,8.0,0.09508196721311475,True,0,eliminated,8.0,False
21,3,Tamar Braxton,Valentin Chmerkovskiy,Withdrew,5,8.0,9.0,8.0,8.0,33.0,3.5,0.10819672131147541,True,0,withdrew,9.0,False
21,3,Nick Carter,Sharna Burgess,2nd Place,2,9.0,9.0,9.0,9.0,36.0,1.5,0.1180327868852459,True,0,finished,11.0,False
21,3,Hayes Grier,Emma Slater,Eliminated Week 7,8,7.0,8.0,7.0,8.0,30.0,7.0,0.09836065573770492,True,0,eliminated,7.0,False
21,3,Bindi Irwin,Derek Hough,1st Place,1,8.0,8.0,8.0,8.0,32.0,5.0,0.10491803278688525,True,0,finished,11.0,False
21,3,Kim Zolciak-Biermann,Tony Dovolani,Withdrew,11,0.0,0.0,0.0,0.0,0.0,,,False,0,withdrew,2.0,True
21,3,Paula Deen,Louis van Amstel,Eliminated Week 6,9,5.0,5.0,5.0,5.0,20.0,10.0,0.06557377049180328,True,0,eliminated,6.0,False
22,3,Mischa Barton,Artem Chigvintsev,Eliminated Week 3,11,6.0,6.0,6.0,,18.0,11.0,0.0759493670886076,True,1,eliminated,3.0,False
22,3,Kim Fields,Sasha Farber,Eliminated Week 7,8,8.0,7.0,7.0,,22.0,5.0,0.09282700421940929,True,0,eliminated,7.0,False
22,3,Jodie Sweetin,Keo Motsepe,Eliminated Week 8,6,8.0,7.0,8.0,,23.0,3.5,0.0970464135021097,True,0,eliminated,8.0,False
22,3,Doug Flutie,Karina Smirnoff,Eliminated Week 6,9,7.0,6.0,7.0,,20.0,9.0,0.08438818565400844,True,0,eliminated,6.0,False
22,3,Von Miller,Witney Carson,Eliminated Week 7,7,7.0,6.0,7.0,,20.0,9.0,0.08438818565400844,True,0,eliminated,7.0,False
22,3,Antonio Brown,Sharna Burgess,Eliminated Week 9,5,7.0,6.0,7.0,,20.0,9.0,0.08438818565400844,True,0,eliminated,9.0,False
22,3,Paige VanZant,Mark Ballas,2nd Place,2,8.0,7.0,8.0,,23.0,3.5,0.0970464135021097,True,0,finished,10.0,False
22,3,Geraldo Rivera,Edyta Sliwinska,Eliminated Week 2,12,0.0,0.0,0.0,,0.0,,,False,0,eliminated,2.0,True
22,3,Nyle DiMarco,Peta Murgatroyd,1st Place,1,8.0,8.0,9.0,,25.0,1.0,0.10548523206751055,True,0,finished,10.0,False
22,3,Ginger Zee,Valentin Chmerkovskiy,3rd Place,3,7.0,7.0,7.0,,21.0,6.5,0.08860759493670886,True,0,finished,10.0,False
22,3,Wanya Morris,Lindsay Arnold,Eliminated Week 9,4,8.0,8.0,8.0,,24.0,2.0,0.10126582278481013,True,0,eliminated,9.0,False
22,3,Marla Maples,Tony Dovolani,Eliminated Week 4,10,7.0,7.0,7.0,,21.0,6.5,0.08860759493670886,True,0,eliminated,4.0,False
23,3,Jake T. Austin,Jenna Johnson,Eliminated Week 2,13,0.0,0.0,0.0,0.0,0.0,,,False,0,eliminated,2.0,True
23,3,Maureen McCormick,Artem Chigvintsev,Eliminated Week 7,8,7.0,7.0,7.0,7.0,28.0,5.5,0.08615384615384615,True,0,eliminated,7.0,False
23,3,Marilu Henner,Derek Hough,Eliminated Week 9,6,7.0,7.0,7.0,7.0,28.0,5.5,0.08615384615384615,True,0,eliminated,9.0,False
23,3,Ryan Lochte,Cheryl Burke,Eliminated Week 8,7,6.0,7.0,6.0,6.0,25.0,9.0,0.07692307692307693,True,0,eliminated,8.0,False
23,3,Calvin Johnson Jr.,Lindsay Arnold,3rd Place,3,8.0,8.0,8.0,8.0,32.0,1.0,0.09846153846153846,True,0,finished,11.0,False
23,3,Laurie Hernandez,Valentin Chmerkovskiy,1st Place,1,7.0,8.0,8.0,8.0,31.0,2.0,0.09538461538461539,True,0,finished,11.0,False
23,3,Amber Rose,Maksim Chmerkoskiy,Eliminated Week 6,9,7.0,6.0,6.0,6.0,25.0,9.0,0.07692307692307693,True,0,eliminated,6.0,False
23,3,Rick Perry,Emma Slater,Eliminated Week 3,12,6.0,5.0,6.0,6.0,23.0,11.5,0.07076923076923076,True,1,eliminated,3.0,False
23,3,James Hinchcliffe,Sharna Burgess,2nd Place,2,7.0,7.0,8.0,7.0,29.0,4.0,0.08923076923076922,True,0,finished,11.0,False
23,3,Babyface,Allison Holker,Eliminated Week 4,11,7.0,6.0,6.0,6.0,25.0,9.0,0.07692307692307693,True,0,eliminated,4.0,False
23,3,Vanilla Ice,Witney Carson,Eliminated Week 4,10,6.0,6.0,5.0,6.0,23.0,11.5,0.07076923076923076,True,0,eliminated,4.0,False
23,3,Jana Kramer,Gleb Savchenko,Eliminated Week 11,4,6.0,7.0,6.0,7.0,26.0,7.0,0.08,True,0,eliminated,11.0,False
23,3,Terra Jole,Sasha Farber,Eliminated Week 10,5,8.0,7.0,8.0,7.0,30.0,3.0,0.09230769230769231,True,0,eliminated,10.0,False
24,3,Charo,Keo Motsepe,Eliminated Week 3,11,6.0,6.0,6.0,6.0,24.0,10.0,0.0761904761904762,True,1,eliminated,3.0,False
24,3,Mr. T,Kym Herjavec,Eliminated Week 4,10,6.0,6.0,6.0,6.0,24.0,10.0,0.0761904761904762,True,0,eliminated,4.0,False
24,3,Heather Morris,Maksim Chmerkoskiy,Eliminated Week 6,8,9.0,8.0,8.0,8.0,33.0,2.5,0.10476190476190476,True,0,eliminated,6.0,False
24,3,Nancy Kerrigan,Artem Chigvintsev,Eliminated Week 7,7,8.0,9.0,8.0,8.0,33.0,2.5,0.10476190476190476,True,0,eliminated,7.0,False
24,3,Bonner Bolton,Sharna Burgess,Eliminated Week 8,5,6.0,6.0,6.0,6.0,24.0,10.0,0.0761904761904762,True,0,eliminated,8.0,False
24,3,Simone Biles,Sasha Farber,Eliminated Week 9,4,7.0,8.0,9.0,8.0,32.0,4.0,0.10158730158730159,True,0,eliminated,9.0,False
24,3,David Ross,Lindsay Arnold,2nd Place,2,8.0,7.0,8.0,8.0,31.0,5.0,0.09841269841269841,True,0,finished,10.0,False
24,3,Rashad Jennings,Emma Slater,1st Place,1,7.0,7.0,7.0,7.0,28.0,6.0,0.08888888888888889,True,0,finished,10.0,False
24,3,Chris Kattan,Witney Carson,Eliminated Week 2,12,0.0,0.0,0.0,0.0,0.0,,,False,0,eliminated,2.0,True
24,3,Erika Jayne,Gleb Savchenko,Eliminated Week 5,9,6.0,7.0,7.0,6.0,26.0,7.5,0.08253968253968254,True,0,eliminated,5.0,False
24,3,Normani,Valentin Chmerkovskiy,3rd Place,3,8.0,8.0,9.0,9.0,34.0,1.0,0.10793650793650794,True,0,finished,10.0,False
24,3,Nick Viall,Peta Murgatroyd,Eliminated Week 7,6,7.0,6.0,7.0,6.0,26.0,7.5,0.08253968253968254,True,0,eliminated,7.0,False
25,3,Sasha Pieterse,Gleb Savchenko,Eliminated Week 5,10,7.0,6.0,6.0,,19.0,11.0,0.0778688524590164,True,0,eliminated,5.0,False
25,3,Frankie Muniz,Witney Carson,3rd Place,3,7.0,7.0,7.0,,21.0,8.0,0.0860655737704918,True,0,finished,10.0,False
25,3,Jordan Fisher,Lindsay Arnold,1st Place,1,9.0,7.0,9.0,,25.0,2.0,0.10245901639344263,True,0,finished,10.0,False
25,3,Derek Fisher,Sharna Burgess,Eliminated Week 4,11,7.0,7.0,7.0,,21.0,8.0,0.0860655737704918,True,0,eliminated,4.0,False
25,3,Nikki Bella,Artem Chigvintsev,Eliminated Week 7,8,7.0,7.0,7.0,,21.0,8.0,0.0860655737704918,True,0,eliminated,7.0,False
25,3,Terrell Owens,Cheryl Burke,Eliminated Week 8,6,7.0,7.0,7.0,,21.0,8.0,0.0860655737704918,True,0,eliminated,8.0,False
25,3,Victoria Arlen,Valentin Chmerkovskiy,Eliminated Week 9,5,8.0,7.0,7.0,,22.0,5.0,0.09016393442622951,True,0,eliminated,9.0,False
25,3,Barbara Corcoran,Keo Motsepe,Eliminated Week 2,13,0.0,0.0,0.0,,0.0,,,False,0,eliminated,2.0,True
25,3,Lindsey Stirling,Mark Ballas,2nd Place,2,9.0,9.0,9.0,,27.0,1.0,0.11065573770491803,True,0,finished,10.0,False
25,3,Debbie Gibson,Alan Bersten,Eliminated Week 2,12,0.0,0.0,0.0,,0.0,,,False,0,eliminated,2.0,True
25,3,Nick Lachey,Peta Murgatroyd,Eliminated Week 6,9,7.0,7.0,7.0,,21.0,8.0,0.0860655737704918,True,0,eliminated,6.0,False
25,3,Drew Scott,Emma Slater,Eliminated Week 10,4,8.0,7.0,8.0,,23.0,3.5,0.0942622950819672,True,0,eliminated,10.0,False
25,3,Vanessa Lachey,Maksim Chmerkoskiy,Eliminated Week 7,7,7.0,8.0,8.0,,23.0,3.5,0.0942622950819672,True,0,eliminated,7.0,False
26,3,Jamie Anderson,Artem Chigvintsev,Eliminated Week 1,10,0.0,0.0,0.0,0.0,0.0,,,False,0,eliminated,1.0,True
26,3,Johnny Damon,Emma Slater,Eliminated Week 1,9,0.0,0.0,0.0,0.0,0.0,,,False,0,eliminated,1.0,True
26,3,Kareem Abdul-Jabbar,Lindsay Arnold,Eliminated Week 2,8,0.0,0.0,0.0,0.0,0.0,,,False,0,eliminated,2.0,True
26,3,Arike Ogunbowale,Gleb Savchenko,Eliminated Week 2,7,0.0,0.0,0.0,0.0,0.0,,,False,0,eliminated,2.0,True
26,3,Jennie Finch Daigle,Keo Motsepe,Eliminated Week 3,6,7.0,8.0,7.0,7.0,29.0,6.0,0.13744075829383887,True,1,eliminated,3.0,False
26,3,Chris Mazdzer,Witney Carson,Eliminated Week 3,5,8.0,9.0,7.0,9.0,33.0,5.0,0.15639810426540285,True,1,eliminated,3.0,False
26,3,Mirai Nagasu,Alan Bersten,Eliminated Week 3,4,9.0,9.0,8.0,9.0,35.0,3.5,0.16587677725118483,True,1,eliminated,3.0,False
26,3,Tonya Harding,Sasha Farber,3rd Place,3,8.5,9.5,8.5,8.5,35.0,3.5,0.16587677725118483,True,0,finished,4.0,False
26,3,Josh Norman,Sharna Burgess,2nd Place,2,9.5,9.5,9.5,9.5,38.0,2.0,0.18009478672985782,True,0,finished,4.0,False
26,3,Adam Rippon,Jenna Johnson,1st Place,1,10.5,10.5,9.5,10.5,41.0,1.0,0.1943127962085308,True,0,finished,4.0,False
27,3,Juan Pablo Di Pace,Cheryl Burke,Eliminated Week 8,5,10.0,10.0,10.0,,30.0,1.0,0.11070110701107011,True,0,eliminated,8.0,False
27,3,Evanna Lynch,Keo Motsepe,3rd Place,3,9.0,9.0,9.0,,27.0,3.0,0.0996309963099631,True,0,finished,9.0,False
27,3,Nancy McKeon,Valentin Chmerkovskiy,Eliminated Week 3,11,8.0,7.0,7.0,,22.0,9.0,0.08118081180811808,True,1,eliminated,3.0,False
27,3,John Schneider,Emma Slater,Eliminated Week 7,8,7.0,7.0,7.0,,21.0,10.0,0.07749077490774908,True,0,eliminated,7.0,False
27,3,Milo Manheim,Witney Carson,2nd Place,2,9.0,9.0,9.0,,27.0,3.0,0.0996309963099631,True,0,finished,9.0,False
27,3,Danelle Umstead,Artem Chigvintsev,Eliminated Week 2,12,0.0,0.0,0.0,,0.0,,,False,0,eliminated,2.0,True
27,3,Mary Lou Retton,Sasha Farber,Eliminated Week 6,9,8.0,8.0,8.0,,24.0,7.0,0.08856088560885608,True,0,eliminated,6.0,False
27,3,DeMarcus Ware,Lindsay Arnold,Eliminated Week 7,7,9.0,8.0,9.0,,26.0,5.5,0.0959409594095941,True,0,eliminated,7.0,False
27,3,Nikki Glaser,Gleb Savchenko,Eliminated Week 1,13,0.0,0.0,0.0,,0.0,,,False,0,eliminated,1.0,True
27,3,Bobby Bones,Sharna Burgess,1st Place,1,8.0,7.0,8.0,,23.0,8.0,0.08487084870848709,True,0,finished,9.0,False
27,3,Tinashe,Brandon Armstrong,Eliminated Week 4,10,9.0,9.0,9.0,,27.0,3.0,0.0996309963099631,True,0,eliminated,4.0,False
27,3,Alexis Ren,Alan Bersten,4th Place,4,9.0,8.0,9.0,,26.0,5.5,0.0959409594095941,True,0,finished,9.0,False
27,3,Joe Amabile,Jenna Johnson,Eliminated Week 8,6,6.0,6.0,6.0,,18.0,11.0,0.06642066420664207,True,0,eliminated,8.0,False
28,3,Kate Flannery,Pasha Pashkov,Eliminated Week 8,7,8.0,8.0,8.0,,24.0,1.5,0.12121212121212122,True,0,eliminated,8.0,False
28,3,James Van Der Beek,Emma Slater,Eliminated Week 10,5,8.0,7.0,8.0,,23.0,3.5,0.11616161616161616,True,0,eliminated,10.0,False
28,3,Kel Mitchell,Witney Carson,2nd Place,2,7.0,6.0,7.0,,20.0,6.5,0.10101010101010101,True,0,finished,11.0,False
28,3,Ray Lewis,Cheryl Burke,Withdrew,11,0.0,0.0,0.0,,0.0,,,False,0,withdrew,2.0,True
28,3,Lamar Odom,Peta Murgatroyd,Eliminated Week 4,10,4.0,4.0,4.0,,12.0,10.0,0.06060606060606061,True,0,eliminated,4.0,False
28,3,Sailor Brinkley-Cook,Valentin Chmerkovskiy,Eliminated Week 6,9,7.0,8.0,8.0,,23.0,3.5,0.11616161616161616,True,0,eliminated,6.0,False
28,3,Sean Spicer,Lindsay Arnold,Eliminated Week 9,6,5.0,5.0,5.0,,15.0,9.0,0.07575757575757576,True,0,eliminated,9.0,False
28,3,Mary Wilson,Brandon Armstrong,Eliminated Week 2,12,0.0,0.0,0.0,,0.0,,,False,0,eliminated,2.0,True
28,3,Lauren Alaina,Gleb Savchenko,4th Place,4,6.0,7.0,7.0,,20.0,6.5,0.10101010101010101,True,0,finished,11.0,False
28,3,Ally Brooke,Sasha Farber,3rd Place,3,8.0,8.0,8.0,,24.0,1.5,0.12121212121212122,True,0,finished,11.0,False
28,3,Karamo Brown,Jenna Johnson,Eliminated Week 7,8,5.0,5.0,6.0,,16.0,8.0,0.08080808080808081,True,0,eliminated,7.0,False
28,3,Hannah Brown,Alan Bersten,1st Place,1,7.0,7.0,7.0,,21.0,5.0,0.10606060606060606,True,0,finished,11.0,False
29,3,Anne Heche,Keo Motsepe,Eliminated Week 4,13,5.0,5.0,5.0,,15.0,13.0,0.05338078291814947,True,0,eliminated,4.0,False
29,3,Jesse Metcalfe,Sharna Burgess,Eliminated Week 5,12,7.0,6.0,7.0,,20.0,9.0,0.0711743772241993,True,0,eliminated,5.0,False
29,3,Chrishell Stause,Gleb Savchenko,Eliminated Week 8,8,7.0,7.0,8.0,,22.0,5.0,0.07829181494661921,True,0,eliminated,8.0,False
29,3,Skai Jackson,Alan Bersten,Eliminated Week 10,5,6.0,6.0,6.0,,18.0,11.5,0.06405693950177936,True,0,eliminated,10.0,False
29,3,Justina Machado,Sasha Farber,4th Place,4,7.0,6.0,6.0,,19.0,10.0,0.06761565836298933,True,0,finished,11.0,False
29,3,Charles Oakley,Emma Slater,Eliminated Week 2,15,0.0,0.0,0.0,,0.0,,,False,0,eliminated,2.0,True
29,3,Veron Davis,Peta Murgatroyd,Eliminated Week 6,11,8.0,7.0,7.0,,22.0,5.0,0.07829181494661921,True,0,eliminated,6.0,False
29,3,Johnny Weir,Britt Stewart,Eliminated Week 10,6,8.0,8.0,8.0,,24.0,1.5,0.08540925266903915,True,0,eliminated,10.0,False
29,3,Nev Schulman,Jenna Johnson,2nd Place,2,8.0,8.0,8.0,,24.0,1.5,0.08540925266903915,True,0,finished,11.0,False
29,3,AJ McLean,Cheryl Burke,Eliminated Week 9,7,7.0,7.0,7.0,,21.0,7.5,0.07473309608540925,True,0,eliminated,9.0,False
29,3,Nelly,Daniella Karagach,3rd Place,3,6.0,6.0,6.0,,18.0,11.5,0.06405693950177936,True,0,finished,11.0,False
29,3,Kaitlyn Bristowe,Artem Chigvintsev,1st Place,1,8.0,7.0,8.0,,23.0,3.0,0.08185053380782918,True,0,finished,11.0,False
29,3,Carole Baskin,Pasha Pashkov,Eliminated Week 3,14,5.0,4.0,3.0,,12.0,14.0,0.042704626334519574,True,1,eliminated,3.0,False
29,3,Monica Aldama,Valentin Chmerkovskiy,Eliminated Week 7,10,7.0,7.0,7.0,,21.0,7.5,0.07473309608540925,True,0,eliminated,7.0,False
29,3,Jeannie Mai,Brandon Armstrong,Withdrew,9,7.0,7.0,8.0,,22.0,5.0,0.07829181494661921,True,0,withdrew,7.0,False
30,3,Martin Kove,Britt Stewart,Eliminated Week 2,15,0.0,0.0,0.0,,0.0,,,False,0,eliminated,2.0,True
30,3,Brian Austin Green,Sharna Burgess,Eliminated Week 4,13,7.0,6.0,6.0,,19.0,12.5,0.06375838926174497,True,0,eliminated,4.0,False
30,3,Melora Hardin,Artem Chigvintsev,Eliminated Week 9,6,8.0,7.0,8.0,,23.0,4.0,0.07718120805369127,True,0,eliminated,9.0,False
30,3,Matt James,Lindsay Arnold,Eliminated Week 4,12,7.0,6.0,7.0,,20.0,10.5,0.06711409395973154,True,0,eliminated,4.0,False
30,3,"Mike ""The Miz"" Mizanin",Witney Carson,Eliminated Week 7,9,7.0,7.0,8.0,,22.0,5.5,0.0738255033557047,True,0,eliminated,7.0,False
30,3,Suni Lee,Sasha Farber,Eliminated Week 9,5,7.0,7.0,7.0,,21.0,8.0,0.07046979865771812,True,0,eliminated,9.0,False
30,3,Iman Shumpert,Daniella Karagach,1st Place,1,7.0,6.0,6.0,,19.0,12.5,0.06375838926174497,True,0,finished,10.0,False
30,3,Cody Rigsby,Cheryl Burke,3rd Place,3,6.0,6.0,6.0,,18.0,14.0,0.06040268456375839,True,0,finished,10.0,False
30,3,Melanie C,Gleb Savchenko,Eliminated Week 5,11,7.0,7.0,8.0,,22.0,5.5,0.0738255033557047,True,0,eliminated,5.0,False
30,3,Jimmie Allen,Emma Slater,Eliminated Week 8,7,6.0,6.0,8.0,,20.0,10.5,0.06711409395973154,True,0,eliminated,8.0,False
30,3,Olivia Jade,Valentin Chmerkovskiy,Eliminated Week 8,8,8.0,8.0,8.0,,24.0,2.0,0.08053691275167785,True,0,eliminated,8.0,False
30,3,JoJo Siwa,Jenna Johnson,2nd Place,2,8.0,8.0,8.0,,24.0,2.0,0.08053691275167785,True,0,finished,10.0,False
30,3,Christine Chiu,Pasha Pashkov,Eliminated Week 3,14,7.0,7.0,7.0,,21.0,8.0,0.07046979865771812,True,1,eliminated,3.0,False
30,3,Kenya Moore,Brandon Armstrong,Eliminated Week 6,10,7.0,7.0,7.0,,21.0,8.0,0.07046979865771812,True,0,eliminated,6.0,False
30,3,Amanda Kloots,Alan Bersten,4th Place,4,8.0,8.0,8.0,,24.0,2.0,0.08053691275167785,True,0,finished,10.0,False
31,3,Jason Lewis,Peta Murgatroyd,Eliminated Week 1,16,0.0,0.0,0.0,0.0,0.0,,,False,0,eliminated,1.0,True
31,3,Cheryl Ladd,Louis van Amstel,Eliminated Week 3,14,6.0,6.0,6.0,6.0,24.0,13.0,0.05955334987593052,True,1,eliminated,3.0,False
31,3,Selma Blair,Sasha Farber,Withdrew,12,7.0,7.0,7.0,7.0,28.0,9.0,0.06947890818858561,True,0,withdrew,5.0,False
31,3,Joseph Baena,Daniella Karagach,Eliminated Week 5,11,8.0,7.0,7.0,7.0,29.0,7.5,0.07196029776674938,True,0,eliminated,5.0,False
31,3,Trevor Donovan,Emma Slater,Eliminated Week 9,6,7.0,6.0,7.0,7.0,27.0,10.0,0.06699751861042183,True,0,eliminated,9.0,False
31,3,Daniel Durant,Britt Stewart,Eliminated Week 9,5,8.0,7.0,8.0,8.0,31.0,5.0,0.07692307692307693,True,0,eliminated,9.0,False
31,3,Wayne Brady,Witney Carson,3rd Place,3,8.0,8.0,8.0,9.0,33.0,2.0,0.08188585607940446,True,0,finished,10.0,False
31,3,Sam Champion,Cheryl Burke,Eliminated Week 4,13,6.0,6.0,6.0,7.0,25.0,12.0,0.062034739454094295,True,0,eliminated,4.0,False
31,3,Jessie James Decker,Alan Bersten,Eliminated Week 6,10,6.0,6.0,7.0,7.0,26.0,11.0,0.06451612903225806,True,0,eliminated,6.0,False
31,3,Jordin Sparks,Brandon Armstrong,Eliminated Week 7,9,7.0,7.0,7.0,8.0,29.0,7.5,0.07196029776674938,True,0,eliminated,7.0,False
31,3,Heidi D'Amelio,Artem Chigvintsev,Eliminated Week 8,8,8.0,8.0,8.0,8.0,32.0,4.0,0.0794044665012407,True,0,eliminated,8.0,False
31,3,Charli D'Amelio,Mark Ballas,1st Place,1,8.0,8.0,8.0,9.0,33.0,2.0,0.08188585607940446,True,0,finished,10.0,False
31,3,Teresa Giudice,Pasha Pashkov,Eliminated Week 2,15,0.0,0.0,0.0,0.0,0.0,,,False,0,eliminated,2.0,True
31,3,Vinny Guadagnino,Koko Iwasaki,Eliminated Week 8,7,6.0,5.0,6.0,6.0,23.0,14.0,0.05707196029776675,True,0,eliminated,8.0,False
31,3,Shangela,Gleb Savchenko,4th Place,4,8.0,7.0,7.0,8.0,30.0,6.0,0.07444168734491315,True,0,finished,10.0,False
31,3,Gabby Windey,Valentin Chmerkovskiy,2nd Place,2,8.0,8.0,8.0,9.0,33.0,2.0,0.08188585607940446,True,0,finished,10.0,False
32,3,Jamie Lynn Spears,Alan Bersten,Eliminated Week 2,13,0.0,0.0,0.0,0.0,0.0,,,False,0,eliminated,2.0,True
32,3,Mira Sorvino,Gleb Savchenko,Eliminated Week 5,10,6.0,6.0,7.0,7.0,26.0,6.0,0.0804953560371517,True,0,eliminated,5.0,False
32,3,Barry Williams,Peta Murgatroyd,Eliminated Week 8,7,6.0,6.0,7.0,6.0,25.0,7.0,0.07739938080495357,True,0,eliminated,8.0,False
32,3,Alyson Hannigan,Sasha Farber,5th Place,5,6.0,6.0,6.0,6.0,24.0,8.5,0.07430340557275542,True,0,finished,11.0,False
32,3,Xochitl Gomez,Valentin Chmerkovskiy,1st Place,1,8.0,8.0,8.0,8.0,32.0,3.5,0.09907120743034056,True,0,finished,11.0,False
32,3,Adrian Peterson,Britt Stewart,Eliminated Week 4,11,5.0,5.0,6.0,6.0,22.0,11.0,0.06811145510835913,True,0,eliminated,4.0,False
32,3,Matt Walsh,Koko Iwasaki,Eliminated Week 1,14,0.0,0.0,0.0,0.0,0.0,,,False,0,eliminated,1.0,True
32,3,Tyson Beckford,Jenna Johnson,Eliminated Week 3,12,5.0,5.0,5.0,5.0,20.0,12.0,0.06191950464396285,True,1,eliminated,3.0,False
32,3,Jason Mraz,Daniella Karagach,2nd Place,2,9.0,8.0,9.0,8.0,34.0,1.5,0.10526315789473684,True,0,finished,11.0,False
32,3,Lele Pons,Brandon Armstrong,Eliminated Week 7,8,7.0,6.0,7.0,7.0,27.0,5.0,0.08359133126934984,True,0,eliminated,7.0,False
32,3,Harry Jowsey,Rylee Arnold,Eliminated Week 9,6,6.0,5.0,7.0,6.0,24.0,8.5,0.07430340557275542,True,0,eliminated,9.0,False
32,3,Mauricio Umansky,Emma Slater,Eliminated Week 6,9,7.0,5.0,6.0,5.0,23.0,10.0,0.07120743034055728,True,0,eliminated,6.0,False
32,3,Charity Lawson,Artem Chigvintsev,4th Place,4,8.0,8.0,8.0,8.0,32.0,3.5,0.09907120743034056,True,0,finished,11.0,False
32,3,Ariana Madix,Pasha Pashkov,3rd Place,3,9.0,8.0,9.0,8.0,34.0,1.5,0.10526315789473684,True,0,finished,11.0,False
33,3,Tori Spelling,Pasha Pashkov,Eliminated Week 2,12,0.0,0.0,0.0,0.0,0.0,,,False,0,eliminated,2.0,True
33,3,Eric Roberts,Britt Stewart,Eliminated Week 3,10,6.5,5.5,5.5,5.5,23.0,10.0,0.07232704402515723,True,1,eliminated,3.0,False
33,3,Reginald VelJohnson,Emma Slater,Eliminated Week 3,10,6.0,5.0,5.0,5.0,21.0,11.0,0.0660377358490566,True,1,eliminated,3.0,False
33,3,Chandler Kinney,Brandon Armstrong,3rd Place,3,8.5,8.5,9.0,8.5,34.5,2.0,0.10849056603773585,True,0,finished,9.0,False
33,3,Dwight Howard ,Daniella Karagach,Eliminated Week 7,6,7.0,6.5,6.0,6.5,26.0,9.0,0.08176100628930817,True,0,eliminated,7.0,False
33,3,Danny Amendola,Witney Carson,5th Place,5,7.5,7.5,8.0,7.0,30.0,6.0,0.09433962264150944,True,0,finished,9.0,False
33,3,Stephen Nedoroscik,Rylee Arnold,4th Place,4,8.0,8.0,7.5,7.5,31.0,3.5,0.09748427672955975,True,0,finished,9.0,False
33,3,Ilona Maher,Alan Bersten,2nd Place,2,7.5,7.0,7.0,6.5,28.0,7.5,0.0880503144654088,True,0,finished,9.0,False
33,3,Anna Delvey,Ezra Sosa,Eliminated Week 2,12,0.0,0.0,0.0,0.0,0.0,,,False,0,eliminated,2.0,True
33,3,Brooks Nader,Gleb Savchenko,Eliminated Week 4,9,7.5,7.5,8.0,7.5,30.5,5.0,0.0959119496855346,True,0,eliminated,4.0,False
33,3,Phaedra Parks,Val Chmerkovskiy,Eliminated Week 5,8,7.5,7.5,6.0,7.0,28.0,7.5,0.0880503144654088,True,0,eliminated,5.0,False
33,3,Jenn Tran,Sasha Farber,Eliminated Week 6,7,8.0,8.0,7.0,8.0,31.0,3.5,0.09748427672955975,True,0,eliminated,6.0,False
33,3,Joey Graziadei,Jenna Johnson,1st Place,1,9.0,9.0,8.5,8.5,35.0,1.0,0.11006289308176101,True,0,finished,9.0,False
34,3,Corey Feldman,Jenna Johnson,Eliminated Week 2,13,0.0,0.0,0.0,,0.0,,,False,0,eliminated,2.0,True
34,3,Danielle Fishel,Pasha Pashkov,Eliminated Week 8,8,7.0,7.0,7.0,,21.0,8.5,0.08171206225680934,True,0,eliminated,8.0,False
34,3,Elaine Hendrix,Alan Bersten (Rashad Jennings week 9),5th Place,5,7.0,7.0,7.0,,21.0,8.5,0.08171206225680934,True,0,finished,11.0,False
34,3,Baron Davis,Britt Stewart,Eliminated Week 2,13,0.0,0.0,0.0,,0.0,,,False,0,eliminated,2.0,True
34,3,Jordan Chiles,Ezra Sosa (Apolo Anton Ohno week 9),3rd Place,3,8.0,8.0,8.0,,24.0,1.5,0.0933852140077821,True,0,finished,11.0,False
34,3,Andy Richter,Emma Slater/Kaitlyn Bristowe (week 9),Eliminated Week 9,7,6.0,6.0,6.0,,18.0,11.5,0.07003891050583658,True,0,eliminated,9.0,False
34,3,Robert Irwin,Witney Carson (Xoshitl Gomez week 9),1st Place,1,8.0,7.0,7.0,,22.0,6.0,0.08560311284046693,True,0,finished,11.0,False
34,3,Hilaria Baldwin,Gleb Savchenko,Eliminated Week 4,11,7.0,8.0,7.0,,22.0,6.0,0.08560311284046693,True,0,eliminated,4.0,False
34,3,Lauren Jauregui,Brandon Armstrong,Eliminated Week 3,12,6.0,6.0,6.0,,18.0,11.5,0.07003891050583658,True,1,eliminated,3.0,False
34,3,Scott Hoying,Rylee Arnold,Eliminated Week 6,10,8.0,7.0,7.0,,22.0,6.0,0.08560311284046693,True,0,eliminated,6.0,False
34,3,Alix Earle,Val Chmerkovskiy (Joey Graziadei week 9),2nd Place,2,8.0,7.0,8.0,,23.0,3.5,0.08949416342412451,True,0,finished,11.0,False
34,3,Jen Affleck,Jan Ravnik,Eliminated Week 7,9,7.0,6.0,6.0,,19.0,10.0,0.07392996108949416,True,0,eliminated,7.0,False
34,3,Whitney Leavitt,Mark Ballas,Eliminated Week 10,6,8.0,8.0,8.0,,24.0,1.5,0.0933852140077821,True,0,eliminated,10.0,False
34,3,Dylan Efron,Daniella Karagach (Rumer Willis week 9),4th Place,4,7.0,8.0,8.0,,23.0,3.5,0.08949416342412451,True,0,finished,11.0,False
1,4,John O'Hurley,Charlotte Jorgensen,2nd Place,2,7.0,8.0,6.0,,21.0,3.0,0.22826086956521738,True,0,finished,6.0,False
1,4,Kelly Monaco,Alec Mazo,1st Place,1,9.0,9.0,8.0,,26.0,1.0,0.2826086956521739,True,0,finished,6.0,False
1,4,Evander Holyfield,Edyta Sliwinska,Eliminated Week 3,5,0.0,0.0,0.0,,0.0,,,False,0,eliminated,3.0,True
1,4,Rachel Hunter,Jonathan Roberts,Eliminated Week 4,4,7.0,9.0,9.0,,25.0,2.0,0.2717391304347826,True,1,eliminated,4.0,False
1,4,Joey McIntyre,Ashly DelGrosso,3rd Place,3,7.0,6.0,7.0,,20.0,4.0,0.21739130434782608,True,0,finished,5.0,False
1,4,Trista Sutter,Louis van Amstel,Eliminated Week 2,6,0.0,0.0,0.0,,0.0,,,False,0,eliminated,2.0,True
2,4,Tatum O'Neal,Nick Kosovich,Eliminated Week 2,9,0.0,0.0,0.0,,0.0,,,False,0,eliminated,2.0,True
2,4,Tia Carrere,Maksim Chmerkoskiy,Eliminated Week 5,6,9.0,8.0,8.0,,25.0,4.0,0.15822784810126583,True,0,eliminated,5.0,False
2,4,George Hamilton,Edyta Sliwinska,Eliminated Week 6,5,7.0,7.0,7.0,,21.0,6.0,0.13291139240506328,True,0,eliminated,6.0,False
2,4,Lisa Rinna,Louis van Amstel,Eliminated Week 7,4,9.0,9.0,8.0,,26.0,2.5,0.16455696202531644,True,0,eliminated,7.0,False
2,4,Stacy Keibler,Tony Dovolani,3rd Place,3,8.0,9.0,9.0,,26.0,2.5,0.16455696202531644,True,0,finished,8.0,False
2,4,Jerry Rice,Anna Trebunskaya,2nd Place,2,8.0,8.0,8.0,,24.0,5.0,0.1518987341772152,True,0,finished,8.0,False
2,4,Giselle Fernandez,Jonathan Roberts,Eliminated Week 3,8,0.0,0.0,0.0,,0.0,,,False,0,eliminated,3.0,True
2,4,Master P,Ashly DelGrosso,Eliminated Week 4,7,4.0,2.0,2.0,,8.0,7.0,0.05063291139240506,True,1,eliminated,4.0,False
2,4,Drew Lachey,Cheryl Burke,1st Place,1,9.0,9.0,10.0,,28.0,1.0,0.17721518987341772,True,0,finished,8.0,False
2,4,Kenny Mayne,Andrea Hale,Eliminated Week 1,10,0.0,0.0,0.0,,0.0,,,False,0,eliminated,1.0,True
3,4,Harry Hamlin,Ashly DelGrosso,Eliminated Week 3,9,0.0,0.0,0.0,,0.0,,,False,0,eliminated,3.0,True
3,4,Vivica A. Fox,Nick Kosovich,Eliminated Week 4,8,8.0,8.0,8.0,,24.0,5.0,0.12121212121212122,True,1,eliminated,4.0,False
3,4,Monique Coleman,Louis van Amstel,Eliminated Week 8,4,8.0,8.0,8.0,,24.0,5.0,0.12121212121212122,True,0,eliminated,8.0,False
3,4,Joey Lawrence,Edyta Sliwinska,3rd Place,3,9.0,9.0,9.0,,27.0,3.0,0.13636363636363635,True,0,finished,9.0,False
3,4,Mario Lopez,Karina Smirnoff,2nd Place,2,10.0,9.0,10.0,,29.0,1.0,0.14646464646464646,True,0,finished,10.0,False
3,4,Emmitt Smith,Cheryl Burke,1st Place,1,8.0,8.0,8.0,,24.0,5.0,0.12121212121212122,True,0,finished,10.0,False
3,4,Shanna Moakler,Jesse DeSoto,Eliminated Week 2,10,0.0,0.0,0.0,,0.0,,,False,0,eliminated,2.0,True
3,4,Willa Ford,Maksim Chmerkoskiy,Eliminated Week 5,7,9.0,9.0,10.0,,28.0,2.0,0.1414141414141414,True,0,eliminated,5.0,False
3,4,Sara Evans,Tony Dovolani,Withdrew,6,6.0,7.0,7.0,,20.0,8.0,0.10101010101010101,True,0,withdrew,5.0,False
3,4,Jerry Springer,Kym Johnson,Eliminated Week 7,5,7.0,7.0,8.0,,22.0,7.0,0.1111111111111111,True,0,eliminated,7.0,False
3,4,Tucker Carlson,Elena Grinenko,Eliminated Week 1,11,0.0,0.0,0.0,,0.0,,,False,0,eliminated,1.0,True
4,4,John Ratzenberger,Edyta Sliwinska,Eliminated Week 7,6,6.0,5.0,5.0,,16.0,7.5,0.08421052631578947,True,0,eliminated,7.0,False
4,4,Ian Ziering,Cheryl Burke,Eliminated Week 9,4,7.0,9.0,8.0,,24.0,3.0,0.12631578947368421,True,0,eliminated,9.0,False
4,4,Clyde Drexler,Elena Grinenko,Eliminated Week 5,8,6.0,4.0,5.0,,15.0,9.0,0.07894736842105263,True,0,eliminated,5.0,False
4,4,Laila Ali,Maksim Chmerkoskiy,3rd Place,3,7.0,7.0,7.0,,21.0,5.5,0.11052631578947368,True,0,finished,10.0,False
4,4,Apolo Anton Ohno,Julianne Hough,1st Place,1,9.0,8.0,9.0,,26.0,2.0,0.1368421052631579,True,0,finished,10.0,False
4,4,Shandi Finnessey,Brian Fortuna,Eliminated Week 3,10,0.0,0.0,0.0,,0.0,,,False,0,eliminated,3.0,True
4,4,Paulina Porizkova,Alec Mazo,Eliminated Week 2,11,0.0,0.0,0.0,,0.0,,,False,0,eliminated,2.0,True
4,4,Heather Mills,Jonathan Roberts,Eliminated Week 6,7,7.0,8.0,8.0,,23.0,4.0,0.12105263157894737,True,0,eliminated,6.0,False
4,4,Billy Ray Cyrus,Karina Smirnoff,Eliminated Week 8,5,7.0,7.0,7.0,,21.0,5.5,0.11052631578947368,True,0,eliminated,8.0,False
4,4,Joey Fatone,Kym Johnson,2nd Place,2,10.0,9.0,9.0,,28.0,1.0,0.14736842105263157,True,0,finished,10.0,False
4,4,Leeza Gibbons,Tony Dovolani,Eliminated Week 4,9,6.0,5.0,5.0,,16.0,7.5,0.08421052631578947,True,1,eliminated,4.0,False
5,4,Cameron Mathison,Edyta Sliwinska,Eliminated Week 8,5,9.0,9.0,9.0,,27.0,3.0,0.11538461538461539,True,0,eliminated,8.0,False
5,4,Jane Seymour,Tony Dovolani,Eliminated Week 7,6,8.0,9.0,9.0,,26.0,6.0,0.1111111111111111,True,0,eliminated,7.0,False
5,4,Sabrina Bryan,Mark Ballas,Eliminated Week 6,7,10.0,10.0,10.0,,30.0,1.0,0.1282051282051282,True,0,eliminated,6.0,False
5,4,Jennie Garth,Derek Hough,Eliminated Week 9,4,8.0,10.0,9.0,,27.0,3.0,0.11538461538461539,True,0,eliminated,9.0,False
5,4,Floyd Mayweather Jr. ,Karina Smirnoff,Eliminated Week 4,9,7.0,8.0,8.0,,23.0,8.0,0.09829059829059829,True,1,eliminated,4.0,False
5,4,Josie Maran,Alec Mazo,Eliminated Week 1,12,0.0,0.0,0.0,,0.0,,,False,0,eliminated,1.0,True
5,4,Albert Reed,Anna Trebunskaya,Eliminated Week 2,11,0.0,0.0,0.0,,0.0,,,False,0,eliminated,2.0,True
5,4,Helio Castroneves,Julianne Hough,1st Place,1,9.0,9.0,9.0,,27.0,3.0,0.11538461538461539,True,0,finished,10.0,False
5,4,Mel B,Maksim Chmerkoskiy,2nd Place,2,8.0,9.0,9.0,,26.0,6.0,0.1111111111111111,True,0,finished,10.0,False
5,4,Wayne Newton,Cheryl Burke,Eliminated Week 3,10,0.0,0.0,0.0,,0.0,,,False,0,eliminated,3.0,True
5,4,Marie Osmond,Jonathan Roberts,3rd Place,3,9.0,9.0,8.0,,26.0,6.0,0.1111111111111111,True,0,finished,10.0,False
5,4,Mark Cuban,Kym Johnson,Eliminated Week 5,8,7.0,8.0,7.0,,22.0,9.0,0.09401709401709402,True,0,eliminated,5.0,False
6,4,Cristian de la Fuente,Cheryl Burke,3rd Place,3,9.0,8.0,9.0,,26.0,4.0,0.11555555555555555,True,0,finished,10.0,False
6,4,Steve Guttenberg,Anna Trebunskaya,Eliminated Week 3,10,0.0,0.0,0.0,,0.0,,,False,0,eliminated,3.0,True
6,4,Priscilla Presley,Louis van Amstel,Eliminated Week 5,8,7.0,7.0,8.0,,22.0,8.0,0.09777777777777778,True,0,eliminated,5.0,False
6,4,Marlee Matlin,Fabian Sanchez,Eliminated Week 6,7,8.0,8.0,8.0,,24.0,6.0,0.10666666666666667,True,0,eliminated,6.0,False
6,4,Shannon Elizabeth,Derek Hough,Eliminated Week 7,6,9.0,10.0,9.0,,28.0,3.0,0.12444444444444444,True,0,eliminated,7.0,False
6,4,Marissa Jaret Winokur,Tony Dovolani,Eliminated Week 9,4,8.0,8.0,8.0,,24.0,6.0,0.10666666666666667,True,0,eliminated,9.0,False
6,4,Jason Taylor,Edyta Sliwinska,2nd Place,2,10.0,9.0,10.0,,29.0,1.5,0.1288888888888889,True,0,finished,10.0,False
6,4,Kristi Yamaguchi,Mark Ballas,1st Place,1,10.0,9.0,10.0,,29.0,1.5,0.1288888888888889,True,0,finished,10.0,False
6,4,Monica Seles,Jonathan Roberts,Eliminated Week 2,11,0.0,0.0,0.0,,0.0,,,False,0,eliminated,2.0,True
6,4,Penn Jillette,Kym Johnson,Eliminated Week 2,12,0.0,0.0,0.0,,0.0,,,False,0,eliminated,2.0,True
6,4,Adam Carolla,Julianne Hough,Eliminated Week 4,9,6.0,7.0,6.0,,19.0,9.0,0.08444444444444445,True,1,eliminated,4.0,False
6,4,Mario,Karina Smirnoff,Eliminated Week 8,5,8.0,7.0,9.0,,24.0,6.0,0.10666666666666667,True,0,eliminated,8.0,False
7,4,Ted McGinley,Inna Brayer,Eliminated Week 1,12,0.0,0.0,0.0,,0.0,,,False,0,eliminated,1.0,True
7,4,Cloris Leachman,Corky Ballas,Eliminated Week 6,7,8.0,7.0,7.0,,22.0,6.0,0.10837438423645321,True,0,eliminated,6.0,False
7,4,Susan Lucci,Tony Dovolani,Eliminated Week 7,6,8.0,8.0,8.0,,24.0,3.0,0.11822660098522167,True,0,eliminated,7.0,False
7,4,Cody Linley,Julianne Hough,Eliminated Week 9,4,7.0,8.0,8.0,,23.0,4.0,0.11330049261083744,True,0,eliminated,9.0,False
7,4,Misty May-Treanor,Maksim Chmerkoskiy,Withdrew,10,0.0,0.0,0.0,,0.0,,,False,0,withdrew,2.0,True
7,4,Maurice Greene,Cheryl Burke,Eliminated Week 8,5,6.0,7.0,7.0,,20.0,8.0,0.09852216748768473,True,0,eliminated,8.0,False
7,4,Warren Sapp,Kym Johnson,2nd Place,2,8.0,7.0,7.0,,22.0,6.0,0.10837438423645321,True,0,finished,10.0,False
7,4,Jeffrey Ross,Edyta Sliwinska,Eliminated Week 1,13,0.0,0.0,0.0,,0.0,,,False,0,eliminated,1.0,True
7,4,Toni Braxton,Alec Mazo,Eliminated Week 5,8,7.0,7.0,8.0,,22.0,6.0,0.10837438423645321,True,0,eliminated,5.0,False
7,4,Lance Bass,Lacey Schwimmer,3rd Place,3,9.0,8.0,9.0,,26.0,1.5,0.12807881773399016,True,0,finished,10.0,False
7,4,Kim Kardashian,Mark Ballas,Eliminated Week 2,11,0.0,0.0,0.0,,0.0,,,False,0,eliminated,2.0,True
7,4,Rocco DiSpirito,Karina Smirnoff,Eliminated Week 4,9,6.0,6.0,6.0,,18.0,9.0,0.08866995073891626,True,1,eliminated,4.0,False
7,4,Brooke Burke,Derek Hough,1st Place,1,9.0,8.0,9.0,,26.0,1.5,0.12807881773399016,True,0,finished,10.0,False
8,4,Gilles Marini,Cheryl Burke,2nd Place,2,10.0,10.0,10.0,,30.0,1.0,0.12396694214876033,True,0,finished,11.0,False
8,4,Denise Richards,Maksim Chmerkoskiy,Eliminated Week 3,12,0.0,0.0,0.0,,0.0,,,False,0,eliminated,3.0,True
8,4,David Alan Grier,Kym Johnson,Eliminated Week 5,9,8.0,7.0,7.0,,22.0,6.5,0.09090909090909091,True,0,eliminated,5.0,False
8,4,Lawrence Taylor,Edyta Sliwinska,Eliminated Week 7,7,7.0,5.0,7.0,,19.0,8.0,0.07851239669421488,True,0,eliminated,7.0,False
8,4,Ty Murray,Chelsie Hightower,Eliminated Week 10,4,9.0,8.0,8.0,,25.0,4.5,0.10330578512396695,True,0,eliminated,10.0,False
8,4,Shawn Johnson,Mark Ballas,1st Place,1,8.0,8.0,9.0,,25.0,4.5,0.10330578512396695,True,0,finished,11.0,False
8,4,Steve Wozniak,Karina Smirnoff,Eliminated Week 4,10,4.0,4.0,4.0,,12.0,11.0,0.049586776859504134,True,1,eliminated,4.0,False
8,4,Belinda Carlisle,Jonathan Roberts,Eliminated Week 2,13,0.0,0.0,0.0,,0.0,,,False,0,eliminated,2.0,True
8,4,Chuck Wicks,Julianne Hough,Eliminated Week 8,6,8.0,7.0,7.0,,22.0,6.5,0.09090909090909091,True,0,eliminated,8.0,False
8,4,Lil' Kim,Derek Hough,Eliminated Week 9,5,9.0,8.0,10.0,,27.0,3.0,0.1115702479338843,True,0,eliminated,9.0,False
8,4,Steve-O,Lacey Schwimmer,Eliminated Week 6,8,5.0,5.0,5.0,,15.0,10.0,0.06198347107438017,True,0,eliminated,6.0,False
8,4,Holly Madison,Dmitry Chaplin,Eliminated Week 4,11,5.0,6.0,5.0,,16.0,9.0,0.06611570247933884,True,1,eliminated,4.0,False
8,4,Melissa Rycroft,Tony Dovolani,3rd Place,3,10.0,9.0,10.0,,29.0,2.0,0.11983471074380166,True,0,finished,11.0,False
9,4,Ashley Hamiliton,Edyta Sliwinska,Eliminated Week 1,16,0.0,0.0,0.0,,0.0,,,False,0,eliminated,1.0,True
9,4,Debi Mazar,Maksim Chmerkoskiy,Eliminated Week 3,12,0.0,0.0,0.0,,0.0,,,False,0,eliminated,3.0,True
9,4,Melissa Joan Hart,Mark Ballas,Eliminated Week 6,9,9.0,9.0,10.0,,28.0,1.5,0.11570247933884298,True,0,eliminated,6.0,False
9,4,Mark Dacascos,Lacey Schwimmer,Eliminated Week 7,6,8.0,7.0,7.0,,22.0,7.0,0.09090909090909091,True,0,eliminated,7.0,False
9,4,Chuck Liddell,Anna Trebunskaya,Eliminated Week 4,11,6.0,5.0,6.0,,17.0,9.0,0.07024793388429752,True,1,eliminated,4.0,False
9,4,Natalie Coughlin,Alec Mazo,Eliminated Week 5,10,8.0,8.0,8.0,,24.0,4.5,0.09917355371900827,True,0,eliminated,5.0,False
9,4,Louie Vito,Chelsie Hightower,Eliminated Week 6,8,5.0,5.0,6.0,,16.0,10.5,0.06611570247933884,True,0,eliminated,6.0,False
9,4,Michael Irvin,Anna Demidova,Eliminated Week 7,7,5.0,6.0,5.0,,16.0,10.5,0.06611570247933884,True,0,eliminated,7.0,False
9,4,Joanna Krupa,Derek Hough,Eliminated Week 9,4,9.0,8.0,9.0,,26.0,3.0,0.10743801652892562,True,0,eliminated,9.0,False
9,4,Kathy Ireland,Tony Dovolani,Eliminated Week 2,14,0.0,0.0,0.0,,0.0,,,False,0,eliminated,2.0,True
9,4,Tom DeLay,Cheryl Burke,Withdrew,13,0.0,0.0,0.0,,0.0,,,False,0,withdrew,3.0,True
9,4,Macy Gray,Jonathan Roberts,Eliminated Week 1,15,0.0,0.0,0.0,,0.0,,,False,0,eliminated,1.0,True
9,4,Aaron Carter,Karina Smirnoff,Eliminated Week 8,5,6.0,6.0,6.0,,18.0,8.0,0.0743801652892562,True,0,eliminated,8.0,False
9,4,Mya,Dmitry Chaplin,2nd Place,2,10.0,8.0,10.0,,28.0,1.5,0.11570247933884298,True,0,finished,10.0,False
9,4,Donny Osmond,Kym Johnson,1st Place,1,8.0,8.0,8.0,,24.0,4.5,0.09917355371900827,True,0,finished,10.0,False
9,4,Kelly Osbourne,Louis van Amstel,3rd Place,3,8.0,7.0,8.0,,23.0,6.0,0.09504132231404959,True,0,finished,10.0,False
10,4,Aiden Turner,Edyta Sliwinska,Eliminated Week 4,9,5.5,5.5,5.5,,16.5,8.0,0.0889487870619946,True,1,eliminated,4.0,False
10,4,Shannen Doherty,Mark Ballas,Eliminated Week 2,11,0.0,0.0,0.0,,0.0,,,False,0,eliminated,2.0,True
10,4,Niecy Nash,Louis van Amstel,Eliminated Week 8,5,6.0,6.0,6.0,,18.0,7.0,0.09703504043126684,True,0,eliminated,8.0,False
10,4,Buzz Aldrin,Ashly DelGrosso,Eliminated Week 3,10,0.0,0.0,0.0,,0.0,,,False,0,eliminated,3.0,True
10,4,Chad Ochocinco,Cheryl Burke,Eliminated Week 9,4,7.5,6.5,8.0,,22.0,4.0,0.11859838274932614,True,0,eliminated,9.0,False
10,4,Evan Lysacek,Anna Trebunskaya,2nd Place,2,9.0,8.0,9.0,,26.0,1.0,0.14016172506738545,True,0,finished,10.0,False
10,4,Pamela Anderson,Damian Whitewood,Eliminated Week 7,6,7.5,7.5,8.5,,23.5,3.0,0.12668463611859837,True,0,eliminated,7.0,False
10,4,Nicole Scherzinger,Derek Hough,1st Place,1,8.5,8.0,8.5,,25.0,2.0,0.1347708894878706,True,0,finished,10.0,False
10,4,Erin Andrews,Maksim Chmerkoskiy,3rd Place,3,6.5,6.5,6.5,,19.5,5.0,0.10512129380053908,True,0,finished,10.0,False
10,4,Kate Gosselin,Tony Dovolani,Eliminated Week 5,8,5.0,5.5,5.5,,16.0,9.0,0.0862533692722372,True,0,eliminated,5.0,False
10,4,Jake Pavelka,Chelsie Hightower,Eliminated Week 6,7,6.5,6.5,6.0,,19.0,6.0,0.10242587601078167,True,0,eliminated,6.0,False
11,4,David Hasselhoff,Kym Johnson,Eliminated Week 1,12,0.0,0.0,0.0,,0.0,,,False,0,eliminated,1.0,True
11,4,Florence Henderson,Corky Ballas,Eliminated Week 5,8,6.0,6.0,5.5,,17.5,6.0,0.09776536312849161,True,0,eliminated,5.0,False
11,4,Kyle Massey,Lacey Schwimmer,2nd Place,2,7.0,6.5,6.5,,20.0,4.0,0.11173184357541899,True,0,finished,10.0,False
11,4,Jennifer Grey,Derek Hough,1st Place,1,9.5,9.0,9.5,,28.0,1.0,0.1564245810055866,True,0,finished,10.0,False
11,4,Rick Fox,Cheryl Burke,Eliminated Week 7,6,6.0,7.0,6.5,,19.5,5.0,0.10893854748603352,True,0,eliminated,7.0,False
11,4,Kurt Warner,Anna Trebunskaya,Eliminated Week 8,5,6.0,5.5,5.5,,17.0,7.0,0.09497206703910614,True,0,eliminated,8.0,False
11,4,Margaret Cho,Louis van Amstel,Eliminated Week 3,10,0.0,0.0,0.0,,0.0,,,False,0,eliminated,3.0,True
11,4,Michael Bolton,Chelsie Hightower,Eliminated Week 2,11,0.0,0.0,0.0,,0.0,,,False,0,eliminated,2.0,True
11,4,Brandy,Maksim Chmerkoskiy,Eliminated Week 9,4,8.0,8.0,8.0,,24.0,2.0,0.1340782122905028,True,0,eliminated,9.0,False
11,4,The Situation,Karina Smirnoff,Eliminated Week 4,9,5.0,4.5,4.5,,14.0,9.0,0.0782122905027933,True,1,eliminated,4.0,False
11,4,Audrina Patridge,Tony Dovolani,Eliminated Week 6,7,8.0,7.5,7.5,,23.0,3.0,0.12849162011173185,True,0,eliminated,6.0,False
11,4,Bristol Palin,Mark Ballas,3rd Place,3,5.0,5.5,5.5,,16.0,8.0,0.0893854748603352,True,0,finished,10.0,False
12,4,Ralph Macchio,Karina Smirnoff,Eliminated Week 9,4,8.0,8.0,9.0,,25.0,2.5,0.12135922330097088,True,0,eliminated,9.0,False
12,4,Chelsea Kane,Mark Ballas,3rd Place,3,9.0,8.0,9.0,,26.0,1.0,0.1262135922330097,True,0,finished,10.0,False
12,4,Kirstie Alley,Maksim Chmerkoskiy,2nd Place,2,7.0,7.0,8.0,,22.0,7.0,0.10679611650485436,True,0,finished,10.0,False
12,4,Hines Ward,Kym Johnson,1st Place,1,9.0,8.0,8.0,,25.0,2.5,0.12135922330097088,True,0,finished,10.0,False
12,4,Sugar Ray Leonard,Anna Trebunskaya,Eliminated Week 4,9,7.0,7.0,7.0,,21.0,8.0,0.10194174757281553,True,1,eliminated,4.0,False
12,4,Chris Jericho,Cheryl Burke,Eliminated Week 6,7,8.0,7.0,8.0,,23.0,5.0,0.11165048543689321,True,0,eliminated,6.0,False
12,4,Petra Nemcova,Dmitry Chaplin,Eliminated Week 5,8,8.0,7.0,8.0,,23.0,5.0,0.11165048543689321,True,0,eliminated,5.0,False
12,4,Mike Catherwood,Lacey Schwimmer,Eliminated Week 2,11,0.0,0.0,0.0,,0.0,,,False,0,eliminated,2.0,True
12,4,Romeo,Chelsie Hightower,Eliminated Week 8,5,7.0,8.0,8.0,,23.0,5.0,0.11165048543689321,True,0,eliminated,8.0,False
12,4,Wendy Williams,Tony Dovolani,Eliminated Week 3,10,0.0,0.0,0.0,,0.0,,,False,0,eliminated,3.0,True
12,4,Kendra Wilkinson,Louis van Amstel,Eliminated Week 7,6,6.0,6.0,6.0,,18.0,9.0,0.08737864077669903,True,0,eliminated,7.0,False
13,4,Elisabetta Canalis,Valentin Chmerkovskiy,Eliminated Week 2,11,0.0,0.0,0.0,,0.0,,,False,0,eliminated,2.0,True
13,4,David Arquette,Kym Johnson,Eliminated Week 7,6,8.0,7.0,8.0,,23.0,5.0,0.11004784688995216,True,0,eliminated,7.0,False
13,4,Ricki Lake,Derek Hough,3rd Place,3,10.0,9.0,10.0,,29.0,1.0,0.13875598086124402,True,0,finished,10.0,False
13,4,J.R. Martinez,Karina Smirnoff,1st Place,1,8.0,9.0,9.0,,26.0,2.0,0.12440191387559808,True,0,finished,10.0,False
13,4,Metta World Peace (Ron),Peta Murgatroyd,Eliminated Week 1,12,0.0,0.0,0.0,,0.0,,,False,0,eliminated,1.0,True
13,4,Hope Solo,Maksim Chmerkoskiy,Eliminated Week 9,4,8.0,8.0,8.0,,24.0,3.5,0.11483253588516747,True,0,eliminated,9.0,False
13,4,Chynna Phillips,Tony Dovolani,Eliminated Week 4,9,7.0,7.0,7.0,,21.0,7.0,0.10047846889952153,True,1,eliminated,4.0,False
13,4,Kristin Cavallari,Mark Ballas,Eliminated Week 3,10,0.0,0.0,0.0,,0.0,,,False,0,eliminated,3.0,True
13,4,Carson Kressley,Anna Trebunskaya,Eliminated Week 5,8,7.0,6.0,7.0,,20.0,9.0,0.09569377990430622,True,0,eliminated,5.0,False
13,4,Chaz Bono,Lacey Schwimmer,Eliminated Week 6,7,7.0,7.0,7.0,,21.0,7.0,0.10047846889952153,True,0,eliminated,6.0,False
13,4,Nancy Grace,Tristan MacManus,Eliminated Week 8,5,7.0,7.0,7.0,,21.0,7.0,0.10047846889952153,True,0,eliminated,8.0,False
13,4,Rob Kardashian,Cheryl Burke,2nd Place,2,8.0,8.0,8.0,,24.0,3.5,0.11483253588516747,True,0,finished,10.0,False
14,4,William Levy,Cheryl Burke,3rd Place,3,7.0,7.0,8.0,,22.0,7.0,0.0944206008583691,True,0,finished,10.0,False
14,4,Jack Wagner,Anna Trebunskaya,Eliminated Week 3,11,0.0,0.0,0.0,,0.0,,,False,0,eliminated,3.0,True
14,4,Sherri Sheperd,Valentin Chmerkovskiy,Eliminated Week 4,10,7.0,7.0,7.0,,21.0,9.0,0.09012875536480687,True,1,eliminated,4.0,False
14,4,Jaleel White,Kym Johnson,Eliminated Week 7,7,8.0,7.0,7.0,,22.0,7.0,0.0944206008583691,True,0,eliminated,7.0,False
14,4,Roshon Fegan,Chelsie Hightower,Eliminated Week 8,6,9.0,8.0,9.0,,26.0,2.5,0.11158798283261803,True,0,eliminated,8.0,False
14,4,Melissa Gilbert,Maksim Chmerkoskiy,Eliminated Week 8,5,7.0,8.0,7.0,,22.0,7.0,0.0944206008583691,True,0,eliminated,8.0,False
14,4,Martina Navratilova,Tony Dovolani,Eliminated Week 2,12,0.0,0.0,0.0,,0.0,,,False,0,eliminated,2.0,True
14,4,Donald Driver,Peta Murgatroyd,1st Place,1,9.0,9.0,9.0,,27.0,1.0,0.11587982832618025,True,0,finished,10.0,False
14,4,Gavin DeGraw,Karina Smirnoff,Eliminated Week 5,9,8.0,8.0,7.0,,23.0,5.0,0.09871244635193133,True,0,eliminated,5.0,False
14,4,Gladys Knight,Tristan MacManus,Eliminated Week 6,8,7.0,6.0,7.0,,20.0,10.0,0.08583690987124463,True,0,eliminated,6.0,False
14,4,Katherine Jenkins,Mark Ballas,2nd Place,2,8.0,8.0,8.0,,24.0,4.0,0.10300429184549356,True,0,finished,10.0,False
14,4,Maria Menounos,Derek Hough,Eliminated Week 9,4,9.0,8.0,9.0,,26.0,2.5,0.11158798283261803,True,0,eliminated,9.0,False
15,4,Gilles Marini,Peta Murgatroyd,Eliminated Week 8,6,10.0,9.5,10.0,10.0,39.5,1.5,0.12286158631415241,True,0,eliminated,8.0,False
15,4,Sabrina Bryan,Louis van Amstel,Eliminated Week 6,8,9.0,9.0,8.5,9.0,35.5,6.0,0.1104199066874028,True,0,eliminated,6.0,False
15,4,Kirstie Alley,Maksim Chmerkoskiy,Eliminated Week 8,7,7.5,7.5,7.5,7.5,30.0,9.0,0.09331259720062209,True,0,eliminated,8.0,False
15,4,Kelly Monaco,Valentin Chmerkovskiy,3rd Place,3,9.0,9.5,9.5,9.5,37.5,3.0,0.1166407465007776,True,0,finished,10.0,False
15,4,Apolo Anton Ohno,Karina Smirnoff,Eliminated Week 9,5,8.5,9.0,8.5,8.5,34.5,7.0,0.10730948678071539,True,0,eliminated,9.0,False
15,4,Emmitt Smith,Cheryl Burke,Eliminated Week 9,4,9.0,9.0,9.0,9.0,36.0,5.0,0.1119751166407465,True,0,eliminated,9.0,False
15,4,Shawn Johnson,Derek Hough,2nd Place,2,10.0,9.5,10.0,10.0,39.5,1.5,0.12286158631415241,True,0,finished,10.0,False
15,4,Pamela Anderson,Tristan MacManus,Eliminated Week 1,13,0.0,0.0,0.0,0.0,0.0,,,False,0,eliminated,1.0,True
15,4,Helio Castroneves,Chelsie Hightower,Eliminated Week 3,10,0.0,0.0,0.0,0.0,0.0,,,False,0,eliminated,3.0,True
15,4,Joey Fatone,Kym Johnson,Eliminated Week 2,12,0.0,0.0,0.0,0.0,0.0,,,False,0,eliminated,2.0,True
15,4,Drew Lachey,Anna Trebunskaya,Eliminated Week 3,11,0.0,0.0,0.0,0.0,0.0,,,False,0,eliminated,3.0,True
15,4,Bristol Palin,Mark Ballas,Eliminated Week 4,9,8.0,8.0,8.0,8.0,32.0,8.0,0.09953343701399689,True,1,eliminated,4.0,False
15,4,Melissa Rycroft,Tony Dovolani,1st Place,1,9.0,9.0,9.5,9.5,37.0,4.0,0.1150855365474339,True,0,finished,10.0,False
16,4,Ingo Rademacher,Kym Johnson,Eliminated Week 9,5,8.0,7.0,8.0,,23.0,5.0,0.10267857142857142,True,0,eliminated,9.0,False
16,4,Zendaya,Valentin Chmerkovskiy,2nd Place,2,9.0,8.0,9.0,,26.0,2.5,0.11607142857142858,True,0,finished,10.0,False
16,4,Dorothy Hamill,Tristan MacManus,Withdrew,12,0.0,0.0,0.0,,0.0,,,False,0,withdrew,2.0,True
16,4,Victor Ortiz,Lindsay Arnold,Eliminated Week 6,8,6.0,6.0,6.0,,18.0,9.5,0.08035714285714286,True,0,eliminated,6.0,False
16,4,Alexandra Raisman,Mark Ballas,Eliminated Week 10,4,9.0,9.0,9.0,,27.0,1.0,0.12053571428571429,True,0,eliminated,10.0,False
16,4,Jacoby Jones,Karina Smirnoff,3rd Place,3,8.0,8.0,8.0,,24.0,4.0,0.10714285714285714,True,0,finished,10.0,False
16,4,D. L. Hughley,Cheryl Burke,Eliminated Week 5,9,7.0,7.0,7.0,,21.0,6.5,0.09375,True,0,eliminated,5.0,False
16,4,Andy Dick,Sharna Burgess,Eliminated Week 7,7,7.0,7.0,7.0,,21.0,6.5,0.09375,True,0,eliminated,7.0,False
16,4,Wynonna Judd,Tony Dovolani,Eliminated Week 3,11,0.0,0.0,0.0,,0.0,,,False,0,eliminated,3.0,True
16,4,Kellie Pickler,Derek Hough,1st Place,1,9.0,8.0,9.0,,26.0,2.5,0.11607142857142858,True,0,finished,10.0,False
16,4,Lisa Vanderpump,Gleb Savchenko,Eliminated Week 4,10,6.0,6.0,6.0,,18.0,9.5,0.08035714285714286,True,1,eliminated,4.0,False
16,4,Sean Lowe,Peta Murgatroyd,Eliminated Week 8,6,6.0,7.0,7.0,,20.0,8.0,0.08928571428571429,True,0,eliminated,8.0,False
17,4,Valerie Harper,Tristan MacManus,Eliminated Week 4,10,6.0,6.0,6.0,,18.0,10.0,0.0759493670886076,True,1,eliminated,4.0,False
17,4,Brant Daugherty,Peta Murgatroyd,Eliminated Week 8,7,7.0,7.0,7.0,,21.0,8.5,0.08860759493670886,True,0,eliminated,8.0,False
17,4,Elizabeth Berkley Lauren,Valentin Chmerkovskiy,Eliminated Week 9,6,9.0,9.0,9.0,,27.0,2.0,0.11392405063291139,True,0,eliminated,9.0,False
17,4,Leah Remini,Tony Dovolani,Eliminated Week 10,5,8.0,8.0,8.0,,24.0,5.5,0.10126582278481013,True,0,eliminated,10.0,False
17,4,Corbin Bleu,Karina Smirnoff,2nd Place,2,9.0,9.0,9.0,,27.0,2.0,0.11392405063291139,True,0,finished,11.0,False
17,4,Amber Riley,Derek Hough,1st Place,1,9.0,9.0,9.0,,27.0,2.0,0.11392405063291139,True,0,finished,11.0,False
17,4,Keyshawn Johnson,Sharna Burgess,Eliminated Week 2,12,0.0,0.0,0.0,,0.0,,,False,0,eliminated,2.0,True
17,4,Bill Engvall,Emma Slater,Eliminated Week 11,4,7.0,7.0,7.0,,21.0,8.5,0.08860759493670886,True,0,eliminated,11.0,False
17,4,Christina Milian,Mark Ballas,Eliminated Week 5,9,8.0,8.0,8.0,,24.0,5.5,0.10126582278481013,True,0,eliminated,5.0,False
17,4,"Nicole ""Snooki"" Polizzi",Sasha Farber,Eliminated Week 7,8,8.0,8.0,8.0,,24.0,5.5,0.10126582278481013,True,0,eliminated,7.0,False
17,4,Jack Osbourne,Cheryl Burke,3rd Place,3,8.0,8.0,8.0,,24.0,5.5,0.10126582278481013,True,0,finished,11.0,False
17,4,Bill Nye,Tyne Stecklein,Eliminated Week 3,11,0.0,0.0,0.0,,0.0,,,False,0,eliminated,3.0,True
18,4,Billy Dee Williams,Emma Slater,Withdrew,10,0.0,0.0,0.0,0.0,0.0,,,False,0,withdrew,2.0,True
18,4,Danica McKellar,Valentin Chmerkovskiy,Eliminated Week 8,6,8.0,8.0,8.0,8.0,32.0,6.5,0.10774410774410774,True,0,eliminated,8.0,False
18,4,James Maslow,Peta Murgatroyd,Eliminated Week 10,4,9.0,8.0,9.0,9.0,35.0,2.0,0.11784511784511785,True,0,eliminated,10.0,False
18,4,Candace Cameron Bure,Mark Ballas,3rd Place,3,7.0,7.0,7.0,7.0,28.0,9.0,0.09427609427609428,True,0,finished,10.0,False
18,4,Sean Avery,Karina Smirnoff,Eliminated Week 2,11,0.0,0.0,0.0,0.0,0.0,,,False,0,eliminated,2.0,True
18,4,Diana Nyad,Henry Byalikov,Eliminated Week 2,12,0.0,0.0,0.0,0.0,0.0,,,False,0,eliminated,2.0,True
18,4,Charlie White,Sharna Burgess,Eliminated Week 9,5,7.0,8.0,9.0,9.0,33.0,4.5,0.1111111111111111,True,0,eliminated,9.0,False
18,4,Amy Purdy,Derek Hough,2nd Place,2,9.0,8.0,8.0,9.0,34.0,3.0,0.11447811447811448,True,0,finished,10.0,False
18,4,Meryl Davis,Maksim Chmerkoskiy,1st Place,1,10.0,9.0,10.0,10.0,39.0,1.0,0.13131313131313133,True,0,finished,10.0,False
18,4,Drew Carey,Cheryl Burke,Eliminated Week 6,8,8.0,8.0,9.0,8.0,33.0,4.5,0.1111111111111111,True,0,eliminated,6.0,False
18,4,Cody Simpson,Witney Carson,Eliminated Week 5,9,8.0,7.0,8.0,8.0,31.0,8.0,0.10437710437710437,True,0,eliminated,5.0,False
18,4,NeNe Leakes,Tony Dovolani,Eliminated Week 7,7,8.0,8.0,8.0,8.0,32.0,6.5,0.10774410774410774,True,0,eliminated,7.0,False
19,4,Antonio Sabato Jr.,Cheryl Burke,Eliminated Week 7,8,7.0,7.0,7.0,8.0,29.0,6.5,0.090625,True,0,eliminated,7.0,False
19,4,Jonathan Bennett,Allison Holker,Eliminated Week 6,9,6.0,6.0,6.0,6.0,24.0,10.0,0.075,True,0,eliminated,6.0,False
19,4,Lea Thompson,Artem Chigvintsev,Eliminated Week 9,6,10.0,10.0,10.0,9.0,39.0,2.0,0.121875,True,0,eliminated,9.0,False
19,4,Janel Parrish,Valentin Chmerkovskiy,3rd Place,3,9.0,9.0,9.0,9.0,36.0,4.0,0.1125,True,0,finished,11.0,False
19,4,Alfonso Ribeiro,Witney Carson,1st Place,1,10.0,10.0,10.0,10.0,40.0,1.0,0.125,True,0,finished,11.0,False
19,4,Lolo Jones,Keo Motsepe,Eliminated Week 1,13,0.0,0.0,0.0,0.0,0.0,,,False,0,eliminated,1.0,True
19,4,Randy Couture,Karina Smirnoff,Eliminated Week 3,11,0.0,0.0,0.0,0.0,0.0,,,False,0,eliminated,3.0,True
19,4,Tommy Chong,Peta Murgatroyd,Eliminated Week 10,5,7.0,7.0,7.0,7.0,28.0,8.0,0.0875,True,0,eliminated,10.0,False
19,4,Betsey Johnson,Tony Dovolani,Eliminated Week 4,10,8.0,7.0,7.0,7.0,29.0,6.5,0.090625,True,1,eliminated,4.0,False
19,4,Michael Waltrip,Emma Slater,Eliminated Week 8,7,6.0,6.0,6.0,7.0,25.0,9.0,0.078125,True,0,eliminated,8.0,False
19,4,Tavis Smiley,Sharna Burgess,Eliminated Week 2,12,0.0,0.0,0.0,0.0,0.0,,,False,0,eliminated,2.0,True
19,4,Bethany Mota,Derek Hough,Eliminated Week 11,4,8.0,8.0,8.0,9.0,33.0,5.0,0.103125,True,0,eliminated,11.0,False
19,4,Sadie Robertson,Mark Ballas,2nd Place,2,9.0,10.0,9.0,9.0,37.0,3.0,0.115625,True,0,finished,11.0,False
20,4,Suzanne Somers,Tony Dovolani,Eliminated Week 5,9,7.0,7.0,7.0,7.0,28.0,9.0,0.08615384615384615,True,0,eliminated,5.0,False
20,4,Willow Shields,Mark Ballas,Eliminated Week 7,7,10.0,9.0,10.0,10.0,39.0,1.0,0.12,True,0,eliminated,7.0,False
20,4,Riker Lynch,Allison Holker,2nd Place,2,8.0,8.0,9.0,9.0,34.0,4.5,0.10461538461538461,True,0,finished,10.0,False
20,4,Rumer Willis,Valentin Chmerkovskiy,1st Place,1,9.0,8.0,9.0,9.0,35.0,3.0,0.1076923076923077,True,0,finished,10.0,False
20,4,Nastia Liukin,Derek Hough,Eliminated Week 9,4,9.0,8.0,9.0,10.0,36.0,2.0,0.11076923076923077,True,0,eliminated,9.0,False
20,4,Michael Sam,Peta Murgatroyd,Eliminated Week 4,10,7.0,7.0,8.0,8.0,30.0,7.5,0.09230769230769231,True,1,eliminated,4.0,False
20,4,Robert Herjavec,Kym Johnson,Eliminated Week 8,6,8.0,9.0,8.0,9.0,34.0,4.5,0.10461538461538461,True,0,eliminated,8.0,False
20,4,Charlotte McKinney,Keo Motsepe,Eliminated Week 3,11,0.0,0.0,0.0,0.0,0.0,,,False,0,eliminated,3.0,True
20,4,Noah Galloway,Sharna Burgess,3rd Place,3,8.0,8.0,8.0,8.0,32.0,6.0,0.09846153846153846,True,0,finished,10.0,False
20,4,Redfoo,Emma Slater,Eliminated Week 2,12,0.0,0.0,0.0,0.0,0.0,,,False,0,eliminated,2.0,True
20,4,Patti LaBelle,Artem Chigvintsev,Eliminated Week 6,8,8.0,7.0,7.0,8.0,30.0,7.5,0.09230769230769231,True,0,eliminated,6.0,False
20,4,Chris Soules,Witney Carson,Eliminated Week 8,5,7.0,6.0,7.0,7.0,27.0,10.0,0.08307692307692308,True,0,eliminated,8.0,False
21,4,Gary Busey,Anna Trebunskaya,Eliminated Week 4,10,5.0,6.0,5.0,,16.0,10.0,0.06779661016949153,True,1,eliminated,4.0,False
21,4,Alexa PenaVega,Mark Ballas,Eliminated Week 9,6,7.0,7.0,7.0,,21.0,8.0,0.08898305084745763,True,0,eliminated,9.0,False
21,4,Carlos PenaVega,Witney Carson,Eliminated Week 11,4,9.0,8.0,8.0,,25.0,5.0,0.1059322033898305,True,0,eliminated,11.0,False
21,4,Victor Espinoza,Karina Smirnoff,Eliminated Week 2,12,0.0,0.0,0.0,,0.0,,,False,0,eliminated,2.0,True
21,4,Alek Skarlatos,Lindsay Arnold,3rd Place,3,8.0,8.0,8.0,,24.0,6.0,0.1016949152542373,True,0,finished,11.0,False
21,4,Chaka Khan,Keo Motsepe,Eliminated Week 2,13,0.0,0.0,0.0,,0.0,,,False,0,eliminated,2.0,True
21,4,Andy Grammer,Allison Holker,Eliminated Week 8,7,7.0,8.0,8.0,,23.0,7.0,0.09745762711864407,True,0,eliminated,8.0,False
21,4,Tamar Braxton,Valentin Chmerkovskiy,Withdrew,5,9.0,9.0,9.0,,27.0,3.0,0.11440677966101695,True,0,withdrew,9.0,False
21,4,Nick Carter,Sharna Burgess,2nd Place,2,9.0,9.0,9.0,,27.0,3.0,0.11440677966101695,True,0,finished,11.0,False
21,4,Hayes Grier,Emma Slater,Eliminated Week 7,8,9.0,9.0,9.0,,27.0,3.0,0.11440677966101695,True,0,eliminated,7.0,False
21,4,Bindi Irwin,Derek Hough,1st Place,1,9.0,9.0,10.0,,28.0,1.0,0.11864406779661017,True,0,finished,11.0,False
21,4,Kim Zolciak-Biermann,Tony Dovolani,Withdrew,11,0.0,0.0,0.0,,0.0,,,False,0,withdrew,2.0,True
21,4,Paula Deen,Louis van Amstel,Eliminated Week 6,9,6.0,6.0,6.0,,18.0,9.0,0.07627118644067797,True,0,eliminated,6.0,False
22,4,Mischa Barton,Artem Chigvintsev,Eliminated Week 3,11,0.0,0.0,0.0,0.0,0.0,,,False,0,eliminated,3.0,True
22,4,Kim Fields,Sasha Farber,Eliminated Week 7,8,8.0,8.0,8.0,8.0,32.0,6.5,0.10031347962382445,True,0,eliminated,7.0,False
22,4,Jodie Sweetin,Keo Motsepe,Eliminated Week 8,6,7.0,6.0,7.0,7.0,27.0,9.0,0.08463949843260188,True,0,eliminated,8.0,False
22,4,Doug Flutie,Karina Smirnoff,Eliminated Week 6,9,6.0,6.0,6.0,6.0,24.0,10.0,0.07523510971786834,True,0,eliminated,6.0,False
22,4,Von Miller,Witney Carson,Eliminated Week 7,7,8.0,8.0,8.0,8.0,32.0,6.5,0.10031347962382445,True,0,eliminated,7.0,False
22,4,Antonio Brown,Sharna Burgess,Eliminated Week 9,5,9.0,8.0,9.0,9.0,35.0,3.5,0.109717868338558,True,0,eliminated,9.0,False
22,4,Paige VanZant,Mark Ballas,2nd Place,2,9.0,9.0,9.0,9.0,36.0,1.5,0.11285266457680251,True,0,finished,10.0,False
22,4,Geraldo Rivera,Edyta Sliwinska,Eliminated Week 2,12,0.0,0.0,0.0,0.0,0.0,,,False,0,eliminated,2.0,True
22,4,Nyle DiMarco,Peta Murgatroyd,1st Place,1,8.0,8.0,9.0,9.0,34.0,5.0,0.10658307210031348,True,0,finished,10.0,False
22,4,Ginger Zee,Valentin Chmerkovskiy,3rd Place,3,9.0,9.0,9.0,9.0,36.0,1.5,0.11285266457680251,True,0,finished,10.0,False
22,4,Wanya Morris,Lindsay Arnold,Eliminated Week 9,4,8.0,9.0,9.0,9.0,35.0,3.5,0.109717868338558,True,0,eliminated,9.0,False
22,4,Marla Maples,Tony Dovolani,Eliminated Week 4,10,7.0,7.0,7.0,7.0,28.0,8.0,0.0877742946708464,True,1,eliminated,4.0,False
23,4,Jake T. Austin,Jenna Johnson,Eliminated Week 2,13,0.0,0.0,0.0,,0.0,,,False,0,eliminated,2.0,True
23,4,Maureen McCormick,Artem Chigvintsev,Eliminated Week 7,8,8.0,8.0,8.0,,24.0,4.5,0.09195402298850575,True,0,eliminated,7.0,False
23,4,Marilu Henner,Derek Hough,Eliminated Week 9,6,7.0,7.0,7.0,,21.0,10.0,0.08045977011494253,True,0,eliminated,9.0,False
23,4,Ryan Lochte,Cheryl Burke,Eliminated Week 8,7,7.0,7.0,8.0,,22.0,9.0,0.0842911877394636,True,0,eliminated,8.0,False
23,4,Calvin Johnson Jr.,Lindsay Arnold,3rd Place,3,8.0,7.0,8.0,,23.0,7.0,0.08812260536398467,True,0,finished,11.0,False
23,4,Laurie Hernandez,Valentin Chmerkovskiy,1st Place,1,10.0,10.0,10.0,,30.0,1.0,0.11494252873563218,True,0,finished,11.0,False
23,4,Amber Rose,Maksim Chmerkoskiy,Eliminated Week 6,9,8.0,8.0,8.0,,24.0,4.5,0.09195402298850575,True,0,eliminated,6.0,False
23,4,Rick Perry,Emma Slater,Eliminated Week 3,12,0.0,0.0,0.0,,0.0,,,False,0,eliminated,3.0,True
23,4,James Hinchcliffe,Sharna Burgess,2nd Place,2,9.0,9.0,10.0,,28.0,2.0,0.10727969348659004,True,0,finished,11.0,False
23,4,Babyface,Allison Holker,Eliminated Week 4,11,6.0,6.0,6.0,,18.0,11.0,0.06896551724137931,True,1,eliminated,4.0,False
23,4,Vanilla Ice,Witney Carson,Eliminated Week 4,10,8.0,7.0,8.0,,23.0,7.0,0.08812260536398467,True,1,eliminated,4.0,False
23,4,Jana Kramer,Gleb Savchenko,Eliminated Week 11,4,8.0,7.0,8.0,,23.0,7.0,0.08812260536398467,True,0,eliminated,11.0,False
23,4,Terra Jole,Sasha Farber,Eliminated Week 10,5,9.0,8.0,8.0,,25.0,3.0,0.09578544061302682,True,0,eliminated,10.0,False
24,4,Charo,Keo Motsepe,Eliminated Week 3,11,0.0,0.0,0.0,0.0,0.0,,,False,0,eliminated,3.0,True
24,4,Mr. T,Kym Herjavec,Eliminated Week 4,10,7.0,7.0,7.0,7.0,28.0,10.0,0.08588957055214724,True,1,eliminated,4.0,False
24,4,Heather Morris,Maksim Chmerkoskiy,Eliminated Week 6,8,8.0,9.0,9.0,9.0,35.0,3.0,0.10736196319018405,True,0,eliminated,6.0,False
24,4,Nancy Kerrigan,Artem Chigvintsev,Eliminated Week 7,7,8.0,9.0,8.0,8.0,33.0,4.0,0.10122699386503067,True,0,eliminated,7.0,False
24,4,Bonner Bolton,Sharna Burgess,Eliminated Week 8,5,8.0,8.0,8.0,8.0,32.0,5.5,0.09815950920245399,True,0,eliminated,8.0,False
24,4,Simone Biles,Sasha Farber,Eliminated Week 9,4,9.0,9.0,9.0,9.0,36.0,2.0,0.11042944785276074,True,0,eliminated,9.0,False
24,4,David Ross,Lindsay Arnold,2nd Place,2,7.0,8.0,8.0,8.0,31.0,7.0,0.0950920245398773,True,0,finished,10.0,False
24,4,Rashad Jennings,Emma Slater,1st Place,1,10.0,9.0,10.0,10.0,39.0,1.0,0.1196319018404908,True,0,finished,10.0,False
24,4,Chris Kattan,Witney Carson,Eliminated Week 2,12,0.0,0.0,0.0,0.0,0.0,,,False,0,eliminated,2.0,True
24,4,Erika Jayne,Gleb Savchenko,Eliminated Week 5,9,8.0,7.0,7.0,8.0,30.0,8.5,0.09202453987730061,True,0,eliminated,5.0,False
24,4,Normani,Valentin Chmerkovskiy,3rd Place,3,8.0,7.0,8.0,9.0,32.0,5.5,0.09815950920245399,True,0,finished,10.0,False
24,4,Nick Viall,Peta Murgatroyd,Eliminated Week 7,6,8.0,7.0,8.0,7.0,30.0,8.5,0.09202453987730061,True,0,eliminated,7.0,False
25,4,Sasha Pieterse,Gleb Savchenko,Eliminated Week 5,10,8.0,8.0,8.0,,24.0,6.5,0.08856088560885608,True,0,eliminated,5.0,False
25,4,Frankie Muniz,Witney Carson,3rd Place,3,8.0,8.0,8.0,,24.0,6.5,0.08856088560885608,True,0,finished,10.0,False
25,4,Jordan Fisher,Lindsay Arnold,1st Place,1,10.0,9.0,10.0,,29.0,1.0,0.1070110701107011,True,0,finished,10.0,False
25,4,Derek Fisher,Sharna Burgess,Eliminated Week 4,11,7.0,8.0,8.0,,23.0,10.0,0.08487084870848709,True,1,eliminated,4.0,False
25,4,Nikki Bella,Artem Chigvintsev,Eliminated Week 7,8,8.0,8.0,8.0,,24.0,6.5,0.08856088560885608,True,0,eliminated,7.0,False
25,4,Terrell Owens,Cheryl Burke,Eliminated Week 8,6,8.0,8.0,8.0,,24.0,6.5,0.08856088560885608,True,0,eliminated,8.0,False
25,4,Victoria Arlen,Valentin Chmerkovskiy,Eliminated Week 9,5,9.0,9.0,9.0,,27.0,2.0,0.0996309963099631,True,0,eliminated,9.0,False
25,4,Barbara Corcoran,Keo Motsepe,Eliminated Week 2,13,0.0,0.0,0.0,,0.0,,,False,0,eliminated,2.0,True
25,4,Lindsey Stirling,Mark Ballas,2nd Place,2,9.0,8.0,9.0,,26.0,3.0,0.0959409594095941,True,0,finished,10.0,False
25,4,Debbie Gibson,Alan Bersten,Eliminated Week 2,12,0.0,0.0,0.0,,0.0,,,False,0,eliminated,2.0,True
25,4,Nick Lachey,Peta Murgatroyd,Eliminated Week 6,9,8.0,7.0,7.0,,22.0,11.0,0.08118081180811808,True,0,eliminated,6.0,False
25,4,Drew Scott,Emma Slater,Eliminated Week 10,4,8.0,8.0,8.0,,24.0,6.5,0.08856088560885608,True,0,eliminated,10.0,False
25,4,Vanessa Lachey,Maksim Chmerkoskiy,Eliminated Week 7,7,8.0,8.0,8.0,,24.0,6.5,0.08856088560885608,True,0,eliminated,7.0,False
26,4,Jamie Anderson,Artem Chigvintsev,Eliminated Week 1,10,0.0,0.0,0.0,,0.0,,,False,0,eliminated,1.0,True
26,4,Johnny Damon,Emma Slater,Eliminated Week 1,9,0.0,0.0,0.0,,0.0,,,False,0,eliminated,1.0,True
26,4,Kareem Abdul-Jabbar,Lindsay Arnold,Eliminated Week 2,8,0.0,0.0,0.0,,0.0,,,False,0,eliminated,2.0,True
26,4,Arike Ogunbowale,Gleb Savchenko,Eliminated Week 2,7,0.0,0.0,0.0,,0.0,,,False,0,eliminated,2.0,True
26,4,Jennie Finch Daigle,Keo Motsepe,Eliminated Week 3,6,0.0,0.0,0.0,,0.0,,,False,0,eliminated,3.0,True
26,4,Chris Mazdzer,Witney Carson,Eliminated Week 3,5,0.0,0.0,0.0,,0.0,,,False,0,eliminated,3.0,True
26,4,Mirai Nagasu,Alan Bersten,Eliminated Week 3,4,0.0,0.0,0.0,,0.0,,,False,0,eliminated,3.0,True
26,4,Tonya Harding,Sasha Farber,3rd Place,3,9.0,9.5,9.5,,28.0,3.0,0.32748538011695905,True,0,finished,4.0,False
26,4,Josh Norman,Sharna Burgess,2nd Place,2,9.5,9.5,9.5,,28.5,2.0,0.3333333333333333,True,0,finished,4.0,False
26,4,Adam Rippon,Jenna Johnson,1st Place,1,9.5,9.5,10.0,,29.0,1.0,0.3391812865497076,True,0,finished,4.0,False
27,4,Juan Pablo Di Pace,Cheryl Burke,Eliminated Week 8,5,8.0,8.0,8.0,,24.0,5.5,0.10344827586206896,True,0,eliminated,8.0,False
27,4,Evanna Lynch,Keo Motsepe,3rd Place,3,8.0,8.0,8.0,,24.0,5.5,0.10344827586206896,True,0,finished,9.0,False
27,4,Nancy McKeon,Valentin Chmerkovskiy,Eliminated Week 3,11,0.0,0.0,0.0,,0.0,,,False,0,eliminated,3.0,True
27,4,John Schneider,Emma Slater,Eliminated Week 7,8,7.0,7.0,7.0,,21.0,8.0,0.09051724137931035,True,0,eliminated,7.0,False
27,4,Milo Manheim,Witney Carson,2nd Place,2,10.0,9.0,10.0,,29.0,1.0,0.125,True,0,finished,9.0,False
27,4,Danelle Umstead,Artem Chigvintsev,Eliminated Week 2,12,0.0,0.0,0.0,,0.0,,,False,0,eliminated,2.0,True
27,4,Mary Lou Retton,Sasha Farber,Eliminated Week 6,9,9.0,8.0,9.0,,26.0,2.5,0.11206896551724138,True,0,eliminated,6.0,False
27,4,DeMarcus Ware,Lindsay Arnold,Eliminated Week 7,7,7.0,7.0,8.0,,22.0,7.0,0.09482758620689655,True,0,eliminated,7.0,False
27,4,Nikki Glaser,Gleb Savchenko,Eliminated Week 1,13,0.0,0.0,0.0,,0.0,,,False,0,eliminated,1.0,True
27,4,Bobby Bones,Sharna Burgess,1st Place,1,7.0,6.0,7.0,,20.0,9.0,0.08620689655172414,True,0,finished,9.0,False
27,4,Tinashe,Brandon Armstrong,Eliminated Week 4,10,9.0,8.0,9.0,,26.0,2.5,0.11206896551724138,True,1,eliminated,4.0,False
27,4,Alexis Ren,Alan Bersten,4th Place,4,8.0,8.0,9.0,,25.0,4.0,0.10775862068965517,True,0,finished,9.0,False
27,4,Joe Amabile,Jenna Johnson,Eliminated Week 8,6,5.0,5.0,5.0,,15.0,10.0,0.06465517241379311,True,0,eliminated,8.0,False
28,4,Kate Flannery,Pasha Pashkov,Eliminated Week 8,7,7.0,7.0,6.0,6.0,26.0,8.0,0.09219858156028368,True,0,eliminated,8.0,False
28,4,James Van Der Beek,Emma Slater,Eliminated Week 10,5,7.0,7.0,7.0,7.0,28.0,6.5,0.09929078014184398,True,0,eliminated,10.0,False
28,4,Kel Mitchell,Witney Carson,2nd Place,2,8.0,8.0,8.0,8.0,32.0,2.5,0.11347517730496454,True,0,finished,11.0,False
28,4,Ray Lewis,Cheryl Burke,Withdrew,11,0.0,0.0,0.0,0.0,0.0,,,False,0,withdrew,2.0,True
28,4,Lamar Odom,Peta Murgatroyd,Eliminated Week 4,10,5.0,7.0,4.0,4.0,20.0,10.0,0.07092198581560284,True,1,eliminated,4.0,False
28,4,Sailor Brinkley-Cook,Valentin Chmerkovskiy,Eliminated Week 6,9,7.0,8.0,8.0,8.0,31.0,5.0,0.1099290780141844,True,0,eliminated,6.0,False
28,4,Sean Spicer,Lindsay Arnold,Eliminated Week 9,6,5.0,6.0,5.0,5.0,21.0,9.0,0.07446808510638298,True,0,eliminated,9.0,False
28,4,Mary Wilson,Brandon Armstrong,Eliminated Week 2,12,0.0,0.0,0.0,0.0,0.0,,,False,0,eliminated,2.0,True
28,4,Lauren Alaina,Gleb Savchenko,4th Place,4,8.0,8.0,8.0,8.0,32.0,2.5,0.11347517730496454,True,0,finished,11.0,False
28,4,Ally Brooke,Sasha Farber,3rd Place,3,8.0,8.0,8.0,8.0,32.0,2.5,0.11347517730496454,True,0,finished,11.0,False
28,4,Karamo Brown,Jenna Johnson,Eliminated Week 7,8,7.0,7.0,7.0,7.0,28.0,6.5,0.09929078014184398,True,0,eliminated,7.0,False
28,4,Hannah Brown,Alan Bersten,1st Place,1,8.0,8.0,8.0,8.0,32.0,2.5,0.11347517730496454,True,0,finished,11.0,False
29,4,Anne Heche,Keo Motsepe,Eliminated Week 4,13,7.0,7.0,7.0,,21.0,11.5,0.06976744186046512,True,1,eliminated,4.0,False
29,4,Jesse Metcalfe,Sharna Burgess,Eliminated Week 5,12,7.0,7.0,7.0,,21.0,11.5,0.06976744186046512,True,0,eliminated,5.0,False
29,4,Chrishell Stause,Gleb Savchenko,Eliminated Week 8,8,7.0,8.0,7.0,,22.0,8.5,0.07308970099667775,True,0,eliminated,8.0,False
29,4,Skai Jackson,Alan Bersten,Eliminated Week 10,5,10.0,9.0,9.0,,28.0,1.0,0.09302325581395349,True,0,eliminated,10.0,False
29,4,Justina Machado,Sasha Farber,4th Place,4,8.0,8.0,8.0,,24.0,5.0,0.07973421926910298,True,0,finished,11.0,False
29,4,Charles Oakley,Emma Slater,Eliminated Week 2,15,0.0,0.0,0.0,,0.0,,,False,0,eliminated,2.0,True
29,4,Veron Davis,Peta Murgatroyd,Eliminated Week 6,11,8.0,7.0,7.0,,22.0,8.5,0.07308970099667775,True,0,eliminated,6.0,False
29,4,Johnny Weir,Britt Stewart,Eliminated Week 10,6,8.0,8.0,8.0,,24.0,5.0,0.07973421926910298,True,0,eliminated,10.0,False
29,4,Nev Schulman,Jenna Johnson,2nd Place,2,8.0,8.0,8.0,,24.0,5.0,0.07973421926910298,True,0,finished,11.0,False
29,4,AJ McLean,Cheryl Burke,Eliminated Week 9,7,8.0,8.0,8.0,,24.0,5.0,0.07973421926910298,True,0,eliminated,9.0,False
29,4,Nelly,Daniella Karagach,3rd Place,3,7.0,7.0,7.0,,21.0,11.5,0.06976744186046512,True,0,finished,11.0,False
29,4,Kaitlyn Bristowe,Artem Chigvintsev,1st Place,1,9.0,8.0,8.0,,25.0,2.0,0.08305647840531562,True,0,finished,11.0,False
29,4,Carole Baskin,Pasha Pashkov,Eliminated Week 3,14,0.0,0.0,0.0,,0.0,,,False,0,eliminated,3.0,True
29,4,Monica Aldama,Valentin Chmerkovskiy,Eliminated Week 7,10,8.0,8.0,8.0,,24.0,5.0,0.07973421926910298,True,0,eliminated,7.0,False
29,4,Jeannie Mai,Brandon Armstrong,Withdrew,9,7.0,7.0,7.0,,21.0,11.5,0.06976744186046512,True,0,withdrew,7.0,False
30,4,Martin Kove,Britt Stewart,Eliminated Week 2,15,0.0,0.0,0.0,0.0,0.0,,,False,0,eliminated,2.0,True
30,4,Brian Austin Green,Sharna Burgess,Eliminated Week 4,13,6.5,6.0,7.0,6.5,26.0,13.0,0.06235011990407674,True,1,eliminated,4.0,False
30,4,Melora Hardin,Artem Chigvintsev,Eliminated Week 9,6,9.0,9.5,9.0,9.0,36.5,1.0,0.08752997601918465,True,0,eliminated,9.0,False
30,4,Matt James,Lindsay Arnold,Eliminated Week 4,12,7.0,6.5,7.5,7.5,28.5,12.0,0.0683453237410072,True,1,eliminated,4.0,False
30,4,"Mike ""The Miz"" Mizanin",Witney Carson,Eliminated Week 7,9,8.5,7.5,8.5,8.0,32.5,7.5,0.07793764988009592,True,0,eliminated,7.0,False
30,4,Suni Lee,Sasha Farber,Eliminated Week 9,5,8.5,8.0,9.0,8.5,34.0,4.5,0.0815347721822542,True,0,eliminated,9.0,False
30,4,Iman Shumpert,Daniella Karagach,1st Place,1,8.5,6.5,8.5,8.0,31.5,9.0,0.07553956834532374,True,0,finished,10.0,False
30,4,Cody Rigsby,Cheryl Burke,3rd Place,3,7.5,6.5,7.5,7.5,29.0,11.0,0.06954436450839328,True,0,finished,10.0,False
30,4,Melanie C,Gleb Savchenko,Eliminated Week 5,11,8.0,8.0,8.5,8.5,33.0,6.0,0.07913669064748201,True,0,eliminated,5.0,False
30,4,Jimmie Allen,Emma Slater,Eliminated Week 8,7,8.5,7.5,8.5,8.0,32.5,7.5,0.07793764988009592,True,0,eliminated,8.0,False
30,4,Olivia Jade,Valentin Chmerkovskiy,Eliminated Week 8,8,8.0,9.0,9.0,9.0,35.0,2.5,0.08393285371702638,True,0,eliminated,8.0,False
30,4,JoJo Siwa,Jenna Johnson,2nd Place,2,8.5,8.5,9.0,9.0,35.0,2.5,0.08393285371702638,True,0,finished,10.0,False
30,4,Christine Chiu,Pasha Pashkov,Eliminated Week 3,14,0.0,0.0,0.0,0.0,0.0,,,False,0,eliminated,3.0,True
30,4,Kenya Moore,Brandon Armstrong,Eliminated Week 6,10,7.0,7.0,8.0,7.5,29.5,10.0,0.07074340527577938,True,0,eliminated,6.0,False
30,4,Amanda Kloots,Alan Bersten,4th Place,4,8.5,8.5,8.5,8.5,34.0,4.5,0.0815347721822542,True,0,finished,10.0,False
31,4,Jason Lewis,Peta Murgatroyd,Eliminated Week 1,16,0.0,0.0,0.0,0.0,0.0,,,False,0,eliminated,1.0,True
31,4,Cheryl Ladd,Louis van Amstel,Eliminated Week 3,14,0.0,0.0,0.0,0.0,0.0,,,False,0,eliminated,3.0,True
31,4,Selma Blair,Sasha Farber,Withdrew,12,8.0,8.0,8.0,8.0,32.0,6.5,0.07804878048780488,True,0,withdrew,5.0,False
31,4,Joseph Baena,Daniella Karagach,Eliminated Week 5,11,7.0,7.0,7.0,7.0,28.0,11.5,0.06829268292682927,True,0,eliminated,5.0,False
31,4,Trevor Donovan,Emma Slater,Eliminated Week 9,6,7.0,7.0,7.0,7.0,28.0,11.5,0.06829268292682927,True,0,eliminated,9.0,False
31,4,Daniel Durant,Britt Stewart,Eliminated Week 9,5,7.0,7.0,7.0,8.0,29.0,9.5,0.07073170731707316,True,0,eliminated,9.0,False
31,4,Wayne Brady,Witney Carson,3rd Place,3,9.0,9.0,9.0,9.0,36.0,2.0,0.08780487804878048,True,0,finished,10.0,False
31,4,Sam Champion,Cheryl Burke,Eliminated Week 4,13,7.0,6.0,6.0,6.0,25.0,13.0,0.06097560975609756,True,1,eliminated,4.0,False
31,4,Jessie James Decker,Alan Bersten,Eliminated Week 6,10,8.0,7.0,8.0,8.0,31.0,8.0,0.07560975609756097,True,0,eliminated,6.0,False
31,4,Jordin Sparks,Brandon Armstrong,Eliminated Week 7,9,9.0,8.0,8.0,9.0,34.0,4.5,0.08292682926829269,True,0,eliminated,7.0,False
31,4,Heidi D'Amelio,Artem Chigvintsev,Eliminated Week 8,8,9.0,8.0,8.0,9.0,34.0,4.5,0.08292682926829269,True,0,eliminated,8.0,False
31,4,Charli D'Amelio,Mark Ballas,1st Place,1,9.0,9.0,9.0,9.0,36.0,2.0,0.08780487804878048,True,0,finished,10.0,False
31,4,Teresa Giudice,Pasha Pashkov,Eliminated Week 2,15,0.0,0.0,0.0,0.0,0.0,,,False,0,eliminated,2.0,True
31,4,Vinny Guadagnino,Koko Iwasaki,Eliminated Week 8,7,8.0,7.0,7.0,7.0,29.0,9.5,0.07073170731707316,True,0,eliminated,8.0,False
31,4,Shangela,Gleb Savchenko,4th Place,4,8.0,8.0,8.0,8.0,32.0,6.5,0.07804878048780488,True,0,finished,10.0,False
31,4,Gabby Windey,Valentin Chmerkovskiy,2nd Place,2,9.0,9.0,9.0,9.0,36.0,2.0,0.08780487804878048,True,0,finished,10.0,False
32,4,Jamie Lynn Spears,Alan Bersten,Eliminated Week 2,13,0.0,0.0,0.0,,0.0,,,False,0,eliminated,2.0,True
32,4,Mira Sorvino,Gleb Savchenko,Eliminated Week 5,10,7.0,7.0,7.0,,21.0,7.0,0.0875,True,0,eliminated,5.0,False
32,4,Barry Williams,Peta Murgatroyd,Eliminated Week 8,7,6.0,6.0,6.0,,18.0,10.5,0.075,True,0,eliminated,8.0,False
32,4,Alyson Hannigan,Sasha Farber,5th Place,5,6.0,6.0,6.0,,18.0,10.5,0.075,True,0,finished,11.0,False
32,4,Xochitl Gomez,Valentin Chmerkovskiy,1st Place,1,9.0,9.0,9.0,,27.0,1.0,0.1125,True,0,finished,11.0,False
32,4,Adrian Peterson,Britt Stewart,Eliminated Week 4,11,7.0,7.0,7.0,,21.0,7.0,0.0875,True,1,eliminated,4.0,False
32,4,Matt Walsh,Koko Iwasaki,Eliminated Week 1,14,0.0,0.0,0.0,,0.0,,,False,0,eliminated,1.0,True
32,4,Tyson Beckford,Jenna Johnson,Eliminated Week 3,12,0.0,0.0,0.0,,0.0,,,False,0,eliminated,3.0,True
32,4,Jason Mraz,Daniella Karagach,2nd Place,2,8.0,8.0,8.0,,24.0,3.5,0.1,True,0,finished,11.0,False
32,4,Lele Pons,Brandon Armstrong,Eliminated Week 7,8,7.0,7.0,8.0,,22.0,5.0,0.09166666666666666,True,0,eliminated,7.0,False
32,4,Harry Jowsey,Rylee Arnold,Eliminated Week 9,6,7.0,7.0,7.0,,21.0,7.0,0.0875,True,0,eliminated,9.0,False
32,4,Mauricio Umansky,Emma Slater,Eliminated Week 6,9,7.0,6.0,6.0,,19.0,9.0,0.07916666666666666,True,0,eliminated,6.0,False
32,4,Charity Lawson,Artem Chigvintsev,4th Place,4,8.0,8.0,8.0,,24.0,3.5,0.1,True,0,finished,11.0,False
32,4,Ariana Madix,Pasha Pashkov,3rd Place,3,8.0,9.0,8.0,,25.0,2.0,0.10416666666666667,True,0,finished,11.0,False
33,4,Tori Spelling,Pasha Pashkov,Eliminated Week 2,12,0.0,0.0,0.0,0.0,0.0,,,False,0,eliminated,2.0,True
33,4,Eric Roberts,Britt Stewart,Eliminated Week 3,10,0.0,0.0,0.0,0.0,0.0,,,False,0,eliminated,3.0,True
33,4,Reginald VelJohnson,Emma Slater,Eliminated Week 3,10,0.0,0.0,0.0,0.0,0.0,,,False,0,eliminated,3.0,True
33,4,Chandler Kinney,Brandon Armstrong,3rd Place,3,8.0,8.0,8.0,8.0,32.0,6.0,0.10884353741496598,True,0,finished,9.0,False
33,4,Dwight Howard ,Daniella Karagach,Eliminated Week 7,6,7.0,8.0,7.0,7.0,29.0,9.0,0.09863945578231292,True,0,eliminated,7.0,False
33,4,Danny Amendola,Witney Carson,5th Place,5,9.0,9.0,9.0,9.0,36.0,1.5,0.12244897959183673,True,0,finished,9.0,False
33,4,Stephen Nedoroscik,Rylee Arnold,4th Place,4,8.0,9.0,8.0,8.0,33.0,3.0,0.11224489795918367,True,0,finished,9.0,False
33,4,Ilona Maher,Alan Bersten,2nd Place,2,8.0,8.0,8.0,8.0,32.0,6.0,0.10884353741496598,True,0,finished,9.0,False
33,4,Anna Delvey,Ezra Sosa,Eliminated Week 2,12,0.0,0.0,0.0,0.0,0.0,,,False,0,eliminated,2.0,True
33,4,Brooks Nader,Gleb Savchenko,Eliminated Week 4,9,8.0,8.0,8.0,8.0,32.0,6.0,0.10884353741496598,True,1,eliminated,4.0,False
33,4,Phaedra Parks,Val Chmerkovskiy,Eliminated Week 5,8,8.0,8.0,8.0,8.0,32.0,6.0,0.10884353741496598,True,0,eliminated,5.0,False
33,4,Jenn Tran,Sasha Farber,Eliminated Week 6,7,8.0,8.0,8.0,8.0,32.0,6.0,0.10884353741496598,True,0,eliminated,6.0,False
33,4,Joey Graziadei,Jenna Johnson,1st Place,1,9.0,9.0,9.0,9.0,36.0,1.5,0.12244897959183673,True,0,finished,9.0,False
34,4,Corey Feldman,Jenna Johnson,Eliminated Week 2,13,0.0,0.0,0.0,,0.0,,,False,0,eliminated,2.0,True
34,4,Danielle Fishel,Pasha Pashkov,Eliminated Week 8,8,7.0,7.0,7.0,,21.0,9.5,0.0846774193548387,True,0,eliminated,8.0,False
34,4,Elaine Hendrix,Alan Bersten (Rashad Jennings week 9),5th Place,5,8.0,8.0,8.0,,24.0,3.0,0.0967741935483871,True,0,finished,11.0,False
34,4,Baron Davis,Britt Stewart,Eliminated Week 2,13,0.0,0.0,0.0,,0.0,,,False,0,eliminated,2.0,True
34,4,Jordan Chiles,Ezra Sosa (Apolo Anton Ohno week 9),3rd Place,3,8.0,8.0,8.0,,24.0,3.0,0.0967741935483871,True,0,finished,11.0,False
34,4,Andy Richter,Emma Slater/Kaitlyn Bristowe (week 9),Eliminated Week 9,7,6.0,6.0,6.0,,18.0,11.0,0.07258064516129033,True,0,eliminated,9.0,False
34,4,Robert Irwin,Witney Carson (Xoshitl Gomez week 9),1st Place,1,7.0,7.0,8.0,,22.0,8.0,0.08870967741935484,True,0,finished,11.0,False
34,4,Hilaria Baldwin,Gleb Savchenko,Eliminated Week 4,11,8.0,7.0,8.0,,23.0,6.0,0.09274193548387097,True,1,eliminated,4.0,False
34,4,Lauren Jauregui,Brandon Armstrong,Eliminated Week 3,12,0.0,0.0,0.0,,0.0,,,False,0,eliminated,3.0,True
34,4,Scott Hoying,Rylee Arnold,Eliminated Week 6,10,7.0,7.0,7.0,,21.0,9.5,0.0846774193548387,True,0,eliminated,6.0,False
34,4,Alix Earle,Val Chmerkovskiy (Joey Graziadei week 9),2nd Place,2,8.0,8.0,8.0,,24.0,3.0,0.0967741935483871,True,0,finished,11.0,False
34,4,Jen Affleck,Jan Ravnik,Eliminated Week 7,9,7.0,8.0,8.0,,23.0,6.0,0.09274193548387097,True,0,eliminated,7.0,False
34,4,Whitney Leavitt,Mark Ballas,Eliminated Week 10,6,9.0,8.0,8.0,,25.0,1.0,0.10080645161290322,True,0,eliminated,10.0,False
34,4,Dylan Efron,Daniella Karagach (Rumer Willis week 9),4th Place,4,7.0,8.0,8.0,,23.0,6.0,0.09274193548387097,True,0,finished,11.0,False
1,5,John O'Hurley,Charlotte Jorgensen,2nd Place,2,9.0,9.0,9.0,,27.0,1.0,0.3698630136986301,True,0,finished,6.0,False
1,5,Kelly Monaco,Alec Mazo,1st Place,1,8.5,7.5,7.5,,23.5,2.0,0.3219178082191781,True,0,finished,6.0,False
1,5,Evander Holyfield,Edyta Sliwinska,Eliminated Week 3,5,0.0,0.0,0.0,,0.0,,,False,0,eliminated,3.0,True
1,5,Rachel Hunter,Jonathan Roberts,Eliminated Week 4,4,0.0,0.0,0.0,,0.0,,,False,0,eliminated,4.0,True
1,5,Joey McIntyre,Ashly DelGrosso,3rd Place,3,8.5,7.0,7.0,,22.5,3.0,0.3082191780821918,True,0,finished,5.0,False
1,5,Trista Sutter,Louis van Amstel,Eliminated Week 2,6,0.0,0.0,0.0,,0.0,,,False,0,eliminated,2.0,True
2,5,Tatum O'Neal,Nick Kosovich,Eliminated Week 2,9,0.0,0.0,0.0,,0.0,,,False,0,eliminated,2.0,True
2,5,Tia Carrere,Maksim Chmerkoskiy,Eliminated Week 5,6,7.0,7.0,8.0,,22.0,6.0,0.1456953642384106,True,1,eliminated,5.0,False
2,5,George Hamilton,Edyta Sliwinska,Eliminated Week 6,5,8.0,8.0,8.0,,24.0,4.0,0.15894039735099338,True,0,eliminated,6.0,False
2,5,Lisa Rinna,Louis van Amstel,Eliminated Week 7,4,7.0,9.0,9.0,,25.0,3.0,0.16556291390728478,True,0,eliminated,7.0,False
2,5,Stacy Keibler,Tony Dovolani,3rd Place,3,10.0,10.0,10.0,,30.0,1.0,0.1986754966887417,True,0,finished,8.0,False
2,5,Jerry Rice,Anna Trebunskaya,2nd Place,2,7.0,8.0,8.0,,23.0,5.0,0.152317880794702,True,0,finished,8.0,False
2,5,Giselle Fernandez,Jonathan Roberts,Eliminated Week 3,8,0.0,0.0,0.0,,0.0,,,False,0,eliminated,3.0,True
2,5,Master P,Ashly DelGrosso,Eliminated Week 4,7,0.0,0.0,0.0,,0.0,,,False,0,eliminated,4.0,True
2,5,Drew Lachey,Cheryl Burke,1st Place,1,9.0,9.0,9.0,,27.0,2.0,0.17880794701986755,True,0,finished,8.0,False
2,5,Kenny Mayne,Andrea Hale,Eliminated Week 1,10,0.0,0.0,0.0,,0.0,,,False,0,eliminated,1.0,True
3,5,Harry Hamlin,Ashly DelGrosso,Eliminated Week 3,9,0.0,0.0,0.0,,0.0,,,False,0,eliminated,3.0,True
3,5,Vivica A. Fox,Nick Kosovich,Eliminated Week 4,8,0.0,0.0,0.0,,0.0,,,False,0,eliminated,4.0,True
3,5,Monique Coleman,Louis van Amstel,Eliminated Week 8,4,9.0,9.0,9.0,,27.0,2.5,0.14917127071823205,True,0,eliminated,8.0,False
3,5,Joey Lawrence,Edyta Sliwinska,3rd Place,3,8.0,8.0,9.0,,25.0,5.0,0.13812154696132597,True,0,finished,9.0,False
3,5,Mario Lopez,Karina Smirnoff,2nd Place,2,9.0,9.0,9.0,,27.0,2.5,0.14917127071823205,True,0,finished,10.0,False
3,5,Emmitt Smith,Cheryl Burke,1st Place,1,9.0,9.0,9.0,,27.0,2.5,0.14917127071823205,True,0,finished,10.0,False
3,5,Shanna Moakler,Jesse DeSoto,Eliminated Week 2,10,0.0,0.0,0.0,,0.0,,,False,0,eliminated,2.0,True
3,5,Willa Ford,Maksim Chmerkoskiy,Eliminated Week 5,7,9.0,9.0,9.0,,27.0,2.5,0.14917127071823205,True,1,eliminated,5.0,False
3,5,Sara Evans,Tony Dovolani,Withdrew,6,8.0,8.0,8.0,,24.0,6.5,0.13259668508287292,True,0,withdrew,5.0,False
3,5,Jerry Springer,Kym Johnson,Eliminated Week 7,5,8.0,8.0,8.0,,24.0,6.5,0.13259668508287292,True,0,eliminated,7.0,False
3,5,Tucker Carlson,Elena Grinenko,Eliminated Week 1,11,0.0,0.0,0.0,,0.0,,,False,0,eliminated,1.0,True
4,5,John Ratzenberger,Edyta Sliwinska,Eliminated Week 7,6,6.0,6.0,6.0,,18.0,6.0,0.10227272727272728,True,0,eliminated,7.0,False
4,5,Ian Ziering,Cheryl Burke,Eliminated Week 9,4,8.0,8.0,8.0,,24.0,4.0,0.13636363636363635,True,0,eliminated,9.0,False
4,5,Clyde Drexler,Elena Grinenko,Eliminated Week 5,8,4.0,5.0,4.0,,13.0,8.0,0.07386363636363637,True,1,eliminated,5.0,False
4,5,Laila Ali,Maksim Chmerkoskiy,3rd Place,3,9.0,10.0,9.0,,28.0,2.0,0.1590909090909091,True,0,finished,10.0,False
4,5,Apolo Anton Ohno,Julianne Hough,1st Place,1,10.0,10.0,10.0,,30.0,1.0,0.17045454545454544,True,0,finished,10.0,False
4,5,Shandi Finnessey,Brian Fortuna,Eliminated Week 3,10,0.0,0.0,0.0,,0.0,,,False,0,eliminated,3.0,True
4,5,Paulina Porizkova,Alec Mazo,Eliminated Week 2,11,0.0,0.0,0.0,,0.0,,,False,0,eliminated,2.0,True
4,5,Heather Mills,Jonathan Roberts,Eliminated Week 6,7,7.0,7.0,7.0,,21.0,5.0,0.11931818181818182,True,0,eliminated,6.0,False
4,5,Billy Ray Cyrus,Karina Smirnoff,Eliminated Week 8,5,6.0,6.0,5.0,,17.0,7.0,0.09659090909090909,True,0,eliminated,8.0,False
4,5,Joey Fatone,Kym Johnson,2nd Place,2,8.0,8.0,9.0,,25.0,3.0,0.14204545454545456,True,0,finished,10.0,False
4,5,Leeza Gibbons,Tony Dovolani,Eliminated Week 4,9,0.0,0.0,0.0,,0.0,,,False,0,eliminated,4.0,True
5,5,Cameron Mathison,Edyta Sliwinska,Eliminated Week 8,5,8.0,9.0,9.0,,26.0,3.5,0.1306532663316583,True,0,eliminated,8.0,False
5,5,Jane Seymour,Tony Dovolani,Eliminated Week 7,6,8.0,9.0,9.0,,26.0,3.5,0.1306532663316583,True,0,eliminated,7.0,False
5,5,Sabrina Bryan,Mark Ballas,Eliminated Week 6,7,9.0,9.0,10.0,,28.0,2.0,0.1407035175879397,True,0,eliminated,6.0,False
5,5,Jennie Garth,Derek Hough,Eliminated Week 9,4,8.0,9.0,8.0,,25.0,5.0,0.12562814070351758,True,0,eliminated,9.0,False
5,5,Floyd Mayweather Jr. ,Karina Smirnoff,Eliminated Week 4,9,0.0,0.0,0.0,,0.0,,,False,0,eliminated,4.0,True
5,5,Josie Maran,Alec Mazo,Eliminated Week 1,12,0.0,0.0,0.0,,0.0,,,False,0,eliminated,1.0,True
5,5,Albert Reed,Anna Trebunskaya,Eliminated Week 2,11,0.0,0.0,0.0,,0.0,,,False,0,eliminated,2.0,True
5,5,Helio Castroneves,Julianne Hough,1st Place,1,8.0,7.0,8.0,,23.0,6.0,0.11557788944723618,True,0,finished,10.0,False
5,5,Mel B,Maksim Chmerkoskiy,2nd Place,2,10.0,9.0,10.0,,29.0,1.0,0.1457286432160804,True,0,finished,10.0,False
5,5,Wayne Newton,Cheryl Burke,Eliminated Week 3,10,0.0,0.0,0.0,,0.0,,,False,0,eliminated,3.0,True
5,5,Marie Osmond,Jonathan Roberts,3rd Place,3,7.0,7.0,7.0,,21.0,7.5,0.10552763819095477,True,0,finished,10.0,False
5,5,Mark Cuban,Kym Johnson,Eliminated Week 5,8,7.0,7.0,7.0,,21.0,7.5,0.10552763819095477,True,1,eliminated,5.0,False
6,5,Cristian de la Fuente,Cheryl Burke,3rd Place,3,7.0,8.0,8.0,,23.0,5.5,0.11734693877551021,True,0,finished,10.0,False
6,5,Steve Guttenberg,Anna Trebunskaya,Eliminated Week 3,10,0.0,0.0,0.0,,0.0,,,False,0,eliminated,3.0,True
6,5,Priscilla Presley,Louis van Amstel,Eliminated Week 5,8,7.0,7.0,7.0,,21.0,8.0,0.10714285714285714,True,1,eliminated,5.0,False
6,5,Marlee Matlin,Fabian Sanchez,Eliminated Week 6,7,7.0,7.0,8.0,,22.0,7.0,0.11224489795918367,True,0,eliminated,6.0,False
6,5,Shannon Elizabeth,Derek Hough,Eliminated Week 7,6,8.0,8.0,7.0,,23.0,5.5,0.11734693877551021,True,0,eliminated,7.0,False
6,5,Marissa Jaret Winokur,Tony Dovolani,Eliminated Week 9,4,8.0,8.0,8.0,,24.0,4.0,0.12244897959183673,True,0,eliminated,9.0,False
6,5,Jason Taylor,Edyta Sliwinska,2nd Place,2,9.0,9.0,9.0,,27.0,2.5,0.1377551020408163,True,0,finished,10.0,False
6,5,Kristi Yamaguchi,Mark Ballas,1st Place,1,9.0,10.0,10.0,,29.0,1.0,0.14795918367346939,True,0,finished,10.0,False
6,5,Monica Seles,Jonathan Roberts,Eliminated Week 2,11,0.0,0.0,0.0,,0.0,,,False,0,eliminated,2.0,True
6,5,Penn Jillette,Kym Johnson,Eliminated Week 2,12,0.0,0.0,0.0,,0.0,,,False,0,eliminated,2.0,True
6,5,Adam Carolla,Julianne Hough,Eliminated Week 4,9,0.0,0.0,0.0,,0.0,,,False,0,eliminated,4.0,True
6,5,Mario,Karina Smirnoff,Eliminated Week 8,5,9.0,9.0,9.0,,27.0,2.5,0.1377551020408163,True,0,eliminated,8.0,False
7,5,Ted McGinley,Inna Brayer,Eliminated Week 1,12,0.0,0.0,0.0,,0.0,,,False,0,eliminated,1.0,True
7,5,Cloris Leachman,Corky Ballas,Eliminated Week 6,7,7.0,7.0,7.0,,21.0,7.5,0.1076923076923077,True,0,eliminated,6.0,False
7,5,Susan Lucci,Tony Dovolani,Eliminated Week 7,6,7.0,7.0,8.0,,22.0,5.5,0.11282051282051282,True,0,eliminated,7.0,False
7,5,Cody Linley,Julianne Hough,Eliminated Week 9,4,10.0,9.0,9.0,,28.0,2.0,0.14358974358974358,True,0,eliminated,9.0,False
7,5,Misty May-Treanor,Maksim Chmerkoskiy,Withdrew,10,0.0,0.0,0.0,,0.0,,,False,0,withdrew,2.0,True
7,5,Maurice Greene,Cheryl Burke,Eliminated Week 8,5,9.0,9.0,9.0,,27.0,3.0,0.13846153846153847,True,0,eliminated,8.0,False
7,5,Warren Sapp,Kym Johnson,2nd Place,2,8.0,8.0,9.0,,25.0,4.0,0.1282051282051282,True,0,finished,10.0,False
7,5,Jeffrey Ross,Edyta Sliwinska,Eliminated Week 1,13,0.0,0.0,0.0,,0.0,,,False,0,eliminated,1.0,True
7,5,Toni Braxton,Alec Mazo,Eliminated Week 5,8,7.0,7.0,8.0,,22.0,5.5,0.11282051282051282,True,1,eliminated,5.0,False
7,5,Lance Bass,Lacey Schwimmer,3rd Place,3,7.0,7.0,7.0,,21.0,7.5,0.1076923076923077,True,0,finished,10.0,False
7,5,Kim Kardashian,Mark Ballas,Eliminated Week 2,11,0.0,0.0,0.0,,0.0,,,False,0,eliminated,2.0,True
7,5,Rocco DiSpirito,Karina Smirnoff,Eliminated Week 4,9,0.0,0.0,0.0,,0.0,,,False,0,eliminated,4.0,True
7,5,Brooke Burke,Derek Hough,1st Place,1,10.0,9.0,10.0,,29.0,1.0,0.14871794871794872,True,0,finished,10.0,False
8,5,Gilles Marini,Cheryl Burke,2nd Place,2,10.0,9.0,10.0,,29.0,1.0,0.1380952380952381,True,0,finished,11.0,False
8,5,Denise Richards,Maksim Chmerkoskiy,Eliminated Week 3,12,0.0,0.0,0.0,,0.0,,,False,0,eliminated,3.0,True
8,5,David Alan Grier,Kym Johnson,Eliminated Week 5,9,7.0,8.0,7.0,,22.0,6.0,0.10476190476190476,True,1,eliminated,5.0,False
8,5,Lawrence Taylor,Edyta Sliwinska,Eliminated Week 7,7,6.0,7.0,7.0,,20.0,8.0,0.09523809523809523,True,0,eliminated,7.0,False
8,5,Ty Murray,Chelsie Hightower,Eliminated Week 10,4,7.0,7.0,7.0,,21.0,7.0,0.1,True,0,eliminated,10.0,False
8,5,Shawn Johnson,Mark Ballas,1st Place,1,9.0,8.0,9.0,,26.0,2.5,0.12380952380952381,True,0,finished,11.0,False
8,5,Steve Wozniak,Karina Smirnoff,Eliminated Week 4,10,0.0,0.0,0.0,,0.0,,,False,0,eliminated,4.0,True
8,5,Belinda Carlisle,Jonathan Roberts,Eliminated Week 2,13,0.0,0.0,0.0,,0.0,,,False,0,eliminated,2.0,True
8,5,Chuck Wicks,Julianne Hough,Eliminated Week 8,6,7.0,8.0,8.0,,23.0,5.0,0.10952380952380952,True,0,eliminated,8.0,False
8,5,Lil' Kim,Derek Hough,Eliminated Week 9,5,9.0,8.0,9.0,,26.0,2.5,0.12380952380952381,True,0,eliminated,9.0,False
8,5,Steve-O,Lacey Schwimmer,Eliminated Week 6,8,6.0,6.0,6.0,,18.0,9.0,0.08571428571428572,True,0,eliminated,6.0,False
8,5,Holly Madison,Dmitry Chaplin,Eliminated Week 4,11,0.0,0.0,0.0,,0.0,,,False,0,eliminated,4.0,True
8,5,Melissa Rycroft,Tony Dovolani,3rd Place,3,8.0,8.0,9.0,,25.0,4.0,0.11904761904761904,True,0,finished,11.0,False
9,5,Ashley Hamiliton,Edyta Sliwinska,Eliminated Week 1,16,0.0,0.0,0.0,,0.0,,,False,0,eliminated,1.0,True
9,5,Debi Mazar,Maksim Chmerkoskiy,Eliminated Week 3,12,0.0,0.0,0.0,,0.0,,,False,0,eliminated,3.0,True
9,5,Melissa Joan Hart,Mark Ballas,Eliminated Week 6,9,8.0,8.0,7.0,,23.0,7.0,0.09504132231404959,True,0,eliminated,6.0,False
9,5,Mark Dacascos,Lacey Schwimmer,Eliminated Week 7,6,9.0,9.0,8.0,,26.0,3.0,0.10743801652892562,True,0,eliminated,7.0,False
9,5,Chuck Liddell,Anna Trebunskaya,Eliminated Week 4,11,0.0,0.0,0.0,,0.0,,,False,0,eliminated,4.0,True
9,5,Natalie Coughlin,Alec Mazo,Eliminated Week 5,10,7.0,8.0,7.0,,22.0,8.5,0.09090909090909091,True,1,eliminated,5.0,False
9,5,Louie Vito,Chelsie Hightower,Eliminated Week 6,8,7.0,8.0,7.0,,22.0,8.5,0.09090909090909091,True,0,eliminated,6.0,False
9,5,Michael Irvin,Anna Demidova,Eliminated Week 7,7,7.0,7.0,7.0,,21.0,10.0,0.08677685950413223,True,0,eliminated,7.0,False
9,5,Joanna Krupa,Derek Hough,Eliminated Week 9,4,8.0,8.0,8.0,,24.0,5.0,0.09917355371900827,True,0,eliminated,9.0,False
9,5,Kathy Ireland,Tony Dovolani,Eliminated Week 2,14,0.0,0.0,0.0,,0.0,,,False,0,eliminated,2.0,True
9,5,Tom DeLay,Cheryl Burke,Withdrew,13,0.0,0.0,0.0,,0.0,,,False,0,withdrew,3.0,True
9,5,Macy Gray,Jonathan Roberts,Eliminated Week 1,15,0.0,0.0,0.0,,0.0,,,False,0,eliminated,1.0,True
9,5,Aaron Carter,Karina Smirnoff,Eliminated Week 8,5,8.0,8.0,8.0,,24.0,5.0,0.09917355371900827,True,0,eliminated,8.0,False
9,5,Mya,Dmitry Chaplin,2nd Place,2,9.0,9.0,9.0,,27.0,2.0,0.1115702479338843,True,0,finished,10.0,False
9,5,Donny Osmond,Kym Johnson,1st Place,1,10.0,9.0,10.0,,29.0,1.0,0.11983471074380166,True,0,finished,10.0,False
9,5,Kelly Osbourne,Louis van Amstel,3rd Place,3,8.0,8.0,8.0,,24.0,5.0,0.09917355371900827,True,0,finished,10.0,False
10,5,Aiden Turner,Edyta Sliwinska,Eliminated Week 4,9,0.0,0.0,0.0,,0.0,,,False,0,eliminated,4.0,True
10,5,Shannen Doherty,Mark Ballas,Eliminated Week 2,11,0.0,0.0,0.0,,0.0,,,False,0,eliminated,2.0,True
10,5,Niecy Nash,Louis van Amstel,Eliminated Week 8,5,6.0,6.0,6.0,,18.0,6.5,0.10404624277456648,True,0,eliminated,8.0,False
10,5,Buzz Aldrin,Ashly DelGrosso,Eliminated Week 3,10,0.0,0.0,0.0,,0.0,,,False,0,eliminated,3.0,True
10,5,Chad Ochocinco,Cheryl Burke,Eliminated Week 9,4,6.0,6.0,6.0,,18.0,6.5,0.10404624277456648,True,0,eliminated,9.0,False
10,5,Evan Lysacek,Anna Trebunskaya,2nd Place,2,9.0,9.0,9.0,,27.0,2.0,0.15606936416184972,True,0,finished,10.0,False
10,5,Pamela Anderson,Damian Whitewood,Eliminated Week 7,6,7.0,6.0,8.0,,21.0,5.0,0.12138728323699421,True,0,eliminated,7.0,False
10,5,Nicole Scherzinger,Derek Hough,1st Place,1,10.0,9.0,10.0,,29.0,1.0,0.1676300578034682,True,0,finished,10.0,False
10,5,Erin Andrews,Maksim Chmerkoskiy,3rd Place,3,7.0,7.0,8.0,,22.0,4.0,0.12716763005780346,True,0,finished,10.0,False
10,5,Kate Gosselin,Tony Dovolani,Eliminated Week 5,8,5.0,5.0,5.0,,15.0,8.0,0.08670520231213873,True,1,eliminated,5.0,False
10,5,Jake Pavelka,Chelsie Hightower,Eliminated Week 6,7,8.0,7.0,8.0,,23.0,3.0,0.1329479768786127,True,0,eliminated,6.0,False
11,5,David Hasselhoff,Kym Johnson,Eliminated Week 1,12,0.0,0.0,0.0,,0.0,,,False,0,eliminated,1.0,True
11,5,Florence Henderson,Corky Ballas,Eliminated Week 5,8,7.0,7.0,7.0,,21.0,6.0,0.11538461538461539,True,1,eliminated,5.0,False
11,5,Kyle Massey,Lacey Schwimmer,2nd Place,2,8.0,5.0,7.0,,20.0,7.0,0.10989010989010989,True,0,finished,10.0,False
11,5,Jennifer Grey,Derek Hough,1st Place,1,8.0,8.0,9.0,,25.0,2.0,0.13736263736263737,True,0,finished,10.0,False
11,5,Rick Fox,Cheryl Burke,Eliminated Week 7,6,8.0,8.0,8.0,,24.0,3.5,0.13186813186813187,True,0,eliminated,7.0,False
11,5,Kurt Warner,Anna Trebunskaya,Eliminated Week 8,5,8.0,8.0,8.0,,24.0,3.5,0.13186813186813187,True,0,eliminated,8.0,False
11,5,Margaret Cho,Louis van Amstel,Eliminated Week 3,10,0.0,0.0,0.0,,0.0,,,False,0,eliminated,3.0,True
11,5,Michael Bolton,Chelsie Hightower,Eliminated Week 2,11,0.0,0.0,0.0,,0.0,,,False,0,eliminated,2.0,True
11,5,Brandy,Maksim Chmerkoskiy,Eliminated Week 9,4,9.0,9.0,9.0,,27.0,1.0,0.14835164835164835,True,0,eliminated,9.0,False
11,5,The Situation,Karina Smirnoff,Eliminated Week 4,9,0.0,0.0,0.0,,0.0,,,False,0,eliminated,4.0,True
11,5,Audrina Patridge,Tony Dovolani,Eliminated Week 6,7,7.0,8.0,8.0,,23.0,5.0,0.12637362637362637,True,0,eliminated,6.0,False
11,5,Bristol Palin,Mark Ballas,3rd Place,3,6.0,6.0,6.0,,18.0,8.0,0.0989010989010989,True,0,finished,10.0,False
12,5,Ralph Macchio,Karina Smirnoff,Eliminated Week 9,4,8.0,7.0,7.0,,22.0,7.0,0.1134020618556701,True,0,eliminated,9.0,False
12,5,Chelsea Kane,Mark Ballas,3rd Place,3,9.0,8.0,9.0,,26.0,3.0,0.13402061855670103,True,0,finished,10.0,False
12,5,Kirstie Alley,Maksim Chmerkoskiy,2nd Place,2,8.0,7.0,8.0,,23.0,5.0,0.11855670103092783,True,0,finished,10.0,False
12,5,Hines Ward,Kym Johnson,1st Place,1,9.0,9.0,9.0,,27.0,1.0,0.13917525773195877,True,0,finished,10.0,False
12,5,Sugar Ray Leonard,Anna Trebunskaya,Eliminated Week 4,9,0.0,0.0,0.0,,0.0,,,False,0,eliminated,4.0,True
12,5,Chris Jericho,Cheryl Burke,Eliminated Week 6,7,9.0,8.0,9.0,,26.0,3.0,0.13402061855670103,True,0,eliminated,6.0,False
12,5,Petra Nemcova,Dmitry Chaplin,Eliminated Week 5,8,7.0,7.0,8.0,,22.0,7.0,0.1134020618556701,True,1,eliminated,5.0,False
12,5,Mike Catherwood,Lacey Schwimmer,Eliminated Week 2,11,0.0,0.0,0.0,,0.0,,,False,0,eliminated,2.0,True
12,5,Romeo,Chelsie Hightower,Eliminated Week 8,5,9.0,8.0,9.0,,26.0,3.0,0.13402061855670103,True,0,eliminated,8.0,False
12,5,Wendy Williams,Tony Dovolani,Eliminated Week 3,10,0.0,0.0,0.0,,0.0,,,False,0,eliminated,3.0,True
12,5,Kendra Wilkinson,Louis van Amstel,Eliminated Week 7,6,8.0,7.0,7.0,,22.0,7.0,0.1134020618556701,True,0,eliminated,7.0,False
13,5,Elisabetta Canalis,Valentin Chmerkovskiy,Eliminated Week 2,11,0.0,0.0,0.0,,0.0,,,False,0,eliminated,2.0,True
13,5,David Arquette,Kym Johnson,Eliminated Week 7,6,8.0,9.0,8.0,,25.0,2.5,0.13297872340425532,True,0,eliminated,7.0,False
13,5,Ricki Lake,Derek Hough,3rd Place,3,8.0,8.0,8.0,,24.0,4.5,0.1276595744680851,True,0,finished,10.0,False
13,5,J.R. Martinez,Karina Smirnoff,1st Place,1,9.0,9.0,10.0,,28.0,1.0,0.14893617021276595,True,0,finished,10.0,False
13,5,Metta World Peace (Ron),Peta Murgatroyd,Eliminated Week 1,12,0.0,0.0,0.0,,0.0,,,False,0,eliminated,1.0,True
13,5,Hope Solo,Maksim Chmerkoskiy,Eliminated Week 9,4,8.0,8.0,8.0,,24.0,4.5,0.1276595744680851,True,0,eliminated,9.0,False
13,5,Chynna Phillips,Tony Dovolani,Eliminated Week 4,9,0.0,0.0,0.0,,0.0,,,False,0,eliminated,4.0,True
13,5,Kristin Cavallari,Mark Ballas,Eliminated Week 3,10,0.0,0.0,0.0,,0.0,,,False,0,eliminated,3.0,True
13,5,Carson Kressley,Anna Trebunskaya,Eliminated Week 5,8,6.0,6.0,7.0,,19.0,8.0,0.10106382978723404,True,1,eliminated,5.0,False
13,5,Chaz Bono,Lacey Schwimmer,Eliminated Week 6,7,7.0,7.0,7.0,,21.0,7.0,0.11170212765957446,True,0,eliminated,6.0,False
13,5,Nancy Grace,Tristan MacManus,Eliminated Week 8,5,7.0,7.0,8.0,,22.0,6.0,0.11702127659574468,True,0,eliminated,8.0,False
13,5,Rob Kardashian,Cheryl Burke,2nd Place,2,9.0,8.0,8.0,,25.0,2.5,0.13297872340425532,True,0,finished,10.0,False
14,5,William Levy,Cheryl Burke,3rd Place,3,10.0,9.0,10.0,,29.0,1.5,0.12946428571428573,True,0,finished,10.0,False
14,5,Jack Wagner,Anna Trebunskaya,Eliminated Week 3,11,0.0,0.0,0.0,,0.0,,,False,0,eliminated,3.0,True
14,5,Sherri Sheperd,Valentin Chmerkovskiy,Eliminated Week 4,10,0.0,0.0,0.0,,0.0,,,False,0,eliminated,4.0,True
14,5,Jaleel White,Kym Johnson,Eliminated Week 7,7,8.0,8.0,8.0,,24.0,6.0,0.10714285714285714,True,0,eliminated,7.0,False
14,5,Roshon Fegan,Chelsie Hightower,Eliminated Week 8,6,9.0,8.0,9.0,,26.0,5.0,0.11607142857142858,True,0,eliminated,8.0,False
14,5,Melissa Gilbert,Maksim Chmerkoskiy,Eliminated Week 8,5,7.0,7.0,7.0,,21.0,8.0,0.09375,True,0,eliminated,8.0,False
14,5,Martina Navratilova,Tony Dovolani,Eliminated Week 2,12,0.0,0.0,0.0,,0.0,,,False,0,eliminated,2.0,True
14,5,Donald Driver,Peta Murgatroyd,1st Place,1,10.0,8.0,9.0,,27.0,3.5,0.12053571428571429,True,0,finished,10.0,False
14,5,Gavin DeGraw,Karina Smirnoff,Eliminated Week 5,9,6.0,6.0,7.0,,19.0,9.0,0.08482142857142858,True,1,eliminated,5.0,False
14,5,Gladys Knight,Tristan MacManus,Eliminated Week 6,8,7.0,7.0,8.0,,22.0,7.0,0.09821428571428571,True,0,eliminated,6.0,False
14,5,Katherine Jenkins,Mark Ballas,2nd Place,2,10.0,9.0,10.0,,29.0,1.5,0.12946428571428573,True,0,finished,10.0,False
14,5,Maria Menounos,Derek Hough,Eliminated Week 9,4,9.0,9.0,9.0,,27.0,3.5,0.12053571428571429,True,0,eliminated,9.0,False
15,5,Gilles Marini,Peta Murgatroyd,Eliminated Week 8,6,9.5,9.25,9.5,,28.25,3.5,0.12710911136107986,True,0,eliminated,8.0,False
15,5,Sabrina Bryan,Louis van Amstel,Eliminated Week 6,8,9.75,9.75,9.75,,29.25,1.0,0.13160854893138357,True,0,eliminated,6.0,False
15,5,Kirstie Alley,Maksim Chmerkoskiy,Eliminated Week 8,7,8.75,8.75,8.75,,26.25,7.0,0.11811023622047244,True,0,eliminated,8.0,False
15,5,Kelly Monaco,Valentin Chmerkovskiy,3rd Place,3,8.5,8.5,8.75,,25.75,8.0,0.11586051743532058,True,0,finished,10.0,False
15,5,Apolo Anton Ohno,Karina Smirnoff,Eliminated Week 9,5,9.0,9.75,9.5,,28.25,3.5,0.12710911136107986,True,0,eliminated,9.0,False
15,5,Emmitt Smith,Cheryl Burke,Eliminated Week 9,4,9.25,9.25,9.5,,28.0,6.0,0.12598425196850394,True,0,eliminated,9.0,False
15,5,Shawn Johnson,Derek Hough,2nd Place,2,9.25,9.0,10.0,,28.25,3.5,0.12710911136107986,True,0,finished,10.0,False
15,5,Pamela Anderson,Tristan MacManus,Eliminated Week 1,13,0.0,0.0,0.0,,0.0,,,False,0,eliminated,1.0,True
15,5,Helio Castroneves,Chelsie Hightower,Eliminated Week 3,10,0.0,0.0,0.0,,0.0,,,False,0,eliminated,3.0,True
15,5,Joey Fatone,Kym Johnson,Eliminated Week 2,12,0.0,0.0,0.0,,0.0,,,False,0,eliminated,2.0,True
15,5,Drew Lachey,Anna Trebunskaya,Eliminated Week 3,11,0.0,0.0,0.0,,0.0,,,False,0,eliminated,3.0,True
15,5,Bristol Palin,Mark Ballas,Eliminated Week 4,9,0.0,0.0,0.0,,0.0,,,False,0,eliminated,4.0,True
15,5,Melissa Rycroft,Tony Dovolani,1st Place,1,9.25,9.5,9.5,,28.25,3.5,0.12710911136107986,True,0,finished,10.0,False
16,5,Ingo Rademacher,Kym Johnson,Eliminated Week 9,5,7.0,7.0,7.0,,21.0,6.5,0.10047846889952153,True,0,eliminated,9.0,False
16,5,Zendaya,Valentin Chmerkovskiy,2nd Place,2,10.0,9.0,10.0,,29.0,1.0,0.13875598086124402,True,0,finished,10.0,False
16,5,Dorothy Hamill,Tristan MacManus,Withdrew,12,0.0,0.0,0.0,,0.0,,,False,0,withdrew,2.0,True
16,5,Victor Ortiz,Lindsay Arnold,Eliminated Week 6,8,7.0,7.0,7.0,,21.0,6.5,0.10047846889952153,True,0,eliminated,6.0,False
16,5,Alexandra Raisman,Mark Ballas,Eliminated Week 10,4,8.0,8.0,9.0,,25.0,4.0,0.11961722488038277,True,0,eliminated,10.0,False
16,5,Jacoby Jones,Karina Smirnoff,3rd Place,3,9.0,8.0,9.0,,26.0,3.0,0.12440191387559808,True,0,finished,10.0,False
16,5,D. L. Hughley,Cheryl Burke,Eliminated Week 5,9,6.0,6.0,6.0,,18.0,8.5,0.0861244019138756,True,1,eliminated,5.0,False
16,5,Andy Dick,Sharna Burgess,Eliminated Week 7,7,6.0,6.0,6.0,,18.0,8.5,0.0861244019138756,True,0,eliminated,7.0,False
16,5,Wynonna Judd,Tony Dovolani,Eliminated Week 3,11,0.0,0.0,0.0,,0.0,,,False,0,eliminated,3.0,True
16,5,Kellie Pickler,Derek Hough,1st Place,1,9.0,9.0,9.0,,27.0,2.0,0.1291866028708134,True,0,finished,10.0,False
16,5,Lisa Vanderpump,Gleb Savchenko,Eliminated Week 4,10,0.0,0.0,0.0,,0.0,,,False,0,eliminated,4.0,True
16,5,Sean Lowe,Peta Murgatroyd,Eliminated Week 8,6,8.0,8.0,8.0,,24.0,5.0,0.11483253588516747,True,0,eliminated,8.0,False
17,5,Valerie Harper,Tristan MacManus,Eliminated Week 4,10,0.0,0.0,0.0,,0.0,,,False,0,eliminated,4.0,True
17,5,Brant Daugherty,Peta Murgatroyd,Eliminated Week 8,7,9.0,9.0,9.0,,27.0,4.0,0.1148936170212766,True,0,eliminated,8.0,False
17,5,Elizabeth Berkley Lauren,Valentin Chmerkovskiy,Eliminated Week 9,6,8.0,9.0,9.0,,26.0,6.5,0.11063829787234042,True,0,eliminated,9.0,False
17,5,Leah Remini,Tony Dovolani,Eliminated Week 10,5,7.0,7.0,8.0,,22.0,9.0,0.09361702127659574,True,0,eliminated,10.0,False
17,5,Corbin Bleu,Karina Smirnoff,2nd Place,2,9.0,9.0,10.0,,28.0,1.5,0.11914893617021277,True,0,finished,11.0,False
17,5,Amber Riley,Derek Hough,1st Place,1,9.0,7.0,10.0,,26.0,6.5,0.11063829787234042,True,0,finished,11.0,False
17,5,Keyshawn Johnson,Sharna Burgess,Eliminated Week 2,12,0.0,0.0,0.0,,0.0,,,False,0,eliminated,2.0,True
17,5,Bill Engvall,Emma Slater,Eliminated Week 11,4,8.0,8.0,8.0,,24.0,8.0,0.10212765957446808,True,0,eliminated,11.0,False
17,5,Christina Milian,Mark Ballas,Eliminated Week 5,9,9.0,10.0,9.0,,28.0,1.5,0.11914893617021277,True,1,eliminated,5.0,False
17,5,"Nicole ""Snooki"" Polizzi",Sasha Farber,Eliminated Week 7,8,9.0,9.0,9.0,,27.0,4.0,0.1148936170212766,True,0,eliminated,7.0,False
17,5,Jack Osbourne,Cheryl Burke,3rd Place,3,9.0,9.0,9.0,,27.0,4.0,0.1148936170212766,True,0,finished,11.0,False
17,5,Bill Nye,Tyne Stecklein,Eliminated Week 3,11,0.0,0.0,0.0,,0.0,,,False,0,eliminated,3.0,True
18,5,Billy Dee Williams,Emma Slater,Withdrew,10,0.0,0.0,0.0,0.0,0.0,,,False,0,withdrew,2.0,True
18,5,Danica McKellar,Valentin Chmerkovskiy,Eliminated Week 8,6,10.0,9.0,10.0,10.0,39.0,2.0,0.12111801242236025,True,0,eliminated,8.0,False
18,5,James Maslow,Peta Murgatroyd,Eliminated Week 10,4,10.0,10.0,10.0,10.0,40.0,1.0,0.12422360248447205,True,0,eliminated,10.0,False
18,5,Candace Cameron Bure,Mark Ballas,3rd Place,3,8.0,9.0,9.0,9.0,35.0,7.0,0.10869565217391304,True,0,finished,10.0,False
18,5,Sean Avery,Karina Smirnoff,Eliminated Week 2,11,0.0,0.0,0.0,0.0,0.0,,,False,0,eliminated,2.0,True
18,5,Diana Nyad,Henry Byalikov,Eliminated Week 2,12,0.0,0.0,0.0,0.0,0.0,,,False,0,eliminated,2.0,True
18,5,Charlie White,Sharna Burgess,Eliminated Week 9,5,9.0,10.0,9.0,9.0,37.0,3.5,0.11490683229813664,True,0,eliminated,9.0,False
18,5,Amy Purdy,Derek Hough,2nd Place,2,9.0,9.0,10.0,9.0,37.0,3.5,0.11490683229813664,True,0,finished,10.0,False
18,5,Meryl Davis,Maksim Chmerkoskiy,1st Place,1,9.0,9.0,9.0,9.0,36.0,5.5,0.11180124223602485,True,0,finished,10.0,False
18,5,Drew Carey,Cheryl Burke,Eliminated Week 6,8,7.0,7.0,7.0,7.0,28.0,9.0,0.08695652173913043,True,0,eliminated,6.0,False
18,5,Cody Simpson,Witney Carson,Eliminated Week 5,9,9.0,8.0,8.0,9.0,34.0,8.0,0.10559006211180125,True,1,eliminated,5.0,False
18,5,NeNe Leakes,Tony Dovolani,Eliminated Week 7,7,9.0,9.0,9.0,9.0,36.0,5.5,0.11180124223602485,True,0,eliminated,7.0,False
19,5,Antonio Sabato Jr.,Cheryl Burke,Eliminated Week 7,8,8.0,6.0,7.0,7.0,28.0,6.0,0.10606060606060606,True,0,eliminated,7.0,False
19,5,Jonathan Bennett,Allison Holker,Eliminated Week 6,9,6.0,6.0,6.0,6.0,24.0,7.0,0.09090909090909091,True,0,eliminated,6.0,False
19,5,Lea Thompson,Artem Chigvintsev,Eliminated Week 9,6,9.0,8.0,8.0,9.0,34.0,2.5,0.12878787878787878,True,0,eliminated,9.0,False
19,5,Janel Parrish,Valentin Chmerkovskiy,3rd Place,3,8.0,8.0,8.0,9.0,33.0,4.0,0.125,True,0,finished,11.0,False
19,5,Alfonso Ribeiro,Witney Carson,1st Place,1,8.0,9.0,9.0,8.0,34.0,2.5,0.12878787878787878,True,0,finished,11.0,False
19,5,Lolo Jones,Keo Motsepe,Eliminated Week 1,13,0.0,0.0,0.0,0.0,0.0,,,False,0,eliminated,1.0,True
19,5,Randy Couture,Karina Smirnoff,Eliminated Week 3,11,0.0,0.0,0.0,0.0,0.0,,,False,0,eliminated,3.0,True
19,5,Tommy Chong,Peta Murgatroyd,Eliminated Week 10,5,6.0,6.0,5.0,6.0,23.0,8.0,0.08712121212121213,True,0,eliminated,10.0,False
19,5,Betsey Johnson,Tony Dovolani,Eliminated Week 4,10,0.0,0.0,0.0,0.0,0.0,,,False,0,eliminated,4.0,True
19,5,Michael Waltrip,Emma Slater,Eliminated Week 8,7,5.0,5.0,5.0,5.0,20.0,9.0,0.07575757575757576,True,0,eliminated,8.0,False
19,5,Tavis Smiley,Sharna Burgess,Eliminated Week 2,12,0.0,0.0,0.0,0.0,0.0,,,False,0,eliminated,2.0,True
19,5,Bethany Mota,Derek Hough,Eliminated Week 11,4,8.0,8.0,8.0,8.0,32.0,5.0,0.12121212121212122,True,0,eliminated,11.0,False
19,5,Sadie Robertson,Mark Ballas,2nd Place,2,9.0,9.0,9.0,9.0,36.0,1.0,0.13636363636363635,True,0,finished,11.0,False
20,5,Suzanne Somers,Tony Dovolani,Eliminated Week 5,9,7.0,7.0,7.0,7.0,28.0,5.5,0.0989399293286219,True,1,eliminated,5.0,False
20,5,Willow Shields,Mark Ballas,Eliminated Week 7,7,8.0,8.0,9.0,9.0,34.0,4.0,0.12014134275618374,True,0,eliminated,7.0,False
20,5,Riker Lynch,Allison Holker,2nd Place,2,10.0,9.0,9.0,10.0,38.0,2.5,0.13427561837455831,True,0,finished,10.0,False
20,5,Rumer Willis,Valentin Chmerkovskiy,1st Place,1,10.0,9.0,10.0,10.0,39.0,1.0,0.13780918727915195,True,0,finished,10.0,False
20,5,Nastia Liukin,Derek Hough,Eliminated Week 9,4,9.0,9.0,10.0,10.0,38.0,2.5,0.13427561837455831,True,0,eliminated,9.0,False
20,5,Michael Sam,Peta Murgatroyd,Eliminated Week 4,10,0.0,0.0,0.0,0.0,0.0,,,False,0,eliminated,4.0,True
20,5,Robert Herjavec,Kym Johnson,Eliminated Week 8,6,6.0,6.0,6.0,6.0,24.0,9.0,0.08480565371024736,True,0,eliminated,8.0,False
20,5,Charlotte McKinney,Keo Motsepe,Eliminated Week 3,11,0.0,0.0,0.0,0.0,0.0,,,False,0,eliminated,3.0,True
20,5,Noah Galloway,Sharna Burgess,3rd Place,3,7.0,7.0,7.0,7.0,28.0,5.5,0.0989399293286219,True,0,finished,10.0,False
20,5,Redfoo,Emma Slater,Eliminated Week 2,12,0.0,0.0,0.0,0.0,0.0,,,False,0,eliminated,2.0,True
20,5,Patti LaBelle,Artem Chigvintsev,Eliminated Week 6,8,7.0,6.0,7.0,7.0,27.0,7.5,0.09540636042402827,True,0,eliminated,6.0,False
20,5,Chris Soules,Witney Carson,Eliminated Week 8,5,7.0,6.0,7.0,7.0,27.0,7.5,0.09540636042402827,True,0,eliminated,8.0,False
21,5,Gary Busey,Anna Trebunskaya,Eliminated Week 4,10,0.0,0.0,0.0,0.0,0.0,,,False,0,eliminated,4.0,True
21,5,Alexa PenaVega,Mark Ballas,Eliminated Week 9,6,10.0,10.0,10.0,10.0,40.0,1.0,0.132890365448505,True,0,eliminated,9.0,False
21,5,Carlos PenaVega,Witney Carson,Eliminated Week 11,4,10.0,10.0,9.0,10.0,39.0,2.0,0.12956810631229235,True,0,eliminated,11.0,False
21,5,Victor Espinoza,Karina Smirnoff,Eliminated Week 2,12,0.0,0.0,0.0,0.0,0.0,,,False,0,eliminated,2.0,True
21,5,Alek Skarlatos,Lindsay Arnold,3rd Place,3,8.0,7.0,7.0,7.0,29.0,7.5,0.09634551495016612,True,0,finished,11.0,False
21,5,Chaka Khan,Keo Motsepe,Eliminated Week 2,13,0.0,0.0,0.0,0.0,0.0,,,False,0,eliminated,2.0,True
21,5,Andy Grammer,Allison Holker,Eliminated Week 8,7,9.0,9.0,9.0,9.0,36.0,4.0,0.11960132890365449,True,0,eliminated,8.0,False
21,5,Tamar Braxton,Valentin Chmerkovskiy,Withdrew,5,7.0,7.0,8.0,7.0,29.0,7.5,0.09634551495016612,True,0,withdrew,9.0,False
21,5,Nick Carter,Sharna Burgess,2nd Place,2,9.0,9.0,8.0,9.0,35.0,5.0,0.11627906976744186,True,0,finished,11.0,False
21,5,Hayes Grier,Emma Slater,Eliminated Week 7,8,8.0,8.0,7.0,7.0,30.0,6.0,0.09966777408637874,True,0,eliminated,7.0,False
21,5,Bindi Irwin,Derek Hough,1st Place,1,9.0,9.0,10.0,9.0,37.0,3.0,0.12292358803986711,True,0,finished,11.0,False
21,5,Kim Zolciak-Biermann,Tony Dovolani,Withdrew,11,0.0,0.0,0.0,0.0,0.0,,,False,0,withdrew,2.0,True
21,5,Paula Deen,Louis van Amstel,Eliminated Week 6,9,7.0,7.0,6.0,6.0,26.0,9.0,0.08637873754152824,True,0,eliminated,6.0,False
22,5,Mischa Barton,Artem Chigvintsev,Eliminated Week 3,11,0.0,0.0,0.0,0.0,0.0,,,False,0,eliminated,3.0,True
22,5,Kim Fields,Sasha Farber,Eliminated Week 7,8,8.0,6.0,6.0,8.0,28.0,7.5,0.10144927536231885,True,0,eliminated,7.0,False
22,5,Jodie Sweetin,Keo Motsepe,Eliminated Week 8,6,9.0,8.0,9.0,9.0,35.0,2.0,0.12681159420289856,True,0,eliminated,8.0,False
22,5,Doug Flutie,Karina Smirnoff,Eliminated Week 6,9,7.0,7.0,7.0,7.0,28.0,7.5,0.10144927536231885,True,0,eliminated,6.0,False
22,5,Von Miller,Witney Carson,Eliminated Week 7,7,8.0,7.0,7.0,7.0,29.0,6.0,0.10507246376811594,True,0,eliminated,7.0,False
22,5,Antonio Brown,Sharna Burgess,Eliminated Week 9,5,7.0,6.0,6.0,7.0,26.0,9.0,0.09420289855072464,True,0,eliminated,9.0,False
22,5,Paige VanZant,Mark Ballas,2nd Place,2,8.0,8.0,7.0,8.0,31.0,4.0,0.11231884057971014,True,0,finished,10.0,False
22,5,Geraldo Rivera,Edyta Sliwinska,Eliminated Week 2,12,0.0,0.0,0.0,0.0,0.0,,,False,0,eliminated,2.0,True
22,5,Nyle DiMarco,Peta Murgatroyd,1st Place,1,9.0,10.0,9.0,9.0,37.0,1.0,0.13405797101449277,True,0,finished,10.0,False
22,5,Ginger Zee,Valentin Chmerkovskiy,3rd Place,3,8.0,8.0,8.0,8.0,32.0,3.0,0.11594202898550725,True,0,finished,10.0,False
22,5,Wanya Morris,Lindsay Arnold,Eliminated Week 9,4,8.0,7.0,7.0,8.0,30.0,5.0,0.10869565217391304,True,0,eliminated,9.0,False
22,5,Marla Maples,Tony Dovolani,Eliminated Week 4,10,0.0,0.0,0.0,0.0,0.0,,,False,0,eliminated,4.0,True
23,5,Jake T. Austin,Jenna Johnson,Eliminated Week 2,13,0.0,0.0,0.0,,0.0,,,False,0,eliminated,2.0,True
23,5,Maureen McCormick,Artem Chigvintsev,Eliminated Week 7,8,8.0,8.0,8.0,,24.0,7.5,0.10434782608695652,True,0,eliminated,7.0,False
23,5,Marilu Henner,Derek Hough,Eliminated Week 9,6,9.0,9.0,9.0,,27.0,2.5,0.11739130434782609,True,0,eliminated,9.0,False
23,5,Ryan Lochte,Cheryl Burke,Eliminated Week 8,7,8.0,8.0,8.0,,24.0,7.5,0.10434782608695652,True,0,eliminated,8.0,False
23,5,Calvin Johnson Jr.,Lindsay Arnold,3rd Place,3,8.0,8.0,8.0,,24.0,7.5,0.10434782608695652,True,0,finished,11.0,False
23,5,Laurie Hernandez,Valentin Chmerkovskiy,1st Place,1,8.0,9.0,8.0,,25.0,5.0,0.10869565217391304,True,0,finished,11.0,False
23,5,Amber Rose,Maksim Chmerkoskiy,Eliminated Week 6,9,8.0,8.0,8.0,,24.0,7.5,0.10434782608695652,True,0,eliminated,6.0,False
23,5,Rick Perry,Emma Slater,Eliminated Week 3,12,0.0,0.0,0.0,,0.0,,,False,0,eliminated,3.0,True
23,5,James Hinchcliffe,Sharna Burgess,2nd Place,2,10.0,9.0,10.0,,29.0,1.0,0.12608695652173912,True,0,finished,11.0,False
23,5,Babyface,Allison Holker,Eliminated Week 4,11,0.0,0.0,0.0,,0.0,,,False,0,eliminated,4.0,True
23,5,Vanilla Ice,Witney Carson,Eliminated Week 4,10,0.0,0.0,0.0,,0.0,,,False,0,eliminated,4.0,True
23,5,Jana Kramer,Gleb Savchenko,Eliminated Week 11,4,9.0,8.0,9.0,,26.0,4.0,0.11304347826086956,True,0,eliminated,11.0,False
23,5,Terra Jole,Sasha Farber,Eliminated Week 10,5,9.0,9.0,9.0,,27.0,2.5,0.11739130434782609,True,0,eliminated,10.0,False
24,5,Charo,Keo Motsepe,Eliminated Week 3,11,0.0,0.0,0.0,0.0,0.0,,,False,0,eliminated,3.0,True
24,5,Mr. T,Kym Herjavec,Eliminated Week 4,10,0.0,0.0,0.0,0.0,0.0,,,False,0,eliminated,4.0,True
24,5,Heather Morris,Maksim Chmerkoskiy,Eliminated Week 6,8,8.0,8.0,9.0,9.0,34.0,4.5,0.1118421052631579,True,0,eliminated,6.0,False
24,5,Nancy Kerrigan,Artem Chigvintsev,Eliminated Week 7,7,9.0,9.0,9.0,9.0,36.0,3.0,0.11842105263157894,True,0,eliminated,7.0,False
24,5,Bonner Bolton,Sharna Burgess,Eliminated Week 8,5,7.0,8.0,8.0,7.0,30.0,8.0,0.09868421052631579,True,0,eliminated,8.0,False
24,5,Simone Biles,Sasha Farber,Eliminated Week 9,4,9.0,9.0,10.0,10.0,38.0,2.0,0.125,True,0,eliminated,9.0,False
24,5,David Ross,Lindsay Arnold,2nd Place,2,7.0,7.0,8.0,7.0,29.0,9.0,0.09539473684210527,True,0,finished,10.0,False
24,5,Rashad Jennings,Emma Slater,1st Place,1,7.0,8.0,9.0,8.0,32.0,6.5,0.10526315789473684,True,0,finished,10.0,False
24,5,Chris Kattan,Witney Carson,Eliminated Week 2,12,0.0,0.0,0.0,0.0,0.0,,,False,0,eliminated,2.0,True
24,5,Erika Jayne,Gleb Savchenko,Eliminated Week 5,9,8.0,8.0,8.0,8.0,32.0,6.5,0.10526315789473684,True,1,eliminated,5.0,False
24,5,Normani,Valentin Chmerkovskiy,3rd Place,3,10.0,9.0,10.0,10.0,39.0,1.0,0.12828947368421054,True,0,finished,10.0,False
24,5,Nick Viall,Peta Murgatroyd,Eliminated Week 7,6,9.0,8.0,9.0,8.0,34.0,4.5,0.1118421052631579,True,0,eliminated,7.0,False
25,5,Sasha Pieterse,Gleb Savchenko,Eliminated Week 5,10,8.0,8.0,8.0,,24.0,8.5,0.09195402298850575,True,1,eliminated,5.0,False
25,5,Frankie Muniz,Witney Carson,3rd Place,3,10.0,9.0,10.0,,29.0,2.0,0.1111111111111111,True,0,finished,10.0,False
25,5,Jordan Fisher,Lindsay Arnold,1st Place,1,10.0,10.0,10.0,,30.0,1.0,0.11494252873563218,True,0,finished,10.0,False
25,5,Derek Fisher,Sharna Burgess,Eliminated Week 4,11,0.0,0.0,0.0,,0.0,,,False,0,eliminated,4.0,True
25,5,Nikki Bella,Artem Chigvintsev,Eliminated Week 7,8,9.0,9.0,9.0,,27.0,4.5,0.10344827586206896,True,0,eliminated,7.0,False
25,5,Terrell Owens,Cheryl Burke,Eliminated Week 8,6,9.0,8.0,8.0,,25.0,6.5,0.09578544061302682,True,0,eliminated,8.0,False
25,5,Victoria Arlen,Valentin Chmerkovskiy,Eliminated Week 9,5,9.0,9.0,9.0,,27.0,4.5,0.10344827586206896,True,0,eliminated,9.0,False
25,5,Barbara Corcoran,Keo Motsepe,Eliminated Week 2,13,0.0,0.0,0.0,,0.0,,,False,0,eliminated,2.0,True
25,5,Lindsey Stirling,Mark Ballas,2nd Place,2,9.0,10.0,9.0,,28.0,3.0,0.10727969348659004,True,0,finished,10.0,False
25,5,Debbie Gibson,Alan Bersten,Eliminated Week 2,12,0.0,0.0,0.0,,0.0,,,False,0,eliminated,2.0,True
25,5,Nick Lachey,Peta Murgatroyd,Eliminated Week 6,9,7.0,8.0,7.0,,22.0,10.0,0.0842911877394636,True,0,eliminated,6.0,False
25,5,Drew Scott,Emma Slater,Eliminated Week 10,4,9.0,8.0,8.0,,25.0,6.5,0.09578544061302682,True,0,eliminated,10.0,False
25,5,Vanessa Lachey,Maksim Chmerkoskiy,Eliminated Week 7,7,8.0,8.0,8.0,,24.0,8.5,0.09195402298850575,True,0,eliminated,7.0,False
27,5,Juan Pablo Di Pace,Cheryl Burke,Eliminated Week 8,5,10.0,9.0,10.0,,29.0,1.5,0.13063063063063063,True,0,eliminated,8.0,False
27,5,Evanna Lynch,Keo Motsepe,3rd Place,3,8.0,8.0,8.0,,24.0,6.5,0.10810810810810811,True,0,finished,9.0,False
27,5,Nancy McKeon,Valentin Chmerkovskiy,Eliminated Week 3,11,0.0,0.0,0.0,,0.0,,,False,0,eliminated,3.0,True
27,5,John Schneider,Emma Slater,Eliminated Week 7,8,8.0,8.0,8.0,,24.0,6.5,0.10810810810810811,True,0,eliminated,7.0,False
27,5,Milo Manheim,Witney Carson,2nd Place,2,9.0,8.0,10.0,,27.0,3.0,0.12162162162162163,True,0,finished,9.0,False
27,5,Danelle Umstead,Artem Chigvintsev,Eliminated Week 2,12,0.0,0.0,0.0,,0.0,,,False,0,eliminated,2.0,True
27,5,Mary Lou Retton,Sasha Farber,Eliminated Week 6,9,9.0,8.0,8.0,,25.0,5.0,0.11261261261261261,True,0,eliminated,6.0,False
27,5,DeMarcus Ware,Lindsay Arnold,Eliminated Week 7,7,9.0,8.0,9.0,,26.0,4.0,0.11711711711711711,True,0,eliminated,7.0,False
27,5,Nikki Glaser,Gleb Savchenko,Eliminated Week 1,13,0.0,0.0,0.0,,0.0,,,False,0,eliminated,1.0,True
27,5,Bobby Bones,Sharna Burgess,1st Place,1,7.0,7.0,7.0,,21.0,8.0,0.0945945945945946,True,0,finished,9.0,False
27,5,Tinashe,Brandon Armstrong,Eliminated Week 4,10,0.0,0.0,0.0,,0.0,,,False,0,eliminated,4.0,True
27,5,Alexis Ren,Alan Bersten,4th Place,4,10.0,9.0,10.0,,29.0,1.5,0.13063063063063063,True,0,finished,9.0,False
27,5,Joe Amabile,Jenna Johnson,Eliminated Week 8,6,6.0,5.0,6.0,,17.0,9.0,0.07657657657657657,True,0,eliminated,8.0,False
28,5,Kate Flannery,Pasha Pashkov,Eliminated Week 8,7,8.0,8.0,8.0,,24.0,5.5,0.11162790697674418,True,0,eliminated,8.0,False
28,5,James Van Der Beek,Emma Slater,Eliminated Week 10,5,9.0,8.0,9.0,,26.0,2.5,0.12093023255813953,True,0,eliminated,10.0,False
28,5,Kel Mitchell,Witney Carson,2nd Place,2,9.0,8.0,9.0,,26.0,2.5,0.12093023255813953,True,0,finished,11.0,False
28,5,Ray Lewis,Cheryl Burke,Withdrew,11,0.0,0.0,0.0,,0.0,,,False,0,withdrew,2.0,True
28,5,Lamar Odom,Peta Murgatroyd,Eliminated Week 4,10,0.0,0.0,0.0,,0.0,,,False,0,eliminated,4.0,True
28,5,Sailor Brinkley-Cook,Valentin Chmerkovskiy,Eliminated Week 6,9,8.0,8.0,8.0,,24.0,5.5,0.11162790697674418,True,0,eliminated,6.0,False
28,5,Sean Spicer,Lindsay Arnold,Eliminated Week 9,6,7.0,6.0,6.0,,19.0,9.0,0.08837209302325581,True,0,eliminated,9.0,False
28,5,Mary Wilson,Brandon Armstrong,Eliminated Week 2,12,0.0,0.0,0.0,,0.0,,,False,0,eliminated,2.0,True
28,5,Lauren Alaina,Gleb Savchenko,4th Place,4,8.0,7.0,8.0,,23.0,7.0,0.10697674418604651,True,0,finished,11.0,False
28,5,Ally Brooke,Sasha Farber,3rd Place,3,9.0,9.0,9.0,,27.0,1.0,0.12558139534883722,True,0,finished,11.0,False
28,5,Karamo Brown,Jenna Johnson,Eliminated Week 7,8,7.0,7.0,7.0,,21.0,8.0,0.09767441860465116,True,0,eliminated,7.0,False
28,5,Hannah Brown,Alan Bersten,1st Place,1,9.0,7.0,9.0,,25.0,4.0,0.11627906976744186,True,0,finished,11.0,False
29,5,Anne Heche,Keo Motsepe,Eliminated Week 4,13,0.0,0.0,0.0,,0.0,,,False,0,eliminated,4.0,True
29,5,Jesse Metcalfe,Sharna Burgess,Eliminated Week 5,12,7.0,6.0,6.0,,19.0,11.5,0.06620209059233449,True,1,eliminated,5.0,False
29,5,Chrishell Stause,Gleb Savchenko,Eliminated Week 8,8,6.0,6.0,7.0,,19.0,11.5,0.06620209059233449,True,0,eliminated,8.0,False
29,5,Skai Jackson,Alan Bersten,Eliminated Week 10,5,8.0,8.0,8.0,,24.0,7.0,0.08362369337979095,True,0,eliminated,10.0,False
29,5,Justina Machado,Sasha Farber,4th Place,4,8.0,8.0,8.0,,24.0,7.0,0.08362369337979095,True,0,finished,11.0,False
29,5,Charles Oakley,Emma Slater,Eliminated Week 2,15,0.0,0.0,0.0,,0.0,,,False,0,eliminated,2.0,True
29,5,Veron Davis,Peta Murgatroyd,Eliminated Week 6,11,7.0,7.0,7.0,,21.0,10.0,0.07317073170731707,True,0,eliminated,6.0,False
29,5,Johnny Weir,Britt Stewart,Eliminated Week 10,6,10.0,10.0,9.0,,29.0,1.0,0.10104529616724739,True,0,eliminated,10.0,False
29,5,Nev Schulman,Jenna Johnson,2nd Place,2,8.0,9.0,9.0,,26.0,3.5,0.09059233449477352,True,0,finished,11.0,False
29,5,AJ McLean,Cheryl Burke,Eliminated Week 9,7,8.0,8.0,8.0,,24.0,7.0,0.08362369337979095,True,0,eliminated,9.0,False
29,5,Nelly,Daniella Karagach,3rd Place,3,8.0,8.0,8.0,,24.0,7.0,0.08362369337979095,True,0,finished,11.0,False
29,5,Kaitlyn Bristowe,Artem Chigvintsev,1st Place,1,9.0,9.0,9.0,,27.0,2.0,0.09407665505226481,True,0,finished,11.0,False
29,5,Carole Baskin,Pasha Pashkov,Eliminated Week 3,14,0.0,0.0,0.0,,0.0,,,False,0,eliminated,3.0,True
29,5,Monica Aldama,Valentin Chmerkovskiy,Eliminated Week 7,10,9.0,9.0,8.0,,26.0,3.5,0.09059233449477352,True,0,eliminated,7.0,False
29,5,Jeannie Mai,Brandon Armstrong,Withdrew,9,8.0,8.0,8.0,,24.0,7.0,0.08362369337979095,True,0,withdrew,7.0,False
30,5,Martin Kove,Britt Stewart,Eliminated Week 2,15,0.0,0.0,0.0,0.0,0.0,,,False,0,eliminated,2.0,True
30,5,Brian Austin Green,Sharna Burgess,Eliminated Week 4,13,0.0,0.0,0.0,0.0,0.0,,,False,0,eliminated,4.0,True
30,5,Melora Hardin,Artem Chigvintsev,Eliminated Week 9,6,9.0,9.0,9.0,9.0,36.0,5.0,0.09350649350649351,True,0,eliminated,9.0,False
30,5,Matt James,Lindsay Arnold,Eliminated Week 4,12,0.0,0.0,0.0,0.0,0.0,,,False,0,eliminated,4.0,True
30,5,"Mike ""The Miz"" Mizanin",Witney Carson,Eliminated Week 7,9,8.0,8.0,8.0,8.0,32.0,9.5,0.08311688311688312,True,0,eliminated,7.0,False
30,5,Suni Lee,Sasha Farber,Eliminated Week 9,5,9.0,9.0,9.0,9.0,36.0,5.0,0.09350649350649351,True,0,eliminated,9.0,False
30,5,Iman Shumpert,Daniella Karagach,1st Place,1,7.0,7.0,7.0,7.0,28.0,11.0,0.07272727272727272,True,0,finished,10.0,False
30,5,Cody Rigsby,Cheryl Burke,3rd Place,3,8.0,8.0,8.0,8.0,32.0,9.5,0.08311688311688312,True,0,finished,10.0,False
30,5,Melanie C,Gleb Savchenko,Eliminated Week 5,11,9.0,9.0,9.0,9.0,36.0,5.0,0.09350649350649351,True,1,eliminated,5.0,False
30,5,Jimmie Allen,Emma Slater,Eliminated Week 8,7,8.0,8.0,9.0,9.0,34.0,8.0,0.08831168831168831,True,0,eliminated,8.0,False
30,5,Olivia Jade,Valentin Chmerkovskiy,Eliminated Week 8,8,9.0,9.0,9.0,9.0,36.0,5.0,0.09350649350649351,True,0,eliminated,8.0,False
30,5,JoJo Siwa,Jenna Johnson,2nd Place,2,10.0,10.0,10.0,10.0,40.0,1.0,0.1038961038961039,True,0,finished,10.0,False
30,5,Christine Chiu,Pasha Pashkov,Eliminated Week 3,14,0.0,0.0,0.0,0.0,0.0,,,False,0,eliminated,3.0,True
30,5,Kenya Moore,Brandon Armstrong,Eliminated Week 6,10,9.0,9.0,9.0,9.0,36.0,5.0,0.09350649350649351,True,0,eliminated,6.0,False
30,5,Amanda Kloots,Alan Bersten,4th Place,4,10.0,10.0,9.0,10.0,39.0,2.0,0.1012987012987013,True,0,finished,10.0,False
31,5,Jason Lewis,Peta Murgatroyd,Eliminated Week 1,16,0.0,0.0,0.0,0.0,0.0,,,False,0,eliminated,1.0,True
31,5,Cheryl Ladd,Louis van Amstel,Eliminated Week 3,14,0.0,0.0,0.0,0.0,0.0,,,False,0,eliminated,3.0,True
31,5,Selma Blair,Sasha Farber,Withdrew,12,10.0,10.0,10.0,10.0,40.0,4.0,0.08918617614269789,True,0,withdrew,5.0,False
31,5,Joseph Baena,Daniella Karagach,Eliminated Week 5,11,9.0,8.5,9.0,8.5,35.0,10.0,0.07803790412486064,True,1,eliminated,5.0,False
31,5,Trevor Donovan,Emma Slater,Eliminated Week 9,6,9.0,9.0,9.0,9.0,36.0,7.5,0.0802675585284281,True,0,eliminated,9.0,False
31,5,Daniel Durant,Britt Stewart,Eliminated Week 9,5,8.125,8.125,8.625,8.625,33.5,11.0,0.07469342251950947,True,0,eliminated,9.0,False
31,5,Wayne Brady,Witney Carson,3rd Place,3,10.125,10.125,10.125,10.625,41.0,2.5,0.09141583054626533,True,0,finished,10.0,False
31,5,Sam Champion,Cheryl Burke,Eliminated Week 4,13,0.0,0.0,0.0,0.0,0.0,,,False,0,eliminated,4.0,True
31,5,Jessie James Decker,Alan Bersten,Eliminated Week 6,10,8.875,8.875,9.375,8.875,36.0,7.5,0.0802675585284281,True,0,eliminated,6.0,False
31,5,Jordin Sparks,Brandon Armstrong,Eliminated Week 7,9,8.875,8.375,8.875,9.375,35.5,9.0,0.07915273132664437,True,0,eliminated,7.0,False
31,5,Heidi D'Amelio,Artem Chigvintsev,Eliminated Week 8,8,9.625,10.125,9.625,9.625,39.0,5.0,0.08695652173913043,True,0,eliminated,8.0,False
31,5,Charli D'Amelio,Mark Ballas,1st Place,1,10.375,10.375,10.375,10.875,42.0,1.0,0.09364548494983277,True,0,finished,10.0,False
31,5,Teresa Giudice,Pasha Pashkov,Eliminated Week 2,15,0.0,0.0,0.0,0.0,0.0,,,False,0,eliminated,2.0,True
31,5,Vinny Guadagnino,Koko Iwasaki,Eliminated Week 8,7,7.75,7.75,7.75,7.75,31.0,12.0,0.06911928651059086,True,0,eliminated,8.0,False
31,5,Shangela,Gleb Savchenko,4th Place,4,9.75,9.25,9.75,9.75,38.5,6.0,0.0858416945373467,True,0,finished,10.0,False
31,5,Gabby Windey,Valentin Chmerkovskiy,2nd Place,2,10.25,10.25,10.25,10.25,41.0,2.5,0.09141583054626533,True,0,finished,10.0,False
32,5,Jamie Lynn Spears,Alan Bersten,Eliminated Week 2,13,0.0,0.0,0.0,,0.0,,,False,0,eliminated,2.0,True
32,5,Mira Sorvino,Gleb Savchenko,Eliminated Week 5,10,7.0,8.0,7.0,,22.0,8.0,0.09166666666666666,True,1,eliminated,5.0,False
32,5,Barry Williams,Peta Murgatroyd,Eliminated Week 8,7,8.0,8.0,8.0,,24.0,5.5,0.1,True,0,eliminated,8.0,False
32,5,Alyson Hannigan,Sasha Farber,5th Place,5,7.0,7.0,7.0,,21.0,9.0,0.0875,True,0,finished,11.0,False
32,5,Xochitl Gomez,Valentin Chmerkovskiy,1st Place,1,9.0,10.0,9.0,,28.0,1.5,0.11666666666666667,True,0,finished,11.0,False
32,5,Adrian Peterson,Britt Stewart,Eliminated Week 4,11,0.0,0.0,0.0,,0.0,,,False,0,eliminated,4.0,True
32,5,Matt Walsh,Koko Iwasaki,Eliminated Week 1,14,0.0,0.0,0.0,,0.0,,,False,0,eliminated,1.0,True
32,5,Tyson Beckford,Jenna Johnson,Eliminated Week 3,12,0.0,0.0,0.0,,0.0,,,False,0,eliminated,3.0,True
32,5,Jason Mraz,Daniella Karagach,2nd Place,2,9.0,9.0,9.0,,27.0,3.0,0.1125,True,0,finished,11.0,False
32,5,Lele Pons,Brandon Armstrong,Eliminated Week 7,8,8.0,8.0,8.0,,24.0,5.5,0.1,True,0,eliminated,7.0,False
32,5,Harry Jowsey,Rylee Arnold,Eliminated Week 9,6,6.0,6.0,6.0,,18.0,10.0,0.075,True,0,eliminated,9.0,False
32,5,Mauricio Umansky,Emma Slater,Eliminated Week 6,9,8.0,8.0,8.0,,24.0,5.5,0.1,True,0,eliminated,6.0,False
32,5,Charity Lawson,Artem Chigvintsev,4th Place,4,10.0,9.0,9.0,,28.0,1.5,0.11666666666666667,True,0,finished,11.0,False
32,5,Ariana Madix,Pasha Pashkov,3rd Place,3,8.0,8.0,8.0,,24.0,5.5,0.1,True,0,finished,11.0,False
33,5,Tori Spelling,Pasha Pashkov,Eliminated Week 2,12,0.0,0.0,0.0,,0.0,,,False,0,eliminated,2.0,True
33,5,Eric Roberts,Britt Stewart,Eliminated Week 3,10,0.0,0.0,0.0,,0.0,,,False,0,eliminated,3.0,True
33,5,Reginald VelJohnson,Emma Slater,Eliminated Week 3,10,0.0,0.0,0.0,,0.0,,,False,0,eliminated,3.0,True
33,5,Chandler Kinney,Brandon Armstrong,3rd Place,3,9.0,9.0,9.0,,27.0,1.0,0.13366336633663367,True,0,finished,9.0,False
33,5,Dwight Howard ,Daniella Karagach,Eliminated Week 7,6,8.0,8.0,8.0,,24.0,7.0,0.1188118811881188,True,0,eliminated,7.0,False
33,5,Danny Amendola,Witney Carson,5th Place,5,8.5,8.5,8.5,,25.5,4.5,0.12623762376237624,True,0,finished,9.0,False
33,5,Stephen Nedoroscik,Rylee Arnold,4th Place,4,8.0,8.0,8.0,,24.0,7.0,0.1188118811881188,True,0,finished,9.0,False
33,5,Ilona Maher,Alan Bersten,2nd Place,2,9.0,8.5,8.5,,26.0,2.5,0.12871287128712872,True,0,finished,9.0,False
33,5,Anna Delvey,Ezra Sosa,Eliminated Week 2,12,0.0,0.0,0.0,,0.0,,,False,0,eliminated,2.0,True
33,5,Brooks Nader,Gleb Savchenko,Eliminated Week 4,9,0.0,0.0,0.0,,0.0,,,False,0,eliminated,4.0,True
33,5,Phaedra Parks,Val Chmerkovskiy,Eliminated Week 5,8,8.0,8.0,8.0,,24.0,7.0,0.1188118811881188,True,1,eliminated,5.0,False
33,5,Jenn Tran,Sasha Farber,Eliminated Week 6,7,8.5,8.5,8.5,,25.5,4.5,0.12623762376237624,True,0,eliminated,6.0,False
33,5,Joey Graziadei,Jenna Johnson,1st Place,1,8.5,8.5,9.0,,26.0,2.5,0.12871287128712872,True,0,finished,9.0,False
34,5,Corey Feldman,Jenna Johnson,Eliminated Week 2,13,0.0,0.0,0.0,0.0,0.0,,,False,0,eliminated,2.0,True
34,5,Danielle Fishel,Pasha Pashkov,Eliminated Week 8,8,7.0,7.0,7.0,8.0,29.0,8.5,0.0926517571884984,True,0,eliminated,8.0,False
34,5,Elaine Hendrix,Alan Bersten (Rashad Jennings week 9),5th Place,5,8.0,7.0,7.0,8.0,30.0,6.5,0.09584664536741214,True,0,finished,11.0,False
34,5,Baron Davis,Britt Stewart,Eliminated Week 2,13,0.0,0.0,0.0,0.0,0.0,,,False,0,eliminated,2.0,True
34,5,Jordan Chiles,Ezra Sosa (Apolo Anton Ohno week 9),3rd Place,3,8.0,8.0,8.0,8.0,32.0,5.0,0.10223642172523961,True,0,finished,11.0,False
34,5,Andy Richter,Emma Slater/Kaitlyn Bristowe (week 9),Eliminated Week 9,7,6.0,6.0,6.0,6.0,24.0,10.0,0.07667731629392971,True,0,eliminated,9.0,False
34,5,Robert Irwin,Witney Carson (Xoshitl Gomez week 9),1st Place,1,8.0,9.0,9.0,9.0,35.0,2.5,0.11182108626198083,True,0,finished,11.0,False
34,5,Hilaria Baldwin,Gleb Savchenko,Eliminated Week 4,11,0.0,0.0,0.0,0.0,0.0,,,False,0,eliminated,4.0,True
34,5,Lauren Jauregui,Brandon Armstrong,Eliminated Week 3,12,0.0,0.0,0.0,0.0,0.0,,,False,0,eliminated,3.0,True
34,5,Scott Hoying,Rylee Arnold,Eliminated Week 6,10,7.0,8.0,7.0,8.0,30.0,6.5,0.09584664536741214,True,0,eliminated,6.0,False
34,5,Alix Earle,Val Chmerkovskiy (Joey Graziadei week 9),2nd Place,2,8.0,9.0,9.0,9.0,35.0,2.5,0.11182108626198083,True,0,finished,11.0,False
34,5,Jen Affleck,Jan Ravnik,Eliminated Week 7,9,8.0,7.0,7.0,7.0,29.0,8.5,0.0926517571884984,True,0,eliminated,7.0,False
34,5,Whitney Leavitt,Mark Ballas,Eliminated Week 10,6,9.0,8.0,8.0,8.0,33.0,4.0,0.10543130990415335,True,0,eliminated,10.0,False
34,5,Dylan Efron,Daniella Karagach (Rumer Willis week 9),4th Place,4,9.0,9.0,9.0,9.0,36.0,1.0,0.11501597444089456,True,0,finished,11.0,False
1,6,John O'Hurley,Charlotte Jorgensen,2nd Place,2,9.0,9.0,9.0,,27.0,2.0,0.4954128440366973,True,0,finished,6.0,False
1,6,Kelly Monaco,Alec Mazo,1st Place,1,8.5,9.5,9.5,,27.5,1.0,0.5045871559633027,True,0,finished,6.0,False
1,6,Evander Holyfield,Edyta Sliwinska,Eliminated Week 3,5,0.0,0.0,0.0,,0.0,,,False,0,eliminated,3.0,True
1,6,Rachel Hunter,Jonathan Roberts,Eliminated Week 4,4,0.0,0.0,0.0,,0.0,,,False,0,eliminated,4.0,True
1,6,Joey McIntyre,Ashly DelGrosso,3rd Place,3,0.0,0.0,0.0,,0.0,,,False,0,finished,5.0,True
1,6,Trista Sutter,Louis van Amstel,Eliminated Week 2,6,0.0,0.0,0.0,,0.0,,,False,0,eliminated,2.0,True
2,6,Tatum O'Neal,Nick Kosovich,Eliminated Week 2,9,0.0,0.0,0.0,,0.0,,,False,0,eliminated,2.0,True
2,6,Tia Carrere,Maksim Chmerkoskiy,Eliminated Week 5,6,0.0,0.0,0.0,,0.0,,,False,0,eliminated,5.0,True
2,6,George Hamilton,Edyta Sliwinska,Eliminated Week 6,5,8.0,7.0,8.0,,23.0,4.5,0.17293233082706766,True,1,eliminated,6.0,False
2,6,Lisa Rinna,Louis van Amstel,Eliminated Week 7,4,9.0,9.0,9.0,,27.0,3.0,0.20300751879699247,True,0,eliminated,7.0,False
2,6,Stacy Keibler,Tony Dovolani,3rd Place,3,10.0,10.0,10.0,,30.0,1.5,0.22556390977443608,True,0,finished,8.0,False
2,6,Jerry Rice,Anna Trebunskaya,2nd Place,2,8.0,7.0,8.0,,23.0,4.5,0.17293233082706766,True,0,finished,8.0,False
2,6,Giselle Fernandez,Jonathan Roberts,Eliminated Week 3,8,0.0,0.0,0.0,,0.0,,,False,0,eliminated,3.0,True
2,6,Master P,Ashly DelGrosso,Eliminated Week 4,7,0.0,0.0,0.0,,0.0,,,False,0,eliminated,4.0,True
2,6,Drew Lachey,Cheryl Burke,1st Place,1,10.0,10.0,10.0,,30.0,1.5,0.22556390977443608,True,0,finished,8.0,False
2,6,Kenny Mayne,Andrea Hale,Eliminated Week 1,10,0.0,0.0,0.0,,0.0,,,False,0,eliminated,1.0,True
3,6,Harry Hamlin,Ashly DelGrosso,Eliminated Week 3,9,0.0,0.0,0.0,,0.0,,,False,0,eliminated,3.0,True
3,6,Vivica A. Fox,Nick Kosovich,Eliminated Week 4,8,0.0,0.0,0.0,,0.0,,,False,0,eliminated,4.0,True
3,6,Monique Coleman,Louis van Amstel,Eliminated Week 8,4,9.0,7.0,7.0,,23.0,4.0,0.19491525423728814,True,0,eliminated,8.0,False
3,6,Joey Lawrence,Edyta Sliwinska,3rd Place,3,8.0,8.0,8.0,,24.0,3.0,0.2033898305084746,True,0,finished,9.0,False
3,6,Mario Lopez,Karina Smirnoff,2nd Place,2,9.0,9.0,10.0,,28.0,1.0,0.23728813559322035,True,0,finished,10.0,False
3,6,Emmitt Smith,Cheryl Burke,1st Place,1,8.0,8.0,9.0,,25.0,2.0,0.211864406779661,True,0,finished,10.0,False
3,6,Shanna Moakler,Jesse DeSoto,Eliminated Week 2,10,0.0,0.0,0.0,,0.0,,,False,0,eliminated,2.0,True
3,6,Willa Ford,Maksim Chmerkoskiy,Eliminated Week 5,7,0.0,0.0,0.0,,0.0,,,False,0,eliminated,5.0,True
3,6,Sara Evans,Tony Dovolani,Withdrew,6,0.0,0.0,0.0,,0.0,,,False,0,withdrew,5.0,True
3,6,Jerry Springer,Kym Johnson,Eliminated Week 7,5,7.0,6.0,5.0,,18.0,5.0,0.15254237288135594,True,0,eliminated,7.0,False
3,6,Tucker Carlson,Elena Grinenko,Eliminated Week 1,11,0.0,0.0,0.0,,0.0,,,False,0,eliminated,1.0,True
4,6,John Ratzenberger,Edyta Sliwinska,Eliminated Week 7,6,7.0,6.0,6.0,,19.0,7.0,0.11176470588235295,True,0,eliminated,7.0,False
4,6,Ian Ziering,Cheryl Burke,Eliminated Week 9,4,8.0,8.0,8.0,,24.0,4.0,0.1411764705882353,True,0,eliminated,9.0,False
4,6,Clyde Drexler,Elena Grinenko,Eliminated Week 5,8,0.0,0.0,0.0,,0.0,,,False,0,eliminated,5.0,True
4,6,Laila Ali,Maksim Chmerkoskiy,3rd Place,3,9.0,9.0,10.0,,28.0,1.5,0.16470588235294117,True,0,finished,10.0,False
4,6,Apolo Anton Ohno,Julianne Hough,1st Place,1,9.0,9.0,10.0,,28.0,1.5,0.16470588235294117,True,0,finished,10.0,False
4,6,Shandi Finnessey,Brian Fortuna,Eliminated Week 3,10,0.0,0.0,0.0,,0.0,,,False,0,eliminated,3.0,True
4,6,Paulina Porizkova,Alec Mazo,Eliminated Week 2,11,0.0,0.0,0.0,,0.0,,,False,0,eliminated,2.0,True
4,6,Heather Mills,Jonathan Roberts,Eliminated Week 6,7,7.0,8.0,8.0,,23.0,5.0,0.13529411764705881,True,1,eliminated,6.0,False
4,6,Billy Ray Cyrus,Karina Smirnoff,Eliminated Week 8,5,7.0,7.0,7.0,,21.0,6.0,0.12352941176470589,True,0,eliminated,8.0,False
4,6,Joey Fatone,Kym Johnson,2nd Place,2,9.0,9.0,9.0,,27.0,3.0,0.1588235294117647,True,0,finished,10.0,False
4,6,Leeza Gibbons,Tony Dovolani,Eliminated Week 4,9,0.0,0.0,0.0,,0.0,,,False,0,eliminated,4.0,True
5,6,Cameron Mathison,Edyta Sliwinska,Eliminated Week 8,5,9.0,8.0,8.0,,25.0,4.5,0.1388888888888889,True,0,eliminated,8.0,False
5,6,Jane Seymour,Tony Dovolani,Eliminated Week 7,6,8.0,7.0,7.0,,22.0,7.0,0.12222222222222222,True,0,eliminated,7.0,False
5,6,Sabrina Bryan,Mark Ballas,Eliminated Week 6,7,9.0,8.0,8.0,,25.0,4.5,0.1388888888888889,True,1,eliminated,6.0,False
5,6,Jennie Garth,Derek Hough,Eliminated Week 9,4,9.0,9.0,9.0,,27.0,3.0,0.15,True,0,eliminated,9.0,False
5,6,Floyd Mayweather Jr. ,Karina Smirnoff,Eliminated Week 4,9,0.0,0.0,0.0,,0.0,,,False,0,eliminated,4.0,True
5,6,Josie Maran,Alec Mazo,Eliminated Week 1,12,0.0,0.0,0.0,,0.0,,,False,0,eliminated,1.0,True
5,6,Albert Reed,Anna Trebunskaya,Eliminated Week 2,11,0.0,0.0,0.0,,0.0,,,False,0,eliminated,2.0,True
5,6,Helio Castroneves,Julianne Hough,1st Place,1,9.0,10.0,9.0,,28.0,2.0,0.15555555555555556,True,0,finished,10.0,False
5,6,Mel B,Maksim Chmerkoskiy,2nd Place,2,10.0,10.0,10.0,,30.0,1.0,0.16666666666666666,True,0,finished,10.0,False
5,6,Wayne Newton,Cheryl Burke,Eliminated Week 3,10,0.0,0.0,0.0,,0.0,,,False,0,eliminated,3.0,True
5,6,Marie Osmond,Jonathan Roberts,3rd Place,3,8.0,8.0,7.0,,23.0,6.0,0.12777777777777777,True,0,finished,10.0,False
5,6,Mark Cuban,Kym Johnson,Eliminated Week 5,8,0.0,0.0,0.0,,0.0,,,False,0,eliminated,5.0,True
6,6,Cristian de la Fuente,Cheryl Burke,3rd Place,3,9.0,9.0,9.0,,27.0,3.0,0.15,True,0,finished,10.0,False
6,6,Steve Guttenberg,Anna Trebunskaya,Eliminated Week 3,10,0.0,0.0,0.0,,0.0,,,False,0,eliminated,3.0,True
6,6,Priscilla Presley,Louis van Amstel,Eliminated Week 5,8,0.0,0.0,0.0,,0.0,,,False,0,eliminated,5.0,True
6,6,Marlee Matlin,Fabian Sanchez,Eliminated Week 6,7,7.0,7.0,7.0,,21.0,7.0,0.11666666666666667,True,1,eliminated,6.0,False
6,6,Shannon Elizabeth,Derek Hough,Eliminated Week 7,6,8.0,8.0,8.0,,24.0,5.5,0.13333333333333333,True,0,eliminated,7.0,False
6,6,Marissa Jaret Winokur,Tony Dovolani,Eliminated Week 9,4,9.0,8.0,9.0,,26.0,4.0,0.14444444444444443,True,0,eliminated,9.0,False
6,6,Jason Taylor,Edyta Sliwinska,2nd Place,2,8.0,8.0,8.0,,24.0,5.5,0.13333333333333333,True,0,finished,10.0,False
6,6,Kristi Yamaguchi,Mark Ballas,1st Place,1,10.0,10.0,10.0,,30.0,1.0,0.16666666666666666,True,0,finished,10.0,False
6,6,Monica Seles,Jonathan Roberts,Eliminated Week 2,11,0.0,0.0,0.0,,0.0,,,False,0,eliminated,2.0,True
6,6,Penn Jillette,Kym Johnson,Eliminated Week 2,12,0.0,0.0,0.0,,0.0,,,False,0,eliminated,2.0,True
6,6,Adam Carolla,Julianne Hough,Eliminated Week 4,9,0.0,0.0,0.0,,0.0,,,False,0,eliminated,4.0,True
6,6,Mario,Karina Smirnoff,Eliminated Week 8,5,9.0,9.0,10.0,,28.0,2.0,0.15555555555555556,True,0,eliminated,8.0,False
7,6,Ted McGinley,Inna Brayer,Eliminated Week 1,12,0.0,0.0,0.0,,0.0,,,False,0,eliminated,1.0,True
7,6,Cloris Leachman,Corky Ballas,Eliminated Week 6,7,5.0,5.0,5.0,,15.0,7.0,0.09375,True,1,eliminated,6.0,False
7,6,Susan Lucci,Tony Dovolani,Eliminated Week 7,6,8.0,8.0,7.0,,23.0,4.5,0.14375,True,0,eliminated,7.0,False
7,6,Cody Linley,Julianne Hough,Eliminated Week 9,4,8.0,8.0,7.0,,23.0,4.5,0.14375,True,0,eliminated,9.0,False
7,6,Misty May-Treanor,Maksim Chmerkoskiy,Withdrew,10,0.0,0.0,0.0,,0.0,,,False,0,withdrew,2.0,True
7,6,Maurice Greene,Cheryl Burke,Eliminated Week 8,5,7.0,7.0,7.0,,21.0,6.0,0.13125,True,0,eliminated,8.0,False
7,6,Warren Sapp,Kym Johnson,2nd Place,2,8.0,9.0,8.0,,25.0,3.0,0.15625,True,0,finished,10.0,False
7,6,Jeffrey Ross,Edyta Sliwinska,Eliminated Week 1,13,0.0,0.0,0.0,,0.0,,,False,0,eliminated,1.0,True
7,6,Toni Braxton,Alec Mazo,Eliminated Week 5,8,0.0,0.0,0.0,,0.0,,,False,0,eliminated,5.0,True
7,6,Lance Bass,Lacey Schwimmer,3rd Place,3,9.0,9.0,9.0,,27.0,1.0,0.16875,True,0,finished,10.0,False
7,6,Kim Kardashian,Mark Ballas,Eliminated Week 2,11,0.0,0.0,0.0,,0.0,,,False,0,eliminated,2.0,True
7,6,Rocco DiSpirito,Karina Smirnoff,Eliminated Week 4,9,0.0,0.0,0.0,,0.0,,,False,0,eliminated,4.0,True
7,6,Brooke Burke,Derek Hough,1st Place,1,8.0,10.0,8.0,,26.0,2.0,0.1625,True,0,finished,10.0,False
8,6,Gilles Marini,Cheryl Burke,2nd Place,2,9.0,8.0,9.0,,26.0,3.5,0.13978494623655913,True,0,finished,11.0,False
8,6,Denise Richards,Maksim Chmerkoskiy,Eliminated Week 3,12,0.0,0.0,0.0,,0.0,,,False,0,eliminated,3.0,True
8,6,David Alan Grier,Kym Johnson,Eliminated Week 5,9,0.0,0.0,0.0,,0.0,,,False,0,eliminated,5.0,True
8,6,Lawrence Taylor,Edyta Sliwinska,Eliminated Week 7,7,7.0,7.0,8.0,,22.0,6.0,0.11827956989247312,True,0,eliminated,7.0,False
8,6,Ty Murray,Chelsie Hightower,Eliminated Week 10,4,6.0,6.0,6.0,,18.0,7.0,0.0967741935483871,True,0,eliminated,10.0,False
8,6,Shawn Johnson,Mark Ballas,1st Place,1,8.0,9.0,9.0,,26.0,3.5,0.13978494623655913,True,0,finished,11.0,False
8,6,Steve Wozniak,Karina Smirnoff,Eliminated Week 4,10,0.0,0.0,0.0,,0.0,,,False,0,eliminated,4.0,True
8,6,Belinda Carlisle,Jonathan Roberts,Eliminated Week 2,13,0.0,0.0,0.0,,0.0,,,False,0,eliminated,2.0,True
8,6,Chuck Wicks,Julianne Hough,Eliminated Week 8,6,8.0,7.0,8.0,,23.0,5.0,0.12365591397849462,True,0,eliminated,8.0,False
8,6,Lil' Kim,Derek Hough,Eliminated Week 9,5,10.0,8.0,10.0,,28.0,1.0,0.15053763440860216,True,0,eliminated,9.0,False
8,6,Steve-O,Lacey Schwimmer,Eliminated Week 6,8,7.0,4.0,5.0,,16.0,8.0,0.08602150537634409,True,1,eliminated,6.0,False
8,6,Holly Madison,Dmitry Chaplin,Eliminated Week 4,11,0.0,0.0,0.0,,0.0,,,False,0,eliminated,4.0,True
8,6,Melissa Rycroft,Tony Dovolani,3rd Place,3,9.0,9.0,9.0,,27.0,2.0,0.14516129032258066,True,0,finished,11.0,False
9,6,Ashley Hamiliton,Edyta Sliwinska,Eliminated Week 1,16,0.0,0.0,0.0,,0.0,,,False,0,eliminated,1.0,True
9,6,Debi Mazar,Maksim Chmerkoskiy,Eliminated Week 3,12,0.0,0.0,0.0,,0.0,,,False,0,eliminated,3.0,True
9,6,Melissa Joan Hart,Mark Ballas,Eliminated Week 6,9,8.3333,8.3333,7.3333,,23.9999,8.0,0.09230762721870961,True,1,eliminated,6.0,False
9,6,Mark Dacascos,Lacey Schwimmer,Eliminated Week 7,6,11.0,11.0,10.0,,32.0,4.0,0.12307734911390078,True,0,eliminated,7.0,False
9,6,Chuck Liddell,Anna Trebunskaya,Eliminated Week 4,11,0.0,0.0,0.0,,0.0,,,False,0,eliminated,4.0,True
9,6,Natalie Coughlin,Alec Mazo,Eliminated Week 5,10,0.0,0.0,0.0,,0.0,,,False,0,eliminated,5.0,True
9,6,Louie Vito,Chelsie Hightower,Eliminated Week 6,8,8.0,8.0,8.0,,24.0,7.0,0.09230801183542559,True,1,eliminated,6.0,False
9,6,Michael Irvin,Anna Demidova,Eliminated Week 7,7,6.6666,8.6666,6.6666,,21.9998,9.0,0.08461490828237482,True,0,eliminated,7.0,False
9,6,Joanna Krupa,Derek Hough,Eliminated Week 9,4,11.3333,12.3333,12.3333,,35.9999,1.0,0.13846163313642237,True,0,eliminated,9.0,False
9,6,Kathy Ireland,Tony Dovolani,Eliminated Week 2,14,0.0,0.0,0.0,,0.0,,,False,0,eliminated,2.0,True
9,6,Tom DeLay,Cheryl Burke,Withdrew,13,0.0,0.0,0.0,,0.0,,,False,0,withdrew,3.0,True
9,6,Macy Gray,Jonathan Roberts,Eliminated Week 1,15,0.0,0.0,0.0,,0.0,,,False,0,eliminated,1.0,True
9,6,Aaron Carter,Karina Smirnoff,Eliminated Week 8,5,10.6666,11.6666,10.6666,,32.9998,3.0,0.12692274704027823,True,0,eliminated,8.0,False
9,6,Mya,Dmitry Chaplin,2nd Place,2,11.0,10.0,12.0,,33.0,2.0,0.12692351627371018,True,0,finished,10.0,False
9,6,Donny Osmond,Kym Johnson,1st Place,1,10.3333,10.3333,10.3333,,30.999899999999997,5.0,0.11923079733737539,True,0,finished,10.0,False
9,6,Kelly Osbourne,Louis van Amstel,3rd Place,3,8.6666,7.6666,8.6666,,24.9998,6.0,0.09615340976180302,True,0,finished,10.0,False
10,6,Aiden Turner,Edyta Sliwinska,Eliminated Week 4,9,0.0,0.0,0.0,,0.0,,,False,0,eliminated,4.0,True
10,6,Shannen Doherty,Mark Ballas,Eliminated Week 2,11,0.0,0.0,0.0,,0.0,,,False,0,eliminated,2.0,True
10,6,Niecy Nash,Louis van Amstel,Eliminated Week 8,5,8.6666,8.6666,8.6666,,25.9998,6.0,0.12440137359311731,True,0,eliminated,8.0,False
10,6,Buzz Aldrin,Ashly DelGrosso,Eliminated Week 3,10,0.0,0.0,0.0,,0.0,,,False,0,eliminated,3.0,True
10,6,Chad Ochocinco,Cheryl Burke,Eliminated Week 9,4,10.3333,10.3333,10.3333,,30.999899999999997,3.0,0.148325377166335,True,0,eliminated,9.0,False
10,6,Evan Lysacek,Anna Trebunskaya,2nd Place,2,9.0,9.0,9.0,,27.0,5.0,0.12918703555466454,True,0,finished,10.0,False
10,6,Pamela Anderson,Damian Whitewood,Eliminated Week 7,6,9.6666,9.6666,10.6666,,29.9998,4.0,0.14354019367528983,True,0,eliminated,7.0,False
10,6,Nicole Scherzinger,Derek Hough,1st Place,1,12.3333,10.3333,13.3333,,35.9999,1.0,0.17224890226905065,True,0,finished,10.0,False
10,6,Erin Andrews,Maksim Chmerkoskiy,3rd Place,3,12.0,10.0,12.0,,34.0,2.0,0.16267997069846646,True,0,finished,10.0,False
10,6,Kate Gosselin,Tony Dovolani,Eliminated Week 5,8,0.0,0.0,0.0,,0.0,,,False,0,eliminated,5.0,True
10,6,Jake Pavelka,Chelsie Hightower,Eliminated Week 6,7,8.3333,8.3333,8.3333,,24.999899999999997,7.0,0.11961714704307622,True,1,eliminated,6.0,False
11,6,David Hasselhoff,Kym Johnson,Eliminated Week 1,12,0.0,0.0,0.0,,0.0,,,False,0,eliminated,1.0,True
11,6,Florence Henderson,Corky Ballas,Eliminated Week 5,8,0.0,0.0,0.0,,0.0,,,False,0,eliminated,5.0,True
11,6,Kyle Massey,Lacey Schwimmer,2nd Place,2,10.3333,9.3333,10.3333,,29.999899999999997,4.0,0.14492754323323798,True,0,finished,10.0,False
11,6,Jennifer Grey,Derek Hough,1st Place,1,9.0,10.0,10.0,,29.0,5.0,0.14009709211577046,True,0,finished,10.0,False
11,6,Rick Fox,Cheryl Burke,Eliminated Week 7,6,10.0,10.0,10.0,,30.0,3.0,0.1449280263266591,True,0,eliminated,7.0,False
11,6,Kurt Warner,Anna Trebunskaya,Eliminated Week 8,5,7.3333,7.3333,7.3333,,21.9999,7.0,0.10628006954612891,True,0,eliminated,8.0,False
11,6,Margaret Cho,Louis van Amstel,Eliminated Week 3,10,0.0,0.0,0.0,,0.0,,,False,0,eliminated,3.0,True
11,6,Michael Bolton,Chelsie Hightower,Eliminated Week 2,11,0.0,0.0,0.0,,0.0,,,False,0,eliminated,2.0,True
11,6,Brandy,Maksim Chmerkoskiy,Eliminated Week 9,4,11.3333,12.3333,12.3333,,35.9999,1.0,0.17391314849856981,True,0,eliminated,9.0,False
11,6,The Situation,Karina Smirnoff,Eliminated Week 4,9,0.0,0.0,0.0,,0.0,,,False,0,eliminated,4.0,True
11,6,Audrina Patridge,Tony Dovolani,Eliminated Week 6,7,10.6666,10.6666,10.6666,,31.9998,2.0,0.1545889285615942,True,1,eliminated,6.0,False
11,6,Bristol Palin,Mark Ballas,3rd Place,3,9.6666,8.6666,9.6666,,27.9998,6.0,0.13526519171803963,True,0,finished,10.0,False
12,6,Ralph Macchio,Karina Smirnoff,Eliminated Week 9,4,8.0,8.0,8.0,,24.0,6.0,0.13333333333333333,True,0,eliminated,9.0,False
12,6,Chelsea Kane,Mark Ballas,3rd Place,3,10.0,9.0,9.0,,28.0,1.5,0.15555555555555556,True,0,finished,10.0,False
12,6,Kirstie Alley,Maksim Chmerkoskiy,2nd Place,2,8.0,9.0,9.0,,26.0,4.0,0.14444444444444443,True,0,finished,10.0,False
12,6,Hines Ward,Kym Johnson,1st Place,1,9.0,9.0,9.0,,27.0,3.0,0.15,True,0,finished,10.0,False
12,6,Sugar Ray Leonard,Anna Trebunskaya,Eliminated Week 4,9,0.0,0.0,0.0,,0.0,,,False,0,eliminated,4.0,True
12,6,Chris Jericho,Cheryl Burke,Eliminated Week 6,7,7.0,8.0,7.0,,22.0,7.0,0.12222222222222222,True,1,eliminated,6.0,False
12,6,Petra Nemcova,Dmitry Chaplin,Eliminated Week 5,8,0.0,0.0,0.0,,0.0,,,False,0,eliminated,5.0,True
12,6,Mike Catherwood,Lacey Schwimmer,Eliminated Week 2,11,0.0,0.0,0.0,,0.0,,,False,0,eliminated,2.0,True
12,6,Romeo,Chelsie Hightower,Eliminated Week 8,5,10.0,9.0,9.0,,28.0,1.5,0.15555555555555556,True,0,eliminated,8.0,False
12,6,Wendy Williams,Tony Dovolani,Eliminated Week 3,10,0.0,0.0,0.0,,0.0,,,False,0,eliminated,3.0,True
12,6,Kendra Wilkinson,Louis van Amstel,Eliminated Week 7,6,8.0,8.0,9.0,,25.0,5.0,0.1388888888888889,True,0,eliminated,7.0,False
13,6,Elisabetta Canalis,Valentin Chmerkovskiy,Eliminated Week 2,11,0.0,0.0,0.0,,0.0,,,False,0,eliminated,2.0,True
13,6,David Arquette,Kym Johnson,Eliminated Week 7,6,8.0,7.0,8.0,,23.0,4.0,0.13855421686746988,True,0,eliminated,7.0,False
13,6,Ricki Lake,Derek Hough,3rd Place,3,10.0,9.0,10.0,,29.0,1.5,0.1746987951807229,True,0,finished,10.0,False
13,6,J.R. Martinez,Karina Smirnoff,1st Place,1,10.0,9.0,10.0,,29.0,1.5,0.1746987951807229,True,0,finished,10.0,False
13,6,Metta World Peace (Ron),Peta Murgatroyd,Eliminated Week 1,12,0.0,0.0,0.0,,0.0,,,False,0,eliminated,1.0,True
13,6,Hope Solo,Maksim Chmerkoskiy,Eliminated Week 9,4,7.0,6.0,7.0,,20.0,6.0,0.12048192771084337,True,0,eliminated,9.0,False
13,6,Chynna Phillips,Tony Dovolani,Eliminated Week 4,9,0.0,0.0,0.0,,0.0,,,False,0,eliminated,4.0,True
13,6,Kristin Cavallari,Mark Ballas,Eliminated Week 3,10,0.0,0.0,0.0,,0.0,,,False,0,eliminated,3.0,True
13,6,Carson Kressley,Anna Trebunskaya,Eliminated Week 5,8,0.0,0.0,0.0,,0.0,,,False,0,eliminated,5.0,True
13,6,Chaz Bono,Lacey Schwimmer,Eliminated Week 6,7,7.0,6.0,6.0,,19.0,7.0,0.1144578313253012,True,1,eliminated,6.0,False
13,6,Nancy Grace,Tristan MacManus,Eliminated Week 8,5,9.0,7.0,8.0,,24.0,3.0,0.14457831325301204,True,0,eliminated,8.0,False
13,6,Rob Kardashian,Cheryl Burke,2nd Place,2,8.0,7.0,7.0,,22.0,5.0,0.13253012048192772,True,0,finished,10.0,False
14,6,William Levy,Cheryl Burke,3rd Place,3,12.0,11.0,13.0,,36.0,3.0,0.13953526230497526,True,0,finished,10.0,False
14,6,Jack Wagner,Anna Trebunskaya,Eliminated Week 3,11,0.0,0.0,0.0,,0.0,,,False,0,eliminated,3.0,True
14,6,Sherri Sheperd,Valentin Chmerkovskiy,Eliminated Week 4,10,0.0,0.0,0.0,,0.0,,,False,0,eliminated,4.0,True
14,6,Jaleel White,Kym Johnson,Eliminated Week 7,7,12.6666,11.6666,12.6666,,36.9998,2.0,0.1434104666175451,True,0,eliminated,7.0,False
14,6,Roshon Fegan,Chelsie Hightower,Eliminated Week 8,6,8.6666,9.6666,9.6666,,27.9998,7.0,0.1085266510413013,True,0,eliminated,8.0,False
14,6,Melissa Gilbert,Maksim Chmerkoskiy,Eliminated Week 8,5,10.0,10.0,10.0,,30.0,5.0,0.11627938525414606,True,0,eliminated,8.0,False
14,6,Martina Navratilova,Tony Dovolani,Eliminated Week 2,12,0.0,0.0,0.0,,0.0,,,False,0,eliminated,2.0,True
14,6,Donald Driver,Peta Murgatroyd,1st Place,1,11.3333,11.3333,11.3333,,33.9999,4.0,0.13178291569008135,True,0,finished,10.0,False
14,6,Gavin DeGraw,Karina Smirnoff,Eliminated Week 5,9,0.0,0.0,0.0,,0.0,,,False,0,eliminated,5.0,True
14,6,Gladys Knight,Tristan MacManus,Eliminated Week 6,8,8.0,8.0,8.0,,24.0,8.0,0.09302350820331685,True,1,eliminated,6.0,False
14,6,Katherine Jenkins,Mark Ballas,2nd Place,2,13.3333,12.3333,13.3333,,38.9999,1.0,0.15116281323243902,True,0,finished,10.0,False
14,6,Maria Menounos,Derek Hough,Eliminated Week 9,4,9.3333,10.3333,10.3333,,29.999899999999997,6.0,0.1162789976561952,True,0,eliminated,9.0,False
15,6,Gilles Marini,Peta Murgatroyd,Eliminated Week 8,6,9.0,9.0,9.5,,27.5,5.5,0.12168141592920353,True,0,eliminated,8.0,False
15,6,Sabrina Bryan,Louis van Amstel,Eliminated Week 6,8,10.0,10.0,10.0,,30.0,1.5,0.13274336283185842,True,1,eliminated,6.0,False
15,6,Kirstie Alley,Maksim Chmerkoskiy,Eliminated Week 8,7,9.5,8.5,9.5,,27.5,5.5,0.12168141592920353,True,0,eliminated,8.0,False
15,6,Kelly Monaco,Valentin Chmerkovskiy,3rd Place,3,9.0,9.0,9.0,,27.0,7.0,0.11946902654867257,True,0,finished,10.0,False
15,6,Apolo Anton Ohno,Karina Smirnoff,Eliminated Week 9,5,10.0,10.0,10.0,,30.0,1.5,0.13274336283185842,True,0,eliminated,9.0,False
15,6,Emmitt Smith,Cheryl Burke,Eliminated Week 9,4,8.5,8.5,9.5,,26.5,8.0,0.1172566371681416,True,0,eliminated,9.0,False
15,6,Shawn Johnson,Derek Hough,2nd Place,2,9.5,8.5,10.0,,28.0,4.0,0.12389380530973451,True,0,finished,10.0,False
15,6,Pamela Anderson,Tristan MacManus,Eliminated Week 1,13,0.0,0.0,0.0,,0.0,,,False,0,eliminated,1.0,True
15,6,Helio Castroneves,Chelsie Hightower,Eliminated Week 3,10,0.0,0.0,0.0,,0.0,,,False,0,eliminated,3.0,True
15,6,Joey Fatone,Kym Johnson,Eliminated Week 2,12,0.0,0.0,0.0,,0.0,,,False,0,eliminated,2.0,True
15,6,Drew Lachey,Anna Trebunskaya,Eliminated Week 3,11,0.0,0.0,0.0,,0.0,,,False,0,eliminated,3.0,True
15,6,Bristol Palin,Mark Ballas,Eliminated Week 4,9,0.0,0.0,0.0,,0.0,,,False,0,eliminated,4.0,True
15,6,Melissa Rycroft,Tony Dovolani,1st Place,1,9.5,10.0,10.0,,29.5,3.0,0.13053097345132744,True,0,finished,10.0,False
16,6,Ingo Rademacher,Kym Johnson,Eliminated Week 9,5,7.5,8.0,7.5,,23.0,4.5,0.1220159151193634,True,0,eliminated,9.0,False
16,6,Zendaya,Valentin Chmerkovskiy,2nd Place,2,8.5,8.5,8.5,,25.5,3.0,0.13527851458885942,True,0,finished,10.0,False
16,6,Dorothy Hamill,Tristan MacManus,Withdrew,12,0.0,0.0,0.0,,0.0,,,False,0,withdrew,2.0,True
16,6,Victor Ortiz,Lindsay Arnold,Eliminated Week 6,8,6.5,7.0,6.5,,20.0,8.0,0.10610079575596817,True,1,eliminated,6.0,False
16,6,Alexandra Raisman,Mark Ballas,Eliminated Week 10,4,8.5,9.0,8.5,,26.0,2.0,0.13793103448275862,True,0,eliminated,10.0,False
16,6,Jacoby Jones,Karina Smirnoff,3rd Place,3,7.5,7.5,7.5,,22.5,6.0,0.11936339522546419,True,0,finished,10.0,False
16,6,D. L. Hughley,Cheryl Burke,Eliminated Week 5,9,0.0,0.0,0.0,,0.0,,,False,0,eliminated,5.0,True
16,6,Andy Dick,Sharna Burgess,Eliminated Week 7,7,7.0,7.5,7.0,,21.5,7.0,0.11405835543766578,True,0,eliminated,7.0,False
16,6,Wynonna Judd,Tony Dovolani,Eliminated Week 3,11,0.0,0.0,0.0,,0.0,,,False,0,eliminated,3.0,True
16,6,Kellie Pickler,Derek Hough,1st Place,1,8.5,9.5,9.0,,27.0,1.0,0.14323607427055704,True,0,finished,10.0,False
16,6,Lisa Vanderpump,Gleb Savchenko,Eliminated Week 4,10,0.0,0.0,0.0,,0.0,,,False,0,eliminated,4.0,True
16,6,Sean Lowe,Peta Murgatroyd,Eliminated Week 8,6,7.5,8.0,7.5,,23.0,4.5,0.1220159151193634,True,0,eliminated,8.0,False
17,6,Valerie Harper,Tristan MacManus,Eliminated Week 4,10,0.0,0.0,0.0,,0.0,,,False,0,eliminated,4.0,True
17,6,Brant Daugherty,Peta Murgatroyd,Eliminated Week 8,7,10.0,11.0,10.0,,31.0,3.0,0.13419959895965008,True,0,eliminated,8.0,False
17,6,Elizabeth Berkley Lauren,Valentin Chmerkovskiy,Eliminated Week 9,6,10.6666,10.6666,10.6666,,31.9998,2.0,0.13852775247706486,True,0,eliminated,9.0,False
17,6,Leah Remini,Tony Dovolani,Eliminated Week 10,5,9.3333,9.3333,9.3333,,27.999899999999997,5.0,0.12121210809388085,True,0,eliminated,10.0,False
17,6,Corbin Bleu,Karina Smirnoff,2nd Place,2,9.3333,8.3333,9.3333,,26.999899999999997,6.0,0.11688308877260181,True,0,finished,11.0,False
17,6,Amber Riley,Derek Hough,1st Place,1,11.3333,9.3333,11.3333,,31.999899999999997,1.0,0.138528185378997,True,0,finished,11.0,False
17,6,Keyshawn Johnson,Sharna Burgess,Eliminated Week 2,12,0.0,0.0,0.0,,0.0,,,False,0,eliminated,2.0,True
17,6,Bill Engvall,Emma Slater,Eliminated Week 11,4,8.3333,8.3333,7.3333,,23.9999,8.0,0.10389603080876472,True,0,eliminated,11.0,False
17,6,Christina Milian,Mark Ballas,Eliminated Week 5,9,0.0,0.0,0.0,,0.0,,,False,0,eliminated,5.0,True
17,6,"Nicole ""Snooki"" Polizzi",Sasha Farber,Eliminated Week 7,8,10.0,10.0,10.0,,30.0,4.0,0.12987057963837106,True,0,eliminated,7.0,False
17,6,Jack Osbourne,Cheryl Burke,3rd Place,3,8.6666,9.6666,8.6666,,26.9998,7.0,0.11688265587066969,True,0,finished,11.0,False
17,6,Bill Nye,Tyne Stecklein,Eliminated Week 3,11,0.0,0.0,0.0,,0.0,,,False,0,eliminated,3.0,True
18,6,Billy Dee Williams,Emma Slater,Withdrew,10,0.0,0.0,0.0,0.0,0.0,,,False,0,withdrew,2.0,True
18,6,Danica McKellar,Valentin Chmerkovskiy,Eliminated Week 8,6,9.0,9.0,9.0,9.0,36.0,3.5,0.1276595744680851,True,0,eliminated,8.0,False
18,6,James Maslow,Peta Murgatroyd,Eliminated Week 10,4,9.0,9.0,8.0,9.0,35.0,5.0,0.12411347517730496,True,0,eliminated,10.0,False
18,6,Candace Cameron Bure,Mark Ballas,3rd Place,3,8.0,8.0,8.0,8.0,32.0,7.5,0.11347517730496454,True,0,finished,10.0,False
18,6,Sean Avery,Karina Smirnoff,Eliminated Week 2,11,0.0,0.0,0.0,0.0,0.0,,,False,0,eliminated,2.0,True
18,6,Diana Nyad,Henry Byalikov,Eliminated Week 2,12,0.0,0.0,0.0,0.0,0.0,,,False,0,eliminated,2.0,True
18,6,Charlie White,Sharna Burgess,Eliminated Week 9,5,9.0,9.0,9.0,9.0,36.0,3.5,0.1276595744680851,True,0,eliminated,9.0,False
18,6,Amy Purdy,Derek Hough,2nd Place,2,9.0,10.0,9.0,10.0,38.0,2.0,0.1347517730496454,True,0,finished,10.0,False
18,6,Meryl Davis,Maksim Chmerkoskiy,1st Place,1,10.0,10.0,10.0,10.0,40.0,1.0,0.14184397163120568,True,0,finished,10.0,False
18,6,Drew Carey,Cheryl Burke,Eliminated Week 6,8,8.0,9.0,7.0,8.0,32.0,7.5,0.11347517730496454,True,1,eliminated,6.0,False
18,6,Cody Simpson,Witney Carson,Eliminated Week 5,9,0.0,0.0,0.0,0.0,0.0,,,False,0,eliminated,5.0,True
18,6,NeNe Leakes,Tony Dovolani,Eliminated Week 7,7,8.0,9.0,8.0,8.0,33.0,6.0,0.11702127659574468,True,0,eliminated,7.0,False
19,6,Antonio Sabato Jr.,Cheryl Burke,Eliminated Week 7,8,7.0,7.0,7.0,7.0,28.0,8.5,0.09556313993174062,True,0,eliminated,7.0,False
19,6,Jonathan Bennett,Allison Holker,Eliminated Week 6,9,8.0,8.0,8.0,8.0,32.0,5.5,0.10921501706484642,True,1,eliminated,6.0,False
19,6,Lea Thompson,Artem Chigvintsev,Eliminated Week 9,6,8.0,8.0,8.0,8.0,32.0,5.5,0.10921501706484642,True,0,eliminated,9.0,False
19,6,Janel Parrish,Valentin Chmerkovskiy,3rd Place,3,8.0,7.0,9.0,9.0,33.0,4.0,0.11262798634812286,True,0,finished,11.0,False
19,6,Alfonso Ribeiro,Witney Carson,1st Place,1,10.0,10.0,9.0,10.0,39.0,1.0,0.13310580204778158,True,0,finished,11.0,False
19,6,Lolo Jones,Keo Motsepe,Eliminated Week 1,13,0.0,0.0,0.0,0.0,0.0,,,False,0,eliminated,1.0,True
19,6,Randy Couture,Karina Smirnoff,Eliminated Week 3,11,0.0,0.0,0.0,0.0,0.0,,,False,0,eliminated,3.0,True
19,6,Tommy Chong,Peta Murgatroyd,Eliminated Week 10,5,7.0,7.0,7.0,7.0,28.0,8.5,0.09556313993174062,True,0,eliminated,10.0,False
19,6,Betsey Johnson,Tony Dovolani,Eliminated Week 4,10,0.0,0.0,0.0,0.0,0.0,,,False,0,eliminated,4.0,True
19,6,Michael Waltrip,Emma Slater,Eliminated Week 8,7,8.0,7.0,8.0,7.0,30.0,7.0,0.10238907849829351,True,0,eliminated,8.0,False
19,6,Tavis Smiley,Sharna Burgess,Eliminated Week 2,12,0.0,0.0,0.0,0.0,0.0,,,False,0,eliminated,2.0,True
19,6,Bethany Mota,Derek Hough,Eliminated Week 11,4,9.0,9.0,9.0,9.0,36.0,2.0,0.12286689419795221,True,0,eliminated,11.0,False
19,6,Sadie Robertson,Mark Ballas,2nd Place,2,9.0,10.0,8.0,8.0,35.0,3.0,0.11945392491467577,True,0,finished,11.0,False
20,6,Suzanne Somers,Tony Dovolani,Eliminated Week 5,9,0.0,0.0,0.0,0.0,0.0,,,False,0,eliminated,5.0,True
20,6,Willow Shields,Mark Ballas,Eliminated Week 7,7,9.5,8.5,9.0,9.5,36.5,2.5,0.12897526501766785,True,0,eliminated,7.0,False
20,6,Riker Lynch,Allison Holker,2nd Place,2,10.0,8.5,9.5,10.0,38.0,1.0,0.13427561837455831,True,0,finished,10.0,False
20,6,Rumer Willis,Valentin Chmerkovskiy,1st Place,1,9.0,8.5,8.5,9.5,35.5,4.0,0.1254416961130742,True,0,finished,10.0,False
20,6,Nastia Liukin,Derek Hough,Eliminated Week 9,4,9.5,8.5,9.0,9.5,36.5,2.5,0.12897526501766785,True,0,eliminated,9.0,False
20,6,Michael Sam,Peta Murgatroyd,Eliminated Week 4,10,0.0,0.0,0.0,0.0,0.0,,,False,0,eliminated,4.0,True
20,6,Robert Herjavec,Kym Johnson,Eliminated Week 8,6,8.5,8.0,8.5,8.5,33.5,8.0,0.11837455830388692,True,0,eliminated,8.0,False
20,6,Charlotte McKinney,Keo Motsepe,Eliminated Week 3,11,0.0,0.0,0.0,0.0,0.0,,,False,0,eliminated,3.0,True
20,6,Noah Galloway,Sharna Burgess,3rd Place,3,8.5,8.0,8.5,9.0,34.0,6.5,0.12014134275618374,True,0,finished,10.0,False
20,6,Redfoo,Emma Slater,Eliminated Week 2,12,0.0,0.0,0.0,0.0,0.0,,,False,0,eliminated,2.0,True
20,6,Patti LaBelle,Artem Chigvintsev,Eliminated Week 6,8,9.0,8.0,8.5,8.5,34.0,6.5,0.12014134275618374,True,1,eliminated,6.0,False
20,6,Chris Soules,Witney Carson,Eliminated Week 8,5,9.0,8.0,9.0,9.0,35.0,5.0,0.12367491166077739,True,0,eliminated,8.0,False
21,6,Gary Busey,Anna Trebunskaya,Eliminated Week 4,10,0.0,0.0,0.0,0.0,0.0,,,False,0,eliminated,4.0,True
21,6,Alexa PenaVega,Mark Ballas,Eliminated Week 9,6,8.0,7.0,7.0,8.0,30.0,7.5,0.09584664536741214,True,0,eliminated,9.0,False
21,6,Carlos PenaVega,Witney Carson,Eliminated Week 11,4,10.0,9.0,9.0,10.0,38.0,5.0,0.12140575079872204,True,0,eliminated,11.0,False
21,6,Victor Espinoza,Karina Smirnoff,Eliminated Week 2,12,0.0,0.0,0.0,0.0,0.0,,,False,0,eliminated,2.0,True
21,6,Alek Skarlatos,Lindsay Arnold,3rd Place,3,8.0,8.0,7.0,7.0,30.0,7.5,0.09584664536741214,True,0,finished,11.0,False
21,6,Chaka Khan,Keo Motsepe,Eliminated Week 2,13,0.0,0.0,0.0,0.0,0.0,,,False,0,eliminated,2.0,True
21,6,Andy Grammer,Allison Holker,Eliminated Week 8,7,10.0,10.0,10.0,10.0,40.0,2.0,0.12779552715654952,True,0,eliminated,8.0,False
21,6,Tamar Braxton,Valentin Chmerkovskiy,Withdrew,5,10.0,10.0,10.0,10.0,40.0,2.0,0.12779552715654952,True,0,withdrew,9.0,False
21,6,Nick Carter,Sharna Burgess,2nd Place,2,9.0,10.0,10.0,10.0,39.0,4.0,0.12460063897763578,True,0,finished,11.0,False
21,6,Hayes Grier,Emma Slater,Eliminated Week 7,8,8.0,8.0,8.0,8.0,32.0,6.0,0.10223642172523961,True,0,eliminated,7.0,False
21,6,Bindi Irwin,Derek Hough,1st Place,1,10.0,10.0,10.0,10.0,40.0,2.0,0.12779552715654952,True,0,finished,11.0,False
21,6,Kim Zolciak-Biermann,Tony Dovolani,Withdrew,11,0.0,0.0,0.0,0.0,0.0,,,False,0,withdrew,2.0,True
21,6,Paula Deen,Louis van Amstel,Eliminated Week 6,9,6.0,6.0,6.0,6.0,24.0,9.0,0.07667731629392971,True,1,eliminated,6.0,False
22,6,Mischa Barton,Artem Chigvintsev,Eliminated Week 3,11,0.0,0.0,0.0,,0.0,,,False,0,eliminated,3.0,True
22,6,Kim Fields,Sasha Farber,Eliminated Week 7,8,8.0,8.0,8.0,,24.0,7.0,0.10572687224669604,True,0,eliminated,7.0,False
22,6,Jodie Sweetin,Keo Motsepe,Eliminated Week 8,6,9.0,8.0,8.0,,25.0,4.5,0.11013215859030837,True,0,eliminated,8.0,False
22,6,Doug Flutie,Karina Smirnoff,Eliminated Week 6,9,7.0,7.0,7.0,,21.0,9.0,0.09251101321585903,True,1,eliminated,6.0,False
22,6,Von Miller,Witney Carson,Eliminated Week 7,7,8.0,8.0,8.0,,24.0,7.0,0.10572687224669604,True,0,eliminated,7.0,False
22,6,Antonio Brown,Sharna Burgess,Eliminated Week 9,5,9.0,9.0,9.0,,27.0,3.0,0.11894273127753303,True,0,eliminated,9.0,False
22,6,Paige VanZant,Mark Ballas,2nd Place,2,9.0,10.0,9.0,,28.0,2.0,0.12334801762114538,True,0,finished,10.0,False
22,6,Geraldo Rivera,Edyta Sliwinska,Eliminated Week 2,12,0.0,0.0,0.0,,0.0,,,False,0,eliminated,2.0,True
22,6,Nyle DiMarco,Peta Murgatroyd,1st Place,1,8.0,8.0,9.0,,25.0,4.5,0.11013215859030837,True,0,finished,10.0,False
22,6,Ginger Zee,Valentin Chmerkovskiy,3rd Place,3,8.0,8.0,8.0,,24.0,7.0,0.10572687224669604,True,0,finished,10.0,False
22,6,Wanya Morris,Lindsay Arnold,Eliminated Week 9,4,10.0,9.0,10.0,,29.0,1.0,0.1277533039647577,True,0,eliminated,9.0,False
22,6,Marla Maples,Tony Dovolani,Eliminated Week 4,10,0.0,0.0,0.0,,0.0,,,False,0,eliminated,4.0,True
23,6,Jake T. Austin,Jenna Johnson,Eliminated Week 2,13,0.0,0.0,0.0,0.0,0.0,,,False,0,eliminated,2.0,True
23,6,Maureen McCormick,Artem Chigvintsev,Eliminated Week 7,8,8.0,7.0,8.0,8.0,31.0,6.0,0.10163934426229508,True,0,eliminated,7.0,False
23,6,Marilu Henner,Derek Hough,Eliminated Week 9,6,8.0,9.0,9.0,8.0,34.0,5.0,0.11147540983606558,True,0,eliminated,9.0,False
23,6,Ryan Lochte,Cheryl Burke,Eliminated Week 8,7,7.0,8.0,8.0,7.0,30.0,7.5,0.09836065573770492,True,0,eliminated,8.0,False
23,6,Calvin Johnson Jr.,Lindsay Arnold,3rd Place,3,9.0,10.0,9.0,9.0,37.0,3.5,0.12131147540983607,True,0,finished,11.0,False
23,6,Laurie Hernandez,Valentin Chmerkovskiy,1st Place,1,9.0,9.0,9.0,10.0,37.0,3.5,0.12131147540983607,True,0,finished,11.0,False
23,6,Amber Rose,Maksim Chmerkoskiy,Eliminated Week 6,9,7.0,7.0,7.0,7.0,28.0,9.0,0.09180327868852459,True,1,eliminated,6.0,False
23,6,Rick Perry,Emma Slater,Eliminated Week 3,12,0.0,0.0,0.0,0.0,0.0,,,False,0,eliminated,3.0,True
23,6,James Hinchcliffe,Sharna Burgess,2nd Place,2,10.0,9.0,9.0,10.0,38.0,2.0,0.12459016393442623,True,0,finished,11.0,False
23,6,Babyface,Allison Holker,Eliminated Week 4,11,0.0,0.0,0.0,0.0,0.0,,,False,0,eliminated,4.0,True
23,6,Vanilla Ice,Witney Carson,Eliminated Week 4,10,0.0,0.0,0.0,0.0,0.0,,,False,0,eliminated,4.0,True
23,6,Jana Kramer,Gleb Savchenko,Eliminated Week 11,4,10.0,10.0,10.0,10.0,40.0,1.0,0.13114754098360656,True,0,eliminated,11.0,False
23,6,Terra Jole,Sasha Farber,Eliminated Week 10,5,7.0,8.0,8.0,7.0,30.0,7.5,0.09836065573770492,True,0,eliminated,10.0,False
24,6,Charo,Keo Motsepe,Eliminated Week 3,11,0.0,0.0,0.0,0.0,0.0,,,False,0,eliminated,3.0,True
24,6,Mr. T,Kym Herjavec,Eliminated Week 4,10,0.0,0.0,0.0,0.0,0.0,,,False,0,eliminated,4.0,True
24,6,Heather Morris,Maksim Chmerkoskiy,Eliminated Week 6,8,9.0,9.5,9.0,9.5,37.0,1.0,0.137546468401487,True,1,eliminated,6.0,False
24,6,Nancy Kerrigan,Artem Chigvintsev,Eliminated Week 7,7,8.5,8.5,8.0,8.5,33.5,5.0,0.12453531598513011,True,0,eliminated,7.0,False
24,6,Bonner Bolton,Sharna Burgess,Eliminated Week 8,5,8.0,8.5,7.5,7.5,31.5,6.0,0.1171003717472119,True,0,eliminated,8.0,False
24,6,Simone Biles,Sasha Farber,Eliminated Week 9,4,8.5,8.5,8.5,9.0,34.5,4.0,0.12825278810408922,True,0,eliminated,9.0,False
24,6,David Ross,Lindsay Arnold,2nd Place,2,7.5,8.5,7.5,7.5,31.0,7.0,0.11524163568773234,True,0,finished,10.0,False
24,6,Rashad Jennings,Emma Slater,1st Place,1,8.5,9.5,8.5,8.5,35.0,3.0,0.13011152416356878,True,0,finished,10.0,False
24,6,Chris Kattan,Witney Carson,Eliminated Week 2,12,0.0,0.0,0.0,0.0,0.0,,,False,0,eliminated,2.0,True
24,6,Erika Jayne,Gleb Savchenko,Eliminated Week 5,9,0.0,0.0,0.0,0.0,0.0,,,False,0,eliminated,5.0,True
24,6,Normani,Valentin Chmerkovskiy,3rd Place,3,9.0,9.5,8.0,9.5,36.0,2.0,0.13382899628252787,True,0,finished,10.0,False
24,6,Nick Viall,Peta Murgatroyd,Eliminated Week 7,6,7.5,8.0,7.5,7.5,30.5,8.0,0.11338289962825279,True,0,eliminated,7.0,False
25,6,Sasha Pieterse,Gleb Savchenko,Eliminated Week 5,10,0.0,0.0,0.0,0.0,0.0,,,False,0,eliminated,5.0,True
25,6,Frankie Muniz,Witney Carson,3rd Place,3,7.0,8.0,8.0,8.0,31.0,6.5,0.10130718954248366,True,0,finished,10.0,False
25,6,Jordan Fisher,Lindsay Arnold,1st Place,1,10.0,9.0,10.0,10.0,39.0,2.0,0.12745098039215685,True,0,finished,10.0,False
25,6,Derek Fisher,Sharna Burgess,Eliminated Week 4,11,0.0,0.0,0.0,0.0,0.0,,,False,0,eliminated,4.0,True
25,6,Nikki Bella,Artem Chigvintsev,Eliminated Week 7,8,9.0,9.0,9.0,9.0,36.0,4.5,0.11764705882352941,True,0,eliminated,7.0,False
25,6,Terrell Owens,Cheryl Burke,Eliminated Week 8,6,9.0,9.0,10.0,9.0,37.0,3.0,0.12091503267973856,True,0,eliminated,8.0,False
25,6,Victoria Arlen,Valentin Chmerkovskiy,Eliminated Week 9,5,8.0,8.0,7.0,8.0,31.0,6.5,0.10130718954248366,True,0,eliminated,9.0,False
25,6,Barbara Corcoran,Keo Motsepe,Eliminated Week 2,13,0.0,0.0,0.0,0.0,0.0,,,False,0,eliminated,2.0,True
25,6,Lindsey Stirling,Mark Ballas,2nd Place,2,10.0,10.0,10.0,10.0,40.0,1.0,0.13071895424836602,True,0,finished,10.0,False
25,6,Debbie Gibson,Alan Bersten,Eliminated Week 2,12,0.0,0.0,0.0,0.0,0.0,,,False,0,eliminated,2.0,True
25,6,Nick Lachey,Peta Murgatroyd,Eliminated Week 6,9,7.0,6.0,7.0,6.0,26.0,9.0,0.08496732026143791,True,1,eliminated,6.0,False
25,6,Drew Scott,Emma Slater,Eliminated Week 10,4,7.0,7.0,9.0,7.0,30.0,8.0,0.09803921568627451,True,0,eliminated,10.0,False
25,6,Vanessa Lachey,Maksim Chmerkoskiy,Eliminated Week 7,7,9.0,9.0,9.0,9.0,36.0,4.5,0.11764705882352941,True,0,eliminated,7.0,False
27,6,Juan Pablo Di Pace,Cheryl Burke,Eliminated Week 8,5,10.0,10.0,10.0,,30.0,1.5,0.13100436681222707,True,0,eliminated,8.0,False
27,6,Evanna Lynch,Keo Motsepe,3rd Place,3,10.0,9.0,10.0,,29.0,3.0,0.12663755458515283,True,0,finished,9.0,False
27,6,Nancy McKeon,Valentin Chmerkovskiy,Eliminated Week 3,11,0.0,0.0,0.0,,0.0,,,False,0,eliminated,3.0,True
27,6,John Schneider,Emma Slater,Eliminated Week 7,8,6.0,7.0,6.0,,19.0,9.0,0.08296943231441048,True,0,eliminated,7.0,False
27,6,Milo Manheim,Witney Carson,2nd Place,2,10.0,10.0,10.0,,30.0,1.5,0.13100436681222707,True,0,finished,9.0,False
27,6,Danelle Umstead,Artem Chigvintsev,Eliminated Week 2,12,0.0,0.0,0.0,,0.0,,,False,0,eliminated,2.0,True
27,6,Mary Lou Retton,Sasha Farber,Eliminated Week 6,9,8.0,8.0,8.0,,24.0,6.0,0.10480349344978165,True,1,eliminated,6.0,False
27,6,DeMarcus Ware,Lindsay Arnold,Eliminated Week 7,7,8.0,9.0,9.0,,26.0,5.0,0.11353711790393013,True,0,eliminated,7.0,False
27,6,Nikki Glaser,Gleb Savchenko,Eliminated Week 1,13,0.0,0.0,0.0,,0.0,,,False,0,eliminated,1.0,True
27,6,Bobby Bones,Sharna Burgess,1st Place,1,8.0,7.0,7.0,,22.0,7.5,0.09606986899563319,True,0,finished,9.0,False
27,6,Tinashe,Brandon Armstrong,Eliminated Week 4,10,0.0,0.0,0.0,,0.0,,,False,0,eliminated,4.0,True
27,6,Alexis Ren,Alan Bersten,4th Place,4,9.0,9.0,9.0,,27.0,4.0,0.11790393013100436,True,0,finished,9.0,False
27,6,Joe Amabile,Jenna Johnson,Eliminated Week 8,6,8.0,7.0,7.0,,22.0,7.5,0.09606986899563319,True,0,eliminated,8.0,False
28,6,Kate Flannery,Pasha Pashkov,Eliminated Week 8,7,9.0,9.0,9.0,,27.0,2.0,0.11842105263157894,True,0,eliminated,8.0,False
28,6,James Van Der Beek,Emma Slater,Eliminated Week 10,5,9.0,9.0,9.0,,27.0,2.0,0.11842105263157894,True,0,eliminated,10.0,False
28,6,Kel Mitchell,Witney Carson,2nd Place,2,9.0,8.0,9.0,,26.0,4.5,0.11403508771929824,True,0,finished,11.0,False
28,6,Ray Lewis,Cheryl Burke,Withdrew,11,0.0,0.0,0.0,,0.0,,,False,0,withdrew,2.0,True
28,6,Lamar Odom,Peta Murgatroyd,Eliminated Week 4,10,0.0,0.0,0.0,,0.0,,,False,0,eliminated,4.0,True
28,6,Sailor Brinkley-Cook,Valentin Chmerkovskiy,Eliminated Week 6,9,9.0,9.0,9.0,,27.0,2.0,0.11842105263157894,True,1,eliminated,6.0,False
28,6,Sean Spicer,Lindsay Arnold,Eliminated Week 9,6,7.0,7.0,7.0,,21.0,9.0,0.09210526315789473,True,0,eliminated,9.0,False
28,6,Mary Wilson,Brandon Armstrong,Eliminated Week 2,12,0.0,0.0,0.0,,0.0,,,False,0,eliminated,2.0,True
28,6,Lauren Alaina,Gleb Savchenko,4th Place,4,9.0,8.0,9.0,,26.0,4.5,0.11403508771929824,True,0,finished,11.0,False
28,6,Ally Brooke,Sasha Farber,3rd Place,3,8.0,9.0,8.0,,25.0,6.5,0.10964912280701754,True,0,finished,11.0,False
28,6,Karamo Brown,Jenna Johnson,Eliminated Week 7,8,9.0,8.0,8.0,,25.0,6.5,0.10964912280701754,True,0,eliminated,7.0,False
28,6,Hannah Brown,Alan Bersten,1st Place,1,8.0,8.0,8.0,,24.0,8.0,0.10526315789473684,True,0,finished,11.0,False
29,6,Anne Heche,Keo Motsepe,Eliminated Week 4,13,0.0,0.0,0.0,,0.0,,,False,0,eliminated,4.0,True
29,6,Jesse Metcalfe,Sharna Burgess,Eliminated Week 5,12,0.0,0.0,0.0,,0.0,,,False,0,eliminated,5.0,True
29,6,Chrishell Stause,Gleb Savchenko,Eliminated Week 8,8,8.0,8.0,8.0,,24.0,7.5,0.08955223880597014,True,0,eliminated,8.0,False
29,6,Skai Jackson,Alan Bersten,Eliminated Week 10,5,6.0,6.0,6.0,,18.0,11.0,0.06716417910447761,True,0,eliminated,10.0,False
29,6,Justina Machado,Sasha Farber,4th Place,4,9.0,9.0,9.0,,27.0,2.5,0.10074626865671642,True,0,finished,11.0,False
29,6,Charles Oakley,Emma Slater,Eliminated Week 2,15,0.0,0.0,0.0,,0.0,,,False,0,eliminated,2.0,True
29,6,Veron Davis,Peta Murgatroyd,Eliminated Week 6,11,7.0,7.0,7.0,,21.0,10.0,0.07835820895522388,True,1,eliminated,6.0,False
29,6,Johnny Weir,Britt Stewart,Eliminated Week 10,6,7.0,8.0,7.0,,22.0,9.0,0.08208955223880597,True,0,eliminated,10.0,False
29,6,Nev Schulman,Jenna Johnson,2nd Place,2,9.0,9.0,8.0,,26.0,5.0,0.09701492537313433,True,0,finished,11.0,False
29,6,AJ McLean,Cheryl Burke,Eliminated Week 9,7,9.0,9.0,9.0,,27.0,2.5,0.10074626865671642,True,0,eliminated,9.0,False
29,6,Nelly,Daniella Karagach,3rd Place,3,8.0,8.0,8.0,,24.0,7.5,0.08955223880597014,True,0,finished,11.0,False
29,6,Kaitlyn Bristowe,Artem Chigvintsev,1st Place,1,9.0,9.0,9.0,,27.0,2.5,0.10074626865671642,True,0,finished,11.0,False
29,6,Carole Baskin,Pasha Pashkov,Eliminated Week 3,14,0.0,0.0,0.0,,0.0,,,False,0,eliminated,3.0,True
29,6,Monica Aldama,Valentin Chmerkovskiy,Eliminated Week 7,10,9.0,9.0,9.0,,27.0,2.5,0.10074626865671642,True,0,eliminated,7.0,False
29,6,Jeannie Mai,Brandon Armstrong,Withdrew,9,8.0,8.0,9.0,,25.0,6.0,0.09328358208955224,True,0,withdrew,7.0,False
30,6,Martin Kove,Britt Stewart,Eliminated Week 2,15,0.0,0.0,0.0,0.0,0.0,,,False,0,eliminated,2.0,True
30,6,Brian Austin Green,Sharna Burgess,Eliminated Week 4,13,0.0,0.0,0.0,0.0,0.0,,,False,0,eliminated,4.0,True
30,6,Melora Hardin,Artem Chigvintsev,Eliminated Week 9,6,8.0,9.0,8.0,9.0,34.0,8.5,0.09340659340659341,True,0,eliminated,9.0,False
30,6,Matt James,Lindsay Arnold,Eliminated Week 4,12,0.0,0.0,0.0,0.0,0.0,,,False,0,eliminated,4.0,True
30,6,"Mike ""The Miz"" Mizanin",Witney Carson,Eliminated Week 7,9,9.0,8.0,9.0,8.0,34.0,8.5,0.09340659340659341,True,0,eliminated,7.0,False
30,6,Suni Lee,Sasha Farber,Eliminated Week 9,5,9.0,9.0,9.0,9.0,36.0,6.0,0.0989010989010989,True,0,eliminated,9.0,False
30,6,Iman Shumpert,Daniella Karagach,1st Place,1,10.0,10.0,10.0,10.0,40.0,1.5,0.10989010989010989,True,0,finished,10.0,False
30,6,Cody Rigsby,Cheryl Burke,3rd Place,3,9.0,9.0,9.0,9.0,36.0,6.0,0.0989010989010989,True,0,finished,10.0,False
30,6,Melanie C,Gleb Savchenko,Eliminated Week 5,11,0.0,0.0,0.0,0.0,0.0,,,False,0,eliminated,5.0,True
30,6,Jimmie Allen,Emma Slater,Eliminated Week 8,7,10.0,9.0,10.0,9.0,38.0,3.5,0.1043956043956044,True,0,eliminated,8.0,False
30,6,Olivia Jade,Valentin Chmerkovskiy,Eliminated Week 8,8,9.0,9.0,9.0,9.0,36.0,6.0,0.0989010989010989,True,0,eliminated,8.0,False
30,6,JoJo Siwa,Jenna Johnson,2nd Place,2,10.0,10.0,10.0,10.0,40.0,1.5,0.10989010989010989,True,0,finished,10.0,False
30,6,Christine Chiu,Pasha Pashkov,Eliminated Week 3,14,0.0,0.0,0.0,0.0,0.0,,,False,0,eliminated,3.0,True
30,6,Kenya Moore,Brandon Armstrong,Eliminated Week 6,10,8.0,8.0,8.0,8.0,32.0,10.0,0.08791208791208792,True,1,eliminated,6.0,False
30,6,Amanda Kloots,Alan Bersten,4th Place,4,9.0,9.0,10.0,10.0,38.0,3.5,0.1043956043956044,True,0,finished,10.0,False
31,6,Jason Lewis,Peta Murgatroyd,Eliminated Week 1,16,0.0,0.0,0.0,0.0,0.0,,,False,0,eliminated,1.0,True
31,6,Cheryl Ladd,Louis van Amstel,Eliminated Week 3,14,0.0,0.0,0.0,0.0,0.0,,,False,0,eliminated,3.0,True
31,6,Selma Blair,Sasha Farber,Withdrew,12,0.0,0.0,0.0,0.0,0.0,,,False,0,withdrew,5.0,True
31,6,Joseph Baena,Daniella Karagach,Eliminated Week 5,11,0.0,0.0,0.0,0.0,0.0,,,False,0,eliminated,5.0,True
31,6,Trevor Donovan,Emma Slater,Eliminated Week 9,6,9.0,8.0,8.0,9.0,34.0,6.5,0.09855072463768116,True,0,eliminated,9.0,False
31,6,Daniel Durant,Britt Stewart,Eliminated Week 9,5,9.0,8.0,8.0,9.0,34.0,6.5,0.09855072463768116,True,0,eliminated,9.0,False
31,6,Wayne Brady,Witney Carson,3rd Place,3,8.0,9.0,8.0,9.0,34.0,6.5,0.09855072463768116,True,0,finished,10.0,False
31,6,Sam Champion,Cheryl Burke,Eliminated Week 4,13,0.0,0.0,0.0,0.0,0.0,,,False,0,eliminated,4.0,True
31,6,Jessie James Decker,Alan Bersten,Eliminated Week 6,10,8.0,8.0,8.0,8.0,32.0,9.0,0.0927536231884058,True,1,eliminated,6.0,False
31,6,Jordin Sparks,Brandon Armstrong,Eliminated Week 7,9,9.0,8.0,8.0,9.0,34.0,6.5,0.09855072463768116,True,0,eliminated,7.0,False
31,6,Heidi D'Amelio,Artem Chigvintsev,Eliminated Week 8,8,9.0,9.0,9.0,9.0,36.0,3.5,0.10434782608695652,True,0,eliminated,8.0,False
31,6,Charli D'Amelio,Mark Ballas,1st Place,1,10.0,10.0,10.0,10.0,40.0,1.0,0.11594202898550725,True,0,finished,10.0,False
31,6,Teresa Giudice,Pasha Pashkov,Eliminated Week 2,15,0.0,0.0,0.0,0.0,0.0,,,False,0,eliminated,2.0,True
31,6,Vinny Guadagnino,Koko Iwasaki,Eliminated Week 8,7,7.0,7.0,7.0,7.0,28.0,10.0,0.08115942028985507,True,0,eliminated,8.0,False
31,6,Shangela,Gleb Savchenko,4th Place,4,9.0,9.0,9.0,9.0,36.0,3.5,0.10434782608695652,True,0,finished,10.0,False
31,6,Gabby Windey,Valentin Chmerkovskiy,2nd Place,2,9.0,9.0,9.0,10.0,37.0,2.0,0.1072463768115942,True,0,finished,10.0,False
32,6,Jamie Lynn Spears,Alan Bersten,Eliminated Week 2,13,0.0,0.0,0.0,0.0,0.0,,,False,0,eliminated,2.0,True
32,6,Mira Sorvino,Gleb Savchenko,Eliminated Week 5,10,0.0,0.0,0.0,0.0,0.0,,,False,0,eliminated,5.0,True
32,6,Barry Williams,Peta Murgatroyd,Eliminated Week 8,7,8.25,7.25,8.25,8.25,32.0,7.0,0.09937888198757763,True,0,eliminated,8.0,False
32,6,Alyson Hannigan,Sasha Farber,5th Place,5,7.5,7.5,7.5,8.5,31.0,8.0,0.09627329192546584,True,0,finished,11.0,False
32,6,Xochitl Gomez,Valentin Chmerkovskiy,1st Place,1,10.25,10.25,11.25,10.25,42.0,1.0,0.13043478260869565,True,0,finished,11.0,False
32,6,Adrian Peterson,Britt Stewart,Eliminated Week 4,11,0.0,0.0,0.0,0.0,0.0,,,False,0,eliminated,4.0,True
32,6,Matt Walsh,Koko Iwasaki,Eliminated Week 1,14,0.0,0.0,0.0,0.0,0.0,,,False,0,eliminated,1.0,True
32,6,Tyson Beckford,Jenna Johnson,Eliminated Week 3,12,0.0,0.0,0.0,0.0,0.0,,,False,0,eliminated,3.0,True
32,6,Jason Mraz,Daniella Karagach,2nd Place,2,9.75,9.75,9.75,9.75,39.0,3.0,0.12111801242236025,True,0,finished,11.0,False
32,6,Lele Pons,Brandon Armstrong,Eliminated Week 7,8,9.0,9.0,9.0,10.0,37.0,5.0,0.11490683229813664,True,0,eliminated,7.0,False
32,6,Harry Jowsey,Rylee Arnold,Eliminated Week 9,6,7.25,7.25,7.25,7.25,29.0,9.0,0.09006211180124224,True,0,eliminated,9.0,False
32,6,Mauricio Umansky,Emma Slater,Eliminated Week 6,9,8.5,8.5,7.5,8.5,33.0,6.0,0.10248447204968944,True,1,eliminated,6.0,False
32,6,Charity Lawson,Artem Chigvintsev,4th Place,4,9.75,9.75,8.75,9.75,38.0,4.0,0.11801242236024845,True,0,finished,11.0,False
32,6,Ariana Madix,Pasha Pashkov,3rd Place,3,10.0,10.0,10.0,11.0,41.0,2.0,0.12732919254658384,True,0,finished,11.0,False
33,6,Tori Spelling,Pasha Pashkov,Eliminated Week 2,12,0.0,0.0,0.0,,0.0,,,False,0,eliminated,2.0,True
33,6,Eric Roberts,Britt Stewart,Eliminated Week 3,10,0.0,0.0,0.0,,0.0,,,False,0,eliminated,3.0,True
33,6,Reginald VelJohnson,Emma Slater,Eliminated Week 3,10,0.0,0.0,0.0,,0.0,,,False,0,eliminated,3.0,True
33,6,Chandler Kinney,Brandon Armstrong,3rd Place,3,10.0,11.0,11.0,,32.0,1.5,0.1553398058252427,True,0,finished,9.0,False
33,6,Dwight Howard ,Daniella Karagach,Eliminated Week 7,6,11.0,10.0,10.0,,31.0,3.5,0.15048543689320387,True,0,eliminated,7.0,False
33,6,Danny Amendola,Witney Carson,5th Place,5,10.0,9.0,9.0,,28.0,5.5,0.13592233009708737,True,0,finished,9.0,False
33,6,Stephen Nedoroscik,Rylee Arnold,4th Place,4,10.0,9.0,9.0,,28.0,5.5,0.13592233009708737,True,0,finished,9.0,False
33,6,Ilona Maher,Alan Bersten,2nd Place,2,8.0,8.0,8.0,,24.0,7.0,0.11650485436893204,True,0,finished,9.0,False
33,6,Anna Delvey,Ezra Sosa,Eliminated Week 2,12,0.0,0.0,0.0,,0.0,,,False,0,eliminated,2.0,True
33,6,Brooks Nader,Gleb Savchenko,Eliminated Week 4,9,0.0,0.0,0.0,,0.0,,,False,0,eliminated,4.0,True
33,6,Phaedra Parks,Val Chmerkovskiy,Eliminated Week 5,8,0.0,0.0,0.0,,0.0,,,False,0,eliminated,5.0,True
33,6,Jenn Tran,Sasha Farber,Eliminated Week 6,7,11.0,10.0,10.0,,31.0,3.5,0.15048543689320387,True,1,eliminated,6.0,False
33,6,Joey Graziadei,Jenna Johnson,1st Place,1,11.0,10.0,11.0,,32.0,1.5,0.1553398058252427,True,0,finished,9.0,False
34,6,Corey Feldman,Jenna Johnson,Eliminated Week 2,13,0.0,0.0,0.0,0.0,0.0,,,False,0,eliminated,2.0,True
34,6,Danielle Fishel,Pasha Pashkov,Eliminated Week 8,8,9.0,9.0,9.0,9.0,36.0,4.0,0.10588235294117647,True,0,eliminated,8.0,False
34,6,Elaine Hendrix,Alan Bersten (Rashad Jennings week 9),5th Place,5,9.0,9.0,9.0,9.0,36.0,4.0,0.10588235294117647,True,0,finished,11.0,False
34,6,Baron Davis,Britt Stewart,Eliminated Week 2,13,0.0,0.0,0.0,0.0,0.0,,,False,0,eliminated,2.0,True
34,6,Jordan Chiles,Ezra Sosa (Apolo Anton Ohno week 9),3rd Place,3,10.0,9.0,10.0,10.0,39.0,1.5,0.11470588235294117,True,0,finished,11.0,False
34,6,Andy Richter,Emma Slater/Kaitlyn Bristowe (week 9),Eliminated Week 9,7,7.0,6.0,7.0,7.0,27.0,10.0,0.07941176470588235,True,0,eliminated,9.0,False
34,6,Robert Irwin,Witney Carson (Xoshitl Gomez week 9),1st Place,1,9.0,9.0,9.0,9.0,36.0,4.0,0.10588235294117647,True,0,finished,11.0,False
34,6,Hilaria Baldwin,Gleb Savchenko,Eliminated Week 4,11,0.0,0.0,0.0,0.0,0.0,,,False,0,eliminated,4.0,True
34,6,Lauren Jauregui,Brandon Armstrong,Eliminated Week 3,12,0.0,0.0,0.0,0.0,0.0,,,False,0,eliminated,3.0,True
34,6,Scott Hoying,Rylee Arnold,Eliminated Week 6,10,7.0,7.0,7.0,7.0,28.0,9.0,0.08235294117647059,True,1,eliminated,6.0,False
34,6,Alix Earle,Val Chmerkovskiy (Joey Graziadei week 9),2nd Place,2,9.0,9.0,8.0,9.0,35.0,6.0,0.10294117647058823,True,0,finished,11.0,False
34,6,Jen Affleck,Jan Ravnik,Eliminated Week 7,9,8.0,8.0,8.0,8.0,32.0,7.5,0.09411764705882353,True,0,eliminated,7.0,False
34,6,Whitney Leavitt,Mark Ballas,Eliminated Week 10,6,10.0,9.0,10.0,10.0,39.0,1.5,0.11470588235294117,True,0,eliminated,10.0,False
34,6,Dylan Efron,Daniella Karagach (Rumer Willis week 9),4th Place,4,8.0,8.0,8.0,8.0,32.0,7.5,0.09411764705882353,True,0,finished,11.0,False
2,7,Tatum O'Neal,Nick Kosovich,Eliminated Week 2,9,0.0,0.0,0.0,,0.0,,,False,0,eliminated,2.0,True
2,7,Tia Carrere,Maksim Chmerkoskiy,Eliminated Week 5,6,0.0,0.0,0.0,,0.0,,,False,0,eliminated,5.0,True
2,7,George Hamilton,Edyta Sliwinska,Eliminated Week 6,5,0.0,0.0,0.0,,0.0,,,False,0,eliminated,6.0,True
2,7,Lisa Rinna,Louis van Amstel,Eliminated Week 7,4,8.5,9.0,9.0,,26.5,3.0,0.25980392156862747,True,1,eliminated,7.0,False
2,7,Stacy Keibler,Tony Dovolani,3rd Place,3,9.0,9.0,9.5,,27.5,1.5,0.2696078431372549,True,0,finished,8.0,False
2,7,Jerry Rice,Anna Trebunskaya,2nd Place,2,7.0,7.0,6.5,,20.5,4.0,0.20098039215686275,True,0,finished,8.0,False
2,7,Giselle Fernandez,Jonathan Roberts,Eliminated Week 3,8,0.0,0.0,0.0,,0.0,,,False,0,eliminated,3.0,True
2,7,Master P,Ashly DelGrosso,Eliminated Week 4,7,0.0,0.0,0.0,,0.0,,,False,0,eliminated,4.0,True
2,7,Drew Lachey,Cheryl Burke,1st Place,1,9.5,9.0,9.0,,27.5,1.5,0.2696078431372549,True,0,finished,8.0,False
2,7,Kenny Mayne,Andrea Hale,Eliminated Week 1,10,0.0,0.0,0.0,,0.0,,,False,0,eliminated,1.0,True
3,7,Harry Hamlin,Ashly DelGrosso,Eliminated Week 3,9,0.0,0.0,0.0,,0.0,,,False,0,eliminated,3.0,True
3,7,Vivica A. Fox,Nick Kosovich,Eliminated Week 4,8,0.0,0.0,0.0,,0.0,,,False,0,eliminated,4.0,True
3,7,Monique Coleman,Louis van Amstel,Eliminated Week 8,4,9.0,9.0,9.0,,27.0,4.0,0.2,True,0,eliminated,8.0,False
3,7,Joey Lawrence,Edyta Sliwinska,3rd Place,3,9.5,9.0,10.0,,28.5,1.5,0.2111111111111111,True,0,finished,9.0,False
3,7,Mario Lopez,Karina Smirnoff,2nd Place,2,9.5,9.0,9.5,,28.0,3.0,0.2074074074074074,True,0,finished,10.0,False
3,7,Emmitt Smith,Cheryl Burke,1st Place,1,10.0,9.5,9.0,,28.5,1.5,0.2111111111111111,True,0,finished,10.0,False
3,7,Shanna Moakler,Jesse DeSoto,Eliminated Week 2,10,0.0,0.0,0.0,,0.0,,,False,0,eliminated,2.0,True
3,7,Willa Ford,Maksim Chmerkoskiy,Eliminated Week 5,7,0.0,0.0,0.0,,0.0,,,False,0,eliminated,5.0,True
3,7,Sara Evans,Tony Dovolani,Withdrew,6,0.0,0.0,0.0,,0.0,,,False,0,withdrew,5.0,True
3,7,Jerry Springer,Kym Johnson,Eliminated Week 7,5,7.5,8.0,7.5,,23.0,5.0,0.17037037037037037,True,1,eliminated,7.0,False
3,7,Tucker Carlson,Elena Grinenko,Eliminated Week 1,11,0.0,0.0,0.0,,0.0,,,False,0,eliminated,1.0,True
4,7,John Ratzenberger,Edyta Sliwinska,Eliminated Week 7,6,7.5,7.5,7.5,,22.5,5.0,0.14563106796116504,True,1,eliminated,7.0,False
4,7,Ian Ziering,Cheryl Burke,Eliminated Week 9,4,9.0,9.0,9.0,,27.0,3.5,0.17475728155339806,True,0,eliminated,9.0,False
4,7,Clyde Drexler,Elena Grinenko,Eliminated Week 5,8,0.0,0.0,0.0,,0.0,,,False,0,eliminated,5.0,True
4,7,Laila Ali,Maksim Chmerkoskiy,3rd Place,3,10.0,9.5,10.0,,29.5,1.5,0.19093851132686085,True,0,finished,10.0,False
4,7,Apolo Anton Ohno,Julianne Hough,1st Place,1,9.0,8.5,9.5,,27.0,3.5,0.17475728155339806,True,0,finished,10.0,False
4,7,Shandi Finnessey,Brian Fortuna,Eliminated Week 3,10,0.0,0.0,0.0,,0.0,,,False,0,eliminated,3.0,True
4,7,Paulina Porizkova,Alec Mazo,Eliminated Week 2,11,0.0,0.0,0.0,,0.0,,,False,0,eliminated,2.0,True
4,7,Heather Mills,Jonathan Roberts,Eliminated Week 6,7,0.0,0.0,0.0,,0.0,,,False,0,eliminated,6.0,True
4,7,Billy Ray Cyrus,Karina Smirnoff,Eliminated Week 8,5,6.0,6.5,6.5,,19.0,6.0,0.12297734627831715,True,0,eliminated,8.0,False
4,7,Joey Fatone,Kym Johnson,2nd Place,2,10.0,9.5,10.0,,29.5,1.5,0.19093851132686085,True,0,finished,10.0,False
4,7,Leeza Gibbons,Tony Dovolani,Eliminated Week 4,9,0.0,0.0,0.0,,0.0,,,False,0,eliminated,4.0,True
5,7,Cameron Mathison,Edyta Sliwinska,Eliminated Week 8,5,8.5,8.5,8.5,,25.5,5.0,0.16346153846153846,True,0,eliminated,8.0,False
5,7,Jane Seymour,Tony Dovolani,Eliminated Week 7,6,8.0,8.5,8.5,,25.0,6.0,0.16025641025641027,True,1,eliminated,7.0,False
5,7,Sabrina Bryan,Mark Ballas,Eliminated Week 6,7,0.0,0.0,0.0,,0.0,,,False,0,eliminated,6.0,True
5,7,Jennie Garth,Derek Hough,Eliminated Week 9,4,8.5,8.5,9.5,,26.5,2.0,0.16987179487179488,True,0,eliminated,9.0,False
5,7,Floyd Mayweather Jr. ,Karina Smirnoff,Eliminated Week 4,9,0.0,0.0,0.0,,0.0,,,False,0,eliminated,4.0,True
5,7,Josie Maran,Alec Mazo,Eliminated Week 1,12,0.0,0.0,0.0,,0.0,,,False,0,eliminated,1.0,True
5,7,Albert Reed,Anna Trebunskaya,Eliminated Week 2,11,0.0,0.0,0.0,,0.0,,,False,0,eliminated,2.0,True
5,7,Helio Castroneves,Julianne Hough,1st Place,1,9.0,8.5,8.5,,26.0,3.5,0.16666666666666666,True,0,finished,10.0,False
5,7,Mel B,Maksim Chmerkoskiy,2nd Place,2,9.0,9.0,9.0,,27.0,1.0,0.17307692307692307,True,0,finished,10.0,False
5,7,Wayne Newton,Cheryl Burke,Eliminated Week 3,10,0.0,0.0,0.0,,0.0,,,False,0,eliminated,3.0,True
5,7,Marie Osmond,Jonathan Roberts,3rd Place,3,9.0,8.5,8.5,,26.0,3.5,0.16666666666666666,True,0,finished,10.0,False
5,7,Mark Cuban,Kym Johnson,Eliminated Week 5,8,0.0,0.0,0.0,,0.0,,,False,0,eliminated,5.0,True
6,7,Cristian de la Fuente,Cheryl Burke,3rd Place,3,7.5,7.5,8.0,,23.0,6.0,0.1488673139158576,True,0,finished,10.0,False
6,7,Steve Guttenberg,Anna Trebunskaya,Eliminated Week 3,10,0.0,0.0,0.0,,0.0,,,False,0,eliminated,3.0,True
6,7,Priscilla Presley,Louis van Amstel,Eliminated Week 5,8,0.0,0.0,0.0,,0.0,,,False,0,eliminated,5.0,True
6,7,Marlee Matlin,Fabian Sanchez,Eliminated Week 6,7,0.0,0.0,0.0,,0.0,,,False,0,eliminated,6.0,True
6,7,Shannon Elizabeth,Derek Hough,Eliminated Week 7,6,8.5,8.5,8.5,,25.5,4.5,0.1650485436893204,True,1,eliminated,7.0,False
6,7,Marissa Jaret Winokur,Tony Dovolani,Eliminated Week 9,4,9.0,8.5,8.5,,26.0,3.0,0.16828478964401294,True,0,eliminated,9.0,False
6,7,Jason Taylor,Edyta Sliwinska,2nd Place,2,9.5,8.5,9.5,,27.5,1.0,0.1779935275080906,True,0,finished,10.0,False
6,7,Kristi Yamaguchi,Mark Ballas,1st Place,1,9.5,8.0,9.5,,27.0,2.0,0.17475728155339806,True,0,finished,10.0,False
6,7,Monica Seles,Jonathan Roberts,Eliminated Week 2,11,0.0,0.0,0.0,,0.0,,,False,0,eliminated,2.0,True
6,7,Penn Jillette,Kym Johnson,Eliminated Week 2,12,0.0,0.0,0.0,,0.0,,,False,0,eliminated,2.0,True
6,7,Adam Carolla,Julianne Hough,Eliminated Week 4,9,0.0,0.0,0.0,,0.0,,,False,0,eliminated,4.0,True
6,7,Mario,Karina Smirnoff,Eliminated Week 8,5,8.5,8.5,8.5,,25.5,4.5,0.1650485436893204,True,0,eliminated,8.0,False
7,7,Ted McGinley,Inna Brayer,Eliminated Week 1,12,0.0,0.0,0.0,,0.0,,,False,0,eliminated,1.0,True
7,7,Cloris Leachman,Corky Ballas,Eliminated Week 6,7,0.0,0.0,0.0,,0.0,,,False,0,eliminated,6.0,True
7,7,Susan Lucci,Tony Dovolani,Eliminated Week 7,6,8.0,8.0,8.0,,24.0,4.0,0.16326530612244897,True,1,eliminated,7.0,False
7,7,Cody Linley,Julianne Hough,Eliminated Week 9,4,8.0,7.0,7.0,,22.0,5.0,0.14965986394557823,True,0,eliminated,9.0,False
7,7,Misty May-Treanor,Maksim Chmerkoskiy,Withdrew,10,0.0,0.0,0.0,,0.0,,,False,0,withdrew,2.0,True
7,7,Maurice Greene,Cheryl Burke,Eliminated Week 8,5,8.0,9.0,8.0,,25.0,2.5,0.17006802721088435,True,0,eliminated,8.0,False
7,7,Warren Sapp,Kym Johnson,2nd Place,2,7.0,7.0,7.0,,21.0,6.0,0.14285714285714285,True,0,finished,10.0,False
7,7,Jeffrey Ross,Edyta Sliwinska,Eliminated Week 1,13,0.0,0.0,0.0,,0.0,,,False,0,eliminated,1.0,True
7,7,Toni Braxton,Alec Mazo,Eliminated Week 5,8,0.0,0.0,0.0,,0.0,,,False,0,eliminated,5.0,True
7,7,Lance Bass,Lacey Schwimmer,3rd Place,3,9.0,7.0,9.0,,25.0,2.5,0.17006802721088435,True,0,finished,10.0,False
7,7,Kim Kardashian,Mark Ballas,Eliminated Week 2,11,0.0,0.0,0.0,,0.0,,,False,0,eliminated,2.0,True
7,7,Rocco DiSpirito,Karina Smirnoff,Eliminated Week 4,9,0.0,0.0,0.0,,0.0,,,False,0,eliminated,4.0,True
7,7,Brooke Burke,Derek Hough,1st Place,1,10.0,10.0,10.0,,30.0,1.0,0.20408163265306123,True,0,finished,10.0,False
8,7,Gilles Marini,Cheryl Burke,2nd Place,2,9.0,9.0,9.0,,27.0,3.5,0.14835164835164835,True,0,finished,11.0,False
8,7,Denise Richards,Maksim Chmerkoskiy,Eliminated Week 3,12,0.0,0.0,0.0,,0.0,,,False,0,eliminated,3.0,True
8,7,David Alan Grier,Kym Johnson,Eliminated Week 5,9,0.0,0.0,0.0,,0.0,,,False,0,eliminated,5.0,True
8,7,Lawrence Taylor,Edyta Sliwinska,Eliminated Week 7,7,7.0,7.0,7.0,,21.0,7.0,0.11538461538461539,True,1,eliminated,7.0,False
8,7,Ty Murray,Chelsie Hightower,Eliminated Week 10,4,8.0,8.0,8.0,,24.0,6.0,0.13186813186813187,True,0,eliminated,10.0,False
8,7,Shawn Johnson,Mark Ballas,1st Place,1,9.0,9.0,10.0,,28.0,2.0,0.15384615384615385,True,0,finished,11.0,False
8,7,Steve Wozniak,Karina Smirnoff,Eliminated Week 4,10,0.0,0.0,0.0,,0.0,,,False,0,eliminated,4.0,True
8,7,Belinda Carlisle,Jonathan Roberts,Eliminated Week 2,13,0.0,0.0,0.0,,0.0,,,False,0,eliminated,2.0,True
8,7,Chuck Wicks,Julianne Hough,Eliminated Week 8,6,9.0,9.0,9.0,,27.0,3.5,0.14835164835164835,True,0,eliminated,8.0,False
8,7,Lil' Kim,Derek Hough,Eliminated Week 9,5,9.0,8.0,9.0,,26.0,5.0,0.14285714285714285,True,0,eliminated,9.0,False
8,7,Steve-O,Lacey Schwimmer,Eliminated Week 6,8,0.0,0.0,0.0,,0.0,,,False,0,eliminated,6.0,True
8,7,Holly Madison,Dmitry Chaplin,Eliminated Week 4,11,0.0,0.0,0.0,,0.0,,,False,0,eliminated,4.0,True
8,7,Melissa Rycroft,Tony Dovolani,3rd Place,3,10.0,9.0,10.0,,29.0,1.0,0.15934065934065933,True,0,finished,11.0,False
9,7,Ashley Hamiliton,Edyta Sliwinska,Eliminated Week 1,16,0.0,0.0,0.0,,0.0,,,False,0,eliminated,1.0,True
9,7,Debi Mazar,Maksim Chmerkoskiy,Eliminated Week 3,12,0.0,0.0,0.0,,0.0,,,False,0,eliminated,3.0,True
9,7,Melissa Joan Hart,Mark Ballas,Eliminated Week 6,9,0.0,0.0,0.0,,0.0,,,False,0,eliminated,6.0,True
9,7,Mark Dacascos,Lacey Schwimmer,Eliminated Week 7,6,7.0,7.5,7.0,,21.5,7.0,0.1225071225071225,True,1,eliminated,7.0,False
9,7,Chuck Liddell,Anna Trebunskaya,Eliminated Week 4,11,0.0,0.0,0.0,,0.0,,,False,0,eliminated,4.0,True
9,7,Natalie Coughlin,Alec Mazo,Eliminated Week 5,10,0.0,0.0,0.0,,0.0,,,False,0,eliminated,5.0,True
9,7,Louie Vito,Chelsie Hightower,Eliminated Week 6,8,0.0,0.0,0.0,,0.0,,,False,0,eliminated,6.0,True
9,7,Michael Irvin,Anna Demidova,Eliminated Week 7,7,8.0,8.0,7.5,,23.5,6.0,0.1339031339031339,True,1,eliminated,7.0,False
9,7,Joanna Krupa,Derek Hough,Eliminated Week 9,4,9.0,9.0,9.5,,27.5,1.0,0.15669515669515668,True,0,eliminated,9.0,False
9,7,Kathy Ireland,Tony Dovolani,Eliminated Week 2,14,0.0,0.0,0.0,,0.0,,,False,0,eliminated,2.0,True
9,7,Tom DeLay,Cheryl Burke,Withdrew,13,0.0,0.0,0.0,,0.0,,,False,0,withdrew,3.0,True
9,7,Macy Gray,Jonathan Roberts,Eliminated Week 1,15,0.0,0.0,0.0,,0.0,,,False,0,eliminated,1.0,True
9,7,Aaron Carter,Karina Smirnoff,Eliminated Week 8,5,8.5,9.0,9.0,,26.5,2.0,0.150997150997151,True,0,eliminated,8.0,False
9,7,Mya,Dmitry Chaplin,2nd Place,2,8.5,7.5,8.5,,24.5,5.0,0.1396011396011396,True,0,finished,10.0,False
9,7,Donny Osmond,Kym Johnson,1st Place,1,8.5,8.5,9.0,,26.0,3.5,0.14814814814814814,True,0,finished,10.0,False
9,7,Kelly Osbourne,Louis van Amstel,3rd Place,3,8.5,8.5,9.0,,26.0,3.5,0.14814814814814814,True,0,finished,10.0,False
10,7,Aiden Turner,Edyta Sliwinska,Eliminated Week 4,9,0.0,0.0,0.0,,0.0,,,False,0,eliminated,4.0,True
10,7,Shannen Doherty,Mark Ballas,Eliminated Week 2,11,0.0,0.0,0.0,,0.0,,,False,0,eliminated,2.0,True
10,7,Niecy Nash,Louis van Amstel,Eliminated Week 8,5,8.5,8.0,8.0,,24.5,6.0,0.15755627009646303,True,0,eliminated,8.0,False
10,7,Buzz Aldrin,Ashly DelGrosso,Eliminated Week 3,10,0.0,0.0,0.0,,0.0,,,False,0,eliminated,3.0,True
10,7,Chad Ochocinco,Cheryl Burke,Eliminated Week 9,4,8.5,9.0,8.5,,26.0,3.0,0.16720257234726688,True,0,eliminated,9.0,False
10,7,Evan Lysacek,Anna Trebunskaya,2nd Place,2,9.0,9.0,9.0,,27.0,1.5,0.17363344051446947,True,0,finished,10.0,False
10,7,Pamela Anderson,Damian Whitewood,Eliminated Week 7,6,8.5,8.5,8.5,,25.5,4.5,0.1639871382636656,True,1,eliminated,7.0,False
10,7,Nicole Scherzinger,Derek Hough,1st Place,1,9.0,9.0,9.0,,27.0,1.5,0.17363344051446947,True,0,finished,10.0,False
10,7,Erin Andrews,Maksim Chmerkoskiy,3rd Place,3,8.5,8.5,8.5,,25.5,4.5,0.1639871382636656,True,0,finished,10.0,False
10,7,Kate Gosselin,Tony Dovolani,Eliminated Week 5,8,0.0,0.0,0.0,,0.0,,,False,0,eliminated,5.0,True
10,7,Jake Pavelka,Chelsie Hightower,Eliminated Week 6,7,0.0,0.0,0.0,,0.0,,,False,0,eliminated,6.0,True
11,7,David Hasselhoff,Kym Johnson,Eliminated Week 1,12,0.0,0.0,0.0,0.0,0.0,,,False,0,eliminated,1.0,True
11,7,Florence Henderson,Corky Ballas,Eliminated Week 5,8,0.0,0.0,0.0,0.0,0.0,,,False,0,eliminated,5.0,True
11,7,Kyle Massey,Lacey Schwimmer,2nd Place,2,9.0,8.5,8.0,8.0,33.5,5.0,0.1606714628297362,True,0,finished,10.0,False
11,7,Jennifer Grey,Derek Hough,1st Place,1,9.5,9.0,9.0,9.0,36.5,1.5,0.1750599520383693,True,0,finished,10.0,False
11,7,Rick Fox,Cheryl Burke,Eliminated Week 7,6,9.0,8.5,8.5,8.5,34.5,4.0,0.16546762589928057,True,1,eliminated,7.0,False
11,7,Kurt Warner,Anna Trebunskaya,Eliminated Week 8,5,9.5,8.5,8.5,8.5,35.0,3.0,0.16786570743405277,True,0,eliminated,8.0,False
11,7,Margaret Cho,Louis van Amstel,Eliminated Week 3,10,0.0,0.0,0.0,0.0,0.0,,,False,0,eliminated,3.0,True
11,7,Michael Bolton,Chelsie Hightower,Eliminated Week 2,11,0.0,0.0,0.0,0.0,0.0,,,False,0,eliminated,2.0,True
11,7,Brandy,Maksim Chmerkoskiy,Eliminated Week 9,4,9.0,9.0,9.5,9.0,36.5,1.5,0.1750599520383693,True,0,eliminated,9.0,False
11,7,The Situation,Karina Smirnoff,Eliminated Week 4,9,0.0,0.0,0.0,0.0,0.0,,,False,0,eliminated,4.0,True
11,7,Audrina Patridge,Tony Dovolani,Eliminated Week 6,7,0.0,0.0,0.0,0.0,0.0,,,False,0,eliminated,6.0,True
11,7,Bristol Palin,Mark Ballas,3rd Place,3,8.5,8.0,8.0,8.0,32.5,6.0,0.15587529976019185,True,0,finished,10.0,False
12,7,Ralph Macchio,Karina Smirnoff,Eliminated Week 9,4,9.0,8.5,7.5,8.0,33.0,1.5,0.17506631299734748,True,0,eliminated,9.0,False
12,7,Chelsea Kane,Mark Ballas,3rd Place,3,8.0,8.5,7.5,8.0,32.0,3.0,0.16976127320954906,True,0,finished,10.0,False
12,7,Kirstie Alley,Maksim Chmerkoskiy,2nd Place,2,8.0,7.0,7.0,8.0,30.0,5.5,0.15915119363395225,True,0,finished,10.0,False
12,7,Hines Ward,Kym Johnson,1st Place,1,8.0,8.0,8.0,9.0,33.0,1.5,0.17506631299734748,True,0,finished,10.0,False
12,7,Sugar Ray Leonard,Anna Trebunskaya,Eliminated Week 4,9,0.0,0.0,0.0,0.0,0.0,,,False,0,eliminated,4.0,True
12,7,Chris Jericho,Cheryl Burke,Eliminated Week 6,7,0.0,0.0,0.0,0.0,0.0,,,False,0,eliminated,6.0,True
12,7,Petra Nemcova,Dmitry Chaplin,Eliminated Week 5,8,0.0,0.0,0.0,0.0,0.0,,,False,0,eliminated,5.0,True
12,7,Mike Catherwood,Lacey Schwimmer,Eliminated Week 2,11,0.0,0.0,0.0,0.0,0.0,,,False,0,eliminated,2.0,True
12,7,Romeo,Chelsie Hightower,Eliminated Week 8,5,7.5,8.0,7.0,7.5,30.0,5.5,0.15915119363395225,True,0,eliminated,8.0,False
12,7,Wendy Williams,Tony Dovolani,Eliminated Week 3,10,0.0,0.0,0.0,0.0,0.0,,,False,0,eliminated,3.0,True
12,7,Kendra Wilkinson,Louis van Amstel,Eliminated Week 7,6,7.5,7.5,7.5,8.0,30.5,4.0,0.16180371352785147,True,1,eliminated,7.0,False
13,7,Elisabetta Canalis,Valentin Chmerkovskiy,Eliminated Week 2,11,0.0,0.0,0.0,,0.0,,,False,0,eliminated,2.0,True
13,7,David Arquette,Kym Johnson,Eliminated Week 7,6,8.0,7.5,8.0,,23.5,5.0,0.16040955631399317,True,1,eliminated,7.0,False
13,7,Ricki Lake,Derek Hough,3rd Place,3,9.0,8.5,9.0,,26.5,1.0,0.18088737201365188,True,0,finished,10.0,False
13,7,J.R. Martinez,Karina Smirnoff,1st Place,1,8.5,7.5,8.0,,24.0,4.0,0.16382252559726962,True,0,finished,10.0,False
13,7,Metta World Peace (Ron),Peta Murgatroyd,Eliminated Week 1,12,0.0,0.0,0.0,,0.0,,,False,0,eliminated,1.0,True
13,7,Hope Solo,Maksim Chmerkoskiy,Eliminated Week 9,4,8.5,8.0,8.5,,25.0,3.0,0.17064846416382254,True,0,eliminated,9.0,False
13,7,Chynna Phillips,Tony Dovolani,Eliminated Week 4,9,0.0,0.0,0.0,,0.0,,,False,0,eliminated,4.0,True
13,7,Kristin Cavallari,Mark Ballas,Eliminated Week 3,10,0.0,0.0,0.0,,0.0,,,False,0,eliminated,3.0,True
13,7,Carson Kressley,Anna Trebunskaya,Eliminated Week 5,8,0.0,0.0,0.0,,0.0,,,False,0,eliminated,5.0,True
13,7,Chaz Bono,Lacey Schwimmer,Eliminated Week 6,7,0.0,0.0,0.0,,0.0,,,False,0,eliminated,6.0,True
13,7,Nancy Grace,Tristan MacManus,Eliminated Week 8,5,7.5,7.0,7.5,,22.0,6.0,0.15017064846416384,True,0,eliminated,8.0,False
13,7,Rob Kardashian,Cheryl Burke,2nd Place,2,9.0,8.0,8.5,,25.5,2.0,0.17406143344709898,True,0,finished,10.0,False
14,7,William Levy,Cheryl Burke,3rd Place,3,9.0,8.5,9.0,,26.5,3.5,0.1444141689373297,True,0,finished,10.0,False
14,7,Jack Wagner,Anna Trebunskaya,Eliminated Week 3,11,0.0,0.0,0.0,,0.0,,,False,0,eliminated,3.0,True
14,7,Sherri Sheperd,Valentin Chmerkovskiy,Eliminated Week 4,10,0.0,0.0,0.0,,0.0,,,False,0,eliminated,4.0,True
14,7,Jaleel White,Kym Johnson,Eliminated Week 7,7,9.0,8.0,8.5,,25.5,6.0,0.13896457765667575,True,1,eliminated,7.0,False
14,7,Roshon Fegan,Chelsie Hightower,Eliminated Week 8,6,9.5,8.0,8.5,,26.0,5.0,0.14168937329700274,True,0,eliminated,8.0,False
14,7,Melissa Gilbert,Maksim Chmerkoskiy,Eliminated Week 8,5,8.0,7.5,8.0,,23.5,7.0,0.12806539509536785,True,0,eliminated,8.0,False
14,7,Martina Navratilova,Tony Dovolani,Eliminated Week 2,12,0.0,0.0,0.0,,0.0,,,False,0,eliminated,2.0,True
14,7,Donald Driver,Peta Murgatroyd,1st Place,1,9.0,8.5,9.0,,26.5,3.5,0.1444141689373297,True,0,finished,10.0,False
14,7,Gavin DeGraw,Karina Smirnoff,Eliminated Week 5,9,0.0,0.0,0.0,,0.0,,,False,0,eliminated,5.0,True
14,7,Gladys Knight,Tristan MacManus,Eliminated Week 6,8,0.0,0.0,0.0,,0.0,,,False,0,eliminated,6.0,True
14,7,Katherine Jenkins,Mark Ballas,2nd Place,2,9.5,8.5,9.0,,27.0,2.0,0.14713896457765668,True,0,finished,10.0,False
14,7,Maria Menounos,Derek Hough,Eliminated Week 9,4,10.0,9.0,9.5,,28.5,1.0,0.1553133514986376,True,0,eliminated,9.0,False
15,7,Gilles Marini,Peta Murgatroyd,Eliminated Week 8,6,11.1666,11.1666,11.1666,,33.4998,5.0,0.1384293260352406,True,0,eliminated,8.0,False
15,7,Sabrina Bryan,Louis van Amstel,Eliminated Week 6,8,0.0,0.0,0.0,,0.0,,,False,0,eliminated,6.0,True
15,7,Kirstie Alley,Maksim Chmerkoskiy,Eliminated Week 8,7,9.3333,9.3333,9.3333,,27.999899999999997,7.0,0.11570240079206841,True,0,eliminated,8.0,False
15,7,Kelly Monaco,Valentin Chmerkovskiy,3rd Place,3,12.0,12.0,12.0,,36.0,3.0,0.14876076087823395,True,0,finished,10.0,False
15,7,Apolo Anton Ohno,Karina Smirnoff,Eliminated Week 9,5,11.0,11.0,11.0,,33.0,6.0,0.1363640308050478,True,0,eliminated,9.0,False
15,7,Emmitt Smith,Cheryl Burke,Eliminated Week 9,4,10.8333,11.8333,11.8333,,34.4999,4.0,0.1425619826173051,True,0,eliminated,9.0,False
15,7,Shawn Johnson,Derek Hough,2nd Place,2,12.6666,12.6666,12.6666,,37.9998,2.0,0.15702442114501985,True,0,finished,10.0,False
15,7,Pamela Anderson,Tristan MacManus,Eliminated Week 1,13,0.0,0.0,0.0,,0.0,,,False,0,eliminated,1.0,True
15,7,Helio Castroneves,Chelsie Hightower,Eliminated Week 3,10,0.0,0.0,0.0,,0.0,,,False,0,eliminated,3.0,True
15,7,Joey Fatone,Kym Johnson,Eliminated Week 2,12,0.0,0.0,0.0,,0.0,,,False,0,eliminated,2.0,True
15,7,Drew Lachey,Anna Trebunskaya,Eliminated Week 3,11,0.0,0.0,0.0,,0.0,,,False,0,eliminated,3.0,True
15,7,Bristol Palin,Mark Ballas,Eliminated Week 4,9,0.0,0.0,0.0,,0.0,,,False,0,eliminated,4.0,True
15,7,Melissa Rycroft,Tony Dovolani,1st Place,1,13.3333,12.8333,12.8333,,38.9999,1.0,0.16115707772708435,True,0,finished,10.0,False
16,7,Ingo Rademacher,Kym Johnson,Eliminated Week 9,5,8.0,9.0,8.0,,25.0,5.0,0.1358695652173913,True,0,eliminated,9.0,False
16,7,Zendaya,Valentin Chmerkovskiy,2nd Place,2,10.0,10.0,10.0,,30.0,2.0,0.16304347826086957,True,0,finished,10.0,False
16,7,Dorothy Hamill,Tristan MacManus,Withdrew,12,0.0,0.0,0.0,,0.0,,,False,0,withdrew,2.0,True
16,7,Victor Ortiz,Lindsay Arnold,Eliminated Week 6,8,0.0,0.0,0.0,,0.0,,,False,0,eliminated,6.0,True
16,7,Alexandra Raisman,Mark Ballas,Eliminated Week 10,4,11.0,10.0,11.0,,32.0,1.0,0.17391304347826086,True,0,eliminated,10.0,False
16,7,Jacoby Jones,Karina Smirnoff,3rd Place,3,9.0,9.0,9.0,,27.0,4.0,0.14673913043478262,True,0,finished,10.0,False
16,7,D. L. Hughley,Cheryl Burke,Eliminated Week 5,9,0.0,0.0,0.0,,0.0,,,False,0,eliminated,5.0,True
16,7,Andy Dick,Sharna Burgess,Eliminated Week 7,7,5.0,6.0,6.0,,17.0,7.0,0.09239130434782608,True,1,eliminated,7.0,False
16,7,Wynonna Judd,Tony Dovolani,Eliminated Week 3,11,0.0,0.0,0.0,,0.0,,,False,0,eliminated,3.0,True
16,7,Kellie Pickler,Derek Hough,1st Place,1,9.0,10.0,10.0,,29.0,3.0,0.15760869565217392,True,0,finished,10.0,False
16,7,Lisa Vanderpump,Gleb Savchenko,Eliminated Week 4,10,0.0,0.0,0.0,,0.0,,,False,0,eliminated,4.0,True
16,7,Sean Lowe,Peta Murgatroyd,Eliminated Week 8,6,8.0,8.0,8.0,,24.0,6.0,0.13043478260869565,True,0,eliminated,8.0,False
17,7,Valerie Harper,Tristan MacManus,Eliminated Week 4,10,0.0,0.0,0.0,,0.0,,,False,0,eliminated,4.0,True
17,7,Brant Daugherty,Peta Murgatroyd,Eliminated Week 8,7,9.5,9.5,9.5,,28.5,3.5,0.12866817155756208,True,0,eliminated,8.0,False
17,7,Elizabeth Berkley Lauren,Valentin Chmerkovskiy,Eliminated Week 9,6,9.0,9.0,9.0,,27.0,5.5,0.12189616252821671,True,0,eliminated,9.0,False
17,7,Leah Remini,Tony Dovolani,Eliminated Week 10,5,9.0,8.5,9.0,,26.5,7.0,0.11963882618510158,True,0,eliminated,10.0,False
17,7,Corbin Bleu,Karina Smirnoff,2nd Place,2,10.0,9.5,10.0,,29.5,1.5,0.13318284424379231,True,0,finished,11.0,False
17,7,Amber Riley,Derek Hough,1st Place,1,10.0,10.0,9.5,,29.5,1.5,0.13318284424379231,True,0,finished,11.0,False
17,7,Keyshawn Johnson,Sharna Burgess,Eliminated Week 2,12,0.0,0.0,0.0,,0.0,,,False,0,eliminated,2.0,True
17,7,Bill Engvall,Emma Slater,Eliminated Week 11,4,8.5,8.0,8.5,,25.0,8.0,0.11286681715575621,True,0,eliminated,11.0,False
17,7,Christina Milian,Mark Ballas,Eliminated Week 5,9,0.0,0.0,0.0,,0.0,,,False,0,eliminated,5.0,True
17,7,"Nicole ""Snooki"" Polizzi",Sasha Farber,Eliminated Week 7,8,9.0,9.0,9.0,,27.0,5.5,0.12189616252821671,True,1,eliminated,7.0,False
17,7,Jack Osbourne,Cheryl Burke,3rd Place,3,10.0,9.0,9.5,,28.5,3.5,0.12866817155756208,True,0,finished,11.0,False
17,7,Bill Nye,Tyne Stecklein,Eliminated Week 3,11,0.0,0.0,0.0,,0.0,,,False,0,eliminated,3.0,True
18,7,Billy Dee Williams,Emma Slater,Withdrew,10,0.0,0.0,0.0,0.0,0.0,,,False,0,withdrew,2.0,True
18,7,Danica McKellar,Valentin Chmerkovskiy,Eliminated Week 8,6,9.0,9.5,8.5,9.0,36.0,4.0,0.1422924901185771,True,0,eliminated,8.0,False
18,7,James Maslow,Peta Murgatroyd,Eliminated Week 10,4,8.5,9.5,8.0,9.0,35.0,6.0,0.1383399209486166,True,0,eliminated,10.0,False
18,7,Candace Cameron Bure,Mark Ballas,3rd Place,3,9.0,9.5,9.0,9.5,37.0,3.0,0.14624505928853754,True,0,finished,10.0,False
18,7,Sean Avery,Karina Smirnoff,Eliminated Week 2,11,0.0,0.0,0.0,0.0,0.0,,,False,0,eliminated,2.0,True
18,7,Diana Nyad,Henry Byalikov,Eliminated Week 2,12,0.0,0.0,0.0,0.0,0.0,,,False,0,eliminated,2.0,True
18,7,Charlie White,Sharna Burgess,Eliminated Week 9,5,8.5,10.0,8.0,9.0,35.5,5.0,0.14031620553359683,True,0,eliminated,9.0,False
18,7,Amy Purdy,Derek Hough,2nd Place,2,9.5,9.5,9.0,9.5,37.5,2.0,0.1482213438735178,True,0,finished,10.0,False
18,7,Meryl Davis,Maksim Chmerkoskiy,1st Place,1,10.0,10.0,9.0,10.0,39.0,1.0,0.1541501976284585,True,0,finished,10.0,False
18,7,Drew Carey,Cheryl Burke,Eliminated Week 6,8,0.0,0.0,0.0,0.0,0.0,,,False,0,eliminated,6.0,True
18,7,Cody Simpson,Witney Carson,Eliminated Week 5,9,0.0,0.0,0.0,0.0,0.0,,,False,0,eliminated,5.0,True
18,7,NeNe Leakes,Tony Dovolani,Eliminated Week 7,7,8.0,9.0,7.5,8.5,33.0,7.0,0.13043478260869565,True,1,eliminated,7.0,False
19,7,Antonio Sabato Jr.,Cheryl Burke,Eliminated Week 7,8,7.0,7.5,7.5,7.5,29.5,7.0,0.11411992263056092,True,1,eliminated,7.0,False
19,7,Jonathan Bennett,Allison Holker,Eliminated Week 6,9,0.0,0.0,0.0,0.0,0.0,,,False,0,eliminated,6.0,True
19,7,Lea Thompson,Artem Chigvintsev,Eliminated Week 9,6,8.5,8.5,9.0,9.0,35.0,2.0,0.13539651837524178,True,0,eliminated,9.0,False
19,7,Janel Parrish,Valentin Chmerkovskiy,3rd Place,3,8.5,8.0,8.5,8.5,33.5,4.0,0.12959381044487428,True,0,finished,11.0,False
19,7,Alfonso Ribeiro,Witney Carson,1st Place,1,8.5,8.5,8.5,8.5,34.0,3.0,0.13152804642166344,True,0,finished,11.0,False
19,7,Lolo Jones,Keo Motsepe,Eliminated Week 1,13,0.0,0.0,0.0,0.0,0.0,,,False,0,eliminated,1.0,True
19,7,Randy Couture,Karina Smirnoff,Eliminated Week 3,11,0.0,0.0,0.0,0.0,0.0,,,False,0,eliminated,3.0,True
19,7,Tommy Chong,Peta Murgatroyd,Eliminated Week 10,5,7.5,7.5,7.5,7.5,30.0,6.0,0.11605415860735009,True,0,eliminated,10.0,False
19,7,Betsey Johnson,Tony Dovolani,Eliminated Week 4,10,0.0,0.0,0.0,0.0,0.0,,,False,0,eliminated,4.0,True
19,7,Michael Waltrip,Emma Slater,Eliminated Week 8,7,7.0,7.0,7.0,7.0,28.0,8.0,0.10831721470019343,True,0,eliminated,8.0,False
19,7,Tavis Smiley,Sharna Burgess,Eliminated Week 2,12,0.0,0.0,0.0,0.0,0.0,,,False,0,eliminated,2.0,True
19,7,Bethany Mota,Derek Hough,Eliminated Week 11,4,9.5,9.0,9.5,9.5,37.5,1.0,0.1450676982591876,True,0,eliminated,11.0,False
19,7,Sadie Robertson,Mark Ballas,2nd Place,2,7.5,7.5,8.0,8.0,31.0,5.0,0.11992263056092843,True,0,finished,11.0,False
20,7,Suzanne Somers,Tony Dovolani,Eliminated Week 5,9,0.0,0.0,0.0,0.0,0.0,,,False,0,eliminated,5.0,True
20,7,Willow Shields,Mark Ballas,Eliminated Week 7,7,9.5,9.5,9.5,10.5,39.0,2.0,0.15354330708661418,True,1,eliminated,7.0,False
20,7,Riker Lynch,Allison Holker,2nd Place,2,9.0,10.0,9.0,9.0,37.0,4.5,0.14566929133858267,True,0,finished,10.0,False
20,7,Rumer Willis,Valentin Chmerkovskiy,1st Place,1,8.5,9.5,9.5,9.5,37.0,4.5,0.14566929133858267,True,0,finished,10.0,False
20,7,Nastia Liukin,Derek Hough,Eliminated Week 9,4,10.75,9.75,9.75,10.75,41.0,1.0,0.16141732283464566,True,0,eliminated,9.0,False
20,7,Michael Sam,Peta Murgatroyd,Eliminated Week 4,10,0.0,0.0,0.0,0.0,0.0,,,False,0,eliminated,4.0,True
20,7,Robert Herjavec,Kym Johnson,Eliminated Week 8,6,7.0,8.0,8.0,8.0,31.0,6.5,0.1220472440944882,True,0,eliminated,8.0,False
20,7,Charlotte McKinney,Keo Motsepe,Eliminated Week 3,11,0.0,0.0,0.0,0.0,0.0,,,False,0,eliminated,3.0,True
20,7,Noah Galloway,Sharna Burgess,3rd Place,3,10.5,8.5,9.5,9.5,38.0,3.0,0.14960629921259844,True,0,finished,10.0,False
20,7,Redfoo,Emma Slater,Eliminated Week 2,12,0.0,0.0,0.0,0.0,0.0,,,False,0,eliminated,2.0,True
20,7,Patti LaBelle,Artem Chigvintsev,Eliminated Week 6,8,0.0,0.0,0.0,0.0,0.0,,,False,0,eliminated,6.0,True
20,7,Chris Soules,Witney Carson,Eliminated Week 8,5,8.0,7.0,8.0,8.0,31.0,6.5,0.1220472440944882,True,0,eliminated,8.0,False
21,7,Gary Busey,Anna Trebunskaya,Eliminated Week 4,10,0.0,0.0,0.0,,0.0,,,False,0,eliminated,4.0,True
21,7,Alexa PenaVega,Mark Ballas,Eliminated Week 9,6,9.0,9.5,9.0,,27.5,5.0,0.1244343891402715,True,0,eliminated,9.0,False
21,7,Carlos PenaVega,Witney Carson,Eliminated Week 11,4,9.0,10.0,9.0,,28.0,3.0,0.12669683257918551,True,0,eliminated,11.0,False
21,7,Victor Espinoza,Karina Smirnoff,Eliminated Week 2,12,0.0,0.0,0.0,,0.0,,,False,0,eliminated,2.0,True
21,7,Alek Skarlatos,Lindsay Arnold,3rd Place,3,9.0,9.0,8.5,,26.5,8.0,0.11990950226244344,True,0,finished,11.0,False
21,7,Chaka Khan,Keo Motsepe,Eliminated Week 2,13,0.0,0.0,0.0,,0.0,,,False,0,eliminated,2.0,True
21,7,Andy Grammer,Allison Holker,Eliminated Week 8,7,9.5,9.5,9.0,,28.0,3.0,0.12669683257918551,True,0,eliminated,8.0,False
21,7,Tamar Braxton,Valentin Chmerkovskiy,Withdrew,5,9.0,9.0,9.0,,27.0,6.5,0.12217194570135746,True,0,withdrew,9.0,False
21,7,Nick Carter,Sharna Burgess,2nd Place,2,9.0,9.0,9.0,,27.0,6.5,0.12217194570135746,True,0,finished,11.0,False
21,7,Hayes Grier,Emma Slater,Eliminated Week 7,8,9.0,9.5,9.5,,28.0,3.0,0.12669683257918551,True,1,eliminated,7.0,False
21,7,Bindi Irwin,Derek Hough,1st Place,1,9.5,10.0,9.5,,29.0,1.0,0.13122171945701358,True,0,finished,11.0,False
21,7,Kim Zolciak-Biermann,Tony Dovolani,Withdrew,11,0.0,0.0,0.0,,0.0,,,False,0,withdrew,2.0,True
21,7,Paula Deen,Louis van Amstel,Eliminated Week 6,9,0.0,0.0,0.0,,0.0,,,False,0,eliminated,6.0,True
22,7,Mischa Barton,Artem Chigvintsev,Eliminated Week 3,11,0.0,0.0,0.0,,0.0,,,False,0,eliminated,3.0,True
22,7,Kim Fields,Sasha Farber,Eliminated Week 7,8,8.5,8.5,9.0,,26.0,6.0,0.12149532710280374,True,1,eliminated,7.0,False
22,7,Jodie Sweetin,Keo Motsepe,Eliminated Week 8,6,8.0,8.5,9.0,,25.5,8.0,0.1191588785046729,True,0,eliminated,8.0,False
22,7,Doug Flutie,Karina Smirnoff,Eliminated Week 6,9,0.0,0.0,0.0,,0.0,,,False,0,eliminated,6.0,True
22,7,Von Miller,Witney Carson,Eliminated Week 7,7,8.5,8.5,9.0,,26.0,6.0,0.12149532710280374,True,1,eliminated,7.0,False
22,7,Antonio Brown,Sharna Burgess,Eliminated Week 9,5,8.5,8.5,9.0,,26.0,6.0,0.12149532710280374,True,0,eliminated,9.0,False
22,7,Paige VanZant,Mark Ballas,2nd Place,2,9.0,9.0,9.5,,27.5,3.0,0.12850467289719625,True,0,finished,10.0,False
22,7,Geraldo Rivera,Edyta Sliwinska,Eliminated Week 2,12,0.0,0.0,0.0,,0.0,,,False,0,eliminated,2.0,True
22,7,Nyle DiMarco,Peta Murgatroyd,1st Place,1,9.5,9.0,9.5,,28.0,1.0,0.1308411214953271,True,0,finished,10.0,False
22,7,Ginger Zee,Valentin Chmerkovskiy,3rd Place,3,9.0,9.0,9.5,,27.5,3.0,0.12850467289719625,True,0,finished,10.0,False
22,7,Wanya Morris,Lindsay Arnold,Eliminated Week 9,4,9.0,9.0,9.5,,27.5,3.0,0.12850467289719625,True,0,eliminated,9.0,False
22,7,Marla Maples,Tony Dovolani,Eliminated Week 4,10,0.0,0.0,0.0,,0.0,,,False,0,eliminated,4.0,True
23,7,Jake T. Austin,Jenna Johnson,Eliminated Week 2,13,0.0,0.0,0.0,0.0,0.0,,,False,0,eliminated,2.0,True
23,7,Maureen McCormick,Artem Chigvintsev,Eliminated Week 7,8,8.5,8.0,8.0,8.5,33.0,6.5,0.11978221415607986,True,1,eliminated,7.0,False
23,7,Marilu Henner,Derek Hough,Eliminated Week 9,6,7.5,8.0,8.5,8.0,32.0,8.0,0.1161524500907441,True,0,eliminated,9.0,False
23,7,Ryan Lochte,Cheryl Burke,Eliminated Week 8,7,8.5,8.0,8.0,8.5,33.0,6.5,0.11978221415607986,True,0,eliminated,8.0,False
23,7,Calvin Johnson Jr.,Lindsay Arnold,3rd Place,3,9.5,9.0,9.0,9.5,37.0,1.5,0.13430127041742287,True,0,finished,11.0,False
23,7,Laurie Hernandez,Valentin Chmerkovskiy,1st Place,1,8.0,8.5,9.0,9.0,34.5,4.0,0.12522686025408347,True,0,finished,11.0,False
23,7,Amber Rose,Maksim Chmerkoskiy,Eliminated Week 6,9,0.0,0.0,0.0,0.0,0.0,,,False,0,eliminated,6.0,True
23,7,Rick Perry,Emma Slater,Eliminated Week 3,12,0.0,0.0,0.0,0.0,0.0,,,False,0,eliminated,3.0,True
23,7,James Hinchcliffe,Sharna Burgess,2nd Place,2,9.5,9.0,9.0,9.5,37.0,1.5,0.13430127041742287,True,0,finished,11.0,False
23,7,Babyface,Allison Holker,Eliminated Week 4,11,0.0,0.0,0.0,0.0,0.0,,,False,0,eliminated,4.0,True
23,7,Vanilla Ice,Witney Carson,Eliminated Week 4,10,0.0,0.0,0.0,0.0,0.0,,,False,0,eliminated,4.0,True
23,7,Jana Kramer,Gleb Savchenko,Eliminated Week 11,4,8.0,8.5,9.0,9.0,34.5,4.0,0.12522686025408347,True,0,eliminated,11.0,False
23,7,Terra Jole,Sasha Farber,Eliminated Week 10,5,8.5,8.5,9.0,8.5,34.5,4.0,0.12522686025408347,True,0,eliminated,10.0,False
24,7,Charo,Keo Motsepe,Eliminated Week 3,11,0.0,0.0,0.0,0.0,0.0,,,False,0,eliminated,3.0,True
24,7,Mr. T,Kym Herjavec,Eliminated Week 4,10,0.0,0.0,0.0,0.0,0.0,,,False,0,eliminated,4.0,True
24,7,Heather Morris,Maksim Chmerkoskiy,Eliminated Week 6,8,0.0,0.0,0.0,0.0,0.0,,,False,0,eliminated,6.0,True
24,7,Nancy Kerrigan,Artem Chigvintsev,Eliminated Week 7,7,9.0,9.0,9.0,9.0,36.0,4.0,0.1422924901185771,True,1,eliminated,7.0,False
24,7,Bonner Bolton,Sharna Burgess,Eliminated Week 8,5,7.5,7.5,8.5,7.5,31.0,7.0,0.1225296442687747,True,0,eliminated,8.0,False
24,7,Simone Biles,Sasha Farber,Eliminated Week 9,4,10.5,9.5,9.5,9.5,39.0,2.5,0.1541501976284585,True,0,eliminated,9.0,False
24,7,David Ross,Lindsay Arnold,2nd Place,2,8.0,8.0,8.0,8.0,32.0,6.0,0.12648221343873517,True,0,finished,10.0,False
24,7,Rashad Jennings,Emma Slater,1st Place,1,9.5,9.5,10.5,9.5,39.0,2.5,0.1541501976284585,True,0,finished,10.0,False
24,7,Chris Kattan,Witney Carson,Eliminated Week 2,12,0.0,0.0,0.0,0.0,0.0,,,False,0,eliminated,2.0,True
24,7,Erika Jayne,Gleb Savchenko,Eliminated Week 5,9,0.0,0.0,0.0,0.0,0.0,,,False,0,eliminated,5.0,True
24,7,Normani,Valentin Chmerkovskiy,3rd Place,3,10.5,10.5,10.5,10.5,42.0,1.0,0.16600790513833993,True,0,finished,10.0,False
24,7,Nick Viall,Peta Murgatroyd,Eliminated Week 7,6,8.0,8.0,9.0,9.0,34.0,5.0,0.13438735177865613,True,1,eliminated,7.0,False
25,7,Sasha Pieterse,Gleb Savchenko,Eliminated Week 5,10,0.0,0.0,0.0,,0.0,,,False,0,eliminated,5.0,True
25,7,Frankie Muniz,Witney Carson,3rd Place,3,10.0,10.0,10.0,,30.0,1.0,0.13953488372093023,True,0,finished,10.0,False
25,7,Jordan Fisher,Lindsay Arnold,1st Place,1,9.0,9.0,9.0,,27.0,4.5,0.12558139534883722,True,0,finished,10.0,False
25,7,Derek Fisher,Sharna Burgess,Eliminated Week 4,11,0.0,0.0,0.0,,0.0,,,False,0,eliminated,4.0,True
25,7,Nikki Bella,Artem Chigvintsev,Eliminated Week 7,8,8.0,8.0,8.0,,24.0,8.0,0.11162790697674418,True,1,eliminated,7.0,False
25,7,Terrell Owens,Cheryl Burke,Eliminated Week 8,6,8.0,8.0,8.5,,24.5,7.0,0.11395348837209303,True,0,eliminated,8.0,False
25,7,Victoria Arlen,Valentin Chmerkovskiy,Eliminated Week 9,5,9.5,9.5,9.5,,28.5,2.5,0.1325581395348837,True,0,eliminated,9.0,False
25,7,Barbara Corcoran,Keo Motsepe,Eliminated Week 2,13,0.0,0.0,0.0,,0.0,,,False,0,eliminated,2.0,True
25,7,Lindsey Stirling,Mark Ballas,2nd Place,2,8.5,8.5,8.5,,25.5,6.0,0.1186046511627907,True,0,finished,10.0,False
25,7,Debbie Gibson,Alan Bersten,Eliminated Week 2,12,0.0,0.0,0.0,,0.0,,,False,0,eliminated,2.0,True
25,7,Nick Lachey,Peta Murgatroyd,Eliminated Week 6,9,0.0,0.0,0.0,,0.0,,,False,0,eliminated,6.0,True
25,7,Drew Scott,Emma Slater,Eliminated Week 10,4,9.5,9.5,9.5,,28.5,2.5,0.1325581395348837,True,0,eliminated,10.0,False
25,7,Vanessa Lachey,Maksim Chmerkoskiy,Eliminated Week 7,7,9.0,9.0,9.0,,27.0,4.5,0.12558139534883722,True,1,eliminated,7.0,False
27,7,Juan Pablo Di Pace,Cheryl Burke,Eliminated Week 8,5,9.5,9.0,9.5,,28.0,3.0,0.12873563218390804,True,0,eliminated,8.0,False
27,7,Evanna Lynch,Keo Motsepe,3rd Place,3,10.0,9.5,10.0,,29.5,1.0,0.135632183908046,True,0,finished,9.0,False
27,7,Nancy McKeon,Valentin Chmerkovskiy,Eliminated Week 3,11,0.0,0.0,0.0,,0.0,,,False,0,eliminated,3.0,True
27,7,John Schneider,Emma Slater,Eliminated Week 7,8,9.0,9.0,9.0,,27.0,5.0,0.12413793103448276,True,1,eliminated,7.0,False
27,7,Milo Manheim,Witney Carson,2nd Place,2,10.0,9.0,10.0,,29.0,2.0,0.13333333333333333,True,0,finished,9.0,False
27,7,Danelle Umstead,Artem Chigvintsev,Eliminated Week 2,12,0.0,0.0,0.0,,0.0,,,False,0,eliminated,2.0,True
27,7,Mary Lou Retton,Sasha Farber,Eliminated Week 6,9,0.0,0.0,0.0,,0.0,,,False,0,eliminated,6.0,True
27,7,DeMarcus Ware,Lindsay Arnold,Eliminated Week 7,7,9.0,8.5,9.0,,26.5,6.5,0.12183908045977011,True,1,eliminated,7.0,False
27,7,Nikki Glaser,Gleb Savchenko,Eliminated Week 1,13,0.0,0.0,0.0,,0.0,,,False,0,eliminated,1.0,True
27,7,Bobby Bones,Sharna Burgess,1st Place,1,9.0,8.5,9.0,,26.5,6.5,0.12183908045977011,True,0,finished,9.0,False
27,7,Tinashe,Brandon Armstrong,Eliminated Week 4,10,0.0,0.0,0.0,,0.0,,,False,0,eliminated,4.0,True
27,7,Alexis Ren,Alan Bersten,4th Place,4,9.0,9.0,9.5,,27.5,4.0,0.12643678160919541,True,0,finished,9.0,False
27,7,Joe Amabile,Jenna Johnson,Eliminated Week 8,6,8.0,7.5,8.0,,23.5,8.0,0.10804597701149425,True,0,eliminated,8.0,False
28,7,Kate Flannery,Pasha Pashkov,Eliminated Week 8,7,8.0,8.0,8.0,,24.0,7.0,0.1188118811881188,True,0,eliminated,8.0,False
28,7,James Van Der Beek,Emma Slater,Eliminated Week 10,5,9.0,9.0,9.0,,27.0,2.0,0.13366336633663367,True,0,eliminated,10.0,False
28,7,Kel Mitchell,Witney Carson,2nd Place,2,8.5,8.5,8.5,,25.5,5.0,0.12623762376237624,True,0,finished,11.0,False
28,7,Ray Lewis,Cheryl Burke,Withdrew,11,0.0,0.0,0.0,,0.0,,,False,0,withdrew,2.0,True
28,7,Lamar Odom,Peta Murgatroyd,Eliminated Week 4,10,0.0,0.0,0.0,,0.0,,,False,0,eliminated,4.0,True
28,7,Sailor Brinkley-Cook,Valentin Chmerkovskiy,Eliminated Week 6,9,0.0,0.0,0.0,,0.0,,,False,0,eliminated,6.0,True
28,7,Sean Spicer,Lindsay Arnold,Eliminated Week 9,6,7.0,7.0,7.0,,21.0,8.0,0.10396039603960396,True,0,eliminated,9.0,False
28,7,Mary Wilson,Brandon Armstrong,Eliminated Week 2,12,0.0,0.0,0.0,,0.0,,,False,0,eliminated,2.0,True
28,7,Lauren Alaina,Gleb Savchenko,4th Place,4,9.0,9.0,9.0,,27.0,2.0,0.13366336633663367,True,0,finished,11.0,False
28,7,Ally Brooke,Sasha Farber,3rd Place,3,9.0,9.0,9.0,,27.0,2.0,0.13366336633663367,True,0,finished,11.0,False
28,7,Karamo Brown,Jenna Johnson,Eliminated Week 7,8,8.5,8.0,8.0,,24.5,6.0,0.12128712871287128,True,1,eliminated,7.0,False
28,7,Hannah Brown,Alan Bersten,1st Place,1,8.5,9.0,8.5,,26.0,4.0,0.12871287128712872,True,0,finished,11.0,False
29,7,Anne Heche,Keo Motsepe,Eliminated Week 4,13,0.0,0.0,0.0,,0.0,,,False,0,eliminated,4.0,True
29,7,Jesse Metcalfe,Sharna Burgess,Eliminated Week 5,12,0.0,0.0,0.0,,0.0,,,False,0,eliminated,5.0,True
29,7,Chrishell Stause,Gleb Savchenko,Eliminated Week 8,8,9.0,9.0,8.0,,26.0,6.0,0.1,True,0,eliminated,8.0,False
29,7,Skai Jackson,Alan Bersten,Eliminated Week 10,5,9.0,9.0,9.0,,27.0,3.0,0.10384615384615385,True,0,eliminated,10.0,False
29,7,Justina Machado,Sasha Farber,4th Place,4,9.0,9.0,8.0,,26.0,6.0,0.1,True,0,finished,11.0,False
29,7,Charles Oakley,Emma Slater,Eliminated Week 2,15,0.0,0.0,0.0,,0.0,,,False,0,eliminated,2.0,True
29,7,Veron Davis,Peta Murgatroyd,Eliminated Week 6,11,0.0,0.0,0.0,,0.0,,,False,0,eliminated,6.0,True
29,7,Johnny Weir,Britt Stewart,Eliminated Week 10,6,9.0,9.0,9.0,,27.0,3.0,0.10384615384615385,True,0,eliminated,10.0,False
29,7,Nev Schulman,Jenna Johnson,2nd Place,2,10.0,10.0,10.0,,30.0,1.0,0.11538461538461539,True,0,finished,11.0,False
29,7,AJ McLean,Cheryl Burke,Eliminated Week 9,7,9.0,8.0,9.0,,26.0,6.0,0.1,True,0,eliminated,9.0,False
29,7,Nelly,Daniella Karagach,3rd Place,3,9.0,9.0,9.0,,27.0,3.0,0.10384615384615385,True,0,finished,11.0,False
29,7,Kaitlyn Bristowe,Artem Chigvintsev,1st Place,1,7.0,9.0,8.0,,24.0,9.0,0.09230769230769231,True,0,finished,11.0,False
29,7,Carole Baskin,Pasha Pashkov,Eliminated Week 3,14,0.0,0.0,0.0,,0.0,,,False,0,eliminated,3.0,True
29,7,Monica Aldama,Valentin Chmerkovskiy,Eliminated Week 7,10,7.0,8.0,7.0,,22.0,10.0,0.08461538461538462,True,1,eliminated,7.0,False
29,7,Jeannie Mai,Brandon Armstrong,Withdrew,9,8.0,9.0,8.0,,25.0,8.0,0.09615384615384616,True,0,withdrew,7.0,False
30,7,Martin Kove,Britt Stewart,Eliminated Week 2,15,0.0,0.0,0.0,0.0,0.0,,,False,0,eliminated,2.0,True
30,7,Brian Austin Green,Sharna Burgess,Eliminated Week 4,13,0.0,0.0,0.0,0.0,0.0,,,False,0,eliminated,4.0,True
30,7,Melora Hardin,Artem Chigvintsev,Eliminated Week 9,6,9.5,9.5,9.5,9.5,38.0,3.5,0.1162079510703364,True,0,eliminated,9.0,False
30,7,Matt James,Lindsay Arnold,Eliminated Week 4,12,0.0,0.0,0.0,0.0,0.0,,,False,0,eliminated,4.0,True
30,7,"Mike ""The Miz"" Mizanin",Witney Carson,Eliminated Week 7,9,8.0,8.0,8.0,8.0,32.0,9.0,0.09785932721712538,True,1,eliminated,7.0,False
30,7,Suni Lee,Sasha Farber,Eliminated Week 9,5,8.25,8.25,8.25,9.25,34.0,7.0,0.10397553516819572,True,0,eliminated,9.0,False
30,7,Iman Shumpert,Daniella Karagach,1st Place,1,9.5,7.5,8.5,8.5,34.0,7.0,0.10397553516819572,True,0,finished,10.0,False
30,7,Cody Rigsby,Cheryl Burke,3rd Place,3,8.5,8.5,9.5,9.5,36.0,5.0,0.11009174311926606,True,0,finished,10.0,False
30,7,Melanie C,Gleb Savchenko,Eliminated Week 5,11,0.0,0.0,0.0,0.0,0.0,,,False,0,eliminated,5.0,True
30,7,Jimmie Allen,Emma Slater,Eliminated Week 8,7,9.0,9.0,10.0,10.0,38.0,3.5,0.1162079510703364,True,0,eliminated,8.0,False
30,7,Olivia Jade,Valentin Chmerkovskiy,Eliminated Week 8,8,11.0,9.0,11.0,11.0,42.0,1.0,0.12844036697247707,True,0,eliminated,8.0,False
30,7,JoJo Siwa,Jenna Johnson,2nd Place,2,10.0,9.0,10.0,10.0,39.0,2.0,0.11926605504587157,True,0,finished,10.0,False
30,7,Christine Chiu,Pasha Pashkov,Eliminated Week 3,14,0.0,0.0,0.0,0.0,0.0,,,False,0,eliminated,3.0,True
30,7,Kenya Moore,Brandon Armstrong,Eliminated Week 6,10,0.0,0.0,0.0,0.0,0.0,,,False,0,eliminated,6.0,True
30,7,Amanda Kloots,Alan Bersten,4th Place,4,8.25,8.25,8.25,9.25,34.0,7.0,0.10397553516819572,True,0,finished,10.0,False
31,7,Jason Lewis,Peta Murgatroyd,Eliminated Week 1,16,0.0,0.0,0.0,0.0,0.0,,,False,0,eliminated,1.0,True
31,7,Cheryl Ladd,Louis van Amstel,Eliminated Week 3,14,0.0,0.0,0.0,0.0,0.0,,,False,0,eliminated,3.0,True
31,7,Selma Blair,Sasha Farber,Withdrew,12,0.0,0.0,0.0,0.0,0.0,,,False,0,withdrew,5.0,True
31,7,Joseph Baena,Daniella Karagach,Eliminated Week 5,11,0.0,0.0,0.0,0.0,0.0,,,False,0,eliminated,5.0,True
31,7,Trevor Donovan,Emma Slater,Eliminated Week 9,6,10.0,9.0,10.0,10.0,39.0,1.5,0.11981566820276497,True,0,eliminated,9.0,False
31,7,Daniel Durant,Britt Stewart,Eliminated Week 9,5,9.0,8.5,9.5,9.5,36.5,4.5,0.11213517665130568,True,0,eliminated,9.0,False
31,7,Wayne Brady,Witney Carson,3rd Place,3,9.5,9.0,9.5,10.0,38.0,3.0,0.11674347158218126,True,0,finished,10.0,False
31,7,Sam Champion,Cheryl Burke,Eliminated Week 4,13,0.0,0.0,0.0,0.0,0.0,,,False,0,eliminated,4.0,True
31,7,Jessie James Decker,Alan Bersten,Eliminated Week 6,10,0.0,0.0,0.0,0.0,0.0,,,False,0,eliminated,6.0,True
31,7,Jordin Sparks,Brandon Armstrong,Eliminated Week 7,9,8.5,9.0,8.5,8.5,34.5,8.0,0.10599078341013825,True,1,eliminated,7.0,False
31,7,Heidi D'Amelio,Artem Chigvintsev,Eliminated Week 8,8,8.5,9.0,9.0,8.5,35.0,7.0,0.10752688172043011,True,0,eliminated,8.0,False
31,7,Charli D'Amelio,Mark Ballas,1st Place,1,9.5,9.5,10.0,10.0,39.0,1.5,0.11981566820276497,True,0,finished,10.0,False
31,7,Teresa Giudice,Pasha Pashkov,Eliminated Week 2,15,0.0,0.0,0.0,0.0,0.0,,,False,0,eliminated,2.0,True
31,7,Vinny Guadagnino,Koko Iwasaki,Eliminated Week 8,7,7.5,8.0,8.0,8.0,31.5,9.0,0.0967741935483871,True,0,eliminated,8.0,False
31,7,Shangela,Gleb Savchenko,4th Place,4,9.0,9.5,9.0,9.0,36.5,4.5,0.11213517665130568,True,0,finished,10.0,False
31,7,Gabby Windey,Valentin Chmerkovskiy,2nd Place,2,9.0,9.0,8.5,9.0,35.5,6.0,0.10906298003072197,True,0,finished,10.0,False
32,7,Jamie Lynn Spears,Alan Bersten,Eliminated Week 2,13,0.0,0.0,0.0,0.0,0.0,,,False,0,eliminated,2.0,True
32,7,Mira Sorvino,Gleb Savchenko,Eliminated Week 5,10,0.0,0.0,0.0,0.0,0.0,,,False,0,eliminated,5.0,True
32,7,Barry Williams,Peta Murgatroyd,Eliminated Week 8,7,8.0,8.0,8.5,8.0,32.5,7.0,0.11524822695035461,True,0,eliminated,8.0,False
32,7,Alyson Hannigan,Sasha Farber,5th Place,5,8.5,8.5,9.5,8.5,35.0,6.0,0.12411347517730496,True,0,finished,11.0,False
32,7,Xochitl Gomez,Valentin Chmerkovskiy,1st Place,1,9.5,9.0,9.5,9.0,37.0,1.5,0.13120567375886524,True,0,finished,11.0,False
32,7,Adrian Peterson,Britt Stewart,Eliminated Week 4,11,0.0,0.0,0.0,0.0,0.0,,,False,0,eliminated,4.0,True
32,7,Matt Walsh,Koko Iwasaki,Eliminated Week 1,14,0.0,0.0,0.0,0.0,0.0,,,False,0,eliminated,1.0,True
32,7,Tyson Beckford,Jenna Johnson,Eliminated Week 3,12,0.0,0.0,0.0,0.0,0.0,,,False,0,eliminated,3.0,True
32,7,Jason Mraz,Daniella Karagach,2nd Place,2,8.5,8.5,10.0,9.0,36.0,4.5,0.1276595744680851,True,0,finished,11.0,False
32,7,Lele Pons,Brandon Armstrong,Eliminated Week 7,8,9.5,9.0,9.0,9.0,36.5,3.0,0.12943262411347517,True,1,eliminated,7.0,False
32,7,Harry Jowsey,Rylee Arnold,Eliminated Week 9,6,8.0,8.0,8.0,8.0,32.0,8.0,0.11347517730496454,True,0,eliminated,9.0,False
32,7,Mauricio Umansky,Emma Slater,Eliminated Week 6,9,0.0,0.0,0.0,0.0,0.0,,,False,0,eliminated,6.0,True
32,7,Charity Lawson,Artem Chigvintsev,4th Place,4,9.0,9.0,9.0,9.0,36.0,4.5,0.1276595744680851,True,0,finished,11.0,False
32,7,Ariana Madix,Pasha Pashkov,3rd Place,3,9.0,9.0,10.0,9.0,37.0,1.5,0.13120567375886524,True,0,finished,11.0,False
33,7,Tori Spelling,Pasha Pashkov,Eliminated Week 2,12,0.0,0.0,0.0,,0.0,,,False,0,eliminated,2.0,True
33,7,Eric Roberts,Britt Stewart,Eliminated Week 3,10,0.0,0.0,0.0,,0.0,,,False,0,eliminated,3.0,True
33,7,Reginald VelJohnson,Emma Slater,Eliminated Week 3,10,0.0,0.0,0.0,,0.0,,,False,0,eliminated,3.0,True
33,7,Chandler Kinney,Brandon Armstrong,3rd Place,3,10.0,10.0,10.0,,30.0,1.0,0.1875,True,0,finished,9.0,False
33,7,Dwight Howard ,Daniella Karagach,Eliminated Week 7,6,8.0,8.0,8.0,,24.0,6.0,0.15,True,1,eliminated,7.0,False
33,7,Danny Amendola,Witney Carson,5th Place,5,8.5,8.5,8.5,,25.5,5.0,0.159375,True,0,finished,9.0,False
33,7,Stephen Nedoroscik,Rylee Arnold,4th Place,4,9.5,9.0,8.5,,27.0,3.0,0.16875,True,0,finished,9.0,False
33,7,Ilona Maher,Alan Bersten,2nd Place,2,9.0,8.5,8.5,,26.0,4.0,0.1625,True,0,finished,9.0,False
33,7,Anna Delvey,Ezra Sosa,Eliminated Week 2,12,0.0,0.0,0.0,,0.0,,,False,0,eliminated,2.0,True
33,7,Brooks Nader,Gleb Savchenko,Eliminated Week 4,9,0.0,0.0,0.0,,0.0,,,False,0,eliminated,4.0,True
33,7,Phaedra Parks,Val Chmerkovskiy,Eliminated Week 5,8,0.0,0.0,0.0,,0.0,,,False,0,eliminated,5.0,True
33,7,Jenn Tran,Sasha Farber,Eliminated Week 6,7,0.0,0.0,0.0,,0.0,,,False,0,eliminated,6.0,True
33,7,Joey Graziadei,Jenna Johnson,1st Place,1,9.0,9.5,9.0,,27.5,2.0,0.171875,True,0,finished,9.0,False
34,7,Corey Feldman,Jenna Johnson,Eliminated Week 2,13,0.0,0.0,0.0,0.0,0.0,,,False,0,eliminated,2.0,True
34,7,Danielle Fishel,Pasha Pashkov,Eliminated Week 8,8,8.5,8.5,8.5,9.5,35.0,6.0,0.10542168674698796,True,0,eliminated,8.0,False
34,7,Elaine Hendrix,Alan Bersten (Rashad Jennings week 9),5th Place,5,8.0,8.0,8.0,8.0,32.0,8.0,0.0963855421686747,True,0,finished,11.0,False
34,7,Baron Davis,Britt Stewart,Eliminated Week 2,13,0.0,0.0,0.0,0.0,0.0,,,False,0,eliminated,2.0,True
34,7,Jordan Chiles,Ezra Sosa (Apolo Anton Ohno week 9),3rd Place,3,10.0,9.0,9.0,10.0,38.0,4.5,0.1144578313253012,True,0,finished,11.0,False
34,7,Andy Richter,Emma Slater/Kaitlyn Bristowe (week 9),Eliminated Week 9,7,7.25,7.25,7.25,7.25,29.0,9.0,0.08734939759036145,True,0,eliminated,9.0,False
34,7,Robert Irwin,Witney Carson (Xoshitl Gomez week 9),1st Place,1,10.75,9.75,9.75,10.75,41.0,3.0,0.12349397590361445,True,0,finished,11.0,False
34,7,Hilaria Baldwin,Gleb Savchenko,Eliminated Week 4,11,0.0,0.0,0.0,0.0,0.0,,,False,0,eliminated,4.0,True
34,7,Lauren Jauregui,Brandon Armstrong,Eliminated Week 3,12,0.0,0.0,0.0,0.0,0.0,,,False,0,eliminated,3.0,True
34,7,Scott Hoying,Rylee Arnold,Eliminated Week 6,10,0.0,0.0,0.0,0.0,0.0,,,False,0,eliminated,6.0,True
34,7,Alix Earle,Val Chmerkovskiy (Joey Graziadei week 9),2nd Place,2,11.0,11.0,10.0,11.0,43.0,1.0,0.12951807228915663,True,0,finished,11.0,False
34,7,Jen Affleck,Jan Ravnik,Eliminated Week 7,9,8.5,8.5,8.5,8.5,34.0,7.0,0.10240963855421686,True,1,eliminated,7.0,False
34,7,Whitney Leavitt,Mark Ballas,Eliminated Week 10,6,10.25,10.25,10.25,11.25,42.0,2.0,0.12650602409638553,True,0,eliminated,10.0,False
34,7,Dylan Efron,Daniella Karagach (Rumer Willis week 9),4th Place,4,9.75,9.75,8.75,9.75,38.0,4.5,0.1144578313253012,True,0,finished,11.0,False
2,8,Tatum O'Neal,Nick Kosovich,Eliminated Week 2,9,0.0,0.0,0.0,,0.0,,,False,0,eliminated,2.0,True
2,8,Tia Carrere,Maksim Chmerkoskiy,Eliminated Week 5,6,0.0,0.0,0.0,,0.0,,,False,0,eliminated,5.0,True
2,8,George Hamilton,Edyta Sliwinska,Eliminated Week 6,5,0.0,0.0,0.0,,0.0,,,False,0,eliminated,6.0,True
2,8,Lisa Rinna,Louis van Amstel,Eliminated Week 7,4,0.0,0.0,0.0,,0.0,,,False,0,eliminated,7.0,True
2,8,Stacy Keibler,Tony Dovolani,3rd Place,3,9.3333,9.6666,9.6666,,28.6665,2.0,0.33992071896021603,True,0,finished,8.0,False
2,8,Jerry Rice,Anna Trebunskaya,2nd Place,2,9.0,9.0,8.6666,,26.666600000000003,3.0,0.31620636785880724,True,0,finished,8.0,False
2,8,Giselle Fernandez,Jonathan Roberts,Eliminated Week 3,8,0.0,0.0,0.0,,0.0,,,False,0,eliminated,3.0,True
2,8,Master P,Ashly DelGrosso,Eliminated Week 4,7,0.0,0.0,0.0,,0.0,,,False,0,eliminated,4.0,True
2,8,Drew Lachey,Cheryl Burke,1st Place,1,9.6666,9.6666,9.6666,,28.9998,1.0,0.34387291318097685,True,0,finished,8.0,False
2,8,Kenny Mayne,Andrea Hale,Eliminated Week 1,10,0.0,0.0,0.0,,0.0,,,False,0,eliminated,1.0,True
3,8,Harry Hamlin,Ashly DelGrosso,Eliminated Week 3,9,0.0,0.0,0.0,,0.0,,,False,0,eliminated,3.0,True
3,8,Vivica A. Fox,Nick Kosovich,Eliminated Week 4,8,0.0,0.0,0.0,,0.0,,,False,0,eliminated,4.0,True
3,8,Monique Coleman,Louis van Amstel,Eliminated Week 8,4,8.5,9.0,9.0,,26.5,4.0,0.24311926605504589,True,1,eliminated,8.0,False
3,8,Joey Lawrence,Edyta Sliwinska,3rd Place,3,9.5,8.5,9.0,,27.0,2.5,0.24770642201834864,True,0,finished,9.0,False
3,8,Mario Lopez,Karina Smirnoff,2nd Place,2,9.5,9.0,10.0,,28.5,1.0,0.26146788990825687,True,0,finished,10.0,False
3,8,Emmitt Smith,Cheryl Burke,1st Place,1,8.5,9.0,9.5,,27.0,2.5,0.24770642201834864,True,0,finished,10.0,False
3,8,Shanna Moakler,Jesse DeSoto,Eliminated Week 2,10,0.0,0.0,0.0,,0.0,,,False,0,eliminated,2.0,True
3,8,Willa Ford,Maksim Chmerkoskiy,Eliminated Week 5,7,0.0,0.0,0.0,,0.0,,,False,0,eliminated,5.0,True
3,8,Sara Evans,Tony Dovolani,Withdrew,6,0.0,0.0,0.0,,0.0,,,False,0,withdrew,5.0,True
3,8,Jerry Springer,Kym Johnson,Eliminated Week 7,5,0.0,0.0,0.0,,0.0,,,False,0,eliminated,7.0,True
3,8,Tucker Carlson,Elena Grinenko,Eliminated Week 1,11,0.0,0.0,0.0,,0.0,,,False,0,eliminated,1.0,True
4,8,John Ratzenberger,Edyta Sliwinska,Eliminated Week 7,6,0.0,0.0,0.0,,0.0,,,False,0,eliminated,7.0,True
4,8,Ian Ziering,Cheryl Burke,Eliminated Week 9,4,8.0,7.5,8.0,,23.5,4.0,0.18725099601593626,True,0,eliminated,9.0,False
4,8,Clyde Drexler,Elena Grinenko,Eliminated Week 5,8,0.0,0.0,0.0,,0.0,,,False,0,eliminated,5.0,True
4,8,Laila Ali,Maksim Chmerkoskiy,3rd Place,3,9.0,8.5,9.0,,26.5,3.0,0.21115537848605578,True,0,finished,10.0,False
4,8,Apolo Anton Ohno,Julianne Hough,1st Place,1,10.0,9.0,10.0,,29.0,1.0,0.23107569721115537,True,0,finished,10.0,False
4,8,Shandi Finnessey,Brian Fortuna,Eliminated Week 3,10,0.0,0.0,0.0,,0.0,,,False,0,eliminated,3.0,True
4,8,Paulina Porizkova,Alec Mazo,Eliminated Week 2,11,0.0,0.0,0.0,,0.0,,,False,0,eliminated,2.0,True
4,8,Heather Mills,Jonathan Roberts,Eliminated Week 6,7,0.0,0.0,0.0,,0.0,,,False,0,eliminated,6.0,True
4,8,Billy Ray Cyrus,Karina Smirnoff,Eliminated Week 8,5,6.5,6.5,6.0,,19.0,5.0,0.15139442231075698,True,1,eliminated,8.0,False
4,8,Joey Fatone,Kym Johnson,2nd Place,2,9.5,9.0,9.0,,27.5,2.0,0.21912350597609562,True,0,finished,10.0,False
4,8,Leeza Gibbons,Tony Dovolani,Eliminated Week 4,9,0.0,0.0,0.0,,0.0,,,False,0,eliminated,4.0,True
5,8,Cameron Mathison,Edyta Sliwinska,Eliminated Week 8,5,8.5,8.5,8.5,,25.5,3.0,0.19391634980988592,True,1,eliminated,8.0,False
5,8,Jane Seymour,Tony Dovolani,Eliminated Week 7,6,0.0,0.0,0.0,,0.0,,,False,0,eliminated,7.0,True
5,8,Sabrina Bryan,Mark Ballas,Eliminated Week 6,7,0.0,0.0,0.0,,0.0,,,False,0,eliminated,6.0,True
5,8,Jennie Garth,Derek Hough,Eliminated Week 9,4,8.5,8.5,8.0,,25.0,4.0,0.19011406844106463,True,0,eliminated,9.0,False
5,8,Floyd Mayweather Jr. ,Karina Smirnoff,Eliminated Week 4,9,0.0,0.0,0.0,,0.0,,,False,0,eliminated,4.0,True
5,8,Josie Maran,Alec Mazo,Eliminated Week 1,12,0.0,0.0,0.0,,0.0,,,False,0,eliminated,1.0,True
5,8,Albert Reed,Anna Trebunskaya,Eliminated Week 2,11,0.0,0.0,0.0,,0.0,,,False,0,eliminated,2.0,True
5,8,Helio Castroneves,Julianne Hough,1st Place,1,9.5,9.5,9.5,,28.5,1.0,0.21673003802281368,True,0,finished,10.0,False
5,8,Mel B,Maksim Chmerkoskiy,2nd Place,2,9.0,9.5,9.5,,28.0,2.0,0.21292775665399238,True,0,finished,10.0,False
5,8,Wayne Newton,Cheryl Burke,Eliminated Week 3,10,0.0,0.0,0.0,,0.0,,,False,0,eliminated,3.0,True
5,8,Marie Osmond,Jonathan Roberts,3rd Place,3,8.0,8.5,8.0,,24.5,5.0,0.18631178707224336,True,0,finished,10.0,False
5,8,Mark Cuban,Kym Johnson,Eliminated Week 5,8,0.0,0.0,0.0,,0.0,,,False,0,eliminated,5.0,True
6,8,Cristian de la Fuente,Cheryl Burke,3rd Place,3,10.0,9.0,9.5,,28.5,1.0,0.21348314606741572,True,0,finished,10.0,False
6,8,Steve Guttenberg,Anna Trebunskaya,Eliminated Week 3,10,0.0,0.0,0.0,,0.0,,,False,0,eliminated,3.0,True
6,8,Priscilla Presley,Louis van Amstel,Eliminated Week 5,8,0.0,0.0,0.0,,0.0,,,False,0,eliminated,5.0,True
6,8,Marlee Matlin,Fabian Sanchez,Eliminated Week 6,7,0.0,0.0,0.0,,0.0,,,False,0,eliminated,6.0,True
6,8,Shannon Elizabeth,Derek Hough,Eliminated Week 7,6,0.0,0.0,0.0,,0.0,,,False,0,eliminated,7.0,True
6,8,Marissa Jaret Winokur,Tony Dovolani,Eliminated Week 9,4,8.5,8.0,8.5,,25.0,5.0,0.18726591760299627,True,0,eliminated,9.0,False
6,8,Jason Taylor,Edyta Sliwinska,2nd Place,2,9.0,8.0,9.0,,26.0,4.0,0.1947565543071161,True,0,finished,10.0,False
6,8,Kristi Yamaguchi,Mark Ballas,1st Place,1,8.5,9.5,9.5,,27.5,2.0,0.20599250936329588,True,0,finished,10.0,False
6,8,Monica Seles,Jonathan Roberts,Eliminated Week 2,11,0.0,0.0,0.0,,0.0,,,False,0,eliminated,2.0,True
6,8,Penn Jillette,Kym Johnson,Eliminated Week 2,12,0.0,0.0,0.0,,0.0,,,False,0,eliminated,2.0,True
6,8,Adam Carolla,Julianne Hough,Eliminated Week 4,9,0.0,0.0,0.0,,0.0,,,False,0,eliminated,4.0,True
6,8,Mario,Karina Smirnoff,Eliminated Week 8,5,9.0,8.5,9.0,,26.5,3.0,0.19850187265917604,True,1,eliminated,8.0,False
7,8,Ted McGinley,Inna Brayer,Eliminated Week 1,12,0.0,0.0,0.0,,0.0,,,False,0,eliminated,1.0,True
7,8,Cloris Leachman,Corky Ballas,Eliminated Week 6,7,0.0,0.0,0.0,,0.0,,,False,0,eliminated,6.0,True
7,8,Susan Lucci,Tony Dovolani,Eliminated Week 7,6,0.0,0.0,0.0,,0.0,,,False,0,eliminated,7.0,True
7,8,Cody Linley,Julianne Hough,Eliminated Week 9,4,8.0,8.0,8.0,,24.0,4.5,0.18823529411764706,True,0,eliminated,9.0,False
7,8,Misty May-Treanor,Maksim Chmerkoskiy,Withdrew,10,0.0,0.0,0.0,,0.0,,,False,0,withdrew,2.0,True
7,8,Maurice Greene,Cheryl Burke,Eliminated Week 8,5,8.0,8.0,8.0,,24.0,4.5,0.18823529411764706,True,1,eliminated,8.0,False
7,8,Warren Sapp,Kym Johnson,2nd Place,2,9.5,8.5,9.0,,27.0,2.0,0.21176470588235294,True,0,finished,10.0,False
7,8,Jeffrey Ross,Edyta Sliwinska,Eliminated Week 1,13,0.0,0.0,0.0,,0.0,,,False,0,eliminated,1.0,True
7,8,Toni Braxton,Alec Mazo,Eliminated Week 5,8,0.0,0.0,0.0,,0.0,,,False,0,eliminated,5.0,True
7,8,Lance Bass,Lacey Schwimmer,3rd Place,3,8.5,7.5,9.0,,25.0,3.0,0.19607843137254902,True,0,finished,10.0,False
7,8,Kim Kardashian,Mark Ballas,Eliminated Week 2,11,0.0,0.0,0.0,,0.0,,,False,0,eliminated,2.0,True
7,8,Rocco DiSpirito,Karina Smirnoff,Eliminated Week 4,9,0.0,0.0,0.0,,0.0,,,False,0,eliminated,4.0,True
7,8,Brooke Burke,Derek Hough,1st Place,1,9.5,8.5,9.5,,27.5,1.0,0.21568627450980393,True,0,finished,10.0,False
8,8,Gilles Marini,Cheryl Burke,2nd Place,2,9.0,9.0,9.5,,27.5,2.0,0.1762820512820513,True,0,finished,11.0,False
8,8,Denise Richards,Maksim Chmerkoskiy,Eliminated Week 3,12,0.0,0.0,0.0,,0.0,,,False,0,eliminated,3.0,True
8,8,David Alan Grier,Kym Johnson,Eliminated Week 5,9,0.0,0.0,0.0,,0.0,,,False,0,eliminated,5.0,True
8,8,Lawrence Taylor,Edyta Sliwinska,Eliminated Week 7,7,0.0,0.0,0.0,,0.0,,,False,0,eliminated,7.0,True
8,8,Ty Murray,Chelsie Hightower,Eliminated Week 10,4,9.0,8.0,9.0,,26.0,3.5,0.16666666666666666,True,0,eliminated,10.0,False
8,8,Shawn Johnson,Mark Ballas,1st Place,1,9.0,8.0,9.0,,26.0,3.5,0.16666666666666666,True,0,finished,11.0,False
8,8,Steve Wozniak,Karina Smirnoff,Eliminated Week 4,10,0.0,0.0,0.0,,0.0,,,False,0,eliminated,4.0,True
8,8,Belinda Carlisle,Jonathan Roberts,Eliminated Week 2,13,0.0,0.0,0.0,,0.0,,,False,0,eliminated,2.0,True
8,8,Chuck Wicks,Julianne Hough,Eliminated Week 8,6,8.5,8.5,8.5,,25.5,5.0,0.16346153846153846,True,1,eliminated,8.0,False
8,8,Lil' Kim,Derek Hough,Eliminated Week 9,5,9.0,9.0,10.0,,28.0,1.0,0.1794871794871795,True,0,eliminated,9.0,False
8,8,Steve-O,Lacey Schwimmer,Eliminated Week 6,8,0.0,0.0,0.0,,0.0,,,False,0,eliminated,6.0,True
8,8,Holly Madison,Dmitry Chaplin,Eliminated Week 4,11,0.0,0.0,0.0,,0.0,,,False,0,eliminated,4.0,True
8,8,Melissa Rycroft,Tony Dovolani,3rd Place,3,7.5,7.5,8.0,,23.0,6.0,0.14743589743589744,True,0,finished,11.0,False
9,8,Ashley Hamiliton,Edyta Sliwinska,Eliminated Week 1,16,0.0,0.0,0.0,,0.0,,,False,0,eliminated,1.0,True
9,8,Debi Mazar,Maksim Chmerkoskiy,Eliminated Week 3,12,0.0,0.0,0.0,,0.0,,,False,0,eliminated,3.0,True
9,8,Melissa Joan Hart,Mark Ballas,Eliminated Week 6,9,0.0,0.0,0.0,,0.0,,,False,0,eliminated,6.0,True
9,8,Mark Dacascos,Lacey Schwimmer,Eliminated Week 7,6,0.0,0.0,0.0,,0.0,,,False,0,eliminated,7.0,True
9,8,Chuck Liddell,Anna Trebunskaya,Eliminated Week 4,11,0.0,0.0,0.0,,0.0,,,False,0,eliminated,4.0,True
9,8,Natalie Coughlin,Alec Mazo,Eliminated Week 5,10,0.0,0.0,0.0,,0.0,,,False,0,eliminated,5.0,True
9,8,Louie Vito,Chelsie Hightower,Eliminated Week 6,8,0.0,0.0,0.0,,0.0,,,False,0,eliminated,6.0,True
9,8,Michael Irvin,Anna Demidova,Eliminated Week 7,7,0.0,0.0,0.0,,0.0,,,False,0,eliminated,7.0,True
9,8,Joanna Krupa,Derek Hough,Eliminated Week 9,4,8.5,8.5,9.0,,26.0,2.0,0.1984732824427481,True,0,eliminated,9.0,False
9,8,Kathy Ireland,Tony Dovolani,Eliminated Week 2,14,0.0,0.0,0.0,,0.0,,,False,0,eliminated,2.0,True
9,8,Tom DeLay,Cheryl Burke,Withdrew,13,0.0,0.0,0.0,,0.0,,,False,0,withdrew,3.0,True
9,8,Macy Gray,Jonathan Roberts,Eliminated Week 1,15,0.0,0.0,0.0,,0.0,,,False,0,eliminated,1.0,True
9,8,Aaron Carter,Karina Smirnoff,Eliminated Week 8,5,8.0,8.5,8.5,,25.0,4.5,0.19083969465648856,True,1,eliminated,8.0,False
9,8,Mya,Dmitry Chaplin,2nd Place,2,9.5,10.0,10.0,,29.5,1.0,0.22519083969465647,True,0,finished,10.0,False
9,8,Donny Osmond,Kym Johnson,1st Place,1,8.5,8.0,8.5,,25.0,4.5,0.19083969465648856,True,0,finished,10.0,False
9,8,Kelly Osbourne,Louis van Amstel,3rd Place,3,8.0,8.5,9.0,,25.5,3.0,0.1946564885496183,True,0,finished,10.0,False
10,8,Aiden Turner,Edyta Sliwinska,Eliminated Week 4,9,0.0,0.0,0.0,,0.0,,,False,0,eliminated,4.0,True
10,8,Shannen Doherty,Mark Ballas,Eliminated Week 2,11,0.0,0.0,0.0,,0.0,,,False,0,eliminated,2.0,True
10,8,Niecy Nash,Louis van Amstel,Eliminated Week 8,5,7.0,7.0,7.5,,21.5,5.0,0.16996047430830039,True,1,eliminated,8.0,False
10,8,Buzz Aldrin,Ashly DelGrosso,Eliminated Week 3,10,0.0,0.0,0.0,,0.0,,,False,0,eliminated,3.0,True
10,8,Chad Ochocinco,Cheryl Burke,Eliminated Week 9,4,7.5,7.5,7.5,,22.5,4.0,0.17786561264822134,True,0,eliminated,9.0,False
10,8,Evan Lysacek,Anna Trebunskaya,2nd Place,2,9.0,8.5,9.0,,26.5,2.5,0.20948616600790515,True,0,finished,10.0,False
10,8,Pamela Anderson,Damian Whitewood,Eliminated Week 7,6,0.0,0.0,0.0,,0.0,,,False,0,eliminated,7.0,True
10,8,Nicole Scherzinger,Derek Hough,1st Place,1,10.0,9.5,10.0,,29.5,1.0,0.233201581027668,True,0,finished,10.0,False
10,8,Erin Andrews,Maksim Chmerkoskiy,3rd Place,3,8.5,9.0,9.0,,26.5,2.5,0.20948616600790515,True,0,finished,10.0,False
10,8,Kate Gosselin,Tony Dovolani,Eliminated Week 5,8,0.0,0.0,0.0,,0.0,,,False,0,eliminated,5.0,True
10,8,Jake Pavelka,Chelsie Hightower,Eliminated Week 6,7,0.0,0.0,0.0,,0.0,,,False,0,eliminated,6.0,True
11,8,David Hasselhoff,Kym Johnson,Eliminated Week 1,12,0.0,0.0,0.0,,0.0,,,False,0,eliminated,1.0,True
11,8,Florence Henderson,Corky Ballas,Eliminated Week 5,8,0.0,0.0,0.0,,0.0,,,False,0,eliminated,5.0,True
11,8,Kyle Massey,Lacey Schwimmer,2nd Place,2,9.5,9.0,9.5,,28.0,3.0,0.21132075471698114,True,0,finished,10.0,False
11,8,Jennifer Grey,Derek Hough,1st Place,1,9.5,9.5,9.5,,28.5,1.5,0.21509433962264152,True,0,finished,10.0,False
11,8,Rick Fox,Cheryl Burke,Eliminated Week 7,6,0.0,0.0,0.0,,0.0,,,False,0,eliminated,7.0,True
11,8,Kurt Warner,Anna Trebunskaya,Eliminated Week 8,5,8.0,8.0,8.0,,24.0,4.0,0.1811320754716981,True,1,eliminated,8.0,False
11,8,Margaret Cho,Louis van Amstel,Eliminated Week 3,10,0.0,0.0,0.0,,0.0,,,False,0,eliminated,3.0,True
11,8,Michael Bolton,Chelsie Hightower,Eliminated Week 2,11,0.0,0.0,0.0,,0.0,,,False,0,eliminated,2.0,True
11,8,Brandy,Maksim Chmerkoskiy,Eliminated Week 9,4,9.0,9.5,10.0,,28.5,1.5,0.21509433962264152,True,0,eliminated,9.0,False
11,8,The Situation,Karina Smirnoff,Eliminated Week 4,9,0.0,0.0,0.0,,0.0,,,False,0,eliminated,4.0,True
11,8,Audrina Patridge,Tony Dovolani,Eliminated Week 6,7,0.0,0.0,0.0,,0.0,,,False,0,eliminated,6.0,True
11,8,Bristol Palin,Mark Ballas,3rd Place,3,7.5,8.0,8.0,,23.5,5.0,0.17735849056603772,True,0,finished,10.0,False
12,8,Ralph Macchio,Karina Smirnoff,Eliminated Week 9,4,7.5,7.5,8.0,,23.0,5.0,0.17692307692307693,True,0,eliminated,9.0,False
12,8,Chelsea Kane,Mark Ballas,3rd Place,3,9.0,9.0,9.5,,27.5,1.0,0.21153846153846154,True,0,finished,10.0,False
12,8,Kirstie Alley,Maksim Chmerkoskiy,2nd Place,2,8.5,9.0,9.0,,26.5,3.0,0.20384615384615384,True,0,finished,10.0,False
12,8,Hines Ward,Kym Johnson,1st Place,1,9.0,9.0,9.0,,27.0,2.0,0.2076923076923077,True,0,finished,10.0,False
12,8,Sugar Ray Leonard,Anna Trebunskaya,Eliminated Week 4,9,0.0,0.0,0.0,,0.0,,,False,0,eliminated,4.0,True
12,8,Chris Jericho,Cheryl Burke,Eliminated Week 6,7,0.0,0.0,0.0,,0.0,,,False,0,eliminated,6.0,True
12,8,Petra Nemcova,Dmitry Chaplin,Eliminated Week 5,8,0.0,0.0,0.0,,0.0,,,False,0,eliminated,5.0,True
12,8,Mike Catherwood,Lacey Schwimmer,Eliminated Week 2,11,0.0,0.0,0.0,,0.0,,,False,0,eliminated,2.0,True
12,8,Romeo,Chelsie Hightower,Eliminated Week 8,5,8.5,9.0,8.5,,26.0,4.0,0.2,True,1,eliminated,8.0,False
12,8,Wendy Williams,Tony Dovolani,Eliminated Week 3,10,0.0,0.0,0.0,,0.0,,,False,0,eliminated,3.0,True
12,8,Kendra Wilkinson,Louis van Amstel,Eliminated Week 7,6,0.0,0.0,0.0,,0.0,,,False,0,eliminated,7.0,True
13,8,Elisabetta Canalis,Valentin Chmerkovskiy,Eliminated Week 2,11,0.0,0.0,0.0,,0.0,,,False,0,eliminated,2.0,True
13,8,David Arquette,Kym Johnson,Eliminated Week 7,6,0.0,0.0,0.0,,0.0,,,False,0,eliminated,7.0,True
13,8,Ricki Lake,Derek Hough,3rd Place,3,8.5,8.5,9.0,,26.0,2.5,0.20077220077220076,True,0,finished,10.0,False
13,8,J.R. Martinez,Karina Smirnoff,1st Place,1,10.0,10.0,10.0,,30.0,1.0,0.23166023166023167,True,0,finished,10.0,False
13,8,Metta World Peace (Ron),Peta Murgatroyd,Eliminated Week 1,12,0.0,0.0,0.0,,0.0,,,False,0,eliminated,1.0,True
13,8,Hope Solo,Maksim Chmerkoskiy,Eliminated Week 9,4,8.5,9.0,8.5,,26.0,2.5,0.20077220077220076,True,0,eliminated,9.0,False
13,8,Chynna Phillips,Tony Dovolani,Eliminated Week 4,9,0.0,0.0,0.0,,0.0,,,False,0,eliminated,4.0,True
13,8,Kristin Cavallari,Mark Ballas,Eliminated Week 3,10,0.0,0.0,0.0,,0.0,,,False,0,eliminated,3.0,True
13,8,Carson Kressley,Anna Trebunskaya,Eliminated Week 5,8,0.0,0.0,0.0,,0.0,,,False,0,eliminated,5.0,True
13,8,Chaz Bono,Lacey Schwimmer,Eliminated Week 6,7,0.0,0.0,0.0,,0.0,,,False,0,eliminated,6.0,True
13,8,Nancy Grace,Tristan MacManus,Eliminated Week 8,5,7.5,7.0,7.5,,22.0,5.0,0.16988416988416988,True,1,eliminated,8.0,False
13,8,Rob Kardashian,Cheryl Burke,2nd Place,2,8.5,8.5,8.5,,25.5,4.0,0.1969111969111969,True,0,finished,10.0,False
14,8,William Levy,Cheryl Burke,3rd Place,3,9.5,9.5,9.5,,28.5,1.0,0.1743119266055046,True,0,finished,10.0,False
14,8,Jack Wagner,Anna Trebunskaya,Eliminated Week 3,11,0.0,0.0,0.0,,0.0,,,False,0,eliminated,3.0,True
14,8,Sherri Sheperd,Valentin Chmerkovskiy,Eliminated Week 4,10,0.0,0.0,0.0,,0.0,,,False,0,eliminated,4.0,True
14,8,Jaleel White,Kym Johnson,Eliminated Week 7,7,0.0,0.0,0.0,,0.0,,,False,0,eliminated,7.0,True
14,8,Roshon Fegan,Chelsie Hightower,Eliminated Week 8,6,9.5,9.0,9.5,,28.0,2.0,0.1712538226299694,True,1,eliminated,8.0,False
14,8,Melissa Gilbert,Maksim Chmerkoskiy,Eliminated Week 8,5,8.5,8.5,8.5,,25.5,6.0,0.1559633027522936,True,1,eliminated,8.0,False
14,8,Martina Navratilova,Tony Dovolani,Eliminated Week 2,12,0.0,0.0,0.0,,0.0,,,False,0,eliminated,2.0,True
14,8,Donald Driver,Peta Murgatroyd,1st Place,1,9.5,9.0,9.0,,27.5,3.5,0.16819571865443425,True,0,finished,10.0,False
14,8,Gavin DeGraw,Karina Smirnoff,Eliminated Week 5,9,0.0,0.0,0.0,,0.0,,,False,0,eliminated,5.0,True
14,8,Gladys Knight,Tristan MacManus,Eliminated Week 6,8,0.0,0.0,0.0,,0.0,,,False,0,eliminated,6.0,True
14,8,Katherine Jenkins,Mark Ballas,2nd Place,2,9.0,9.0,9.5,,27.5,3.5,0.16819571865443425,True,0,finished,10.0,False
14,8,Maria Menounos,Derek Hough,Eliminated Week 9,4,9.5,7.5,9.5,,26.5,5.0,0.1620795107033639,True,0,eliminated,9.0,False
15,8,Gilles Marini,Peta Murgatroyd,Eliminated Week 8,6,9.5,10.0,9.7777,,29.2777,2.5,0.1469193195013584,True,1,eliminated,8.0,False
15,8,Sabrina Bryan,Louis van Amstel,Eliminated Week 6,8,0.0,0.0,0.0,,0.0,,,False,0,eliminated,6.0,True
15,8,Kirstie Alley,Maksim Chmerkoskiy,Eliminated Week 8,7,8.5,8.5,8.5,,25.5,7.0,0.127962327890669,True,1,eliminated,8.0,False
15,8,Kelly Monaco,Valentin Chmerkovskiy,3rd Place,3,9.5,9.3333,9.5,,28.3333,5.0,0.1421801970519487,True,0,finished,10.0,False
15,8,Apolo Anton Ohno,Karina Smirnoff,Eliminated Week 9,5,9.7777,9.5,10.0,,29.2777,2.5,0.1469193195013584,True,0,eliminated,9.0,False
15,8,Emmitt Smith,Cheryl Burke,Eliminated Week 9,4,9.5,9.7777,9.7777,,29.0554,4.0,0.1458037890899821,True,0,eliminated,9.0,False
15,8,Shawn Johnson,Derek Hough,2nd Place,2,10.0,8.3333,9.5,,27.8333,6.0,0.13967113179919047,True,0,finished,10.0,False
15,8,Pamela Anderson,Tristan MacManus,Eliminated Week 1,13,0.0,0.0,0.0,,0.0,,,False,0,eliminated,1.0,True
15,8,Helio Castroneves,Chelsie Hightower,Eliminated Week 3,10,0.0,0.0,0.0,,0.0,,,False,0,eliminated,3.0,True
15,8,Joey Fatone,Kym Johnson,Eliminated Week 2,12,0.0,0.0,0.0,,0.0,,,False,0,eliminated,2.0,True
15,8,Drew Lachey,Anna Trebunskaya,Eliminated Week 3,11,0.0,0.0,0.0,,0.0,,,False,0,eliminated,3.0,True
15,8,Bristol Palin,Mark Ballas,Eliminated Week 4,9,0.0,0.0,0.0,,0.0,,,False,0,eliminated,4.0,True
15,8,Melissa Rycroft,Tony Dovolani,1st Place,1,10.0,10.0,10.0,,30.0,1.0,0.15054391516549293,True,0,finished,10.0,False
16,8,Ingo Rademacher,Kym Johnson,Eliminated Week 9,5,8.0,8.0,8.0,,24.0,5.0,0.15434083601286175,True,0,eliminated,9.0,False
16,8,Zendaya,Valentin Chmerkovskiy,2nd Place,2,9.5,10.0,9.5,,29.0,1.0,0.1864951768488746,True,0,finished,10.0,False
16,8,Dorothy Hamill,Tristan MacManus,Withdrew,12,0.0,0.0,0.0,,0.0,,,False,0,withdrew,2.0,True
16,8,Victor Ortiz,Lindsay Arnold,Eliminated Week 6,8,0.0,0.0,0.0,,0.0,,,False,0,eliminated,6.0,True
16,8,Alexandra Raisman,Mark Ballas,Eliminated Week 10,4,9.0,9.5,9.5,,28.0,2.0,0.18006430868167203,True,0,eliminated,10.0,False
16,8,Jacoby Jones,Karina Smirnoff,3rd Place,3,8.5,9.0,8.5,,26.0,4.0,0.16720257234726688,True,0,finished,10.0,False
16,8,D. L. Hughley,Cheryl Burke,Eliminated Week 5,9,0.0,0.0,0.0,,0.0,,,False,0,eliminated,5.0,True
16,8,Andy Dick,Sharna Burgess,Eliminated Week 7,7,0.0,0.0,0.0,,0.0,,,False,0,eliminated,7.0,True
16,8,Wynonna Judd,Tony Dovolani,Eliminated Week 3,11,0.0,0.0,0.0,,0.0,,,False,0,eliminated,3.0,True
16,8,Kellie Pickler,Derek Hough,1st Place,1,9.5,8.0,10.0,,27.5,3.0,0.17684887459807075,True,0,finished,10.0,False
16,8,Lisa Vanderpump,Gleb Savchenko,Eliminated Week 4,10,0.0,0.0,0.0,,0.0,,,False,0,eliminated,4.0,True
16,8,Sean Lowe,Peta Murgatroyd,Eliminated Week 8,6,7.0,7.0,7.0,,21.0,6.0,0.13504823151125403,True,1,eliminated,8.0,False
17,8,Valerie Harper,Tristan MacManus,Eliminated Week 4,10,0.0,0.0,0.0,,0.0,,,False,0,eliminated,4.0,True
17,8,Brant Daugherty,Peta Murgatroyd,Eliminated Week 8,7,9.0,9.0,9.0,,27.0,5.0,0.140625,True,1,eliminated,8.0,False
17,8,Elizabeth Berkley Lauren,Valentin Chmerkovskiy,Eliminated Week 9,6,8.0,9.0,8.0,,25.0,6.0,0.13020833333333334,True,0,eliminated,9.0,False
17,8,Leah Remini,Tony Dovolani,Eliminated Week 10,5,9.0,10.0,9.0,,28.0,3.5,0.14583333333333334,True,0,eliminated,10.0,False
17,8,Corbin Bleu,Karina Smirnoff,2nd Place,2,10.0,10.0,10.0,,30.0,1.5,0.15625,True,0,finished,11.0,False
17,8,Amber Riley,Derek Hough,1st Place,1,9.0,9.0,10.0,,28.0,3.5,0.14583333333333334,True,0,finished,11.0,False
17,8,Keyshawn Johnson,Sharna Burgess,Eliminated Week 2,12,0.0,0.0,0.0,,0.0,,,False,0,eliminated,2.0,True
17,8,Bill Engvall,Emma Slater,Eliminated Week 11,4,8.0,8.0,8.0,,24.0,7.0,0.125,True,0,eliminated,11.0,False
17,8,Christina Milian,Mark Ballas,Eliminated Week 5,9,0.0,0.0,0.0,,0.0,,,False,0,eliminated,5.0,True
17,8,"Nicole ""Snooki"" Polizzi",Sasha Farber,Eliminated Week 7,8,0.0,0.0,0.0,,0.0,,,False,0,eliminated,7.0,True
17,8,Jack Osbourne,Cheryl Burke,3rd Place,3,10.0,10.0,10.0,,30.0,1.5,0.15625,True,0,finished,11.0,False
17,8,Bill Nye,Tyne Stecklein,Eliminated Week 3,11,0.0,0.0,0.0,,0.0,,,False,0,eliminated,3.0,True
18,8,Billy Dee Williams,Emma Slater,Withdrew,10,0.0,0.0,0.0,0.0,0.0,,,False,0,withdrew,2.0,True
18,8,Danica McKellar,Valentin Chmerkovskiy,Eliminated Week 8,6,10.0,9.0,9.0,10.0,38.0,3.0,0.168141592920354,True,1,eliminated,8.0,False
18,8,James Maslow,Peta Murgatroyd,Eliminated Week 10,4,8.0,9.0,10.0,9.0,36.0,5.0,0.1592920353982301,True,0,eliminated,10.0,False
18,8,Candace Cameron Bure,Mark Ballas,3rd Place,3,9.0,9.0,9.0,9.0,36.0,5.0,0.1592920353982301,True,0,finished,10.0,False
18,8,Sean Avery,Karina Smirnoff,Eliminated Week 2,11,0.0,0.0,0.0,0.0,0.0,,,False,0,eliminated,2.0,True
18,8,Diana Nyad,Henry Byalikov,Eliminated Week 2,12,0.0,0.0,0.0,0.0,0.0,,,False,0,eliminated,2.0,True
18,8,Charlie White,Sharna Burgess,Eliminated Week 9,5,10.0,10.0,10.0,10.0,40.0,1.5,0.17699115044247787,True,0,eliminated,9.0,False
18,8,Amy Purdy,Derek Hough,2nd Place,2,10.0,10.0,10.0,10.0,40.0,1.5,0.17699115044247787,True,0,finished,10.0,False
18,8,Meryl Davis,Maksim Chmerkoskiy,1st Place,1,9.0,9.0,8.0,10.0,36.0,5.0,0.1592920353982301,True,0,finished,10.0,False
18,8,Drew Carey,Cheryl Burke,Eliminated Week 6,8,0.0,0.0,0.0,0.0,0.0,,,False,0,eliminated,6.0,True
18,8,Cody Simpson,Witney Carson,Eliminated Week 5,9,0.0,0.0,0.0,0.0,0.0,,,False,0,eliminated,5.0,True
18,8,NeNe Leakes,Tony Dovolani,Eliminated Week 7,7,0.0,0.0,0.0,0.0,0.0,,,False,0,eliminated,7.0,True
19,8,Antonio Sabato Jr.,Cheryl Burke,Eliminated Week 7,8,0.0,0.0,0.0,0.0,0.0,,,False,0,eliminated,7.0,True
19,8,Jonathan Bennett,Allison Holker,Eliminated Week 6,9,0.0,0.0,0.0,0.0,0.0,,,False,0,eliminated,6.0,True
19,8,Lea Thompson,Artem Chigvintsev,Eliminated Week 9,6,8.0,8.0,8.0,8.0,32.0,5.0,0.12903225806451613,True,0,eliminated,9.0,False
19,8,Janel Parrish,Valentin Chmerkovskiy,3rd Place,3,10.75,10.75,10.75,10.75,43.0,1.0,0.17338709677419356,True,0,finished,11.0,False
19,8,Alfonso Ribeiro,Witney Carson,1st Place,1,10.75,9.75,9.75,10.75,41.0,2.0,0.16532258064516128,True,0,finished,11.0,False
19,8,Lolo Jones,Keo Motsepe,Eliminated Week 1,13,0.0,0.0,0.0,0.0,0.0,,,False,0,eliminated,1.0,True
19,8,Randy Couture,Karina Smirnoff,Eliminated Week 3,11,0.0,0.0,0.0,0.0,0.0,,,False,0,eliminated,3.0,True
19,8,Tommy Chong,Peta Murgatroyd,Eliminated Week 10,5,6.75,7.75,7.75,6.75,29.0,6.0,0.11693548387096774,True,0,eliminated,10.0,False
19,8,Betsey Johnson,Tony Dovolani,Eliminated Week 4,10,0.0,0.0,0.0,0.0,0.0,,,False,0,eliminated,4.0,True
19,8,Michael Waltrip,Emma Slater,Eliminated Week 8,7,6.0,7.0,6.0,6.0,25.0,7.0,0.10080645161290322,True,1,eliminated,8.0,False
19,8,Tavis Smiley,Sharna Burgess,Eliminated Week 2,12,0.0,0.0,0.0,0.0,0.0,,,False,0,eliminated,2.0,True
19,8,Bethany Mota,Derek Hough,Eliminated Week 11,4,9.75,9.75,9.75,10.75,40.0,3.0,0.16129032258064516,True,0,eliminated,11.0,False
19,8,Sadie Robertson,Mark Ballas,2nd Place,2,9.0,9.0,10.0,10.0,38.0,4.0,0.1532258064516129,True,0,finished,11.0,False
20,8,Suzanne Somers,Tony Dovolani,Eliminated Week 5,9,0.0,0.0,0.0,0.0,0.0,,,False,0,eliminated,5.0,True
20,8,Willow Shields,Mark Ballas,Eliminated Week 7,7,0.0,0.0,0.0,0.0,0.0,,,False,0,eliminated,7.0,True
20,8,Riker Lynch,Allison Holker,2nd Place,2,10.0,9.0,10.0,10.0,39.0,2.0,0.18439716312056736,True,0,finished,10.0,False
20,8,Rumer Willis,Valentin Chmerkovskiy,1st Place,1,10.0,10.0,10.0,10.0,40.0,1.0,0.18912529550827423,True,0,finished,10.0,False
20,8,Nastia Liukin,Derek Hough,Eliminated Week 9,4,9.5,9.5,9.5,9.5,38.0,3.0,0.17966903073286053,True,0,eliminated,9.0,False
20,8,Michael Sam,Peta Murgatroyd,Eliminated Week 4,10,0.0,0.0,0.0,0.0,0.0,,,False,0,eliminated,4.0,True
20,8,Robert Herjavec,Kym Johnson,Eliminated Week 8,6,7.5,7.5,8.5,7.5,31.0,6.0,0.14657210401891252,True,1,eliminated,8.0,False
20,8,Charlotte McKinney,Keo Motsepe,Eliminated Week 3,11,0.0,0.0,0.0,0.0,0.0,,,False,0,eliminated,3.0,True
20,8,Noah Galloway,Sharna Burgess,3rd Place,3,8.0,7.5,8.0,8.0,31.5,5.0,0.14893617021276595,True,0,finished,10.0,False
20,8,Redfoo,Emma Slater,Eliminated Week 2,12,0.0,0.0,0.0,0.0,0.0,,,False,0,eliminated,2.0,True
20,8,Patti LaBelle,Artem Chigvintsev,Eliminated Week 6,8,0.0,0.0,0.0,0.0,0.0,,,False,0,eliminated,6.0,True
20,8,Chris Soules,Witney Carson,Eliminated Week 8,5,8.0,7.5,8.5,8.0,32.0,4.0,0.15130023640661938,True,1,eliminated,8.0,False
21,8,Gary Busey,Anna Trebunskaya,Eliminated Week 4,10,0.0,0.0,0.0,,0.0,,,False,0,eliminated,4.0,True
21,8,Alexa PenaVega,Mark Ballas,Eliminated Week 9,6,9.6666,8.6666,8.6666,,26.9998,5.0,0.13917465724120795,True,0,eliminated,9.0,False
21,8,Carlos PenaVega,Witney Carson,Eliminated Week 11,4,9.6666,9.6666,9.6666,,28.9998,2.0,0.14948396747618806,True,0,eliminated,11.0,False
21,8,Victor Espinoza,Karina Smirnoff,Eliminated Week 2,12,0.0,0.0,0.0,,0.0,,,False,0,eliminated,2.0,True
21,8,Alek Skarlatos,Lindsay Arnold,3rd Place,3,9.0,8.0,8.0,,25.0,6.0,0.12886637793725134,True,0,finished,11.0,False
21,8,Chaka Khan,Keo Motsepe,Eliminated Week 2,13,0.0,0.0,0.0,,0.0,,,False,0,eliminated,2.0,True
21,8,Andy Grammer,Allison Holker,Eliminated Week 8,7,8.6666,7.6666,7.6666,,23.9998,7.0,0.1237106918887378,True,1,eliminated,8.0,False
21,8,Tamar Braxton,Valentin Chmerkovskiy,Withdrew,5,9.0,9.0,10.0,,28.0,3.5,0.1443303432897215,True,0,withdrew,9.0,False
21,8,Nick Carter,Sharna Burgess,2nd Place,2,11.0,11.0,11.0,,33.0,1.0,0.17010361887717176,True,0,finished,11.0,False
21,8,Hayes Grier,Emma Slater,Eliminated Week 7,8,0.0,0.0,0.0,,0.0,,,False,0,eliminated,7.0,True
21,8,Bindi Irwin,Derek Hough,1st Place,1,10.0,9.0,9.0,,28.0,3.5,0.1443303432897215,True,0,finished,11.0,False
21,8,Kim Zolciak-Biermann,Tony Dovolani,Withdrew,11,0.0,0.0,0.0,,0.0,,,False,0,withdrew,2.0,True
21,8,Paula Deen,Louis van Amstel,Eliminated Week 6,9,0.0,0.0,0.0,,0.0,,,False,0,eliminated,6.0,True
22,8,Mischa Barton,Artem Chigvintsev,Eliminated Week 3,11,0.0,0.0,0.0,,0.0,,,False,0,eliminated,3.0,True
22,8,Kim Fields,Sasha Farber,Eliminated Week 7,8,0.0,0.0,0.0,,0.0,,,False,0,eliminated,7.0,True
22,8,Jodie Sweetin,Keo Motsepe,Eliminated Week 8,6,10.0,10.0,10.0,,30.0,1.5,0.17751479289940827,True,1,eliminated,8.0,False
22,8,Doug Flutie,Karina Smirnoff,Eliminated Week 6,9,0.0,0.0,0.0,,0.0,,,False,0,eliminated,6.0,True
22,8,Von Miller,Witney Carson,Eliminated Week 7,7,0.0,0.0,0.0,,0.0,,,False,0,eliminated,7.0,True
22,8,Antonio Brown,Sharna Burgess,Eliminated Week 9,5,9.0,9.0,9.0,,27.0,5.0,0.15976331360946747,True,0,eliminated,9.0,False
22,8,Paige VanZant,Mark Ballas,2nd Place,2,10.0,9.0,9.0,,28.0,4.0,0.16568047337278108,True,0,finished,10.0,False
22,8,Geraldo Rivera,Edyta Sliwinska,Eliminated Week 2,12,0.0,0.0,0.0,,0.0,,,False,0,eliminated,2.0,True
22,8,Nyle DiMarco,Peta Murgatroyd,1st Place,1,10.0,9.0,10.0,,29.0,3.0,0.17159763313609466,True,0,finished,10.0,False
22,8,Ginger Zee,Valentin Chmerkovskiy,3rd Place,3,10.0,10.0,10.0,,30.0,1.5,0.17751479289940827,True,0,finished,10.0,False
22,8,Wanya Morris,Lindsay Arnold,Eliminated Week 9,4,8.0,8.0,9.0,,25.0,6.0,0.14792899408284024,True,0,eliminated,9.0,False
22,8,Marla Maples,Tony Dovolani,Eliminated Week 4,10,0.0,0.0,0.0,,0.0,,,False,0,eliminated,4.0,True
23,8,Jake T. Austin,Jenna Johnson,Eliminated Week 2,13,0.0,0.0,0.0,,0.0,,,False,0,eliminated,2.0,True
23,8,Maureen McCormick,Artem Chigvintsev,Eliminated Week 7,8,0.0,0.0,0.0,,0.0,,,False,0,eliminated,7.0,True
23,8,Marilu Henner,Derek Hough,Eliminated Week 9,6,7.0,8.0,8.0,,23.0,7.0,0.11442797455519857,True,0,eliminated,9.0,False
23,8,Ryan Lochte,Cheryl Burke,Eliminated Week 8,7,8.0,9.0,9.0,,26.0,5.0,0.12935336254065924,True,1,eliminated,8.0,False
23,8,Calvin Johnson Jr.,Lindsay Arnold,3rd Place,3,10.0,10.0,10.0,,30.0,3.5,0.14925387985460684,True,0,finished,11.0,False
23,8,Laurie Hernandez,Valentin Chmerkovskiy,1st Place,1,11.0,11.0,11.0,,33.0,2.0,0.1641792678400675,True,0,finished,11.0,False
23,8,Amber Rose,Maksim Chmerkoskiy,Eliminated Week 6,9,0.0,0.0,0.0,,0.0,,,False,0,eliminated,6.0,True
23,8,Rick Perry,Emma Slater,Eliminated Week 3,12,0.0,0.0,0.0,,0.0,,,False,0,eliminated,3.0,True
23,8,James Hinchcliffe,Sharna Burgess,2nd Place,2,11.6666,11.6666,11.6666,,34.9998,1.0,0.1741285314711756,True,0,finished,11.0,False
23,8,Babyface,Allison Holker,Eliminated Week 4,11,0.0,0.0,0.0,,0.0,,,False,0,eliminated,4.0,True
23,8,Vanilla Ice,Witney Carson,Eliminated Week 4,10,0.0,0.0,0.0,,0.0,,,False,0,eliminated,4.0,True
23,8,Jana Kramer,Gleb Savchenko,Eliminated Week 11,4,10.0,10.0,10.0,,30.0,3.5,0.14925387985460684,True,0,eliminated,11.0,False
23,8,Terra Jole,Sasha Farber,Eliminated Week 10,5,8.0,8.0,8.0,,24.0,6.0,0.11940310388368545,True,0,eliminated,10.0,False
24,8,Charo,Keo Motsepe,Eliminated Week 3,11,0.0,0.0,0.0,0.0,0.0,,,False,0,eliminated,3.0,True
24,8,Mr. T,Kym Herjavec,Eliminated Week 4,10,0.0,0.0,0.0,0.0,0.0,,,False,0,eliminated,4.0,True
24,8,Heather Morris,Maksim Chmerkoskiy,Eliminated Week 6,8,0.0,0.0,0.0,0.0,0.0,,,False,0,eliminated,6.0,True
24,8,Nancy Kerrigan,Artem Chigvintsev,Eliminated Week 7,7,0.0,0.0,0.0,0.0,0.0,,,False,0,eliminated,7.0,True
24,8,Bonner Bolton,Sharna Burgess,Eliminated Week 8,5,7.5,7.0,7.5,7.0,29.0,5.0,0.166189111747851,True,1,eliminated,8.0,False
24,8,Simone Biles,Sasha Farber,Eliminated Week 9,4,9.0,9.0,9.0,9.0,36.0,3.0,0.20630372492836677,True,0,eliminated,9.0,False
24,8,David Ross,Lindsay Arnold,2nd Place,2,8.0,8.0,8.5,8.0,32.5,4.0,0.18624641833810887,True,0,finished,10.0,False
24,8,Rashad Jennings,Emma Slater,1st Place,1,9.5,9.0,9.5,9.5,37.5,2.0,0.2148997134670487,True,0,finished,10.0,False
24,8,Chris Kattan,Witney Carson,Eliminated Week 2,12,0.0,0.0,0.0,0.0,0.0,,,False,0,eliminated,2.0,True
24,8,Erika Jayne,Gleb Savchenko,Eliminated Week 5,9,0.0,0.0,0.0,0.0,0.0,,,False,0,eliminated,5.0,True
24,8,Normani,Valentin Chmerkovskiy,3rd Place,3,10.0,9.5,10.0,10.0,39.5,1.0,0.22636103151862463,True,0,finished,10.0,False
24,8,Nick Viall,Peta Murgatroyd,Eliminated Week 7,6,0.0,0.0,0.0,0.0,0.0,,,False,0,eliminated,7.0,True
25,8,Sasha Pieterse,Gleb Savchenko,Eliminated Week 5,10,0.0,0.0,0.0,,0.0,,,False,0,eliminated,5.0,True
25,8,Frankie Muniz,Witney Carson,3rd Place,3,9.0,8.5,9.0,,26.5,3.0,0.16932907348242812,True,0,finished,10.0,False
25,8,Jordan Fisher,Lindsay Arnold,1st Place,1,10.0,10.0,10.0,,30.0,1.0,0.19169329073482427,True,0,finished,10.0,False
25,8,Derek Fisher,Sharna Burgess,Eliminated Week 4,11,0.0,0.0,0.0,,0.0,,,False,0,eliminated,4.0,True
25,8,Nikki Bella,Artem Chigvintsev,Eliminated Week 7,8,0.0,0.0,0.0,,0.0,,,False,0,eliminated,7.0,True
25,8,Terrell Owens,Cheryl Burke,Eliminated Week 8,6,8.5,8.5,8.5,,25.5,4.0,0.16293929712460065,True,1,eliminated,8.0,False
25,8,Victoria Arlen,Valentin Chmerkovskiy,Eliminated Week 9,5,8.0,8.0,8.0,,24.0,5.0,0.15335463258785942,True,0,eliminated,9.0,False
25,8,Barbara Corcoran,Keo Motsepe,Eliminated Week 2,13,0.0,0.0,0.0,,0.0,,,False,0,eliminated,2.0,True
25,8,Lindsey Stirling,Mark Ballas,2nd Place,2,9.5,8.5,9.0,,27.0,2.0,0.17252396166134185,True,0,finished,10.0,False
25,8,Debbie Gibson,Alan Bersten,Eliminated Week 2,12,0.0,0.0,0.0,,0.0,,,False,0,eliminated,2.0,True
25,8,Nick Lachey,Peta Murgatroyd,Eliminated Week 6,9,0.0,0.0,0.0,,0.0,,,False,0,eliminated,6.0,True
25,8,Drew Scott,Emma Slater,Eliminated Week 10,4,8.0,7.5,8.0,,23.5,6.0,0.1501597444089457,True,0,eliminated,10.0,False
25,8,Vanessa Lachey,Maksim Chmerkoskiy,Eliminated Week 7,7,0.0,0.0,0.0,,0.0,,,False,0,eliminated,7.0,True
27,8,Juan Pablo Di Pace,Cheryl Burke,Eliminated Week 8,5,10.0,10.0,10.0,,30.0,1.0,0.18633540372670807,True,1,eliminated,8.0,False
27,8,Evanna Lynch,Keo Motsepe,3rd Place,3,10.0,9.5,9.5,,29.0,2.5,0.18012422360248448,True,0,finished,9.0,False
27,8,Nancy McKeon,Valentin Chmerkovskiy,Eliminated Week 3,11,0.0,0.0,0.0,,0.0,,,False,0,eliminated,3.0,True
27,8,John Schneider,Emma Slater,Eliminated Week 7,8,0.0,0.0,0.0,,0.0,,,False,0,eliminated,7.0,True
27,8,Milo Manheim,Witney Carson,2nd Place,2,9.0,9.0,9.5,,27.5,4.0,0.17080745341614906,True,0,finished,9.0,False
27,8,Danelle Umstead,Artem Chigvintsev,Eliminated Week 2,12,0.0,0.0,0.0,,0.0,,,False,0,eliminated,2.0,True
27,8,Mary Lou Retton,Sasha Farber,Eliminated Week 6,9,0.0,0.0,0.0,,0.0,,,False,0,eliminated,6.0,True
27,8,DeMarcus Ware,Lindsay Arnold,Eliminated Week 7,7,0.0,0.0,0.0,,0.0,,,False,0,eliminated,7.0,True
27,8,Nikki Glaser,Gleb Savchenko,Eliminated Week 1,13,0.0,0.0,0.0,,0.0,,,False,0,eliminated,1.0,True
27,8,Bobby Bones,Sharna Burgess,1st Place,1,7.5,7.5,7.5,,22.5,6.0,0.13975155279503104,True,0,finished,9.0,False
27,8,Tinashe,Brandon Armstrong,Eliminated Week 4,10,0.0,0.0,0.0,,0.0,,,False,0,eliminated,4.0,True
27,8,Alexis Ren,Alan Bersten,4th Place,4,9.5,9.5,10.0,,29.0,2.5,0.18012422360248448,True,0,finished,9.0,False
27,8,Joe Amabile,Jenna Johnson,Eliminated Week 8,6,8.0,7.5,7.5,,23.0,5.0,0.14285714285714285,True,1,eliminated,8.0,False
28,8,Kate Flannery,Pasha Pashkov,Eliminated Week 8,7,8.6666,8.6666,8.6666,,25.9998,5.0,0.13471454803957736,True,1,eliminated,8.0,False
28,8,James Van Der Beek,Emma Slater,Eliminated Week 10,5,10.6666,10.6666,10.6666,,31.9998,1.0,0.1658027598041857,True,0,eliminated,10.0,False
28,8,Kel Mitchell,Witney Carson,2nd Place,2,9.6666,9.6666,10.6666,,29.9998,4.0,0.15544002254931627,True,0,finished,11.0,False
28,8,Ray Lewis,Cheryl Burke,Withdrew,11,0.0,0.0,0.0,,0.0,,,False,0,withdrew,2.0,True
28,8,Lamar Odom,Peta Murgatroyd,Eliminated Week 4,10,0.0,0.0,0.0,,0.0,,,False,0,eliminated,4.0,True
28,8,Sailor Brinkley-Cook,Valentin Chmerkovskiy,Eliminated Week 6,9,0.0,0.0,0.0,,0.0,,,False,0,eliminated,6.0,True
28,8,Sean Spicer,Lindsay Arnold,Eliminated Week 9,6,7.0,7.0,6.0,,20.0,7.0,0.1036273725486945,True,0,eliminated,9.0,False
28,8,Mary Wilson,Brandon Armstrong,Eliminated Week 2,12,0.0,0.0,0.0,,0.0,,,False,0,eliminated,2.0,True
28,8,Lauren Alaina,Gleb Savchenko,4th Place,4,8.0,8.0,8.0,,24.0,6.0,0.1243528470584334,True,0,finished,11.0,False
28,8,Ally Brooke,Sasha Farber,3rd Place,3,10.0,10.0,10.0,,30.0,3.0,0.15544105882304174,True,0,finished,11.0,False
28,8,Karamo Brown,Jenna Johnson,Eliminated Week 7,8,0.0,0.0,0.0,,0.0,,,False,0,eliminated,7.0,True
28,8,Hannah Brown,Alan Bersten,1st Place,1,10.6666,9.6666,10.6666,,30.9998,2.0,0.160621391176751,True,0,finished,11.0,False
29,8,Anne Heche,Keo Motsepe,Eliminated Week 4,13,0.0,0.0,0.0,,0.0,,,False,0,eliminated,4.0,True
29,8,Jesse Metcalfe,Sharna Burgess,Eliminated Week 5,12,0.0,0.0,0.0,,0.0,,,False,0,eliminated,5.0,True
29,8,Chrishell Stause,Gleb Savchenko,Eliminated Week 8,8,9.0,9.0,9.0,,27.0,5.5,0.12162184076007344,True,1,eliminated,8.0,False
29,8,Skai Jackson,Alan Bersten,Eliminated Week 10,5,8.6666,9.6666,8.6666,,26.9998,7.0,0.1216209398575493,True,0,eliminated,10.0,False
29,8,Justina Machado,Sasha Farber,4th Place,4,9.6666,9.6666,9.6666,,28.9998,3.0,0.13062996509903624,True,0,finished,11.0,False
29,8,Charles Oakley,Emma Slater,Eliminated Week 2,15,0.0,0.0,0.0,,0.0,,,False,0,eliminated,2.0,True
29,8,Veron Davis,Peta Murgatroyd,Eliminated Week 6,11,0.0,0.0,0.0,,0.0,,,False,0,eliminated,6.0,True
29,8,Johnny Weir,Britt Stewart,Eliminated Week 10,6,10.0,10.0,10.0,,30.0,1.5,0.13513537862230382,True,0,eliminated,10.0,False
29,8,Nev Schulman,Jenna Johnson,2nd Place,2,10.0,10.0,10.0,,30.0,1.5,0.13513537862230382,True,0,finished,11.0,False
29,8,AJ McLean,Cheryl Burke,Eliminated Week 9,7,9.0,9.0,9.0,,27.0,5.5,0.12162184076007344,True,0,eliminated,9.0,False
29,8,Nelly,Daniella Karagach,3rd Place,3,8.0,8.0,8.0,,24.0,8.0,0.10810830289784307,True,0,finished,11.0,False
29,8,Kaitlyn Bristowe,Artem Chigvintsev,1st Place,1,9.0,10.0,9.0,,28.0,4.0,0.1261263533808169,True,0,finished,11.0,False
29,8,Carole Baskin,Pasha Pashkov,Eliminated Week 3,14,0.0,0.0,0.0,,0.0,,,False,0,eliminated,3.0,True
29,8,Monica Aldama,Valentin Chmerkovskiy,Eliminated Week 7,10,0.0,0.0,0.0,,0.0,,,False,0,eliminated,7.0,True
29,8,Jeannie Mai,Brandon Armstrong,Withdrew,9,0.0,0.0,0.0,,0.0,,,False,0,withdrew,7.0,True
30,8,Martin Kove,Britt Stewart,Eliminated Week 2,15,0.0,0.0,0.0,0.0,0.0,,,False,0,eliminated,2.0,True
30,8,Brian Austin Green,Sharna Burgess,Eliminated Week 4,13,0.0,0.0,0.0,0.0,0.0,,,False,0,eliminated,4.0,True
30,8,Melora Hardin,Artem Chigvintsev,Eliminated Week 9,6,10.5,10.5,10.5,10.5,42.0,2.0,0.13636363636363635,True,0,eliminated,9.0,False
30,8,Matt James,Lindsay Arnold,Eliminated Week 4,12,0.0,0.0,0.0,0.0,0.0,,,False,0,eliminated,4.0,True
30,8,"Mike ""The Miz"" Mizanin",Witney Carson,Eliminated Week 7,9,0.0,0.0,0.0,0.0,0.0,,,False,0,eliminated,7.0,True
30,8,Suni Lee,Sasha Farber,Eliminated Week 9,5,10.5,10.5,10.5,10.5,42.0,2.0,0.13636363636363635,True,0,eliminated,9.0,False
30,8,Iman Shumpert,Daniella Karagach,1st Place,1,9.0,8.0,9.0,9.0,35.0,7.0,0.11363636363636363,True,0,finished,10.0,False
30,8,Cody Rigsby,Cheryl Burke,3rd Place,3,10.0,10.0,9.0,9.0,38.0,5.0,0.12337662337662338,True,0,finished,10.0,False
30,8,Melanie C,Gleb Savchenko,Eliminated Week 5,11,0.0,0.0,0.0,0.0,0.0,,,False,0,eliminated,5.0,True
30,8,Jimmie Allen,Emma Slater,Eliminated Week 8,7,8.0,8.0,8.0,8.0,32.0,8.0,0.1038961038961039,True,1,eliminated,8.0,False
30,8,Olivia Jade,Valentin Chmerkovskiy,Eliminated Week 8,8,9.0,9.0,9.0,9.0,36.0,6.0,0.11688311688311688,True,1,eliminated,8.0,False
30,8,JoJo Siwa,Jenna Johnson,2nd Place,2,10.5,9.5,10.5,10.5,41.0,4.0,0.1331168831168831,True,0,finished,10.0,False
30,8,Christine Chiu,Pasha Pashkov,Eliminated Week 3,14,0.0,0.0,0.0,0.0,0.0,,,False,0,eliminated,3.0,True
30,8,Kenya Moore,Brandon Armstrong,Eliminated Week 6,10,0.0,0.0,0.0,0.0,0.0,,,False,0,eliminated,6.0,True
30,8,Amanda Kloots,Alan Bersten,4th Place,4,10.5,10.5,10.5,10.5,42.0,2.0,0.13636363636363635,True,0,finished,10.0,False
31,8,Jason Lewis,Peta Murgatroyd,Eliminated Week 1,16,0.0,0.0,0.0,0.0,0.0,,,False,0,eliminated,1.0,True
31,8,Cheryl Ladd,Louis van Amstel,Eliminated Week 3,14,0.0,0.0,0.0,0.0,0.0,,,False,0,eliminated,3.0,True
31,8,Selma Blair,Sasha Farber,Withdrew,12,0.0,0.0,0.0,0.0,0.0,,,False,0,withdrew,5.0,True
31,8,Joseph Baena,Daniella Karagach,Eliminated Week 5,11,0.0,0.0,0.0,0.0,0.0,,,False,0,eliminated,5.0,True
31,8,Trevor Donovan,Emma Slater,Eliminated Week 9,6,9.25,10.25,9.25,10.25,39.0,5.5,0.12420382165605096,True,0,eliminated,9.0,False
31,8,Daniel Durant,Britt Stewart,Eliminated Week 9,5,10.0,9.0,10.0,10.0,39.0,5.5,0.12420382165605096,True,0,eliminated,9.0,False
31,8,Wayne Brady,Witney Carson,3rd Place,3,11.25,11.25,11.25,11.25,45.0,1.5,0.14331210191082802,True,0,finished,10.0,False
31,8,Sam Champion,Cheryl Burke,Eliminated Week 4,13,0.0,0.0,0.0,0.0,0.0,,,False,0,eliminated,4.0,True
31,8,Jessie James Decker,Alan Bersten,Eliminated Week 6,10,0.0,0.0,0.0,0.0,0.0,,,False,0,eliminated,6.0,True
31,8,Jordin Sparks,Brandon Armstrong,Eliminated Week 7,9,0.0,0.0,0.0,0.0,0.0,,,False,0,eliminated,7.0,True
31,8,Heidi D'Amelio,Artem Chigvintsev,Eliminated Week 8,8,9.0,8.0,9.0,9.0,35.0,7.0,0.11146496815286625,True,1,eliminated,8.0,False
31,8,Charli D'Amelio,Mark Ballas,1st Place,1,11.25,11.25,11.25,11.25,45.0,1.5,0.14331210191082802,True,0,finished,10.0,False
31,8,Teresa Giudice,Pasha Pashkov,Eliminated Week 2,15,0.0,0.0,0.0,0.0,0.0,,,False,0,eliminated,2.0,True
31,8,Vinny Guadagnino,Koko Iwasaki,Eliminated Week 8,7,8.0,7.0,7.0,7.0,29.0,8.0,0.09235668789808917,True,1,eliminated,8.0,False
31,8,Shangela,Gleb Savchenko,4th Place,4,11.25,10.25,10.25,10.25,42.0,3.0,0.1337579617834395,True,0,finished,10.0,False
31,8,Gabby Windey,Valentin Chmerkovskiy,2nd Place,2,10.0,10.0,10.0,10.0,40.0,4.0,0.12738853503184713,True,0,finished,10.0,False
32,8,Jamie Lynn Spears,Alan Bersten,Eliminated Week 2,13,0.0,0.0,0.0,0.0,0.0,,,False,0,eliminated,2.0,True
32,8,Mira Sorvino,Gleb Savchenko,Eliminated Week 5,10,0.0,0.0,0.0,0.0,0.0,,,False,0,eliminated,5.0,True
32,8,Barry Williams,Peta Murgatroyd,Eliminated Week 8,7,8.75,8.75,8.75,8.75,35.0,5.0,0.1383399209486166,True,1,eliminated,8.0,False
32,8,Alyson Hannigan,Sasha Farber,5th Place,5,8.75,8.75,9.75,8.75,36.0,4.0,0.1422924901185771,True,0,finished,11.0,False
32,8,Xochitl Gomez,Valentin Chmerkovskiy,1st Place,1,10.0,10.0,10.0,10.0,40.0,2.0,0.15810276679841898,True,0,finished,11.0,False
32,8,Adrian Peterson,Britt Stewart,Eliminated Week 4,11,0.0,0.0,0.0,0.0,0.0,,,False,0,eliminated,4.0,True
32,8,Matt Walsh,Koko Iwasaki,Eliminated Week 1,14,0.0,0.0,0.0,0.0,0.0,,,False,0,eliminated,1.0,True
32,8,Tyson Beckford,Jenna Johnson,Eliminated Week 3,12,0.0,0.0,0.0,0.0,0.0,,,False,0,eliminated,3.0,True
32,8,Jason Mraz,Daniella Karagach,2nd Place,2,8.0,9.0,8.0,8.0,33.0,6.0,0.13043478260869565,True,0,finished,11.0,False
32,8,Lele Pons,Brandon Armstrong,Eliminated Week 7,8,0.0,0.0,0.0,0.0,0.0,,,False,0,eliminated,7.0,True
32,8,Harry Jowsey,Rylee Arnold,Eliminated Week 9,6,7.0,7.0,7.0,7.0,28.0,7.0,0.11067193675889328,True,0,eliminated,9.0,False
32,8,Mauricio Umansky,Emma Slater,Eliminated Week 6,9,0.0,0.0,0.0,0.0,0.0,,,False,0,eliminated,6.0,True
32,8,Charity Lawson,Artem Chigvintsev,4th Place,4,9.75,9.75,9.75,9.75,39.0,3.0,0.1541501976284585,True,0,finished,11.0,False
32,8,Ariana Madix,Pasha Pashkov,3rd Place,3,9.75,10.75,10.75,10.75,42.0,1.0,0.16600790513833993,True,0,finished,11.0,False
33,8,Tori Spelling,Pasha Pashkov,Eliminated Week 2,12,0.0,0.0,0.0,,0.0,,,False,0,eliminated,2.0,True
33,8,Eric Roberts,Britt Stewart,Eliminated Week 3,10,0.0,0.0,0.0,,0.0,,,False,0,eliminated,3.0,True
33,8,Reginald VelJohnson,Emma Slater,Eliminated Week 3,10,0.0,0.0,0.0,,0.0,,,False,0,eliminated,3.0,True
33,8,Chandler Kinney,Brandon Armstrong,3rd Place,3,9.5,9.5,10.0,,29.0,1.5,0.20714285714285716,True,0,finished,9.0,False
33,8,Dwight Howard ,Daniella Karagach,Eliminated Week 7,6,0.0,0.0,0.0,,0.0,,,False,0,eliminated,7.0,True
33,8,Danny Amendola,Witney Carson,5th Place,5,9.0,9.0,9.0,,27.0,4.0,0.19285714285714287,True,0,finished,9.0,False
33,8,Stephen Nedoroscik,Rylee Arnold,4th Place,4,9.0,8.5,9.0,,26.5,5.0,0.18928571428571428,True,0,finished,9.0,False
33,8,Ilona Maher,Alan Bersten,2nd Place,2,9.5,9.5,9.5,,28.5,3.0,0.20357142857142857,True,0,finished,9.0,False
33,8,Anna Delvey,Ezra Sosa,Eliminated Week 2,12,0.0,0.0,0.0,,0.0,,,False,0,eliminated,2.0,True
33,8,Brooks Nader,Gleb Savchenko,Eliminated Week 4,9,0.0,0.0,0.0,,0.0,,,False,0,eliminated,4.0,True
33,8,Phaedra Parks,Val Chmerkovskiy,Eliminated Week 5,8,0.0,0.0,0.0,,0.0,,,False,0,eliminated,5.0,True
33,8,Jenn Tran,Sasha Farber,Eliminated Week 6,7,0.0,0.0,0.0,,0.0,,,False,0,eliminated,6.0,True
33,8,Joey Graziadei,Jenna Johnson,1st Place,1,9.5,10.0,9.5,,29.0,1.5,0.20714285714285716,True,0,finished,9.0,False
34,8,Corey Feldman,Jenna Johnson,Eliminated Week 2,13,0.0,0.0,0.0,0.0,0.0,,,False,0,eliminated,2.0,True
34,8,Danielle Fishel,Pasha Pashkov,Eliminated Week 8,8,9.5,9.0,9.5,9.0,37.0,7.0,0.12271973466003316,True,1,eliminated,8.0,False
34,8,Elaine Hendrix,Alan Bersten (Rashad Jennings week 9),5th Place,5,9.0,9.5,10.0,9.0,37.5,6.0,0.12437810945273632,True,0,finished,11.0,False
34,8,Baron Davis,Britt Stewart,Eliminated Week 2,13,0.0,0.0,0.0,0.0,0.0,,,False,0,eliminated,2.0,True
34,8,Jordan Chiles,Ezra Sosa (Apolo Anton Ohno week 9),3rd Place,3,10.0,9.5,10.0,9.5,39.0,2.0,0.12935323383084577,True,0,finished,11.0,False
34,8,Andy Richter,Emma Slater/Kaitlyn Bristowe (week 9),Eliminated Week 9,7,8.0,8.5,9.5,8.0,34.0,8.0,0.11276948590381426,True,0,eliminated,9.0,False
34,8,Robert Irwin,Witney Carson (Xoshitl Gomez week 9),1st Place,1,9.0,9.5,10.0,9.5,38.0,4.5,0.12603648424543948,True,0,finished,11.0,False
34,8,Hilaria Baldwin,Gleb Savchenko,Eliminated Week 4,11,0.0,0.0,0.0,0.0,0.0,,,False,0,eliminated,4.0,True
34,8,Lauren Jauregui,Brandon Armstrong,Eliminated Week 3,12,0.0,0.0,0.0,0.0,0.0,,,False,0,eliminated,3.0,True
34,8,Scott Hoying,Rylee Arnold,Eliminated Week 6,10,0.0,0.0,0.0,0.0,0.0,,,False,0,eliminated,6.0,True
34,8,Alix Earle,Val Chmerkovskiy (Joey Graziadei week 9),2nd Place,2,9.5,10.0,9.5,9.5,38.5,3.0,0.12769485903814262,True,0,finished,11.0,False
34,8,Jen Affleck,Jan Ravnik,Eliminated Week 7,9,0.0,0.0,0.0,0.0,0.0,,,False,0,eliminated,7.0,True
34,8,Whitney Leavitt,Mark Ballas,Eliminated Week 10,6,9.5,10.0,10.0,10.0,39.5,1.0,0.1310116086235489,True,0,eliminated,10.0,False
34,8,Dylan Efron,Daniella Karagach (Rumer Willis week 9),4th Place,4,9.0,9.5,10.0,9.5,38.0,4.5,0.12603648424543948,True,0,finished,11.0,False
3,9,Harry Hamlin,Ashly DelGrosso,Eliminated Week 3,9,0.0,0.0,0.0,,0.0,,,False,0,eliminated,3.0,True
3,9,Vivica A. Fox,Nick Kosovich,Eliminated Week 4,8,0.0,0.0,0.0,,0.0,,,False,0,eliminated,4.0,True
3,9,Monique Coleman,Louis van Amstel,Eliminated Week 8,4,0.0,0.0,0.0,,0.0,,,False,0,eliminated,8.0,True
3,9,Joey Lawrence,Edyta Sliwinska,3rd Place,3,9.5,10.0,10.0,,29.5,2.0,0.3333333333333333,True,0,finished,9.0,False
3,9,Mario Lopez,Karina Smirnoff,2nd Place,2,10.0,9.5,10.0,,29.5,2.0,0.3333333333333333,True,0,finished,10.0,False
3,9,Emmitt Smith,Cheryl Burke,1st Place,1,9.5,10.0,10.0,,29.5,2.0,0.3333333333333333,True,0,finished,10.0,False
3,9,Shanna Moakler,Jesse DeSoto,Eliminated Week 2,10,0.0,0.0,0.0,,0.0,,,False,0,eliminated,2.0,True
3,9,Willa Ford,Maksim Chmerkoskiy,Eliminated Week 5,7,0.0,0.0,0.0,,0.0,,,False,0,eliminated,5.0,True
3,9,Sara Evans,Tony Dovolani,Withdrew,6,0.0,0.0,0.0,,0.0,,,False,0,withdrew,5.0,True
3,9,Jerry Springer,Kym Johnson,Eliminated Week 7,5,0.0,0.0,0.0,,0.0,,,False,0,eliminated,7.0,True
3,9,Tucker Carlson,Elena Grinenko,Eliminated Week 1,11,0.0,0.0,0.0,,0.0,,,False,0,eliminated,1.0,True
4,9,John Ratzenberger,Edyta Sliwinska,Eliminated Week 7,6,0.0,0.0,0.0,,0.0,,,False,0,eliminated,7.0,True
4,9,Ian Ziering,Cheryl Burke,Eliminated Week 9,4,9.5,10.0,9.5,,29.0,4.0,0.24472573839662448,True,1,eliminated,9.0,False
4,9,Clyde Drexler,Elena Grinenko,Eliminated Week 5,8,0.0,0.0,0.0,,0.0,,,False,0,eliminated,5.0,True
4,9,Laila Ali,Maksim Chmerkoskiy,3rd Place,3,10.0,10.0,10.0,,30.0,1.5,0.25316455696202533,True,0,finished,10.0,False
4,9,Apolo Anton Ohno,Julianne Hough,1st Place,1,10.0,9.5,10.0,,29.5,3.0,0.2489451476793249,True,0,finished,10.0,False
4,9,Shandi Finnessey,Brian Fortuna,Eliminated Week 3,10,0.0,0.0,0.0,,0.0,,,False,0,eliminated,3.0,True
4,9,Paulina Porizkova,Alec Mazo,Eliminated Week 2,11,0.0,0.0,0.0,,0.0,,,False,0,eliminated,2.0,True
4,9,Heather Mills,Jonathan Roberts,Eliminated Week 6,7,0.0,0.0,0.0,,0.0,,,False,0,eliminated,6.0,True
4,9,Billy Ray Cyrus,Karina Smirnoff,Eliminated Week 8,5,0.0,0.0,0.0,,0.0,,,False,0,eliminated,8.0,True
4,9,Joey Fatone,Kym Johnson,2nd Place,2,10.0,10.0,10.0,,30.0,1.5,0.25316455696202533,True,0,finished,10.0,False
4,9,Leeza Gibbons,Tony Dovolani,Eliminated Week 4,9,0.0,0.0,0.0,,0.0,,,False,0,eliminated,4.0,True
5,9,Cameron Mathison,Edyta Sliwinska,Eliminated Week 8,5,0.0,0.0,0.0,,0.0,,,False,0,eliminated,8.0,True
5,9,Jane Seymour,Tony Dovolani,Eliminated Week 7,6,0.0,0.0,0.0,,0.0,,,False,0,eliminated,7.0,True
5,9,Sabrina Bryan,Mark Ballas,Eliminated Week 6,7,0.0,0.0,0.0,,0.0,,,False,0,eliminated,6.0,True
5,9,Jennie Garth,Derek Hough,Eliminated Week 9,4,9.5,10.0,9.5,,29.0,3.0,0.24786324786324787,True,1,eliminated,9.0,False
5,9,Floyd Mayweather Jr. ,Karina Smirnoff,Eliminated Week 4,9,0.0,0.0,0.0,,0.0,,,False,0,eliminated,4.0,True
5,9,Josie Maran,Alec Mazo,Eliminated Week 1,12,0.0,0.0,0.0,,0.0,,,False,0,eliminated,1.0,True
5,9,Albert Reed,Anna Trebunskaya,Eliminated Week 2,11,0.0,0.0,0.0,,0.0,,,False,0,eliminated,2.0,True
5,9,Helio Castroneves,Julianne Hough,1st Place,1,10.0,10.0,10.0,,30.0,1.5,0.2564102564102564,True,0,finished,10.0,False
5,9,Mel B,Maksim Chmerkoskiy,2nd Place,2,10.0,10.0,10.0,,30.0,1.5,0.2564102564102564,True,0,finished,10.0,False
5,9,Wayne Newton,Cheryl Burke,Eliminated Week 3,10,0.0,0.0,0.0,,0.0,,,False,0,eliminated,3.0,True
5,9,Marie Osmond,Jonathan Roberts,3rd Place,3,9.5,9.5,9.0,,28.0,4.0,0.23931623931623933,True,0,finished,10.0,False
5,9,Mark Cuban,Kym Johnson,Eliminated Week 5,8,0.0,0.0,0.0,,0.0,,,False,0,eliminated,5.0,True
6,9,Cristian de la Fuente,Cheryl Burke,3rd Place,3,9.5,9.0,9.5,,28.0,2.0,0.2545454545454545,True,0,finished,10.0,False
6,9,Steve Guttenberg,Anna Trebunskaya,Eliminated Week 3,10,0.0,0.0,0.0,,0.0,,,False,0,eliminated,3.0,True
6,9,Priscilla Presley,Louis van Amstel,Eliminated Week 5,8,0.0,0.0,0.0,,0.0,,,False,0,eliminated,5.0,True
6,9,Marlee Matlin,Fabian Sanchez,Eliminated Week 6,7,0.0,0.0,0.0,,0.0,,,False,0,eliminated,6.0,True
6,9,Shannon Elizabeth,Derek Hough,Eliminated Week 7,6,0.0,0.0,0.0,,0.0,,,False,0,eliminated,7.0,True
6,9,Marissa Jaret Winokur,Tony Dovolani,Eliminated Week 9,4,8.5,9.0,8.5,,26.0,4.0,0.23636363636363636,True,1,eliminated,9.0,False
6,9,Jason Taylor,Edyta Sliwinska,2nd Place,2,9.0,9.5,9.0,,27.5,3.0,0.25,True,0,finished,10.0,False
6,9,Kristi Yamaguchi,Mark Ballas,1st Place,1,9.5,9.0,10.0,,28.5,1.0,0.2590909090909091,True,0,finished,10.0,False
6,9,Monica Seles,Jonathan Roberts,Eliminated Week 2,11,0.0,0.0,0.0,,0.0,,,False,0,eliminated,2.0,True
6,9,Penn Jillette,Kym Johnson,Eliminated Week 2,12,0.0,0.0,0.0,,0.0,,,False,0,eliminated,2.0,True
6,9,Adam Carolla,Julianne Hough,Eliminated Week 4,9,0.0,0.0,0.0,,0.0,,,False,0,eliminated,4.0,True
6,9,Mario,Karina Smirnoff,Eliminated Week 8,5,0.0,0.0,0.0,,0.0,,,False,0,eliminated,8.0,True
7,9,Ted McGinley,Inna Brayer,Eliminated Week 1,12,0.0,0.0,0.0,,0.0,,,False,0,eliminated,1.0,True
7,9,Cloris Leachman,Corky Ballas,Eliminated Week 6,7,0.0,0.0,0.0,,0.0,,,False,0,eliminated,6.0,True
7,9,Susan Lucci,Tony Dovolani,Eliminated Week 7,6,0.0,0.0,0.0,,0.0,,,False,0,eliminated,7.0,True
7,9,Cody Linley,Julianne Hough,Eliminated Week 9,4,8.0,7.5,7.5,,23.0,4.0,0.22885572139303484,True,1,eliminated,9.0,False
7,9,Misty May-Treanor,Maksim Chmerkoskiy,Withdrew,10,0.0,0.0,0.0,,0.0,,,False,0,withdrew,2.0,True
7,9,Maurice Greene,Cheryl Burke,Eliminated Week 8,5,0.0,0.0,0.0,,0.0,,,False,0,eliminated,8.0,True
7,9,Warren Sapp,Kym Johnson,2nd Place,2,8.5,8.0,8.0,,24.5,2.5,0.24378109452736318,True,0,finished,10.0,False
7,9,Jeffrey Ross,Edyta Sliwinska,Eliminated Week 1,13,0.0,0.0,0.0,,0.0,,,False,0,eliminated,1.0,True
7,9,Toni Braxton,Alec Mazo,Eliminated Week 5,8,0.0,0.0,0.0,,0.0,,,False,0,eliminated,5.0,True
7,9,Lance Bass,Lacey Schwimmer,3rd Place,3,10.0,9.0,9.5,,28.5,1.0,0.2835820895522388,True,0,finished,10.0,False
7,9,Kim Kardashian,Mark Ballas,Eliminated Week 2,11,0.0,0.0,0.0,,0.0,,,False,0,eliminated,2.0,True
7,9,Rocco DiSpirito,Karina Smirnoff,Eliminated Week 4,9,0.0,0.0,0.0,,0.0,,,False,0,eliminated,4.0,True
7,9,Brooke Burke,Derek Hough,1st Place,1,8.0,8.5,8.0,,24.5,2.5,0.24378109452736318,True,0,finished,10.0,False
8,9,Gilles Marini,Cheryl Burke,2nd Place,2,9.5,9.0,9.5,,28.0,2.5,0.20973782771535582,True,0,finished,11.0,False
8,9,Denise Richards,Maksim Chmerkoskiy,Eliminated Week 3,12,0.0,0.0,0.0,,0.0,,,False,0,eliminated,3.0,True
8,9,David Alan Grier,Kym Johnson,Eliminated Week 5,9,0.0,0.0,0.0,,0.0,,,False,0,eliminated,5.0,True
8,9,Lawrence Taylor,Edyta Sliwinska,Eliminated Week 7,7,0.0,0.0,0.0,,0.0,,,False,0,eliminated,7.0,True
8,9,Ty Murray,Chelsie Hightower,Eliminated Week 10,4,7.5,8.0,7.5,,23.0,5.0,0.17228464419475656,True,0,eliminated,10.0,False
8,9,Shawn Johnson,Mark Ballas,1st Place,1,9.5,9.0,9.5,,28.0,2.5,0.20973782771535582,True,0,finished,11.0,False
8,9,Steve Wozniak,Karina Smirnoff,Eliminated Week 4,10,0.0,0.0,0.0,,0.0,,,False,0,eliminated,4.0,True
8,9,Belinda Carlisle,Jonathan Roberts,Eliminated Week 2,13,0.0,0.0,0.0,,0.0,,,False,0,eliminated,2.0,True
8,9,Chuck Wicks,Julianne Hough,Eliminated Week 8,6,0.0,0.0,0.0,,0.0,,,False,0,eliminated,8.0,True
8,9,Lil' Kim,Derek Hough,Eliminated Week 9,5,8.5,9.0,8.5,,26.0,4.0,0.1947565543071161,True,1,eliminated,9.0,False
8,9,Steve-O,Lacey Schwimmer,Eliminated Week 6,8,0.0,0.0,0.0,,0.0,,,False,0,eliminated,6.0,True
8,9,Holly Madison,Dmitry Chaplin,Eliminated Week 4,11,0.0,0.0,0.0,,0.0,,,False,0,eliminated,4.0,True
8,9,Melissa Rycroft,Tony Dovolani,3rd Place,3,9.5,9.5,9.5,,28.5,1.0,0.21348314606741572,True,0,finished,11.0,False
9,9,Ashley Hamiliton,Edyta Sliwinska,Eliminated Week 1,16,0.0,0.0,0.0,,0.0,,,False,0,eliminated,1.0,True
9,9,Debi Mazar,Maksim Chmerkoskiy,Eliminated Week 3,12,0.0,0.0,0.0,,0.0,,,False,0,eliminated,3.0,True
9,9,Melissa Joan Hart,Mark Ballas,Eliminated Week 6,9,0.0,0.0,0.0,,0.0,,,False,0,eliminated,6.0,True
9,9,Mark Dacascos,Lacey Schwimmer,Eliminated Week 7,6,0.0,0.0,0.0,,0.0,,,False,0,eliminated,7.0,True
9,9,Chuck Liddell,Anna Trebunskaya,Eliminated Week 4,11,0.0,0.0,0.0,,0.0,,,False,0,eliminated,4.0,True
9,9,Natalie Coughlin,Alec Mazo,Eliminated Week 5,10,0.0,0.0,0.0,,0.0,,,False,0,eliminated,5.0,True
9,9,Louie Vito,Chelsie Hightower,Eliminated Week 6,8,0.0,0.0,0.0,,0.0,,,False,0,eliminated,6.0,True
9,9,Michael Irvin,Anna Demidova,Eliminated Week 7,7,0.0,0.0,0.0,,0.0,,,False,0,eliminated,7.0,True
9,9,Joanna Krupa,Derek Hough,Eliminated Week 9,4,9.0,9.0,9.0,,27.0,2.0,0.2531258701201785,True,1,eliminated,9.0,False
9,9,Kathy Ireland,Tony Dovolani,Eliminated Week 2,14,0.0,0.0,0.0,,0.0,,,False,0,eliminated,2.0,True
9,9,Tom DeLay,Cheryl Burke,Withdrew,13,0.0,0.0,0.0,,0.0,,,False,0,withdrew,3.0,True
9,9,Macy Gray,Jonathan Roberts,Eliminated Week 1,15,0.0,0.0,0.0,,0.0,,,False,0,eliminated,1.0,True
9,9,Aaron Carter,Karina Smirnoff,Eliminated Week 8,5,0.0,0.0,0.0,,0.0,,,False,0,eliminated,8.0,True
9,9,Mya,Dmitry Chaplin,2nd Place,2,9.3333,9.6666,10.0,,28.9999,1.0,0.27187499707030244,True,0,finished,10.0,False
9,9,Donny Osmond,Kym Johnson,1st Place,1,8.0,8.3333,8.3333,,24.666600000000003,4.0,0.23125016992245911,True,0,finished,10.0,False
9,9,Kelly Osbourne,Louis van Amstel,3rd Place,3,8.6666,8.6666,8.6666,,25.9998,3.0,0.2437489628870599,True,0,finished,10.0,False
10,9,Aiden Turner,Edyta Sliwinska,Eliminated Week 4,9,0.0,0.0,0.0,,0.0,,,False,0,eliminated,4.0,True
10,9,Shannen Doherty,Mark Ballas,Eliminated Week 2,11,0.0,0.0,0.0,,0.0,,,False,0,eliminated,2.0,True
10,9,Niecy Nash,Louis van Amstel,Eliminated Week 8,5,0.0,0.0,0.0,,0.0,,,False,0,eliminated,8.0,True
10,9,Buzz Aldrin,Ashly DelGrosso,Eliminated Week 3,10,0.0,0.0,0.0,,0.0,,,False,0,eliminated,3.0,True
10,9,Chad Ochocinco,Cheryl Burke,Eliminated Week 9,4,8.5,8.5,9.0,,26.0,4.0,0.23008849557522124,True,1,eliminated,9.0,False
10,9,Evan Lysacek,Anna Trebunskaya,2nd Place,2,10.0,9.5,10.0,,29.5,1.5,0.2610619469026549,True,0,finished,10.0,False
10,9,Pamela Anderson,Damian Whitewood,Eliminated Week 7,6,0.0,0.0,0.0,,0.0,,,False,0,eliminated,7.0,True
10,9,Nicole Scherzinger,Derek Hough,1st Place,1,10.0,9.5,10.0,,29.5,1.5,0.2610619469026549,True,0,finished,10.0,False
10,9,Erin Andrews,Maksim Chmerkoskiy,3rd Place,3,9.5,9.0,9.5,,28.0,3.0,0.24778761061946902,True,0,finished,10.0,False
10,9,Kate Gosselin,Tony Dovolani,Eliminated Week 5,8,0.0,0.0,0.0,,0.0,,,False,0,eliminated,5.0,True
10,9,Jake Pavelka,Chelsie Hightower,Eliminated Week 6,7,0.0,0.0,0.0,,0.0,,,False,0,eliminated,6.0,True
11,9,David Hasselhoff,Kym Johnson,Eliminated Week 1,12,0.0,0.0,0.0,,0.0,,,False,0,eliminated,1.0,True
11,9,Florence Henderson,Corky Ballas,Eliminated Week 5,8,0.0,0.0,0.0,,0.0,,,False,0,eliminated,5.0,True
11,9,Kyle Massey,Lacey Schwimmer,2nd Place,2,10.0,9.0,10.0,,29.0,2.0,0.2543859649122807,True,0,finished,10.0,False
11,9,Jennifer Grey,Derek Hough,1st Place,1,10.0,10.0,10.0,,30.0,1.0,0.2631578947368421,True,0,finished,10.0,False
11,9,Rick Fox,Cheryl Burke,Eliminated Week 7,6,0.0,0.0,0.0,,0.0,,,False,0,eliminated,7.0,True
11,9,Kurt Warner,Anna Trebunskaya,Eliminated Week 8,5,0.0,0.0,0.0,,0.0,,,False,0,eliminated,8.0,True
11,9,Margaret Cho,Louis van Amstel,Eliminated Week 3,10,0.0,0.0,0.0,,0.0,,,False,0,eliminated,3.0,True
11,9,Michael Bolton,Chelsie Hightower,Eliminated Week 2,11,0.0,0.0,0.0,,0.0,,,False,0,eliminated,2.0,True
11,9,Brandy,Maksim Chmerkoskiy,Eliminated Week 9,4,9.5,9.5,9.5,,28.5,3.0,0.25,True,1,eliminated,9.0,False
11,9,The Situation,Karina Smirnoff,Eliminated Week 4,9,0.0,0.0,0.0,,0.0,,,False,0,eliminated,4.0,True
11,9,Audrina Patridge,Tony Dovolani,Eliminated Week 6,7,0.0,0.0,0.0,,0.0,,,False,0,eliminated,6.0,True
11,9,Bristol Palin,Mark Ballas,3rd Place,3,8.5,9.0,9.0,,26.5,4.0,0.2324561403508772,True,0,finished,10.0,False
12,9,Ralph Macchio,Karina Smirnoff,Eliminated Week 9,4,8.0,8.0,8.0,,24.0,4.0,0.20425531914893616,True,1,eliminated,9.0,False
12,9,Chelsea Kane,Mark Ballas,3rd Place,3,12.0,12.0,12.5,,36.5,1.0,0.31063829787234043,True,0,finished,10.0,False
12,9,Kirstie Alley,Maksim Chmerkoskiy,2nd Place,2,9.0,9.0,9.0,,27.0,3.0,0.2297872340425532,True,0,finished,10.0,False
12,9,Hines Ward,Kym Johnson,1st Place,1,10.0,10.0,10.0,,30.0,2.0,0.2553191489361702,True,0,finished,10.0,False
12,9,Sugar Ray Leonard,Anna Trebunskaya,Eliminated Week 4,9,0.0,0.0,0.0,,0.0,,,False,0,eliminated,4.0,True
12,9,Chris Jericho,Cheryl Burke,Eliminated Week 6,7,0.0,0.0,0.0,,0.0,,,False,0,eliminated,6.0,True
12,9,Petra Nemcova,Dmitry Chaplin,Eliminated Week 5,8,0.0,0.0,0.0,,0.0,,,False,0,eliminated,5.0,True
12,9,Mike Catherwood,Lacey Schwimmer,Eliminated Week 2,11,0.0,0.0,0.0,,0.0,,,False,0,eliminated,2.0,True
12,9,Romeo,Chelsie Hightower,Eliminated Week 8,5,0.0,0.0,0.0,,0.0,,,False,0,eliminated,8.0,True
12,9,Wendy Williams,Tony Dovolani,Eliminated Week 3,10,0.0,0.0,0.0,,0.0,,,False,0,eliminated,3.0,True
12,9,Kendra Wilkinson,Louis van Amstel,Eliminated Week 7,6,0.0,0.0,0.0,,0.0,,,False,0,eliminated,7.0,True
13,9,Elisabetta Canalis,Valentin Chmerkovskiy,Eliminated Week 2,11,0.0,0.0,0.0,,0.0,,,False,0,eliminated,2.0,True
13,9,David Arquette,Kym Johnson,Eliminated Week 7,6,0.0,0.0,0.0,,0.0,,,False,0,eliminated,7.0,True
13,9,Ricki Lake,Derek Hough,3rd Place,3,10.8333,11.3333,11.3333,,33.4999,1.0,0.28270077088932866,True,0,finished,10.0,False
13,9,J.R. Martinez,Karina Smirnoff,1st Place,1,9.5,9.0,9.5,,28.0,3.0,0.23628791682665332,True,0,finished,10.0,False
13,9,Metta World Peace (Ron),Peta Murgatroyd,Eliminated Week 1,12,0.0,0.0,0.0,,0.0,,,False,0,eliminated,1.0,True
13,9,Hope Solo,Maksim Chmerkoskiy,Eliminated Week 9,4,8.1666,8.1666,8.1666,,24.4998,4.0,0.20675023945248716,True,1,eliminated,9.0,False
13,9,Chynna Phillips,Tony Dovolani,Eliminated Week 4,9,0.0,0.0,0.0,,0.0,,,False,0,eliminated,4.0,True
13,9,Kristin Cavallari,Mark Ballas,Eliminated Week 3,10,0.0,0.0,0.0,,0.0,,,False,0,eliminated,3.0,True
13,9,Carson Kressley,Anna Trebunskaya,Eliminated Week 5,8,0.0,0.0,0.0,,0.0,,,False,0,eliminated,5.0,True
13,9,Chaz Bono,Lacey Schwimmer,Eliminated Week 6,7,0.0,0.0,0.0,,0.0,,,False,0,eliminated,6.0,True
13,9,Nancy Grace,Tristan MacManus,Eliminated Week 8,5,0.0,0.0,0.0,,0.0,,,False,0,eliminated,8.0,True
13,9,Rob Kardashian,Cheryl Burke,2nd Place,2,11.1666,10.6666,10.6666,,32.4998,2.0,0.27426107283153095,True,0,finished,10.0,False
14,9,William Levy,Cheryl Burke,3rd Place,3,9.5,9.5,10.0,,29.0,2.0,0.25217391304347825,True,0,finished,10.0,False
14,9,Jack Wagner,Anna Trebunskaya,Eliminated Week 3,11,0.0,0.0,0.0,,0.0,,,False,0,eliminated,3.0,True
14,9,Sherri Sheperd,Valentin Chmerkovskiy,Eliminated Week 4,10,0.0,0.0,0.0,,0.0,,,False,0,eliminated,4.0,True
14,9,Jaleel White,Kym Johnson,Eliminated Week 7,7,0.0,0.0,0.0,,0.0,,,False,0,eliminated,7.0,True
14,9,Roshon Fegan,Chelsie Hightower,Eliminated Week 8,6,0.0,0.0,0.0,,0.0,,,False,0,eliminated,8.0,True
14,9,Melissa Gilbert,Maksim Chmerkoskiy,Eliminated Week 8,5,0.0,0.0,0.0,,0.0,,,False,0,eliminated,8.0,True
14,9,Martina Navratilova,Tony Dovolani,Eliminated Week 2,12,0.0,0.0,0.0,,0.0,,,False,0,eliminated,2.0,True
14,9,Donald Driver,Peta Murgatroyd,1st Place,1,9.5,9.0,10.0,,28.5,3.0,0.24782608695652175,True,0,finished,10.0,False
14,9,Gavin DeGraw,Karina Smirnoff,Eliminated Week 5,9,0.0,0.0,0.0,,0.0,,,False,0,eliminated,5.0,True
14,9,Gladys Knight,Tristan MacManus,Eliminated Week 6,8,0.0,0.0,0.0,,0.0,,,False,0,eliminated,6.0,True
14,9,Katherine Jenkins,Mark Ballas,2nd Place,2,9.5,9.0,9.5,,28.0,4.0,0.24347826086956523,True,0,finished,10.0,False
14,9,Maria Menounos,Derek Hough,Eliminated Week 9,4,10.0,9.5,10.0,,29.5,1.0,0.2565217391304348,True,1,eliminated,9.0,False
15,9,Gilles Marini,Peta Murgatroyd,Eliminated Week 8,6,0.0,0.0,0.0,,0.0,,,False,0,eliminated,8.0,True
15,9,Sabrina Bryan,Louis van Amstel,Eliminated Week 6,8,0.0,0.0,0.0,,0.0,,,False,0,eliminated,6.0,True
15,9,Kirstie Alley,Maksim Chmerkoskiy,Eliminated Week 8,7,0.0,0.0,0.0,,0.0,,,False,0,eliminated,8.0,True
15,9,Kelly Monaco,Valentin Chmerkovskiy,3rd Place,3,8.7777,9.3333,9.0,,27.110999999999997,4.0,0.19227700484469115,True,0,finished,10.0,False
15,9,Apolo Anton Ohno,Karina Smirnoff,Eliminated Week 9,5,9.3333,9.5,9.7777,,28.611,3.0,0.20291532535175608,True,1,eliminated,9.0,False
15,9,Emmitt Smith,Cheryl Burke,Eliminated Week 9,4,9.0,9.0,9.0,,27.0,5.0,0.19148976912716836,True,1,eliminated,9.0,False
15,9,Shawn Johnson,Derek Hough,2nd Place,2,9.5,10.0,10.0,,29.5,1.0,0.2092203033056099,True,0,finished,10.0,False
15,9,Pamela Anderson,Tristan MacManus,Eliminated Week 1,13,0.0,0.0,0.0,,0.0,,,False,0,eliminated,1.0,True
15,9,Helio Castroneves,Chelsie Hightower,Eliminated Week 3,10,0.0,0.0,0.0,,0.0,,,False,0,eliminated,3.0,True
15,9,Joey Fatone,Kym Johnson,Eliminated Week 2,12,0.0,0.0,0.0,,0.0,,,False,0,eliminated,2.0,True
15,9,Drew Lachey,Anna Trebunskaya,Eliminated Week 3,11,0.0,0.0,0.0,,0.0,,,False,0,eliminated,3.0,True
15,9,Bristol Palin,Mark Ballas,Eliminated Week 4,9,0.0,0.0,0.0,,0.0,,,False,0,eliminated,4.0,True
15,9,Melissa Rycroft,Tony Dovolani,1st Place,1,9.5,9.7777,9.5,,28.7777,2.0,0.20409759737077457,True,0,finished,10.0,False
16,9,Ingo Rademacher,Kym Johnson,Eliminated Week 9,5,8.5,8.5,8.5,,25.5,5.0,0.18085106382978725,True,1,eliminated,9.0,False
16,9,Zendaya,Valentin Chmerkovskiy,2nd Place,2,9.0,9.0,9.5,,27.5,4.0,0.1950354609929078,True,0,finished,10.0,False
16,9,Dorothy Hamill,Tristan MacManus,Withdrew,12,0.0,0.0,0.0,,0.0,,,False,0,withdrew,2.0,True
16,9,Victor Ortiz,Lindsay Arnold,Eliminated Week 6,8,0.0,0.0,0.0,,0.0,,,False,0,eliminated,6.0,True
16,9,Alexandra Raisman,Mark Ballas,Eliminated Week 10,4,10.0,9.5,10.0,,29.5,1.5,0.20921985815602837,True,0,eliminated,10.0,False
16,9,Jacoby Jones,Karina Smirnoff,3rd Place,3,10.0,9.5,10.0,,29.5,1.5,0.20921985815602837,True,0,finished,10.0,False
16,9,D. L. Hughley,Cheryl Burke,Eliminated Week 5,9,0.0,0.0,0.0,,0.0,,,False,0,eliminated,5.0,True
16,9,Andy Dick,Sharna Burgess,Eliminated Week 7,7,0.0,0.0,0.0,,0.0,,,False,0,eliminated,7.0,True
16,9,Wynonna Judd,Tony Dovolani,Eliminated Week 3,11,0.0,0.0,0.0,,0.0,,,False,0,eliminated,3.0,True
16,9,Kellie Pickler,Derek Hough,1st Place,1,9.5,10.0,9.5,,29.0,3.0,0.20567375886524822,True,0,finished,10.0,False
16,9,Lisa Vanderpump,Gleb Savchenko,Eliminated Week 4,10,0.0,0.0,0.0,,0.0,,,False,0,eliminated,4.0,True
16,9,Sean Lowe,Peta Murgatroyd,Eliminated Week 8,6,0.0,0.0,0.0,,0.0,,,False,0,eliminated,8.0,True
17,9,Valerie Harper,Tristan MacManus,Eliminated Week 4,10,0.0,0.0,0.0,,0.0,,,False,0,eliminated,4.0,True
17,9,Brant Daugherty,Peta Murgatroyd,Eliminated Week 8,7,0.0,0.0,0.0,,0.0,,,False,0,eliminated,8.0,True
17,9,Elizabeth Berkley Lauren,Valentin Chmerkovskiy,Eliminated Week 9,6,9.5,9.0,9.5,,28.0,2.0,0.17777777777777778,True,1,eliminated,9.0,False
17,9,Leah Remini,Tony Dovolani,Eliminated Week 10,5,9.0,9.0,9.0,,27.0,3.5,0.17142857142857143,True,0,eliminated,10.0,False
17,9,Corbin Bleu,Karina Smirnoff,2nd Place,2,9.5,9.5,10.0,,29.0,1.0,0.18412698412698414,True,0,finished,11.0,False
17,9,Amber Riley,Derek Hough,1st Place,1,8.5,8.5,8.5,,25.5,5.0,0.1619047619047619,True,0,finished,11.0,False
17,9,Keyshawn Johnson,Sharna Burgess,Eliminated Week 2,12,0.0,0.0,0.0,,0.0,,,False,0,eliminated,2.0,True
17,9,Bill Engvall,Emma Slater,Eliminated Week 11,4,7.0,7.0,7.0,,21.0,6.0,0.13333333333333333,True,0,eliminated,11.0,False
17,9,Christina Milian,Mark Ballas,Eliminated Week 5,9,0.0,0.0,0.0,,0.0,,,False,0,eliminated,5.0,True
17,9,"Nicole ""Snooki"" Polizzi",Sasha Farber,Eliminated Week 7,8,0.0,0.0,0.0,,0.0,,,False,0,eliminated,7.0,True
17,9,Jack Osbourne,Cheryl Burke,3rd Place,3,9.0,9.0,9.0,,27.0,3.5,0.17142857142857143,True,0,finished,11.0,False
17,9,Bill Nye,Tyne Stecklein,Eliminated Week 3,11,0.0,0.0,0.0,,0.0,,,False,0,eliminated,3.0,True
18,9,Billy Dee Williams,Emma Slater,Withdrew,10,0.0,0.0,0.0,0.0,0.0,,,False,0,withdrew,2.0,True
18,9,Danica McKellar,Valentin Chmerkovskiy,Eliminated Week 8,6,0.0,0.0,0.0,0.0,0.0,,,False,0,eliminated,8.0,True
18,9,James Maslow,Peta Murgatroyd,Eliminated Week 10,4,9.5,9.5,9.5,9.5,38.0,3.5,0.19895287958115182,True,0,eliminated,10.0,False
18,9,Candace Cameron Bure,Mark Ballas,3rd Place,3,8.5,9.5,9.5,8.5,36.0,5.0,0.18848167539267016,True,0,finished,10.0,False
18,9,Sean Avery,Karina Smirnoff,Eliminated Week 2,11,0.0,0.0,0.0,0.0,0.0,,,False,0,eliminated,2.0,True
18,9,Diana Nyad,Henry Byalikov,Eliminated Week 2,12,0.0,0.0,0.0,0.0,0.0,,,False,0,eliminated,2.0,True
18,9,Charlie White,Sharna Burgess,Eliminated Week 9,5,9.5,9.5,9.5,9.5,38.0,3.5,0.19895287958115182,True,1,eliminated,9.0,False
18,9,Amy Purdy,Derek Hough,2nd Place,2,9.5,9.5,10.0,10.0,39.0,2.0,0.20418848167539266,True,0,finished,10.0,False
18,9,Meryl Davis,Maksim Chmerkoskiy,1st Place,1,10.0,10.0,10.0,10.0,40.0,1.0,0.2094240837696335,True,0,finished,10.0,False
18,9,Drew Carey,Cheryl Burke,Eliminated Week 6,8,0.0,0.0,0.0,0.0,0.0,,,False,0,eliminated,6.0,True
18,9,Cody Simpson,Witney Carson,Eliminated Week 5,9,0.0,0.0,0.0,0.0,0.0,,,False,0,eliminated,5.0,True
18,9,NeNe Leakes,Tony Dovolani,Eliminated Week 7,7,0.0,0.0,0.0,0.0,0.0,,,False,0,eliminated,7.0,True
19,9,Antonio Sabato Jr.,Cheryl Burke,Eliminated Week 7,8,0.0,0.0,0.0,0.0,0.0,,,False,0,eliminated,7.0,True
19,9,Jonathan Bennett,Allison Holker,Eliminated Week 6,9,0.0,0.0,0.0,0.0,0.0,,,False,0,eliminated,6.0,True
19,9,Lea Thompson,Artem Chigvintsev,Eliminated Week 9,6,8.5,9.0,8.5,9.0,35.0,5.0,0.16355140186915887,True,1,eliminated,9.0,False
19,9,Janel Parrish,Valentin Chmerkovskiy,3rd Place,3,9.5,9.5,10.0,9.5,38.5,1.5,0.17990654205607476,True,0,finished,11.0,False
19,9,Alfonso Ribeiro,Witney Carson,1st Place,1,9.5,9.5,9.5,10.0,38.5,1.5,0.17990654205607476,True,0,finished,11.0,False
19,9,Lolo Jones,Keo Motsepe,Eliminated Week 1,13,0.0,0.0,0.0,0.0,0.0,,,False,0,eliminated,1.0,True
19,9,Randy Couture,Karina Smirnoff,Eliminated Week 3,11,0.0,0.0,0.0,0.0,0.0,,,False,0,eliminated,3.0,True
19,9,Tommy Chong,Peta Murgatroyd,Eliminated Week 10,5,7.0,7.5,7.0,7.0,28.5,6.0,0.13317757009345793,True,0,eliminated,10.0,False
19,9,Betsey Johnson,Tony Dovolani,Eliminated Week 4,10,0.0,0.0,0.0,0.0,0.0,,,False,0,eliminated,4.0,True
19,9,Michael Waltrip,Emma Slater,Eliminated Week 8,7,0.0,0.0,0.0,0.0,0.0,,,False,0,eliminated,8.0,True
19,9,Tavis Smiley,Sharna Burgess,Eliminated Week 2,12,0.0,0.0,0.0,0.0,0.0,,,False,0,eliminated,2.0,True
19,9,Bethany Mota,Derek Hough,Eliminated Week 11,4,9.0,9.5,9.5,9.0,37.0,3.0,0.17289719626168223,True,0,eliminated,11.0,False
19,9,Sadie Robertson,Mark Ballas,2nd Place,2,9.0,9.5,9.0,9.0,36.5,4.0,0.1705607476635514,True,0,finished,11.0,False
20,9,Suzanne Somers,Tony Dovolani,Eliminated Week 5,9,0.0,0.0,0.0,0.0,0.0,,,False,0,eliminated,5.0,True
20,9,Willow Shields,Mark Ballas,Eliminated Week 7,7,0.0,0.0,0.0,0.0,0.0,,,False,0,eliminated,7.0,True
20,9,Riker Lynch,Allison Holker,2nd Place,2,10.0,10.0,10.0,10.0,40.0,1.5,0.25477707006369427,True,0,finished,10.0,False
20,9,Rumer Willis,Valentin Chmerkovskiy,1st Place,1,10.0,9.5,9.5,10.0,39.0,3.0,0.2484076433121019,True,0,finished,10.0,False
20,9,Nastia Liukin,Derek Hough,Eliminated Week 9,4,10.0,10.0,10.0,10.0,40.0,1.5,0.25477707006369427,True,1,eliminated,9.0,False
20,9,Michael Sam,Peta Murgatroyd,Eliminated Week 4,10,0.0,0.0,0.0,0.0,0.0,,,False,0,eliminated,4.0,True
20,9,Robert Herjavec,Kym Johnson,Eliminated Week 8,6,0.0,0.0,0.0,0.0,0.0,,,False,0,eliminated,8.0,True
20,9,Charlotte McKinney,Keo Motsepe,Eliminated Week 3,11,0.0,0.0,0.0,0.0,0.0,,,False,0,eliminated,3.0,True
20,9,Noah Galloway,Sharna Burgess,3rd Place,3,9.5,9.5,9.5,9.5,38.0,4.0,0.24203821656050956,True,0,finished,10.0,False
20,9,Redfoo,Emma Slater,Eliminated Week 2,12,0.0,0.0,0.0,0.0,0.0,,,False,0,eliminated,2.0,True
20,9,Patti LaBelle,Artem Chigvintsev,Eliminated Week 6,8,0.0,0.0,0.0,0.0,0.0,,,False,0,eliminated,6.0,True
20,9,Chris Soules,Witney Carson,Eliminated Week 8,5,0.0,0.0,0.0,0.0,0.0,,,False,0,eliminated,8.0,True
21,9,Gary Busey,Anna Trebunskaya,Eliminated Week 4,10,0.0,0.0,0.0,,0.0,,,False,0,eliminated,4.0,True
21,9,Alexa PenaVega,Mark Ballas,Eliminated Week 9,6,10.0,10.0,10.0,,30.0,1.5,0.182370820668693,True,1,eliminated,9.0,False
21,9,Carlos PenaVega,Witney Carson,Eliminated Week 11,4,9.0,9.0,9.0,,27.0,4.0,0.1641337386018237,True,0,eliminated,11.0,False
21,9,Victor Espinoza,Karina Smirnoff,Eliminated Week 2,12,0.0,0.0,0.0,,0.0,,,False,0,eliminated,2.0,True
21,9,Alek Skarlatos,Lindsay Arnold,3rd Place,3,8.5,8.5,8.5,,25.5,5.0,0.15501519756838905,True,0,finished,11.0,False
21,9,Chaka Khan,Keo Motsepe,Eliminated Week 2,13,0.0,0.0,0.0,,0.0,,,False,0,eliminated,2.0,True
21,9,Andy Grammer,Allison Holker,Eliminated Week 8,7,0.0,0.0,0.0,,0.0,,,False,0,eliminated,8.0,True
21,9,Tamar Braxton,Valentin Chmerkovskiy,Withdrew,5,8.5,8.0,8.0,,24.5,6.0,0.14893617021276595,True,0,withdrew,9.0,False
21,9,Nick Carter,Sharna Burgess,2nd Place,2,9.0,9.0,9.5,,27.5,3.0,0.16717325227963525,True,0,finished,11.0,False
21,9,Hayes Grier,Emma Slater,Eliminated Week 7,8,0.0,0.0,0.0,,0.0,,,False,0,eliminated,7.0,True
21,9,Bindi Irwin,Derek Hough,1st Place,1,10.0,10.0,10.0,,30.0,1.5,0.182370820668693,True,0,finished,11.0,False
21,9,Kim Zolciak-Biermann,Tony Dovolani,Withdrew,11,0.0,0.0,0.0,,0.0,,,False,0,withdrew,2.0,True
21,9,Paula Deen,Louis van Amstel,Eliminated Week 6,9,0.0,0.0,0.0,,0.0,,,False,0,eliminated,6.0,True
22,9,Mischa Barton,Artem Chigvintsev,Eliminated Week 3,11,0.0,0.0,0.0,,0.0,,,False,0,eliminated,3.0,True
22,9,Kim Fields,Sasha Farber,Eliminated Week 7,8,0.0,0.0,0.0,,0.0,,,False,0,eliminated,7.0,True
22,9,Jodie Sweetin,Keo Motsepe,Eliminated Week 8,6,0.0,0.0,0.0,,0.0,,,False,0,eliminated,8.0,True
22,9,Doug Flutie,Karina Smirnoff,Eliminated Week 6,9,0.0,0.0,0.0,,0.0,,,False,0,eliminated,6.0,True
22,9,Von Miller,Witney Carson,Eliminated Week 7,7,0.0,0.0,0.0,,0.0,,,False,0,eliminated,7.0,True
22,9,Antonio Brown,Sharna Burgess,Eliminated Week 9,5,9.0,9.0,9.5,,27.5,5.0,0.1916376306620209,True,1,eliminated,9.0,False
22,9,Paige VanZant,Mark Ballas,2nd Place,2,10.0,9.5,10.0,,29.5,2.0,0.20557491289198607,True,0,finished,10.0,False
22,9,Geraldo Rivera,Edyta Sliwinska,Eliminated Week 2,12,0.0,0.0,0.0,,0.0,,,False,0,eliminated,2.0,True
22,9,Nyle DiMarco,Peta Murgatroyd,1st Place,1,9.5,9.5,9.5,,28.5,3.0,0.1986062717770035,True,0,finished,10.0,False
22,9,Ginger Zee,Valentin Chmerkovskiy,3rd Place,3,9.0,9.5,9.5,,28.0,4.0,0.1951219512195122,True,0,finished,10.0,False
22,9,Wanya Morris,Lindsay Arnold,Eliminated Week 9,4,10.0,10.0,10.0,,30.0,1.0,0.20905923344947736,True,1,eliminated,9.0,False
22,9,Marla Maples,Tony Dovolani,Eliminated Week 4,10,0.0,0.0,0.0,,0.0,,,False,0,eliminated,4.0,True
23,9,Jake T. Austin,Jenna Johnson,Eliminated Week 2,13,0.0,0.0,0.0,0.0,0.0,,,False,0,eliminated,2.0,True
23,9,Maureen McCormick,Artem Chigvintsev,Eliminated Week 7,8,0.0,0.0,0.0,0.0,0.0,,,False,0,eliminated,7.0,True
23,9,Marilu Henner,Derek Hough,Eliminated Week 9,6,9.0,9.0,9.0,9.0,36.0,5.5,0.15859030837004406,True,1,eliminated,9.0,False
23,9,Ryan Lochte,Cheryl Burke,Eliminated Week 8,7,0.0,0.0,0.0,0.0,0.0,,,False,0,eliminated,8.0,True
23,9,Calvin Johnson Jr.,Lindsay Arnold,3rd Place,3,9.0,9.0,10.0,9.0,37.0,4.0,0.16299559471365638,True,0,finished,11.0,False
23,9,Laurie Hernandez,Valentin Chmerkovskiy,1st Place,1,10.0,10.0,10.0,10.0,40.0,1.5,0.1762114537444934,True,0,finished,11.0,False
23,9,Amber Rose,Maksim Chmerkoskiy,Eliminated Week 6,9,0.0,0.0,0.0,0.0,0.0,,,False,0,eliminated,6.0,True
23,9,Rick Perry,Emma Slater,Eliminated Week 3,12,0.0,0.0,0.0,0.0,0.0,,,False,0,eliminated,3.0,True
23,9,James Hinchcliffe,Sharna Burgess,2nd Place,2,9.0,9.0,9.0,9.0,36.0,5.5,0.15859030837004406,True,0,finished,11.0,False
23,9,Babyface,Allison Holker,Eliminated Week 4,11,0.0,0.0,0.0,0.0,0.0,,,False,0,eliminated,4.0,True
23,9,Vanilla Ice,Witney Carson,Eliminated Week 4,10,0.0,0.0,0.0,0.0,0.0,,,False,0,eliminated,4.0,True
23,9,Jana Kramer,Gleb Savchenko,Eliminated Week 11,4,10.0,10.0,10.0,10.0,40.0,1.5,0.1762114537444934,True,0,eliminated,11.0,False
23,9,Terra Jole,Sasha Farber,Eliminated Week 10,5,10.0,10.0,9.0,9.0,38.0,3.0,0.16740088105726872,True,0,eliminated,10.0,False
24,9,Charo,Keo Motsepe,Eliminated Week 3,11,0.0,0.0,0.0,0.0,0.0,,,False,0,eliminated,3.0,True
24,9,Mr. T,Kym Herjavec,Eliminated Week 4,10,0.0,0.0,0.0,0.0,0.0,,,False,0,eliminated,4.0,True
24,9,Heather Morris,Maksim Chmerkoskiy,Eliminated Week 6,8,0.0,0.0,0.0,0.0,0.0,,,False,0,eliminated,6.0,True
24,9,Nancy Kerrigan,Artem Chigvintsev,Eliminated Week 7,7,0.0,0.0,0.0,0.0,0.0,,,False,0,eliminated,7.0,True
24,9,Bonner Bolton,Sharna Burgess,Eliminated Week 8,5,0.0,0.0,0.0,0.0,0.0,,,False,0,eliminated,8.0,True
24,9,Simone Biles,Sasha Farber,Eliminated Week 9,4,10.0,10.0,10.0,10.0,40.0,1.0,0.264026402640264,True,1,eliminated,9.0,False
24,9,David Ross,Lindsay Arnold,2nd Place,2,9.0,8.5,9.0,8.5,35.0,4.0,0.23102310231023102,True,0,finished,10.0,False
24,9,Rashad Jennings,Emma Slater,1st Place,1,9.5,9.0,10.0,10.0,38.5,2.0,0.25412541254125415,True,0,finished,10.0,False
24,9,Chris Kattan,Witney Carson,Eliminated Week 2,12,0.0,0.0,0.0,0.0,0.0,,,False,0,eliminated,2.0,True
24,9,Erika Jayne,Gleb Savchenko,Eliminated Week 5,9,0.0,0.0,0.0,0.0,0.0,,,False,0,eliminated,5.0,True
24,9,Normani,Valentin Chmerkovskiy,3rd Place,3,9.5,9.5,9.5,9.5,38.0,3.0,0.2508250825082508,True,0,finished,10.0,False
24,9,Nick Viall,Peta Murgatroyd,Eliminated Week 7,6,0.0,0.0,0.0,0.0,0.0,,,False,0,eliminated,7.0,True
25,9,Sasha Pieterse,Gleb Savchenko,Eliminated Week 5,10,0.0,0.0,0.0,,0.0,,,False,0,eliminated,5.0,True
25,9,Frankie Muniz,Witney Carson,3rd Place,3,8.5,8.0,9.0,,25.5,4.0,0.18888888888888888,True,0,finished,10.0,False
25,9,Jordan Fisher,Lindsay Arnold,1st Place,1,9.5,9.5,10.0,,29.0,1.0,0.21481481481481482,True,0,finished,10.0,False
25,9,Derek Fisher,Sharna Burgess,Eliminated Week 4,11,0.0,0.0,0.0,,0.0,,,False,0,eliminated,4.0,True
25,9,Nikki Bella,Artem Chigvintsev,Eliminated Week 7,8,0.0,0.0,0.0,,0.0,,,False,0,eliminated,7.0,True
25,9,Terrell Owens,Cheryl Burke,Eliminated Week 8,6,0.0,0.0,0.0,,0.0,,,False,0,eliminated,8.0,True
25,9,Victoria Arlen,Valentin Chmerkovskiy,Eliminated Week 9,5,9.0,9.5,9.5,,28.0,3.0,0.2074074074074074,True,1,eliminated,9.0,False
25,9,Barbara Corcoran,Keo Motsepe,Eliminated Week 2,13,0.0,0.0,0.0,,0.0,,,False,0,eliminated,2.0,True
25,9,Lindsey Stirling,Mark Ballas,2nd Place,2,9.5,9.0,10.0,,28.5,2.0,0.2111111111111111,True,0,finished,10.0,False
25,9,Debbie Gibson,Alan Bersten,Eliminated Week 2,12,0.0,0.0,0.0,,0.0,,,False,0,eliminated,2.0,True
25,9,Nick Lachey,Peta Murgatroyd,Eliminated Week 6,9,0.0,0.0,0.0,,0.0,,,False,0,eliminated,6.0,True
25,9,Drew Scott,Emma Slater,Eliminated Week 10,4,8.0,8.0,8.0,,24.0,5.0,0.17777777777777778,True,0,eliminated,10.0,False
25,9,Vanessa Lachey,Maksim Chmerkoskiy,Eliminated Week 7,7,0.0,0.0,0.0,,0.0,,,False,0,eliminated,7.0,True
27,9,Juan Pablo Di Pace,Cheryl Burke,Eliminated Week 8,5,0.0,0.0,0.0,,0.0,,,False,0,eliminated,8.0,True
27,9,Evanna Lynch,Keo Motsepe,3rd Place,3,10.0,10.0,10.0,,30.0,1.5,0.2597402597402597,True,0,finished,9.0,False
27,9,Nancy McKeon,Valentin Chmerkovskiy,Eliminated Week 3,11,0.0,0.0,0.0,,0.0,,,False,0,eliminated,3.0,True
27,9,John Schneider,Emma Slater,Eliminated Week 7,8,0.0,0.0,0.0,,0.0,,,False,0,eliminated,7.0,True
27,9,Milo Manheim,Witney Carson,2nd Place,2,10.0,10.0,10.0,,30.0,1.5,0.2597402597402597,True,0,finished,9.0,False
27,9,Danelle Umstead,Artem Chigvintsev,Eliminated Week 2,12,0.0,0.0,0.0,,0.0,,,False,0,eliminated,2.0,True
27,9,Mary Lou Retton,Sasha Farber,Eliminated Week 6,9,0.0,0.0,0.0,,0.0,,,False,0,eliminated,6.0,True
27,9,DeMarcus Ware,Lindsay Arnold,Eliminated Week 7,7,0.0,0.0,0.0,,0.0,,,False,0,eliminated,7.0,True
27,9,Nikki Glaser,Gleb Savchenko,Eliminated Week 1,13,0.0,0.0,0.0,,0.0,,,False,0,eliminated,1.0,True
27,9,Bobby Bones,Sharna Burgess,1st Place,1,9.0,9.0,9.0,,27.0,4.0,0.23376623376623376,True,0,finished,9.0,False
27,9,Tinashe,Brandon Armstrong,Eliminated Week 4,10,0.0,0.0,0.0,,0.0,,,False,0,eliminated,4.0,True
27,9,Alexis Ren,Alan Bersten,4th Place,4,9.5,9.5,9.5,,28.5,3.0,0.24675324675324675,True,0,finished,9.0,False
27,9,Joe Amabile,Jenna Johnson,Eliminated Week 8,6,0.0,0.0,0.0,,0.0,,,False,0,eliminated,8.0,True
28,9,Kate Flannery,Pasha Pashkov,Eliminated Week 8,7,0.0,0.0,0.0,0.0,0.0,,,False,0,eliminated,8.0,True
28,9,James Van Der Beek,Emma Slater,Eliminated Week 10,5,9.0,8.5,9.5,9.0,36.0,3.0,0.17266187050359713,True,0,eliminated,10.0,False
28,9,Kel Mitchell,Witney Carson,2nd Place,2,9.0,9.0,9.5,9.5,37.0,2.0,0.1774580335731415,True,0,finished,11.0,False
28,9,Ray Lewis,Cheryl Burke,Withdrew,11,0.0,0.0,0.0,0.0,0.0,,,False,0,withdrew,2.0,True
28,9,Lamar Odom,Peta Murgatroyd,Eliminated Week 4,10,0.0,0.0,0.0,0.0,0.0,,,False,0,eliminated,4.0,True
28,9,Sailor Brinkley-Cook,Valentin Chmerkovskiy,Eliminated Week 6,9,0.0,0.0,0.0,0.0,0.0,,,False,0,eliminated,6.0,True
28,9,Sean Spicer,Lindsay Arnold,Eliminated Week 9,6,6.5,6.0,6.5,6.0,25.0,6.0,0.11990407673860912,True,1,eliminated,9.0,False
28,9,Mary Wilson,Brandon Armstrong,Eliminated Week 2,12,0.0,0.0,0.0,0.0,0.0,,,False,0,eliminated,2.0,True
28,9,Lauren Alaina,Gleb Savchenko,4th Place,4,9.0,9.0,8.5,8.5,35.0,5.0,0.16786570743405277,True,0,finished,11.0,False
28,9,Ally Brooke,Sasha Farber,3rd Place,3,10.0,10.0,10.0,10.0,40.0,1.0,0.19184652278177458,True,0,finished,11.0,False
28,9,Karamo Brown,Jenna Johnson,Eliminated Week 7,8,0.0,0.0,0.0,0.0,0.0,,,False,0,eliminated,7.0,True
28,9,Hannah Brown,Alan Bersten,1st Place,1,9.0,8.5,9.0,9.0,35.5,4.0,0.17026378896882494,True,0,finished,11.0,False
29,9,Anne Heche,Keo Motsepe,Eliminated Week 4,13,0.0,0.0,0.0,,0.0,,,False,0,eliminated,4.0,True
29,9,Jesse Metcalfe,Sharna Burgess,Eliminated Week 5,12,0.0,0.0,0.0,,0.0,,,False,0,eliminated,5.0,True
29,9,Chrishell Stause,Gleb Savchenko,Eliminated Week 8,8,0.0,0.0,0.0,,0.0,,,False,0,eliminated,8.0,True
29,9,Skai Jackson,Alan Bersten,Eliminated Week 10,5,9.6666,9.6666,9.6666,,28.9998,3.5,0.15025865392188154,True,0,eliminated,10.0,False
29,9,Justina Machado,Sasha Farber,4th Place,4,8.6666,8.6666,8.6666,,25.9998,5.0,0.13471454803957736,True,0,finished,11.0,False
29,9,Charles Oakley,Emma Slater,Eliminated Week 2,15,0.0,0.0,0.0,,0.0,,,False,0,eliminated,2.0,True
29,9,Veron Davis,Peta Murgatroyd,Eliminated Week 6,11,0.0,0.0,0.0,,0.0,,,False,0,eliminated,6.0,True
29,9,Johnny Weir,Britt Stewart,Eliminated Week 10,6,10.0,10.0,10.0,,30.0,1.5,0.15544105882304174,True,0,eliminated,10.0,False
29,9,Nev Schulman,Jenna Johnson,2nd Place,2,9.6666,9.6666,9.6666,,28.9998,3.5,0.15025865392188154,True,0,finished,11.0,False
29,9,AJ McLean,Cheryl Burke,Eliminated Week 9,7,7.6666,8.6666,8.6666,,24.9998,6.0,0.12953317941214265,True,1,eliminated,9.0,False
29,9,Nelly,Daniella Karagach,3rd Place,3,8.0,8.0,8.0,,24.0,7.0,0.1243528470584334,True,0,finished,11.0,False
29,9,Kaitlyn Bristowe,Artem Chigvintsev,1st Place,1,10.0,10.0,10.0,,30.0,1.5,0.15544105882304174,True,0,finished,11.0,False
29,9,Carole Baskin,Pasha Pashkov,Eliminated Week 3,14,0.0,0.0,0.0,,0.0,,,False,0,eliminated,3.0,True
29,9,Monica Aldama,Valentin Chmerkovskiy,Eliminated Week 7,10,0.0,0.0,0.0,,0.0,,,False,0,eliminated,7.0,True
29,9,Jeannie Mai,Brandon Armstrong,Withdrew,9,0.0,0.0,0.0,,0.0,,,False,0,withdrew,7.0,True
30,9,Martin Kove,Britt Stewart,Eliminated Week 2,15,0.0,0.0,0.0,0.0,0.0,,,False,0,eliminated,2.0,True
30,9,Brian Austin Green,Sharna Burgess,Eliminated Week 4,13,0.0,0.0,0.0,0.0,0.0,,,False,0,eliminated,4.0,True
30,9,Melora Hardin,Artem Chigvintsev,Eliminated Week 9,6,8.5,9.5,9.0,9.0,36.0,5.0,0.1592920353982301,True,1,eliminated,9.0,False
30,9,Matt James,Lindsay Arnold,Eliminated Week 4,12,0.0,0.0,0.0,0.0,0.0,,,False,0,eliminated,4.0,True
30,9,"Mike ""The Miz"" Mizanin",Witney Carson,Eliminated Week 7,9,0.0,0.0,0.0,0.0,0.0,,,False,0,eliminated,7.0,True
30,9,Suni Lee,Sasha Farber,Eliminated Week 9,5,10.0,9.0,9.5,9.0,37.5,3.5,0.16592920353982302,True,1,eliminated,9.0,False
30,9,Iman Shumpert,Daniella Karagach,1st Place,1,9.5,9.0,10.0,9.0,37.5,3.5,0.16592920353982302,True,0,finished,10.0,False
30,9,Cody Rigsby,Cheryl Burke,3rd Place,3,9.0,9.0,8.5,9.0,35.5,6.0,0.1570796460176991,True,0,finished,10.0,False
30,9,Melanie C,Gleb Savchenko,Eliminated Week 5,11,0.0,0.0,0.0,0.0,0.0,,,False,0,eliminated,5.0,True
30,9,Jimmie Allen,Emma Slater,Eliminated Week 8,7,0.0,0.0,0.0,0.0,0.0,,,False,0,eliminated,8.0,True
30,9,Olivia Jade,Valentin Chmerkovskiy,Eliminated Week 8,8,0.0,0.0,0.0,0.0,0.0,,,False,0,eliminated,8.0,True
30,9,JoJo Siwa,Jenna Johnson,2nd Place,2,10.0,10.0,10.0,10.0,40.0,1.0,0.17699115044247787,True,0,finished,10.0,False
30,9,Christine Chiu,Pasha Pashkov,Eliminated Week 3,14,0.0,0.0,0.0,0.0,0.0,,,False,0,eliminated,3.0,True
30,9,Kenya Moore,Brandon Armstrong,Eliminated Week 6,10,0.0,0.0,0.0,0.0,0.0,,,False,0,eliminated,6.0,True
30,9,Amanda Kloots,Alan Bersten,4th Place,4,9.5,10.0,10.0,10.0,39.5,2.0,0.1747787610619469,True,0,finished,10.0,False
31,9,Jason Lewis,Peta Murgatroyd,Eliminated Week 1,16,0.0,0.0,0.0,0.0,0.0,,,False,0,eliminated,1.0,True
31,9,Cheryl Ladd,Louis van Amstel,Eliminated Week 3,14,0.0,0.0,0.0,0.0,0.0,,,False,0,eliminated,3.0,True
31,9,Selma Blair,Sasha Farber,Withdrew,12,0.0,0.0,0.0,0.0,0.0,,,False,0,withdrew,5.0,True
31,9,Joseph Baena,Daniella Karagach,Eliminated Week 5,11,0.0,0.0,0.0,0.0,0.0,,,False,0,eliminated,5.0,True
31,9,Trevor Donovan,Emma Slater,Eliminated Week 9,6,8.5,8.0,8.0,8.0,32.5,6.0,0.14772727272727273,True,1,eliminated,9.0,False
31,9,Daniel Durant,Britt Stewart,Eliminated Week 9,5,9.0,8.0,9.0,8.5,34.5,5.0,0.15681818181818183,True,1,eliminated,9.0,False
31,9,Wayne Brady,Witney Carson,3rd Place,3,9.5,9.0,9.0,9.0,36.5,3.5,0.16590909090909092,True,0,finished,10.0,False
31,9,Sam Champion,Cheryl Burke,Eliminated Week 4,13,0.0,0.0,0.0,0.0,0.0,,,False,0,eliminated,4.0,True
31,9,Jessie James Decker,Alan Bersten,Eliminated Week 6,10,0.0,0.0,0.0,0.0,0.0,,,False,0,eliminated,6.0,True
31,9,Jordin Sparks,Brandon Armstrong,Eliminated Week 7,9,0.0,0.0,0.0,0.0,0.0,,,False,0,eliminated,7.0,True
31,9,Heidi D'Amelio,Artem Chigvintsev,Eliminated Week 8,8,0.0,0.0,0.0,0.0,0.0,,,False,0,eliminated,8.0,True
31,9,Charli D'Amelio,Mark Ballas,1st Place,1,10.0,10.0,10.0,10.0,40.0,1.5,0.18181818181818182,True,0,finished,10.0,False
31,9,Teresa Giudice,Pasha Pashkov,Eliminated Week 2,15,0.0,0.0,0.0,0.0,0.0,,,False,0,eliminated,2.0,True
31,9,Vinny Guadagnino,Koko Iwasaki,Eliminated Week 8,7,0.0,0.0,0.0,0.0,0.0,,,False,0,eliminated,8.0,True
31,9,Shangela,Gleb Savchenko,4th Place,4,9.5,9.0,9.0,9.0,36.5,3.5,0.16590909090909092,True,0,finished,10.0,False
31,9,Gabby Windey,Valentin Chmerkovskiy,2nd Place,2,10.0,10.0,10.0,10.0,40.0,1.5,0.18181818181818182,True,0,finished,10.0,False
32,9,Jamie Lynn Spears,Alan Bersten,Eliminated Week 2,13,0.0,0.0,0.0,0.0,0.0,,,False,0,eliminated,2.0,True
32,9,Mira Sorvino,Gleb Savchenko,Eliminated Week 5,10,0.0,0.0,0.0,0.0,0.0,,,False,0,eliminated,5.0,True
32,9,Barry Williams,Peta Murgatroyd,Eliminated Week 8,7,0.0,0.0,0.0,0.0,0.0,,,False,0,eliminated,8.0,True
32,9,Alyson Hannigan,Sasha Farber,5th Place,5,7.75,7.75,8.75,7.75,32.0,5.0,0.14479638009049775,True,0,finished,11.0,False
32,9,Xochitl Gomez,Valentin Chmerkovskiy,1st Place,1,9.75,9.75,10.75,10.75,41.0,2.0,0.18552036199095023,True,0,finished,11.0,False
32,9,Adrian Peterson,Britt Stewart,Eliminated Week 4,11,0.0,0.0,0.0,0.0,0.0,,,False,0,eliminated,4.0,True
32,9,Matt Walsh,Koko Iwasaki,Eliminated Week 1,14,0.0,0.0,0.0,0.0,0.0,,,False,0,eliminated,1.0,True
32,9,Tyson Beckford,Jenna Johnson,Eliminated Week 3,12,0.0,0.0,0.0,0.0,0.0,,,False,0,eliminated,3.0,True
32,9,Jason Mraz,Daniella Karagach,2nd Place,2,10.75,10.75,10.75,10.75,43.0,1.0,0.19457013574660634,True,0,finished,11.0,False
32,9,Lele Pons,Brandon Armstrong,Eliminated Week 7,8,0.0,0.0,0.0,0.0,0.0,,,False,0,eliminated,7.0,True
32,9,Harry Jowsey,Rylee Arnold,Eliminated Week 9,6,8.0,7.0,8.0,7.0,30.0,6.0,0.13574660633484162,True,1,eliminated,9.0,False
32,9,Mauricio Umansky,Emma Slater,Eliminated Week 6,9,0.0,0.0,0.0,0.0,0.0,,,False,0,eliminated,6.0,True
32,9,Charity Lawson,Artem Chigvintsev,4th Place,4,9.0,10.0,9.0,10.0,38.0,3.0,0.17194570135746606,True,0,finished,11.0,False
32,9,Ariana Madix,Pasha Pashkov,3rd Place,3,9.0,9.0,9.0,10.0,37.0,4.0,0.167420814479638,True,0,finished,11.0,False
33,9,Tori Spelling,Pasha Pashkov,Eliminated Week 2,12,0.0,0.0,0.0,,0.0,,,False,0,eliminated,2.0,True
33,9,Eric Roberts,Britt Stewart,Eliminated Week 3,10,0.0,0.0,0.0,,0.0,,,False,0,eliminated,3.0,True
33,9,Reginald VelJohnson,Emma Slater,Eliminated Week 3,10,0.0,0.0,0.0,,0.0,,,False,0,eliminated,3.0,True
33,9,Chandler Kinney,Brandon Armstrong,3rd Place,3,10.0,10.0,10.0,,30.0,1.0,0.20618556701030927,True,0,finished,9.0,False
33,9,Dwight Howard ,Daniella Karagach,Eliminated Week 7,6,0.0,0.0,0.0,,0.0,,,False,0,eliminated,7.0,True
33,9,Danny Amendola,Witney Carson,5th Place,5,9.0,9.5,9.5,,28.0,5.0,0.19243986254295534,True,0,finished,9.0,False
33,9,Stephen Nedoroscik,Rylee Arnold,4th Place,4,10.0,9.5,10.0,,29.5,2.5,0.2027491408934708,True,0,finished,9.0,False
33,9,Ilona Maher,Alan Bersten,2nd Place,2,9.5,9.5,9.5,,28.5,4.0,0.1958762886597938,True,0,finished,9.0,False
33,9,Anna Delvey,Ezra Sosa,Eliminated Week 2,12,0.0,0.0,0.0,,0.0,,,False,0,eliminated,2.0,True
33,9,Brooks Nader,Gleb Savchenko,Eliminated Week 4,9,0.0,0.0,0.0,,0.0,,,False,0,eliminated,4.0,True
33,9,Phaedra Parks,Val Chmerkovskiy,Eliminated Week 5,8,0.0,0.0,0.0,,0.0,,,False,0,eliminated,5.0,True
33,9,Jenn Tran,Sasha Farber,Eliminated Week 6,7,0.0,0.0,0.0,,0.0,,,False,0,eliminated,6.0,True
33,9,Joey Graziadei,Jenna Johnson,1st Place,1,9.5,10.0,10.0,,29.5,2.5,0.2027491408934708,True,0,finished,9.0,False
34,9,Corey Feldman,Jenna Johnson,Eliminated Week 2,13,0.0,0.0,0.0,0.0,0.0,,,False,0,eliminated,2.0,True
34,9,Danielle Fishel,Pasha Pashkov,Eliminated Week 8,8,0.0,0.0,0.0,0.0,0.0,,,False,0,eliminated,8.0,True
34,9,Elaine Hendrix,Alan Bersten (Rashad Jennings week 9),5th Place,5,9.0,9.0,9.0,9.0,36.0,6.0,0.13333333333333333,True,0,finished,11.0,False
34,9,Baron Davis,Britt Stewart,Eliminated Week 2,13,0.0,0.0,0.0,0.0,0.0,,,False,0,eliminated,2.0,True
34,9,Jordan Chiles,Ezra Sosa (Apolo Anton Ohno week 9),3rd Place,3,9.5,10.5,9.5,9.5,39.0,5.0,0.14444444444444443,True,0,finished,11.0,False
34,9,Andy Richter,Emma Slater/Kaitlyn Bristowe (week 9),Eliminated Week 9,7,8.0,7.0,7.0,7.0,29.0,7.0,0.10740740740740741,True,1,eliminated,9.0,False
34,9,Robert Irwin,Witney Carson (Xoshitl Gomez week 9),1st Place,1,10.5,10.5,10.5,10.5,42.0,2.0,0.15555555555555556,True,0,finished,11.0,False
34,9,Hilaria Baldwin,Gleb Savchenko,Eliminated Week 4,11,0.0,0.0,0.0,0.0,0.0,,,False,0,eliminated,4.0,True
34,9,Lauren Jauregui,Brandon Armstrong,Eliminated Week 3,12,0.0,0.0,0.0,0.0,0.0,,,False,0,eliminated,3.0,True
34,9,Scott Hoying,Rylee Arnold,Eliminated Week 6,10,0.0,0.0,0.0,0.0,0.0,,,False,0,eliminated,6.0,True
34,9,Alix Earle,Val Chmerkovskiy (Joey Graziadei week 9),2nd Place,2,10.0,10.0,10.0,10.0,40.0,4.0,0.14814814814814814,True,0,finished,11.0,False
34,9,Jen Affleck,Jan Ravnik,Eliminated Week 7,9,0.0,0.0,0.0,0.0,0.0,,,False,0,eliminated,7.0,True
34,9,Whitney Leavitt,Mark Ballas,Eliminated Week 10,6,10.5,10.5,10.5,10.5,42.0,2.0,0.15555555555555556,True,0,eliminated,10.0,False
34,9,Dylan Efron,Daniella Karagach (Rumer Willis week 9),4th Place,4,10.5,10.5,10.5,10.5,42.0,2.0,0.15555555555555556,True,0,finished,11.0,False
3,10,Harry Hamlin,Ashly DelGrosso,Eliminated Week 3,9,0.0,0.0,0.0,,0.0,,,False,0,eliminated,3.0,True
3,10,Vivica A. Fox,Nick Kosovich,Eliminated Week 4,8,0.0,0.0,0.0,,0.0,,,False,0,eliminated,4.0,True
3,10,Monique Coleman,Louis van Amstel,Eliminated Week 8,4,0.0,0.0,0.0,,0.0,,,False,0,eliminated,8.0,True
3,10,Joey Lawrence,Edyta Sliwinska,3rd Place,3,0.0,0.0,0.0,,0.0,,,False,0,finished,9.0,True
3,10,Mario Lopez,Karina Smirnoff,2nd Place,2,10.0,10.0,9.6666,,29.666600000000003,1.5,0.5,True,0,finished,10.0,False
3,10,Emmitt Smith,Cheryl Burke,1st Place,1,10.0,9.6666,10.0,,29.666600000000003,1.5,0.5,True,0,finished,10.0,False
3,10,Shanna Moakler,Jesse DeSoto,Eliminated Week 2,10,0.0,0.0,0.0,,0.0,,,False,0,eliminated,2.0,True
3,10,Willa Ford,Maksim Chmerkoskiy,Eliminated Week 5,7,0.0,0.0,0.0,,0.0,,,False,0,eliminated,5.0,True
3,10,Sara Evans,Tony Dovolani,Withdrew,6,0.0,0.0,0.0,,0.0,,,False,0,withdrew,5.0,True
3,10,Jerry Springer,Kym Johnson,Eliminated Week 7,5,0.0,0.0,0.0,,0.0,,,False,0,eliminated,7.0,True
3,10,Tucker Carlson,Elena Grinenko,Eliminated Week 1,11,0.0,0.0,0.0,,0.0,,,False,0,eliminated,1.0,True
4,10,John Ratzenberger,Edyta Sliwinska,Eliminated Week 7,6,0.0,0.0,0.0,,0.0,,,False,0,eliminated,7.0,True
4,10,Ian Ziering,Cheryl Burke,Eliminated Week 9,4,0.0,0.0,0.0,,0.0,,,False,0,eliminated,9.0,True
4,10,Clyde Drexler,Elena Grinenko,Eliminated Week 5,8,0.0,0.0,0.0,,0.0,,,False,0,eliminated,5.0,True
4,10,Laila Ali,Maksim Chmerkoskiy,3rd Place,3,9.6666,9.0,9.6666,,28.333200000000005,3.0,0.3281854310465651,True,0,finished,10.0,False
4,10,Apolo Anton Ohno,Julianne Hough,1st Place,1,9.6666,9.6666,10.0,,29.3332,1.0,0.33976850076853665,True,0,finished,10.0,False
4,10,Shandi Finnessey,Brian Fortuna,Eliminated Week 3,10,0.0,0.0,0.0,,0.0,,,False,0,eliminated,3.0,True
4,10,Paulina Porizkova,Alec Mazo,Eliminated Week 2,11,0.0,0.0,0.0,,0.0,,,False,0,eliminated,2.0,True
4,10,Heather Mills,Jonathan Roberts,Eliminated Week 6,7,0.0,0.0,0.0,,0.0,,,False,0,eliminated,6.0,True
4,10,Billy Ray Cyrus,Karina Smirnoff,Eliminated Week 8,5,0.0,0.0,0.0,,0.0,,,False,0,eliminated,8.0,True
4,10,Joey Fatone,Kym Johnson,2nd Place,2,9.6666,9.3333,9.6666,,28.6665,2.0,0.3320460681848982,True,0,finished,10.0,False
4,10,Leeza Gibbons,Tony Dovolani,Eliminated Week 4,9,0.0,0.0,0.0,,0.0,,,False,0,eliminated,4.0,True
5,10,Cameron Mathison,Edyta Sliwinska,Eliminated Week 8,5,0.0,0.0,0.0,,0.0,,,False,0,eliminated,8.0,True
5,10,Jane Seymour,Tony Dovolani,Eliminated Week 7,6,0.0,0.0,0.0,,0.0,,,False,0,eliminated,7.0,True
5,10,Sabrina Bryan,Mark Ballas,Eliminated Week 6,7,0.0,0.0,0.0,,0.0,,,False,0,eliminated,6.0,True
5,10,Jennie Garth,Derek Hough,Eliminated Week 9,4,0.0,0.0,0.0,,0.0,,,False,0,eliminated,9.0,True
5,10,Floyd Mayweather Jr. ,Karina Smirnoff,Eliminated Week 4,9,0.0,0.0,0.0,,0.0,,,False,0,eliminated,4.0,True
5,10,Josie Maran,Alec Mazo,Eliminated Week 1,12,0.0,0.0,0.0,,0.0,,,False,0,eliminated,1.0,True
5,10,Albert Reed,Anna Trebunskaya,Eliminated Week 2,11,0.0,0.0,0.0,,0.0,,,False,0,eliminated,2.0,True
5,10,Helio Castroneves,Julianne Hough,1st Place,1,9.0,9.3333,9.6666,,27.999900000000004,2.0,0.35294095402801606,True,0,finished,10.0,False
5,10,Mel B,Maksim Chmerkoskiy,2nd Place,2,9.3333,9.3333,9.6666,,28.333199999999998,1.0,0.35714222688890257,True,0,finished,10.0,False
5,10,Wayne Newton,Cheryl Burke,Eliminated Week 3,10,0.0,0.0,0.0,,0.0,,,False,0,eliminated,3.0,True
5,10,Marie Osmond,Jonathan Roberts,3rd Place,3,8.0,7.5,7.5,,23.0,3.0,0.2899168190830813,True,0,finished,10.0,False
5,10,Mark Cuban,Kym Johnson,Eliminated Week 5,8,0.0,0.0,0.0,,0.0,,,False,0,eliminated,5.0,True
6,10,Cristian de la Fuente,Cheryl Burke,3rd Place,3,9.0,8.0,9.0,,26.0,3.0,0.3076923076923077,True,0,finished,10.0,False
6,10,Steve Guttenberg,Anna Trebunskaya,Eliminated Week 3,10,0.0,0.0,0.0,,0.0,,,False,0,eliminated,3.0,True
6,10,Priscilla Presley,Louis van Amstel,Eliminated Week 5,8,0.0,0.0,0.0,,0.0,,,False,0,eliminated,5.0,True
6,10,Marlee Matlin,Fabian Sanchez,Eliminated Week 6,7,0.0,0.0,0.0,,0.0,,,False,0,eliminated,6.0,True
6,10,Shannon Elizabeth,Derek Hough,Eliminated Week 7,6,0.0,0.0,0.0,,0.0,,,False,0,eliminated,7.0,True
6,10,Marissa Jaret Winokur,Tony Dovolani,Eliminated Week 9,4,0.0,0.0,0.0,,0.0,,,False,0,eliminated,9.0,True
6,10,Jason Taylor,Edyta Sliwinska,2nd Place,2,9.5,9.5,9.5,,28.5,2.0,0.33727810650887574,True,0,finished,10.0,False
6,10,Kristi Yamaguchi,Mark Ballas,1st Place,1,10.0,10.0,10.0,,30.0,1.0,0.35502958579881655,True,0,finished,10.0,False
6,10,Monica Seles,Jonathan Roberts,Eliminated Week 2,11,0.0,0.0,0.0,,0.0,,,False,0,eliminated,2.0,True
6,10,Penn Jillette,Kym Johnson,Eliminated Week 2,12,0.0,0.0,0.0,,0.0,,,False,0,eliminated,2.0,True
6,10,Adam Carolla,Julianne Hough,Eliminated Week 4,9,0.0,0.0,0.0,,0.0,,,False,0,eliminated,4.0,True
6,10,Mario,Karina Smirnoff,Eliminated Week 8,5,0.0,0.0,0.0,,0.0,,,False,0,eliminated,8.0,True
7,10,Ted McGinley,Inna Brayer,Eliminated Week 1,12,0.0,0.0,0.0,,0.0,,,False,0,eliminated,1.0,True
7,10,Cloris Leachman,Corky Ballas,Eliminated Week 6,7,0.0,0.0,0.0,,0.0,,,False,0,eliminated,6.0,True
7,10,Susan Lucci,Tony Dovolani,Eliminated Week 7,6,0.0,0.0,0.0,,0.0,,,False,0,eliminated,7.0,True
7,10,Cody Linley,Julianne Hough,Eliminated Week 9,4,0.0,0.0,0.0,,0.0,,,False,0,eliminated,9.0,True
7,10,Misty May-Treanor,Maksim Chmerkoskiy,Withdrew,10,0.0,0.0,0.0,,0.0,,,False,0,withdrew,2.0,True
7,10,Maurice Greene,Cheryl Burke,Eliminated Week 8,5,0.0,0.0,0.0,,0.0,,,False,0,eliminated,8.0,True
7,10,Warren Sapp,Kym Johnson,2nd Place,2,9.0,9.5,9.0,,27.5,2.5,0.3235294117647059,True,0,finished,10.0,False
7,10,Jeffrey Ross,Edyta Sliwinska,Eliminated Week 1,13,0.0,0.0,0.0,,0.0,,,False,0,eliminated,1.0,True
7,10,Toni Braxton,Alec Mazo,Eliminated Week 5,8,0.0,0.0,0.0,,0.0,,,False,0,eliminated,5.0,True
7,10,Lance Bass,Lacey Schwimmer,3rd Place,3,9.0,9.0,9.5,,27.5,2.5,0.3235294117647059,True,0,finished,10.0,False
7,10,Kim Kardashian,Mark Ballas,Eliminated Week 2,11,0.0,0.0,0.0,,0.0,,,False,0,eliminated,2.0,True
7,10,Rocco DiSpirito,Karina Smirnoff,Eliminated Week 4,9,0.0,0.0,0.0,,0.0,,,False,0,eliminated,4.0,True
7,10,Brooke Burke,Derek Hough,1st Place,1,10.0,10.0,10.0,,30.0,1.0,0.35294117647058826,True,0,finished,10.0,False
8,10,Gilles Marini,Cheryl Burke,2nd Place,2,10.0,10.0,10.0,,30.0,1.0,0.273972602739726,True,0,finished,11.0,False
8,10,Denise Richards,Maksim Chmerkoskiy,Eliminated Week 3,12,0.0,0.0,0.0,,0.0,,,False,0,eliminated,3.0,True
8,10,David Alan Grier,Kym Johnson,Eliminated Week 5,9,0.0,0.0,0.0,,0.0,,,False,0,eliminated,5.0,True
8,10,Lawrence Taylor,Edyta Sliwinska,Eliminated Week 7,7,0.0,0.0,0.0,,0.0,,,False,0,eliminated,7.0,True
8,10,Ty Murray,Chelsie Hightower,Eliminated Week 10,4,8.0,8.0,8.0,,24.0,4.0,0.2191780821917808,True,1,eliminated,10.0,False
8,10,Shawn Johnson,Mark Ballas,1st Place,1,9.5,9.0,9.5,,28.0,2.0,0.2557077625570776,True,0,finished,11.0,False
8,10,Steve Wozniak,Karina Smirnoff,Eliminated Week 4,10,0.0,0.0,0.0,,0.0,,,False,0,eliminated,4.0,True
8,10,Belinda Carlisle,Jonathan Roberts,Eliminated Week 2,13,0.0,0.0,0.0,,0.0,,,False,0,eliminated,2.0,True
8,10,Chuck Wicks,Julianne Hough,Eliminated Week 8,6,0.0,0.0,0.0,,0.0,,,False,0,eliminated,8.0,True
8,10,Lil' Kim,Derek Hough,Eliminated Week 9,5,0.0,0.0,0.0,,0.0,,,False,0,eliminated,9.0,True
8,10,Steve-O,Lacey Schwimmer,Eliminated Week 6,8,0.0,0.0,0.0,,0.0,,,False,0,eliminated,6.0,True
8,10,Holly Madison,Dmitry Chaplin,Eliminated Week 4,11,0.0,0.0,0.0,,0.0,,,False,0,eliminated,4.0,True
8,10,Melissa Rycroft,Tony Dovolani,3rd Place,3,9.0,9.5,9.0,,27.5,3.0,0.2511415525114155,True,0,finished,11.0,False
9,10,Ashley Hamiliton,Edyta Sliwinska,Eliminated Week 1,16,0.0,0.0,0.0,,0.0,,,False,0,eliminated,1.0,True
9,10,Debi Mazar,Maksim Chmerkoskiy,Eliminated Week 3,12,0.0,0.0,0.0,,0.0,,,False,0,eliminated,3.0,True
9,10,Melissa Joan Hart,Mark Ballas,Eliminated Week 6,9,0.0,0.0,0.0,,0.0,,,False,0,eliminated,6.0,True
9,10,Mark Dacascos,Lacey Schwimmer,Eliminated Week 7,6,0.0,0.0,0.0,,0.0,,,False,0,eliminated,7.0,True
9,10,Chuck Liddell,Anna Trebunskaya,Eliminated Week 4,11,0.0,0.0,0.0,,0.0,,,False,0,eliminated,4.0,True
9,10,Natalie Coughlin,Alec Mazo,Eliminated Week 5,10,0.0,0.0,0.0,,0.0,,,False,0,eliminated,5.0,True
9,10,Louie Vito,Chelsie Hightower,Eliminated Week 6,8,0.0,0.0,0.0,,0.0,,,False,0,eliminated,6.0,True
9,10,Michael Irvin,Anna Demidova,Eliminated Week 7,7,0.0,0.0,0.0,,0.0,,,False,0,eliminated,7.0,True
9,10,Joanna Krupa,Derek Hough,Eliminated Week 9,4,0.0,0.0,0.0,,0.0,,,False,0,eliminated,9.0,True
9,10,Kathy Ireland,Tony Dovolani,Eliminated Week 2,14,0.0,0.0,0.0,,0.0,,,False,0,eliminated,2.0,True
9,10,Tom DeLay,Cheryl Burke,Withdrew,13,0.0,0.0,0.0,,0.0,,,False,0,withdrew,3.0,True
9,10,Macy Gray,Jonathan Roberts,Eliminated Week 1,15,0.0,0.0,0.0,,0.0,,,False,0,eliminated,1.0,True
9,10,Aaron Carter,Karina Smirnoff,Eliminated Week 8,5,0.0,0.0,0.0,,0.0,,,False,0,eliminated,8.0,True
9,10,Mya,Dmitry Chaplin,2nd Place,2,9.4444,9.4444,9.4444,,28.333199999999998,2.0,0.34320309320309317,True,0,finished,10.0,False
9,10,Donny Osmond,Kym Johnson,1st Place,1,9.6666,9.6666,9.6666,,28.9998,1.0,0.35127769056340485,True,0,finished,10.0,False
9,10,Kelly Osbourne,Louis van Amstel,3rd Place,3,8.5,8.5,8.2222,,25.2222,3.0,0.305519216233502,True,0,finished,10.0,False
10,10,Aiden Turner,Edyta Sliwinska,Eliminated Week 4,9,0.0,0.0,0.0,,0.0,,,False,0,eliminated,4.0,True
10,10,Shannen Doherty,Mark Ballas,Eliminated Week 2,11,0.0,0.0,0.0,,0.0,,,False,0,eliminated,2.0,True
10,10,Niecy Nash,Louis van Amstel,Eliminated Week 8,5,0.0,0.0,0.0,,0.0,,,False,0,eliminated,8.0,True
10,10,Buzz Aldrin,Ashly DelGrosso,Eliminated Week 3,10,0.0,0.0,0.0,,0.0,,,False,0,eliminated,3.0,True
10,10,Chad Ochocinco,Cheryl Burke,Eliminated Week 9,4,0.0,0.0,0.0,,0.0,,,False,0,eliminated,9.0,True
10,10,Evan Lysacek,Anna Trebunskaya,2nd Place,2,9.3333,8.7777,8.7777,,26.888699999999996,3.0,0.325268368450467,True,0,finished,10.0,False
10,10,Pamela Anderson,Damian Whitewood,Eliminated Week 7,6,0.0,0.0,0.0,,0.0,,,False,0,eliminated,7.0,True
10,10,Nicole Scherzinger,Derek Hough,1st Place,1,9.5,9.5,9.7777,,28.7777,1.0,0.3481193038992962,True,0,finished,10.0,False
10,10,Erin Andrews,Maksim Chmerkoskiy,3rd Place,3,9.2222,8.8888,8.8888,,26.9998,2.0,0.32661232765023673,True,0,finished,10.0,False
10,10,Kate Gosselin,Tony Dovolani,Eliminated Week 5,8,0.0,0.0,0.0,,0.0,,,False,0,eliminated,5.0,True
10,10,Jake Pavelka,Chelsie Hightower,Eliminated Week 6,7,0.0,0.0,0.0,,0.0,,,False,0,eliminated,6.0,True
11,10,David Hasselhoff,Kym Johnson,Eliminated Week 1,12,0.0,0.0,0.0,,0.0,,,False,0,eliminated,1.0,True
11,10,Florence Henderson,Corky Ballas,Eliminated Week 5,8,0.0,0.0,0.0,,0.0,,,False,0,eliminated,5.0,True
11,10,Kyle Massey,Lacey Schwimmer,2nd Place,2,9.3333,8.6666,9.3333,,27.333199999999998,2.0,0.3293164561842318,True,0,finished,10.0,False
11,10,Jennifer Grey,Derek Hough,1st Place,1,10.0,10.0,10.0,,30.0,1.0,0.36144665408832316,True,0,finished,10.0,False
11,10,Rick Fox,Cheryl Burke,Eliminated Week 7,6,0.0,0.0,0.0,,0.0,,,False,0,eliminated,7.0,True
11,10,Kurt Warner,Anna Trebunskaya,Eliminated Week 8,5,0.0,0.0,0.0,,0.0,,,False,0,eliminated,8.0,True
11,10,Margaret Cho,Louis van Amstel,Eliminated Week 3,10,0.0,0.0,0.0,,0.0,,,False,0,eliminated,3.0,True
11,10,Michael Bolton,Chelsie Hightower,Eliminated Week 2,11,0.0,0.0,0.0,,0.0,,,False,0,eliminated,2.0,True
11,10,Brandy,Maksim Chmerkoskiy,Eliminated Week 9,4,0.0,0.0,0.0,,0.0,,,False,0,eliminated,9.0,True
11,10,The Situation,Karina Smirnoff,Eliminated Week 4,9,0.0,0.0,0.0,,0.0,,,False,0,eliminated,4.0,True
11,10,Audrina Patridge,Tony Dovolani,Eliminated Week 6,7,0.0,0.0,0.0,,0.0,,,False,0,eliminated,6.0,True
11,10,Bristol Palin,Mark Ballas,3rd Place,3,8.3333,9.0,8.3333,,25.666600000000003,3.0,0.3092368897274452,True,0,finished,10.0,False
12,10,Ralph Macchio,Karina Smirnoff,Eliminated Week 9,4,0.0,0.0,0.0,,0.0,,,False,0,eliminated,9.0,True
12,10,Chelsea Kane,Mark Ballas,3rd Place,3,10.0,9.6666,10.0,,29.666600000000003,1.5,0.33969480071129965,True,0,finished,10.0,False
12,10,Kirstie Alley,Maksim Chmerkoskiy,2nd Place,2,9.3333,9.3333,9.3333,,27.999899999999997,3.0,0.32061039857740076,True,0,finished,10.0,False
12,10,Hines Ward,Kym Johnson,1st Place,1,10.0,9.6666,10.0,,29.666600000000003,1.5,0.33969480071129965,True,0,finished,10.0,False
12,10,Sugar Ray Leonard,Anna Trebunskaya,Eliminated Week 4,9,0.0,0.0,0.0,,0.0,,,False,0,eliminated,4.0,True
12,10,Chris Jericho,Cheryl Burke,Eliminated Week 6,7,0.0,0.0,0.0,,0.0,,,False,0,eliminated,6.0,True
12,10,Petra Nemcova,Dmitry Chaplin,Eliminated Week 5,8,0.0,0.0,0.0,,0.0,,,False,0,eliminated,5.0,True
12,10,Mike Catherwood,Lacey Schwimmer,Eliminated Week 2,11,0.0,0.0,0.0,,0.0,,,False,0,eliminated,2.0,True
12,10,Romeo,Chelsie Hightower,Eliminated Week 8,5,0.0,0.0,0.0,,0.0,,,False,0,eliminated,8.0,True
12,10,Wendy Williams,Tony Dovolani,Eliminated Week 3,10,0.0,0.0,0.0,,0.0,,,False,0,eliminated,3.0,True
12,10,Kendra Wilkinson,Louis van Amstel,Eliminated Week 7,6,0.0,0.0,0.0,,0.0,,,False,0,eliminated,7.0,True
13,10,Elisabetta Canalis,Valentin Chmerkovskiy,Eliminated Week 2,11,0.0,0.0,0.0,,0.0,,,False,0,eliminated,2.0,True
13,10,David Arquette,Kym Johnson,Eliminated Week 7,6,0.0,0.0,0.0,,0.0,,,False,0,eliminated,7.0,True
13,10,Ricki Lake,Derek Hough,3rd Place,3,9.3333,9.3333,9.3333,,27.999899999999997,3.0,0.33136133188796163,True,0,finished,10.0,False
13,10,J.R. Martinez,Karina Smirnoff,1st Place,1,9.3333,9.1666,9.6666,,28.1665,2.0,0.33333293885414844,True,0,finished,10.0,False
13,10,Metta World Peace (Ron),Peta Murgatroyd,Eliminated Week 1,12,0.0,0.0,0.0,,0.0,,,False,0,eliminated,1.0,True
13,10,Hope Solo,Maksim Chmerkoskiy,Eliminated Week 9,4,0.0,0.0,0.0,,0.0,,,False,0,eliminated,9.0,True
13,10,Chynna Phillips,Tony Dovolani,Eliminated Week 4,9,0.0,0.0,0.0,,0.0,,,False,0,eliminated,4.0,True
13,10,Kristin Cavallari,Mark Ballas,Eliminated Week 3,10,0.0,0.0,0.0,,0.0,,,False,0,eliminated,3.0,True
13,10,Carson Kressley,Anna Trebunskaya,Eliminated Week 5,8,0.0,0.0,0.0,,0.0,,,False,0,eliminated,5.0,True
13,10,Chaz Bono,Lacey Schwimmer,Eliminated Week 6,7,0.0,0.0,0.0,,0.0,,,False,0,eliminated,6.0,True
13,10,Nancy Grace,Tristan MacManus,Eliminated Week 8,5,0.0,0.0,0.0,,0.0,,,False,0,eliminated,8.0,True
13,10,Rob Kardashian,Cheryl Burke,2nd Place,2,9.4444,9.4444,9.4444,,28.333199999999998,1.0,0.33530572925789,True,0,finished,10.0,False
14,10,William Levy,Cheryl Burke,3rd Place,3,10.0,9.6666,10.0,,29.666600000000003,2.5,0.33208930162582334,True,0,finished,10.0,False
14,10,Jack Wagner,Anna Trebunskaya,Eliminated Week 3,11,0.0,0.0,0.0,,0.0,,,False,0,eliminated,3.0,True
14,10,Sherri Sheperd,Valentin Chmerkovskiy,Eliminated Week 4,10,0.0,0.0,0.0,,0.0,,,False,0,eliminated,4.0,True
14,10,Jaleel White,Kym Johnson,Eliminated Week 7,7,0.0,0.0,0.0,,0.0,,,False,0,eliminated,7.0,True
14,10,Roshon Fegan,Chelsie Hightower,Eliminated Week 8,6,0.0,0.0,0.0,,0.0,,,False,0,eliminated,8.0,True
14,10,Melissa Gilbert,Maksim Chmerkoskiy,Eliminated Week 8,5,0.0,0.0,0.0,,0.0,,,False,0,eliminated,8.0,True
14,10,Martina Navratilova,Tony Dovolani,Eliminated Week 2,12,0.0,0.0,0.0,,0.0,,,False,0,eliminated,2.0,True
14,10,Donald Driver,Peta Murgatroyd,1st Place,1,10.0,9.6666,10.0,,29.666600000000003,2.5,0.33208930162582334,True,0,finished,10.0,False
14,10,Gavin DeGraw,Karina Smirnoff,Eliminated Week 5,9,0.0,0.0,0.0,,0.0,,,False,0,eliminated,5.0,True
14,10,Gladys Knight,Tristan MacManus,Eliminated Week 6,8,0.0,0.0,0.0,,0.0,,,False,0,eliminated,6.0,True
14,10,Katherine Jenkins,Mark Ballas,2nd Place,2,10.0,10.0,10.0,,30.0,1.0,0.3358213967483533,True,0,finished,10.0,False
14,10,Maria Menounos,Derek Hough,Eliminated Week 9,4,0.0,0.0,0.0,,0.0,,,False,0,eliminated,9.0,True
15,10,Gilles Marini,Peta Murgatroyd,Eliminated Week 8,6,0.0,0.0,0.0,,0.0,,,False,0,eliminated,8.0,True
15,10,Sabrina Bryan,Louis van Amstel,Eliminated Week 6,8,0.0,0.0,0.0,,0.0,,,False,0,eliminated,6.0,True
15,10,Kirstie Alley,Maksim Chmerkoskiy,Eliminated Week 8,7,0.0,0.0,0.0,,0.0,,,False,0,eliminated,8.0,True
15,10,Kelly Monaco,Valentin Chmerkovskiy,3rd Place,3,9.6666,9.6666,9.7777,,29.1109,2.0,0.3331212530739241,True,0,finished,10.0,False
15,10,Apolo Anton Ohno,Karina Smirnoff,Eliminated Week 9,5,0.0,0.0,0.0,,0.0,,,False,0,eliminated,9.0,True
15,10,Emmitt Smith,Cheryl Burke,Eliminated Week 9,4,0.0,0.0,0.0,,0.0,,,False,0,eliminated,9.0,True
15,10,Shawn Johnson,Derek Hough,2nd Place,2,9.6666,9.5,9.7777,,28.944300000000002,3.0,0.33121481937513375,True,0,finished,10.0,False
15,10,Pamela Anderson,Tristan MacManus,Eliminated Week 1,13,0.0,0.0,0.0,,0.0,,,False,0,eliminated,1.0,True
15,10,Helio Castroneves,Chelsie Hightower,Eliminated Week 3,10,0.0,0.0,0.0,,0.0,,,False,0,eliminated,3.0,True
15,10,Joey Fatone,Kym Johnson,Eliminated Week 2,12,0.0,0.0,0.0,,0.0,,,False,0,eliminated,2.0,True
15,10,Drew Lachey,Anna Trebunskaya,Eliminated Week 3,11,0.0,0.0,0.0,,0.0,,,False,0,eliminated,3.0,True
15,10,Bristol Palin,Mark Ballas,Eliminated Week 4,9,0.0,0.0,0.0,,0.0,,,False,0,eliminated,4.0,True
15,10,Melissa Rycroft,Tony Dovolani,1st Place,1,9.7777,9.7777,9.7777,,29.333099999999998,1.0,0.33566392755094215,True,0,finished,10.0,False
16,10,Ingo Rademacher,Kym Johnson,Eliminated Week 9,5,0.0,0.0,0.0,,0.0,,,False,0,eliminated,9.0,True
16,10,Zendaya,Valentin Chmerkovskiy,2nd Place,2,10.0,10.0,10.0,,30.0,1.5,0.256410475564509,True,0,finished,10.0,False
16,10,Dorothy Hamill,Tristan MacManus,Withdrew,12,0.0,0.0,0.0,,0.0,,,False,0,withdrew,2.0,True
16,10,Victor Ortiz,Lindsay Arnold,Eliminated Week 6,8,0.0,0.0,0.0,,0.0,,,False,0,eliminated,6.0,True
16,10,Alexandra Raisman,Mark Ballas,Eliminated Week 10,4,9.5,9.5,10.0,,29.0,3.0,0.24786345971235874,True,1,eliminated,10.0,False
16,10,Jacoby Jones,Karina Smirnoff,3rd Place,3,9.3333,9.3333,9.3333,,27.999899999999997,4.0,0.2393155891586232,True,0,finished,10.0,False
16,10,D. L. Hughley,Cheryl Burke,Eliminated Week 5,9,0.0,0.0,0.0,,0.0,,,False,0,eliminated,5.0,True
16,10,Andy Dick,Sharna Burgess,Eliminated Week 7,7,0.0,0.0,0.0,,0.0,,,False,0,eliminated,7.0,True
16,10,Wynonna Judd,Tony Dovolani,Eliminated Week 3,11,0.0,0.0,0.0,,0.0,,,False,0,eliminated,3.0,True
16,10,Kellie Pickler,Derek Hough,1st Place,1,10.0,10.0,10.0,,30.0,1.5,0.256410475564509,True,0,finished,10.0,False
16,10,Lisa Vanderpump,Gleb Savchenko,Eliminated Week 4,10,0.0,0.0,0.0,,0.0,,,False,0,eliminated,4.0,True
16,10,Sean Lowe,Peta Murgatroyd,Eliminated Week 8,6,0.0,0.0,0.0,,0.0,,,False,0,eliminated,8.0,True
17,10,Valerie Harper,Tristan MacManus,Eliminated Week 4,10,0.0,0.0,0.0,0.0,0.0,,,False,0,eliminated,4.0,True
17,10,Brant Daugherty,Peta Murgatroyd,Eliminated Week 8,7,0.0,0.0,0.0,0.0,0.0,,,False,0,eliminated,8.0,True
17,10,Elizabeth Berkley Lauren,Valentin Chmerkovskiy,Eliminated Week 9,6,0.0,0.0,0.0,0.0,0.0,,,False,0,eliminated,9.0,True
17,10,Leah Remini,Tony Dovolani,Eliminated Week 10,5,8.0,8.0,8.0,8.5,32.5,4.0,0.18571428571428572,True,1,eliminated,10.0,False
17,10,Corbin Bleu,Karina Smirnoff,2nd Place,2,9.5,9.0,9.5,9.5,37.5,2.0,0.21428571428571427,True,0,finished,11.0,False
17,10,Amber Riley,Derek Hough,1st Place,1,10.0,10.0,9.5,10.0,39.5,1.0,0.2257142857142857,True,0,finished,11.0,False
17,10,Keyshawn Johnson,Sharna Burgess,Eliminated Week 2,12,0.0,0.0,0.0,0.0,0.0,,,False,0,eliminated,2.0,True
17,10,Bill Engvall,Emma Slater,Eliminated Week 11,4,7.5,7.5,7.5,7.5,30.0,5.0,0.17142857142857143,True,0,eliminated,11.0,False
17,10,Christina Milian,Mark Ballas,Eliminated Week 5,9,0.0,0.0,0.0,0.0,0.0,,,False,0,eliminated,5.0,True
17,10,"Nicole ""Snooki"" Polizzi",Sasha Farber,Eliminated Week 7,8,0.0,0.0,0.0,0.0,0.0,,,False,0,eliminated,7.0,True
17,10,Jack Osbourne,Cheryl Burke,3rd Place,3,9.0,8.5,9.0,9.0,35.5,3.0,0.20285714285714285,True,0,finished,11.0,False
17,10,Bill Nye,Tyne Stecklein,Eliminated Week 3,11,0.0,0.0,0.0,0.0,0.0,,,False,0,eliminated,3.0,True
18,10,Billy Dee Williams,Emma Slater,Withdrew,10,0.0,0.0,0.0,,0.0,,,False,0,withdrew,2.0,True
18,10,Danica McKellar,Valentin Chmerkovskiy,Eliminated Week 8,6,0.0,0.0,0.0,,0.0,,,False,0,eliminated,8.0,True
18,10,James Maslow,Peta Murgatroyd,Eliminated Week 10,4,9.5,9.5,10.0,,29.0,3.0,0.2529075649013137,True,1,eliminated,10.0,False
18,10,Candace Cameron Bure,Mark Ballas,3rd Place,3,8.6666,8.6666,8.6666,,25.9998,4.0,0.22674296916969572,True,0,finished,10.0,False
18,10,Sean Avery,Karina Smirnoff,Eliminated Week 2,11,0.0,0.0,0.0,,0.0,,,False,0,eliminated,2.0,True
18,10,Diana Nyad,Henry Byalikov,Eliminated Week 2,12,0.0,0.0,0.0,,0.0,,,False,0,eliminated,2.0,True
18,10,Charlie White,Sharna Burgess,Eliminated Week 9,5,0.0,0.0,0.0,,0.0,,,False,0,eliminated,9.0,True
18,10,Amy Purdy,Derek Hough,2nd Place,2,10.0,9.6666,10.0,,29.666600000000003,2.0,0.2587209505138384,True,0,finished,10.0,False
18,10,Meryl Davis,Maksim Chmerkoskiy,1st Place,1,10.0,10.0,10.0,,30.0,1.0,0.2616285154151521,True,0,finished,10.0,False
18,10,Drew Carey,Cheryl Burke,Eliminated Week 6,8,0.0,0.0,0.0,,0.0,,,False,0,eliminated,6.0,True
18,10,Cody Simpson,Witney Carson,Eliminated Week 5,9,0.0,0.0,0.0,,0.0,,,False,0,eliminated,5.0,True
18,10,NeNe Leakes,Tony Dovolani,Eliminated Week 7,7,0.0,0.0,0.0,,0.0,,,False,0,eliminated,7.0,True
19,10,Antonio Sabato Jr.,Cheryl Burke,Eliminated Week 7,8,0.0,0.0,0.0,0.0,0.0,,,False,0,eliminated,7.0,True
19,10,Jonathan Bennett,Allison Holker,Eliminated Week 6,9,0.0,0.0,0.0,0.0,0.0,,,False,0,eliminated,6.0,True
19,10,Lea Thompson,Artem Chigvintsev,Eliminated Week 9,6,0.0,0.0,0.0,0.0,0.0,,,False,0,eliminated,9.0,True
19,10,Janel Parrish,Valentin Chmerkovskiy,3rd Place,3,9.5,9.5,10.0,10.0,39.0,1.0,0.2136986301369863,True,0,finished,11.0,False
19,10,Alfonso Ribeiro,Witney Carson,1st Place,1,9.5,9.0,9.5,9.5,37.5,3.0,0.2054794520547945,True,0,finished,11.0,False
19,10,Lolo Jones,Keo Motsepe,Eliminated Week 1,13,0.0,0.0,0.0,0.0,0.0,,,False,0,eliminated,1.0,True
19,10,Randy Couture,Karina Smirnoff,Eliminated Week 3,11,0.0,0.0,0.0,0.0,0.0,,,False,0,eliminated,3.0,True
19,10,Tommy Chong,Peta Murgatroyd,Eliminated Week 10,5,8.0,7.5,8.0,7.5,31.0,5.0,0.16986301369863013,True,1,eliminated,10.0,False
19,10,Betsey Johnson,Tony Dovolani,Eliminated Week 4,10,0.0,0.0,0.0,0.0,0.0,,,False,0,eliminated,4.0,True
19,10,Michael Waltrip,Emma Slater,Eliminated Week 8,7,0.0,0.0,0.0,0.0,0.0,,,False,0,eliminated,8.0,True
19,10,Tavis Smiley,Sharna Burgess,Eliminated Week 2,12,0.0,0.0,0.0,0.0,0.0,,,False,0,eliminated,2.0,True
19,10,Bethany Mota,Derek Hough,Eliminated Week 11,4,9.5,9.5,9.5,9.5,38.0,2.0,0.20821917808219179,True,0,eliminated,11.0,False
19,10,Sadie Robertson,Mark Ballas,2nd Place,2,9.0,9.5,9.5,9.0,37.0,4.0,0.20273972602739726,True,0,finished,11.0,False
20,10,Suzanne Somers,Tony Dovolani,Eliminated Week 5,9,0.0,0.0,0.0,0.0,0.0,,,False,0,eliminated,5.0,True
20,10,Willow Shields,Mark Ballas,Eliminated Week 7,7,0.0,0.0,0.0,0.0,0.0,,,False,0,eliminated,7.0,True
20,10,Riker Lynch,Allison Holker,2nd Place,2,10.0,10.0,10.0,10.0,40.0,1.5,0.3448275862068966,True,0,finished,10.0,False
20,10,Rumer Willis,Valentin Chmerkovskiy,1st Place,1,10.0,10.0,10.0,10.0,40.0,1.5,0.3448275862068966,True,0,finished,10.0,False
20,10,Nastia Liukin,Derek Hough,Eliminated Week 9,4,0.0,0.0,0.0,0.0,0.0,,,False,0,eliminated,9.0,True
20,10,Michael Sam,Peta Murgatroyd,Eliminated Week 4,10,0.0,0.0,0.0,0.0,0.0,,,False,0,eliminated,4.0,True
20,10,Robert Herjavec,Kym Johnson,Eliminated Week 8,6,0.0,0.0,0.0,0.0,0.0,,,False,0,eliminated,8.0,True
20,10,Charlotte McKinney,Keo Motsepe,Eliminated Week 3,11,0.0,0.0,0.0,0.0,0.0,,,False,0,eliminated,3.0,True
20,10,Noah Galloway,Sharna Burgess,3rd Place,3,9.0,9.0,9.0,9.0,36.0,3.0,0.3103448275862069,True,0,finished,10.0,False
20,10,Redfoo,Emma Slater,Eliminated Week 2,12,0.0,0.0,0.0,0.0,0.0,,,False,0,eliminated,2.0,True
20,10,Patti LaBelle,Artem Chigvintsev,Eliminated Week 6,8,0.0,0.0,0.0,0.0,0.0,,,False,0,eliminated,6.0,True
20,10,Chris Soules,Witney Carson,Eliminated Week 8,5,0.0,0.0,0.0,0.0,0.0,,,False,0,eliminated,8.0,True
21,10,Gary Busey,Anna Trebunskaya,Eliminated Week 4,10,0.0,0.0,0.0,,0.0,,,False,0,eliminated,4.0,True
21,10,Alexa PenaVega,Mark Ballas,Eliminated Week 9,6,0.0,0.0,0.0,,0.0,,,False,0,eliminated,9.0,True
21,10,Carlos PenaVega,Witney Carson,Eliminated Week 11,4,10.0,10.5,11.0,,31.5,1.5,0.26582278481012656,True,0,eliminated,11.0,False
21,10,Victor Espinoza,Karina Smirnoff,Eliminated Week 2,12,0.0,0.0,0.0,,0.0,,,False,0,eliminated,2.0,True
21,10,Alek Skarlatos,Lindsay Arnold,3rd Place,3,9.5,9.5,9.5,,28.5,3.0,0.24050632911392406,True,0,finished,11.0,False
21,10,Chaka Khan,Keo Motsepe,Eliminated Week 2,13,0.0,0.0,0.0,,0.0,,,False,0,eliminated,2.0,True
21,10,Andy Grammer,Allison Holker,Eliminated Week 8,7,0.0,0.0,0.0,,0.0,,,False,0,eliminated,8.0,True
21,10,Tamar Braxton,Valentin Chmerkovskiy,Withdrew,5,0.0,0.0,0.0,,0.0,,,False,0,withdrew,9.0,True
21,10,Nick Carter,Sharna Burgess,2nd Place,2,9.0,9.0,9.0,,27.0,4.0,0.22784810126582278,True,0,finished,11.0,False
21,10,Hayes Grier,Emma Slater,Eliminated Week 7,8,0.0,0.0,0.0,,0.0,,,False,0,eliminated,7.0,True
21,10,Bindi Irwin,Derek Hough,1st Place,1,10.5,10.5,10.5,,31.5,1.5,0.26582278481012656,True,0,finished,11.0,False
21,10,Kim Zolciak-Biermann,Tony Dovolani,Withdrew,11,0.0,0.0,0.0,,0.0,,,False,0,withdrew,2.0,True
21,10,Paula Deen,Louis van Amstel,Eliminated Week 6,9,0.0,0.0,0.0,,0.0,,,False,0,eliminated,6.0,True
22,10,Mischa Barton,Artem Chigvintsev,Eliminated Week 3,11,0.0,0.0,0.0,,0.0,,,False,0,eliminated,3.0,True
22,10,Kim Fields,Sasha Farber,Eliminated Week 7,8,0.0,0.0,0.0,,0.0,,,False,0,eliminated,7.0,True
22,10,Jodie Sweetin,Keo Motsepe,Eliminated Week 8,6,0.0,0.0,0.0,,0.0,,,False,0,eliminated,8.0,True
22,10,Doug Flutie,Karina Smirnoff,Eliminated Week 6,9,0.0,0.0,0.0,,0.0,,,False,0,eliminated,6.0,True
22,10,Von Miller,Witney Carson,Eliminated Week 7,7,0.0,0.0,0.0,,0.0,,,False,0,eliminated,7.0,True
22,10,Antonio Brown,Sharna Burgess,Eliminated Week 9,5,0.0,0.0,0.0,,0.0,,,False,0,eliminated,9.0,True
22,10,Paige VanZant,Mark Ballas,2nd Place,2,10.0,9.6666,10.0,,29.666600000000003,1.0,0.340996970101012,True,0,finished,10.0,False
22,10,Geraldo Rivera,Edyta Sliwinska,Eliminated Week 2,12,0.0,0.0,0.0,,0.0,,,False,0,eliminated,2.0,True
22,10,Nyle DiMarco,Peta Murgatroyd,1st Place,1,9.6666,9.6666,9.6666,,28.9998,2.0,0.3333325670462853,True,0,finished,10.0,False
22,10,Ginger Zee,Valentin Chmerkovskiy,3rd Place,3,9.3333,9.6666,9.3333,,28.333199999999998,3.0,0.32567046285270274,True,0,finished,10.0,False
22,10,Wanya Morris,Lindsay Arnold,Eliminated Week 9,4,0.0,0.0,0.0,,0.0,,,False,0,eliminated,9.0,True
22,10,Marla Maples,Tony Dovolani,Eliminated Week 4,10,0.0,0.0,0.0,,0.0,,,False,0,eliminated,4.0,True
23,10,Jake T. Austin,Jenna Johnson,Eliminated Week 2,13,0.0,0.0,0.0,,0.0,,,False,0,eliminated,2.0,True
23,10,Maureen McCormick,Artem Chigvintsev,Eliminated Week 7,8,0.0,0.0,0.0,,0.0,,,False,0,eliminated,7.0,True
23,10,Marilu Henner,Derek Hough,Eliminated Week 9,6,0.0,0.0,0.0,,0.0,,,False,0,eliminated,9.0,True
23,10,Ryan Lochte,Cheryl Burke,Eliminated Week 8,7,0.0,0.0,0.0,,0.0,,,False,0,eliminated,8.0,True
23,10,Calvin Johnson Jr.,Lindsay Arnold,3rd Place,3,9.0,9.5,9.5,,28.0,5.0,0.19112627986348124,True,0,finished,11.0,False
23,10,Laurie Hernandez,Valentin Chmerkovskiy,1st Place,1,10.0,10.0,10.0,,30.0,1.5,0.20477815699658702,True,0,finished,11.0,False
23,10,Amber Rose,Maksim Chmerkoskiy,Eliminated Week 6,9,0.0,0.0,0.0,,0.0,,,False,0,eliminated,6.0,True
23,10,Rick Perry,Emma Slater,Eliminated Week 3,12,0.0,0.0,0.0,,0.0,,,False,0,eliminated,3.0,True
23,10,James Hinchcliffe,Sharna Burgess,2nd Place,2,9.5,10.0,10.0,,29.5,3.0,0.20136518771331058,True,0,finished,11.0,False
23,10,Babyface,Allison Holker,Eliminated Week 4,11,0.0,0.0,0.0,,0.0,,,False,0,eliminated,4.0,True
23,10,Vanilla Ice,Witney Carson,Eliminated Week 4,10,0.0,0.0,0.0,,0.0,,,False,0,eliminated,4.0,True
23,10,Jana Kramer,Gleb Savchenko,Eliminated Week 11,4,9.5,9.5,10.0,,29.0,4.0,0.19795221843003413,True,0,eliminated,11.0,False
23,10,Terra Jole,Sasha Farber,Eliminated Week 10,5,10.0,10.0,10.0,,30.0,1.5,0.20477815699658702,True,1,eliminated,10.0,False
24,10,Charo,Keo Motsepe,Eliminated Week 3,11,0.0,0.0,0.0,0.0,0.0,,,False,0,eliminated,3.0,True
24,10,Mr. T,Kym Herjavec,Eliminated Week 4,10,0.0,0.0,0.0,0.0,0.0,,,False,0,eliminated,4.0,True
24,10,Heather Morris,Maksim Chmerkoskiy,Eliminated Week 6,8,0.0,0.0,0.0,0.0,0.0,,,False,0,eliminated,6.0,True
24,10,Nancy Kerrigan,Artem Chigvintsev,Eliminated Week 7,7,0.0,0.0,0.0,0.0,0.0,,,False,0,eliminated,7.0,True
24,10,Bonner Bolton,Sharna Burgess,Eliminated Week 8,5,0.0,0.0,0.0,0.0,0.0,,,False,0,eliminated,8.0,True
24,10,Simone Biles,Sasha Farber,Eliminated Week 9,4,0.0,0.0,0.0,0.0,0.0,,,False,0,eliminated,9.0,True
24,10,David Ross,Lindsay Arnold,2nd Place,2,9.0,9.0,9.3333,9.0,36.3333,3.0,0.3150292500591764,True,0,finished,10.0,False
24,10,Rashad Jennings,Emma Slater,1st Place,1,10.0,9.6666,10.0,10.0,39.6666,1.0,0.3439307536171316,True,0,finished,10.0,False
24,10,Chris Kattan,Witney Carson,Eliminated Week 2,12,0.0,0.0,0.0,0.0,0.0,,,False,0,eliminated,2.0,True
24,10,Erika Jayne,Gleb Savchenko,Eliminated Week 5,9,0.0,0.0,0.0,0.0,0.0,,,False,0,eliminated,5.0,True
24,10,Normani,Valentin Chmerkovskiy,3rd Place,3,10.0,9.6666,9.6666,10.0,39.333200000000005,2.0,0.34103999632369203,True,0,finished,10.0,False
24,10,Nick Viall,Peta Murgatroyd,Eliminated Week 7,6,0.0,0.0,0.0,0.0,0.0,,,False,0,eliminated,7.0,True
25,10,Sasha Pieterse,Gleb Savchenko,Eliminated Week 5,10,0.0,0.0,0.0,0.0,0.0,,,False,0,eliminated,5.0,True
25,10,Frankie Muniz,Witney Carson,3rd Place,3,9.7777,9.3333,9.7777,10.0,38.8887,3.0,0.24866694332774683,True,0,finished,10.0,False
25,10,Jordan Fisher,Lindsay Arnold,1st Place,1,10.0,10.0,10.0,10.0,40.0,1.5,0.2557729554628947,True,0,finished,10.0,False
25,10,Derek Fisher,Sharna Burgess,Eliminated Week 4,11,0.0,0.0,0.0,0.0,0.0,,,False,0,eliminated,4.0,True
25,10,Nikki Bella,Artem Chigvintsev,Eliminated Week 7,8,0.0,0.0,0.0,0.0,0.0,,,False,0,eliminated,7.0,True
25,10,Terrell Owens,Cheryl Burke,Eliminated Week 8,6,0.0,0.0,0.0,0.0,0.0,,,False,0,eliminated,8.0,True
25,10,Victoria Arlen,Valentin Chmerkovskiy,Eliminated Week 9,5,0.0,0.0,0.0,0.0,0.0,,,False,0,eliminated,9.0,True
25,10,Barbara Corcoran,Keo Motsepe,Eliminated Week 2,13,0.0,0.0,0.0,0.0,0.0,,,False,0,eliminated,2.0,True
25,10,Lindsey Stirling,Mark Ballas,2nd Place,2,10.0,10.0,10.0,10.0,40.0,1.5,0.2557729554628947,True,0,finished,10.0,False
25,10,Debbie Gibson,Alan Bersten,Eliminated Week 2,12,0.0,0.0,0.0,0.0,0.0,,,False,0,eliminated,2.0,True
25,10,Nick Lachey,Peta Murgatroyd,Eliminated Week 6,9,0.0,0.0,0.0,0.0,0.0,,,False,0,eliminated,6.0,True
25,10,Drew Scott,Emma Slater,Eliminated Week 10,4,9.0,9.5,9.5,9.5,37.5,4.0,0.2397871457464638,True,1,eliminated,10.0,False
25,10,Vanessa Lachey,Maksim Chmerkoskiy,Eliminated Week 7,7,0.0,0.0,0.0,0.0,0.0,,,False,0,eliminated,7.0,True
28,10,Kate Flannery,Pasha Pashkov,Eliminated Week 8,7,0.0,0.0,0.0,,0.0,,,False,0,eliminated,8.0,True
28,10,James Van Der Beek,Emma Slater,Eliminated Week 10,5,8.5,8.5,8.5,,25.5,5.0,0.18545454545454546,True,1,eliminated,10.0,False
28,10,Kel Mitchell,Witney Carson,2nd Place,2,9.5,9.5,9.5,,28.5,2.0,0.20727272727272728,True,0,finished,11.0,False
28,10,Ray Lewis,Cheryl Burke,Withdrew,11,0.0,0.0,0.0,,0.0,,,False,0,withdrew,2.0,True
28,10,Lamar Odom,Peta Murgatroyd,Eliminated Week 4,10,0.0,0.0,0.0,,0.0,,,False,0,eliminated,4.0,True
28,10,Sailor Brinkley-Cook,Valentin Chmerkovskiy,Eliminated Week 6,9,0.0,0.0,0.0,,0.0,,,False,0,eliminated,6.0,True
28,10,Sean Spicer,Lindsay Arnold,Eliminated Week 9,6,0.0,0.0,0.0,,0.0,,,False,0,eliminated,9.0,True
28,10,Mary Wilson,Brandon Armstrong,Eliminated Week 2,12,0.0,0.0,0.0,,0.0,,,False,0,eliminated,2.0,True
28,10,Lauren Alaina,Gleb Savchenko,4th Place,4,9.0,9.0,9.0,,27.0,3.5,0.19636363636363635,True,0,finished,11.0,False
28,10,Ally Brooke,Sasha Farber,3rd Place,3,10.0,9.5,10.0,,29.5,1.0,0.21454545454545454,True,0,finished,11.0,False
28,10,Karamo Brown,Jenna Johnson,Eliminated Week 7,8,0.0,0.0,0.0,,0.0,,,False,0,eliminated,7.0,True
28,10,Hannah Brown,Alan Bersten,1st Place,1,9.0,9.0,9.0,,27.0,3.5,0.19636363636363635,True,0,finished,11.0,False
29,10,Anne Heche,Keo Motsepe,Eliminated Week 4,13,0.0,0.0,0.0,,0.0,,,False,0,eliminated,4.0,True
29,10,Jesse Metcalfe,Sharna Burgess,Eliminated Week 5,12,0.0,0.0,0.0,,0.0,,,False,0,eliminated,5.0,True
29,10,Chrishell Stause,Gleb Savchenko,Eliminated Week 8,8,0.0,0.0,0.0,,0.0,,,False,0,eliminated,8.0,True
29,10,Skai Jackson,Alan Bersten,Eliminated Week 10,5,9.5,9.5,9.5,,28.5,4.5,0.16379310344827586,True,1,eliminated,10.0,False
29,10,Justina Machado,Sasha Farber,4th Place,4,9.5,10.0,9.5,,29.0,3.0,0.16666666666666666,True,0,finished,11.0,False
29,10,Charles Oakley,Emma Slater,Eliminated Week 2,15,0.0,0.0,0.0,,0.0,,,False,0,eliminated,2.0,True
29,10,Veron Davis,Peta Murgatroyd,Eliminated Week 6,11,0.0,0.0,0.0,,0.0,,,False,0,eliminated,6.0,True
29,10,Johnny Weir,Britt Stewart,Eliminated Week 10,6,9.5,9.5,9.5,,28.5,4.5,0.16379310344827586,True,1,eliminated,10.0,False
29,10,Nev Schulman,Jenna Johnson,2nd Place,2,10.0,10.0,10.0,,30.0,1.5,0.1724137931034483,True,0,finished,11.0,False
29,10,AJ McLean,Cheryl Burke,Eliminated Week 9,7,0.0,0.0,0.0,,0.0,,,False,0,eliminated,9.0,True
29,10,Nelly,Daniella Karagach,3rd Place,3,9.5,9.0,9.5,,28.0,6.0,0.16091954022988506,True,0,finished,11.0,False
29,10,Kaitlyn Bristowe,Artem Chigvintsev,1st Place,1,10.0,10.0,10.0,,30.0,1.5,0.1724137931034483,True,0,finished,11.0,False
29,10,Carole Baskin,Pasha Pashkov,Eliminated Week 3,14,0.0,0.0,0.0,,0.0,,,False,0,eliminated,3.0,True
29,10,Monica Aldama,Valentin Chmerkovskiy,Eliminated Week 7,10,0.0,0.0,0.0,,0.0,,,False,0,eliminated,7.0,True
29,10,Jeannie Mai,Brandon Armstrong,Withdrew,9,0.0,0.0,0.0,,0.0,,,False,0,withdrew,7.0,True
30,10,Martin Kove,Britt Stewart,Eliminated Week 2,15,0.0,0.0,0.0,0.0,0.0,,,False,0,eliminated,2.0,True
30,10,Brian Austin Green,Sharna Burgess,Eliminated Week 4,13,0.0,0.0,0.0,0.0,0.0,,,False,0,eliminated,4.0,True
30,10,Melora Hardin,Artem Chigvintsev,Eliminated Week 9,6,0.0,0.0,0.0,0.0,0.0,,,False,0,eliminated,9.0,True
30,10,Matt James,Lindsay Arnold,Eliminated Week 4,12,0.0,0.0,0.0,0.0,0.0,,,False,0,eliminated,4.0,True
30,10,"Mike ""The Miz"" Mizanin",Witney Carson,Eliminated Week 7,9,0.0,0.0,0.0,0.0,0.0,,,False,0,eliminated,7.0,True
30,10,Suni Lee,Sasha Farber,Eliminated Week 9,5,0.0,0.0,0.0,0.0,0.0,,,False,0,eliminated,9.0,True
30,10,Iman Shumpert,Daniella Karagach,1st Place,1,10.0,10.0,10.0,10.0,40.0,1.5,0.25477707006369427,True,0,finished,10.0,False
30,10,Cody Rigsby,Cheryl Burke,3rd Place,3,9.5,9.5,9.5,9.5,38.0,4.0,0.24203821656050956,True,0,finished,10.0,False
30,10,Melanie C,Gleb Savchenko,Eliminated Week 5,11,0.0,0.0,0.0,0.0,0.0,,,False,0,eliminated,5.0,True
30,10,Jimmie Allen,Emma Slater,Eliminated Week 8,7,0.0,0.0,0.0,0.0,0.0,,,False,0,eliminated,8.0,True
30,10,Olivia Jade,Valentin Chmerkovskiy,Eliminated Week 8,8,0.0,0.0,0.0,0.0,0.0,,,False,0,eliminated,8.0,True
30,10,JoJo Siwa,Jenna Johnson,2nd Place,2,10.0,10.0,10.0,10.0,40.0,1.5,0.25477707006369427,True,0,finished,10.0,False
30,10,Christine Chiu,Pasha Pashkov,Eliminated Week 3,14,0.0,0.0,0.0,0.0,0.0,,,False,0,eliminated,3.0,True
30,10,Kenya Moore,Brandon Armstrong,Eliminated Week 6,10,0.0,0.0,0.0,0.0,0.0,,,False,0,eliminated,6.0,True
30,10,Amanda Kloots,Alan Bersten,4th Place,4,9.5,10.0,9.5,10.0,39.0,3.0,0.2484076433121019,True,0,finished,10.0,False
31,10,Jason Lewis,Peta Murgatroyd,Eliminated Week 1,16,0.0,0.0,0.0,0.0,0.0,,,False,0,eliminated,1.0,True
31,10,Cheryl Ladd,Louis van Amstel,Eliminated Week 3,14,0.0,0.0,0.0,0.0,0.0,,,False,0,eliminated,3.0,True
31,10,Selma Blair,Sasha Farber,Withdrew,12,0.0,0.0,0.0,0.0,0.0,,,False,0,withdrew,5.0,True
31,10,Joseph Baena,Daniella Karagach,Eliminated Week 5,11,0.0,0.0,0.0,0.0,0.0,,,False,0,eliminated,5.0,True
31,10,Trevor Donovan,Emma Slater,Eliminated Week 9,6,0.0,0.0,0.0,0.0,0.0,,,False,0,eliminated,9.0,True
31,10,Daniel Durant,Britt Stewart,Eliminated Week 9,5,0.0,0.0,0.0,0.0,0.0,,,False,0,eliminated,9.0,True
31,10,Wayne Brady,Witney Carson,3rd Place,3,9.5,9.5,9.5,9.5,38.0,3.5,0.24358974358974358,True,0,finished,10.0,False
31,10,Sam Champion,Cheryl Burke,Eliminated Week 4,13,0.0,0.0,0.0,0.0,0.0,,,False,0,eliminated,4.0,True
31,10,Jessie James Decker,Alan Bersten,Eliminated Week 6,10,0.0,0.0,0.0,0.0,0.0,,,False,0,eliminated,6.0,True
31,10,Jordin Sparks,Brandon Armstrong,Eliminated Week 7,9,0.0,0.0,0.0,0.0,0.0,,,False,0,eliminated,7.0,True
31,10,Heidi D'Amelio,Artem Chigvintsev,Eliminated Week 8,8,0.0,0.0,0.0,0.0,0.0,,,False,0,eliminated,8.0,True
31,10,Charli D'Amelio,Mark Ballas,1st Place,1,10.0,10.0,10.0,10.0,40.0,1.5,0.2564102564102564,True,0,finished,10.0,False
31,10,Teresa Giudice,Pasha Pashkov,Eliminated Week 2,15,0.0,0.0,0.0,0.0,0.0,,,False,0,eliminated,2.0,True
31,10,Vinny Guadagnino,Koko Iwasaki,Eliminated Week 8,7,0.0,0.0,0.0,0.0,0.0,,,False,0,eliminated,8.0,True
31,10,Shangela,Gleb Savchenko,4th Place,4,9.5,9.5,9.5,9.5,38.0,3.5,0.24358974358974358,True,0,finished,10.0,False
31,10,Gabby Windey,Valentin Chmerkovskiy,2nd Place,2,10.0,10.0,10.0,10.0,40.0,1.5,0.2564102564102564,True,0,finished,10.0,False
32,10,Jamie Lynn Spears,Alan Bersten,Eliminated Week 2,13,0.0,0.0,0.0,,0.0,,,False,0,eliminated,2.0,True
32,10,Mira Sorvino,Gleb Savchenko,Eliminated Week 5,10,0.0,0.0,0.0,,0.0,,,False,0,eliminated,5.0,True
32,10,Barry Williams,Peta Murgatroyd,Eliminated Week 8,7,0.0,0.0,0.0,,0.0,,,False,0,eliminated,8.0,True
32,10,Alyson Hannigan,Sasha Farber,5th Place,5,8.5,8.5,8.5,,25.5,5.0,0.17894736842105263,True,0,finished,11.0,False
32,10,Xochitl Gomez,Valentin Chmerkovskiy,1st Place,1,10.0,10.0,10.0,,30.0,1.0,0.21052631578947367,True,0,finished,11.0,False
32,10,Adrian Peterson,Britt Stewart,Eliminated Week 4,11,0.0,0.0,0.0,,0.0,,,False,0,eliminated,4.0,True
32,10,Matt Walsh,Koko Iwasaki,Eliminated Week 1,14,0.0,0.0,0.0,,0.0,,,False,0,eliminated,1.0,True
32,10,Tyson Beckford,Jenna Johnson,Eliminated Week 3,12,0.0,0.0,0.0,,0.0,,,False,0,eliminated,3.0,True
32,10,Jason Mraz,Daniella Karagach,2nd Place,2,9.5,9.5,9.5,,28.5,4.0,0.2,True,0,finished,11.0,False
32,10,Lele Pons,Brandon Armstrong,Eliminated Week 7,8,0.0,0.0,0.0,,0.0,,,False,0,eliminated,7.0,True
32,10,Harry Jowsey,Rylee Arnold,Eliminated Week 9,6,0.0,0.0,0.0,,0.0,,,False,0,eliminated,9.0,True
32,10,Mauricio Umansky,Emma Slater,Eliminated Week 6,9,0.0,0.0,0.0,,0.0,,,False,0,eliminated,6.0,True
32,10,Charity Lawson,Artem Chigvintsev,4th Place,4,10.0,9.5,10.0,,29.5,2.0,0.20701754385964913,True,0,finished,11.0,False
32,10,Ariana Madix,Pasha Pashkov,3rd Place,3,9.5,9.5,10.0,,29.0,3.0,0.20350877192982456,True,0,finished,11.0,False
34,10,Corey Feldman,Jenna Johnson,Eliminated Week 2,13,0.0,0.0,0.0,,0.0,,,False,0,eliminated,2.0,True
34,10,Danielle Fishel,Pasha Pashkov,Eliminated Week 8,8,0.0,0.0,0.0,,0.0,,,False,0,eliminated,8.0,True
34,10,Elaine Hendrix,Alan Bersten (Rashad Jennings week 9),5th Place,5,9.5,9.5,9.5,,28.5,4.5,0.16569767441860464,True,0,finished,11.0,False
34,10,Baron Davis,Britt Stewart,Eliminated Week 2,13,0.0,0.0,0.0,,0.0,,,False,0,eliminated,2.0,True
34,10,Jordan Chiles,Ezra Sosa (Apolo Anton Ohno week 9),3rd Place,3,9.5,9.5,9.5,,28.5,4.5,0.16569767441860464,True,0,finished,11.0,False
34,10,Andy Richter,Emma Slater/Kaitlyn Bristowe (week 9),Eliminated Week 9,7,0.0,0.0,0.0,,0.0,,,False,0,eliminated,9.0,True
34,10,Robert Irwin,Witney Carson (Xoshitl Gomez week 9),1st Place,1,10.0,9.5,10.0,,29.5,1.0,0.17151162790697674,True,0,finished,11.0,False
34,10,Hilaria Baldwin,Gleb Savchenko,Eliminated Week 4,11,0.0,0.0,0.0,,0.0,,,False,0,eliminated,4.0,True
34,10,Lauren Jauregui,Brandon Armstrong,Eliminated Week 3,12,0.0,0.0,0.0,,0.0,,,False,0,eliminated,3.0,True
34,10,Scott Hoying,Rylee Arnold,Eliminated Week 6,10,0.0,0.0,0.0,,0.0,,,False,0,eliminated,6.0,True
34,10,Alix Earle,Val Chmerkovskiy (Joey Graziadei week 9),2nd Place,2,9.5,10.0,9.5,,29.0,2.5,0.1686046511627907,True,0,finished,11.0,False
34,10,Jen Affleck,Jan Ravnik,Eliminated Week 7,9,0.0,0.0,0.0,,0.0,,,False,0,eliminated,7.0,True
34,10,Whitney Leavitt,Mark Ballas,Eliminated Week 10,6,9.0,10.0,10.0,,29.0,2.5,0.1686046511627907,True,1,eliminated,10.0,False
34,10,Dylan Efron,Daniella Karagach (Rumer Willis week 9),4th Place,4,9.0,9.0,9.5,,27.5,6.0,0.15988372093023256,True,0,finished,11.0,False
8,11,Gilles Marini,Cheryl Burke,2nd Place,2,9.5,10.0,9.5,,29.0,2.0,0.3314285714285714,True,0,finished,11.0,False
8,11,Denise Richards,Maksim Chmerkoskiy,Eliminated Week 3,12,0.0,0.0,0.0,,0.0,,,False,0,eliminated,3.0,True
8,11,David Alan Grier,Kym Johnson,Eliminated Week 5,9,0.0,0.0,0.0,,0.0,,,False,0,eliminated,5.0,True
8,11,Lawrence Taylor,Edyta Sliwinska,Eliminated Week 7,7,0.0,0.0,0.0,,0.0,,,False,0,eliminated,7.0,True
8,11,Ty Murray,Chelsie Hightower,Eliminated Week 10,4,0.0,0.0,0.0,,0.0,,,False,0,eliminated,10.0,True
8,11,Shawn Johnson,Mark Ballas,1st Place,1,10.0,10.0,10.0,,30.0,1.0,0.34285714285714286,True,0,finished,11.0,False
8,11,Steve Wozniak,Karina Smirnoff,Eliminated Week 4,10,0.0,0.0,0.0,,0.0,,,False,0,eliminated,4.0,True
8,11,Belinda Carlisle,Jonathan Roberts,Eliminated Week 2,13,0.0,0.0,0.0,,0.0,,,False,0,eliminated,2.0,True
8,11,Chuck Wicks,Julianne Hough,Eliminated Week 8,6,0.0,0.0,0.0,,0.0,,,False,0,eliminated,8.0,True
8,11,Lil' Kim,Derek Hough,Eliminated Week 9,5,0.0,0.0,0.0,,0.0,,,False,0,eliminated,9.0,True
8,11,Steve-O,Lacey Schwimmer,Eliminated Week 6,8,0.0,0.0,0.0,,0.0,,,False,0,eliminated,6.0,True
8,11,Holly Madison,Dmitry Chaplin,Eliminated Week 4,11,0.0,0.0,0.0,,0.0,,,False,0,eliminated,4.0,True
8,11,Melissa Rycroft,Tony Dovolani,3rd Place,3,9.5,9.5,9.5,,28.5,3.0,0.32571428571428573,True,0,finished,11.0,False
17,11,Valerie Harper,Tristan MacManus,Eliminated Week 4,10,0.0,0.0,0.0,,0.0,,,False,0,eliminated,4.0,True
17,11,Brant Daugherty,Peta Murgatroyd,Eliminated Week 8,7,0.0,0.0,0.0,,0.0,,,False,0,eliminated,8.0,True
17,11,Elizabeth Berkley Lauren,Valentin Chmerkovskiy,Eliminated Week 9,6,0.0,0.0,0.0,,0.0,,,False,0,eliminated,9.0,True
17,11,Leah Remini,Tony Dovolani,Eliminated Week 10,5,0.0,0.0,0.0,,0.0,,,False,0,eliminated,10.0,True
17,11,Corbin Bleu,Karina Smirnoff,2nd Place,2,9.8888,9.8888,9.8888,,29.6664,2.0,0.25909655421775135,True,0,finished,11.0,False
17,11,Amber Riley,Derek Hough,1st Place,1,10.4444,10.4444,10.4444,,31.333199999999998,1.0,0.27365383574062396,True,0,finished,11.0,False
17,11,Keyshawn Johnson,Sharna Burgess,Eliminated Week 2,12,0.0,0.0,0.0,,0.0,,,False,0,eliminated,2.0,True
17,11,Bill Engvall,Emma Slater,Eliminated Week 11,4,8.3333,8.8333,8.3333,,25.499899999999997,4.0,0.22270771724567986,True,1,eliminated,11.0,False
17,11,Christina Milian,Mark Ballas,Eliminated Week 5,9,0.0,0.0,0.0,,0.0,,,False,0,eliminated,5.0,True
17,11,"Nicole ""Snooki"" Polizzi",Sasha Farber,Eliminated Week 7,8,0.0,0.0,0.0,,0.0,,,False,0,eliminated,7.0,True
17,11,Jack Osbourne,Cheryl Burke,3rd Place,3,9.3333,9.3333,9.3333,,27.999899999999997,3.0,0.24454189279594477,True,0,finished,11.0,False
17,11,Bill Nye,Tyne Stecklein,Eliminated Week 3,11,0.0,0.0,0.0,,0.0,,,False,0,eliminated,3.0,True
19,11,Antonio Sabato Jr.,Cheryl Burke,Eliminated Week 7,8,0.0,0.0,0.0,0.0,0.0,,,False,0,eliminated,7.0,True
19,11,Jonathan Bennett,Allison Holker,Eliminated Week 6,9,0.0,0.0,0.0,0.0,0.0,,,False,0,eliminated,6.0,True
19,11,Lea Thompson,Artem Chigvintsev,Eliminated Week 9,6,0.0,0.0,0.0,0.0,0.0,,,False,0,eliminated,9.0,True
19,11,Janel Parrish,Valentin Chmerkovskiy,3rd Place,3,9.6666,10.0,9.6666,9.6666,38.99980000000001,3.0,0.24946620355267282,True,0,finished,11.0,False
19,11,Alfonso Ribeiro,Witney Carson,1st Place,1,10.0,10.0,10.0,10.0,40.0,1.0,0.25586408499804897,True,0,finished,11.0,False
19,11,Lolo Jones,Keo Motsepe,Eliminated Week 1,13,0.0,0.0,0.0,0.0,0.0,,,False,0,eliminated,1.0,True
19,11,Randy Couture,Karina Smirnoff,Eliminated Week 3,11,0.0,0.0,0.0,0.0,0.0,,,False,0,eliminated,3.0,True
19,11,Tommy Chong,Peta Murgatroyd,Eliminated Week 10,5,0.0,0.0,0.0,0.0,0.0,,,False,0,eliminated,10.0,True
19,11,Betsey Johnson,Tony Dovolani,Eliminated Week 4,10,0.0,0.0,0.0,0.0,0.0,,,False,0,eliminated,4.0,True
19,11,Michael Waltrip,Emma Slater,Eliminated Week 8,7,0.0,0.0,0.0,0.0,0.0,,,False,0,eliminated,8.0,True
19,11,Tavis Smiley,Sharna Burgess,Eliminated Week 2,12,0.0,0.0,0.0,0.0,0.0,,,False,0,eliminated,2.0,True
19,11,Bethany Mota,Derek Hough,Eliminated Week 11,4,9.5,9.5,9.5,9.5,38.0,4.0,0.24307088074814653,True,1,eliminated,11.0,False
19,11,Sadie Robertson,Mark Ballas,2nd Place,2,10.0,9.6666,10.0,9.6666,39.333200000000005,2.0,0.25159883070113154,True,0,finished,11.0,False
21,11,Gary Busey,Anna Trebunskaya,Eliminated Week 4,10,0.0,0.0,0.0,,0.0,,,False,0,eliminated,4.0,True
21,11,Alexa PenaVega,Mark Ballas,Eliminated Week 9,6,0.0,0.0,0.0,,0.0,,,False,0,eliminated,9.0,True
21,11,Carlos PenaVega,Witney Carson,Eliminated Week 11,4,10.0,10.0,10.0,,30.0,2.0,0.25423750359110475,True,1,eliminated,11.0,False
21,11,Victor Espinoza,Karina Smirnoff,Eliminated Week 2,12,0.0,0.0,0.0,,0.0,,,False,0,eliminated,2.0,True
21,11,Alek Skarlatos,Lindsay Arnold,3rd Place,3,9.3333,9.3333,9.3333,,27.999899999999997,4.0,0.23728748922668577,True,0,finished,11.0,False
21,11,Chaka Khan,Keo Motsepe,Eliminated Week 2,13,0.0,0.0,0.0,,0.0,,,False,0,eliminated,2.0,True
21,11,Andy Grammer,Allison Holker,Eliminated Week 8,7,0.0,0.0,0.0,,0.0,,,False,0,eliminated,8.0,True
21,11,Tamar Braxton,Valentin Chmerkovskiy,Withdrew,5,0.0,0.0,0.0,,0.0,,,False,0,withdrew,9.0,True
21,11,Nick Carter,Sharna Burgess,2nd Place,2,10.0,10.0,10.0,,30.0,2.0,0.25423750359110475,True,0,finished,11.0,False
21,11,Hayes Grier,Emma Slater,Eliminated Week 7,8,0.0,0.0,0.0,,0.0,,,False,0,eliminated,7.0,True
21,11,Bindi Irwin,Derek Hough,1st Place,1,10.0,10.0,10.0,,30.0,2.0,0.25423750359110475,True,0,finished,11.0,False
21,11,Kim Zolciak-Biermann,Tony Dovolani,Withdrew,11,0.0,0.0,0.0,,0.0,,,False,0,withdrew,2.0,True
21,11,Paula Deen,Louis van Amstel,Eliminated Week 6,9,0.0,0.0,0.0,,0.0,,,False,0,eliminated,6.0,True
23,11,Jake T. Austin,Jenna Johnson,Eliminated Week 2,13,0.0,0.0,0.0,0.0,0.0,,,False,0,eliminated,2.0,True
23,11,Maureen McCormick,Artem Chigvintsev,Eliminated Week 7,8,0.0,0.0,0.0,0.0,0.0,,,False,0,eliminated,7.0,True
23,11,Marilu Henner,Derek Hough,Eliminated Week 9,6,0.0,0.0,0.0,0.0,0.0,,,False,0,eliminated,9.0,True
23,11,Ryan Lochte,Cheryl Burke,Eliminated Week 8,7,0.0,0.0,0.0,0.0,0.0,,,False,0,eliminated,8.0,True
23,11,Calvin Johnson Jr.,Lindsay Arnold,3rd Place,3,9.3333,9.6666,9.6666,9.6666,38.3331,3.0,0.25191616266698036,True,0,finished,11.0,False
23,11,Laurie Hernandez,Valentin Chmerkovskiy,1st Place,1,9.6666,10.0,9.6666,10.0,39.333200000000005,1.0,0.2584885858282496,True,0,finished,11.0,False
23,11,Amber Rose,Maksim Chmerkoskiy,Eliminated Week 6,9,0.0,0.0,0.0,0.0,0.0,,,False,0,eliminated,6.0,True
23,11,Rick Perry,Emma Slater,Eliminated Week 3,12,0.0,0.0,0.0,0.0,0.0,,,False,0,eliminated,3.0,True
23,11,James Hinchcliffe,Sharna Burgess,2nd Place,2,9.6666,9.6666,9.6666,10.0,38.9998,2.0,0.25629755904896034,True,0,finished,11.0,False
23,11,Babyface,Allison Holker,Eliminated Week 4,11,0.0,0.0,0.0,0.0,0.0,,,False,0,eliminated,4.0,True
23,11,Vanilla Ice,Witney Carson,Eliminated Week 4,10,0.0,0.0,0.0,0.0,0.0,,,False,0,eliminated,4.0,True
23,11,Jana Kramer,Gleb Savchenko,Eliminated Week 11,4,8.5,9.0,9.0,9.0,35.5,4.0,0.2332976924558098,True,1,eliminated,11.0,False
23,11,Terra Jole,Sasha Farber,Eliminated Week 10,5,0.0,0.0,0.0,0.0,0.0,,,False,0,eliminated,10.0,True
28,11,Kate Flannery,Pasha Pashkov,Eliminated Week 8,7,0.0,0.0,0.0,,0.0,,,False,0,eliminated,8.0,True
28,11,James Van Der Beek,Emma Slater,Eliminated Week 10,5,0.0,0.0,0.0,,0.0,,,False,0,eliminated,10.0,True
28,11,Kel Mitchell,Witney Carson,2nd Place,2,10.0,9.5,10.0,,29.5,2.0,0.25213675213675213,True,0,finished,11.0,False
28,11,Ray Lewis,Cheryl Burke,Withdrew,11,0.0,0.0,0.0,,0.0,,,False,0,withdrew,2.0,True
28,11,Lamar Odom,Peta Murgatroyd,Eliminated Week 4,10,0.0,0.0,0.0,,0.0,,,False,0,eliminated,4.0,True
28,11,Sailor Brinkley-Cook,Valentin Chmerkovskiy,Eliminated Week 6,9,0.0,0.0,0.0,,0.0,,,False,0,eliminated,6.0,True
28,11,Sean Spicer,Lindsay Arnold,Eliminated Week 9,6,0.0,0.0,0.0,,0.0,,,False,0,eliminated,9.0,True
28,11,Mary Wilson,Brandon Armstrong,Eliminated Week 2,12,0.0,0.0,0.0,,0.0,,,False,0,eliminated,2.0,True
28,11,Lauren Alaina,Gleb Savchenko,4th Place,4,9.5,9.5,9.5,,28.5,4.0,0.24358974358974358,True,0,finished,11.0,False
28,11,Ally Brooke,Sasha Farber,3rd Place,3,10.0,10.0,10.0,,30.0,1.0,0.2564102564102564,True,0,finished,11.0,False
28,11,Karamo Brown,Jenna Johnson,Eliminated Week 7,8,0.0,0.0,0.0,,0.0,,,False,0,eliminated,7.0,True
28,11,Hannah Brown,Alan Bersten,1st Place,1,10.0,9.5,9.5,,29.0,3.0,0.24786324786324787,True,0,finished,11.0,False
29,11,Anne Heche,Keo Motsepe,Eliminated Week 4,13,0.0,0.0,0.0,,0.0,,,False,0,eliminated,4.0,True
29,11,Jesse Metcalfe,Sharna Burgess,Eliminated Week 5,12,0.0,0.0,0.0,,0.0,,,False,0,eliminated,5.0,True
29,11,Chrishell Stause,Gleb Savchenko,Eliminated Week 8,8,0.0,0.0,0.0,,0.0,,,False,0,eliminated,8.0,True
29,11,Skai Jackson,Alan Bersten,Eliminated Week 10,5,0.0,0.0,0.0,,0.0,,,False,0,eliminated,10.0,True
29,11,Justina Machado,Sasha Farber,4th Place,4,10.0,10.0,10.0,,30.0,2.0,0.25316455696202533,True,0,finished,11.0,False
29,11,Charles Oakley,Emma Slater,Eliminated Week 2,15,0.0,0.0,0.0,,0.0,,,False,0,eliminated,2.0,True
29,11,Veron Davis,Peta Murgatroyd,Eliminated Week 6,11,0.0,0.0,0.0,,0.0,,,False,0,eliminated,6.0,True
29,11,Johnny Weir,Britt Stewart,Eliminated Week 10,6,0.0,0.0,0.0,,0.0,,,False,0,eliminated,10.0,True
29,11,Nev Schulman,Jenna Johnson,2nd Place,2,10.0,10.0,10.0,,30.0,2.0,0.25316455696202533,True,0,finished,11.0,False
29,11,AJ McLean,Cheryl Burke,Eliminated Week 9,7,0.0,0.0,0.0,,0.0,,,False,0,eliminated,9.0,True
29,11,Nelly,Daniella Karagach,3rd Place,3,9.5,9.5,9.5,,28.5,4.0,0.24050632911392406,True,0,finished,11.0,False
29,11,Kaitlyn Bristowe,Artem Chigvintsev,1st Place,1,10.0,10.0,10.0,,30.0,2.0,0.25316455696202533,True,0,finished,11.0,False
29,11,Carole Baskin,Pasha Pashkov,Eliminated Week 3,14,0.0,0.0,0.0,,0.0,,,False,0,eliminated,3.0,True
29,11,Monica Aldama,Valentin Chmerkovskiy,Eliminated Week 7,10,0.0,0.0,0.0,,0.0,,,False,0,eliminated,7.0,True
29,11,Jeannie Mai,Brandon Armstrong,Withdrew,9,0.0,0.0,0.0,,0.0,,,False,0,withdrew,7.0,True
32,11,Jamie Lynn Spears,Alan Bersten,Eliminated Week 2,13,0.0,0.0,0.0,,0.0,,,False,0,eliminated,2.0,True
32,11,Mira Sorvino,Gleb Savchenko,Eliminated Week 5,10,0.0,0.0,0.0,,0.0,,,False,0,eliminated,5.0,True
32,11,Barry Williams,Peta Murgatroyd,Eliminated Week 8,7,0.0,0.0,0.0,,0.0,,,False,0,eliminated,8.0,True
32,11,Alyson Hannigan,Sasha Farber,5th Place,5,9.0,8.5,9.0,,26.5,5.0,0.18213058419243985,True,0,finished,11.0,False
32,11,Xochitl Gomez,Valentin Chmerkovskiy,1st Place,1,10.0,10.0,10.0,,30.0,1.5,0.20618556701030927,True,0,finished,11.0,False
32,11,Adrian Peterson,Britt Stewart,Eliminated Week 4,11,0.0,0.0,0.0,,0.0,,,False,0,eliminated,4.0,True
32,11,Matt Walsh,Koko Iwasaki,Eliminated Week 1,14,0.0,0.0,0.0,,0.0,,,False,0,eliminated,1.0,True
32,11,Tyson Beckford,Jenna Johnson,Eliminated Week 3,12,0.0,0.0,0.0,,0.0,,,False,0,eliminated,3.0,True
32,11,Jason Mraz,Daniella Karagach,2nd Place,2,10.0,10.0,10.0,,30.0,1.5,0.20618556701030927,True,0,finished,11.0,False
32,11,Lele Pons,Brandon Armstrong,Eliminated Week 7,8,0.0,0.0,0.0,,0.0,,,False,0,eliminated,7.0,True
32,11,Harry Jowsey,Rylee Arnold,Eliminated Week 9,6,0.0,0.0,0.0,,0.0,,,False,0,eliminated,9.0,True
32,11,Mauricio Umansky,Emma Slater,Eliminated Week 6,9,0.0,0.0,0.0,,0.0,,,False,0,eliminated,6.0,True
32,11,Charity Lawson,Artem Chigvintsev,4th Place,4,9.5,10.0,10.0,,29.5,3.5,0.2027491408934708,True,0,finished,11.0,False
32,11,Ariana Madix,Pasha Pashkov,3rd Place,3,9.5,10.0,10.0,,29.5,3.5,0.2027491408934708,True,0,finished,11.0,False
34,11,Corey Feldman,Jenna Johnson,Eliminated Week 2,13,0.0,0.0,0.0,,0.0,,,False,0,eliminated,2.0,True
34,11,Danielle Fishel,Pasha Pashkov,Eliminated Week 8,8,0.0,0.0,0.0,,0.0,,,False,0,eliminated,8.0,True
34,11,Elaine Hendrix,Alan Bersten (Rashad Jennings week 9),5th Place,5,9.6666,9.6666,9.6666,,28.9998,5.0,0.19638752808699622,True,0,finished,11.0,False
34,11,Baron Davis,Britt Stewart,Eliminated Week 2,13,0.0,0.0,0.0,,0.0,,,False,0,eliminated,2.0,True
34,11,Jordan Chiles,Ezra Sosa (Apolo Anton Ohno week 9),3rd Place,3,9.6666,10.0,10.0,,29.666600000000003,2.5,0.20090311797825097,True,0,finished,11.0,False
34,11,Andy Richter,Emma Slater/Kaitlyn Bristowe (week 9),Eliminated Week 9,7,0.0,0.0,0.0,,0.0,,,False,0,eliminated,9.0,True
34,11,Robert Irwin,Witney Carson (Xoshitl Gomez week 9),1st Place,1,9.6666,10.0,10.0,,29.666600000000003,2.5,0.20090311797825097,True,0,finished,11.0,False
34,11,Hilaria Baldwin,Gleb Savchenko,Eliminated Week 4,11,0.0,0.0,0.0,,0.0,,,False,0,eliminated,4.0,True
34,11,Lauren Jauregui,Brandon Armstrong,Eliminated Week 3,12,0.0,0.0,0.0,,0.0,,,False,0,eliminated,3.0,True
34,11,Scott Hoying,Rylee Arnold,Eliminated Week 6,10,0.0,0.0,0.0,,0.0,,,False,0,eliminated,6.0,True
34,11,Alix Earle,Val Chmerkovskiy (Joey Graziadei week 9),2nd Place,2,10.0,10.0,10.0,,30.0,1.0,0.2031609129238783,True,0,finished,11.0,False
34,11,Jen Affleck,Jan Ravnik,Eliminated Week 7,9,0.0,0.0,0.0,,0.0,,,False,0,eliminated,7.0,True
34,11,Whitney Leavitt,Mark Ballas,Eliminated Week 10,6,0.0,0.0,0.0,,0.0,,,False,0,eliminated,10.0,True
34,11,Dylan Efron,Daniella Karagach (Rumer Willis week 9),4th Place,4,9.6666,9.6666,10.0,,29.3332,4.0,0.19864532303262358,True,0,finished,11.0,False
