season,celebrity_name,week,p_est
1,Evander Holyfield,1,0.15241767290031888
1,Joey McIntyre,1,0.1967004369267438
1,John O'Hurley,1,0.20385729519536305
1,Kelly Monaco,1,0.08670577699720154
1,Rachel Hunter,1,0.20139190601879992
1,Trista Sutter,1,0.15892691196157271
1,Evander Holyfield,2,0.08038944232122908
1,Joey McIntyre,2,0.17693585404822712
1,John O'Hurley,2,0.2582164213862285
1,Kelly Monaco,2,0.11622083443746321
1,Rachel Hunter,2,0.22869732733509446
1,Trista Sutter,2,0.1395401204717575
1,Evander Holyfield,3,0.07228262978943661
1,Joey McIntyre,3,0.20428122072895574
1,John O'Hurley,3,0.24605523788823067
1,Kelly Monaco,3,0.19274862693597583
1,Rachel Hunter,3,0.28463228465740126
1,Joey McIntyre,4,0.19258591021867938
1,John O'Hurley,4,0.22253908543421838
1,Kelly Monaco,4,0.3042647170958319
1,Rachel Hunter,4,0.2806102872512703
1,Joey McIntyre,5,0.26667949363106375
1,John O'Hurley,5,0.4044359037265203
1,Kelly Monaco,5,0.3288846026424159
1,John O'Hurley,6,0.4949413093817524
1,Kelly Monaco,6,0.5050586906182477
2,Drew Lachey,1,0.14681674706038558
2,George Hamilton,1,0.08364359230370035
2,Giselle Fernandez,1,0.13270676160875103
2,Jerry Rice,1,0.11142064129382191
2,Kenny Mayne,1,0.04189870078290017
2,Lisa Rinna,1,0.09111203563237444
2,Master P,1,0.03733209025547989
2,Stacy Keibler,1,0.1270421059331284
2,Tatum O'Neal,1,0.12633082898799677
2,Tia Carrere,1,0.10169649614146148
2,Drew Lachey,2,0.15923728309954407
2,George Hamilton,2,0.10440137476746969
2,Giselle Fernandez,2,0.1250402940557546
2,Jerry Rice,2,0.11286255136474603
2,Lisa Rinna,2,0.09200216917112758
2,Master P,2,0.052912836038792
2,Stacy Keibler,2,0.17766209246727122
2,Tatum O'Neal,2,0.06667200859968542
2,Tia Carrere,2,0.10920939043560945
2,Drew Lachey,3,0.17202199340183025
2,George Hamilton,3,0.11264471304633714
2,Giselle Fernandez,3,0.11212539007305206
2,Jerry Rice,3,0.09099396618705233
2,Lisa Rinna,3,0.14350097998013067
2,Master P,3,0.043212988955596575
2,Stacy Keibler,3,0.17172749213762586
2,Tia Carrere,3,0.1537724762183751
2,Drew Lachey,4,0.20222164787501626
2,George Hamilton,4,0.11840885824289073
2,Jerry Rice,4,0.14519734412378743
2,Lisa Rinna,4,0.1739053596521185
2,Master P,4,0.018812325537032937
2,Stacy Keibler,4,0.1815173324815229
2,Tia Carrere,4,0.15993713208763122
2,Drew Lachey,5,0.19471734648334274
2,George Hamilton,5,0.14554545771379213
2,Jerry Rice,5,0.1380920844668258
2,Lisa Rinna,5,0.16603524396287944
2,Stacy Keibler,5,0.23038153353310056
2,Tia Carrere,5,0.12522833384005932
2,Drew Lachey,6,0.249890802673735
2,George Hamilton,6,0.14401676742501607
2,Jerry Rice,6,0.1485559803980135
2,Lisa Rinna,6,0.20474133876595504
2,Stacy Keibler,6,0.2527951107372804
2,Drew Lachey,7,0.28942211004974033
2,Jerry Rice,7,0.16845087888324337
2,Lisa Rinna,7,0.25309599176302633
2,Stacy Keibler,7,0.2890310193039898
2,Drew Lachey,8,0.3562297098722994
2,Jerry Rice,8,0.29496946393898077
2,Stacy Keibler,8,0.3488008261887198
3,Emmitt Smith,1,0.13237342309447708
3,Harry Hamlin,1,0.06906545035302626
3,Jerry Springer,1,0.06064184890003532
3,Joey Lawrence,1,0.1073750952046398
3,Mario Lopez,1,0.1515708305605828
3,Monique Coleman,1,0.0879712967085331
3,Sara Evans,1,0.0549691849868908
3,Shanna Moakler,1,0.07696165928915383
3,Tucker Carlson,1,0.033482445212600236
3,Vivica A. Fox,1,0.11328846808190375
3,Willa Ford,1,0.11230029760815691
3,Emmitt Smith,2,0.10678975850122484
3,Harry Hamlin,2,0.08222391215592428
3,Jerry Springer,2,0.0685271780947168
3,Joey Lawrence,2,0.14769423426454267
3,Mario Lopez,2,0.08873424832996138
3,Monique Coleman,2,0.12442959519959518
3,Sara Evans,2,0.08257801653410213
3,Shanna Moakler,2,0.08801988187043647
3,Vivica A. Fox,2,0.1109096323236863
3,Willa Ford,2,0.10009354272581013
3,Emmitt Smith,3,0.08067478364293447
3,Harry Hamlin,3,0.09783247543724437
3,Jerry Springer,3,0.09046185302135737
3,Joey Lawrence,3,0.10768984617485351
3,Mario Lopez,3,0.10456234918228227
3,Monique Coleman,3,0.14672699418342133
3,Sara Evans,3,0.1221256511373516
3,Vivica A. Fox,3,0.14509282834263298
3,Willa Ford,3,0.10483321887792207
3,Emmitt Smith,4,0.11655901857571814
3,Jerry Springer,4,0.09885747151100394
3,Joey Lawrence,4,0.14296595708227872
3,Mario Lopez,4,0.16365633273257751
3,Monique Coleman,4,0.12169367583901353
3,Sara Evans,4,0.08643575773792661
3,Vivica A. Fox,4,0.11707882357991731
3,Willa Ford,4,0.15275296294156424
3,Emmitt Smith,5,0.15728924752725806
3,Jerry Springer,5,0.1193934341690809
3,Joey Lawrence,5,0.13956825324833017
3,Mario Lopez,5,0.16514807629094835
3,Monique Coleman,5,0.1551340242624093
3,Sara Evans,5,0.1142908854467733
3,Willa Ford,5,0.14917607905519994
3,Emmitt Smith,6,0.21975267705138352
3,Jerry Springer,6,0.12055320592129089
3,Joey Lawrence,6,0.2036953686677096
3,Mario Lopez,6,0.26668819683433714
3,Monique Coleman,6,0.1893105515252787
3,Emmitt Smith,7,0.2223024173701946
3,Jerry Springer,7,0.1368250035143337
3,Joey Lawrence,7,0.22071253325378676
3,Mario Lopez,7,0.22161304116750813
3,Monique Coleman,7,0.19854700469417674
3,Emmitt Smith,8,0.25116062378512033
3,Joey Lawrence,8,0.24854035567484464
3,Mario Lopez,8,0.27480548619820494
3,Monique Coleman,8,0.22549353434183014
3,Emmitt Smith,9,0.3425052827269937
3,Joey Lawrence,9,0.3130608609919411
3,Mario Lopez,9,0.34443385628106526
3,Emmitt Smith,10,0.4999065596390662
3,Mario Lopez,10,0.5000934403609338
4,Apolo Anton Ohno,1,0.1119978683027536
4,Billy Ray Cyrus,1,0.045303155207561494
4,Clyde Drexler,1,0.06392082653143934
4,Heather Mills,1,0.08350528149287699
4,Ian Ziering,1,0.10931409560586557
4,Joey Fatone,1,0.14167541803635375
4,John Ratzenberger,1,0.07336873558067833
4,Laila Ali,1,0.13290822026630777
4,Leeza Gibbons,1,0.05862944736947635
4,Paulina Porizkova,1,0.08992276753556076
4,Shandi Finnessey,1,0.08945418407112607
4,Apolo Anton Ohno,2,0.12047395568292428
4,Billy Ray Cyrus,2,0.07703744536259521
4,Clyde Drexler,2,0.05811526715856062
4,Heather Mills,2,0.10324296893496075
4,Ian Ziering,2,0.0914323442191614
4,Joey Fatone,2,0.10841085216837787
4,John Ratzenberger,2,0.0788970739488688
4,Laila Ali,2,0.12834212464935965
4,Leeza Gibbons,2,0.07991722531029377
4,Paulina Porizkova,2,0.07947595199861912
4,Shandi Finnessey,2,0.07465479056627851
4,Apolo Anton Ohno,3,0.11528562868288957
4,Billy Ray Cyrus,3,0.0915005137423909
4,Clyde Drexler,3,0.05363559603496958
4,Heather Mills,3,0.11907283824894463
4,Ian Ziering,3,0.1190633542701521
4,Joey Fatone,3,0.12390806007902198
4,John Ratzenberger,3,0.08117733482581974
4,Laila Ali,3,0.09621303680261295
4,Leeza Gibbons,3,0.11097698355100352
4,Shandi Finnessey,3,0.08916665376219492
4,Apolo Anton Ohno,4,0.16266928620605453
4,Billy Ray Cyrus,4,0.10194051766981475
4,Clyde Drexler,4,0.05296917652932302
4,Heather Mills,4,0.1250090299691549
4,Ian Ziering,4,0.13710230152874173
4,Joey Fatone,4,0.18005879104831968
4,John Ratzenberger,4,0.06448000174238952
4,Laila Ali,4,0.11133262664112839
4,Leeza Gibbons,4,0.06443826866507353
4,Apolo Anton Ohno,5,0.21228574593424845
4,Billy Ray Cyrus,5,0.07536266147751464
4,Clyde Drexler,5,0.041930444999326036
4,Heather Mills,5,0.11030363922684416
4,Ian Ziering,5,0.14043121692351831
4,Joey Fatone,5,0.1567020978877266
4,John Ratzenberger,5,0.07872708242441503
4,Laila Ali,5,0.18425711112640666
4,Apolo Anton Ohno,6,0.18779628048828875
4,Billy Ray Cyrus,6,0.10044494356018524
4,Heather Mills,6,0.12181453795244873
4,Ian Ziering,6,0.13988649345337026
4,Joey Fatone,6,0.17475408532152467
4,John Ratzenberger,6,0.08736447495089006
4,Laila Ali,6,0.18793918427329218
4,Apolo Anton Ohno,7,0.18669189966681926
4,Billy Ray Cyrus,7,0.09150006162704058
4,Ian Ziering,7,0.17621685435925646
4,Joey Fatone,7,0.21327139773570286
4,John Ratzenberger,7,0.11920127796172776
4,Laila Ali,7,0.21311850864945303
4,Apolo Anton Ohno,8,0.2556246145330116
4,Billy Ray Cyrus,8,0.10859505953887164
4,Ian Ziering,8,0.17721589247683175
4,Joey Fatone,8,0.23640257172461498
4,Laila Ali,8,0.22216186172666993
4,Apolo Anton Ohno,9,0.25561364899076017
4,Ian Ziering,9,0.22590163484487616
4,Joey Fatone,9,0.26011620870797975
4,Laila Ali,9,0.2583685074563839
4,Apolo Anton Ohno,10,0.3448614113665611
4,Joey Fatone,10,0.33112793754239156
4,Laila Ali,10,0.32401065109104726
5,Albert Reed,1,0.0788322627276794
5,Cameron Mathison,1,0.07898484557642922
5,Floyd Mayweather Jr. ,1,0.05956444401233329
5,Helio Castroneves,1,0.11340604259709805
5,Jane Seymour,1,0.1011914682847964
5,Jennie Garth,1,0.0791394034628844
5,Josie Maran,1,0.04496892986625802
5,Marie Osmond,1,0.08098872390690978
5,Mark Cuban,1,0.07692185493470534
5,Mel B,1,0.10260943127663787
5,Sabrina Bryan,1,0.12121905105497767
5,Wayne Newton,1,0.06217354229929063
5,Albert Reed,2,0.08248023186354511
5,Cameron Mathison,2,0.08402472142062754
5,Floyd Mayweather Jr. ,2,0.08100780528409733
5,Helio Castroneves,2,0.1330507260298546
5,Jane Seymour,2,0.08800186353306642
5,Jennie Garth,2,0.08572993383377947
5,Marie Osmond,2,0.10737660253007089
5,Mark Cuban,2,0.06324412862846909
5,Mel B,2,0.10240684090984294
5,Sabrina Bryan,2,0.12768318173608956
5,Wayne Newton,2,0.04499396423055707
5,Cameron Mathison,3,0.09302168213845839
5,Floyd Mayweather Jr. ,3,0.07731963965524329
5,Helio Castroneves,3,0.10352645023259652
5,Jane Seymour,3,0.12152530807317352
5,Jennie Garth,3,0.11435822678928988
5,Marie Osmond,3,0.11537349343943018
5,Mark Cuban,3,0.0694876967917964
5,Mel B,3,0.12308510350891276
5,Sabrina Bryan,3,0.12777468700928898
5,Wayne Newton,3,0.054527712361810116
5,Cameron Mathison,4,0.11790442690138868
5,Floyd Mayweather Jr. ,4,0.08437014627577209
5,Helio Castroneves,4,0.11685286562791201
5,Jane Seymour,4,0.11279638322273579
5,Jennie Garth,4,0.1191602689514684
5,Marie Osmond,4,0.10886976699883198
5,Mark Cuban,4,0.07866786632493723
5,Mel B,4,0.11560177582294613
5,Sabrina Bryan,4,0.14577649987400776
5,Cameron Mathison,5,0.13376359523245632
5,Helio Castroneves,5,0.11116950983804672
5,Jane Seymour,5,0.13084319843210623
5,Jennie Garth,5,0.1269707423290223
5,Marie Osmond,5,0.09193492005656002
5,Mark Cuban,5,0.08621083829253132
5,Mel B,5,0.16544910138859145
5,Sabrina Bryan,5,0.15365809443068568
5,Cameron Mathison,6,0.1356769581150199
5,Helio Castroneves,6,0.16298888326162483
5,Jane Seymour,6,0.1088715043065225
5,Jennie Garth,6,0.1547406111435671
5,Marie Osmond,6,0.11518635131952931
5,Mel B,6,0.18938246642648102
5,Sabrina Bryan,6,0.1331532254272554
5,Cameron Mathison,7,0.16017734894748864
5,Helio Castroneves,7,0.1719508817290964
5,Jane Seymour,7,0.14732867956293746
5,Jennie Garth,7,0.17269349448199836
5,Marie Osmond,7,0.16326600111279227
5,Mel B,7,0.18458359416568668
5,Cameron Mathison,8,0.1808644521776859
5,Helio Castroneves,8,0.23206162082584772
5,Jennie Garth,8,0.18394285766459176
5,Marie Osmond,8,0.1767144800654301
5,Mel B,8,0.22641658926644462
5,Helio Castroneves,9,0.26979671806679983
5,Jennie Garth,9,0.23317970973767804
5,Marie Osmond,9,0.22704083509686962
5,Mel B,9,0.26998273709865267
5,Helio Castroneves,10,0.36852803186760336
5,Marie Osmond,10,0.25487248731276113
5,Mel B,10,0.3765994808196355
6,Adam Carolla,1,0.04582978387373962
6,Cristian de la Fuente,1,0.08564554922125577
6,Jason Taylor,1,0.09764285090727641
6,Kristi Yamaguchi,1,0.14222221330233326
6,Mario,1,0.11352009728609892
6,Marissa Jaret Winokur,1,0.06478546718683822
6,Marlee Matlin,1,0.09558982459500007
6,Monica Seles,1,0.04375866701859426
6,Penn Jillette,1,0.05029221914261419
6,Priscilla Presley,1,0.11041804995360818
6,Shannon Elizabeth,1,0.08800113783924247
6,Steve Guttenberg,1,0.06229413967339842
6,Adam Carolla,2,0.0627490941603267
6,Cristian de la Fuente,2,0.07458764178983757
6,Jason Taylor,2,0.12310556181476652
6,Kristi Yamaguchi,2,0.12997933148358712
6,Mario,2,0.11508387921221873
6,Marissa Jaret Winokur,2,0.07538135536078493
6,Marlee Matlin,2,0.09898105559383459
6,Monica Seles,2,0.038672669339524755
6,Penn Jillette,2,0.04934269346265644
6,Priscilla Presley,2,0.08308006957990757
6,Shannon Elizabeth,2,0.10054238925336759
6,Steve Guttenberg,2,0.048494258949187546
6,Adam Carolla,3,0.0805802497225285
6,Cristian de la Fuente,3,0.11528244052720808
6,Jason Taylor,3,0.10608963640868077
6,Kristi Yamaguchi,3,0.13913959630279837
6,Mario,3,0.08806564655090757
6,Marissa Jaret Winokur,3,0.07198594605672949
6,Marlee Matlin,3,0.08661678016936843
6,Priscilla Presley,3,0.12116099296746052
6,Shannon Elizabeth,3,0.11109333718878744
6,Steve Guttenberg,3,0.0799853741055307
6,Adam Carolla,4,0.06411803634047222
6,Cristian de la Fuente,4,0.11790419447449867
6,Jason Taylor,4,0.14411308156448868
6,Kristi Yamaguchi,4,0.14908049533152923
6,Mario,4,0.1037830308123457
6,Marissa Jaret Winokur,4,0.10016587880431817
6,Marlee Matlin,4,0.0997576727418281
6,Priscilla Presley,4,0.08798840347067177
6,Shannon Elizabeth,4,0.1330892064598474
6,Cristian de la Fuente,5,0.11294993145109802
6,Jason Taylor,5,0.14767885736754965
6,Kristi Yamaguchi,5,0.17260703850775133
6,Mario,5,0.14739330635856235
6,Marissa Jaret Winokur,5,0.11914824707597173
6,Marlee Matlin,5,0.09894976263450375
6,Priscilla Presley,5,0.08927304891950315
6,Shannon Elizabeth,5,0.1119998076850601
6,Cristian de la Fuente,6,0.15093600921886172
6,Jason Taylor,6,0.13002040051711486
6,Kristi Yamaguchi,6,0.19030986875851783
6,Mario,6,0.1658177812647823
6,Marissa Jaret Winokur,6,0.1444839372530373
6,Marlee Matlin,6,0.09336879817053469
6,Shannon Elizabeth,6,0.1250632048171514
6,Cristian de la Fuente,7,0.14076178127681638
6,Jason Taylor,7,0.18451799693853055
6,Kristi Yamaguchi,7,0.18568268095819068
6,Mario,7,0.16506377517948545
6,Marissa Jaret Winokur,7,0.16769286268123992
6,Shannon Elizabeth,7,0.15628090296573705
6,Cristian de la Fuente,8,0.22297491934615876
6,Jason Taylor,8,0.19445167031932045
6,Kristi Yamaguchi,8,0.21512912511346372
6,Mario,8,0.18968734616285254
6,Marissa Jaret Winokur,8,0.17775693905820467
6,Cristian de la Fuente,9,0.25915773634656747
6,Jason Taylor,9,0.25362906153036874
6,Kristi Yamaguchi,9,0.27383565248840974
6,Marissa Jaret Winokur,9,0.21337754963465394
6,Cristian de la Fuente,10,0.28725748977456844
6,Jason Taylor,10,0.338789555992495
6,Kristi Yamaguchi,10,0.37395295423293656
7,Brooke Burke,1,0.1204939043778705
7,Cloris Leachman,1,0.05043563616820715
7,Cody Linley,1,0.08458292046050701
7,Jeffrey Ross,1,0.027626407512061937
7,Kim Kardashian,1,0.06718235801415644
7,Lance Bass,1,0.09160549221704302
7,Maurice Greene,1,0.0760281312236965
7,Misty May-Treanor,1,0.08817135756092616
7,Rocco DiSpirito,1,0.06034461533450942
7,Susan Lucci,1,0.07020015129194061
7,Ted McGinley,1,0.06657020930313808
7,Toni Braxton,1,0.10193915986054734
7,Warren Sapp,1,0.09481965667539577
7,Brooke Burke,2,0.13000323195879251
7,Cloris Leachman,2,0.05037474476682728
7,Cody Linley,2,0.09632604062592201
7,Kim Kardashian,2,0.06249081507620798
7,Lance Bass,2,0.0901272952974602
7,Maurice Greene,2,0.0826265069534163
7,Misty May-Treanor,2,0.09435978859519688
7,Rocco DiSpirito,2,0.05893778523128349
7,Susan Lucci,2,0.09511651211273446
7,Toni Braxton,2,0.11458994066077768
7,Warren Sapp,2,0.1250473387213812
7,Brooke Burke,3,0.17035653663830916
7,Cloris Leachman,3,0.060979131196510196
7,Cody Linley,3,0.10108142101328757
7,Lance Bass,3,0.11036458762981069
7,Maurice Greene,3,0.12292875988622828
7,Rocco DiSpirito,3,0.08646308262428783
7,Susan Lucci,3,0.10130001603835942
7,Toni Braxton,3,0.10955601998569339
7,Warren Sapp,3,0.13697044498751346
7,Brooke Burke,4,0.1500888169873235
7,Cloris Leachman,4,0.09865856477949428
7,Cody Linley,4,0.1162379406023678
7,Lance Bass,4,0.13842721689753176
7,Maurice Greene,4,0.0932710680348301
7,Rocco DiSpirito,4,0.07005644934996427
7,Susan Lucci,4,0.12030003495285502
7,Toni Braxton,4,0.1040741302311529
7,Warren Sapp,4,0.10888577816448029
7,Brooke Burke,5,0.1734980051754232
7,Cloris Leachman,5,0.0890452725265595
7,Cody Linley,5,0.15690209411077846
7,Lance Bass,5,0.1019023389284692
7,Maurice Greene,5,0.14369350948848236
7,Susan Lucci,5,0.10510360744159063
7,Toni Braxton,5,0.09926729370492833
7,Warren Sapp,5,0.1305878786237682
7,Brooke Burke,6,0.18549828317701758
7,Cloris Leachman,6,0.06183443609324784
7,Cody Linley,6,0.1424922793899401
7,Lance Bass,6,0.18514404133169138
7,Maurice Greene,6,0.12419593930636852
7,Susan Lucci,6,0.13976590752204468
7,Warren Sapp,6,0.16106911317968983
7,Brooke Burke,7,0.23970489090952118
7,Cody Linley,7,0.13621316809642928
7,Lance Bass,7,0.17406464998491775
7,Maurice Greene,7,0.16661583460784601
7,Susan Lucci,7,0.15278171820714723
7,Warren Sapp,7,0.13061973819413836
7,Brooke Burke,8,0.23430643648573835
7,Cody Linley,8,0.17562193197595935
7,Lance Bass,8,0.20035103495543607
7,Maurice Greene,8,0.17216400585123165
7,Warren Sapp,8,0.21755659073163466
7,Brooke Burke,9,0.24772150001815701
7,Cody Linley,9,0.19991211864994257
7,Lance Bass,9,0.31038415091886407
7,Warren Sapp,9,0.24198223041303635
7,Brooke Burke,10,0.36772908621202827
7,Lance Bass,10,0.3190303736356273
7,Warren Sapp,10,0.31324054015234454
8,Belinda Carlisle,1,0.06138952474214448
8,Chuck Wicks,1,0.0844246284676237
8,David Alan Grier,1,0.07515387100428665
8,Denise Richards,1,0.06984326432983931
8,Gilles Marini,1,0.12375984574749493
8,Holly Madison,1,0.06822036023098584
8,Lawrence Taylor,1,0.05603821309507431
8,Lil' Kim,1,0.09442611337312479
8,Melissa Rycroft,1,0.11381309042361049
8,Shawn Johnson,1,0.11240410608910209
8,Steve Wozniak,1,0.03709068338414842
8,Steve-O,1,0.05923149811798893
8,Ty Murray,1,0.04420480099457596
8,Belinda Carlisle,2,0.05761159950234679
8,Chuck Wicks,2,0.07419877487233774
8,David Alan Grier,2,0.05678264401607985
8,Denise Richards,2,0.07503975095032445
8,Gilles Marini,2,0.13026764167825786
8,Holly Madison,2,0.05805672466774163
8,Lawrence Taylor,2,0.07002590002051122
8,Lil' Kim,2,0.09607538774490014
8,Melissa Rycroft,2,0.12134714656807535
8,Shawn Johnson,2,0.10585692644340386
8,Steve Wozniak,2,0.04695420326935523
8,Steve-O,2,0.037050306705156646
8,Ty Murray,2,0.07073299356150925
8,Chuck Wicks,3,0.09082620570038878
8,David Alan Grier,3,0.09584849078633546
8,Denise Richards,3,0.04683633325970154
8,Gilles Marini,3,0.13055439536827004
8,Holly Madison,3,0.05077183067075992
8,Lawrence Taylor,3,0.06979578393021443
8,Lil' Kim,3,0.11010783894822845
8,Melissa Rycroft,3,0.12886558668492298
8,Shawn Johnson,3,0.1248218533125259
8,Steve Wozniak,3,0.019941557256774094
8,Steve-O,3,0.03943485221698754
8,Ty Murray,3,0.09219527186489096
8,Chuck Wicks,4,0.08738476705830774
8,David Alan Grier,4,0.08688632478051464
8,Gilles Marini,4,0.15711980172362966
8,Holly Madison,4,0.04470839905534909
8,Lawrence Taylor,4,0.06541163340780294
8,Lil' Kim,4,0.12782685798964719
8,Melissa Rycroft,4,0.1450338933454254
8,Shawn Johnson,4,0.11342063465804206
8,Steve Wozniak,4,0.02428488954453273
8,Steve-O,4,0.041253906870611555
8,Ty Murray,4,0.10666889156613722
8,Chuck Wicks,5,0.1055859048247659
8,David Alan Grier,5,0.0948055237456208
8,Gilles Marini,5,0.16593069402688074
8,Lawrence Taylor,5,0.08093442514845557
8,Lil' Kim,5,0.13754729269515162
8,Melissa Rycroft,5,0.12955808787800394
8,Shawn Johnson,5,0.13482153722055942
8,Steve-O,5,0.062183552372906334
8,Ty Murray,5,0.08863298208765567
8,Chuck Wicks,6,0.12074527131995798
8,Gilles Marini,6,0.1536901062564768
8,Lawrence Taylor,6,0.10522652602897659
8,Lil' Kim,6,0.17079814979537458
8,Melissa Rycroft,6,0.1620472931043916
8,Shawn Johnson,6,0.15194973584130853
8,Steve-O,6,0.057552500997740556
8,Ty Murray,6,0.07799041665577326
8,Chuck Wicks,7,0.15011979519295163
8,Gilles Marini,7,0.15544920537981616
8,Lawrence Taylor,7,0.09188508871128091
8,Lil' Kim,7,0.14748636295904916
8,Melissa Rycroft,7,0.1714725315339767
8,Shawn Johnson,7,0.1635569615439843
8,Ty Murray,7,0.12003005467894096
8,Chuck Wicks,8,0.15563276887132402
8,Gilles Marini,8,0.18617981867204667
8,Lil' Kim,8,0.18776816106174865
8,Melissa Rycroft,8,0.13996197027075463
8,Shawn Johnson,8,0.1699856544343797
8,Ty Murray,8,0.16047162668974632
8,Gilles Marini,9,0.22294596320763052
8,Lil' Kim,9,0.18445715542731
8,Melissa Rycroft,9,0.22197068956714297
8,Shawn Johnson,9,0.21901488558990087
8,Ty Murray,9,0.15161130620801566
8,Gilles Marini,10,0.2963662714569309
8,Melissa Rycroft,10,0.2552559996279399
8,Shawn Johnson,10,0.26548866584622316
8,Ty Murray,10,0.18288906306890595
8,Gilles Marini,11,0.33181970740368194
8,Melissa Rycroft,11,0.31803462237980973
8,Shawn Johnson,11,0.3501456702165082
9,Aaron Carter,1,0.09683600025563258
9,Ashley Hamiliton,1,0.032878509519385625
9,Chuck Liddell,1,0.0458293140950287
9,Debi Mazar,1,0.04670362264859333
9,Donny Osmond,1,0.08495897846813973
9,Joanna Krupa,1,0.10366794013505287
9,Kathy Ireland,1,0.03809235115657246
9,Kelly Osbourne,1,0.08647763518744757
9,Louie Vito,1,0.06686682143108377
9,Macy Gray,1,0.032878509519385625
9,Mark Dacascos,1,0.07739483241927098
9,Melissa Joan Hart,1,0.05384611959258384
9,Michael Irvin,1,0.03542404387257646
9,Mya,1,0.0918117888900546
9,Natalie Coughlin,1,0.06827008540390325
9,Tom DeLay,1,0.038063447405288636
9,Aaron Carter,2,0.11156334446586932
9,Chuck Liddell,2,0.0563809915251105
9,Debi Mazar,2,0.06691346009686489
9,Donny Osmond,2,0.09725951094192882
9,Joanna Krupa,2,0.06945552050090531
9,Kathy Ireland,2,0.05010578593891353
9,Kelly Osbourne,2,0.06122150583967721
9,Louie Vito,2,0.05951962277439396
9,Mark Dacascos,2,0.07036139706351827
9,Melissa Joan Hart,2,0.058542258067719004
9,Michael Irvin,2,0.05899889161261798
9,Mya,2,0.11585205503954187
9,Natalie Coughlin,2,0.07407244148967522
9,Tom DeLay,2,0.04975321464326391
9,Aaron Carter,3,0.0834437399309499
9,Chuck Liddell,3,0.05438831438743864
9,Debi Mazar,3,0.05455908055357641
9,Donny Osmond,3,0.08625790194487452
9,Joanna Krupa,3,0.09896036241299369
9,Kelly Osbourne,3,0.07588247065658645
9,Louie Vito,3,0.07170165057978865
9,Mark Dacascos,3,0.06400811973072644
9,Melissa Joan Hart,3,0.07211546440389831
9,Michael Irvin,3,0.039333377742685145
9,Mya,3,0.13634184972209326
9,Natalie Coughlin,3,0.12080256550778261
9,Tom DeLay,3,0.04220510242660595
9,Aaron Carter,4,0.06390372638974974
9,Chuck Liddell,4,0.052588608736293854
9,Donny Osmond,4,0.10602417629770731
9,Joanna Krupa,4,0.11936252974324345
9,Kelly Osbourne,4,0.09467283782370012
9,Louie Vito,4,0.050988026415404994
9,Mark Dacascos,4,0.08821145625883405
9,Melissa Joan Hart,4,0.1314937946439782
9,Michael Irvin,4,0.048149085799772534
9,Mya,4,0.14059197378007282
9,Natalie Coughlin,4,0.10401378411124276
9,Aaron Carter,5,0.09785235503001942
9,Donny Osmond,5,0.13802565098423272
9,Joanna Krupa,5,0.10433347315712316
9,Kelly Osbourne,5,0.09635211313681814
9,Louie Vito,5,0.07831853563786224
9,Mark Dacascos,5,0.11338129903983164
9,Melissa Joan Hart,5,0.09112319261939326
9,Michael Irvin,5,0.07159644207300479
9,Mya,5,0.12623699465988783
9,Natalie Coughlin,5,0.08277994366182678
9,Aaron Carter,6,0.1390200584455767
9,Donny Osmond,6,0.1280646117211187
9,Joanna Krupa,6,0.16304472783006344
9,Kelly Osbourne,6,0.08745075931318473
9,Louie Vito,6,0.07288294971677982
9,Mark Dacascos,6,0.12808788845765767
9,Melissa Joan Hart,6,0.07390460008439105
9,Michael Irvin,6,0.0672381138871699
9,Mya,6,0.14030629054405816
9,Aaron Carter,7,0.15892789054053502
9,Donny Osmond,7,0.15375322746340642
9,Joanna Krupa,7,0.17311193999554747
9,Kelly Osbourne,7,0.15079527516337224
9,Mark Dacascos,7,0.10258083630781775
9,Michael Irvin,7,0.11531420007933502
9,Mya,7,0.145516630449986
9,Aaron Carter,8,0.1767218566133696
9,Donny Osmond,8,0.1839416151714246
9,Joanna Krupa,8,0.19955399206365187
9,Kelly Osbourne,8,0.19103443545818707
9,Mya,8,0.24874810069336692
9,Donny Osmond,9,0.2231106699767614
9,Joanna Krupa,9,0.24326915096445567
9,Kelly Osbourne,9,0.23712936522061592
9,Mya,9,0.2964908138381671
9,Donny Osmond,10,0.36290307915355
9,Kelly Osbourne,10,0.28259987758385047
9,Mya,10,0.35449704326259956
10,Aiden Turner,1,0.05717363155996857
10,Buzz Aldrin,1,0.0464684204812134
10,Chad Ochocinco,1,0.07754086670133124
10,Erin Andrews,1,0.10863747057282341
10,Evan Lysacek,1,0.12943150573575207
10,Jake Pavelka,1,0.09715575322091696
10,Kate Gosselin,1,0.061228792927277884
10,Nicole Scherzinger,1,0.15411445552314149
10,Niecy Nash,1,0.08071819647420299
10,Pamela Anderson,1,0.10777247020802751
10,Shannen Doherty,1,0.07975843659534426
10,Aiden Turner,2,0.07716087940105286
10,Buzz Aldrin,2,0.032590311579692215
10,Chad Ochocinco,2,0.05987510640529738
10,Erin Andrews,2,0.11454543894526066
10,Evan Lysacek,2,0.12779692089548159
10,Jake Pavelka,2,0.08847637223748482
10,Kate Gosselin,2,0.04986584116033802
10,Nicole Scherzinger,2,0.16515845876092336
10,Niecy Nash,2,0.09456183107510145
10,Pamela Anderson,2,0.10506023432370126
10,Shannen Doherty,2,0.0849086052156663
10,Aiden Turner,3,0.09098658648438442
10,Buzz Aldrin,3,0.03902435196879384
10,Chad Ochocinco,3,0.0935478051533742
10,Erin Andrews,3,0.12208460509582646
10,Evan Lysacek,3,0.15817071339450972
10,Jake Pavelka,3,0.10229351463456599
10,Kate Gosselin,3,0.05392135523107123
10,Nicole Scherzinger,3,0.13112615065475333
10,Niecy Nash,3,0.1017811680415627
10,Pamela Anderson,3,0.10706374934115813
10,Aiden Turner,4,0.070221379326778
10,Chad Ochocinco,4,0.11761428169246312
10,Erin Andrews,4,0.101058381705095
10,Evan Lysacek,4,0.17152953647585276
10,Jake Pavelka,4,0.09565290306332205
10,Kate Gosselin,4,0.06349061602427097
10,Nicole Scherzinger,4,0.16095243360297998
10,Niecy Nash,4,0.08399420798329947
10,Pamela Anderson,4,0.13548626012593867
10,Chad Ochocinco,5,0.09090885870157665
10,Erin Andrews,5,0.12697362790908726
10,Evan Lysacek,5,0.18056915735504775
10,Jake Pavelka,5,0.1294398842153379
10,Kate Gosselin,5,0.05785830211389877
10,Nicole Scherzinger,5,0.21097480611397787
10,Niecy Nash,5,0.08560493866458815
10,Pamela Anderson,5,0.11767042492648556
10,Chad Ochocinco,6,0.14731961639533483
10,Erin Andrews,6,0.1761372681727983
10,Evan Lysacek,6,0.12467231740903635
10,Jake Pavelka,6,0.09947795074421255
10,Nicole Scherzinger,6,0.2035174224488401
10,Niecy Nash,6,0.10781757639641269
10,Pamela Anderson,6,0.14105784843336516
10,Chad Ochocinco,7,0.1649259233343447
10,Erin Andrews,7,0.16668199161129843
10,Evan Lysacek,7,0.17901611958312663
10,Nicole Scherzinger,7,0.1890794338892936
10,Niecy Nash,7,0.1441960233038221
10,Pamela Anderson,7,0.15610050827811456
10,Chad Ochocinco,8,0.16111139584590062
10,Erin Andrews,8,0.21608123021829811
10,Evan Lysacek,8,0.2190010453420714
10,Nicole Scherzinger,8,0.26365583469282966
10,Niecy Nash,8,0.14015049390090026
10,Chad Ochocinco,9,0.2004281288103818
10,Erin Andrews,9,0.24897243273934658
10,Evan Lysacek,9,0.27170172806902887
10,Nicole Scherzinger,9,0.2788977103812427
10,Erin Andrews,10,0.31942741494814947
10,Evan Lysacek,10,0.31901214830063557
10,Nicole Scherzinger,10,0.36156043675121496
11,Audrina Patridge,1,0.08434121051845886
11,Brandy,1,0.11766319721769831
11,Bristol Palin,1,0.07544906504400035
11,David Hasselhoff,1,0.05010949795117532
11,Florence Henderson,1,0.07357617509341009
11,Jennifer Grey,1,0.12988933723701443
11,Kurt Warner,1,0.0827803370955414
11,Kyle Massey,1,0.11837249216194796
11,Margaret Cho,1,0.052195442540070365
11,Michael Bolton,1,0.05499264331525362
11,Rick Fox,1,0.10834955189116041
11,The Situation,1,0.05228104993426869
11,Audrina Patridge,2,0.11543053163884683
11,Brandy,2,0.10057067527637946
11,Bristol Palin,2,0.10106365067577981
11,Florence Henderson,2,0.07924842583577436
11,Jennifer Grey,2,0.1269392680375094
11,Kurt Warner,2,0.09663268052492101
11,Kyle Massey,2,0.10766246717713733
11,Margaret Cho,2,0.06924070425239394
11,Michael Bolton,2,0.033314948143952
11,Rick Fox,2,0.09954542229546602
11,The Situation,2,0.07035122614183989
11,Audrina Patridge,3,0.13528893216813914
11,Brandy,3,0.11821146637192989
11,Bristol Palin,3,0.0747163268860661
11,Florence Henderson,3,0.08092857070854355
11,Jennifer Grey,3,0.12365765413667389
11,Kurt Warner,3,0.10386611745753134
11,Kyle Massey,3,0.10697107055215352
11,Margaret Cho,3,0.06490792835496743
11,Rick Fox,3,0.11409358109014248
11,The Situation,3,0.0773583522738528
11,Audrina Patridge,4,0.14111351753658147
11,Brandy,4,0.15406316834789985
11,Bristol Palin,4,0.07051454165326002
11,Florence Henderson,4,0.08416197585776711
11,Jennifer Grey,4,0.19846311831283003
11,Kurt Warner,4,0.0838289884008097
11,Kyle Massey,4,0.107233775251586
11,Rick Fox,4,0.10624085482716775
11,The Situation,4,0.05438005981209803
11,Audrina Patridge,5,0.12978931633486493
11,Brandy,5,0.17451497226569174
11,Bristol Palin,5,0.08005938375918958
11,Florence Henderson,5,0.10161792159483019
11,Jennifer Grey,5,0.15163181656587427
11,Kurt Warner,5,0.12749445742910293
11,Kyle Massey,5,0.09977432906736709
11,Rick Fox,5,0.1351178029830791
11,Audrina Patridge,6,0.15894122613701903
11,Brandy,6,0.2035748821313383
11,Bristol Palin,6,0.12336616730012062
11,Jennifer Grey,6,0.1401966204687997
11,Kurt Warner,6,0.08722088246445185
11,Kyle Massey,6,0.1418085959323466
11,Rick Fox,6,0.1448916255659239
11,Brandy,7,0.189457330759084
11,Bristol Palin,7,0.14545289217607374
11,Jennifer Grey,7,0.18457339057766645
11,Kurt Warner,7,0.16109675194620743
11,Kyle Massey,7,0.159532566243078
11,Rick Fox,7,0.15988706829789037
11,Brandy,8,0.22790784826854393
11,Bristol Palin,8,0.16079485568423518
11,Jennifer Grey,8,0.2311674090017242
11,Kurt Warner,8,0.15959817160032885
11,Kyle Massey,8,0.22053171544516798
11,Brandy,9,0.24002088260178228
11,Bristol Palin,9,0.21691573254311217
11,Jennifer Grey,9,0.282191989067963
11,Kyle Massey,9,0.2608713957871426
11,Bristol Palin,10,0.2867296275404673
11,Jennifer Grey,10,0.38771681417862336
11,Kyle Massey,10,0.32555355828090937
12,Chelsea Kane,1,0.1072396059474678
12,Chris Jericho,1,0.09246214736759585
12,Hines Ward,1,0.11121213623387839
12,Kendra Wilkinson,1,0.08128615257319871
12,Kirstie Alley,1,0.12854869564618426
12,Mike Catherwood,1,0.043988671326828106
12,Petra Nemcova,1,0.08077424593645219
12,Ralph Macchio,1,0.1400369495876911
12,Romeo,1,0.09242075903246368
12,Sugar Ray Leonard,1,0.07184948096483168
12,Wendy Williams,1,0.05018115538340816
12,Chelsea Kane,2,0.08051898161516229
12,Chris Jericho,2,0.11789160835657228
12,Hines Ward,2,0.12273718398290394
12,Kendra Wilkinson,2,0.08536339281688891
12,Kirstie Alley,2,0.09572799297586104
12,Mike Catherwood,2,0.06391002967581187
12,Petra Nemcova,2,0.07948812721030636
12,Ralph Macchio,2,0.10484305747696816
12,Romeo,2,0.11712110551114426
12,Sugar Ray Leonard,2,0.06872389454730929
12,Wendy Williams,2,0.0636746258310716
12,Chelsea Kane,3,0.11329082201304157
12,Chris Jericho,3,0.09825515636123808
12,Hines Ward,3,0.1336369621387702
12,Kendra Wilkinson,3,0.1077551944552885
12,Kirstie Alley,3,0.09573034188896629
12,Petra Nemcova,3,0.1277397477294541
12,Ralph Macchio,3,0.09840702240014168
12,Romeo,3,0.0906735414903991
12,Sugar Ray Leonard,3,0.08519978563777053
12,Wendy Williams,3,0.049311425884929976
12,Chelsea Kane,4,0.13963888063349816
12,Chris Jericho,4,0.11199836129874073
12,Hines Ward,4,0.13308147999866818
12,Kendra Wilkinson,4,0.07343889533151755
12,Kirstie Alley,4,0.10201679218730081
12,Petra Nemcova,4,0.11132673054995187
12,Ralph Macchio,4,0.1259885835147043
12,Romeo,4,0.11176807633212162
12,Sugar Ray Leonard,4,0.09074220015349665
12,Chelsea Kane,5,0.1446940789611743
12,Chris Jericho,5,0.136699268571703
12,Hines Ward,5,0.15276124810390682
12,Kendra Wilkinson,5,0.10233999423663563
12,Kirstie Alley,5,0.11360572595413077
12,Petra Nemcova,5,0.1017044950713771
12,Ralph Macchio,5,0.10605100100320863
12,Romeo,5,0.14214418809786383
12,Chelsea Kane,6,0.16736097448499587
12,Chris Jericho,6,0.1051349580802987
12,Hines Ward,6,0.15879579582805484
12,Kendra Wilkinson,6,0.13318650778472468
12,Kirstie Alley,6,0.14358497666669987
12,Ralph Macchio,6,0.12666550255294068
12,Romeo,6,0.1652712846022854
12,Chelsea Kane,7,0.17693314853867512
12,Hines Ward,7,0.1842281576017053
12,Kendra Wilkinson,7,0.1516908934505463
12,Kirstie Alley,7,0.15519902794558815
12,Ralph Macchio,7,0.17610835820911167
12,Romeo,7,0.15584041425437353
12,Chelsea Kane,8,0.23108791037311704
12,Hines Ward,8,0.2166771034206081
12,Kirstie Alley,8,0.20367050728447733
12,Ralph Macchio,8,0.1576344583918622
12,Romeo,8,0.19093002052993535
12,Chelsea Kane,9,0.36443460269164835
12,Hines Ward,9,0.26078604559515856
12,Kirstie Alley,9,0.2156176282023955
12,Ralph Macchio,9,0.15916172351079755
12,Chelsea Kane,10,0.3519390480659506
12,Hines Ward,10,0.3432162623957528
12,Kirstie Alley,10,0.30484468953829674
13,Carson Kressley,1,0.07192421505508603
13,Chaz Bono,1,0.0710372100102366
13,Chynna Phillips,1,0.11864259787632371
13,David Arquette,1,0.07996549599866182
13,Elisabetta Canalis,1,0.05886348134710705
13,Hope Solo,1,0.10722244214121937
13,J.R. Martinez,1,0.11950353491974389
13,Kristin Cavallari,1,0.0911935751617214
13,Metta World Peace (Ron),1,0.048201181112777235
13,Nancy Grace,1,0.06606983332260923
13,Ricki Lake,1,0.1011370094763852
13,Rob Kardashian,1,0.06623942357812851
13,Carson Kressley,2,0.07257844157973328
13,Chaz Bono,2,0.0635290891842283
13,Chynna Phillips,2,0.09979369589289093
13,David Arquette,2,0.07392491651913682
13,Elisabetta Canalis,2,0.09202304893552596
13,Hope Solo,2,0.08295149000725346
13,J.R. Martinez,2,0.10823385466902197
13,Kristin Cavallari,2,0.10429351981572517
13,Nancy Grace,2,0.09240504041583084
13,Ricki Lake,2,0.11587967547685434
13,Rob Kardashian,2,0.09438722750379898
13,Carson Kressley,3,0.09049094856677634
13,Chaz Bono,3,0.06002945568797833
13,Chynna Phillips,3,0.1149276468550937
13,David Arquette,3,0.09985133044083576
13,Hope Solo,3,0.10125931961655012
13,J.R. Martinez,3,0.11997759890369432
13,Kristin Cavallari,3,0.10073430083226126
13,Nancy Grace,3,0.0799339137954052
13,Ricki Lake,3,0.13047602653550142
13,Rob Kardashian,3,0.10231945876590354
13,Carson Kressley,4,0.08206077759325087
13,Chaz Bono,4,0.08789226481246475
13,Chynna Phillips,4,0.09090104102886051
13,David Arquette,4,0.10958119599954663
13,Hope Solo,4,0.11682182664834774
13,J.R. Martinez,4,0.13939527351721717
13,Nancy Grace,4,0.09071697029367852
13,Ricki Lake,4,0.1648355097428984
13,Rob Kardashian,4,0.11779514036373538
13,Carson Kressley,5,0.07999133894225754
13,Chaz Bono,5,0.09714937945101343
13,David Arquette,5,0.13703551757696944
13,Hope Solo,5,0.12612811032580223
13,J.R. Martinez,5,0.1751476450770054
13,Nancy Grace,5,0.10970125333406408
13,Ricki Lake,5,0.1377509256957726
13,Rob Kardashian,5,0.13709582959711536
13,Chaz Bono,6,0.0891111465680084
13,David Arquette,6,0.13338757248163333
13,Hope Solo,6,0.10689270341506882
13,J.R. Martinez,6,0.20280570667790085
13,Nancy Grace,6,0.1396571019747593
13,Ricki Lake,6,0.2019287889475402
13,Rob Kardashian,6,0.12621697993508899
13,David Arquette,7,0.14893309354946566
13,Hope Solo,7,0.16977507400695283
13,J.R. Martinez,7,0.1710876170671367
13,Nancy Grace,7,0.1352533472237913
13,Ricki Lake,7,0.19706603979461249
13,Rob Kardashian,7,0.17788482835804115
13,Hope Solo,8,0.19481455366327735
13,J.R. Martinez,8,0.2557969494595025
13,Nancy Grace,8,0.13974314871503535
13,Ricki Lake,8,0.20942487057374057
13,Rob Kardashian,8,0.20022047758844427
13,Hope Solo,9,0.16602058416431334
13,J.R. Martinez,9,0.2323543648635443
13,Ricki Lake,9,0.30862779257133544
13,Rob Kardashian,9,0.29299725840080687
13,J.R. Martinez,10,0.3292832174700679
13,Ricki Lake,10,0.33241648288452486
13,Rob Kardashian,10,0.3383002996454073
14,Donald Driver,1,0.07381273687151113
14,Gavin DeGraw,1,0.06596543996265213
14,Gladys Knight,1,0.08401654082617424
14,Jack Wagner,1,0.08521050713009855
14,Jaleel White,1,0.10765339756319506
14,Katherine Jenkins,1,0.11048941208259404
14,Maria Menounos,1,0.07438200017016895
14,Martina Navratilova,1,0.06367070150651301
14,Melissa Gilbert,1,0.06543080121790272
14,Roshon Fegan,1,0.08819506088025708
14,Sherri Sheperd,1,0.08636692308930753
14,William Levy,1,0.09480647869962558
14,Donald Driver,2,0.09232464178541624
14,Gavin DeGraw,2,0.07198482023167314
14,Gladys Knight,2,0.06219741334761961
14,Jack Wagner,2,0.0733891872608475
14,Jaleel White,2,0.08167583253120497
14,Katherine Jenkins,2,0.11073561917783994
14,Maria Menounos,2,0.09951878221283186
14,Martina Navratilova,2,0.047916123830630326
14,Melissa Gilbert,2,0.06625840760917968
14,Roshon Fegan,2,0.10660705621937626
14,Sherri Sheperd,2,0.08566508400864861
14,William Levy,2,0.10172703178473193
14,Donald Driver,3,0.09698051003332925
14,Gavin DeGraw,3,0.08058510637427754
14,Gladys Knight,3,0.07824374655288292
14,Jack Wagner,3,0.07893063730220624
14,Jaleel White,3,0.0869146258208947
14,Katherine Jenkins,3,0.1160955850206477
14,Maria Menounos,3,0.1032043068116236
14,Melissa Gilbert,3,0.07972937137914606
14,Roshon Fegan,3,0.09131019453406755
14,Sherri Sheperd,3,0.08065015381785044
14,William Levy,3,0.10735576235307404
14,Donald Driver,4,0.12992068907980664
14,Gavin DeGraw,4,0.09245546399041682
14,Gladys Knight,4,0.07437908939102311
14,Jaleel White,4,0.08976831133225496
14,Katherine Jenkins,4,0.10963109350392848
14,Maria Menounos,4,0.1222210992220088
14,Melissa Gilbert,4,0.08709269958615849
14,Roshon Fegan,4,0.12039778294629812
14,Sherri Sheperd,4,0.07978823520186754
14,William Levy,4,0.09434553574623715
14,Donald Driver,5,0.1296154576312152
14,Gavin DeGraw,5,0.06534825644514232
14,Gladys Knight,5,0.08303948019867832
14,Jaleel White,5,0.10500878195363222
14,Katherine Jenkins,5,0.14752651434643924
14,Maria Menounos,5,0.1268120491237391
14,Melissa Gilbert,5,0.08090103344921992
14,Roshon Fegan,5,0.11756225652825228
14,William Levy,5,0.1441861703236814
14,Donald Driver,6,0.13663050172375024
14,Gladys Knight,6,0.06833035838796243
14,Jaleel White,6,0.15400375413962805
14,Katherine Jenkins,6,0.17442695061155536
14,Maria Menounos,6,0.11217240771464135
14,Melissa Gilbert,6,0.1047419304242823
14,Roshon Fegan,6,0.09795151491276109
14,William Levy,6,0.15174258208541916
14,Donald Driver,7,0.14682862866479268
14,Jaleel White,7,0.13387634342623939
14,Katherine Jenkins,7,0.15441419304834694
14,Maria Menounos,7,0.16275504734073332
14,Melissa Gilbert,7,0.11504160154476431
14,Roshon Fegan,7,0.13812415178611853
14,William Levy,7,0.14896003418900483
14,Donald Driver,8,0.17420824868496726
14,Katherine Jenkins,8,0.1742782408924032
14,Maria Menounos,8,0.16524737296029854
14,Melissa Gilbert,8,0.13605477906331667
14,Roshon Fegan,8,0.16452717248435353
14,William Levy,8,0.1856841859146608
14,Donald Driver,9,0.2495862390546562
14,Katherine Jenkins,9,0.2429149694516725
14,Maria Menounos,9,0.24961349013426262
14,William Levy,9,0.2578853013594085
14,Donald Driver,10,0.3310259320741707
14,Katherine Jenkins,10,0.3372055033153075
14,William Levy,10,0.33176856461052184
15,Apolo Anton Ohno,1,0.08235654844224632
15,Bristol Palin,1,0.06273524679884296
15,Drew Lachey,1,0.07775951735492677
15,Emmitt Smith,1,0.09903006645518725
15,Gilles Marini,1,0.09722152391393028
15,Helio Castroneves,1,0.07811392600713545
15,Joey Fatone,1,0.07120238600174217
15,Kelly Monaco,1,0.0776587020109936
15,Kirstie Alley,1,0.06132442238791366
15,Melissa Rycroft,1,0.0751979153689148
15,Pamela Anderson,1,0.04799855289506652
15,Sabrina Bryan,1,0.08669169498383404
15,Shawn Johnson,1,0.08270949737926624
15,Apolo Anton Ohno,2,0.09264444783034216
15,Bristol Palin,2,0.05306825686286287
15,Drew Lachey,2,0.07888382845415384
15,Emmitt Smith,2,0.08137895275313407
15,Gilles Marini,2,0.10061011267545088
15,Helio Castroneves,2,0.08270647074815939
15,Joey Fatone,2,0.07763978969755615
15,Kelly Monaco,2,0.0778098010155983
15,Kirstie Alley,2,0.06909015770873
15,Melissa Rycroft,2,0.08662332379239428
15,Sabrina Bryan,2,0.10290815261598553
15,Shawn Johnson,2,0.09663670584563255
15,Apolo Anton Ohno,3,0.0930240382611429
15,Bristol Palin,3,0.07107437569400163
15,Drew Lachey,3,0.07941124767368103
15,Emmitt Smith,3,0.08970155764420647
15,Gilles Marini,3,0.09587497791759195
15,Helio Castroneves,3,0.08917946967329464
15,Kelly Monaco,3,0.10232414686799922
15,Kirstie Alley,3,0.0801988836465228
15,Melissa Rycroft,3,0.10303874760828652
15,Sabrina Bryan,3,0.0943286497133752
15,Shawn Johnson,3,0.10184390529989758
15,Apolo Anton Ohno,4,0.10509359616027064
15,Bristol Palin,4,0.0869376298798044
15,Emmitt Smith,4,0.11220607952584231
15,Gilles Marini,4,0.13204328433978005
15,Kelly Monaco,4,0.11981689619932821
15,Kirstie Alley,4,0.08138021790303954
15,Melissa Rycroft,4,0.11896240436105865
15,Sabrina Bryan,4,0.11094470426814855
15,Shawn Johnson,4,0.13261518736272762
15,Apolo Anton Ohno,5,0.12871064525277462
15,Emmitt Smith,5,0.12529395208491567
15,Gilles Marini,5,0.12938151456904265
15,Kelly Monaco,5,0.10981412431488397
15,Kirstie Alley,5,0.1100566313322376
15,Melissa Rycroft,5,0.12987885597447144
15,Sabrina Bryan,5,0.13689805800966345
15,Shawn Johnson,5,0.12996621846201056
15,Apolo Anton Ohno,6,0.13781590369776275
15,Emmitt Smith,6,0.11242796401108077
15,Gilles Marini,6,0.11930278849502926
15,Kelly Monaco,6,0.11549647262839656
15,Kirstie Alley,6,0.11437327522723853
15,Melissa Rycroft,6,0.13774492975601826
15,Sabrina Bryan,6,0.13723163835489155
15,Shawn Johnson,6,0.12560702782958225
15,Apolo Anton Ohno,7,0.13307704360993147
15,Emmitt Smith,7,0.14084544520674833
15,Gilles Marini,7,0.1342247236345969
15,Kelly Monaco,7,0.15126546795583265
15,Kirstie Alley,7,0.09715080796867213
15,Melissa Rycroft,7,0.1768539447214381
15,Shawn Johnson,7,0.16658256690278053
15,Apolo Anton Ohno,8,0.15095782680409028
15,Emmitt Smith,8,0.14794648741304675
15,Gilles Marini,8,0.142124278019933
15,Kelly Monaco,8,0.1448691053909614
15,Kirstie Alley,8,0.10660307304068838
15,Melissa Rycroft,8,0.16325994946884592
15,Shawn Johnson,8,0.14423927986243446
15,Apolo Anton Ohno,9,0.19115919762748412
15,Emmitt Smith,9,0.1711671688549717
15,Kelly Monaco,9,0.1956198514522229
15,Melissa Rycroft,9,0.2176758227275354
15,Shawn Johnson,9,0.22437795933778573
15,Kelly Monaco,10,0.3314323882861544
15,Melissa Rycroft,10,0.3380439272128581
15,Shawn Johnson,10,0.3305236845009876
16,Alexandra Raisman,1,0.09998328071819765
16,Andy Dick,1,0.06579229424171058
16,D. L. Hughley,1,0.033640700709969246
16,Dorothy Hamill,1,0.0933784393827909
16,Ingo Rademacher,1,0.08877180303036443
16,Jacoby Jones,1,0.09099786687896061
16,Kellie Pickler,1,0.10147095714434562
16,Lisa Vanderpump,1,0.07199329182764903
16,Sean Lowe,1,0.08077013911401756
16,Victor Ortiz,1,0.07209235655445706
16,Wynonna Judd,1,0.07166066467950234
16,Zendaya,1,0.12944820571803498
16,Alexandra Raisman,2,0.11100330048565366
16,Andy Dick,2,0.07587066831596351
16,D. L. Hughley,2,0.0485061985744871
16,Dorothy Hamill,2,0.047088706870885635
16,Ingo Rademacher,2,0.0796310989069994
16,Jacoby Jones,2,0.104331792646008
16,Kellie Pickler,2,0.12876837129577226
16,Lisa Vanderpump,2,0.06539371488687878
16,Sean Lowe,2,0.0788487773459407
16,Victor Ortiz,2,0.0664812554249222
16,Wynonna Judd,2,0.06206086356750582
16,Zendaya,2,0.13201525167898298
16,Alexandra Raisman,3,0.10625054663236021
16,Andy Dick,3,0.06554336471256172
16,D. L. Hughley,3,0.052042743851671784
16,Ingo Rademacher,3,0.08641700696202752
16,Jacoby Jones,3,0.12758700307959447
16,Kellie Pickler,3,0.12289800269988456
16,Lisa Vanderpump,3,0.08192425752966816
16,Sean Lowe,3,0.08470181569330451
16,Victor Ortiz,3,0.09622448753072368
16,Wynonna Judd,3,0.04479525480151826
16,Zendaya,3,0.131615516506685
16,Alexandra Raisman,4,0.13831682357199576
16,Andy Dick,4,0.08288153915319771
16,D. L. Hughley,4,0.08130094637537409
16,Ingo Rademacher,4,0.10099755905229411
16,Jacoby Jones,4,0.11551932087591543
16,Kellie Pickler,4,0.13274550032096247
16,Lisa Vanderpump,4,0.06417226515047833
16,Sean Lowe,4,0.08152887037273618
16,Victor Ortiz,4,0.06763359812858326
16,Zendaya,4,0.1349035769984625
16,Alexandra Raisman,5,0.12904460337243198
16,Andy Dick,5,0.06896243040286598
16,D. L. Hughley,5,0.065863713748035
16,Ingo Rademacher,5,0.09197310508597047
16,Jacoby Jones,5,0.13265407998130266
16,Kellie Pickler,5,0.1468942327564979
16,Sean Lowe,5,0.11308936140364369
16,Victor Ortiz,5,0.08686796225714785
16,Zendaya,5,0.1646505109921045
16,Alexandra Raisman,6,0.15328402605934516
16,Andy Dick,6,0.09591274822110958
16,Ingo Rademacher,6,0.11659072525472078
16,Jacoby Jones,6,0.11727888972532952
16,Kellie Pickler,6,0.16213878926545144
16,Sean Lowe,6,0.11738432822514816
16,Victor Ortiz,6,0.08772723048615372
16,Zendaya,6,0.14968326276274152
16,Alexandra Raisman,7,0.20080807137059206
16,Andy Dick,7,0.06032453349427048
16,Ingo Rademacher,7,0.12649505067135963
16,Jacoby Jones,7,0.14624774081602845
16,Kellie Pickler,7,0.17027796266491124
16,Sean Lowe,7,0.11528005995059942
16,Zendaya,7,0.1805665810322387
16,Alexandra Raisman,8,0.19494526608068066
16,Ingo Rademacher,8,0.1411233680388007
16,Jacoby Jones,8,0.16805554411969778
16,Kellie Pickler,8,0.18635602756855396
16,Sean Lowe,8,0.10652853614690126
16,Zendaya,8,0.2029912580453657
16,Alexandra Raisman,9,0.2185406817696474
16,Ingo Rademacher,9,0.15723374142495997
16,Jacoby Jones,9,0.21492180617075238
16,Kellie Pickler,9,0.21301391502477315
16,Zendaya,9,0.19628985560986714
16,Alexandra Raisman,10,0.2466657368759287
16,Jacoby Jones,10,0.2311725488498333
16,Kellie Pickler,10,0.26185193888019315
16,Zendaya,10,0.2603097753940449
17,Amber Riley,1,0.12725374716179108
17,Bill Engvall,1,0.05928003468695613
17,Bill Nye,1,0.03604078427398133
17,Brant Daugherty,1,0.08682789631441765
17,Christina Milian,1,0.08793654729726419
17,Corbin Bleu,1,0.10373559795015531
17,Elizabeth Berkley Lauren,1,0.10305260846361973
17,Jack Osbourne,1,0.09453860388844194
17,Keyshawn Johnson,1,0.05174884123555877
17,Leah Remini,1,0.0801561836899466
17,"Nicole ""Snooki"" Polizzi",1,0.092284809270267
17,Valerie Harper,1,0.07714434576760017
17,Amber Riley,2,0.09843817085378555
17,Bill Engvall,2,0.07355536255089458
17,Bill Nye,2,0.04648701721925646
17,Brant Daugherty,2,0.09000779344662833
17,Christina Milian,2,0.10318409454666921
17,Corbin Bleu,2,0.11186495992370063
17,Elizabeth Berkley Lauren,2,0.10402823046902217
17,Jack Osbourne,2,0.09456837666198571
17,Keyshawn Johnson,2,0.052906133815967905
17,Leah Remini,2,0.09441954758285549
17,"Nicole ""Snooki"" Polizzi",2,0.07111466089527553
17,Valerie Harper,2,0.05942565203395836
17,Amber Riley,3,0.09798264218937705
17,Bill Engvall,3,0.09211063120580887
17,Bill Nye,3,0.042325870503517
17,Brant Daugherty,3,0.11462012473093716
17,Christina Milian,3,0.11047870243975301
17,Corbin Bleu,3,0.11316250523606029
17,Elizabeth Berkley Lauren,3,0.10532351218111086
17,Jack Osbourne,3,0.0829315233240208
17,Leah Remini,3,0.09563616723118254
17,"Nicole ""Snooki"" Polizzi",3,0.10060170947709142
17,Valerie Harper,3,0.04482661148114108
17,Amber Riley,4,0.12424007576397456
17,Bill Engvall,4,0.07977426653840064
17,Brant Daugherty,4,0.08329075226434651
17,Christina Milian,4,0.10373906599875271
17,Corbin Bleu,4,0.12663112122144413
17,Elizabeth Berkley Lauren,4,0.12485940780304945
17,Jack Osbourne,4,0.10089988112311783
17,Leah Remini,4,0.09900072354155329
17,"Nicole ""Snooki"" Polizzi",4,0.1025097519637614
17,Valerie Harper,4,0.055054953781599476
17,Amber Riley,5,0.11360500642886506
17,Bill Engvall,5,0.0913992050666433
17,Brant Daugherty,5,0.11672606363695145
17,Christina Milian,5,0.12313569183364512
17,Corbin Bleu,5,0.1254304919155329
17,Elizabeth Berkley Lauren,5,0.11353790851006385
17,Jack Osbourne,5,0.11581145989810004
17,Leah Remini,5,0.08262457908271187
17,"Nicole ""Snooki"" Polizzi",5,0.1177295936274863
17,Amber Riley,6,0.1494963901139883
17,Bill Engvall,6,0.0886196115837334
17,Brant Daugherty,6,0.14117797244538943
17,Corbin Bleu,6,0.1135692129877411
17,Elizabeth Berkley Lauren,6,0.1475399810252801
17,Jack Osbourne,6,0.1122273763965332
17,Leah Remini,6,0.11492758726458575
17,"Nicole ""Snooki"" Polizzi",6,0.13244186818274867
17,Amber Riley,7,0.14185049434091376
17,Bill Engvall,7,0.09986091833233886
17,Brant Daugherty,7,0.13209113511428908
17,Corbin Bleu,7,0.14050256535896516
17,Elizabeth Berkley Lauren,7,0.12024131689412743
17,Jack Osbourne,7,0.13230575353776425
17,Leah Remini,7,0.11604602216692123
17,"Nicole ""Snooki"" Polizzi",7,0.11710179425468016
17,Amber Riley,8,0.1487449157044843
17,Bill Engvall,8,0.10815726000922128
17,Brant Daugherty,8,0.13506922911530364
17,Corbin Bleu,8,0.17023850360557957
17,Elizabeth Berkley Lauren,8,0.12301436767139894
17,Jack Osbourne,8,0.1674037357076539
17,Leah Remini,8,0.1473719881863583
17,Amber Riley,9,0.1627032968360996
17,Bill Engvall,9,0.10901806233566295
17,Corbin Bleu,9,0.20138855894681587
17,Elizabeth Berkley Lauren,9,0.17851773309821795
17,Jack Osbourne,9,0.17666095792528816
17,Leah Remini,9,0.17171139085791548
17,Amber Riley,10,0.2496205071674571
17,Bill Engvall,10,0.14747364206199157
17,Corbin Bleu,10,0.22968200227311414
17,Jack Osbourne,10,0.20539403679498436
17,Leah Remini,10,0.16782981170245273
17,Amber Riley,11,0.2972695664646834
17,Bill Engvall,11,0.19652773295889264
17,Corbin Bleu,11,0.2674462628756894
17,Jack Osbourne,11,0.23875643770073451
18,Amy Purdy,1,0.09899216705521374
18,Billy Dee Williams,1,0.038067236287701804
18,Candace Cameron Bure,1,0.10435271893853093
18,Charlie White,1,0.12366720552601944
18,Cody Simpson,1,0.08317652671334891
18,Danica McKellar,1,0.09899982486040013
18,Diana Nyad,1,0.05461961562463571
18,Drew Carey,1,0.07565592516627082
18,James Maslow,1,0.07821881182456358
18,Meryl Davis,1,0.09976435094610529
18,NeNe Leakes,1,0.07558811949744339
18,Sean Avery,1,0.06889749755976604
18,Amy Purdy,2,0.10540853974855659
18,Billy Dee Williams,2,0.03931193712259801
18,Candace Cameron Bure,2,0.08267973876461707
18,Charlie White,2,0.11481221079755861
18,Cody Simpson,2,0.08932584971194935
18,Danica McKellar,2,0.10530678653132011
18,Drew Carey,2,0.07989271544344757
18,James Maslow,2,0.1109935881235726
18,Meryl Davis,2,0.114612637581339
18,NeNe Leakes,2,0.0803733823787112
18,Sean Avery,2,0.07728261379632996
18,Amy Purdy,3,0.11953892492002485
18,Candace Cameron Bure,3,0.09372589239040291
18,Charlie White,3,0.11973483964899448
18,Cody Simpson,3,0.11114363475722332
18,Danica McKellar,3,0.1186403974319233
18,Drew Carey,3,0.08590308896349928
18,James Maslow,3,0.12058438163888287
18,Meryl Davis,3,0.1403058906114673
18,NeNe Leakes,3,0.0904229496375816
18,Amy Purdy,4,0.11768102230815462
18,Candace Cameron Bure,4,0.08231426498159146
18,Charlie White,4,0.11188144620249792
18,Cody Simpson,4,0.09861669028618641
18,Danica McKellar,4,0.10701945962667518
18,Drew Carey,4,0.10464069728618328
18,James Maslow,4,0.12481382014212422
18,Meryl Davis,4,0.1498971770874308
18,NeNe Leakes,4,0.10313542207915619
18,Amy Purdy,5,0.1192707511348694
18,Candace Cameron Bure,5,0.10274561425761748
18,Charlie White,5,0.11770374904317908
18,Cody Simpson,5,0.09763906539700679
18,Danica McKellar,5,0.12826496387139869
18,Drew Carey,5,0.07198056868818958
18,James Maslow,5,0.1349368374152577
18,Meryl Davis,5,0.11748433686161253
18,NeNe Leakes,5,0.10997411333086869
18,Amy Purdy,6,0.14354346458140138
18,Candace Cameron Bure,6,0.10588273185874428
18,Charlie White,6,0.12982990292914873
18,Danica McKellar,6,0.1308394558841975
18,Drew Carey,6,0.09840547025486185
18,James Maslow,6,0.12468199433848737
18,Meryl Davis,6,0.15710723724874479
18,NeNe Leakes,6,0.10970974290441414
18,Amy Purdy,7,0.15544561314637972
18,Candace Cameron Bure,7,0.14603377439713897
18,Charlie White,7,0.14071415585107663
18,Danica McKellar,7,0.1424189833587375
18,James Maslow,7,0.13467596575649493
18,Meryl Davis,7,0.16447629366037034
18,NeNe Leakes,7,0.11623521382980183
18,Amy Purdy,8,0.18681676293121818
18,Candace Cameron Bure,8,0.15331674298853556
18,Charlie White,8,0.18386416796132085
18,Danica McKellar,8,0.16366220261374315
18,James Maslow,8,0.15423423061666877
18,Meryl Davis,8,0.15810589288851357
18,Amy Purdy,9,0.21166509186682808
18,Candace Cameron Bure,9,0.1781372354890483
18,Charlie White,9,0.19223812439927876
18,James Maslow,9,0.19920043022876652
18,Meryl Davis,9,0.21875911801607834
18,Amy Purdy,10,0.26624541553514625
18,Candace Cameron Bure,10,0.20688757427155732
18,James Maslow,10,0.2544217394108232
18,Meryl Davis,10,0.27244527078247327
19,Alfonso Ribeiro,1,0.11636315326342239
19,Antonio Sabato Jr.,1,0.05930589032043729
19,Bethany Mota,1,0.09439125313187181
19,Betsey Johnson,1,0.03894732640441575
19,Janel Parrish,1,0.07934262884508779
19,Jonathan Bennett,1,0.08226853637578384
19,Lea Thompson,1,0.09498934049229928
19,Lolo Jones,1,0.043786433081548025
19,Michael Waltrip,1,0.05670413588006736
19,Randy Couture,1,0.08626004315288151
19,Sadie Robertson,1,0.1041905658901452
19,Tavis Smiley,1,0.07629686832825605
19,Tommy Chong,1,0.06715382483378372
19,Alfonso Ribeiro,2,0.09473959546833188
19,Antonio Sabato Jr.,2,0.08356869311383393
19,Bethany Mota,2,0.10118207991747558
19,Betsey Johnson,2,0.06828721849752602
19,Janel Parrish,2,0.10510393763252208
19,Jonathan Bennett,2,0.08197969756977852
19,Lea Thompson,2,0.10780808598201098
19,Michael Waltrip,2,0.05367514455299109
19,Randy Couture,2,0.07113112887009612
19,Sadie Robertson,2,0.08888519475604703
19,Tavis Smiley,2,0.07088096620398802
19,Tommy Chong,2,0.07275825743539875
19,Alfonso Ribeiro,3,0.09410374118064382
19,Antonio Sabato Jr.,3,0.07470855130071744
19,Bethany Mota,3,0.13318502518314945
19,Betsey Johnson,3,0.07331022055434579
19,Janel Parrish,3,0.1351716573217183
19,Jonathan Bennett,3,0.0856743835643255
19,Lea Thompson,3,0.08989986628705822
19,Michael Waltrip,3,0.06626061674077684
19,Randy Couture,3,0.059325939297715576
19,Sadie Robertson,3,0.09238172796639348
19,Tommy Chong,3,0.09597827060315557
19,Alfonso Ribeiro,4,0.1464022489491651
19,Antonio Sabato Jr.,4,0.08076593097596428
19,Bethany Mota,4,0.10765684727532117
19,Betsey Johnson,4,0.07843136975511913
19,Janel Parrish,4,0.12496558880616941
19,Jonathan Bennett,4,0.058421264057777186
19,Lea Thompson,4,0.13946305386153318
19,Michael Waltrip,4,0.059364037149319086
19,Sadie Robertson,4,0.12904650025788353
19,Tommy Chong,4,0.07548315891174798
19,Alfonso Ribeiro,5,0.14621568335222904
19,Antonio Sabato Jr.,5,0.09608708833142915
19,Bethany Mota,5,0.12770362881360123
19,Janel Parrish,5,0.1342400639568754
19,Jonathan Bennett,5,0.07382804210980627
19,Lea Thompson,5,0.1418885762859871
19,Michael Waltrip,5,0.05422821225743137
19,Sadie Robertson,5,0.15701561070557582
19,Tommy Chong,5,0.06879309418706459
19,Alfonso Ribeiro,6,0.15480459307780092
19,Antonio Sabato Jr.,6,0.08331537053086145
19,Bethany Mota,6,0.13577131695024872
19,Janel Parrish,6,0.11599428494094413
19,Jonathan Bennett,6,0.10105420827887159
19,Lea Thompson,6,0.11109571026524304
19,Michael Waltrip,6,0.08866005410085688
19,Sadie Robertson,6,0.12800731973893448
19,Tommy Chong,6,0.08129714211623888
19,Alfonso Ribeiro,7,0.14275586059966147
19,Antonio Sabato Jr.,7,0.10026541498248552
19,Bethany Mota,7,0.16559005094100757
19,Janel Parrish,7,0.13740859399459476
19,Lea Thompson,7,0.14037571289510356
19,Michael Waltrip,7,0.09070388996610004
19,Sadie Robertson,7,0.1190466453664884
19,Tommy Chong,7,0.10385383125455862
19,Alfonso Ribeiro,8,0.18325248096551572
19,Bethany Mota,8,0.1766046458412752
19,Janel Parrish,8,0.19828200155192083
19,Lea Thompson,8,0.11870129265516663
19,Michael Waltrip,8,0.07013167867981383
19,Sadie Robertson,8,0.15782797116344371
19,Tommy Chong,8,0.09519992914286392
19,Alfonso Ribeiro,9,0.19272106155763546
19,Bethany Mota,9,0.18004241682098251
19,Janel Parrish,9,0.1950609422299131
19,Lea Thompson,9,0.15178411528983013
19,Sadie Robertson,9,0.17382769727407715
19,Tommy Chong,9,0.10656376682756166
19,Alfonso Ribeiro,10,0.2135135796322634
19,Bethany Mota,10,0.21520082355880746
19,Janel Parrish,10,0.22711778737367014
19,Sadie Robertson,10,0.2065946823519672
19,Tommy Chong,10,0.13757312708329184
19,Alfonso Ribeiro,11,0.26052060635325314
19,Bethany Mota,11,0.23746499466895404
19,Janel Parrish,11,0.2499681504077992
19,Sadie Robertson,11,0.2520462485699936
20,Charlotte McKinney,1,0.05733749340304452
20,Chris Soules,1,0.07600494009435464
20,Michael Sam,1,0.07892392344419814
20,Nastia Liukin,1,0.10625573122902766
20,Noah Galloway,1,0.07874707595222252
20,Patti LaBelle,1,0.0733482467544812
20,Redfoo,1,0.05952466904935294
20,Riker Lynch,1,0.11177864930085778
20,Robert Herjavec,1,0.09067295671804061
20,Rumer Willis,1,0.1185199627851094
20,Suzanne Somers,1,0.07347203493857545
20,Willow Shields,1,0.07541431633073506
20,Charlotte McKinney,2,0.06402782627726385
20,Chris Soules,2,0.048074529658195066
20,Michael Sam,2,0.07583472223961298
20,Nastia Liukin,2,0.11380030036387963
20,Noah Galloway,2,0.07373142926927832
20,Patti LaBelle,2,0.0744541906092989
20,Redfoo,2,0.08974500174622309
20,Riker Lynch,2,0.1032593969291106
20,Robert Herjavec,2,0.0788954624448671
20,Rumer Willis,2,0.1032744630838956
20,Suzanne Somers,2,0.07573417833859003
20,Willow Shields,2,0.09916849903978481
20,Charlotte McKinney,3,0.05407371293922793
20,Chris Soules,3,0.08143575291907687
20,Michael Sam,3,0.0660070710513231
20,Nastia Liukin,3,0.1260304642009513
20,Noah Galloway,3,0.09664727041198762
20,Patti LaBelle,3,0.05726246016805084
20,Riker Lynch,3,0.12401112352280512
20,Robert Herjavec,3,0.09248899154544962
20,Rumer Willis,3,0.1184107748568837
20,Suzanne Somers,3,0.06978242723985584
20,Willow Shields,3,0.1138499511443881
20,Chris Soules,4,0.07033226819237735
20,Michael Sam,4,0.08144156478015765
20,Nastia Liukin,4,0.12423628423172141
20,Noah Galloway,4,0.09520368397646554
20,Patti LaBelle,4,0.08159311958588342
20,Riker Lynch,4,0.11297854401748655
20,Robert Herjavec,4,0.10305600465430684
20,Rumer Willis,4,0.11853714148945632
20,Suzanne Somers,4,0.07391334187544338
20,Willow Shields,4,0.1387080471967016
20,Chris Soules,5,0.08173782594106072
20,Nastia Liukin,5,0.15344859120390486
20,Noah Galloway,5,0.08867831457294159
20,Patti LaBelle,5,0.08248384173640283
20,Riker Lynch,5,0.153119415403255
20,Robert Herjavec,5,0.0694670242672543
20,Rumer Willis,5,0.1591115587133033
20,Suzanne Somers,5,0.08385423062288067
20,Willow Shields,5,0.12809919753899685
20,Chris Soules,6,0.11720422325677823
20,Nastia Liukin,6,0.13828671427606354
20,Noah Galloway,6,0.11605895121359211
20,Patti LaBelle,6,0.11055284600262559
20,Riker Lynch,6,0.14542447994577143
20,Robert Herjavec,6,0.10750726951888057
20,Rumer Willis,6,0.13034451830660548
20,Willow Shields,6,0.13462099747968323
20,Chris Soules,7,0.10609148965297935
20,Nastia Liukin,7,0.17826554399474542
20,Noah Galloway,7,0.15028484227992384
20,Riker Lynch,7,0.15145596907082445
20,Robert Herjavec,7,0.10482534496379974
20,Rumer Willis,7,0.1508265678710925
20,Willow Shields,7,0.15825024216663475
20,Chris Soules,8,0.12732478752280788
20,Nastia Liukin,8,0.19609946837752104
20,Noah Galloway,8,0.14131141997117083
20,Riker Lynch,8,0.20380853316699246
20,Robert Herjavec,8,0.11989439845783452
20,Rumer Willis,8,0.21156139250367323
20,Nastia Liukin,9,0.24795298742610225
20,Noah Galloway,9,0.23293060406607008
20,Riker Lynch,9,0.26470070350849356
20,Rumer Willis,9,0.254415704999334
20,Noah Galloway,10,0.290545643695418
20,Riker Lynch,10,0.35521396450383497
20,Rumer Willis,10,0.3542403918007471
21,Alek Skarlatos,1,0.09546003443940905
21,Alexa PenaVega,1,0.09589141722151309
21,Andy Grammer,1,0.08716510263334153
21,Bindi Irwin,1,0.11305315725636825
21,Carlos PenaVega,1,0.10350719375992748
21,Chaka Khan,1,0.03379430132393244
21,Gary Busey,1,0.044814223510000493
21,Hayes Grier,1,0.08751677724339212
21,Kim Zolciak-Biermann,1,0.030554619693016816
21,Nick Carter,1,0.11224206071403896
21,Paula Deen,1,0.04557902909656588
21,Tamar Braxton,1,0.10489607240271727
21,Victor Espinoza,1,0.04552601070577668
21,Alek Skarlatos,2,0.090398429011067
21,Alexa PenaVega,2,0.09516790155463291
21,Andy Grammer,2,0.08446828337811767
21,Bindi Irwin,2,0.10186566953183693
21,Carlos PenaVega,2,0.09016684304657906
21,Chaka Khan,2,0.036843425759119496
21,Gary Busey,2,0.0478251686614873
21,Hayes Grier,2,0.08843114921370747
21,Kim Zolciak-Biermann,2,0.05414305107294075
21,Nick Carter,2,0.09341968433463338
21,Paula Deen,2,0.056146053669412194
21,Tamar Braxton,2,0.10519250678529053
21,Victor Espinoza,2,0.05593183398117526
21,Alek Skarlatos,3,0.1125274729161448
21,Alexa PenaVega,3,0.12941352977772175
21,Andy Grammer,3,0.08989540712662958
21,Bindi Irwin,3,0.11053898721147598
21,Carlos PenaVega,3,0.10226594588465604
21,Gary Busey,3,0.06368882865029044
21,Hayes Grier,3,0.09749737460102872
21,Nick Carter,3,0.1331461891994388
21,Paula Deen,3,0.04540357961987603
21,Tamar Braxton,3,0.11562268501273784
21,Alek Skarlatos,4,0.09998373910192206
21,Alexa PenaVega,4,0.08584180984591029
21,Andy Grammer,4,0.09478709960875442
21,Bindi Irwin,4,0.13461599559212134
21,Carlos PenaVega,4,0.11144537949580857
21,Gary Busey,4,0.04561167922096985
21,Hayes Grier,4,0.12143141985225797
21,Nick Carter,4,0.12741799781333468
21,Paula Deen,4,0.05598546929845905
21,Tamar Braxton,4,0.12287941017046175
21,Alek Skarlatos,5,0.08402833314980453
21,Alexa PenaVega,5,0.14396604094404086
21,Andy Grammer,5,0.12542955667299177
21,Bindi Irwin,5,0.13491391325256996
21,Carlos PenaVega,5,0.14429731105831092
21,Hayes Grier,5,0.09136261688715101
21,Nick Carter,5,0.1218937137639547
21,Paula Deen,5,0.06444105858753935
21,Tamar Braxton,5,0.08966745568363689
21,Alek Skarlatos,6,0.08302956891572354
21,Alexa PenaVega,6,0.08811428436429453
21,Andy Grammer,6,0.14021347194465567
21,Bindi Irwin,6,0.14210822070982912
21,Carlos PenaVega,6,0.13048131555346082
21,Hayes Grier,6,0.09392283165539643
21,Nick Carter,6,0.1339813055832482
21,Paula Deen,6,0.05176468730877135
21,Tamar Braxton,6,0.13638431396462047
21,Alek Skarlatos,7,0.1120130136545532
21,Alexa PenaVega,7,0.12149130667824175
21,Andy Grammer,7,0.12675355414878162
21,Bindi Irwin,7,0.1385704332195923
21,Carlos PenaVega,7,0.13030379783660453
21,Hayes Grier,7,0.1229617887416409
21,Nick Carter,7,0.12582347224917548
21,Tamar Braxton,7,0.12208263347141018
21,Alek Skarlatos,8,0.11804890077100075
21,Alexa PenaVega,8,0.13786087342133102
21,Andy Grammer,8,0.10659826596464872
21,Bindi Irwin,8,0.14915009147794064
21,Carlos PenaVega,8,0.15472399562382771
21,Nick Carter,8,0.19221637311588544
21,Tamar Braxton,8,0.14140149962536575
21,Alek Skarlatos,9,0.14766694902779376
21,Alexa PenaVega,9,0.1840447370691962
21,Bindi Irwin,9,0.20097783347277465
21,Carlos PenaVega,9,0.1692966361673536
21,Nick Carter,9,0.17193932113171173
21,Tamar Braxton,9,0.12607452313117
21,Alek Skarlatos,10,0.22965553265838023
21,Bindi Irwin,10,0.2794633882172723
21,Carlos PenaVega,10,0.27681360233243
21,Nick Carter,10,0.2140674767919175
21,Alek Skarlatos,11,0.2255134218410748
21,Bindi Irwin,11,0.2602745573923867
21,Carlos PenaVega,11,0.2600365835697008
21,Nick Carter,11,0.2541754371968376
22,Antonio Brown,1,0.09057337385650789
22,Doug Flutie,1,0.049563365191249265
22,Geraldo Rivera,1,0.035217457850263284
22,Ginger Zee,1,0.10871620871592647
22,Jodie Sweetin,1,0.08418431275573782
22,Kim Fields,1,0.08288056078593166
22,Marla Maples,1,0.09123199122882818
22,Mischa Barton,1,0.05289993066964035
22,Nyle DiMarco,1,0.10822744972048741
22,Paige VanZant,1,0.09414027015250187
22,Von Miller,1,0.09123401058407256
22,Wanya Morris,1,0.11113106848885324
22,Antonio Brown,2,0.07736811844276871
22,Doug Flutie,2,0.08005547333405143
22,Geraldo Rivera,2,0.03505545197385828
22,Ginger Zee,2,0.09367810209937479
22,Jodie Sweetin,2,0.09260711489742884
22,Kim Fields,2,0.07780112997620676
22,Marla Maples,2,0.08473439614190056
22,Mischa Barton,2,0.04869507993962977
22,Nyle DiMarco,2,0.08867468531776647
22,Paige VanZant,2,0.11743964303326179
22,Von Miller,2,0.08426392391762481
22,Wanya Morris,2,0.11962688092612785
22,Antonio Brown,3,0.08039283232936394
22,Doug Flutie,3,0.0760966636121665
22,Ginger Zee,3,0.08915885755510043
22,Jodie Sweetin,3,0.09950999645318775
22,Kim Fields,3,0.09295658213580925
22,Marla Maples,3,0.08466141353434475
22,Mischa Barton,3,0.060907475709994725
22,Nyle DiMarco,3,0.11807067195866564
22,Paige VanZant,3,0.10554423797189404
22,Von Miller,3,0.07977812892943052
22,Wanya Morris,3,0.1129231398100426
22,Antonio Brown,4,0.11233516358383794
22,Doug Flutie,4,0.05984422895800677
22,Ginger Zee,4,0.1219301020008417
22,Jodie Sweetin,4,0.07765695225802975
22,Kim Fields,4,0.0982441664589206
22,Marla Maples,4,0.07596811519043205
22,Nyle DiMarco,4,0.11582967706781473
22,Paige VanZant,4,0.12309601343794671
22,Von Miller,4,0.09763211448636619
22,Wanya Morris,4,0.11746346655780356
22,Antonio Brown,5,0.08554339324892687
22,Doug Flutie,5,0.08842395698601702
22,Ginger Zee,5,0.11934706939062764
22,Jodie Sweetin,5,0.13526704145354812
22,Kim Fields,5,0.09364600779902776
22,Nyle DiMarco,5,0.15297058176944117
22,Paige VanZant,5,0.11573271510555064
22,Von Miller,5,0.09923857990693401
22,Wanya Morris,5,0.10983065433992689
22,Antonio Brown,6,0.12161848980661022
22,Doug Flutie,6,0.07596162861157857
22,Ginger Zee,6,0.10357262820489234
22,Jodie Sweetin,6,0.11077449012393085
22,Kim Fields,6,0.09976773636216517
22,Nyle DiMarco,6,0.11364938048023478
22,Paige VanZant,6,0.13350933439168464
22,Von Miller,6,0.10025588970057438
22,Wanya Morris,6,0.14089042231832918
22,Antonio Brown,7,0.12040869802325269
22,Ginger Zee,7,0.13342541950198886
22,Jodie Sweetin,7,0.11793174674690872
22,Kim Fields,7,0.11200605251426807
22,Nyle DiMarco,7,0.13756582707140788
22,Paige VanZant,7,0.13436629113137974
22,Von Miller,7,0.11203968212655083
22,Wanya Morris,7,0.1322562828842432
22,Antonio Brown,8,0.15255087514972776
22,Ginger Zee,8,0.1860424351410139
22,Jodie Sweetin,8,0.17988903177543716
22,Nyle DiMarco,8,0.17667936015969352
22,Paige VanZant,8,0.16742789815861112
22,Wanya Morris,8,0.13741039961551638
22,Antonio Brown,9,0.17059306100216012
22,Ginger Zee,9,0.20152907014417548
22,Nyle DiMarco,9,0.20784919966618104
22,Paige VanZant,9,0.22038987818094655
22,Wanya Morris,9,0.19963879100653686
22,Ginger Zee,10,0.31871803092334333
22,Nyle DiMarco,10,0.3330514071974828
22,Paige VanZant,10,0.3482305618791739
23,Amber Rose,1,0.06717668340563278
23,Babyface,1,0.08045133806492973
23,Calvin Johnson Jr.,1,0.0798559428471894
23,Jake T. Austin,1,0.057121568600206445
23,James Hinchcliffe,1,0.11087948451063809
23,Jana Kramer,1,0.08580906931742868
23,Laurie Hernandez,1,0.11251626256152504
23,Marilu Henner,1,0.08494286009537808
23,Maureen McCormick,1,0.058136823487350275
23,Rick Perry,1,0.04728063766761492
23,Ryan Lochte,1,0.06714697566763055
23,Terra Jole,1,0.0755820458096719
23,Vanilla Ice,1,0.07310030796480405
23,Amber Rose,2,0.0609340529267251
23,Babyface,2,0.08993983373711907
23,Calvin Johnson Jr.,2,0.08318525196176203
23,Jake T. Austin,2,0.05867535018036843
23,James Hinchcliffe,2,0.08954452604766935
23,Jana Kramer,2,0.0859594392399852
23,Laurie Hernandez,2,0.10683174957772491
23,Marilu Henner,2,0.07694730191360435
23,Maureen McCormick,2,0.07008780062790877
23,Rick Perry,2,0.05028194870835388
23,Ryan Lochte,2,0.06089366265698156
23,Terra Jole,2,0.09735055656175137
23,Vanilla Ice,2,0.06936852586004585
23,Amber Rose,3,0.07121023598888233
23,Babyface,3,0.0701509504736403
23,Calvin Johnson Jr.,3,0.109920306013182
23,James Hinchcliffe,3,0.09656265382012286
23,Jana Kramer,3,0.07764497277394085
23,Laurie Hernandez,3,0.11039464090263196
23,Marilu Henner,3,0.08605529463518534
23,Maureen McCormick,3,0.08686246260546902
23,Rick Perry,3,0.05824453433620427
23,Ryan Lochte,3,0.07015880232746095
23,Terra Jole,3,0.10086763251301525
23,Vanilla Ice,3,0.06192751361026484
23,Amber Rose,4,0.0898237438159131
23,Babyface,4,0.051702583556840494
23,Calvin Johnson Jr.,4,0.08701419529885894
23,James Hinchcliffe,4,0.12349706045258955
23,Jana Kramer,4,0.08583234834330039
23,Laurie Hernandez,4,0.1370820266409795
23,Marilu Henner,4,0.07488052582333461
23,Maureen McCormick,4,0.09144280092615366
23,Ryan Lochte,4,0.077664170030169
23,Terra Jole,4,0.10098541120500507
23,Vanilla Ice,4,0.08007513390685579
23,Amber Rose,5,0.09623998537997516
23,Calvin Johnson Jr.,5,0.10050481551932067
23,James Hinchcliffe,5,0.14186723061729575
23,Jana Kramer,5,0.11604564798091756
23,Laurie Hernandez,5,0.11122005838916385
23,Marilu Henner,5,0.11958352403429093
23,Maureen McCormick,5,0.09803004168472595
23,Ryan Lochte,5,0.09648158473052108
23,Terra Jole,5,0.12002711166378903
23,Amber Rose,6,0.07520500505227738
23,Calvin Johnson Jr.,6,0.12857976916044916
23,James Hinchcliffe,6,0.13857903063719726
23,Jana Kramer,6,0.14693640849516784
23,Laurie Hernandez,6,0.12842215918965721
23,Marilu Henner,6,0.11014109795245058
23,Maureen McCormick,6,0.09321361032515375
23,Ryan Lochte,6,0.0882830752160747
23,Terra Jole,6,0.09063984397157207
23,Calvin Johnson Jr.,7,0.1434182868038225
23,James Hinchcliffe,7,0.1479140404169395
23,Jana Kramer,7,0.1291068253374466
23,Laurie Hernandez,7,0.12980093046329919
23,Marilu Henner,7,0.10647978970851767
23,Maureen McCormick,7,0.11089276072036092
23,Ryan Lochte,7,0.11208197794575307
23,Terra Jole,7,0.12030538860386067
23,Calvin Johnson Jr.,8,0.15298143139426432
23,James Hinchcliffe,8,0.19872299733237372
23,Jana Kramer,8,0.1537642529312488
23,Laurie Hernandez,8,0.18088245461741925
23,Marilu Henner,8,0.09553299135107363
23,Ryan Lochte,8,0.11321209209917053
23,Terra Jole,8,0.10490378027444974
23,Calvin Johnson Jr.,9,0.16098416161822182
23,James Hinchcliffe,9,0.15862552913520647
23,Jana Kramer,9,0.18436086977103902
23,Laurie Hernandez,9,0.1879298472380754
23,Marilu Henner,9,0.14279417171156567
23,Terra Jole,9,0.16530542052589164
23,Calvin Johnson Jr.,10,0.1863495359016934
23,James Hinchcliffe,10,0.2037922910352705
23,Jana Kramer,10,0.1967260563910696
23,Laurie Hernandez,10,0.21246461084086932
23,Terra Jole,10,0.20066750583109724
23,Calvin Johnson Jr.,11,0.2519245193997215
23,James Hinchcliffe,11,0.2616143904137458
23,Jana Kramer,11,0.21998190440515997
23,Laurie Hernandez,11,0.26647918578137286
24,Bonner Bolton,1,0.06356502606439232
24,Charo,1,0.057270063193332076
24,Chris Kattan,1,0.038104352492880696
24,David Ross,1,0.09857946528054158
24,Erika Jayne,1,0.07451424897644998
24,Heather Morris,1,0.10020017046557386
24,Mr. T,1,0.05133930380316417
24,Nancy Kerrigan,1,0.09918277160687565
24,Nick Viall,1,0.0732083617445901
24,Normani,1,0.09476425672457404
24,Rashad Jennings,1,0.12173186838921365
24,Simone Biles,1,0.12754011125841191
24,Bonner Bolton,2,0.08221218831296791
24,Charo,2,0.06695400392041247
24,Chris Kattan,2,0.051010868980831355
24,David Ross,2,0.08321680485250868
24,Erika Jayne,2,0.0840535511953399
24,Heather Morris,2,0.10043003167147291
24,Mr. T,2,0.05359259875474592
24,Nancy Kerrigan,2,0.08943690816489389
24,Nick Viall,2,0.06934154441354012
24,Normani,2,0.1118113716132282
24,Rashad Jennings,2,0.11131173609467489
24,Simone Biles,2,0.09662839202538381
24,Bonner Bolton,3,0.06658765616944788
24,Charo,3,0.06258560577718489
24,David Ross,3,0.10162619101210967
24,Erika Jayne,3,0.07535970299961697
24,Heather Morris,3,0.11683175705168446
24,Mr. T,3,0.06272563249850463
24,Nancy Kerrigan,3,0.11495900620103032
24,Nick Viall,3,0.07427618578209105
24,Normani,3,0.12261103490520428
24,Rashad Jennings,3,0.09121130308410619
24,Simone Biles,3,0.11122592451901969
24,Bonner Bolton,4,0.0925030816501661
24,David Ross,4,0.09010019104323251
24,Erika Jayne,4,0.08435955692081519
24,Heather Morris,4,0.11459058843221008
24,Mr. T,4,0.0715231822547587
24,Nancy Kerrigan,4,0.10452596548817056
24,Nick Viall,4,0.08524073459315844
24,Normani,4,0.10144372161446008
24,Rashad Jennings,4,0.13409434049155
24,Simone Biles,4,0.12161863751147836
24,Bonner Bolton,5,0.08890548250803862
24,David Ross,5,0.08370814821528089
24,Erika Jayne,5,0.09639886182034535
24,Heather Morris,5,0.1145247228658228
24,Nancy Kerrigan,5,0.12324660788821876
24,Nick Viall,5,0.10861497280628102
24,Normani,5,0.14285401452257318
24,Rashad Jennings,5,0.1043257888411543
24,Simone Biles,5,0.13742140053228508
24,Bonner Bolton,6,0.10696720786832063
24,David Ross,6,0.10444408043383602
24,Heather Morris,6,0.14510045688754966
24,Nancy Kerrigan,6,0.12408384534298444
24,Nick Viall,6,0.10395359706059752
24,Normani,6,0.14651896722236396
24,Rashad Jennings,6,0.13474586277761183
24,Simone Biles,6,0.13418598240673585
24,Bonner Bolton,7,0.10618136226866383
24,David Ross,7,0.11507100071252646
24,Nancy Kerrigan,7,0.13366213038485478
24,Nick Viall,7,0.11844664263844068
24,Normani,7,0.19266190922483453
24,Rashad Jennings,7,0.16765741676201648
24,Simone Biles,7,0.1663195380086633
24,Bonner Bolton,8,0.1333101507235652
24,David Ross,8,0.17293188361124762
24,Normani,8,0.25121776161896947
24,Rashad Jennings,8,0.22877646500728507
24,Simone Biles,8,0.21376373903893253
24,David Ross,9,0.21578700575281376
24,Normani,9,0.2582340248745102
24,Rashad Jennings,9,0.2625707557988965
24,Simone Biles,9,0.26340821357377947
24,David Ross,10,0.29781468942433037
24,Normani,10,0.34820031743350693
24,Rashad Jennings,10,0.3539849931421627
25,Barbara Corcoran,1,0.044214857612410605
25,Debbie Gibson,1,0.06520203876478775
25,Derek Fisher,1,0.07167082038981336
25,Drew Scott,1,0.05866849791447298
25,Frankie Muniz,1,0.08202798811938147
25,Jordan Fisher,1,0.10771338745272746
25,Lindsey Stirling,1,0.10680200079793896
25,Nick Lachey,1,0.0716914924068265
25,Nikki Bella,1,0.08739060974471055
25,Sasha Pieterse,1,0.07358701449965342
25,Terrell Owens,1,0.05166898869819372
25,Vanessa Lachey,1,0.09837773418873556
25,Victoria Arlen,1,0.08098456941034773
25,Barbara Corcoran,2,0.047703309670212586
25,Debbie Gibson,2,0.06981419217847251
25,Derek Fisher,2,0.06378511864645922
25,Drew Scott,2,0.07243393339116694
25,Frankie Muniz,2,0.09571903106561806
25,Jordan Fisher,2,0.10068090090549313
25,Lindsey Stirling,2,0.09147488439693467
25,Nick Lachey,2,0.06381277503323768
25,Nikki Bella,2,0.06781483612162399
25,Sasha Pieterse,2,0.08378563294379689
25,Terrell Owens,2,0.0649580276934205
25,Vanessa Lachey,2,0.09487936468867612
25,Victoria Arlen,2,0.08313799326488762
25,Derek Fisher,3,0.08000843665606577
25,Drew Scott,3,0.09504310598780254
25,Frankie Muniz,3,0.08332619536273239
25,Jordan Fisher,3,0.11504698346854184
25,Lindsey Stirling,3,0.128317172946361
25,Nick Lachey,3,0.07936261741086346
25,Nikki Bella,3,0.0811547795266907
25,Sasha Pieterse,3,0.069686188594398
25,Terrell Owens,3,0.08091231369023055
25,Vanessa Lachey,3,0.09669157176941497
25,Victoria Arlen,3,0.09045063458689875
25,Derek Fisher,4,0.0775868067440304
25,Drew Scott,4,0.08656400453661706
25,Frankie Muniz,4,0.08752434540837185
25,Jordan Fisher,4,0.12458203355463547
25,Lindsey Stirling,4,0.10359512623721197
25,Nick Lachey,4,0.07199005185082538
25,Nikki Bella,4,0.08659025142428206
25,Sasha Pieterse,4,0.08362841953337787
25,Terrell Owens,4,0.0854891708182774
25,Vanessa Lachey,4,0.08617748768551022
25,Victoria Arlen,4,0.10627230220686039
25,Drew Scott,5,0.0906121732981461
25,Frankie Muniz,5,0.11732746983016094
25,Jordan Fisher,5,0.13164859943617924
25,Lindsey Stirling,5,0.1159921910704715
25,Nick Lachey,5,0.07010956571169656
25,Nikki Bella,5,0.10570755234721717
25,Sasha Pieterse,5,0.08312290682465244
25,Terrell Owens,5,0.09328191267715456
25,Vanessa Lachey,5,0.08699693935997382
25,Victoria Arlen,5,0.1052006894443477
25,Drew Scott,6,0.08975598499191259
25,Frankie Muniz,6,0.09790496312533767
25,Jordan Fisher,6,0.14245397877730157
25,Lindsey Stirling,6,0.1459877753093947
25,Nick Lachey,6,0.06410017104441462
25,Nikki Bella,6,0.11922165872829392
25,Terrell Owens,6,0.1248896071710205
25,Vanessa Lachey,6,0.11973231707601653
25,Victoria Arlen,6,0.09595354377630792
25,Drew Scott,7,0.13457813779371328
25,Frankie Muniz,7,0.15094373402396966
25,Jordan Fisher,7,0.13341834299392452
25,Lindsey Stirling,7,0.1192183318129171
25,Nikki Bella,7,0.09705466783538474
25,Terrell Owens,7,0.10833619846442676
25,Vanessa Lachey,7,0.12049191230906223
25,Victoria Arlen,7,0.13595867476660167
25,Drew Scott,8,0.1378761909461244
25,Frankie Muniz,8,0.1714303134245307
25,Jordan Fisher,8,0.2144498383486019
25,Lindsey Stirling,8,0.17766559487268335
25,Terrell Owens,8,0.15237499318620878
25,Victoria Arlen,8,0.14620306922185095
25,Drew Scott,9,0.16148218312855375
25,Frankie Muniz,9,0.18250700075963683
25,Jordan Fisher,9,0.23126820694115058
25,Lindsey Stirling,9,0.2215979656019501
25,Victoria Arlen,9,0.20314464356870873
25,Drew Scott,10,0.22814449225791394
25,Frankie Muniz,10,0.24598837422584094
25,Jordan Fisher,10,0.26335662005934085
25,Lindsey Stirling,10,0.2625105134569042
26,Adam Rippon,1,0.13079793885050137
26,Arike Ogunbowale,1,0.09197907563940165
26,Chris Mazdzer,1,0.09966910914444989
26,Jamie Anderson,1,0.07775029265700403
26,Jennie Finch Daigle,1,0.09866493260594865
26,Johnny Damon,1,0.069599181400995
26,Josh Norman,1,0.12699963779511048
26,Kareem Abdul-Jabbar,1,0.06597378757034411
26,Mirai Nagasu,1,0.12045262651932145
26,Tonya Harding,1,0.11811341781692344
26,Adam Rippon,2,0.15761024282874023
26,Arike Ogunbowale,2,0.12829857373365902
26,Chris Mazdzer,2,0.12037424752326835
26,Jennie Finch Daigle,2,0.10854987629998344
26,Josh Norman,2,0.1190318336342653
26,Kareem Abdul-Jabbar,2,0.09095125432909656
26,Mirai Nagasu,2,0.14955434091722747
26,Tonya Harding,2,0.12562963073375968
26,Adam Rippon,3,0.23373954518698883
26,Chris Mazdzer,3,0.1330372033296904
26,Jennie Finch Daigle,3,0.10339341513318166
26,Josh Norman,3,0.2021553887363683
26,Mirai Nagasu,3,0.1511381943061131
26,Tonya Harding,3,0.17653625330765768
26,Adam Rippon,4,0.3464569981395241
26,Josh Norman,4,0.3331319082237684
26,Tonya Harding,4,0.3204110936367074
27,Alexis Ren,1,0.09512893966226559
27,Bobby Bones,1,0.07691316435558697
27,Danelle Umstead,1,0.06259777372199883
27,DeMarcus Ware,1,0.10255408959052603
27,Evanna Lynch,1,0.06582717784565596
27,Joe Amabile,1,0.03909247317128697
27,John Schneider,1,0.06424472750834284
27,Juan Pablo Di Pace,1,0.09627918926757442
27,Mary Lou Retton,1,0.07897704457314261
27,Milo Manheim,1,0.08086037008035418
27,Nancy McKeon,1,0.07388573002920754
27,Nikki Glaser,1,0.05938112821638785
27,Tinashe,1,0.10425819197767006
27,Alexis Ren,2,0.09715697177766902
27,Bobby Bones,2,0.06385335969350532
27,Danelle Umstead,2,0.05547327527981457
27,DeMarcus Ware,2,0.09102297271785807
27,Evanna Lynch,2,0.0917802958704191
27,Joe Amabile,2,0.048399725956407055
27,John Schneider,2,0.07312948684306907
27,Juan Pablo Di Pace,2,0.1097823713687148
27,Mary Lou Retton,2,0.08512364163205792
27,Milo Manheim,2,0.10692021026228249
27,Nancy McKeon,2,0.06858695896116039
27,Tinashe,2,0.10877072963704217
27,Alexis Ren,3,0.10059523384698532
27,Bobby Bones,3,0.07626353821947919
27,DeMarcus Ware,3,0.09802967500360046
27,Evanna Lynch,3,0.10577496574151134
27,Joe Amabile,3,0.04720553219810209
27,John Schneider,3,0.06678621840295161
27,Juan Pablo Di Pace,3,0.1285324936594116
27,Mary Lou Retton,3,0.08750791845148427
27,Milo Manheim,3,0.11050563207154464
27,Nancy McKeon,3,0.07031012033634985
27,Tinashe,3,0.10848867206857951
27,Alexis Ren,4,0.11468581587028713
27,Bobby Bones,4,0.0731614545551885
27,DeMarcus Ware,4,0.09079687413093852
27,Evanna Lynch,4,0.10445619339380799
27,Joe Amabile,4,0.042130984002941387
27,John Schneider,4,0.08015048484907791
27,Juan Pablo Di Pace,4,0.10948596085382611
27,Mary Lou Retton,4,0.11834077532366094
27,Milo Manheim,4,0.14698375023557872
27,Tinashe,4,0.11980770678469285
27,Alexis Ren,5,0.14642966061236595
27,Bobby Bones,5,0.07990913635787367
27,DeMarcus Ware,5,0.11894798332219367
27,Evanna Lynch,5,0.10709974449391924
27,Joe Amabile,5,0.05396321851818628
27,John Schneider,5,0.09898229385739317
27,Juan Pablo Di Pace,5,0.14808790388363152
27,Mary Lou Retton,5,0.1121740486965289
27,Milo Manheim,5,0.13440601025790766
27,Alexis Ren,6,0.12462238629069733
27,Bobby Bones,6,0.08320885961057882
27,DeMarcus Ware,6,0.11339199146114838
27,Evanna Lynch,6,0.13845922850339876
27,Joe Amabile,6,0.07909882262003895
27,John Schneider,6,0.06678624699232434
27,Juan Pablo Di Pace,6,0.1492717025233976
27,Mary Lou Retton,6,0.09642848816551038
27,Milo Manheim,6,0.1487322738329054
27,Alexis Ren,7,0.1321864614638865
27,Bobby Bones,7,0.11512613622776881
27,DeMarcus Ware,7,0.11368111402309673
27,Evanna Lynch,7,0.1498504267999566
27,Joe Amabile,7,0.09291680225081896
27,John Schneider,7,0.11310891903498502
27,Juan Pablo Di Pace,7,0.1380563858718319
27,Milo Manheim,7,0.14507375432765557
27,Alexis Ren,8,0.1930189323741983
27,Bobby Bones,8,0.12432544845567599
27,Evanna Lynch,8,0.19665735877680743
27,Joe Amabile,8,0.11375299843130687
27,Juan Pablo Di Pace,8,0.1925077697687986
27,Milo Manheim,8,0.17973749219321286
27,Alexis Ren,9,0.24546954216414868
27,Bobby Bones,9,0.21658866851972064
27,Evanna Lynch,9,0.26972528651912303
27,Milo Manheim,9,0.2682165027970078
28,Ally Brooke,1,0.07881072054689084
28,Hannah Brown,1,0.12164428555471361
28,James Van Der Beek,1,0.12964888832584287
28,Karamo Brown,1,0.08676595695203763
28,Kate Flannery,1,0.07075237277315082
28,Kel Mitchell,1,0.078556015732571
28,Lamar Odom,1,0.036224317359141875
28,Lauren Alaina,1,0.10678555544986058
28,Mary Wilson,1,0.08374001266195844
28,Ray Lewis,1,0.06633740651032892
28,Sailor Brinkley-Cook,1,0.0961003387014465
28,Sean Spicer,1,0.04463412943205683
28,Ally Brooke,2,0.09861407450839804
28,Hannah Brown,2,0.13576217679218744
28,James Van Der Beek,2,0.1018773964999368
28,Karamo Brown,2,0.08527358442885662
28,Kate Flannery,2,0.10589785382769654
28,Kel Mitchell,2,0.09555811578328573
28,Lamar Odom,2,0.03459873512021158
28,Lauren Alaina,2,0.08993834299210884
28,Mary Wilson,2,0.05537817859816005
28,Ray Lewis,2,0.05402126342140565
28,Sailor Brinkley-Cook,2,0.08351265098987731
28,Sean Spicer,2,0.059567627037875485
28,Ally Brooke,3,0.1377003083198097
28,Hannah Brown,3,0.11256530245099453
28,James Van Der Beek,3,0.12610105637945698
28,Karamo Brown,3,0.0677299728423179
28,Kate Flannery,3,0.1346944288585024
28,Kel Mitchell,3,0.10104516077325029
28,Lamar Odom,3,0.03712678176450267
28,Lauren Alaina,3,0.10042596974148539
28,Sailor Brinkley-Cook,3,0.12600777547030012
28,Sean Spicer,3,0.05660324339937998
28,Ally Brooke,4,0.1276056037795113
28,Hannah Brown,4,0.12396399069714271
28,James Van Der Beek,4,0.10098590875939492
28,Karamo Brown,4,0.09270249261897565
28,Kate Flannery,4,0.08886793117793489
28,Kel Mitchell,4,0.12374516371825663
28,Lamar Odom,4,0.04728621855694671
28,Lauren Alaina,4,0.12155102487752575
28,Sailor Brinkley-Cook,4,0.11806343043037976
28,Sean Spicer,4,0.05522823538393176
28,Ally Brooke,5,0.13742074230322965
28,Hannah Brown,5,0.1196845112816294
28,James Van Der Beek,5,0.12796197285905817
28,Karamo Brown,5,0.08773101628115268
28,Kate Flannery,5,0.11058483673244728
28,Kel Mitchell,5,0.12916051630377595
28,Lauren Alaina,5,0.10513103372849332
28,Sailor Brinkley-Cook,5,0.11295466502546563
28,Sean Spicer,5,0.06937070548474798
28,Ally Brooke,6,0.11188794008347538
28,Hannah Brown,6,0.10265803010173638
28,James Van Der Beek,6,0.12645415704611354
28,Karamo Brown,6,0.10558919880421948
28,Kate Flannery,6,0.12230867132471455
28,Kel Mitchell,6,0.1176316464463624
28,Lauren Alaina,6,0.11628304766475316
28,Sailor Brinkley-Cook,6,0.12201016633596148
28,Sean Spicer,6,0.07517714219266357
28,Ally Brooke,7,0.14215645756747694
28,Hannah Brown,7,0.13309902706337207
28,James Van Der Beek,7,0.14470368073318216
28,Karamo Brown,7,0.11463127750241402
28,Kate Flannery,7,0.11411040681698104
28,Kel Mitchell,7,0.12950894049583195
28,Lauren Alaina,7,0.13759662701875883
28,Sean Spicer,7,0.08419358280198291
28,Ally Brooke,8,0.1680525578436869
28,Hannah Brown,8,0.1731628173280997
28,James Van Der Beek,8,0.18395486212233098
28,Kate Flannery,8,0.12177589668421508
28,Kel Mitchell,8,0.16470352153291906
28,Lauren Alaina,8,0.1131162203720818
28,Sean Spicer,8,0.07523412411666643
28,Ally Brooke,9,0.21498122356198768
28,Hannah Brown,9,0.17381437595572646
28,James Van Der Beek,9,0.1762613530850273
28,Kel Mitchell,9,0.1872317722435305
28,Lauren Alaina,9,0.16462175724881598
28,Sean Spicer,9,0.08308951790491229
28,Ally Brooke,10,0.23055445305487168
28,Hannah Brown,10,0.1944578725537001
28,James Van Der Beek,10,0.1672015246880053
28,Kel Mitchell,10,0.21473600505938137
28,Lauren Alaina,10,0.1930501446440416
28,Ally Brooke,11,0.2637049169793967
28,Hannah Brown,11,0.2448191023669545
28,Kel Mitchell,11,0.25440359732168105
28,Lauren Alaina,11,0.2370723833319676
29,AJ McLean,1,0.07010696601854208
29,Anne Heche,1,0.06922777941019617
29,Carole Baskin,1,0.02768343080975436
29,Charles Oakley,1,0.03204330616027341
29,Chrishell Stause,1,0.03858430092900558
29,Jeannie Mai,1,0.0695760267913554
29,Jesse Metcalfe,1,0.07061777286739326
29,Johnny Weir,1,0.06967685179723787
29,Justina Machado,1,0.09432888476311507
29,Kaitlyn Bristowe,1,0.08709040564337166
29,Monica Aldama,1,0.0756249359401913
29,Nelly,1,0.055921833831532035
29,Nev Schulman,1,0.08650311992156955
29,Skai Jackson,1,0.09036397101491088
29,Veron Davis,1,0.06265041410155145
29,AJ McLean,2,0.07197376319342819
29,Anne Heche,2,0.06265475734088055
29,Carole Baskin,2,0.046222230881739074
29,Charles Oakley,2,0.04297891350648507
29,Chrishell Stause,2,0.06321750567475302
29,Jeannie Mai,2,0.06609974873680126
29,Jesse Metcalfe,2,0.07781483445976328
29,Johnny Weir,2,0.06724542799313497
29,Justina Machado,2,0.08619307636369128
29,Kaitlyn Bristowe,2,0.09507869551246764
29,Monica Aldama,2,0.05460025783881199
29,Nelly,2,0.0629614106509279
29,Nev Schulman,2,0.08840182466889106
29,Skai Jackson,2,0.0490120395664822
29,Veron Davis,2,0.06554551361174238
29,AJ McLean,3,0.07655357605762883
29,Anne Heche,3,0.04239201481457893
29,Carole Baskin,3,0.026460786988828047
29,Chrishell Stause,3,0.08078706521024515
29,Jeannie Mai,3,0.08077525385683067
29,Jesse Metcalfe,3,0.06939840722658944
29,Johnny Weir,3,0.09575335943019934
29,Justina Machado,3,0.065848019487343
29,Kaitlyn Bristowe,3,0.09186612796142532
29,Monica Aldama,3,0.07509423899370199
29,Nelly,3,0.057365719107915956
29,Nev Schulman,3,0.09752928184489856
29,Skai Jackson,3,0.05910435307991808
29,Veron Davis,3,0.08107179593989675
29,AJ McLean,4,0.08177973498264023
29,Anne Heche,4,0.060268167441252386
29,Chrishell Stause,4,0.06859134218764643
29,Jeannie Mai,4,0.06571609387537161
29,Jesse Metcalfe,4,0.0623109115947555
29,Johnny Weir,4,0.08564736596258418
29,Justina Machado,4,0.08084798592818937
29,Kaitlyn Bristowe,4,0.09046810749531803
29,Monica Aldama,4,0.08264403393431077
29,Nelly,4,0.06382185115568957
29,Nev Schulman,4,0.08444566956517797
29,Skai Jackson,4,0.10406360423922893
29,Veron Davis,4,0.06939513163783498
29,AJ McLean,5,0.08486120213506997
29,Chrishell Stause,5,0.05584066108161187
29,Jeannie Mai,5,0.08236414125415334
29,Jesse Metcalfe,5,0.0524389405359209
29,Johnny Weir,5,0.1140702032732488
29,Justina Machado,5,0.08479557820485904
29,Kaitlyn Bristowe,5,0.10403429735505007
29,Monica Aldama,5,0.09684163380176138
29,Nelly,5,0.08178388460796293
29,Nev Schulman,5,0.09687686785533493
29,Skai Jackson,5,0.08190818943383578
29,Veron Davis,5,0.06418440046119091
29,AJ McLean,6,0.10743283060651926
29,Chrishell Stause,6,0.08545043917988708
29,Jeannie Mai,6,0.0931848565371566
29,Johnny Weir,6,0.07898329907469545
29,Justina Machado,6,0.10755235747387648
29,Kaitlyn Bristowe,6,0.10799461835752487
29,Monica Aldama,6,0.10561077517249179
29,Nelly,6,0.0881996981177947
29,Nev Schulman,6,0.10427773575576922
29,Skai Jackson,6,0.055357065284639684
29,Veron Davis,6,0.06595632443964482
29,AJ McLean,7,0.10118363295842599
29,Chrishell Stause,7,0.09927791544940416
29,Jeannie Mai,7,0.08958452089751508
29,Johnny Weir,7,0.10762470318553208
29,Justina Machado,7,0.10257477987359485
29,Kaitlyn Bristowe,7,0.08961945327713344
29,Monica Aldama,7,0.07177771575583966
29,Nelly,7,0.1041704880479763
29,Nev Schulman,7,0.13095202173539544
29,Skai Jackson,7,0.10323476881918295
29,AJ McLean,8,0.11685518989029094
29,Chrishell Stause,8,0.11536575897452596
29,Johnny Weir,8,0.14463905038500646
29,Justina Machado,8,0.13333645142397257
29,Kaitlyn Bristowe,8,0.12754953882139486
29,Nelly,8,0.09597926037527447
29,Nev Schulman,8,0.1460263493221394
29,Skai Jackson,8,0.12024840080739549
29,AJ McLean,9,0.11515894055504457
29,Johnny Weir,9,0.16499761781094097
29,Justina Machado,9,0.1305948540616238
29,Kaitlyn Bristowe,9,0.1662050097124924
29,Nelly,9,0.11075415601135125
29,Nev Schulman,9,0.15855128200540708
29,Skai Jackson,9,0.1537381398431399
29,Johnny Weir,10,0.15339425915304458
29,Justina Machado,10,0.17052769082384323
29,Kaitlyn Bristowe,10,0.1834983740081699
29,Nelly,10,0.15725353672805747
29,Nev Schulman,10,0.1828652943185741
29,Skai Jackson,10,0.1524608449683108
29,Justina Machado,11,0.255405215559974
29,Kaitlyn Bristowe,11,0.2565666647167789
29,Nelly,11,0.23151919494317552
29,Nev Schulman,11,0.25650892478007153
30,Amanda Kloots,1,0.08699180427125983
30,Brian Austin Green,1,0.06226135551064568
30,Christine Chiu,1,0.06756295799092338
30,Cody Rigsby,1,0.06243006125839701
30,Iman Shumpert,1,0.049222508271673744
30,Jimmie Allen,1,0.054422659937676206
30,JoJo Siwa,1,0.09227969287803159
30,Kenya Moore,1,0.07261782654769557
30,Martin Kove,1,0.018774286233949392
30,Matt James,1,0.06167892070936605
30,Melanie C,1,0.08048083454090395
30,Melora Hardin,1,0.07390576095873376
30,"Mike ""The Miz"" Mizanin",1,0.06343940805889998
30,Olivia Jade,1,0.0688429001025214
30,Suni Lee,1,0.0850890227293224
30,Amanda Kloots,2,0.09897597350955399
30,Brian Austin Green,2,0.05347142322296037
30,Christine Chiu,2,0.05852065027476109
30,Cody Rigsby,2,0.05680585133891329
30,Iman Shumpert,2,0.06027346434334699
30,Jimmie Allen,2,0.06972336122244763
30,JoJo Siwa,2,0.09429294912005035
30,Kenya Moore,2,0.05891721983956732
30,Martin Kove,2,0.02151109487964838
30,Matt James,2,0.049828546502734085
30,Melanie C,2,0.08709741808851083
30,Melora Hardin,2,0.07303387553679397
30,"Mike ""The Miz"" Mizanin",2,0.06710640339306678
30,Olivia Jade,2,0.07302782157707205
30,Suni Lee,2,0.07741394715057284
30,Amanda Kloots,3,0.09044851232341543
30,Brian Austin Green,3,0.055318308238207575
30,Christine Chiu,3,0.06734961029195427
30,Cody Rigsby,3,0.05192822147065021
30,Iman Shumpert,3,0.057537734932225686
30,Jimmie Allen,3,0.0641921434557906
30,JoJo Siwa,3,0.09047446500410658
30,Kenya Moore,3,0.06779661637404248
30,Matt James,3,0.06085542260180539
30,Melanie C,3,0.07690639181996577
30,Melora Hardin,3,0.08290525856488408
30,"Mike ""The Miz"" Mizanin",3,0.07496051190367263
30,Olivia Jade,3,0.08853994084077958
30,Suni Lee,3,0.07078686217849979
30,Amanda Kloots,4,0.08797327131953346
30,Brian Austin Green,4,0.049311669175532064
30,Cody Rigsby,4,0.06262671737774744
30,Iman Shumpert,4,0.07117936175389551
30,Jimmie Allen,4,0.07775609946280902
30,JoJo Siwa,4,0.09281745726491755
30,Kenya Moore,4,0.066826476425297
30,Matt James,4,0.05909356733107951
30,Melanie C,4,0.08141133724695135
30,Melora Hardin,4,0.09710570567141617
30,"Mike ""The Miz"" Mizanin",4,0.07778380070556466
30,Olivia Jade,4,0.09097653311827296
30,Suni Lee,4,0.08513800314698325
30,Amanda Kloots,5,0.10997115209576244
30,Cody Rigsby,5,0.07621244426501536
30,Iman Shumpert,5,0.06285424103645573
30,Jimmie Allen,5,0.08668254126888146
30,JoJo Siwa,5,0.11628250979222966
30,Kenya Moore,5,0.09163608112582944
30,Melanie C,5,0.09360492013855656
30,Melora Hardin,5,0.09532499965651647
30,"Mike ""The Miz"" Mizanin",5,0.07668150409596172
30,Olivia Jade,5,0.09568005370386787
30,Suni Lee,5,0.09506955282092318
30,Amanda Kloots,6,0.10824210806579247
30,Cody Rigsby,6,0.09698788926900821
30,Iman Shumpert,6,0.11346384519751965
30,Jimmie Allen,6,0.10765647710620876
30,JoJo Siwa,6,0.12086262798350221
30,Kenya Moore,6,0.07762624156174303
30,Melora Hardin,6,0.09046210606278006
30,"Mike ""The Miz"" Mizanin",6,0.0860657461947254
30,Olivia Jade,6,0.10090705256984596
30,Suni Lee,6,0.09772590598887426
30,Amanda Kloots,7,0.10175708252401225
30,Cody Rigsby,7,0.10867335597489364
30,Iman Shumpert,7,0.09893716544735422
30,Jimmie Allen,7,0.11634513945233413
30,JoJo Siwa,7,0.12828577888212794
30,Melora Hardin,7,0.1204082112398305
30,"Mike ""The Miz"" Mizanin",7,0.08481009847689541
30,Olivia Jade,7,0.14002831263043936
30,Suni Lee,7,0.10075485537211248
30,Amanda Kloots,8,0.14663989405032188
30,Cody Rigsby,8,0.1221624907758425
30,Iman Shumpert,8,0.10714481207167406
30,Jimmie Allen,8,0.08460858990091644
30,JoJo Siwa,8,0.1435624788826859
30,Melora Hardin,8,0.1446590597711214
30,Olivia Jade,8,0.10729558789737093
30,Suni Lee,8,0.1439270866500667
30,Amanda Kloots,9,0.18620529405338077
30,Cody Rigsby,9,0.15326855034176037
30,Iman Shumpert,9,0.1684648651965922
30,JoJo Siwa,9,0.19087765200245807
30,Melora Hardin,9,0.14490946154291667
30,Suni Lee,9,0.15627417686289186
30,Amanda Kloots,10,0.2479973784201634
30,Cody Rigsby,10,0.23377519939696878
30,Iman Shumpert,10,0.2581121376727415
30,JoJo Siwa,10,0.2601152845101263
31,Charli D'Amelio,1,0.10697724515286014
31,Cheryl Ladd,1,0.045969203603657395
31,Daniel Durant,1,0.07697925381189351
31,Gabby Windey,1,0.083678302832883
31,Heidi D'Amelio,1,0.06173440892439846
31,Jason Lewis,1,0.03403086762698056
31,Jessie James Decker,1,0.0433036890985768
31,Jordin Sparks,1,0.0709877147970676
31,Joseph Baena,1,0.05562729821270106
31,Sam Champion,1,0.04353531726369187
31,Selma Blair,1,0.0817940857742574
31,Shangela,1,0.081865123560165
31,Teresa Giudice,1,0.042574014773404646
31,Trevor Donovan,1,0.04895087778363797
31,Vinny Guadagnino,1,0.03275654917917655
31,Wayne Brady,1,0.08923604760464804
31,Charli D'Amelio,2,0.09105002638928063
31,Cheryl Ladd,2,0.039806343751444755
31,Daniel Durant,2,0.07420734060328454
31,Gabby Windey,2,0.08919339349188832
31,Heidi D'Amelio,2,0.06925211102981157
31,Jessie James Decker,2,0.05387721105248624
31,Jordin Sparks,2,0.06490324488041256
31,Joseph Baena,2,0.05217700295036009
31,Sam Champion,2,0.05711275109958107
31,Selma Blair,2,0.06939425393905017
31,Shangela,2,0.07010958791642788
31,Teresa Giudice,2,0.04553270667921658
31,Trevor Donovan,2,0.07447228198145184
31,Vinny Guadagnino,2,0.05926628267978317
31,Wayne Brady,2,0.08964546155552054
31,Charli D'Amelio,3,0.0931514263112342
31,Cheryl Ladd,3,0.047852911853895314
31,Daniel Durant,3,0.07974387832848312
31,Gabby Windey,3,0.0929520947411566
31,Heidi D'Amelio,3,0.08576447031467943
31,Jessie James Decker,3,0.05847507446248295
31,Jordin Sparks,3,0.07223949218009852
31,Joseph Baena,3,0.069027861137916
31,Sam Champion,3,0.05305580329664199
31,Selma Blair,3,0.06794335396281613
31,Shangela,3,0.07630063970340314
31,Trevor Donovan,3,0.06297876705854948
31,Vinny Guadagnino,3,0.047524441705109444
31,Wayne Brady,3,0.09298978494353367
31,Charli D'Amelio,4,0.09920302298310124
31,Daniel Durant,4,0.06584384263640142
31,Gabby Windey,4,0.09869984220033548
31,Heidi D'Amelio,4,0.08841001363727773
31,Jessie James Decker,4,0.07248947979049701
31,Jordin Sparks,4,0.08602291373111814
31,Joseph Baena,4,0.06147093981120091
31,Sam Champion,4,0.047913234031497234
31,Selma Blair,4,0.0785090496415803
31,Shangela,4,0.07897718531650967
31,Trevor Donovan,4,0.06156326974368824
31,Vinny Guadagnino,4,0.06229071911363271
31,Wayne Brady,4,0.09860648736315979
31,Charli D'Amelio,5,0.10580342700139704
31,Daniel Durant,5,0.06823808783278489
31,Gabby Windey,5,0.10009714330426744
31,Heidi D'Amelio,5,0.0908099164847841
31,Jessie James Decker,5,0.07646602302882276
31,Jordin Sparks,5,0.07669747319930335
31,Joseph Baena,5,0.06963082574060374
31,Selma Blair,5,0.09100281849809809
31,Shangela,5,0.08816216191005273
31,Trevor Donovan,5,0.07664757123085143
31,Vinny Guadagnino,5,0.05757924831074132
31,Wayne Brady,5,0.09886530345829314
31,Charli D'Amelio,6,0.1317398252513958
31,Daniel Durant,6,0.09606345416227838
31,Gabby Windey,6,0.11330356182512395
31,Heidi D'Amelio,6,0.1069330555657776
31,Jessie James Decker,6,0.08451144310911103
31,Jordin Sparks,6,0.09570075597335269
31,Shangela,6,0.10772390771676679
31,Trevor Donovan,6,0.09786944236876657
31,Vinny Guadagnino,6,0.06666729659517816
31,Wayne Brady,6,0.099487257432249
31,Charli D'Amelio,7,0.1318469224700194
31,Daniel Durant,7,0.11216715727008414
31,Gabby Windey,7,0.10932126248957795
31,Heidi D'Amelio,7,0.10312772223451067
31,Jordin Sparks,7,0.09905225700933652
31,Shangela,7,0.11473301931119517
31,Trevor Donovan,7,0.12551159798895403
31,Vinny Guadagnino,7,0.08083220264102298
31,Wayne Brady,7,0.12340785858529925
31,Charli D'Amelio,8,0.16276002609594917
31,Daniel Durant,8,0.1220023658215966
31,Gabby Windey,8,0.13205335414478173
31,Heidi D'Amelio,8,0.09519331478426334
31,Shangela,8,0.14111204221580192
31,Trevor Donovan,8,0.12170282768347133
31,Vinny Guadagnino,8,0.0658627957805271
31,Wayne Brady,8,0.15931327347360888
31,Charli D'Amelio,9,0.20065709051119648
31,Daniel Durant,9,0.13839403716932988
31,Gabby Windey,9,0.1980423388747498
31,Shangela,9,0.16885472663502044
31,Trevor Donovan,9,0.12377912542064501
31,Wayne Brady,9,0.17027268138905838
31,Charli D'Amelio,10,0.26305473410279134
31,Gabby Windey,10,0.2628294439739446
31,Shangela,10,0.2369988011340812
31,Wayne Brady,10,0.23711702078918276
32,Adrian Peterson,1,0.07853898866550582
32,Alyson Hannigan,1,0.04508256702906398
32,Ariana Madix,1,0.10935042128615088
32,Barry Williams,1,0.0631191415458013
32,Charity Lawson,1,0.11989243347264086
32,Harry Jowsey,1,0.037278508875065466
32,Jamie Lynn Spears,1,0.056470945765131356
32,Jason Mraz,1,0.112514943884013
32,Lele Pons,1,0.09133555212929519
32,Matt Walsh,1,0.03580933772310807
32,Mauricio Umansky,1,0.054454845138100165
32,Mira Sorvino,1,0.07259717306533416
32,Tyson Beckford,1,0.03851042444959971
32,Xochitl Gomez,1,0.08504471697119005
32,Adrian Peterson,2,0.05243027853350373
32,Alyson Hannigan,2,0.07553058856688626
32,Ariana Madix,2,0.0932040383891797
32,Barry Williams,2,0.05232397488060249
32,Charity Lawson,2,0.1007980499785434
32,Harry Jowsey,2,0.049880571810754434
32,Jamie Lynn Spears,2,0.056292874381287585
32,Jason Mraz,2,0.12649942103836556
32,Lele Pons,2,0.09597854706081298
32,Mauricio Umansky,2,0.0354876940107205
32,Mira Sorvino,2,0.07221157510508805
32,Tyson Beckford,2,0.06627989434683232
32,Xochitl Gomez,2,0.12308249189742307
32,Adrian Peterson,3,0.05601724751397197
32,Alyson Hannigan,3,0.06510864917601203
32,Ariana Madix,3,0.12520164563966696
32,Barry Williams,3,0.06794151837934345
32,Charity Lawson,3,0.11315751786644554
32,Harry Jowsey,3,0.06437261730333499
32,Jason Mraz,3,0.1275452587451594
32,Lele Pons,3,0.08350348218360074
32,Mauricio Umansky,3,0.05796755854725837
32,Mira Sorvino,3,0.07593540103403326
32,Tyson Beckford,3,0.04622046130459581
32,Xochitl Gomez,3,0.11702864230657753
32,Adrian Peterson,4,0.07947730575315749
32,Alyson Hannigan,4,0.062267887475710555
32,Ariana Madix,4,0.11664178309834086
32,Barry Williams,4,0.06397512165343945
32,Charity Lawson,4,0.11042036567918184
32,Harry Jowsey,4,0.07900293372992044
32,Jason Mraz,4,0.11094686430222776
32,Lele Pons,4,0.09091471755463984
32,Mauricio Umansky,4,0.06917254801179104
32,Mira Sorvino,4,0.08206634014982954
32,Xochitl Gomez,4,0.13511413259176125
32,Alyson Hannigan,5,0.075147505804441
32,Ariana Madix,5,0.10338126535925153
32,Barry Williams,5,0.09474459991045617
32,Charity Lawson,5,0.1314393658516341
32,Harry Jowsey,5,0.058621576738877496
32,Jason Mraz,5,0.12411913215446335
32,Lele Pons,5,0.09951070398450733
32,Mauricio Umansky,5,0.09551549387291842
32,Mira Sorvino,5,0.0819424239674977
32,Xochitl Gomez,5,0.13557793235595295
32,Alyson Hannigan,6,0.08469023243355601
32,Ariana Madix,6,0.14019505432589122
32,Barry Williams,6,0.08972578463943305
32,Charity Lawson,6,0.12491234163087883
32,Harry Jowsey,6,0.0729397508953916
32,Jason Mraz,6,0.12958044737953703
32,Lele Pons,6,0.11676433429976847
32,Mauricio Umansky,6,0.09236334267047086
32,Xochitl Gomez,6,0.14882871172507292
32,Alyson Hannigan,7,0.1207228980907081
32,Ariana Madix,7,0.14136599147995282
32,Barry Williams,7,0.10630295854167662
32,Charity Lawson,7,0.1322407289039547
32,Harry Jowsey,7,0.0985563467630032
32,Jason Mraz,7,0.1294754424391976
32,Lele Pons,7,0.13020815781382164
32,Xochitl Gomez,7,0.14112747596768532
32,Alyson Hannigan,8,0.1374356594995945
32,Ariana Madix,8,0.1848242213980443
32,Barry Williams,8,0.1281183860046
32,Charity Lawson,8,0.1629531268109164
32,Harry Jowsey,8,0.08759229361087004
32,Jason Mraz,8,0.12608968742899385
32,Xochitl Gomez,8,0.17298662524698086
32,Alyson Hannigan,9,0.12838847574413545
32,Ariana Madix,9,0.1710867277468595
32,Charity Lawson,9,0.17757959858459732
32,Harry Jowsey,9,0.1057013974415834
32,Jason Mraz,9,0.2140818982052606
32,Xochitl Gomez,9,0.2031619022775637
32,Alyson Hannigan,10,0.159286777355062
32,Ariana Madix,10,0.20521726629689094
32,Charity Lawson,10,0.2117761748043711
32,Jason Mraz,10,0.20318579169237
32,Xochitl Gomez,10,0.22053398985130584
32,Alyson Hannigan,11,0.16492819093617095
32,Ariana Madix,11,0.20511289793463283
32,Charity Lawson,11,0.2057150539962812
32,Jason Mraz,11,0.21134321795554284
32,Xochitl Gomez,11,0.2129006391773721
33,Anna Delvey,1,0.06682091009211552
33,Brooks Nader,1,0.0689097359866011
33,Chandler Kinney,1,0.1111979359571699
33,Danny Amendola,1,0.08418443405287822
33,Dwight Howard ,1,0.10074952681109905
33,Eric Roberts,1,0.04696034995879519
33,Ilona Maher,1,0.06936306920900641
33,Jenn Tran,1,0.07549495204481685
33,Joey Graziadei,1,0.09293099567333397
33,Phaedra Parks,1,0.07655098805265581
33,Reginald VelJohnson,1,0.05283177868613946
33,Stephen Nedoroscik,1,0.09273941200975586
33,Tori Spelling,1,0.06126591146563265
33,Anna Delvey,2,0.05479217320200777
33,Brooks Nader,2,0.07725330960381634
33,Chandler Kinney,2,0.11129494078436405
33,Danny Amendola,2,0.08515232638139805
33,Dwight Howard ,2,0.0912306710718914
33,Eric Roberts,2,0.04376032536615477
33,Ilona Maher,2,0.08278327324278592
33,Jenn Tran,2,0.0717103705062222
33,Joey Graziadei,2,0.09525521495151942
33,Phaedra Parks,2,0.08340552215209637
33,Reginald VelJohnson,2,0.043509532022563635
33,Stephen Nedoroscik,2,0.09315115366150727
33,Tori Spelling,2,0.06670118705367294
33,Brooks Nader,3,0.09815559199184279
33,Chandler Kinney,3,0.12449561548705046
33,Danny Amendola,3,0.0983333478577243
33,Dwight Howard ,3,0.07511893431319211
33,Eric Roberts,3,0.05449714588028674
33,Ilona Maher,3,0.08573760113198987
33,Jenn Tran,3,0.100660652727062
33,Joey Graziadei,3,0.12837119038926123
33,Phaedra Parks,3,0.08567413876092049
33,Reginald VelJohnson,3,0.04605449096051826
33,Stephen Nedoroscik,3,0.10290129050015184
33,Brooks Nader,4,0.10444818005802504
33,Chandler Kinney,4,0.1106053165717552
33,Danny Amendola,4,0.13090272067941428
33,Dwight Howard ,4,0.0885725510460133
33,Ilona Maher,4,0.10642062958742347
33,Jenn Tran,4,0.10766959034144004
33,Joey Graziadei,4,0.13403883890431065
33,Phaedra Parks,4,0.1050131534971007
33,Stephen Nedoroscik,4,0.1123290193145173
33,Chandler Kinney,5,0.14237055927907247
33,Danny Amendola,5,0.12792994864842186
33,Dwight Howard ,5,0.11399537173028737
33,Ilona Maher,5,0.12737875089188608
33,Jenn Tran,5,0.12790098475424247
33,Joey Graziadei,5,0.13540689606987183
33,Phaedra Parks,5,0.11069992544417114
33,Stephen Nedoroscik,5,0.11431756318204674
33,Chandler Kinney,6,0.16876201559103393
33,Danny Amendola,6,0.13018959480542172
33,Dwight Howard ,6,0.15128328127130863
33,Ilona Maher,6,0.10146823309273235
33,Jenn Tran,6,0.15219829449546593
33,Joey Graziadei,6,0.16578399984676398
33,Stephen Nedoroscik,6,0.13031458089727344
33,Chandler Kinney,7,0.20777273843054633
33,Danny Amendola,7,0.15333787329458828
33,Dwight Howard ,7,0.13390419427238828
33,Ilona Maher,7,0.15727854046497575
33,Joey Graziadei,7,0.17930570122694292
33,Stephen Nedoroscik,7,0.1684009523105585
33,Chandler Kinney,8,0.21575287552855432
33,Danny Amendola,8,0.1852543320204449
33,Ilona Maher,8,0.20383081246370668
33,Joey Graziadei,8,0.21291091774425036
33,Stephen Nedoroscik,8,0.1822510622430437
33,Chandler Kinney,9,0.21274188574470915
33,Danny Amendola,9,0.18507889722391646
33,Ilona Maher,9,0.1928318047737759
33,Joey Graziadei,9,0.20609300787879256
33,Stephen Nedoroscik,9,0.2032544043788059
34,Alix Earle,1,0.08506686372560676
34,Andy Richter,1,0.04141324562315314
34,Baron Davis,1,0.05110829725799198
34,Corey Feldman,1,0.04082216864826499
34,Danielle Fishel,1,0.07224116463597889
34,Dylan Efron,1,0.052340181242437535
34,Elaine Hendrix,1,0.07335717869398506
34,Hilaria Baldwin,1,0.09745261785078865
34,Jen Affleck,1,0.0738134077674379
34,Jordan Chiles,1,0.0533054468811663
34,Lauren Jauregui,1,0.08474240561204033
34,Robert Irwin,1,0.11144463725418939
34,Scott Hoying,1,0.05132479281614418
34,Whitney Leavitt,1,0.11156759199081495
34,Alix Earle,2,0.08040426794617755
34,Andy Richter,2,0.04597524889255919
34,Baron Davis,2,0.05600160453844135
34,Corey Feldman,2,0.03918029764289544
34,Danielle Fishel,2,0.06598168866442576
34,Dylan Efron,2,0.07123459187183301
34,Elaine Hendrix,2,0.07826403233778773
34,Hilaria Baldwin,2,0.08074484044452025
34,Jen Affleck,2,0.08344177829725932
34,Jordan Chiles,2,0.0844787429572338
34,Lauren Jauregui,2,0.07718966930912739
34,Robert Irwin,2,0.08828428665846805
34,Scott Hoying,2,0.059142404650888165
34,Whitney Leavitt,2,0.08967654578838287
34,Alix Earle,3,0.09505357977039411
34,Andy Richter,3,0.05757801024946476
34,Danielle Fishel,3,0.07858673072219174
34,Dylan Efron,3,0.09366029744921836
34,Elaine Hendrix,3,0.08130928493547795
34,Hilaria Baldwin,3,0.08740814681575654
34,Jen Affleck,3,0.06879071429228546
34,Jordan Chiles,3,0.10235933140405058
34,Lauren Jauregui,3,0.059688360614409935
34,Robert Irwin,3,0.08768553223204309
34,Scott Hoying,3,0.08441324003971418
34,Whitney Leavitt,3,0.10346677147499315
34,Alix Earle,4,0.10316765210661585
34,Andy Richter,4,0.05756166337251354
34,Danielle Fishel,4,0.07893514471768869
34,Dylan Efron,4,0.09634895790926146
34,Elaine Hendrix,4,0.09960694813588263
34,Hilaria Baldwin,4,0.09234264661255118
34,Jen Affleck,4,0.09097105117309788
34,Jordan Chiles,4,0.1024538028222998
34,Robert Irwin,4,0.08874521691721847
34,Scott Hoying,4,0.07951700850429803
34,Whitney Leavitt,4,0.11034990772857245
34,Alix Earle,5,0.1214434087750243
34,Andy Richter,5,0.05908577977254854
34,Danielle Fishel,5,0.08694993707304444
34,Dylan Efron,5,0.1252313373539847
34,Elaine Hendrix,5,0.09358441404163664
34,Jen Affleck,5,0.08631994197443947
34,Jordan Chiles,5,0.10593778166194018
34,Robert Irwin,5,0.12053923947333381
34,Scott Hoying,5,0.0886307954085364
34,Whitney Leavitt,5,0.1122773644655115
34,Alix Earle,6,0.10874926125199676
34,Andy Richter,6,0.06213013409574504
34,Danielle Fishel,6,0.10728264603342309
34,Dylan Efron,6,0.092155942234238
34,Elaine Hendrix,6,0.1066188061033238
34,Jen Affleck,6,0.0872323926278963
34,Jordan Chiles,6,0.12640629926085453
34,Robert Irwin,6,0.11294470965943573
34,Scott Hoying,6,0.06755968252718594
34,Whitney Leavitt,6,0.12892012620590068
34,Alix Earle,7,0.14394395859915324
34,Andy Richter,7,0.06948590279173932
34,Danielle Fishel,7,0.10072593075156286
34,Dylan Efron,7,0.11519559693380851
34,Elaine Hendrix,7,0.08720019558988959
34,Jen Affleck,7,0.09148150349614985
34,Jordan Chiles,7,0.11838766776049416
34,Robert Irwin,7,0.132938527563159
34,Whitney Leavitt,7,0.14064071651404345
34,Alix Earle,8,0.13314769593697218
34,Andy Richter,8,0.09677378899987431
34,Danielle Fishel,8,0.11682783100397928
34,Dylan Efron,8,0.12895399715965183
34,Elaine Hendrix,8,0.12063295348047973
34,Jordan Chiles,8,0.13338369384645254
34,Robert Irwin,8,0.1305339257047796
34,Whitney Leavitt,8,0.13974611386781072
34,Alix Earle,9,0.15243648735082393
34,Andy Richter,9,0.08043429038468433
34,Dylan Efron,9,0.16373625015869134
34,Elaine Hendrix,9,0.12655333741124392
34,Jordan Chiles,9,0.1456986492634646
34,Robert Irwin,9,0.16565465671541965
34,Whitney Leavitt,9,0.16548632871567215
34,Alix Earle,10,0.17127262197368115
34,Dylan Efron,10,0.15697488195689
34,Elaine Hendrix,10,0.16310286184755318
34,Jordan Chiles,10,0.1654703660127238
34,Robert Irwin,10,0.17700242223789103
34,Whitney Leavitt,10,0.16617684597126076
34,Alix Earle,11,0.20618381002650718
34,Dylan Efron,11,0.19661984139722624
34,Elaine Hendrix,11,0.19315430410527465
34,Jordan Chiles,11,0.2015059034505653
34,Robert Irwin,11,0.2025361410204266
