season,celebrity_name,week,p_est
1,Evander Holyfield,1,1.3075620501710322e-14
1,Joey McIntyre,1,1.712367227180156e-14
1,John O'Hurley,1,0.4996866884000198
1,Kelly Monaco,1,0.4996639051813139
1,Rachel Hunter,1,0.0
1,Trista Sutter,1,0.0006494064186393107
1,Evander Holyfield,2,9.100169619594145e-15
1,Joey McIntyre,2,1.701828782063597e-14
1,John O'Hurley,2,0.4996762189697458
1,Kelly Monaco,2,0.49972202860215836
1,Rachel Hunter,2,4.1073012250969106e-16
1,Trista Sutter,2,0.0006017524280694458
1,Evander Holyfield,3,0.00011892324851432782
1,Joey McIntyre,3,0.000124695916202187
1,John O'Hurley,3,0.4998796813621105
1,Kelly Monaco,3,0.4998549172884164
1,Rachel Hunter,3,2.178218475664023e-05
1,Joey McIntyre,4,0.0001346102426458992
1,John O'Hurley,4,0.49992580813964865
1,Kelly Monaco,4,0.499906153307829
1,Rachel Hunter,4,3.342830987637001e-05
1,Joey McIntyre,5,0.00010433750070371333
1,John O'Hurley,5,0.49992673925705744
1,Kelly Monaco,5,0.49996892324223896
1,John O'Hurley,6,0.500010757591181
1,Kelly Monaco,6,0.49998924240881915
2,Drew Lachey,1,0.3331482401074902
2,George Hamilton,1,1.9709115706462803e-05
2,Giselle Fernandez,1,4.640170419334009e-05
2,Jerry Rice,1,0.3331458735143047
2,Kenny Mayne,1,0.0
2,Lisa Rinna,1,1.2255821357776142e-15
2,Master P,1,7.83054595633326e-05
2,Stacy Keibler,1,0.33314206110229944
2,Tatum O'Neal,1,0.00041940899643531037
2,Tia Carrere,1,7.579548967628913e-15
2,Drew Lachey,2,0.3332038432879568
2,George Hamilton,2,4.5220522100033865e-05
2,Giselle Fernandez,2,0.0002534619094671167
2,Jerry Rice,2,0.33320895833336833
2,Lisa Rinna,2,2.797265777634188e-06
2,Master P,2,1.6331279176000314e-05
2,Stacy Keibler,2,0.333219670878996
2,Tatum O'Neal,2,0.0
2,Tia Carrere,2,4.9716523158232816e-05
2,Drew Lachey,3,0.3331689957044106
2,George Hamilton,3,1.0350825599647316e-15
2,Giselle Fernandez,3,0.00042740041930608674
2,Jerry Rice,3,0.3331661362690558
2,Lisa Rinna,3,1.1839487723541708e-15
2,Master P,3,2.0865470809483533e-16
2,Stacy Keibler,3,0.3331506160838126
2,Tia Carrere,3,8.68515234125417e-05
2,Drew Lachey,4,0.3332479247668407
2,George Hamilton,4,7.696358511788339e-05
2,Jerry Rice,4,0.3332398550013886
2,Lisa Rinna,4,3.2835222749706856e-05
2,Master P,4,0.0001436785508238522
2,Stacy Keibler,4,0.333258742873079
2,Tia Carrere,4,3.8451230047198415e-16
2,Drew Lachey,5,0.333264621299952
2,George Hamilton,5,4.581118197474457e-16
2,Jerry Rice,5,0.3332863231957793
2,Lisa Rinna,5,6.682151593405731e-05
2,Stacy Keibler,5,0.33326575795676694
2,Tia Carrere,5,0.00011647603156725658
2,Drew Lachey,6,0.3333288885194338
2,George Hamilton,6,1.1982873460852916e-15
2,Jerry Rice,6,0.3333000338154903
2,Lisa Rinna,6,5.1787941674697824e-05
2,Stacy Keibler,6,0.33331928972339997
2,Drew Lachey,7,0.3332947723837998
2,Jerry Rice,7,0.33331817243115425
2,Lisa Rinna,7,8.267875042395787e-05
2,Stacy Keibler,7,0.33330437643462213
2,Drew Lachey,8,0.33333768756228777
2,Jerry Rice,8,0.3333286756844515
2,Stacy Keibler,8,0.3333336367532607
3,Emmitt Smith,1,0.49765542799494145
3,Harry Hamlin,1,1.5802517714519349e-15
3,Jerry Springer,1,7.362955529426408e-05
3,Joey Lawrence,1,0.0039813997730683
3,Mario Lopez,1,0.49765739035601875
3,Monique Coleman,1,1.5179884573367813e-05
3,Sara Evans,1,0.00018784057154878485
3,Shanna Moakler,1,0.0001639741180224825
3,Tucker Carlson,1,2.29527151986135e-05
3,Vivica A. Fox,1,5.436445964795709e-05
3,Willa Ford,1,0.00018784057168452003
3,Emmitt Smith,2,0.49776358193133735
3,Harry Hamlin,2,0.00012196356806237903
3,Jerry Springer,2,9.527765403895272e-16
3,Joey Lawrence,2,0.004186387474073782
3,Mario Lopez,2,0.49775829696869217
3,Monique Coleman,2,0.0
3,Sara Evans,2,0.0
3,Shanna Moakler,2,0.0
3,Vivica A. Fox,2,0.00016977005783557338
3,Willa Ford,2,0.0
3,Emmitt Smith,3,0.4977309040219825
3,Harry Hamlin,3,1.389405084040174e-16
3,Jerry Springer,3,8.578749689791554e-18
3,Joey Lawrence,3,0.004291918759202367
3,Mario Lopez,3,0.4977383479446391
3,Monique Coleman,3,0.0
3,Sara Evans,3,0.00011941463708808866
3,Vivica A. Fox,3,2.5831116759467143e-16
3,Willa Ford,3,0.00011941463708811586
3,Emmitt Smith,4,0.4980928325093935
3,Jerry Springer,4,0.0
3,Joey Lawrence,4,0.0036347532047746127
3,Mario Lopez,4,0.49808483236829704
3,Monique Coleman,4,0.0
3,Sara Evans,4,8.68445940160889e-17
3,Vivica A. Fox,4,0.00018758191753504382
3,Willa Ford,4,1.1828645701816853e-16
3,Emmitt Smith,5,0.49842891077081525
3,Jerry Springer,5,1.0876270032293359e-05
3,Joey Lawrence,5,0.0029044262709195783
3,Mario Lopez,5,0.4984363384763717
3,Monique Coleman,5,9.482175456440127e-05
3,Sara Evans,5,6.231322864846065e-05
3,Willa Ford,5,6.231322864846065e-05
3,Emmitt Smith,6,0.498628481744235
3,Jerry Springer,6,3.573059785517314e-05
3,Joey Lawrence,6,0.002520059706235356
3,Mario Lopez,6,0.49862243746072615
3,Monique Coleman,6,0.00019329049094833492
3,Emmitt Smith,7,0.4988979953039187
3,Jerry Springer,7,0.0
3,Joey Lawrence,7,0.002174425689097267
3,Mario Lopez,7,0.49890237931496456
3,Monique Coleman,7,2.5199692019602975e-05
3,Emmitt Smith,8,0.499012881403635
3,Joey Lawrence,8,0.0019769121217638056
3,Mario Lopez,8,0.4990102064746013
3,Monique Coleman,8,0.0
3,Emmitt Smith,9,0.4992180047055821
3,Joey Lawrence,9,0.0015626428831348352
3,Mario Lopez,9,0.4992193524112831
3,Emmitt Smith,10,0.5000001870968375
3,Mario Lopez,10,0.4999998129031625
4,Apolo Anton Ohno,1,0.33180080755796176
4,Billy Ray Cyrus,1,3.639880917754547e-16
4,Clyde Drexler,1,7.425812733036886e-05
4,Heather Mills,1,1.7659921300405298e-05
4,Ian Ziering,1,0.0043903727036944985
4,Joey Fatone,1,0.331791355749056
4,John Ratzenberger,1,1.507590591661144e-16
4,Laila Ali,1,0.3317879805128041
4,Leeza Gibbons,1,6.269506765154442e-05
4,Paulina Porizkova,1,1.6924425468461288e-16
4,Shandi Finnessey,1,7.487036020111892e-05
4,Apolo Anton Ohno,2,0.3317242489987552
4,Billy Ray Cyrus,2,0.0
4,Clyde Drexler,2,1.1009899572277387e-05
4,Heather Mills,2,5.240956140977295e-05
4,Ian Ziering,2,0.00423830751119846
4,Joey Fatone,2,0.331751596556534
4,John Ratzenberger,2,4.154878279554575e-05
4,Laila Ali,2,0.33176112237823924
4,Leeza Gibbons,2,0.0002898970892080786
4,Paulina Porizkova,2,5.750930282680492e-17
4,Shandi Finnessey,2,0.00012985922229367792
4,Apolo Anton Ohno,3,0.33184033739603797
4,Billy Ray Cyrus,3,1.4172722232100423e-05
4,Clyde Drexler,3,2.4053301665740422e-17
4,Heather Mills,3,7.472048537420378e-05
4,Ian Ziering,3,0.004100746518551278
4,Joey Fatone,3,0.3317981928885843
4,John Ratzenberger,3,4.685431383427414e-05
4,Laila Ali,3,0.3317841818279596
4,Leeza Gibbons,3,0.0002257358578228355
4,Shandi Finnessey,3,0.00011505798825131016
4,Apolo Anton Ohno,4,0.3319118126935227
4,Billy Ray Cyrus,4,6.786030391097119e-06
4,Clyde Drexler,4,7.30725838275962e-05
4,Heather Mills,4,3.0073372508801517e-05
4,Ian Ziering,4,0.003906521127308674
4,Joey Fatone,4,0.3319642294012792
4,John Ratzenberger,4,4.482351894471955e-05
4,Laila Ali,4,0.3319805086388693
4,Leeza Gibbons,4,8.217263334785697e-05
4,Apolo Anton Ohno,5,0.332097070462082
4,Billy Ray Cyrus,5,1.3686079382714951e-05
4,Clyde Drexler,5,0.00015894464425485736
4,Heather Mills,5,2.7973482008357437e-05
4,Ian Ziering,5,0.0036385716859409158
4,Joey Fatone,5,0.33204005812345044
4,John Ratzenberger,5,4.184483646905672e-17
4,Laila Ali,5,0.3320236955228806
4,Apolo Anton Ohno,6,0.33214599068805617
4,Billy Ray Cyrus,6,6.343522124617696e-05
4,Heather Mills,6,1.5219233964471784e-05
4,Ian Ziering,6,0.0033395153705339906
4,Joey Fatone,6,0.332201822203293
4,John Ratzenberger,6,1.7501474584561544e-05
4,Laila Ali,6,0.33221651580832173
4,Apolo Anton Ohno,7,0.3323752402656536
4,Billy Ray Cyrus,7,1.483137762980414e-05
4,Ian Ziering,7,0.002901042603737247
4,Joey Fatone,7,0.3323260490533117
4,John Ratzenberger,7,6.867376150096844e-05
4,Laila Ali,7,0.3323141629381667
4,Apolo Anton Ohno,8,0.33248131706825745
4,Billy Ray Cyrus,8,5.254925245680518e-17
4,Ian Ziering,8,0.0024708794329243275
4,Joey Fatone,8,0.3325196305717664
4,Laila Ali,8,0.33252817292705183
4,Apolo Anton Ohno,9,0.33268060972408764
4,Ian Ziering,9,0.0020116666541777663
4,Joey Fatone,9,0.3326564092667487
4,Laila Ali,9,0.33265131435498596
4,Apolo Anton Ohno,10,0.3333272276769214
4,Joey Fatone,10,0.333335539939029
4,Laila Ali,10,0.33333723238404966
5,Albert Reed,1,5.462749980069693e-05
5,Cameron Mathison,1,1.0925975769673759e-16
5,Floyd Mayweather Jr. ,1,0.000389093075129565
5,Helio Castroneves,1,0.33180099953311565
5,Jane Seymour,1,0.00013267438008373906
5,Jennie Garth,1,0.0037170022502393037
5,Josie Maran,1,3.19145479933519e-05
5,Marie Osmond,1,0.3318009897400251
5,Mark Cuban,1,0.0
5,Mel B,1,0.3318009351556561
5,Sabrina Bryan,1,4.817346834505574e-05
5,Wayne Newton,1,0.00022359034961336557
5,Albert Reed,2,0.00010998309960440173
5,Cameron Mathison,2,2.4579840362602493e-05
5,Floyd Mayweather Jr. ,2,1.2748267995831358e-05
5,Helio Castroneves,2,0.3319707446618906
5,Jane Seymour,2,1.0040931853170875e-15
5,Jennie Garth,2,0.0036029942659434305
5,Marie Osmond,2,0.33197081801973355
5,Mark Cuban,2,8.447656254860334e-05
5,Mel B,2,0.33197083786567533
5,Sabrina Bryan,2,0.00014874186329247175
5,Wayne Newton,2,0.00010407555295587423
5,Cameron Mathison,3,1.3708986587852154e-15
5,Floyd Mayweather Jr. ,3,0.00011724611565421688
5,Helio Castroneves,3,0.3320367107876888
5,Jane Seymour,3,0.00010037735191970505
5,Jennie Garth,3,0.0033809749125713337
5,Marie Osmond,3,0.3320366038358091
5,Mark Cuban,3,6.822972318708918e-05
5,Mel B,3,0.33203659970475086
5,Sabrina Bryan,3,0.00015811377026100633
5,Wayne Newton,3,6.514379815749644e-05
5,Cameron Mathison,4,8.214186014022883e-05
5,Floyd Mayweather Jr. ,4,0.00020436684874285628
5,Helio Castroneves,4,0.33202806362536136
5,Jane Seymour,4,9.493466905482989e-05
5,Jennie Garth,4,0.003419604679216987
5,Marie Osmond,4,0.33202822872604254
5,Mark Cuban,4,3.459382626726775e-05
5,Mel B,4,0.3320282024099436
5,Sabrina Bryan,4,7.986335523181412e-05
5,Cameron Mathison,5,2.697591428505417e-05
5,Helio Castroneves,5,0.33222774162093044
5,Jane Seymour,5,0.00010785695431471608
5,Jennie Garth,5,0.003028962457262949
5,Marie Osmond,5,0.33222757842860456
5,Mark Cuban,5,0.00011432356533060757
5,Mel B,5,0.33222752853460275
5,Sabrina Bryan,5,3.903252466905197e-05
5,Cameron Mathison,6,6.450307965448338e-05
5,Helio Castroneves,6,0.33231982784929015
5,Jane Seymour,6,0.00012089783035563748
5,Jennie Garth,6,0.002644743303259055
5,Marie Osmond,6,0.3323199981811613
5,Mel B,6,0.332320050471354
5,Sabrina Bryan,6,0.00020997928492595935
5,Cameron Mathison,7,3.596224823141377e-05
5,Helio Castroneves,7,0.3324960718444764
5,Jane Seymour,7,0.00010044532805546641
5,Jennie Garth,7,0.0023756223710056437
5,Marie Osmond,7,0.3324959716081255
5,Mel B,7,0.332495926600106
5,Cameron Mathison,8,9.561936204259727e-05
5,Helio Castroneves,8,0.33258481409148094
5,Jennie Garth,8,0.002149697540097433
5,Marie Osmond,8,0.3325849327654129
5,Mel B,8,0.3325849362409662
5,Helio Castroneves,9,0.3327681556012807
5,Jennie Garth,9,0.001695731444254194
5,Marie Osmond,9,0.3327680681022786
5,Mel B,9,0.3327680448521864
5,Helio Castroneves,10,0.33333331050890486
5,Marie Osmond,10,0.3333333481763912
5,Mel B,10,0.333333341314704
6,Adam Carolla,1,1.7221348551595477e-05
6,Cristian de la Fuente,1,0.33181259323511053
6,Jason Taylor,1,0.33181310471908854
6,Kristi Yamaguchi,1,0.33181411089386936
6,Mario,1,0.0
6,Marissa Jaret Winokur,1,0.003999196029545268
6,Marlee Matlin,1,0.00028725053778476774
6,Monica Seles,1,2.891676222137331e-05
6,Penn Jillette,1,2.8916762221374026e-05
6,Priscilla Presley,1,5.3689511186200005e-05
6,Shannon Elizabeth,1,6.344577921108358e-05
6,Steve Guttenberg,1,8.155442121023462e-05
6,Adam Carolla,2,2.410722948177322e-05
6,Cristian de la Fuente,2,0.33181865004506716
6,Jason Taylor,2,0.33181718278383143
6,Kristi Yamaguchi,2,0.33181425464138464
6,Mario,2,2.3278910550420036e-05
6,Marissa Jaret Winokur,2,0.00386186515472694
6,Marlee Matlin,2,0.0004205695551254142
6,Monica Seles,2,4.00011113026168e-05
6,Penn Jillette,2,4.0001111302590156e-05
6,Priscilla Presley,2,7.693122803597144e-05
6,Shannon Elizabeth,2,1.8750068837484482e-06
6,Steve Guttenberg,2,6.128322230773556e-05
6,Adam Carolla,3,1.3791900179465596e-05
6,Cristian de la Fuente,3,0.3318734786315923
6,Jason Taylor,3,0.3318757485831096
6,Kristi Yamaguchi,3,0.33188028798354646
6,Mario,3,7.999141405092296e-05
6,Marissa Jaret Winokur,3,0.003602944085196247
6,Marlee Matlin,3,0.0003428776499047859
6,Priscilla Presley,3,0.0002597804607004771
6,Shannon Elizabeth,3,1.6118366689175488e-05
6,Steve Guttenberg,3,5.498092503076425e-05
6,Adam Carolla,4,4.719281803113115e-05
6,Cristian de la Fuente,4,0.33203221148725875
6,Jason Taylor,4,0.3320293898390462
6,Kristi Yamaguchi,4,0.33202369496564044
6,Mario,4,1.8002263258111774e-05
6,Marissa Jaret Winokur,4,0.0033378792908269487
6,Marlee Matlin,4,0.00034052608993776797
6,Priscilla Presley,4,0.00012793867503080352
6,Shannon Elizabeth,4,4.316457096993382e-05
6,Cristian de la Fuente,5,0.33219391770201123
6,Jason Taylor,5,0.33219700470093555
6,Kristi Yamaguchi,5,0.33220326822620316
6,Mario,5,0.0
6,Marissa Jaret Winokur,5,0.0030861458307267836
6,Marlee Matlin,5,0.0002016868484791437
6,Priscilla Presley,5,9.891178030864386e-05
6,Shannon Elizabeth,5,1.9064911335613337e-05
6,Cristian de la Fuente,6,0.33227432045625027
6,Jason Taylor,6,0.3322712897437429
6,Kristi Yamaguchi,6,0.33226505897760444
6,Mario,6,1.5754822665817452e-05
6,Marissa Jaret Winokur,6,0.0028192154092393415
6,Marlee Matlin,6,0.0003525951592338635
6,Shannon Elizabeth,6,1.7654312634408481e-06
6,Cristian de la Fuente,7,0.33244594134852773
6,Jason Taylor,7,0.33244864353759634
6,Kristi Yamaguchi,7,0.3324542218606622
6,Mario,7,5.437003652540852e-05
6,Marissa Jaret Winokur,7,0.002524920049425704
6,Shannon Elizabeth,7,7.190316726268324e-05
6,Cristian de la Fuente,8,0.3326366810764458
6,Jason Taylor,8,0.33263457245133826
6,Kristi Yamaguchi,8,0.33263015865616546
6,Mario,8,5.074654693988599e-05
6,Marissa Jaret Winokur,8,0.0020478412691106234
6,Cristian de la Fuente,9,0.3328176159014377
6,Jason Taylor,9,0.332818962745375
6,Kristi Yamaguchi,9,0.3328217773215447
6,Marissa Jaret Winokur,9,0.001541644031642582
6,Cristian de la Fuente,10,0.3333339623563667
6,Jason Taylor,10,0.3333335063821755
6,Kristi Yamaguchi,10,0.33333253126145784
7,Brooke Burke,1,0.33207655152579846
7,Cloris Leachman,1,7.246552760000897e-05
7,Cody Linley,1,0.0033418508422595784
7,Jeffrey Ross,1,3.1054938351773864e-16
7,Kim Kardashian,1,4.445278769338055e-05
7,Lance Bass,1,0.33208623492076755
7,Maurice Greene,1,0.0
7,Misty May-Treanor,1,4.4452787693382614e-05
7,Rocco DiSpirito,1,0.00010557661514418129
7,Susan Lucci,1,8.14791279199553e-05
7,Ted McGinley,1,5.248622717002327e-16
7,Toni Braxton,1,5.1781060619405747e-05
7,Warren Sapp,1,0.33209515480450325
7,Brooke Burke,2,0.3321192471810397
7,Cloris Leachman,2,0.00013889615444416748
7,Cody Linley,2,0.0034605536182199413
7,Kim Kardashian,2,1.2282519836273598e-15
7,Lance Bass,2,0.33209205179368917
7,Maurice Greene,2,8.437058018374854e-16
7,Misty May-Treanor,2,1.035374111208083e-15
7,Rocco DiSpirito,2,1.0232259646785619e-15
7,Susan Lucci,2,9.672845207100988e-16
7,Toni Braxton,2,0.0001240520123604255
7,Warren Sapp,2,0.3320651992402415
7,Brooke Burke,3,0.3320775414291601
7,Cloris Leachman,3,0.00018261920741151154
7,Cody Linley,3,0.003397491299395235
7,Lance Bass,3,0.3321171351622895
7,Maurice Greene,3,0.0
7,Rocco DiSpirito,3,1.0245710529988017e-16
7,Susan Lucci,3,6.337685096888197e-05
7,Toni Braxton,3,7.775084829436674e-17
7,Warren Sapp,3,0.3321618360507747
7,Brooke Burke,4,0.3322082858932171
7,Cloris Leachman,4,6.114900252818245e-17
7,Cody Linley,4,0.0030851947851803074
7,Lance Bass,4,0.332163079574246
7,Maurice Greene,4,7.042231923472253e-18
7,Rocco DiSpirito,4,5.422765086852606e-05
7,Susan Lucci,4,0.00011091359378136785
7,Toni Braxton,4,0.0002762879750951303
7,Warren Sapp,4,0.33210201052761146
7,Brooke Burke,5,0.33227796872545556
7,Cloris Leachman,5,5.425800301155324e-05
7,Cody Linley,5,0.0028587804628924674
7,Lance Bass,5,0.3323220263968218
7,Maurice Greene,5,8.56214784402537e-17
7,Susan Lucci,5,9.126892383611815e-05
7,Toni Braxton,5,7.539270856921076e-17
7,Warren Sapp,5,0.3323956974879823
7,Brooke Burke,6,0.33249585391172654
7,Cloris Leachman,6,0.00016164673221034768
7,Cody Linley,6,0.002506247197558013
7,Lance Bass,6,0.33245805925840405
7,Maurice Greene,6,5.366800753803247e-17
7,Susan Lucci,6,1.0486945513366042e-16
7,Warren Sapp,6,0.33237819290010095
7,Brooke Burke,7,0.33251751460113926
7,Cody Linley,7,0.0021894611784185744
7,Lance Bass,7,0.3325462160690742
7,Maurice Greene,7,8.077306185017008e-17
7,Susan Lucci,7,0.00012303859221507977
7,Warren Sapp,7,0.33262376955915296
7,Brooke Burke,8,0.3327329348270521
7,Cody Linley,8,0.0019049376317389695
7,Lance Bass,8,0.3327137791878374
7,Maurice Greene,8,3.326637197046539e-17
7,Warren Sapp,8,0.3326483483533716
7,Brooke Burke,9,0.33278531841722
7,Cody Linley,9,0.0015789160527786125
7,Lance Bass,9,0.33279591011222115
7,Warren Sapp,9,0.3328398554177801
7,Brooke Burke,10,0.33334072827591216
7,Lance Bass,10,0.3333373770573489
7,Warren Sapp,10,0.33332189466673895
8,Belinda Carlisle,1,2.865854481367601e-15
8,Chuck Wicks,1,5.0045103188564436e-05
8,David Alan Grier,1,1.4753959150150012e-06
8,Denise Richards,1,9.876925072950906e-06
8,Gilles Marini,1,0.33213754185353533
8,Holly Madison,1,3.952531034900983e-05
8,Lawrence Taylor,1,0.00020309266101286726
8,Lil' Kim,1,1.842587058313902e-15
8,Melissa Rycroft,1,0.33213928223168687
8,Shawn Johnson,1,0.332140006760392
8,Steve Wozniak,1,3.9525310348973624e-05
8,Steve-O,1,0.0
8,Ty Murray,1,0.0032396284484962753
8,Belinda Carlisle,2,0.0
8,Chuck Wicks,2,1.256731773808173e-15
8,David Alan Grier,2,5.671328856271379e-05
8,Denise Richards,2,2.8071554494212507e-15
8,Gilles Marini,2,0.332112840701873
8,Holly Madison,2,0.0001146827093995396
8,Lawrence Taylor,2,0.000187160020115977
8,Lil' Kim,2,1.0893313852938207e-05
8,Melissa Rycroft,2,0.3321078101703365
8,Shawn Johnson,2,0.33210572369020125
8,Steve Wozniak,2,0.00011468270939903597
8,Steve-O,2,8.845232986114962e-05
8,Ty Murray,2,0.0031010410664168144
8,Chuck Wicks,3,0.0001308361528974047
8,David Alan Grier,3,6.160948093400596e-05
8,Denise Richards,3,5.62562081144055e-17
8,Gilles Marini,3,0.33212999750132205
8,Holly Madison,3,7.976609284651537e-05
8,Lawrence Taylor,3,0.00015371554804505483
8,Lil' Kim,3,1.266596103485084e-15
8,Melissa Rycroft,3,0.33213763390502166
8,Shawn Johnson,3,0.33214164246889477
8,Steve Wozniak,3,7.976609284652338e-05
8,Steve-O,3,7.543456888690333e-05
8,Ty Murray,3,0.003009598188305461
8,Chuck Wicks,4,0.00017547644090761796
8,David Alan Grier,4,9.553504674530878e-05
8,Gilles Marini,4,0.3322249105618173
8,Holly Madison,4,6.409390468827343e-17
8,Lawrence Taylor,4,3.638924892661096e-05
8,Lil' Kim,4,6.392827116769498e-05
8,Melissa Rycroft,4,0.33221546120592776
8,Shawn Johnson,4,0.3322096242974899
8,Steve Wozniak,4,8.001503879408888e-17
8,Steve-O,4,3.5179083573390826e-05
8,Ty Murray,4,0.002943495843445273
8,Chuck Wicks,5,0.00013061692487242312
8,David Alan Grier,5,7.656214469589421e-05
8,Gilles Marini,5,0.3322726371062456
8,Lawrence Taylor,5,0.0001732669349989389
8,Lil' Kim,5,1.7158840678590065e-15
8,Melissa Rycroft,5,0.332282977680834
8,Shawn Johnson,5,0.3322907116841181
8,Steve-O,5,1.486623661240688e-05
8,Ty Murray,5,0.0027583612876208767
8,Chuck Wicks,6,3.2916108454132524e-05
8,Gilles Marini,6,0.3324096050985861
8,Lawrence Taylor,6,0.00010094345422786143
8,Lil' Kim,6,3.495600045193473e-05
8,Melissa Rycroft,6,0.3323990682600986
8,Shawn Johnson,6,0.3323904098890134
8,Steve-O,6,3.2047545326221567e-06
8,Ty Murray,6,0.0026288964346353285
8,Chuck Wicks,7,0.00010694992504468852
8,Gilles Marini,7,0.3324458189808879
8,Lawrence Taylor,7,8.359018385668546e-05
8,Lil' Kim,7,7.385547244987801e-05
8,Melissa Rycroft,7,0.3324557780886651
8,Shawn Johnson,7,0.3324646465490829
8,Ty Murray,7,0.0023693608000129457
8,Chuck Wicks,8,0.00016326354641966822
8,Gilles Marini,8,0.3325785708209918
8,Lil' Kim,8,3.499108539071287e-05
8,Melissa Rycroft,8,0.3325697961763119
8,Shawn Johnson,8,0.3325620173124497
8,Ty Murray,8,0.002091361058436213
8,Gilles Marini,9,0.33271501103900863
8,Lil' Kim,9,7.03370482575836e-05
8,Melissa Rycroft,9,0.33272185536006904
8,Shawn Johnson,9,0.33272799145010346
8,Ty Murray,9,0.0017648051025613127
8,Gilles Marini,10,0.33283816755791457
8,Melissa Rycroft,10,0.33283375844695856
8,Shawn Johnson,10,0.33283003647730824
8,Ty Murray,10,0.0014980375178187527
8,Gilles Marini,11,0.33333187604092573
8,Melissa Rycroft,11,0.3333333763054455
8,Shawn Johnson,11,0.33333474765362875
9,Aaron Carter,1,1.858057742141197e-05
9,Ashley Hamiliton,1,3.963273216692942e-06
9,Chuck Liddell,1,6.054801979557119e-06
9,Debi Mazar,1,3.899720812889772e-05
9,Donny Osmond,1,0.3325550910729478
9,Joanna Krupa,1,0.0015988867618427199
9,Kathy Ireland,1,5.409179869515965e-06
9,Kelly Osbourne,1,0.3325558095356041
9,Louie Vito,1,0.0002239511771642044
9,Macy Gray,1,3.963273216678132e-06
9,Mark Dacascos,1,7.739169147034059e-05
9,Melissa Joan Hart,1,0.0002239576608360946
9,Michael Irvin,1,7.739169147205635e-05
9,Mya,1,0.33255485586511846
9,Natalie Coughlin,1,1.669902158293585e-05
9,Tom DeLay,1,3.899720812881422e-05
9,Aaron Carter,2,0.00011961928006717839
9,Chuck Liddell,2,0.0
9,Debi Mazar,2,6.894743473985311e-05
9,Donny Osmond,2,0.3324916760925001
9,Joanna Krupa,2,0.0016792738284286692
9,Kathy Ireland,2,9.642683775869474e-06
9,Kelly Osbourne,2,0.33248959672559386
9,Louie Vito,2,6.241740847087889e-05
9,Mark Dacascos,2,0.0002275035456394478
9,Melissa Joan Hart,2,6.24255572117105e-05
9,Michael Irvin,2,0.0002275035456394334
9,Mya,2,0.3324924464633317
9,Natalie Coughlin,2,0.0
9,Tom DeLay,2,6.894743460145576e-05
9,Aaron Carter,3,6.501550441096703e-05
9,Chuck Liddell,3,0.0
9,Debi Mazar,3,9.330410628365131e-06
9,Donny Osmond,3,0.33256874623335253
9,Joanna Krupa,3,0.0016345668752836366
9,Kelly Osbourne,3,0.332572004319921
9,Louie Vito,3,7.089943522794694e-05
9,Mark Dacascos,3,0.0001861892867182469
9,Melissa Joan Hart,3,7.090684519137347e-05
9,Michael Irvin,3,0.00018618928671824815
9,Mya,3,0.33256737498592465
9,Natalie Coughlin,3,5.9446405994778046e-05
9,Tom DeLay,3,9.330410628365361e-06
9,Aaron Carter,4,2.3647299201649404e-05
9,Chuck Liddell,4,2.450958992522676e-06
9,Donny Osmond,4,0.3325745527924839
9,Joanna Krupa,4,0.0013866867138071562
9,Kelly Osbourne,4,0.33257042729251063
9,Louie Vito,4,0.00017472121358328883
9,Mark Dacascos,4,0.0001613229870552325
9,Melissa Joan Hart,4,0.0001747275658372192
9,Michael Irvin,4,0.0001613229870552395
9,Mya,4,0.3325766165676857
9,Natalie Coughlin,4,0.00019352362178752048
9,Aaron Carter,5,3.3664339332379024e-05
9,Donny Osmond,5,0.3327201118411017
9,Joanna Krupa,5,0.0013856949501608793
9,Kelly Osbourne,5,0.3327247490644214
9,Louie Vito,5,0.00011275090740686162
9,Mark Dacascos,5,8.543929195004866e-05
9,Melissa Joan Hart,5,0.0001127379170646951
9,Michael Irvin,5,8.543929195004513e-05
9,Mya,5,0.332717432276189
9,Natalie Coughlin,5,2.1980120423144553e-05
9,Aaron Carter,6,4.4189564059747105e-05
9,Donny Osmond,6,0.33278437711343073
9,Joanna Krupa,6,0.0012048849142773591
9,Kelly Osbourne,6,0.33277966639401746
9,Louie Vito,6,0.00011613077913062841
9,Mark Dacascos,6,8.356105738815557e-05
9,Melissa Joan Hart,6,0.0001161372846220592
9,Michael Irvin,6,8.356105738815672e-05
9,Mya,6,0.3327874918356857
9,Aaron Carter,7,3.618049592435386e-05
9,Donny Osmond,7,0.3329078659444348
9,Joanna Krupa,7,0.0010583387204830832
9,Kelly Osbourne,7,0.3329121915326282
9,Mark Dacascos,7,9.035518896048785e-05
9,Michael Irvin,7,9.035518896049673e-05
9,Mya,7,0.3329047129286086
9,Aaron Carter,8,3.079612634877718e-05
9,Donny Osmond,8,0.3329948057242905
9,Joanna Krupa,8,0.000985518513445653
9,Kelly Osbourne,8,0.33299131277572225
9,Mya,8,0.332997566860193
9,Donny Osmond,9,0.3330501289421429
9,Joanna Krupa,9,0.0008492150862452792
9,Kelly Osbourne,9,0.3330523942019834
9,Mya,9,0.3330482617696283
9,Donny Osmond,10,0.3333333698926535
9,Kelly Osbourne,10,0.3333325805551617
9,Mya,10,0.33333404955218476
10,Aiden Turner,1,0.00011061504296490558
10,Buzz Aldrin,1,0.00017980800547878984
10,Chad Ochocinco,1,0.004535393600410538
10,Erin Andrews,1,0.33164432847307024
10,Evan Lysacek,1,0.33163782706022504
10,Jake Pavelka,1,5.732682891831705e-05
10,Kate Gosselin,1,0.00010638063812655185
10,Nicole Scherzinger,1,0.33163128885137605
10,Niecy Nash,1,0.0
10,Pamela Anderson,1,8.934049120641686e-05
10,Shannen Doherty,1,7.691008223302271e-06
10,Aiden Turner,2,0.00019642033837506583
10,Buzz Aldrin,2,0.00021581873004264843
10,Chad Ochocinco,2,0.004351270592213371
10,Erin Andrews,2,0.3316876761372014
10,Evan Lysacek,2,0.33170653568259334
10,Jake Pavelka,2,6.166687106882903e-05
10,Kate Gosselin,2,5.7902113080435375e-06
10,Nicole Scherzinger,2,0.331725097971017
10,Niecy Nash,2,2.694022754571341e-05
10,Pamela Anderson,2,2.2783238636858787e-05
10,Shannen Doherty,2,2.2059502951839855e-16
10,Aiden Turner,3,4.094377873088228e-05
10,Buzz Aldrin,3,0.00011042117681284113
10,Chad Ochocinco,3,0.004220503755528799
10,Erin Andrews,3,0.33184837571838166
10,Evan Lysacek,3,0.3318188867960331
10,Jake Pavelka,3,5.834175723192874e-05
10,Kate Gosselin,3,9.090417670737566e-05
10,Nicole Scherzinger,3,0.33179119292896003
10,Niecy Nash,3,2.0429911613546522e-05
10,Pamela Anderson,3,0.0
10,Aiden Turner,4,5.4962674850650364e-05
10,Chad Ochocinco,4,0.003990361081444395
10,Erin Andrews,4,0.3318255380811268
10,Evan Lysacek,4,0.331862897947403
10,Jake Pavelka,4,0.00012062201944663091
10,Kate Gosselin,4,0.00020297100359763386
10,Nicole Scherzinger,4,0.331895680085185
10,Niecy Nash,4,0.0
10,Pamela Anderson,4,4.696710694599261e-05
10,Chad Ochocinco,5,0.00371848638919118
10,Erin Andrews,5,0.33200646715580256
10,Evan Lysacek,5,0.33196473086821493
10,Jake Pavelka,5,0.00016028159381066
10,Kate Gosselin,5,8.321320021237655e-05
10,Nicole Scherzinger,5,0.33193115248497246
10,Niecy Nash,5,1.4515453131472947e-05
10,Pamela Anderson,5,0.00012115285466426096
10,Chad Ochocinco,6,0.0033433187720189814
10,Erin Andrews,6,0.332091991520257
10,Evan Lysacek,6,0.33213395974454574
10,Jake Pavelka,6,0.0001205079544057293
10,Nicole Scherzinger,6,0.33216472006714587
10,Niecy Nash,6,4.674940503198194e-18
10,Pamela Anderson,6,0.00014550194162674517
10,Chad Ochocinco,7,0.00293915831893066
10,Erin Andrews,7,0.3323785022721071
10,Evan Lysacek,7,0.33234043016974785
10,Nicole Scherzinger,7,0.33231508674606575
10,Niecy Nash,7,2.3798794104199235e-05
10,Pamela Anderson,7,3.0236990445628672e-06
10,Chad Ochocinco,8,0.0024892209290890465
10,Erin Andrews,8,0.33246840437462916
10,Evan Lysacek,8,0.3324987370771918
10,Nicole Scherzinger,8,0.3325172710166155
10,Niecy Nash,8,2.6366602474548106e-05
10,Chad Ochocinco,9,0.002104315492183916
10,Erin Andrews,9,0.33264867055012026
10,Evan Lysacek,9,0.3326290764044992
10,Nicole Scherzinger,9,0.3326179375531967
10,Erin Andrews,10,0.3333275914883292
10,Evan Lysacek,10,0.33333435173245196
10,Nicole Scherzinger,10,0.3333380567792188
11,Audrina Patridge,1,0.0002557215256935327
11,Brandy,1,0.004036396946633088
11,Bristol Palin,1,0.3316313946921439
11,David Hasselhoff,1,7.715898306051108e-06
11,Florence Henderson,1,3.472412585695439e-05
11,Jennifer Grey,1,0.3316262360206855
11,Kurt Warner,1,7.253235932402189e-05
11,Kyle Massey,1,0.33162178611921944
11,Margaret Cho,1,0.0002828930317602147
11,Michael Bolton,1,0.00013679498408453714
11,Rick Fox,1,3.2064404520077594e-05
11,The Situation,1,0.0002617398914996514
11,Audrina Patridge,2,0.00033552389832676747
11,Brandy,2,0.003972741750472143
11,Bristol Palin,2,0.33159350357081335
11,Florence Henderson,2,4.096961537197062e-05
11,Jennifer Grey,2,0.33160878825132784
11,Kurt Warner,2,1.1159733961830799e-05
11,Kyle Massey,2,0.3316215839408953
11,Margaret Cho,2,0.0003782180310954762
11,Michael Bolton,2,0.00019864241476656708
11,Rick Fox,2,2.7031528527148844e-05
11,The Situation,2,0.0002118372644430669
11,Audrina Patridge,3,0.00023574180942438345
11,Brandy,3,0.003926714618160813
11,Bristol Palin,3,0.3317744826531669
11,Florence Henderson,3,9.688128888846026e-05
11,Jennifer Grey,3,0.33175042388736004
11,Kurt Warner,3,8.545310203375862e-17
11,Kyle Massey,3,0.3317306378371748
11,Margaret Cho,3,0.00026930040945237054
11,Rick Fox,3,1.6701658394510886e-05
11,The Situation,3,0.00019911583797818948
11,Audrina Patridge,4,0.0002662642806295866
11,Brandy,4,0.003683674998749098
11,Bristol Palin,4,0.33183653960383164
11,Florence Henderson,4,0.0001433655862439468
11,Jennifer Grey,4,0.33186742038747935
11,Kurt Warner,4,8.665293970003587e-05
11,Kyle Massey,4,0.33189210297417115
11,Rick Fox,4,0.00011947194828142629
11,The Situation,4,0.00010450728091367231
11,Audrina Patridge,5,0.00032074759511505166
11,Brandy,5,0.003276032680754603
11,Bristol Palin,5,0.33207330863695256
11,Florence Henderson,5,0.00019593394863781101
11,Jennifer Grey,5,0.33203865205332234
11,Kurt Warner,5,8.393849229619686e-05
11,Kyle Massey,5,0.3320113865929213
11,Rick Fox,5,2.337348819139576e-16
11,Audrina Patridge,6,0.0003429763527646502
11,Brandy,6,0.0030060699889196294
11,Bristol Palin,6,0.3321150256260915
11,Jennifer Grey,6,0.33215043359528995
11,Kurt Warner,6,0.00014201913878654764
11,Kyle Massey,6,0.3321775675306428
11,Rick Fox,6,6.590776750493758e-05
11,Brandy,7,0.002705723295712932
11,Bristol Palin,7,0.3323759092972279
11,Jennifer Grey,7,0.33234333909140673
11,Kurt Warner,7,0.00015039974188901873
11,Kyle Massey,7,0.33231912164884886
11,Rick Fox,7,0.00010550692491457324
11,Brandy,8,0.002234603690587037
11,Bristol Palin,8,0.3325357704518707
11,Jennifer Grey,8,0.33256220824561106
11,Kurt Warner,8,8.612251493998922e-05
11,Kyle Massey,8,0.3325812950969913
11,Brandy,9,0.001882076032942533
11,Bristol Palin,9,0.33272143871727344
11,Jennifer Grey,9,0.3327043025473684
11,Kyle Massey,9,0.3326921827024156
11,Bristol Palin,10,0.3333279321354943
11,Jennifer Grey,10,0.3333339313461479
11,Kyle Massey,10,0.33333813651835786
12,Chelsea Kane,1,0.3319900071090904
12,Chris Jericho,1,0.0
12,Hines Ward,1,0.3319901783699439
12,Kendra Wilkinson,1,4.5309322001711274e-05
12,Kirstie Alley,1,0.33198982862564497
12,Mike Catherwood,1,6.976171325608946e-05
12,Petra Nemcova,1,0.00021328224488163794
12,Ralph Macchio,1,0.003602125841682786
12,Romeo,1,5.191295527132156e-17
12,Sugar Ray Leonard,1,9.950677349978158e-05
12,Wendy Williams,1,4.619378881146052e-16
12,Chelsea Kane,2,0.33208350612150267
12,Chris Jericho,2,0.00014113068449325082
12,Hines Ward,2,0.33208299177208006
12,Kendra Wilkinson,2,1.2723379133740373e-06
12,Kirstie Alley,2,0.3320839589251438
12,Mike Catherwood,2,4.571984467033574e-05
12,Petra Nemcova,2,6.177783978822404e-16
12,Ralph Macchio,2,0.0033264757598671715
12,Romeo,2,5.756547029400141e-16
12,Sugar Ray Leonard,2,0.00022996152253165446
12,Wendy Williams,2,4.983028295456227e-06
12,Chelsea Kane,3,0.33208198715882215
12,Chris Jericho,3,0.00028576614173992515
12,Hines Ward,3,0.33208281654999694
12,Kendra Wilkinson,3,0.00010245297984753993
12,Kirstie Alley,3,0.3320813107954388
12,Petra Nemcova,3,4.693917780504431e-17
12,Ralph Macchio,3,0.0033656663741546936
12,Romeo,3,0.0
12,Sugar Ray Leonard,3,0.0
12,Wendy Williams,3,3.5114597861374275e-17
12,Chelsea Kane,4,0.3319245435453431
12,Chris Jericho,4,0.00016026928166657545
12,Hines Ward,4,0.331923425555148
12,Kendra Wilkinson,4,0.0002305014487112642
12,Kirstie Alley,4,0.3319252500970781
12,Petra Nemcova,4,0.0001203705811244026
12,Ralph Macchio,4,0.003168885826662562
12,Romeo,4,2.723932410506968e-05
12,Sugar Ray Leonard,4,0.0005195143401608701
12,Chelsea Kane,5,0.3321162391214427
12,Chris Jericho,5,0.00016109104118606837
12,Hines Ward,5,0.3321175849202247
12,Kendra Wilkinson,5,0.00023074989728666775
12,Kirstie Alley,5,0.3321156039486596
12,Petra Nemcova,5,0.0001775008172221416
12,Ralph Macchio,5,0.003081230253977967
12,Romeo,5,5.642594681429247e-17
12,Chelsea Kane,6,0.3323330755851085
12,Chris Jericho,6,5.125565770425222e-17
12,Hines Ward,6,0.3323315959630091
12,Kendra Wilkinson,6,7.174707876422826e-17
12,Kirstie Alley,6,0.33233351937550853
12,Ralph Macchio,6,0.0030018090763736906
12,Romeo,6,6.944738431243283e-17
12,Chelsea Kane,7,0.332419176504263
12,Hines Ward,7,0.3324206358936139
12,Kendra Wilkinson,7,0.00020460270238324837
12,Kirstie Alley,7,0.3324189091478581
12,Ralph Macchio,7,0.002536675751881715
12,Romeo,7,5.585674067373758e-17
12,Chelsea Kane,8,0.3326659305547786
12,Hines Ward,8,0.3326646799352025
12,Kirstie Alley,8,0.33266602475584955
12,Ralph Macchio,8,0.0019196944272191186
12,Romeo,8,8.36703269502543e-05
12,Chelsea Kane,9,0.3328529233186095
12,Hines Ward,9,0.3328537787189014
12,Kirstie Alley,9,0.3328529122592907
12,Ralph Macchio,9,0.001440385703198383
12,Chelsea Kane,10,0.3333334381520909
12,Hines Ward,10,0.33333313209742027
12,Kirstie Alley,10,0.3333334297504889
13,Carson Kressley,1,0.0
13,Chaz Bono,1,0.0
13,Chynna Phillips,1,0.00013752405256872802
13,David Arquette,1,0.0
13,Elisabetta Canalis,1,0.00031268316300270347
13,Hope Solo,1,0.003582467270050276
13,J.R. Martinez,1,0.3319062407249878
13,Kristin Cavallari,1,0.00017793425247793817
13,Metta World Peace (Ron),1,2.268678411128902e-05
13,Nancy Grace,1,5.6003156445586275e-05
13,Ricki Lake,1,0.33190300255246524
13,Rob Kardashian,1,0.3319014580438944
13,Carson Kressley,2,6.98762646123544e-05
13,Chaz Bono,2,3.4959822589398034e-05
13,Chynna Phillips,2,4.046513558259024e-16
13,David Arquette,2,2.063440022147256e-16
13,Elisabetta Canalis,2,5.299501567935491e-05
13,Hope Solo,2,0.0035342972277862582
13,J.R. Martinez,2,0.3319324112165426
13,Kristin Cavallari,2,0.0004875988521383215
13,Nancy Grace,2,1.149914988533493e-16
13,Ricki Lake,2,0.33194162820574313
13,Rob Kardashian,2,0.3319462333949078
13,Carson Kressley,3,0.0
13,Chaz Bono,3,2.4960636730806554e-05
13,Chynna Phillips,3,0.00028168825703359915
13,David Arquette,3,0.00013046990891089438
13,Hope Solo,3,0.0032748961651403253
13,J.R. Martinez,3,0.3320587189323885
13,Kristin Cavallari,3,0.0001477949519924924
13,Nancy Grace,3,0.0
13,Ricki Lake,3,0.3320444179728451
13,Rob Kardashian,3,0.33203705317495846
13,Carson Kressley,4,4.500278832046433e-05
13,Chaz Bono,4,8.605372124427613e-05
13,Chynna Phillips,4,0.0
13,David Arquette,4,9.455809272021566e-05
13,Hope Solo,4,0.00336219089760109
13,J.R. Martinez,4,0.3321003296749649
13,Nancy Grace,4,6.602525075706665e-05
13,Ricki Lake,4,0.3321181313621459
13,Rob Kardashian,4,0.33212770821224624
13,Carson Kressley,5,0.0001490077401370057
13,Chaz Bono,5,0.0
13,David Arquette,5,0.00013394534320193476
13,Hope Solo,5,0.0030755465125128223
13,J.R. Martinez,5,0.3322306025600793
13,Nancy Grace,5,0.0
13,Ricki Lake,5,0.33221091351280485
13,Rob Kardashian,5,0.33219998433126424
13,Chaz Bono,6,0.00011038689938352054
13,David Arquette,6,1.7211709488207383e-17
13,Hope Solo,6,0.0028773586545297056
13,J.R. Martinez,6,0.3323056426304333
13,Nancy Grace,6,4.4911407028488975e-05
13,Ricki Lake,6,0.33232521072190024
13,Rob Kardashian,6,0.3323364896867247
13,David Arquette,7,0.0003362484752555862
13,Hope Solo,7,0.0022638961288036622
13,J.R. Martinez,7,0.3324818517738046
13,Nancy Grace,7,0.0
13,Ricki Lake,7,0.33246422005548504
13,Rob Kardashian,7,0.3324537835666513
13,Hope Solo,8,0.0020707320331768836
13,J.R. Martinez,8,0.3326189376834164
13,Nancy Grace,8,3.631895119041476e-05
13,Ricki Lake,8,0.3326327646559092
13,Rob Kardashian,8,0.332641246676307
13,Hope Solo,9,0.0016054882590699898
13,J.R. Martinez,9,0.33280592479683957
13,Ricki Lake,9,0.3327970746248238
13,Rob Kardashian,9,0.33279151231926674
13,J.R. Martinez,10,0.3333306913446744
13,Ricki Lake,10,0.3333336776411148
13,Rob Kardashian,10,0.3333356310142109
14,Donald Driver,1,0.33274772081506426
14,Gavin DeGraw,1,0.00030300407718030116
14,Gladys Knight,1,0.0003210398879228998
14,Jack Wagner,1,1.920654432414568e-05
14,Jaleel White,1,4.980375008033237e-05
14,Katherine Jenkins,1,0.3327459041155596
14,Maria Menounos,1,0.0006710973344585072
14,Martina Navratilova,1,3.9323331164900776e-05
14,Melissa Gilbert,1,0.00010488261406058557
14,Roshon Fegan,1,0.00010488261406058896
14,Sherri Sheperd,1,0.00014681596115230186
14,William Levy,1,0.3327463189549716
14,Donald Driver,2,0.3328091243195877
14,Gavin DeGraw,2,0.0002421912757401467
14,Gladys Knight,2,0.0003732370439438182
14,Jack Wagner,2,6.5489125435246255e-06
14,Jaleel White,2,5.889914002896971e-05
14,Katherine Jenkins,2,0.33281389748522217
14,Maria Menounos,2,0.0006195240471895526
14,Martina Navratilova,2,3.571201301248468e-05
14,Melissa Gilbert,2,6.113808102101147e-05
14,Roshon Fegan,2,6.113808102101089e-05
14,Sherri Sheperd,2,0.00010591971785263846
14,William Levy,2,0.3328126698828375
14,Donald Driver,3,0.3328455664712503
14,Gavin DeGraw,3,0.0002248363797200651
14,Gladys Knight,3,0.00025603708599208463
14,Jack Wagner,3,2.341141172485704e-05
14,Jaleel White,3,7.796730985576345e-05
14,Katherine Jenkins,3,0.33283971616176805
14,Maria Menounos,3,0.0006373281187421401
14,Melissa Gilbert,3,7.558965696344243e-05
14,Roshon Fegan,3,7.5589656963447e-05
14,Sherri Sheperd,3,0.0001024983882989692
14,William Levy,3,0.332841459358721
14,Donald Driver,4,0.3328216565472287
14,Gavin DeGraw,4,0.0002241016623264751
14,Gladys Knight,4,0.00026721515620551544
14,Jaleel White,4,5.401453112328687e-05
14,Katherine Jenkins,4,0.33282633012918617
14,Maria Menounos,4,0.0006583964044201262
14,Melissa Gilbert,4,9.078852237003076e-05
14,Roshon Fegan,4,9.078852237002164e-05
14,Sherri Sheperd,4,0.00014237293430066934
14,William Levy,4,0.33282433559046914
14,Donald Driver,5,0.33288878025341356
14,Gavin DeGraw,5,0.00024453377685955185
14,Gladys Knight,5,0.0002761181675981456
14,Jaleel White,5,9.391584434466004e-06
14,Katherine Jenkins,5,0.3328871629505011
14,Maria Menounos,5,0.0006280729905484664
14,Melissa Gilbert,5,8.846968081411283e-05
14,Roshon Fegan,5,8.846968081416485e-05
14,William Levy,5,0.33288900091501644
14,Donald Driver,6,0.3329374867584879
14,Gladys Knight,6,0.0003425841086454153
14,Jaleel White,6,9.1356259945517e-06
14,Katherine Jenkins,6,0.3329353657476331
14,Maria Menounos,6,0.0007016258234831866
14,Melissa Gilbert,6,6.995386164173749e-05
14,Roshon Fegan,6,6.995386164173465e-05
14,William Levy,6,0.3329338942124724
14,Donald Driver,7,0.3330330105264972
14,Jaleel White,7,5.751025907404505e-05
14,Katherine Jenkins,7,0.3330381600845562
14,Maria Menounos,7,0.0006675141725657597
14,Melissa Gilbert,7,8.235115703948345e-05
14,Roshon Fegan,7,8.235115703950469e-05
14,William Levy,7,0.3330391026432278
14,Donald Driver,8,0.3331022369534059
14,Katherine Jenkins,8,0.33309597342737796
14,Maria Menounos,8,0.0005181972983753658
14,Melissa Gilbert,8,9.406004633368765e-05
14,Roshon Fegan,8,9.406004633369224e-05
14,William Levy,8,0.33309547222817326
14,Donald Driver,9,0.3331764154156035
14,Katherine Jenkins,9,0.3331814696867926
14,Maria Menounos,9,0.000460470791306429
14,William Levy,9,0.3331816441062975
14,Donald Driver,10,0.3333346299290172
14,Katherine Jenkins,10,0.333332709973323
14,William Levy,10,0.3333326600976599
15,Apolo Anton Ohno,1,2.2221485410464302e-05
15,Bristol Palin,1,0.0003354092168291449
15,Drew Lachey,1,1.960787400928512e-16
15,Emmitt Smith,1,2.2221485410109988e-05
15,Gilles Marini,1,0.00011653414483202142
15,Helio Castroneves,1,1.8976643424098005e-16
15,Joey Fatone,1,6.698883688562688e-09
15,Kelly Monaco,1,0.33300032604066915
15,Kirstie Alley,1,0.00011977858830348872
15,Melissa Rycroft,1,0.33297341814319187
15,Pamela Anderson,1,1.9288078003815136e-16
15,Sabrina Bryan,1,0.00041109007781369285
15,Shawn Johnson,1,0.33299899411865697
15,Apolo Anton Ohno,2,1.792336750100399e-05
15,Bristol Palin,2,0.0003629990888200664
15,Drew Lachey,2,7.581100574863798e-06
15,Emmitt Smith,2,1.7923367499016825e-05
15,Gilles Marini,2,0.00011047993966105358
15,Helio Castroneves,2,7.581100574400215e-06
15,Joey Fatone,2,1.5944149514723006e-05
15,Kelly Monaco,2,0.33295037468667066
15,Kirstie Alley,2,0.00011089744538302743
15,Melissa Rycroft,2,0.33302312492643155
15,Sabrina Bryan,2,0.00041969866034242
15,Shawn Johnson,2,0.33295547216702925
15,Apolo Anton Ohno,3,2.417849486972267e-05
15,Bristol Palin,3,0.0004273882702341222
15,Drew Lachey,3,7.004074304887455e-06
15,Emmitt Smith,3,2.4178494869672463e-05
15,Gilles Marini,3,9.250594273080616e-05
15,Helio Castroneves,3,7.004074304885681e-06
15,Kelly Monaco,3,0.3330061098975955
15,Kirstie Alley,3,9.575348427291951e-05
15,Melissa Rycroft,3,0.33290862389067766
15,Sabrina Bryan,3,0.000412155284238853
15,Shawn Johnson,3,0.3329950980919011
15,Apolo Anton Ohno,4,5.669408596711793e-05
15,Bristol Palin,4,0.0002839018573809921
15,Emmitt Smith,4,5.6694085967061265e-05
15,Gilles Marini,4,8.515935830486636e-05
15,Kelly Monaco,4,0.33299118317272114
15,Kirstie Alley,4,8.517179763763316e-05
15,Melissa Rycroft,4,0.3330867824065792
15,Sabrina Bryan,4,0.0003441213942590292
15,Shawn Johnson,4,0.333010291841183
15,Apolo Anton Ohno,5,3.837719015610278e-05
15,Emmitt Smith,5,3.8377190156176214e-05
15,Gilles Marini,5,0.00013515918377156934
15,Kelly Monaco,5,0.3331294538131226
15,Kirstie Alley,5,0.00014129721831538514
15,Melissa Rycroft,5,0.33305892906589485
15,Sabrina Bryan,5,0.00035624422910376946
15,Shawn Johnson,5,0.3331021621094795
15,Apolo Anton Ohno,6,8.202898747116192e-06
15,Emmitt Smith,6,8.202898747114261e-06
15,Gilles Marini,6,0.00014652956877825952
15,Kelly Monaco,6,0.33307282516506487
15,Kirstie Alley,6,0.0001425886377993831
15,Melissa Rycroft,6,0.33310617745868853
15,Sabrina Bryan,6,0.00040945962646181573
15,Shawn Johnson,6,0.33310601374571297
15,Apolo Anton Ohno,7,5.255072940016438e-05
15,Emmitt Smith,7,5.2550729400190193e-05
15,Gilles Marini,7,0.0001866849717671635
15,Kelly Monaco,7,0.3331835935600805
15,Kirstie Alley,7,0.0001899150368757282
15,Melissa Rycroft,7,0.3331854397844419
15,Shawn Johnson,7,0.33314926518803445
15,Apolo Anton Ohno,8,2.559189356862677e-05
15,Emmitt Smith,8,2.5591893568778174e-05
15,Gilles Marini,8,0.00017142950929342367
15,Kelly Monaco,8,0.33320004322550656
15,Kirstie Alley,8,0.00017021122240995124
15,Melissa Rycroft,8,0.3331771399686073
15,Shawn Johnson,8,0.33322999228704536
15,Apolo Anton Ohno,9,6.384086376018356e-05
15,Emmitt Smith,9,6.384086376004115e-05
15,Kelly Monaco,9,0.33328928128526175
15,Melissa Rycroft,9,0.33331404836658707
15,Shawn Johnson,9,0.333268988620631
15,Kelly Monaco,10,0.3333343605799952
15,Melissa Rycroft,10,0.33332406559744243
15,Shawn Johnson,10,0.3333415738225624
16,Alexandra Raisman,1,0.24872041128112932
16,Andy Dick,1,0.0
16,D. L. Hughley,1,0.0
16,Dorothy Hamill,1,0.00044066444651165036
16,Ingo Rademacher,1,0.0040076085484428165
16,Jacoby Jones,1,0.24871902012477093
16,Kellie Pickler,1,0.24872183351132762
16,Lisa Vanderpump,1,0.0003893430696968674
16,Sean Lowe,1,0.0
16,Victor Ortiz,1,0.0
16,Wynonna Judd,1,0.00027926513525515793
16,Zendaya,1,0.2487218538828656
16,Alexandra Raisman,2,0.2487732464861259
16,Andy Dick,2,0.0002646287580862314
16,D. L. Hughley,2,0.00021299125772983774
16,Dorothy Hamill,2,2.5695591487906455e-17
16,Ingo Rademacher,2,0.003946790231575041
16,Jacoby Jones,2,0.2487773006273202
16,Kellie Pickler,2,0.24876909162581184
16,Lisa Vanderpump,2,0.0003244031001030055
16,Sean Lowe,2,1.195242511589428e-06
16,Victor Ortiz,2,0.0001613889251210781
16,Wynonna Judd,2,3.686287386450715e-18
16,Zendaya,2,0.24876896374561538
16,Alexandra Raisman,3,0.24883229854168093
16,Andy Dick,3,0.00019100583599486015
16,D. L. Hughley,3,8.516892288463302e-06
16,Ingo Rademacher,3,0.0038815196732609157
16,Jacoby Jones,3,0.24882593369291103
16,Kellie Pickler,3,0.24883883845994106
16,Lisa Vanderpump,3,0.00026386131077845755
16,Sean Lowe,3,0.0
16,Victor Ortiz,3,0.0
16,Wynonna Judd,3,0.0003187679498149923
16,Zendaya,3,0.2488392576433292
16,Alexandra Raisman,4,0.24892017299897756
16,Andy Dick,4,0.0
16,D. L. Hughley,4,0.00018982228699991854
16,Ingo Rademacher,4,0.003768173746805814
16,Jacoby Jones,4,0.24892831867564175
16,Kellie Pickler,4,0.24891183284949986
16,Lisa Vanderpump,4,0.00024362229333472221
16,Sean Lowe,4,0.0
16,Victor Ortiz,4,0.00012715960063997407
16,Zendaya,4,0.2489108975481003
16,Alexandra Raisman,5,0.2490733435018591
16,Andy Dick,5,0.00021039988228821355
16,D. L. Hughley,5,1.7940929141847236e-05
16,Ingo Rademacher,5,0.0034669568252883006
16,Jacoby Jones,5,0.24906409675304125
16,Kellie Pickler,5,0.24908268590762606
16,Sean Lowe,5,0.0
16,Victor Ortiz,5,2.7756284274162244e-07
16,Zendaya,5,0.2490842986379126
16,Alexandra Raisman,6,0.2491791039177722
16,Andy Dick,6,0.0001382077705428079
16,Ingo Rademacher,6,0.0031185544536897207
16,Jacoby Jones,6,0.2491886527587661
16,Kellie Pickler,6,0.24916968715690987
16,Sean Lowe,6,0.0
16,Victor Ortiz,6,3.8368534190132446e-05
16,Zendaya,6,0.24916742540812917
16,Alexandra Raisman,7,0.2492546362849619
16,Andy Dick,7,4.612087544440387e-05
16,Ingo Rademacher,7,0.002924558604643892
16,Jacoby Jones,7,0.24924570208422644
16,Kellie Pickler,7,0.2492631712703965
16,Sean Lowe,7,0.0
16,Zendaya,7,0.24926581088032693
16,Alexandra Raisman,8,0.24934209979903665
16,Ingo Rademacher,8,0.0026377748998019273
16,Jacoby Jones,8,0.24934944976143092
16,Kellie Pickler,8,0.2493353076911656
16,Sean Lowe,8,2.5813308600765403e-06
16,Zendaya,8,0.24933278651770474
16,Alexandra Raisman,9,0.2494292334188846
16,Ingo Rademacher,9,0.002277357735470093
16,Jacoby Jones,9,0.24942437688381047
16,Kellie Pickler,9,0.24943360105571966
16,Zendaya,9,0.24943543090611522
16,Alexandra Raisman,10,0.2500004955739595
16,Jacoby Jones,10,0.25000219660486744
16,Kellie Pickler,10,0.2499989886434502
16,Zendaya,10,0.24999831917772294
17,Amber Riley,1,0.2487761923908944
17,Bill Engvall,1,0.24877049491288286
17,Bill Nye,1,5.966546809144853e-05
17,Brant Daugherty,1,4.172494904242901e-06
17,Christina Milian,1,0.00017349806150964879
17,Corbin Bleu,1,0.2487786098228835
17,Elizabeth Berkley Lauren,1,1.1666679525668943e-15
17,Jack Osbourne,1,0.24877242132443678
17,Keyshawn Johnson,1,3.434778389934187e-05
17,Leah Remini,1,0.0041571353384822814
17,"Nicole ""Snooki"" Polizzi",1,0.00021520730238900522
17,Valerie Harper,1,0.0002582550996252785
17,Amber Riley,2,0.24884827150305433
17,Bill Engvall,2,0.24886503502707824
17,Bill Nye,2,1.6764767336123209e-15
17,Brant Daugherty,2,2.123064282062021e-05
17,Christina Milian,2,0.00015914032801992787
17,Corbin Bleu,2,0.24884103034723437
17,Elizabeth Berkley Lauren,2,4.698977279061121e-16
17,Jack Osbourne,2,0.24885938794979098
17,Keyshawn Johnson,2,0.00012199533721649725
17,Leah Remini,2,0.004122732134320046
17,"Nicole ""Snooki"" Polizzi",2,7.25023338944985e-05
17,Valerie Harper,2,8.867439656866798e-05
17,Amber Riley,3,0.2488839102554597
17,Bill Engvall,3,0.24885743157096005
17,Bill Nye,3,1.2981162817995387e-05
17,Brant Daugherty,3,2.784290058229434e-17
17,Christina Milian,3,0.000294663708571227
17,Corbin Bleu,3,0.2488949530173865
17,Elizabeth Berkley Lauren,3,2.02477443191965e-05
17,Jack Osbourne,3,0.248866675052355
17,Leah Remini,3,0.003943233557175759
17,"Nicole ""Snooki"" Polizzi",3,7.465581038803289e-05
17,Valerie Harper,3,0.0001512481205667038
17,Amber Riley,4,0.24896529040100748
17,Bill Engvall,4,0.24899967552208804
17,Brant Daugherty,4,2.053980314207253e-05
17,Christina Milian,4,7.315429659630685e-05
17,Corbin Bleu,4,0.24895141873040555
17,Elizabeth Berkley Lauren,4,1.732948886526034e-16
17,Jack Osbourne,4,0.24898726367755306
17,Leah Remini,4,0.0037869029061017765
17,"Nicole ""Snooki"" Polizzi",4,4.152659813250442e-05
17,Valerie Harper,4,0.00017422806497352297
17,Amber Riley,5,0.24906431087028777
17,Bill Engvall,5,0.2490247523688833
17,Brant Daugherty,5,4.883227132956842e-05
17,Christina Milian,5,7.569581773787356e-05
17,Corbin Bleu,5,0.24907927407164446
17,Elizabeth Berkley Lauren,5,6.187407948374809e-05
17,Jack Osbourne,5,0.24903966952459125
17,Leah Remini,5,0.003520804952971714
17,"Nicole ""Snooki"" Polizzi",5,8.478604307043446e-05
17,Amber Riley,6,0.24911653626463443
17,Bill Engvall,6,0.24915831181269818
17,Brant Daugherty,6,0.00010204534932267188
17,Corbin Bleu,6,0.2491016547252736
17,Elizabeth Berkley Lauren,6,7.643218747544286e-05
17,Jack Osbourne,6,0.24914191009144324
17,Leah Remini,6,0.003269391821014452
17,"Nicole ""Snooki"" Polizzi",6,3.371774813805127e-05
17,Amber Riley,7,0.24924099916143366
17,Bill Engvall,7,0.2492005050351552
17,Brant Daugherty,7,0.0
17,Corbin Bleu,7,0.24925428418424633
17,Elizabeth Berkley Lauren,7,8.073494040914281e-05
17,Jack Osbourne,7,0.24921704151238191
17,Leah Remini,7,0.002979793873509524
17,"Nicole ""Snooki"" Polizzi",7,2.6641292864290244e-05
17,Amber Riley,8,0.2493024568054732
17,Bill Engvall,8,0.24933835699421666
17,Brant Daugherty,8,1.2195268185248458e-06
17,Corbin Bleu,8,0.24929137702994528
17,Elizabeth Berkley Lauren,8,0.00017395688118966267
17,Jack Osbourne,8,0.24932321834214613
17,Leah Remini,8,0.002569414420210595
17,Amber Riley,9,0.2494197649935455
17,Bill Engvall,9,0.2493916676742601
17,Corbin Bleu,9,0.24942783544050728
17,Elizabeth Berkley Lauren,9,0.00013835465166008173
17,Jack Osbourne,9,0.24940383703897376
17,Leah Remini,9,0.002218540201053287
17,Amber Riley,10,0.24955610753248403
17,Bill Engvall,10,0.24957404453339468
17,Corbin Bleu,10,0.24955108094082495
17,Jack Osbourne,10,0.24956614848451955
17,Leah Remini,10,0.001752618508776803
17,Amber Riley,11,0.25000198167072546
17,Bill Engvall,11,0.24999585654910333
17,Corbin Bleu,11,0.2500035868571586
17,Jack Osbourne,11,0.24999857492301267
18,Amy Purdy,1,0.24873344427929098
18,Billy Dee Williams,1,9.296851411896433e-05
18,Candace Cameron Bure,1,0.24873121016068148
18,Charlie White,1,0.004395431786204962
18,Cody Simpson,1,2.015361837757354e-05
18,Danica McKellar,1,3.1141638310919484e-17
18,Diana Nyad,1,1.2914058021655764e-06
18,Drew Carey,1,0.0002564586059403971
18,James Maslow,1,0.2487365670855574
18,Meryl Davis,1,0.2487391444979666
18,NeNe Leakes,1,0.00020036153198409951
18,Sean Avery,1,9.296851407885587e-05
18,Amy Purdy,2,0.2487378558541665
18,Billy Dee Williams,2,0.0001551649997730288
18,Candace Cameron Bure,2,0.24874416104342587
18,Charlie White,2,0.004264601701828175
18,Cody Simpson,2,0.00012812603053619418
18,Danica McKellar,2,5.126127885936401e-05
18,Drew Carey,2,0.00023748517168054338
18,James Maslow,2,0.24872908076640832
18,Meryl Davis,2,0.24872139729862405
18,NeNe Leakes,2,7.570085465442248e-05
18,Sean Avery,2,0.0001551650000445311
18,Amy Purdy,3,0.248810515837943
18,Candace Cameron Bure,3,0.2488010328276902
18,Charlie White,3,0.004075896290324631
18,Cody Simpson,3,0.00010311449715348728
18,Danica McKellar,3,4.573827402710422e-05
18,Drew Carey,3,0.00027057483318067407
18,James Maslow,3,0.24882365765804718
18,Meryl Davis,3,0.24883591113032746
18,NeNe Leakes,3,0.0002335586513063983
18,Amy Purdy,4,0.24887658124550865
18,Candace Cameron Bure,4,0.248888115579512
18,Charlie White,4,0.0040165942284700155
18,Cody Simpson,4,0.0001709065137003135
18,Danica McKellar,4,2.8775534902525156e-06
18,Drew Carey,4,0.00015350730830134964
18,James Maslow,4,0.2488608298226888
18,Meryl Davis,4,0.24884489710988109
18,NeNe Leakes,4,0.0001856906384478602
18,Amy Purdy,5,0.24893725935170585
18,Candace Cameron Bure,5,0.24892471376812017
18,Charlie White,5,0.003898024299826096
18,Cody Simpson,5,2.600333263265311e-05
18,Danica McKellar,5,1.3104984526193369e-05
18,Drew Carey,5,0.0001418095124910914
18,James Maslow,5,0.24895423357073412
18,Meryl Davis,5,0.24897215124128982
18,NeNe Leakes,5,0.0001326999386740731
18,Amy Purdy,6,0.2490510041893724
18,Candace Cameron Bure,6,0.24906358439400203
18,Charlie White,6,0.0035880892259585375
18,Danica McKellar,6,3.962046772125826e-06
18,Drew Carey,6,0.00013778229034503445
18,James Maslow,6,0.24903407813697392
18,Meryl Davis,6,0.24901611401582627
18,NeNe Leakes,6,0.00010538570074978683
18,Amy Purdy,7,0.24917170439935335
18,Candace Cameron Bure,7,0.24916006081418604
18,Charlie White,7,0.0031851257441204467
18,Danica McKellar,7,2.1306300283063805e-17
18,James Maslow,7,0.24918747831593308
18,Meryl Davis,7,0.2492033950186521
18,NeNe Leakes,7,9.223570775529594e-05
18,Amy Purdy,8,0.2493150576521057
18,Candace Cameron Bure,8,0.24932461566900826
18,Charlie White,8,0.0027245220543836357
18,Danica McKellar,8,4.4141236296238635e-05
18,James Maslow,8,0.2493020050532508
18,Meryl Davis,8,0.2492896583349553
18,Amy Purdy,9,0.24938031863039095
18,Candace Cameron Bure,9,0.24937399389770493
18,Charlie White,9,0.0024597382241564963
18,James Maslow,9,0.24938912159836973
18,Meryl Davis,9,0.24939682764937782
18,Amy Purdy,10,0.25000164370201805
18,Candace Cameron Bure,10,0.25000385987801665
18,James Maslow,10,0.24999857336227857
18,Meryl Davis,10,0.24999592305768678
19,Alfonso Ribeiro,1,0.24897059026358118
19,Antonio Sabato Jr.,1,0.0001269345474336801
19,Bethany Mota,1,0.24897786367377941
19,Betsey Johnson,1,0.0001241587200727192
19,Janel Parrish,1,0.24897386318160214
19,Jonathan Bennett,1,0.00010924919641907194
19,Lea Thompson,1,6.871826664015516e-05
19,Lolo Jones,1,5.324092671261016e-07
19,Michael Waltrip,1,6.014241272624216e-17
19,Randy Couture,1,4.201491554942e-05
19,Sadie Robertson,1,0.24897786924543144
19,Tavis Smiley,1,4.3670531629419613e-16
19,Tommy Chong,1,0.003628205580224512
19,Alfonso Ribeiro,2,0.24897866152081688
19,Antonio Sabato Jr.,2,9.131943850905234e-05
19,Bethany Mota,2,0.24895749636896128
19,Betsey Johnson,2,0.00011154914794764136
19,Janel Parrish,2,0.24896931541566505
19,Jonathan Bennett,2,0.00018890824340230347
19,Lea Thompson,2,0.00010593052276043204
19,Michael Waltrip,2,1.2974903295517698e-05
19,Randy Couture,2,3.1748109550434427e-05
19,Sadie Robertson,2,0.24895749382466845
19,Tavis Smiley,2,1.7384458723287296e-05
19,Tommy Chong,2,0.003577218045705342
19,Alfonso Ribeiro,3,0.24892845420103515
19,Antonio Sabato Jr.,3,0.00010248424464786042
19,Bethany Mota,3,0.24896192904327943
19,Betsey Johnson,3,0.0002060299615449328
19,Janel Parrish,3,0.24894295648966003
19,Jonathan Bennett,3,0.0002458877334396744
19,Lea Thompson,3,2.736718944274625e-05
19,Michael Waltrip,3,6.595521129931721e-05
19,Randy Couture,3,8.586164794962939e-05
19,Sadie Robertson,3,0.24896201782150215
19,Tommy Chong,3,0.0034710564561992075
19,Alfonso Ribeiro,4,0.24905763934415087
19,Antonio Sabato Jr.,4,0.00016604124340144802
19,Bethany Mota,4,0.2490146360172663
19,Betsey Johnson,4,8.57942951414067e-05
19,Janel Parrish,4,0.24903968280167108
19,Jonathan Bennett,4,0.00020154947870287766
19,Lea Thompson,4,5.077555316795388e-06
19,Michael Waltrip,4,4.13474957764164e-05
19,Sadie Robertson,4,0.24901459284961938
19,Tommy Chong,4,0.003373638918953517
19,Alfonso Ribeiro,5,0.24906475597731448
19,Antonio Sabato Jr.,5,0.00022254395455554177
19,Bethany Mota,5,0.24911382308098665
19,Janel Parrish,5,0.2490844454477539
19,Jonathan Bennett,5,0.00014839050736922154
19,Lea Thompson,5,4.781880772143761e-05
19,Michael Waltrip,5,1.2793862698219546e-16
19,Sadie Robertson,5,0.24911373974109188
19,Tommy Chong,5,0.003204482483206868
19,Alfonso Ribeiro,6,0.24915626656443632
19,Antonio Sabato Jr.,6,0.00015953166845228758
19,Bethany Mota,6,0.24910529940189124
19,Janel Parrish,6,0.24913681849482808
19,Jonathan Bennett,6,0.0002749094865771506
19,Lea Thompson,6,5.1689363468403e-05
19,Michael Waltrip,6,2.8323210775464e-05
19,Sadie Robertson,6,0.24910565301376827
19,Tommy Chong,6,0.0029815087958028653
19,Alfonso Ribeiro,7,0.24921446197283714
19,Antonio Sabato Jr.,7,0.00014157804927646524
19,Bethany Mota,7,0.24926329320836008
19,Janel Parrish,7,0.24923230165237928
19,Lea Thompson,7,2.9198364575304347e-05
19,Michael Waltrip,7,5.8131089130811824e-05
19,Sadie Robertson,7,0.24926279176830887
19,Tommy Chong,7,0.002798243895132231
19,Alfonso Ribeiro,8,0.2493728192970691
19,Bethany Mota,8,0.24932999999094207
19,Janel Parrish,8,0.24935788342879994
19,Lea Thompson,8,2.9563497656031376e-05
19,Michael Waltrip,8,6.563065527431142e-05
19,Sadie Robertson,8,0.24933061320675026
19,Tommy Chong,8,0.0025134899235084167
19,Alfonso Ribeiro,9,0.24942700746854307
19,Bethany Mota,9,0.24946046702281502
19,Janel Parrish,9,0.24943836635106473
19,Lea Thompson,9,2.8352114580081726e-05
19,Sadie Robertson,9,0.2494600133462492
19,Tommy Chong,9,0.002185793696747986
19,Alfonso Ribeiro,10,0.24953853724171343
19,Bethany Mota,10,0.24951721282269804
19,Janel Parrish,10,0.24953150640381366
19,Sadie Robertson,10,0.24951753255084078
19,Tommy Chong,10,0.0018952109809341796
19,Alfonso Ribeiro,11,0.24999573910436027
19,Bethany Mota,11,0.2500030670774851
19,Janel Parrish,11,0.24999817770232333
19,Sadie Robertson,11,0.25000301611583137
20,Charlotte McKinney,1,0.00015777486662584228
20,Chris Soules,1,0.0002539090449884857
20,Michael Sam,1,0.0004010523197307119
20,Nastia Liukin,1,0.00215029950612537
20,Noah Galloway,1,0.33202572292899074
20,Patti LaBelle,1,0.000333006470598956
20,Redfoo,1,7.349209355276784e-06
20,Riker Lynch,1,0.3320280607686552
20,Robert Herjavec,1,0.0002538221800311336
20,Rumer Willis,1,0.33203573284468085
20,Suzanne Somers,1,0.000353269860217771
20,Willow Shields,1,1.9487033116788216e-16
20,Charlotte McKinney,2,0.000145866161372678
20,Chris Soules,2,0.00027750793604891695
20,Michael Sam,2,0.0004961355874961309
20,Nastia Liukin,2,0.0020930633717081044
20,Noah Galloway,2,0.3320389038948336
20,Patti LaBelle,2,0.000335868925783211
20,Redfoo,2,5.1918779814369694e-05
20,Riker Lynch,2,0.3320321522981514
20,Robert Herjavec,2,0.00027735497956056314
20,Rumer Willis,2,0.3320097416724193
20,Suzanne Somers,2,0.0001847446685488423
20,Willow Shields,2,5.6741724264836924e-05
20,Charlotte McKinney,3,0.0002007195411078745
20,Chris Soules,3,0.00023455118104664789
20,Michael Sam,3,0.00036454249259037944
20,Nastia Liukin,3,0.002097146801645043
20,Noah Galloway,3,0.33210118012412326
20,Patti LaBelle,3,0.00022140766387991249
20,Riker Lynch,3,0.33211158705710625
20,Robert Herjavec,3,0.00023448542380173125
20,Rumer Willis,3,0.3321465962596028
20,Suzanne Somers,3,0.00028778345509631437
20,Willow Shields,3,7.588630817580027e-17
20,Chris Soules,4,0.00016354738920335043
20,Michael Sam,4,0.00016680454678591814
20,Nastia Liukin,4,0.0021711551388032655
20,Noah Galloway,4,0.33221123593012153
20,Patti LaBelle,4,0.00032585957212123007
20,Riker Lynch,4,0.3321983538044251
20,Robert Herjavec,4,0.00016354227812586346
20,Rumer Willis,4,0.3321538882858749
20,Suzanne Somers,4,0.00036990863360856976
20,Willow Shields,4,7.570442093035317e-05
20,Chris Soules,5,0.00014073015024511387
20,Nastia Liukin,5,0.0021412868490929163
20,Noah Galloway,5,0.33227313283790993
20,Patti LaBelle,5,0.0004382801753646833
20,Riker Lynch,5,0.3322871888061658
20,Robert Herjavec,5,0.00014070715796447847
20,Rumer Willis,5,0.33233684447269696
20,Suzanne Somers,5,0.00017017213015656062
20,Willow Shields,5,7.165742040372711e-05
20,Chris Soules,6,0.00018360302474126243
20,Nastia Liukin,6,0.0020401531538016132
20,Noah Galloway,6,0.3324166930940736
20,Patti LaBelle,6,0.0002869335056764576
20,Riker Lynch,6,0.3324028257820772
20,Robert Herjavec,6,0.00018359593117770324
20,Rumer Willis,6,0.3323527298661755
20,Willow Shields,6,0.0001334656422768726
20,Chris Soules,7,0.00023352293001809084
20,Nastia Liukin,7,0.0018643451894077771
20,Noah Galloway,7,0.3325290654399596
20,Riker Lynch,7,0.33254142750173393
20,Robert Herjavec,7,0.00023351756480801138
20,Rumer Willis,7,0.33258699647632395
20,Willow Shields,7,1.1124897748749066e-05
20,Chris Soules,8,0.0001370509210521398
20,Nastia Liukin,8,0.00161281916087983
20,Noah Galloway,8,0.33272301490298756
20,Riker Lynch,8,0.3327132613436152
20,Robert Herjavec,8,0.0001370402714233345
20,Rumer Willis,8,0.332676813400042
20,Nastia Liukin,9,0.00138082604710022
20,Noah Galloway,9,0.33286105383695874
20,Riker Lynch,9,0.3328673020124778
20,Rumer Willis,9,0.3328908181034633
20,Noah Galloway,10,0.33333747562549837
20,Riker Lynch,10,0.3333353292780427
20,Rumer Willis,10,0.3333271950964588
21,Alek Skarlatos,1,0.24891355262354423
21,Alexa PenaVega,1,5.939934836294107e-06
21,Andy Grammer,1,0.004017136767302165
21,Bindi Irwin,1,0.24891362968182548
21,Carlos PenaVega,1,0.24890191231344377
21,Chaka Khan,1,0.00010484979443960672
21,Gary Busey,1,1.6172294714505892e-05
21,Hayes Grier,1,0.0
21,Kim Zolciak-Biermann,1,0.00010484979443964402
21,Nick Carter,1,0.2489111555726861
21,Paula Deen,1,1.4606417914588747e-16
21,Tamar Braxton,1,5.9514244218887915e-06
21,Victor Espinoza,1,0.00010484979834839057
21,Alek Skarlatos,2,0.24887880352308614
21,Alexa PenaVega,2,5.216664718925773e-06
21,Andy Grammer,2,0.00412823779839073
21,Bindi Irwin,2,0.24887998378893122
21,Carlos PenaVega,2,0.2489136971037811
21,Chaka Khan,2,5.294063058576654e-05
21,Gary Busey,2,2.438420748347835e-05
21,Hayes Grier,2,1.6084364173304855e-07
21,Kim Zolciak-Biermann,2,5.294063058435543e-05
21,Nick Carter,2,0.24888565056515366
21,Paula Deen,2,0.00011981821779225543
21,Tamar Braxton,2,5.225395685752183e-06
21,Victor Espinoza,2,5.294063016557659e-05
21,Alek Skarlatos,3,0.24890265806502956
21,Alexa PenaVega,3,4.9827253043846675e-05
21,Andy Grammer,3,0.004226358058512263
21,Bindi Irwin,3,0.24889658395336886
21,Carlos PenaVega,3,0.24884495570543222
21,Gary Busey,3,0.00010658932523659097
21,Hayes Grier,3,3.12649890631348e-05
21,Nick Carter,3,0.24889212368338814
21,Paula Deen,3,2.43293868340045e-17
21,Tamar Braxton,3,4.9638966926950415e-05
21,Alek Skarlatos,4,0.2488409388657923
21,Alexa PenaVega,4,3.4135850328182064e-05
21,Andy Grammer,4,0.004298464903268037
21,Bindi Irwin,4,0.24885623612738658
21,Carlos PenaVega,4,0.24891962211661817
21,Gary Busey,4,7.045730592381305e-05
21,Hayes Grier,4,2.1455951795160702e-05
21,Nick Carter,4,0.248853890900587
21,Paula Deen,4,7.061754520793203e-05
21,Tamar Braxton,4,3.418043309284219e-05
21,Alek Skarlatos,5,0.24891332089354812
21,Alexa PenaVega,5,3.158814899386375e-16
21,Andy Grammer,5,0.004247349765880489
21,Bindi Irwin,5,0.2488856836460329
21,Carlos PenaVega,5,0.24881762370434232
21,Hayes Grier,5,8.641840574058264e-05
21,Nick Carter,5,0.2488993443074842
21,Paula Deen,5,0.00015025927697074752
21,Tamar Braxton,5,3.3698939742028264e-16
21,Alek Skarlatos,6,0.24888373390706628
21,Alexa PenaVega,6,2.423724831614083e-05
21,Andy Grammer,6,0.004037338474236958
21,Bindi Irwin,6,0.24892399014035205
21,Carlos PenaVega,6,0.2489900778043437
21,Hayes Grier,6,0.00021893408913533174
21,Nick Carter,6,0.2488973755450745
21,Paula Deen,6,3.330020294462652e-17
21,Tamar Braxton,6,2.4312791475141625e-05
21,Alek Skarlatos,7,0.24902651616099833
21,Alexa PenaVega,7,3.090502699661259e-05
21,Andy Grammer,7,0.0037616161357037292
21,Bindi Irwin,7,0.24897690884849247
21,Carlos PenaVega,7,0.24891802301078203
21,Hayes Grier,7,0.00024093531202541382
21,Nick Carter,7,0.24901410707189556
21,Tamar Braxton,7,3.098843310586326e-05
21,Alek Skarlatos,8,0.24912688875130784
21,Alexa PenaVega,8,1.39448467440304e-16
21,Andy Grammer,8,0.003328880895578692
21,Bindi Irwin,8,0.24917923356274926
21,Carlos PenaVega,8,0.24922754083038987
21,Nick Carter,8,0.2491374559599741
21,Tamar Braxton,8,1.2598574157219621e-16
21,Alek Skarlatos,9,0.24979011017568603
21,Alexa PenaVega,9,0.00048826837219932446
21,Bindi Irwin,9,0.24974359127737278
21,Carlos PenaVega,9,0.24970791891820968
21,Nick Carter,9,0.24978189915790436
21,Tamar Braxton,9,0.000488212098627933
21,Alek Skarlatos,10,0.24997714037482777
21,Bindi Irwin,10,0.2500092558347937
21,Carlos PenaVega,10,0.2500311796415826
21,Nick Carter,10,0.24998242414879582
21,Alek Skarlatos,11,0.2500080416729006
21,Bindi Irwin,11,0.24999655801275972
21,Carlos PenaVega,11,0.24998918957713295
21,Nick Carter,11,0.25000621073720675
22,Antonio Brown,1,8.132898715137722e-05
22,Doug Flutie,1,1.4626191370733279e-15
22,Geraldo Rivera,1,9.584451785152921e-05
22,Ginger Zee,1,0.33316357814876796
22,Jodie Sweetin,1,1.8419837876194104e-05
22,Kim Fields,1,8.785852133638854e-05
22,Marla Maples,1,5.967130648636353e-05
22,Mischa Barton,1,2.9185461443406122e-05
22,Nyle DiMarco,1,0.3331478756817537
22,Paige VanZant,1,0.3331478756817539
22,Von Miller,1,8.710503081316989e-05
22,Wanya Morris,1,8.125682476466062e-05
22,Antonio Brown,2,8.316606895661527e-08
22,Doug Flutie,2,5.481970578756038e-16
22,Geraldo Rivera,2,3.9639831560579934e-05
22,Ginger Zee,2,0.33316811031399207
22,Jodie Sweetin,2,0.00014638139071207002
22,Kim Fields,2,3.559652160372313e-05
22,Marla Maples,2,6.665681463601185e-05
22,Mischa Barton,2,8.36929786452358e-05
22,Nyle DiMarco,2,0.3332123890404696
22,Paige VanZant,2,0.3332123890404695
22,Von Miller,2,3.4988307721636195e-05
22,Wanya Morris,2,7.259412141089234e-08
22,Antonio Brown,3,0.0001760029111784129
22,Doug Flutie,3,1.9934332392760122e-05
22,Ginger Zee,3,0.33307166274992994
22,Jodie Sweetin,3,0.00040206071921093086
22,Kim Fields,3,4.189853948063013e-07
22,Marla Maples,3,0.00011364010872573638
22,Mischa Barton,3,2.6866436633048887e-05
22,Nyle DiMarco,3,0.33300672786387575
22,Paige VanZant,3,0.33300672786387564
22,Von Miller,3,0.0
22,Wanya Morris,3,0.00017595802878318302
22,Antonio Brown,4,0.00010240000092436663
22,Doug Flutie,4,4.454433311274666e-17
22,Ginger Zee,4,0.33293457103493085
22,Jodie Sweetin,4,0.0006761511578845765
22,Kim Fields,4,5.028258400521301e-05
22,Marla Maples,4,6.558941813625965e-05
22,Nyle DiMarco,4,0.33300941821823055
22,Paige VanZant,4,0.33300941821823044
22,Von Miller,4,4.982803068496072e-05
22,Wanya Morris,4,0.00010234133697281916
22,Antonio Brown,5,2.7386103483783878e-05
22,Doug Flutie,5,0.0001245121554128404
22,Ginger Zee,5,0.3330688044206209
22,Jodie Sweetin,5,0.0007615296229749452
22,Kim Fields,5,0.0
22,Nyle DiMarco,5,0.33299520063118043
22,Paige VanZant,5,0.33299520063118043
22,Von Miller,5,0.0
22,Wanya Morris,5,2.7366435146750927e-05
22,Antonio Brown,6,2.4569321536342993e-05
22,Doug Flutie,6,1.2872557018896523e-17
22,Ginger Zee,6,0.33293097832850194
22,Jodie Sweetin,6,0.0010306632186071992
22,Kim Fields,6,1.7339140805726984e-16
22,Nyle DiMarco,6,0.3329946139704928
22,Paige VanZant,6,0.33299461397049285
22,Von Miller,6,1.9565370160903235e-16
22,Wanya Morris,6,2.456119036846132e-05
22,Antonio Brown,7,9.656317184755638e-05
22,Ginger Zee,7,0.33296788004852507
22,Jodie Sweetin,7,0.0009627768062957535
22,Kim Fields,7,1.8766965225677264e-05
22,Nyle DiMarco,7,0.3329193222147458
22,Paige VanZant,7,0.33291932221474535
22,Von Miller,7,1.877087065447433e-05
22,Wanya Morris,7,9.659770796051448e-05
22,Antonio Brown,8,1.6273614856664818e-17
22,Ginger Zee,8,0.33308534910993765
22,Jodie Sweetin,8,0.0006789977332445596
22,Nyle DiMarco,8,0.33311782657840905
22,Paige VanZant,8,0.33311782657840905
22,Wanya Morris,8,0.0
22,Antonio Brown,9,0.00017468204296786338
22,Ginger Zee,9,0.33322880870495863
22,Nyle DiMarco,9,0.33321091174008394
22,Paige VanZant,9,0.3332109117400831
22,Wanya Morris,9,0.00017468577190650464
22,Ginger Zee,10,0.33332954359426803
22,Nyle DiMarco,10,0.33333522820286593
22,Paige VanZant,10,0.33333522820286604
23,Amber Rose,1,0.00029881718678149115
23,Babyface,1,8.346459374336535e-16
23,Calvin Johnson Jr.,1,0.24886615838853401
23,Jake T. Austin,1,0.0
23,James Hinchcliffe,1,0.2488643979704988
23,Jana Kramer,1,0.2488639219510626
23,Laurie Hernandez,1,0.24886395972625036
23,Marilu Henner,1,7.707349999051841e-06
23,Maureen McCormick,1,3.42336835962298e-17
23,Rick Perry,1,0.00023842461351695847
23,Ryan Lochte,1,7.429280031190088e-06
23,Terra Jole,1,0.003989183533324496
23,Vanilla Ice,1,1.7661653389788867e-16
23,Amber Rose,2,0.00023008737405483674
23,Babyface,2,0.00016294684683068828
23,Calvin Johnson Jr.,2,0.24874737875865255
23,Jake T. Austin,2,6.73729751701141e-05
23,James Hinchcliffe,2,0.24875249882291015
23,Jana Kramer,2,0.24875388509396795
23,Laurie Hernandez,2,0.24875374773466075
23,Marilu Henner,2,0.0
23,Maureen McCormick,2,0.00016741209635125356
23,Rick Perry,2,0.0002239014294183288
23,Ryan Lochte,2,4.324611415501556e-17
23,Terra Jole,2,0.003977822021152149
23,Vanilla Ice,2,0.00016294684683117714
23,Amber Rose,3,0.0003054820346683369
23,Babyface,3,6.52549413152771e-05
23,Calvin Johnson Jr.,3,0.24882816967902607
23,James Hinchcliffe,3,0.24882038610590887
23,Jana Kramer,3,0.2488180420622214
23,Laurie Hernandez,3,0.24881824310481457
23,Marilu Henner,3,2.2313541058342106e-05
23,Maureen McCormick,3,0.0001560177306533069
23,Rick Perry,3,0.0001766594330776656
23,Ryan Lochte,3,3.380764951449531e-05
23,Terra Jole,3,0.003890368776426418
23,Vanilla Ice,3,6.525494131527607e-05
23,Amber Rose,4,0.0003026725113359776
23,Babyface,4,0.0
23,Calvin Johnson Jr.,4,0.24896339412049237
23,James Hinchcliffe,4,0.24897306706522737
23,Jana Kramer,4,0.2489762334870144
23,Laurie Hernandez,4,0.24897602802690563
23,Marilu Henner,4,2.238335385096324e-16
23,Maureen McCormick,4,9.946628321978057e-05
23,Ryan Lochte,4,2.0285422647203788e-16
23,Terra Jole,4,0.0037091385058039507
23,Vanilla Ice,4,0.0
23,Amber Rose,5,7.94178091345632e-17
23,Calvin Johnson Jr.,5,0.2490986915641754
23,James Hinchcliffe,5,0.24908806895786598
23,Jana Kramer,5,0.24908421424204175
23,Laurie Hernandez,5,0.24908429432259
23,Marilu Henner,5,2.7176934365634952e-05
23,Maureen McCormick,5,0.00013476727770839788
23,Ryan Lochte,5,0.0001634953109498693
23,Terra Jole,5,0.003319291390302878
23,Amber Rose,6,0.0006317953945782794
23,Calvin Johnson Jr.,6,0.24906772175640304
23,James Hinchcliffe,6,0.24907851049883656
23,Jana Kramer,6,0.24908272910636697
23,Laurie Hernandez,6,0.24908281240080699
23,Marilu Henner,6,1.9331324735416544e-16
23,Maureen McCormick,6,0.0001287358197814251
23,Ryan Lochte,6,1.6241348543832856e-16
23,Terra Jole,6,0.002927695023226347
23,Calvin Johnson Jr.,7,0.24922316774261566
23,James Hinchcliffe,7,0.2492130460183666
23,Jana Kramer,7,0.2492087584535624
23,Laurie Hernandez,7,0.2492085026996485
23,Marilu Henner,7,2.3601875600647048e-05
23,Maureen McCormick,7,0.0002602095419245545
23,Ryan Lochte,7,2.0078522225392954e-05
23,Terra Jole,7,0.002842635146056215
23,Calvin Johnson Jr.,8,0.2493824462792561
23,James Hinchcliffe,8,0.24939127589167007
23,Jana Kramer,8,0.24939515169973747
23,Laurie Hernandez,8,0.24939550756128698
23,Marilu Henner,8,1.9147010366094008e-16
23,Ryan Lochte,8,1.6916838905327865e-16
23,Terra Jole,8,0.0024356185680490332
23,Calvin Johnson Jr.,9,0.24945835245578754
23,James Hinchcliffe,9,0.24945153241112233
23,Jana Kramer,9,0.24944836410386806
23,Laurie Hernandez,9,0.24944802702876256
23,Marilu Henner,9,0.00010078631324262049
23,Terra Jole,9,0.002092937687216926
23,Calvin Johnson Jr.,10,0.24955781563760765
23,James Hinchcliffe,10,0.24956215635289697
23,Jana Kramer,10,0.24956417905576686
23,Laurie Hernandez,10,0.24956440571739194
23,Terra Jole,10,0.001751443236336631
23,Calvin Johnson Jr.,11,0.2500014825686128
23,James Hinchcliffe,11,0.2500000218483603
23,Jana Kramer,11,0.24999928908514396
23,Laurie Hernandez,11,0.24999920649788296
24,Bonner Bolton,1,0.0
24,Charo,1,6.790168613437466e-05
24,Chris Kattan,1,5.948374052861683e-16
24,David Ross,1,0.3324369378759471
24,Erika Jayne,1,4.495102207124901e-16
24,Heather Morris,1,2.0649082173662256e-16
24,Mr. T,1,2.9295266803266893e-16
24,Nancy Kerrigan,1,3.2504370867684666e-05
24,Nick Viall,1,3.250437086768266e-05
24,Normani,1,0.3324891175747724
24,Rashad Jennings,1,0.3324369378759471
24,Simone Biles,1,0.0025040962454632135
24,Bonner Bolton,2,4.2124642532850864e-17
24,Charo,2,0.0
24,Chris Kattan,2,0.0
24,David Ross,2,0.33250358275593267
24,Erika Jayne,2,0.00015112036028508142
24,Heather Morris,2,8.094786819472488e-06
24,Mr. T,2,6.930649016022895e-16
24,Nancy Kerrigan,2,6.258421515401014e-16
24,Nick Viall,2,7.136693037750053e-16
24,Normani,2,0.332363314409523
24,Rashad Jennings,2,0.3325035827559324
24,Simone Biles,2,0.002470304931508824
24,Bonner Bolton,3,0.0
24,Charo,3,1.325983381346898e-05
24,David Ross,3,0.33242217370085436
24,Erika Jayne,3,0.00013101082036715732
24,Heather Morris,3,2.062652452255774e-16
24,Mr. T,3,2.47421007879079e-16
24,Nancy Kerrigan,3,2.3147311083452703e-05
24,Nick Viall,3,2.3147311083444612e-05
24,Normani,3,0.3326062309791083
24,Rashad Jennings,3,0.3324221737008543
24,Simone Biles,3,0.002358856342835795
24,Bonner Bolton,4,0.0
24,David Ross,4,0.33256394743543183
24,Erika Jayne,4,9.779184534603993e-05
24,Heather Morris,4,3.855127505506461e-05
24,Mr. T,4,1.4590650736223676e-16
24,Nancy Kerrigan,4,2.963292636387472e-05
24,Nick Viall,4,2.9632926363874556e-05
24,Normani,4,0.3323954916540357
24,Rashad Jennings,4,0.33256394743543205
24,Simone Biles,4,0.002281004501971795
24,Bonner Bolton,5,5.399022034053639e-06
24,David Ross,5,0.33255530883307993
24,Erika Jayne,5,3.16329536349802e-16
24,Heather Morris,5,5.216505852084768e-05
24,Nancy Kerrigan,5,2.0404926805424374e-05
24,Nick Viall,5,2.040492680538392e-05
24,Normani,5,0.3326535934976511
24,Rashad Jennings,5,0.33255530883308
24,Simone Biles,5,0.0021374149020230537
24,Bonner Bolton,6,0.0
24,David Ross,6,0.33265787191292645
24,Heather Morris,6,1.0317538923915182e-16
24,Nancy Kerrigan,6,4.034765979941305e-05
24,Nick Viall,6,4.0347659799429676e-05
24,Normani,6,0.33265926181573785
24,Rashad Jennings,6,0.33265787191292634
24,Simone Biles,6,0.0019442990388106609
24,Bonner Bolton,7,0.0
24,David Ross,7,0.3327772994946644
24,Nancy Kerrigan,7,1.8640810103307898e-16
24,Nick Viall,7,1.8941702245619926e-16
24,Normani,7,0.3326851489643001
24,Rashad Jennings,7,0.33277729949466456
24,Simone Biles,7,0.0017602520463705423
24,Bonner Bolton,8,0.0
24,David Ross,8,0.33278608309463187
24,Normani,8,0.3329238534450321
24,Rashad Jennings,8,0.33278608309463165
24,Simone Biles,8,0.0015039803657043607
24,David Ross,9,0.3329926220202712
24,Normani,9,0.33287285766835856
24,Rashad Jennings,9,0.3329926220202731
24,Simone Biles,9,0.0011418982910970633
24,David Ross,10,0.33331763219557975
24,Normani,10,0.33336473560884045
24,Rashad Jennings,10,0.3333176321955798
25,Barbara Corcoran,1,3.133531215547368e-05
25,Debbie Gibson,1,3.133531215530405e-05
25,Derek Fisher,1,4.203955028785457e-07
25,Drew Scott,1,0.24900874716647733
25,Frankie Muniz,1,0.24900355089496076
25,Jordan Fisher,1,0.24900682632797264
25,Lindsey Stirling,1,0.2490074144826292
25,Nick Lachey,1,1.1292319274076472e-05
25,Nikki Bella,1,0.00012088749220197514
25,Sasha Pieterse,1,0.00021074984560943497
25,Terrell Owens,1,5.034629966160335e-05
25,Vanessa Lachey,1,0.00012088749220616483
25,Victoria Arlen,1,0.0033962066591932136
25,Barbara Corcoran,2,0.0002006080153830762
25,Debbie Gibson,2,0.0002006080153892643
25,Derek Fisher,2,9.817762872765546e-16
25,Drew Scott,2,0.24893522279427904
25,Frankie Muniz,2,0.2489503811138848
25,Jordan Fisher,2,0.24894093612698576
25,Lindsey Stirling,2,0.24893921243833722
25,Nick Lachey,2,2.8278198750604506e-16
25,Nikki Bella,2,0.0001733897749502815
25,Sasha Pieterse,2,2.708573083630733e-05
25,Terrell Owens,2,2.838930408245563e-05
25,Vanessa Lachey,2,0.0001733897749502806
25,Victoria Arlen,2,0.0034307769109202663
25,Derek Fisher,3,0.0
25,Drew Scott,3,0.2490546237003744
25,Frankie Muniz,3,0.2490310539944472
25,Jordan Fisher,3,0.24904576248063526
25,Lindsey Stirling,3,0.2490483456445314
25,Nick Lachey,3,8.293054880200173e-05
25,Nikki Bella,3,0.0001260538696407128
25,Sasha Pieterse,3,6.93437274510596e-05
25,Terrell Owens,3,3.702651552542327e-05
25,Vanessa Lachey,3,0.0001260538696407024
25,Victoria Arlen,3,0.003378805648952368
25,Derek Fisher,4,3.5073837082386323e-06
25,Drew Scott,4,0.24912736317449047
25,Frankie Muniz,4,0.24915711050994407
25,Jordan Fisher,4,0.24913862881381807
25,Lindsey Stirling,4,0.2491355527188546
25,Nick Lachey,4,3.614197713162273e-05
25,Nikki Bella,4,9.511636040441013e-05
25,Sasha Pieterse,4,8.833534004954901e-05
25,Terrell Owens,4,2.5573212805802033e-05
25,Vanessa Lachey,4,9.511636040439861e-05
25,Victoria Arlen,4,0.003097554148388849
25,Drew Scott,5,0.24918857082994889
25,Frankie Muniz,5,0.24915569356344136
25,Jordan Fisher,5,0.2491761352622827
25,Lindsey Stirling,5,0.24917927258706177
25,Nick Lachey,5,4.452490274535831e-16
25,Nikki Bella,5,6.454855077574032e-05
25,Sasha Pieterse,5,0.0002336221248395094
25,Terrell Owens,5,8.569451057950392e-05
25,Vanessa Lachey,5,6.454855077572733e-05
25,Victoria Arlen,5,0.002851914020294387
25,Drew Scott,6,0.24928177608917232
25,Frankie Muniz,6,0.24931465511444087
25,Jordan Fisher,6,0.2492942613054169
25,Lindsey Stirling,6,0.24929141576336475
25,Nick Lachey,6,3.1960505488171244e-05
25,Nikki Bella,6,0.00010333823940134878
25,Terrell Owens,6,3.0239975441395432e-05
25,Vanessa Lachey,6,0.0001033382394013117
25,Victoria Arlen,6,0.0025490147678728804
25,Drew Scott,7,0.24937545412213385
25,Frankie Muniz,7,0.24934588128606974
25,Jordan Fisher,7,0.24936422517661172
25,Lindsey Stirling,7,0.24936654579076692
25,Nikki Bella,7,0.0001254232552088064
25,Terrell Owens,7,1.6311984041539408e-15
25,Vanessa Lachey,7,0.0001254232552088125
25,Victoria Arlen,7,0.0022970471139985597
25,Drew Scott,8,0.24945291576242776
25,Frankie Muniz,8,0.24947642626181327
25,Jordan Fisher,8,0.24946188303218506
25,Lindsey Stirling,8,0.24946018168453588
25,Terrell Owens,8,8.341477880960296e-05
25,Victoria Arlen,8,0.0020651784802284837
25,Drew Scott,9,0.24959346426354945
25,Frankie Muniz,9,0.24957839542589771
25,Jordan Fisher,9,0.2495877256954171
25,Lindsey Stirling,9,0.24958875349942974
25,Victoria Arlen,9,0.0016516611157060513
25,Drew Scott,10,0.2499977595377744
25,Frankie Muniz,10,0.2500030113454952
25,Jordan Fisher,10,0.24999978810391843
25,Lindsey Stirling,10,0.24999944101281193
26,Adam Rippon,1,0.3292015825180216
26,Arike Ogunbowale,1,0.004734171071044351
26,Chris Mazdzer,1,0.0009756438517729678
26,Jamie Anderson,1,3.4153482578828027e-15
26,Jennie Finch Daigle,1,0.0009756438517737135
26,Johnny Damon,1,4.8847927084616145e-15
26,Josh Norman,1,0.32920157431916347
26,Kareem Abdul-Jabbar,1,0.004734171071044359
26,Mirai Nagasu,1,0.0009756438517736827
26,Tonya Harding,1,0.3292015694653977
26,Adam Rippon,2,0.33165959639666504
26,Arike Ogunbowale,2,0.0025085969578271037
26,Chris Mazdzer,2,1.3170607340154077e-06
26,Jennie Finch Daigle,2,1.3170607340154703e-06
26,Josh Norman,2,0.331659627400821
26,Kareem Abdul-Jabbar,2,0.002508596957827114
26,Mirai Nagasu,2,1.317060734015496e-06
26,Tonya Harding,2,0.33165963110466984
26,Adam Rippon,3,0.33207243239590767
26,Chris Mazdzer,3,0.0012609208942530538
26,Jennie Finch Daigle,3,0.001260920894253029
26,Josh Norman,3,0.3320724056460573
26,Mirai Nagasu,3,0.0012609208942530373
26,Tonya Harding,3,0.33207239927527604
26,Adam Rippon,4,0.3333333247302635
26,Josh Norman,4,0.3333333368058402
26,Tonya Harding,4,0.3333333384638964
27,Alexis Ren,1,0.2496368051164134
27,Bobby Bones,1,0.24963680511641353
27,Danelle Umstead,1,0.00033491308212435327
27,DeMarcus Ware,1,9.7270799791036e-05
27,Evanna Lynch,1,0.24963724754761815
27,Joe Amabile,1,3.405644343005204e-05
27,John Schneider,1,9.727079979104006e-05
27,Juan Pablo Di Pace,1,3.4056443430295345e-05
27,Mary Lou Retton,1,0.00014608278907739047
27,Milo Manheim,1,0.2496408005873951
27,Nancy McKeon,1,5.211534853371452e-05
27,Nikki Glaser,1,1.7041387090463278e-05
27,Tinashe,1,0.0006355345388976083
27,Alexis Ren,2,0.24968783455863902
27,Bobby Bones,2,0.24968783455863908
27,Danelle Umstead,2,0.00018870982866085392
27,DeMarcus Ware,2,4.3586593677978406e-05
27,Evanna Lynch,2,0.24968626803596078
27,Joe Amabile,2,1.0732798786086195e-05
27,John Schneider,2,4.3586593675848566e-05
27,Juan Pablo Di Pace,2,1.0732798783155134e-05
27,Mary Lou Retton,2,0.00010620302637295616
27,Milo Manheim,2,0.24967790064083287
27,Nancy McKeon,2,1.8769902481021568e-05
27,Tinashe,2,0.0008378406634986129
27,Alexis Ren,3,0.24976095957776726
27,Bobby Bones,3,0.24976095957776753
27,DeMarcus Ware,3,2.7117122213062e-07
27,Evanna Lynch,3,0.24976372754022602
27,Joe Amabile,3,7.999531214390106e-16
27,John Schneider,3,2.7117122192801723e-07
27,Juan Pablo Di Pace,3,7.722524298414478e-16
27,Mary Lou Retton,3,0.00011444798764566173
27,Milo Manheim,3,0.24977255255764425
27,Nancy McKeon,3,8.206499431406883e-05
27,Tinashe,3,0.0007447454222015183
27,Alexis Ren,4,0.24981607765330974
27,Bobby Bones,4,0.24981607765330957
27,DeMarcus Ware,4,3.677068009443646e-05
27,Evanna Lynch,4,0.2498147407745856
27,Joe Amabile,4,2.9931298047948255e-05
27,John Schneider,4,3.677068009478175e-05
27,Juan Pablo Di Pace,4,2.99312980480216e-05
27,Mary Lou Retton,4,0.00010883918055894299
27,Milo Manheim,4,0.24981000451269328
27,Tinashe,4,0.000500856269257733
27,Alexis Ren,5,0.24987342693960582
27,Bobby Bones,5,0.24987342693960574
27,DeMarcus Ware,5,5.541103783998637e-05
27,Evanna Lynch,5,0.2498677985201539
27,Joe Amabile,5,8.448240053879628e-05
27,John Schneider,5,5.5411037841567284e-05
27,Juan Pablo Di Pace,5,8.448240053883041e-05
27,Mary Lou Retton,5,0.00023779917680896262
27,Milo Manheim,5,0.24986776154706644
27,Alexis Ren,6,0.24986258672243197
27,Bobby Bones,6,0.2498625067229411
27,DeMarcus Ware,6,4.152781297496864e-05
27,Evanna Lynch,6,0.24988064267101662
27,Joe Amabile,6,3.86298645445614e-05
27,John Schneider,6,4.152781297496809e-05
27,Juan Pablo Di Pace,6,3.862986454450259e-05
27,Mary Lou Retton,6,0.0003510432093254099
27,Milo Manheim,6,0.24988290531924587
27,Alexis Ren,7,0.24994565471512548
27,Bobby Bones,7,0.249945801763741
27,DeMarcus Ware,7,9.526640582941397e-05
27,Evanna Lynch,7,0.24991708530087053
27,Joe Amabile,7,4.2548300043165884e-05
27,John Schneider,7,9.526640582941828e-05
27,Juan Pablo Di Pace,7,4.254830004293528e-05
27,Milo Manheim,7,0.24991582880851804
27,Alexis Ren,8,0.2499628479974347
27,Bobby Bones,8,0.24996264648674124
27,Evanna Lynch,8,0.24999053431745913
27,Joe Amabile,8,4.699670680033122e-05
27,Juan Pablo Di Pace,8,4.699670680000907e-05
27,Milo Manheim,8,0.24998997778476456
27,Alexis Ren,9,0.2500056193464777
27,Bobby Bones,9,0.2500056863956022
27,Evanna Lynch,9,0.24999408466443607
27,Milo Manheim,9,0.24999460959348405
28,Ally Brooke,1,0.24902491809116115
28,Hannah Brown,1,0.2490244886947657
28,James Van Der Beek,1,0.003439498019716378
28,Karamo Brown,1,3.9302328752599536e-17
28,Kate Flannery,1,2.6154258084128395e-16
28,Kel Mitchell,1,0.2490281776481726
28,Lamar Odom,1,0.00031213298235459243
28,Lauren Alaina,1,0.2490268288925918
28,Mary Wilson,1,4.632907372245442e-05
28,Ray Lewis,1,4.632907372256016e-05
28,Sailor Brinkley-Cook,1,5.129752379179031e-05
28,Sean Spicer,1,7.171997370991612e-16
28,Ally Brooke,2,0.24902498941269371
28,Hannah Brown,2,0.24902574052117257
28,James Van Der Beek,2,0.003374858300775398
28,Karamo Brown,2,5.288185185704737e-05
28,Kate Flannery,2,0.0
28,Kel Mitchell,2,0.2490163247704082
28,Lamar Odom,2,0.0002998034141188041
28,Lauren Alaina,2,0.24901945277267493
28,Mary Wilson,2,1.4439133482618827e-15
28,Ray Lewis,2,1.3450510507901497e-15
28,Sailor Brinkley-Cook,2,0.00014331008109835978
28,Sean Spicer,2,4.2638875198364465e-05
28,Ally Brooke,3,0.2490030826999383
28,Hannah Brown,3,0.24900329689518982
28,James Van Der Beek,3,0.003180220207827013
28,Karamo Brown,3,0.00022397214721226518
28,Kate Flannery,3,2.727106689789679e-05
28,Kel Mitchell,3,0.24901436503269464
28,Lamar Odom,3,0.00032360096802888655
28,Lauren Alaina,3,0.24901101495409697
28,Sailor Brinkley-Cook,3,0.0002131760281143148
28,Sean Spicer,3,0.0
28,Ally Brooke,4,0.24912792530400477
28,Hannah Brown,4,0.2491249944661485
28,James Van Der Beek,4,0.003167126439973046
28,Karamo Brown,4,4.064673944648156e-16
28,Kate Flannery,4,3.1947372265000995e-16
28,Kel Mitchell,4,0.24911537994838148
28,Lamar Odom,4,0.00034638205454508644
28,Lauren Alaina,4,0.24911819178694558
28,Sailor Brinkley-Cook,4,3.3393426912553537e-16
28,Sean Spicer,4,3.148388744388522e-16
28,Ally Brooke,5,0.24919628886163733
28,Hannah Brown,5,0.24920246173039762
28,James Van Der Beek,5,0.00300838241542424
28,Karamo Brown,5,2.750643955882771e-06
28,Kate Flannery,5,4.761612653648994e-16
28,Kel Mitchell,5,0.2492093304022653
28,Lauren Alaina,5,0.24920598792115928
28,Sailor Brinkley-Cook,5,0.00011115647139991451
28,Sean Spicer,5,6.364155375993105e-05
28,Ally Brooke,6,0.24922083653585403
28,Hannah Brown,6,0.24921229183046326
28,James Van Der Beek,6,0.0026559716444946708
28,Karamo Brown,6,9.676763235028412e-05
28,Kate Flannery,6,1.1235903380106095e-05
28,Kel Mitchell,6,0.24920691258258737
28,Lauren Alaina,6,0.2492135582418418
28,Sailor Brinkley-Cook,6,0.00038242562902797574
28,Sean Spicer,6,4.897883314203266e-16
28,Ally Brooke,7,0.24933372158831377
28,Hannah Brown,7,0.2493430002497647
28,James Van Der Beek,7,0.0025747339654562315
28,Karamo Brown,7,4.341009973360399e-16
28,Kate Flannery,7,6.328142126886481e-05
28,Kel Mitchell,7,0.2493491788666762
28,Lauren Alaina,7,0.24933608390851913
28,Sean Spicer,7,5.373542693753856e-16
28,Ally Brooke,8,0.24940983246466264
28,Hannah Brown,8,0.24940156369622649
28,James Van Der Beek,8,0.0023273484045995417
28,Kate Flannery,8,1.4627941764718179e-05
28,Kel Mitchell,8,0.24939242753069474
28,Lauren Alaina,8,0.24941263415713263
28,Sean Spicer,8,4.156580491932508e-05
28,Ally Brooke,9,0.24952080633997858
28,Hannah Brown,9,0.24952653290065147
28,James Van Der Beek,9,0.0019007809534808875
28,Kel Mitchell,9,0.2495375775387175
28,Lauren Alaina,9,0.2495143022671711
28,Sean Spicer,9,4.525730918497617e-16
28,Ally Brooke,10,0.2495930948613934
28,Hannah Brown,10,0.24958992272644726
28,James Van Der Beek,10,0.0016370788617919268
28,Kel Mitchell,10,0.24958049757816053
28,Lauren Alaina,10,0.2495994059722068
28,Ally Brooke,11,0.24999928523246592
28,Hannah Brown,11,0.25000025736896664
28,Kel Mitchell,11,0.25000386403836794
28,Lauren Alaina,11,0.2499965933601996
29,AJ McLean,1,0.003485598252978281
29,Anne Heche,1,0.0001355655556676608
29,Carole Baskin,1,0.0004113514984812182
29,Charles Oakley,1,2.6508743117270583e-16
29,Chrishell Stause,1,0.0
29,Jeannie Mai,1,0.0001292421485851932
29,Jesse Metcalfe,1,0.0005644472431905493
29,Johnny Weir,1,0.0001908054733840662
29,Justina Machado,1,0.24869222603317578
29,Kaitlyn Bristowe,1,0.2486884125191731
29,Monica Aldama,1,0.00012923305184955663
29,Nelly,1,0.24868312716454136
29,Nev Schulman,1,0.2486991822278238
29,Skai Jackson,1,0.00019080883115026596
29,Veron Davis,1,0.0
29,AJ McLean,2,0.003642416467837303
29,Anne Heche,2,2.562782885212611e-17
29,Carole Baskin,2,1.9949319973733282e-17
29,Charles Oakley,2,0.0005628402471762853
29,Chrishell Stause,2,0.0
29,Jeannie Mai,2,0.0001502629807981151
29,Jesse Metcalfe,2,5.242248910525786e-05
29,Johnny Weir,2,0.0
29,Justina Machado,2,0.24881301420570506
29,Kaitlyn Bristowe,2,0.2488241437177555
29,Monica Aldama,2,0.00015026780992359584
29,Nelly,2,0.24883959114932905
29,Nev Schulman,2,0.24879270501186904
29,Skai Jackson,2,0.0
29,Veron Davis,2,0.00017233592050095066
29,AJ McLean,3,0.0034429356853530172
29,Anne Heche,3,4.0296734069847875e-17
29,Carole Baskin,3,0.00033937949012110815
29,Chrishell Stause,3,0.0
29,Jeannie Mai,3,0.0001673274196486902
29,Jesse Metcalfe,3,0.0002125103934989345
29,Johnny Weir,3,3.641060639990711e-05
29,Justina Machado,3,0.24890627327200454
29,Kaitlyn Bristowe,3,0.24888870236974148
29,Monica Aldama,3,0.0001673268658575009
29,Nelly,3,0.24886437642276132
29,Nev Schulman,3,0.24893833069780388
29,Skai Jackson,3,3.6426776809747786e-05
29,Veron Davis,3,0.0
29,AJ McLean,4,0.003295641622581786
29,Anne Heche,4,0.00014228268538921828
29,Chrishell Stause,4,6.482106597966239e-05
29,Jeannie Mai,4,2.4943702987014014e-05
29,Jesse Metcalfe,4,0.00035175770777903846
29,Johnny Weir,4,3.4304349515355245e-05
29,Justina Machado,4,0.24899794042528325
29,Kaitlyn Bristowe,4,0.24902054590118966
29,Monica Aldama,4,2.4934002583124634e-05
29,Nelly,4,0.24905182151538166
29,Nev Schulman,4,0.24895671312542786
29,Skai Jackson,4,3.429389590236318e-05
29,Veron Davis,4,0.0
29,AJ McLean,5,0.003038818921870165
29,Chrishell Stause,5,6.870096568914181e-06
29,Jeannie Mai,5,0.00017680153784907382
29,Jesse Metcalfe,5,0.00034589857341738294
29,Johnny Weir,5,0.00023196401999554705
29,Justina Machado,5,0.24895778825897302
29,Kaitlyn Bristowe,5,0.24893196197218412
29,Monica Aldama,5,0.00017681298368602696
29,Nelly,5,0.24889626704807158
29,Nev Schulman,5,0.24900488323699052
29,Skai Jackson,5,0.00023193335039364528
29,Veron Davis,5,0.0
29,AJ McLean,6,0.002921021390583745
29,Chrishell Stause,6,0.0
29,Jeannie Mai,6,0.0003181878030976629
29,Johnny Weir,6,2.7209819064215164e-05
29,Justina Machado,6,0.2490684064349657
29,Kaitlyn Bristowe,6,0.24909533463745812
29,Monica Aldama,6,0.00031817353985586915
29,Nelly,6,0.2491326356548891
29,Nev Schulman,6,0.24901925479385909
29,Skai Jackson,6,2.7229739196832196e-05
29,Veron Davis,6,7.254618702974321e-05
29,AJ McLean,7,0.0025924997664883973
29,Chrishell Stause,7,0.0002383645283974263
29,Jeannie Mai,7,0.0002460520689132407
29,Johnny Weir,7,9.633136302533707e-17
29,Justina Machado,7,0.2491793409236519
29,Kaitlyn Bristowe,7,0.2491534769232296
29,Monica Aldama,7,0.0002460560733150525
29,Nelly,7,0.2491176373691269
29,Nev Schulman,7,0.2492265723468773
29,Skai Jackson,7,9.443400922348744e-17
29,AJ McLean,8,0.002415637105436295
29,Chrishell Stause,8,0.0
29,Johnny Weir,8,2.6660554772091695e-05
29,Justina Machado,8,0.2493739145502773
29,Kaitlyn Bristowe,8,0.2493966069446958
29,Nelly,8,0.24942809523064724
29,Nev Schulman,8,0.24933244695962664
29,Skai Jackson,8,2.6638654544712794e-05
29,AJ McLean,9,0.0020255191128879676
29,Johnny Weir,9,2.793085294018987e-05
29,Justina Machado,9,0.24948655173761905
29,Kaitlyn Bristowe,9,0.24946883465132558
29,Nelly,9,0.24944434599956325
29,Nev Schulman,9,0.24951887269579015
29,Skai Jackson,9,2.7944949873858323e-05
29,Johnny Weir,10,0.00019257002666160156
29,Justina Machado,10,0.24989933423786084
29,Kaitlyn Bristowe,10,0.24991059007550712
29,Nelly,10,0.24992614089780202
29,Nev Schulman,10,0.24987881158448744
29,Skai Jackson,10,0.0001925531776809502
29,Justina Machado,11,0.2500015053076202
29,Kaitlyn Bristowe,11,0.24999763029364477
29,Nelly,11,0.24999232539448912
29,Nev Schulman,11,0.25000853900424586
30,Amanda Kloots,1,0.2486150865542044
30,Brian Austin Green,1,0.00011312986077991313
30,Christine Chiu,1,5.268231560277045e-05
30,Cody Rigsby,1,0.24861139699850177
30,Iman Shumpert,1,0.24861245321982545
30,Jimmie Allen,1,0.00015726631496056943
30,JoJo Siwa,1,0.24861258895531668
30,Kenya Moore,1,7.404001043549305e-18
30,Martin Kove,1,0.0001932710695831621
30,Matt James,1,0.00011312986077982893
30,Melanie C,1,5.379501438283219e-18
30,Melora Hardin,1,7.941748774658546e-05
30,"Mike ""The Miz"" Mizanin",1,0.004602899448628066
30,Olivia Jade,1,0.00015726631496079538
30,Suni Lee,1,7.941159911014733e-05
30,Amanda Kloots,2,0.24867748813925206
30,Brian Austin Green,2,0.00015346473288560582
30,Christine Chiu,2,3.830646902224848e-05
30,Cody Rigsby,2,0.24868822267852198
30,Iman Shumpert,2,0.24868519012270118
30,Jimmie Allen,2,0.00010062206845015991
30,JoJo Siwa,2,0.2486847830282419
30,Kenya Moore,2,5.418933850145066e-19
30,Martin Kove,2,9.4240128667838e-05
30,Matt James,2,0.00015346473288536006
30,Melanie C,2,3.3723564016937533e-05
30,Melora Hardin,2,4.320813996897541e-05
30,"Mike ""The Miz"" Mizanin",2,0.004503458171514202
30,Olivia Jade,2,0.00010062206845009814
30,Suni Lee,2,4.320595542182876e-05
30,Amanda Kloots,3,0.24875908873635377
30,Brian Austin Green,3,0.00017032856689363962
30,Christine Chiu,3,5.032720955617179e-05
30,Cody Rigsby,3,0.24874249290913766
30,Iman Shumpert,3,0.24874727183829887
30,Jimmie Allen,3,9.540490837876618e-05
30,JoJo Siwa,3,0.24874787432823844
30,Kenya Moore,3,4.1061376891258574e-06
30,Matt James,3,0.0001703285668936152
30,Melanie C,3,2.106815559169572e-05
30,Melora Hardin,3,1.622707341832681e-05
30,"Mike ""The Miz"" Mizanin",3,0.00436384634334104
30,Olivia Jade,3,9.540490837878567e-05
30,Suni Lee,3,1.6230317830129042e-05
30,Amanda Kloots,4,0.2487858395124519
30,Brian Austin Green,4,0.00017098496640803755
30,Cody Rigsby,4,0.24880662169039738
30,Iman Shumpert,4,0.24880055993650416
30,Jimmie Allen,4,5.6816648471603305e-05
30,JoJo Siwa,4,0.24879985662440357
30,Kenya Moore,4,7.586507390203092e-18
30,Matt James,4,0.0001709849664080192
30,Melanie C,4,1.9173226397689506e-05
30,Melora Hardin,4,4.43329517510944e-05
30,"Mike ""The Miz"" Mizanin",4,0.0042436876536995835
30,Olivia Jade,4,5.6816648845161484e-05
30,Suni Lee,4,4.432517426205881e-05
30,Amanda Kloots,5,0.2488544212070538
30,Cody Rigsby,5,0.2488316247645398
30,Iman Shumpert,5,0.2488384426953344
30,Jimmie Allen,5,0.00011477626984930509
30,JoJo Siwa,5,0.24883911542325235
30,Kenya Moore,5,6.404689316301188e-05
30,Melanie C,5,1.674798010492339e-06
30,Melora Hardin,5,8.401806770961214e-05
30,"Mike ""The Miz"" Mizanin",5,0.0041730933624493
30,Olivia Jade,5,0.00011477626782996887
30,Suni Lee,5,8.401025080799853e-05
30,Amanda Kloots,6,0.24891544721622622
30,Cody Rigsby,6,0.24893802962955325
30,Iman Shumpert,6,0.2489311741634788
30,Jimmie Allen,6,0.00010722095646485837
30,JoJo Siwa,6,0.2489305910576427
30,Kenya Moore,6,5.4098467706781645e-05
30,Melora Hardin,6,8.898557166929662e-05
30,"Mike ""The Miz"" Mizanin",6,0.0038382386090210427
30,Olivia Jade,6,0.00010722095646486111
30,Suni Lee,6,8.899337147121862e-05
30,Amanda Kloots,7,0.24910843567440513
30,Cody Rigsby,7,0.24908825039131874
30,Iman Shumpert,7,0.24909452593793946
30,Jimmie Allen,7,1.993712050293638e-05
30,JoJo Siwa,7,0.24909496048970353
30,Melora Hardin,7,5.000345087039126e-05
30,"Mike ""The Miz"" Mizanin",7,0.0034739422152235033
30,Olivia Jade,7,1.993712050292495e-05
30,Suni Lee,7,5.000759953346825e-05
30,Amanda Kloots,8,0.24963867778847407
30,Cody Rigsby,8,0.24965460883533602
30,Iman Shumpert,8,0.24964959276811063
30,Jimmie Allen,8,0.0003060990227634602
30,JoJo Siwa,8,0.24964930166121904
30,Melora Hardin,8,0.0003978114920620366
30,Olivia Jade,8,0.0003060990227635799
30,Suni Lee,8,0.0003978094092712224
30,Amanda Kloots,9,0.249805122951308
30,Cody Rigsby,9,0.24979494062873733
30,Iman Shumpert,9,0.24979821023565071
30,JoJo Siwa,9,0.24979837676657637
30,Melora Hardin,9,0.0004016757657678587
30,Suni Lee,9,0.00040167365195970114
30,Amanda Kloots,10,0.24999793758444896
30,Cody Rigsby,10,0.2500014523361428
30,Iman Shumpert,10,0.2500003339398323
30,JoJo Siwa,10,0.2500002761395759
31,Charli D'Amelio,1,0.2487141646497259
31,Cheryl Ladd,1,0.0003255682887690318
31,Daniel Durant,1,7.351407116366212e-05
31,Gabby Windey,1,0.24872764873116826
31,Heidi D'Amelio,1,0.0002677066198676581
31,Jason Lewis,1,0.0
31,Jessie James Decker,1,0.0
31,Jordin Sparks,1,0.0037649163779867696
31,Joseph Baena,1,0.0
31,Sam Champion,1,3.717409936512853e-05
31,Selma Blair,1,0.0
31,Shangela,1,0.24873431597618467
31,Teresa Giudice,1,0.00028283667755068186
31,Trevor Donovan,1,7.354403431099587e-05
31,Vinny Guadagnino,1,0.00026771553818023385
31,Wayne Brady,1,0.24873089493572761
31,Charli D'Amelio,2,0.24888143708782517
31,Cheryl Ladd,2,0.0
31,Daniel Durant,2,1.6824107211543815e-16
31,Gabby Windey,2,0.24884257413564026
31,Heidi D'Amelio,2,0.00039720233028744045
31,Jessie James Decker,2,1.0237579013694376e-16
31,Jordin Sparks,2,0.003789462713391535
31,Joseph Baena,2,1.7938515512568048e-05
31,Sam Champion,2,2.924635360279648e-17
31,Selma Blair,2,1.7938515512543857e-05
31,Shangela,2,0.2488231698356965
31,Teresa Giudice,2,3.4450524030726903e-17
31,Trevor Donovan,2,0.0
31,Vinny Guadagnino,2,0.0003971749386939683
31,Wayne Brady,2,0.24883310192744004
31,Charli D'Amelio,3,0.2488498495649761
31,Cheryl Ladd,3,0.000275116377005727
31,Daniel Durant,3,0.0
31,Gabby Windey,3,0.2489094659491233
31,Heidi D'Amelio,3,0.00018836101884004558
31,Jessie James Decker,3,8.536177637326936e-06
31,Jordin Sparks,3,0.003715668496596252
31,Joseph Baena,3,1.8201043970600406e-17
31,Sam Champion,3,0.0
31,Selma Blair,3,4.9737774662772516e-18
31,Shangela,3,0.24894008345430535
31,Trevor Donovan,3,0.0
31,Vinny Guadagnino,3,0.0001883570218674606
31,Wayne Brady,3,0.2489245619396484
31,Charli D'Amelio,4,0.24904975077922006
31,Daniel Durant,4,0.0
31,Gabby Windey,4,0.2489760992629749
31,Heidi D'Amelio,4,0.00010979833942168253
31,Jessie James Decker,4,9.530137096147584e-17
31,Jordin Sparks,4,0.0035831165408700266
31,Joseph Baena,4,7.335348518616968e-05
31,Sam Champion,4,0.00013118927465451726
31,Selma Blair,4,7.335348518616868e-05
31,Shangela,4,0.24893694431496668
31,Trevor Donovan,4,0.0
31,Vinny Guadagnino,4,0.00010978332643998443
31,Wayne Brady,4,0.24895661119107965
31,Charli D'Amelio,5,0.2489690376503292
31,Daniel Durant,5,2.1912190230871626e-05
31,Gabby Windey,5,0.24904877013698384
31,Heidi D'Amelio,5,0.0002048805762396807
31,Jessie James Decker,5,8.455421692671328e-17
31,Jordin Sparks,5,0.0033646449828391286
31,Joseph Baena,5,1.1309583911739418e-17
31,Selma Blair,5,0.0
31,Shangela,5,0.2490929376204828
31,Trevor Donovan,5,2.194249279786962e-05
31,Vinny Guadagnino,5,0.00020488336726233133
31,Wayne Brady,5,0.24907099098283425
31,Charli D'Amelio,6,0.2492306938677037
31,Daniel Durant,6,4.399991124201817e-05
31,Gabby Windey,6,0.24915284301054835
31,Heidi D'Amelio,6,0.00016964040524511062
31,Jessie James Decker,6,8.021571417087675e-17
31,Jordin Sparks,6,0.0029510750311941836
31,Shangela,6,0.2491079801127441
31,Trevor Donovan,6,4.401265467977921e-05
31,Vinny Guadagnino,6,0.0001696417015532711
31,Wayne Brady,6,0.2491301133050895
31,Charli D'Amelio,7,0.24911977754675318
31,Daniel Durant,7,1.093310303900729e-17
31,Gabby Windey,7,0.2491884067103089
31,Heidi D'Amelio,7,0.0002316837966216374
31,Jordin Sparks,7,0.0027896309175695225
31,Shangela,7,0.24922949008031015
31,Trevor Donovan,7,0.0
31,Vinny Guadagnino,7,0.00023165977121634168
31,Wayne Brady,7,0.24920935117722023
31,Charli D'Amelio,8,0.24966425365204212
31,Daniel Durant,8,0.00015838277638688337
31,Gabby Windey,8,0.24961078804209572
31,Heidi D'Amelio,8,0.0006182017873694242
31,Shangela,8,0.24957781675315202
31,Trevor Donovan,8,0.00015839757790568772
31,Vinny Guadagnino,8,0.0006181985819321085
31,Wayne Brady,8,0.2495939608291161
31,Charli D'Amelio,9,0.24986861461859305
31,Daniel Durant,9,0.00019588610379387816
31,Gabby Windey,9,0.24990244563159514
31,Shangela,9,0.24992379051066302
31,Trevor Donovan,9,0.00019588660508813177
31,Wayne Brady,9,0.24991337653026677
31,Charli D'Amelio,10,0.2500114764223692
31,Gabby Windey,10,0.24999988122059508
31,Shangela,10,0.24999251528642838
31,Wayne Brady,10,0.2499961270706074
32,Adrian Peterson,1,0.00014075990222238536
32,Alyson Hannigan,1,0.19892851270061399
32,Ariana Madix,1,0.19892573611957398
32,Barry Williams,1,6.65099226486914e-05
32,Charity Lawson,1,0.1989176540448875
32,Harry Jowsey,1,0.004606795352204647
32,Jamie Lynn Spears,1,6.533356762496697e-05
32,Jason Mraz,1,0.1989257361195732
32,Lele Pons,1,0.0
32,Matt Walsh,1,3.5033293092388767e-06
32,Mauricio Umansky,1,0.00011041529697979383
32,Mira Sorvino,1,0.00011626665397905072
32,Tyson Beckford,1,0.0002696586174992953
32,Xochitl Gomez,1,0.19892311837288518
32,Adrian Peterson,2,0.00016256367833547368
32,Alyson Hannigan,2,0.1989070224011011
32,Ariana Madix,2,0.19891496498627645
32,Barry Williams,2,5.031955694693332e-05
32,Charity Lawson,2,0.19893869672405073
32,Harry Jowsey,2,0.0044583015470954215
32,Jamie Lynn Spears,2,0.00011715854375638746
32,Jason Mraz,2,0.19891496498627656
32,Lele Pons,2,4.323689779215472e-05
32,Mauricio Umansky,2,0.00029877802501739287
32,Mira Sorvino,2,6.127809037904602e-05
32,Tyson Beckford,2,0.0002099547829391277
32,Xochitl Gomez,2,0.19892275978003326
32,Adrian Peterson,3,0.00015132093152941012
32,Alyson Hannigan,3,0.19895484597308474
32,Ariana Madix,3,0.19894235977117175
32,Barry Williams,3,0.00014778951721254873
32,Charity Lawson,3,0.19890507144135952
32,Harry Jowsey,3,0.004266910421701041
32,Jason Mraz,3,0.1989423597711717
32,Lele Pons,3,0.00013257947008936454
32,Mauricio Umansky,3,0.00018669879979252508
32,Mira Sorvino,3,6.0242113168616205e-05
32,Tyson Beckford,3,0.00037992146658126296
32,Xochitl Gomez,3,0.19892990032313762
32,Adrian Peterson,4,0.00014254491063768948
32,Alyson Hannigan,4,0.19902872147577588
32,Ariana Madix,4,0.199044515623583
32,Barry Williams,4,0.00019352531466514155
32,Charity Lawson,4,0.19909242942994945
32,Harry Jowsey,4,0.004141197170165317
32,Jason Mraz,4,0.19904451562358297
32,Lele Pons,4,4.860940456779419e-05
32,Mauricio Umansky,4,0.0001046364273910351
32,Mira Sorvino,4,9.836469877744355e-05
32,Xochitl Gomez,4,0.19906093992090426
32,Alyson Hannigan,5,0.19914239199493078
32,Ariana Madix,5,0.19912456026604144
32,Barry Williams,5,0.0002246918156613096
32,Charity Lawson,5,0.19907007818642353
32,Harry Jowsey,5,0.003854750486346108
32,Jason Mraz,5,0.1991245602660415
32,Lele Pons,5,1.9497524273598987e-05
32,Mauricio Umansky,5,0.0001452808570539342
32,Mira Sorvino,5,0.00018883990574828835
32,Xochitl Gomez,5,0.19910534869747948
32,Alyson Hannigan,6,0.19914967261977776
32,Ariana Madix,6,0.19916793901684604
32,Barry Williams,6,0.0003115883666374086
32,Charity Lawson,6,0.19922465362142203
32,Harry Jowsey,6,0.0034886364101298435
32,Jason Mraz,6,0.19916793901684612
32,Lele Pons,6,5.6569542257009416e-05
32,Mauricio Umansky,6,0.0002444316459292135
32,Xochitl Gomez,6,0.19918856976015456
32,Alyson Hannigan,7,0.1993047561777212
32,Ariana Madix,7,0.1992874184427457
32,Barry Williams,7,0.00036145737018895147
32,Charity Lawson,7,0.1992331706764713
32,Harry Jowsey,7,0.0031087437285294848
32,Jason Mraz,7,0.19928741844274567
32,Lele Pons,7,0.0001499488973695843
32,Xochitl Gomez,7,0.19926708626422818
32,Alyson Hannigan,8,0.19937199341432363
32,Ariana Madix,8,0.19938694268500715
32,Barry Williams,8,0.0002496796871662867
32,Charity Lawson,8,0.19943446561661463
32,Harry Jowsey,8,0.0027647144668761954
32,Jason Mraz,8,0.19938694268500706
32,Xochitl Gomez,8,0.19940526144500512
32,Alyson Hannigan,9,0.19953536419482584
32,Ariana Madix,9,0.19952379746014304
32,Charity Lawson,9,0.19948691722410458
32,Harry Jowsey,9,0.0024208554518679
32,Jason Mraz,9,0.1995237974601431
32,Xochitl Gomez,9,0.1995092682089156
32,Alyson Hannigan,10,0.19998765565186338
32,Ariana Madix,10,0.19999489080603622
32,Charity Lawson,10,0.20001829841310112
32,Jason Mraz,10,0.19999489080603627
32,Xochitl Gomez,10,0.20000426432296303
32,Alyson Hannigan,11,0.20000424108723464
32,Ariana Madix,11,0.20000174476654078
32,Charity Lawson,11,0.19999374775093523
32,Jason Mraz,11,0.20000174476654062
32,Xochitl Gomez,11,0.19999852162874884
33,Anna Delvey,1,0.0
33,Brooks Nader,1,0.0
33,Chandler Kinney,1,0.19912447259135693
33,Danny Amendola,1,0.19913023026479212
33,Dwight Howard ,1,0.004250950923333486
33,Eric Roberts,1,0.0
33,Ilona Maher,1,0.19919721186612446
33,Jenn Tran,1,8.143060053190733e-18
33,Joey Graziadei,1,0.1991962698004473
33,Phaedra Parks,1,0.0
33,Reginald VelJohnson,1,8.203968103817627e-15
33,Stephen Nedoroscik,1,0.1991008645539452
33,Tori Spelling,1,0.0
33,Anna Delvey,2,6.214011754069331e-05
33,Brooks Nader,2,0.00024855285309750293
33,Chandler Kinney,2,0.19917207464331987
33,Danny Amendola,2,0.1991639222938589
33,Dwight Howard ,2,0.004066320826362127
33,Eric Roberts,2,3.637521798100787e-07
33,Ilona Maher,2,0.1989926951544416
33,Jenn Tran,2,9.371432988977614e-06
33,Joey Graziadei,2,0.19899117002005856
33,Phaedra Parks,2,2.0373514073718235e-16
33,Reginald VelJohnson,2,3.835120643437399e-07
33,Stephen Nedoroscik,2,0.19923086527630643
33,Tori Spelling,2,6.21401177810478e-05
33,Brooks Nader,3,0.0002235998646424804
33,Chandler Kinney,3,0.19905731231355678
33,Danny Amendola,3,0.19905087298179258
33,Dwight Howard ,3,0.0039274980239728625
33,Eric Roberts,3,9.6803979669593e-05
33,Ilona Maher,3,0.19925026710350965
33,Jenn Tran,3,3.7509329409851633e-16
33,Joey Graziadei,3,0.19926175763253132
33,Phaedra Parks,3,4.23354022854874e-05
33,Reginald VelJohnson,3,9.67898914788738e-05
33,Stephen Nedoroscik,3,0.19899276280655984
33,Brooks Nader,4,2.7858767063471744e-05
33,Chandler Kinney,4,0.19923120063110328
33,Danny Amendola,4,0.19925855985140178
33,Dwight Howard ,4,0.003929603858903761
33,Ilona Maher,4,0.19911966033041056
33,Jenn Tran,4,3.5209465551466756e-17
33,Joey Graziadei,4,0.19909823969853435
33,Phaedra Parks,4,6.280976976240292e-05
33,Stephen Nedoroscik,4,0.1992720670928205
33,Chandler Kinney,5,0.1992692214831285
33,Danny Amendola,5,0.19923290820114026
33,Dwight Howard ,5,0.003649347753648612
33,Ilona Maher,5,0.19925116242125687
33,Jenn Tran,5,0.0
33,Joey Graziadei,5,0.19927139165468222
33,Phaedra Parks,5,5.9756142667655794e-05
33,Stephen Nedoroscik,5,0.1992662123434758
33,Chandler Kinney,6,0.19930716464158776
33,Danny Amendola,6,0.19933359435129527
33,Dwight Howard ,6,0.0032078213943393602
33,Ilona Maher,6,0.19943898508623675
33,Jenn Tran,6,1.7726705520137997e-17
33,Joey Graziadei,6,0.19943392174340158
33,Stephen Nedoroscik,6,0.1992785127831393
33,Chandler Kinney,7,0.199521260568325
33,Danny Amendola,7,0.1995139583535917
33,Dwight Howard ,7,0.0027348905204745725
33,Ilona Maher,7,0.199340343154623
33,Joey Graziadei,7,0.199326815150208
33,Stephen Nedoroscik,7,0.19956273225277768
33,Chandler Kinney,8,0.19994353633091885
33,Danny Amendola,8,0.19993840143577332
33,Ilona Maher,8,0.20009395680926917
33,Joey Graziadei,8,0.2001144324834534
33,Stephen Nedoroscik,8,0.19990967294058512
33,Chandler Kinney,9,0.20002167548170574
33,Danny Amendola,9,0.20002563577883234
33,Ilona Maher,9,0.19996387380443387
33,Joey Graziadei,9,0.19995429613650242
33,Stephen Nedoroscik,9,0.20003451879852563
34,Alix Earle,1,0.19912406637704286
34,Andy Richter,1,0.0
34,Baron Davis,1,0.00018572327198254025
34,Corey Feldman,1,0.00018572327198223404
34,Danielle Fishel,1,4.632253781944318e-17
34,Dylan Efron,1,0.1991252540348728
34,Elaine Hendrix,1,0.19912849308649272
34,Hilaria Baldwin,1,2.0805162063639027e-16
34,Jen Affleck,1,0.0001042798684713215
34,Jordan Chiles,1,0.19912676524862025
34,Lauren Jauregui,1,2.2036409155767878e-16
34,Robert Irwin,1,0.19912676524862097
34,Scott Hoying,1,9.990150632759607e-05
34,Whitney Leavitt,1,0.003793028085589856
34,Alix Earle,2,0.19914280011869345
34,Andy Richter,2,4.5104591839428994e-05
34,Baron Davis,2,5.622999402682028e-05
34,Corey Feldman,2,5.622999403273043e-05
34,Danielle Fishel,2,5.127801937405974e-16
34,Dylan Efron,2,0.1991391616003082
34,Elaine Hendrix,2,0.19912980146842038
34,Hilaria Baldwin,2,0.0001736895716788454
34,Jen Affleck,2,2.8210940528072825e-16
34,Jordan Chiles,2,0.19913477573767088
34,Lauren Jauregui,2,0.00024761798391701123
34,Robert Irwin,2,0.19913477573767102
34,Scott Hoying,2,6.962641197218926e-05
34,Whitney Leavitt,2,0.003670186789768318
34,Alix Earle,3,0.1991796583338484
34,Andy Richter,3,0.0002643260474324583
34,Danielle Fishel,3,0.00012015209484525419
34,Dylan Efron,3,0.1991858788779397
34,Elaine Hendrix,3,0.19920067323340976
34,Hilaria Baldwin,3,6.191336505978473e-16
34,Jen Affleck,3,0.000122909499470112
34,Jordan Chiles,3,0.1991922855054284
34,Lauren Jauregui,3,0.0001644351262425767
34,Robert Irwin,3,0.19919228550542822
34,Scott Hoying,3,3.022484606346465e-16
34,Whitney Leavitt,3,0.0033773957759540294
34,Alix Earle,4,0.19923337820941722
34,Andy Richter,4,0.0
34,Danielle Fishel,4,2.946319403729358e-17
34,Dylan Efron,4,0.19922492961732585
34,Elaine Hendrix,4,0.19920586852544095
34,Hilaria Baldwin,4,0.00016961227503184065
34,Jen Affleck,4,0.00014939169895040284
34,Jordan Chiles,4,0.19921728530171612
34,Robert Irwin,4,0.19921728530171606
34,Scott Hoying,4,0.0002931453387003953
34,Whitney Leavitt,4,0.0032891037317034594
34,Alix Earle,5,0.19928907937979837
34,Andy Richter,5,6.735418060257248e-05
34,Danielle Fishel,5,7.828305078458358e-05
34,Dylan Efron,5,0.1992990291033512
34,Elaine Hendrix,5,0.19932109311537635
34,Jen Affleck,5,1.3362685954981373e-05
34,Jordan Chiles,5,0.19930709829724857
34,Robert Irwin,5,0.19930709829724874
34,Scott Hoying,5,4.572773682790676e-05
34,Whitney Leavitt,5,0.003271874152806705
34,Alix Earle,6,0.19938852460160453
34,Andy Richter,6,4.792870322071588e-05
34,Danielle Fishel,6,3.618524750670371e-17
34,Dylan Efron,6,0.19937839881430286
34,Elaine Hendrix,6,0.19935469487524066
34,Jen Affleck,6,9.375896521733319e-05
34,Jordan Chiles,6,0.19937020738828606
34,Robert Irwin,6,0.1993702073882861
34,Scott Hoying,6,0.0001060916605325704
34,Whitney Leavitt,6,0.00289018760330925
34,Alix Earle,7,0.19944265305471956
34,Andy Richter,7,2.7998381948037324e-05
34,Danielle Fishel,7,0.0
34,Dylan Efron,7,0.19945173797322055
34,Elaine Hendrix,7,0.19947559112256064
34,Jen Affleck,7,3.004324219957333e-16
34,Jordan Chiles,7,0.19945957118563146
34,Robert Irwin,7,0.1994595711856316
34,Whitney Leavitt,7,0.0026828770962879283
34,Alix Earle,8,0.199495433813644
34,Andy Richter,8,0.00016039279747880985
34,Danielle Fishel,8,0.00019417297256307445
34,Dylan Efron,8,0.1994884218715897
34,Elaine Hendrix,8,0.19946641914945426
34,Jordan Chiles,8,0.19948120610223333
34,Robert Irwin,8,0.19948120610223322
34,Whitney Leavitt,8,0.0022327471908037333
34,Alix Earle,9,0.19957098189586936
34,Andy Richter,9,0.00019706160330433507
34,Dylan Efron,9,0.19957560548061798
34,Elaine Hendrix,9,0.1995936534807095
34,Jordan Chiles,9,0.19958153982202959
34,Robert Irwin,9,0.19958153982202984
34,Whitney Leavitt,9,0.0018996178954394803
34,Alix Earle,10,0.1996421437893128
34,Dylan Efron,10,0.19963966966945793
34,Elaine Hendrix,10,0.19962781385966832
34,Jordan Chiles,10,0.19963566621162565
34,Robert Irwin,10,0.19963566621162568
34,Whitney Leavitt,10,0.0018190402583096856
34,Alix Earle,11,0.1999979845839376
34,Dylan Efron,11,0.19999879095859036
34,Elaine Hendrix,11,0.2000029294638222
34,Jordan Chiles,11,0.20000014749682482
34,Robert Irwin,11,0.20000014749682496
