season,celebrity_name,week,p_est
1,Evander Holyfield,1,0.06311650617050994
1,Joey McIntyre,1,0.0606643767150942
1,John O'Hurley,1,0.43780267288635877
1,Kelly Monaco,1,0.4378027754596945
1,Rachel Hunter,1,2.458318936508292e-19
1,Trista Sutter,1,0.0006136687683428069
1,Evander Holyfield,2,0.061981827816216785
1,Joey McIntyre,2,0.06161822272980804
1,John O'Hurley,2,0.4382001047176741
1,Kelly Monaco,2,0.4381998447363011
1,Rachel Hunter,2,1.2167157840985922e-19
1,Trista Sutter,2,3.8734754392509615e-17
1,Evander Holyfield,3,0.049158570586732196
1,Joey McIntyre,3,0.0656110485846817
1,John O'Hurley,3,0.4426150296667343
1,Kelly Monaco,3,0.44261535116185213
1,Rachel Hunter,3,0.0
1,Joey McIntyre,4,0.0812341879798205
1,John O'Hurley,4,0.4593830551289247
1,Kelly Monaco,4,0.4593827568912548
1,Rachel Hunter,4,2.878638934651442e-19
1,Joey McIntyre,5,0.06079959311880506
1,John O'Hurley,5,0.4696000962978131
1,Kelly Monaco,5,0.46960031058338186
1,John O'Hurley,6,0.5000000394388754
1,Kelly Monaco,6,0.4999999605611246
2,Drew Lachey,1,0.31129394153588585
2,George Hamilton,1,0.0
2,Giselle Fernandez,1,5.8293474466395866e-05
2,Jerry Rice,1,0.31129394846883873
2,Kenny Mayne,1,1.133948146458848e-17
2,Lisa Rinna,1,0.00010545680669792323
2,Master P,1,0.06555578496427625
2,Stacy Keibler,1,0.31129314096687155
2,Tatum O'Neal,1,0.00027930447571321786
2,Tia Carrere,1,0.00012012930725010851
2,Drew Lachey,2,0.31130813152172854
2,George Hamilton,2,4.4040962085359633e-05
2,Giselle Fernandez,2,2.9779630821349666e-05
2,Jerry Rice,2,0.3113081075302255
2,Lisa Rinna,2,2.5730590001018872e-05
2,Master P,2,0.06567505466950639
2,Stacy Keibler,2,0.31131035370840143
2,Tatum O'Neal,2,0.00018811746167064994
2,Tia Carrere,2,0.00011068392555968084
2,Drew Lachey,3,0.31137926105737845
2,George Hamilton,3,4.738656146983725e-18
2,Giselle Fernandez,3,3.8268479625020706e-17
2,Jerry Rice,3,0.31137930521488705
2,Lisa Rinna,3,3.59920603918293e-18
2,Master P,3,0.06586534608250949
2,Stacy Keibler,3,0.3113760876452251
2,Tia Carrere,3,2.5609186649871474e-18
2,Drew Lachey,4,0.31407921467890704
2,George Hamilton,4,6.305429762610199e-18
2,Jerry Rice,4,0.3140791537858684
2,Lisa Rinna,4,0.00015051739520495236
2,Master P,4,0.057608387008411886
2,Stacy Keibler,4,0.3140827271316077
2,Tia Carrere,4,1.2096254119726526e-17
2,Drew Lachey,5,0.32508077261269697
2,George Hamilton,5,0.008258620105810086
2,Jerry Rice,5,0.32508083807138377
2,Lisa Rinna,5,0.008274133162720753
2,Stacy Keibler,5,0.32507750291418797
2,Tia Carrere,5,0.008228133133200413
2,Drew Lachey,6,0.32782889519116604
2,George Hamilton,6,0.008275182296055568
2,Jerry Rice,6,0.32782883839007937
2,Lisa Rinna,6,0.008235605145253014
2,Stacy Keibler,6,0.3278314789774461
2,Drew Lachey,7,0.3306036501855588
2,Jerry Rice,7,0.33060368790558287
2,Lisa Rinna,7,0.008190643494829458
2,Stacy Keibler,7,0.33060201841402903
2,Drew Lachey,8,0.33333315292271204
2,Jerry Rice,8,0.33333313963944194
2,Stacy Keibler,8,0.333333707437846
3,Emmitt Smith,1,0.46346855930569947
3,Harry Hamlin,1,0.006415093722858689
3,Jerry Springer,1,0.021062395515002306
3,Joey Lawrence,1,0.013473070983200991
3,Mario Lopez,1,0.463468559490148
3,Monique Coleman,1,0.0
3,Sara Evans,1,0.028786859891941095
3,Shanna Moakler,1,1.2737681460810168e-17
3,Tucker Carlson,1,0.0005409910742808054
3,Vivica A. Fox,1,0.00018038763775392165
3,Willa Ford,1,0.0026040823791147693
3,Emmitt Smith,2,0.4638037289876691
3,Harry Hamlin,2,0.006521739130435456
3,Jerry Springer,2,0.02093315211456564
3,Joey Lawrence,2,0.01348831285509333
3,Mario Lopez,2,0.4638037260549724
3,Monique Coleman,2,0.0
3,Sara Evans,2,0.028766228753179936
3,Shanna Moakler,2,0.0
3,Vivica A. Fox,2,1.531435568635775e-17
3,Willa Ford,2,0.002683112104084368
3,Emmitt Smith,3,0.4643343798257062
3,Harry Hamlin,3,0.0031661956253284298
3,Jerry Springer,3,0.021815353291564945
3,Joey Lawrence,3,0.01395595346422061
3,Mario Lopez,3,0.46433438369377517
3,Monique Coleman,3,0.0
3,Sara Evans,3,0.029250013530190157
3,Vivica A. Fox,3,9.893344823930228e-19
3,Willa Ford,3,0.0031437205692145557
3,Emmitt Smith,4,0.46533275254001505
3,Jerry Springer,4,0.0231772246122774
3,Joey Lawrence,4,0.014856340028072665
3,Mario Lopez,4,0.4653327447637213
3,Monique Coleman,4,0.0
3,Sara Evans,4,0.030233551036844043
3,Vivica A. Fox,4,2.894819800536297e-17
3,Willa Ford,4,0.0010673870190697574
3,Emmitt Smith,5,0.46698044657675775
3,Jerry Springer,5,0.024775463361012134
3,Joey Lawrence,5,0.016488170543332605
3,Mario Lopez,5,0.46698045615788547
3,Monique Coleman,5,0.0
3,Sara Evans,5,0.02477546336101223
3,Willa Ford,5,1.1738182583050094e-17
3,Emmitt Smith,6,0.4760017362167886
3,Jerry Springer,6,0.025363875656998467
3,Joey Lawrence,6,0.018407988114905106
3,Mario Lopez,6,0.47600172328965534
3,Monique Coleman,6,0.00422467672165239
3,Emmitt Smith,7,0.47980268663872117
3,Jerry Springer,7,0.02139760414719064
3,Joey Lawrence,7,0.015233836097604203
3,Mario Lopez,7,0.4798026990112
3,Monique Coleman,7,0.0037631741052839597
3,Emmitt Smith,8,0.48819616862001947
3,Joey Lawrence,8,0.016485432965408494
3,Mario Lopez,8,0.48819615659256577
3,Monique Coleman,8,0.0071222418220063385
3,Emmitt Smith,9,0.4929927521321147
3,Joey Lawrence,9,0.014014488441249221
3,Mario Lopez,9,0.4929927594266362
3,Emmitt Smith,10,0.5000000017014886
3,Mario Lopez,10,0.4999999982985114
4,Apolo Anton Ohno,1,0.2974628436047666
4,Billy Ray Cyrus,1,0.03944979196653258
4,Clyde Drexler,1,0.034575876028841025
4,Heather Mills,1,0.00021850260048166627
4,Ian Ziering,1,0.00013571638388355084
4,Joey Fatone,1,0.29746284934105055
4,John Ratzenberger,1,0.02714457295637736
4,Laila Ali,1,0.2974628471957637
4,Leeza Gibbons,1,1.0171639333381517e-05
4,Paulina Porizkova,1,3.402903720768399e-05
4,Shandi Finnessey,1,0.006042799245761971
4,Apolo Anton Ohno,2,0.29751547670027345
4,Billy Ray Cyrus,2,0.03955820277040215
4,Clyde Drexler,2,0.03460465715759552
4,Heather Mills,2,1.3356606177165342e-17
4,Ian Ziering,2,9.193942190375291e-08
4,Joey Fatone,2,0.29751546071314816
4,John Ratzenberger,2,0.027208758261074946
4,Laila Ali,2,0.2975154689168672
4,Leeza Gibbons,2,4.587845160072863e-17
4,Paulina Porizkova,2,2.693308105359176e-17
4,Shandi Finnessey,2,0.006081883541216648
4,Apolo Anton Ohno,3,0.2983077945484893
4,Billy Ray Cyrus,3,0.04055794146810078
4,Clyde Drexler,3,0.035374971925864834
4,Heather Mills,3,4.7126422444530084e-05
4,Ian Ziering,3,7.454618758122233e-05
4,Joey Fatone,3,0.29830781061488354
4,John Ratzenberger,3,0.02789083355860992
4,Laila Ali,3,0.2983078018493952
4,Leeza Gibbons,3,0.00012519575165346786
4,Shandi Finnessey,3,0.001005977672977142
4,Apolo Anton Ohno,4,0.2992330032382721
4,Billy Ray Cyrus,4,0.04178625084503607
4,Clyde Drexler,4,0.031195362490329327
4,Heather Mills,4,5.5673025794316085e-05
4,Ian Ziering,4,0.00013857882168373154
4,Joey Fatone,4,0.2992329949362405
4,John Ratzenberger,4,0.02896409366932927
4,Laila Ali,4,0.29923300384541063
4,Leeza Gibbons,4,0.00016103912790415442
4,Apolo Anton Ohno,5,0.30006324976151616
4,Billy Ray Cyrus,5,0.04291887714064186
4,Clyde Drexler,5,0.026911568282961106
4,Heather Mills,5,1.1345056029011792e-17
4,Ian Ziering,5,3.8435751086896576e-17
4,Joey Fatone,5,0.3000632408657402
4,John Ratzenberger,5,0.029979826698112978
4,Laila Ali,5,0.3000632372510276
4,Apolo Anton Ohno,6,0.3051720391249344
4,Billy Ray Cyrus,6,0.04835776162259594
4,Heather Mills,6,5.363625112589335e-17
4,Ian Ziering,6,0.0009627583483844406
4,Joey Fatone,6,0.3051720648952661
4,John Ratzenberger,6,0.035163310996721334
4,Laila Ali,6,0.3051720650120977
4,Apolo Anton Ohno,7,0.3091930726823815
4,Billy Ray Cyrus,7,0.052729969110968423
4,Ian Ziering,7,0.0008530779657719611
4,Joey Fatone,7,0.309193033237387
4,John Ratzenberger,7,0.018837808436739784
4,Laila Ali,7,0.30919303856675134
4,Apolo Anton Ohno,8,0.3163635790393896
4,Billy Ray Cyrus,8,0.04706057962171719
4,Ian Ziering,8,0.003848607512264894
4,Joey Fatone,8,0.3163636197711572
4,Laila Ali,8,0.31636361405547114
4,Apolo Anton Ohno,9,0.3291871645157483
4,Ian Ziering,9,0.012438563862446588
4,Joey Fatone,9,0.32918713277440714
4,Laila Ali,9,0.329187138847398
4,Apolo Anton Ohno,10,0.3333333263784758
4,Joey Fatone,10,0.33333333749359945
4,Laila Ali,10,0.3333333361279249
5,Albert Reed,1,1.3309728746903603e-05
5,Cameron Mathison,1,0.00013752401498823877
5,Floyd Mayweather Jr. ,1,0.01025140518905248
5,Helio Castroneves,1,0.30659214069515867
5,Jane Seymour,1,0.013271408737977275
5,Jennie Garth,1,0.0001605183512702442
5,Josie Maran,1,1.9978331186882658e-05
5,Marie Osmond,1,0.3065921407499343
5,Mark Cuban,1,0.01880956100058505
5,Mel B,1,0.3065921425262644
5,Sabrina Bryan,1,0.0
5,Wayne Newton,1,0.03755987067483612
5,Albert Reed,2,0.0
5,Cameron Mathison,2,0.0
5,Floyd Mayweather Jr. ,2,0.01039611287005692
5,Helio Castroneves,2,0.30658707761734405
5,Jane Seymour,2,0.013251684166769697
5,Jennie Garth,2,0.0
5,Marie Osmond,2,0.3065870748151417
5,Mark Cuban,2,0.018841708495074293
5,Mel B,2,0.30658707051532647
5,Sabrina Bryan,2,0.0
5,Wayne Newton,2,0.03774927152028766
5,Cameron Mathison,3,0.000653782758337302
5,Floyd Mayweather Jr. ,3,0.011658798924571934
5,Helio Castroneves,3,0.30805692052788963
5,Jane Seymour,3,0.014518979080349877
5,Jennie Garth,3,0.0005515142803108899
5,Marie Osmond,3,0.308056923016901
5,Mark Cuban,3,0.017934949552125354
5,Mel B,3,0.30805693049845395
5,Sabrina Bryan,3,0.0
5,Wayne Newton,3,0.03051120136105996
5,Cameron Mathison,4,0.004830742678762564
5,Floyd Mayweather Jr. ,4,0.013132969702791587
5,Helio Castroneves,4,0.3127021309310493
5,Jane Seymour,4,0.019022837549357026
5,Jennie Garth,4,0.00444913038301218
5,Marie Osmond,4,0.31270212639772355
5,Mark Cuban,4,0.019531622883232024
5,Mel B,4,0.3127021174677675
5,Sabrina Bryan,4,0.0009263220063043425
5,Cameron Mathison,5,0.006920676417847535
5,Helio Castroneves,5,0.31538986721954393
5,Jane Seymour,5,0.02145942320743781
5,Jennie Garth,5,0.006337237667872325
5,Marie Osmond,5,0.31538987043724076
5,Mark Cuban,5,0.018925268598115066
5,Mel B,5,0.3153898808966948
5,Sabrina Bryan,5,0.0001877755552479303
5,Cameron Mathison,6,0.009774451818186697
5,Helio Castroneves,6,0.3187069017782696
5,Jane Seymour,6,0.0249328208719495
5,Jennie Garth,6,0.009172040675189015
5,Marie Osmond,6,0.31870689747238007
5,Mel B,6,0.31870688738402514
5,Sabrina Bryan,6,7.950443434306164e-18
5,Cameron Mathison,7,0.011113134067475414
5,Helio Castroneves,7,0.3208045741386843
5,Jane Seymour,7,0.015967759779896902
5,Jennie Garth,7,0.010505369223271924
5,Marie Osmond,7,0.3208045764985931
5,Mel B,7,0.3208045862920784
5,Cameron Mathison,8,0.008749463834601706
5,Helio Castroneves,8,0.3256087697835329
5,Jennie Garth,8,0.014424240012684653
5,Marie Osmond,8,0.32560876686703755
5,Mel B,8,0.32560875950214324
5,Helio Castroneves,9,0.32892692642688154
5,Jennie Garth,9,0.013219214296553719
5,Marie Osmond,9,0.3289269270569725
5,Mel B,9,0.3289269322195922
5,Helio Castroneves,10,0.33333333455960446
5,Marie Osmond,10,0.33333333341605814
5,Mel B,10,0.33333333202433746
6,Adam Carolla,1,0.0016028052795959546
6,Cristian de la Fuente,1,0.32324503905573404
6,Jason Taylor,1,0.323245039683088
6,Kristi Yamaguchi,1,0.3232450396906491
6,Mario,1,0.0004786002498076189
6,Marissa Jaret Winokur,1,0.02145435989471547
6,Marlee Matlin,1,0.0003214474592476267
6,Monica Seles,1,0.00019207909788443
6,Penn Jillette,1,0.00019207909788440113
6,Priscilla Presley,1,4.23431592397469e-05
6,Shannon Elizabeth,1,9.36049033567563e-05
6,Steve Guttenberg,1,0.005887562428797011
6,Adam Carolla,2,0.0014418686256356102
6,Cristian de la Fuente,2,0.32342511630222176
6,Jason Taylor,2,0.32342511634945936
6,Kristi Yamaguchi,2,0.32342511662508555
6,Mario,2,0.0008894140469692715
6,Marissa Jaret Winokur,2,0.02091099893366147
6,Marlee Matlin,2,0.0006622215661666247
6,Monica Seles,2,2.222467355441622e-18
6,Penn Jillette,2,5.4438070594712406e-18
6,Priscilla Presley,2,3.5437465386029346e-17
6,Shannon Elizabeth,2,3.042211724151457e-05
6,Steve Guttenberg,2,0.005789725433558732
6,Adam Carolla,3,0.0016747217351562723
6,Cristian de la Fuente,3,0.3241764419959803
6,Jason Taylor,3,0.324176443055238
6,Kristi Yamaguchi,3,0.32417644283160413
6,Mario,3,0.0016747217351563957
6,Marissa Jaret Winokur,3,0.020555030173171937
6,Marlee Matlin,3,0.0016747217351563172
6,Priscilla Presley,3,5.9983288568703585e-05
6,Shannon Elizabeth,3,2.6134889049483617e-05
6,Steve Guttenberg,3,0.0018053585609184625
6,Adam Carolla,4,0.0011311205538991867
6,Cristian de la Fuente,4,0.32509361989281654
6,Jason Taylor,4,0.32509361972510653
6,Kristi Yamaguchi,4,0.3250936200699234
6,Mario,4,0.0012109365829108187
6,Marissa Jaret Winokur,4,0.02045157952642878
6,Marlee Matlin,4,0.0011404251945647751
6,Priscilla Presley,4,0.00037345736710800204
6,Shannon Elizabeth,4,0.0004116210872420402
6,Cristian de la Fuente,5,0.3257549295962315
6,Jason Taylor,5,0.3257549304636689
6,Kristi Yamaguchi,5,0.3257549303447236
6,Mario,5,0.0007408100140207634
6,Marissa Jaret Winokur,5,0.019504003974579465
6,Marlee Matlin,5,0.001129526503983673
6,Priscilla Presley,5,0.0007786349469551526
6,Shannon Elizabeth,5,0.0005822341558369845
6,Cristian de la Fuente,6,0.32656322703288976
6,Jason Taylor,6,0.3265632272510417
6,Kristi Yamaguchi,6,0.32656322742402377
6,Mario,6,0.00047768632276168463
6,Marissa Jaret Winokur,6,0.018409036654137255
6,Marlee Matlin,6,0.0011706155315464861
6,Shannon Elizabeth,6,0.0002529797835993555
6,Cristian de la Fuente,7,0.3270437071658006
6,Jason Taylor,7,0.3270437076502796
6,Kristi Yamaguchi,7,0.32704370774123054
6,Mario,7,0.0006186417929311052
6,Marissa Jaret Winokur,7,0.017612057501526977
6,Shannon Elizabeth,7,0.0006381781482312993
6,Cristian de la Fuente,8,0.3277252554476679
6,Jason Taylor,8,0.3277252560649274
6,Kristi Yamaguchi,8,0.327725256013165
6,Mario,8,8.915131544675329e-17
6,Marissa Jaret Winokur,8,0.016824232474239594
6,Cristian de la Fuente,9,0.3286756692362727
6,Jason Taylor,9,0.3286756694878207
6,Kristi Yamaguchi,9,0.32867566971990003
6,Marissa Jaret Winokur,9,0.013972991556006556
6,Cristian de la Fuente,10,0.3333333329817536
6,Jason Taylor,10,0.3333333335137407
6,Kristi Yamaguchi,10,0.3333333335045058
7,Brooke Burke,1,0.32146100471913014
7,Cloris Leachman,1,0.014880952380955608
7,Cody Linley,1,0.014184182457851045
7,Jeffrey Ross,1,3.026967879503875e-18
7,Kim Kardashian,1,2.8900776732879726e-17
7,Lance Bass,1,0.32146100430399394
7,Maurice Greene,1,9.910571575764038e-05
7,Misty May-Treanor,1,1.1418419917467776e-05
7,Rocco DiSpirito,1,0.006441328231389476
7,Susan Lucci,1,5.578192556047006e-17
7,Ted McGinley,1,4.324815625442953e-18
7,Toni Braxton,1,2.843980234444082e-17
7,Warren Sapp,1,0.32146100377100467
7,Brooke Burke,2,0.321684268203165
7,Cloris Leachman,2,0.013562654127609031
7,Cody Linley,2,0.014388294893601978
7,Kim Kardashian,2,2.5908910231643656e-17
7,Lance Bass,2,0.32168426939795086
7,Maurice Greene,2,0.00015798764456589583
7,Misty May-Treanor,2,6.293479502086935e-05
7,Rocco DiSpirito,2,0.006775323810868269
7,Susan Lucci,2,2.4338716889647343e-17
7,Toni Braxton,2,7.513292186851696e-17
7,Warren Sapp,2,0.32168426712721804
7,Brooke Burke,3,0.3221374844010201
7,Cloris Leachman,3,0.012146670668425426
7,Cody Linley,3,0.015059636657472193
7,Lance Bass,3,0.32213748276465143
7,Maurice Greene,3,0.0003366279471252103
7,Rocco DiSpirito,3,0.006006209972661389
7,Susan Lucci,3,7.239472877116918e-17
7,Toni Braxton,3,3.840392903115632e-05
7,Warren Sapp,3,0.32213748365961303
7,Brooke Burke,4,0.3226645842836686
7,Cloris Leachman,4,0.010706276183099966
7,Cody Linley,4,0.01576486536185678
7,Lance Bass,4,0.32266458602299164
7,Maurice Greene,4,0.00038162881007356125
7,Rocco DiSpirito,4,0.005153476527036908
7,Susan Lucci,4,4.2970426022580136e-17
7,Toni Braxton,4,8.336099328873159e-17
7,Warren Sapp,4,0.32266458281127236
7,Brooke Burke,5,0.3237670245321572
7,Cloris Leachman,5,0.00992980520319853
7,Cody Linley,5,0.017166445665976828
7,Lance Bass,5,0.3237670230737237
7,Maurice Greene,5,0.0006811782143266333
7,Susan Lucci,5,0.0004578834584872681
7,Toni Braxton,5,0.00046361547785620536
7,Warren Sapp,5,0.32376702437427357
7,Brooke Burke,6,0.3244052331218974
7,Cloris Leachman,6,0.00857364511745378
7,Cody Linley,6,0.018137954250941394
7,Lance Bass,6,0.32440523414735317
7,Maurice Greene,6,7.270230628168897e-05
7,Susan Lucci,6,6.718258761466452e-17
7,Warren Sapp,6,0.32440523105607244
7,Brooke Burke,7,0.32628503689643334
7,Cody Linley,7,0.020361631962288924
7,Lance Bass,7,0.32628503638563017
7,Maurice Greene,7,0.0007832576058513718
7,Susan Lucci,7,6.108908497359898e-17
7,Warren Sapp,7,0.32628503714979623
7,Brooke Burke,8,0.32747389169631336
7,Cody Linley,8,0.016824170251037374
7,Lance Bass,8,0.32747389184924164
7,Maurice Greene,8,0.0007541566184488356
7,Warren Sapp,8,0.32747388958495877
7,Brooke Burke,9,0.3288037466428703
7,Cody Linley,9,0.013588760177268455
7,Lance Bass,9,0.3288037466965141
7,Warren Sapp,9,0.32880374648334715
7,Brooke Burke,10,0.3333333337713598
7,Lance Bass,10,0.33333333373105933
7,Warren Sapp,10,0.33333333249758096
8,Belinda Carlisle,1,4.348667151203578e-17
8,Chuck Wicks,1,0.0
8,David Alan Grier,1,0.005664843254770012
8,Denise Richards,1,4.643773430026976e-17
8,Gilles Marini,1,0.30434348764553787
8,Holly Madison,1,3.721523957056494e-17
8,Lawrence Taylor,1,0.008153565652248531
8,Lil' Kim,1,0.0001997644243415586
8,Melissa Rycroft,1,0.30434348411303014
8,Shawn Johnson,1,0.30434348603675776
8,Steve Wozniak,1,0.03480450853512045
8,Steve-O,1,0.022959956666204033
8,Ty Murray,1,0.015186903671989542
8,Belinda Carlisle,2,2.3596775591756417e-17
8,Chuck Wicks,2,1.137432811550809e-17
8,David Alan Grier,2,0.005660377358491497
8,Denise Richards,2,0.0
8,Gilles Marini,2,0.304452273922925
8,Holly Madison,2,7.658871909073384e-17
8,Lawrence Taylor,2,0.00798113806921967
8,Lil' Kim,2,0.0
8,Melissa Rycroft,2,0.30445228400605845
8,Shawn Johnson,2,0.3044522764573745
8,Steve Wozniak,2,0.034943509904820445
8,Steve-O,2,0.022641509433914405
8,Ty Murray,2,0.015416630847196059
8,Chuck Wicks,3,0.0
8,David Alan Grier,3,0.0025426225584861
8,Denise Richards,3,0.0
8,Gilles Marini,3,0.30484789409309987
8,Holly Madison,3,2.1988975310721637e-18
8,Lawrence Taylor,3,0.008436521938888103
8,Lil' Kim,3,0.0
8,Melissa Rycroft,3,0.3048478777067841
8,Shawn Johnson,3,0.30484788884328984
8,Steve Wozniak,3,0.03541714553266565
8,Steve-O,3,0.023001956160504815
8,Ty Murray,3,0.01605809316628191
8,Chuck Wicks,4,1.2632745321994824e-17
8,David Alan Grier,4,4.111973057573585e-18
8,Gilles Marini,4,0.3059195893382816
8,Holly Madison,4,0.0
8,Lawrence Taylor,4,0.009450835350600623
8,Lil' Kim,4,0.0
8,Melissa Rycroft,4,0.3059196108189009
8,Shawn Johnson,4,0.3059195945133314
8,Steve Wozniak,4,0.031770871116301114
8,Steve-O,4,0.023969218132153462
8,Ty Murray,4,0.017050280730430953
8,Chuck Wicks,5,0.0027739551122423225
8,David Alan Grier,5,1.7089105885009588e-17
8,Gilles Marini,5,0.31046254802652956
8,Lawrence Taylor,5,0.014226959169689095
8,Lil' Kim,5,0.0015483602786459875
8,Melissa Rycroft,5,0.3104625226509772
8,Shawn Johnson,5,0.3104625414243167
8,Steve-O,5,0.028512673455403384
8,Ty Murray,5,0.021550439882195824
8,Chuck Wicks,6,0.002249895655423498
8,Gilles Marini,6,0.3120876900643811
8,Lawrence Taylor,6,0.012749419708281895
8,Lil' Kim,6,7.101524229780054e-18
8,Melissa Rycroft,6,0.31208771680114245
8,Shawn Johnson,6,0.31208769500584316
8,Steve-O,6,0.025254051451846837
8,Ty Murray,6,0.023483531313081032
8,Chuck Wicks,7,0.005303346215426832
8,Gilles Marini,7,0.3167604416987755
8,Lawrence Taylor,7,0.014310252997134303
8,Lil' Kim,7,0.0017997266425911129
8,Melissa Rycroft,7,0.3167604155313759
8,Shawn Johnson,7,0.3167604363060757
8,Ty Murray,7,0.028305380608620784
8,Chuck Wicks,8,0.006551469743565534
8,Gilles Marini,8,0.3200147646742014
8,Lil' Kim,8,0.0018306559999946269
8,Melissa Rycroft,8,0.32001478766026176
8,Shawn Johnson,8,0.32001476818372643
8,Ty Murray,8,0.03157355373825023
8,Gilles Marini,9,0.3221207334523303
8,Lil' Kim,9,0.0
8,Melissa Rycroft,9,0.3221207151761457
8,Shawn Johnson,9,0.32212072964269034
8,Ty Murray,9,0.03363782172883364
8,Gilles Marini,10,0.32429428740443456
8,Melissa Rycroft,10,0.32429429891790124
8,Shawn Johnson,10,0.32429428878879696
8,Ty Murray,10,0.027117124888867302
8,Gilles Marini,11,0.33333333517431546
8,Melissa Rycroft,11,0.33333333101484147
8,Shawn Johnson,11,0.3333333338108432
9,Aaron Carter,1,0.0
9,Ashley Hamiliton,1,0.0001549005484749218
9,Chuck Liddell,1,1.6401945990632272e-17
9,Debi Mazar,1,0.0002181341157368357
9,Donny Osmond,1,0.32220537764777674
9,Joanna Krupa,1,0.0
9,Kathy Ireland,1,2.494985690539611e-05
9,Kelly Osbourne,1,0.32220538827360656
9,Louie Vito,1,0.004132505934900446
9,Macy Gray,1,0.00015490054847283887
9,Mark Dacascos,1,0.0
9,Melissa Joan Hart,1,4.756937031780151e-17
9,Michael Irvin,1,0.017341381679829793
9,Mya,1,0.32220538090443995
9,Natalie Coughlin,1,6.7220534694101275e-18
9,Tom DeLay,1,0.011357080489856834
9,Aaron Carter,2,0.00011031562002400993
9,Chuck Liddell,2,0.0
9,Debi Mazar,2,8.226383983733765e-18
9,Donny Osmond,2,0.32243849848290657
9,Joanna Krupa,2,0.0
9,Kathy Ireland,2,2.2714035513571318e-17
9,Kelly Osbourne,2,0.3224384695006273
9,Louie Vito,2,0.0038977243271790547
9,Mark Dacascos,2,0.0
9,Melissa Joan Hart,2,3.04118709382184e-17
9,Michael Irvin,2,0.017362296463129097
9,Mya,2,0.32243849065399777
9,Natalie Coughlin,2,0.0
9,Tom DeLay,2,0.011314204952136357
9,Aaron Carter,3,0.0
9,Chuck Liddell,3,1.755393067437691e-17
9,Debi Mazar,3,3.4119409574955984e-17
9,Donny Osmond,3,0.3222870306216645
9,Joanna Krupa,3,0.0
9,Kelly Osbourne,3,0.3222870752904433
9,Louie Vito,3,0.00407115946646023
9,Mark Dacascos,3,1.4144997419970354e-17
9,Melissa Joan Hart,3,4.358730889871261e-18
9,Michael Irvin,3,0.017440822027753104
9,Mya,3,0.32228704405430647
9,Natalie Coughlin,3,0.0
9,Tom DeLay,3,0.011626868539372576
9,Aaron Carter,4,0.0008778689928278318
9,Chuck Liddell,4,0.0
9,Donny Osmond,4,0.3243241228055376
9,Joanna Krupa,4,0.0009268229584868952
9,Kelly Osbourne,4,0.3243240692472069
9,Louie Vito,4,0.006198347107439069
9,Mark Dacascos,4,0.0003687333768360259
9,Melissa Joan Hart,4,0.0003838527617603936
9,Michael Irvin,4,0.01736864590947069
9,Mya,4,0.3243241060703029
9,Natalie Coughlin,4,0.0009034307701318717
9,Aaron Carter,5,0.000790443263092834
9,Donny Osmond,5,0.32523293604870374
9,Joanna Krupa,5,0.0008980144134256192
9,Kelly Osbourne,5,0.3252329945633431
9,Louie Vito,5,0.005032949270627742
9,Mark Dacascos,5,0.00042389243617444973
9,Melissa Joan Hart,5,0.00013069710923623503
9,Michael Irvin,5,0.016408441122351507
9,Mya,5,0.3252329563775997
9,Natalie Coughlin,5,0.0006166753954449178
9,Aaron Carter,6,0.0007877973171208984
9,Donny Osmond,6,0.32648612673411875
9,Joanna Krupa,6,0.0010252896275067562
9,Kelly Osbourne,6,0.32648606930250185
9,Louie Vito,6,0.003594477600612348
9,Mark Dacascos,6,2.1291020162184093e-17
9,Melissa Joan Hart,6,7.521652571618187e-19
9,Michael Irvin,6,0.015134132930186844
9,Mya,6,0.32648610648795257
9,Aaron Carter,7,0.0009805511687020886
9,Donny Osmond,7,0.32805876363681896
9,Joanna Krupa,7,0.0013667918374656498
9,Kelly Osbourne,7,0.3280588170790553
9,Mark Dacascos,7,0.0
9,Michael Irvin,7,0.013476293334046204
9,Mya,7,0.3280587829439119
9,Aaron Carter,8,0.0028707456187675147
9,Donny Osmond,8,0.33119170224511013
9,Joanna Krupa,8,0.0035542059288829185
9,Kelly Osbourne,8,0.3311916588989757
9,Mya,8,0.3311916873082637
9,Donny Osmond,9,0.3321846383900424
9,Joanna Krupa,9,0.003446044847017274
9,Kelly Osbourne,9,0.33218466798996854
9,Mya,9,0.33218464877297166
9,Donny Osmond,10,0.33333333771769613
9,Kelly Osbourne,10,0.33333332770545726
9,Mya,10,0.3333333345768466
10,Aiden Turner,1,0.006563936397014474
10,Buzz Aldrin,1,0.054367349661923706
10,Chad Ochocinco,1,0.02693598335362717
10,Erin Andrews,1,0.29264959062682633
10,Evan Lysacek,1,0.29264958956504167
10,Jake Pavelka,1,4.6551122286201546e-05
10,Kate Gosselin,1,0.03388328452999234
10,Nicole Scherzinger,1,0.29264958957647785
10,Niecy Nash,1,4.47445276296099e-05
10,Pamela Anderson,1,6.407345293399347e-05
10,Shannen Doherty,1,0.00014530718624673877
10,Aiden Turner,2,0.006658498248824549
10,Buzz Aldrin,2,0.05438577097612326
10,Chad Ochocinco,2,0.02711304370338134
10,Erin Andrews,2,0.292637154324161
10,Evan Lysacek,2,0.2926371540804147
10,Jake Pavelka,2,6.575178805892878e-17
10,Kate Gosselin,2,0.033931225521554496
10,Nicole Scherzinger,2,0.2926371531455405
10,Niecy Nash,2,1.3839655916962992e-16
10,Pamela Anderson,2,6.980509553034606e-17
10,Shannen Doherty,2,2.4398135962917985e-17
10,Aiden Turner,3,0.005895296863352322
10,Buzz Aldrin,3,0.047411387515016425
10,Chad Ochocinco,3,0.02480743519051175
10,Erin Andrews,3,0.2961906496205506
10,Evan Lysacek,3,0.29619064808849455
10,Jake Pavelka,3,9.959697991653682e-17
10,Kate Gosselin,3,0.03262897616566936
10,Nicole Scherzinger,3,0.29619064866603734
10,Niecy Nash,3,0.000684957890367575
10,Pamela Anderson,3,7.305310597828914e-17
10,Aiden Turner,4,0.010146631593637438
10,Chad Ochocinco,4,0.027385707650206887
10,Erin Andrews,4,0.30461605115168044
10,Evan Lysacek,4,0.3046160509196732
10,Jake Pavelka,4,0.004809396454318052
10,Kate Gosselin,4,0.03415922728570494
10,Nicole Scherzinger,4,0.30461604998674874
10,Niecy Nash,4,0.006232764562605865
10,Pamela Anderson,4,0.0034181203954244434
10,Chad Ochocinco,5,0.025747235590880806
10,Erin Andrews,5,0.30895929837589536
10,Evan Lysacek,5,0.3089592974346076
10,Jake Pavelka,5,0.00528006305491471
10,Kate Gosselin,5,0.031444907607528126
10,Nicole Scherzinger,5,0.3089592973975595
10,Niecy Nash,5,0.007834898164537833
10,Pamela Anderson,5,0.0028150023740761334
10,Chad Ochocinco,6,0.026576397570524275
10,Erin Andrews,6,0.315918339581273
10,Evan Lysacek,6,0.31591833846214745
10,Jake Pavelka,6,0.008656153802791111
10,Nicole Scherzinger,6,0.3159183385482302
10,Niecy Nash,6,0.012141832774047847
10,Pamela Anderson,6,0.004870599260986221
10,Chad Ochocinco,7,0.02408853569122877
10,Erin Andrews,7,0.3196631283968988
10,Evan Lysacek,7,0.31966312831651555
10,Nicole Scherzinger,7,0.319663127276938
10,Niecy Nash,7,0.013277305612104218
10,Pamela Anderson,7,0.0036447747063146716
10,Chad Ochocinco,8,0.02087382065808101
10,Erin Andrews,8,0.3225177655791043
10,Evan Lysacek,8,0.3225177639687773
10,Nicole Scherzinger,8,0.32251776465811327
10,Niecy Nash,8,0.011572885135924136
10,Chad Ochocinco,9,0.01896377374674752
10,Erin Andrews,9,0.3270120758279067
10,Evan Lysacek,9,0.327012075733538
10,Nicole Scherzinger,9,0.3270120746918078
10,Erin Andrews,10,0.3333333340029107
10,Evan Lysacek,10,0.3333333329759741
10,Nicole Scherzinger,10,0.3333333330211151
11,Audrina Patridge,1,4.1706391439523265e-06
11,Brandy,1,4.672154483351738e-05
11,Bristol Palin,1,0.30369284663474516
11,David Hasselhoff,1,0.00023148080232262622
11,Florence Henderson,1,0.0014203691583180287
11,Jennifer Grey,1,0.30369284490778536
11,Kurt Warner,1,0.07141935064293542
11,Kyle Massey,1,0.30369283214570203
11,Margaret Cho,1,0.0003705607844047513
11,Michael Bolton,1,0.00030761254879575853
11,Rick Fox,1,0.013643063782510281
11,The Situation,1,0.001478146408503168
11,Audrina Patridge,2,2.1560133400927145e-17
11,Brandy,2,4.851746781639029e-05
11,Bristol Palin,2,0.30374960145046415
11,Florence Henderson,2,0.0013112419844975851
11,Jennifer Grey,2,0.303749605523022
11,Kurt Warner,2,0.0714630779089366
11,Kyle Massey,2,0.3037496416989151
11,Margaret Cho,2,0.0005379746651096966
11,Michael Bolton,2,0.0003477136634250438
11,Rick Fox,2,0.013663582457481248
11,The Situation,2,0.001379043180332149
11,Audrina Patridge,3,6.27008257377562e-05
11,Brandy,3,5.7183483351643925e-05
11,Bristol Palin,3,0.3038605538071324
11,Florence Henderson,3,0.0012894397460548844
11,Jennifer Grey,3,0.3038605468014458
11,Kurt Warner,3,0.07154941309552182
11,Kyle Massey,3,0.3038604903628193
11,Margaret Cho,3,0.0004537399302695228
11,Rick Fox,3,0.013745062599045484
11,The Situation,3,0.0012608693486214496
11,Audrina Patridge,4,4.8778170835781356e-18
11,Brandy,4,3.1491939110326776e-05
11,Bristol Palin,4,0.3039463532808125
11,Florence Henderson,4,0.0012617093334701419
11,Jennifer Grey,4,0.30394636160397015
11,Kurt Warner,4,0.07169648219649091
11,Kyle Massey,4,0.3039464315968159
11,Rick Fox,4,0.013816553501548662
11,The Situation,4,0.0013546165477814022
11,Audrina Patridge,5,3.9957695582062744e-05
11,Brandy,5,3.944174869210679e-05
11,Bristol Palin,5,0.3041686376176598
11,Florence Henderson,5,0.0012815967075508591
11,Jennifer Grey,5,0.30416862782255955
11,Kurt Warner,5,0.07201424373361767
11,Kyle Massey,5,0.3041685508022268
11,Rick Fox,5,0.014118943872111185
11,Audrina Patridge,6,2.5188174439210657e-18
11,Brandy,6,1.719830283677278e-17
11,Bristol Palin,6,0.30443593954516585
11,Jennifer Grey,6,0.3044359488941629
11,Kurt Warner,6,0.0723320111524752
11,Kyle Massey,6,0.3044360244265204
11,Rick Fox,6,0.014360075981675697
11,Brandy,7,0.00013245202935777237
11,Bristol Palin,7,0.3085850883210232
11,Jennifer Grey,7,0.30858507936625434
11,Kurt Warner,7,0.0617468938662062
11,Kyle Massey,7,0.3085850117769044
11,Rick Fox,7,0.012365474640254098
11,Brandy,8,0.0023388520975619804
11,Bristol Palin,8,0.3147865095548854
11,Jennifer Grey,8,0.3147865162494742
11,Kurt Warner,8,0.05330155317926288
11,Kyle Massey,8,0.3147865689188156
11,Brandy,9,0.012568640104162337
11,Bristol Palin,9,0.32914380105118507
11,Jennifer Grey,9,0.3291437963650522
11,Kyle Massey,9,0.3291437624796004
11,Bristol Palin,10,0.3333333286920416
11,Jennifer Grey,10,0.33333332997728854
11,Kyle Massey,10,0.3333333413306699
12,Chelsea Kane,1,0.3162102007749633
12,Chris Jericho,1,0.00020689791290023896
12,Hines Ward,1,0.316210200511739
12,Kendra Wilkinson,1,0.021598948538619822
12,Kirstie Alley,1,0.31621020242771236
12,Mike Catherwood,1,4.646023189085305e-06
12,Petra Nemcova,1,0.00024807013175308357
12,Ralph Macchio,1,0.028694829877367142
12,Romeo,1,0.00026234315060113275
12,Sugar Ray Leonard,1,0.00013355474482778357
12,Wendy Williams,1,0.00022010590632702597
12,Chelsea Kane,2,0.3162021240051906
12,Chris Jericho,2,8.157027332178848e-05
12,Hines Ward,2,0.3162021245311004
12,Kendra Wilkinson,2,0.021584861018264904
12,Kirstie Alley,2,0.31620211787180685
12,Mike Catherwood,2,1.5363035431347965e-05
12,Petra Nemcova,2,0.0001723373006199538
12,Ralph Macchio,2,0.02889693835218153
12,Romeo,2,0.00034763737439778185
12,Sugar Ray Leonard,2,9.189939788110505e-05
12,Wendy Williams,2,0.00020302683980368005
12,Chelsea Kane,3,0.31622005264824105
12,Chris Jericho,3,3.004083039663898e-05
12,Hines Ward,3,0.3162200502640511
12,Kendra Wilkinson,3,0.021550351914099968
12,Kirstie Alley,3,0.3162200600449408
12,Petra Nemcova,3,0.00010906811394115102
12,Ralph Macchio,3,0.029000995036203188
12,Romeo,3,0.0004383118901647753
12,Sugar Ray Leonard,3,6.082899708757303e-08
12,Wendy Williams,3,0.00021100842896426818
12,Chelsea Kane,4,0.3163053793926526
12,Chris Jericho,4,2.6716910832942086e-18
12,Hines Ward,4,0.31630538413585346
12,Kendra Wilkinson,4,0.021799483353059302
12,Kirstie Alley,4,0.31630537069874437
12,Petra Nemcova,4,1.7359344114310114e-17
12,Ralph Macchio,4,0.028754780136537293
12,Romeo,4,0.000529602283153092
12,Sugar Ray Leonard,4,1.3654399645699597e-17
12,Chelsea Kane,5,0.3176137438071775
12,Chris Jericho,5,4.0928602024501206e-05
12,Hines Ward,5,0.3176137356262044
12,Kendra Wilkinson,5,0.014810179964335578
12,Kirstie Alley,5,0.31761375021385096
12,Petra Nemcova,5,5.506271137440029e-05
12,Ralph Macchio,5,0.030333366801573745
12,Romeo,5,0.0019192322734589904
12,Chelsea Kane,6,0.3189198079168843
12,Chris Jericho,6,0.0001735810302872878
12,Hines Ward,6,0.3189198183987334
12,Kendra Wilkinson,6,0.007937577787193418
12,Kirstie Alley,6,0.31891980282371624
12,Ralph Macchio,6,0.03163798517381017
12,Romeo,6,0.00349142686937515
12,Chelsea Kane,7,0.32036283932333737
12,Hines Ward,7,0.3203628273401592
12,Kendra Wilkinson,7,0.001043765760234377
12,Kirstie Alley,7,0.32036284119429503
12,Ralph Macchio,7,0.03288032158549292
12,Romeo,7,0.004987404796481133
12,Chelsea Kane,8,0.3218180239672151
12,Hines Ward,8,0.3218180346568178
12,Kirstie Alley,8,0.3218180230495438
12,Ralph Macchio,8,0.034545918326423335
12,Romeo,8,1.7869863605366965e-18
12,Chelsea Kane,9,0.32415703773361937
12,Hines Ward,9,0.3241570299797326
12,Kirstie Alley,9,0.32415703692597597
12,Ralph Macchio,9,0.027528895360671986
12,Chelsea Kane,10,0.3333333325582896
12,Hines Ward,10,0.33333333513185875
12,Kirstie Alley,10,0.33333333230985157
13,Carson Kressley,1,0.020165745131078217
13,Chaz Bono,1,0.03599619104517257
13,Chynna Phillips,1,8.716945023698492e-06
13,David Arquette,1,0.019874271368970572
13,Elisabetta Canalis,1,0.0001775920388642806
13,Hope Solo,1,0.013124675646644744
13,J.R. Martinez,1,0.29772890375037125
13,Kristin Cavallari,1,0.0003485488654398664
13,Metta World Peace (Ron),1,5.4707399031358184e-05
13,Nancy Grace,1,0.017062830936721587
13,Ricki Lake,1,0.2977289102247598
13,Rob Kardashian,1,0.2977289066479222
13,Carson Kressley,2,0.020077838674165877
13,Chaz Bono,2,0.035960324394955244
13,Chynna Phillips,2,1.2734979550785299e-17
13,David Arquette,2,0.020077838674158858
13,Elisabetta Canalis,2,7.908842264688575e-18
13,Hope Solo,2,0.013351381275053842
13,J.R. Martinez,2,0.29781172704212294
13,Kristin Cavallari,2,0.0
13,Nancy Grace,2,0.01709746534275524
13,Ricki Lake,2,0.2978117075579541
13,Rob Kardashian,2,0.29781171703883397
13,Carson Kressley,3,0.016924379890381595
13,Chaz Bono,3,0.037898429873830235
13,Chynna Phillips,3,7.856540873668371e-18
13,David Arquette,3,0.015307747127646728
13,Hope Solo,3,0.012219679514943961
13,J.R. Martinez,3,0.299579543596089
13,Kristin Cavallari,3,1.1105522988371986e-17
13,Nancy Grace,3,0.018911088101678554
13,Ricki Lake,3,0.29957957351452935
13,Rob Kardashian,3,0.2995795583809006
13,Carson Kressley,4,0.01523776065344418
13,Chaz Bono,4,0.03254322464003597
13,Chynna Phillips,4,0.00010439397344696891
13,David Arquette,4,0.01203175498703297
13,Hope Solo,4,0.012494194752439491
13,J.R. Martinez,4,0.30302174977235685
13,Nancy Grace,4,0.01852347916278616
13,Ricki Lake,4,0.30302171189866217
13,Rob Kardashian,4,0.3030217301597953
13,Carson Kressley,5,0.013673552866620892
13,Chaz Bono,5,0.02726718345063933
13,David Arquette,5,0.00869479369385313
13,Hope Solo,5,0.012899493088048095
13,J.R. Martinez,5,0.30635730295986413
13,Nancy Grace,5,0.018393005101547316
13,Ricki Lake,5,0.306357344624902
13,Rob Kardashian,5,0.30635732421452505
13,Chaz Bono,6,0.02386911320855247
13,David Arquette,6,0.007339276532213767
13,Hope Solo,6,0.014805245581675699
13,J.R. Martinez,6,0.31142724481520107
13,Nancy Grace,6,0.019704694486057238
13,Ricki Lake,6,0.31142720288609543
13,Rob Kardashian,6,0.3114272224902044
13,David Arquette,7,0.007320812016418432
13,Hope Solo,7,0.016245506009974823
13,J.R. Martinez,7,0.31792808217277024
13,Nancy Grace,7,0.022649378591612892
13,Ricki Lake,7,0.31792811951423694
13,Rob Kardashian,7,0.3179281016949868
13,Hope Solo,8,0.01480549390023016
13,J.R. Martinez,8,0.321750153202327
13,Nancy Grace,8,0.01994409293143289
13,Ricki Lake,8,0.32175012321126856
13,Rob Kardashian,8,0.3217501367547413
13,Hope Solo,9,0.015769252158096495
13,J.R. Martinez,9,0.32807690631787323
13,Ricki Lake,9,0.32807692525340554
13,Rob Kardashian,9,0.32807691627062474
13,J.R. Martinez,10,0.3333333369160434
13,Ricki Lake,10,0.33333333017654315
13,Rob Kardashian,10,0.3333333329074134
14,Donald Driver,1,0.3223526976967483
14,Gavin DeGraw,1,0.0005194890314331526
14,Gladys Knight,1,0.00620366698928805
14,Jack Wagner,1,0.0002570271538594534
14,Jaleel White,1,0.00034569301084224735
14,Katherine Jenkins,1,0.32235269393363225
14,Maria Menounos,1,0.011096649909569717
14,Martina Navratilova,1,0.00015154305230559236
14,Melissa Gilbert,1,0.013741999746122356
14,Roshon Fegan,1,0.0003789369631147977
14,Sherri Sheperd,1,0.0002469092314745228
14,William Levy,1,0.3223526932816096
14,Donald Driver,2,0.3223690393329159
14,Gavin DeGraw,2,0.0004293796790476867
14,Gladys Knight,2,0.006256099296005903
14,Jack Wagner,2,0.00016402577819497487
14,Jaleel White,2,0.00025642620834860673
14,Katherine Jenkins,2,0.32236904654169607
14,Maria Menounos,2,0.011197444714900301
14,Martina Navratilova,2,0.00023575434190611504
14,Melissa Gilbert,2,0.013786428846774447
14,Roshon Fegan,2,0.00043924174392784705
14,Sherri Sheperd,2,0.00012806068969811344
14,William Levy,2,0.3223690528265841
14,Donald Driver,3,0.32239954678268173
14,Gavin DeGraw,3,0.00028310815995206674
14,Gladys Knight,3,0.0063612324748644035
14,Jack Wagner,3,0.00010222846894997069
14,Jaleel White,3,0.00020907103908256256
14,Katherine Jenkins,3,0.32239953198709503
14,Maria Menounos,3,0.011267682871249162
14,Melissa Gilbert,3,0.014024256593187083
14,Roshon Fegan,3,0.0004515881478478913
14,Sherri Sheperd,3,0.00010222846894996725
14,William Levy,3,0.3223995250061401
14,Donald Driver,4,0.32245634414013225
14,Gavin DeGraw,4,0.0003330086289976975
14,Gladys Knight,4,0.006427279571731437
14,Jaleel White,4,0.0001288286106035258
14,Katherine Jenkins,4,0.3224563616731158
14,Maria Menounos,4,0.011332731653887276
14,Melissa Gilbert,4,0.014224460246538393
14,Roshon Fegan,4,0.00018461206063432323
14,Sherri Sheperd,4,2.6772403299228963e-18
14,William Levy,4,0.3224563734143593
14,Donald Driver,5,0.3225560929091055
14,Gavin DeGraw,5,0.0003168810899076975
14,Gladys Knight,5,0.005711949009978327
14,Jaleel White,5,0.00011304767777926726
14,Katherine Jenkins,5,0.322556069559523
14,Maria Menounos,5,0.011466586412411117
14,Melissa Gilbert,5,0.014685563007822769
14,Roshon Fegan,5,3.775188075708472e-05
14,William Levy,5,0.3225560584527154
14,Donald Driver,6,0.3227673130661627
14,Gladys Knight,6,0.00489618108774393
14,Jaleel White,6,1.432921990589975e-17
14,Katherine Jenkins,6,0.3227673362856896
14,Maria Menounos,6,0.011728601193071512
14,Melissa Gilbert,6,0.015073218311261741
14,Roshon Fegan,6,2.6619625739550607e-17
14,William Levy,6,0.3227673500560706
14,Donald Driver,7,0.3236420325850271
14,Jaleel White,7,1.3038184035698257e-17
14,Katherine Jenkins,7,0.3236420079958514
14,Maria Menounos,7,0.012736134790591859
14,Melissa Gilbert,7,0.016314132425178013
14,Roshon Fegan,7,2.369487658585205e-05
14,William Levy,7,0.32364199732676596
14,Donald Driver,8,0.3244893291141914
14,Katherine Jenkins,8,0.32448934776711474
14,Maria Menounos,8,0.013736477018178778
14,Melissa Gilbert,8,0.012795487520592891
14,Roshon Fegan,8,9.194760862935466e-18
14,William Levy,8,0.32448935857992217
14,Donald Driver,9,0.32879576051486153
14,Katherine Jenkins,9,0.32879574632246583
14,Maria Menounos,9,0.013612752006450837
14,William Levy,9,0.32879574115622184
14,Donald Driver,10,0.3333333298435802
14,Katherine Jenkins,10,0.33333333342342697
14,William Levy,10,0.3333333367329929
15,Apolo Anton Ohno,1,0.00031040233858668293
15,Bristol Palin,1,0.02438533860765111
15,Drew Lachey,1,6.0662935427334655e-05
15,Emmitt Smith,1,0.01738799145761399
15,Gilles Marini,1,0.009013344329513406
15,Helio Castroneves,1,4.749141859169426e-05
15,Joey Fatone,1,4.2825463881362716e-05
15,Kelly Monaco,1,0.30937285709613443
15,Kirstie Alley,1,0.020364130928169737
15,Melissa Rycroft,1,0.3093728576965124
15,Pamela Anderson,1,0.00010132231022115535
15,Sabrina Bryan,1,0.0001679179848072632
15,Shawn Johnson,1,0.30937285743288967
15,Apolo Anton Ohno,2,0.00016126461704098704
15,Bristol Palin,2,0.024387147896241926
15,Drew Lachey,2,3.3425959731436627e-17
15,Emmitt Smith,2,0.017553515838768272
15,Gilles Marini,2,0.009279281201734504
15,Helio Castroneves,2,2.9972721286981294e-17
15,Joey Fatone,2,3.720571359933984e-18
15,Kelly Monaco,2,0.3093949072943031
15,Kirstie Alley,2,0.020384256627243632
15,Melissa Rycroft,2,0.30939490773751754
15,Sabrina Bryan,2,4.981120588209109e-05
15,Shawn Johnson,2,0.30939490758126803
15,Apolo Anton Ohno,3,0.0004798215417547377
15,Bristol Palin,3,0.01819467962123992
15,Drew Lachey,3,2.1314488590868225e-06
15,Emmitt Smith,3,0.01851122684976146
15,Gilles Marini,3,0.010672656769698469
15,Helio Castroneves,3,4.193891610288766e-05
15,Kelly Monaco,3,0.3103339294705653
15,Kirstie Alley,3,0.020947336706986914
15,Melissa Rycroft,3,0.31033393016860417
15,Sabrina Bryan,3,0.0001484186505634776
15,Shawn Johnson,3,0.3103339298558636
15,Apolo Anton Ohno,4,0.000544025169475646
15,Bristol Palin,4,0.01223478208981654
15,Emmitt Smith,4,0.019630737001055727
15,Gilles Marini,4,0.012060006575278044
15,Kelly Monaco,4,0.3113303630241588
15,Kirstie Alley,4,0.021539359539654555
15,Melissa Rycroft,4,0.31133036336803105
15,Sabrina Bryan,4,3.3004934817294877e-17
15,Shawn Johnson,4,0.3113303632325297
15,Apolo Anton Ohno,5,0.0011882268818571864
15,Emmitt Smith,5,0.022075470982113418
15,Gilles Marini,5,0.015106672144339858
15,Kelly Monaco,5,0.3137071489526938
15,Kirstie Alley,5,0.019770139134009792
15,Melissa Rycroft,5,0.3137071497461799
15,Sabrina Bryan,5,0.0007380427624468534
15,Shawn Johnson,5,0.3137071493963592
15,Apolo Anton Ohno,6,0.00024032659565106763
15,Emmitt Smith,6,0.023084310645591705
15,Gilles Marini,6,0.016447142503997193
15,Kelly Monaco,6,0.3145936924061368
15,Kirstie Alley,6,0.016447142503992106
15,Melissa Rycroft,6,0.31459369272244986
15,Sabrina Bryan,6,1.7147334026379039e-18
15,Shawn Johnson,6,0.3145936926221813
15,Apolo Anton Ohno,7,0.0018475496623843604
15,Emmitt Smith,7,0.019959172446449104
15,Gilles Marini,7,0.009946644417863335
15,Kelly Monaco,7,0.3179139585112286
15,Kirstie Alley,7,0.014504756932469897
15,Melissa Rycroft,7,0.3179139591898966
15,Shawn Johnson,7,0.317913958839708
15,Apolo Anton Ohno,8,0.0033638407572745763
15,Emmitt Smith,8,0.01695427227118507
15,Gilles Marini,8,0.0033995095237691537
15,Kelly Monaco,8,0.32137593748162596
15,Kirstie Alley,8,0.012154564294964382
15,Melissa Rycroft,8,0.3213759379163131
15,Shawn Johnson,8,0.3213759377548678
15,Apolo Anton Ohno,9,0.0026931311133970796
15,Emmitt Smith,9,0.01626048149883814
15,Kelly Monaco,9,0.3270154621608284
15,Melissa Rycroft,9,0.32701546277211885
15,Shawn Johnson,9,0.32701546245481755
15,Kelly Monaco,10,0.333333333070345
15,Melissa Rycroft,10,0.33333333357275835
15,Shawn Johnson,10,0.33333333335689674
16,Alexandra Raisman,1,0.24171400213708077
16,Andy Dick,1,0.0002735699639745457
16,D. L. Hughley,1,9.697183420531456e-05
16,Dorothy Hamill,1,0.00013850697114137702
16,Ingo Rademacher,1,0.0012320142998623724
16,Jacoby Jones,1,0.2572164293501847
16,Kellie Pickler,1,0.24946521598725302
16,Lisa Vanderpump,1,6.89213439385255e-05
16,Sean Lowe,1,9.49820472856239e-05
16,Victor Ortiz,1,4.440161287679366e-05
16,Wynonna Judd,1,0.00018976873382088564
16,Zendaya,1,0.2494652157183761
16,Alexandra Raisman,2,0.24164936323554223
16,Andy Dick,2,7.304827097374112e-05
16,D. L. Hughley,2,0.0001996003709105641
16,Dorothy Hamill,2,9.291446468989423e-05
16,Ingo Rademacher,2,0.0011197274379117247
16,Jacoby Jones,2,0.25731094492137024
16,Kellie Pickler,2,0.24948015421825342
16,Lisa Vanderpump,2,0.0001100911709049669
16,Sean Lowe,2,0.00011542779649235404
16,Victor Ortiz,2,0.00017283820979292248
16,Wynonna Judd,2,0.00019573594616653905
16,Zendaya,2,0.24948015395699139
16,Alexandra Raisman,3,0.24167022812576994
16,Andy Dick,3,3.19145910443444e-05
16,D. L. Hughley,3,0.00022485013422555056
16,Ingo Rademacher,3,0.0010714677453542401
16,Jacoby Jones,3,0.257378792932558
16,Kellie Pickler,3,0.24952451069846193
16,Lisa Vanderpump,3,0.00014849121098737874
16,Sean Lowe,3,8.111530088323086e-05
16,Victor Ortiz,3,0.00016925843666072945
16,Wynonna Judd,3,0.00017486044143650697
16,Zendaya,3,0.24952451038261816
16,Alexandra Raisman,4,0.2417356736201747
16,Andy Dick,4,6.912802858893965e-05
16,D. L. Hughley,4,0.00017315645830164243
16,Ingo Rademacher,4,0.0009998693373809763
16,Jacoby Jones,4,0.25746674489696497
16,Kellie Pickler,4,0.2496012094711935
16,Lisa Vanderpump,4,7.768882701090997e-05
16,Sean Lowe,4,0.0001592889392667156
16,Victor Ortiz,4,0.00011603115775816828
16,Zendaya,4,0.2496012092633596
16,Alexandra Raisman,5,0.24175932471084577
16,Andy Dick,5,9.988316597245829e-05
16,D. L. Hughley,5,8.151633285132778e-05
16,Ingo Rademacher,5,0.0009105366968011513
16,Jacoby Jones,5,0.25756732548560324
16,Kellie Pickler,5,0.24966332529565574
16,Sean Lowe,5,0.00010381293259356563
16,Victor Ortiz,5,0.00015095039642298142
16,Zendaya,5,0.24966332498325378
16,Alexandra Raisman,6,0.2417577653834792
16,Andy Dick,6,6.585797822444481e-05
16,Ingo Rademacher,6,0.0008345999900310639
16,Jacoby Jones,6,0.2576645301920297
16,Kellie Pickler,6,0.2497111480020344
16,Sean Lowe,6,6.965990713635092e-05
16,Victor Ortiz,6,0.0001852908425581694
16,Zendaya,6,0.24971114770450673
16,Alexandra Raisman,7,0.24182129255938434
16,Andy Dick,7,6.083078539961111e-05
16,Ingo Rademacher,7,0.0007651781798340427
16,Jacoby Jones,7,0.2576998006989396
16,Kellie Pickler,7,0.2497605469319829
16,Sean Lowe,7,0.0001318042281915356
16,Zendaya,7,0.24976054661626798
16,Alexandra Raisman,8,0.24182990658417805
16,Ingo Rademacher,8,0.000641710372598229
16,Jacoby Jones,8,0.25774485760694066
16,Kellie Pickler,8,0.24978738224820185
16,Sean Lowe,8,0.00020876118947294687
16,Zendaya,8,0.24978738199860828
16,Alexandra Raisman,9,0.2418512486102634
16,Ingo Rademacher,9,0.0006152115836144975
16,Jacoby Jones,9,0.25784114553543513
16,Kellie Pickler,9,0.24984619728758545
16,Zendaya,9,0.24984619698310162
16,Alexandra Raisman,10,0.2418976595464142
16,Jacoby Jones,10,0.2581023403411641
16,Kellie Pickler,10,0.25000000021126023
16,Zendaya,10,0.24999999990116153
17,Amber Riley,1,0.23277828042630033
17,Bill Engvall,1,0.23277828229552458
17,Bill Nye,1,0.005646324493865508
17,Brant Daugherty,1,0.004892274788183387
17,Christina Milian,1,0.00012248329907386647
17,Corbin Bleu,1,0.232778280260349
17,Elizabeth Berkley Lauren,1,0.01226712575280089
17,Jack Osbourne,1,0.23277828031677048
17,Keyshawn Johnson,1,5.3319504523829956e-05
17,Leah Remini,1,0.03623927395802679
17,"Nicole ""Snooki"" Polizzi",1,0.0050289824441163864
17,Valerie Harper,1,0.004637092460465057
17,Amber Riley,2,0.23280008456635332
17,Bill Engvall,2,0.2328000862056739
17,Bill Nye,2,0.005616425005361223
17,Brant Daugherty,2,0.004854942010687669
17,Christina Milian,2,0.00012174791941471614
17,Corbin Bleu,2,0.23280008432601865
17,Elizabeth Berkley Lauren,2,0.012355835163243735
17,Jack Osbourne,2,0.23280008422962947
17,Keyshawn Johnson,2,6.642855903710875e-19
17,Leah Remini,2,0.036404038724646176
17,"Nicole ""Snooki"" Polizzi",2,0.0049767439596486805
17,Valerie Harper,2,0.004469927889322472
17,Amber Riley,3,0.23296276229473367
17,Bill Engvall,3,0.2329627640098411
17,Bill Nye,3,0.0045635394261047246
17,Brant Daugherty,3,0.005130976458150019
17,Christina Milian,3,2.702020577823507e-17
17,Corbin Bleu,3,0.23296276246778647
17,Elizabeth Berkley Lauren,3,0.012322283670486047
17,Jack Osbourne,3,0.23296276216038897
17,Leah Remini,3,0.03649251557143945
17,"Nicole ""Snooki"" Polizzi",3,0.005077586512424699
17,Valerie Harper,3,0.00456204742864488
17,Amber Riley,4,0.2335052846809639
17,Bill Engvall,4,0.23350528669509474
17,Brant Daugherty,4,0.005691887295998196
17,Christina Milian,4,0.00012399414347736957
17,Corbin Bleu,4,0.2335052840624071
17,Elizabeth Berkley Lauren,4,0.012584142036389285
17,Jack Osbourne,4,0.23350528511891025
17,Leah Remini,4,0.037275978593760715
17,"Nicole ""Snooki"" Polizzi",4,0.005487536285863723
17,Valerie Harper,4,0.004815321087134731
17,Amber Riley,5,0.23408421009418143
17,Bill Engvall,5,0.23408421230320406
17,Brant Daugherty,5,0.006304241449194386
17,Christina Milian,5,8.153520979394148e-18
17,Corbin Bleu,5,0.23408421052814518
17,Elizabeth Berkley Lauren,5,0.01283554028845202
17,Jack Osbourne,5,0.234084208821409
17,Leah Remini,5,0.038219135066216825
17,"Nicole ""Snooki"" Polizzi",5,0.006304241449197106
17,Amber Riley,6,0.23560953956404462
17,Bill Engvall,6,0.23560953927475833
17,Brant Daugherty,6,0.003947692236843164
17,Corbin Bleu,6,0.2356095387181462
17,Elizabeth Berkley Lauren,6,0.013663123975668476
17,Jack Osbourne,6,0.23560954056446523
17,Leah Remini,6,0.034231799634565296
17,"Nicole ""Snooki"" Polizzi",6,0.00571922603150872
17,Amber Riley,7,0.2371282324560683
17,Bill Engvall,7,0.2371282387516765
17,Brant Daugherty,7,0.0016826272079509875
17,Corbin Bleu,7,0.23712823292411261
17,Elizabeth Berkley Lauren,7,0.014443231238630993
17,Jack Osbourne,7,0.2371282314013237
17,Leah Remini,7,0.030331712070105522
17,"Nicole ""Snooki"" Polizzi",7,0.00502949395013149
17,Amber Riley,8,0.23932216993610483
17,Bill Engvall,8,0.2393221649088502
17,Brant Daugherty,8,2.9972867464562388e-05
17,Corbin Bleu,8,0.23932216943822
17,Elizabeth Berkley Lauren,8,0.015619565538022908
17,Jack Osbourne,8,0.23932217027243818
17,Leah Remini,8,0.027061787038899367
17,Amber Riley,9,0.24085990260506032
17,Bill Engvall,9,0.24085991210087268
17,Corbin Bleu,9,0.24085990261952397
17,Elizabeth Berkley Lauren,9,0.01342079779830685
17,Jack Osbourne,9,0.24085990246117409
17,Leah Remini,9,0.023139582415062077
17,Amber Riley,10,0.24459781967830352
17,Bill Engvall,10,0.2445978154530076
17,Corbin Bleu,10,0.24459781944528278
17,Jack Osbourne,10,0.2445978193055502
17,Leah Remini,10,0.02160872611785592
17,Amber Riley,11,0.24999999902481038
17,Bill Engvall,11,0.2500000030919727
17,Corbin Bleu,11,0.2499999988819416
17,Jack Osbourne,11,0.24999999900127542
18,Amy Purdy,1,0.2328630418144647
18,Billy Dee Williams,1,0.03678586696621494
18,Candace Cameron Bure,1,0.2548213969574607
18,Charlie White,1,8.007503755788911e-05
18,Cody Simpson,1,5.6631737744525366e-18
18,Danica McKellar,1,6.557451123954715e-05
18,Diana Nyad,1,3.711378757541624e-05
18,Drew Carey,1,0.022927317541368883
18,James Maslow,1,0.21090468662555492
18,Meryl Davis,1,0.23286304194203786
18,NeNe Leakes,1,0.008617553326019458
18,Sean Avery,1,3.4331490505737895e-05
18,Amy Purdy,2,0.23292338228562498
18,Billy Dee Williams,2,0.03685600781689558
18,Candace Cameron Bure,2,0.25491410486919697
18,Charlie White,2,1.7874619220896566e-17
18,Cody Simpson,2,1.3710875110063844e-17
18,Danica McKellar,2,1.436986901044367e-17
18,Drew Carey,2,0.022933237614447526
18,James Maslow,2,0.21093265938014738
18,Meryl Davis,2,0.23292338234304139
18,NeNe Leakes,2,0.008517225690646134
18,Sean Avery,2,2.2075751238184513e-17
18,Amy Purdy,3,0.23752704132710295
18,Candace Cameron Bure,3,0.2595143097563637
18,Charlie White,3,0.0033934079003906516
18,Cody Simpson,3,0.0027591340504411577
18,Danica McKellar,3,0.0031398921768727305
18,Drew Carey,3,0.02736559741257262
18,James Maslow,3,0.21553977301857968
18,Meryl Davis,3,0.2375270415639647
18,NeNe Leakes,3,0.013233802793711884
18,Amy Purdy,4,0.23806095182331277
18,Candace Cameron Bure,4,0.26008571391673474
18,Charlie White,4,0.002802537998306282
18,Cody Simpson,4,0.001299322731741154
18,Danica McKellar,4,0.0021113999969494665
18,Drew Carey,4,0.02763002794716197
18,James Maslow,4,0.21603618922796086
18,Meryl Davis,4,0.23806095176892753
18,NeNe Leakes,4,0.013912904588905253
18,Amy Purdy,5,0.23854311523708435
18,Candace Cameron Bure,5,0.2604938404766911
18,Charlie White,5,0.0021442990423465353
18,Cody Simpson,5,4.52706090148206e-18
18,Danica McKellar,5,0.00111587344625107
18,Drew Carey,5,0.027914448871935064
18,James Maslow,5,0.21659239030831595
18,Meryl Davis,5,0.23854311552328783
18,NeNe Leakes,5,0.014652917094088098
18,Amy Purdy,6,0.2398281964168362
18,Candace Cameron Bure,6,0.2617746544878419
18,Charlie White,6,0.0021292226047083572
18,Danica McKellar,6,0.0009735452205043895
18,Drew Carey,6,0.021462519781467612
18,James Maslow,6,0.21788173785001794
18,Meryl Davis,6,0.23982819637427827
18,NeNe Leakes,6,0.016121927264345436
18,Amy Purdy,7,0.2437619601423276
18,Candace Cameron Bure,7,0.2656957638818568
18,Charlie White,7,0.004720933108261099
18,Danica McKellar,7,0.003493663625844271
18,James Maslow,7,0.22182815640121906
18,Meryl Davis,7,0.2437619602984562
18,NeNe Leakes,7,0.01673756254203497
18,Amy Purdy,8,0.24701182021893486
18,Candace Cameron Bure,8,0.26886472749283413
18,Charlie White,8,0.006639821320356829
18,Danica McKellar,8,0.005312898215427334
18,James Maslow,8,0.22515891254781828
18,Meryl Davis,8,0.2470118202046285
18,Amy Purdy,9,0.24836786011670767
18,Candace Cameron Bure,9,0.27030494643095687
18,Charlie White,9,0.006528559340531951
18,James Maslow,9,0.22643077385486607
18,Meryl Davis,9,0.2483678602569375
18,Amy Purdy,10,0.2500000000695361
18,Candace Cameron Bure,10,0.27195472441663976
18,James Maslow,10,0.22804527539920183
18,Meryl Davis,10,0.2500000001146223
19,Alfonso Ribeiro,1,0.22543497652786232
19,Antonio Sabato Jr.,1,0.01806462779924201
19,Bethany Mota,1,0.22543497936454668
19,Betsey Johnson,1,0.00804091063816863
19,Janel Parrish,1,0.22543497482420646
19,Jonathan Bennett,1,0.022147574051718157
19,Lea Thompson,1,6.871001782672166e-05
19,Lolo Jones,1,2.013403398110047e-17
19,Michael Waltrip,1,0.01761919724705581
19,Randy Couture,1,2.2125363677388458e-17
19,Sadie Robertson,1,0.2254349758251923
19,Tavis Smiley,1,1.482445555516704e-17
19,Tommy Chong,1,0.03231907370418105
19,Alfonso Ribeiro,2,0.22569880260248712
19,Antonio Sabato Jr.,2,0.018334884840495776
19,Bethany Mota,2,0.2256987959394159
19,Betsey Johnson,2,0.005386987316481335
19,Janel Parrish,2,0.22569880647897766
19,Jonathan Bennett,2,0.022560575687099963
19,Lea Thompson,2,0.00023685265675502007
19,Michael Waltrip,2,0.017916250357042616
19,Randy Couture,2,0.00012479439896190985
19,Sadie Robertson,2,0.225698803521702
19,Tavis Smiley,2,1.5209320920343534e-05
19,Tommy Chong,2,0.03262923687966049
19,Alfonso Ribeiro,3,0.22601912489946516
19,Antonio Sabato Jr.,3,0.01879121305543685
19,Bethany Mota,3,0.22601913576686677
19,Betsey Johnson,3,0.002681001540511181
19,Janel Parrish,3,0.22601911774032524
19,Jonathan Bennett,3,0.022877470032085016
19,Lea Thompson,3,0.00020185599286937935
19,Michael Waltrip,3,0.018321833795895127
19,Randy Couture,3,7.86693113768338e-05
19,Sadie Robertson,3,0.22601912148909042
19,Tommy Chong,3,0.03297145637607806
19,Alfonso Ribeiro,4,0.22639817919224703
19,Antonio Sabato Jr.,4,0.019035966594264566
19,Bethany Mota,4,0.22639816659515022
19,Betsey Johnson,4,1.283389096069221e-16
19,Janel Parrish,4,0.2263981880765475
19,Jonathan Bennett,4,0.023356610986627963
19,Lea Thompson,4,9.717065221313693e-08
19,Michael Waltrip,4,0.018716659490038475
19,Sadie Robertson,4,0.22639818384799007
19,Tommy Chong,4,0.03329794804648219
19,Alfonso Ribeiro,5,0.2278239092837086
19,Antonio Sabato Jr.,5,0.020455829832073023
19,Bethany Mota,5,0.22782392393368694
19,Janel Parrish,5,0.22782389802618921
19,Jonathan Bennett,5,0.012500485869819708
19,Lea Thompson,5,0.0007711735755650078
19,Michael Waltrip,5,0.020268836766277998
19,Sadie Robertson,5,0.22782390183127535
19,Tommy Chong,5,0.03470804088140415
19,Alfonso Ribeiro,6,0.22912955749116315
19,Antonio Sabato Jr.,6,0.022010838212027796
19,Bethany Mota,6,0.22912954336233113
19,Janel Parrish,6,0.22912956892372324
19,Jonathan Bennett,6,0.0015912385118108043
19,Lea Thompson,6,0.0015330225123495287
19,Michael Waltrip,6,0.022091054679361313
19,Sadie Robertson,6,0.2291295658831431
19,Tommy Chong,6,0.036255610424089944
19,Alfonso Ribeiro,7,0.2307228943932398
19,Antonio Sabato Jr.,7,0.015259370070679179
19,Bethany Mota,7,0.2307229079869587
19,Janel Parrish,7,0.23072288242053196
19,Lea Thompson,7,8.774414094650073e-05
19,Michael Waltrip,7,0.023946226571034075
19,Sadie Robertson,7,0.23072288386483
19,Tommy Chong,7,0.037815090551779916
19,Alfonso Ribeiro,8,0.23407303892306858
19,Bethany Mota,8,0.2340730282427529
19,Janel Parrish,8,0.23407304918099064
19,Lea Thompson,8,9.281246057784022e-17
19,Michael Waltrip,8,0.02263125876855438
19,Sadie Robertson,8,0.23407304868114534
19,Tommy Chong,8,0.041076576203488105
19,Alfonso Ribeiro,9,0.23862478615181823
19,Bethany Mota,9,0.23862479469163098
19,Janel Parrish,9,0.23862477725023065
19,Lea Thompson,9,2.114271372959609e-17
19,Sadie Robertson,9,0.23862477696990772
19,Tommy Chong,9,0.04550086493641244
19,Alfonso Ribeiro,10,0.24053162385712815
19,Bethany Mota,10,0.24053161915085192
19,Janel Parrish,10,0.2405316291523638
19,Sadie Robertson,10,0.2405316293849413
19,Tommy Chong,10,0.0378734984547147
19,Alfonso Ribeiro,11,0.25000000065327743
19,Bethany Mota,11,0.2500000027957305
19,Janel Parrish,11,0.24999999840578802
19,Sadie Robertson,11,0.2499999981452041
20,Charlotte McKinney,1,0.021467455664320317
20,Chris Soules,1,0.04306085799926246
20,Michael Sam,1,0.012807514736282206
20,Nastia Liukin,1,5.8056958039103495e-05
20,Noah Galloway,1,0.2873899043128859
20,Patti LaBelle,1,0.014909767905333816
20,Redfoo,1,1.0787695037121217e-05
20,Riker Lynch,1,0.28738986990819293
20,Robert Herjavec,1,0.03259387879859976
20,Rumer Willis,1,0.2873898595186537
20,Suzanne Somers,1,0.012908937869738395
20,Willow Shields,1,1.3108633654267356e-05
20,Charlotte McKinney,2,0.021512939839768794
20,Chris Soules,2,0.04312677269279906
20,Michael Sam,2,0.012867406698557972
20,Nastia Liukin,2,1.6617476337788655e-16
20,Noah Galloway,2,0.28737843196458934
20,Patti LaBelle,2,0.01492828622043545
20,Redfoo,2,1.750948023375377e-16
20,Riker Lynch,2,0.28737853160172194
20,Robert Herjavec,2,0.03256166066255774
20,Rumer Willis,2,0.2873785636210072
20,Suzanne Somers,2,0.01286740669856143
20,Willow Shields,2,9.414385177063905e-16
20,Charlotte McKinney,3,0.01673825025342923
20,Chris Soules,3,0.042837142101936995
20,Michael Sam,3,0.008355857929084512
20,Nastia Liukin,3,3.630035552510557e-17
20,Noah Galloway,3,0.2893115756877115
20,Patti LaBelle,3,0.01672006018804844
20,Riker Lynch,3,0.28931142067277266
20,Robert Herjavec,3,0.03450567744349527
20,Rumer Willis,3,0.28931136970758786
20,Suzanne Somers,3,0.012908646015932519
20,Willow Shields,3,1.010086400502503e-15
20,Chris Soules,4,0.044320480768878186
20,Michael Sam,4,0.005438364050794047
20,Nastia Liukin,4,0.0007859985866800618
20,Noah Galloway,4,0.29292146645279954
20,Patti LaBelle,4,0.017193774910470513
20,Riker Lynch,4,0.2929216610357843
20,Robert Herjavec,4,0.03807108547300869
20,Rumer Willis,4,0.29292172907560626
20,Suzanne Somers,4,0.014639638938292773
20,Willow Shields,4,0.0007858007076855566
20,Chris Soules,5,0.044665248876818366
20,Nastia Liukin,5,0.0003448059845850318
20,Noah Galloway,5,0.29543757873293247
20,Patti LaBelle,5,0.016527086074583384
20,Riker Lynch,5,0.29543736398734743
20,Robert Herjavec,5,0.04052032232100131
20,Rumer Willis,5,0.2954372853511663
20,Suzanne Somers,5,0.011244679166787137
20,Willow Shields,5,0.0003856295047785733
20,Chris Soules,6,0.045744502717989986
20,Nastia Liukin,6,0.0005969389996868921
20,Noah Galloway,6,0.2985497514578861
20,Patti LaBelle,6,0.013855647916730177
20,Riker Lynch,6,0.29854996482655977
20,Robert Herjavec,6,0.04355620729975347
20,Rumer Willis,6,0.2985500477817021
20,Willow Shields,6,0.0005969389996916308
20,Chris Soules,7,0.047019780022197144
20,Nastia Liukin,7,5.840369094724062e-16
20,Noah Galloway,7,0.30198696674294356
20,Riker Lynch,7,0.3019867752568666
20,Robert Herjavec,7,0.04701978002219263
20,Rumer Willis,7,0.30198669795579924
20,Willow Shields,7,3.3619683609259247e-16
20,Chris Soules,8,0.03527704249136867
20,Nastia Liukin,8,0.001962310097788292
20,Noah Galloway,8,0.3091610796970012
20,Riker Lynch,8,0.30916123073350366
20,Robert Herjavec,8,0.035277042482666277
20,Rumer Willis,8,0.3091612944976719
20,Nastia Liukin,9,0.015655376901096932
20,Noah Galloway,9,0.3281149526492467
20,Riker Lynch,9,0.3281148558934769
20,Rumer Willis,9,0.32811481455617947
20,Noah Galloway,10,0.3333333063399882
20,Riker Lynch,10,0.3333333394387821
20,Rumer Willis,10,0.3333333542212296
21,Alek Skarlatos,1,0.2487245945831587
21,Alexa PenaVega,1,0.0025866478982835878
21,Andy Grammer,1,3.0846317137205124e-05
21,Bindi Irwin,1,0.23498025803844277
21,Carlos PenaVega,1,0.2212359211705447
21,Chaka Khan,1,3.755655520995159e-07
21,Gary Busey,1,0.01087445640377975
21,Hayes Grier,1,6.237195817205811e-05
21,Kim Zolciak-Biermann,1,1.1859255934986474e-06
21,Nick Carter,1,0.23498025757834218
21,Paula Deen,1,4.89183695351742e-05
21,Tamar Braxton,1,0.04647416619145828
21,Victor Espinoza,1,2.749937146574984e-17
21,Alek Skarlatos,2,0.24874475026332754
21,Alexa PenaVega,2,0.0026368867467544753
21,Andy Grammer,2,6.670937690838224e-17
21,Bindi Irwin,2,0.2349352823314887
21,Carlos PenaVega,2,0.22112581406169143
21,Chaka Khan,2,2.7132580530311667e-17
21,Gary Busey,2,0.011086296404449513
21,Hayes Grier,2,6.046315296428701e-05
21,Kim Zolciak-Biermann,2,2.5498584564377604e-17
21,Nick Carter,2,0.23493528190366333
21,Paula Deen,2,1.8702948037841632e-05
21,Tamar Braxton,2,0.046456522187622695
21,Victor Espinoza,2,4.464588825016658e-17
21,Alek Skarlatos,3,0.24888345537371245
21,Alexa PenaVega,3,0.0026447012583959476
21,Andy Grammer,3,0.00010875628132975824
21,Bindi Irwin,3,0.23509865259969576
21,Carlos PenaVega,3,0.22131384948118527
21,Gary Busey,3,0.010076187796963284
21,Hayes Grier,3,5.641438838594358e-05
21,Nick Carter,3,0.23509865217713
21,Paula Deen,3,4.229672230146989e-05
21,Tamar Braxton,3,0.04667703392090014
21,Alek Skarlatos,4,0.24902912501399377
21,Alexa PenaVega,4,0.002587821943911172
21,Andy Grammer,4,6.881427955124452e-05
21,Bindi Irwin,4,0.2353258610390052
21,Carlos PenaVega,4,0.22162259689064417
21,Gary Busey,4,0.009103511986054582
21,Hayes Grier,4,9.461077928603834e-17
21,Nick Carter,4,0.23532586066322247
21,Paula Deen,4,3.1031221004582095e-05
21,Tamar Braxton,4,0.04690537696261278
21,Alek Skarlatos,5,0.2500603679245591
21,Alexa PenaVega,5,0.003639670381426284
21,Andy Grammer,5,0.0008753467220999636
21,Bindi Irwin,5,0.23644124179271642
21,Carlos PenaVega,5,0.22282211526874163
21,Hayes Grier,5,0.0006042024626436908
21,Nick Carter,5,0.23644124134070002
21,Paula Deen,5,0.000910448647770939
21,Tamar Braxton,5,0.04820536545934202
21,Alek Skarlatos,6,0.24994098073042503
21,Alexa PenaVega,6,0.0034489085469002665
21,Andy Grammer,6,0.0007814639808469012
21,Bindi Irwin,6,0.2365600318635078
21,Carlos PenaVega,6,0.22317908258984925
21,Hayes Grier,6,0.0002364666502636056
21,Nick Carter,6,0.23656003136389583
21,Paula Deen,6,0.0006849657688797828
21,Tamar Braxton,6,0.04860806850543153
21,Alek Skarlatos,7,0.2500251222414576
21,Alexa PenaVega,7,0.003387621714576965
21,Andy Grammer,7,0.0006239136298038054
21,Bindi Irwin,7,0.23674065714012368
21,Carlos PenaVega,7,0.22345619171187742
21,Hayes Grier,7,7.414921102938988e-17
21,Nick Carter,7,0.2367406566517669
21,Tamar Braxton,7,0.049025836910393576
21,Alek Skarlatos,8,0.25026545167452124
21,Alexa PenaVega,8,0.0016866711667039964
21,Andy Grammer,8,0.0005135833602008163
21,Bindi Irwin,8,0.23706099169890885
21,Carlos PenaVega,8,0.2238565312934481
21,Nick Carter,8,0.237060991231085
21,Tamar Braxton,8,0.04955577957513205
21,Alek Skarlatos,9,0.2505563965722524
21,Alexa PenaVega,9,8.343457583690475e-17
21,Bindi Irwin,9,0.23748499100635215
21,Carlos PenaVega,9,0.22441358523818375
21,Nick Carter,9,0.23748499058501088
21,Tamar Braxton,9,0.05006003659820087
21,Alek Skarlatos,10,0.2630502719509334
21,Bindi Irwin,10,0.2500000002764416
21,Carlos PenaVega,10,0.23694972810080828
21,Nick Carter,10,0.2499999996718167
21,Alek Skarlatos,11,0.2629315477533036
21,Bindi Irwin,11,0.2500000001923877
21,Carlos PenaVega,11,0.23706845231944698
21,Nick Carter,11,0.24999999973486173
22,Antonio Brown,1,0.022510961623791126
22,Doug Flutie,1,0.018713938592436197
22,Geraldo Rivera,1,8.020024769384018e-05
22,Ginger Zee,1,0.3049324266022176
22,Jodie Sweetin,1,0.0041634114631592094
22,Kim Fields,1,0.00017848146279030808
22,Marla Maples,1,0.00011766789374019956
22,Mischa Barton,1,0.00021110822892247123
22,Nyle DiMarco,1,0.3049324253929516
22,Paige VanZant,1,0.3049324262711288
22,Von Miller,1,0.00017848140557650955
22,Wanya Morris,1,0.039048470815591874
22,Antonio Brown,2,0.022895992109142428
22,Doug Flutie,2,0.018753784215171376
22,Geraldo Rivera,2,0.0001373771037145109
22,Ginger Zee,2,0.3048936339077705
22,Jodie Sweetin,2,0.00426765365765949
22,Kim Fields,2,6.694715924955574e-05
22,Marla Maples,2,1.5612511283791264e-17
22,Mischa Barton,2,0.00011211115670446856
22,Nyle DiMarco,2,0.3048936331974014
22,Paige VanZant,2,0.30489363379209977
22,Von Miller,2,6.694715192738035e-05
22,Wanya Morris,2,0.039018286549159224
22,Antonio Brown,3,0.022661928210798984
22,Doug Flutie,3,0.01877310859715438
22,Ginger Zee,3,0.3049831678874219
22,Jodie Sweetin,3,0.004338812015586381
22,Kim Fields,3,0.0
22,Marla Maples,3,0.0
22,Mischa Barton,3,0.00011567940046484197
22,Nyle DiMarco,3,0.3049831660539814
22,Paige VanZant,3,0.30498316718620483
22,Von Miller,3,0.0
22,Wanya Morris,3,0.03916097064838737
22,Antonio Brown,4,0.022585011269404247
22,Doug Flutie,4,0.018804852742627356
22,Ginger Zee,4,0.3049291062087614
22,Jodie Sweetin,4,0.0046982696705303905
22,Kim Fields,4,2.7745411220261862e-17
22,Marla Maples,4,0.0
22,Nyle DiMarco,4,0.3049291060793271
22,Paige VanZant,4,0.30492910659064076
22,Von Miller,4,5.263462734238222e-18
22,Wanya Morris,4,0.03912454743870871
22,Antonio Brown,5,0.022911712237865124
22,Doug Flutie,5,0.01691463778218276
22,Ginger Zee,5,0.3056165642320415
22,Jodie Sweetin,5,0.003567360509992396
22,Kim Fields,5,1.782157321023048e-17
22,Nyle DiMarco,5,0.3056165619978313
22,Paige VanZant,5,0.3056165631268696
22,Von Miller,5,7.914675859144182e-18
22,Wanya Morris,5,0.03975660011321727
22,Antonio Brown,6,0.023280903242090503
22,Doug Flutie,6,0.01458986441247808
22,Ginger Zee,6,0.3062809367107518
22,Jodie Sweetin,6,0.0025878333372540696
22,Kim Fields,6,0.0
22,Nyle DiMarco,6,0.30628093686046864
22,Paige VanZant,6,0.3062809374521965
22,Von Miller,6,0.0
22,Wanya Morris,6,0.040698587984760615
22,Antonio Brown,7,0.025841745370020947
22,Ginger Zee,7,0.3089215432032956
22,Jodie Sweetin,7,0.0037029555046809385
22,Kim Fields,7,0.00022435276348216297
22,Nyle DiMarco,7,0.3089215408016772
22,Paige VanZant,7,0.3089215417427418
22,Von Miller,7,0.00022435276349537704
22,Wanya Morris,7,0.04324196785060595
22,Antonio Brown,8,0.02644806760712963
22,Ginger Zee,8,0.3097841282586244
22,Jodie Sweetin,8,0.0
22,Nyle DiMarco,8,0.3097841282266807
22,Paige VanZant,8,0.309784129010484
22,Wanya Morris,8,0.044199546897081325
22,Antonio Brown,9,0.016115895924812235
22,Ginger Zee,9,0.3164949705518317
22,Nyle DiMarco,9,0.31649496874093014
22,Paige VanZant,9,0.31649496953388884
22,Wanya Morris,9,0.03439919524853715
22,Ginger Zee,10,0.33333333364023215
22,Nyle DiMarco,10,0.3333333327417597
22,Paige VanZant,10,0.3333333336180082
23,Amber Rose,1,0.00029627824176542254
23,Babyface,1,0.0007000548401493218
23,Calvin Johnson Jr.,1,0.23750895063400634
23,Jake T. Austin,1,5.433444463676053e-05
23,James Hinchcliffe,1,0.2375089508405241
23,Jana Kramer,1,0.2375089507265671
23,Laurie Hernandez,1,0.23750895125688173
23,Marilu Henner,1,0.014990833767282302
23,Maureen McCormick,1,0.0003144448969378093
23,Rick Perry,1,0.008126546942175903
23,Ryan Lochte,1,0.0061081932606694336
23,Terra Jole,1,0.015442009776057124
23,Vanilla Ice,1,0.003931500372346703
23,Amber Rose,2,0.0002280203146821168
23,Babyface,2,0.00048804621743947876
23,Calvin Johnson Jr.,2,0.237582267464665
23,Jake T. Austin,2,2.2604431798852342e-18
23,James Hinchcliffe,2,0.2375822666847493
23,Jana Kramer,2,0.23758226716543573
23,Laurie Hernandez,2,0.23758226608503163
23,Marilu Henner,2,0.015201792275037969
23,Maureen McCormick,2,0.00018606059444691519
23,Rick Perry,2,0.008477765167996752
23,Ryan Lochte,2,0.006088454784958267
23,Terra Jole,2,0.015113021719856741
23,Vanilla Ice,2,0.003887771525700111
23,Amber Rose,3,0.00031688754333495815
23,Babyface,3,0.0005144588258383534
23,Calvin Johnson Jr.,3,0.23799644677661252
23,James Hinchcliffe,3,0.23799644827421196
23,Jana Kramer,3,0.2379964474680174
23,Laurie Hernandez,3,0.237996449570816
23,Marilu Henner,3,0.01603505641023965
23,Maureen McCormick,3,0.00027038446463455574
23,Rick Perry,3,0.0045298381191984155
23,Ryan Lochte,3,0.00653215872263049
23,Terra Jole,3,0.015324356415574013
23,Vanilla Ice,3,0.004491067408891701
23,Amber Rose,4,0.0007922079357738826
23,Babyface,4,0.0008881452525315562
23,Calvin Johnson Jr.,4,0.23874771612344736
23,James Hinchcliffe,4,0.2387477144171361
23,Jana Kramer,4,0.23874771527493927
23,Laurie Hernandez,4,0.23874771300517064
23,Marilu Henner,4,0.017319981424137824
23,Maureen McCormick,4,0.0009780750609843204
23,Ryan Lochte,4,0.007605126502265282
23,Terra Jole,4,0.015547927397028037
23,Vanilla Ice,4,0.0018776776065857787
23,Amber Rose,5,0.0010457876114964891
23,Calvin Johnson Jr.,5,0.23942695459893107
23,James Hinchcliffe,5,0.2394269565147441
23,Jana Kramer,5,0.2394269555264297
23,Laurie Hernandez,5,0.23942695840860068
23,Marilu Henner,5,0.018567246559914628
23,Maureen McCormick,5,0.0012809380372856571
23,Ryan Lochte,5,0.0057252696588940884
23,Terra Jole,5,0.01567293308370363
23,Amber Rose,6,0.0010364640315776977
23,Calvin Johnson Jr.,6,0.23976496465186747
23,James Hinchcliffe,6,0.23976496272031733
23,Jana Kramer,6,0.23976496380465204
23,Laurie Hernandez,6,0.23976496107665374
23,Marilu Henner,6,0.01975297166056497
23,Maureen McCormick,6,0.0009579477855317662
23,Ryan Lochte,6,0.0038619108980828655
23,Terra Jole,6,0.015330853370752124
23,Calvin Johnson Jr.,7,0.2403016712899661
23,James Hinchcliffe,7,0.24030167310628953
23,Jana Kramer,7,0.2403016721637262
23,Laurie Hernandez,7,0.24030167497276653
23,Marilu Henner,7,0.020950587019581204
23,Maureen McCormick,7,0.0009209889388271175
23,Ryan Lochte,7,0.001888605270572716
23,Terra Jole,7,0.015033127238270686
23,Calvin Johnson Jr.,8,0.24070177461035383
23,James Hinchcliffe,8,0.2407017731187156
23,Jana Kramer,8,0.24070177380547325
23,Laurie Hernandez,8,0.24070177171455964
23,Marilu Henner,8,0.022327800371802632
23,Ryan Lochte,8,1.005945853419243e-17
23,Terra Jole,8,0.01486510637909505
23,Calvin Johnson Jr.,9,0.24201021234902848
23,James Hinchcliffe,9,0.24201021360659294
23,Jana Kramer,9,0.24201021291722438
23,Laurie Hernandez,9,0.2420102148813578
23,Marilu Henner,9,0.019269407261265928
23,Terra Jole,9,0.01268973898453048
23,Calvin Johnson Jr.,10,0.2465789346973564
23,James Hinchcliffe,10,0.2465789340999879
23,Jana Kramer,10,0.24657893443834883
23,Laurie Hernandez,10,0.24657893347743698
23,Terra Jole,10,0.013684263286869915
23,Calvin Johnson Jr.,11,0.249999999789821
23,James Hinchcliffe,11,0.2499999999874268
23,Jana Kramer,11,0.24999999985177196
23,Laurie Hernandez,11,0.25000000037098025
24,Bonner Bolton,1,0.02843938823636812
24,Charo,1,0.000669077210536177
24,Chris Kattan,1,0.0011628450741884423
24,David Ross,1,0.2988110598533573
24,Erika Jayne,1,0.002091662772851203
24,Heather Morris,1,0.0025709858475071947
24,Mr. T,1,0.0019891082164150997
24,Nancy Kerrigan,1,0.017584444669902295
24,Nick Viall,1,0.03403933430300857
24,Normani,1,0.29881105983101514
24,Rashad Jennings,1,0.2988110604529649
24,Simone Biles,1,0.015019973531885625
24,Bonner Bolton,2,0.02855808575765978
24,Charo,2,0.0006710620037390577
24,Chris Kattan,2,0.0012884701518425475
24,David Ross,2,0.2989246359078108
24,Erika Jayne,2,0.0019492838392116405
24,Heather Morris,2,0.002495759977848282
24,Mr. T,2,0.0017434510315034514
24,Nancy Kerrigan,2,0.017689171445353393
24,Nick Viall,2,0.03387624837863799
24,Normani,2,0.29892463585433954
24,Rashad Jennings,2,0.29892463650617057
24,Simone Biles,2,0.014954559145882926
24,Bonner Bolton,3,0.029179190054099892
24,Charo,3,0.00072649522703247
24,David Ross,3,0.2989543191261171
24,Erika Jayne,3,0.002146013423190088
24,Heather Morris,3,0.0020525044564905664
24,Mr. T,3,0.002063034912316768
24,Nancy Kerrigan,3,0.01774137503691219
24,Nick Viall,3,0.03437988097473703
24,Normani,3,0.2989543192634963
24,Rashad Jennings,3,0.2989543198606995
24,Simone Biles,3,0.014848547664908108
24,Bonner Bolton,4,0.030364560355681487
24,David Ross,4,0.2988361170525774
24,Erika Jayne,4,0.0019454100781660648
24,Heather Morris,4,0.0012888826362347876
24,Mr. T,4,0.0017234445667282442
24,Nancy Kerrigan,4,0.01843450373526808
24,Nick Viall,4,0.03502829979630918
24,Normani,4,0.2988361168679729
24,Rashad Jennings,4,0.2988361175957751
24,Simone Biles,4,0.014706547315286802
24,Bonner Bolton,5,0.03190721565092355
24,David Ross,5,0.29895259975811767
24,Erika Jayne,5,0.0019097315124491222
24,Heather Morris,5,0.0007383184576854181
24,Nancy Kerrigan,5,0.018921169366530672
24,Nick Viall,5,0.03540632670671149
24,Normani,5,0.2989525998127735
24,Rashad Jennings,5,0.2989526003409096
24,Simone Biles,5,0.014259438393899083
24,Bonner Bolton,6,0.03300123983748376
24,David Ross,6,0.2993752993464323
24,Heather Morris,6,2.1189013049799533e-17
24,Nancy Kerrigan,6,0.019240148446463816
24,Nick Viall,6,0.03596877298177801
24,Normani,6,0.29937529925068423
24,Rashad Jennings,6,0.29937529986902744
24,Simone Biles,6,0.013663940268130382
24,Bonner Bolton,7,0.04005219616644975
24,David Ross,7,0.30494282502588527
24,Nancy Kerrigan,7,0.010510506518898368
24,Nick Viall,7,0.022368214028888885
24,Normani,7,0.3049428250849625
24,Rashad Jennings,7,0.3049428256779321
24,Simone Biles,7,0.012240607496983134
24,Bonner Bolton,8,0.038874788300152306
24,David Ross,8,0.3152599430931522
24,Normani,8,0.31525994294695414
24,Rashad Jennings,8,0.31525994358599535
24,Simone Biles,8,0.015345382073745997
24,David Ross,9,0.3266985616685082
24,Normani,9,0.3266985616450384
24,Rashad Jennings,9,0.32669856229240224
24,Simone Biles,9,0.019904314394051097
24,David Ross,10,0.33333333318554853
24,Normani,10,0.33333333312084584
24,Rashad Jennings,10,0.33333333369360574
25,Barbara Corcoran,1,0.0
25,Debbie Gibson,1,3.4651472452932836e-18
25,Derek Fisher,1,0.008089740378135002
25,Drew Scott,1,0.23591561224441848
25,Frankie Muniz,1,0.23591571580550535
25,Jordan Fisher,1,0.23591566223084975
25,Lindsey Stirling,1,0.23591566652818735
25,Nick Lachey,1,0.010774429572030581
25,Nikki Bella,1,0.005582912399294765
25,Sasha Pieterse,1,0.0
25,Terrell Owens,1,0.012548386155692093
25,Vanessa Lachey,1,2.648075182276799e-05
25,Victoria Arlen,1,0.019315393934064028
25,Barbara Corcoran,2,0.0
25,Debbie Gibson,2,1.555494839608354e-17
25,Derek Fisher,2,0.00820973275208922
25,Drew Scott,2,0.23599374905919257
25,Frankie Muniz,2,0.23599344731176347
25,Jordan Fisher,2,0.235993602194217
25,Lindsey Stirling,2,0.23599359242660065
25,Nick Lachey,2,0.010603082683906865
25,Nikki Bella,2,0.005467502404739985
25,Sasha Pieterse,2,4.0842436503441676e-17
25,Terrell Owens,2,0.012588733305414454
25,Vanessa Lachey,2,0.0
25,Victoria Arlen,2,0.01915655786207582
25,Derek Fisher,3,0.006981326170008304
25,Drew Scott,3,0.23632191149501242
25,Frankie Muniz,3,0.23632238535135797
25,Jordan Fisher,3,0.23632214451250283
25,Lindsey Stirling,3,0.23632215725174452
25,Nick Lachey,3,0.010799497613236758
25,Nikki Bella,3,0.00435384637349803
25,Sasha Pieterse,3,0.0
25,Terrell Owens,3,0.01316476307889318
25,Vanessa Lachey,3,0.0
25,Victoria Arlen,3,0.01941196815374586
25,Derek Fisher,4,0.0055679966450101785
25,Drew Scott,4,0.23662048578543876
25,Frankie Muniz,4,0.2366198889426836
25,Jordan Fisher,4,0.236620189056362
25,Lindsey Stirling,4,0.2366201777509923
25,Nick Lachey,4,0.011096477786325762
25,Nikki Bella,4,0.0030618809102630606
25,Sasha Pieterse,4,0.0
25,Terrell Owens,4,0.013674961215526787
25,Vanessa Lachey,4,1.2283332987902962e-16
25,Victoria Arlen,4,0.020117941907397588
25,Drew Scott,5,0.23758545235081702
25,Frankie Muniz,5,0.2375861094927154
25,Jordan Fisher,5,0.2375857820357224
25,Lindsey Stirling,5,0.23758579183746661
25,Nick Lachey,5,0.011494252873562453
25,Nikki Bella,5,0.002255287762124492
25,Sasha Pieterse,5,0.0
25,Terrell Owens,5,0.014709994059307748
25,Vanessa Lachey,5,0.00022931740976933515
25,Victoria Arlen,5,0.02096801217851458
25,Drew Scott,6,0.23804844879795112
25,Frankie Muniz,6,0.2380477985604105
25,Jordan Fisher,6,0.23804811935793033
25,Lindsey Stirling,6,0.23804811262667044
25,Nick Lachey,6,0.01016119831221837
25,Nikki Bella,6,0.0009346179582640342
25,Terrell Owens,6,0.015330172156648225
25,Vanessa Lachey,6,0.0
25,Victoria Arlen,6,0.02138153222990703
25,Drew Scott,7,0.2396170913326478
25,Frankie Muniz,7,0.23961767547020987
25,Jordan Fisher,7,0.23961739035520496
25,Lindsey Stirling,7,0.23961739500454216
25,Nikki Bella,7,0.0012041380201683206
25,Terrell Owens,7,0.01738965467750026
25,Vanessa Lachey,7,0.0
25,Victoria Arlen,7,0.022936655139726713
25,Drew Scott,8,0.24133441118264223
25,Frankie Muniz,8,0.24133394582788703
25,Jordan Fisher,8,0.24133417012213554
25,Lindsey Stirling,8,0.24133416883274839
25,Terrell Owens,8,0.010153856057712369
25,Victoria Arlen,8,0.02450944797687451
25,Drew Scott,9,0.2444620570647267
25,Frankie Muniz,9,0.24446235941165814
25,Jordan Fisher,9,0.24446221510518834
25,Lindsey Stirling,9,0.2444622153610284
25,Victoria Arlen,9,0.02215115305739846
25,Drew Scott,10,0.2500000537043119
25,Frankie Muniz,10,0.24999994881517357
25,Jordan Fisher,10,0.2499999984329822
25,Lindsey Stirling,10,0.24999999904753237
26,Adam Rippon,1,0.3189729290839777
26,Arike Ogunbowale,1,2.260470466694919e-17
26,Chris Mazdzer,1,0.01019235042655788
26,Jamie Anderson,1,4.853746538008685e-17
26,Jennie Finch Daigle,1,0.018627366724628953
26,Johnny Damon,1,1.0367683274392636e-17
26,Josh Norman,1,0.31896728100626226
26,Kareem Abdul-Jabbar,1,0.014256606608250882
26,Mirai Nagasu,1,5.654023266574548e-17
26,Tonya Harding,1,0.31898346615032225
26,Adam Rippon,2,0.3198378842667096
26,Arike Ogunbowale,2,6.19858710800697e-17
26,Chris Mazdzer,2,0.011111777014050096
26,Jennie Finch Daigle,2,0.019522991967321962
26,Josh Norman,2,0.31985181099045334
26,Kareem Abdul-Jabbar,2,0.009862979206332332
26,Mirai Nagasu,2,1.6473096758201633e-17
26,Tonya Harding,2,0.3198125565551328
26,Adam Rippon,3,0.3251027918135243
26,Chris Mazdzer,3,0.008172793538439731
26,Jennie Finch Daigle,3,0.016507995905307674
26,Josh Norman,3,0.32508845412902293
26,Mirai Nagasu,3,2.5112832820195496e-17
26,Tonya Harding,3,0.32512796461370547
26,Adam Rippon,4,0.33333477383505894
26,Josh Norman,4,0.3333408332587028
26,Tonya Harding,4,0.33332439290623816
27,Alexis Ren,1,0.21432153156770745
27,Bobby Bones,1,0.21432153204904392
27,Danelle Umstead,1,0.0006872985440949101
27,DeMarcus Ware,1,0.02498604213221533
27,Evanna Lynch,1,0.21432153201778747
27,Joe Amabile,1,0.07020617591124767
27,John Schneider,1,0.031707569000325946
27,Juan Pablo Di Pace,1,0.013009345470830623
27,Mary Lou Retton,1,0.0002458274957839719
27,Milo Manheim,1,0.21432153160712947
27,Nancy McKeon,1,0.0009367370652496542
27,Nikki Glaser,1,0.00014827103328954043
27,Tinashe,1,0.000786606105294091
27,Alexis Ren,2,0.21435365531679454
27,Bobby Bones,2,0.21435365588055555
27,Danelle Umstead,2,0.000637438545794033
27,DeMarcus Ware,2,0.02505117693265462
27,Evanna Lynch,2,0.21435365566834086
27,Joe Amabile,2,0.07062769176977132
27,John Schneider,2,0.03184341135649897
27,Juan Pablo Di Pace,2,0.01287149517884846
27,Mary Lou Retton,2,0.00019486473787100428
27,Milo Manheim,2,0.21435365487666577
27,Nancy McKeon,2,0.0007621627370403095
27,Tinashe,2,0.0005971369991645708
27,Alexis Ren,3,0.2144799194561539
27,Bobby Bones,3,0.21447991990091678
27,DeMarcus Ware,3,0.02532504243607893
27,Evanna Lynch,3,0.21447992002393407
27,Joe Amabile,3,0.07057797403822307
27,John Schneider,3,0.03205378202555286
27,Juan Pablo Di Pace,3,0.012947412928278761
27,Mary Lou Retton,3,0.00013726413528073944
27,Milo Manheim,3,0.2144799198499287
27,Nancy McKeon,3,0.0006249607053073782
27,Tinashe,3,0.0004138845003447706
27,Alexis Ren,4,0.21460552261041999
27,Bobby Bones,4,0.2146055232384526
27,DeMarcus Ware,4,0.02567456782892231
27,Evanna Lynch,4,0.21460552293967258
27,Joe Amabile,4,0.07093318851858453
27,John Schneider,4,0.032152764443301084
27,Juan Pablo Di Pace,4,0.012817388461858207
27,Mary Lou Retton,4,1.6500939554611095e-16
27,Milo Manheim,4,0.21460552195878868
27,Tinashe,4,1.350105896144208e-16
27,Alexis Ren,5,0.21838120754280155
27,Bobby Bones,5,0.21838120804423017
27,DeMarcus Ware,5,0.019785754666441564
27,Evanna Lynch,5,0.21838120821103132
27,Joe Amabile,5,0.06187331173890714
27,John Schneider,5,0.03242597970583337
27,Juan Pablo Di Pace,5,0.01234515573615074
27,Mary Lou Retton,5,4.4966249220185405e-05
27,Milo Manheim,5,0.21838120810538392
27,Alexis Ren,6,0.2220986299061632
27,Bobby Bones,6,0.22209863058645402
27,DeMarcus Ware,6,0.014436734741277966
27,Evanna Lynch,6,0.22209863024760462
27,Joe Amabile,6,0.0526683001778743
27,John Schneider,6,0.03264743926830927
27,Juan Pablo Di Pace,6,0.011853005715750955
27,Mary Lou Retton,6,7.854977646959761e-17
27,Milo Manheim,6,0.22209862935656566
27,Alexis Ren,7,0.22771295093226923
27,Bobby Bones,7,0.22771295152071933
27,DeMarcus Ware,7,0.010568189390697843
27,Evanna Lynch,7,0.2277129516058586
27,Joe Amabile,7,0.04543146558046446
27,John Schneider,7,0.020065350533402332
27,Juan Pablo Di Pace,7,0.013083188997227642
27,Milo Manheim,7,0.22771295143936057
27,Alexis Ren,8,0.23710724092548208
27,Bobby Bones,8,0.2371072416189883
27,Evanna Lynch,8,0.23710724138980332
27,Joe Amabile,8,0.04205224556477567
27,Juan Pablo Di Pace,8,0.009518789892584839
27,Milo Manheim,8,0.23710724060836585
27,Alexis Ren,9,0.2499999996775907
27,Bobby Bones,9,0.2500000002841585
27,Evanna Lynch,9,0.25000000024811125
27,Milo Manheim,9,0.24999999979013957
28,Ally Brooke,1,0.23219140224093093
28,Hannah Brown,1,0.23219140163153304
28,James Van Der Beek,1,0.000705570372988707
28,Karamo Brown,1,0.010734017639195743
28,Kate Flannery,1,0.0027061774953513707
28,Kel Mitchell,1,0.2321913996984845
28,Lamar Odom,1,0.020403545671452195
28,Lauren Alaina,1,0.23219139884092488
28,Mary Wilson,1,2.5809432716017433e-16
28,Ray Lewis,1,1.9531380149946827e-06
28,Sailor Brinkley-Cook,1,2.608861477543245e-17
28,Sean Spicer,1,0.03668313327112332
28,Ally Brooke,2,0.23235025257893988
28,Hannah Brown,2,0.23235025441326776
28,James Van Der Beek,2,0.0003030573508469985
28,Karamo Brown,2,0.009822315309490088
28,Kate Flannery,2,0.0025649274178066936
28,Kel Mitchell,2,0.23235026010923565
28,Lamar Odom,2,0.020538273234962563
28,Lauren Alaina,2,0.2323502624874282
28,Mary Wilson,2,1.3847032581973073e-16
28,Ray Lewis,2,0.0004258166457759477
28,Sailor Brinkley-Cook,2,1.7049079162334557e-17
28,Sean Spicer,2,0.03694458045224593
28,Ally Brooke,3,0.23259464609647743
28,Hannah Brown,3,0.2325946446578215
28,James Van Der Beek,3,0.00023277456459784124
28,Karamo Brown,3,0.010290688942591353
28,Kate Flannery,3,0.0028611977593394075
28,Kel Mitchell,3,0.23259463850066242
28,Lamar Odom,3,0.01862803347588878
28,Lauren Alaina,3,0.23259463484691517
28,Sailor Brinkley-Cook,3,5.330208930481861e-17
28,Sean Spicer,3,0.037608741155706095
28,Ally Brooke,4,0.2327341564353237
28,Hannah Brown,4,0.23273415553131072
28,James Van Der Beek,4,0.0
28,Karamo Brown,4,0.01073057239609951
28,Kate Flannery,4,0.0033098410834645456
28,Kel Mitchell,4,0.2327341612816728
28,Lamar Odom,4,0.01677117672367522
28,Lauren Alaina,4,0.23273416581766349
28,Sailor Brinkley-Cook,4,1.04788139970724e-16
28,Sean Spicer,4,0.03825177073078994
28,Ally Brooke,5,0.23476483733317174
28,Hannah Brown,5,0.23476484247107257
28,James Van Der Beek,5,0.0011276417877925278
28,Karamo Brown,5,0.012460008007073064
28,Kate Flannery,5,0.005377268778882833
28,Kel Mitchell,5,0.23476483902477677
28,Lauren Alaina,5,0.23476483427695075
28,Sailor Brinkley-Cook,5,0.0011016426001572565
28,Sean Spicer,5,0.04087408572012257
28,Ally Brooke,6,0.23487639200019825
28,Hannah Brown,6,0.23487638283028467
28,James Van Der Beek,6,2.2024211881327416e-16
28,Karamo Brown,6,0.013085487958809029
28,Kate Flannery,6,0.0056628234270439705
28,Kel Mitchell,6,0.234876384718257
28,Lauren Alaina,6,0.23487638889742343
28,Sailor Brinkley-Cook,6,1.2346525634379115e-19
28,Sean Spicer,6,0.04174614016798335
28,Ally Brooke,7,0.23639203612727983
28,Hannah Brown,7,0.23639204811266495
28,James Van Der Beek,7,1.1983144511396038e-16
28,Karamo Brown,7,0.003494211253719499
28,Kate Flannery,7,0.007140840973696925
28,Kel Mitchell,7,0.23639204830833724
28,Lauren Alaina,7,0.23639204515901283
28,Sean Spicer,7,0.04379677006528863
28,Ally Brooke,8,0.23828086876103224
28,Hannah Brown,8,0.2382808560333001
28,James Van Der Beek,8,0.00029365570424696075
28,Kate Flannery,8,1.0240289519125589e-16
28,Kel Mitchell,8,0.23828085581113162
28,Lauren Alaina,8,0.23828085751634068
28,Sean Spicer,8,0.04658290617394841
28,Ally Brooke,9,0.23997691927844728
28,Hannah Brown,9,0.23997693083240978
28,James Van Der Beek,9,0.00028303952242728276
28,Kel Mitchell,9,0.239976931196093
28,Lauren Alaina,9,0.2399769305038661
28,Sean Spicer,9,0.03980924866675654
28,Ally Brooke,10,0.24832267794550608
28,Hannah Brown,10,0.24832266976474934
28,James Van Der Beek,10,0.006709311712409766
28,Kel Mitchell,10,0.2483226702330096
28,Lauren Alaina,10,0.24832267034432529
28,Ally Brooke,11,0.2499999977295552
28,Hannah Brown,11,0.250000000715744
28,Kel Mitchell,11,0.2500000008021874
28,Lauren Alaina,11,0.2500000007525134
29,AJ McLean,1,0.0001646373419750664
29,Anne Heche,1,9.2167068201623e-05
29,Carole Baskin,1,7.125359325878233e-05
29,Charles Oakley,1,0.000141524287854223
29,Chrishell Stause,1,9.72218039562327e-05
29,Jeannie Mai,1,2.202094168685301e-06
29,Jesse Metcalfe,1,4.563495451077436e-05
29,Johnny Weir,1,3.937607323551388e-18
29,Justina Machado,1,0.24548383226570603
29,Kaitlyn Bristowe,1,0.2454838330895912
29,Monica Aldama,1,0.00013166979383709838
29,Nelly,1,0.24548383340352017
29,Nev Schulman,1,0.24548383367864984
29,Skai Jackson,1,0.01722109805785588
29,Veron Davis,1,9.725856691436327e-05
29,AJ McLean,2,0.0003326826890079386
29,Anne Heche,2,0.00019625587068970848
29,Carole Baskin,2,6.988831458505358e-05
29,Charles Oakley,2,6.008900583366384e-07
29,Chrishell Stause,2,2.590670353930309e-05
29,Jeannie Mai,2,8.470600260434992e-05
29,Jesse Metcalfe,2,3.120027504399736e-05
29,Johnny Weir,2,6.753978644234799e-05
29,Justina Machado,2,0.24543575096810705
29,Kaitlyn Bristowe,2,0.24543575100375792
29,Monica Aldama,2,3.912344358625689e-05
29,Nelly,2,0.2454357505627503
29,Nev Schulman,2,0.2454357523135074
29,Skai Jackson,2,0.017227626643853963
29,Veron Davis,2,0.00018146453246606605
29,AJ McLean,3,0.0003646116111247903
29,Anne Heche,3,3.3179998212701986e-05
29,Carole Baskin,3,5.7334890940333414e-05
29,Chrishell Stause,3,5.621718881681444e-05
29,Jeannie Mai,3,1.1162526864879115e-05
29,Jesse Metcalfe,3,3.855163757973025e-18
29,Johnny Weir,3,0.00012677383993519057
29,Justina Machado,3,0.24551880637829815
29,Kaitlyn Bristowe,3,0.24551880671489
29,Monica Aldama,3,9.82044906138701e-05
29,Nelly,3,0.2455188074182842
29,Nev Schulman,3,0.2455188046533987
29,Skai Jackson,3,0.017106652327945285
29,Veron Davis,3,7.063796067513255e-05
29,AJ McLean,4,0.00028946918998905584
29,Anne Heche,4,5.1734730361220344e-05
29,Chrishell Stause,4,3.2926855989039744e-05
29,Jeannie Mai,4,4.6778564756945424e-05
29,Jesse Metcalfe,4,4.6778564756952675e-05
29,Johnny Weir,4,8.54541673986982e-05
29,Justina Machado,4,0.2455576137438351
29,Kaitlyn Bristowe,4,0.24555761287292005
29,Monica Aldama,4,0.0001776797614497582
29,Nelly,4,0.24555761343545912
29,Nev Schulman,4,0.24555761608599558
29,Skai Jackson,4,0.017038722027088567
29,Veron Davis,4,4.352343203877018e-18
29,AJ McLean,5,0.00024942437745717916
29,Chrishell Stause,5,2.198733496204615e-05
29,Jeannie Mai,5,2.0832135597965577e-18
29,Jesse Metcalfe,5,2.7911952636397678e-05
29,Johnny Weir,5,0.00010086154991655158
29,Justina Machado,5,0.24568842186859394
29,Kaitlyn Bristowe,5,0.24568842319048736
29,Monica Aldama,5,1.2394405618926889e-18
29,Nelly,5,0.2456884231678101
29,Nev Schulman,5,0.2456884206760546
29,Skai Jackson,5,0.01678623398862784
29,Veron Davis,5,5.9891893454025756e-05
29,AJ McLean,6,0.00015248625907683119
29,Chrishell Stause,6,2.3783902221329683e-18
29,Jeannie Mai,6,3.727669706031436e-18
29,Johnny Weir,6,2.091548883835094e-18
29,Justina Machado,6,0.24577029940671213
29,Kaitlyn Bristowe,6,0.2457702997761008
29,Monica Aldama,6,1.223761417053994e-18
29,Nelly,6,0.24577029880949688
29,Nev Schulman,6,0.2457703034548564
29,Skai Jackson,6,0.016766312293757007
29,Veron Davis,6,1.276208875675757e-18
29,AJ McLean,7,3.77910223934858e-05
29,Chrishell Stause,7,2.0761403410811815e-18
29,Jeannie Mai,7,0.000245784724358249
29,Johnny Weir,7,9.41759814659123e-06
29,Justina Machado,7,0.24623279721079158
29,Kaitlyn Bristowe,7,0.2462327981366219
29,Monica Aldama,7,0.00012006732213368835
29,Nelly,7,0.24623279943250623
29,Nev Schulman,7,0.24623279597801406
29,Skai Jackson,7,0.014655748575034136
29,AJ McLean,8,0.0004366609861427901
29,Chrishell Stause,8,3.0223281393844796e-18
29,Johnny Weir,8,4.7072425059336096e-05
29,Justina Machado,8,0.24665357680285735
29,Kaitlyn Bristowe,8,0.24665357624894152
29,Nelly,8,0.24665357649484765
29,Nev Schulman,8,0.24665357906681648
29,Skai Jackson,8,0.012901957975334997
29,AJ McLean,9,0.0002909156913664278
29,Johnny Weir,9,1.9519211865303656e-05
29,Justina Machado,9,0.2471838586303144
29,Kaitlyn Bristowe,9,0.24718385900693096
29,Nelly,9,0.24718385898138961
29,Nev Schulman,9,0.24718385713566132
29,Skai Jackson,9,0.010954131342471933
29,Johnny Weir,10,2.9399162101488296e-18
29,Justina Machado,10,0.24776191810537107
29,Kaitlyn Bristowe,10,0.2477619179070077
29,Nelly,10,0.24776191760414215
29,Nev Schulman,10,0.24776191924745516
29,Skai Jackson,10,0.008952327136024058
29,Justina Machado,11,0.24999999902609085
29,Kaitlyn Bristowe,11,0.24999999994986416
29,Nelly,11,0.25000000051572185
29,Nev Schulman,11,0.25000000050832316
30,Amanda Kloots,1,0.24095339491408216
30,Brian Austin Green,1,0.010009835484972052
30,Christine Chiu,1,5.761460893175719e-05
30,Cody Rigsby,1,0.24113999538088865
30,Iman Shumpert,1,0.2422958372016539
30,Jimmie Allen,1,0.005539278807334607
30,JoJo Siwa,1,0.24095339367674368
30,Kenya Moore,1,8.624598365279764e-05
30,Martin Kove,1,3.249390553009674e-05
30,Matt James,1,0.004947123324496206
30,Melanie C,1,0.00010437692786835831
30,Melora Hardin,1,0.00011499479145771099
30,"Mike ""The Miz"" Mizanin",1,0.013280455319289217
30,Olivia Jade,1,0.00013247489108135946
30,Suni Lee,1,0.00035248478201743277
30,Amanda Kloots,2,0.24098946939557006
30,Brian Austin Green,2,0.00997678626397275
30,Christine Chiu,2,4.823888012661319e-06
30,Cody Rigsby,2,0.24119626379446737
30,Iman Shumpert,2,0.24229789121953232
30,Jimmie Allen,2,0.005564698367519641
30,JoJo Siwa,2,0.24098946813911407
30,Kenya Moore,2,8.204560242271014e-05
30,Martin Kove,2,2.3047216696545356e-05
30,Matt James,2,0.004988434217851559
30,Melanie C,2,3.130565108337386e-05
30,Melora Hardin,2,3.872417504168542e-05
30,"Mike ""The Miz"" Mizanin",2,0.01331381440379545
30,Olivia Jade,2,0.00014516356507207883
30,Suni Lee,2,0.0003580640998478335
30,Amanda Kloots,3,0.24103185389923804
30,Brian Austin Green,3,0.01004446701538615
30,Christine Chiu,3,2.7850915509094754e-18
30,Cody Rigsby,3,0.2412056385604592
30,Iman Shumpert,3,0.2423841443026274
30,Jimmie Allen,3,0.005708859631965682
30,JoJo Siwa,3,0.24103185266982377
30,Kenya Moore,3,7.684595123378755e-18
30,Matt James,3,0.00501090996840623
30,Melanie C,3,4.2547518180162674e-18
30,Melora Hardin,3,2.3110979220935074e-17
30,"Mike ""The Miz"" Mizanin",3,0.013406813230189286
30,Olivia Jade,3,6.08058061388835e-06
30,Suni Lee,3,0.00016938014129041687
30,Amanda Kloots,4,0.24143922349847377
30,Brian Austin Green,4,0.00881475496192685
30,Cody Rigsby,4,0.24164817656688922
30,Iman Shumpert,4,0.24275542337778502
30,Jimmie Allen,4,0.006111386051895542
30,JoJo Siwa,4,0.24143922224819434
30,Kenya Moore,4,1.784370101529345e-17
30,Matt James,4,0.0036062096071117957
30,Melanie C,4,5.865191479969986e-18
30,Melora Hardin,4,3.355816490142022e-18
30,"Mike ""The Miz"" Mizanin",4,0.013934250775611372
30,Olivia Jade,4,7.074409804626696e-18
30,Suni Lee,4,0.00025135291211202316
30,Amanda Kloots,5,0.2429951939055193
30,Cody Rigsby,5,0.2431760826406734
30,Iman Shumpert,5,0.2443399156173914
30,Jimmie Allen,5,0.007752626437658487
30,JoJo Siwa,5,0.24299519268352746
30,Kenya Moore,5,0.0006931452742292824
30,Melanie C,5,5.9044762912845094e-18
30,Melora Hardin,5,0.0005028040359477784
30,"Mike ""The Miz"" Mizanin",5,0.015544834229862824
30,Olivia Jade,5,0.0005365039225860642
30,Suni Lee,5,0.001463701252604003
30,Amanda Kloots,6,0.2437777188466299
30,Cody Rigsby,6,0.24397303531830078
30,Iman Shumpert,6,0.24511559903522478
30,Jimmie Allen,6,0.006980628000796356
30,JoJo Siwa,6,0.24377771758732905
30,Kenya Moore,6,0.0006182454938699575
30,Melora Hardin,6,0.00020001659988552287
30,"Mike ""The Miz"" Mizanin",6,0.013471526455196763
30,Olivia Jade,6,0.0002767561526163838
30,Suni Lee,6,0.001808756510150527
30,Amanda Kloots,7,0.24464415121361596
30,Cody Rigsby,7,0.24484547572357668
30,Iman Shumpert,7,0.24596443528028578
30,Jimmie Allen,7,0.006303968434748093
30,JoJo Siwa,7,0.2446441499832242
30,Melora Hardin,7,2.677249789442593e-05
30,"Mike ""The Miz"" Mizanin",7,0.011383584408440287
30,Olivia Jade,7,4.360612655104717e-18
30,Suni Lee,7,0.002187462458214656
30,Amanda Kloots,8,0.24676823587399807
30,Cody Rigsby,8,0.24694718927888268
30,Iman Shumpert,8,0.24810526817951406
30,Jimmie Allen,8,0.006811897029515987
30,JoJo Siwa,8,0.2467682346359026
30,Melora Hardin,8,0.0009275545094958241
30,Olivia Jade,8,0.0005554931916346337
30,Suni Lee,8,0.0031161273010562158
30,Amanda Kloots,9,0.24840468759696716
30,Cody Rigsby,9,0.2486081708009694
30,Iman Shumpert,9,0.2497355756388973
30,JoJo Siwa,9,0.24840468636141005
30,Melora Hardin,9,0.0012960805872645916
30,Suni Lee,9,0.0035507990144914587
30,Amanda Kloots,10,0.24961854576286696
30,Cody Rigsby,10,0.24980815048763766
30,Iman Shumpert,10,0.2509547592231289
30,JoJo Siwa,10,0.24961854452636653
31,Charli D'Amelio,1,0.24288350428401634
31,Cheryl Ladd,1,0.007392636275441874
31,Daniel Durant,1,0.0033332370698190097
31,Gabby Windey,1,0.24288350425912797
31,Heidi D'Amelio,1,4.301777061956453e-05
31,Jason Lewis,1,0.0001831580897043974
31,Jessie James Decker,1,0.00018667895404350787
31,Jordin Sparks,1,0.0
31,Joseph Baena,1,3.273478366041419e-07
31,Sam Champion,1,0.0020441822045138996
31,Selma Blair,1,3.323994329584602e-05
31,Shangela,1,0.24288350466433223
31,Teresa Giudice,1,1.347074294001977e-17
31,Trevor Donovan,1,3.2125554104707066e-05
31,Vinny Guadagnino,1,0.015217378758459275
31,Wayne Brady,1,0.2428835048246848
31,Charli D'Amelio,2,0.24292963226218406
31,Cheryl Ladd,2,0.007275585721371782
31,Daniel Durant,2,0.0034444195990612422
31,Gabby Windey,2,0.24292963085386207
31,Heidi D'Amelio,2,0.0
31,Jessie James Decker,2,0.00014877168607546257
31,Jordin Sparks,2,1.79596642449437e-05
31,Joseph Baena,2,1.8363167737795317e-18
31,Sam Champion,2,0.0020601595913700413
31,Selma Blair,2,2.3525536241792384e-05
31,Shangela,2,0.2429296313086153
31,Teresa Giudice,2,1.770151728922823e-18
31,Trevor Donovan,2,0.0
31,Vinny Guadagnino,2,0.015311052243517745
31,Wayne Brady,2,0.2429296315334556
31,Charli D'Amelio,3,0.24310511978563246
31,Cheryl Ladd,3,0.006029628334118809
31,Daniel Durant,3,0.003732053066260437
31,Gabby Windey,3,0.24310512082793767
31,Heidi D'Amelio,3,5.072621554818045e-18
31,Jessie James Decker,3,6.603843421197753e-18
31,Jordin Sparks,3,2.3473508520725338e-18
31,Joseph Baena,3,8.233251262720435e-18
31,Sam Champion,3,0.0023046088498299483
31,Selma Blair,3,3.6338775531933055e-05
31,Shangela,3,0.2431051211887565
31,Trevor Donovan,3,6.7303077087895096e-18
31,Vinny Guadagnino,3,0.015476887963049668
31,Wayne Brady,3,0.24310512120888267
31,Charli D'Amelio,4,0.24382854558900516
31,Daniel Durant,4,0.004483886826727499
31,Gabby Windey,4,0.24382854377969
31,Heidi D'Amelio,4,0.00017053385233346807
31,Jessie James Decker,4,0.00014360669530580258
31,Jordin Sparks,4,0.000232098190646467
31,Joseph Baena,4,8.843580600346361e-05
31,Sam Champion,4,0.002586922962081739
31,Selma Blair,4,0.0004139593985420943
31,Shangela,4,0.24382854430326326
31,Trevor Donovan,4,0.000294158458881076
31,Vinny Guadagnino,4,0.016272219568426446
31,Wayne Brady,4,0.24382854456909356
31,Charli D'Amelio,5,0.24426945740984102
31,Daniel Durant,5,0.004999776159794977
31,Gabby Windey,5,0.2442694584205242
31,Heidi D'Amelio,5,0.00016120914233570875
31,Jessie James Decker,5,9.218489923890062e-05
31,Jordin Sparks,5,0.0002046009111032797
31,Joseph Baena,5,1.4138777037551325e-18
31,Selma Blair,5,0.0004349506775599135
31,Shangela,5,0.24426945864559096
31,Trevor Donovan,5,0.0001942115035884812
31,Vinny Guadagnino,5,0.016835233412218115
31,Wayne Brady,5,0.24426945881820444
31,Charli D'Amelio,6,0.2446395032469864
31,Daniel Durant,6,0.004017418802301743
31,Gabby Windey,6,0.244639501475578
31,Heidi D'Amelio,6,2.30138940200159e-05
31,Jessie James Decker,6,2.5541643794008163e-18
31,Jordin Sparks,6,2.3557564341653153e-18
31,Shangela,6,0.24463950215383914
31,Trevor Donovan,6,4.884184228019011e-05
31,Vinny Guadagnino,6,0.017352716445571237
31,Wayne Brady,6,0.24463950213942326
31,Charli D'Amelio,7,0.24530178168676117
31,Daniel Durant,7,0.0033728064995001213
31,Gabby Windey,7,0.24530178263526833
31,Heidi D'Amelio,7,2.252946286191996e-18
31,Jordin Sparks,7,2.637718989896716e-05
31,Shangela,7,0.2453017827189558
31,Trevor Donovan,7,0.00014484071561979777
31,Vinny Guadagnino,7,0.015248845342048758
31,Wayne Brady,7,0.24530178321194704
31,Charli D'Amelio,8,0.24599261631917363
31,Daniel Durant,8,0.00281275328890412
31,Gabby Windey,8,0.24599261498726016
31,Heidi D'Amelio,8,4.7953010185715534e-18
31,Shangela,8,0.2459926157171753
31,Trevor Donovan,8,7.753405744911631e-19
31,Vinny Guadagnino,8,0.013216784252023741
31,Wayne Brady,8,0.2459926154354631
31,Charli D'Amelio,9,0.248642504502647
31,Daniel Durant,9,0.004201970945269518
31,Gabby Windey,9,0.24864250481001704
31,Shangela,9,0.24864250496264845
31,Trevor Donovan,9,0.001228009354116042
31,Wayne Brady,9,0.2486425054253019
31,Charli D'Amelio,10,0.2500000001780991
31,Gabby Windey,10,0.2499999995970908
31,Shangela,10,0.25000000009303747
31,Wayne Brady,10,0.2500000001317726
32,Adrian Peterson,1,0.006466504263719898
32,Alyson Hannigan,1,0.18077453499075077
32,Ariana Madix,1,0.1806824089523677
32,Barry Williams,1,0.01965792835293875
32,Charity Lawson,1,0.18068240834426622
32,Harry Jowsey,1,0.044745433769040964
32,Jamie Lynn Spears,1,0.0
32,Jason Mraz,1,0.18068240875018798
32,Lele Pons,1,0.0001373744887066621
32,Matt Walsh,1,0.0
32,Mauricio Umansky,1,0.02490632037318283
32,Mira Sorvino,1,0.0005822694012232036
32,Tyson Beckford,1,0.0
32,Xochitl Gomez,1,0.18068240831361482
32,Adrian Peterson,2,0.006248859617327074
32,Alyson Hannigan,2,0.18066039494749975
32,Ariana Madix,2,0.18068907433393572
32,Barry Williams,2,0.019726324141990246
32,Charity Lawson,2,0.18068907570280973
32,Harry Jowsey,2,0.04480793916243571
32,Jamie Lynn Spears,2,0.0
32,Jason Mraz,2,0.18068907565889966
32,Lele Pons,2,0.0
32,Mauricio Umansky,2,0.025156422642539093
32,Mira Sorvino,2,0.0006437573105618549
32,Tyson Beckford,2,0.0
32,Xochitl Gomez,2,0.18068907648200142
32,Adrian Peterson,3,0.004333724836234398
32,Alyson Hannigan,3,0.18136870982069753
32,Ariana Madix,3,0.18120235043055688
32,Barry Williams,3,0.02024946508835433
32,Charity Lawson,3,0.1812023480938147
32,Harry Jowsey,3,0.045526465390384234
32,Jason Mraz,3,0.18120234894211917
32,Lele Pons,3,0.0
32,Mauricio Umansky,3,0.022635141906369664
32,Mira Sorvino,3,0.0010770982214840107
32,Tyson Beckford,3,0.0
32,Xochitl Gomez,3,0.18120234726998521
32,Adrian Peterson,4,0.0020139824173810105
32,Alyson Hannigan,4,0.18174348885573993
32,Ariana Madix,4,0.18180673639076295
32,Barry Williams,4,0.020748943270442854
32,Charity Lawson,4,0.18180673875234107
32,Harry Jowsey,4,0.046146122164411274
32,Jason Mraz,4,0.18180673856818738
32,Lele Pons,4,0.0
32,Mauricio Umansky,4,0.020121565929419723
32,Mira Sorvino,4,0.0019989432704145952
32,Xochitl Gomez,4,0.1818067403808993
32,Alyson Hannigan,5,0.18264706839780623
32,Ariana Madix,5,0.18249041364030616
32,Barry Williams,5,0.020603210459549992
32,Charity Lawson,5,0.18249041106073255
32,Harry Jowsey,5,0.04684623853170437
32,Jason Mraz,5,0.18249041170672015
32,Lele Pons,5,0.0
32,Mauricio Umansky,5,0.017835165567224948
32,Mira Sorvino,5,0.0021066711585585787
32,Xochitl Gomez,5,0.18249040947739759
32,Alyson Hannigan,6,0.1833062119787019
32,Ariana Madix,6,0.183305086847606
32,Barry Williams,6,0.02029196397923424
32,Charity Lawson,6,0.18330508911652205
32,Harry Jowsey,6,0.04754788883604534
32,Jason Mraz,6,0.1833050891011672
32,Lele Pons,6,0.0
32,Mauricio Umansky,6,0.01563357888606291
32,Xochitl Gomez,6,0.18330509125466057
32,Alyson Hannigan,7,0.18578205181314877
32,Ariana Madix,7,0.18571794510565892
32,Barry Williams,7,0.02119283251970854
32,Charity Lawson,7,0.1857179428056389
32,Harry Jowsey,7,0.0501533434230616
32,Jason Mraz,7,0.1857179433517009
32,Lele Pons,7,5.269941212795738e-18
32,Xochitl Gomez,7,0.18571794098108232
32,Alyson Hannigan,8,0.18753632019090719
32,Ariana Madix,8,0.18746305636464278
32,Barry Williams,8,0.010596041962392732
32,Charity Lawson,8,0.18746305804806845
32,Harry Jowsey,8,0.05201540503656303
32,Jason Mraz,8,0.18746305832690133
32,Xochitl Gomez,8,0.1874630600705245
32,Alyson Hannigan,9,0.19080391035186675
32,Ariana Madix,9,0.19077692988649528
32,Charity Lawson,9,0.19077692836731694
32,Harry Jowsey,9,0.046088375713050474
32,Jason Mraz,9,0.19077692859136333
32,Xochitl Gomez,9,0.1907769270899073
32,Alyson Hannigan,10,0.2000623486415317
32,Ariana Madix,10,0.19998441186298513
32,Charity Lawson,10,0.19998441269093745
32,Jason Mraz,10,0.19998441300281933
32,Xochitl Gomez,10,0.19998441380172644
32,Alyson Hannigan,11,0.2000358803811774
32,Ariana Madix,11,0.19999103022168627
32,Charity Lawson,11,0.1999910297326314
32,Jason Mraz,11,0.19999103006880664
32,Xochitl Gomez,11,0.1999910295956984
33,Anna Delvey,1,1.3320406151410649e-17
33,Brooks Nader,1,5.928209646918545e-05
33,Chandler Kinney,1,0.1886949470789377
33,Danny Amendola,1,0.1886949468761541
33,Dwight Howard ,1,0.01007228338865177
33,Eric Roberts,1,0.02306534257015924
33,Ilona Maher,1,0.18895796118520217
33,Jenn Tran,1,0.0
33,Joey Graziadei,1,0.18869494715239327
33,Phaedra Parks,1,0.0
33,Reginald VelJohnson,1,0.023065342570159044
33,Stephen Nedoroscik,1,0.18869494708187357
33,Tori Spelling,1,6.565740618184034e-18
33,Anna Delvey,2,6.281004017823447e-18
33,Brooks Nader,2,0.0
33,Chandler Kinney,2,0.18858210815390947
33,Danny Amendola,2,0.18858210985068002
33,Dwight Howard ,2,0.010226754220268064
33,Eric Roberts,2,0.02319855958149564
33,Ilona Maher,2,0.18904769210153952
33,Jenn Tran,2,0.0
33,Joey Graziadei,2,0.18858210758883212
33,Phaedra Parks,2,0.0
33,Reginald VelJohnson,2,0.023198559581495647
33,Stephen Nedoroscik,2,0.18858210892177962
33,Tori Spelling,2,1.2083833821961775e-17
33,Brooks Nader,3,0.0
33,Chandler Kinney,3,0.18980419177244823
33,Danny Amendola,3,0.18980418969874843
33,Dwight Howard ,3,0.01166026767546602
33,Eric Roberts,3,0.019284340793902673
33,Ilona Maher,3,0.19011012850474437
33,Jenn Tran,3,0.0001587234784742167
33,Joey Graziadei,3,0.18980419258942852
33,Phaedra Parks,3,5.067783979219303e-05
33,Reginald VelJohnson,3,0.019519096455601907
33,Stephen Nedoroscik,3,0.18980419119139347
33,Brooks Nader,4,0.001421721120302352
33,Chandler Kinney,4,0.19466896647562737
33,Danny Amendola,4,0.19466896930607525
33,Dwight Howard ,4,0.01669823154392626
33,Ilona Maher,4,0.19493618007621807
33,Jenn Tran,4,0.0042290317893773684
33,Joey Graziadei,4,0.19466896495441605
33,Phaedra Parks,4,0.00403896774281249
33,Stephen Nedoroscik,4,0.1946689669912448
33,Chandler Kinney,5,0.1953380918430904
33,Danny Amendola,5,0.19533808958146157
33,Dwight Howard ,5,0.014931808387797438
33,Ilona Maher,5,0.1957886672541308
33,Jenn Tran,5,0.004132736787688461
33,Joey Graziadei,5,0.19533809342935612
33,Phaedra Parks,5,0.003794420662158414
33,Stephen Nedoroscik,5,0.19533809205431688
33,Chandler Kinney,6,0.19644909626186807
33,Danny Amendola,6,0.19644909891413245
33,Dwight Howard ,6,0.013562000439232513
33,Ilona Maher,6,0.1967033529049275
33,Jenn Tran,6,0.003938260098923542
33,Joey Graziadei,6,0.19644909479915967
33,Stephen Nedoroscik,6,0.1964490965817563
33,Chandler Kinney,7,0.19750045237433625
33,Danny Amendola,7,0.19750045051679482
33,Dwight Howard ,7,0.01213326964041241
33,Ilona Maher,7,0.19786492223405533
33,Joey Graziadei,7,0.19750045312259934
33,Stephen Nedoroscik,7,0.19750045211180187
33,Chandler Kinney,8,0.1999329079702422
33,Danny Amendola,8,0.19993290952223897
33,Ilona Maher,8,0.20026836657286465
33,Joey Graziadei,8,0.19993290744378572
33,Stephen Nedoroscik,8,0.19993290849086853
33,Chandler Kinney,9,0.19993243931046334
33,Danny Amendola,9,0.19993243912426573
33,Ilona Maher,9,0.20027024281359412
33,Joey Graziadei,9,0.1999324393691163
33,Stephen Nedoroscik,9,0.1999324393825605
34,Alix Earle,1,0.1891065843122519
34,Andy Richter,1,0.02981372949582242
34,Baron Davis,1,4.6665739247714436e-05
34,Corey Feldman,1,0.00012324293964747536
34,Danielle Fishel,1,0.012098665892141397
34,Dylan Efron,1,0.1891061982900306
34,Elaine Hendrix,1,0.18910584182519719
34,Hilaria Baldwin,1,5.5876035349697525e-18
34,Jen Affleck,1,1.6520384576768696e-05
34,Jordan Chiles,1,0.18910666759043435
34,Lauren Jauregui,1,0.0002553786236776452
34,Robert Irwin,1,0.18910693007202536
34,Scott Hoying,1,0.012016611451383403
34,Whitney Leavitt,1,9.69633835637117e-05
34,Alix Earle,2,0.18909811153739822
34,Andy Richter,2,0.029910607447891747
34,Baron Davis,2,0.0001039470343260338
34,Corey Feldman,2,8.023067292073947e-05
34,Danielle Fishel,2,0.01207689823517709
34,Dylan Efron,2,0.18909923729123543
34,Elaine Hendrix,2,0.18910027470512103
34,Hilaria Baldwin,2,3.22636164325692e-05
34,Jen Affleck,2,3.699773801836239e-05
34,Jordan Chiles,2,0.18909786734064904
34,Lauren Jauregui,2,0.00019893435068245367
34,Robert Irwin,2,0.18909710340807387
34,Scott Hoying,2,0.011998446191598058
34,Whitney Leavitt,2,6.908043047537384e-05
34,Alix Earle,3,0.18910743733035756
34,Andy Richter,3,0.030018191268813606
34,Danielle Fishel,3,0.012053496253081901
34,Dylan Efron,3,0.18910566503902798
34,Elaine Hendrix,3,0.18910403628889386
34,Hilaria Baldwin,3,2.094670738909117e-05
34,Jen Affleck,3,1.6933118595270752e-05
34,Jordan Chiles,3,0.1891078261156293
34,Lauren Jauregui,3,0.0003453509673056824
34,Robert Irwin,3,0.18910902115682382
34,Scott Hoying,3,0.011966101634467182
34,Whitney Leavitt,3,4.499411961487684e-05
34,Alix Earle,4,0.18914491783337165
34,Andy Richter,4,0.030187213955658924
34,Danielle Fishel,4,0.012042052665334707
34,Dylan Efron,4,0.18914718982242404
34,Elaine Hendrix,4,0.1891492688843144
34,Hilaria Baldwin,4,5.905100402651627e-18
34,Jen Affleck,4,1.6603421043833284e-17
34,Jordan Chiles,4,0.18914441188230688
34,Robert Irwin,4,0.1891428922912548
34,Scott Hoying,4,0.012042052665334672
34,Whitney Leavitt,4,4.995657356943907e-18
34,Alix Earle,5,0.19003272049070072
34,Andy Richter,5,0.028025560262804745
34,Danielle Fishel,5,0.010656924741816258
34,Dylan Efron,5,0.19003013543071484
34,Elaine Hendrix,5,0.1900277813616132
34,Jen Affleck,5,9.251874190440294e-05
34,Jordan Chiles,5,0.1900333067762195
34,Robert Irwin,5,0.19003501739987022
34,Scott Hoying,5,0.010982699753497768
34,Whitney Leavitt,5,8.333504085835557e-05
34,Alix Earle,6,0.19091562434649334
34,Andy Richter,6,0.025909308059829217
34,Danielle Fishel,6,0.009350768054714749
34,Dylan Efron,6,0.1909183111002771
34,Elaine Hendrix,6,0.19092074407976342
34,Jen Affleck,6,0.00013325774779985482
34,Jordan Chiles,6,0.19091500308693066
34,Robert Irwin,6,0.19091324511972804
34,Scott Hoying,6,0.009934705906205637
34,Whitney Leavitt,6,8.90324982579852e-05
34,Alix Earle,7,0.19282507054760345
34,Andy Richter,7,0.024787585003954078
34,Danielle Fishel,7,0.009009404868495283
34,Dylan Efron,7,0.19282249970033177
34,Elaine Hendrix,7,0.19282018413385035
34,Jen Affleck,7,0.0010182185390533599
34,Jordan Chiles,7,0.19282567657390431
34,Robert Irwin,7,0.19282733893522291
34,Whitney Leavitt,7,0.0010640216975845989
34,Alix Earle,8,0.19373637743765962
34,Andy Richter,8,0.02259926870448869
34,Danielle Fishel,8,0.007677760493597772
34,Dylan Efron,8,0.19373862540048048
34,Elaine Hendrix,8,0.19374064007325073
34,Jordan Chiles,8,0.1937358383887767
34,Robert Irwin,8,0.19373439953240432
34,Whitney Leavitt,8,0.0010370899693417973
34,Alix Earle,9,0.19547288462938053
34,Andy Richter,9,0.02077481679694688
34,Dylan Efron,9,0.19547113856802065
34,Elaine Hendrix,9,0.19546957940116946
34,Jordan Chiles,9,0.195473309357472
34,Robert Irwin,9,0.19547441703683718
34,Whitney Leavitt,9,0.0018638542101732563
34,Alix Earle,10,0.19908455618474122
34,Dylan Efron,10,0.19908566184723347
34,Elaine Hendrix,10,0.19908664649942825
34,Jordan Chiles,10,0.1990842846655615
34,Robert Irwin,10,0.19908358701078924
34,Whitney Leavitt,10,0.004575263792246239
34,Alix Earle,11,0.200000133818341
34,Dylan Efron,11,0.19999975531253084
34,Elaine Hendrix,11,0.1999994184381637
34,Jordan Chiles,11,0.20000022731831055
34,Robert Irwin,11,0.20000046511265396
