season,celebrity_name,week,p_est
1,Evander Holyfield,1,0.041507056343059366
1,Joey McIntyre,1,0.04064009809619796
1,John O'Hurley,1,0.4589265291480392
1,Kelly Monaco,1,0.4589263164127034
1,Rachel Hunter,1,0.0
1,Trista Sutter,1,0.0
1,Evander Holyfield,2,0.041322314049586764
1,Joey McIntyre,2,0.04070530259623889
1,John O'Hurley,2,0.45898590502745173
1,Kelly Monaco,2,0.4589864783267226
1,Rachel Hunter,2,0.0
1,Trista Sutter,2,1.3577155634858134e-17
1,Evander Holyfield,3,0.0330546483358726
1,Joey McIntyre,3,0.043436781896678656
1,John O'Hurley,3,0.46175467137658427
1,Kelly Monaco,3,0.46175389839086445
1,Rachel Hunter,3,0.0
1,Joey McIntyre,4,0.054347826086956506
1,John O'Hurley,4,0.47282570680074265
1,Kelly Monaco,4,0.47282646711230075
1,Rachel Hunter,4,0.0
1,Joey McIntyre,5,0.04069937910973422
1,John O'Hurley,5,0.4796505862694515
1,Kelly Monaco,5,0.4796500346208143
1,John O'Hurley,6,0.4999999000136462
1,Kelly Monaco,6,0.5000000999863539
2,Drew Lachey,1,0.31849568598817374
2,George Hamilton,1,0.0
2,Giselle Fernandez,1,0.0
2,Jerry Rice,1,0.31849197590701794
2,Kenny Mayne,1,1.3552527156068805e-19
2,Lisa Rinna,1,0.0
2,Master P,1,0.04399192830030522
2,Stacy Keibler,1,0.3184925475932713
2,Tatum O'Neal,1,0.0005278622112318609
2,Tia Carrere,1,0.0
2,Drew Lachey,2,0.31860649594310275
2,George Hamilton,2,9.318154850942843e-05
2,Giselle Fernandez,2,0.0
2,Jerry Rice,2,0.31861727516725824
2,Lisa Rinna,2,1.85944053276635e-06
2,Master P,2,0.04399832734979887
2,Stacy Keibler,2,0.31861563182891484
2,Tatum O'Neal,2,0.0
2,Tia Carrere,2,6.722872188313472e-05
2,Drew Lachey,3,0.3186916318391642
2,George Hamilton,3,0.0
2,Giselle Fernandez,3,0.0
2,Jerry Rice,3,0.3186749139978614
2,Lisa Rinna,3,0.0
2,Master P,3,0.043956043956043966
2,Stacy Keibler,3,0.3186774102069303
2,Tia Carrere,3,0.0
2,Drew Lachey,4,0.3204977688477041
2,George Hamilton,4,0.0
2,Jerry Rice,4,0.32051839500547064
2,Lisa Rinna,4,0.0
2,Master P,4,0.038468449625580575
2,Stacy Keibler,4,0.3205153865212446
2,Tia Carrere,4,0.0
2,Drew Lachey,5,0.3278725939270728
2,George Hamilton,5,0.005446847738957159
2,Jerry Rice,5,0.3278509881818656
2,Lisa Rinna,5,0.005458736031682756
2,Stacy Keibler,5,0.3278540666151762
2,Tia Carrere,5,0.005516767505245315
2,Drew Lachey,6,0.3296449540716449
2,George Hamilton,6,0.005504964310065874
2,Jerry Rice,6,0.3296640398538634
2,Lisa Rinna,6,0.0055246696483734785
2,Stacy Keibler,6,0.32966137211605234
2,Drew Lachey,7,0.3314939470464307
2,Jerry Rice,7,0.33148080206652153
2,Lisa Rinna,7,0.005542638322277017
2,Stacy Keibler,7,0.3314826125647708
2,Drew Lachey,8,0.3333304198445239
2,Jerry Rice,8,0.3333351110844345
2,Stacy Keibler,8,0.33333446907104164
3,Emmitt Smith,1,0.4758512144023332
3,Harry Hamlin,1,0.004315775321637354
3,Jerry Springer,1,0.014264583317942406
3,Joey Lawrence,1,0.008650219086048773
3,Mario Lopez,1,0.4758512398787464
3,Monique Coleman,1,5.231990309841687e-05
3,Sara Evans,1,0.01921357764712399
3,Shanna Moakler,1,2.512570198425731e-18
3,Tucker Carlson,1,4.0733511682636004e-05
3,Vivica A. Fox,1,1.3624269753084885e-18
3,Willa Ford,1,0.0017603369313868298
3,Emmitt Smith,2,0.47582102140583804
3,Harry Hamlin,2,0.0043478260869565235
3,Jerry Springer,2,0.014281328265903675
3,Joey Lawrence,2,0.00865743292413469
3,Mario Lopez,2,0.4758209472190653
3,Monique Coleman,2,2.2950410842951818e-05
3,Sara Evans,2,0.019297680997315825
3,Shanna Moakler,2,4.674738763802357e-19
3,Vivica A. Fox,2,1.8990934949411597e-18
3,Willa Ford,2,0.0017508126899429995
3,Emmitt Smith,3,0.4761267303085905
3,Harry Hamlin,3,0.0021350811809226176
3,Jerry Springer,3,0.014736491373158335
3,Joey Lawrence,3,0.009042944430776594
3,Mario Lopez,3,0.4761268398894775
3,Monique Coleman,3,2.7285423148082513e-18
3,Sara Evans,3,0.019696831636151883
3,Vivica A. Fox,3,1.6718833942818245e-18
3,Willa Ford,3,0.002135081180922618
3,Emmitt Smith,4,0.4767978297048244
3,Jerry Springer,4,0.015476717849940676
3,Joey Lawrence,4,0.009804649723524985
3,Mario Lopez,4,0.47679769895699403
3,Monique Coleman,4,3.4353333963549668e-18
3,Sara Evans,4,0.02020202020202021
3,Vivica A. Fox,4,2.399392218066866e-18
3,Willa Ford,4,0.0009210835626957706
3,Emmitt Smith,5,0.47790048609442065
3,Jerry Springer,5,0.01657458563535913
3,Joey Lawrence,5,0.011049723756906075
3,Mario Lopez,5,0.477900618877955
3,Monique Coleman,5,2.377201399271948e-18
3,Sara Evans,5,0.016574585635359133
3,Willa Ford,5,9.706294288455924e-18
3,Emmitt Smith,6,0.48393350365426296
3,Jerry Springer,6,0.01702070224557616
3,Joey Lawrence,6,0.012312316842123614
3,Mario Lopez,6,0.4839333818839213
3,Monique Coleman,6,0.0028000953741159386
3,Emmitt Smith,7,0.4866002613103728
3,Jerry Springer,7,0.014149157884229593
3,Joey Lawrence,7,0.010262089320384051
3,Mario Lopez,7,0.4866003598261199
3,Monique Coleman,7,0.002388131658893668
3,Emmitt Smith,8,0.4921111181221501
3,Joey Lawrence,8,0.011056944057533135
3,Mario Lopez,8,0.49211104622661095
3,Monique Coleman,8,0.004720891593705936
3,Emmitt Smith,9,0.49524617523499437
3,Joey Lawrence,9,0.009507607490564604
3,Mario Lopez,9,0.495246217274441
3,Emmitt Smith,10,0.5000000072489014
3,Mario Lopez,10,0.4999999927510987
4,Apolo Anton Ohno,1,0.30933845791728226
4,Billy Ray Cyrus,1,0.025785018800141446
4,Clyde Drexler,1,0.02313168298707792
4,Heather Mills,1,0.0
4,Ian Ziering,1,0.0
4,Joey Fatone,1,0.3093380542002078
4,John Ratzenberger,1,0.018623167966955085
4,Laila Ali,1,0.30933862744454826
4,Leeza Gibbons,1,3.838126891171375e-05
4,Paulina Porizkova,1,0.0
4,Shandi Finnessey,1,0.004406609414875611
4,Apolo Anton Ohno,2,0.30938768940161027
4,Billy Ray Cyrus,2,0.025784079900598937
4,Clyde Drexler,2,0.023318625823460767
4,Heather Mills,2,0.0
4,Ian Ziering,2,0.0
4,Joey Fatone,2,0.3093888604938207
4,John Ratzenberger,2,0.018651914502561803
4,Laila Ali,2,0.3093871972248863
4,Leeza Gibbons,2,1.8935150049657323e-16
4,Paulina Porizkova,2,0.0
4,Shandi Finnessey,2,0.004081632653061236
4,Apolo Anton Ohno,3,0.3098575573056233
4,Billy Ray Cyrus,3,0.026435637014010353
4,Clyde Drexler,3,0.023703088354197786
4,Heather Mills,3,0.0
4,Ian Ziering,3,4.0657581468206416e-19
4,Joey Fatone,3,0.3098557252200628
4,John Ratzenberger,3,0.019107524103002132
4,Laila Ali,3,0.3098583107419612
4,Leeza Gibbons,3,0.00041484872345839545
4,Shandi Finnessey,3,0.0007673085376840221
4,Apolo Anton Ohno,4,0.31061741925499303
4,Billy Ray Cyrus,4,0.02735165182614511
4,Clyde Drexler,4,0.020987465963038958
4,Heather Mills,4,2.7953245856838074e-05
4,Ian Ziering,4,0.00014752975321496585
4,Joey Fatone,4,0.31061973781554925
4,John Ratzenberger,4,0.01963175639192194
4,Laila Ali,4,0.31061648574928
4,Leeza Gibbons,4,0.0
4,Apolo Anton Ohno,5,0.3111624719707374
4,Billy Ray Cyrus,5,0.02844639347622707
4,Clyde Drexler,5,0.018011913773442894
4,Heather Mills,5,1.3765359556378027e-19
4,Ian Ziering,5,2.7511630126819675e-18
4,Joey Fatone,5,0.3111598846112443
4,John Ratzenberger,5,0.020055854715974705
4,Laila Ali,5,0.31116348145237377
4,Apolo Anton Ohno,6,0.31455849543035896
4,Billy Ray Cyrus,6,0.03212313480598223
4,Heather Mills,6,0.0
4,Ian Ziering,6,0.0006703508916343094
4,Joey Fatone,6,0.3145610988330436
4,John Ratzenberger,6,0.023529411764705865
4,Laila Ali,6,0.3145575082742751
4,Apolo Anton Ohno,7,0.31715995371566164
4,Billy Ray Cyrus,7,0.0352449231529185
4,Ian Ziering,7,0.0006855117950238268
4,Joey Fatone,7,0.3171575882749977
4,John Ratzenberger,7,0.012591201470070605
4,Laila Ali,7,0.3171608215913278
4,Apolo Anton Ohno,8,0.32193685876812633
4,Billy Ray Cyrus,8,0.03156094702151715
4,Ian Ziering,8,0.0026272662779481403
4,Joey Fatone,8,0.3219387458426491
4,Laila Ali,8,0.3219361820897594
4,Apolo Anton Ohno,9,0.3305813786162869
4,Ian Ziering,9,0.008256655782751397
4,Joey Fatone,9,0.3305801604356568
4,Laila Ali,9,0.3305818051653049
4,Apolo Anton Ohno,10,0.3333332424359268
4,Joey Fatone,10,0.3333336623164
4,Laila Ali,10,0.33333309524767324
5,Albert Reed,1,5.7123901962830015e-18
5,Cameron Mathison,1,8.565197162635485e-18
5,Floyd Mayweather Jr. ,1,0.006910532766192332
5,Helio Castroneves,1,0.3155881509035113
5,Jane Seymour,1,0.008308848643709957
5,Jennie Garth,1,7.562310153086393e-18
5,Josie Maran,1,7.724940478959219e-19
5,Marie Osmond,1,0.3155918235359793
5,Mark Cuban,1,0.012378944726790722
5,Mel B,1,0.31559394794946255
5,Sabrina Bryan,1,0.0
5,Wayne Newton,1,0.025627751474353807
5,Albert Reed,2,1.3373035112985277e-17
5,Cameron Mathison,2,5.596818492863673e-18
5,Floyd Mayweather Jr. ,2,0.006977123531682227
5,Helio Castroneves,2,0.3155854966874542
5,Jane Seymour,2,0.008478608517987185
5,Jennie Garth,2,9.013225335164685e-18
5,Marie Osmond,2,0.3155748401029907
5,Mark Cuban,2,0.012605042016806732
5,Mel B,2,0.3155688051094655
5,Sabrina Bryan,2,0.0
5,Wayne Newton,2,0.025210084033613443
5,Cameron Mathison,3,0.0005533613972486323
5,Floyd Mayweather Jr. ,3,0.007986670647574799
5,Helio Castroneves,3,0.3163234404658927
5,Jane Seymour,3,0.00943151429594254
5,Jennie Garth,3,0.0003062021417089454
5,Marie Osmond,3,0.3163400297285167
5,Mark Cuban,3,0.012170771065984838
5,Mel B,3,0.31634903835432604
5,Sabrina Bryan,3,0.0
5,Wayne Newton,3,0.02053897190280492
5,Cameron Mathison,4,0.0034180348049907263
5,Floyd Mayweather Jr. ,4,0.008875470358961055
5,Helio Castroneves,4,0.3194404395369646
5,Jane Seymour,4,0.012733259556975645
5,Jennie Garth,4,0.0029728776620718
5,Marie Osmond,4,0.31941954426253716
5,Mark Cuban,4,0.013148974632465326
5,Mel B,4,0.3194088712450498
5,Sabrina Bryan,4,0.0005825279399839601
5,Cameron Mathison,5,0.004679084727995326
5,Helio Castroneves,5,0.3213341123276186
5,Jane Seymour,5,0.014519184924401839
5,Jennie Garth,5,0.004224888208751348
5,Marie Osmond,5,0.32135726943900345
5,Mark Cuban,5,0.012517248971323655
5,Mel B,5,0.321368211400906
5,Sabrina Bryan,5,0.0
5,Cameron Mathison,6,0.006526461696732413
5,Helio Castroneves,6,0.3236215258803291
5,Jane Seymour,6,0.01666666666666668
5,Jennie Garth,6,0.005998621077789382
5,Marie Osmond,6,0.3235983645161849
5,Mel B,6,0.3235883601622976
5,Sabrina Bryan,6,0.0
5,Cameron Mathison,7,0.0075229288249236284
5,Helio Castroneves,7,0.32489165301819717
5,Jane Seymour,7,0.010728057030051811
5,Jennie Garth,7,0.007024031280276354
5,Marie Osmond,7,0.3249125568623667
5,Mel B,7,0.32492077298418437
5,Cameron Mathison,8,0.005994119222079772
5,Helio Castroneves,8,0.32808288536688657
5,Jennie Garth,8,0.009796400590901066
5,Marie Osmond,8,0.3280662839606753
5,Mel B,8,0.32806031085945736
5,Helio Castroneves,9,0.33033261052417406
5,Jennie Garth,9,0.008977260035030141
5,Marie Osmond,9,0.33034327563385196
5,Mel B,9,0.33034685380694384
5,Helio Castroneves,10,0.33333618019082506
5,Marie Osmond,10,0.33333250332843434
5,Mel B,10,0.33333131648074066
6,Adam Carolla,1,0.0013071121422383353
6,Cristian de la Fuente,1,0.3272367704518911
6,Jason Taylor,1,0.3272363768602913
6,Kristi Yamaguchi,1,0.327237004190171
6,Mario,1,0.001295903071750598
6,Marissa Jaret Winokur,1,0.009974697666653116
6,Marlee Matlin,1,0.001304640385822528
6,Monica Seles,1,2.4936649967166602e-18
6,Penn Jillette,1,0.0
6,Priscilla Presley,1,9.215718466126788e-19
6,Shannon Elizabeth,1,3.088097841523445e-05
6,Steve Guttenberg,1,0.00437661425276689
6,Adam Carolla,2,0.0012499485217622318
6,Cristian de la Fuente,2,0.3273160836033064
6,Jason Taylor,2,0.32731724332835094
6,Kristi Yamaguchi,2,0.32731540827895206
6,Mario,2,0.00125000032296677
6,Marissa Jaret Winokur,2,0.01020360972608431
6,Marlee Matlin,2,0.001375503717135838
6,Monica Seles,2,0.0
6,Penn Jillette,2,0.0
6,Priscilla Presley,2,8.115191778391756e-05
6,Shannon Elizabeth,2,0.0
6,Steve Guttenberg,2,0.003891050583657592
6,Adam Carolla,3,0.0016541278490884936
6,Cristian de la Fuente,3,0.3276527460419303
6,Jason Taylor,3,0.32765089540234954
6,Kristi Yamaguchi,3,0.32765378948571616
6,Mario,3,0.0016541278490884944
6,Marissa Jaret Winokur,3,0.01042605767364989
6,Marlee Matlin,3,0.0016541278490884931
6,Priscilla Presley,3,0.0
6,Shannon Elizabeth,3,0.0
6,Steve Guttenberg,3,0.0016541278490884972
6,Adam Carolla,4,0.0013920995531259694
6,Cristian de la Fuente,4,0.32806036827412094
6,Jason Taylor,4,0.3280627804127971
6,Kristi Yamaguchi,4,0.32805906889248093
6,Mario,4,0.0013607591046784716
6,Marissa Jaret Winokur,4,0.010707943540523956
6,Marlee Matlin,4,0.001898504653268339
6,Priscilla Presley,4,0.0003062217853494463
6,Shannon Elizabeth,4,0.00015225378365489665
6,Cristian de la Fuente,5,0.32852174584559013
6,Jason Taylor,5,0.32851897011679765
6,Kristi Yamaguchi,5,0.32852316554921407
6,Mario,5,0.0010942405416008768
6,Marissa Jaret Winokur,5,0.011023948359920526
6,Marlee Matlin,5,0.0015266182686953017
6,Priscilla Presley,5,0.0005152804761003652
6,Shannon Elizabeth,5,0.00027603084208121923
6,Cristian de la Fuente,6,0.32893707678107226
6,Jason Taylor,6,0.32893996184537383
6,Kristi Yamaguchi,6,0.32893568007004
6,Mario,6,0.0005716045633359097
6,Marissa Jaret Winokur,6,0.011045649376378626
6,Marlee Matlin,6,0.0012287052560688496
6,Shannon Elizabeth,6,0.00034132210773056364
6,Cristian de la Fuente,7,0.3293319935550691
6,Jason Taylor,7,0.32932929896277674
6,Kristi Yamaguchi,7,0.32933323320910846
6,Mario,7,0.00036954163802002617
6,Marissa Jaret Winokur,7,0.011266390997005708
6,Shannon Elizabeth,7,0.00036954163802002584
6,Cristian de la Fuente,8,0.3295876041531465
6,Jason Taylor,8,0.3295898060979341
6,Kristi Yamaguchi,8,0.3295866346927396
6,Mario,8,1.0415353769346362e-18
6,Marissa Jaret Winokur,8,0.01123595505617977
6,Cristian de la Fuente,9,0.3303810603471828
6,Jason Taylor,9,0.33037961837433577
6,Kristi Yamaguchi,9,0.33038167609376445
6,Marissa Jaret Winokur,9,0.008857645184716942
6,Cristian de la Fuente,10,0.3333332360140408
6,Jason Taylor,10,0.33333373881185274
6,Kristi Yamaguchi,10,0.3333330251741065
7,Brooke Burke,1,0.3251535590462265
7,Cloris Leachman,1,0.009920634920634927
7,Cody Linley,1,0.01048109565957076
7,Jeffrey Ross,1,5.907020937773865e-19
7,Kim Kardashian,1,1.9577493591476394e-19
7,Lance Bass,1,0.32515355185318084
7,Maurice Greene,1,1.6059744679941534e-18
7,Misty May-Treanor,1,4.607859233063394e-19
7,Rocco DiSpirito,1,0.004000647386228472
7,Susan Lucci,1,1.7424081549296433e-18
7,Ted McGinley,1,0.0
7,Toni Braxton,1,0.00013688062651098041
7,Warren Sapp,1,0.32515363050764745
7,Brooke Burke,2,0.3252882280496509
7,Cloris Leachman,2,0.009049773755656118
7,Cody Linley,2,0.010560835024083854
7,Kim Kardashian,2,0.0
7,Lance Bass,2,0.3252882529541056
7,Maurice Greene,2,0.0
7,Misty May-Treanor,2,0.0
7,Rocco DiSpirito,2,0.004524886877828051
7,Susan Lucci,2,2.5249512270219713e-19
7,Toni Braxton,2,0.0
7,Warren Sapp,2,0.3252880233386756
7,Brooke Burke,3,0.3255909090299984
7,Cloris Leachman,3,0.008091676719125137
7,Cody Linley,3,0.010821909583693145
7,Lance Bass,3,0.32559086687935235
7,Maurice Greene,3,1.4064812539053083e-05
7,Rocco DiSpirito,3,0.004121612688676197
7,Susan Lucci,3,0.0
7,Toni Braxton,3,0.0001777362012398946
7,Warren Sapp,3,0.32559122408537594
7,Brooke Burke,4,0.32606481171837864
7,Cloris Leachman,4,0.007175943411302594
7,Cody Linley,4,0.011084895331395844
7,Lance Bass,4,0.3260648767394443
7,Maurice Greene,4,1.6263032587282567e-18
7,Rocco DiSpirito,4,0.003515973405308001
7,Susan Lucci,4,3.2526065174565133e-19
7,Toni Braxton,4,2.9073572380245215e-05
7,Warren Sapp,4,0.32606442582179024
7,Brooke Burke,5,0.32689046179136527
7,Cloris Leachman,5,0.0065643331407156235
7,Cody Linley,5,0.011989041217037155
7,Lance Bass,5,0.32689037875174987
7,Maurice Greene,5,0.00026696609177220826
7,Susan Lucci,5,0.0002539706288461987
7,Toni Braxton,5,0.0002539706288461984
7,Warren Sapp,5,0.3268908777496675
7,Brooke Burke,6,0.32728611568224875
7,Cloris Leachman,6,0.005755489195098012
7,Cody Linley,6,0.012386470241671266
7,Lance Bass,6,0.32728621215831605
7,Maurice Greene,6,9.631907130692971e-19
7,Susan Lucci,6,0.0
7,Warren Sapp,6,0.327285712722666
7,Brooke Burke,7,0.3286457093542889
7,Cody Linley,7,0.013605442176870736
7,Lance Bass,7,0.3286456129377803
7,Maurice Greene,7,0.0004571724111725081
7,Susan Lucci,7,0.0
7,Warren Sapp,7,0.3286460631198877
7,Brooke Burke,8,0.3294160485613532
7,Cody Linley,8,0.011351835886818661
7,Lance Bass,8,0.3294161336497724
7,Maurice Greene,8,0.00040020604076400617
7,Warren Sapp,8,0.3294157758612917
7,Brooke Burke,9,0.3302752976830096
7,Cody Linley,9,0.009173990303809157
7,Lance Bass,9,0.330275241530806
7,Warren Sapp,9,0.3302754704823753
7,Brooke Burke,10,0.3333333460211169
7,Lance Bass,10,0.33333336655824286
7,Warren Sapp,10,0.3333332874206403
8,Belinda Carlisle,1,1.3274544609222997e-18
8,Chuck Wicks,1,4.195358228741216e-05
8,David Alan Grier,1,0.0037120227731862964
8,Denise Richards,1,6.35313082129451e-06
8,Gilles Marini,1,0.31374530364805553
8,Holly Madison,1,1.582080386905837e-06
8,Lawrence Taylor,1,0.005655129308467286
8,Lil' Kim,1,2.3425404709867337e-05
8,Melissa Rycroft,1,0.3137459110455273
8,Shawn Johnson,1,0.3137454166502524
8,Steve Wozniak,1,0.023277764816469877
8,Steve-O,1,0.01525253336180272
8,Ty Murray,1,0.010792604198033089
8,Belinda Carlisle,2,1.6997709036602228e-18
8,Chuck Wicks,2,9.67865647998302e-19
8,David Alan Grier,2,0.0037735849056603774
8,Denise Richards,2,1.8875260407308266e-18
8,Gilles Marini,2,0.313767796714562
8,Holly Madison,2,7.48797786545357e-19
8,Lawrence Taylor,2,0.005611233697033835
8,Lil' Kim,2,4.391561214227171e-19
8,Melissa Rycroft,2,0.3137660241036826
8,Shawn Johnson,2,0.31376746369018266
8,Steve Wozniak,2,0.023276219773567114
8,Steve-O,2,0.015203014535420981
8,Ty Murray,2,0.010834662579890486
8,Chuck Wicks,3,1.65175353406999e-18
8,David Alan Grier,3,0.0016918465781988723
8,Denise Richards,3,9.191524949202733e-19
8,Gilles Marini,3,0.3140881718853121
8,Holly Madison,3,7.395388865299489e-19
8,Lawrence Taylor,3,0.005816065032298961
8,Lil' Kim,3,5.467844969767032e-07
8,Melissa Rycroft,3,0.3140909688054882
8,Shawn Johnson,3,0.3140886958170177
8,Steve Wozniak,3,0.023622047244094484
8,Steve-O,3,0.015420020642843917
8,Ty Murray,3,0.011181637210248861
8,Chuck Wicks,4,2.0765181085365564e-18
8,David Alan Grier,4,9.115112130031572e-19
8,Gilles Marini,4,0.31481214581751904
8,Holly Madison,4,2.226314859956626e-18
8,Lawrence Taylor,4,0.0065243312993137174
8,Lil' Kim,4,1.1176416270572609e-18
8,Melissa Rycroft,4,0.3148085499300811
8,Shawn Johnson,4,0.3148114695315886
8,Steve Wozniak,4,0.021198930658999086
8,Steve-O,4,0.015969387640405362
8,Ty Murray,4,0.011875185122093105
8,Chuck Wicks,5,0.001560218128914738
8,David Alan Grier,5,6.393596473654264e-20
8,Gilles Marini,5,0.317942401552088
8,Lawrence Taylor,5,0.009523809523809532
8,Lil' Kim,5,0.0010583393938042092
8,Melissa Rycroft,5,0.31794650820182074
8,Shawn Johnson,5,0.31794317344773115
8,Steve-O,5,0.019047619047619053
8,Ty Murray,5,0.014977930704212562
8,Chuck Wicks,6,0.001197361172023191
8,Gilles Marini,6,0.3191105601142203
8,Lawrence Taylor,6,0.008458268384744063
8,Lil' Kim,6,5.232714591235741e-05
8,Melissa Rycroft,6,0.3191062751597983
8,Shawn Johnson,6,0.31910975174405104
8,Steve-O,6,0.016925879494135012
8,Ty Murray,6,0.016039576785115753
8,Chuck Wicks,7,0.0030636682372469064
8,Gilles Marini,7,0.3223727731680516
8,Lawrence Taylor,7,0.009526669990426298
8,Lil' Kim,7,0.0010739348266501404
8,Melissa Rycroft,7,0.3223768903580587
8,Shawn Johnson,7,0.32237354963100256
8,Ty Murray,7,0.019212513788563722
8,Chuck Wicks,8,0.003920923802185951
8,Gilles Marini,8,0.32457776967094176
8,Lil' Kim,8,0.0010153977353349836
8,Melissa Rycroft,8,0.32457415606682194
8,Shawn Johnson,8,0.3245770857284368
8,Ty Murray,8,0.021334666996278482
8,Gilles Marini,9,0.32584158045878775
8,Lil' Kim,9,9.69560116871597e-20
8,Melissa Rycroft,9,0.3258443966975649
8,Shawn Johnson,9,0.32584211273128794
8,Ty Murray,9,0.022471910112359546
8,Gilles Marini,10,0.32732473851572574
8,Melissa Rycroft,10,0.32732295118335875
8,Shawn Johnson,10,0.32732439915705014
8,Ty Murray,10,0.01802791114386543
8,Gilles Marini,11,0.3333330905713342
8,Melissa Rycroft,11,0.3333337034791425
8,Shawn Johnson,11,0.3333332059495234
9,Aaron Carter,1,2.236166980751353e-18
9,Ashley Hamiliton,1,0.0
9,Chuck Liddell,1,0.0
9,Debi Mazar,1,4.172543418580617e-05
9,Donny Osmond,1,0.32564684634162755
9,Joanna Krupa,1,0.00042094578565680355
9,Kathy Ireland,1,3.563656980196683e-05
9,Kelly Osbourne,1,0.3256472011613754
9,Louie Vito,1,0.0028656786128940038
9,Macy Gray,1,0.0
9,Mark Dacascos,1,0.0
9,Melissa Joan Hart,1,0.00015233077411066755
9,Michael Irvin,1,0.011620568447953533
9,Mya,1,0.3256471493390629
9,Natalie Coughlin,1,6.774912296928553e-06
9,Tom DeLay,1,0.007915142621034444
9,Aaron Carter,2,4.883283288412483e-19
9,Chuck Liddell,2,3.078561430180707e-05
9,Debi Mazar,2,0.0
9,Donny Osmond,2,0.3258125189633973
9,Joanna Krupa,2,0.0001449659443842528
9,Kathy Ireland,2,4.415254238368067e-05
9,Kelly Osbourne,2,0.32581149100382817
9,Louie Vito,2,0.0028570564763431908
9,Mark Dacascos,2,5.03521382473279e-19
9,Melissa Joan Hart,2,0.0001564884623462527
9,Michael Irvin,2,0.01175139838540949
9,Mya,2,0.3258116457951934
9,Natalie Coughlin,2,0.0
9,Tom DeLay,2,0.007579496812412538
9,Aaron Carter,3,0.0
9,Chuck Liddell,3,0.0
9,Debi Mazar,3,2.458346695473472e-18
9,Donny Osmond,3,0.32604465808836425
9,Joanna Krupa,3,1.1926223897340549e-18
9,Kelly Osbourne,3,0.32604625993896935
9,Louie Vito,3,0.0024832187932100572
9,Mark Dacascos,3,0.0
9,Melissa Joan Hart,3,0.0
9,Michael Irvin,3,0.011627906976744193
9,Mya,3,0.326046018218216
9,Natalie Coughlin,3,5.047512817784945e-19
9,Tom DeLay,3,0.007751937984496132
9,Aaron Carter,4,0.0002898126664106831
9,Chuck Liddell,4,0.0
9,Donny Osmond,4,0.3272442420194585
9,Joanna Krupa,4,0.0006591390634825762
9,Kelly Osbourne,4,0.32724222547190324
9,Louie Vito,4,0.004132231404958676
9,Mark Dacascos,4,0.0006349462053665694
9,Melissa Joan Hart,4,0.0005300719000902231
9,Michael Irvin,4,0.011141981568789388
9,Mya,4,0.32724253744989645
9,Natalie Coughlin,4,0.0008828122496436826
9,Aaron Carter,5,1.8973538018496328e-19
9,Donny Osmond,5,0.32787729806225935
9,Joanna Krupa,5,0.0013314392387066695
9,Kelly Osbourne,5,0.32787953270854064
9,Louie Vito,5,0.003300964025551567
9,Mark Dacascos,5,2.28831278277342e-05
9,Melissa Joan Hart,5,0.0
9,Michael Irvin,5,0.011084685712809662
9,Mya,5,0.32787918101565816
9,Natalie Coughlin,5,0.0006240161086463144
9,Aaron Carter,6,8.402566836762659e-19
9,Donny Osmond,6,0.3284340542920144
9,Joanna Krupa,6,0.0014469490774122553
9,Kelly Osbourne,6,0.3284318229096446
9,Louie Vito,6,0.0025437808860254677
9,Mark Dacascos,6,0.0003764845589584063
9,Melissa Joan Hart,6,9.783884513527468e-05
9,Michael Irvin,6,0.01023688443907623
9,Mya,6,0.3284321849917334
9,Aaron Carter,7,0.00032763985502410323
9,Donny Osmond,7,0.3296455612370919
9,Joanna Krupa,7,0.0017411279610019402
9,Kelly Osbourne,7,0.3296475725675231
9,Mark Dacascos,7,1.6618786425129373e-18
9,Michael Irvin,7,0.008990859115314767
9,Mya,7,0.3296472392640441
9,Aaron Carter,8,0.001968979548814247
9,Donny Osmond,8,0.3318017904035902
9,Joanna Krupa,8,0.002628564213961061
9,Kelly Osbourne,8,0.3318001969845205
9,Mya,8,0.331800468849114
9,Donny Osmond,9,0.33247581213473637
9,Joanna Krupa,9,0.0025706942286555325
9,Kelly Osbourne,9,0.33247683490725427
9,Mya,9,0.33247665872935384
9,Donny Osmond,10,0.3333335469631764
9,Kelly Osbourne,10,0.33333319538608286
9,Mya,10,0.3333332576507407
10,Aiden Turner,1,0.004451011236369204
10,Buzz Aldrin,1,0.03655810424990768
10,Chad Ochocinco,1,0.018327201532159682
10,Erin Andrews,1,0.3060418109420248
10,Evan Lysacek,1,0.30604182011135433
10,Jake Pavelka,1,0.0
10,Kate Gosselin,1,0.022511303615414712
10,Nicole Scherzinger,1,0.30604181794875895
10,Niecy Nash,1,1.5585406229479126e-19
10,Pamela Anderson,1,2.693036401058028e-05
10,Shannen Doherty,1,0.0
10,Aiden Turner,2,0.004545454545454548
10,Buzz Aldrin,2,0.036363636363636376
10,Chad Ochocinco,2,0.018181818181818188
10,Erin Andrews,2,0.3060606209411447
10,Evan Lysacek,2,0.3060605952712898
10,Jake Pavelka,2,5.994191381461066e-18
10,Kate Gosselin,2,0.02272727272727274
10,Nicole Scherzinger,2,0.30606060196938367
10,Niecy Nash,2,0.0
10,Pamela Anderson,2,1.820013017391874e-18
10,Shannen Doherty,2,0.0
10,Aiden Turner,3,0.004036163141278421
10,Buzz Aldrin,3,0.03179450872343314
10,Chad Ochocinco,3,0.01608514591597485
10,Erin Andrews,3,0.30843543565297327
10,Evan Lysacek,3,0.308435476546821
10,Jake Pavelka,3,9.068149510858351e-18
10,Kate Gosselin,3,0.02194229197466466
10,Nicole Scherzinger,3,0.3084354666967537
10,Niecy Nash,3,0.0008355113481008271
10,Pamela Anderson,3,2.8733560010871678e-18
10,Aiden Turner,4,0.006892134400315415
10,Chad Ochocinco,4,0.017414830932596617
10,Erin Andrews,4,0.314097324323527
10,Evan Lysacek,4,0.31409727295186274
10,Jake Pavelka,4,0.003207141756941736
10,Kate Gosselin,4,0.02284023394149278
10,Nicole Scherzinger,4,0.314097285386009
10,Niecy Nash,4,0.004775567534373296
10,Pamela Anderson,4,0.0025782087728814878
10,Chad Ochocinco,5,0.016043235441043253
10,Erin Andrews,5,0.31706736398582974
10,Evan Lysacek,5,0.3170674219741847
10,Jake Pavelka,5,0.003583047719647241
10,Kate Gosselin,5,0.021081641471258853
10,Nicole Scherzinger,5,0.31706740893043783
10,Niecy Nash,5,0.005763021307660767
10,Pamela Anderson,5,0.0023268591699376995
10,Chad Ochocinco,6,0.016379648010216484
10,Erin Andrews,6,0.32184630313922497
10,Evan Lysacek,6,0.3218462452337804
10,Jake Pavelka,6,0.005680889998807042
10,Nicole Scherzinger,6,0.3218462580845433
10,Niecy Nash,6,0.008654001263441223
10,Pamela Anderson,6,0.003746654269986392
10,Chad Ochocinco,7,0.014608846964476552
10,Erin Andrews,7,0.3243363231008592
10,Evan Lysacek,7,0.3243363762211432
10,Nicole Scherzinger,7,0.32433636521120435
10,Niecy Nash,7,0.009406478334759667
10,Pamela Anderson,7,0.002975610167557107
10,Chad Ochocinco,8,0.01261111301101877
10,Erin Andrews,8,0.326312743306199
10,Evan Lysacek,8,0.326312701349837
10,Nicole Scherzinger,8,0.32631271013728486
10,Niecy Nash,8,0.00845073219566015
10,Chad Ochocinco,9,0.011791750079357075
10,Erin Andrews,9,0.3294027334507927
10,Evan Lysacek,9,0.32940276087343384
10,Nicole Scherzinger,9,0.32940275559641646
10,Erin Andrews,10,0.3333333387304216
10,Evan Lysacek,10,0.33333332964791945
10,Nicole Scherzinger,10,0.3333333316216591
11,Audrina Patridge,1,7.533480122023598e-05
11,Brandy,1,0.00022056298756503528
11,Bristol Palin,1,0.3134674716938778
11,David Hasselhoff,1,0.0003159007691960338
11,Florence Henderson,1,0.0005599863249324858
11,Jennifer Grey,1,0.31346745915896
11,Kurt Warner,1,0.04745195278810966
11,Kyle Massey,1,0.31346743562359086
11,Margaret Cho,1,0.0007155755898162718
11,Michael Bolton,1,0.000655844749554997
11,Rick Fox,1,0.008947092339249512
11,The Situation,1,0.0006553831739270805
11,Audrina Patridge,2,0.00027287585732247506
11,Brandy,2,0.00019044592897977033
11,Bristol Palin,2,0.3135341600199432
11,Florence Henderson,2,0.0005879318340335125
11,Jennifer Grey,2,0.3135341953571847
11,Kurt Warner,2,0.04753883262390091
11,Kyle Massey,2,0.3135342648578469
11,Margaret Cho,2,0.0006343008509823398
11,Michael Bolton,2,0.0005386980340825448
11,Rick Fox,2,0.009033646272549408
11,The Situation,2,0.0006006483631742559
11,Audrina Patridge,3,0.00024746459886665145
11,Brandy,3,0.00013420091917370537
11,Bristol Palin,3,0.3136142312635783
11,Florence Henderson,3,0.0005765098249599984
11,Jennifer Grey,3,0.3136141753166764
11,Kurt Warner,3,0.047683147562024714
11,Kyle Massey,3,0.3136140682247923
11,Margaret Cho,3,0.0007411411039274026
11,Rick Fox,3,0.009133388124259971
11,The Situation,3,0.0006416730617406156
11,Audrina Patridge,4,0.0002573767188830669
11,Brandy,4,0.00010298828698273335
11,Bristol Palin,4,0.31372401025330876
11,Florence Henderson,4,0.0006433488151157286
11,Jennifer Grey,4,0.31372408038775174
11,Kurt Warner,4,0.04785424046294429
11,Kyle Massey,4,0.3137242156970809
11,Rick Fox,4,0.009303316696959779
11,The Situation,4,0.0006664226809730264
11,Audrina Patridge,5,0.00018915586145874843
11,Brandy,5,6.991310411218286e-05
11,Bristol Palin,5,0.3138565249588605
11,Florence Henderson,5,0.000644047689233768
11,Jennifer Grey,5,0.3138564462676127
11,Kurt Warner,5,0.04804856657275708
11,Kyle Massey,5,0.3138562975123941
11,Rick Fox,5,0.009479048033570938
11,Audrina Patridge,6,1.724013641685529e-17
11,Brandy,6,0.0
11,Bristol Palin,6,0.3140099776267748
11,Jennifer Grey,6,0.3140100561761071
11,Kurt Warner,6,0.048308859015465284
11,Kyle Massey,6,0.31401020494671766
11,Rick Fox,6,0.009660902234935103
11,Brandy,7,0.00012110807595815401
11,Bristol Palin,7,0.31678816376362534
11,Jennifer Grey,7,0.31678809197538677
11,Kurt Warner,7,0.0412826223011394
11,Kyle Massey,7,0.31678795905983276
11,Rick Fox,7,0.008232054824057547
11,Brandy,8,0.001636214450740409
11,Bristol Palin,8,0.3209260903553223
11,Jennifer Grey,8,0.32092614709695727
11,Kurt Warner,8,0.03558529533623678
11,Kyle Massey,8,0.3209262527607432
11,Brandy,9,0.008459993857813913
11,Bristol Palin,9,0.33051338241654804
11,Jennifer Grey,9,0.3305133454300713
11,Kyle Massey,9,0.33051327829556676
11,Bristol Palin,10,0.3333333172152529
11,Jennifer Grey,10,0.3333333296120364
11,Kyle Massey,10,0.3333333531727107
12,Chelsea Kane,1,0.3218179963385334
12,Chris Jericho,1,6.41026723970387e-05
12,Hines Ward,1,0.3218233288194609
12,Kendra Wilkinson,1,0.014645422398361165
12,Kirstie Alley,1,0.3218203142861629
12,Mike Catherwood,1,0.00015757435736863992
12,Petra Nemcova,1,1.700215475707896e-05
12,Ralph Macchio,1,0.019304287037678357
12,Romeo,1,1.2558317187972406e-05
12,Sugar Ray Leonard,1,0.0001128281786875972
12,Wendy Williams,1,0.00022458543940482494
12,Chelsea Kane,2,0.32182967195005785
12,Chris Jericho,2,3.961052740599078e-05
12,Hines Ward,2,0.32181430867398
12,Kendra Wilkinson,2,0.01467847019880383
12,Kirstie Alley,2,0.32182306428694835
12,Mike Catherwood,2,3.512093914892231e-05
12,Petra Nemcova,2,8.48673170561579e-19
12,Ralph Macchio,2,0.01934789986092916
12,Romeo,2,4.523206449221727e-05
12,Sugar Ray Leonard,2,4.564085203091183e-05
12,Wendy Williams,2,0.0003409806462027471
12,Chelsea Kane,3,0.32181963515430695
12,Chris Jericho,3,5.96230458750193e-19
12,Hines Ward,3,0.3218432345305665
12,Kendra Wilkinson,3,0.014588766375713113
12,Kirstie Alley,3,0.32182957321118355
12,Petra Nemcova,3,6.420085964840762e-06
12,Ralph Macchio,3,0.01936700696187683
12,Romeo,3,0.00014778781946899245
12,Sugar Ray Leonard,3,4.666557208620307e-05
12,Wendy Williams,3,0.0003509102888330208
12,Chelsea Kane,4,0.3219233938389206
12,Chris Jericho,4,8.907539383737822e-19
12,Hines Ward,4,0.32189423096482
12,Kendra Wilkinson,4,0.014563106796116497
12,Kirstie Alley,4,0.3219114866242326
12,Petra Nemcova,4,1.0615478715261562e-19
12,Ralph Macchio,4,0.019416221686451504
12,Romeo,4,0.0002915600894588789
12,Sugar Ray Leonard,4,7.287046018834387e-19
12,Chelsea Kane,5,0.32277576897330246
12,Chris Jericho,5,0.00012511122434086548
12,Hines Ward,5,0.32280734772018504
12,Kendra Wilkinson,5,0.009896781113183819
12,Kirstie Alley,5,0.32278816376749847
12,Petra Nemcova,5,0.0
12,Ralph Macchio,5,0.020282121969358698
12,Romeo,5,0.0013247052321305572
12,Chelsea Kane,6,0.3237221721095619
12,Chris Jericho,6,0.0001666486587488739
12,Hines Ward,6,0.32369138297254046
12,Kendra Wilkinson,6,0.005244339205309489
12,Kirstie Alley,6,0.3237106257141862
12,Ralph Macchio,6,0.02115237004516482
12,Romeo,6,0.002312461294488221
12,Chelsea Kane,7,0.32462329569084886
12,Hines Ward,7,0.32465039314645766
12,Kendra Wilkinson,7,0.0006851649394232336
12,Kirstie Alley,7,0.32463298259805345
12,Ralph Macchio,7,0.02207047879189433
12,Romeo,7,0.003337684833322459
12,Chelsea Kane,8,0.3256504391135142
12,Hines Ward,8,0.325629393289917
12,Kirstie Alley,8,0.3256432445196458
12,Ralph Macchio,8,0.023076923076923075
12,Romeo,8,1.5655065816418014e-18
12,Chelsea Kane,9,0.32715920432339995
12,Hines Ward,9,0.3271725028622035
12,Kirstie Alley,9,0.3271635935464513
12,Ralph Macchio,9,0.018504699267945245
12,Chelsea Kane,10,0.33333533799825527
12,Hines Ward,10,0.333330794701892
12,Kirstie Alley,10,0.3333338672998528
13,Carson Kressley,1,0.013526127835274288
13,Chaz Bono,1,0.024038385325064367
13,Chynna Phillips,1,5.1234340863402295e-06
13,David Arquette,1,0.013314972236056499
13,Elisabetta Canalis,1,1.3319796562380539e-05
13,Hope Solo,1,0.008924219917468038
13,J.R. Martinez,1,0.30955304760889535
13,Kristin Cavallari,1,1.0646381373942576e-05
13,Metta World Peace (Ron),1,1.986343433269548e-05
13,Nancy Grace,1,0.011488194982434304
13,Ricki Lake,1,0.30955304808861217
13,Rob Kardashian,1,0.3095530509598397
13,Carson Kressley,2,0.013452914798206272
13,Chaz Bono,2,0.024134801652535596
13,Chynna Phillips,2,5.610894624738168e-19
13,David Arquette,2,0.013452914798206284
13,Elisabetta Canalis,2,2.218808296390838e-19
13,Hope Solo,2,0.008968609865470862
13,J.R. Martinez,2,0.30949588962693414
13,Kristin Cavallari,2,2.3496293590286e-19
13,Nancy Grace,2,0.011503107148982119
13,Ricki Lake,2,0.3094958851782299
13,Rob Kardashian,2,0.3094958769314348
13,Carson Kressley,3,0.011139494972531664
13,Chaz Bono,3,0.02531645569620253
13,Chynna Phillips,3,1.9263941875207304e-19
13,David Arquette,3,0.010282763177329913
13,Hope Solo,3,0.008214872649130496
13,J.R. Martinez,3,0.31079605416798645
13,Kristin Cavallari,3,2.1507952118205322e-19
13,Nancy Grace,3,0.012658227848101262
13,Ricki Lake,3,0.3107960593026499
13,Rob Kardashian,3,0.31079607218606775
13,Carson Kressley,4,0.00995320852945331
13,Chaz Bono,4,0.021812952511020427
13,Chynna Phillips,4,6.42112073926892e-06
13,David Arquette,4,0.008173093247103866
13,Hope Solo,4,0.008412277538929239
13,J.R. Martinez,4,0.31305345146722463
13,Nancy Grace,4,0.012481725811903488
13,Ricki Lake,4,0.31305344298537924
13,Rob Kardashian,4,0.3130534267882466
13,Carson Kressley,5,0.008957574003508832
13,Chaz Bono,5,0.018364201830884264
13,David Arquette,5,0.006095263174196111
13,Hope Solo,5,0.008616573904949082
13,J.R. Martinez,5,0.31522894931411816
13,Nancy Grace,5,0.01227950487764786
13,Ricki Lake,5,0.31522895744569346
13,Rob Kardashian,5,0.3152289754490022
13,Chaz Bono,6,0.016007121884692388
13,David Arquette,6,0.0050764249059451075
13,Hope Solo,6,0.009983025499150219
13,J.R. Martinez,6,0.31856932334120236
13,Nancy Grace,6,0.013225495723238237
13,Ricki Lake,6,0.31856931330390675
13,Rob Kardashian,6,0.31856929534186496
13,David Arquette,7,0.00499233734478809
13,Hope Solo,7,0.010894927418218521
13,J.R. Martinez,7,0.3229604859914297
13,Nancy Grace,7,0.015231245194617429
13,Ricki Lake,7,0.32296049390000153
13,Rob Kardashian,7,0.32296051015094485
13,Hope Solo,8,0.009929886100980168
13,J.R. Martinez,8,0.3255285278255376
13,Nancy Grace,8,0.013484558985102665
13,Ricki Lake,8,0.3255285199846628
13,Rob Kardashian,8,0.3255285071037167
13,Hope Solo,9,0.010646021178347953
13,J.R. Martinez,9,0.3297846542550984
13,Ricki Lake,9,0.3297846581333002
13,Rob Kardashian,9,0.3297846664332535
13,J.R. Martinez,10,0.33333333586055724
13,Ricki Lake,10,0.33333333348392835
13,Rob Kardashian,10,0.33333333065551446
14,Donald Driver,1,0.32595876747007213
14,Gavin DeGraw,1,0.0004481550443712385
14,Gladys Knight,1,0.004719437958182816
14,Jack Wagner,1,5.5101983430531765e-06
14,Jaleel White,1,8.237739618110763e-05
14,Katherine Jenkins,1,0.32595873218158067
14,Maria Menounos,1,0.007623834941256366
14,Martina Navratilova,1,0.0006084255944354502
14,Melissa Gilbert,1,0.008120374147813995
14,Roshon Fegan,1,0.00047998440419949086
14,Sherri Sheperd,1,3.564310898318532e-05
14,William Levy,1,0.3259587575545805
14,Donald Driver,2,0.32599580624799035
14,Gavin DeGraw,2,0.00041219911231585527
14,Gladys Knight,2,0.004646109283968947
14,Jack Wagner,2,0.0
14,Jaleel White,2,0.0002251750991509884
14,Katherine Jenkins,2,0.3259959082054496
14,Maria Menounos,2,0.00766777376758863
14,Martina Navratilova,2,0.0005325206641199012
14,Melissa Gilbert,2,0.00811790042468196
14,Roshon Fegan,2,0.00035506061371558175
14,Sherri Sheperd,2,5.571043388687124e-05
14,William Levy,2,0.3259958361471313
14,Donald Driver,3,0.32595698419585567
14,Gavin DeGraw,3,0.0007001574097232352
14,Gladys Knight,3,0.004546742109371514
14,Jack Wagner,3,2.462470866187218e-05
14,Jaleel White,3,0.00037701979584312174
14,Katherine Jenkins,3,0.325956825930013
14,Maria Menounos,3,0.007760215856623676
14,Melissa Gilbert,3,0.008295260695166387
14,Roshon Fegan,3,0.0002989455473841384
14,Sherri Sheperd,3,0.00012628503281496035
14,William Levy,3,0.32595693871854237
14,Donald Driver,4,0.32603293576304826
14,Gavin DeGraw,4,0.0005181919461580827
14,Gladys Knight,4,0.004384777703796467
14,Jaleel White,4,0.00025664535597980326
14,Katherine Jenkins,4,0.32603313412110185
14,Maria Menounos,4,0.007763297875363944
14,Melissa Gilbert,4,0.008704454242650381
14,Roshon Fegan,4,0.0001897462202847912
14,Sherri Sheperd,4,8.38231968898384e-05
14,William Levy,4,0.32603299357472654
14,Donald Driver,5,0.3261378706787132
14,Gavin DeGraw,5,0.0003303482882688201
14,Gladys Knight,5,0.0038593401914781334
14,Jaleel White,5,5.110256047336936e-05
14,Katherine Jenkins,5,0.32613765157903835
14,Maria Menounos,5,0.007890824104734727
14,Melissa Gilbert,5,0.009320628123461943
14,Roshon Fegan,5,0.00013442687421042014
14,William Levy,5,0.3261378075996212
14,Donald Driver,6,0.3262322843021041
14,Gladys Knight,6,0.0033660767349319755
14,Jaleel White,6,0.0
14,Katherine Jenkins,6,0.3262325025503968
14,Maria Menounos,6,0.008007631106756622
14,Melissa Gilbert,6,0.009929157525661366
14,Roshon Fegan,6,0.0
14,William Levy,6,0.3262323477801492
14,Donald Driver,7,0.32680245405279323
14,Jaleel White,7,0.0
14,Katherine Jenkins,7,0.32680225722541717
14,Maria Menounos,7,0.00857338064439601
14,Melissa Gilbert,7,0.0108991825613079
14,Roshon Fegan,7,0.00012032817585956368
14,William Levy,7,0.3268023973402262
14,Donald Driver,8,0.32737746293448994
14,Katherine Jenkins,8,0.3273776190666254
14,Maria Menounos,8,0.009174311926605503
14,Melissa Gilbert,8,0.008693097490980664
14,Roshon Fegan,8,0.0
14,William Levy,8,0.3273775085812986
14,Donald Driver,9,0.3303045766350424
14,Katherine Jenkins,9,0.3303044761857009
14,Maria Menounos,9,0.009086399306490363
14,William Levy,9,0.33030454787276636
14,Donald Driver,10,0.3333333184144444
14,Katherine Jenkins,10,0.33333335286689836
14,William Levy,10,0.3333333287186573
15,Apolo Anton Ohno,1,1.0596402748545023e-06
15,Bristol Palin,1,0.016088338506441653
15,Drew Lachey,1,4.194507154803295e-18
15,Emmitt Smith,1,0.012192743364759546
15,Gilles Marini,1,0.006688836951108093
15,Helio Castroneves,1,3.835365185167472e-18
15,Joey Fatone,1,1.7143946852427039e-18
15,Kelly Monaco,1,0.3173545175006475
15,Kirstie Alley,1,0.012965462432799894
15,Melissa Rycroft,1,0.3173545235856344
15,Pamela Anderson,1,0.0
15,Sabrina Bryan,1,1.7076184216646695e-18
15,Shawn Johnson,1,0.31735451801833414
15,Apolo Anton Ohno,2,3.9782247538744896e-18
15,Bristol Palin,2,0.01630434782608698
15,Drew Lachey,2,2.904853826734177e-18
15,Emmitt Smith,2,0.012089230780787812
15,Gilles Marini,2,0.006698230877700546
15,Helio Castroneves,2,0.0
15,Joey Fatone,2,2.1680324038703775e-18
15,Kelly Monaco,2,0.31730902516986903
15,Kirstie Alley,2,0.01298112991905715
15,Melissa Rycroft,2,0.3173090089505959
15,Sabrina Bryan,2,0.0
15,Shawn Johnson,2,0.3173090264759026
15,Apolo Anton Ohno,3,0.00016300982219261828
15,Bristol Palin,3,0.012031096859790402
15,Drew Lachey,3,3.2593827810345477e-18
15,Emmitt Smith,3,0.012694185522025858
15,Gilles Marini,3,0.007585499126774536
15,Helio Castroneves,3,8.538092108323347e-19
15,Kelly Monaco,3,0.3179578221923123
15,Kirstie Alley,3,0.013652716674687329
15,Melissa Rycroft,3,0.31795784809497196
15,Sabrina Bryan,3,3.4423418976414766e-18
15,Shawn Johnson,3,0.3179578217072451
15,Apolo Anton Ohno,4,0.0002535129684211679
15,Bristol Palin,4,0.008029562735139674
15,Emmitt Smith,4,0.01327540706093553
15,Gilles Marini,4,0.008393677177086977
15,Kelly Monaco,4,0.31859915584734777
15,Kirstie Alley,4,0.014250402548514462
15,Melissa Rycroft,4,0.3185991238730191
15,Sabrina Bryan,4,0.0
15,Shawn Johnson,4,0.3185991577895354
15,Apolo Anton Ohno,5,0.0007414376337911996
15,Emmitt Smith,5,0.014801156074036769
15,Gilles Marini,5,0.01026721074797088
15,Kelly Monaco,5,0.3201952047283554
15,Kirstie Alley,5,0.013100998002454008
15,Melissa Rycroft,5,0.32019524088918866
15,Sabrina Bryan,5,0.0005035478263172033
15,Shawn Johnson,5,0.320195204097886
15,Apolo Anton Ohno,6,3.661343543260963e-05
15,Emmitt Smith,6,0.015486725663716823
15,Gilles Marini,6,0.011061946902654872
15,Kelly Monaco,6,0.32078426682498223
15,Kirstie Alley,6,0.01106194690265489
15,Melissa Rycroft,6,0.3207842314096237
15,Sabrina Bryan,6,1.9732797367975263e-17
15,Shawn Johnson,6,0.3207842688609348
15,Apolo Anton Ohno,7,0.0010784396265692664
15,Emmitt Smith,7,0.013617299116036173
15,Gilles Marini,7,0.006604239387839902
15,Kelly Monaco,7,0.32304518158593265
15,Kirstie Alley,7,0.009564444900629134
15,Melissa Rycroft,7,0.3230452141853083
15,Shawn Johnson,7,0.32304518119768466
15,Apolo Anton Ohno,8,0.0022588639861184654
15,Emmitt Smith,8,0.011418087065404106
15,Gilles Marini,8,0.0022588639861184827
15,Kelly Monaco,8,0.3252752168955778
15,Kirstie Alley,8,0.008238558372610522
15,Melissa Rycroft,8,0.32527519147825157
15,Shawn Johnson,8,0.3252752182159191
15,Apolo Anton Ohno,9,0.001808738568192476
15,Emmitt Smith,9,0.010829669963576346
15,Kelly Monaco,9,0.3291205248276066
15,Melissa Rycroft,9,0.329120541622585
15,Shawn Johnson,9,0.32912052501803946
15,Kelly Monaco,10,0.3333333347985648
15,Melissa Rycroft,10,0.3333333294856805
15,Shawn Johnson,10,0.33333333571575463
16,Alexandra Raisman,1,0.24362623623464627
16,Andy Dick,1,6.409580554201509e-05
16,D. L. Hughley,1,0.0001418251289383272
16,Dorothy Hamill,1,0.00015153475574990584
16,Ingo Rademacher,1,0.0039591649665393375
16,Jacoby Jones,1,0.2541788790284903
16,Kellie Pickler,1,0.24890255777603068
16,Lisa Vanderpump,1,1.6263032587282567e-19
16,Sean Lowe,1,4.336808689942018e-19
16,Victor Ortiz,1,5.7560608118472256e-05
16,Wynonna Judd,1,1.5588253804981345e-05
16,Zendaya,1,0.24890255744213977
16,Alexandra Raisman,2,0.24372909624099837
16,Andy Dick,2,4.404571325722362e-19
16,D. L. Hughley,2,0.0
16,Dorothy Hamill,2,1.2197274440461925e-19
16,Ingo Rademacher,2,0.0038503666533837655
16,Jacoby Jones,2,0.2541721656490068
16,Kellie Pickler,2,0.24895063047171728
16,Lisa Vanderpump,2,1.2536087619363645e-19
16,Sean Lowe,2,1.1057144564089458e-05
16,Victor Ortiz,2,0.00021450862146472
16,Wynonna Judd,2,0.00012154524996289952
16,Zendaya,2,0.24895062996890213
16,Alexandra Raisman,3,0.24397395045892772
16,Andy Dick,3,0.0
16,D. L. Hughley,3,0.0
16,Ingo Rademacher,3,0.003904058148979987
16,Jacoby Jones,3,0.2540355686664773
16,Kellie Pickler,3,0.2490047602985903
16,Lisa Vanderpump,3,0.0
16,Sean Lowe,3,1.1384122811097797e-18
16,Victor Ortiz,3,7.690238987558248e-05
16,Wynonna Judd,3,8.131516293641283e-20
16,Zendaya,3,0.24900476003714916
16,Alexandra Raisman,4,0.24389682998693002
16,Andy Dick,4,5.121612221350007e-05
16,D. L. Hughley,4,2.176852903339401e-05
16,Ingo Rademacher,4,0.003691150275635234
16,Jacoby Jones,4,0.25418283036622125
16,Kellie Pickler,4,0.24903982943073757
16,Lisa Vanderpump,4,2.5676152316026666e-05
16,Sean Lowe,4,1.953791103508697e-05
16,Victor Ortiz,4,3.1332406236003947e-05
16,Zendaya,4,0.24903982881964193
16,Alexandra Raisman,5,0.24395252628487057
16,Andy Dick,5,5.2235403940544605e-05
16,D. L. Hughley,5,5.2235403940544334e-05
16,Ingo Rademacher,5,0.0033218545231465347
16,Jacoby Jones,5,0.2543159451758508
16,Kellie Pickler,5,0.2491342365071667
16,Sean Lowe,5,0.0
16,Victor Ortiz,5,3.6730394450231195e-05
16,Zendaya,5,0.2491342363066341
16,Alexandra Raisman,6,0.24406272834905834
16,Andy Dick,6,2.439454888092385e-19
16,Ingo Rademacher,6,0.0030824461524315656
16,Jacoby Jones,6,0.2543467588532374
16,Kellie Pickler,6,0.24920474299341863
16,Sean Lowe,6,5.749955112800272e-05
16,Victor Ortiz,6,4.108175803343867e-05
16,Zendaya,6,0.24920474234269263
16,Alexandra Raisman,7,0.2438491406987704
16,Andy Dick,7,2.710505431213761e-19
16,Ingo Rademacher,7,0.002819965039755884
16,Jacoby Jones,7,0.25474087647587385
16,Kellie Pickler,7,0.24929500899784907
16,Sean Lowe,7,5.149960319306146e-19
16,Zendaya,7,0.24929500878775077
16,Alexandra Raisman,8,0.24419234896680922
16,Ingo Rademacher,8,0.0024502896762431184
16,Jacoby Jones,8,0.2545825067511466
16,Kellie Pickler,8,0.24938742753626716
16,Sean Lowe,8,1.0299920638612292e-18
16,Zendaya,8,0.24938742706953393
16,Alexandra Raisman,9,0.2443331992469698
16,Ingo Rademacher,9,0.0020303491035145935
16,Jacoby Jones,9,0.2546516262041142
16,Kellie Pickler,9,0.24949241294733465
16,Zendaya,9,0.24949241249806672
16,Alexandra Raisman,10,0.24483685255490958
16,Jacoby Jones,10,0.2551631476913115
16,Kellie Pickler,10,0.25000000008727824
16,Zendaya,10,0.24999999966650072
17,Amber Riley,1,0.23846542069050092
17,Bill Engvall,1,0.23846542244442717
17,Bill Nye,1,0.003925153458668201
17,Brant Daugherty,1,0.004058166354465299
17,Christina Milian,1,7.280586994829613e-17
17,Corbin Bleu,1,0.23846542569116827
17,Elizabeth Berkley Lauren,1,0.0077507863500062245
17,Jack Osbourne,1,0.23846542892345451
17,Keyshawn Johnson,1,6.916920014522022e-05
17,Leah Remini,1,0.023587041604353022
17,"Nicole ""Snooki"" Polizzi",1,0.003645158672096543
17,Valerie Harper,1,0.003102826610714617
17,Amber Riley,2,0.23849947621835277
17,Bill Engvall,2,0.23849947073763664
17,Bill Nye,2,0.0037593984962404625
17,Brant Daugherty,2,0.0037908152987477166
17,Christina Milian,2,1.1369767502032742e-16
17,Corbin Bleu,2,0.23849946150913529
17,Elizabeth Berkley Lauren,2,0.007894485930541708
17,Jack Osbourne,2,0.23849945056805588
17,Keyshawn Johnson,2,4.1908512153695174e-17
17,Leah Remini,2,0.023656081493237106
17,"Nicole ""Snooki"" Polizzi",2,0.003659484054417679
17,Valerie Harper,2,0.0032418756936346293
17,Amber Riley,3,0.2385742911171376
17,Bill Engvall,3,0.2385742995975707
17,Bill Nye,3,0.0033519872659609298
17,Brant Daugherty,3,0.0036440042271884358
17,Christina Milian,3,3.0071875425217564e-17
17,Corbin Bleu,3,0.23857431412020505
17,Elizabeth Berkley Lauren,3,0.00788126843700045
17,Jack Osbourne,3,0.23857433036643874
17,Leah Remini,3,0.023944803734163234
17,"Nicole ""Snooki"" Polizzi",3,0.0035287138683738734
17,Valerie Harper,3,0.0033519872659610365
17,Amber Riley,4,0.2389984575656582
17,Bill Engvall,4,0.2389984464180876
17,Brant Daugherty,4,0.004123853434389468
17,Christina Milian,4,8.046514298907743e-17
17,Corbin Bleu,4,0.2389984280597123
17,Elizabeth Berkley Lauren,4,0.008308664183090491
17,Jack Osbourne,4,0.23899840636678585
17,Leah Remini,4,0.024713240092473693
17,"Nicole ""Snooki"" Polizzi",4,0.0038998551938410875
17,Valerie Harper,4,0.0029606486859612676
17,Amber Riley,5,0.23936167630923652
17,Bill Engvall,5,0.23936168889353304
17,Brant Daugherty,5,0.004255319148936179
17,Christina Milian,5,0.0
17,Corbin Bleu,5,0.23936170969977438
17,Elizabeth Berkley Lauren,5,0.00851063829787221
17,Jack Osbourne,5,0.23936173360809437
17,Leah Remini,5,0.025531914893617037
17,"Nicole ""Snooki"" Polizzi",5,0.004255319148936294
17,Amber Riley,6,0.24038383343019742
17,Bill Engvall,6,0.24038382005875247
17,Brant Daugherty,6,0.002766725248036279
17,Corbin Bleu,6,0.24038379879511468
17,Elizabeth Berkley Lauren,6,0.009144804268586547
17,Jack Osbourne,6,0.2403837730744012
17,Leah Remini,6,0.022807125729178063
17,"Nicole ""Snooki"" Polizzi",6,0.0037461193957333805
17,Amber Riley,7,0.24146640902285516
17,Bill Engvall,7,0.24146642174148225
17,Brant Daugherty,7,0.0012997383609615414
17,Corbin Bleu,7,0.24146644194283753
17,Elizabeth Berkley Lauren,7,0.009587618219761621
17,Jack Osbourne,7,0.24146646587253126
17,Leah Remini,7,0.020110255623520756
17,"Nicole ""Snooki"" Polizzi",7,0.003136649216049898
17,Amber Riley,8,0.24292712404072186
17,Bill Engvall,8,0.24292711266878353
17,Brant Daugherty,8,3.325248063013042e-16
17,Corbin Bleu,8,0.24292709526310183
17,Elizabeth Berkley Lauren,8,0.01041666666666645
17,Jack Osbourne,8,0.24292707358266946
17,Leah Remini,8,0.01787492777805661
17,Amber Riley,9,0.24390356671035587
17,Bill Engvall,9,0.24390357546721803
17,Corbin Bleu,9,0.2439035889728306
17,Elizabeth Berkley Lauren,9,0.009018228706648174
17,Jack Osbourne,9,0.24390360508709272
17,Leah Remini,9,0.015367435055854644
17,Amber Riley,10,0.24640602797580977
17,Bill Engvall,10,0.24640602225513453
17,Corbin Bleu,10,0.24640601386439107
17,Jack Osbourne,10,0.24640600299070567
17,Leah Remini,10,0.014375932913958984
17,Amber Riley,11,0.2499999963403822
17,Bill Engvall,11,0.24999999819346297
17,Corbin Bleu,11,0.2500000011419751
17,Jack Osbourne,11,0.2500000043241797
18,Amy Purdy,1,0.2385614941672194
18,Billy Dee Williams,1,0.024288812491046807
18,Candace Cameron Bure,1,0.2562434374611114
18,Charlie White,1,5.8236749492772806e-05
18,Cody Simpson,1,5.536051703612705e-19
18,Danica McKellar,1,0.00014206773116207168
18,Diana Nyad,1,2.0599680183224832e-06
18,Drew Carey,1,0.015406834893798191
18,James Maslow,1,0.22087955078213176
18,Meryl Davis,1,0.23856149409460306
18,NeNe Leakes,1,0.005835199890163954
18,Sean Avery,1,2.0811771252285636e-05
18,Amy Purdy,2,0.23860004758740097
18,Billy Dee Williams,2,0.02459016393442623
18,Candace Cameron Bure,2,0.25634530792120824
18,Charlie White,2,4.339751961249043e-19
18,Cody Simpson,2,2.1544658641658166e-18
18,Danica McKellar,2,3.530085278772006e-18
18,Diana Nyad,2,2.1571182376039944e-18
18,Drew Carey,2,0.01524951414424294
18,James Maslow,2,0.2208547862810515
18,Meryl Davis,2,0.2386000479192315
18,NeNe Leakes,2,0.005760132212438693
18,Sean Avery,2,1.8849427710475644e-19
18,Amy Purdy,3,0.24165627193658237
18,Candace Cameron Bure,3,0.25948060661065275
18,Charlie White,3,0.002145065539962831
18,Cody Simpson,3,0.0018573565097472942
18,Danica McKellar,3,0.0022290448481759226
18,Drew Carey,3,0.018149576078503715
18,James Maslow,3,0.223831937911975
18,Meryl Davis,3,0.24165627146496985
18,NeNe Leakes,3,0.008993869099430401
18,Amy Purdy,4,0.24204210328939071
18,Candace Cameron Bure,4,0.25980078996015304
18,Charlie White,4,0.0016351122596371267
18,Cody Simpson,4,0.0008098049746835453
18,Danica McKellar,4,0.0015381010626715375
18,Drew Carey,4,0.018353408759903423
18,James Maslow,4,0.22428341505924082
18,Meryl Davis,4,0.24204210394793232
18,NeNe Leakes,4,0.009495160686387448
18,Amy Purdy,5,0.24239592845257873
18,Candace Cameron Bure,5,0.2602192861596499
18,Charlie White,5,0.001108266438336536
18,Cody Simpson,5,1.3630483752290725e-18
18,Danica McKellar,5,0.0007444359740364549
18,Drew Carey,5,0.018633540372670815
18,James Maslow,5,0.22457257180061246
18,Meryl Davis,5,0.24239592774838345
18,NeNe Leakes,5,0.009930043053731614
18,Amy Purdy,6,0.24324452308280897
18,Candace Cameron Bure,6,0.26106967413927046
18,Charlie White,6,0.0011386865456574353
18,Danica McKellar,6,0.0005523882865880818
18,Drew Carey,6,0.014438466544178472
18,James Maslow,6,0.22541937029725306
18,Meryl Davis,6,0.24324452385084522
18,NeNe Leakes,6,0.010892367253398325
18,Amy Purdy,7,0.24589665997186633
18,Candace Cameron Bure,7,0.2637247475232811
18,Charlie White,7,0.0029425085380160934
18,Danica McKellar,7,0.002306701542292499
18,James Maslow,7,0.2280685733064243
18,Meryl Davis,7,0.2458966592973895
18,NeNe Leakes,7,0.011164149820730128
18,Amy Purdy,8,0.24806129301893512
18,Candace Cameron Bure,8,0.265907831700012
18,Charlie White,8,0.004204735644213881
18,Danica McKellar,8,0.0035500930041083272
18,James Maslow,8,0.23021475304166042
18,Meryl Davis,8,0.24806129359107024
18,Amy Purdy,9,0.24896863449093357
18,Candace Cameron Bure,9,0.2668606634443984
18,Charlie White,9,0.004125462087597723
18,James Maslow,9,0.23107660583639847
18,Meryl Davis,9,0.24896863414067186
18,Amy Purdy,10,0.2500000001083887
18,Candace Cameron Bure,10,0.26787189125122735
18,James Maslow,10,0.23212810838734724
18,Meryl Davis,10,0.2500000002530366
19,Alfonso Ribeiro,1,0.23353729478954705
19,Antonio Sabato Jr.,1,0.011361430870885104
19,Bethany Mota,1,0.23353203484788115
19,Betsey Johnson,1,0.0053763440860215075
19,Janel Parrish,1,0.23353949802068308
19,Jonathan Bennett,1,0.01508112937786896
19,Lea Thompson,1,2.5782241840460918e-05
19,Lolo Jones,1,9.766688875670195e-19
19,Michael Waltrip,1,0.011756974590007406
19,Randy Couture,1,3.675867315038635e-18
19,Sadie Robertson,1,0.23353694994157914
19,Tavis Smiley,1,2.74976098987783e-18
19,Tommy Chong,1,0.022252561233686147
19,Alfonso Ribeiro,2,0.23370539866792495
19,Antonio Sabato Jr.,2,0.011601243901516062
19,Bethany Mota,2,0.23372072439638897
19,Betsey Johnson,2,0.0036852442917054387
19,Janel Parrish,2,0.2336989960619441
19,Jonathan Bennett,2,0.015242225118455048
19,Lea Thompson,2,5.344024750230014e-05
19,Michael Waltrip,2,0.012068536605901976
19,Randy Couture,2,5.171768954598584e-05
19,Sadie Robertson,2,0.23370638563639748
19,Tavis Smiley,2,8.323648388745028e-06
19,Tommy Chong,2,0.022457763734329
19,Alfonso Ribeiro,3,0.2339388691156234
19,Antonio Sabato Jr.,3,0.011910007440185208
19,Bethany Mota,3,0.23391479862727296
19,Betsey Johnson,3,0.0018613464393755072
19,Janel Parrish,3,0.23394888197228575
19,Jonathan Bennett,3,0.015398644148706954
19,Lea Thompson,3,0.00012630919775097875
19,Michael Waltrip,3,0.012303872538005746
19,Randy Couture,3,1.0720136561022575e-05
19,Sadie Robertson,3,0.23393737761351557
19,Tommy Chong,3,0.02264917277071687
19,Alfonso Ribeiro,4,0.234179862379596
19,Antonio Sabato Jr.,4,0.012312664082039206
19,Bethany Mota,4,0.2342106263033091
19,Betsey Johnson,4,4.385046767159561e-18
19,Janel Parrish,4,0.2341671470094438
19,Jonathan Bennett,4,0.015624999999999998
19,Lea Thompson,4,4.4347680549681354e-05
19,Michael Waltrip,4,0.012517721105872829
19,Sadie Robertson,4,0.23418166517293132
19,Tommy Chong,4,0.02276096626625808
19,Alfonso Ribeiro,5,0.23512635982572747
19,Antonio Sabato Jr.,5,0.01344352756502329
19,Bethany Mota,5,0.23509149022314138
19,Janel Parrish,5,0.2351406617194449
19,Jonathan Bennett,5,0.008319821278388697
19,Lea Thompson,5,0.0004908900803451321
19,Michael Waltrip,5,0.013632085671489717
19,Sadie Robertson,5,0.235124460801403
19,Tommy Chong,5,0.0236307028350364
19,Alfonso Ribeiro,6,0.23604113835915763
19,Antonio Sabato Jr.,6,0.014596346802730802
19,Bethany Mota,6,0.23607723383046994
19,Janel Parrish,6,0.2360264630650978
19,Jonathan Bennett,6,0.0009444696696250074
19,Lea Thompson,6,0.0009444696696250126
19,Michael Waltrip,6,0.014797048709909388
19,Sadie Robertson,6,0.2360429410618975
19,Tommy Chong,6,0.02452988883148689
19,Alfonso Ribeiro,7,0.2370980402214757
19,Antonio Sabato Jr.,7,0.010197360785257252
19,Bethany Mota,7,0.23706364446365852
19,Janel Parrish,7,0.23711190086482856
19,Lea Thompson,7,0.0
19,Michael Waltrip,7,0.016000068715624753
19,Sadie Robertson,7,0.23709648101056444
19,Tommy Chong,7,0.025432503938590725
19,Alfonso Ribeiro,8,0.23934312032323835
19,Bethany Mota,8,0.2393730869720627
19,Janel Parrish,8,0.23933114734383457
19,Lea Thompson,8,4.246072431785349e-19
19,Michael Waltrip,8,0.015135730447177738
19,Sadie Robertson,8,0.23934435134667223
19,Tommy Chong,8,0.027472563567014455
19,Alfonso Ribeiro,9,0.24241025884623466
19,Bethany Mota,9,0.24238705596503368
19,Janel Parrish,9,0.24241946387816887
19,Lea Thompson,9,0.0
19,Sadie Robertson,9,0.2424093895348619
19,Tommy Chong,9,0.030373831775700938
19,Alfonso Ribeiro,10,0.2436658121902506
19,Bethany Mota,10,0.24368047548277721
19,Janel Parrish,10,0.24366002636098338
19,Sadie Robertson,10,0.2436663241074391
19,Tommy Chong,10,0.02532736185854972
19,Alfonso Ribeiro,11,0.25000080185500956
19,Bethany Mota,11,0.24999578888036872
19,Janel Parrish,11,0.25000277516700087
19,Sadie Robertson,11,0.2500006340976208
20,Charlotte McKinney,1,0.01439418678764927
20,Chris Soules,1,0.028686254115730035
20,Michael Sam,1,0.008804720297286801
20,Nastia Liukin,1,2.2193974813910124e-05
20,Noah Galloway,1,0.30263418383204416
20,Patti LaBelle,1,0.010391333372874675
20,Redfoo,1,1.4211900157703468e-05
20,Riker Lynch,1,0.3026295544857234
20,Robert Herjavec,1,0.02113783966384264
20,Rumer Willis,1,0.3026289974428296
20,Suzanne Somers,1,0.008643686628215588
20,Willow Shields,1,1.283749883222098e-05
20,Charlotte McKinney,2,0.014409221902017313
20,Chris Soules,2,0.028818443804034574
20,Michael Sam,2,0.008645533141210374
20,Nastia Liukin,2,7.575447610625183e-19
20,Noah Galloway,2,0.3026751944820824
20,Patti LaBelle,2,0.01037756177670257
20,Redfoo,2,2.952155399007523e-18
20,Riker Lynch,2,0.30268863015606245
20,Robert Herjavec,2,0.021049633367349888
20,Rumer Willis,2,0.30269024822933005
20,Suzanne Somers,2,0.008645533141210377
20,Willow Shields,2,5.277629036593193e-18
20,Charlotte McKinney,3,0.011394495246897039
20,Chris Soules,3,0.028733296701595024
20,Michael Sam,3,0.005651560989102451
20,Nastia Liukin,3,1.4818473606106631e-18
20,Noah Galloway,3,0.30393696007649723
20,Patti LaBelle,3,0.011394495246897037
20,Riker Lynch,3,0.30391603732754674
20,Robert Herjavec,3,0.022411969207235965
20,Rumer Willis,3,0.3039135099250532
20,Suzanne Somers,3,0.008647675279175301
20,Willow Shields,3,1.819477462942391e-18
20,Chris Soules,4,0.029633934693751866
20,Michael Sam,4,0.0037485370808092353
20,Nastia Liukin,4,0.0004398406737046268
20,Noah Galloway,4,0.30629276349711254
20,Patti LaBelle,4,0.011819488712638083
20,Riker Lynch,4,0.3063191237629287
20,Robert Herjavec,4,0.02493693873936579
20,Rumer Willis,4,0.3063223195382235
20,Suzanne Somers,4,0.009902383234655395
20,Willow Shields,4,0.000584670066810235
20,Chris Soules,5,0.02987846551056684
20,Nastia Liukin,5,0.00019129880557215855
20,Noah Galloway,5,0.3080099025629032
20,Patti LaBelle,5,0.011188322888140718
20,Riker Lynch,5,0.3079806896842197
20,Robert Herjavec,5,0.02678925081383536
20,Rumer Willis,5,0.30797713185603226
20,Suzanne Somers,5,0.007654753983547081
20,Willow Shields,5,0.00033018389518261066
20,Chris Soules,6,0.030643176139877056
20,Nastia Liukin,6,0.0004101746718666974
20,Noah Galloway,6,0.3100436042512638
20,Patti LaBelle,6,0.009244096933350805
20,Riker Lynch,6,0.31007281042491897
20,Robert Herjavec,6,0.029099579529541782
20,Rumer Willis,6,0.31007638337731414
20,Willow Shields,6,0.00041017467186669663
20,Chris Soules,7,0.03149606299212598
20,Nastia Liukin,7,6.0402284033067385e-18
20,Noah Galloway,7,0.31235459663632603
20,Riker Lynch,7,0.31232825707571266
20,Robert Herjavec,7,0.031496062992126
20,Rumer Willis,7,0.31232502030370934
20,Willow Shields,7,7.4026420046493e-19
20,Chris Soules,8,0.023630564524804925
20,Nastia Liukin,8,0.0012842301115095329
20,Noah Galloway,8,0.3171367551190985
20,Riker Lynch,8,0.31715765423602893
20,Robert Herjavec,8,0.02363056453592095
20,Rumer Willis,8,0.3171602314726372
20,Nastia Liukin,9,0.010462218106411719
20,Noah Galloway,9,0.3298554236504872
20,Riker Lynch,9,0.3298420086679805
20,Rumer Willis,9,0.3298403495751206
20,Noah Galloway,10,0.3333300608360218
20,Riker Lynch,10,0.333334683494885
20,Rumer Willis,10,0.3333352556690933
21,Alek Skarlatos,1,0.25002586164002205
21,Alexa PenaVega,1,0.0012189806224870284
21,Andy Grammer,1,0.00031478677866133924
21,Bindi Irwin,1,0.24015767814310868
21,Carlos PenaVega,1,0.23028949512453434
21,Chaka Khan,1,0.00017199570898721842
21,Gary Busey,1,0.007465619814176609
21,Hayes Grier,1,0.00046397243666625453
21,Kim Zolciak-Biermann,1,0.00017199570898720917
21,Nick Carter,1,0.2401576779412955
21,Paula Deen,1,5.911266923645161e-05
21,Tamar Braxton,1,0.029491994798385344
21,Victor Espinoza,1,1.0828613452018703e-05
21,Alek Skarlatos,2,0.24998708181715948
21,Alexa PenaVega,2,0.0012775573470980338
21,Andy Grammer,2,0.0002688324354452173
21,Bindi Irwin,2,0.2401881808214684
21,Carlos PenaVega,2,0.2303892803680311
21,Chaka Khan,2,0.00013454212770477118
21,Gary Busey,2,0.007393715341959336
21,Hayes Grier,2,0.0003949538238200158
21,Kim Zolciak-Biermann,2,0.00013454212770479962
21,Nick Carter,2,0.24018818067002695
21,Paula Deen,2,7.521675311630235e-05
21,Tamar Braxton,2,0.029567916366465625
21,Victor Espinoza,2,1.7288684026761814e-18
21,Alek Skarlatos,3,0.24993195926777412
21,Alexa PenaVega,3,0.0013471778730132394
21,Andy Grammer,3,0.00030716319215094473
21,Bindi Irwin,3,0.2402964882050856
21,Carlos PenaVega,3,0.2306610176588882
21,Gary Busey,3,0.006779084790720067
21,Hayes Grier,3,0.00033533259272569647
21,Nick Carter,3,0.24029648801776482
21,Paula Deen,3,0.00014396329154490773
21,Tamar Braxton,3,0.029901325110332458
21,Alek Skarlatos,4,0.24993089201737598
21,Alexa PenaVega,4,0.0014582270918451813
21,Andy Grammer,4,0.00028680028605445826
21,Bindi Irwin,4,0.2403913542385341
21,Carlos PenaVega,4,0.2308518170385623
21,Gary Busey,4,0.00609817712942614
21,Hayes Grier,4,0.0002043325214308573
21,Nick Carter,4,0.24039135414945756
21,Paula Deen,4,0.00010914828112592517
21,Tamar Braxton,4,0.030277897246187468
21,Alek Skarlatos,5,0.25056468526919357
21,Alexa PenaVega,5,0.00215077708672111
21,Andy Grammer,5,0.0007241986226767759
21,Bindi Irwin,5,0.24112534681353415
21,Carlos PenaVega,5,0.23168600898766228
21,Hayes Grier,5,0.0006362091257626638
21,Nick Carter,5,0.24112534665770022
21,Paula Deen,5,0.0006513845469008915
21,Tamar Braxton,5,0.03133604288984833
21,Alek Skarlatos,6,0.2505335839068518
21,Alexa PenaVega,6,0.0021573229498746235
21,Andy Grammer,6,0.0005318710037987071
21,Bindi Irwin,6,0.24115733332519582
21,Carlos PenaVega,6,0.23178108340751263
21,Hayes Grier,6,0.000322838284296155
21,Nick Carter,6,0.24115733331822
21,Paula Deen,6,0.0006327122584638468
21,Tamar Braxton,6,0.03172592154578641
21,Alek Skarlatos,7,0.25049705198394856
21,Alexa PenaVega,7,0.002262443438914018
21,Andy Grammer,7,0.0004417874814272197
21,Bindi Irwin,7,0.24127499452747025
21,Carlos PenaVega,7,0.23205293786533016
21,Hayes Grier,7,7.366565261061242e-19
21,Nick Carter,7,0.2412749944769427
21,Tamar Braxton,7,0.03219579022596714
21,Alek Skarlatos,8,0.2503818240589357
21,Alexa PenaVega,8,0.001111360320765132
21,Andy Grammer,8,0.0003543177582974558
21,Bindi Irwin,8,0.2414255736921521
21,Carlos PenaVega,8,0.23246932400779102
21,Nick Carter,8,0.24142557371657045
21,Tamar Braxton,8,0.032832026445488154
21,Alek Skarlatos,9,0.2505279787177452
21,Alexa PenaVega,9,3.2925928723922942e-18
21,Bindi Irwin,9,0.24164133715838168
21,Carlos PenaVega,9,0.23275469647973057
21,Nick Carter,9,0.24164133718821543
21,Tamar Braxton,9,0.033434650455927056
21,Alek Skarlatos,10,0.25889148994413724
21,Bindi Irwin,10,0.2499999997849491
21,Carlos PenaVega,10,0.24110851041586073
21,Nick Carter,10,0.249999999855053
21,Alek Skarlatos,11,0.2587788606659156
21,Bindi Irwin,11,0.2499999997647559
21,Carlos PenaVega,11,0.24122113973282988
21,Nick Carter,11,0.24999999983649865
22,Antonio Brown,1,0.013854248280621822
22,Doug Flutie,1,0.012111628959805634
22,Geraldo Rivera,1,0.0
22,Ginger Zee,1,0.3141455199667429
22,Jodie Sweetin,1,0.002779878369514659
22,Kim Fields,1,9.107361713817341e-05
22,Marla Maples,1,0.00021608668929667558
22,Mischa Barton,1,0.0
22,Nyle DiMarco,1,0.31414552724335204
22,Paige VanZant,1,0.3141455233648425
22,Von Miller,1,9.107348722969328e-05
22,Wanya Morris,1,0.028419440021455848
22,Antonio Brown,2,0.013931034642522792
22,Doug Flutie,2,0.01201520165875251
22,Geraldo Rivera,2,0.0
22,Ginger Zee,2,0.31423106681340435
22,Jodie Sweetin,2,0.0028348847814427675
22,Kim Fields,2,6.587822743296806e-05
22,Marla Maples,2,0.0
22,Mischa Barton,2,0.0
22,Nyle DiMarco,2,0.31423104315066325
22,Paige VanZant,2,0.31423105771058585
22,Von Miller,2,6.587833696851035e-05
22,Wanya Morris,2,0.028393954678227015
22,Antonio Brown,3,0.01391685863215582
22,Doug Flutie,3,0.012095840708499781
22,Ginger Zee,3,0.31421244191917996
22,Jodie Sweetin,3,0.003012241104644992
22,Kim Fields,3,0.0
22,Marla Maples,3,0.0001328424289099496
22,Mischa Barton,3,0.0
22,Nyle DiMarco,3,0.3142124766041597
22,Paige VanZant,3,0.31421245567467193
22,Von Miller,3,0.0
22,Wanya Morris,3,0.028204842927777977
22,Antonio Brown,4,0.01403559483270149
22,Doug Flutie,4,0.012539184952978047
22,Ginger Zee,4,0.3141466614049179
22,Jodie Sweetin,4,0.0031347962382445122
22,Kim Fields,4,0.0
22,Marla Maples,4,0.0
22,Nyle DiMarco,4,0.3141466160937987
22,Paige VanZant,4,0.3141466440832684
22,Von Miller,4,0.0
22,Wanya Morris,4,0.027850502394090957
22,Antonio Brown,5,0.014641685067449162
22,Doug Flutie,5,0.01130310795129537
22,Ginger Zee,5,0.3145843782145136
22,Jodie Sweetin,5,0.002193481730807641
22,Kim Fields,5,0.0
22,Nyle DiMarco,5,0.3145844268979338
22,Paige VanZant,5,0.31458439800954346
22,Von Miller,5,0.0
22,Wanya Morris,5,0.02810852212845682
22,Antonio Brown,6,0.015153821838702005
22,Doug Flutie,6,0.009635791518290382
22,Ginger Zee,6,0.31511260429501997
22,Jodie Sweetin,6,0.0017418291786762072
22,Kim Fields,6,0.0
22,Nyle DiMarco,6,0.31511255378939
22,Paige VanZant,6,0.3151125844839349
22,Von Miller,6,0.0
22,Wanya Morris,6,0.028130814895986463
22,Antonio Brown,7,0.016959706596707397
22,Ginger Zee,7,0.3169482619512638
22,Jodie Sweetin,7,0.002500436238003678
22,Kim Fields,7,0.00016398763987284063
22,Nyle DiMarco,7,0.31694830587599104
22,Paige VanZant,7,0.31694827949737037
22,Von Miller,7,0.00016398763987284063
22,Wanya Morris,7,0.029367034560918152
22,Antonio Brown,8,0.0177514792899408
22,Ginger Zee,8,0.31755425734174997
22,Jodie Sweetin,8,0.0
22,Nyle DiMarco,8,0.3175542209443837
22,Paige VanZant,8,0.31755424360735757
22,Wanya Morris,8,0.029585798816568032
22,Antonio Brown,9,0.011031031691279098
22,Ginger Zee,9,0.32203042828695344
22,Nyle DiMarco,9,0.3220304500754015
22,Paige VanZant,9,0.32203043735125225
22,Wanya Morris,9,0.022877652595113762
22,Ginger Zee,10,0.3333333373586908
22,Nyle DiMarco,10,0.3333333285487812
22,Paige VanZant,10,0.33333333409252786
23,Amber Rose,1,0.000139317896652928
23,Babyface,1,0.0
23,Calvin Johnson Jr.,1,0.24164703340395358
23,Jake T. Austin,1,5.285485590866834e-19
23,James Hinchcliffe,1,0.24164700664736571
23,Jana Kramer,1,0.24164700779682183
23,Laurie Hernandez,1,0.24164699190598035
23,Marilu Henner,1,0.011370598629278847
23,Maureen McCormick,1,0.00013144788916774887
23,Rick Perry,1,0.0056848384835776365
23,Ryan Lochte,1,0.004320719349587
23,Terra Jole,1,0.009444290905687859
23,Vanilla Ice,1,0.002320747091926286
23,Amber Rose,2,0.0
23,Babyface,2,0.00022558784893172626
23,Calvin Johnson Jr.,2,0.24165810350487985
23,Jake T. Austin,2,0.0
23,James Hinchcliffe,2,0.24165818296339822
23,Jana Kramer,2,0.2416581789803351
23,Laurie Hernandez,2,0.24165822532897457
23,Marilu Henner,2,0.011385383263429177
23,Maureen McCormick,2,0.00010064237411833825
23,Rick Perry,2,0.005681818181818171
23,Ryan Lochte,2,0.004040108323837794
23,Terra Jole,2,0.009249951547744448
23,Vanilla Ice,2,0.002683817682532659
23,Amber Rose,3,0.0
23,Babyface,3,9.430329672407766e-05
23,Calvin Johnson Jr.,3,0.24196298345419956
23,James Hinchcliffe,3,0.24196285843842663
23,Jana Kramer,3,0.2419628653231649
23,Laurie Hernandez,3,0.2419627922867566
23,Marilu Henner,3,0.011823708182248639
23,Maureen McCormick,3,0.00036828270790824997
23,Rick Perry,3,0.002929383162665837
23,Ryan Lochte,3,0.00446309644845366
23,Terra Jole,3,0.009540343536786062
23,Vanilla Ice,3,0.002929383162665835
23,Amber Rose,4,0.0005182190565528277
23,Babyface,4,0.00019083415239473845
23,Calvin Johnson Jr.,4,0.24253402391012915
23,James Hinchcliffe,4,0.2425341858824199
23,Jana Kramer,4,0.24253417545964195
23,Laurie Hernandez,4,0.2425342696277822
23,Marilu Henner,4,0.012384202488922054
23,Maureen McCormick,4,0.00047374575747581837
23,Ryan Lochte,4,0.005120448984578699
23,Terra Jole,4,0.009886863320045037
23,Vanilla Ice,4,0.0012890313600576369
23,Amber Rose,5,0.0007813086156420558
23,Calvin Johnson Jr.,5,0.24294398946819967
23,James Hinchcliffe,5,0.24294380444756158
23,Jana Kramer,5,0.2429438179740521
23,Laurie Hernandez,5,0.2429437099005879
23,Marilu Henner,5,0.013122068943402409
23,Maureen McCormick,5,0.0007877685585983796
23,Ryan Lochte,5,0.003714047460465293
23,Terra Jole,5,0.009819484631490634
23,Amber Rose,6,0.0004364514961424456
23,Calvin Johnson Jr.,6,0.24312769964838526
23,James Hinchcliffe,6,0.24312789398585657
23,Jana Kramer,6,0.24312787784434622
23,Laurie Hernandez,6,0.24312799123888482
23,Marilu Henner,6,0.014132681758448609
23,Maureen McCormick,6,0.0007763479911074341
23,Ryan Lochte,6,0.0022160785373473435
23,Terra Jole,6,0.009926977499481349
23,Calvin Johnson Jr.,7,0.24343828808259324
23,James Hinchcliffe,7,0.24343810149486156
23,Jana Kramer,7,0.2434381184869463
23,Laurie Hernandez,7,0.24343800922476588
23,Marilu Henner,7,0.014407910192760871
23,Maureen McCormick,7,0.0004943103878788411
23,Ryan Lochte,7,0.0013968045632907228
23,Terra Jole,7,0.009948457566902644
23,Calvin Johnson Jr.,8,0.24378094901770553
23,James Hinchcliffe,8,0.2437811136400456
23,Jana Kramer,8,0.24378109722901073
23,Laurie Hernandez,8,0.24378119347080354
23,Marilu Henner,8,0.014925387985460668
23,Ryan Lochte,8,0.0
23,Terra Jole,8,0.009950258656973786
23,Calvin Johnson Jr.,9,0.24460070170916734
23,James Hinchcliffe,9,0.24460057380102718
23,Jana Kramer,9,0.2446005872159773
23,Laurie Hernandez,9,0.2446005119437819
23,Marilu Henner,9,0.013092405142525049
23,Terra Jole,9,0.008505220187521284
23,Calvin Johnson Jr.,10,0.24768278787882075
23,James Hinchcliffe,10,0.24768286954368782
23,Jana Kramer,10,0.24768286062921854
23,Laurie Hernandez,10,0.2476829086750113
23,Terra Jole,10,0.009268573273261575
23,Calvin Johnson Jr.,11,0.2500000233162414
23,James Hinchcliffe,11,0.24999999575405674
23,Jana Kramer,11,0.24999999870169565
23,Laurie Hernandez,11,0.24999998222800623
24,Bonner Bolton,1,0.022690011931140407
24,Charo,1,0.0004639523200071044
24,Chris Kattan,1,5.100707831794377e-19
24,David Ross,1,0.30940350786528675
24,Erika Jayne,1,0.0015034111319291658
24,Heather Morris,1,2.4098377590028937e-18
24,Mr. T,1,0.0011571138317571685
24,Nancy Kerrigan,1,0.012718494304515156
24,Nick Viall,1,0.024182176596495242
24,Normani,1,0.30940351332201993
24,Rashad Jennings,1,0.30940351786935183
24,Simone Biles,1,0.009074300827497344
24,Bonner Bolton,2,0.022826054821689062
24,Charo,2,0.0004390678787267103
24,Chris Kattan,2,0.0002870346069033345
24,David Ross,2,0.30935680336554083
24,Erika Jayne,2,0.0013911981623307144
24,Heather Morris,2,0.00020130606827552702
24,Mr. T,2,0.0010484080776687488
24,Nancy Kerrigan,2,0.012474897171164326
24,Nick Viall,2,0.02417694995521137
24,Normani,2,0.30935679048057907
24,Rashad Jennings,2,0.30935677587126564
24,Simone Biles,2,0.009084713540644683
24,Bonner Bolton,3,0.02289003230437971
24,Charo,3,0.0005078979995878077
24,David Ross,3,0.3094230487447812
24,Erika Jayne,3,0.001390642528209679
24,Heather Morris,3,0.00023219410471607383
24,Mr. T,3,0.0009407405114503845
24,Nancy Kerrigan,3,0.012542846501908267
24,Nick Viall,3,0.024008666897410963
24,Normani,3,0.3094230707349744
24,Rashad Jennings,3,0.3094230925817348
24,Simone Biles,3,0.009217767090846646
24,Bonner Bolton,4,0.02289835273019016
24,David Ross,4,0.30965354168349407
24,Erika Jayne,4,0.0013047260665158447
24,Heather Morris,4,1.3104144634182336e-18
24,Mr. T,4,0.001082081202436757
24,Nancy Kerrigan,4,0.0125236770477223
24,Nick Viall,4,0.023981940596692945
24,Normani,4,0.3096535156673445
24,Rashad Jennings,4,0.30965348737062753
24,Simone Biles,4,0.009248677634975937
24,Bonner Bolton,5,0.023042949552527038
24,David Ross,5,0.3098769437209827
24,Erika Jayne,5,0.001262812637993284
24,Heather Morris,5,9.735815444665254e-05
24,Nancy Kerrigan,5,0.012641601190944545
24,Nick Viall,5,0.02409433236552432
24,Normani,5,0.3098769741333799
24,Rashad Jennings,5,0.3098770047898963
24,Simone Biles,5,0.00923002345430535
24,Bonner Bolton,6,0.023293983897270366
24,David Ross,6,0.3100792345894391
24,Heather Morris,6,8.641722247008089e-18
24,Nancy Kerrigan,6,0.013011152416356881
24,Nick Viall,6,0.02416356877323422
24,Normani,6,0.3100792056750019
24,Rashad Jennings,6,0.3100791743512999
24,Simone Biles,6,0.009293680297397765
24,Bonner Bolton,7,0.027103891383229183
24,David Ross,7,0.31382916447370535
24,Nancy Kerrigan,7,0.007341045533426798
24,Nick Viall,7,0.015246183873347755
24,Normani,7,0.31382919199670317
24,Rashad Jennings,7,0.31382921958893306
24,Simone Biles,7,0.008821303150654658
24,Bonner Bolton,8,0.02622049170628493
24,David Ross,8,0.3208591309625463
24,Normani,8,0.3208591104937763
24,Rashad Jennings,8,0.3208590879807805
24,Simone Biles,8,0.01120217885661201
24,David Ross,9,0.3286749280333934
24,Normani,9,0.32867494242499795
24,Rashad Jennings,9,0.32867495634030125
24,Simone Biles,9,0.013975173201307426
24,David Ross,10,0.3333333377038895
24,Normani,10,0.3333333337516974
24,Rashad Jennings,10,0.3333333285444131
25,Barbara Corcoran,1,2.526324650416985e-19
25,Debbie Gibson,1,1.4448999070903195e-18
25,Derek Fisher,1,0.005414108641537109
25,Drew Scott,1,0.24060360532498828
25,Frankie Muniz,1,0.2405963022695162
25,Jordan Fisher,1,0.24060294260082613
25,Lindsey Stirling,1,0.2406025937419555
25,Nick Lachey,1,0.007354762813077552
25,Nikki Bella,1,0.003679499370426632
25,Sasha Pieterse,1,1.0210979503198417e-05
25,Terrell Owens,1,0.0079082395873673
25,Vanessa Lachey,1,1.9348035971971172e-05
25,Victoria Arlen,1,0.013208386634830158
25,Barbara Corcoran,2,4.497789198871186e-19
25,Debbie Gibson,2,4.2033367230829754e-19
25,Derek Fisher,2,0.005484460694698351
25,Drew Scott,2,0.24062494166981643
25,Frankie Muniz,2,0.24064617726444262
25,Jordan Fisher,2,0.24062688701979068
25,Lindsey Stirling,2,0.24062790735002348
25,Nick Lachey,2,0.007297056384935869
25,Nikki Bella,2,0.003656307129798906
25,Sasha Pieterse,2,2.6291620570716643e-19
25,Terrell Owens,2,0.007860805436118539
25,Vanessa Lachey,2,1.5930645364052739e-18
25,Victoria Arlen,2,0.013175457050375027
25,Derek Fisher,3,0.004643589344291507
25,Drew Scott,3,0.24087758827097946
25,Frankie Muniz,3,0.2408443969020482
25,Jordan Fisher,3,0.24087449217792653
25,Lindsey Stirling,3,0.2408728833955331
25,Nick Lachey,3,0.007393134051151546
25,Nikki Bella,3,0.0027308312137155322
25,Sasha Pieterse,3,5.30371587698083e-06
25,Terrell Owens,3,0.008283420607563877
25,Vanessa Lachey,3,7.793191381345241e-19
25,Victoria Arlen,3,0.013474360320913386
25,Derek Fisher,4,0.0036936403767831257
25,Drew Scott,4,0.24111869106961215
25,Frankie Muniz,4,0.241160714250047
25,Jordan Fisher,4,0.24112270459170057
25,Lindsey Stirling,4,0.24112476580126482
25,Nick Lachey,4,0.0074175807653743195
25,Nikki Bella,4,0.0017849741410648485
25,Sasha Pieterse,4,3.6034764141312394e-06
25,Terrell Owens,4,0.008773906642525966
25,Vanessa Lachey,4,3.603476414130499e-06
25,Victoria Arlen,4,0.013795815408798916
25,Drew Scott,5,0.24174807646723454
25,Frankie Muniz,5,0.24170124124786568
25,Jordan Fisher,5,0.24174348318071506
25,Lindsey Stirling,5,0.2417411579760402
25,Nick Lachey,5,0.007662835249042139
25,Nikki Bella,5,0.0012774166087654284
25,Sasha Pieterse,5,5.904626378397819e-19
25,Terrell Owens,5,0.009617456033318381
25,Vanessa Lachey,5,0.00012725517004314412
25,Victoria Arlen,5,0.014381078066975415
25,Drew Scott,6,0.24202176011822368
25,Frankie Muniz,6,0.24206885455535235
25,Jordan Fisher,6,0.2420265018768287
25,Lindsey Stirling,6,0.24202886677846133
25,Nick Lachey,6,0.006832118369920852
25,Nikki Bella,6,0.00019826545840645555
25,Terrell Owens,6,0.010184301601386446
25,Vanessa Lachey,6,3.210994311643101e-20
25,Victoria Arlen,6,0.014639331241420207
25,Drew Scott,7,0.243139258467003
25,Frankie Muniz,7,0.24309655913702483
25,Jordan Fisher,7,0.24313485544417118
25,Lindsey Stirling,7,0.24313269239459023
25,Nikki Bella,7,0.0002568815900385296
25,Terrell Owens,7,0.011627906976744193
25,Vanessa Lachey,7,3.6187252223369995e-18
25,Victoria Arlen,7,0.01561184599042801
25,Drew Scott,8,0.24411596510410402
25,Frankie Muniz,8,0.24414999332860404
25,Jordan Fisher,8,0.244119542114574
25,Lindsey Stirling,8,0.24412127711978657
25,Terrell Owens,8,0.006954278898095093
25,Victoria Arlen,8,0.01653894343483632
25,Drew Scott,9,0.24626347351773178
25,Frankie Muniz,9,0.24624156234096592
25,Jordan Fisher,9,0.24626113871623326
25,Lindsey Stirling,9,0.2462600177188947
25,Victoria Arlen,9,0.014973807706174371
25,Drew Scott,10,0.24999760697625664
25,Frankie Muniz,10,0.2500051689085516
25,Jordan Fisher,10,0.2499984181463976
25,Lindsey Stirling,10,0.24999880596879423
26,Adam Rippon,1,0.32368259604248945
26,Arike Ogunbowale,1,0.0
26,Chris Mazdzer,1,0.007161540360679231
26,Jamie Anderson,1,0.0
26,Jennie Finch Daigle,1,0.01226529751370816
26,Johnny Damon,1,3.3881317890172014e-18
26,Josh Norman,1,0.3236825962987557
26,Kareem Abdul-Jabbar,1,0.009523809523809518
26,Mirai Nagasu,1,0.0
26,Tonya Harding,1,0.32368416026055796
26,Adam Rippon,2,0.3242503555403478
26,Arike Ogunbowale,2,0.0
26,Chris Mazdzer,2,0.00747663551401869
26,Jennie Finch Daigle,2,0.013084112149532695
26,Josh Norman,2,0.32425035516209233
26,Kareem Abdul-Jabbar,2,0.006691955803721794
26,Mirai Nagasu,2,0.0
26,Tonya Harding,2,0.32424658583028676
26,Adam Rippon,3,0.32779976454317566
26,Chris Mazdzer,3,0.005379843366727875
26,Jennie Finch Daigle,3,0.011217105587643678
26,Josh Norman,3,0.3277997643205772
26,Mirai Nagasu,3,5.421010862427522e-19
26,Tonya Harding,3,0.32780352218187553
26,Adam Rippon,4,0.3333338511744361
26,Josh Norman,4,0.3333338513650748
26,Tonya Harding,4,0.333332297460489
27,Alexis Ren,1,0.2262884236895593
27,Bobby Bones,1,0.22628842189965812
27,Danelle Umstead,1,0.00013272072345992837
27,DeMarcus Ware,1,0.016848973524686246
27,Evanna Lynch,1,0.22628842444912745
27,Joe Amabile,1,0.04708181210668816
27,John Schneider,1,0.021387515807028898
27,Juan Pablo Di Pace,1,0.008652668569449086
27,Mary Lou Retton,1,6.718741617564626e-05
27,Milo Manheim,1,0.226288423294712
27,Nancy McKeon,1,5.360932649241154e-05
27,Nikki Glaser,1,0.0002864567791517479
27,Tinashe,1,0.0003353624138109671
27,Alexis Ren,2,0.2262988164006167
27,Bobby Bones,2,0.22629882222991576
27,Danelle Umstead,2,0.00013864393469437835
27,DeMarcus Ware,2,0.016873715878905703
27,Evanna Lynch,2,0.22629881433407806
27,Joe Amabile,2,0.04716071151265094
27,John Schneider,2,0.02142531735835038
27,Juan Pablo Di Pace,2,0.0087419535263982
27,Mary Lou Retton,2,6.80490657577635e-05
27,Milo Manheim,2,0.22629881978273594
27,Nancy McKeon,2,8.86088455421212e-05
27,Tinashe,2,0.0003077271303540469
27,Alexis Ren,3,0.22630879681326976
27,Bobby Bones,3,0.22630878766715498
27,DeMarcus Ware,3,0.016995473000181754
27,Evanna Lynch,3,0.22630879979366827
27,Joe Amabile,3,0.04728620477405684
27,John Schneider,3,0.021442665343028113
27,Juan Pablo Di Pace,3,0.008664280652742934
27,Mary Lou Retton,3,4.6936165158636854e-05
27,Milo Manheim,3,0.226308792844164
27,Nancy McKeon,3,8.461847324022584e-05
27,Tinashe,3,0.0002446444733345854
27,Alexis Ren,4,0.2262930995638819
27,Bobby Bones,4,0.22629311195172702
27,DeMarcus Ware,4,0.017241379310344834
27,Evanna Lynch,4,0.22629309625416377
27,Joe Amabile,4,0.04741379310344828
27,John Schneider,4,0.021551724137931036
27,Juan Pablo Di Pace,4,0.008620689655172415
27,Mary Lou Retton,4,0.0
27,Milo Manheim,4,0.22629310602333086
27,Tinashe,4,6.864164860584897e-18
27,Alexis Ren,5,0.22884421672655558
27,Bobby Bones,5,0.2288442027422592
27,DeMarcus Ware,5,0.01343960983981945
27,Evanna Lynch,5,0.22884421984697706
27,Joe Amabile,5,0.04124684200714813
27,John Schneider,5,0.021684842020332214
27,Juan Pablo Di Pace,5,0.008224474495987606
27,Mary Lou Retton,5,2.738169551093094e-05
27,Milo Manheim,5,0.22884421062540986
27,Alexis Ren,6,0.2313782963506285
27,Bobby Bones,6,0.2313783107453826
27,DeMarcus Ware,6,0.009570329465882092
27,Evanna Lynch,6,0.23137829379289068
27,Joe Amabile,6,0.0352131851159835
27,John Schneider,6,0.02183406113537117
27,Juan Pablo Di Pace,6,0.007869219837452738
27,Mary Lou Retton,6,3.481886491734508e-18
27,Milo Manheim,6,0.23137830355640873
27,Alexis Ren,7,0.2351050419943151
27,Bobby Bones,7,0.23510502978545514
27,DeMarcus Ware,7,0.0070264395824589255
27,Evanna Lynch,7,0.23510504380118305
27,Joe Amabile,7,0.03046188342857254
27,John Schneider,7,0.013344612827534887
27,Juan Pablo Di Pace,7,0.008746911678109598
27,Milo Manheim,7,0.23510503690237078
27,Alexis Ren,8,0.24138859259470888
27,Bobby Bones,8,0.2413886011431554
27,Evanna Lynch,8,0.24138859152881548
27,Joe Amabile,8,0.028076896116681675
27,Juan Pablo Di Pace,8,0.006368721627616649
27,Milo Manheim,8,0.24138859698902193
27,Alexis Ren,9,0.2500000008186621
27,Bobby Bones,9,0.24999999797525485
27,Evanna Lynch,9,0.2500000011628471
27,Milo Manheim,9,0.25000000004323597
28,Ally Brooke,1,0.23778675838209049
28,Hannah Brown,1,0.23778616854330586
28,James Van Der Beek,1,1.6805133673525319e-18
28,Karamo Brown,1,0.007380147324980453
28,Kate Flannery,1,0.002047154672571791
28,Kel Mitchell,1,0.23778488148645124
28,Lamar Odom,1,0.013695800102119737
28,Lauren Alaina,1,0.23778655923138697
28,Mary Wilson,1,2.5614276324970042e-18
28,Ray Lewis,1,1.145188544687814e-18
28,Sailor Brinkley-Cook,1,2.303929616531697e-19
28,Sean Spicer,1,0.025732530257093496
28,Ally Brooke,2,0.23792747692832172
28,Hannah Brown,2,0.23792920616826363
28,James Van Der Beek,2,0.00028498838382296876
28,Karamo Brown,2,0.0068185541106373935
28,Kate Flannery,2,0.0022096660689399014
28,Kel Mitchell,2,0.2379329652460416
28,Lamar Odom,2,0.013698630136986299
28,Lauren Alaina,2,0.2379280626666837
28,Mary Wilson,2,2.087089182034596e-18
28,Ray Lewis,2,1.8092623753351855e-18
28,Sailor Brinkley-Cook,2,0.0
28,Sean Spicer,2,0.025270450290302626
28,Ally Brooke,3,0.23805784496180846
28,Hannah Brown,3,0.23805509625039037
28,James Van Der Beek,3,0.0003109336430379674
28,Karamo Brown,3,0.007084176509984226
28,Kate Flannery,3,0.0024933930239445425
28,Kel Mitchell,3,0.2380491681351234
28,Lamar Odom,3,0.012176077323832283
28,Lauren Alaina,3,0.23805690509632438
28,Sailor Brinkley-Cook,3,2.5478751053409354e-18
28,Sean Spicer,3,0.02571640505555435
28,Ally Brooke,4,0.23816099163448157
28,Hannah Brown,4,0.2381645602837597
28,James Van Der Beek,4,2.006594433985229e-18
28,Karamo Brown,4,0.007542372270966902
28,Kate Flannery,4,0.002457504201564618
28,Kel Mitchell,4,0.23817218637883253
28,Lamar Odom,4,0.011201557080752425
28,Lauren Alaina,4,0.23816222572294699
28,Sailor Brinkley-Cook,4,0.0
28,Sean Spicer,4,0.02613860242669529
28,Ally Brooke,5,0.23959866726202997
28,Hannah Brown,5,0.23959455008106292
28,James Van Der Beek,5,0.0006536682579233405
28,Karamo Brown,5,0.00867961803503654
28,Kate Flannery,5,0.003651199507387142
28,Kel Mitchell,5,0.23958583227659944
28,Lauren Alaina,5,0.2395972237123694
28,Sailor Brinkley-Cook,5,0.0008992208135902738
28,Sean Spicer,5,0.027740020054000954
28,Ally Brooke,6,0.23976719577701633
28,Hannah Brown,6,0.23977153332406445
28,James Van Der Beek,6,5.366800753803247e-18
28,Karamo Brown,6,0.008771929824561394
28,Kate Flannery,6,0.003922406741999681
28,Kel Mitchell,6,0.23978065265603268
28,Lauren Alaina,6,0.23976873748928096
28,Sailor Brinkley-Cook,6,3.665958595716612e-18
28,Sean Spicer,6,0.028217544187044512
28,Ally Brooke,7,0.24086652168714254
28,Hannah Brown,7,0.2408623212846386
28,James Van Der Beek,7,9.351243737687476e-19
28,Karamo Brown,7,0.002252227770177868
28,Kate Flannery,7,0.004727475294930323
28,Kel Mitchell,7,0.2408535315663815
28,Lauren Alaina,7,0.2408650080954947
28,Sean Spicer,7,0.029572914301234477
28,Ally Brooke,8,0.24215495527559155
28,Hannah Brown,8,0.2421586639505214
28,James Van Der Beek,8,0.0002764871930683825
28,Kate Flannery,8,0.0
28,Kel Mitchell,8,0.24216641084069598
28,Lauren Alaina,8,0.24215630724923987
28,Sean Spicer,8,0.031087175490882853
28,Ally Brooke,9,0.24326229979972064
28,Hannah Brown,9,0.24325939868717145
28,James Van Der Beek,9,0.0004768911244241192
28,Kel Mitchell,9,0.24325333929154613
28,Lauren Alaina,9,0.24326123151246068
28,Sean Spicer,9,0.026486839584677162
28,Ally Brooke,10,0.24874695657674795
28,Hannah Brown,10,0.24874880222465914
28,James Van Der Beek,10,0.005003939212559984
28,Kel Mitchell,10,0.2487526615275069
28,Lauren Alaina,10,0.248747640458526
28,Ally Brooke,11,0.25000070668083163
28,Hannah Brown,11,0.2500000734347624
28,Kel Mitchell,11,0.24999874900710653
28,Lauren Alaina,11,0.2500004708772995
29,AJ McLean,1,0.000760358511851488
29,Anne Heche,1,0.0
29,Carole Baskin,1,3.5236570605778894e-19
29,Charles Oakley,1,5.5685813417412534e-05
29,Chrishell Stause,1,5.7752347351091614e-05
29,Jeannie Mai,1,0.000392843119971396
29,Jesse Metcalfe,1,0.00010726711510696937
29,Johnny Weir,1,0.00014027818847472376
29,Justina Machado,1,0.24690254143600543
29,Kaitlyn Bristowe,1,0.2469019732853205
29,Monica Aldama,1,0.0003180239200899575
29,Nelly,1,0.2469026624973071
29,Nev Schulman,1,0.24690331218154116
29,Skai Jackson,1,0.010450776050337816
29,Veron Davis,1,0.00010652553322499952
29,AJ McLean,2,0.0005133640633998226
29,Anne Heche,2,6.799934881295501e-05
29,Carole Baskin,2,4.743384504624082e-20
29,Charles Oakley,2,0.0
29,Chrishell Stause,2,0.0
29,Jeannie Mai,2,0.00013959963728011674
29,Jesse Metcalfe,2,0.0002936106529913846
29,Johnny Weir,2,0.00046222625190787037
29,Justina Machado,2,0.24698115702435355
29,Kaitlyn Bristowe,2,0.24698281411267642
29,Monica Aldama,2,0.00024347426881472832
29,Nelly,2,0.246980798777582
29,Nev Schulman,2,0.24697890503643258
29,Skai Jackson,2,0.010265994712181137
29,Veron Davis,2,9.0056113567529e-05
29,AJ McLean,3,0.00035662356915021093
29,Anne Heche,3,0.0
29,Carole Baskin,3,5.629951156760951e-05
29,Chrishell Stause,3,1.4339464821809247e-05
29,Jeannie Mai,3,0.0
29,Jesse Metcalfe,3,4.5429560401977415e-05
29,Johnny Weir,3,0.0006488506609719991
29,Justina Machado,3,0.2470889824103166
29,Kaitlyn Bristowe,3,0.2470863744308397
29,Monica Aldama,3,0.00016478112088047232
29,Nelly,3,0.24708955799406318
29,Nev Schulman,3,0.24709253413955762
29,Skai Jackson,3,0.010356227137428797
29,Veron Davis,3,0.0
29,AJ McLean,4,0.00034191840755622073
29,Anne Heche,4,8.809142651444724e-20
29,Chrishell Stause,4,1.4677842253321593e-05
29,Jeannie Mai,4,0.00024034990219530436
29,Jesse Metcalfe,4,0.0
29,Johnny Weir,4,0.0002741350165918995
29,Justina Machado,4,0.24705183206889306
29,Kaitlyn Bristowe,4,0.2470551766975618
29,Monica Aldama,4,8.631604809658999e-05
29,Nelly,4,0.24705107196702802
29,Nev Schulman,4,0.2470472641004696
29,Skai Jackson,4,0.01072058881279294
29,Veron Davis,4,0.00011666913656130532
29,AJ McLean,5,0.00018049431159083095
29,Chrishell Stause,5,3.146149856406806e-05
29,Jeannie Mai,5,0.00013327093837212903
29,Jesse Metcalfe,5,3.1461498564068206e-05
29,Johnny Weir,5,0.0
29,Justina Machado,5,0.2470811252510071
29,Kaitlyn Bristowe,5,0.24707731944350778
29,Monica Aldama,5,0.0
29,Nelly,5,0.24708201943636535
29,Nev Schulman,5,0.24708633958217097
29,Skai Jackson,5,0.0112965080398578
29,Veron Davis,5,4.0657581468206416e-20
29,AJ McLean,6,8.673617379884035e-19
29,Chrishell Stause,6,7.250602028496811e-19
29,Jeannie Mai,6,4.87890977618477e-19
29,Johnny Weir,6,0.0002224631396494608
29,Justina Machado,6,0.24714649013858703
29,Kaitlyn Bristowe,6,0.24715044544964723
29,Monica Aldama,6,0.0
29,Nelly,6,0.2471455239544724
29,Nev Schulman,6,0.24714104746689752
29,Skai Jackson,6,0.011194029850746273
29,Veron Davis,6,0.0
29,AJ McLean,7,2.168404344971009e-19
29,Chrishell Stause,7,5.706626039876704e-06
29,Jeannie Mai,7,9.026455324676424e-05
29,Johnny Weir,7,0.000300863311573317
29,Justina Machado,7,0.24741902992954917
29,Kaitlyn Bristowe,7,0.24741524627849046
29,Monica Aldama,7,3.324683055022873e-05
29,Nelly,7,0.2474199903425973
29,Nev Schulman,7,0.24742426040796817
29,Skai Jackson,7,0.009891391719984852
29,AJ McLean,8,0.00015933389785500413
29,Chrishell Stause,8,2.710505431213761e-20
29,Johnny Weir,8,0.0
29,Justina Machado,8,0.2476985119194012
29,Kaitlyn Bristowe,8,0.24770182103221494
29,Nelly,8,0.24769764273834646
29,Nev Schulman,8,0.24769391895243817
29,Skai Jackson,8,0.00904877145974419
29,AJ McLean,9,0.0
29,Johnny Weir,9,0.0
29,Justina Machado,9,0.2480280281083916
29,Kaitlyn Bristowe,9,0.24802545768474946
29,Nelly,9,0.24802872112664595
29,Nev Schulman,9,0.24803160612339145
29,Skai Jackson,9,0.007886186956821624
29,Johnny Weir,10,0.0
29,Justina Machado,10,0.24836669998714136
29,Kaitlyn Bristowe,10,0.2483683281309476
29,Nelly,10,0.24836625127256004
29,Nev Schulman,10,0.24836442692409536
29,Skai Jackson,10,0.006534293685255682
29,Justina Machado,11,0.2499999056984178
29,Kaitlyn Bristowe,11,0.24999934858297534
29,Nelly,11,0.250000060906097
29,Nev Schulman,11,0.25000068481250987
30,Amanda Kloots,1,0.24409775641723477
30,Brian Austin Green,1,0.006645614225681718
30,Christine Chiu,1,2.599183428419261e-05
30,Cody Rigsby,1,0.24409775719861002
30,Iman Shumpert,1,0.24433335524020203
30,Jimmie Allen,1,0.0036326851607242135
30,JoJo Siwa,1,0.24409775652373872
30,Kenya Moore,1,6.91785182950319e-05
30,Martin Kove,1,2.9137124540600162e-05
30,Matt James,1,0.0032573741618028224
30,Melanie C,1,4.2367401210694024e-05
30,Melora Hardin,1,6.584881919450625e-05
30,"Mike ""The Miz"" Mizanin",1,0.008311465615144864
30,Olivia Jade,1,8.586801974886269e-05
30,Suni Lee,1,0.0012078437395869552
30,Amanda Kloots,2,0.2441043050863917
30,Brian Austin Green,2,0.006639652878336165
30,Christine Chiu,2,1.684414913312312e-05
30,Cody Rigsby,2,0.24410430562610633
30,Iman Shumpert,2,0.24430950734877863
30,Jimmie Allen,2,0.0036287275351263807
30,JoJo Siwa,2,0.24410430497963695
30,Kenya Moore,2,9.781354714481834e-05
30,Martin Kove,2,3.1932158253053306e-05
30,Matt James,2,0.003366765398240622
30,Melanie C,2,2.6517795430801572e-05
30,Melora Hardin,2,1.7662775049431465e-05
30,"Mike ""The Miz"" Mizanin",2,0.008348094283147756
30,Olivia Jade,2,0.0001432356833495523
30,Suni Lee,2,0.0010603307558746924
30,Amanda Kloots,3,0.24410887861395858
30,Brian Austin Green,3,0.006711409395973144
30,Christine Chiu,3,1.2273233378940503e-18
30,Cody Rigsby,3,0.24410887963627428
30,Iman Shumpert,3,0.2443510606427254
30,Jimmie Allen,3,0.00375824015649621
30,JoJo Siwa,3,0.2441088789267892
30,Kenya Moore,3,0.00010584925639748141
30,Matt James,3,0.0033557046979865715
30,Melanie C,3,2.73693316341468e-19
30,Melora Hardin,3,6.4743455057834184e-06
30,"Mike ""The Miz"" Mizanin",3,0.008515138256969059
30,Olivia Jade,3,2.8272137296514804e-05
30,Suni Lee,3,0.0008412139336278438
30,Amanda Kloots,4,0.24434923419174073
30,Brian Austin Green,4,0.005912107299959486
30,Cody Rigsby,4,0.24434923457273744
30,Iman Shumpert,4,0.244585925002256
30,Jimmie Allen,4,0.0039718650614492135
30,JoJo Siwa,4,0.24434923393758473
30,Kenya Moore,4,6.190181553751865e-05
30,Matt James,4,0.0024528564861990587
30,Melanie C,4,8.777557085850809e-19
30,Melora Hardin,4,6.191151446408752e-19
30,"Mike ""The Miz"" Mizanin",4,0.009020455198848079
30,Olivia Jade,4,3.296409322460096e-19
30,Suni Lee,4,0.0009471864336876716
30,Amanda Kloots,5,0.2454099146023767
30,Cody Rigsby,5,0.24540991572842655
30,Iman Shumpert,5,0.24561743635186523
30,Jimmie Allen,5,0.0051948051948051965
30,JoJo Siwa,5,0.2454099150092217
30,Kenya Moore,5,0.0003712569683813478
30,Melanie C,5,1.3510282489851407e-18
30,Melora Hardin,5,0.00030943933119282165
30,"Mike ""The Miz"" Mizanin",5,0.010389610389610393
30,Olivia Jade,5,0.0002489932247266702
30,Suni Lee,5,0.0016387131993933512
30,Amanda Kloots,6,0.2459206764425136
30,Cody Rigsby,6,0.24592067678935514
30,Iman Shumpert,6,0.2461551032602955
30,Jimmie Allen,6,0.004628480681423288
30,JoJo Siwa,6,0.24592067615884244
30,Kenya Moore,6,0.00032910596227924115
30,Melora Hardin,6,0.00016934598144973095
30,"Mike ""The Miz"" Mizanin",6,0.009133076657697548
30,Olivia Jade,6,0.00012504342792216098
30,Suni Lee,6,0.0016978146382213158
30,Amanda Kloots,7,0.24650412211750108
30,Cody Rigsby,7,0.2465041232073713
30,Iman Shumpert,7,0.24672287129080225
30,Jimmie Allen,7,0.00407432929288395
30,JoJo Siwa,7,0.24650412247216202
30,Melora Hardin,7,4.978320804553019e-19
30,"Mike ""The Miz"" Mizanin",7,0.007903319785174896
30,Olivia Jade,7,0.0
30,Suni Lee,7,0.0017871118341045637
30,Amanda Kloots,8,0.2479955995332644
30,Cody Rigsby,8,0.2479955999713672
30,Iman Shumpert,8,0.24822287852845867
30,Jimmie Allen,8,0.004468076460067069
30,JoJo Siwa,8,0.24799559937150714
30,Melora Hardin,8,0.0004975560226997588
30,Olivia Jade,8,0.0002814755946741926
30,Suni Lee,8,0.002543214517961521
30,Amanda Kloots,9,0.24905917138982636
30,Cody Rigsby,9,0.2490591723168409
30,Iman Shumpert,9,0.24930339485712769
30,JoJo Siwa,9,0.249059171590435
30,Melora Hardin,9,0.0007083976341509101
30,Suni Lee,9,0.002810692211619163
30,Amanda Kloots,10,0.24994702840979047
30,Cody Rigsby,10,0.24994702909994979
30,Iman Shumpert,10,0.25015891406087415
30,JoJo Siwa,10,0.2499470284293856
31,Charli D'Amelio,1,0.24504842530097182
31,Cheryl Ladd,1,0.004915682359473848
31,Daniel Durant,1,0.0019649113973726896
31,Gabby Windey,1,0.2450484262079786
31,Heidi D'Amelio,1,1.6327266269275588e-05
31,Jason Lewis,1,8.199338984600316e-07
31,Jessie James Decker,1,5.918074313166632e-19
31,Jordin Sparks,1,3.19063558953851e-19
31,Joseph Baena,1,2.49560237566625e-05
31,Sam Champion,1,0.002004364781077723
31,Selma Blair,1,2.1667214134166888e-05
31,Shangela,1,0.24504841890687712
31,Teresa Giudice,1,3.3733613529112086e-06
31,Trevor Donovan,1,8.037254882084095e-06
31,Vinny Guadagnino,1,0.010846160941696582
31,Wayne Brady,1,0.2450484290502581
31,Charli D'Amelio,2,0.24508109102548187
31,Cheryl Ladd,2,0.004854368932038839
31,Daniel Durant,2,0.002018839852002528
31,Gabby Windey,2,0.2450810895464907
31,Heidi D'Amelio,2,5.603866279459025e-19
31,Jessie James Decker,2,1.1309342998984579e-06
31,Jordin Sparks,2,1.4493503186249702e-05
31,Joseph Baena,2,1.550999859679512e-19
31,Sam Champion,2,0.00191615008915934
31,Selma Blair,2,4.2550041122254496e-19
31,Shangela,2,0.24508110947769068
31,Teresa Giudice,2,4.971268753665719e-19
31,Trevor Donovan,2,5.419893892686491e-06
31,Vinny Guadagnino,2,0.010865224535802112
31,Wayne Brady,2,0.24508108220995514
31,Charli D'Amelio,3,0.24519058084779777
31,Cheryl Ladd,3,0.00438214393484171
31,Daniel Durant,3,0.0021295952201763656
31,Gabby Windey,3,0.24519058440418595
31,Heidi D'Amelio,3,1.4111615917873145e-19
31,Jessie James Decker,3,1.165809157715994e-19
31,Jordin Sparks,3,3.984035970008737e-19
31,Joseph Baena,3,3.2409937646151793e-19
31,Sam Champion,3,0.001900754356677936
31,Selma Blair,3,7.70067717210429e-20
31,Shangela,3,0.24519055241278911
31,Trevor Donovan,3,1.6708905241824377e-19
31,Vinny Guadagnino,3,0.010825192229660106
31,Wayne Brady,3,0.24519059659387113
31,Charli D'Amelio,4,0.24577027330780085
31,Daniel Durant,4,0.00282869273395914
31,Gabby Windey,4,0.2457702687711253
31,Heidi D'Amelio,4,8.467370572188854e-05
31,Jessie James Decker,4,0.00010688877775582171
31,Jordin Sparks,4,5.631569159419871e-05
31,Joseph Baena,4,4.779083664832908e-05
31,Sam Champion,4,0.002132593970565144
31,Selma Blair,4,0.00028623257230422266
31,Shangela,4,0.2457703085866442
31,Trevor Donovan,4,0.00011486100734690043
31,Vinny Guadagnino,4,0.011260846130552298
31,Wayne Brady,4,0.2457702539079818
31,Charli D'Amelio,5,0.24614862824546252
31,Daniel Durant,5,0.003344481605351168
31,Gabby Windey,5,0.24614863518411986
31,Heidi D'Amelio,5,5.087672573151886e-05
31,Jessie James Decker,5,8.380629854832899e-05
31,Jordin Sparks,5,5.372849758532271e-05
31,Joseph Baena,5,5.109413439759471e-19
31,Selma Blair,5,0.0003342756947934836
31,Shangela,5,0.24614859011068893
31,Trevor Donovan,5,7.568042399467008e-05
31,Vinny Guadagnino,5,0.011462645002371081
31,Wayne Brady,5,0.24614865221135313
31,Charli D'Amelio,6,0.24641475067099403
31,Daniel Durant,6,0.0027126758550860483
31,Gabby Windey,6,0.24641474295324461
31,Heidi D'Amelio,6,3.409249159755399e-06
31,Jessie James Decker,6,6.954239863872546e-19
31,Jordin Sparks,6,1.9120576465980697e-05
31,Shangela,6,0.24641478774690764
31,Trevor Donovan,6,1.1583374260587085e-05
31,Vinny Guadagnino,6,0.011594202898550732
31,Wayne Brady,6,0.24641472667533068
31,Charli D'Amelio,7,0.24686189936902392
31,Daniel Durant,7,0.0022175379321512957
31,Gabby Windey,7,0.2468619083783583
31,Heidi D'Amelio,7,4.48180870710526e-19
31,Jordin Sparks,7,2.8581666132736885e-05
31,Shangela,7,0.2468618671618053
31,Trevor Donovan,7,0.00013006302244035744
31,Vinny Guadagnino,7,0.010176219176362399
31,Wayne Brady,7,0.2468619232937256
31,Charli D'Amelio,8,0.2473190686366279
31,Daniel Durant,8,0.0018635552346186004
31,Gabby Windey,8,0.24731906107954948
31,Heidi D'Amelio,8,1.1219612976381645e-18
31,Shangela,8,0.24731909348718756
31,Trevor Donovan,8,4.8068170896839345e-05
31,Vinny Guadagnino,8,0.008812103314953034
31,Wayne Brady,8,0.24731905007616667
31,Charli D'Amelio,9,0.24909230927154552
31,Daniel Durant,9,0.0027212199446620656
31,Gabby Windey,9,0.2490923151937965
31,Shangela,9,0.24909229390218052
31,Trevor Donovan,9,0.0009095390938639572
31,Wayne Brady,9,0.24909232259395148
31,Charli D'Amelio,10,0.25000000002760486
31,Gabby Windey,10,0.2499999983563785
31,Shangela,10,0.2500000053629113
31,Wayne Brady,10,0.24999999625310534
32,Adrian Peterson,1,0.004096820268711947
32,Alyson Hannigan,1,0.1872451732567032
32,Ariana Madix,1,0.18724350487203684
32,Barry Williams,1,0.013061524511851304
32,Charity Lawson,1,0.1872452216393507
32,Harry Jowsey,1,0.029877128112235616
32,Jamie Lynn Spears,1,0.0
32,Jason Mraz,1,0.18724388185856594
32,Lele Pons,1,1.1926223897340549e-18
32,Matt Walsh,1,0.0
32,Mauricio Umansky,1,0.016743299420677826
32,Mira Sorvino,1,0.0
32,Tyson Beckford,1,2.8731357570865868e-18
32,Xochitl Gomez,1,0.18724344605986668
32,Adrian Peterson,2,0.004201680672268907
32,Alyson Hannigan,2,0.18714319823024633
32,Ariana Madix,2,0.18714809744251615
32,Barry Williams,2,0.012967736117296035
32,Charity Lawson,2,0.18714308181688336
32,Harry Jowsey,2,0.029931767939006714
32,Jamie Lynn Spears,2,0.0
32,Jason Mraz,2,0.18714699899907328
32,Lele Pons,2,0.0
32,Mauricio Umansky,2,0.016806722689075626
32,Mira Sorvino,2,0.00036246079330026423
32,Tyson Beckford,2,1.8228149024912543e-18
32,Xochitl Gomez,2,0.1871482553003335
32,Adrian Peterson,3,0.002592954880720267
32,Alyson Hannigan,3,0.18755427197411254
32,Ariana Madix,3,0.18754646298237415
32,Barry Williams,3,0.013283932584141777
32,Charity Lawson,3,0.1875543809781605
32,Harry Jowsey,3,0.030340943572946793
32,Jason Mraz,3,0.18754818395632464
32,Lele Pons,3,1.6288112680712e-06
32,Mauricio Umansky,3,0.01525119586163408
32,Mira Sorvino,3,0.0007797955785681124
32,Tyson Beckford,3,0.0
32,Xochitl Gomez,3,0.1875462488197491
32,Adrian Peterson,4,0.0011793568857028955
32,Alyson Hannigan,4,0.18791976958035495
32,Ariana Madix,4,0.18792995584986838
32,Barry Williams,4,0.013679356885702893
32,Charity Lawson,4,0.187919762253411
32,Harry Jowsey,4,0.030824601518441564
32,Jason Mraz,4,0.18792776188295907
32,Lele Pons,4,0.0
32,Mauricio Umansky,4,0.013509913147739928
32,Mira Sorvino,4,0.001179356885702896
32,Xochitl Gomez,4,0.18793016511011626
32,Alyson Hannigan,5,0.1883582228021518
32,Ariana Madix,5,0.18834639408729015
32,Barry Williams,5,0.013634461171088763
32,Charity Lawson,5,0.18835804976693668
32,Harry Jowsey,5,0.03131770242490512
32,Jason Mraz,5,0.18834887115292703
32,Lele Pons,5,9.954150515816538e-05
32,Mauricio Umansky,5,0.011939315249317399
32,Mira Sorvino,5,0.001251198303024343
32,Xochitl Gomez,5,0.18834624353720045
32,Alyson Hannigan,6,0.1888395258144119
32,Ariana Madix,6,0.188852093222647
32,Barry Williams,6,0.01348394447592964
32,Charity Lawson,6,0.18883991159795763
32,Harry Jowsey,6,0.0319044836723613
32,Jason Mraz,6,0.1888495393304935
32,Lele Pons,6,0.0
32,Mauricio Umansky,6,0.010378354413817837
32,Xochitl Gomez,6,0.1888521474723812
32,Alyson Hannigan,7,0.19047228245949616
32,Ariana Madix,7,0.1904599950817259
32,Barry Williams,7,0.01418439716312056
32,Charity Lawson,7,0.1904717149896579
32,Harry Jowsey,7,0.03348915276475604
32,Jason Mraz,7,0.190462417518707
32,Lele Pons,7,1.9687723317614172e-18
32,Xochitl Gomez,7,0.19046004002253653
32,Alyson Hannigan,8,0.19163327569604863
32,Ariana Madix,8,0.1916442344060366
32,Barry Williams,8,0.007067163398657788
32,Charity Lawson,8,0.1916339324356154
32,Harry Jowsey,8,0.03473514758838111
32,Jason Mraz,8,0.19164213149858536
32,Xochitl Gomez,8,0.19164411497667513
32,Alyson Hannigan,9,0.19384895264096044
32,Ariana Madix,9,0.19384030184053555
32,Charity Lawson,9,0.19384833794346154
32,Harry Jowsey,9,0.03078003804007395
32,Jason Mraz,9,0.19384192461288727
32,Xochitl Gomez,9,0.19384044492208122
32,Alyson Hannigan,10,0.19999681444123377
32,Ariana Madix,10,0.20000235746841522
32,Charity Lawson,10,0.19999725163961574
32,Jason Mraz,10,0.20000133358314437
32,Xochitl Gomez,10,0.20000224286759094
32,Alyson Hannigan,11,0.20000109847621128
32,Ariana Madix,11,0.19999918982327713
32,Charity Lawson,11,0.20000094014206793
32,Jason Mraz,11,0.1999995390623201
32,Xochitl Gomez,11,0.19999923249612353
33,Anna Delvey,1,0.0
33,Brooks Nader,1,0.00012116630740220467
33,Chandler Kinney,1,0.19227367358684894
33,Danny Amendola,1,0.19227404757324323
33,Dwight Howard ,1,0.007472714839635644
33,Eric Roberts,1,0.015527589052957157
33,Ilona Maher,1,0.19226823676843502
33,Jenn Tran,1,0.0
33,Joey Graziadei,1,0.1922664277719527
33,Phaedra Parks,1,0.0
33,Reginald VelJohnson,1,0.01552758902303712
33,Stephen Nedoroscik,1,0.19226855507648796
33,Tori Spelling,1,0.0
33,Anna Delvey,2,2.1285937964500568e-18
33,Brooks Nader,2,0.0
33,Chandler Kinney,2,0.19229566458970793
33,Danny Amendola,2,0.19229465533683526
33,Dwight Howard ,2,0.00746376691773673
33,Eric Roberts,2,0.01550387596899226
33,Ilona Maher,2,0.19231131043890376
33,Jenn Tran,2,0.0
33,Joey Graziadei,2,0.19231642745545377
33,Phaedra Parks,2,0.0
33,Reginald VelJohnson,2,0.015503875968992255
33,Stephen Nedoroscik,2,0.1923104233233779
33,Tori Spelling,2,4.2012834183813297e-19
33,Brooks Nader,3,0.0
33,Chandler Kinney,3,0.19313542988397592
33,Danny Amendola,3,0.1931367705209011
33,Dwight Howard ,3,0.008182512406664781
33,Eric Roberts,3,0.013014439445626646
33,Ilona Maher,3,0.19311148680043627
33,Jenn Tran,3,0.0
33,Joey Graziadei,3,0.19310390185941495
33,Phaedra Parks,3,0.00018825430664046958
33,Reginald VelJohnson,3,0.013014439451968528
33,Stephen Nedoroscik,3,0.1931127653243714
33,Brooks Nader,4,0.0012000846255899931
33,Chandler Kinney,4,0.19641692606398534
33,Danny Amendola,4,0.1964156518271394
33,Dwight Howard ,4,0.011404166258243054
33,Ilona Maher,4,0.19644625665725562
33,Jenn Tran,4,0.0024866266148528913
33,Joey Graziadei,4,0.19645515878640077
33,Phaedra Parks,4,0.002730321304343327
33,Stephen Nedoroscik,4,0.19644480786218962
33,Chandler Kinney,5,0.1969539865229773
33,Danny Amendola,5,0.19695485207518523
33,Dwight Howard ,5,0.010349380338938917
33,Ilona Maher,5,0.19692282040193088
33,Jenn Tran,5,0.002322889171254111
33,Joey Graziadei,5,0.19691380325015162
33,Phaedra Parks,5,0.0026580299794247294
33,Stephen Nedoroscik,5,0.19692423826013733
33,Chandler Kinney,6,0.1976320624396309
33,Danny Amendola,6,0.19763175130741076
33,Dwight Howard ,6,0.009449866070956707
33,Ilona Maher,6,0.1976613058636166
33,Jenn Tran,6,0.002295566914810184
33,Joey Graziadei,6,0.19766938026892444
33,Stephen Nedoroscik,6,0.1976600671346503
33,Chandler Kinney,7,0.19832216139314146
33,Danny Amendola,7,0.19832202866322393
33,Dwight Howard ,7,0.008466099337048467
33,Ilona Maher,7,0.19829835649130137
33,Joey Graziadei,7,0.19829203890035943
33,Stephen Nedoroscik,7,0.19829931521492536
33,Chandler Kinney,8,0.19998995224497484
33,Danny Amendola,8,0.19999023649783296
33,Ilona Maher,8,0.2000054719578683
33,Joey Graziadei,8,0.20000947528050583
33,Stephen Nedoroscik,8,0.20000486401881812
33,Chandler Kinney,9,0.20000349091215927
33,Danny Amendola,9,0.20000335459782176
33,Ilona Maher,9,0.19999810509164692
33,Joey Graziadei,9,0.1999967357185462
33,Stephen Nedoroscik,9,0.19999831367982585
34,Alix Earle,1,0.19271238927652934
34,Andy Richter,1,0.019762124513960696
34,Baron Davis,1,2.572084823294928e-05
34,Corey Feldman,1,2.5720848232950416e-05
34,Danielle Fishel,1,0.008449167907016213
34,Dylan Efron,1,0.19271292582683575
34,Elaine Hendrix,1,0.19271290191400633
34,Hilaria Baldwin,1,0.00022131023884098888
34,Jen Affleck,1,0.0001332238173025555
34,Jordan Chiles,1,0.19271262400967162
34,Lauren Jauregui,1,4.917996202760008e-05
34,Robert Irwin,1,0.19271248298892163
34,Scott Hoying,1,0.007718125681072326
34,Whitney Leavitt,1,5.210216734909477e-05
34,Alix Earle,2,0.1927345587775811
34,Andy Richter,2,0.01986060674531332
34,Baron Davis,2,1.3354144162949212e-05
34,Corey Feldman,2,1.3354144162949183e-05
34,Danielle Fishel,2,0.008261937883439532
34,Dylan Efron,2,0.19273300284369466
34,Elaine Hendrix,2,0.19273306237391952
34,Hilaria Baldwin,2,0.0001756188991800452
34,Jen Affleck,2,0.00011488711974481301
34,Jordan Chiles,2,0.19273386470009043
34,Lauren Jauregui,2,9.723617377040885e-06
34,Robert Irwin,2,0.19273427939170776
34,Scott Hoying,2,0.007800256333683991
34,Whitney Leavitt,2,8.149302594186789e-05
34,Alix Earle,3,0.19270357076192499
34,Andy Richter,3,0.019990127266794378
34,Danielle Fishel,3,0.008256642384456876
34,Dylan Efron,3,0.1927059954149454
34,Elaine Hendrix,3,0.19270592939179557
34,Hilaria Baldwin,3,0.00022855061164531016
34,Jen Affleck,3,5.403017827569143e-05
34,Jordan Chiles,3,0.19270469415555358
34,Lauren Jauregui,3,5.323783376174084e-05
34,Robert Irwin,3,0.19270403130151983
34,Scott Hoying,3,0.00786630910341049
34,Whitney Leavitt,3,2.688159591615176e-05
34,Alix Earle,4,0.19274357814543897
34,Andy Richter,4,0.02016129032258064
34,Danielle Fishel,4,0.008064516129032265
34,Dylan Efron,4,0.19274051529877811
34,Elaine Hendrix,4,0.19274054870540913
34,Hilaria Baldwin,4,8.326128165147918e-19
34,Jen Affleck,4,5.016087260327995e-19
34,Jordan Chiles,4,0.19274208361369252
34,Robert Irwin,4,0.19274295165603614
34,Scott Hoying,4,0.008064516129032265
34,Whitney Leavitt,4,1.5380880670926377e-18
34,Alix Earle,5,0.19330993582585895
34,Andy Richter,5,0.018787704085936267
34,Danielle Fishel,5,0.007116671870235661
34,Dylan Efron,5,0.1933133588811153
34,Elaine Hendrix,5,0.19331339007044776
34,Jen Affleck,5,0.00013984483259953697
34,Jordan Chiles,5,0.19331171187602855
34,Robert Irwin,5,0.1933106990910092
34,Scott Hoying,5,0.007285976828292906
34,Whitney Leavitt,5,0.00011070663847582084
34,Alix Earle,6,0.19391151825937186
34,Andy Richter,6,0.017355005703755564
34,Danielle Fishel,6,0.006182306214808035
34,Dylan Efron,6,0.1939080313318032
34,Elaine Hendrix,6,0.19390791942804517
34,Jen Affleck,6,0.00019407335001065908
34,Jordan Chiles,6,0.1939095868750672
34,Robert Irwin,6,0.1939106683756169
34,Scott Hoying,6,0.006604528283142561
34,Whitney Leavitt,6,0.00011636217837883
34,Alix Earle,7,0.19520203878422426
34,Andy Richter,7,0.016611640774082455
34,Danielle Fishel,7,0.005958789931945717
34,Dylan Efron,7,0.19520530788063303
34,Elaine Hendrix,7,0.1952054904331547
34,Jen Affleck,7,0.0006467093948233091
34,Jordan Chiles,7,0.1952039697913821
34,Robert Irwin,7,0.19520290709733218
34,Whitney Leavitt,7,0.0007631459124222837
34,Alix Earle,8,0.19581316631964307
34,Andy Richter,8,0.015098144146141385
34,Danielle Fishel,8,0.005147895389922483
34,Dylan Efron,8,0.19581036250244813
34,Elaine Hendrix,8,0.19581014123668924
34,Jordan Chiles,8,0.19581141109672015
34,Robert Irwin,8,0.19581236309808375
34,Whitney Leavitt,8,0.0006965162103517983
34,Alix Earle,9,0.19697168307775756
34,Andy Richter,9,0.013947971502163349
34,Dylan Efron,9,0.1969738259223564
34,Elaine Hendrix,9,0.196974037061605
34,Jordan Chiles,9,0.19697309020307527
34,Robert Irwin,9,0.19697233599310718
34,Whitney Leavitt,9,0.0011870562399353335
34,Alix Earle,10,0.19939027467172432
34,Dylan Efron,10,0.19938893388819146
34,Elaine Hendrix,10,0.19938878180372607
34,Jordan Chiles,10,0.19938936397585297
34,Robert Irwin,10,0.199389848414546
34,Whitney Leavitt,10,0.003052797245959244
34,Alix Earle,11,0.19999971364769814
34,Dylan Efron,11,0.2000001700128136
34,Elaine Hendrix,11,0.20000022501311573
34,Jordan Chiles,11,0.20000002917635015
34,Robert Irwin,11,0.19999986215002244
