season,celebrity_name,week,p_est
1,Evander Holyfield,1,0.16083980093132794
1,Joey McIntyre,1,0.18271681905465492
1,John O'Hurley,1,0.18601115629147202
1,Kelly Monaco,1,0.12131091566862863
1,Rachel Hunter,1,0.18488295322372472
1,Trista Sutter,1,0.16423835483019172
1,Evander Holyfield,2,0.11789186252434913
1,Joey McIntyre,2,0.17490098059759532
1,John O'Hurley,2,0.21128868978363796
1,Kelly Monaco,2,0.14175106015847722
1,Rachel Hunter,2,0.19884508729157954
1,Trista Sutter,2,0.15532231964436083
1,Evander Holyfield,3,0.12279762616431991
1,Joey McIntyre,3,0.20643684890044572
1,John O'Hurley,3,0.22656316674021731
1,Kelly Monaco,3,0.20052505566296303
1,Rachel Hunter,3,0.24367730253205402
1,Joey McIntyre,4,0.22031365551968013
1,John O'Hurley,4,0.23682759825882582
1,Kelly Monaco,4,0.27692040507695237
1,Rachel Hunter,4,0.2659383411445417
1,Joey McIntyre,5,0.29922121119534656
1,John O'Hurley,5,0.36848720902205795
1,Kelly Monaco,5,0.33229157978259544
1,John O'Hurley,6,0.4974705899607295
1,Kelly Monaco,6,0.5025294100392704
2,Drew Lachey,1,0.12356314878216695
2,George Hamilton,1,0.09326474486843694
2,Giselle Fernandez,1,0.11747560598500566
2,Jerry Rice,1,0.10764255438936786
2,Kenny Mayne,1,0.06600874054533905
2,Lisa Rinna,1,0.09733948477546533
2,Master P,1,0.062307786317032925
2,Stacy Keibler,1,0.11494101037179545
2,Tatum O'Neal,1,0.11461879576869606
2,Tia Carrere,1,0.10283812819669384
2,Drew Lachey,2,0.13502970559881436
2,George Hamilton,2,0.10933521165764264
2,Giselle Fernandez,2,0.11965529847001044
2,Jerry Rice,2,0.11367942627327704
2,Lisa Rinna,2,0.10263747863824613
2,Master P,2,0.07783724591408213
2,Stacy Keibler,2,0.14262784738923914
2,Tatum O'Neal,2,0.08737329435408883
2,Tia Carrere,2,0.11182449170459934
2,Drew Lachey,3,0.14918636417178
2,George Hamilton,3,0.12072370304148548
2,Giselle Fernandez,3,0.12044509689312728
2,Jerry Rice,3,0.10850342305276639
2,Lisa Rinna,3,0.1362588048446608
2,Master P,3,0.0747729121363645
2,Stacy Keibler,3,0.1490586061087103
2,Tia Carrere,3,0.1410510897511051
2,Drew Lachey,4,0.17600472217890023
2,George Hamilton,4,0.13467984075677863
2,Jerry Rice,4,0.14913852163931693
2,Lisa Rinna,4,0.16321759750436174
2,Master P,4,0.05368237730602231
2,Stacy Keibler,4,0.16675142265438592
2,Tia Carrere,4,0.15652551796023423
2,Drew Lachey,5,0.18116596979810412
2,George Hamilton,5,0.15662952467840602
2,Jerry Rice,5,0.15256632829225553
2,Lisa Rinna,5,0.16729171916564603
2,Stacy Keibler,5,0.19705984383731825
2,Tia Carrere,5,0.14528661422827002
2,Drew Lachey,6,0.22516724101505553
2,George Hamilton,6,0.17093720546444233
2,Jerry Rice,6,0.17361016119148454
2,Lisa Rinna,6,0.20381344967582113
2,Stacy Keibler,6,0.22647194265319642
2,Drew Lachey,7,0.2704625164155602
2,Jerry Rice,7,0.2063373612878
2,Lisa Rinna,7,0.252920403153321
2,Stacy Keibler,7,0.2702797191433188
2,Drew Lachey,8,0.3448893815512311
2,Jerry Rice,8,0.3138363790537885
2,Stacy Keibler,8,0.3412742393949803
3,Emmitt Smith,1,0.11184339350983405
3,Harry Hamlin,1,0.08078679147087484
3,Jerry Springer,1,0.07570004767032233
3,Joey Lawrence,1,0.10073066868547544
3,Mario Lopez,1,0.11967894474940376
3,Monique Coleman,1,0.09117597848670254
3,Sara Evans,1,0.07207249968597153
3,Shanna Moakler,1,0.08527999127561964
3,Tucker Carlson,1,0.05624948096968543
3,Vivica A. Fox,1,0.10346722182434794
3,Willa Ford,1,0.10301498167176254
3,Emmitt Smith,2,0.10394974913363324
3,Harry Hamlin,2,0.09121320406739235
3,Jerry Springer,2,0.08327028814695454
3,Joey Lawrence,2,0.12224762039320486
3,Mario Lopez,2,0.09475546795552935
3,Monique Coleman,2,0.11220713859028705
3,Sara Evans,2,0.09140940182871383
3,Shanna Moakler,2,0.09437327665042804
3,Vivica A. Fox,2,0.10593592819357774
3,Willa Ford,2,0.10063792504027905
3,Emmitt Smith,3,0.09511169931708523
3,Harry Hamlin,3,0.10473855010442303
3,Jerry Springer,3,0.10071583929674363
3,Joey Lawrence,3,0.10988854288507653
3,Mario Lopez,3,0.10828111080558622
3,Monique Coleman,3,0.12826850908277554
3,Sara Evans,3,0.11702226035955703
3,Vivica A. Fox,3,0.12755221646610423
3,Willa Ford,3,0.10842127168264863
3,Emmitt Smith,4,0.12131052591467273
3,Jerry Springer,4,0.11171983706367362
3,Joey Lawrence,4,0.13435129672734553
3,Mario Lopez,4,0.14374473682260822
3,Monique Coleman,4,0.12395371550061633
3,Sara Evans,4,0.10446535063442573
3,Vivica A. Fox,4,0.12158072238930663
3,Willa Ford,4,0.13887381494735124
3,Emmitt Smith,5,0.15021045087559803
3,Jerry Springer,5,0.13087022660986103
3,Joey Lawrence,5,0.14149593193783533
3,Mario Lopez,5,0.15391728423669662
3,Monique Coleman,5,0.14917778744839633
3,Sara Evans,5,0.12804317396324094
3,Willa Ford,5,0.14628514492837172
3,Emmitt Smith,6,0.21127265977507276
3,Jerry Springer,6,0.15648243472694642
3,Joey Lawrence,6,0.20340741938781076
3,Mario Lopez,6,0.23274379429154585
3,Monique Coleman,6,0.19609369181862435
3,Emmitt Smith,7,0.21166447890860815
3,Jerry Springer,7,0.16605754883871793
3,Joey Lawrence,7,0.21090621939212106
3,Mario Lopez,7,0.21133603048998725
3,Monique Coleman,7,0.20003572237056555
3,Emmitt Smith,8,0.25073283476821606
3,Joey Lawrence,8,0.24942150306754513
3,Mario Lopez,8,0.26226970855853404
3,Monique Coleman,8,0.23757595360570483
3,Emmitt Smith,9,0.33796780029828194
3,Joey Lawrence,9,0.32311422310202276
3,Mario Lopez,9,0.33891797659969536
3,Emmitt Smith,10,0.4999532798191252
3,Mario Lopez,10,0.5000467201808748
4,Apolo Anton Ohno,1,0.10225341319075083
4,Billy Ray Cyrus,1,0.06503350488591922
4,Clyde Drexler,1,0.07724922413741281
4,Heather Mills,1,0.08829373879634311
4,Ian Ziering,1,0.10102084996746823
4,Joey Fatone,1,0.11500591737960743
4,John Ratzenberger,1,0.08276151889430611
4,Laila Ali,1,0.11139068033977283
4,Leeza Gibbons,1,0.07398281220708501
4,Paulina Porizkova,1,0.09162368772486922
4,Shandi Finnessey,1,0.09138465247646521
4,Apolo Anton Ohno,2,0.10531878251683485
4,Billy Ray Cyrus,2,0.08421901955258394
4,Clyde Drexler,2,0.07314832135435144
4,Heather Mills,2,0.09749660371007764
4,Ian Ziering,2,0.09175065476442903
4,Joey Fatone,2,0.09990693231192654
4,John Ratzenberger,2,0.08522945145289734
4,Laila Ali,2,0.10870358248758226
4,Leeza Gibbons,2,0.08577869668954924
4,Paulina Porizkova,2,0.08554154978448714
4,Shandi Finnessey,2,0.08290640537528064
4,Apolo Anton Ohno,3,0.10804377759469214
4,Billy Ray Cyrus,3,0.09625514229832173
4,Clyde Drexler,3,0.07369511989103313
4,Heather Mills,3,0.10980409250535464
4,Ian Ziering,3,0.10979971954995654
4,Joey Fatone,3,0.11201132973843754
4,John Ratzenberger,3,0.09066289205094273
4,Laila Ali,3,0.09870272330908353
4,Leeza Gibbons,3,0.10600555696710394
4,Shandi Finnessey,3,0.09501964609507403
4,Apolo Anton Ohno,4,0.13707419054329084
4,Billy Ray Cyrus,4,0.10851163987843222
4,Clyde Drexler,4,0.07821940717842751
4,Heather Mills,4,0.12016378568590932
4,Ian Ziering,4,0.12584190444533852
4,Joey Fatone,4,0.14421488048738554
4,John Ratzenberger,4,0.08630092084253871
4,Laila Ali,4,0.11340028267876333
4,Leeza Gibbons,4,0.08627298825991402
4,Apolo Anton Ohno,5,0.1673859366818944
4,Billy Ray Cyrus,5,0.099732490333154
4,Clyde Drexler,5,0.074391494839249
4,Heather Mills,5,0.1206572632695229
4,Ian Ziering,5,0.1361414524048397
4,Joey Fatone,5,0.1438122745614348
4,John Ratzenberger,5,0.1019343665391319
4,Laila Ali,5,0.1559447213707732
4,Apolo Anton Ohno,6,0.1653742129410429
4,Billy Ray Cyrus,6,0.120945116349546
4,Heather Mills,6,0.1331906867589277
4,Ian Ziering,6,0.1427289888282335
4,Joey Fatone,6,0.1595283839538985
4,John Ratzenberger,6,0.1127954893485857
4,Laila Ali,6,0.1654371218197655
4,Apolo Anton Ohno,7,0.17831891793444243
4,Billy Ray Cyrus,7,0.12483758999829571
4,Ian Ziering,7,0.17324408072710942
4,Joey Fatone,7,0.19059038629878114
4,John Ratzenberger,7,0.14248696580024023
4,Laila Ali,7,0.19052205924113114
4,Apolo Anton Ohno,8,0.2283976180190137
4,Billy Ray Cyrus,8,0.1488659142469198
4,Ian Ziering,8,0.1901698080716007
4,Joey Fatone,8,0.219642477330497
4,Laila Ali,8,0.2129241823319687
4,Apolo Anton Ohno,9,0.25289377763107473
4,Ian Ziering,9,0.23774194461373782
4,Joey Fatone,9,0.2551113796472427
4,Laila Ali,9,0.2542528981079449
4,Apolo Anton Ohno,10,0.3390768210240792
4,Joey Fatone,10,0.3322566747073477
4,Laila Ali,10,0.3286665042685732
5,Albert Reed,1,0.08176481293428134
5,Cameron Mathison,1,0.08184390413748874
5,Floyd Mayweather Jr. ,1,0.07107354824119473
5,Helio Castroneves,1,0.09806918116185874
5,Jane Seymour,1,0.09263740909392794
5,Jennie Garth,1,0.08192394125466904
5,Josie Maran,1,0.061754801156221124
5,Marie Osmond,1,0.08287560834887514
5,Mark Cuban,1,0.08076799938251454
5,Mel B,1,0.09328420003603764
5,Sabrina Bryan,1,0.10139111318706584
5,Wayne Newton,1,0.07261348106586513
5,Albert Reed,2,0.08743868583006684
5,Cameron Mathison,2,0.08825355850677916
5,Floyd Mayweather Jr. ,2,0.08665469903189055
5,Helio Castroneves,2,0.11105479365573186
5,Jane Seymour,2,0.09031806396453305
5,Jennie Garth,2,0.08914457717711896
5,Marie Osmond,2,0.09976621922904626
5,Mark Cuban,2,0.07656649941125954
5,Mel B,2,0.09743010479261126
5,Sabrina Bryan,2,0.10879164241572646
5,Wayne Newton,2,0.06458115598523614
5,Cameron Mathison,3,0.09723539258586286
5,Floyd Mayweather Jr. ,3,0.08864968327579875
5,Helio Castroneves,3,0.10257887673314936
5,Jane Seymour,3,0.11113878457511348
5,Jennie Garth,3,0.10781172229743086
5,Marie Osmond,3,0.10828923835281956
5,Mark Cuban,3,0.08404003722982575
5,Mel B,3,0.11184975193540517
5,Sabrina Bryan,3,0.11396059039868817
5,Wayne Newton,3,0.07444592261590614
5,Cameron Mathison,4,0.11487997194469535
5,Floyd Mayweather Jr. ,4,0.09717927753554743
5,Helio Castroneves,4,0.11436653112385874
5,Jane Seymour,4,0.11236391232247864
5,Jennie Garth,4,0.11549016515369424
5,Marie Osmond,4,0.11039080789504004
5,Mark Cuban,4,0.09383782879478232
5,Mel B,4,0.11375264867956435
5,Sabrina Bryan,4,0.12773885655033895
5,Cameron Mathison,5,0.13002683212556282
5,Helio Castroneves,5,0.11853779946963702
5,Jane Seymour,5,0.12859959215685202
5,Jennie Garth,5,0.12668227229564982
5,Marie Osmond,5,0.10779640234984013
5,Mark Cuban,5,0.10438664737151353
5,Mel B,5,0.14460929928104002
5,Sabrina Bryan,5,0.13936115494990461
5,Cameron Mathison,6,0.1397960442012336
5,Helio Castroneves,6,0.15322189363909208
5,Jane Seymour,6,0.12522727930794628
5,Jennie Garth,6,0.14929456138466557
5,Marie Osmond,6,0.12880785382431997
5,Mel B,6,0.16516260248194978
5,Sabrina Bryan,6,0.13848976516079298
5,Cameron Mathison,7,0.16349034199081053
5,Helio Castroneves,7,0.16939233519203642
5,Jane Seymour,7,0.15679607961793093
5,Jennie Garth,7,0.16975772262877184
5,Marie Osmond,7,0.16505908351757304
5,Mel B,7,0.17550443705287722
5,Cameron Mathison,8,0.19052967689922376
5,Helio Castroneves,8,0.21581800962889156
5,Jennie Garth,8,0.19214429177237455
5,Marie Osmond,8,0.18833112079038755
5,Mel B,8,0.21317690090912267
5,Helio Castroneves,9,0.2599186302909642
5,Jennie Garth,9,0.2416375686318376
5,Marie Osmond,9,0.2384355820745055
5,Mel B,9,0.2600082190026926
5,Helio Castroneves,10,0.35180124711724464
5,Marie Osmond,10,0.29256582174427304
5,Mel B,10,0.3556329311384824
6,Adam Carolla,1,0.06279922674940792
6,Cristian de la Fuente,1,0.08584851576523603
6,Jason Taylor,1,0.09166438252438212
6,Kristi Yamaguchi,1,0.11062775727952034
6,Mario,1,0.09883636601171233
6,Marissa Jaret Winokur,1,0.07466536442865093
6,Marlee Matlin,1,0.09069560120910813
6,Monica Seles,1,0.06136382654868982
6,Penn Jillette,1,0.06578559261985673
6,Priscilla Presley,1,0.09747661249328232
6,Shannon Elizabeth,1,0.08702109333039933
6,Steve Guttenberg,1,0.07321566103975392
6,Adam Carolla,2,0.07350877151059733
6,Cristian de la Fuente,2,0.08014360477660312
6,Jason Taylor,2,0.10296136028607615
6,Kristi Yamaguchi,2,0.10579681266012016
6,Mario,2,0.09955032465631136
6,Marissa Jaret Winokur,2,0.08056889462815582
6,Marlee Matlin,2,0.09232333305252803
6,Monica Seles,2,0.05770819748586553
6,Penn Jillette,2,0.06518487855270602
6,Priscilla Presley,2,0.08458315104283202
6,Shannon Elizabeth,2,0.09304864113349223
6,Steve Guttenberg,2,0.06462203021471223
6,Adam Carolla,3,0.09023954515567034
6,Cristian de la Fuente,3,0.10793546679864284
6,Jason Taylor,3,0.10354260179634284
6,Kristi Yamaguchi,3,0.11857904889979626
6,Mario,3,0.09433782454818204
6,Marissa Jaret Winokur,3,0.08529163730768724
6,Marlee Matlin,3,0.09355857769478784
6,Priscilla Presley,3,0.11065320693351495
6,Shannon Elizabeth,3,0.10595625494304554
6,Steve Guttenberg,3,0.08990583592233015
6,Adam Carolla,4,0.08502155785549463
6,Cristian de la Fuente,4,0.11529316975632824
6,Jason Taylor,4,0.12746491304552635
6,Kristi Yamaguchi,4,0.12964308744318437
6,Mario,4,0.10816882853853504
6,Marissa Jaret Winokur,4,0.10626710624381294
6,Marlee Matlin,4,0.10605034998256994
6,Priscilla Presley,4,0.09959824146216882
6,Shannon Elizabeth,4,0.12249274567237974
6,Cristian de la Fuente,5,0.11947651664513706
6,Jason Taylor,5,0.13661510746184055
6,Kristi Yamaguchi,5,0.14769602834793596
6,Mario,5,0.13648296445102506
6,Marissa Jaret Winokur,5,0.12271097167028736
6,Marlee Matlin,5,0.11182706966552486
6,Priscilla Presley,5,0.10621839873346745
6,Shannon Elizabeth,5,0.11897294302478176
6,Cristian de la Fuente,6,0.14761624025128525
6,Jason Taylor,6,0.13700722121287284
6,Kristi Yamaguchi,6,0.16575565852170054
6,Mario,6,0.15472242306185274
6,Marissa Jaret Winokur,6,0.14442670133694616
6,Marlee Matlin,6,0.11610170367337884
6,Shannon Elizabeth,6,0.13437005194196375
6,Cristian de la Fuente,7,0.15333877562104542
6,Jason Taylor,7,0.17556137754706413
6,Kristi Yamaguchi,7,0.17611458072398664
6,Mario,7,0.16604870809167782
6,Marissa Jaret Winokur,7,0.16736587157543772
6,Shannon Elizabeth,7,0.16157068644078834
6,Cristian de la Fuente,8,0.21135818948373294
6,Jason Taylor,8,0.19737716708669406
6,Kristi Yamaguchi,8,0.20760637142148655
6,Mario,8,0.19494417039701495
6,Marissa Jaret Winokur,8,0.18871410161107155
6,Cristian de la Fuente,9,0.2548036353027312
6,Jason Taylor,9,0.2520710893595541
6,Kristi Yamaguchi,9,0.2619199182200585
6,Marissa Jaret Winokur,9,0.2312053571176562
6,Cristian de la Fuente,10,0.3098887018202998
6,Jason Taylor,10,0.3365387435540142
6,Kristi Yamaguchi,10,0.353572554625686
7,Brooke Burke,1,0.09753102552414765
7,Cloris Leachman,1,0.06309994835779474
7,Cody Linley,1,0.08171496337267825
7,Jeffrey Ross,1,0.04670059986668433
7,Kim Kardashian,1,0.07282623759943364
7,Lance Bass,1,0.08503956080016875
7,Maurice Greene,1,0.07747247134772055
7,Misty May-Treanor,1,0.08343034049690685
7,Rocco DiSpirito,1,0.06902072452314274
7,Susan Lucci,1,0.07444392729153884
7,Ted McGinley,1,0.07249369118662304
7,Toni Braxton,1,0.08970791796406685
7,Warren Sapp,1,0.08651859166909386
7,Brooke Burke,2,0.10980947092799745
7,Cloris Leachman,2,0.06835482154294423
7,Cody Linley,2,0.09452236495727484
7,Kim Kardashian,2,0.07613262760449133
7,Lance Bass,2,0.09143045763361854
7,Maurice Greene,2,0.08754320072404125
7,Misty May-Treanor,2,0.09355267371510334
7,Rocco DiSpirito,2,0.07393662636530833
7,Susan Lucci,2,0.09392705003872134
7,Toni Braxton,2,0.10309461276602204
7,Warren Sapp,2,0.10769609372447735
7,Brooke Burke,3,0.13879072658895325
7,Cloris Leachman,3,0.08303700268926974
7,Cody Linley,3,0.10690960317935434
7,Lance Bass,3,0.11171099516510395
7,Maurice Greene,3,0.11789836936202666
7,Rocco DiSpirito,3,0.09887725605912805
7,Susan Lucci,3,0.10702514016957185
7,Toni Braxton,3,0.11130102695732015
7,Warren Sapp,3,0.12444987982927205
7,Brooke Burke,4,0.12982925734580256
7,Cloris Leachman,4,0.10526059055754504
7,Cody Linley,4,0.11425424874919876
7,Lance Bass,4,0.12468354720406656
7,Maurice Greene,4,0.10234623725564834
7,Rocco DiSpirito,4,0.08869976449776994
7,Susan Lucci,4,0.11623349116015745
7,Toni Braxton,4,0.10811097912903994
7,Warren Sapp,4,0.11058188410077145
7,Brooke Burke,5,0.14823331455279232
7,Cloris Leachman,5,0.10619498564053663
7,Cody Linley,5,0.14096553593163033
7,Lance Bass,5,0.11360322305369763
7,Maurice Greene,5,0.13490161618421503
7,Susan Lucci,5,0.11537385075982602
7,Toni Braxton,5,0.11212479649564683
7,Warren Sapp,5,0.12860267738165523
7,Brooke Burke,6,0.1647189619577481
7,Cloris Leachman,6,0.0951018251432606
7,Cody Linley,6,0.1443674602670625
7,Lance Bass,6,0.164561606772949
7,Maurice Greene,6,0.13478058831057
7,Susan Lucci,6,0.1429796645756755
7,Warren Sapp,6,0.1534898929727342
7,Brooke Burke,7,0.20095493878579915
7,Cody Linley,7,0.15148505308350302
7,Lance Bass,7,0.17124406437176842
7,Maurice Greene,7,0.16753994667739563
7,Susan Lucci,7,0.16043382258236022
7,Warren Sapp,7,0.14834217449917353
7,Brooke Burke,8,0.2168607849522691
7,Cody Linley,8,0.1877492847239116
7,Lance Bass,8,0.2005324736420738
7,Maurice Greene,8,0.1858917412504529
7,Warren Sapp,8,0.2089657154312925
7,Brooke Burke,9,0.24962326058750473
7,Cody Linley,9,0.22424499672696374
7,Lance Bass,9,0.27941709268458476
7,Warren Sapp,9,0.24671465000094683
7,Brooke Burke,10,0.35033913327029675
7,Lance Bass,10,0.32631773375037665
7,Warren Sapp,10,0.32334313297932665
8,Belinda Carlisle,1,0.06974322898093793
8,Chuck Wicks,1,0.08178798223005902
8,David Alan Grier,1,0.07716681801486283
8,Denise Richards,1,0.07439044891719612
8,Gilles Marini,1,0.09902498712505395
8,Holly Madison,1,0.07352108694294343
8,Lawrence Taylor,1,0.06663417945360703
8,Lil' Kim,1,0.08649698547733142
8,Melissa Rycroft,1,0.09496225588042274
8,Shawn Johnson,1,0.09437261799551185
8,Steve Wozniak,1,0.05421098925786162
8,Steve-O,1,0.06850642011276073
8,Ty Murray,1,0.05918199961145132
8,Belinda Carlisle,2,0.06761358343865043
8,Chuck Wicks,2,0.07673214775788492
8,David Alan Grier,2,0.06712538547351583
8,Denise Richards,2,0.07716576733365943
8,Gilles Marini,2,0.10167103920324112
8,Holly Madison,2,0.06787428265133832
8,Lawrence Taylor,2,0.07454325227874392
8,Lil' Kim,2,0.08731423636595173
8,Melissa Rycroft,2,0.09812818619787322
8,Shawn Johnson,2,0.09165129952402383
8,Steve Wozniak,2,0.06104023894557462
8,Steve-O,2,0.05422191987315872
8,Ty Murray,2,0.07491866095638383
8,Chuck Wicks,3,0.0895410660813545
8,David Alan Grier,3,0.0919833694938494
8,Denise Richards,3,0.0642995774160043
8,Gilles Marini,3,0.1073525645629706
8,Holly Madison,3,0.0669465323154956
8,Lawrence Taylor,3,0.0784930617350928
8,Lil' Kim,3,0.0985883945412636
8,Melissa Rycroft,3,0.1066559657683578
8,Shawn Johnson,3,0.1049692243830581
8,Steve Wozniak,3,0.0419562060737219
8,Steve-O,3,0.0590006483076074
8,Ty Murray,3,0.090213389321224
8,Chuck Wicks,4,0.09195691108193041
8,David Alan Grier,4,0.09169427514550832
8,Gilles Marini,4,0.12330536390477943
8,Holly Madison,4,0.06577503190041871
8,Lawrence Taylor,4,0.07955985906220021
8,Lil' Kim,4,0.11121863613408263
8,Melissa Rycroft,4,0.11846805568170962
8,Shawn Johnson,4,0.10476411403090582
8,Steve Wozniak,4,0.04847687036566201
8,Steve-O,4,0.06318282645535031
8,Ty Murray,4,0.10159805623745242
8,Chuck Wicks,5,0.10941635274161404
8,David Alan Grier,5,0.10368026102783573
8,Gilles Marini,5,0.13716478461265275
8,Lawrence Taylor,5,0.09579567550900973
8,Lil' Kim,5,0.12488356399919905
8,Melissa Rycroft,5,0.12120248546657164
8,Shawn Johnson,5,0.12363997208162825
8,Steve-O,5,0.08396862183776023
8,Ty Murray,5,0.10024828272372853
8,Chuck Wicks,6,0.12460400378151773
8,Gilles Marini,6,0.14057881783035103
8,Lawrence Taylor,6,0.11632138052239963
8,Lil' Kim,6,0.14819669295150312
8,Melissa Rycroft,6,0.14435034356273424
8,Shawn Johnson,6,0.13978060187866703
8,Steve-O,6,0.08602586178795442
8,Ty Murray,6,0.10014229768487283
8,Chuck Wicks,7,0.14710482530285005
8,Gilles Marini,7,0.14969324058460015
8,Lawrence Taylor,7,0.11508810957923445
8,Lil' Kim,7,0.14580884506144876
8,Melissa Rycroft,7,0.15721906776481814
8,Shawn Johnson,7,0.15354739538795614
8,Ty Murray,7,0.13153851631909236
8,Chuck Wicks,8,0.16126471373736095
8,Gilles Marini,8,0.17638235198926505
8,Lil' Kim,8,0.17713313310508555
8,Melissa Rycroft,8,0.15293040959503434
8,Shawn Johnson,8,0.16853688538287465
8,Ty Murray,8,0.16375250619037957
8,Gilles Marini,9,0.2117211937637771
8,Lil' Kim,9,0.1925804871418459
8,Melissa Rycroft,9,0.2112576006821526
8,Shawn Johnson,9,0.2098463134714928
8,Ty Murray,9,0.1745944049407315
8,Gilles Marini,10,0.2732174173761369
8,Melissa Rycroft,10,0.2535607180380815
8,Shawn Johnson,10,0.2585931319404533
8,Ty Murray,10,0.2146287326453282
8,Gilles Marini,11,0.3326402273060651
8,Melissa Rycroft,11,0.3256573476835523
8,Shawn Johnson,11,0.3417024250103826
9,Aaron Carter,1,0.07932011168538346
9,Ashley Hamiliton,1,0.04621904379460023
9,Chuck Liddell,1,0.054567816274707436
9,Debi Mazar,1,0.055085865822333636
9,Donny Osmond,1,0.07429670208400066
9,Joanna Krupa,1,0.08207050962242575
9,Kathy Ireland,1,0.049748934676977136
9,Kelly Osbourne,1,0.07495779420935575
9,Louie Vito,1,0.06591287195939564
9,Macy Gray,1,0.04621904379460023
9,Mark Dacascos,1,0.07091218668140194
9,Melissa Joan Hart,1,0.05914827743975664
9,Michael Irvin,1,0.04797488740276234
9,Mya,1,0.07723499455849125
9,Natalie Coughlin,1,0.06660090317108554
9,Tom DeLay,1,0.049730056822722336
9,Aaron Carter,2,0.09011544688444965
9,Chuck Liddell,2,0.06406264013382144
9,Debi Mazar,2,0.06979032521068634
9,Donny Osmond,2,0.08414038964695836
9,Joanna Krupa,2,0.07110364478062545
9,Kathy Ireland,2,0.060392417887535445
9,Kelly Osbourne,2,0.06675602704311924
9,Louie Vito,2,0.06582161943047535
9,Mark Dacascos,2,0.07156582879562894
9,Melissa Joan Hart,2,0.06527895793883515
9,Michael Irvin,2,0.06553305353879474
9,Mya,2,0.09183121895200345
9,Natalie Coughlin,2,0.07342886375475355
9,Tom DeLay,2,0.06017956600231304
9,Aaron Carter,3,0.08138700904997244
9,Chuck Liddell,3,0.06570690450794073
9,Debi Mazar,3,0.06580997556897623
9,Donny Osmond,3,0.08274802813434974
9,Joanna Krupa,3,0.08863165251683815
9,Kelly Osbourne,3,0.07761201152009455
9,Louie Vito,3,0.07544366618731184
9,Mark Dacascos,3,0.07128132157463182
9,Melissa Joan Hart,3,0.07566105809239204
9,Michael Irvin,3,0.05587773962053172
9,Mya,3,0.10403340161567484
9,Natalie Coughlin,3,0.09792561031524114
9,Tom DeLay,3,0.057881621296044725
9,Aaron Carter,4,0.07746670087291473
9,Chuck Liddell,4,0.07027450733376013
9,Donny Osmond,4,0.09978250957936874
9,Joanna Krupa,4,0.10587318450362884
9,Kelly Osbourne,4,0.09428978958224174
9,Louie Vito,4,0.06919680939453943
9,Mark Dacascos,4,0.09101531254773775
9,Melissa Joan Hart,4,0.11112316389213706
9,Michael Irvin,4,0.06724283135368633
9,Mya,4,0.11490322888741415
9,Natalie Coughlin,4,0.09883196205257114
9,Aaron Carter,5,0.09940766306274752
9,Donny Osmond,5,0.11806308444056833
9,Joanna Krupa,5,0.10264695141988282
9,Kelly Osbourne,5,0.09864267590450172
9,Louie Vito,5,0.08893372893543812
9,Mark Dacascos,5,0.10700521336767363
9,Melissa Joan Hart,5,0.09592872820865833
9,Michael Irvin,5,0.08503152020817951
9,Mya,5,0.11290873622324063
9,Natalie Coughlin,5,0.09143169822910942
9,Aaron Carter,6,0.1258019057993288
9,Donny Osmond,6,0.12074330397409935
9,Joanna Krupa,6,0.13623913170557078
9,Kelly Osbourne,6,0.09977696266738684
9,Louie Vito,6,0.09108806104822044
9,Mark Dacascos,6,0.12075427649157036
9,Melissa Joan Hart,6,0.09172426125216324
9,Michael Irvin,6,0.08748956318750284
9,Mya,6,0.1263825338741575
9,Aaron Carter,7,0.15120767340626523
9,Donny Osmond,7,0.14872565559700712
9,Joanna Krupa,7,0.15781100414734722
9,Kelly Osbourne,7,0.14728809279345773
9,Mark Dacascos,7,0.12148058909269323
9,Michael Irvin,7,0.12879979355197582
9,Mya,7,0.14468719141125364
9,Aaron Carter,8,0.18836024103205223
9,Donny Osmond,8,0.19216934177256623
9,Joanna Krupa,8,0.20015862772670462
9,Kelly Osbourne,8,0.19583933889493294
9,Mya,8,0.22347245057374404
9,Donny Osmond,9,0.2365232336494082
9,Joanna Krupa,9,0.2469773675955173
9,Kelly Osbourne,9,0.2438407621271236
9,Mya,9,0.2726586366279508
9,Donny Osmond,10,0.34833476362878285
9,Kelly Osbourne,10,0.30738840193894756
9,Mya,10,0.34427683443226953
10,Aiden Turner,1,0.07314396170310375
10,Buzz Aldrin,1,0.06594160982380715
10,Chad Ochocinco,1,0.08518162396531706
10,Erin Andrews,1,0.10082550657351927
10,Evan Lysacek,1,0.11005267211290896
10,Jake Pavelka,1,0.09534871655618087
10,Kate Gosselin,1,0.07569347417811345
10,Nicole Scherzinger,1,0.12008873725286709
10,Niecy Nash,1,0.08690931259181596
10,Pamela Anderson,1,0.10042330464649507
10,Shannen Doherty,1,0.08639108059587136
10,Aiden Turner,2,0.08549355374050581
10,Buzz Aldrin,2,0.055562149909272204
10,Chad Ochocinco,2,0.07531091683135702
10,Erin Andrews,2,0.1041654479946342
10,Evan Lysacek,2,0.11002591291042971
10,Jake Pavelka,2,0.09154791109002232
10,Kate Gosselin,2,0.06872842003981831
10,Nicole Scherzinger,2,0.12507922922333004
10,Niecy Nash,2,0.0946439205296345
10,Pamela Anderson,2,0.0997594320969358
10,Shannen Doherty,2,0.08968310563405991
10,Aiden Turner,3,0.09691087759323944
10,Buzz Aldrin,3,0.06346754365146923
10,Chad Ochocinco,3,0.09826540345390235
10,Erin Andrews,3,0.11225722228907105
10,Evan Lysacek,3,0.12777529052863856
10,Jake Pavelka,3,0.10275616575927994
10,Kate Gosselin,3,0.07460436529135503
10,Nicole Scherzinger,3,0.11633984919455466
10,Niecy Nash,3,0.10249851081998525
10,Pamela Anderson,3,0.10512477141850454
10,Aiden Turner,4,0.08951434664080057
10,Chad Ochocinco,4,0.11584785540527398
10,Erin Andrews,4,0.10738512769198137
10,Evan Lysacek,4,0.1399031281637662
10,Jake Pavelka,4,0.10447371686517717
10,Kate Gosselin,4,0.08511630039747026
10,Nicole Scherzinger,4,0.1355210450515136
10,Niecy Nash,4,0.09789998783723587
10,Pamela Anderson,4,0.12433849194678108
10,Chad Ochocinco,5,0.10853415658055371
10,Erin Andrews,5,0.12826852396592092
10,Evan Lysacek,5,0.15296255127139333
10,Jake Pavelka,5,0.12950823684361581
10,Kate Gosselin,5,0.08658570060307971
10,Nicole Scherzinger,5,0.16534026568200522
10,Niecy Nash,5,0.10532045900006622
10,Pamela Anderson,5,0.12348010605336511
10,Chad Ochocinco,6,0.14610327933273481
10,Erin Andrews,6,0.15975531004047452
10,Evan Lysacek,6,0.13440477258124822
10,Jake Pavelka,6,0.12005854874397562
10,Nicole Scherzinger,6,0.17172379243053373
10,Niecy Nash,6,0.12498976653581721
10,Pamela Anderson,6,0.14296453033521572
10,Chad Ochocinco,7,0.16595317275674226
10,Erin Andrews,7,0.16683433641219556
10,Evan Lysacek,7,0.17289688435360825
10,Nicole Scherzinger,7,0.17769010517865155
10,Niecy Nash,7,0.15517356557611406
10,Pamela Anderson,7,0.16145193572268846
10,Chad Ochocinco,8,0.18063817789347072
10,Erin Andrews,8,0.20919675113239786
10,Evan Lysacek,8,0.21060540249241425
10,Nicole Scherzinger,8,0.23108146225117576
10,Niecy Nash,8,0.16847820623054144
10,Chad Ochocinco,9,0.2242922074470705
10,Erin Andrews,9,0.2499830028994468
10,Evan Lysacek,9,0.2611445998275976
10,Nicole Scherzinger,9,0.264580189825885
10,Erin Andrews,10,0.3264497630197319
10,Evan Lysacek,10,0.3262374960376922
10,Nicole Scherzinger,10,0.3473127409425759
11,Audrina Patridge,1,0.08501201195437454
11,Brandy,1,0.10041086357106946
11,Bristol Palin,1,0.08040578769037264
11,David Hasselhoff,1,0.06552701812721844
11,Florence Henderson,1,0.07940155049990465
11,Jennifer Grey,1,0.10549870532553085
11,Kurt Warner,1,0.08422169449011555
11,Kyle Massey,1,0.10071305622233276
11,Margaret Cho,1,0.06687698284509684
11,Michael Bolton,1,0.06864559556181254
11,Rick Fox,1,0.09635492981017636
11,The Situation,1,0.06693180390199543
11,Audrina Patridge,2,0.10364683714325493
11,Brandy,2,0.09674563711069663
11,Bristol Palin,2,0.09698246020224013
11,Florence Henderson,2,0.08587980072440661
11,Jennifer Grey,2,0.10869102910560252
11,Kurt Warner,2,0.09483261344936493
11,Kyle Massey,2,0.10009856920784213
11,Margaret Cho,2,0.08027428464932441
11,Michael Bolton,2,0.05568205778592281
11,Rick Fox,2,0.09625124428371502
11,The Situation,2,0.08091546633762982
11,Audrina Patridge,3,0.11709662665267435
11,Brandy,3,0.10945687676483745
11,Bristol Palin,3,0.08702038617997784
11,Florence Henderson,3,0.09056579102154504
11,Jennifer Grey,3,0.11194991063502426
11,Kurt Warner,3,0.10260067039548894
11,Kyle Massey,3,0.10412293960272874
11,Margaret Cho,3,0.08110770699630174
11,Rick Fox,3,0.10753351830433684
11,The Situation,3,0.08854557344708484
11,Audrina Patridge,4,0.12753623475666864
11,Brandy,4,0.13325965815692967
11,Bristol Palin,4,0.09015475261876864
11,Florence Henderson,4,0.09849342589408035
11,Jennifer Grey,4,0.15124784232051575
11,Kurt Warner,4,0.09829838781494114
11,Kyle Massey,4,0.11117703314647656
11,Rick Fox,4,0.11066111979364096
11,The Situation,4,0.07917154549797834
11,Audrina Patridge,5,0.1282232282265966
11,Brandy,5,0.1486837755399208
11,Bristol Palin,5,0.1007055384313872
11,Florence Henderson,5,0.1134572854001905
11,Jennifer Grey,5,0.1385933534748965
11,Kurt Warner,5,0.1270845884632151
11,Kyle Massey,5,0.112423381086383
11,Rick Fox,5,0.1308288493774102
11,Audrina Patridge,6,0.15169773586203483
11,Brandy,6,0.17168126922890592
11,Bristol Palin,6,0.13364688953675413
11,Jennifer Grey,6,0.14247202323897593
11,Kurt Warner,6,0.11237535003742291
11,Kyle Massey,6,0.14328875125131102
11,Rick Fox,6,0.14483798084459523
11,Brandy,7,0.17788415047171985
11,Bristol Palin,7,0.15586289101853076
11,Jennifer Grey,7,0.17557638057356206
11,Kurt Warner,7,0.16403062474641625
11,Kyle Massey,7,0.16323234605379044
11,Rick Fox,7,0.16341360713598066
11,Brandy,8,0.21424330352586302
11,Bristol Palin,8,0.17995490598177113
11,Jennifer Grey,8,0.21576992894432423
11,Kurt Warner,8,0.17928401591413823
11,Kyle Massey,8,0.21074784563390342
11,Brandy,9,0.24524969212002212
11,Bristol Palin,9,0.23314681263582224
11,Jennifer Grey,9,0.26592324211667145
11,Kyle Massey,9,0.25568025312748427
11,Bristol Palin,10,0.30975138477542946
11,Jennifer Grey,10,0.3601921877289749
11,Kyle Massey,10,0.33005642749559566
12,Chelsea Kane,1,0.10005626720282894
12,Chris Jericho,1,0.09290705194254274
12,Hines Ward,1,0.10189263263550624
12,Kendra Wilkinson,1,0.08711139647225874
12,Kirstie Alley,1,0.10954701018001485
12,Mike Catherwood,1,0.06408215588242634
12,Petra Nemcova,1,0.08683666744744824
12,Ralph Macchio,1,0.11433732118379096
12,Romeo,1,0.09288625587238344
12,Sugar Ray Leonard,1,0.08189898311921054
12,Wendy Williams,1,0.06844425806158905
12,Chelsea Kane,2,0.08613687794512154
12,Chris Jericho,2,0.10422728768357874
12,Hines Ward,2,0.10634769155919634
12,Kendra Wilkinson,2,0.08869023873174985
12,Kirstie Alley,2,0.09392029904344694
12,Mike Catherwood,2,0.07674047791080903
12,Petra Nemcova,2,0.08558371263452993
12,Ralph Macchio,2,0.09829011170981054
12,Romeo,2,0.10388613079598494
12,Sugar Ray Leonard,2,0.07957815598116194
12,Wendy Williams,2,0.07659901600461022
12,Chelsea Kane,3,0.10721209960715943
12,Chris Jericho,3,0.09984449225025323
12,Hines Ward,3,0.11644202098416423
12,Kendra Wilkinson,3,0.10455999280504162
12,Kirstie Alley,3,0.09855331616115162
12,Petra Nemcova,3,0.11384382113093423
12,Ralph Macchio,3,0.09992162373902312
12,Romeo,3,0.09591504314369052
12,Sugar Ray Leonard,3,0.09297489321855291
12,Wendy Williams,3,0.07073269696002911
12,Chelsea Kane,4,0.12507368652580517
12,Chris Jericho,4,0.11201304556057165
12,Hines Ward,4,0.12210166396030235
12,Kendra Wilkinson,4,0.09070387459224084
12,Kirstie Alley,4,0.10690514407135614
12,Petra Nemcova,4,0.11167668112187025
12,Ralph Macchio,4,0.11880326273825585
12,Romeo,4,0.11189782872463956
12,Sugar Ray Leonard,4,0.10082481270495824
12,Chelsea Kane,5,0.13491239724197013
12,Chris Jericho,5,0.13113226867382802
12,Hines Ward,5,0.13862229302161233
12,Kendra Wilkinson,5,0.11346167053205473
12,Kirstie Alley,5,0.11954367150844533
12,Petra Nemcova,5,0.11310884130151833
12,Ralph Macchio,5,0.11550050032407483
12,Romeo,5,0.13371835739649632
12,Chelsea Kane,6,0.15507023730146421
12,Chris Jericho,6,0.12290652121803122
12,Hines Ward,6,0.15105004312006493
12,Kendra Wilkinson,6,0.13833480726334182
12,Kirstie Alley,6,0.14363353676825152
12,Ralph Macchio,6,0.13490577114449312
12,Romeo,6,0.15409908318435311
12,Chelsea Kane,7,0.17184880207534242
12,Hines Ward,7,0.17535570939455683
12,Kendra Wilkinson,7,0.15911886079567902
12,Kirstie Alley,7,0.16094830397196322
12,Ralph Macchio,7,0.17144778960239812
12,Romeo,7,0.16128053416006033
12,Chelsea Kane,8,0.2154239791694961
12,Hines Ward,8,0.2085988652103443
12,Kirstie Alley,8,0.2022411394368987
12,Ralph Macchio,8,0.1779225565840303
12,Romeo,8,0.1958134595992307
12,Chelsea Kane,9,0.3052527497295859
12,Hines Ward,9,0.2582212363930142
12,Kirstie Alley,9,0.2347966595858399
12,Ralph Macchio,9,0.20172935429156
12,Chelsea Kane,10,0.3426745335580438
12,Hines Ward,10,0.338401306870266
12,Kirstie Alley,10,0.3189241595716902
13,Carson Kressley,1,0.07815071504391143
13,Chaz Bono,1,0.07766732340073143
13,Chynna Phillips,1,0.10037272488163683
13,David Arquette,1,0.08240369921316942
13,Elisabetta Canalis,1,0.07069982884977873
13,Hope Solo,1,0.09541974197537052
13,J.R. Martinez,1,0.10073624690751312
13,Kristin Cavallari,1,0.08799895433637993
13,Metta World Peace (Ron),1,0.06397705292675933
13,Nancy Grace,1,0.07490261776985772
13,Ricki Lake,1,0.09267240726336043
13,Rob Kardashian,1,0.07499868743153103
13,Carson Kressley,2,0.08153463533665353
13,Chaz Bono,2,0.07628244916080912
13,Chynna Phillips,2,0.09560703885023962
13,David Arquette,2,0.08228747481773643
13,Elisabetta Canalis,2,0.09180928876567303
13,Hope Solo,2,0.08716666085158632
13,J.R. Martinez,2,0.09956802133790861
13,Kristin Cavallari,2,0.09773879405265791
13,Nancy Grace,2,0.09199964350415493
13,Ricki Lake,2,0.10302484005359161
13,Rob Kardashian,2,0.09298115326898873
13,Carson Kressley,3,0.09560006873089225
13,Chaz Bono,3,0.07786420197062593
13,Chynna Phillips,3,0.10773774751444205
13,David Arquette,3,0.10042285453362974
13,Hope Solo,3,0.10112840011834955
13,J.R. Martinez,3,0.11007931471643435
13,Kristin Cavallari,3,0.10086588941330434
13,Nancy Grace,3,0.08985063961742464
13,Ricki Lake,3,0.11479447742277586
13,Rob Kardashian,3,0.10165640596212135
13,Carson Kressley,4,0.09609575857358123
13,Chaz Bono,4,0.09945159053565573
13,Chynna Phillips,4,0.10113950736342983
13,David Arquette,4,0.11104638459230064
13,Hope Solo,4,0.11465642644675934
13,J.R. Martinez,4,0.12524500938432345
13,Nancy Grace,4,0.10103705387451282
13,Ricki Lake,4,0.13619519730479027
13,Rob Kardashian,4,0.11513307192464664
13,Carson Kressley,5,0.10061542634971445
13,Chaz Bono,5,0.11088252423890765
13,David Arquette,5,0.13169208113140554
13,Hope Solo,5,0.12634237402610066
13,J.R. Martinez,5,0.14888304409175054
13,Nancy Grace,5,0.11782810236148955
13,Ricki Lake,5,0.13203538972274637
13,Rob Kardashian,5,0.13172105807788526
13,Chaz Bono,6,0.11396465084191952
13,David Arquette,6,0.13943179966570463
13,Hope Solo,6,0.12481827575104702
13,J.R. Martinez,6,0.17192705897515584
13,Nancy Grace,6,0.14267098556064842
13,Ricki Lake,6,0.17155495599686044
13,Rob Kardashian,6,0.13563227320866414
13,David Arquette,7,0.15783750269964492
13,Hope Solo,7,0.16852004245946292
13,J.R. Martinez,7,0.16917020842058664
13,Nancy Grace,7,0.15041411976570843
13,Ricki Lake,7,0.18156013217473474
13,Rob Kardashian,7,0.17249799447986233
13,Hope Solo,8,0.19827823908150385
13,J.R. Martinez,8,0.22720193972401426
13,Nancy Grace,8,0.16793051376566792
13,Ricki Lake,8,0.20557887362367286
13,Rob Kardashian,8,0.20101043380514116
13,Hope Solo,9,0.2051309328769274
13,J.R. Martinez,9,0.2426753160435504
13,Ricki Lake,9,0.2796840517392207
13,Rob Kardashian,9,0.2725096993403015
13,J.R. Martinez,10,0.3313072839551019
13,Ricki Lake,10,0.3328798146129672
13,Rob Kardashian,10,0.3358129014319308
14,Donald Driver,1,0.07873984019764944
14,Gavin DeGraw,1,0.07443669915765083
14,Gladys Knight,1,0.08400618705288594
14,Jack Wagner,1,0.08460099088836834
14,Jaleel White,1,0.09509172924634594
14,Katherine Jenkins,1,0.09633613225279974
14,Maria Menounos,1,0.07904288823293325
14,Martina Navratilova,1,0.07313052515725912
14,Melissa Gilbert,1,0.07413443703121823
14,Roshon Fegan,1,0.08606984223474694
14,Sherri Sheperd,1,0.08517312829103374
14,William Levy,1,0.08923760025710845
14,Donald Driver,2,0.08830483203398264
14,Gavin DeGraw,2,0.07797333599043332
14,Gladys Knight,2,0.07247893696639053
14,Jack Wagner,2,0.07873026119199954
14,Jaleel White,2,0.08305627282915194
14,Katherine Jenkins,2,0.09670954105867664
14,Maria Menounos,2,0.09168075469653854
14,Martina Navratilova,2,0.06361601963803842
14,Melissa Gilbert,2,0.07480767380508123
14,Roshon Fegan,2,0.09488960280387994
14,Sherri Sheperd,2,0.08506043036497964
14,William Levy,2,0.09269233862084754
14,Donald Driver,3,0.09411393944584216
14,Gavin DeGraw,3,0.08579048291421815
14,Gladys Knight,3,0.08453499660102194
14,Jack Wagner,3,0.08490524615499774
14,Jaleel White,3,0.08909598901711516
14,Katherine Jenkins,3,0.10297210073562596
14,Maria Menounos,3,0.09708689934810716
14,Melissa Gilbert,3,0.08533376169418544
14,Roshon Fegan,3,0.09132114639164665
14,Sherri Sheperd,3,0.08582510051405394
14,William Levy,3,0.09902033718318576
14,Donald Driver,4,0.11445318510423895
14,Gavin DeGraw,4,0.09655060882260594
14,Gladys Knight,4,0.08659925462339714
14,Jaleel White,4,0.09513717541121584
14,Katherine Jenkins,4,0.10513700431015645
14,Maria Menounos,4,0.11100992726598456
14,Melissa Gilbert,4,0.09370863281254364
14,Roshon Fegan,4,0.11017878282667985
14,Sherri Sheperd,4,0.08969291837346634
14,William Levy,4,0.09753251044971134
14,Donald Driver,5,0.12101185464020484
14,Gavin DeGraw,5,0.08592440245362033
14,Gladys Knight,5,0.09685941221695124
14,Jaleel White,5,0.10892117776446573
14,Katherine Jenkins,5,0.12910247226357055
14,Maria Menounos,5,0.11969603885774084
14,Melissa Gilbert,5,0.09560410781382474
14,Roshon Fegan,5,0.11524802058195784
14,William Levy,5,0.12763251340766396
14,Donald Driver,6,0.13190966307716376
14,Gladys Knight,6,0.09328453022497464
14,Jaleel White,6,0.14004526618670585
14,Katherine Jenkins,6,0.14904231022246617
14,Maria Menounos,6,0.11952143546723025
14,Melissa Gilbert,6,0.11549496894408136
14,Roshon Fegan,6,0.11168847422518816
14,William Levy,6,0.13901335165218986
14,Donald Driver,7,0.14502173641385302
14,Jaleel White,7,0.13847763904473104
14,Katherine Jenkins,7,0.14872067147862103
14,Maria Menounos,7,0.15268450392466282
14,Melissa Gilbert,7,0.12836753127435352
14,Roshon Fegan,7,0.14065738580441983
14,William Levy,7,0.14607053205935872
14,Donald Driver,8,0.17058711268460774
14,Katherine Jenkins,8,0.17062137790924006
14,Maria Menounos,8,0.16614188864680896
14,Melissa Gilbert,8,0.15075397138875085
14,Roshon Fegan,8,0.16577944377359904
14,William Levy,8,0.17611620559699345
14,Donald Driver,9,0.2498070803806469
14,Katherine Jenkins,9,0.2464458813425611
14,Maria Menounos,9,0.2498207176044979
14,William Levy,9,0.2539263206722941
14,Donald Driver,10,0.33218045742430813
14,Katherine Jenkins,10,0.33526668258398556
14,William Levy,10,0.33255285999170636
15,Apolo Anton Ohno,1,0.07992113080984156
15,Bristol Palin,1,0.06975387793280216
15,Drew Lachey,1,0.07765855936579345
15,Emmitt Smith,1,0.08763873229936336
15,Gilles Marini,1,0.08683479107185596
15,Helio Castroneves,1,0.07783533242813236
15,Joey Fatone,1,0.07431214977117825
15,Kelly Monaco,1,0.07760820081214635
15,Kirstie Alley,1,0.06896508641669166
15,Melissa Rycroft,1,0.07636870956933575
15,Pamela Anderson,1,0.061013596219348945
15,Sabrina Bryan,1,0.08199762975565465
15,Shawn Johnson,1,0.08009220354785565
15,Apolo Anton Ohno,2,0.08817210843224384
15,Bristol Palin,2,0.06673273718599904
15,Drew Lachey,2,0.08136085755096424
15,Emmitt Smith,2,0.08263757718592925
15,Gilles Marini,2,0.09188451877297664
15,Helio Castroneves,2,0.08330887541070954
15,Joey Fatone,2,0.08071675661490395
15,Kelly Monaco,2,0.08080508283339954
15,Kirstie Alley,2,0.07614293611919254
15,Melissa Rycroft,2,0.08525874770944675
15,Sabrina Bryan,2,0.09292796320982465
15,Shawn Johnson,2,0.09005183897440994
15,Apolo Anton Ohno,3,0.09210290595500656
15,Bristol Palin,3,0.08050674453532075
15,Drew Lachey,3,0.08509748957045235
15,Emmitt Smith,3,0.09044316063141175
15,Gilles Marini,3,0.09350360968219655
15,Helio Castroneves,3,0.09017957438232055
15,Kelly Monaco,3,0.09659725933376476
15,Kirstie Alley,3,0.08551846561018225
15,Melissa Rycroft,3,0.09693397542510035
15,Sabrina Bryan,3,0.09274650382106016
15,Shawn Johnson,3,0.09637031105318405
15,Apolo Anton Ohno,4,0.10838718263943466
15,Bristol Palin,4,0.09858110889954214
15,Emmitt Smith,4,0.11199483523955235
15,Gilles Marini,4,0.12149207792334085
15,Kelly Monaco,4,0.11573076758144865
15,Kirstie Alley,4,0.09537822264291554
15,Melissa Rycroft,4,0.11531735367688356
15,Sabrina Bryan,4,0.11136355581088135
15,Shawn Johnson,4,0.12175489558600096
15,Apolo Anton Ohno,5,0.12693045127066133
15,Emmitt Smith,5,0.12523440144596332
15,Gilles Marini,5,0.12726081661429273
15,Kelly Monaco,5,0.11724320763166123
15,Kirstie Alley,5,0.11737259272224312
15,Melissa Rycroft,5,0.12750517674054623
15,Sabrina Bryan,5,0.13090530112201923
15,Shawn Johnson,5,0.12754805245261272
15,Apolo Anton Ohno,6,0.13136534891045243
15,Emmitt Smith,6,0.11865015995340422
15,Gilles Marini,6,0.12222398865591143
15,Kelly Monaco,6,0.12025842602291363
15,Kirstie Alley,6,0.11967224381345352
15,Melissa Rycroft,6,0.13133151857207542
15,Sabrina Bryan,6,0.13108659392466473
15,Shawn Johnson,6,0.12541172014712462
15,Apolo Anton Ohno,7,0.13840294992894925
15,Emmitt Smith,7,0.14238530772080965
15,Gilles Marini,7,0.13899847450065045
15,Kelly Monaco,7,0.14755830992208965
15,Kirstie Alley,7,0.11825431129222344
15,Melissa Rycroft,7,0.15955159507667785
15,Shawn Johnson,7,0.15484905155859977
15,Apolo Anton Ohno,8,0.14710883505547903
15,Emmitt Smith,8,0.14563416431073714
15,Gilles Marini,8,0.14273979693017622
15,Kelly Monaco,8,0.14411156282307933
15,Kirstie Alley,8,0.12362201009225622
15,Melissa Rycroft,8,0.15298567522976803
15,Shawn Johnson,8,0.14379795555850403
15,Apolo Anton Ohno,9,0.19575678469773608
15,Emmitt Smith,9,0.18523773301337876
15,Kelly Monaco,9,0.1980275826635189
15,Melissa Rycroft,9,0.20889320871407108
15,Shawn Johnson,9,0.21208469091129528
15,Kelly Monaco,10,0.33238568812232355
15,Melissa Rycroft,10,0.33568459525561434
15,Shawn Johnson,10,0.33192971662206217
16,Alexandra Raisman,1,0.09223148435691014
16,Andy Dick,1,0.07481747067960814
16,D. L. Hughley,1,0.05349929059343473
16,Dorothy Hamill,1,0.08913305916246524
16,Ingo Rademacher,1,0.08690665352690134
16,Jacoby Jones,1,0.08798955324243105
16,Kellie Pickler,1,0.09291511850290844
16,Lisa Vanderpump,1,0.07826390665095914
16,Sean Lowe,1,0.08289740239905743
16,Victor Ortiz,1,0.07831773477172624
16,Wynonna Judd,1,0.07808289784802575
16,Zendaya,1,0.10494542826557246
16,Alexandra Raisman,2,0.09751220506886447
16,Andy Dick,2,0.08061725124275046
16,D. L. Hughley,2,0.06445990358120554
16,Dorothy Hamill,2,0.06351106765012474
16,Ingo Rademacher,2,0.08259093560309856
16,Jacoby Jones,2,0.09453646662465237
16,Kellie Pickler,2,0.10502571158250316
16,Lisa Vanderpump,2,0.07484435260155865
16,Sean Lowe,2,0.08218423427140806
16,Victor Ortiz,2,0.07546414178468995
16,Wynonna Judd,2,0.07291215569181664
16,Zendaya,2,0.10634157429732746
16,Alexandra Raisman,3,0.09956863804855665
16,Andy Dick,3,0.07820262774166634
16,D. L. Hughley,3,0.06968464197037583
16,Ingo Rademacher,3,0.08979591711336245
16,Jacoby Jones,3,0.10910890525193605
16,Kellie Pickler,3,0.10708518531899464
16,Lisa Vanderpump,3,0.08743055538933074
16,Sean Lowe,3,0.08890032326451484
16,Victor Ortiz,3,0.09475448674968415
16,Wynonna Judd,3,0.06465066341423682
16,Zendaya,3,0.11081805573734156
16,Alexandra Raisman,4,0.11870072063844675
16,Andy Dick,4,0.09188502882963655
16,D. L. Hughley,4,0.09100466444254485
16,Ingo Rademacher,4,0.10143113635617304
16,Jacoby Jones,4,0.10847837370750495
16,Kellie Pickler,4,0.11628555139126015
16,Lisa Vanderpump,4,0.08085177091387565
16,Sean Lowe,4,0.09113213915665734
16,Victor Ortiz,4,0.08300363242215414
16,Zendaya,4,0.11722698214174665
16,Alexandra Raisman,5,0.12111431773362026
16,Andy Dick,5,0.08853843533862264
16,D. L. Hughley,5,0.08652640717326604
16,Ingo Rademacher,5,0.10224827453242755
16,Jacoby Jones,5,0.12279646632563565
16,Kellie Pickler,5,0.12921946424132438
16,Sean Lowe,5,0.11337999651769486
16,Victor Ortiz,5,0.09937002073965755
16,Zendaya,5,0.13680661739775118
16,Alexandra Raisman,6,0.13915674084389146
16,Andy Dick,6,0.11007633642281583
16,Ingo Rademacher,6,0.12136341858235854
16,Jacoby Jones,6,0.12172105902007964
16,Kellie Pickler,6,0.14311964889808565
16,Sean Lowe,6,0.12177576282309954
16,Victor Ortiz,6,0.10527445670979564
16,Zendaya,6,0.13751257669987377
16,Alexandra Raisman,7,0.17176311019598106
16,Andy Dick,7,0.09414262398504886
16,Ingo Rademacher,7,0.13632517994830184
16,Jacoby Jones,7,0.14658309792211505
16,Kellie Pickler,7,0.15816796813415596
16,Sean Lowe,7,0.13014168030945666
16,Zendaya,7,0.16287633950494065
16,Alexandra Raisman,8,0.18126843809956245
16,Ingo Rademacher,8,0.15422874060970534
16,Jacoby Jones,8,0.16830315916728916
16,Kellie Pickler,8,0.17723013489875455
16,Sean Lowe,8,0.13399815711157975
16,Zendaya,8,0.18497137011310885
16,Alexandra Raisman,9,0.2094283552848955
16,Ingo Rademacher,9,0.1776405911054625
16,Jacoby Jones,9,0.20768712578658
16,Kellie Pickler,9,0.206763236908394
16,Zendaya,9,0.198480690914668
16,Alexandra Raisman,10,0.24840441004407976
16,Jacoby Jones,10,0.24047670829558054
16,Kellie Pickler,10,0.25593682899063225
16,Zendaya,10,0.25518205266970745
17,Amber Riley,1,0.10418543265230712
17,Bill Engvall,1,0.07110922318377672
17,Bill Nye,1,0.05544582198240031
17,Brant Daugherty,1,0.08606000148760543
17,Christina Milian,1,0.08660768189344173
17,Corbin Bleu,1,0.09406663686090781
17,Elizabeth Berkley Lauren,1,0.09375646068348911
17,Jack Osbourne,1,0.08979999283718543
17,Keyshawn Johnson,1,0.06643883744536991
17,Leah Remini,1,0.08268756933528122
17,"Nicole ""Snooki"" Polizzi",1,0.08872312278490463
17,Valerie Harper,1,0.08111921885333043
17,Amber Riley,2,0.09136380165737502
17,Bill Engvall,2,0.07897680582461503
17,Bill Nye,2,0.06278533781181962
17,Brant Daugherty,2,0.08736398834484613
17,Christina Milian,2,0.09354030324321073
17,Corbin Bleu,2,0.09739562086341892
17,Elizabeth Berkley Lauren,2,0.09392214453279622
17,Jack Osbourne,2,0.08954995290294453
17,Keyshawn Johnson,2,0.06698004080088803
17,Leah Remini,2,0.08947945954515622
17,"Nicole ""Snooki"" Polizzi",2,0.07765545460553842
17,Valerie Harper,2,0.07098708986739113
17,Amber Riley,3,0.09542610824657066
17,Bill Engvall,3,0.09252253393751515
17,Bill Nye,3,0.06271848925340834
17,Brant Daugherty,3,0.10321030882724115
17,Christina Milian,3,0.10132857184550875
17,Corbin Bleu,3,0.10255194838084256
17,Elizabeth Berkley Lauren,3,0.09893621821153226
17,Jack Osbourne,3,0.08779149821351045
17,Leah Remini,3,0.09427655851048565
17,"Nicole ""Snooki"" Polizzi",3,0.09669306336174875
17,Valerie Harper,3,0.06454470121163644
17,Amber Riley,4,0.11218541856070556
17,Bill Engvall,4,0.08989529641844564
17,Brant Daugherty,4,0.09185524314858734
17,Christina Milian,4,0.10251247656517194
17,Corbin Bleu,4,0.11325979858345865
17,Elizabeth Berkley Lauren,4,0.11246469096913905
17,Jack Osbourne,4,0.10109993727066593
17,Leah Remini,4,0.10014395594497565
17,"Nicole ""Snooki"" Polizzi",4,0.10190327698488204
17,Valerie Harper,4,0.07467990555396822
17,Amber Riley,5,0.11257914582111216
17,Bill Engvall,5,0.10097885063548054
17,Brant Daugherty,5,0.11411510491999095
17,Christina Milian,5,0.11720636343387436
17,Corbin Bleu,5,0.11829347139854615
17,Elizabeth Berkley Lauren,5,0.11254589490057156
17,Jack Osbourne,5,0.11366715289234146
17,Leah Remini,5,0.09600941951764794
17,"Nicole ""Snooki"" Polizzi",5,0.11460459648043496
17,Amber Riley,6,0.13715173156212312
17,Bill Engvall,6,0.10559682567854463
17,Brant Daugherty,6,0.13328135897224772
17,Corbin Bleu,6,0.11954082539237942
17,Elizabeth Berkley Lauren,6,0.13625134676010603
17,Jack Osbourne,6,0.11883253100033293
17,Leah Remini,6,0.12025360005017102
17,"Nicole ""Snooki"" Polizzi",6,0.12909178058409512
17,Amber Riley,7,0.13335488065445675
17,Bill Engvall,7,0.11188999798419695
17,Brant Daugherty,7,0.12868571040000046
17,Corbin Bleu,7,0.13271976840410377
17,Elizabeth Berkley Lauren,7,0.12277794222312366
17,Jack Osbourne,7,0.12879021065649796
17,Leah Remini,7,0.12061702636625315
17,"Nicole ""Snooki"" Polizzi",7,0.12116446331136735
17,Amber Riley,8,0.14617528596033666
17,Bill Engvall,8,0.12464668287521474
17,Brant Daugherty,8,0.13929357916172985
17,Corbin Bleu,8,0.15638020703179187
17,Elizabeth Berkley Lauren,8,0.13293238798389914
17,Jack Osbourne,8,0.15507273973123276
17,Leah Remini,8,0.14549911725579515
17,Amber Riley,9,0.16534657793321922
17,Bill Engvall,9,0.13534626136047273
17,Corbin Bleu,9,0.18395620080929254
17,Elizabeth Berkley Lauren,9,0.17319594356883763
17,Jack Osbourne,9,0.17229287778090424
17,Leah Remini,9,0.16986213854727364
17,Amber Riley,10,0.22447085682719006
17,Bill Engvall,10,0.17253493184309843
17,Corbin Bleu,10,0.21531947708998844
17,Jack Osbourne,10,0.20361686615436786
17,Leah Remini,10,0.18405786808535524
17,Amber Riley,11,0.27338886437869253
17,Bill Engvall,11,0.22228876772550166
17,Corbin Bleu,11,0.25931274528482806
17,Jack Osbourne,11,0.24500962261097775
18,Amy Purdy,1,0.09175041484473813
18,Billy Dee Williams,1,0.056896204338652015
18,Candace Cameron Bure,1,0.09420186595122922
18,Charlie White,1,0.10254981811144712
18,Cody Simpson,1,0.08410232681216163
18,Danica McKellar,1,0.09175396357609773
18,Diana Nyad,1,0.06815252339954371
18,Drew Carey,1,0.08021010668978262
18,James Maslow,1,0.08155737291564483
18,Meryl Davis,1,0.09210756717635793
18,NeNe Leakes,1,0.08017415498436893
18,Sean Avery,1,0.07654368119997601
18,Amy Purdy,2,0.09872618428233287
18,Billy Dee Williams,2,0.06029158148659404
18,Candace Cameron Bure,2,0.08743674895856575
18,Charlie White,2,0.10303588208776857
18,Cody Simpson,2,0.09088307893658228
18,Danica McKellar,2,0.09867852148192167
18,Drew Carey,2,0.08595042823278096
18,James Maslow,2,0.10130792010137207
18,Meryl Davis,2,0.10294629167729347
18,NeNe Leakes,2,0.08620859679791476
18,Sean Avery,2,0.08453476595687376
18,Amy Purdy,3,0.11558066076649146
18,Candace Cameron Bure,3,0.10234350638109914
18,Charlie White,3,0.11567533571664476
18,Cody Simpson,3,0.11144813310304676
18,Danica McKellar,3,0.11514545402410206
18,Drew Carey,3,0.09797942592251155
18,James Maslow,3,0.11608497988442505
18,Meryl Davis,3,0.12521848717681736
18,NeNe Leakes,3,0.10052401702486184
18,Amy Purdy,4,0.11470470144045336
18,Candace Cameron Bure,4,0.09593245417255034
18,Charlie White,4,0.11184254432390556
18,Cody Simpson,4,0.10500336429766614
18,Danica McKellar,4,0.10938540508853216
18,Drew Carey,4,0.10816289807520595
18,James Maslow,4,0.11812976512161806
18,Meryl Davis,4,0.12945675887422045
18,NeNe Leakes,4,0.10738210860584804
18,Amy Purdy,5,0.11551906325425125
18,Candace Cameron Bure,5,0.10721815454679534
18,Charlie White,5,0.11475769839953585
18,Cody Simpson,5,0.10451978031138064
18,Danica McKellar,5,0.11979555473744875
18,Drew Carey,5,0.08974170535225474
18,James Maslow,5,0.12287172204630696
18,Meryl Davis,5,0.11465068829026136
18,NeNe Leakes,5,0.11092563306176516
18,Amy Purdy,6,0.13431836974065095
18,Candace Cameron Bure,6,0.11536027133498675
18,Charlie White,6,0.12774122191251736
18,Danica McKellar,6,0.12823691587454175
18,Drew Carey,6,0.11121242749590854
18,James Maslow,6,0.12518306195016116
18,Meryl Davis,6,0.14052118247459044
18,NeNe Leakes,6,0.11742654921664304
18,Amy Purdy,7,0.14920837125696385
18,Candace Cameron Bure,7,0.14462075006099015
18,Charlie White,7,0.14196224196011276
18,Danica McKellar,7,0.14281962722824837
18,James Maslow,7,0.13888297273107525
18,Meryl Davis,7,0.15348134982053876
18,NeNe Leakes,7,0.12902468694207095
18,Amy Purdy,8,0.1765993919815766
18,Candace Cameron Bure,8,0.1599838246582428
18,Charlie White,8,0.1751982779501745
18,Danica McKellar,8,0.1652933869125625
18,James Maslow,8,0.1604618032348717
18,Meryl Davis,8,0.1624633152625718
18,Amy Purdy,9,0.20588328954193283
18,Candace Cameron Bure,9,0.18887471980172973
18,Charlie White,9,0.19620778690005702
18,James Maslow,9,0.19972922415117392
18,Meryl Davis,9,0.20930497960510652
18,Amy Purdy,10,0.2583560585395184
18,Candace Cameron Bure,10,0.2277428677179862
18,James Maslow,10,0.2525542550147025
18,Meryl Davis,10,0.2613468187277928
19,Alfonso Ribeiro,1,0.09568162490155784
19,Antonio Sabato Jr.,1,0.06830770849191872
19,Bethany Mota,1,0.08617606855666934
19,Betsey Johnson,1,0.05535535323766703
19,Janel Parrish,1,0.07900855049473024
19,Jonathan Bennett,1,0.08045215595349264
19,Lea Thompson,1,0.08644865435950415
19,Lolo Jones,1,0.05869357803485093
19,Michael Waltrip,1,0.06679257235935543
19,Randy Couture,1,0.08238073015589895
19,Sadie Robertson,1,0.09053885538734024
19,Tavis Smiley,1,0.07747724289092672
19,Tommy Chong,1,0.07268690517608772
19,Alfonso Ribeiro,2,0.08927784211261124
19,Antonio Sabato Jr.,2,0.08384935513181015
19,Bethany Mota,2,0.09226345697030494
19,Betsey Johnson,2,0.07579623493474533
19,Janel Parrish,2,0.09403454230041364
19,Jonathan Bennett,2,0.08304836323416534
19,Lea Thompson,2,0.09523653574954584
19,Michael Waltrip,2,0.06719926655487952
19,Randy Couture,2,0.07735845228122523
19,Sadie Robertson,2,0.08647541119675434
19,Tavis Smiley,2,0.07722230062718542
19,Tommy Chong,2,0.07823823890635914
19,Alfonso Ribeiro,3,0.09322086045638003
19,Antonio Sabato Jr.,3,0.08306055333499533
19,Bethany Mota,3,0.11090148489414893
19,Betsey Johnson,3,0.08227955336273343
19,Janel Parrish,3,0.11172554499982613
19,Jonathan Bennett,3,0.08894778889662172
19,Lea Thompson,3,0.09111485437648813
19,Michael Waltrip,3,0.07822352801022103
19,Randy Couture,3,0.07401708443317251
19,Sadie Robertson,3,0.09236399373784082
19,Tommy Chong,3,0.09414475349757181
19,Alfonso Ribeiro,4,0.12258674718476997
19,Antonio Sabato Jr.,4,0.09105079642476516
19,Bethany Mota,4,0.10512124018011776
19,Betsey Johnson,4,0.08972522314256015
19,Janel Parrish,4,0.11325695134847687
19,Jonathan Bennett,4,0.07743817725542335
19,Lea Thompson,4,0.11964628892322567
19,Michael Waltrip,4,0.07806050585168914
19,Sadie Robertson,4,0.11509137077557707
19,Tommy Chong,4,0.08802269891339495
19,Alfonso Ribeiro,5,0.12936193252891956
19,Antonio Sabato Jr.,5,0.10486776988202694
19,Bethany Mota,5,0.12089577811814775
19,Janel Parrish,5,0.12395115868888065
19,Jonathan Bennett,5,0.09192215373517004
19,Lea Thompson,5,0.12743338846489785
19,Michael Waltrip,5,0.07878112156257173
19,Sadie Robertson,5,0.13405435643275615
19,Tommy Chong,5,0.08873234058662934
19,Alfonso Ribeiro,6,0.13189753740724908
19,Antonio Sabato Jr.,6,0.09676255584676334
19,Bethany Mota,6,0.12352327035337185
19,Janel Parrish,6,0.11417290782154306
19,Jonathan Bennett,6,0.10656681057096755
19,Lea Thompson,6,0.11173607483281106
19,Michael Waltrip,6,0.09981797659312085
19,Sadie Robertson,6,0.11993948181846566
19,Tommy Chong,6,0.09558338475570764
19,Alfonso Ribeiro,7,0.13420967977500575
19,Antonio Sabato Jr.,7,0.11247666860460706
19,Bethany Mota,7,0.14454530397169074
19,Janel Parrish,7,0.13167211598655607
19,Lea Thompson,7,0.13308614773149754
19,Michael Waltrip,7,0.10697931759803404
19,Sadie Robertson,7,0.12255906746447395
19,Tommy Chong,7,0.11447169886813495
19,Alfonso Ribeiro,8,0.16409157436805435
19,Bethany Mota,8,0.16108771174405614
19,Janel Parrish,8,0.17068800305095455
19,Lea Thompson,8,0.13206540713040776
19,Michael Waltrip,8,0.10151225316886395
19,Sadie Robertson,8,0.15228367090019154
19,Tommy Chong,8,0.11827137963747184
19,Alfonso Ribeiro,9,0.18007056609066294
19,Bethany Mota,9,0.17404660543523143
19,Janel Parrish,9,0.18116041176273273
19,Lea Thompson,9,0.15980534537423244
19,Sadie Robertson,9,0.17101634831847132
19,Tommy Chong,9,0.13390072301866912
19,Alfonso Ribeiro,10,0.2073968092716311
19,Bethany Mota,10,0.2082146504981504
19,Janel Parrish,10,0.2139020240249042
19,Sadie Robertson,10,0.2040087943076927
19,Tommy Chong,10,0.1664777218976216
19,Alfonso Ribeiro,11,0.255241036029979
19,Bethany Mota,11,0.2436852584725956
19,Janel Parrish,11,0.2500182994913648
19,Sadie Robertson,11,0.2510554060060605
20,Charlotte McKinney,1,0.06955037836945896
20,Chris Soules,1,0.08007575754382415
20,Michael Sam,1,0.08159893278161436
20,Nastia Liukin,1,0.09467958105992438
20,Noah Galloway,1,0.08150746077405445
20,Patti LaBelle,1,0.07866381668278616
20,Redfoo,1,0.07086448579135726
20,Riker Lynch,1,0.09710902061900858
20,Robert Herjavec,1,0.08746192550388715
20,Rumer Willis,1,0.09999445060775008
20,Suzanne Somers,1,0.07873016827543805
20,Willow Shields,1,0.07976402199089655
20,Charlotte McKinney,2,0.07349987663197473
20,Chris Soules,2,0.06368831415410073
20,Michael Sam,2,0.07999010767113172
20,Nastia Liukin,2,0.09798823506050104
20,Noah Galloway,2,0.07887303589111402
20,Patti LaBelle,2,0.07925867441212123
20,Redfoo,2,0.08701765316378193
20,Riker Lynch,2,0.09333983381332353
20,Robert Herjavec,2,0.08158836765106563
20,Rumer Willis,2,0.09334664298098062
20,Suzanne Somers,2,0.07993706346690063
20,Willow Shields,2,0.09147219510300422
20,Charlotte McKinney,3,0.07085300953416974
20,Chris Soules,3,0.08695063627783764
20,Michael Sam,3,0.07828173406918024
20,Nastia Liukin,3,0.10816903973716226
20,Noah Galloway,3,0.09472399425635214
20,Patti LaBelle,3,0.07291220087190134
20,Riker Lynch,3,0.10729896367719095
20,Robert Herjavec,3,0.09266382612839905
20,Rumer Willis,3,0.10484816109809586
20,Suzanne Somers,3,0.08048931698595255
20,Willow Shields,3,0.10280911736375845
20,Chris Soules,4,0.08437889392186172
20,Michael Sam,4,0.09079868756001983
20,Nastia Liukin,4,0.11214521379754794
20,Noah Galloway,4,0.09817104036150433
20,Patti LaBelle,4,0.09088313204166223
20,Riker Lynch,4,0.10694352703601434
20,Robert Herjavec,4,0.10213936819685543
20,Rumer Willis,4,0.10954277573289184
20,Suzanne Somers,4,0.08650036414354843
20,Willow Shields,4,0.11849699720809384
20,Chris Soules,5,0.09646157790159683
20,Nastia Liukin,5,0.13216737772907597
20,Noah Galloway,5,0.10047350106697023
20,Patti LaBelle,5,0.09690077730037992
20,Riker Lynch,5,0.13202553980348217
20,Robert Herjavec,5,0.08892669839448863
20,Rumer Willis,5,0.13458407867460764
20,Suzanne Somers,5,0.09770241752934973
20,Willow Shields,5,0.12075803160004885
20,Chris Soules,6,0.12120517001255145
20,Nastia Liukin,6,0.13165572332689446
20,Noah Galloway,6,0.12061153242158584
20,Patti LaBelle,6,0.11771572403721894
20,Riker Lynch,6,0.13501072650658916
20,Robert Herjavec,6,0.11608294844869284
20,Rumer Willis,6,0.12781914268100267
20,Willow Shields,6,0.12989903256546464
20,Chris Soules,7,0.12362535338337734
20,Nastia Liukin,7,0.16025108428286305
20,Noah Galloway,7,0.14713800464913585
20,Riker Lynch,7,0.14771019427753135
20,Robert Herjavec,7,0.12288543818856765
20,Rumer Willis,7,0.14740295725545546
20,Willow Shields,7,0.15098696796306926
20,Chris Soules,8,0.14664652584371132
20,Nastia Liukin,8,0.18199250667924344
20,Noah Galloway,8,0.15449126485907913
20,Riker Lynch,8,0.18553526988620464
20,Robert Herjavec,8,0.14230322586034413
20,Rumer Willis,8,0.18903120687141736
20,Nastia Liukin,9,0.2490410425117877
20,Noah Galloway,9,0.2413790254695579
20,Riker Lynch,9,0.2573142279950112
20,Rumer Willis,9,0.2522657040236431
20,Noah Galloway,10,0.3115375087384063
20,Riker Lynch,10,0.3444674372188082
20,Rumer Willis,10,0.3439950540427856
21,Alek Skarlatos,1,0.08768114523177181
21,Alexa PenaVega,1,0.08787903695244041
21,Andy Grammer,1,0.08378509052199141
21,Bindi Irwin,1,0.09541941903651853
21,Carlos PenaVega,1,0.09130208334736341
21,Chaka Khan,1,0.05216955789210141
21,Gary Busey,1,0.060076325020246214
21,Hayes Grier,1,0.08395393922481831
21,Kim Zolciak-Biermann,1,0.04960596031979361
21,Nick Carter,1,0.09507651097966963
21,Paula Deen,1,0.060586791646249416
21,Tamar Braxton,1,0.09191259628644662
21,Victor Espinoza,1,0.06055154354058921
21,Alek Skarlatos,2,0.08437635324637555
21,Alexa PenaVega,2,0.08657361575693284
21,Andy Grammer,2,0.08156186423340685
21,Bindi Irwin,2,0.08956827942175404
21,Carlos PenaVega,2,0.08426820474075944
21,Chaka Khan,2,0.05386669275048702
21,Gary Busey,2,0.06137175812793233
21,Hayes Grier,2,0.08345319035701054
21,Kim Zolciak-Biermann,2,0.06529977312554702
21,Nick Carter,2,0.08577475917056744
21,Paula Deen,2,0.06649667466703303
21,Tamar Braxton,2,0.09101913669493004
21,Victor Espinoza,2,0.06636969770726382
21,Alek Skarlatos,3,0.10717628414018586
21,Alexa PenaVega,3,0.11493684039748786
21,Andy Grammer,3,0.09579396834641174
21,Bindi Irwin,3,0.10622510117365876
21,Carlos PenaVega,3,0.10217271470579364
21,Gary Busey,3,0.08063081388813524
21,Hayes Grier,3,0.09976216683319725
21,Nick Carter,3,0.11658261252761616
21,Paula Deen,3,0.06807920252859705
21,Tamar Braxton,3,0.10864029545891656
21,Alek Skarlatos,4,0.10121868340249694
21,Alexa PenaVega,4,0.09378760154132744
21,Andy Grammer,4,0.09855317364555025
21,Bindi Irwin,4,0.11744764978826736
21,Carlos PenaVega,4,0.10686291843283026
21,Gary Busey,4,0.06836503296959404
21,Hayes Grier,4,0.11154793461783026
21,Nick Carter,4,0.11426451620052355
21,Paula Deen,4,0.07574145756784094
21,Tamar Braxton,4,0.11221103183373905
21,Alek Skarlatos,5,0.09742665918186093
21,Alexa PenaVega,5,0.12752489280608112
21,Andy Grammer,5,0.11903231495960563
21,Bindi Irwin,5,0.12345062869097252
21,Carlos PenaVega,5,0.12767152777499313
21,Hayes Grier,5,0.10158958858486243
21,Nick Carter,5,0.11734256865083553
21,Paula Deen,5,0.08531910072961492
21,Tamar Braxton,5,0.10064271862117383
21,Alek Skarlatos,6,0.09711916925115693
21,Alexa PenaVega,6,0.10004876370649862
21,Andy Grammer,6,0.12620699869038843
21,Bindi Irwin,6,0.12705687460739593
21,Carlos PenaVega,6,0.12174825090773433
21,Hayes Grier,6,0.10329377654571123
21,Nick Carter,6,0.12337031397701953
21,Paula Deen,6,0.07668410704377521
21,Tamar Braxton,6,0.12447174527031973
21,Alek Skarlatos,7,0.11837693231611934
21,Alexa PenaVega,7,0.12328363807414444
21,Andy Grammer,7,0.12592527651028135
21,Bindi Irwin,7,0.13166432823634336
21,Carlos PenaVega,7,0.12767662006108005
21,Hayes Grier,7,0.12402748190902504
21,Nick Carter,7,0.12546242376045705
21,Tamar Braxton,7,0.12358329913254944
21,Alek Skarlatos,8,0.13037299086003434
21,Alexa PenaVega,8,0.14088902634118217
21,Andy Grammer,8,0.12388870833749614
21,Bindi Irwin,8,0.14654412665065836
21,Carlos PenaVega,8,0.14925726904209605
21,Nick Carter,8,0.16636112331624475
21,Tamar Braxton,8,0.14268675545228834
21,Alek Skarlatos,9,0.15731121362079384
21,Alexa PenaVega,9,0.17562232892906632
21,Bindi Irwin,9,0.18352368069006514
21,Carlos PenaVega,9,0.16843882185415043
21,Nick Carter,9,0.16974837849872643
21,Tamar Braxton,9,0.14535557640719793
21,Alek Skarlatos,10,0.2400113331087805
21,Bindi Irwin,10,0.2647620609109407
21,Carlos PenaVega,10,0.2635038751643316
21,Nick Carter,10,0.2317227308159472
21,Alek Skarlatos,11,0.2375422690542145
21,Bindi Irwin,11,0.255194060105009
21,Carlos PenaVega,11,0.255077369110517
21,Nick Carter,11,0.2521863017302596
22,Antonio Brown,1,0.08794007259152906
22,Doug Flutie,1,0.06505294166885645
22,Geraldo Rivera,1,0.05483597235002723
22,Ginger Zee,1,0.09634600169706646
22,Jodie Sweetin,1,0.08478170231906855
22,Kim Fields,1,0.08412263881993666
22,Marla Maples,1,0.08825922791732335
22,Mischa Barton,1,0.06720693635851305
22,Nyle DiMarco,1,0.09612918480816936
22,Paige VanZant,1,0.08965494885831606
22,Von Miller,1,0.08826020468953966
22,Wanya Morris,1,0.09741016792165416
22,Antonio Brown,2,0.08118769540178145
22,Doug Flutie,2,0.08258567274985454
22,Geraldo Rivera,2,0.054649599245983824
22,Ginger Zee,2,0.08933635683240475
22,Jodie Sweetin,2,0.08882421402505584
22,Kim Fields,2,0.08141457281238765
22,Marla Maples,2,0.08496480509692994
22,Mischa Barton,2,0.06440976841643392
22,Nyle DiMarco,2,0.08691785980807794
22,Paige VanZant,2,0.10002684192441764
22,Von Miller,2,0.08472860100664724
22,Wanya Morris,2,0.10095401268002534
22,Antonio Brown,3,0.08584027392082454
22,Doug Flutie,3,0.08351514471289165
22,Ginger Zee,3,0.09039921880710954
22,Jodie Sweetin,3,0.09550272979633384
22,Kim Fields,3,0.09230442123204693
22,Marla Maples,3,0.08808971150545145
22,Mischa Barton,3,0.07471670827847712
22,Nyle DiMarco,3,0.10402876613909603
22,Paige VanZant,3,0.09835573639699814
22,Von Miller,3,0.08551146623845775
22,Wanya Morris,3,0.10173582297231294
22,Antonio Brown,4,0.10663526846420032
22,Doug Flutie,4,0.07783127475006181
22,Ginger Zee,4,0.11109601322257792
22,Jodie Sweetin,4,0.08866111255374032
22,Kim Fields,4,0.09972324264400353
22,Marla Maples,4,0.08769173875271791
22,Nyle DiMarco,4,0.10828116716576663
22,Paige VanZant,4,0.11162590674677282
22,Von Miller,4,0.09941212408761553
22,Wanya Morris,4,0.10904215161254313
22,Antonio Brown,5,0.09792198173642686
22,Doug Flutie,5,0.09955702955940536
22,Ginger Zee,5,0.11566256973115027
22,Jodie Sweetin,5,0.12313540780500357
22,Kim Fields,5,0.10245463047834685
22,Nyle DiMarco,5,0.13094560199805577
22,Paige VanZant,5,0.11389771943463826
22,Von Miller,5,0.10546958274281175
22,Wanya Morris,5,0.11095547651416135
22,Antonio Brown,6,0.11665991496832541
22,Doug Flutie,6,0.09219746626591281
22,Ginger Zee,6,0.10765751495124032
22,Jodie Sweetin,6,0.11133756843520272
22,Kim Fields,6,0.10566153404700862
22,Nyle DiMarco,6,0.11277306621587321
22,Paige VanZant,6,0.12222995947662081
22,Von Miller,6,0.10591971416423011
22,Wanya Morris,6,0.12556326147558583
22,Antonio Brown,7,0.12277904644586095
22,Ginger Zee,7,0.12924525698484104
22,Jodie Sweetin,7,0.12150962806485065
22,Kim Fields,7,0.11841755004350864
22,Nyle DiMarco,7,0.13123528167381776
22,Paige VanZant,7,0.12970015370621946
22,Von Miller,7,0.11843532603564755
22,Wanya Morris,7,0.12867775704525405
22,Antonio Brown,8,0.1596645809781496
22,Ginger Zee,8,0.1763222997136011
22,Jodie Sweetin,8,0.1733818273995344
22,Nyle DiMarco,8,0.1718280821446317
22,Paige VanZant,8,0.1672688790452754
22,Wanya Morris,8,0.1515343307188077
22,Antonio Brown,9,0.18487326242717492
22,Ginger Zee,9,0.20093809230160722
22,Nyle DiMarco,9,0.20406456724157074
22,Paige VanZant,9,0.21013057390723522
22,Wanya Morris,9,0.19999350412241193
22,Ginger Zee,10,0.3259970259025871
22,Nyle DiMarco,10,0.3332467768665721
22,Paige VanZant,10,0.3407561972308407
23,Amber Rose,1,0.07239407217675804
23,Babyface,1,0.07922465617485414
23,Calvin Johnson Jr.,1,0.07893095330076814
23,Jake T. Austin,1,0.06675653549363494
23,James Hinchcliffe,1,0.09300779028137855
23,Jana Kramer,1,0.08182015974438166
23,Laurie Hernandez,1,0.09369175545037335
23,Marilu Henner,1,0.08140614088959156
23,Maureen McCormick,1,0.06734717399306074
23,Rick Perry,1,0.060734490120172936
23,Ryan Lochte,1,0.07237806288717805
23,Terra Jole,1,0.07678971376089325
23,Vanilla Ice,1,0.07551849572695464
23,Amber Rose,2,0.06885195333484503
23,Babyface,2,0.08364929271601824
23,Calvin Johnson Jr.,2,0.08044691627619434
23,Jake T. Austin,2,0.06756380162274243
23,James Hinchcliffe,2,0.08346526066953414
23,Jana Kramer,2,0.08177734750365404
23,Laurie Hernandez,2,0.09116673541296944
23,Marilu Henner,2,0.07737184108716393
23,Maureen McCormick,2,0.07384267977125723
23,Rick Perry,2,0.06254495485066892
23,Ryan Lochte,2,0.06882913021848983
23,Terra Jole,2,0.08702728848403314
23,Vanilla Ice,2,0.07346279805242922
23,Amber Rose,3,0.07744629965526442
23,Babyface,3,0.07686811647552502
23,Calvin Johnson Jr.,3,0.09622068051567284
23,James Hinchcliffe,3,0.09018494737073794
23,Jana Kramer,3,0.08086975561978704
23,Laurie Hernandez,3,0.09642806573608115
23,Marilu Henner,3,0.08513698332064235
23,Maureen McCormick,3,0.08553532868525784
23,Rick Perry,3,0.07004175967638422
23,Ryan Lochte,3,0.07687241820146153
23,Terra Jole,3,0.09217335030946784
23,Vanilla Ice,3,0.07222229443371783
23,Amber Rose,4,0.09103555206115287
23,Babyface,4,0.06906715653173186
23,Calvin Johnson Jr.,4,0.08960051547260747
23,James Hinchcliffe,4,0.10674407158337387
23,Jana Kramer,4,0.08898994768877858
23,Laurie Hernandez,4,0.11246197660588927
23,Marilu Henner,4,0.08311892098847666
23,Maureen McCormick,4,0.09185233776427457
23,Ryan Lochte,4,0.08464977474675765
23,Terra Jole,4,0.09652610304125737
23,Vanilla Ice,4,0.08595364351569995
23,Amber Rose,5,0.10361493663597203
23,Calvin Johnson Jr.,5,0.10588587430096855
23,James Hinchcliffe,5,0.12580144716071356
23,Jana Kramer,5,0.11377818996166664
23,Laurie Hernandez,5,0.11138742158473984
23,Marilu Henner,5,0.11549954287212615
23,Maureen McCormick,5,0.10457411195280575
23,Ryan Lochte,5,0.10374491177149743
23,Terra Jole,5,0.11571356375951004
23,Amber Rose,6,0.09195941399286474
23,Calvin Johnson Jr.,6,0.12024281738599275
23,James Hinchcliffe,6,0.12483075069961776
23,Jana Kramer,6,0.12853977426213786
23,Laurie Hernandez,6,0.12016909942015536
23,Marilu Henner,6,0.11128779136879996
23,Maureen McCormick,6,0.10237937815282425
23,Ryan Lochte,6,0.09963491372844555
23,Terra Jole,6,0.10095606098916184
23,Calvin Johnson Jr.,7,0.13410981279796513
23,James Hinchcliffe,7,0.13619557304119334
23,Jana Kramer,7,0.12724270476327704
23,Laurie Hernandez,7,0.12758428788632864
23,Marilu Henner,7,0.11555583590226143
23,Maureen McCormick,7,0.11792608721111963
23,Ryan Lochte,7,0.11855672239499723
23,Terra Jole,7,0.12282897600285762
23,Calvin Johnson Jr.,8,0.14907027877996426
23,James Hinchcliffe,8,0.16990093468157436
23,Jana Kramer,8,0.14945119598946016
23,Laurie Hernandez,8,0.16209511430177115
23,Marilu Henner,8,0.11780084125955964
23,Ryan Lochte,8,0.12823840613748036
23,Terra Jole,8,0.12344322885019024
23,Calvin Johnson Jr.,9,0.1639777032738283
23,James Hinchcliffe,9,0.1627720248509426
23,Jana Kramer,9,0.1754799889268617
23,Laurie Hernandez,9,0.1771703750464481
23,Marilu Henner,9,0.1544359716936687
23,Terra Jole,9,0.1661639362082505
23,Calvin Johnson Jr.,10,0.19309871163800527
23,James Hinchcliffe,10,0.20193383548929947
23,Jana Kramer,10,0.19840205285273216
23,Laurie Hernandez,10,0.20618568954552555
23,Terra Jole,10,0.20037971047443764
23,Calvin Johnson Jr.,11,0.25113094825579635
23,James Hinchcliffe,11,0.2559150528760998
23,Jana Kramer,11,0.23467049850077684
23,Laurie Hernandez,11,0.25828350036732706
24,Bonner Bolton,1,0.07380423184103814
24,Charo,1,0.07005449083180014
24,Chris Kattan,1,0.05714252707751233
24,David Ross,1,0.09191055292407535
24,Erika Jayne,1,0.07990828575998794
24,Heather Morris,1,0.09266300498677715
24,Mr. T,1,0.06632803590756794
24,Nancy Kerrigan,1,0.09219137022037045
24,Nick Viall,1,0.07920498095769034
24,Normani,1,0.09011444867914546
24,Rashad Jennings,1,0.10213492953965715
24,Simone Biles,1,0.10454314127437746
24,Bonner Bolton,2,0.08336548218206274
24,Charo,2,0.07523266373165884
24,Chris Kattan,2,0.06566735491376834
24,David Ross,2,0.08387329034421664
24,Erika Jayne,2,0.08429390931377514
24,Heather Morris,2,0.09214037216939824
24,Mr. T,2,0.06730860205799484
24,Nancy Kerrigan,2,0.08695139438362594
24,Nick Viall,2,0.07656229045506724
24,Normani,2,0.09722123862899934
24,Rashad Jennings,2,0.09700377608423974
24,Simone Biles,2,0.09037962573519304
24,Bonner Bolton,3,0.07840838333837942
24,Charo,3,0.07601562408282021
24,David Ross,3,0.09686535165851402
24,Erika Jayne,3,0.08341328487770831
24,Heather Morris,3,0.10385946696882793
24,Mr. T,3,0.07610061384510661
24,Nancy Kerrigan,3,0.10302369823232523
24,Nick Viall,3,0.08281145822527021
24,Normani,3,0.10639725275582533
24,Rashad Jennings,3,0.09176772502465272
24,Simone Biles,3,0.10133714099057002
24,Bonner Bolton,4,0.09657170929025455
24,David Ross,4,0.09530916697658864
24,Erika Jayne,4,0.09222293994516584
24,Heather Morris,4,0.10748461188357414
24,Mr. T,4,0.08491711529064525
24,Nancy Kerrigan,4,0.10265589924695374
24,Nick Viall,4,0.09270334600009894
24,Normani,4,0.10113102397664454
24,Rashad Jennings,4,0.11627250849205525
24,Simone Biles,4,0.11073167889801906
24,Bonner Bolton,5,0.09976643975138975
24,David Ross,5,0.09680639998702195
24,Erika Jayne,5,0.10388579216986565
24,Heather Morris,5,0.11323216925800907
24,Nancy Kerrigan,5,0.11746478556362187
24,Nick Viall,5,0.11027194925621397
24,Normani,5,0.12646385825326328
24,Rashad Jennings,5,0.10807270986393386
24,Simone Biles,5,0.12403589589668067
24,Bonner Bolton,6,0.11589595603910414
24,David Ross,6,0.11452093042927494
24,Heather Morris,6,0.13498246117440807
24,Nancy Kerrigan,6,0.12482471248670374
24,Nick Viall,6,0.11425171118051965
24,Normani,6,0.13564065456888286
24,Rashad Jennings,6,0.13007704797528766
24,Simone Biles,6,0.12980652614581895
24,Bonner Bolton,7,0.1238496957935414
24,David Ross,7,0.1289299287658731
24,Nancy Kerrigan,7,0.1389552587250356
24,Nick Viall,7,0.1308073583950288
24,Normani,7,0.1668279171277751
24,Rashad Jennings,7,0.1556260099739596
24,Simone Biles,7,0.1550038312187863
24,Bonner Bolton,8,0.16425715537668065
24,David Ross,8,0.18708123303461247
24,Normani,8,0.22548510489184476
24,Rashad Jennings,8,0.21517824458049767
24,Simone Biles,8,0.20799826211636455
24,David Ross,9,0.23245666448253485
24,Normani,9,0.25429398613544546
24,Rashad Jennings,9,0.25642037710710885
24,Simone Biles,9,0.25682897227491086
24,David Ross,10,0.31530608010778455
24,Normani,10,0.3409367910672478
24,Rashad Jennings,10,0.34375712882496773
25,Barbara Corcoran,1,0.058782557824246025
25,Debbie Gibson,1,0.07138302566804502
25,Derek Fisher,1,0.07484030559981163
25,Drew Scott,1,0.06771218822542763
25,Frankie Muniz,1,0.08006549523745154
25,Jordan Fisher,1,0.09174854937921115
25,Lindsey Stirling,1,0.09135957250181954
25,Nick Lachey,1,0.07485109791752732
25,Nikki Bella,1,0.08264122556495475
25,Sasha Pieterse,1,0.07583417319717083
25,Terrell Owens,1,0.06354470165556093
25,Vanessa Lachey,1,0.08768246938074514
25,Victoria Arlen,1,0.07955463784802855
25,Barbara Corcoran,2,0.06088659011871652
25,Debbie Gibson,2,0.07365788685556163
25,Derek Fisher,2,0.07040558001607843
25,Drew Scott,2,0.07502714688333373
25,Frankie Muniz,2,0.08624750563074232
25,Jordan Fisher,2,0.08845470599087595
25,Lindsey Stirling,2,0.08431373558106553
25,Nick Lachey,2,0.07042084182771403
25,Nikki Bella,2,0.07259550907900103
25,Sasha Pieterse,2,0.08069231481248433
25,Terrell Owens,2,0.07104995575666913
25,Vanessa Lachey,2,0.08586838222677103
25,Victoria Arlen,2,0.08037984522098633
25,Derek Fisher,3,0.08561231323881115
25,Drew Scott,3,0.09331009891907514
25,Frankie Muniz,3,0.08736935224319174
25,Jordan Fisher,3,0.10266111044594015
25,Lindsey Stirling,3,0.10842033153366705
25,Nick Lachey,3,0.08526608658901924
25,Nikki Bella,3,0.08622344894692784
25,Sasha Pieterse,3,0.07989906470979315
25,Terrell Owens,3,0.08609454785485005
25,Vanessa Lachey,3,0.09411582413843794
25,Victoria Arlen,3,0.09102782138028664
25,Derek Fisher,4,0.08422537413488225
25,Drew Scott,4,0.08896469197851806
25,Frankie Muniz,4,0.08945681787875535
25,Jordan Fisher,4,0.10672759365608417
25,Lindsey Stirling,4,0.09732371356060637
25,Nick Lachey,4,0.08113070559513115
25,Nikki Bella,4,0.08897817835380036
25,Sasha Pieterse,4,0.08744318232081616
25,Terrell Owens,4,0.08841064566862455
25,Vanessa Lachey,4,0.08876585169068585
25,Victoria Arlen,4,0.09857324516209587
25,Drew Scott,5,0.09556450209679035
25,Frankie Muniz,5,0.10874346833479435
25,Jordan Fisher,5,0.11518911710528718
25,Lindsey Stirling,5,0.10812290461656905
25,Nick Lachey,5,0.08406049951836134
25,Nikki Bella,5,0.10321821311051906
25,Sasha Pieterse,5,0.09153004777489586
25,Terrell Owens,5,0.09696210810518475
25,Vanessa Lachey,5,0.09363868690150885
25,Victoria Arlen,5,0.10297045243608925
25,Drew Scott,6,0.10054623310233093
25,Frankie Muniz,6,0.10501140039976473
25,Jordan Fisher,6,0.12666930505788024
25,Lindsey Stirling,6,0.12823079691243663
25,Nick Lachey,6,0.08496962278386151
25,Nikki Bella,6,0.11588085102266232
25,Terrell Owens,6,0.11860342914465592
25,Vanessa Lachey,6,0.11612876022695633
25,Victoria Arlen,6,0.10395960134945142
25,Drew Scott,7,0.12997607126109664
25,Frankie Muniz,7,0.13765236993533694
25,Jordan Fisher,7,0.12941479228020866
25,Lindsey Stirling,7,0.12233413868674166
25,Nikki Bella,7,0.11037846803250145
25,Terrell Owens,7,0.11661728985118196
25,Vanessa Lachey,7,0.12298583578217316
25,Victoria Arlen,7,0.13064103417075956
25,Drew Scott,8,0.15201287347907802
25,Frankie Muniz,8,0.16950383935991623
25,Jordan Fisher,8,0.18958265092658774
25,Lindsey Stirling,8,0.17255891336754534
25,Terrell Owens,8,0.15980581550087064
25,Victoria Arlen,8,0.15653590736600204
25,Drew Scott,9,0.18008658948592074
25,Frankie Muniz,9,0.19145152559622836
25,Jordan Fisher,9,0.21551476736057865
25,Lindsey Stirling,9,0.21096089138117935
25,Victoria Arlen,9,0.20198622617609305
25,Drew Scott,10,0.2389230115536283
25,Frankie Muniz,10,0.2480905814677051
25,Jordan Fisher,10,0.2566995490846143
25,Lindsey Stirling,10,0.2562868578940523
26,Adam Rippon,1,0.11512805947687546
26,Arike Ogunbowale,1,0.09654399249930964
26,Chris Mazdzer,1,0.10049883390429684
26,Jamie Anderson,1,0.08876295474049274
26,Jennie Finch Daigle,1,0.09999128421365965
26,Johnny Damon,1,0.08398134005308915
26,Josh Norman,1,0.11344411607324055
26,Kareem Abdul-Jabbar,1,0.08176481213838814
26,Mirai Nagasu,1,0.11048132436487666
26,Tonya Harding,1,0.10940328253577125
26,Adam Rippon,2,0.1408124096928143
26,Arike Ogunbowale,2,0.1270455991418608
26,Chris Mazdzer,2,0.1230596014225465
26,Jennie Finch Daigle,2,0.1168593262076189
26,Josh Norman,2,0.1223714971277659
26,Kareem Abdul-Jabbar,2,0.1069677985529224
26,Mirai Nagasu,2,0.1371665524158169
26,Tonya Harding,2,0.1257172154386542
26,Adam Rippon,3,0.19909644844532468
26,Chris Mazdzer,3,0.15020485452492854
26,Jennie Finch Daigle,3,0.13241703400125154
26,Josh Norman,3,0.18515697502508757
26,Mirai Nagasu,3,0.16009749264488218
26,Tonya Harding,3,0.17302719535852548
26,Adam Rippon,4,0.3398750604421977
26,Josh Norman,4,0.3332750060791403
26,Tonya Harding,4,0.3268499334786622
27,Alexis Ren,1,0.08620127525659294
27,Bobby Bones,1,0.07750999386640695
27,Danelle Umstead,1,0.06992569744356095
27,DeMarcus Ware,1,0.08950222968014306
27,Evanna Lynch,1,0.07170674038543434
27,Joe Amabile,1,0.055259116397954625
27,John Schneider,1,0.07083960134665473
27,Juan Pablo Di Pace,1,0.08672085980742174
27,Mary Lou Retton,1,0.07854305720543925
27,Milo Manheim,1,0.07947402802246384
27,Nancy McKeon,1,0.07596921646360794
27,Nikki Glaser,1,0.06810540583131135
27,Tinashe,1,0.09024277829300825
27,Alexis Ren,2,0.09069560047150772
27,Bobby Bones,2,0.07352602912234342
27,Danelle Umstead,2,0.06853164233967661
27,DeMarcus Ware,2,0.08778589534685173
27,Evanna Lynch,2,0.08815033399335763
27,Joe Amabile,2,0.06401336932551902
27,John Schneider,2,0.07868564305434723
27,Juan Pablo Di Pace,2,0.09640854737723081
27,Mary Lou Retton,2,0.08489347921882733
27,Milo Manheim,2,0.09514350305556982
27,Nancy McKeon,2,0.07620263852895331
27,Tinashe,2,0.09596331816581521
27,Alexis Ren,3,0.09644323538797864
27,Bobby Bones,3,0.08397336257756474
27,DeMarcus Ware,3,0.09520545882993904
27,Evanna Lynch,3,0.09889504118351544
27,Joe Amabile,3,0.06606622895892304
27,John Schneider,3,0.07858261841875144
27,Juan Pablo Di Pace,3,0.10901582246943836
27,Mary Lou Retton,3,0.08995115531078834
27,Milo Manheim,3,0.10108233731032604
27,Nancy McKeon,3,0.08062913294760794
27,Tinashe,3,0.10015560660516715
27,Alexis Ren,4,0.10831915566770765
27,Bobby Bones,4,0.08651503294443214
27,DeMarcus Ware,4,0.09637976443617664
27,Evanna Lynch,4,0.10337547293645354
27,Joe Amabile,4,0.06565249164901624
27,John Schneider,4,0.09055313465500735
27,Juan Pablo Di Pace,4,0.10583507670690595
27,Mary Lou Retton,4,0.11003164783093426
27,Milo Manheim,4,0.12262670924048316
27,Tinashe,4,0.11071151393288316
27,Alexis Ren,5,0.12880891348382975
27,Bobby Bones,5,0.09515456045972624
27,DeMarcus Ware,5,0.11609404161467646
27,Evanna Lynch,5,0.11016042592344795
27,Joe Amabile,5,0.07819523896519213
27,John Schneider,5,0.10590345921998474
27,Juan Pablo Di Pace,5,0.12953620874134616
27,Mary Lou Retton,5,0.11273988477170156
27,Milo Manheim,5,0.12340726682009505
27,Alexis Ren,6,0.11876016324177344
27,Bobby Bones,6,0.09704150859621773
27,DeMarcus Ware,6,0.11328279240319494
27,Evanna Lynch,6,0.12517964284209196
27,Joe Amabile,6,0.09461451423229023
27,John Schneider,6,0.08693932701306073
27,Juan Pablo Di Pace,6,0.12997550021800816
27,Mary Lou Retton,6,0.10446611243399624
27,Milo Manheim,6,0.12974043901936655
27,Alexis Ren,7,0.12889366302982772
27,Bobby Bones,7,0.12028875843380432
27,DeMarcus Ware,7,0.11953146380819833
27,Evanna Lynch,7,0.13723568983559664
27,Joe Amabile,7,0.10806503665657252
27,John Schneider,7,0.11923026344401162
27,Juan Pablo Di Pace,7,0.13172442988035882
27,Milo Manheim,7,0.13503069491163003
27,Alexis Ren,8,0.18039843480348422
27,Bobby Bones,8,0.14478141865996572
27,Evanna Lynch,8,0.18209076127837892
27,Joe Amabile,8,0.13848866766222823
27,Juan Pablo Di Pace,8,0.18015940626743943
27,Milo Manheim,8,0.17408131132850344
27,Alexis Ren,9,0.24796161882879872
27,Bobby Bones,9,0.23291825215066972
27,Evanna Lynch,9,0.25992406371817095
27,Milo Manheim,9,0.25919606530236067
28,Ally Brooke,1,0.08218829880512855
28,Hannah Brown,1,0.10210880606574076
28,James Van Der Beek,1,0.10541483680048945
28,Karamo Brown,1,0.08623667885351906
28,Kate Flannery,1,0.07787316868458724
28,Kel Mitchell,1,0.08205538099684846
28,Lamar Odom,1,0.05572081334609163
28,Lauren Alaina,1,0.09566952057473324
28,Mary Wilson,1,0.08471959153639536
28,Ray Lewis,1,0.07540438225906604
28,Sailor Brinkley-Cook,1,0.09075693094392896
28,Sean Spicer,1,0.061851591133471134
28,Ally Brooke,2,0.09195743149982154
28,Hannah Brown,2,0.10789635591367314
28,James Van Der Beek,2,0.09346656876378644
28,Karamo Brown,2,0.08551152271605844
28,Kate Flannery,2,0.09529299131924535
28,Kel Mitchell,2,0.09052138070982554
28,Lamar Odom,2,0.05446876039217222
28,Lauren Alaina,2,0.08781926979167634
28,Mary Wilson,2,0.06891070840354703
28,Ray Lewis,2,0.06806122307720502
28,Sailor Brinkley-Cook,2,0.08462399337569274
28,Sean Spicer,2,0.07146979403729622
28,Ally Brooke,3,0.11934510456475372
28,Hannah Brown,3,0.10790446710308461
28,James Van Der Beek,3,0.11420799713213553
28,Karamo Brown,3,0.08370041353797833
28,Kate Flannery,3,0.11803531667466442
28,Kel Mitchell,3,0.10223389625783211
28,Lamar Odom,3,0.06196990146227741
28,Lauren Alaina,3,0.10192017719158672
28,Sailor Brinkley-Cook,3,0.11416574769740123
28,Sean Spicer,3,0.07651697837828582
28,Ally Brooke,4,0.11426826872770145
28,Hannah Brown,4,0.11262597105204354
28,James Van Der Beek,4,0.10165322538878213
28,Karamo Brown,4,0.09739495919097242
28,Kate Flannery,4,0.09535935592131023
28,Kel Mitchell,4,0.11252652085344045
28,Lamar Odom,4,0.06955975868221782
28,Lauren Alaina,4,0.11152444908884813
28,Sailor Brinkley-Cook,4,0.10991285098369624
28,Sean Spicer,4,0.07517464011098762
28,Ally Brooke,5,0.12413825212663196
28,Hannah Brown,5,0.11585064511549076
28,James Van Der Beek,5,0.11978982894092406
28,Karamo Brown,5,0.09918729837442235
28,Kate Flannery,5,0.11135949983929876
28,Kel Mitchell,5,0.12034952134377186
28,Lauren Alaina,5,0.10857877773289464
28,Sailor Brinkley-Cook,5,0.11254638944276465
28,Sean Spicer,5,0.08819978708380104
28,Ally Brooke,6,0.11177319163603645
28,Hannah Brown,6,0.10706375625289445
28,James Van Der Beek,6,0.11882629840184555
28,Karamo Brown,6,0.10858148084258036
28,Kate Flannery,6,0.11686235588128055
28,Kel Mitchell,6,0.11460619684401835
28,Lauren Alaina,6,0.11394734641887645
28,Sailor Brinkley-Cook,6,0.11671966237385276
28,Sean Spicer,6,0.09161971134861514
28,Ally Brooke,7,0.13371921105976212
28,Hannah Brown,7,0.12938917677048442
28,James Van Der Beek,7,0.13491191234170694
28,Karamo Brown,7,0.12007762113472882
28,Kate Flannery,7,0.11980450141905302
28,Kel Mitchell,7,0.12763223798773632
28,Lauren Alaina,7,0.13155713385794074
28,Sean Spicer,7,0.10290820542858763
28,Ally Brooke,8,0.15644336350984223
28,Hannah Brown,8,0.15880417014796502
28,James Van Der Beek,8,0.16367796495625492
28,Kate Flannery,8,0.13317271358295593
28,Kel Mitchell,8,0.15487667759339072
28,Lauren Alaina,8,0.12835034010020563
28,Sean Spicer,8,0.10467477010938551
28,Ally Brooke,9,0.191035038799416
28,Hannah Brown,9,0.171773281563731
28,James Van Der Beek,9,0.172978176917233
28,Kel Mitchell,9,0.1782799648638073
28,Lauren Alaina,9,0.1671692455181859
28,Sean Spicer,9,0.1187642923376267
28,Ally Brooke,10,0.21504795106383043
28,Hannah Brown,10,0.19749736999933382
28,James Van Der Beek,10,0.18313386800219944
28,Kel Mitchell,10,0.20753960519750242
28,Lauren Alaina,10,0.19678120573713392
28,Ally Brooke,11,0.25681249818235613
28,Hannah Brown,11,0.24744557528446595
28,Kel Mitchell,11,0.25224273444064116
28,Lauren Alaina,11,0.24349919209253676
29,AJ McLean,1,0.06927851674640832
29,Anne Heche,1,0.06884274756951533
29,Carole Baskin,1,0.04353393756750922
29,Charles Oakley,1,0.04683673946862962
29,Chrishell Stause,1,0.05139528900479972
29,Jeannie Mai,1,0.06901568560048922
29,Jesse Metcalfe,1,0.06953044402643473
29,Johnny Weir,1,0.06906567399519682
29,Justina Machado,1,0.08036007703471004
29,Kaitlyn Bristowe,1,0.07721526231334193
29,Monica Aldama,1,0.07195326480063503
29,Nelly,1,0.06187407178011213
29,Nev Schulman,1,0.07695447509707362
29,Skai Jackson,1,0.07865306447939124
29,Veron Davis,1,0.06549075051575293
29,AJ McLean,2,0.06970196514363204
29,Anne Heche,2,0.06503317291569065
29,Carole Baskin,2,0.05585774106967384
29,Charles Oakley,2,0.05386239165062084
29,Chrishell Stause,2,0.06532457536795554
29,Jeannie Mai,2,0.06679713285042695
29,Jesse Metcalfe,2,0.07247514888309824
29,Johnny Weir,2,0.06737352933197745
29,Justina Machado,2,0.07627708857085294
29,Kaitlyn Bristowe,2,0.08011235979093626
29,Monica Aldama,2,0.06070930540954604
29,Nelly,2,0.06519212569623545
29,Nev Schulman,2,0.07724822905536845
29,Skai Jackson,2,0.05751873219817734
29,Veron Davis,2,0.06651650206580804
29,AJ McLean,3,0.07478024149321615
29,Anne Heche,3,0.055647563160304635
29,Carole Baskin,3,0.043964840334576726
29,Chrishell Stause,3,0.07682012999362244
29,Jeannie Mai,3,0.07681451410159074
29,Jesse Metcalfe,3,0.07119981635084774
29,Johnny Weir,3,0.08363366556702985
29,Justina Machado,3,0.06935463341490074
29,Kaitlyn Bristowe,3,0.08191846915080216
29,Monica Aldama,3,0.07406404583212445
29,Nelly,3,0.06473368690685125
29,Nev Schulman,3,0.08440567262374946
29,Skai Jackson,3,0.06570733543388164
29,Veron Davis,3,0.07695538563650205
29,AJ McLean,4,0.07957281390382835
29,Anne Heche,4,0.06831024764788154
29,Chrishell Stause,4,0.07287465592938434
29,Jeannie Mai,4,0.07133090553767255
29,Jesse Metcalfe,4,0.06945826313191814
29,Johnny Weir,4,0.08143270705527456
29,Justina Machado,4,0.07911821296980466
29,Kaitlyn Bristowe,4,0.08369309324411675
29,Monica Aldama,4,0.07999219616380156
29,Nelly,4,0.07029534473526554
29,Nev Schulman,4,0.08085940820360045
29,Skai Jackson,4,0.08976174741287116
29,Veron Davis,4,0.07330040406458035
29,AJ McLean,5,0.08460792918165262
29,Chrishell Stause,5,0.06863280541731773
29,Jeannie Mai,5,0.08335383062985582
29,Jesse Metcalfe,5,0.06650946128822763
29,Johnny Weir,5,0.09809403146716615
29,Justina Machado,5,0.08457520881871153
29,Kaitlyn Bristowe,5,0.09367953901252843
29,Monica Aldama,5,0.09038316176816923
29,Nelly,5,0.08305969715895313
29,Nev Schulman,5,0.09039960240134602
29,Skai Jackson,5,0.08312279517048213
29,Veron Davis,5,0.07358193768558953
29,AJ McLean,6,0.09932556433899863
29,Chrishell Stause,6,0.08858285667627641
29,Jeannie Mai,6,0.09250499893158141
29,Johnny Weir,6,0.08516480708087641
29,Justina Machado,6,0.09938080245003712
29,Kaitlyn Bristowe,6,0.09958492233976103
29,Monica Aldama,6,0.09847968417875302
29,Nelly,6,0.08999659562477222
29,Nev Schulman,6,0.09785619577268573
29,Skai Jackson,6,0.07129828132450142
29,Veron Davis,6,0.07782529128175651
29,AJ McLean,7,0.10085319928172264
29,Chrishell Stause,7,0.09989893770429294
29,Jeannie Mai,7,0.09489668311341784
29,Johnny Weir,7,0.10401369596619904
29,Justina Machado,7,0.10154413445300305
29,Kaitlyn Bristowe,7,0.09491518320601865
29,Monica Aldama,7,0.08494334553879185
29,Nelly,7,0.10233092378412455
29,Nev Schulman,7,0.11473360752475875
29,Skai Jackson,7,0.10187028942767064
29,AJ McLean,8,0.12109942763844952
29,Chrishell Stause,8,0.12032518873494533
29,Johnny Weir,8,0.13472893247960013
29,Justina Machado,8,0.12935777416803312
29,Kaitlyn Bristowe,8,0.12651951956943291
29,Nelly,8,0.10975057069430112
29,Nev Schulman,8,0.13537351379375392
29,Skai Jackson,8,0.12284507292148393
29,AJ McLean,9,0.12865460912626026
29,Johnny Weir,9,0.15399809775957646
29,Justina Machado,9,0.13700598881818335
29,Kaitlyn Bristowe,9,0.15456052146157295
29,Nelly,9,0.12617012556257964
29,Nev Schulman,9,0.15095983006511976
29,Skai Jackson,9,0.14865082720670775
29,Johnny Weir,10,0.16001528946915594
29,Justina Machado,10,0.16871526715173174
29,Kaitlyn Bristowe,10,0.17501409980353633
29,Nelly,10,0.16201571407216622
29,Nev Schulman,10,0.17471193472304083
29,Skai Jackson,10,0.15952769478036893
29,Justina Machado,11,0.2527473072943449
29,Kaitlyn Bristowe,11,0.253321336629405
29,Nelly,11,0.24063852584105017
29,Nev Schulman,11,0.2532928302351999
30,Amanda Kloots,1,0.07701833391298443
30,Brian Austin Green,1,0.06515747350906843
30,Christine Chiu,1,0.06787491175438932
30,Cody Rigsby,1,0.06524569038041053
30,Iman Shumpert,1,0.057934440967586924
30,Jimmie Allen,1,0.06091788721428532
30,JoJo Siwa,1,0.07932462369599823
30,Kenya Moore,1,0.07036822130052933
30,Martin Kove,1,0.03577969776850742
30,Matt James,1,0.06485199389147522
30,Melanie C,1,0.07408003619856553
30,Melora Hardin,1,0.07098949664967323
30,"Mike ""The Miz"" Mizanin",1,0.06577101003929042
30,Olivia Jade,1,0.06851482124242113
30,Suni Lee,1,0.07617136147481453
30,Amanda Kloots,2,0.08218010274295265
30,Brian Austin Green,2,0.06040357742994114
30,Christine Chiu,2,0.06319116476093924
30,Cody Rigsby,2,0.062258453026722844
30,Iman Shumpert,2,0.06413053543655574
30,Jimmie Allen,2,0.06897487888263414
30,JoJo Siwa,2,0.08021237921802946
30,Kenya Moore,2,0.06340491307980774
30,Martin Kove,2,0.038311843215202826
30,Matt James,2,0.05830971226324594
30,Melanie C,2,0.07709113315015576
30,Melora Hardin,2,0.07059337772880424
30,"Mike ""The Miz"" Mizanin",2,0.06766806696712305
30,Olivia Jade,2,0.07059045183777723
30,Suni Lee,2,0.07267941026010794
30,Amanda Kloots,3,0.08069215927723986
30,Brian Austin Green,3,0.06310518845231135
30,Christine Chiu,3,0.06963028401226204
30,Cody Rigsby,3,0.06114097319979004
30,Iman Shumpert,3,0.06435866155506674
30,Jimmie Allen,3,0.06797849758085554
30,JoJo Siwa,3,0.08070373507649556
30,Kenya Moore,3,0.06986097343865294
30,Matt James,3,0.06618815334348094
30,Melanie C,3,0.07440666531443406
30,Melora Hardin,3,0.07725412218238996
30,"Mike ""The Miz"" Mizanin",3,0.07345931848783725
30,Olivia Jade,3,0.07983626973291866
30,Suni Lee,3,0.07138499834626515
30,Amanda Kloots,4,0.08261758250881296
30,Brian Austin Green,4,0.061854594439811644
30,Cody Rigsby,4,0.06970708730689225
30,Iman Shumpert,4,0.07431460208919305
30,Jimmie Allen,4,0.07767197446720356
30,JoJo Siwa,4,0.08486174256070696
30,Kenya Moore,4,0.07200644884906056
30,Matt James,4,0.06771224546016495
30,Melanie C,4,0.07947665059183336
30,Melora Hardin,4,0.08679995226149186
30,"Mike ""The Miz"" Mizanin",4,0.07768580887142945
30,Olivia Jade,4,0.08401596180077016
30,Suni Lee,4,0.08127534879262936
30,Amanda Kloots,5,0.10031445656782102
30,Cody Rigsby,5,0.08350973058006403
30,Iman Shumpert,5,0.07583879618476932
30,Jimmie Allen,5,0.08906148964209462
30,JoJo Siwa,5,0.10315287475117553
30,Kenya Moore,5,0.09157088075351212
30,Melanie C,5,0.09254937194131013
30,Melora Hardin,5,0.09339584237602783
30,"Mike ""The Miz"" Mizanin",5,0.08376632236337743
30,Olivia Jade,5,0.09356961500281023
30,Suni Lee,5,0.09327061983703773
30,Amanda Kloots,6,0.10424437514385544
30,Cody Rigsby,6,0.09867639244878172
30,Iman Shumpert,6,0.10672920101285764
30,Jimmie Allen,6,0.10396199182330162
30,JoJo Siwa,6,0.11015406440328544
30,Kenya Moore,6,0.08827928139132993
30,Melora Hardin,6,0.09529889320065693
30,"Mike ""The Miz"" Mizanin",6,0.09295434154014623
30,Olivia Jade,6,0.10065034550136782
30,Suni Lee,6,0.09905111353441723
30,Amanda Kloots,7,0.10660489279210372
30,Cody Rigsby,7,0.11016822538036813
30,Iman Shumpert,7,0.10511738445114042
30,Jimmie Allen,7,0.11399057295607494
30,JoJo Siwa,7,0.11969722222738784
30,Melora Hardin,7,0.11596391439297864
30,"Mike ""The Miz"" Mizanin",7,0.09732369702616482
30,Olivia Jade,7,0.12505548419778945
30,Suni Lee,7,0.10607860657599193
30,Amanda Kloots,8,0.13594553301129753
30,Cody Rigsby,8,0.12408172207561452
30,Iman Shumpert,8,0.11620490138256802
30,Jimmie Allen,8,0.10326332414355861
30,JoJo Siwa,8,0.13451147873068162
30,Melora Hardin,8,0.13502422453717622
30,Olivia Jade,8,0.11628663529965702
30,Suni Lee,8,0.13468218081944644
30,Amanda Kloots,9,0.17639244236563856
30,Cody Rigsby,9,0.16003334624443055
30,Iman Shumpert,9,0.16777939761938526
30,JoJo Siwa,9,0.17859179546573836
30,Melora Hardin,9,0.15560814759151545
30,Suni Lee,9,0.16159487071329184
30,Amanda Kloots,10,0.24905162118631316
30,Cody Rigsby,10,0.24180487155012495
30,Iman Shumpert,10,0.25407974328443744
30,JoJo Siwa,10,0.25506376397912456
31,Charli D'Amelio,1,0.08302231264242738
31,Cheryl Ladd,1,0.05442301675685364
31,Daniel Durant,1,0.07042647804824825
31,Gabby Windey,1,0.07342696091265635
31,Heidi D'Amelio,1,0.06306853877558745
31,Jason Lewis,1,0.046825846021161834
31,Jessie James Decker,1,0.05282160215715754
31,Jordin Sparks,1,0.06763020747286186
31,Joseph Baena,1,0.05986777328425765
31,Sam Champion,1,0.05296268313279364
31,Selma Blair,1,0.07259556224045666
31,Shangela,1,0.07262707985405725
31,Teresa Giudice,1,0.052374685135027244
31,Trevor Donovan,1,0.05616029285494324
31,Vinny Guadagnino,1,0.04594076192473243
31,Wayne Brady,1,0.07582619878677765
31,Charli D'Amelio,2,0.07843423895821403
31,Cheryl Ladd,2,0.05186110828482171
31,Daniel Durant,2,0.07080910138303922
31,Gabby Windey,2,0.07763043018253633
31,Heidi D'Amelio,2,0.06840410379405153
31,Jessie James Decker,2,0.06033484511409472
31,Jordin Sparks,2,0.06622147563733202
31,Joseph Baena,2,0.05937521753397392
31,Sam Champion,2,0.06212010615524772
31,Selma Blair,2,0.06847426897737403
31,Shangela,2,0.06882628939064803
31,Teresa Giudice,2,0.05546606838557622
31,Trevor Donovan,2,0.07093539310640033
31,Vinny Guadagnino,2,0.06328044040979602
31,Wayne Brady,2,0.07782691268689403
31,Charli D'Amelio,3,0.08207736681589156
31,Cheryl Ladd,3,0.05882783225979304
31,Daniel Durant,3,0.07594117935113144
31,Gabby Windey,3,0.08198950250291775
31,Heidi D'Amelio,3,0.07875576699172565
31,Jessie James Decker,3,0.06503004466295983
31,Jordin Sparks,3,0.07227964364276504
31,Joseph Baena,3,0.07065466944602834
31,Sam Champion,3,0.061943409718810634
31,Selma Blair,3,0.07009743899481224
31,Shangela,3,0.07428356704234414
31,Trevor Donovan,3,0.06748787250416954
31,Vinny Guadagnino,3,0.05862558270241384
31,Wayne Brady,3,0.08200612336423706
31,Charli D'Amelio,4,0.08784732351170955
31,Daniel Durant,4,0.07156878840759114
31,Gabby Windey,4,0.08762424926274055
31,Heidi D'Amelio,4,0.08293098233201604
31,Jessie James Decker,4,0.07509371196010974
31,Jordin Sparks,4,0.08180373916470114
31,Joseph Baena,4,0.06915140484044154
31,Sam Champion,4,0.06105114645269324
31,Selma Blair,4,0.07814945272591144
31,Shangela,4,0.07838210216027844
31,Trevor Donovan,4,0.06920331838586724
31,Vinny Guadagnino,4,0.06961098085340674
31,Wayne Brady,4,0.08758279994253325
31,Charli D'Amelio,5,0.09424425712477293
31,Daniel Durant,5,0.07568650520622923
31,Gabby Windey,5,0.09166760183176115
31,Heidi D'Amelio,5,0.08731154358398263
31,Jessie James Decker,5,0.08011969358814133
31,Jordin Sparks,5,0.08024085658970352
31,Joseph Baena,5,0.07645498382752462
31,Selma Blair,5,0.08740422970388793
31,Shangela,5,0.08602925138785393
31,Trevor Donovan,5,0.08021474863560683
31,Vinny Guadagnino,5,0.06952452390016622
31,Wayne Brady,5,0.09110180462036944
31,Charli D'Amelio,6,0.11517973489993452
31,Daniel Durant,6,0.09835504295069883
31,Gabby Windey,6,0.10681673878212333
31,Heidi D'Amelio,6,0.10377040733357153
31,Jessie James Decker,6,0.09225189413970271
31,Jordin Sparks,6,0.09816919219194002
31,Shangela,6,0.10415343141677523
31,Trevor Donovan,6,0.09927527300112172
31,Vinny Guadagnino,6,0.08193584847989341
31,Wayne Brady,6,0.10009243680423872
31,Charli D'Amelio,7,0.12131387359373756
31,Daniel Durant,7,0.11189439392481146
31,Gabby Windey,7,0.11046578695812126
31,Heidi D'Amelio,7,0.10729097314222714
31,Jordin Sparks,7,0.10514960837192344
31,Shangela,7,0.11316696867281395
31,Trevor Donovan,7,0.11836339161795495
31,Vinny Guadagnino,7,0.09498776698960035
31,Wayne Brady,7,0.11736723672880996
31,Charli D'Amelio,8,0.1438304993885067
31,Daniel Durant,8,0.1245263444108127
31,Gabby Windey,8,0.1295542997628001
31,Heidi D'Amelio,8,0.1099968726781232
31,Shangela,8,0.1339242279809744
31,Trevor Donovan,8,0.1243733829822763
31,Vinny Guadagnino,8,0.091494964698799
31,Wayne Brady,8,0.1422994080977075
31,Charli D'Amelio,9,0.18355774152672144
31,Daniel Durant,9,0.15244182501085332
31,Gabby Windey,9,0.18235785431783372
31,Shangela,9,0.16838448042911372
31,Trevor Donovan,9,0.14416809341351433
31,Wayne Brady,9,0.16909000530196353
31,Charli D'Amelio,10,0.2565303213412941
31,Gabby Windey,10,0.2564204466248384
31,Shangela,10,0.24349425487390647
31,Wayne Brady,10,0.24355497715996088
32,Adrian Peterson,1,0.07638264504867086
32,Alyson Hannigan,1,0.05787038340412724
32,Ariana Madix,1,0.09012852660602486
32,Barry Williams,1,0.06847508545846515
32,Charity Lawson,1,0.09437303646228667
32,Harry Jowsey,1,0.05262369116089943
32,Jamie Lynn Spears,1,0.06476860925747444
32,Jason Mraz,1,0.09142335297190006
32,Lele Pons,1,0.08237055085768005
32,Matt Walsh,1,0.051576300273407635
32,Mauricio Umansky,1,0.06360193150512204
32,Mira Sorvino,1,0.07343648745636935
32,Tyson Beckford,1,0.05348613224407713
32,Xochitl Gomez,1,0.07948326729349506
32,Adrian Peterson,2,0.06455889756426873
32,Alyson Hannigan,2,0.07748657368216433
32,Ariana Madix,2,0.08607606169663842
32,Barry Williams,2,0.06449341699647343
32,Charity Lawson,2,0.08951402555784453
32,Harry Jowsey,2,0.06296957104247942
32,Jamie Lynn Spears,2,0.06689470387036323
32,Jason Mraz,2,0.10027883781664156
32,Lele Pons,2,0.08734782769856653
32,Mauricio Umansky,2,0.05311337674090283
32,Mira Sorvino,2,0.07576496591264013
32,Tyson Beckford,2,0.07258651185173873
32,Xochitl Gomez,2,0.09891522956927816
32,Adrian Peterson,3,0.06928639212566673
32,Alyson Hannigan,3,0.07469755852659964
32,Ariana Madix,3,0.10358385823114905
32,Barry Williams,3,0.07630529732189804
32,Charity Lawson,3,0.09847563069990094
32,Harry Jowsey,3,0.07427414281143484
32,Jason Mraz,3,0.10454884138115354
32,Lele Pons,3,0.08459396045690604
32,Mauricio Umansky,3,0.07048221913150593
32,Mira Sorvino,3,0.08066947121380504
32,Tyson Beckford,3,0.06293673405567733
32,Xochitl Gomez,3,0.10014589404430284
32,Adrian Peterson,4,0.08566439073454563
32,Alyson Hannigan,4,0.07582472226826983
32,Ariana Madix,4,0.10377812917071262
32,Barry Williams,4,0.07685715822363413
32,Charity Lawson,4,0.10097255664284972
32,Harry Jowsey,4,0.08540835784394123
32,Jason Mraz,4,0.10121299549495723
32,Lele Pons,4,0.09162117544243153
32,Mauricio Umansky,4,0.07991819177712683
32,Mira Sorvino,4,0.08704850068245233
32,Xochitl Gomez,4,0.11169382171907873
32,Alyson Hannigan,5,0.08731909573935324
32,Ariana Madix,5,0.10241719236098354
32,Barry Williams,5,0.09804584128630583
32,Charity Lawson,5,0.11548209974886106
32,Harry Jowsey,5,0.07712242768680262
32,Jason Mraz,5,0.11222027003928185
32,Lele Pons,5,0.10048166981166654
32,Mauricio Umansky,5,0.09844391053466924
32,Mira Sorvino,5,0.09118141923157175
32,Xochitl Gomez,5,0.11728607356050436
32,Alyson Hannigan,6,0.09766074662461242
32,Ariana Madix,6,0.12565209222759452
32,Barry Williams,6,0.10052220586640062
32,Charity Lawson,6,0.11860583427089223
32,Harry Jowsey,6,0.09063282471304931
32,Jason Mraz,6,0.12080171927357443
32,Lele Pons,6,0.11467228898982493
32,Mauricio Umansky,6,0.10198896833063593
32,Xochitl Gomez,6,0.12946331970341562
32,Alyson Hannigan,7,0.12306129465007616
32,Ariana Madix,7,0.13316776936916044
32,Barry Williams,7,0.11547802010981395
32,Charity Lawson,7,0.12879804487712876
32,Harry Jowsey,7,0.11119082481768636
32,Jason Mraz,7,0.12744428211092726
32,Lele Pons,7,0.12780438377677206
32,Xochitl Gomez,7,0.13305538028843505
32,Alyson Hannigan,8,0.14100154132099352
32,Ariana Madix,8,0.16351348969728394
32,Barry Williams,8,0.13613815924705452
32,Charity Lawson,8,0.15353432847075932
32,Harry Jowsey,8,0.11256596373574602
32,Jason Mraz,8,0.13505601424253122
32,Xochitl Gomez,8,0.15819050328563142
32,Alyson Hannigan,9,0.14733983986732443
32,Ariana Madix,9,0.17008473279295822
32,Charity Lawson,9,0.17328210181452722
32,Harry Jowsey,9,0.13368957313057112
32,Jason Mraz,9,0.19025984803471374
32,Xochitl Gomez,9,0.18534390435990533
32,Alyson Hannigan,10,0.17875714374681184
32,Ariana Madix,10,0.20289927388620926
32,Charity Lawson,10,0.20611618409356475
32,Jason Mraz,10,0.20189251193426835
32,Xochitl Gomez,10,0.21033488633914588
32,Alyson Hannigan,11,0.18181218547861533
32,Ariana Madix,11,0.20275521105920793
32,Charity Lawson,11,0.20305261021320362
32,Jason Mraz,11,0.20581152825894752
32,Xochitl Gomez,11,0.20656846499002562
33,Anna Delvey,1,0.07220020645322345
33,Brooks Nader,1,0.07332001400280466
33,Chandler Kinney,1,0.09313879379001115
33,Danny Amendola,1,0.08103975969123725
33,Dwight Howard ,1,0.08865510607389186
33,Eric Roberts,1,0.06052682715451704
33,Ilona Maher,1,0.07356079210801805
33,Jenn Tran,1,0.07674342950559165
33,Joey Graziadei,1,0.08514566492577895
33,Phaedra Parks,1,0.07727831544266466
33,Reginald VelJohnson,1,0.06419923638243384
33,Stephen Nedoroscik,1,0.08505785281137565
33,Tori Spelling,1,0.06913400165845184
33,Anna Delvey,2,0.06550036952466175
33,Brooks Nader,2,0.07777553982003774
33,Chandler Kinney,2,0.09335169296803414
33,Danny Amendola,2,0.08165499298302695
33,Dwight Howard ,2,0.08451911128249574
33,Eric Roberts,2,0.058536231324120225
33,Ilona Maher,2,0.08051110443802104
33,Jenn Tran,2,0.07493340547102044
33,Joey Graziadei,2,0.08636322823322375
33,Phaedra Parks,2,0.08081312292281444
33,Reginald VelJohnson,2,0.058368252781128026
33,Stephen Nedoroscik,2,0.08540407751360224
33,Tori Spelling,2,0.07226887073781364
33,Brooks Nader,3,0.09541003587542737
33,Chandler Kinney,3,0.10745176760218987
33,Danny Amendola,3,0.09549638868431597
33,Dwight Howard ,3,0.08346631592973545
33,Eric Roberts,3,0.07109243913136214
33,Ilona Maher,3,0.08917070491852505
33,Jenn Tran,3,0.09661986067724578
33,Joey Graziadei,3,0.10911144819112598
33,Phaedra Parks,3,0.08913769704413736
33,Reginald VelJohnson,3,0.06535405345607484
33,Stephen Nedoroscik,3,0.09768928848986026
33,Brooks Nader,4,0.10791331303738366
33,Chandler Kinney,4,0.11104847247569186
33,Danny Amendola,4,0.12080889832470376
33,Dwight Howard ,4,0.09937431867620825
33,Ilona Maher,4,0.10892749075807266
33,Jenn Tran,4,0.10956481702038806
33,Joey Graziadei,4,0.12224748018058086
33,Phaedra Parks,4,0.10820477781764705
33,Stephen Nedoroscik,4,0.11191043170932395
33,Chandler Kinney,5,0.13351927300925057
33,Danny Amendola,5,0.12656685138328685
33,Dwight Howard ,5,0.11947511934837936
33,Ilona Maher,5,0.12629389468692065
33,Jenn Tran,5,0.12655252293070615
33,Joey Graziadei,5,0.13021297304638846
33,Phaedra Parks,5,0.11773552579513616
33,Stephen Nedoroscik,5,0.11964383979993186
33,Chandler Kinney,6,0.15576195744971752
33,Danny Amendola,6,0.13680821677089414
33,Dwight Howard ,6,0.14747537604825073
33,Ilona Maher,6,0.12077835031992233
33,Jenn Tran,6,0.14792069455656784
33,Joey Graziadei,6,0.15438153374932703
33,Stephen Nedoroscik,6,0.13687387110532032
33,Chandler Kinney,7,0.18652676567371435
33,Danny Amendola,7,0.16024024327299147
33,Dwight Howard ,7,0.14974211679715696
33,Ilona Maher,7,0.16228620814655015
33,Joey Graziadei,7,0.17327819971590516
33,Stephen Nedoroscik,7,0.16792646639368206
33,Chandler Kinney,8,0.20785324905851638
33,Danny Amendola,8,0.19260284921196158
33,Ilona Maher,8,0.20202887200266317
33,Joey Graziadei,8,0.20647976023224637
33,Stephen Nedoroscik,8,0.19103526949461236
33,Chandler Kinney,9,0.20633552943739916
33,Danny Amendola,9,0.19245356749738535
33,Ilona Maher,9,0.19644313096000565
33,Joey Graziadei,9,0.20308560603001616
33,Stephen Nedoroscik,9,0.20168216607519376
34,Alix Earle,1,0.07899995650098084
34,Andy Richter,1,0.05512089689809023
34,Baron Davis,1,0.06123396018973164
34,Corey Feldman,1,0.05472612243830813
34,Danielle Fishel,1,0.07280127927844064
34,Dylan Efron,1,0.06196753953952303
34,Elaine Hendrix,1,0.07336145757907234
34,Hilaria Baldwin,1,0.08455579875624224
34,Jen Affleck,1,0.07358923182239455
34,Jordan Chiles,1,0.06253633648761454
34,Lauren Jauregui,1,0.07884915356947284
34,Robert Irwin,1,0.09042244143435656
34,Scott Hoying,1,0.061363517146890534
34,Whitney Leavitt,1,0.09047230835888195
34,Alix Earle,2,0.07627884833982324
34,Andy Richter,2,0.05768018184010123
34,Baron Davis,2,0.06365973282087524
34,Corey Feldman,2,0.05324740431396133
34,Danielle Fishel,2,0.06909972029962175
34,Dylan Efron,2,0.07179761973219564
34,Elaine Hendrix,2,0.07525678936271554
34,Hilaria Baldwin,2,0.07644022675372204
34,Jen Affleck,2,0.07770632173329724
34,Jordan Chiles,2,0.07818767477186864
34,Lauren Jauregui,2,0.07473846372295995
34,Robert Irwin,2,0.07992935022823584
34,Scott Hoying,2,0.06542053110274325
34,Whitney Leavitt,2,0.08055713497787906
34,Alix Earle,3,0.08935729535489197
34,Andy Richter,3,0.06954631173234715
34,Danielle Fishel,3,0.08124944210520846
34,Dylan Efron,3,0.08869998428601476
34,Elaine Hendrix,3,0.08264485982862856
34,Hilaria Baldwin,3,0.08568834065804766
34,Jen Affleck,3,0.07601699296480376
34,Jordan Chiles,3,0.09272770192684157
34,Lauren Jauregui,3,0.07080934905384925
34,Robert Irwin,3,0.08582419680863065
34,Scott Hoying,3,0.08420755577479126
34,Whitney Leavitt,3,0.09322796950594507
34,Alix Earle,4,0.09716365247024165
34,Andy Richter,4,0.07257695214911734
34,Danielle Fishel,4,0.08498988923726536
34,Dylan Efron,4,0.09389783294749596
34,Elaine Hendrix,4,0.09547218794489186
34,Hilaria Baldwin,4,0.09192491083594706
34,Jen Affleck,4,0.09123966142120185
34,Jordan Chiles,4,0.09682691609746566
34,Robert Irwin,4,0.09011654567897985
34,Scott Hoying,4,0.08530256199853116
34,Whitney Leavitt,4,0.10048888921886226
34,Alix Earle,5,0.11078950778360115
34,Andy Richter,5,0.07727751430020023
34,Danielle Fishel,5,0.09374460737287764
34,Dylan Efron,5,0.11250405282962435
34,Elaine Hendrix,5,0.09725533209945814
34,Jen Affleck,5,0.09340437705352105
34,Jordan Chiles,5,0.10347539567114775
34,Robert Irwin,5,0.11037631277775975
34,Scott Hoying,5,0.09464637433451994
34,Whitney Leavitt,5,0.10652652577728994
34,Alix Earle,6,0.10493570059391501
34,Andy Richter,6,0.07931608219580492
34,Danielle Fishel,6,0.10422570631344891
34,Dylan Efron,6,0.09659881094200551
34,Elaine Hendrix,6,0.10390274378310871
34,Jen Affleck,6,0.09398293444829252
34,Jordan Chiles,6,0.11313434508004193
34,Robert Irwin,6,0.10694070808329431
34,Scott Hoying,6,0.08270921686831673
34,Whitney Leavitt,6,0.11425375169177132
34,Alix Earle,7,0.12726235483270626
34,Andy Richter,7,0.08842021900425605
34,Danielle Fishel,7,0.10645691547885044
34,Dylan Efron,7,0.11384689065666975
34,Elaine Hendrix,7,0.09905170682825214
34,Jen Affleck,7,0.10145416500209783
34,Jordan Chiles,7,0.11541346147372425
34,Robert Irwin,7,0.12230062209671916
34,Whitney Leavitt,7,0.12579366462672414
34,Alix Earle,8,0.12918697308155755
34,Andy Richter,8,0.11013637230999045
34,Danielle Fishel,8,0.12101105624860094
34,Dylan Efron,8,0.12713622121255144
34,Elaine Hendrix,8,0.12296595166723605
34,Jordan Chiles,8,0.12930141125398886
34,Robert Irwin,8,0.12791267887549634
34,Whitney Leavitt,8,0.13234933535057847
34,Alix Earle,9,0.14845633972376093
34,Andy Richter,9,0.10783876352361282
34,Dylan Efron,9,0.15386034513619623
34,Elaine Hendrix,9,0.13526675874271754
34,Jordan Chiles,9,0.14513830439145034
34,Robert Irwin,9,0.15475906837782472
34,Whitney Leavitt,9,0.15468042010443733
34,Alix Earle,10,0.16898383986278825
34,Dylan Efron,10,0.16177681610174396
34,Elaine Hendrix,10,0.16490430442969176
34,Jordan Chiles,10,0.16609681897970055
34,Robert Irwin,10,0.17178720200205436
34,Whitney Leavitt,10,0.16645101862402115
34,Alix Earle,11,0.20308176061393196
34,Dylan Efron,11,0.19831579728809837
34,Elaine Hendrix,11,0.19656031280169906
34,Jordan Chiles,11,0.20076477969884646
34,Robert Irwin,11,0.20127734959742424
