season,celebrity_name,week,p_est
1,Evander Holyfield,1,0.1568917760777265
1,Joey McIntyre,1,0.18996678726002003
1,John O'Hurley,1,0.19512745389134672
1,Kelly Monaco,1,0.10276842727545371
1,Rachel Hunter,1,0.19335490498293878
1,Trista Sutter,1,0.16189065051251422
1,Evander Holyfield,2,0.09777500212799387
1,Joey McIntyre,2,0.17668124755976453
1,John O'Hurley,2,0.2345937651721563
1,Kelly Monaco,2,0.12891147098898104
1,Rachel Hunter,2,0.21417776837156305
1,Trista Sutter,2,0.14786074577954122
1,Evander Holyfield,3,0.09462620528011706
1,Joey McIntyre,3,0.20625633624696346
1,John O'Hurley,3,0.23714306387024933
1,Kelly Monaco,3,0.1974601376820352
1,Rachel Hunter,3,0.2645142569206349
1,Joey McIntyre,4,0.20618941778174604
1,John O'Hurley,4,0.2298014229737525
1,Kelly Monaco,4,0.2905605740698204
1,Rachel Hunter,4,0.2734485851746811
1,Joey McIntyre,5,0.282734007680565
1,John O'Hurley,5,0.38638753738882
1,Kelly Monaco,5,0.3308784549306151
1,John O'Hurley,6,0.49620592539816066
1,Kelly Monaco,6,0.5037940746018393
2,Drew Lachey,1,0.13525460803570707
2,George Hamilton,1,0.08869413028599513
2,Giselle Fernandez,1,0.12538343414981576
2,Jerry Rice,1,0.10997516251355376
2,Kenny Mayne,1,0.05281056201975258
2,Lisa Rinna,1,0.09456973769293532
2,Master P,1,0.048431966413851994
2,Stacy Keibler,1,0.12134758435160976
2,Tatum O'Neal,1,0.12083768085614324
2,Tia Carrere,1,0.10269513368063547
2,Drew Lachey,2,0.14716001633955322
2,George Hamilton,2,0.10722249807897857
2,Giselle Fernandez,2,0.12275628811703612
2,Jerry Rice,2,0.11367596662562038
2,Lisa Rinna,2,0.09752249604638434
2,Master P,2,0.06440610530774198
2,Stacy Keibler,2,0.15975421948091717
2,Tatum O'Neal,2,0.07659737956146921
2,Tia Carrere,2,0.11090503044229892
2,Drew Lachey,3,0.1607879720705393
2,George Hamilton,3,0.11704387334438854
2,Giselle Fernandez,3,0.11663893644094322
2,Jerry Rice,3,0.09972981700037128
2,Lisa Rinna,3,0.14034816084766844
2,Master P,3,0.05705271361279852
2,Stacy Keibler,3,0.16058147637464187
2,Tia Carrere,3,0.14781705030864872
2,Drew Lachey,4,0.18969194490920105
2,George Hamilton,4,0.12697443840308142
2,Jerry Rice,4,0.14796096665533803
2,Lisa Rinna,4,0.16939979511833986
2,Master P,4,0.03195288082355688
2,Stacy Keibler,4,0.17493098077339533
2,Tia Carrere,4,0.1590889933170874
2,Drew Lachey,5,0.1880880849051887
2,George Hamilton,5,0.1512017420169273
2,Jerry Rice,5,0.14535647803091364
2,Lisa Rinna,5,0.16690064539520125
2,Stacy Keibler,5,0.21337500840172385
2,Tia Carrere,5,0.1350780412500453
2,Drew Lachey,6,0.2376225609870192
2,George Hamilton,6,0.15717546798054202
2,Jerry Rice,6,0.1608764865801132
2,Lisa Rinna,6,0.20463462605907984
2,Stacy Keibler,6,0.23969085839324575
2,Drew Lachey,7,0.2801396926927627
2,Jerry Rice,7,0.1866727088810726
2,Lisa Rinna,7,0.2533318644059408
2,Stacy Keibler,7,0.27985573402022396
2,Drew Lachey,8,0.3505882177786718
2,Jerry Rice,8,0.30432141036115096
2,Stacy Keibler,8,0.34509037186017716
3,Emmitt Smith,1,0.12222024067552426
3,Harry Hamlin,1,0.07503055707429943
3,Jerry Springer,1,0.06805685256977487
3,Joey Lawrence,1,0.10446485513121753
3,Mario Lopez,1,0.13528643658656078
3,Monique Coleman,1,0.08995975833383407
3,Sara Evans,1,0.06322400572959722
3,Shanna Moakler,1,0.08137637723938385
3,Tucker Carlson,1,0.04359186099788169
3,Vivica A. Fox,1,0.10875063789029757
3,Willa Ford,1,0.10803841777162884
3,Emmitt Smith,2,0.10551737433405999
3,Harry Hamlin,2,0.0867312038994067
3,Jerry Springer,2,0.07565260877922966
3,Joey Lawrence,2,0.1345703644708131
3,Mario Lopez,2,0.09183225071677832
3,Monique Coleman,2,0.11833672304379045
3,Sara Evans,2,0.0870111899297942
3,Shanna Moakler,2,0.09127721035283082
3,Vivica A. Fox,2,0.1085559723408417
3,Willa Ford,2,0.10051510213245506
3,Emmitt Smith,3,0.08769717636303384
3,Harry Hamlin,3,0.10134318176092999
3,Jerry Springer,3,0.09556114901883395
3,Joey Lawrence,3,0.10890888725618811
3,Mario Lopez,3,0.10652799479407407
3,Monique Coleman,3,0.13734560568591128
3,Sara Evans,3,0.11968436571551985
3,Vivica A. Fox,3,0.13619674027075943
3,Willa Ford,3,0.10673489913474961
3,Emmitt Smith,4,0.11905728389663886
3,Jerry Springer,4,0.10522130474928135
3,Joey Lawrence,4,0.13876215505341474
3,Mario Lopez,4,0.15356638834135958
3,Monique Coleman,4,0.12296954501581134
3,Sara Evans,4,0.09514076557385104
3,Vivica A. Fox,4,0.11945527200230947
3,Willa Ford,4,0.14582728536733353
3,Emmitt Smith,5,0.1537869269814964
3,Jerry Springer,5,0.12506347042368107
3,Joey Lawrence,5,0.14059993668394571
3,Mario Lopez,5,0.15951454232686446
3,Monique Coleman,5,0.15220377939240284
3,Sara Evans,5,0.12103301187881285
3,Willa Ford,5,0.14779833231279668
3,Emmitt Smith,6,0.21586359333006674
3,Jerry Springer,6,0.1375982291089854
3,Joey Lawrence,6,0.20392226085366555
3,Mario Lopez,6,0.24959254972086917
3,Monique Coleman,6,0.19302336698641318
3,Emmitt Smith,7,0.21711153705501673
3,Jerry Springer,7,0.15086860127052598
3,Joey Lawrence,7,0.21594592322558934
3,Mario Lopez,7,0.21660638188740064
3,Monique Coleman,7,0.1994675565614673
3,Emmitt Smith,8,0.2509849050036663
3,Joey Lawrence,8,0.2490185066445198
3,Mario Lopez,8,0.268505376742802
3,Monique Coleman,8,0.2314912116090118
3,Emmitt Smith,9,0.3402488531125468
3,Joey Lawrence,9,0.31806640170636996
3,Mario Lopez,9,0.3416847451810832
3,Emmitt Smith,10,0.4999299197289427
3,Mario Lopez,10,0.5000700802710573
4,Apolo Anton Ohno,1,0.10735793335836377
4,Billy Ray Cyrus,1,0.05445316943740137
4,Clyde Drexler,1,0.07049504818825875
4,Heather Mills,1,0.08614147095156094
4,Ian Ziering,1,0.1054226550834229
4,Joey Fatone,1,0.1280553425770211
4,John Ratzenberger,1,0.07817359800717161
4,Laila Ali,1,0.12206487399234665
4,Leeza Gibbons,1,0.06607142532221755
4,Paulina Porizkova,1,0.09106029935845075
4,Shandi Finnessey,1,0.0907041837237845
4,Apolo Anton Ohno,2,0.11281989801114523
4,Billy Ray Cyrus,2,0.08067560474616373
4,Clyde Drexler,2,0.06530305577050224
4,Heather Mills,2,0.10048730265000372
4,Ian Ziering,2,0.09173619360612131
4,Joey Fatone,2,0.10423663759147149
4,John Ratzenberger,2,0.08213182964212948
4,Laila Ali,2,0.11830217886802542
4,Leeza Gibbons,2,0.0829270321361497
4,Paulina Porizkova,2,0.08258337529742332
4,Shandi Finnessey,2,0.07879689168086428
4,Apolo Anton Ohno,3,0.11176642112714016
4,Billy Ray Cyrus,3,0.09398263447679867
4,Clyde Drexler,3,0.062960736376489
4,Heather Mills,3,0.11450896643269622
4,Ian Ziering,3,0.11450212600982253
4,Joey Fatone,3,0.11797897906821692
4,John Ratzenberger,3,0.08591244065831026
4,Laila Ali,3,0.09759002009189387
4,Leeza Gibbons,3,0.1086187129797786
4,Shandi Finnessey,3,0.09217896277885386
4,Apolo Anton Ohno,4,0.15000789001925313
4,Billy Ray Cyrus,4,0.10565621721039038
4,Clyde Drexler,4,0.0646624785977408
4,Heather Mills,4,0.12312350509894902
4,Ian Ziering,4,0.13195276366184389
4,Joey Fatone,4,0.16188092565207118
4,John Ratzenberger,4,0.07493827848350262
4,Laila Ali,4,0.11287604218911539
4,Leeza Gibbons,4,0.07490189908713352
4,Apolo Anton Ohno,5,0.1896614529988117
4,Billy Ray Cyrus,5,0.08722794043156598
4,Clyde Drexler,5,0.05619343123027772
4,Heather Mills,5,0.11607289828621828
4,Ian Ziering,5,0.13911891830438677
4,Joey Fatone,5,0.15104089688085476
4,John Ratzenberger,5,0.09013253078125345
4,Laila Ali,5,0.17055193108663133
4,Apolo Anton Ohno,6,0.1766368632110942
4,Billy Ray Cyrus,6,0.1104745301793872
4,Heather Mills,6,0.12767046661967896
4,Ian Ziering,6,0.14162761504168883
4,Joey Fatone,6,0.16735419647604613
4,John Ratzenberger,6,0.09949866583614521
4,Laila Ali,6,0.1767376626359595
4,Apolo Anton Ohno,7,0.18291478409002257
4,Billy Ray Cyrus,7,0.1071447121788161
4,Ian Ziering,7,0.17516215753531592
4,Joey Fatone,7,0.20211761460083824
4,John Ratzenberger,7,0.13065179664240356
4,Laila Ali,7,0.20200893495260355
4,Apolo Anton Ohno,8,0.24218130506595853
4,Billy Ray Cyrus,8,0.12743718310194194
4,Ian Ziering,8,0.18399906325773768
4,Joey Fatone,8,0.228390355178405
4,Laila Ali,8,0.21799209339595682
4,Apolo Anton Ohno,9,0.25427541674410864
4,Ian Ziering,9,0.2317692818710685
4,Joey Fatone,9,0.25762731435452413
4,Laila Ali,9,0.25632798703029885
4,Apolo Anton Ohno,10,0.3419640710808354
4,Joey Fatone,10,0.3316987965548017
4,Laila Ali,10,0.3263371323643628
5,Albert Reed,1,0.08045522591840676
5,Cameron Mathison,1,0.08057199080087117
5,Floyd Mayweather Jr. ,1,0.06520285069610052
5,Helio Castroneves,1,0.10568258099729852
5,Jane Seymour,1,0.09702511978801028
5,Jennie Garth,1,0.08069020961527922
5,Josie Maran,1,0.052809332601951545
5,Marie Osmond,1,0.08210028817253487
5,Mark Cuban,1,0.07898844711032257
5,Mel B,1,0.09804303005231808
5,Sabrina Bryan,1,0.1110975353307332
5,Wayne Newton,1,0.06733338891617317
5,Albert Reed,2,0.08511988349093523
5,Cameron Mathison,2,0.08631254584479008
5,Floyd Mayweather Jr. ,2,0.08397765926692231
5,Helio Castroneves,2,0.12183766078878838
5,Jane Seymour,2,0.08935883895336923
5,Jennie Garth,2,0.08762297251278921
5,Marie Osmond,2,0.10374110259289386
5,Mark Cuban,2,0.069748323889706
5,Mel B,2,0.1001187324114178
5,Sabrina Bryan,2,0.1181323620898802
5,Wayne Newton,2,0.054029918158507655
5,Cameron Mathison,3,0.09528524881505995
5,Floyd Mayweather Jr. ,3,0.08294780477336233
5,Helio Castroneves,3,0.1032466628034818
5,Jane Seymour,3,0.11643608081461923
5,Jennie Garth,3,0.11124694419652961
5,Marie Osmond,3,0.11198685882619047
5,Mark Cuban,3,0.07656291649430315
5,Mel B,3,0.11755514790324877
5,Sabrina Bryan,3,0.1208985661486589
5,Wayne Newton,3,0.06383376922454573
5,Cameron Mathison,4,0.11648669055447378
5,Floyd Mayweather Jr. ,4,0.09062965457385119
5,Helio Castroneves,4,0.11570663101909644
5,Jane Seymour,4,0.11268084729095236
5,Jennie Garth,4,0.11741601298643536
5,Marie Osmond,4,0.10972591049557746
5,Mark Cuban,4,0.08599570308123157
5,Mel B,4,0.1147762687907206
5,Sabrina Bryan,4,0.13658228120766122
5,Cameron Mathison,5,0.13206053243632562
5,Helio Castroneves,5,0.11494996999864146
5,Jane Seymour,5,0.12989216574082327
5,Jennie Garth,5,0.1269981335056987
5,Marie Osmond,5,0.09968503627175829
5,Mark Cuban,5,0.09499286695918643
5,Mel B,5,0.1548880469803253
5,Sabrina Bryan,5,0.14653324810724086
5,Cameron Mathison,6,0.1378633559491551
5,Helio Castroneves,6,0.15819318157515075
5,Jane Seymour,6,0.11688396629056229
5,Jennie Garth,6,0.1521501915200259
5,Marie Osmond,6,0.1219326573607775
5,Mel B,6,0.17704109978083848
5,Sabrina Bryan,6,0.1359355475234899
5,Cameron Mathison,7,0.16185012237051657
5,Helio Castroneves,7,0.17069292137759298
5,Jane Seymour,7,0.15201193186788878
5,Jennie Garth,7,0.17124550839506628
5,Marie Osmond,7,0.16418520620068333
5,Mel B,7,0.18001430978825214
5,Cameron Mathison,8,0.18571720407653142
5,Helio Castroneves,8,0.22389258717257862
5,Jennie Garth,8,0.1880829469384069
5,Marie Osmond,8,0.18251195908296017
5,Mel B,8,0.21979530272952297
5,Helio Castroneves,9,0.2648646985189887
5,Jennie Garth,9,0.23741855099249506
5,Marie Osmond,9,0.23271509988747083
5,Mel B,9,0.2650016506010454
5,Helio Castroneves,10,0.36039073600718363
5,Marie Osmond,10,0.2733146687519536
5,Mel B,10,0.3662945952408627
6,Adam Carolla,1,0.05385511437229727
6,Cristian de la Fuente,1,0.0860785008525677
6,Jason Taylor,1,0.09497218591884604
6,Kristi Yamaguchi,1,0.12591911723720323
6,Mario,1,0.10633363529523986
6,Marissa Jaret Winokur,1,0.06981910733020193
6,Marlee Matlin,1,0.09347055989881486
6,Monica Seles,1,0.05201925865909598
6,Penn Jillette,1,0.05774198307710718
6,Priscilla Presley,1,0.10414685275063539
6,Shannon Elizabeth,1,0.08784808753960502
6,Steve Guttenberg,1,0.06779559706838566
6,Adam Carolla,2,0.06818004434381328
6,Cristian de la Fuente,2,0.07761610434026231
6,Jason Taylor,2,0.11302120664433006
6,Kristi Yamaguchi,2,0.11772193933485402
6,Mario,2,0.10745151747998585
6,Marissa Jaret Winokur,2,0.07823473937832645
6,Marlee Matlin,2,0.09596563571478361
6,Monica Seles,2,0.047424722259463814
6,Penn Jillette,2,0.05693362325809715
6,Priscilla Presley,2,0.08415391451246458
6,Shannon Elizabeth,2,0.09709873788157819
6,Steve Guttenberg,2,0.05619781485204056
6,Adam Carolla,3,0.08538533365246731
6,Cristian de la Fuente,3,0.11169511883755283
6,Jason Taylor,3,0.10494615795827388
6,Kristi Yamaguchi,3,0.1286174447923252
6,Mario,3,0.09126761863596908
6,Marissa Jaret Winokur,3,0.07845987476129003
6,Marlee Matlin,3,0.09013912744610786
6,Priscilla Presley,3,0.11594017218851671
6,Shannon Elizabeth,3,0.10863701718749934
6,Steve Guttenberg,3,0.0849121345399979
6,Adam Carolla,4,0.07396266603136163
6,Cristian de la Fuente,4,0.11679502362197867
6,Jason Taylor,4,0.13577035413448593
6,Kristi Yamaguchi,4,0.13926533157380602
6,Mario,4,0.10613830780310632
6,Marissa Jaret Winokur,4,0.10335161119909339
6,Marlee Matlin,4,0.10303555834639652
6,Priscilla Presley,4,0.09377703027331599
6,Shannon Elizabeth,4,0.1279041170164556
6,Cristian de la Fuente,5,0.11632723114674105
6,Jason Taylor,5,0.1422347307005973
6,Kristi Yamaguchi,5,0.15988612908800706
6,Mario,5,0.1420284125983207
6,Marissa Jaret Winokur,5,0.1210828557431128
6,Marlee Matlin,5,0.10533628068576609
6,Priscilla Presley,5,0.09751180325548127
6,Shannon Elizabeth,5,0.1155925567819737
6,Cristian de la Fuente,6,0.14945773862973552
6,Jason Taylor,6,0.1336387436946001
6,Kristi Yamaguchi,6,0.17783602481402433
6,Mario,6,0.16037884609551753
6,Marissa Jaret Winokur,6,0.14464000746398795
6,Marlee Matlin,6,0.104249765358709
6,Shannon Elizabeth,6,0.12979887394342568
6,Cristian de la Fuente,7,0.14695636261297973
6,Jason Taylor,7,0.18003372901520134
6,Kristi Yamaguchi,7,0.18088534269476253
6,Mario,7,0.16560126834681008
6,Marissa Jaret Winokur,7,0.16757559205909997
6,Shannon Elizabeth,7,0.15894770527114635
6,Cristian de la Fuente,8,0.21713587556260366
6,Jason Taylor,8,0.19595138216397512
6,Kristi Yamaguchi,8,0.21138004251409653
6,Mario,8,0.19233943813352689
6,Marissa Jaret Winokur,8,0.18319326162579788
6,Cristian de la Fuente,9,0.2570371319940944
6,Jason Taylor,9,0.252913489914115
6,Kristi Yamaguchi,9,0.26787996079747056
6,Marissa Jaret Winokur,9,0.22216941729432002
6,Cristian de la Fuente,10,0.2984657837506285
6,Jason Taylor,10,0.33778358454323426
6,Kristi Yamaguchi,10,0.36375063170613725
7,Brooke Burke,1,0.1087216500026685
7,Cloris Leachman,1,0.056577708575488814
7,Cody Linley,1,0.08337853002640547
7,Jeffrey Ross,1,0.036023469409077594
7,Kim Kardashian,1,0.07015096655130859
7,Lance Bass,1,0.08851836048547697
7,Maurice Greene,1,0.07697026179342699
7,Misty May-Treanor,1,0.08601770926320235
7,Rocco DiSpirito,1,0.06472485995090399
7,Susan Lucci,1,0.07250129485790031
7,Ted McGinley,1,0.06967102000513671
7,Toni Braxton,1,0.09590649387816928
7,Warren Sapp,1,0.0908376752008346
7,Brooke Burke,2,0.119766985073893
7,Cloris Leachman,2,0.05882083010615668
7,Cody Linley,2,0.09564874746176556
7,Kim Kardashian,2,0.06914068008947905
7,Lance Bass,2,0.09099420997963142
7,Maurice Greene,2,0.08525327082189874
7,Misty May-Treanor,2,0.0941806589107183
7,Rocco DiSpirito,2,0.06617087294777141
7,Susan Lucci,2,0.09474655818265548
7,Toni Braxton,2,0.1089510389568649
7,Warren Sapp,2,0.11632614746916532
7,Brooke Burke,3,0.15409359680099896
7,Cloris Leachman,3,0.07131016068891693
7,Cody Linley,3,0.10417631585080918
7,Lance Bass,3,0.11127248816927436
7,Maurice Greene,3,0.1206439689197181
7,Rocco DiSpirito,3,0.09265919591195124
7,Susan Lucci,3,0.10434523616649029
7,Toni Braxton,3,0.1106605121059074
7,Warren Sapp,3,0.13083852538593346
7,Brooke Burke,4,0.13977352562373127
7,Cloris Leachman,4,0.10203866407125346
7,Cody Linley,4,0.11539170733484252
7,Lance Bass,4,0.13154664754004347
7,Maurice Greene,4,0.09783041175219113
7,Rocco DiSpirito,4,0.07893139179314959
7,Susan Lucci,4,0.11840307574696987
7,Toni Braxton,4,0.10621130906319032
7,Warren Sapp,4,0.10987326707462854
7,Brooke Burke,5,0.16063151490270056
7,Cloris Leachman,5,0.09740203742558518
7,Cody Linley,5,0.1489640412653349
7,Lance Bass,5,0.10777003033174799
7,Maurice Greene,5,0.1394561767756995
7,Susan Lucci,5,0.11029938925257561
7,Toni Braxton,5,0.10567311931350268
7,Warren Sapp,5,0.12980369073285364
7,Brooke Burke,6,0.17524892895813413
7,Cloris Leachman,6,0.07688174906020513
7,Cody Linley,6,0.14379505520864985
7,Lance Bass,6,0.17499786732857928
7,Maurice Greene,6,0.12971225184884883
7,Susan Lucci,6,0.14172660638988008
7,Warren Sapp,6,0.15763754120570275
7,Brooke Burke,7,0.21978215261632286
7,Cody Linley,7,0.14384642459048727
7,Lance Bass,7,0.17288912924267757
7,Maurice Greene,7,0.16731002180568813
7,Susan Lucci,7,0.1567791456655844
7,Warren Sapp,7,0.1393931260792397
7,Brooke Burke,8,0.22551521837673943
7,Cody Linley,8,0.18166520494594035
7,Lance Bass,8,0.20053093694645024
7,Maurice Greene,8,0.1789758607124985
7,Warren Sapp,8,0.2133127790183715
7,Brooke Burke,9,0.24886201143978814
7,Cody Linley,9,0.21189229875477417
7,Lance Bass,9,0.29472059399945866
7,Warren Sapp,9,0.24452509580597906
7,Brooke Burke,10,0.35898838563684526
7,Lance Bass,10,0.32270703679715795
7,Warren Sapp,10,0.31830457756599684
8,Belinda Carlisle,1,0.06566858387735587
8,Chuck Wicks,1,0.08339477016488653
8,David Alan Grier,1,0.07642764255895908
8,Denise Richards,1,0.07234030649039196
8,Gilles Marini,1,0.11110197189422322
8,Holly Madison,1,0.0710759140957307
8,Lawrence Taylor,1,0.061326779143556547
8,Lil' Kim,1,0.09069973814855989
8,Melissa Rycroft,1,0.1043352616815481
8,Shawn Johnson,1,0.10336501682776401
8,Steve Wozniak,1,0.045002389468835544
8,Steve-O,1,0.06392952615396323
8,Ty Murray,1,0.05133209949422521
8,Belinda Carlisle,2,0.06265242602438709
8,Chuck Wicks,2,0.07574482971334173
8,David Alan Grier,2,0.061975087838439254
8,Denise Richards,2,0.07638779618683257
8,Gilles Marini,2,0.115526829779004
8,Holly Madison,2,0.06301513063574225
8,Lawrence Taylor,2,0.07252695883337458
8,Lil' Kim,2,0.09194212817222513
8,Melissa Rycroft,2,0.10954123148908966
8,Shawn Johnson,2,0.09887691385135151
8,Steve Wozniak,2,0.05374168752776558
8,Steve-O,2,0.044993450317452395
8,Ty Murray,2,0.07307552963099422
8,Chuck Wicks,3,0.0907339056590788
8,David Alan Grier,3,0.09447136402596021
8,Denise Richards,3,0.05521389593866539
8,Gilles Marini,3,0.11911181711539585
8,Holly Madison,3,0.05865814759503295
8,Lawrence Taylor,3,0.07447030266021447
8,Lil' Kim,3,0.10482742213793325
8,Melissa Rycroft,3,0.11795434497997964
8,Shawn Johnson,3,0.11516730301879072
8,Steve Wozniak,3,0.029102515493477307
8,Steve-O,3,0.048531240231004455
8,Ty Murray,3,0.09175774114446698
8,Chuck Wicks,4,0.09025132804038959
8,David Alan Grier,4,0.08986495725307546
8,Gilles Marini,4,0.14013608918836246
8,Holly Madison,4,0.054596982508817914
8,Lawrence Taylor,4,0.0726303349774751
8,Lil' Kim,4,0.12004480958646148
8,Melissa Rycroft,4,0.13197112858605695
8,Shawn Johnson,4,0.10974780840211125
8,Steve Wozniak,4,0.03454449919675124
8,Steve-O,4,0.051401478895143765
8,Ty Murray,4,0.10481058336535466
8,Chuck Wicks,5,0.10774825899358097
8,David Alan Grier,5,0.09938733223319356
8,Gilles Marini,5,0.15123449110627074
8,Lawrence Taylor,5,0.08826850414877924
8,Lil' Kim,5,0.13138471310505107
8,Melissa Rycroft,5,0.12561867241837174
8,Shawn Johnson,5,0.12942711123351305
8,Steve-O,5,0.07243733238215602
8,Ty Murray,5,0.0944935843790836
8,Chuck Wicks,6,0.1230533598439325
8,Gilles Marini,6,0.1474603670221445
8,Lawrence Taylor,6,0.11099024292155835
8,Lil' Kim,6,0.15960748294952387
8,Melissa Rycroft,6,0.15343421402812035
8,Shawn Johnson,6,0.14620621675939519
8,Steve-O,6,0.07058932485619843
8,Ty Murray,6,0.08865879161912682
8,Chuck Wicks,7,0.1487615841323919
8,Gilles Marini,7,0.15270515627272255
8,Lawrence Taylor,7,0.10294282951582624
8,Lil' Kim,7,0.14680005607668833
8,Melissa Rycroft,7,0.16436458279253752
8,Shawn Johnson,7,0.15864051002108043
8,Ty Murray,7,0.12578528118875318
8,Chuck Wicks,8,0.1584747775667556
8,Gilles Marini,8,0.18127329127620534
8,Lil' Kim,8,0.18243192153647325
8,Melissa Rycroft,8,0.1463497225515369
8,Shawn Johnson,8,0.16931427351909908
8,Ty Murray,8,0.1621560135499298
8,Gilles Marini,9,0.2173995429084666
8,Lil' Kim,9,0.18859516170305082
8,Melissa Rycroft,9,0.2166858939952118
8,Shawn Johnson,9,0.2145181987323178
8,Ty Murray,9,0.16280120266095305
8,Gilles Marini,10,0.284811157025579
8,Melissa Rycroft,10,0.2546345819034733
8,Shawn Johnson,10,0.26225266163635963
8,Ty Murray,10,0.19830159943458808
8,Gilles Marini,11,0.33224585542657054
8,Melissa Rycroft,11,0.3218390525822865
8,Shawn Johnson,11,0.3459150919911429
9,Aaron Carter,1,0.08805142154724512
9,Ashley Hamiliton,1,0.03916452203280719
9,Chuck Liddell,1,0.05024192347810925
9,Debi Mazar,1,0.050959090254585546
9,Donny Osmond,1,0.07982073105971382
9,Joanna Krupa,1,0.09267062490375716
9,Kathy Ireland,1,0.043735799918471756
9,Kelly Osbourne,1,0.08088846487747071
9,Louie Vito,1,0.06669860473328644
9,Macy Gray,1,0.03916452203280719
9,Mark Dacascos,1,0.07442909062526148
9,Melissa Joan Hart,1,0.05669888888796453
9,Michael Irvin,1,0.041417353281420176
9,Mya,1,0.08460237924024085
9,Natalie Coughlin,1,0.06774567498945673
9,Tom DeLay,1,0.043710908137401944
9,Aaron Carter,2,0.10051444847362578
9,Chuck Liddell,2,0.060247201974321554
9,Debi Mazar,2,0.06850503081673864
9,Donny Osmond,2,0.09068519918226234
9,Joanna Krupa,2,0.07044779881418996
9,Kathy Ireland,2,0.05514463406963274
9,Kelly Osbourne,2,0.06408632321832652
9,Louie Vito,2,0.06274548458160112
9,Mark Dacascos,2,0.07113579519654818
9,Melissa Joan Hart,2,0.061971135316477716
9,Michael Irvin,2,0.06233331724961655
9,Mya,2,0.1033987185816352
9,Natalie Coughlin,2,0.0739315556896626
9,Tom DeLay,2,0.05485335683536102
9,Aaron Carter,3,0.08272976184384698
9,Chuck Liddell,3,0.06001304361423156
9,Debi Mazar,3,0.060154308065560796
9,Donny Osmond,3,0.08481362416505922
9,Joanna Krupa,3,0.09401830370565904
9,Kelly Osbourne,3,0.07704111337600106
9,Louie Vito,3,0.07383517668184553
9,Mark Dacascos,3,0.06780984564762522
9,Melissa Joan Hart,3,0.07415454200233566
9,Michael Irvin,3,0.04706384289783329
9,Mya,3,0.11956066990468567
9,Natalie Coughlin,3,0.10918766325335
9,Tom DeLay,3,0.04961810484196598
9,Aaron Carter,4,0.07062926566027834
9,Chuck Liddell,4,0.061025144178940956
9,Donny Osmond,4,0.1032508732498273
9,Joanna Krupa,4,0.11284727179652007
9,Kelly Osbourne,4,0.09484383352725304
9,Louie Vito,4,0.0596267590932022
9,Mark Dacascos,4,0.08994640228286413
9,Melissa Joan Hart,4,0.12134419276266942
9,Michael Irvin,4,0.05711906468357465
9,Mya,4,0.12758818197028585
9,Natalie Coughlin,4,0.10177901079458407
9,Aaron Carter,5,0.09874844516501846
9,Donny Osmond,5,0.12781200788574637
9,Joanna Krupa,5,0.10361426558443865
9,Kelly Osbourne,5,0.09761076967743257
9,Louie Vito,5,0.08356034480960058
9,Mark Dacascos,5,0.1102828233173901
9,Melissa Joan Hart,5,0.09361027045519398
9,Michael Irvin,5,0.07812146611233832
9,Mya,5,0.11953409269499404
9,Natalie Coughlin,5,0.0871055142978469
9,Aaron Carter,6,0.13263221964052654
9,Donny Osmond,6,0.12471330556711586
9,Joanna Krupa,6,0.14947584175491424
9,Kelly Osbourne,6,0.09368361188220356
9,Louie Vito,6,0.08171661974222856
9,Mark Dacascos,6,0.1247303058888816
9,Melissa Joan Hart,6,0.08257423161752428
9,Michael Irvin,6,0.07692235635979726
9,Mya,6,0.13355150754680806
9,Aaron Carter,7,0.15515043901881478
9,Donny Osmond,7,0.1513460533103705
9,Joanna Krupa,7,0.16542387395856675
9,Kelly Osbourne,7,0.14915702758774754
9,Mark Dacascos,7,0.11172557439742178
9,Michael Irvin,7,0.12197336704602026
9,Mya,7,0.14522366468105824
9,Aaron Carter,8,0.18253796841077097
9,Donny Osmond,8,0.18810290827496987
9,Joanna Krupa,8,0.19995433713913574
9,Kelly Osbourne,8,0.1935170602639864
9,Mya,8,0.23588772591113696
9,Donny Osmond,9,0.22980592379672388
9,Joanna Krupa,9,0.24520890827976477
9,Kelly Osbourne,9,0.24055255178090168
9,Mya,9,0.2844326161426096
9,Donny Osmond,10,0.35567679160120824
9,Kelly Osbourne,10,0.29484347085213086
9,Mya,10,0.349479737546661
10,Aiden Turner,1,0.06489683791654668
10,Buzz Aldrin,1,0.05555141622845299
10,Chad Ochocinco,1,0.08155952553616047
10,Erin Andrews,1,0.10502953347047472
10,Evan Lysacek,1,0.1197723870534667
10,Jake Pavelka,1,0.09658909451494958
10,Kate Gosselin,1,0.06831931067314549
10,Nicole Scherzinger,1,0.1365240724640523
10,Niecy Nash,1,0.08405340080258016
10,Pamela Anderson,1,0.10440170238456963
10,Shannen Doherty,1,0.08330271895560129
10,Aiden Turner,2,0.08160827943309615
10,Buzz Aldrin,2,0.042756557340345745
10,Chad Ochocinco,2,0.06747160929016914
10,Erin Andrews,2,0.10975383285656636
10,Evan Lysacek,2,0.11914522390654611
10,Jake Pavelka,2,0.09042881201982787
10,Kate Gosselin,2,0.05882185376348566
10,Nicole Scherzinger,2,0.1444148858192965
10,Niecy Nash,2,0.09505462438441424
10,Pamela Anderson,2,0.10286440514912532
10,Shannen Doherty,2,0.08767991603712695
10,Aiden Turner,3,0.09423481122547524
10,Buzz Aldrin,3,0.049943630727010135
10,Chad Ochocinco,3,0.09621738238968171
10,Erin Andrews,3,0.11748272541493585
10,Evan Lysacek,3,0.14266679039234484
10,Jake Pavelka,3,0.10288792561494141
10,Kate Gosselin,3,0.06365007725472752
10,Nicole Scherzinger,3,0.12394965435525686
10,Niecy Nash,3,0.1025011903185695
10,Pamela Anderson,3,0.10646581230705715
10,Aiden Turner,4,0.07954259281999172
10,Chad Ochocinco,4,0.11710967397333633
10,Erin Andrews,4,0.10451460440577437
10,Evan Lysacek,4,0.15541821332336536
10,Jake Pavelka,4,0.10029316645264252
10,Kate Gosselin,4,0.07375303255017784
10,Nicole Scherzinger,4,0.14817361865314307
10,Niecy Nash,4,0.09097765343744836
10,Pamela Anderson,4,0.13021744438412025
10,Chad Ochocinco,5,0.09976439769357882
10,Erin Andrews,5,0.12817581192949257
10,Evan Lysacek,5,0.16691816793168074
10,Jake Pavelka,5,0.1300385198774593
10,Kate Gosselin,5,0.07108781970740054
10,Nicole Scherzinger,5,0.18758317316070458
10,Niecy Nash,5,0.0953663247725886
10,Pamela Anderson,5,0.12106578492709495
10,Chad Ochocinco,6,0.14697046014900925
10,Erin Andrews,6,0.16804401973940486
10,Evan Lysacek,6,0.1296767577712046
10,Jake Pavelka,6,0.10947872780227515
10,Nicole Scherzinger,6,0.18727759116087073
10,Niecy Nash,6,0.11629252314804352
10,Pamela Anderson,6,0.14225992022919182
10,Chad Ochocinco,7,0.16547831201070134
10,Erin Andrews,7,0.16679802338934088
10,Evan Lysacek,7,0.17597196890472852
10,Nicole Scherzinger,7,0.183340161277076
10,Niecy Nash,7,0.14961989705409634
10,Pamela Anderson,7,0.15879163736405702
10,Chad Ochocinco,8,0.17085810366364007
10,Erin Andrews,8,0.21293824454396543
10,Evan Lysacek,8,0.21509262883438138
10,Nicole Scherzinger,8,0.24721164621079608
10,Niecy Nash,8,0.15389937674721707
10,Chad Ochocinco,9,0.2121270590499986
10,Erin Andrews,9,0.2495976626587846
10,Evan Lysacek,9,0.2664994808931638
10,Nicole Scherzinger,9,0.2717757973980529
10,Erin Andrews,10,0.3229553210899712
10,Evan Lysacek,10,0.3226403801059785
10,Nicole Scherzinger,10,0.3544042988040503
11,Audrina Patridge,1,0.08496539499705354
11,Brandy,1,0.10906683036316162
11,Bristol Palin,1,0.07815425095285244
11,David Hasselhoff,1,0.05749793491362325
11,Florence Henderson,1,0.07669465770658772
11,Jennifer Grey,1,0.11746063216698724
11,Kurt Warner,1,0.0837833268422893
11,Kyle Massey,1,0.1095595655993803
11,Margaret Cho,1,0.05928388366058391
11,Michael Bolton,1,0.06165107514213198
11,Rick Fox,1,0.10252565390758099
11,The Situation,1,0.05935679374776792
11,Audrina Patridge,2,0.10965670329146845
11,Brandy,2,0.09888904615421738
11,Bristol Palin,2,0.09925237316965758
11,Florence Henderson,2,0.08270611985735928
11,Jennifer Grey,2,0.1177583347414596
11,Kurt Warner,2,0.09597048361098433
11,Kyle Massey,2,0.10407415875193461
11,Margaret Cho,2,0.07474218169521887
11,Michael Bolton,2,0.04317914310307021
11,Rick Fox,2,0.09813199617191477
11,The Situation,2,0.07563945945271484
11,Audrina Patridge,3,0.1260696933988095
11,Brandy,3,0.11393540447185685
11,Bristol Palin,3,0.08076545239664329
11,Florence Henderson,3,0.08575123779595165
11,Jennifer Grey,3,0.1178500435895576
11,Kurt Warner,3,0.10339973324672941
11,Kyle Massey,3,0.10570943499619434
11,Margaret Cho,3,0.0726753791254409
11,Rick Fox,3,0.11094555414726215
11,The Situation,3,0.08289806683155437
11,Audrina Patridge,4,0.1347626848436919
11,Brandy,4,0.14393529765296656
11,Bristol Palin,4,0.08009441007461865
11,Florence Henderson,4,0.09145977604294937
11,Jennifer Grey,4,0.17404159295844163
11,Kurt Warner,4,0.0911882456571583
11,Kyle Massey,4,0.1096836485324257
11,Rick Fox,4,0.10892105991257489
11,The Situation,4,0.06591328432517306
11,Audrina Patridge,5,0.12921406159000393
11,Brandy,5,0.16134484297936416
11,Bristol Palin,5,0.08993728052373612
11,Florence Henderson,5,0.10754947637440875
11,Jennifer Grey,5,0.14520224218946948
11,Kurt Warner,5,0.12749673054476682
11,Kyle Massey,5,0.10608272846635544
11,Rick Fox,5,0.13317263733189533
11,Audrina Patridge,6,0.15553017110783365
11,Brandy,6,0.1872536856550651
11,Bristol Palin,6,0.1286128271227447
11,Jennifer Grey,6,0.14155994627175347
11,Kurt Warner,6,0.09916366917374334
11,Kyle Massey,6,0.14277893832227584
11,Rick Fox,6,0.145100762346584
11,Brandy,7,0.18362806984768637
11,Bristol Palin,7,0.1506077357781045
11,Jennifer Grey,7,0.18006625249755237
11,Kurt Warner,7,0.16260002076504398
11,Kyle Massey,7,0.16141449140637712
11,Rick Fox,7,0.1616834297052356
11,Brandy,8,0.22115783479644832
11,Bristol Palin,8,0.17024994545170313
11,Jennifer Grey,8,0.22352588484660446
11,Kurt Warner,8,0.16929876985939982
11,Kyle Massey,8,0.2157675650458444
11,Brandy,9,0.24269261681238014
11,Bristol Palin,9,0.22495107970849765
11,Jennifer Grey,9,0.27401750250896273
11,Kyle Massey,9,0.2583388009701594
11,Bristol Palin,10,0.2981623820180367
11,Jennifer Grey,10,0.37388186301348164
11,Kyle Massey,10,0.32795575496848167
12,Chelsea Kane,1,0.10390928369598904
12,Chris Jericho,1,0.0929738735879829
12,Hines Ward,1,0.10678299096082886
12,Kendra Wilkinson,1,0.08441125745963317
12,Kirstie Alley,1,0.1190388436923176
12,Mike Catherwood,1,0.05325906982174456
12,Petra Nemcova,1,0.08401225234164839
12,Ralph Macchio,1,0.12693164995411907
12,Romeo,1,0.09294265879389417
12,Sugar Ray Leonard,1,0.07694947661640474
12,Wendy Williams,1,0.05878864307543761
12,Chelsea Kane,2,0.08341982759839292
12,Chris Jericho,2,0.11103445172768803
12,Hines Ward,2,0.11443996045083624
12,Kendra Wilkinson,2,0.08715641014694085
12,Kirstie Alley,2,0.094978388831033
12,Mike Catherwood,2,0.07014913938614216
12,Petra Nemcova,2,0.08261754421820745
12,Ralph Macchio,2,0.10168346596124676
12,Romeo,2,0.11048974091551705
12,Sugar Ray Leonard,2,0.07407580930267585
12,Wendy Williams,2,0.06995526146131989
12,Chelsea Kane,3,0.11039183920672452
12,Chris Jericho,3,0.09921045386378552
12,Hines Ward,3,0.1249498873887396
12,Kendra Wilkinson,3,0.10632113014798442
12,Kirstie Alley,3,0.09729222389309182
12,Petra Nemcova,3,0.12079124670293895
12,Ralph Macchio,3,0.099325438589289
12,Romeo,3,0.09341171745122079
12,Sugar Ray Leonard,3,0.08914968226444604
12,Wendy Williams,3,0.05915638049177915
12,Chelsea Kane,4,0.13228650036163225
12,Chris Jericho,4,0.11211649427460958
12,Hines Ward,4,0.1275995006370808
12,Kendra Wilkinson,4,0.0816968590786192
12,Kirstie Alley,4,0.10453566970057587
12,Petra Nemcova,4,0.1116118609627882
12,Ralph Macchio,4,0.12246420094717857
12,Romeo,4,0.1119435539001604
12,Sugar Ray Leonard,4,0.09574536013735511
12,Chelsea Kane,5,0.1398272804953494
12,Chris Jericho,5,0.1339918811928409
12,Hines Ward,5,0.14563432253579314
12,Kendra Wilkinson,5,0.10784198732665641
12,Kirstie Alley,5,0.11662831664780207
12,Petra Nemcova,5,0.10733934785524855
12,Ralph Macchio,5,0.11076177846821789
12,Romeo,5,0.13797508547809156
12,Chelsea Kane,6,0.16121118896620723
12,Chris Jericho,6,0.11375353285184407
12,Hines Ward,6,0.15498290040019339
12,Kendra Wilkinson,6,0.1358312532657986
12,Kirstie Alley,6,0.1437097670820438
12,Ralph Macchio,6,0.13081221423862469
12,Romeo,6,0.1596991431952883
12,Chelsea Kane,7,0.17440431798222314
12,Hines Ward,7,0.17977004844497213
12,Kendra Wilkinson,7,0.15538888870836917
12,Kirstie Alley,7,0.1580764144055514
12,Ralph Macchio,7,0.17379421052562288
12,Romeo,7,0.1585661199332612
12,Chelsea Kane,8,0.2232300078837855
12,Hines Ward,8,0.2127058436566569
12,Kirstie Alley,8,0.20305597080360754
12,Ralph Macchio,8,0.16755524405099695
12,Romeo,8,0.1934529336049531
12,Chelsea Kane,9,0.3344624471130992
12,Hines Ward,9,0.26022314429882915
12,Kirstie Alley,9,0.2256294874242369
12,Ralph Macchio,9,0.17968492116383483
12,Chelsea Kane,10,0.34731717832520187
12,Hines Ward,10,0.3408407921502549
12,Kirstie Alley,10,0.31184202952454315
13,Carson Kressley,1,0.07514654538367216
13,Chaz Bono,1,0.07445041005004
13,Chynna Phillips,1,0.109378800836346
13,David Arquette,1,0.08136350490219775
13,Elisabetta Canalis,1,0.06466021284167957
13,Hope Solo,1,0.101383421306527
13,J.R. Martinez,1,0.10997354781029128
13,Kristin Cavallari,1,0.08978956210491779
13,Metta World Peace (Ron),1,0.05566034989727788
13,Nancy Grace,1,0.07051070878954775
13,Ricki Lake,1,0.09703652886253132
13,Rob Kardashian,1,0.07064640721497145
13,Carson Kressley,2,0.076996958765593
13,Chaz Bono,2,0.06967826278966577
13,Chynna Phillips,2,0.09776764925577296
13,David Arquette,2,0.07806582878444522
13,Elisabetta Canalis,2,0.09200052516616762
13,Hope Solo,2,0.08511105742005934
13,J.R. Martinez,2,0.10390589487914831
13,Kristin Cavallari,2,0.10105570500976749
13,Nancy Grace,2,0.09228680029055962
13,Ricki Lake,2,0.10936372530804363
13,Rob Kardashian,2,0.0937675923307771
13,Carson Kressley,3,0.09311990422833336
13,Chaz Bono,3,0.06844819012302612
13,Chynna Phillips,3,0.11140560746537946
13,David Arquette,3,0.10025454193371636
13,Hope Solo,3,0.10131294011463131
13,J.R. Martinez,3,0.11505719703864346
13,Kristin Cavallari,3,0.1009187116225021
13,Nancy Grace,3,0.08484709421055084
13,Ricki Lake,3,0.1225283843335815
13,Rob Kardashian,3,0.10210742892963537
13,Carson Kressley,4,0.088945335679834
13,Chaz Bono,4,0.09364496877544402
13,Chynna Phillips,4,0.09603910412944126
13,David Arquette,4,0.11049013001763874
13,Hope Solo,4,0.11592162274149351
13,J.R. Martinez,4,0.13234498644398585
13,Nancy Grace,4,0.09589321085861409
13,Ricki Lake,4,0.15007541021438056
13,Rob Kardashian,4,0.116645231139168
13,Carson Kressley,5,0.08984807353421005
13,Chaz Bono,5,0.1039457095308108
13,David Arquette,5,0.13453999377880943
13,Hope Solo,5,0.1264257276035811
13,J.R. Martinez,5,0.16172597265702002
13,Nancy Grace,5,0.11386368555004546
13,Ricki Lake,5,0.13506643574112756
13,Rob Kardashian,5,0.13458440160439564
13,Chaz Bono,6,0.10102640751388788
13,David Arquette,6,0.13671696622697213
13,Hope Solo,6,0.11579689965722825
13,J.R. Martinez,6,0.18719576294558435
13,Nancy Grace,6,0.14150870460747383
13,Ricki Lake,6,0.1865883681722641
13,Rob Kardashian,6,0.13116689087658948
13,David Arquette,7,0.15338958898138816
13,Hope Solo,7,0.16922242806886184
13,J.R. Martinez,7,0.17020268577816125
13,Nancy Grace,7,0.14269655621961008
13,Ricki Lake,7,0.18923929337890494
13,Rob Kardashian,7,0.1752494475730737
13,Hope Solo,8,0.19675273138480034
13,J.R. Martinez,8,0.24133829622928862
13,Nancy Grace,8,0.15335665076480487
13,Ricki Lake,8,0.20771885190415107
13,Rob Kardashian,8,0.20083346971695498
13,Hope Solo,9,0.18484406009153712
13,J.R. Martinez,9,0.237846723136245
13,Ricki Lake,9,0.29427971070241105
13,Rob Kardashian,9,0.28302950606980676
13,J.R. Martinez,10,0.3302949968934801
13,Ricki Lake,10,0.3326493739544674
13,Rob Kardashian,10,0.3370556291520525
14,Donald Driver,1,0.07631212542674867
14,Gavin DeGraw,1,0.07014268973890901
14,Gladys Knight,1,0.08409470773008769
14,Jack Wagner,1,0.08498943275009302
14,Jaleel White,1,0.10127817658619254
14,Katherine Jenkins,1,0.10327270798740411
14,Maria Menounos,1,0.07675310569173346
14,Martina Navratilova,1,0.06830457512256083
14,Melissa Gilbert,1,0.0697158853291268
14,Roshon Fegan,1,0.08721240569362271
14,Sherri Sheperd,1,0.08585303525781415
14,William Levy,1,0.09207115268570709
14,Donald Driver,2,0.09043771800042666
14,Gavin DeGraw,2,0.07503986865040282
14,Gladys Knight,2,0.06724974078117617
14,Jack Wagner,2,0.07613518905787987
14,Jaleel White,2,0.08249574508543336
14,Katherine Jenkins,2,0.1036518065034841
14,Maria Menounos,2,0.0956731694885216
14,Martina Navratilova,2,0.055299681606416774
14,Melissa Gilbert,2,0.0705167222966934
14,Roshon Fegan,2,0.1007397422274732
14,Sherri Sheperd,2,0.08549963401305496
14,William Levy,2,0.09726098228903719
14,Donald Driver,3,0.0955927767211886
14,Gavin DeGraw,3,0.08319607096845465
14,Gladys Knight,3,0.08137649069982615
14,Jack Wagner,3,0.0819116993812202
14,Jaleel White,3,0.08805040900816415
14,Katherine Jenkins,3,0.10940155811158246
14,Maria Menounos,3,0.1001578734313992
14,Melissa Gilbert,3,0.08253259187517985
14,Roshon Fegan,3,0.09136948564262094
14,Sherri Sheperd,3,0.08324643212816182
14,William Levy,3,0.10316461203220192
14,Donald Driver,4,0.12206750103720658
14,Gavin DeGraw,4,0.09457813680590585
14,Gladys Knight,4,0.08033956207587184
14,Jaleel White,4,0.09250891961287228
14,Katherine Jenkins,4,0.107471083351928
14,Maria Menounos,4,0.1166006459320529
14,Melissa Gilbert,4,0.0904331443843548
14,Roshon Fegan,4,0.11529359588687506
14,Sherri Sheperd,4,0.08468284920995665
14,William Levy,4,0.09602456170297616
14,Donald Driver,5,0.12548873365771201
14,Gavin DeGraw,5,0.07508231282063726
14,Gladys Knight,5,0.08986190168873379
14,Jaleel White,5,0.10715966672869377
14,Katherine Jenkins,5,0.13828169667530252
14,Maria Menounos,5,0.1234475652447579
14,Melissa Gilbert,5,0.08812064973381063
14,Roshon Fegan,5,0.1166307514196847
14,William Levy,5,0.1359267220306673
14,Donald Driver,6,0.1345464987083778
14,Gladys Knight,6,0.08001509537360908
14,Jaleel White,6,0.1471838415920507
14,Katherine Jenkins,6,0.16159273984654554
14,Maria Menounos,6,0.11604493368610805
14,Melissa Gilbert,6,0.11023057774455124
14,Roshon Fegan,6,0.10482624307736275
14,William Levy,6,0.14556006997139484
14,Donald Driver,7,0.14596978534776314
14,Jaleel White,7,0.1362017832985796
14,Katherine Jenkins,7,0.15158992027847917
14,Maria Menounos,7,0.15769058405361366
14,Melissa Gilbert,7,0.12156151436897794
14,Roshon Fegan,7,0.13943028993461434
14,William Levy,7,0.14755612271797208
14,Donald Driver,8,0.17243519951721928
14,Katherine Jenkins,8,0.17248715679097898
14,Maria Menounos,8,0.16573922767039062
14,Melissa Gilbert,8,0.14325498345347754
14,Roshon Fegan,8,0.16519717388778254
14,William Levy,8,0.18088625868015104
14,Donald Driver,9,0.24970014888584818
14,Katherine Jenkins,9,0.2446774990277006
14,Maria Menounos,9,0.24972059624442952
14,William Levy,9,0.2559017558420216
14,Donald Driver,10,0.3316033990750212
14,Katherine Jenkins,10,0.3362354121367001
14,William Levy,10,0.33216118878827866
15,Apolo Anton Ohno,1,0.08120985103626754
15,Bristol Palin,1,0.06621689605927086
15,Drew Lachey,1,0.07778579205627273
15,Emmitt Smith,1,0.09325248503705766
15,Gilles Marini,1,0.09197227500234366
15,Helio Castroneves,1,0.07805153716136883
15,Joey Fatone,1,0.07281251319667142
15,Kelly Monaco,1,0.07771014273485428
15,Kirstie Alley,1,0.06509688551953359
15,Melissa Rycroft,1,0.07585591686676703
15,Pamela Anderson,1,0.054169673644060674
15,Sabrina Bryan,1,0.08439529426238603
15,Shawn Johnson,1,0.08147073742314567
15,Apolo Anton Ohno,2,0.09045595382270631
15,Bristol Palin,2,0.059559182279906975
15,Drew Lachey,2,0.08017954631438352
15,Emmitt Smith,2,0.08207420450616384
15,Gilles Marini,2,0.09622852658047948
15,Helio Castroneves,2,0.08307631536621737
15,Joey Fatone,2,0.07922930974139042
15,Kelly Monaco,2,0.07935939312878125
15,Kirstie Alley,2,0.07259132900542853
15,Melissa Rycroft,2,0.08600995935630974
15,Sabrina Bryan,2,0.09787233416692627
15,Shawn Johnson,2,0.09336394573130616
15,Apolo Anton Ohno,3,0.09259736765323276
15,Bristol Palin,3,0.07567231833818129
15,Drew Lachey,3,0.0822363381929217
15,Emmitt Smith,3,0.09010569434397647
15,Gilles Marini,3,0.09471771379964941
15,Helio Castroneves,3,0.08971207736737499
15,Kelly Monaco,3,0.099457112994874
15,Kirstie Alley,3,0.08284732522359008
15,Melissa Rycroft,3,0.09997759324302904
15,Sabrina Bryan,3,0.09356964084860099
15,Shawn Johnson,3,0.09910681799456929
15,Apolo Anton Ohno,4,0.1068057699651243
15,Bristol Palin,4,0.09264422920734304
15,Emmitt Smith,4,0.11218242314836438
15,Gilles Marini,4,0.12675052411633408
15,Kelly Monaco,4,0.11784226305851257
15,Kirstie Alley,4,0.08816610633617966
15,Melissa Rycroft,4,0.11721139240269056
15,Sabrina Bryan,4,0.11123525580909663
15,Shawn Johnson,4,0.12716203595635484
15,Apolo Anton Ohno,5,0.12783941162992307
15,Emmitt Smith,5,0.1252856970691249
15,Gilles Marini,5,0.128338832921601
15,Kelly Monaco,5,0.11348737861600124
15,Kirstie Alley,5,0.11367529088875884
15,Melissa Rycroft,5,0.1287086554308912
15,Sabrina Bryan,5,0.1338911519531146
15,Shawn Johnson,5,0.12877358149058518
15,Apolo Anton Ohno,6,0.1345811627332721
15,Emmitt Smith,6,0.1155222217317058
15,Gilles Marini,6,0.12078074920202414
15,Kelly Monaco,6,0.11787896491857937
15,Kirstie Alley,6,0.11701814023695055
15,Melissa Rycroft,6,0.13452917832674027
15,Sabrina Bryan,6,0.13415302173105273
15,Shawn Johnson,6,0.12553656111967507
15,Apolo Anton Ohno,7,0.13583727316393102
15,Emmitt Smith,7,0.1417420474767833
15,Gilles Marini,7,0.13671494293656603
15,Kelly Monaco,7,0.14953623544521324
15,Kirstie Alley,7,0.10728188836519606
15,Melissa Rycroft,7,0.16813288305286417
15,Shawn Johnson,7,0.16075472955944609
15,Apolo Anton Ohno,8,0.14908298310344334
15,Emmitt Smith,8,0.1468469199488535
15,Gilles Marini,8,0.14249103846693362
15,Kelly Monaco,8,0.14455002849886506
15,Kirstie Alley,8,0.11484540963372353
15,Melissa Rycroft,8,0.15810517719963363
15,Shawn Johnson,8,0.1440784431485474
15,Apolo Anton Ohno,9,0.1935000720478612
15,Emmitt Smith,9,0.17811483069041667
15,Kelly Monaco,9,0.19687674724668905
15,Melissa Rycroft,9,0.21330074769004184
15,Shawn Johnson,9,0.2182076023249912
15,Kelly Monaco,10,0.33190974274672896
15,Melissa Rycroft,10,0.3368632581104765
15,Shawn Johnson,10,0.33122699914279446
16,Alexandra Raisman,1,0.09625577622592556
16,Andy Dick,1,0.0703254527079558
16,D. L. Hughley,1,0.042523601369108016
16,Dorothy Hamill,1,0.09144631761299644
16,Ingo Rademacher,1,0.08804152245814752
16,Jacoby Jones,1,0.08969219909965602
16,Kellie Pickler,1,0.09732795113191063
16,Lisa Vanderpump,1,0.075240259916183
16,Sean Lowe,1,0.0820199285275237
16,Victor Ortiz,1,0.07531789605023871
16,Wynonna Judd,1,0.07497938733141789
16,Zendaya,1,0.11682970756893675
16,Alexandra Raisman,2,0.10439454274741049
16,Andy Dick,2,0.07847499733936604
16,D. L. Hughley,2,0.05610787331032184
16,Dorothy Hamill,2,0.054873599675321995
16,Ingo Rademacher,2,0.08137442057469116
16,Jacoby Jones,2,0.0996525415809003
16,Kellie Pickler,2,0.11668976881153147
16,Lisa Vanderpump,2,0.07019850845419887
16,Sean Lowe,2,0.08077409484169949
16,Victor Ortiz,2,0.07107228631898957
16,Wynonna Judd,2,0.06749774100936237
16,Zendaya,2,0.11888962533620642
16,Alexandra Raisman,3,0.10317037939186774
16,Andy Dick,3,0.07181302104556438
16,D. L. Hughley,3,0.060405542234662914
16,Ingo Rademacher,3,0.08836007242730441
16,Jacoby Jones,3,0.11834815041727179
16,Kellie Pickler,3,0.11507083552094215
16,Lisa Vanderpump,3,0.08489185691107987
16,Sean Lowe,3,0.08704146416078003
16,Victor Ortiz,3,0.09577912229287842
16,Wynonna Judd,3,0.05397972357394195
16,Zendaya,3,0.12113983202370636
16,Alexandra Raisman,4,0.12842592491873717
16,Andy Dick,4,0.08746610812961758
16,D. L. Hughley,4,0.08621208486828455
16,Ingo Rademacher,4,0.10144475679948357
16,Jacoby Jones,4,0.11219859469145092
16,Kellie Pickler,4,0.12452636287781194
16,Lisa Vanderpump,4,0.07219497560583102
16,Sean Lowe,4,0.08639329055511571
16,Victor Ortiz,4,0.07509626138843725
16,Zendaya,4,0.12604164016523017
16,Alexandra Raisman,5,0.12536082634158185
16,Andy Dick,5,0.07835493954627641
16,D. L. Hughley,5,0.07569925790584088
16,Ingo Rademacher,5,0.0972417122812199
16,Jacoby Jones,5,0.12798156595785123
16,Kellie Pickler,5,0.13815306352227663
16,Sean Lowe,5,0.11354637521740346
16,Victor Ortiz,5,0.09316476361023156
16,Zendaya,5,0.1504974956173181
16,Alexandra Raisman,6,0.1462404252323867
16,Andy Dick,6,0.102884989714896
16,Ingo Rademacher,6,0.11910850401753839
16,Jacoby Jones,6,0.11963538499819469
16,Kellie Pickler,6,0.1525316476005516
16,Sean Lowe,6,0.11971604374993716
16,Victor Ortiz,6,0.09622669758152726
16,Zendaya,6,0.1436563071049682
16,Alexandra Raisman,7,0.18629570621416772
16,Andy Dick,7,0.07559402162636152
16,Ingo Rademacher,7,0.13172618723583937
16,Jacoby Jones,7,0.146870254012862
16,Kellie Pickler,7,0.16462121605166277
16,Sean Lowe,7,0.1228662537825308
16,Zendaya,7,0.1720263610765758
16,Alexandra Raisman,8,0.18823160443759263
16,Ingo Rademacher,8,0.14772609692575217
16,Jacoby Jones,8,0.1684021598108599
16,Kellie Pickler,8,0.18197662539450435
16,Sean Lowe,8,0.11963479048280293
16,Zendaya,8,0.19402872294848802
16,Alexandra Raisman,9,0.2140252494962681
16,Ingo Rademacher,9,0.16719569978322935
16,Jacoby Jones,9,0.21136163171661715
16,Kellie Pickler,9,0.20995284917400547
16,Zendaya,9,0.19746456982987995
16,Alexandra Raisman,10,0.24755262387760998
16,Jacoby Jones,10,0.23579690968602016
16,Kellie Pickler,10,0.25889744136476184
16,Zendaya,10,0.25775302507160797
17,Amber Riley,1,0.11545024532825192
17,Bill Engvall,1,0.06509884184685986
17,Bill Nye,1,0.04482162524762987
17,Brant Daugherty,1,0.08667351003732857
17,Christina Milian,1,0.0875022020915091
17,Corbin Bleu,1,0.0990461927743754
17,Elizabeth Berkley Lauren,1,0.09855670312653117
17,Jack Osbourne,1,0.09238443642218241
17,Keyshawn Johnson,1,0.05879188671371527
17,Leah Remini,1,0.08162904193773304
17,"Nicole ""Snooki"" Polizzi",1,0.09072763487371895
17,Valerie Harper,1,0.07931767960016448
17,Amber Riley,2,0.09502922912659731
17,Bill Engvall,2,0.07637396014534195
17,Bill Nye,2,0.05413564502430208
17,Brant Daugherty,2,0.08885761272795879
17,Christina Milian,2,0.09844510421457113
17,Corbin Bleu,2,0.10459359933498755
17,Elizabeth Berkley Lauren,2,0.0990485137638167
17,Jack Osbourne,2,0.09221339369390977
17,Keyshawn Johnson,2,0.05965049809198116
17,Leah Remini,2,0.09210453011390293
17,"Nicole ""Snooki"" Polizzi",2,0.07446529468847402
17,Valerie Harper,2,0.0650826190741565
17,Amber Riley,3,0.09692750976543621
17,Bill Engvall,3,0.09253744709458936
17,Bill Nye,3,0.0516463482621549
17,Brant Daugherty,3,0.10902619432487984
17,Christina Milian,3,0.10605816748615211
17,Corbin Bleu,3,0.10798467123779648
17,Elizabeth Berkley Lauren,3,0.10232439722809328
17,Jack Osbourne,3,0.08553127132621899
17,Leah Remini,3,0.09518134059058715
17,"Nicole ""Snooki"" Polizzi",3,0.09886423625522558
17,Valerie Harper,3,0.05391841642886602
17,Amber Riley,4,0.11823734162692787
17,Bill Engvall,4,0.08481164581477624
17,Brant Daugherty,4,0.08760037483978955
17,Christina Milian,4,0.10327973769509757
17,Corbin Bleu,4,0.11993990907417451
17,Elizabeth Berkley Lauren,4,0.11867912322189303
17,Jack Osbourne,4,0.10115244086758025
17,Leah Remini,4,0.09972112114787035
17,"Nicole ""Snooki"" Polizzi",4,0.10236046806011045
17,Valerie Harper,4,0.0642178376517802
17,Amber Riley,5,0.11314572061005303
17,Bill Engvall,5,0.09611625560673114
17,Brant Daugherty,5,0.11546913429733947
17,Christina Milian,5,0.12019267360991386
17,Corbin Bleu,5,0.12186875485176277
17,Elizabeth Berkley Lauren,5,0.11309559691892791
17,Jack Osbourne,5,0.11478990117835812
17,Leah Remini,5,0.08910908307434055
17,"Nicole ""Snooki"" Polizzi",5,0.11621287985257313
17,Amber Riley,6,0.14330575891963912
17,Bill Engvall,6,0.09681396248115132
17,Brant Daugherty,6,0.13728270228967268
17,Corbin Bleu,6,0.11661007539826043
17,Elizabeth Berkley Lauren,6,0.141896899624447
17,Jack Osbourne,6,0.1155752181129819
17,Leah Remini,6,0.11765457816299005
17,"Nicole ""Snooki"" Polizzi",6,0.1308608050108576
17,Amber Riley,7,0.1375867693720958
17,Bill Engvall,7,0.10574265236445672
17,Brant Daugherty,7,0.1304243819060936
17,Corbin Bleu,7,0.13660504019719488
17,Elizabeth Berkley Lauren,7,0.12154688299238021
17,Jack Osbourne,7,0.13058328239210598
17,Leah Remini,7,0.11835217042592146
17,"Nicole ""Snooki"" Polizzi",7,0.11915882034975128
17,Amber Riley,8,0.14755459154118522
17,Bill Engvall,8,0.11618843131667382
17,Brant Daugherty,8,0.13725824660181804
17,Corbin Bleu,8,0.1632730387582412
17,Elizabeth Berkley Lauren,8,0.12796405969203753
17,Jack Osbourne,8,0.16122967916741107
17,Leah Remini,8,0.14653195292263313
17,Amber Riley,9,0.16417559825261413
17,Bill Engvall,9,0.12158645233282954
17,Corbin Bleu,9,0.1926581734090538
17,Elizabeth Berkley Lauren,9,0.17600392996175013
17,Jack Osbourne,9,0.17462916543288676
17,Leah Remini,9,0.17094668061086582
17,Amber Riley,10,0.2369797549033747
17,Bill Engvall,10,0.1596933584430163
17,Corbin Bleu,10,0.22263645294217413
17,Jack Osbourne,10,0.2047349199310046
17,Leah Remini,10,0.1759555137804302
17,Amber Riley,11,0.28527841082623767
17,Bill Engvall,11,0.2091577457784418
17,Corbin Bleu,11,0.2635320676780209
17,Jack Osbourne,11,0.24203177571729975
18,Amy Purdy,1,0.0955261404618153
18,Billy Dee Williams,1,0.04664822449987902
18,Candace Cameron Bure,1,0.09938010117481438
18,Charlie White,1,0.11287883489253331
18,Cody Simpson,1,0.08383438707376706
18,Danica McKellar,1,0.09553168266926157
18,Diana Nyad,1,0.061155157260932624
18,Drew Carey,1,0.07808251934755424
18,James Maslow,1,0.08005805201148145
18,Meryl Davis,1,0.09608445778568489
18,NeNe Leakes,1,0.07803002811049488
18,Sean Avery,1,0.07279041471178127
18,Amy Purdy,2,0.10220444881983626
18,Billy Dee Williams,2,0.04877601168974875
18,Candace Cameron Bure,2,0.08518483264830448
18,Charlie White,2,0.10896926271971522
18,Cody Simpson,2,0.0902704941436374
18,Danica McKellar,2,0.10213044471005768
18,Drew Carey,2,0.08302202834160458
18,James Maslow,2,0.10623958635895425
18,Meryl Davis,2,0.10882716932988944
18,NeNe Leakes,2,0.08339636792366643
18,Sean Avery,2,0.0809793533145856
18,Amy Purdy,3,0.1176266608301567
18,Candace Cameron Bure,3,0.09800956177649849
18,Charlie White,3,0.11777121674075652
18,Cody Simpson,3,0.11137486891500628
18,Danica McKellar,3,0.11696292051470421
18,Drew Carey,3,0.09180796158326214
18,James Maslow,3,0.11839736982857052
18,Meryl Davis,3,0.13264188585605666
18,NeNe Leakes,3,0.09540755395498828
18,Amy Purdy,4,0.11627437083322698
18,Candace Cameron Bure,4,0.0889325002461246
18,Charlie White,4,0.11194964673248206
18,Cody Simpson,4,0.10183967179192059
18,Danica McKellar,4,0.10828074599126096
18,Drew Carey,4,0.10647058555247212
18,James Maslow,4,0.12152095688804153
18,Meryl Davis,4,0.1394117132820156
18,NeNe Leakes,4,0.10531980868245562
18,Amy Purdy,5,0.11747613953019052
18,Candace Cameron Bure,5,0.10504410142115407
18,Charlie White,5,0.11631665989757416
18,Cody Simpson,5,0.10110366777411302
18,Danica McKellar,5,0.12405955900330971
18,Drew Carey,5,0.0804378873855283
18,James Maslow,5,0.12886859571719375
18,Meryl Davis,5,0.11615400209952872
18,NeNe Leakes,5,0.1105393871714078
18,Amy Purdy,6,0.13894905869497468
18,Candace Cameron Bure,6,0.1105953568575494
18,Charlie White,6,0.12886918743417144
18,Danica McKellar,6,0.12962002112354873
18,Drew Carey,6,0.10468452135071754
18,James Maslow,6,0.1250175104092851
18,Meryl Davis,6,0.1486843246442463
18,NeNe Leakes,6,0.11358001948550689
18,Amy Purdy,7,0.15234278823828348
18,Candace Cameron Bure,7,0.14537108433152943
18,Charlie White,7,0.14138111080913798
18,Danica McKellar,7,0.14266385600792972
18,James Maslow,7,0.1368061500057783
18,Meryl Davis,7,0.1589335303885799
18,NeNe Leakes,7,0.12250148021876109
18,Amy Purdy,8,0.1816738985171467
18,Candace Cameron Bure,8,0.156647274256589
18,Charlie White,8,0.17951613092736873
18,Danica McKellar,8,0.1645098656313176
18,James Maslow,8,0.1573498134497484
18,Meryl Davis,8,0.1603030172178297
18,Amy Purdy,9,0.20878780870918953
18,Candace Cameron Bure,9,0.18345697908307815
18,Charlie White,9,0.19424410481887325
18,James Maslow,9,0.19949678939571786
18,Meryl Davis,9,0.21401431799314113
18,Amy Purdy,10,0.26236011944203325
18,Candace Cameron Bure,10,0.21713859421997045
18,James Maslow,10,0.2535723404832976
18,Meryl Davis,10,0.2669289458546987
19,Alfonso Ribeiro,1,0.10579760139240968
19,Antonio Sabato Jr.,1,0.0638171761406466
19,Bethany Mota,1,0.09043010276789855
19,Betsey Johnson,1,0.04655565575500308
19,Janel Parrish,1,0.07938604205262029
19,Jonathan Bennett,1,0.08157170476973824
19,Lea Thompson,1,0.09085950466072111
19,Lolo Jones,1,0.0508298568636429
19,Michael Waltrip,1,0.06170569709939516
19,Randy Couture,1,0.08452233063187922
19,Sadie Robertson,1,0.0973835289173451
19,Tavis Smiley,1,0.07708932532219788
19,Tommy Chong,1,0.07005147362650221
19,Alfonso Ribeiro,2,0.09207522816944781
19,Antonio Sabato Jr.,2,0.0838063385780349
19,Bethany Mota,2,0.09673237731225426
19,Betsey Johnson,2,0.07202756394193917
19,Janel Parrish,2,0.09953100730290473
19,Jonathan Bennett,2,0.08260833960971792
19,Lea Thompson,2,0.10144547056537832
19,Michael Waltrip,2,0.0601276286601219
19,Randy Couture,2,0.07426581221137786
19,Sadie Robertson,2,0.08777406875889211
19,Tavis Smiley,2,0.074069835640234
19,Tommy Chong,2,0.07553632924969701
19,Alfonso Ribeiro,3,0.09384748240258853
19,Antonio Sabato Jr.,3,0.078930562089554
19,Bethany Mota,3,0.12177524366278744
19,Betsey Johnson,3,0.0778199332455453
19,Janel Parrish,3,0.12313504922933968
19,Jonathan Bennett,3,0.08746930999767412
19,Lea Thompson,3,0.09068526860605969
19,Michael Waltrip,3,0.07213716405219624
19,Randy Couture,3,0.06639737754511658
19,Sadie Robertson,3,0.09255652063433994
19,Tommy Chong,3,0.09524608853479842
19,Alfonso Ribeiro,4,0.13438978968812038
19,Antonio Sabato Jr.,4,0.08602538318445994
19,Bethany Mota,4,0.10671776131580492
19,Betsey Johnson,4,0.08415362201913619
19,Janel Parrish,4,0.11934336884907314
19,Jonathan Bennett,4,0.06747356785893861
19,Lea Thompson,4,0.12958354040338668
19,Michael Waltrip,4,0.06828857249451614
19,Sadie Robertson,4,0.12225457955197204
19,Tommy Chong,4,0.08176981463459197
19,Alfonso Ribeiro,5,0.1380031838451748
19,Antonio Sabato Jr.,5,0.10072619126127727
19,Bethany Mota,5,0.12467979112573405
19,Janel Parrish,5,0.1294360497021974
19,Jonathan Bennett,5,0.08266271223406274
19,Lea Thompson,5,0.13492866100463796
19,Michael Waltrip,5,0.06558622019554376
19,Sadie Robertson,5,0.1455796804749701
19,Tommy Chong,5,0.07839751015640188
19,Alfonso Ribeiro,6,0.14309524287241066
19,Antonio Sabato Jr.,6,0.08991479575290319
19,Bethany Mota,6,0.12968607233720506
19,Janel Parrish,6,0.11524305392354232
19,Jonathan Bennett,6,0.10392095220436737
19,Lea Thompson,6,0.11157330090579697
19,Michael Waltrip,6,0.09420702917136126
19,Sadie Robertson,6,0.12408332362042526
19,Tommy Chong,6,0.08827622921198798
19,Alfonso Ribeiro,7,0.13857693990336514
19,Antonio Sabato Jr.,7,0.10631850808208743
19,Bethany Mota,7,0.154889217891756
19,Janel Parrish,7,0.13466537005780477
19,Lea Thompson,7,0.13684044824635438
19,Michael Waltrip,7,0.09861998714939081
19,Sadie Robertson,7,0.12092981219274633
19,Tommy Chong,7,0.10915971647649507
19,Alfonso Ribeiro,8,0.1739702099505091
19,Bethany Mota,8,0.16921508771246843
19,Janel Parrish,8,0.1845652609097965
19,Lea Thompson,8,0.12561140594737158
19,Michael Waltrip,8,0.08464926003374554
19,Sadie Robertson,8,0.1555340463386906
19,Tommy Chong,8,0.1064547291074182
19,Alfonso Ribeiro,9,0.1864932322850475
19,Bethany Mota,9,0.17721370985707047
19,Janel Parrish,9,0.18818886807677196
19,Lea Thompson,9,0.1559142946983401
19,Sadie Robertson,9,0.1726058157011747
19,Tommy Chong,9,0.11958407938159533
19,Alfonso Ribeiro,10,0.21061044297245782
19,Bethany Mota,10,0.21185744093204945
19,Janel Parrish,10,0.22059676367068023
19,Sadie Robertson,10,0.20547080829344777
19,Tommy Chong,10,0.15146454413136465
19,Alfonso Ribeiro,11,0.257876104700997
19,Bethany Mota,11,0.2405632264149985
19,Janel Parrish,11,0.25000175001966823
19,Sadie Robertson,11,0.2515589188643363
20,Charlotte McKinney,1,0.06324716881766741
20,Chris Soules,1,0.07813460626893509
20,Michael Sam,1,0.08037455144487354
20,Nastia Liukin,1,0.10045610507586607
20,Noah Galloway,1,0.08023944010432163
20,Patti LaBelle,1,0.07607717286822266
20,Redfoo,1,0.06504812825177121
20,Riker Lynch,1,0.10434729740335334
20,Robert Herjavec,1,0.08919086903515241
20,Rumer Willis,1,0.10903243019583639
20,Suzanne Somers,1,0.07617344786649492
20,Willow Shields,1,0.07767878266750525
20,Charlotte McKinney,2,0.06870320149079677
20,Chris Soules,2,0.05541619332236488
20,Michael Sam,2,0.07800123554913034
20,Nastia Liukin,2,0.1057567175830772
20,Noah Galloway,2,0.07637300805817634
20,Patti LaBelle,2,0.07693381464544397
20,Redfoo,2,0.08850302387960289
20,Riker Lynch,2,0.09832129610383805
20,Robert Herjavec,2,0.08035065591155077
20,Rumer Willis,2,0.09833205515019161
20,Suzanne Somers,2,0.07792366044175791
20,Willow Shields,2,0.09538513786406934
20,Charlotte McKinney,3,0.062054424855946706
20,Chris Soules,3,0.08436153015559236
20,Michael Sam,3,0.0720652600228127
20,Nastia Liukin,3,0.11705494447383953
20,Noah Galloway,3,0.09592356391240194
20,Patti LaBelle,3,0.06477920493349025
20,Riker Lynch,3,0.11564546134792207
20,Robert Herjavec,3,0.09281125483287353
20,Rumer Willis,3,0.11170600718405206
20,Suzanne Somers,3,0.07513506473992052
20,Willow Shields,3,0.1084632835411483
20,Chris Soules,4,0.07715290258304051
20,Michael Sam,4,0.0861233439069492
20,Nastia Liukin,4,0.11821501508938916
20,Noah Galloway,4,0.09682257249425577
20,Patti LaBelle,4,0.08624351632337096
20,Riker Lynch,4,0.11008630167436996
20,Robert Herjavec,4,0.10275223516168105
20,Rumer Willis,4,0.1141240405226447
20,Suzanne Somers,4,0.08008080510751311
20,Willow Shields,4,0.12839926713678548
20,Chris Soules,5,0.0890620528758031
20,Nastia Liukin,5,0.14283925253976254
20,Noah Galloway,5,0.09467568640154454
20,Patti LaBelle,5,0.08967100763245336
20,Riker Lynch,5,0.1426093782654667
20,Robert Herjavec,5,0.07883324639535452
20,Rumer Willis,5,0.14677486426965075
20,Suzanne Somers,5,0.09078605059035565
20,Willow Shields,5,0.12474846102960879
20,Chris Soules,6,0.11922866620223173
20,Nastia Liukin,6,0.1349766307379603
20,Noah Galloway,6,0.1183538039841842
20,Patti LaBelle,6,0.11411708912903802
20,Riker Lynch,6,0.1401688077547809
20,Robert Herjavec,6,0.11175105030992762
20,Rumer Willis,6,0.12911979218450667
20,Willow Shields,6,0.1322841596973705
20,Chris Soules,7,0.11463868810050216
20,Nastia Liukin,7,0.16918870000396874
20,Noah Galloway,7,0.14885285942719298
20,Riker Lynch,7,0.14972199055127292
20,Robert Herjavec,7,0.11361103650523868
20,Rumer Willis,7,0.14925510121044738
20,Willow Shields,7,0.15473162420137723
20,Chris Soules,8,0.13686777666572325
20,Nastia Liukin,8,0.18922294813808652
20,Noah Galloway,8,0.14799581603684847
20,Riker Lynch,8,0.1947750232577121
20,Robert Herjavec,8,0.13083250663689766
20,Rumer Willis,8,0.20030592926473204
20,Nastia Liukin,9,0.2485129781299881
20,Noah Galloway,9,0.2371329912951502
20,Riker Lynch,9,0.2609987255250934
20,Rumer Willis,9,0.25335530504976833
20,Noah Galloway,10,0.3009373576142607
20,Riker Lynch,10,0.3498910634126664
20,Rumer Willis,10,0.349171578973073
21,Alek Skarlatos,1,0.0919576950424006
21,Alexa PenaVega,1,0.09226918613413211
21,Andy Grammer,1,0.08589717310191344
21,Bindi Irwin,1,0.104396011976151
21,Carlos PenaVega,1,0.09771242411642785
21,Chaka Khan,1,0.04220408519081133
21,Gary Busey,1,0.05215354020072438
21,Hayes Grier,1,0.08615696152348151
21,Kim Zolciak-Biermann,1,0.03913177509583126
21,Nick Carter,1,0.10383376710943856
21,Paula Deen,1,0.052819670697039904
21,Tamar Braxton,1,0.09869412644987278
21,Victor Espinoza,1,0.05277358336177529
21,Alek Skarlatos,2,0.08757355663053709
21,Alexa PenaVega,2,0.09101651357722237
21,Andy Grammer,2,0.08322859761353477
21,Bindi Irwin,2,0.09577964184887537
21,Carlos PenaVega,2,0.0874052408623323
21,Chaka Khan,2,0.04467065590436067
21,Gary Busey,2,0.05432437124402379
21,Hayes Grier,2,0.08614027967080531
21,Kim Zolciak-Biermann,2,0.05962238847081262
21,Nick Carter,2,0.08975964418478152
21,Paula Deen,2,0.06126913557728955
21,Tamar Braxton,2,0.09811624731171913
21,Victor Espinoza,2,0.06109372710370536
21,Alek Skarlatos,3,0.11007185580214293
21,Alexa PenaVega,3,0.12224106542621196
21,Andy Grammer,3,0.09301125236955936
21,Bindi Irwin,3,0.10860979030493707
21,Carlos PenaVega,3,0.10245440701347115
21,Gary Busey,3,0.07182569061310518
21,Hayes Grier,3,0.0988500868577674
21,Nick Carter,3,0.12487598303181745
21,Paula Deen,3,0.05572498173983969
21,Tamar Braxton,3,0.11233488684114779
21,Alek Skarlatos,4,0.10087389558897109
21,Alexa PenaVega,4,0.08997169689377713
21,Andy Grammer,4,0.09691559987122582
21,Bindi Irwin,4,0.12608234074317667
21,Carlos PenaVega,4,0.10942796249911384
21,Gary Busey,4,0.05599365387337433
21,Hayes Grier,4,0.11670247516403373
21,Nick Carter,4,0.12099149548024776
21,Paula Deen,4,0.0652962521673957
21,Tamar Braxton,4,0.11774462771868409
21,Alek Skarlatos,5,0.0906581603362451
21,Alexa PenaVega,5,0.13576337845545347
21,Andy Grammer,5,0.12242990315419461
21,Bindi Irwin,5,0.12930941443856603
21,Carlos PenaVega,5,0.13599760778866668
21,Hayes Grier,5,0.09653037390031141
21,Nick Carter,5,0.11983221093826862
21,Paula Deen,5,0.07429500051385644
21,Tamar Braxton,5,0.09518395047443763
21,Alek Skarlatos,6,0.09002467313965452
21,Alexa PenaVega,6,0.09412862282584894
21,Andy Grammer,6,0.13336113205988823
21,Bindi Irwin,6,0.1347104749264368
21,Carlos PenaVega,6,0.12635668133286432
21,Hayes Grier,6,0.09874505340753141
21,Nick Carter,6,0.12889026600472875
21,Paula Deen,6,0.06316291462088086
21,Tamar Braxton,6,0.13062018168216633
21,Alek Skarlatos,7,0.11516279966232053
21,Alexa PenaVega,7,0.12239671307835798
21,Andy Grammer,7,0.12635166293963815
21,Bindi Irwin,7,0.13508707056650054
21,Carlos PenaVega,7,0.128996717206456
21,Hayes Grier,7,0.12350612104408558
21,Nick Carter,7,0.12565567349526863
21,Tamar Braxton,7,0.1228432420073727
21,Alek Skarlatos,8,0.1241802403849921
21,Alexa PenaVega,8,0.13950404643132275
21,Andy Grammer,8,0.11503199204855633
21,Bindi Irwin,8,0.1479870383155668
21,Carlos PenaVega,8,0.1521157873815259
21,Nick Carter,8,0.1789982641620486
21,Tamar Braxton,8,0.14218263127598754
21,Alek Skarlatos,9,0.15251510292157613
21,Alexa PenaVega,9,0.17990487334462876
21,Bindi Irwin,9,0.192181463314298
21,Carlos PenaVega,9,0.16898051230296743
21,Nick Carter,9,0.17095498981334092
21,Tamar Braxton,9,0.13546305830318867
21,Alek Skarlatos,10,0.23487340179205132
21,Bindi Irwin,10,0.27212587823581397
21,Carlos PenaVega,10,0.27018841514733904
21,Nick Carter,10,0.2228123048247956
21,Alek Skarlatos,11,0.23147391198866402
21,Bindi Irwin,11,0.2577487351730626
21,Carlos PenaVega,11,0.25757196665215865
21,Nick Carter,11,0.2532053861861146
22,Antonio Brown,1,0.0894878434144234
22,Doug Flutie,1,0.05693564203592079
22,Geraldo Rivera,1,0.04406381909226391
22,Ginger Zee,1,0.10262055449816024
22,Jodie Sweetin,1,0.08471045434123993
22,Kim Fields,1,0.08372461200689832
22,Marla Maples,1,0.08997544397944442
22,Mischa Barton,1,0.05978675195444612
22,Nyle DiMarco,1,0.10227434376022282
22,Paige VanZant,1,0.09211815119573062
22,Von Miller,1,0.0899769376321603
22,Wanya Morris,1,0.10432544608908909
22,Antonio Brown,2,0.07945195700291413
22,Doug Flutie,2,0.08151290007574627
22,Geraldo Rivera,2,0.04387829571446755
22,Ginger Zee,2,0.09170893183838744
22,Jodie Sweetin,2,0.09092144688275504
22,Kim Fields,2,0.07978522994927806
22,Marla Maples,2,0.08506048930824117
22,Mischa Barton,2,0.05614316410748274
22,Nyle DiMarco,2,0.08801016080696392
22,Paige VanZant,2,0.1086535985304759
22,Von Miller,2,0.08470603080282432
22,Wanya Morris,2,0.11016779498046353
22,Antonio Brown,3,0.08315546503845098
22,Doug Flutie,3,0.07979983831229868
22,Ginger Zee,3,0.08986719174702816
22,Jodie Sweetin,3,0.09758382394992879
22,Kim Fields,3,0.09272309291121698
22,Marla Maples,3,0.0864454094984349
22,Mischa Barton,3,0.0675275121846254
22,Nyle DiMarco,3,0.11093902011772909
22,Paige VanZant,3,0.10198908509634379
22,Von Miller,3,0.0826781374188998
22,Wanya Morris,3,0.10729142372504345
22,Antonio Brown,4,0.10960533848970026
22,Doug Flutie,4,0.06834576719933239
22,Ginger Zee,4,0.11655425127954235
22,Jodie Sweetin,4,0.08309601034143546
22,Kim Fields,4,0.09912312726644222
22,Marla Maples,4,0.08173695030219724
22,Nyle DiMarco,4,0.1121527172579964
22,Paige VanZant,4,0.11738913628147585
22,Von Miller,4,0.09865961979533558
22,Wanya Morris,4,0.11333708178654223
22,Antonio Brown,5,0.09162537473946455
22,Doug Flutie,5,0.09392979362231485
22,Ginger Zee,5,0.11762096230740327
22,Jodie Sweetin,5,0.1292021980890758
22,Kim Fields,5,0.09806021918835069
22,Nyle DiMarco,5,0.14168760117783577
22,Paige VanZant,5,0.11493915902371236
22,Von Miller,5,0.10242036389235654
22,Wanya Morris,5,0.1105143279594862
22,Antonio Brown,6,0.11921661820639408
22,Doug Flutie,6,0.0837592527117644
22,Ginger Zee,6,0.10568682252529416
22,Jodie Sweetin,6,0.11115190573413976
22,Kim Fields,6,0.10276132191388143
22,Nyle DiMarco,6,0.11330847589441757
22,Paige VanZant,6,0.12785591260878956
22,Von Miller,6,0.10313819222847208
22,Wanya Morris,6,0.1331214981768469
22,Antonio Brown,7,0.1216118011220028
22,Ginger Zee,7,0.1313443083854595
22,Jodie Sweetin,7,0.11973065921682409
22,Kim Fields,7,0.1151896460739208
22,Nyle DiMarco,7,0.1343894721023345
22,Paige VanZant,7,0.1320383451198724
22,Von Miller,7,0.11521558421083829
22,Wanya Morris,7,0.13048018376874762
22,Antonio Brown,8,0.15611798618289638
22,Ginger Zee,8,0.18117610740237297
22,Jodie Sweetin,8,0.17666292882992982
22,Nyle DiMarco,8,0.17429353420360064
22,Paige VanZant,8,0.167402824718993
22,Wanya Morris,8,0.14434661866220716
22,Antonio Brown,9,0.17762762412502459
22,Ginger Zee,9,0.20127635602896368
22,Nyle DiMarco,9,0.20599218907526548
22,Paige VanZant,9,0.21524507295747233
22,Wanya Morris,9,0.19985875781327378
22,Ginger Zee,10,0.3223501445745041
22,Nyle DiMarco,10,0.3331626814461859
22,Paige VanZant,10,0.3444871739793101
23,Amber Rose,1,0.06985931958549135
23,Babyface,1,0.07997613024134455
23,Calvin Johnson Jr.,1,0.07953180955115789
23,Jake T. Austin,1,0.06186008698155551
23,James Hinchcliffe,1,0.10172995004693501
23,Jana Kramer,1,0.08393833036842248
23,Laurie Hernandez,1,0.10285417048525745
23,Marilu Henner,1,0.0833020314643996
23,Maureen McCormick,1,0.06268287488775649
23,Rick Perry,1,0.053681287872726045
23,Ryan Lochte,1,0.06983614773846755
23,Terra Jole,1,0.07631754910881258
23,Vanilla Ice,1,0.07443031166767347
23,Amber Rose,2,0.0648623016542937
23,Babyface,2,0.08685830836128708
23,Calvin Johnson Jr.,2,0.08191851272602942
23,Jake T. Austin,2,0.06305057828950415
23,James Hinchcliffe,2,0.08657182804448565
23,Jana Kramer,2,0.0839590443840082
23,Laurie Hernandez,2,0.09882630598020595
23,Marilu Henner,2,0.07726669813533572
23,Maureen McCormick,2,0.07204090012103692
23,Rick Perry,2,0.05615732107761407
23,Ryan Lochte,2,0.06483005339331967
23,Terra Jole,2,0.09217245088666425
23,Vanilla Ice,2,0.07148569694621504
23,Amber Rose,3,0.074361366922152
23,Babyface,3,0.07353019461223642
23,Calvin Johnson Jr.,3,0.10297907636656568
23,James Hinchcliffe,3,0.09344314357576941
23,Jana Kramer,3,0.07934609395385438
23,Laurie Hernandez,3,0.10331218316197072
23,Marilu Henner,3,0.08570847001932387
23,Maureen McCormick,3,0.08631070201114428
23,Rick Perry,3,0.06395609350069788
23,Ryan Lochte,3,0.07353636709021034
23,Terra Jole,3,0.0965504753563452
23,Vanilla Ice,3,0.06696583342972984
23,Amber Rose,4,0.09059315017720156
23,Babyface,4,0.05986681879196535
23,Calvin Johnson Jr.,4,0.08845952000282005
23,James Hinchcliffe,4,0.1150255881583746
23,Jana Kramer,4,0.08755687312757238
23,Laurie Hernandez,4,0.12439054902476186
23,Marilu Henner,4,0.07903667496229072
23,Maureen McCormick,4,0.09181510547428991
23,Ryan Lochte,4,0.08123020072555126
23,Terra Jole,4,0.09891131505871546
23,Vanilla Ice,4,0.08311420449645679
23,Amber Rose,5,0.09990998298353254
23,Calvin Johnson Jr.,5,0.10321251882002323
23,James Hinchcliffe,5,0.13366071868557985
23,Jana Kramer,5,0.1149645297342224
23,Laurie Hernandez,5,0.11136008731580575
23,Marilu Henner,5,0.11758332432452852
23,Maureen McCormick,5,0.10130050589142749
23,Ryan Lochte,5,0.10009803335809264
23,Terra Jole,5,0.11791029888678749
23,Amber Rose,6,0.083283408639874
23,Calvin Johnson Jr.,6,0.12452395747827452
23,James Hinchcliffe,6,0.13171843817537854
23,Jana Kramer,6,0.1376323414942545
23,Laurie Hernandez,6,0.12440946108743114
23,Marilu Henner,6,0.11087547267331584
23,Maureen McCormick,6,0.09783245011738459
23,Ryan Lochte,6,0.09392506899761427
23,Terra Jole,6,0.09579940133647263
23,Calvin Johnson Jr.,7,0.13874230003763185
23,James Hinchcliffe,7,0.14199156385061093
23,Jana Kramer,7,0.128223431058689
23,Laurie Hernandez,7,0.1287401012468542
23,Marilu Henner,7,0.11097007528248407
23,Maureen McCormick,7,0.11440180817745332
23,Ryan Lochte,7,0.11532071647495243
23,Terra Jole,7,0.1216100038713241
23,Calvin Johnson Jr.,8,0.1513223956360279
23,James Hinchcliffe,8,0.18412394218125466
23,Jana Kramer,8,0.15190277401853597
23,Laurie Hernandez,8,0.17158191087356467
23,Marilu Henner,8,0.10630145293845769
23,Ryan Lochte,8,0.1207379450785802
23,Terra Jole,8,0.1140295792735788
23,Calvin Johnson Jr.,9,0.16251774809797756
23,James Hinchcliffe,9,0.16072863119778766
23,Jana Kramer,9,0.17991401463115703
23,Laurie Hernandez,9,0.18251991332770642
23,Marilu Henner,9,0.14854098331541263
23,Terra Jole,9,0.16577870942995873
23,Calvin Johnson Jr.,10,0.18970502073463394
23,James Hinchcliffe,10,0.20287260331623352
23,Jana Kramer,10,0.1975736408539491
23,Laurie Hernandez,10,0.2093136447561851
23,Terra Jole,10,0.20053509033899844
23,Calvin Johnson Jr.,11,0.2515693510653589
23,James Hinchcliffe,11,0.258792164119681
23,Jana Kramer,11,0.22724540927653905
23,Laurie Hernandez,11,0.2623930755384213
24,Bonner Bolton,1,0.06871931801936493
24,Charo,1,0.06354932112970998
24,Chris Kattan,1,0.04681619445562301
24,David Ross,1,0.09550036080354138
24,Erika Jayne,1,0.07741848444008226
24,Heather Morris,1,0.09667551940500492
24,Mr. T,1,0.05854673088336548
24,Nancy Kerrigan,1,0.09593837297575232
24,Nick Viall,1,0.07639865010160271
24,Normani,1,0.0927146982604491
24,Rashad Jennings,1,0.11187122267177997
24,Simone Biles,1,0.11585112685372408
24,Bonner Bolton,2,0.08292915065141415
24,Charo,2,0.07109474096658344
24,Chris Kattan,2,0.05797651452651084
24,David Ross,2,0.08368802884744884
24,Erika Jayne,2,0.08431835230105539
24,Heather Morris,2,0.09636132452027653
24,Mr. T,2,0.06016358041972436
24,Nancy Kerrigan,2,0.08833699957796075
24,Nick Viall,2,0.07298778664487775
24,Normani,2,0.10444064433097511
24,Rashad Jennings,2,0.1040904242019795
24,Simone Biles,2,0.09361245301119318
24,Bonner Bolton,3,0.07239382828742148
24,Charo,3,0.06910541704171838
24,David Ross,3,0.09940551584691926
24,Erika Jayne,3,0.0794347678627718
24,Heather Morris,3,0.11036387183747431
24,Mr. T,3,0.06922134507077829
24,Nancy Kerrigan,3,0.10903438985018406
24,Nick Viall,3,0.07857663789185339
24,Normani,3,0.11443356177278184
24,Rashad Jennings,3,0.09166272040813483
24,Simone Biles,3,0.10636794412996226
24,Bonner Bolton,4,0.09461181162336087
24,David Ross,4,0.09276251001454958
24,Erika Jayne,4,0.08829353909951099
24,Heather Morris,4,0.11109382496050338
24,Mr. T,4,0.07801234441536326
24,Nancy Kerrigan,4,0.10369226197532486
24,Nick Viall,4,0.0889843424196404
24,Normani,4,0.1013904586856973
24,Rashad Jennings,4,0.12499310138410967
24,Simone Biles,4,0.11616580542193967
24,Bonner Bolton,5,0.09426829051487333
24,David Ross,5,0.09010419791176057
24,Erika Jayne,5,0.10016665101017085
24,Heather Morris,5,0.11398393904614504
24,Nancy Kerrigan,5,0.12043437282724188
24,Nick Viall,5,0.10954347088190186
24,Normani,5,0.13453601550703834
24,Rashad Jennings,5,0.10628279870343951
24,Simone Biles,5,0.13068026359742868
24,Bonner Bolton,6,0.11140479532905556
24,David Ross,6,0.10942807596237204
24,Heather Morris,6,0.14002883488658507
24,Nancy Kerrigan,6,0.12452378792185104
24,Nick Viall,6,0.1090424326102595
24,Normani,6,0.1410542827395353
24,Rashad Jennings,6,0.13246540449154381
24,Simone Biles,6,0.13205238605879763
24,Bonner Bolton,7,0.11483562248698655
24,David Ross,7,0.12197331484349126
24,Nancy Kerrigan,7,0.13647298583893974
24,Nick Viall,7,0.12464718519699863
24,Normani,7,0.17953011291388626
24,Rashad Jennings,7,0.16175491545360549
24,Simone Biles,7,0.16078586326609218
24,Bonner Bolton,8,0.14818686318767438
24,David Ross,8,0.18012276057417653
24,Normani,8,0.23834170768411286
24,Rashad Jennings,8,0.22218810207969059
24,Simone Biles,8,0.21116056647434556
24,David Ross,9,0.22401196807601645
24,Normani,9,0.25630811295680445
24,Rashad Jennings,9,0.2595296736821406
24,Simone Biles,9,0.26015024528503844
24,David Ross,10,0.3064912060643526
24,Normani,10,0.3446119266401836
24,Rashad Jennings,10,0.3488968672954638
25,Barbara Corcoran,1,0.05107889507547883
25,Debbie Gibson,1,0.06835357012509932
25,Derek Fisher,1,0.07337905303875991
25,Drew Scott,1,0.06314937373644863
25,Frankie Muniz,1,0.08119641712238422
25,Jordan Fisher,1,0.09960189107750271
25,Lindsey Stirling,1,0.09896915507882467
25,Nick Lachey,1,0.07339492600848586
25,Nikki Bella,1,0.08514593094749266
25,Sasha Pieterse,1,0.0748455887035465
25,Terrell Owens,1,0.05741003241244302
25,Vanessa Lachey,1,0.09305461848777918
25,Victoria Arlen,1,0.08042054818575457
25,Barbara Corcoran,2,0.05396043435200956
25,Debbie Gibson,2,0.07179956962459826
25,Derek Fisher,2,0.06709707357842452
25,Drew Scott,2,0.0738109177383104
25,Frankie Muniz,2,0.09097305380817053
25,Jordan Fisher,2,0.09448750317266247
25,Lindsey Stirling,2,0.08793068474282142
25,Nick Lachey,2,0.06711889170115759
25,Nikki Bella,2,0.0702518217327303
25,Sasha Pieterse,2,0.08232679703124364
25,Terrell Owens,2,0.06802032077891182
25,Vanessa Lachey,2,0.0903738698091568
25,Victoria Arlen,2,0.08184906192980262
25,Derek Fisher,3,0.0828446160263008
25,Drew Scott,3,0.0942655305973016
25,Frankie Muniz,3,0.08540801245818792
25,Jordan Fisher,3,0.10878496540982921
25,Lindsey Stirling,3,0.11806632302792285
25,Nick Lachey,3,0.08234257384689692
25,Nikki Bella,3,0.08373326534178195
25,Sasha Pieterse,3,0.07469172421143472
25,Terrell Owens,3,0.08354556800598807
25,Vanessa Lachey,3,0.09548912548847899
25,Victoria Arlen,3,0.09082829558587689
25,Derek Fisher,4,0.08089749255503831
25,Drew Scott,4,0.08782075301865613
25,Frankie Muniz,4,0.08855045678587269
25,Jordan Fisher,4,0.11539466056029851
25,Lindsey Stirling,4,0.10048440037519482
25,Nick Lachey,4,0.0764801123187607
25,Nikki Bella,4,0.08784072321960684
25,Sasha Pieterse,4,0.08557749489423261
25,Terrell Owens,4,0.08700164834029267
25,Vanessa Lachey,4,0.08752649229824645
25,Victoria Arlen,4,0.10242576563380032
25,Drew Scott,5,0.09314556275323888
25,Frankie Muniz,5,0.11306339957263149
25,Jordan Fisher,5,0.12326348523018449
25,Lindsey Stirling,5,0.11209695740565265
25,Nick Lachey,5,0.07684316043823312
25,Nikki Bella,5,0.10455667730025449
25,Sasha Pieterse,5,0.08730976159510287
25,Terrell Owens,5,0.09519635996167225
25,Vanessa Lachey,5,0.09034419264418632
25,Victoria Arlen,5,0.1041804430988435
25,Drew Scott,6,0.09515171830543218
25,Frankie Muniz,6,0.10155997928419132
25,Jordan Fisher,6,0.1345473071833126
25,Lindsey Stirling,6,0.13704286846083455
25,Nick Lachey,6,0.07392025625746182
25,Nikki Bella,6,0.11772953871493186
25,Terrell Owens,6,0.12190283257900017
25,Vanessa Lachey,6,0.11810753698179172
25,Victoria Arlen,6,0.1000379622330439
25,Drew Scott,7,0.13232612938978586
25,Frankie Muniz,7,0.14422018237771386
25,Jordan Fisher,7,0.13146991446506734
25,Lindsey Stirling,7,0.12082922888401437
25,Nikki Bella,7,0.10355642379138724
25,Terrell Owens,7,0.1124591812883811
25,Vanessa Lachey,7,0.1217960338562352
25,Victoria Arlen,7,0.13334290594741502
25,Drew Scott,8,0.14487482767298862
25,Frankie Muniz,8,0.17058533360162187
25,Jordan Fisher,8,0.20177635255946572
25,Lindsey Stirling,8,0.1752179018460603
25,Terrell Owens,8,0.15615692528145936
25,Victoria Arlen,8,0.15138865903840404
25,Drew Scott,9,0.17061824721008248
25,Frankie Muniz,9,0.18702155475508067
25,Jordan Fisher,9,0.22336697715091236
25,Lindsey Stirling,9,0.2163248163573945
25,Victoria Arlen,9,0.20266840452652998
25,Drew Scott,10,0.2334959363621425
25,Frankie Muniz,10,0.247063034833681
25,Jordan Fisher,10,0.26003392720778773
25,Lindsey Stirling,10,0.25940710159638886
26,Adam Rippon,1,0.1229104980798003
26,Arike Ogunbowale,1,0.09438545721102028
26,Chris Mazdzer,1,0.10024408030564422
26,Jamie Anderson,1,0.08320795101155054
26,Jennie Finch Daigle,1,0.09948564524656313
26,Johnny Damon,1,0.0765757752171603
26,Josh Norman,1,0.12022372088837703
26,Kareem Abdul-Jabbar,1,0.07356425932494802
26,Mirai Nagasu,1,0.11554482766680478
26,Tonya Harding,1,0.11385778504813134
26,Adam Rippon,2,0.14909285434013006
26,Arike Ogunbowale,2,0.12777175851142022
26,Chris Mazdzer,2,0.12180600225674013
26,Jennie Finch Daigle,2,0.11271728003214913
26,Josh Norman,2,0.12078578981261046
26,Kareem Abdul-Jabbar,2,0.09871315217753655
26,Mirai Nagasu,2,0.1433401214447432
26,Tonya Harding,2,0.12577304142467008
26,Adam Rippon,3,0.21618006090853092
26,Chris Mazdzer,3,0.14165970037979317
26,Jennie Finch Daigle,3,0.11725629008602174
26,Josh Norman,3,0.1938788704342048
26,Mirai Nagasu,3,0.15588242769638164
26,Tonya Harding,3,0.17514265049506778
26,Adam Rippon,4,0.3431611618371813
26,Josh Norman,4,0.33321404627015117
26,Tonya Harding,4,0.3236247918926676
27,Alexis Ren,1,0.09071959856380678
27,Bobby Bones,1,0.07735121456765477
27,Danelle Umstead,1,0.06628050271153521
27,DeMarcus Ware,1,0.09598013699751279
27,Evanna Lynch,1,0.06882885660588924
27,Joe Amabile,1,0.04656252120661137
27,John Schneider,1,0.06758413292537399
27,Juan Pablo Di Pace,1,0.0915410619392892
27,Mary Lou Retton,1,0.07890277656432647
27,Milo Manheim,1,0.0803097772446449
27,Nancy McKeon,1,0.07505628321332532
27,Nikki Glaser,1,0.06370931878067711
27,Tinashe,1,0.09717381867935283
27,Alexis Ren,2,0.09404836739993412
27,Bobby Bones,2,0.06864890243593079
27,Danelle Umstead,2,0.06177441477016387
27,DeMarcus Ware,2,0.08955896060756541
27,Evanna Lynch,2,0.09011723817669609
27,Joe Amabile,2,0.05576708709049591
27,John Schneider,2,0.07600027746963613
27,Juan Pablo Di Pace,2,0.10307307652903142
27,Mary Lou Retton,2,0.08516936894754698
27,Milo Manheim,2,0.10105100485085933
27,Nancy McKeon,2,0.07243141072364742
27,Tinashe,2,0.10235989099849274
27,Alexis Ren,3,0.098693552424086
27,Bobby Bones,3,0.0801850567319845
27,DeMarcus Ware,3,0.09679967521975587
27,Evanna Lynch,3,0.10248089227876439
27,Joe Amabile,3,0.05595648190816227
27,John Schneider,3,0.07258900911774788
27,Juan Pablo Di Pace,3,0.11860839472042087
27,Mary Lou Retton,3,0.08889784702252164
27,Milo Manheim,3,0.10589953125914507
27,Nancy McKeon,3,0.07544302764369362
27,Tinashe,3,0.10444653167371777
27,Alexis Ren,4,0.11174285313028723
27,Bobby Bones,4,0.07976258549034203
27,DeMarcus Ware,4,0.09378656884666102
27,Evanna Lynch,4,0.1041809038668014
27,Joe Amabile,4,0.05272768165212113
27,John Schneider,4,0.08541164573048558
27,Juan Pablo Di Pace,4,0.10792108432908926
27,Mary Lou Retton,4,0.11440322896893956
27,Milo Manheim,4,0.1345982668292827
27,Tinashe,4,0.11546518115599011
27,Alexis Ren,5,0.13764544301715392
27,Bobby Bones,5,0.08739515838557409
27,DeMarcus Ware,5,0.11777628696035451
27,Evanna Lynch,5,0.10886326918812572
27,Joe Amabile,5,0.06510486299430164
27,John Schneider,5,0.10261436965114284
27,Juan Pablo Di Pace,5,0.13881287065075212
27,Mary Lou Retton,5,0.11270919357037612
27,Milo Manheim,5,0.12907854558221907
27,Alexis Ren,6,0.1219263172379107
27,Bobby Bones,6,0.09005909666959802
27,DeMarcus Ware,6,0.1135892405896338
27,Evanna Lynch,6,0.1319446664379713
27,Joe Amabile,6,0.08670176196069115
27,John Schneider,6,0.07636875110920027
27,Juan Pablo Di Pace,6,0.13959939099122928
27,Mary Lou Retton,6,0.10058991180512143
27,Milo Manheim,6,0.13922086319864407
27,Alexis Ren,7,0.13061685398012016
27,Bobby Bones,7,0.11775773225225383
27,DeMarcus Ware,7,0.11664744404736542
27,Evanna Lynch,7,0.14350018951357235
27,Joe Amabile,7,0.1002720000896201
27,John Schneider,7,0.11620682227694779
27,Juan Pablo Di Pace,7,0.13494331085175673
27,Milo Manheim,7,0.14005564698836354
27,Alexis Ren,8,0.1868578044351005
27,Bobby Bones,8,0.13434804021924315
27,Evanna Lynch,8,0.18949334462270945
27,Joe Amabile,8,0.1256850000369239
27,Juan Pablo Di Pace,8,0.18648654664852735
27,Milo Manheim,8,0.17712926403749565
27,Alexis Ren,9,0.24677052846965902
27,Bobby Bones,9,0.2246579958743352
27,Evanna Lynch,9,0.2648416768969552
27,Milo Manheim,9,0.2637297987590505
28,Ally Brooke,1,0.08074498075524168
28,Hannah Brown,1,0.11181378416704406
28,James Van Der Beek,1,0.11728788628674168
28,Karamo Brown,1,0.08678378398491157
28,Kate Flannery,1,0.07447016541978622
28,Kel Mitchell,1,0.08054918453543279
28,Lamar Odom,1,0.04507406423255539
28,Lauren Alaina,1,0.10140536789314576
28,Mary Wilson,1,0.08450381741223287
28,Ray Lewis,1,0.07095702982608941
28,Sailor Brinkley-Cook,1,0.09369582735606619
28,Sean Spicer,1,0.05271410813075225
28,Ally Brooke,2,0.09554269240997998
28,Hannah Brown,2,0.12143039081975224
28,James Van Der Beek,2,0.09790427971577972
28,Karamo Brown,2,0.08567501462133115
28,Kate Flannery,2,0.10078796282932784
28,Kel Mitchell,2,0.09331339305393221
28,Lamar Odom,2,0.04355504478375973
28,Lauren Alaina,2,0.0891665492298535
28,Mary Wilson,2,0.06197939018299601
28,Ray Lewis,2,0.06083686846631103
28,Sailor Brinkley-Cook,2,0.08434464228253204
28,Sean Spicer,2,0.06546377160444453
28,Ally Brooke,3,0.12866795735081168
28,Hannah Brown,3,0.11061719177056939
28,James Van Der Beek,3,0.12045040525433093
28,Karamo Brown,3,0.07557095283258565
28,Kate Flannery,3,0.1265556231945104
28,Kel Mitchell,3,0.10201308030280672
28,Lamar Odom,3,0.04814317196414939
28,Lauren Alaina,3,0.10154387852441438
28,Sailor Brinkley-Cook,3,0.1203835733644133
28,Sean Spicer,3,0.0660541654414083
28,Ally Brooke,4,0.12106275661552565
28,Hannah Brown,4,0.11846223172998527
28,James Van Der Beek,4,0.10157897636894707
28,Karamo Brown,4,0.09526356006889411
28,Kate Flannery,4,0.0922926361870651
28,Kel Mitchell,4,0.11830536083335573
28,Lamar Odom,4,0.057498853805237456
28,Lauren Alaina,4,0.1167285840161092
28,Sailor Brinkley-Cook,4,0.11420754523165232
28,Sean Spicer,4,0.06459949514322805
28,Ally Brooke,5,0.13075256862037618
28,Hannah Brown,5,0.11787982291180049
28,James Van Der Beek,5,0.12394291529886042
28,Karamo Brown,5,0.0933847331051498
28,Kate Flannery,5,0.111091977495046
28,Kel Mitchell,5,0.12481257436833672
28,Lauren Alaina,5,0.10695699992771075
28,Sailor Brinkley-Cook,5,0.11287275896029225
28,Sean Spicer,5,0.07830564931242735
28,Ally Brooke,6,0.11189491728790409
28,Hannah Brown,6,0.1048980936343807
28,James Van Der Beek,6,0.12265146331785942
28,Karamo Brown,6,0.10713651659451152
28,Kate Flannery,6,0.11962331601531934
28,Kel Mitchell,6,0.11617589653555287
28,Lauren Alaina,6,0.11517552620688522
28,Sailor Brinkley-Cook,6,0.11940428578886174
28,Sean Spicer,6,0.08303998461872523
28,Ally Brooke,7,0.13797487268188577
28,Hannah Brown,7,0.1313276636541669
28,James Van Der Beek,7,0.1398249720221395
28,Karamo Brown,7,0.11740927513875705
28,Kate Flannery,7,0.11700892726668256
28,Kel Mitchell,7,0.12866187329061257
28,Lauren Alaina,7,0.13464210675437024
28,Sean Spicer,7,0.09315030919138523
28,Ally Brooke,8,0.16250343013823246
28,Hannah Brown,8,0.16619565658183838
28,James Van Der Beek,8,0.1739050288019891
28,Kate Flannery,8,0.1276290948950976
28,Kel Mitchell,8,0.16006849107252677
28,Lauren Alaina,8,0.1207597905951725
28,Sean Spicer,8,0.08893850791514298
28,Ally Brooke,9,0.203063427994786
28,Hannah Brown,9,0.17313927147772268
28,James Van Der Beek,9,0.1749641778718896
28,Kel Mitchell,9,0.18306949214486623
28,Lauren Alaina,9,0.16622515270121663
28,Sean Spicer,9,0.09953847780951873
28,Ally Brooke,10,0.22274681732812965
28,Hannah Brown,10,0.19604262942605216
28,James Van Der Beek,10,0.1750497707522947
28,Kel Mitchell,10,0.2111835194292814
28,Lauren Alaina,10,0.19497726306424212
28,Ally Brooke,11,0.2602489319103947
28,Hannah Brown,11,0.24614117022214096
28,Kel Mitchell,11,0.25333355706416966
28,Lauren Alaina,11,0.24027634080329457
29,AJ McLean,1,0.06989706634404248
29,Anne Heche,1,0.06923861462039854
29,Carole Baskin,1,0.034817934357916115
29,Charles Oakley,1,0.038854476166270684
29,Chrishell Stause,1,0.04466281022482109
29,Jeannie Mai,1,0.06949967711810012
29,Jesse Metcalfe,1,0.07027867764540978
29,Johnny Weir,1,0.0695751992173851
29,Justina Machado,1,0.08732158168397762
29,Kaitlyn Bristowe,1,0.08224619285478306
29,Monica Aldama,1,0.07398383398833086
29,Nelly,1,0.058996211276013656
29,Nev Schulman,1,0.08182987680760367
29,Skai Jackson,1,0.08455407628287
29,Veron Davis,1,0.06424377141207736
29,AJ McLean,2,0.0709375769619682
29,Anne Heche,2,0.0639309607912608
29,Carole Baskin,2,0.050890166172272426
29,Charles Oakley,2,0.04818781855784003
29,Chrishell Stause,2,0.06436113722444338
29,Jeannie Mai,2,0.06654961518026557
29,Jesse Metcalfe,2,0.0752129270685154
29,Johnny Weir,2,0.06741286171999697
29,Justina Machado,2,0.08120821756553234
29,Kaitlyn Bristowe,2,0.08740939272120281
29,Monica Aldama,2,0.057662266936033914
29,Nelly,2,0.06416549211825891
29,Nev Schulman,2,0.08276402705052698
29,Skai Jackson,2,0.0531768703122524
29,Veron Davis,2,0.06613066961963
29,AJ McLean,3,0.07584756191841875
29,Anne Heche,3,0.04868896658352687
29,Carole Baskin,3,0.03419161232010245
29,Chrishell Stause,3,0.07897213637025312
29,Jeannie Mai,3,0.07896347670866696
29,Jesse Metcalfe,3,0.07046600338591773
29,Johnny Weir,3,0.08970838287118678
29,Justina Machado,3,0.0677445794390169
29,Kaitlyn Bristowe,3,0.0869629116089203
29,Monica Aldama,3,0.07476054840394106
29,Nelly,3,0.06108813192859684
29,Nev Schulman,3,0.0909533674179228
29,Skai Jackson,3,0.06247152594008893
29,Veron Davis,3,0.07918079510344037
29,AJ McLean,4,0.08073467841258002
29,Anne Heche,4,0.06421579081165368
29,Chrishell Stause,4,0.07075837025614863
29,Jeannie Mai,4,0.06852194020845408
29,Jesse Metcalfe,4,0.06584137990906558
29,Johnny Weir,4,0.08358172957372823
29,Justina Machado,4,0.08004380947420615
29,Kaitlyn Bristowe,4,0.08708582583791473
29,Monica Aldama,4,0.08137377731163727
29,Nelly,4,0.06703519748701911
29,Nev Schulman,4,0.0827006424323554
29,Skai Jackson,4,0.09672750669217131
29,Veron Davis,4,0.07137935159306584
29,AJ McLean,5,0.08485857570257624
29,Chrishell Stause,5,0.06199786966100768
29,Jeannie Mai,5,0.08297886390764274
29,Jesse Metcalfe,5,0.05914312730509482
29,Johnny Weir,5,0.1059358644888069
29,Justina Machado,5,0.08480935451922947
29,Kaitlyn Bristowe,5,0.09886583920166374
29,Monica Aldama,5,0.0936937095942399
29,Nelly,5,0.0825400361346386
29,Nev Schulman,5,0.09371927498595953
29,Skai Jackson,5,0.08263410885553185
29,Veron Davis,5,0.06882337564360849
29,AJ McLean,6,0.10342226603013277
29,Chrishell Stause,6,0.0871057871295979
29,Jeannie Mai,6,0.09295447255586148
29,Johnny Weir,6,0.08211315472027939
29,Justina Machado,6,0.10350855265010528
29,Kaitlyn Bristowe,6,0.10382761325820496
29,Monica Aldama,6,0.10210392987749037
29,Nelly,6,0.08919933348088807
29,Nev Schulman,6,0.10113581524419177
29,Skai Jackson,6,0.06289861447011323
29,Veron Davis,6,0.07173046058313473
29,AJ McLean,7,0.10108346767219323
29,Chrishell Stause,7,0.09965220616555939
29,Jeannie Mai,7,0.09226185073972318
29,Johnny Weir,7,0.10587207029435214
29,Justina Machado,7,0.10212401384714871
29,Kaitlyn Bristowe,7,0.09228883170330117
29,Monica Aldama,7,0.07813392756292786
29,Nelly,7,0.10331323360418262
29,Nev Schulman,7,0.12265396340347227
29,Skai Jackson,7,0.10261643500713957
29,AJ McLean,8,0.11901640839250488
29,Chrishell Stause,8,0.11787685272790609
29,Johnny Weir,8,0.1396641708749903
29,Justina Machado,8,0.13139610928501053
29,Kaitlyn Bristowe,8,0.1270954507292213
29,Nelly,8,0.10268426180125255
29,Nev Schulman,8,0.14066765806517592
29,Skai Jackson,8,0.12159908812393841
29,AJ McLean,9,0.12181060834205258
29,Johnny Weir,9,0.1595218296150469
29,Justina Machado,9,0.13386172427497234
29,Kaitlyn Bristowe,9,0.16039652280369832
29,Nelly,9,0.11829922255424319
29,Nev Schulman,9,0.15482432135448593
29,Skai Jackson,9,0.15128577105550073
29,Johnny Weir,10,0.15669986640930678
29,Justina Machado,10,0.1696516078236213
29,Kaitlyn Bristowe,10,0.17924042365546172
29,Nelly,10,0.15964749660548888
29,Nev Schulman,10,0.17877643121234452
29,Skai Jackson,10,0.1559841742937769
29,Justina Machado,11,0.2540874591352937
29,Kaitlyn Bristowe,11,0.2549535599832222
29,Nelly,11,0.2360484547913904
29,Nev Schulman,11,0.2549105260900938
30,Amanda Kloots,1,0.08204204883769524
30,Brian Austin Green,1,0.06383982271516166
30,Christine Chiu,1,0.06787490504739027
30,Cody Rigsby,1,0.06396951593921552
30,Iman Shumpert,1,0.053524244890219924
30,Jimmie Allen,1,0.057711527174649876
30,JoJo Siwa,1,0.08575458487673343
30,Kenya Moore,1,0.07164900742153607
30,Martin Kove,1,0.025977677427776485
30,Matt James,1,0.06339139627945964
30,Melanie C,1,0.07739218299417294
30,Melora Hardin,1,0.07259997369467806
30,"Mike ""The Miz"" Mizanin",1,0.06474363590880232
30,Olivia Jade,1,0.06883702798838698
30,Suni Lee,1,0.08069244880412166
30,Amanda Kloots,2,0.09041766109683645
30,Brian Austin Green,2,0.05697669315293944
30,Christine Chiu,2,0.06096601232315115
30,Cody Rigsby,2,0.05962120327804503
30,Iman Shumpert,2,0.06233049095327923
30,Jimmie Allen,2,0.0695247872548573
30,JoJo Siwa,2,0.08718973271369694
30,Kenya Moore,2,0.06127560614927798
30,Martin Kove,2,0.028780797174961105
30,Matt James,2,0.054039907416463646
30,Melanie C,2,0.08215043979668533
30,Melora Hardin,2,0.07198619066197526
30,"Mike ""The Miz"" Mizanin",2,0.06755832982702183
30,Olivia Jade,2,0.07198171527971595
30,Suni Lee,2,0.07520043292109341
30,Amanda Kloots,3,0.08551393786690399
30,Brian Austin Green,3,0.059140841850930284
30,Christine Chiu,3,0.06854679446304705
30,Cody Rigsby,3,0.05640120999016478
30,Iman Shumpert,3,0.060911655850533694
30,Jimmie Allen,3,0.0661221921051336
30,JoJo Siwa,3,0.08553233979754817
30,Kenya Moore,3,0.06888772609377243
30,Matt James,3,0.06352728526190028
30,Melanie C,3,0.07571948683895052
30,Melora Hardin,3,0.08010735519860993
30,"Mike ""The Miz"" Mizanin",3,0.07427800703531419
30,Olivia Jade,3,0.08415700192553065
30,Suni Lee,3,0.07115416572166036
30,Amanda Kloots,4,0.08534168423255446
30,Brian Austin Green,4,0.05528539677421892
30,Cody Rigsby,4,0.06614056333250343
30,Iman Shumpert,4,0.07280542146957737
30,Jimmie Allen,4,0.07779451958648127
30,JoJo Siwa,4,0.08884242478582088
30,Kenya Moore,4,0.06943997809410456
30,Matt James,4,0.06332180838932805
30,Melanie C,4,0.08052149313614645
30,Melora Hardin,4,0.09190342880889948
30,"Mike ""The Miz"" Mizanin",4,0.07781530485864001
30,Olivia Jade,4,0.08751755787838937
30,Suni Lee,4,0.08327041865333577
30,Amanda Kloots,5,0.10511580441341348
30,Cody Rigsby,5,0.07984143882824538
30,Iman Shumpert,5,0.06909710899367649
30,Jimmie Allen,5,0.08793416889961696
30,JoJo Siwa,5,0.10960862623252125
30,Kenya Moore,5,0.09167666749116267
30,Melanie C,5,0.09315001835150341
30,Melora Hardin,5,0.09443088203928328
30,"Mike ""The Miz"" Mizanin",5,0.0802097022472234
30,Olivia Jade,5,0.09469455222843604
30,Suni Lee,5,0.09424103027491763
30,Amanda Kloots,6,0.10627603648825243
30,Cody Rigsby,6,0.09787601951958469
30,Iman Shumpert,6,0.11009847181840188
30,Jimmie Allen,6,0.1058444988550056
30,JoJo Siwa,6,0.11544023249930625
30,Kenya Moore,6,0.0828217852198995
30,Melora Hardin,6,0.09289411225297697
30,"Mike ""The Miz"" Mizanin",6,0.08948720047105999
30,Olivia Jade,6,0.10082757186129389
30,Suni Lee,6,0.09843407101421887
30,Amanda Kloots,7,0.10421947720765008
30,Cody Rigsby,7,0.10948830042448938
30,Iman Shumpert,7,0.10204576902820757
30,Jimmie Allen,7,0.11523557907373916
30,JoJo Siwa,7,0.12399646145629413
30,Melora Hardin,7,0.1182408338231629
30,"Mike ""The Miz"" Mizanin",7,0.0909098792238459
30,Olivia Jade,7,0.13241503413121622
30,Suni Lee,7,0.10344866563139452
30,Amanda Kloots,8,0.14133069466733503
30,Cody Rigsby,8,0.12323974732264557
30,Iman Shumpert,8,0.11169294717517556
30,Jimmie Allen,8,0.0935638820535757
30,JoJo Siwa,8,0.13910031115419905
30,Melora Hardin,8,0.13989642567294702
30,Olivia Jade,8,0.11181080847511808
30,Suni Lee,8,0.13936518347900398
30,Amanda Kloots,9,0.18129101407804515
30,Cody Rigsby,9,0.1566650231799645
30,Iman Shumpert,9,0.1681760950037686
30,JoJo Siwa,9,0.18469220788078086
30,Melora Hardin,9,0.15021206517503072
30,Suni Lee,9,0.1589635946824101
30,Amanda Kloots,10,0.24853755433168218
30,Cody Rigsby,10,0.23776916361155306
30,Iman Shumpert,10,0.2561020316604047
30,JoJo Siwa,10,0.25759125039635994
31,Charli D'Amelio,1,0.0945914514592444
31,Cheryl Ladd,1,0.05020345046068387
31,Daniel Durant,1,0.07390326146415734
31,Gabby Windey,1,0.07867612824419633
31,Heidi D'Amelio,1,0.06262947957509465
31,Jason Lewis,1,0.040067117388106054
31,Jessie James Decker,1,0.04800395325657143
31,Jordin Sparks,1,0.06954577145171222
31,Joseph Baena,1,0.05792276796694568
31,Sam Champion,1,0.048196401925151906
31,Selma Blair,1,0.07734366703455162
31,Shangela,1,0.07739404103057096
31,Teresa Giudice,1,0.04739601050249171
31,Trevor Donovan,1,0.05262640396714256
31,Vinny Guadagnino,1,0.03893650265906083
31,Wayne Brady,1,0.08256359161431834
31,Charli D'Amelio,2,0.08464509099097563
31,Cheryl Ladd,2,0.04550990573858253
31,Daniel Durant,2,0.07260672870971874
31,Gabby Windey,2,0.08334724228557808
31,Heidi D'Amelio,2,0.06893923846246836
31,Jessie James Decker,2,0.05710781566297565
31,Jordin Sparks,2,0.06566614583019989
31,Joseph Baena,2,0.05575079520676
31,Sam Champion,2,0.059661137521958715
31,Selma Blair,2,0.06904533680104799
31,Shangela,2,0.06957845485263583
31,Teresa Giudice,2,0.05033665125431969
31,Trevor Donovan,2,0.07280106212442944
31,Vinny Guadagnino,2,0.06134052451664491
31,Wayne Brady,2,0.08366387004170463
31,Charli D'Amelio,3,0.08757143829973832
31,Cheryl Ladd,3,0.053137562435514187
31,Daniel Durant,3,0.0779369428506494
31,Gabby Windey,3,0.08743085731559978
31,Heidi D'Amelio,3,0.08230967904737034
31,Jessie James Decker,3,0.061758741651376285
31,Jordin Sparks,3,0.07236879881300637
31,Joseph Baena,3,0.06994209931066185
31,Sam Champion,3,0.05741429305844898
31,Selma Blair,3,0.06911631688903562
31,Shangela,3,0.07539915612826706
31,Trevor Donovan,3,0.06529290123622296
31,Vinny Guadagnino,3,0.05286376840707511
31,Wayne Brady,3,0.08745744455703366
31,Charli D'Amelio,4,0.0934804149066422
31,Daniel Durant,4,0.06874060144634786
31,Gabby Windey,4,0.09312457316932353
31,Heidi D'Amelio,4,0.08574386276924878
31,Jessie James Decker,4,0.07388107207630515
31,Jordin Sparks,4,0.0840016009133316
31,Joseph Baena,4,0.06528739512057122
31,Sam Champion,4,0.054158741718332286
31,Selma Blair,4,0.07843623546867279
31,Shangela,4,0.07878675078663412
31,Trevor Donovan,4,0.06536092803404368
31,Vinny Guadagnino,4,0.06593931935378869
31,Wayne Brady,4,0.09305850423675806
31,Charli D'Amelio,5,0.09994668211989384
31,Daniel Durant,5,0.07193060562738816
31,Gabby Windey,5,0.09587598591335564
31,Heidi D'Amelio,5,0.08912376764354146
31,Jessie James Decker,5,0.07834205474133261
31,Jordin Sparks,5,0.07851983399621996
31,Joseph Baena,5,0.0730288967147666
31,Selma Blair,5,0.08926572014621328
31,Shangela,5,0.08716763319823279
31,Trevor Donovan,5,0.07848151513569825
31,Vinny Guadagnino,5,0.06332760646314298
31,Wayne Brady,5,0.09498969830021431
31,Charli D'Amelio,6,0.12328639056307167
31,Daniel Durant,6,0.09728502047442208
31,Gabby Windey,6,0.11010574953512159
31,Heidi D'Amelio,6,0.10542929642796328
31,Jessie James Decker,6,0.08837185352050911
31,Jordin Sparks,6,0.09700940749433401
31,Shangela,6,0.10601355548029381
31,Trevor Donovan,6,0.0986535371339512
31,Vinny Guadagnino,6,0.07397107992357553
31,Wayne Brady,6,0.09987410944675748
31,Charli D'Amelio,7,0.12654110469688104
31,Daniel Durant,7,0.11209297836580683
31,Gabby Windey,7,0.1099531314575842
31,Heidi D'Amelio,7,0.10524723447701725
31,Jordin Sparks,7,0.10211214649586792
31,Shangela,7,0.11401065498005243
31,Trevor Donovan,7,0.12195286792223006
31,Vinny Guadagnino,7,0.08767331616416807
31,Wayne Brady,7,0.12041656544039234
31,Charli D'Amelio,8,0.1532967308640757
31,Daniel Durant,8,0.12349468582145305
31,Gabby Windey,8,0.13104913473645138
31,Heidi D'Amelio,8,0.10252432477688438
31,Shangela,8,0.1377352615777769
31,Trevor Donovan,8,0.12326721441826191
31,Vinny Guadagnino,8,0.07777718161794003
31,Wayne Brady,8,0.15085546618715662
31,Charli D'Amelio,9,0.19209215225943282
31,Daniel Durant,9,0.14538070594204364
31,Gabby Windey,9,0.19021172077265475
31,Shangela,9,0.16877326651210994
31,Trevor Donovan,9,0.1337070468617536
31,Wayne Brady,9,0.16983510765200535
31,Charli D'Amelio,10,0.25979380821439774
31,Gabby Windey,10,0.2596269173330098
31,Shangela,10,0.24024470048776936
31,Wayne Brady,10,0.24033457396482305
32,Adrian Peterson,1,0.07781968828025249
32,Alyson Hannigan,1,0.05131944915540961
32,Ariana Madix,1,0.09974493548731893
32,Barry Williams,1,0.06605357397695545
32,Charity Lawson,1,0.10687332957225912
32,Harry Jowsey,1,0.04450096284396007
32,Jamie Lynn Spears,1,0.060763713072749706
32,Jason Mraz,1,0.10190210709873428
32,Lele Pons,1,0.08714759414854266
32,Matt Walsh,1,0.043179014417350566
32,Mauricio Umansky,1,0.05912932262713203
32,Mira Sorvino,1,0.07336100809022789
32,Tyson Beckford,1,0.04559941145661804
32,Xochitl Gomez,1,0.08260588977248899
32,Adrian Peterson,2,0.058412281500133244
32,Alyson Hannigan,2,0.07680857316558756
32,Ariana Madix,2,0.08992772223675394
32,Barry Williams,2,0.05832343473840715
32,Charity Lawson,2,0.09536887149369633
32,Harry Jowsey,2,0.05626860047020515
32,Jamie Lynn Spears,2,0.06161090872625137
32,Jason Mraz,2,0.11307951814536918
32,Lele Pons,2,0.09192807675278258
32,Mauricio Umansky,2,0.04358889711910192
32,Mira Sorvino,2,0.07426302906352653
32,Tyson Beckford,2,0.06963922052937493
32,Xochitl Gomez,2,0.1107808660588102
32,Adrian Peterson,3,0.06251638112363778
32,Alyson Hannigan,3,0.06998122169624023
32,Ariana Madix,3,0.11427731662725343
32,Barry Williams,3,0.0722526769765149
32,Charity Lawson,3,0.10592904709968694
32,Harry Jowsey,3,0.06938704326082601
32,Jason Mraz,3,0.11587793452943645
32,Lele Pons,3,0.08433948522578316
32,Mauricio Umansky,3,0.06414181769803236
32,Mira Sorvino,3,0.07853906456183053
32,Tyson Beckford,3,0.05412254533247841
32,Xochitl Gomez,3,0.10863546586827968
32,Adrian Peterson,4,0.08267346236743142
32,Alyson Hannigan,4,0.06884650101451299
32,Ariana Madix,4,0.11023623871956754
32,Barry Williams,4,0.07025740654341339
32,Charity Lawson,4,0.10579634394951866
32,Harry Jowsey,4,0.0823030989973092
32,Jason Mraz,4,0.10617445691656852
32,Lele Pons,4,0.09144488528538755
32,Mauricio Umansky,4,0.07449619724008916
32,Mira Sorvino,4,0.08468521091817685
32,Xochitl Gomez,4,0.12308619804802459
32,Alyson Hannigan,5,0.08114715474375371
32,Ariana Madix,5,0.1030786569782591
32,Barry Williams,5,0.09655020904998678
32,Charity Lawson,5,0.12341883998310296
32,Harry Jowsey,5,0.06735665172313719
32,Jason Mraz,5,0.11822693113078775
32,Lele Pons,5,0.10017047145624791
32,Mauricio Umansky,5,0.09713880086732114
32,Mira Sorvino,5,0.08659024609428266
32,Xochitl Gomez,5,0.12632203797312092
32,Alyson Hannigan,6,0.09109414789859298
32,Ariana Madix,6,0.13294285589850283
32,Barry Williams,6,0.0951269194198214
32,Charity Lawson,6,0.1219184679288022
32,Harry Jowsey,6,0.08144017364885457
32,Jason Mraz,6,0.12531991465436124
32,Lele Pons,6,0.11590392410529336
32,Mauricio Umansky,6,0.09721655239405542
32,Xochitl Gomez,6,0.13903704405171613
32,Alyson Hannigan,7,0.12193923798512726
32,Ariana Madix,7,0.13726504123575478
32,Barry Williams,7,0.11084350519576122
32,Charity Lawson,7,0.13056451596425153
32,Harry Jowsey,7,0.1047284521695911
32,Jason Mraz,7,0.12851144002571213
32,Lele Pons,7,0.12905650007759553
32,Xochitl Gomez,7,0.13709130734620634
32,Alyson Hannigan,8,0.1394153289740253
32,Ariana Madix,8,0.17410254467018366
32,Barry Williams,8,0.13226488204727777
32,Charity Lawson,8,0.15841014025962818
32,Harry Jowsey,8,0.09944555564016105
32,Jason Mraz,8,0.13069098490378708
32,Xochitl Gomez,8,0.1656705635049369
32,Alyson Hannigan,9,0.13777460335136835
32,Ariana Madix,9,0.17087828522680895
32,Charity Lawson,9,0.17571928995203157
32,Harry Jowsey,9,0.11907900140275998
32,Jason Mraz,9,0.2021666885058133
32,Xochitl Gomez,9,0.1943821315612179
32,Alyson Hannigan,10,0.16880288778420102
32,Ariana Madix,10,0.20412937280913096
32,Charity Lawson,10,0.20900318402868615
32,Jason Mraz,10,0.20261196068108595
32,Xochitl Gomez,10,0.21545259469689593
32,Alyson Hannigan,11,0.17320880975027594
32,Ariana Madix,11,0.2039827929058023
32,Charity Lawson,11,0.20443175707589414
32,Jason Mraz,11,0.20861236311550085
32,Xochitl Gomez,11,0.20976427715252682
33,Anna Delvey,1,0.06957831217419863
33,Brooks Nader,1,0.07120328642322474
33,Chandler Kinney,1,0.10194411128119082
33,Danny Amendola,1,0.08273960574127949
33,Dwight Howard ,1,0.09467206736854693
33,Eric Roberts,1,0.05340575919500431
33,Ilona Maher,1,0.07155431458441602
33,Jenn Tran,1,0.07624792596697032
33,Joey Graziadei,1,0.08910663478884431
33,Phaedra Parks,1,0.07704646191692661
33,Reginald VelJohnson,1,0.05833927448933368
33,Stephen Nedoroscik,1,0.08896882464464334
33,Tori Spelling,1,0.06519342142542087
33,Anna Delvey,2,0.06003244363495806
33,Brooks Nader,2,0.07767565923389977
33,Chandler Kinney,2,0.1021418440592346
33,Danny Amendola,2,0.08355924655954079
33,Dwight Howard ,2,0.08799394310154691
33,Eric Roberts,2,0.0507174645182381
33,Ilona Maher,2,0.08180956304018996
33,Jenn Tran,2,0.07345707008198486
33,Joey Graziadei,2,0.09088949664915394
33,Phaedra Parks,2,0.08227032849995038
33,Reginald VelJohnson,2,0.05049930909424256
33,Stephen Nedoroscik,2,0.0893795792057132
33,Tori Spelling,2,0.06957405232134693
33,Brooks Nader,3,0.09699773289935446
33,Chandler Kinney,3,0.11592866673550054
33,Danny Amendola,3,0.09712944737078337
33,Dwight Howard ,3,0.0793665244188953
33,Eric Roberts,3,0.06238865416898977
33,Ilona Maher,3,0.08764028775225227
33,Jenn Tran,3,0.09884850500542856
33,Joey Graziadei,3,0.11862493160978578
33,Phaedra Parks,3,0.08759163020451158
33,Reginald VelJohnson,3,0.05498943893445929
33,Stephen Nedoroscik,3,0.10049418090003916
33,Brooks Nader,4,0.10621230150983565
33,Chandler Kinney,4,0.11087436975462907
33,Danny Amendola,4,0.12580869763984823
33,Dwight Howard ,4,0.09385848218448914
33,Ilona Maher,4,0.10771310114719637
33,Jenn Tran,4,0.10865981401186281
33,Joey Graziadei,4,0.12806255277055692
33,Phaedra Parks,4,0.10664289767091141
33,Stephen Nedoroscik,4,0.1121677833106703
33,Chandler Kinney,5,0.13790394523677632
33,Danny Amendola,5,0.12727429989064462
33,Dwight Howard ,5,0.11672851537178743
33,Ilona Maher,5,0.12686279836167527
33,Jenn Tran,5,0.1272526876896205
33,Joey Graziadei,5,0.13281347340692465
33,Phaedra Parks,5,0.11418841477059477
33,Stephen Nedoroscik,5,0.11697586527197654
33,Chandler Kinney,6,0.16225517016965704
33,Danny Amendola,6,0.13355948106594745
33,Dwight Howard ,6,0.149480904879609
33,Ilona Maher,6,0.11078732846825862
33,Jenn Tran,6,0.15015847738140628
33,Joey Graziadei,6,0.16010300253863408
33,Stephen Nedoroscik,6,0.13365563549648754
33,Chandler Kinney,7,0.19697980026189552
33,Danny Amendola,7,0.1568437966597743
33,Dwight Howard ,7,0.14168566254562587
33,Ilona Maher,7,0.1598572628865945
33,Joey Graziadei,7,0.1763704584891044
33,Stephen Nedoroscik,7,0.16826301915700537
33,Chandler Kinney,8,0.21179819141001655
33,Danny Amendola,8,0.18892136816057584
33,Ilona Maher,8,0.2029584695971448
33,Joey Graziadei,8,0.20970232797425614
33,Stephen Nedoroscik,8,0.18661964285800675
33,Chandler Kinney,9,0.20953013259966097
33,Danny Amendola,9,0.18874454633629786
33,Ilona Maher,9,0.1946438713770927
33,Joey Graziadei,9,0.20459931611902277
33,Stephen Nedoroscik,9,0.2024821335679257
34,Alix Earle,1,0.08224683165617747
34,Andy Richter,1,0.047935064049402294
34,Baron Davis,1,0.056126430093803185
34,Corey Feldman,1,0.04742102263185404
34,Danielle Fishel,1,0.0727591161836786
34,Dylan Efron,1,0.057138031939470244
34,Elaine Hendrix,1,0.0736005103741744
34,Hilaria Baldwin,1,0.09107391233959511
34,Jen Affleck,1,0.07394355098965698
34,Jordan Chiles,1,0.05792653516764254
34,Lauren Jauregui,1,0.0820114427470492
34,Robert Irwin,1,0.10071478780623298
34,Scott Hoying,1,0.05630465017861336
34,Whitney Leavitt,1,0.10079811384264964
34,Alix Earle,2,0.07843278514951996
34,Andy Richter,2,0.05157406665546954
34,Baron Davis,2,0.05979827599086134
34,Corey Feldman,2,0.045744523554512556
34,Danielle Fishel,2,0.06762478231428255
34,Dylan Efron,2,0.0716236609704785
34,Elaine Hendrix,2,0.07686169816207022
34,Hilaria Baldwin,2,0.07868181979631589
34,Jen Affleck,2,0.08064472657799164
34,Jordan Chiles,2,0.08139521837155103
34,Lauren Jauregui,2,0.07606899801086639
34,Robert Irwin,2,0.0841299962645233
34,Scott Hoying,2,0.06229634175786404
34,Whitney Leavitt,2,0.08512310642369315
34,Alix Earle,3,0.09225028066222189
34,Andy Richter,3,0.06334084133800841
34,Danielle Fishel,3,0.0799840249268106
34,Dylan Efron,3,0.09123426711054224
34,Elaine Hendrix,3,0.08205337413375362
34,Hilaria Baldwin,3,0.08662739856264552
34,Jen Affleck,3,0.07238335390656507
34,Jordan Chiles,3,0.09751847890469466
34,Lauren Jauregui,3,0.06507416082440447
34,Robert Irwin,3,0.08683349769536411
34,Scott Hoying,3,0.08439160873032826
34,Whitney Leavitt,3,0.09830871320466097
34,Alix Earle,4,0.10019822407092764
34,Andy Richter,4,0.0646848187224622
34,Danielle Fishel,4,0.08197004453070858
34,Dylan Efron,4,0.0951891897680071
34,Elaine Hendrix,4,0.09759320694948401
34,Hilaria Baldwin,4,0.0922049214255418
34,Jen Affleck,4,0.09117584010429265
34,Jordan Chiles,4,0.09967779587209391
34,Robert Irwin,4,0.08949753633426835
34,Scott Hoying,4,0.08242280471058784
34,Whitney Leavitt,4,0.10538561751162598
34,Alix Earle,5,0.11614052300622787
34,Andy Richter,5,0.0676574373934964
34,Danielle Fishel,5,0.09039726059896559
34,Dylan Efron,5,0.11884696062666504
34,Elaine Hendrix,5,0.09552256150805209
34,Jen Affleck,5,0.08990558485942386
34,Jordan Chiles,5,0.10483142074930042
34,Robert Irwin,5,0.11549140135462799
34,Scott Hoying,5,0.09170474359396424
34,Whitney Leavitt,5,0.10950210630927648
34,Alix Earle,6,0.10698368797816123
34,Andy Richter,6,0.07030311150206572
34,Danielle Fishel,6,0.10589975021852775
34,Dylan Efron,6,0.09449097631347689
34,Elaine Hendrix,6,0.10540790693281149
34,Jen Affleck,6,0.0906788840555002
34,Jordan Chiles,6,0.11976346872832608
34,Robert Irwin,6,0.1100644957897376
34,Scott Hoying,6,0.07486236250807618
34,Whitney Leavitt,6,0.12154535597331677
34,Alix Earle,7,0.13555149503964842
34,Andy Richter,7,0.0785021874961564
34,Danielle Fishel,7,0.10370870164275969
34,Dylan Efron,7,0.11469279597203094
34,Elaine Hendrix,7,0.09307806039545878
34,Jen Affleck,7,0.09648486657022498
34,Jordan Chiles,7,0.11706823728426784
34,Robert Irwin,7,0.1277019057650105
34,Whitney Leavitt,7,0.1332117498344426
34,Alix Earle,8,0.1311957984618911
34,Andy Richter,8,0.10327328565223022
34,Danielle Fishel,8,0.11894040710644797
34,Dylan Efron,8,0.12808426829915726
34,Elaine Hendrix,8,0.12183418318228822
34,Jordan Chiles,8,0.13137016354869277
34,Robert Irwin,8,0.1292594295004263
34,Whitney Leavitt,8,0.136042464248866
34,Alix Earle,9,0.15063648427128837
34,Andy Richter,9,0.09325978236296466
34,Dylan Efron,9,0.15893593518362728
34,Elaine Hendrix,9,0.13101429180117144
34,Jordan Chiles,9,0.1456146651170169
34,Robert Irwin,9,0.1603305226244685
34,Whitney Leavitt,9,0.16020831863946278
34,Alix Earle,10,0.1701319114398466
34,Dylan Efron,10,0.15936481594407184
34,Elaine Hendrix,10,0.1640083682100939
34,Jordan Chiles,10,0.16579063398144117
34,Robert Irwin,10,0.1743830337558249
34,Whitney Leavitt,10,0.16632123666872153
34,Alix Earle,11,0.20463027608071574
34,Dylan Efron,11,0.19746924960265835
34,Elaine Hendrix,11,0.19485307431048618
34,Jordan Chiles,11,0.20113831161344217
34,Robert Irwin,11,0.20190908839269753
