season,celebrity_name,week,p_est
1,Evander Holyfield,1,2.710505431213761e-20
1,Joey McIntyre,1,0.00023967174013866163
1,John O'Hurley,1,0.49964204751581304
1,Kelly Monaco,1,0.49964447560255126
1,Rachel Hunter,1,0.0
1,Trista Sutter,1,0.0004738051414970545
1,Evander Holyfield,2,0.00012462288294686006
1,Joey McIntyre,2,0.0002124078795824277
1,John O'Hurley,2,0.4998073092232755
1,Kelly Monaco,2,0.4998005372475297
1,Rachel Hunter,2,1.3552527156068805e-19
1,Trista Sutter,2,5.5122766665610234e-05
1,Evander Holyfield,3,8.131516293641283e-20
1,Joey McIntyre,3,0.00034567447235544124
1,John O'Hurley,3,0.49978702419995835
1,Kelly Monaco,3,0.4997966009066865
1,Rachel Hunter,3,7.070042099973511e-05
1,Joey McIntyre,4,0.00025118007113407014
1,John O'Hurley,4,0.4998793850286214
1,Kelly Monaco,4,0.4998694349002445
1,Rachel Hunter,4,0.0
1,Joey McIntyre,5,1.6044899038615036e-06
1,John O'Hurley,5,0.4999954380779809
1,Kelly Monaco,5,0.5000029574321152
1,John O'Hurley,6,0.5000014008601013
1,Kelly Monaco,6,0.49999859913989886
2,Drew Lachey,1,0.3329740445765933
2,George Hamilton,1,0.0
2,Giselle Fernandez,1,0.0003380761380028979
2,Jerry Rice,1,0.3329727542797373
2,Kenny Mayne,1,0.0
2,Lisa Rinna,1,0.0
2,Master P,1,0.0
2,Stacy Keibler,1,0.3329882842352592
2,Tatum O'Neal,1,6.098637220230962e-20
2,Tia Carrere,1,0.0007268407704073958
2,Drew Lachey,2,0.3329852878215508
2,George Hamilton,2,1.7611790061334214e-05
2,Giselle Fernandez,2,0.00018515300034502676
2,Jerry Rice,2,0.3329892657701028
2,Lisa Rinna,2,6.41515532046706e-06
2,Master P,2,0.00022447782275716703
2,Stacy Keibler,2,0.332944381683005
2,Tatum O'Neal,2,8.218806585388642e-06
2,Tia Carrere,2,0.0006391881502720947
2,Drew Lachey,3,0.3329269122843184
2,George Hamilton,3,0.0
2,Giselle Fernandez,3,0.0
2,Jerry Rice,3,0.33292020561197183
2,Lisa Rinna,3,0.0
2,Master P,3,0.00033518974905884577
2,Stacy Keibler,3,0.33298913598012153
2,Tia Carrere,3,0.0008285563745294359
2,Drew Lachey,4,0.3330717493905239
2,George Hamilton,4,0.0
2,Jerry Rice,4,0.3330806324222238
2,Lisa Rinna,4,0.00011060226257721664
2,Master P,4,5.421010862427522e-20
2,Stacy Keibler,4,0.33299673596180823
2,Tia Carrere,4,0.0007402799628667839
2,Drew Lachey,5,0.33313833114757235
2,George Hamilton,5,8.239057625845908e-06
2,Jerry Rice,5,0.33312864393457825
2,Lisa Rinna,5,9.675690583391475e-05
2,Stacy Keibler,5,0.3332151769062104
2,Tia Carrere,5,0.00041285204817923844
2,Drew Lachey,6,0.3332356098424358
2,George Hamilton,6,0.00022720927560939213
2,Jerry Rice,6,0.33324425771672467
2,Lisa Rinna,6,0.00012396566815019446
2,Stacy Keibler,6,0.33316895749708
2,Drew Lachey,7,0.3332398200213707
2,Jerry Rice,7,0.33323390544587117
2,Lisa Rinna,7,0.00024111980866349072
2,Stacy Keibler,7,0.3332851547240947
2,Drew Lachey,8,0.3333379945807023
2,Jerry Rice,8,0.33334008694112904
2,Stacy Keibler,8,0.3333219184781687
3,Emmitt Smith,1,0.49867087811519656
3,Harry Hamlin,1,0.0
3,Jerry Springer,1,3.2526065174565133e-19
3,Joey Lawrence,1,0.002657359923934095
3,Mario Lopez,1,0.4986717619608692
3,Monique Coleman,1,1.3552527156068805e-19
3,Sara Evans,1,0.0
3,Shanna Moakler,1,0.0
3,Tucker Carlson,1,3.049318610115481e-20
3,Vivica A. Fox,1,6.527790870178367e-20
3,Willa Ford,1,1.0842021724855044e-19
3,Emmitt Smith,2,0.4986598153234617
3,Harry Hamlin,2,0.0
3,Jerry Springer,2,3.5449797696392453e-06
3,Joey Lawrence,2,0.0025701661664712236
3,Mario Lopez,2,0.4986573443285814
3,Monique Coleman,2,6.2341624917916505e-19
3,Sara Evans,2,5.4564600108890737e-05
3,Shanna Moakler,2,0.0
3,Vivica A. Fox,2,6.776263578034403e-21
3,Willa Ford,2,5.456460160704286e-05
3,Emmitt Smith,3,0.49874721588428833
3,Harry Hamlin,3,0.0
3,Jerry Springer,3,2.8427386582321686e-19
3,Joey Lawrence,3,0.002489300951494931
3,Mario Lopez,3,0.4987507637823593
3,Monique Coleman,3,4.0996394647108136e-19
3,Sara Evans,3,6.359691076362204e-06
3,Vivica A. Fox,3,0.0
3,Willa Ford,3,6.3596907811619245e-06
3,Emmitt Smith,4,0.4988277257072023
3,Jerry Springer,4,3.7947076036992655e-19
3,Joey Lawrence,4,0.0023484847259776283
3,Mario Lopez,4,0.49882378956682005
3,Monique Coleman,4,6.2341624917916505e-19
3,Sara Evans,4,0.0
3,Vivica A. Fox,4,0.0
3,Willa Ford,4,0.0
3,Emmitt Smith,5,0.498868147627148
3,Jerry Springer,5,8.11586054527414e-05
3,Joey Lawrence,5,0.0021591352303412647
3,Mario Lopez,5,0.49887177684270284
3,Monique Coleman,5,1.0842021724855044e-19
3,Sara Evans,5,9.890846752736858e-06
3,Willa Ford,5,9.890847602491397e-06
3,Emmitt Smith,6,0.49902896733276003
3,Jerry Springer,6,7.549772307156143e-06
3,Joey Lawrence,6,0.0019373414440402267
3,Mario Lopez,6,0.4990261414508926
3,Monique Coleman,6,3.049318610115481e-19
3,Emmitt Smith,7,0.49919265608673874
3,Jerry Springer,7,2.710505431213761e-19
3,Joey Lawrence,7,0.001612860677173472
3,Mario Lopez,7,0.4991944832360877
3,Monique Coleman,7,2.0652618403278053e-19
3,Emmitt Smith,8,0.49932157082111706
3,Joey Lawrence,8,0.0013578077197161109
3,Mario Lopez,8,0.4993206214591667
3,Monique Coleman,8,0.0
3,Emmitt Smith,9,0.4994938910313762
3,Joey Lawrence,9,0.0010118503676499657
3,Mario Lopez,9,0.4994942586009739
3,Emmitt Smith,10,0.5000000419702776
3,Mario Lopez,10,0.49999995802972236
4,Apolo Anton Ohno,1,0.3320274529241801
4,Billy Ray Cyrus,1,0.0
4,Clyde Drexler,1,0.0001654128795073357
4,Heather Mills,1,4.0657581468206416e-20
4,Ian Ziering,1,0.003752423858935108
4,Joey Fatone,1,0.3320274922384633
4,John Ratzenberger,1,1.0842021724855044e-19
4,Laila Ali,1,0.33202721809891417
4,Leeza Gibbons,1,2.371692252312041e-19
4,Paulina Porizkova,1,7.453889935837843e-20
4,Shandi Finnessey,1,0.0
4,Apolo Anton Ohno,2,0.33204451010409214
4,Billy Ray Cyrus,2,3.206681567734718e-05
4,Clyde Drexler,2,1.79646131539267e-05
4,Heather Mills,2,0.00012405360687055245
4,Ian Ziering,2,0.003510854269424542
4,Joey Fatone,2,0.33204446139801325
4,John Ratzenberger,2,0.0
4,Laila Ali,2,0.33204520547702593
4,Leeza Gibbons,2,0.0001659500123221716
4,Paulina Porizkova,2,3.7269449679189215e-20
4,Shandi Finnessey,2,1.4933703420234654e-05
4,Apolo Anton Ohno,3,0.3320679269682068
4,Billy Ray Cyrus,3,6.272723906541433e-06
4,Clyde Drexler,3,0.00021353290186546285
4,Heather Mills,3,4.2094366583173384e-05
4,Ian Ziering,3,0.003338305125092995
4,Joey Fatone,3,0.3320678139500455
4,John Ratzenberger,3,0.0001452840665789134
4,Laila Ali,3,0.33206679654584614
4,Leeza Gibbons,3,3.914005954388887e-05
4,Shandi Finnessey,3,1.283329233050736e-05
4,Apolo Anton Ohno,4,0.33207933973392556
4,Billy Ray Cyrus,4,0.0
4,Clyde Drexler,4,0.0004432958062915055
4,Heather Mills,4,4.0657581468206416e-20
4,Ian Ziering,4,0.0031718464090576062
4,Joey Fatone,4,0.33207980095327894
4,John Ratzenberger,4,0.00014487431729090007
4,Laila Ali,4,0.3320808427801554
4,Leeza Gibbons,4,0.0
4,Apolo Anton Ohno,5,0.3322878382260029
4,Billy Ray Cyrus,5,0.0
4,Clyde Drexler,5,0.0
4,Heather Mills,5,1.3054535584365306e-19
4,Ian Ziering,5,0.003098221101451774
4,Joey Fatone,5,0.33228692747322675
4,John Ratzenberger,5,4.094657507435753e-05
4,Laila Ali,5,0.33228606662424426
4,Apolo Anton Ohno,6,0.33237898415213774
4,Billy Ray Cyrus,6,3.952517452841321e-05
4,Heather Mills,6,7.75005993981494e-05
4,Ian Ziering,6,0.0027428307712924756
4,Joey Fatone,6,0.3323802954539517
4,John Ratzenberger,6,2.168404344971009e-19
4,Laila Ali,6,0.3323808638486917
4,Apolo Anton Ohno,7,0.33249174734236703
4,Billy Ray Cyrus,7,0.0
4,Ian Ziering,7,0.002377245407291173
4,Joey Fatone,7,0.33249023996168203
4,John Ratzenberger,7,0.00015080774651404525
4,Laila Ali,7,0.3324899595421458
4,Apolo Anton Ohno,8,0.3326508852983377
4,Billy Ray Cyrus,8,4.1305617455435575e-05
4,Ian Ziering,8,0.0020031581802248183
4,Joey Fatone,8,0.3326522880443474
4,Laila Ali,8,0.3326523628596348
4,Apolo Anton Ohno,9,0.33280522904957494
4,Ian Ziering,9,0.0015862814449957
4,Joey Fatone,9,0.33280423726100594
4,Laila Ali,9,0.3328042522444234
4,Apolo Anton Ohno,10,0.3333331004701281
4,Joey Fatone,10,0.33333345819764293
4,Laila Ali,10,0.3333334413322291
5,Albert Reed,1,0.0
5,Cameron Mathison,1,8.942907856119633e-19
5,Floyd Mayweather Jr. ,1,0.0
5,Helio Castroneves,1,0.3320245484755468
5,Jane Seymour,1,3.2526065174565133e-19
5,Jennie Garth,1,0.003809321258819404
5,Josie Maran,1,0.0
5,Marie Osmond,1,0.3320237679829675
5,Mark Cuban,1,0.00011865184877003169
5,Mel B,1,0.3320237104338963
5,Sabrina Bryan,1,0.0
5,Wayne Newton,1,0.0
5,Albert Reed,2,0.0
5,Cameron Mathison,2,2.3837698268693022e-05
5,Floyd Mayweather Jr. ,2,0.00015861403642249762
5,Helio Castroneves,2,0.33203702612673486
5,Jane Seymour,2,0.0
5,Jennie Garth,2,0.0035792966826881335
5,Marie Osmond,2,0.3320392885634553
5,Mark Cuban,2,5.3803529470551874e-05
5,Mel B,2,0.3320394685405915
5,Sabrina Bryan,2,5.272600085211558e-05
5,Wayne Newton,2,1.5938821516284875e-05
5,Cameron Mathison,3,8.379998495977044e-06
5,Floyd Mayweather Jr. ,3,0.0
5,Helio Castroneves,3,0.33205116791791933
5,Jane Seymour,3,0.0001645785930650174
5,Jennie Garth,3,0.0033891784085376547
5,Marie Osmond,3,0.332047651155085
5,Mark Cuban,3,0.00024567150544303187
5,Mel B,3,0.3320473217132668
5,Sabrina Bryan,3,4.377230583326276e-05
5,Wayne Newton,3,2.278402353997361e-06
5,Cameron Mathison,4,8.944667923005412e-19
5,Floyd Mayweather Jr. ,4,1.3552527156068805e-20
5,Helio Castroneves,4,0.33206924196329873
5,Jane Seymour,4,0.00012731403942913694
5,Jennie Garth,4,0.0032230623089257986
5,Marie Osmond,4,0.33207364587874755
5,Mark Cuban,4,0.0004325834511173747
5,Mel B,4,0.3320741523584815
5,Sabrina Bryan,4,0.0
5,Cameron Mathison,5,3.7947076036992655e-19
5,Helio Castroneves,5,0.33227946391360885
5,Jane Seymour,5,1.899922398994222e-05
5,Jennie Garth,5,0.003152953978704043
5,Marie Osmond,5,0.3322746401497858
5,Mark Cuban,5,2.710505431213761e-20
5,Mel B,5,0.33227394273391136
5,Sabrina Bryan,5,0.0
5,Cameron Mathison,6,2.7077350032903783e-05
5,Helio Castroneves,6,0.3323658747506173
5,Jane Seymour,6,2.168404344971009e-19
5,Jennie Garth,6,0.0027762811012017534
5,Marie Osmond,6,0.33237060693976456
5,Mel B,6,0.33237145783346517
5,Sabrina Bryan,6,8.870202491819711e-05
5,Cameron Mathison,7,3.3881317890172014e-19
5,Helio Castroneves,7,0.33248523139631614
5,Jane Seymour,7,0.00015019134500640085
5,Jennie Garth,7,0.002403355684360833
5,Marie Osmond,7,0.33248106395762106
5,Mel B,7,0.3324801576166957
5,Cameron Mathison,8,2.3685993537624582e-05
5,Helio Castroneves,8,0.3326374452250578
5,Jennie Garth,8,0.002056720512169167
5,Marie Osmond,8,0.332640668722978
5,Mel B,8,0.3326414795462574
5,Helio Castroneves,9,0.33279137211316717
5,Jennie Garth,9,0.0016304990296206823
5,Marie Osmond,9,0.33278934594302023
5,Mel B,9,0.3327887829141919
5,Helio Castroneves,10,0.333332807090215
5,Marie Osmond,10,0.33333349613756547
5,Mel B,10,0.33333369677221947
6,Adam Carolla,1,0.0
6,Cristian de la Fuente,1,0.3322097965689147
6,Jason Taylor,1,0.332209364522006
6,Kristi Yamaguchi,1,0.33220982514616326
6,Mario,1,2.574980159653073e-19
6,Marissa Jaret Winokur,1,0.002925605134853712
6,Marlee Matlin,1,0.0004272850563298888
6,Monica Seles,1,0.0
6,Penn Jillette,1,1.9312351197398048e-19
6,Priscilla Presley,1,7.827066011042137e-06
6,Shannon Elizabeth,1,1.0296505721541681e-05
6,Steve Guttenberg,1,2.439454888092385e-19
6,Adam Carolla,2,1.458344755366473e-19
6,Cristian de la Fuente,2,0.33226377765659626
6,Jason Taylor,2,0.3322650474549284
6,Kristi Yamaguchi,2,0.3322636954666802
6,Mario,2,1.0299920638612292e-18
6,Marissa Jaret Winokur,2,0.0028994941072816864
6,Marlee Matlin,2,0.0
6,Monica Seles,2,1.0113513726703769e-07
6,Penn Jillette,2,1.0113513726703285e-07
6,Priscilla Presley,2,0.00016669460790555722
6,Shannon Elizabeth,2,0.00014108843423093763
6,Steve Guttenberg,2,0.0
6,Adam Carolla,3,0.0
6,Cristian de la Fuente,3,0.3322940460674672
6,Jason Taylor,3,0.33229202557238846
6,Kristi Yamaguchi,3,0.33229417729014044
6,Mario,3,5.692061405548898e-19
6,Marissa Jaret Winokur,3,0.002723594951736903
6,Marlee Matlin,3,3.761497111240376e-05
6,Priscilla Presley,3,0.0002037045678120498
6,Shannon Elizabeth,3,0.00015483657934253444
6,Steve Guttenberg,3,0.0
6,Adam Carolla,4,0.0
6,Cristian de la Fuente,4,0.33224929647144547
6,Jason Taylor,4,0.3322519180077329
6,Kristi Yamaguchi,4,0.33224912678947083
6,Mario,4,6.717554138476922e-05
6,Marissa Jaret Winokur,4,0.002512539809902676
6,Marlee Matlin,4,0.0003469596505853325
6,Priscilla Presley,4,0.00021903937521464305
6,Shannon Elizabeth,4,0.00010394435426350916
6,Cristian de la Fuente,5,0.3324191516860375
6,Jason Taylor,5,0.3324161523011867
6,Kristi Yamaguchi,5,0.33241934830557196
6,Mario,5,1.6940658945086007e-19
6,Marissa Jaret Winokur,5,0.002375762011708261
6,Marlee Matlin,5,0.00031471478055824153
6,Priscilla Presley,5,1.915250320381657e-05
6,Shannon Elizabeth,5,3.571841173363713e-05
6,Cristian de la Fuente,6,0.3326002179043461
6,Jason Taylor,6,0.3326033131234208
6,Kristi Yamaguchi,6,0.33260001255137306
6,Mario,6,7.792703114739563e-20
6,Marissa Jaret Winokur,6,0.0021662830853523486
6,Marlee Matlin,6,0.0
6,Shannon Elizabeth,6,3.0173335507950968e-05
6,Cristian de la Fuente,7,0.33269451802884126
6,Jason Taylor,7,0.3326916472168416
6,Kristi Yamaguchi,7,0.3326947132865955
6,Mario,7,0.0
6,Marissa Jaret Winokur,7,0.0018555045264525497
6,Shannon Elizabeth,7,6.361694126908992e-05
6,Cristian de la Fuente,8,0.3327758408188124
6,Jason Taylor,8,0.3327781717678155
6,Kristi Yamaguchi,8,0.3327756792950928
6,Mario,8,7.232730421120477e-05
6,Marissa Jaret Winokur,8,0.001597980814068102
6,Cristian de la Fuente,9,0.33287733990063123
6,Jason Taylor,9,0.33287582063404336
6,Kristi Yamaguchi,9,0.3328774478323278
6,Marissa Jaret Winokur,9,0.0013693916329976172
6,Cristian de la Fuente,10,0.3333331698047358
6,Jason Taylor,10,0.3333336978044831
6,Kristi Yamaguchi,10,0.33333313239078105
7,Brooke Burke,1,0.33229910351583064
7,Cloris Leachman,1,0.00019537589468727424
7,Cody Linley,1,0.0026845076280373375
7,Jeffrey Ross,1,1.7618285302889447e-19
7,Kim Kardashian,1,2.710505431213761e-20
7,Lance Bass,1,0.3322992550658718
7,Maurice Greene,1,0.0
7,Misty May-Treanor,1,0.0
7,Rocco DiSpirito,1,0.00015935796712000008
7,Susan Lucci,1,5.847518796395465e-05
7,Ted McGinley,1,4.607859233063394e-19
7,Toni Braxton,1,4.0018480888093894e-06
7,Warren Sapp,1,0.3322999228924002
7,Brooke Burke,2,0.33225979707840336
7,Cloris Leachman,2,0.00012959906941211596
7,Cody Linley,2,0.0027080325201336393
7,Kim Kardashian,2,8.794639719735385e-05
7,Lance Bass,2,0.33225936015120866
7,Maurice Greene,2,0.0
7,Misty May-Treanor,2,8.794639719735368e-05
7,Rocco DiSpirito,2,2.710505431213761e-20
7,Susan Lucci,2,0.00013402802663072948
7,Toni Braxton,2,7.586738742027244e-05
7,Warren Sapp,2,0.33225742297239647
7,Brooke Burke,3,0.3324058428570118
7,Cloris Leachman,3,2.9383039218530157e-05
7,Cody Linley,3,0.002682003014584935
7,Lance Bass,3,0.33240652229415235
7,Maurice Greene,3,2.168404344971009e-19
7,Rocco DiSpirito,3,2.76799808361899e-05
7,Susan Lucci,3,2.710505431213761e-19
7,Toni Braxton,3,3.902903524911466e-05
7,Warren Sapp,3,0.33240953977894694
7,Brooke Burke,4,0.3324736897860647
7,Cloris Leachman,4,0.0
7,Cody Linley,4,0.0024017968204750892
7,Lance Bass,4,0.33247284119878806
7,Maurice Greene,4,0.0
7,Rocco DiSpirito,4,0.0
7,Susan Lucci,4,6.098637220230962e-20
7,Toni Braxton,4,0.0001826300918393149
7,Warren Sapp,4,0.33246904210283296
7,Brooke Burke,5,0.3325080853166068
7,Cloris Leachman,5,0.00017056014925755778
7,Cody Linley,5,0.0020575576328979175
7,Lance Bass,5,0.3325090150923387
7,Maurice Greene,5,0.0
7,Susan Lucci,5,0.00024155902139617392
7,Toni Braxton,5,0.0
7,Warren Sapp,5,0.33251322278750284
7,Brooke Burke,6,0.33262225232579806
7,Cloris Leachman,6,6.617989142476517e-05
7,Cody Linley,6,0.0019208072735648167
7,Lance Bass,6,0.33262134147652844
7,Maurice Greene,6,5.5192449781919935e-06
7,Susan Lucci,6,0.00014676078924395202
7,Warren Sapp,6,0.3326171389984617
7,Brooke Burke,7,0.33275134491125286
7,Cody Linley,7,0.0017405715312142015
7,Lance Bass,7,0.3327521479727427
7,Maurice Greene,7,0.0
7,Susan Lucci,7,0.0
7,Warren Sapp,7,0.33275593558479016
7,Brooke Burke,8,0.3328422691487139
7,Cody Linley,8,0.0014303570690283691
7,Lance Bass,8,0.3328416484535976
7,Maurice Greene,8,4.7078856703819e-05
7,Warren Sapp,8,0.3328386464719564
7,Brooke Burke,9,0.3329465164281689
7,Cody Linley,9,0.0011577421532524698
7,Lance Bass,9,0.3329469078096065
7,Warren Sapp,9,0.33294883360897215
7,Brooke Burke,10,0.33333364263350496
7,Lance Bass,10,0.3333335100189225
7,Warren Sapp,10,0.3333328473475727
8,Belinda Carlisle,1,1.29555725927925e-20
8,Chuck Wicks,1,5.296450015214933e-06
8,David Alan Grier,1,3.582564366553913e-05
8,Denise Richards,1,0.0
8,Gilles Marini,1,0.3320387825743836
8,Holly Madison,1,6.285105772543836e-05
8,Lawrence Taylor,1,6.865292027045396e-05
8,Lil' Kim,1,3.826010891171677e-05
8,Melissa Rycroft,1,0.3320387718826767
8,Shawn Johnson,1,0.33203876886468586
8,Steve Wozniak,1,6.285105758465539e-05
8,Steve-O,1,4.643795883124985e-05
8,Ty Murray,1,0.003563501481249638
8,Belinda Carlisle,2,1.7829742674694518e-19
8,Chuck Wicks,2,3.670584940956652e-05
8,David Alan Grier,2,2.0780192925640509e-19
8,Denise Richards,2,2.7139248161182724e-20
8,Gilles Marini,2,0.3320086334608022
8,Holly Madison,2,0.00017059643191993202
8,Lawrence Taylor,2,5.116760807459743e-05
8,Lil' Kim,2,4.582673350582821e-19
8,Melissa Rycroft,2,0.33200866123224476
8,Shawn Johnson,2,0.3320086700134379
8,Steve Wozniak,2,0.0001705964330649447
8,Steve-O,2,0.0001048389640604776
8,Ty Murray,2,0.003440130006985429
8,Chuck Wicks,3,3.717081901713925e-05
8,David Alan Grier,3,9.458040224406447e-05
8,Denise Richards,3,0.0
8,Gilles Marini,3,0.3320882293814597
8,Holly Madison,3,1.149083089398081e-05
8,Lawrence Taylor,3,0.0001406792161271808
8,Lil' Kim,3,3.791532333213555e-05
8,Melissa Rycroft,3,0.33208818266483625
8,Shawn Johnson,3,0.33208816831178095
8,Steve Wozniak,3,1.1490830045071535e-05
8,Steve-O,3,0.00012198564125612973
8,Ty Murray,3,0.003280106579007489
8,Chuck Wicks,4,1.0112688742597782e-05
8,David Alan Grier,4,2.8730435516117386e-05
8,Gilles Marini,4,0.3321545216911784
8,Holly Madison,4,4.627637659071822e-05
8,Lawrence Taylor,4,8.306722727653281e-05
8,Lil' Kim,4,6.111076642851057e-05
8,Melissa Rycroft,4,0.33215457941923443
8,Shawn Johnson,4,0.33215459828647065
8,Steve Wozniak,4,4.627637865319491e-05
8,Steve-O,4,9.576088526298545e-05
8,Ty Murray,4,0.003164965844646027
8,Chuck Wicks,5,2.622600028395249e-19
8,David Alan Grier,5,0.0001301363424803282
8,Gilles Marini,5,0.332214919245554
8,Lawrence Taylor,5,0.00014978892278912602
8,Lil' Kim,5,6.338018315568571e-19
8,Melissa Rycroft,5,0.33221485301680864
8,Shawn Johnson,5,0.3322148312603712
8,Steve-O,5,0.0001898007615762356
8,Ty Murray,5,0.002885670450420394
8,Chuck Wicks,6,6.107197715527324e-06
8,Gilles Marini,6,0.33234824395294316
8,Lawrence Taylor,6,0.000148801458388014
8,Lil' Kim,6,7.076416535160472e-06
8,Melissa Rycroft,6,0.33234830711250446
8,Shawn Johnson,6,0.33234832920531343
8,Steve-O,6,5.232032413382672e-05
8,Ty Murray,6,0.0027408143324665272
8,Chuck Wicks,7,6.192361222367528e-05
8,Gilles Marini,7,0.33245375791559817
8,Lawrence Taylor,7,9.004590941992071e-05
8,Lil' Kim,7,3.393952977923263e-19
8,Melissa Rycroft,7,0.33245370147065073
8,Shawn Johnson,7,0.3324536811714951
8,Ty Murray,7,0.002486889920612373
8,Chuck Wicks,8,2.7990293145010837e-05
8,Gilles Marini,8,0.33259911035441675
8,Lil' Kim,8,1.7345372073841724e-20
8,Melissa Rycroft,8,0.33259915141580365
8,Shawn Johnson,8,0.3325991679568849
8,Ty Murray,8,0.0021745799797496875
8,Gilles Marini,9,0.3326962558605561
8,Lil' Kim,9,3.761888968225591e-05
8,Melissa Rycroft,9,0.3326962275490513
8,Shawn Johnson,9,0.33269621551994416
8,Ty Murray,9,0.0018736821807661787
8,Gilles Marini,10,0.3328338759950272
8,Melissa Rycroft,10,0.3328338897181321
8,Shawn Johnson,10,0.3328338967475772
8,Ty Murray,10,0.0014983375392635904
8,Gilles Marini,11,0.33333333775008617
8,Melissa Rycroft,11,0.33333333231055773
8,Shawn Johnson,11,0.33333332993935616
9,Aaron Carter,1,6.898686490345435e-19
9,Ashley Hamiliton,1,3.6717123191197256e-19
9,Chuck Liddell,1,3.1887696640907284e-20
9,Debi Mazar,1,7.428388130858128e-05
9,Donny Osmond,1,0.33167603425383685
9,Joanna Krupa,1,0.0032407459751611105
9,Kathy Ireland,1,3.635865893403478e-05
9,Kelly Osbourne,1,0.33167606209881967
9,Louie Vito,1,0.0006743593168738027
9,Macy Gray,1,4.551263802399611e-20
9,Mark Dacascos,1,5.3847476797527575e-05
9,Melissa Joan Hart,1,0.0006743594113088681
9,Michael Irvin,1,5.384740573919428e-05
9,Mya,1,0.3316758100218386
9,Natalie Coughlin,1,9.000761837353897e-05
9,Tom DeLay,1,7.428388100822812e-05
9,Aaron Carter,2,4.046729130686052e-19
9,Chuck Liddell,2,4.598555830325059e-20
9,Debi Mazar,2,1.0821974959475536e-06
9,Donny Osmond,2,0.3318486840681909
9,Joanna Krupa,2,0.003177012914021651
9,Kathy Ireland,2,5.263327643062164e-20
9,Kelly Osbourne,2,0.3318486069852927
9,Louie Vito,2,0.0005229322890444213
9,Mark Dacascos,2,2.8966754124879978e-05
9,Melissa Joan Hart,2,0.0005229324015746591
9,Michael Irvin,2,2.896665968376514e-05
9,Mya,2,0.3318493348690481
9,Natalie Coughlin,2,0.00017039866479932149
9,Tom DeLay,2,1.0821967237095706e-06
9,Aaron Carter,3,9.954769640669933e-06
9,Chuck Liddell,3,5.191479906358725e-20
9,Debi Mazar,3,7.350611874622074e-05
9,Donny Osmond,3,0.3318233284135752
9,Joanna Krupa,3,0.003065130481820531
9,Kelly Osbourne,3,0.3318234509738475
9,Louie Vito,3,0.0005541456154195567
9,Mark Dacascos,3,2.313534940619493e-05
9,Melissa Joan Hart,3,0.0005541457812115275
9,Michael Irvin,3,2.3135301380165122e-05
9,Mya,3,0.33182232518043164
9,Natalie Coughlin,3,0.0001542358959512965
9,Tom DeLay,3,7.350611856944578e-05
9,Aaron Carter,4,6.403364138888273e-05
9,Chuck Liddell,4,2.1777077477093436e-21
9,Donny Osmond,4,0.3319503319309143
9,Joanna Krupa,4,0.0029653767713940424
9,Kelly Osbourne,4,0.3319501799527475
9,Louie Vito,4,0.0005133172211108414
9,Mark Dacascos,4,4.308613125227277e-06
9,Melissa Joan Hart,4,0.0005133172949368715
9,Michael Irvin,4,4.30862508668636e-06
9,Mya,4,0.3319515829712072
9,Natalie Coughlin,4,8.32429780885896e-05
9,Aaron Carter,5,2.2772897323564762e-19
9,Donny Osmond,5,0.33202245600900304
9,Joanna Krupa,5,0.002682930911970598
9,Kelly Osbourne,5,0.33202262610743266
9,Louie Vito,5,0.000501208100093479
9,Mark Dacascos,5,0.00010681734788010488
9,Melissa Joan Hart,5,0.0005012082636966372
9,Michael Irvin,5,0.00010681731128691166
9,Mya,5,0.3320210899434261
9,Natalie Coughlin,5,3.484600521048781e-05
9,Aaron Carter,6,6.175305644961144e-05
9,Donny Osmond,6,0.3321547584336872
9,Joanna Krupa,6,0.0026269201314881394
9,Kelly Osbourne,6,0.3321545908077685
9,Louie Vito,6,0.00022775869915900876
9,Mark Dacascos,6,0.0001951773017831791
9,Melissa Joan Hart,6,0.0002277587373799127
9,Michael Irvin,6,0.00019517720464142088
9,Mya,6,0.3321561056276431
9,Aaron Carter,7,3.6849560048274696e-05
9,Donny Osmond,7,0.3324125222637384
9,Joanna Krupa,7,0.0023700159854234825
9,Kelly Osbourne,7,0.3324126744637102
9,Mark Dacascos,7,0.00017830612608849371
9,Michael Irvin,7,0.00017830605261887658
9,Mya,7,0.33241132554837227
9,Aaron Carter,8,7.410044116555969e-05
9,Donny Osmond,8,0.33266977335148207
9,Joanna Krupa,8,0.001915758660305221
9,Kelly Osbourne,8,0.3326696549258853
9,Mya,8,0.3326707126211619
9,Donny Osmond,9,0.3328025575517616
9,Joanna Krupa,9,0.0015928467185047145
9,Kelly Osbourne,9,0.3328026347622232
9,Mya,9,0.33280196096751047
9,Donny Osmond,10,0.33333327329206225
9,Kelly Osbourne,10,0.33333324798631614
9,Mya,10,0.33333347872162167
10,Aiden Turner,1,1.3552527156068805e-19
10,Buzz Aldrin,1,0.0
10,Chad Ochocinco,1,0.003752424132561241
10,Erin Andrews,1,0.332027362085295
10,Evan Lysacek,1,0.3320274049637415
10,Jake Pavelka,1,2.921338242677647e-20
10,Kate Gosselin,1,0.00016541359293694224
10,Nicole Scherzinger,1,0.33202739522546537
10,Niecy Nash,1,1.003641499961377e-19
10,Pamela Anderson,1,0.0
10,Shannen Doherty,1,0.0
10,Aiden Turner,2,0.0001659504867684636
10,Buzz Aldrin,2,1.4933834550457346e-05
10,Chad Ochocinco,2,0.003510855367055367
10,Erin Andrews,2,0.332044817430647
10,Evan Lysacek,2,0.3320446708923818
10,Jake Pavelka,2,0.00012405342729848913
10,Kate Gosselin,2,1.7963118647949773e-05
10,Nicole Scherzinger,2,0.33204468845999313
10,Niecy Nash,2,3.206698265737704e-05
10,Pamela Anderson,2,5.3151317440207346e-20
10,Shannen Doherty,2,0.0
10,Aiden Turner,3,3.913972161671261e-05
10,Buzz Aldrin,3,1.2833271826706398e-05
10,Chad Ochocinco,3,0.00333830635910002
10,Erin Andrews,3,0.33206730877752366
10,Evan Lysacek,3,0.33206761189744194
10,Jake Pavelka,3,4.209486490268512e-05
10,Kate Gosselin,3,0.00021353484685472234
10,Nicole Scherzinger,3,0.3320676143633559
10,Niecy Nash,3,6.272096419100619e-06
10,Pamela Anderson,3,0.00014528380095855378
10,Aiden Turner,4,5.421010862427522e-20
10,Chad Ochocinco,4,0.003171846927885512
10,Erin Andrews,4,0.3320803562339601
10,Evan Lysacek,4,0.33207983710111727
10,Jake Pavelka,4,5.421010862427522e-20
10,Kate Gosselin,4,0.0004432950687841852
10,Nicole Scherzinger,4,0.3320797903446295
10,Niecy Nash,4,5.421010862427522e-19
10,Pamela Anderson,4,0.00014487432362335877
10,Chad Ochocinco,5,0.0030982213520858214
10,Erin Andrews,5,0.3322863971725345
10,Evan Lysacek,5,0.3322871675858942
10,Jake Pavelka,5,5.421010862427522e-20
10,Kate Gosselin,5,1.6263032587282567e-19
10,Nicole Scherzinger,5,0.3322872680042636
10,Niecy Nash,5,3.5236570605778894e-19
10,Pamela Anderson,5,4.094588522187179e-05
10,Chad Ochocinco,6,0.0027428311821537685
10,Erin Andrews,6,0.3323807556886757
10,Evan Lysacek,6,0.33237976519817075
10,Jake Pavelka,6,7.75005103613376e-05
10,Nicole Scherzinger,6,0.33237962235288226
10,Niecy Nash,6,3.9525067756279684e-05
10,Pamela Anderson,6,1.0842021724855044e-19
10,Chad Ochocinco,7,0.0023772454305680687
10,Erin Andrews,7,0.3324898631498544
10,Evan Lysacek,7,0.3324909621230636
10,Nicole Scherzinger,7,0.3324911213407578
10,Niecy Nash,7,0.0
10,Pamela Anderson,7,0.00015080795575604035
10,Chad Ochocinco,8,0.0020031590875941255
10,Erin Andrews,8,0.33265257278336235
10,Evan Lysacek,8,0.3326515530198019
10,Nicole Scherzinger,8,0.33265141028567674
10,Niecy Nash,8,4.130482356493975e-05
10,Chad Ochocinco,9,0.001586282324031173
10,Erin Andrews,9,0.3328040544185753
10,Evan Lysacek,9,0.3328047824840481
10,Nicole Scherzinger,9,0.3328048807733454
10,Erin Andrews,10,0.3333335209275838
10,Evan Lysacek,10,0.33333325693322924
10,Nicole Scherzinger,10,0.33333322213918704
11,Audrina Patridge,1,0.0
11,Brandy,1,0.0038093214502773393
11,Bristol Palin,1,0.3320240351825159
11,David Hasselhoff,1,4.0657581468206416e-20
11,Florence Henderson,1,0.0001186560447056053
11,Jennifer Grey,1,0.33202365208494733
11,Kurt Warner,1,3.8858968152917057e-19
11,Kyle Massey,1,0.33202433523755387
11,Margaret Cho,1,9.458510710773157e-20
11,Michael Bolton,1,0.0
11,Rick Fox,1,0.0
11,The Situation,1,0.0
11,Audrina Patridge,2,5.272451263777811e-05
11,Brandy,2,0.003579302716221593
11,Bristol Palin,2,0.33203852981484294
11,Florence Henderson,2,5.379351908822369e-05
11,Jennifer Grey,2,0.3320396175993209
11,Kurt Warner,2,2.383826736546417e-05
11,Kyle Massey,2,0.3320376363968176
11,Margaret Cho,2,1.5940155805600545e-05
11,Michael Bolton,2,4.0657581468206416e-20
11,Rick Fox,2,9.486769009248164e-20
11,The Situation,2,0.00015861701789995984
11,Audrina Patridge,3,4.377563197292144e-05
11,Brandy,3,0.0033891848968841147
11,Bristol Palin,3,0.3320487650462116
11,Florence Henderson,3,0.00024568441901652523
11,Jennifer Grey,3,0.3320471439575351
11,Kurt Warner,3,8.374592570499856e-06
11,Kyle Massey,3,0.33205021636837384
11,Margaret Cho,3,2.2785845265534993e-06
11,Rick Fox,3,0.00016457650290886255
11,The Situation,3,0.0
11,Audrina Patridge,4,0.0
11,Brandy,4,0.003223064579064482
11,Bristol Palin,4,0.33207235341940133
11,Florence Henderson,4,0.000432579408283674
11,Jennifer Grey,4,0.332074267503676
11,Kurt Warner,4,0.0
11,Kyle Massey,4,0.33207042158235195
11,Rick Fox,4,0.0001273135072225594
11,The Situation,4,0.0
11,Audrina Patridge,5,0.0
11,Brandy,5,0.0031529541186988167
11,Bristol Palin,5,0.3322759076820852
11,Florence Henderson,5,0.0
11,Jennifer Grey,5,0.33227395958971656
11,Kurt Warner,5,2.0328790734103208e-20
11,Kyle Massey,5,0.3322781839292041
11,Rick Fox,5,1.899468029536235e-05
11,Audrina Patridge,6,8.870092706341632e-05
11,Brandy,6,0.0027762826244813374
11,Bristol Palin,6,0.33236953779108735
11,Jennifer Grey,6,0.33237129412775374
11,Kurt Warner,6,2.7077022289203427e-05
11,Kyle Massey,6,0.332367107507325
11,Rick Fox,6,0.0
11,Brandy,7,0.002403354671042992
11,Bristol Palin,7,0.3324818398440026
11,Jennifer Grey,7,0.3324804322701767
11,Kurt Warner,7,0.0
11,Kyle Massey,7,0.3324841794626653
11,Rick Fox,7,0.0001501937521125533
11,Brandy,8,0.002056725636798296
11,Bristol Palin,8,0.33264019247593135
11,Jennifer Grey,8,0.33264118029402473
11,Kurt Warner,8,2.3680744293676486e-05
11,Kyle Massey,8,0.33263822084895195
11,Brandy,9,0.0016305048808328896
11,Bristol Palin,9,0.33278957932137965
11,Jennifer Grey,9,0.33278901072261563
11,Kyle Massey,9,0.33279090507517195
11,Bristol Palin,10,0.33333342858542725
11,Jennifer Grey,10,0.3333336120959756
11,Kyle Massey,10,0.33333295931859713
12,Chelsea Kane,1,0.332027305798892
12,Chris Jericho,1,1.8973538018496328e-19
12,Hines Ward,1,0.3320275519687019
12,Kendra Wilkinson,1,5.421010862427522e-20
12,Kirstie Alley,1,0.332027306035042
12,Mike Catherwood,1,1.2197274440461925e-19
12,Petra Nemcova,1,0.00016541212632512883
12,Ralph Macchio,1,0.0037524240710390573
12,Romeo,1,5.285485590866834e-19
12,Sugar Ray Leonard,1,1.1519648082658485e-19
12,Wendy Williams,1,0.0
12,Chelsea Kane,2,0.33204499759847544
12,Chris Jericho,2,0.00012405362043691972
12,Hines Ward,2,0.33204423851672266
12,Kendra Wilkinson,2,8.470329472543003e-20
12,Kirstie Alley,2,0.33204494040357335
12,Mike Catherwood,2,0.0
12,Petra Nemcova,2,1.7966452039246594e-05
12,Ralph Macchio,2,0.0035108537388394033
12,Romeo,2,3.206662243461617e-05
12,Sugar Ray Leonard,2,0.00016594961384852023
12,Wendy Williams,2,1.4933433629750972e-05
12,Chelsea Kane,3,0.33206699795336464
12,Chris Jericho,3,4.209399992245177e-05
12,Hines Ward,3,0.3320682939033611
12,Kendra Wilkinson,3,0.00014528438248588154
12,Kirstie Alley,3,0.3320672479219321
12,Petra Nemcova,3,0.00021353083904854676
12,Ralph Macchio,3,0.0033383044580987302
12,Romeo,3,6.273384548582036e-06
12,Sugar Ray Leonard,3,3.9139909356944216e-05
12,Wendy Williams,3,1.2833247881098071e-05
12,Chelsea Kane,4,0.33208080632469855
12,Chris Jericho,4,2.710505431213761e-20
12,Hines Ward,4,0.33207897264626307
12,Kendra Wilkinson,4,0.0001448742288249443
12,Kirstie Alley,4,0.33208020409035466
12,Petra Nemcova,4,0.00044329624711379615
12,Ralph Macchio,4,0.003171846462745018
12,Romeo,4,0.0
12,Sugar Ray Leonard,4,0.0
12,Chelsea Kane,5,0.33228583122908006
12,Chris Jericho,5,1.0842021724855044e-19
12,Hines Ward,5,0.3322881216866044
12,Kendra Wilkinson,5,4.094731580327296e-05
12,Kirstie Alley,5,0.3322868784384338
12,Petra Nemcova,5,0.0
12,Ralph Macchio,5,0.003098221330078546
12,Romeo,5,4.0657581468206416e-20
12,Chelsea Kane,6,0.33238139252506316
12,Chris Jericho,6,7.750066031023481e-05
12,Hines Ward,6,0.33237881767855193
12,Kendra Wilkinson,6,0.0
12,Kirstie Alley,6,0.3323799331874212
12,Ralph Macchio,6,0.002742830812888816
12,Romeo,6,3.952513576473246e-05
12,Chelsea Kane,7,0.3324892321443473
12,Hines Ward,7,0.33249180536207834
12,Kendra Wilkinson,7,0.00015080722793695523
12,Kirstie Alley,7,0.33249090939476095
12,Ralph Macchio,7,0.002377245870876374
12,Romeo,7,8.131516293641283e-20
12,Chelsea Kane,8,0.3326531130975863
12,Hines Ward,8,0.33265089112958046
12,Kirstie Alley,8,0.3326515318092161
12,Ralph Macchio,8,0.002003157618185429
12,Romeo,8,4.130634543182319e-05
12,Chelsea Kane,9,0.3328036921373037
12,Hines Ward,9,0.3328052030872743
12,Kirstie Alley,9,0.33280482403883455
12,Ralph Macchio,9,0.001586280736587552
12,Chelsea Kane,10,0.33333365011676513
12,Hines Ward,10,0.3333331119380142
12,Kirstie Alley,10,0.3333332379452207
13,Carson Kressley,1,0.00011865591390343362
13,Chaz Bono,1,0.0
13,Chynna Phillips,1,1.8295911660692887e-19
13,David Arquette,1,1.0842021724855044e-19
13,Elisabetta Canalis,1,1.0333801956502464e-19
13,Hope Solo,1,0.003809321409595741
13,J.R. Martinez,1,0.3320243101704676
13,Kristin Cavallari,1,1.1011428314305904e-19
13,Metta World Peace (Ron),1,0.0
13,Nancy Grace,1,1.2874900798265365e-19
13,Ricki Lake,1,0.3320239210412556
13,Rob Kardashian,1,0.33202379146477773
13,Carson Kressley,2,5.37938815144251e-05
13,Chaz Bono,2,5.272485003672699e-05
13,Chynna Phillips,2,0.0001586170522591633
13,David Arquette,2,1.435720845596039e-19
13,Elisabetta Canalis,2,6.310395457044538e-20
13,Hope Solo,2,0.003579302348622873
13,J.R. Martinez,2,0.3320377092775913
13,Kristin Cavallari,2,1.594009018369142e-05
13,Nancy Grace,2,2.383816794744082e-05
13,Ricki Lake,2,0.332038823267736
13,Rob Kardashian,2,0.33203925106410836
13,Carson Kressley,3,0.00024568365103954206
13,Chaz Bono,3,4.377540912323257e-05
13,Chynna Phillips,3,8.523269031746397e-20
13,David Arquette,3,0.00016457651673322917
13,Hope Solo,3,0.003389184675391738
13,J.R. Martinez,3,0.33205011395189415
13,Kristin Cavallari,3,2.278589685380514e-06
13,Nancy Grace,3,8.374875041962986e-06
13,Ricki Lake,3,0.33204841901486365
13,Rob Kardashian,3,0.33204759331622724
13,Carson Kressley,4,0.00043257948111621717
13,Chaz Bono,4,1.3552527156068805e-20
13,Chynna Phillips,4,0.0
13,David Arquette,4,0.0001273136397017899
13,Hope Solo,4,0.003223064426809458
13,J.R. Martinez,4,0.33207052815192795
13,Nancy Grace,4,1.6263032587282567e-19
13,Ricki Lake,4,0.33207259230816
13,Rob Kardashian,4,0.33207392199228464
13,Carson Kressley,5,0.0
13,Chaz Bono,5,6.183340514956392e-20
13,David Arquette,5,1.899497010082095e-05
13,Hope Solo,5,0.0031529540336508307
13,J.R. Martinez,5,0.3322781054730016
13,Nancy Grace,5,1.8634724839594607e-19
13,Ricki Lake,5,0.33227590945235064
13,Rob Kardashian,5,0.3322740360708963
13,Chaz Bono,6,8.870101432154465e-05
13,David Arquette,6,0.0
13,Hope Solo,6,0.002776282546402497
13,J.R. Martinez,6,0.3323671457970012
13,Nancy Grace,6,2.7077015079863206e-05
13,Ricki Lake,6,0.3323692368611125
13,Rob Kardashian,6,0.3323715567660823
13,David Arquette,7,0.00015019351841013626
13,Hope Solo,7,0.002403354757510665
13,J.R. Martinez,7,0.33248417368276095
13,Nancy Grace,7,1.8973538018496328e-19
13,Ricki Lake,7,0.33248238930817775
13,Rob Kardashian,7,0.33247988873314055
13,Hope Solo,8,0.002056725303163594
13,J.R. Martinez,8,0.33263821775669866
13,Nancy Grace,8,2.368108938461045e-05
13,Ricki Lake,8,0.3326395504636289
13,Rob Kardashian,8,0.33264182538712417
13,Hope Solo,9,0.001630504455081758
13,J.R. Martinez,9,0.3327909065244975
13,Ricki Lake,9,0.33279009546284816
13,Rob Kardashian,9,0.3327884935575726
13,J.R. Martinez,10,0.3333329607279489
13,Ricki Lake,10,0.3333332305899993
13,Rob Kardashian,10,0.33333380868205187
14,Donald Driver,1,0.3328283226587285
14,Gavin DeGraw,1,0.0004389679730804715
14,Gladys Knight,1,0.0004172994734229826
14,Jack Wagner,1,7.211573554858964e-05
14,Jaleel White,1,2.9315993610011048e-05
14,Katherine Jenkins,1,0.33282593421413986
14,Maria Menounos,1,0.00018285630899900424
14,Martina Navratilova,1,3.346483890229828e-05
14,Melissa Gilbert,1,7.739980402630202e-05
14,Roshon Fegan,1,7.740000604089955e-05
14,Sherri Sheperd,1,0.00018944440160772885
14,William Levy,1,0.33282747859189343
14,Donald Driver,2,0.33281867821761757
14,Gavin DeGraw,2,0.00044418202428112756
14,Gladys Knight,2,0.0004017043490030983
14,Jack Wagner,2,5.1438514463253016e-05
14,Jaleel White,2,0.0001127499472400706
14,Katherine Jenkins,2,0.3328257113695923
14,Maria Menounos,2,0.00016879566201088983
14,Martina Navratilova,2,3.1331926770142314e-05
14,Melissa Gilbert,2,6.642577554580228e-05
14,Roshon Fegan,2,6.642655528080744e-05
14,Sherri Sheperd,2,0.00019125888267693407
14,William Levy,2,0.3328212967755181
14,Donald Driver,3,0.3328172405263145
14,Gavin DeGraw,3,0.00038989589964907336
14,Gladys Knight,3,0.00044905442309587073
14,Jack Wagner,3,8.792035484864596e-05
14,Jaleel White,3,0.00015988064507739273
14,Katherine Jenkins,3,0.33280598417080726
14,Maria Menounos,3,0.00011424618212205358
14,Melissa Gilbert,3,4.422799348855583e-05
14,Roshon Fegan,3,4.422170739700272e-05
14,Sherri Sheperd,3,0.0002746619176271389
14,William Levy,3,0.33281266617957245
14,Donald Driver,4,0.3328351833471299
14,Gavin DeGraw,4,0.0004375297656526809
14,Gladys Knight,4,0.0003686691357883845
14,Jaleel White,4,0.00011827008689391709
14,Katherine Jenkins,4,0.3328498835076308
14,Maria Menounos,4,0.00016631164667249204
14,Melissa Gilbert,4,0.00011404298334908925
14,Roshon Fegan,4,0.00011405238066533672
14,Sherri Sheperd,4,0.00015424674612067062
14,William Levy,4,0.3328418104000968
14,Donald Driver,5,0.3329541780231725
14,Gavin DeGraw,5,0.00037109463790081136
14,Gladys Knight,5,0.000390285577112258
14,Jaleel White,5,7.640150642514347e-05
14,Katherine Jenkins,5,0.33293721769563656
14,Maria Menounos,5,0.00011835370930459504
14,Melissa Gilbert,5,0.00010338089835995392
14,Roshon Fegan,5,0.00010338001823593105
14,William Levy,5,0.3329457079338523
14,Donald Driver,6,0.33302958006063976
14,Gladys Knight,6,0.00033137668463689127
14,Jaleel White,6,9.901964460654961e-05
14,Katherine Jenkins,6,0.3330472283239078
14,Maria Menounos,6,0.00018247888128626767
14,Melissa Gilbert,6,0.00013554394197516585
14,Roshon Fegan,6,0.0001355376600096026
14,William Levy,6,0.33303923480293796
14,Donald Driver,7,0.3331461585567467
14,Jaleel White,7,0.00013275661979156382
14,Katherine Jenkins,7,0.3331296556226843
14,Maria Menounos,7,0.00023865653442087362
14,Melissa Gilbert,7,0.00010816790140269468
14,Roshon Fegan,7,0.00010817229060017674
14,William Levy,7,0.33313643247435376
14,Donald Driver,8,0.33318231952648086
14,Katherine Jenkins,8,0.33319580349327843
14,Maria Menounos,8,0.00024004223116711658
14,Melissa Gilbert,8,9.555800607456527e-05
14,Roshon Fegan,8,9.555041301034799e-05
14,William Levy,8,0.3331907263299886
14,Donald Driver,9,0.3332441656597106
14,Katherine Jenkins,9,0.3332353290143989
14,Maria Menounos,9,0.0002820575593596684
14,William Levy,9,0.3332384477665309
14,Donald Driver,10,0.3333316314239098
14,Katherine Jenkins,10,0.33333470824331024
14,William Levy,10,0.33333366033277995
15,Apolo Anton Ohno,1,4.667327437596008e-05
15,Bristol Palin,1,0.00032349193422953246
15,Drew Lachey,1,0.0
15,Emmitt Smith,1,4.667390429534597e-05
15,Gilles Marini,1,0.0
15,Helio Castroneves,1,1.0842021724855044e-19
15,Joey Fatone,1,0.0
15,Kelly Monaco,1,0.33311291512349667
15,Kirstie Alley,1,0.0
15,Melissa Rycroft,1,0.33311567375984763
15,Pamela Anderson,1,3.3203691532368573e-19
15,Sabrina Bryan,1,0.00023941861517604368
15,Shawn Johnson,1,0.3331151533885788
15,Apolo Anton Ohno,2,0.0
15,Bristol Palin,2,0.000572204377252772
15,Drew Lachey,2,5.382012891075631e-05
15,Emmitt Smith,2,1.6940658945086007e-19
15,Gilles Marini,2,0.0
15,Helio Castroneves,2,5.382012884880394e-05
15,Joey Fatone,2,4.743384504624082e-20
15,Kelly Monaco,2,0.3330834932274291
15,Kirstie Alley,2,1.4230153513872246e-19
15,Melissa Rycroft,2,0.3330754995006764
15,Sabrina Bryan,2,8.415414055250585e-05
15,Shawn Johnson,2,0.3330770084963296
15,Apolo Anton Ohno,3,1.8973538018496328e-19
15,Bristol Palin,3,0.0005123761238164476
15,Drew Lachey,3,7.487004955122546e-05
15,Emmitt Smith,3,0.0
15,Gilles Marini,3,1.322696803365501e-06
15,Helio Castroneves,3,7.487004976731506e-05
15,Kelly Monaco,3,0.3331042548672525
15,Kirstie Alley,3,1.3222930336324326e-06
15,Melissa Rycroft,3,0.3331166621802748
15,Sabrina Bryan,3,0.0
15,Shawn Johnson,3,0.3331143217395006
15,Apolo Anton Ohno,4,2.3681200582919858e-05
15,Bristol Palin,4,0.0003714628917754774
15,Emmitt Smith,4,2.3681059487135262e-05
15,Gilles Marini,4,4.7189381019262404e-05
15,Kelly Monaco,4,0.3331362226791743
15,Kirstie Alley,4,4.719105570021409e-05
15,Melissa Rycroft,4,0.3331206670447407
15,Sabrina Bryan,4,0.00010630296870076214
15,Shawn Johnson,4,0.3331236017188192
15,Apolo Anton Ohno,5,5.529692235032137e-05
15,Emmitt Smith,5,5.5297150878507485e-05
15,Gilles Marini,5,3.222735544747581e-05
15,Kelly Monaco,5,0.33317695188845387
15,Kirstie Alley,5,3.2225667579269395e-05
15,Melissa Rycroft,5,0.33319408759144464
15,Sabrina Bryan,5,0.0002630554990955527
15,Shawn Johnson,5,0.3331908579247503
15,Apolo Anton Ohno,6,1.6138389204412277e-05
15,Emmitt Smith,6,1.6137713783121074e-05
15,Gilles Marini,6,2.1175823681357508e-20
15,Kelly Monaco,6,0.3332230227130923
15,Kirstie Alley,6,0.0
15,Melissa Rycroft,6,0.3332060028629518
15,Sabrina Bryan,6,0.00032949198911749484
15,Shawn Johnson,6,0.3332092063318509
15,Apolo Anton Ohno,7,4.587260294095339e-05
15,Emmitt Smith,7,4.587416864397655e-05
15,Gilles Marini,7,9.41852145322188e-06
15,Kelly Monaco,7,0.33328725610744175
15,Kirstie Alley,7,9.430724777547951e-06
15,Melissa Rycroft,7,0.33330250575151826
15,Shawn Johnson,7,0.33329964212322427
15,Apolo Anton Ohno,8,4.0673962237350314e-05
15,Emmitt Smith,8,4.067192854584956e-05
15,Gilles Marini,8,3.7947076036992655e-19
15,Kelly Monaco,8,0.3333134859558547
15,Kirstie Alley,8,5.421010862427522e-20
15,Melissa Rycroft,8,0.33330145665715244
15,Shawn Johnson,8,0.33330371149620974
15,Apolo Anton Ohno,9,9.92340168922006e-06
15,Emmitt Smith,9,9.924496590488777e-06
15,Kelly Monaco,9,0.3333220716732089
15,Melissa Rycroft,9,0.3333297591787097
15,Shawn Johnson,9,0.3333283212498017
15,Kelly Monaco,10,0.33333493036965894
15,Melissa Rycroft,10,0.33333228773099793
15,Shawn Johnson,10,0.3333327818993432
16,Alexandra Raisman,1,0.24864092368760726
16,Andy Dick,1,5.286231347335576e-19
16,D. L. Hughley,1,0.00017513373320439133
16,Dorothy Hamill,1,4.190096982866473e-05
16,Ingo Rademacher,1,0.004693889453565063
16,Jacoby Jones,1,0.24864091948667158
16,Kellie Pickler,1,0.24864092108033312
16,Lisa Vanderpump,1,8.41039130258763e-06
16,Sean Lowe,1,0.0001617063004741747
16,Victor Ortiz,1,0.00021866754395827287
16,Wynonna Judd,1,0.0001365933905673623
16,Zendaya,1,0.2486409339624875
16,Alexandra Raisman,2,0.24868905043667996
16,Andy Dick,2,4.059518658843575e-20
16,D. L. Hughley,2,0.00019804272382280657
16,Dorothy Hamill,2,3.8790932495366866e-05
16,Ingo Rademacher,2,0.004586820875358848
16,Jacoby Jones,2,0.24868906351352135
16,Kellie Pickler,2,0.24868905764562801
16,Lisa Vanderpump,2,4.855659998105699e-05
16,Sean Lowe,2,2.461825058023852e-19
16,Victor Ortiz,2,0.00020753751160694335
16,Wynonna Judd,2,0.00016406045031574658
16,Zendaya,2,0.2486890193105899
16,Alexandra Raisman,3,0.2486890802836653
16,Andy Dick,3,0.00019856563011427892
16,D. L. Hughley,3,1.910664087154715e-06
16,Ingo Rademacher,3,0.004489141660440484
16,Jacoby Jones,3,0.24868905951740614
16,Kellie Pickler,3,0.24868906827996082
16,Lisa Vanderpump,3,8.852670376268142e-05
16,Sean Lowe,3,7.68426502785074e-06
16,Victor Ortiz,3,0.0002945689988742312
16,Wynonna Judd,3,0.00016326706075372956
16,Zendaya,3,0.24868912693590725
16,Alexandra Raisman,4,0.24876529510245013
16,Andy Dick,4,0.0001907159744467626
16,D. L. Hughley,4,9.868407888571352e-05
16,Ingo Rademacher,4,0.004241910871777435
16,Jacoby Jones,4,0.24876532296132337
16,Kellie Pickler,4,0.24876531072013117
16,Lisa Vanderpump,4,5.49443537888666e-05
16,Sean Lowe,4,1.5606635399043683e-19
16,Victor Ortiz,4,0.0003525792874402702
16,Zendaya,4,0.2487652366497563
16,Alexandra Raisman,5,0.24887946061169167
16,Andy Dick,5,4.1295616516609115e-19
16,D. L. Hughley,5,0.00022387728103877264
16,Ingo Rademacher,5,0.003886055086504468
16,Jacoby Jones,5,0.24887942824499015
16,Kellie Pickler,5,0.248879441776743
16,Sean Lowe,5,3.255815001606588e-06
16,Victor Ortiz,5,0.0003689586366646743
16,Zendaya,5,0.24887952254736573
16,Alexandra Raisman,6,0.24903145009348251
16,Andy Dick,6,5.789506842291577e-05
16,Ingo Rademacher,6,0.003524203443488246
16,Jacoby Jones,6,0.24903148470050895
16,Kellie Pickler,6,0.24903146996661357
16,Sean Lowe,6,4.4560858130390606e-05
16,Victor Ortiz,6,0.0002475464010851961
16,Zendaya,6,0.24903138946826822
16,Alexandra Raisman,7,0.2491602268608058
16,Andy Dick,7,8.412159869063625e-05
16,Ingo Rademacher,7,0.003096030679974283
16,Jacoby Jones,7,0.24916019425671285
16,Kellie Pickler,7,0.24916020747716028
16,Sean Lowe,7,0.00017894036098469352
16,Zendaya,7,0.24916027876567148
16,Alexandra Raisman,8,0.2492498765969718
16,Ingo Rademacher,8,0.002634638728181152
16,Jacoby Jones,8,0.24924990386529108
16,Kellie Pickler,8,0.24924989267848402
16,Sean Lowe,8,0.00036585204945283734
16,Zendaya,8,0.24924983608161916
16,Alexandra Raisman,9,0.24943303189561675
16,Ingo Rademacher,9,0.002267876689113437
16,Jacoby Jones,9,0.24943301405905158
16,Kellie Pickler,9,0.24943302089272082
16,Zendaya,9,0.24943305646349742
16,Alexandra Raisman,10,0.24999999969642808
16,Jacoby Jones,10,0.2500000061710701
16,Kellie Pickler,10,0.25000000336871514
16,Zendaya,10,0.2499999907637867
17,Amber Riley,1,0.2490381832159221
17,Bill Engvall,1,0.24903820279510838
17,Bill Nye,1,7.320186776129195e-05
17,Brant Daugherty,1,2.5012453035983585e-05
17,Christina Milian,1,0.000112539801900519
17,Corbin Bleu,1,0.24903822985428628
17,Elizabeth Berkley Lauren,1,4.2296523377642895e-19
17,Jack Osbourne,1,0.2490381539163398
17,Keyshawn Johnson,1,4.768413936347666e-05
17,Leah Remini,1,0.0034469234244184485
17,"Nicole ""Snooki"" Polizzi",1,5.575881445357226e-05
17,Valerie Harper,1,8.610971741007363e-05
17,Amber Riley,2,0.24899828933233445
17,Bill Engvall,2,0.24899823203444651
17,Bill Nye,2,3.94812439915808e-05
17,Brant Daugherty,2,7.88315434554923e-05
17,Christina Milian,2,0.00018494338836270307
17,Corbin Bleu,2,0.24899815027845165
17,Elizabeth Berkley Lauren,2,0.0
17,Jack Osbourne,2,0.24899837738047415
17,Keyshawn Johnson,2,3.875611518895395e-05
17,Leah Remini,2,0.003466007102627096
17,"Nicole ""Snooki"" Polizzi",2,6.075759059438253e-20
17,Valerie Harper,2,0.00019893158066749327
17,Amber Riley,3,0.24905990069575776
17,Bill Engvall,3,0.249059986574123
17,Bill Nye,3,1.6351367509460377e-05
17,Brant Daugherty,3,3.315827704706518e-05
17,Christina Milian,3,0.00017287173007515954
17,Corbin Bleu,3,0.24906012205632774
17,Elizabeth Berkley Lauren,3,1.7737251739011537e-19
17,Jack Osbourne,3,0.24905976028643667
17,Leah Remini,3,0.0033137928388406366
17,"Nicole ""Snooki"" Polizzi",3,9.929984147532826e-05
17,Valerie Harper,3,0.0001247563324072559
17,Amber Riley,4,0.249133344478231
17,Bill Engvall,4,0.2491332398373607
17,Brant Daugherty,4,1.0887687981487327e-05
17,Christina Milian,4,0.00013386193800302772
17,Corbin Bleu,4,0.24913305320377094
17,Elizabeth Berkley Lauren,4,1.7481425992775794e-19
17,Jack Osbourne,4,0.24913353110697042
17,Leah Remini,4,0.0031655740456327667
17,"Nicole ""Snooki"" Polizzi",4,7.639632943590934e-05
17,Valerie Harper,4,8.011137261377236e-05
17,Amber Riley,5,0.24917565828967933
17,Bill Engvall,5,0.24917576762411076
17,Brant Daugherty,5,0.00011954781877608144
17,Christina Milian,5,0.00013687725372616967
17,Corbin Bleu,5,0.24917599757995737
17,Elizabeth Berkley Lauren,5,5.869821181435651e-05
17,Jack Osbourne,5,0.24917543812811432
17,Leah Remini,5,0.0029199833877526114
17,"Nicole ""Snooki"" Polizzi",5,6.203170606893681e-05
17,Amber Riley,6,0.24928961763735472
17,Bill Engvall,6,0.24928951400796498
17,Brant Daugherty,6,0.00016077762527854522
17,Corbin Bleu,6,0.24928925372422844
17,Elizabeth Berkley Lauren,6,5.507087084058473e-06
17,Jack Osbourne,6,0.24928985859347516
17,Leah Remini,6,0.00262180558721963
17,"Nicole ""Snooki"" Polizzi",6,5.366573739454882e-05
17,Amber Riley,7,0.24935112700026907
17,Bill Engvall,7,0.24935121474770022
17,Brant Daugherty,7,0.0001418758531494149
17,Corbin Bleu,7,0.24935148456666298
17,Elizabeth Berkley Lauren,7,6.294461858506457e-05
17,Jack Osbourne,7,0.2493508852482515
17,Leah Remini,7,0.002284280418950158
17,"Nicole ""Snooki"" Polizzi",7,0.00010618754643171078
17,Amber Riley,8,0.24946239330618616
17,Bill Engvall,8,0.24946232488188053
17,Brant Daugherty,8,6.253052428195712e-05
17,Corbin Bleu,8,0.2494620713123826
17,Elizabeth Berkley Lauren,8,0.00010018936448304432
17,Jack Osbourne,8,0.24946261606339204
17,Leah Remini,8,0.0019878745473936414
17,Amber Riley,9,0.2495395366168835
17,Bill Engvall,9,0.24953958297482104
17,Corbin Bleu,9,0.24953979138490437
17,Elizabeth Berkley Lauren,9,4.907276873124151e-05
17,Jack Osbourne,9,0.24953935694038296
17,Leah Remini,9,0.001792659314276914
17,Amber Riley,10,0.24962683527379284
17,Bill Engvall,10,0.24962680833954473
17,Corbin Bleu,10,0.24962667071255257
17,Jack Osbourne,10,0.24962695337707075
17,Leah Remini,10,0.0014927322970391926
17,Amber Riley,11,0.24999999406137483
17,Bill Engvall,11,0.25000000221070223
17,Corbin Bleu,11,0.25000005021644134
17,Jack Osbourne,11,0.2499999535114816
18,Amy Purdy,1,0.24876407047164578
18,Billy Dee Williams,1,0.0003716820134435395
18,Candace Cameron Bure,1,0.2487640654799512
18,Charlie White,1,0.0039049735729572823
18,Cody Simpson,1,1.0842021724855044e-19
18,Danica McKellar,1,5.421010862427522e-20
18,Diana Nyad,1,0.0
18,Drew Carey,1,0.0002513819230743872
18,James Maslow,1,0.2487640898659309
18,Meryl Davis,1,0.24876408083903812
18,NeNe Leakes,1,4.397381191575908e-05
18,Sean Avery,1,0.00037168202204307117
18,Amy Purdy,2,0.2488531275203103
18,Billy Dee Williams,2,1.6263032587282567e-19
18,Candace Cameron Bure,2,0.24885314192657546
18,Charlie White,2,0.004067824081573225
18,Cody Simpson,2,0.00027399417011673304
18,Danica McKellar,2,0.00010389066946990064
18,Drew Carey,2,0.00014185296767663824
18,James Maslow,2,0.24885307229756234
18,Meryl Davis,2,0.24885309636671554
18,NeNe Leakes,2,0.0
18,Sean Avery,2,1.0842021724855044e-19
18,Amy Purdy,3,0.2488484120858636
18,Candace Cameron Bure,3,0.24884839271738862
18,Charlie White,3,0.0037607878939601522
18,Cody Simpson,3,0.0004080478395482692
18,Danica McKellar,3,2.4097964295941582e-05
18,Drew Carey,3,0.000413298823176168
18,James Maslow,3,0.24884849851520852
18,Meryl Davis,3,0.2488484641605587
18,NeNe Leakes,3,0.0
18,Amy Purdy,4,0.2489111427543863
18,Candace Cameron Bure,4,0.24891116365166735
18,Charlie White,4,0.0036122797284833365
18,Cody Simpson,4,0.000362920113370052
18,Danica McKellar,4,0.0
18,Drew Carey,4,0.00031011049901469496
18,James Maslow,4,0.24891103456535046
18,Meryl Davis,4,0.24891107081486583
18,NeNe Leakes,4,7.027787286204441e-05
18,Amy Purdy,5,0.24897943480107365
18,Candace Cameron Bure,5,0.24897941621170558
18,Charlie White,5,0.0037203524006286705
18,Cody Simpson,5,0.0
18,Danica McKellar,5,6.718962690064126e-05
18,Drew Carey,5,0.00018373893841605647
18,James Maslow,5,0.24897955497937369
18,Meryl Davis,5,0.2489795221326413
18,NeNe Leakes,5,0.00011079090926041723
18,Amy Purdy,6,0.24904531141235975
18,Candace Cameron Bure,6,0.2490453267740013
18,Charlie White,6,0.003310534364729015
18,Danica McKellar,6,5.421010862427522e-20
18,Drew Carey,6,0.0004235373367970611
18,James Maslow,6,0.2490451917102864
18,Meryl Davis,6,0.24904521655428727
18,NeNe Leakes,6,8.488184753909948e-05
18,Amy Purdy,7,0.24929130104616412
18,Candace Cameron Bure,7,0.24929129023987154
18,Charlie White,7,0.0028342698182769158
18,Danica McKellar,7,3.357527815640697e-07
18,James Maslow,7,0.24929140987629106
18,Meryl Davis,7,0.24929139326661479
18,NeNe Leakes,7,5.421010862427522e-20
18,Amy Purdy,8,0.2493327675027413
18,Candace Cameron Bure,8,0.2493327746679546
18,Charlie White,8,0.0026043395611212612
18,Danica McKellar,8,6.474809983234839e-05
18,James Maslow,8,0.24933268077021692
18,Meryl Davis,8,0.2493326893981336
18,Amy Purdy,9,0.24937998873084183
18,Candace Cameron Bure,9,0.24937998498633362
18,Charlie White,9,0.0024799400648561486
18,James Maslow,9,0.24938004518848558
18,Meryl Davis,9,0.2493800410294828
18,Amy Purdy,10,0.25000000908106595
18,Candace Cameron Bure,10,0.25000001049290516
18,James Maslow,10,0.24999998978466634
18,Meryl Davis,10,0.24999999064136263
19,Alfonso Ribeiro,1,0.24906365828526703
19,Antonio Sabato Jr.,1,0.00017882544204587768
19,Bethany Mota,1,0.2490636434299938
19,Betsey Johnson,1,3.016511438987566e-05
19,Janel Parrish,1,0.24906363577954022
19,Jonathan Bennett,1,2.1900498575061245e-05
19,Lea Thompson,1,0.0
19,Lolo Jones,1,0.0
19,Michael Waltrip,1,7.789397470417004e-05
19,Randy Couture,1,2.069613476577422e-05
19,Sadie Robertson,1,0.2490636366297865
19,Tavis Smiley,1,2.9129623833756444e-05
19,Tommy Chong,1,0.0033868150870979717
19,Alfonso Ribeiro,2,0.24910957781269086
19,Antonio Sabato Jr.,2,3.14057929198944e-05
19,Bethany Mota,2,0.2491096252840263
19,Betsey Johnson,2,8.33655448568589e-05
19,Janel Parrish,2,0.2491096456630295
19,Jonathan Bennett,2,0.00010477907972587828
19,Lea Thompson,2,7.634005014246235e-20
19,Michael Waltrip,2,3.802724521846408e-21
19,Randy Couture,2,5.070299362461877e-21
19,Sadie Robertson,2,0.24910964488690962
19,Tavis Smiley,2,2.915422133415579e-20
19,Tommy Chong,2,0.00334195593584105
19,Alfonso Ribeiro,3,0.24907122976971036
19,Antonio Sabato Jr.,3,0.0003173756943664069
19,Bethany Mota,3,0.24907114838752567
19,Betsey Johnson,3,3.5814650403095206e-21
19,Janel Parrish,3,0.24907112516675017
19,Jonathan Bennett,3,0.00010424688397990602
19,Lea Thompson,3,0.0
19,Michael Waltrip,3,0.0001434955672288392
19,Randy Couture,3,5.37592128709588e-06
19,Sadie Robertson,3,0.24907111847534674
19,Tommy Chong,3,0.0031448841338048155
19,Alfonso Ribeiro,4,0.24909927435660895
19,Antonio Sabato Jr.,4,0.00027387538987776714
19,Bethany Mota,4,0.24909939297460612
19,Betsey Johnson,4,1.2264505703780497e-05
19,Janel Parrish,4,0.2490994101506114
19,Jonathan Bennett,4,0.00012543032264481643
19,Lea Thompson,4,2.909046118867056e-05
19,Michael Waltrip,4,8.137921824431405e-05
19,Sadie Robertson,4,0.24909942943877603
19,Tommy Chong,4,0.0030804531817380516
19,Alfonso Ribeiro,5,0.24916364080293874
19,Antonio Sabato Jr.,5,0.00018628527762710846
19,Bethany Mota,5,0.24916348926630166
19,Janel Parrish,5,0.24916348728743637
19,Jonathan Bennett,5,0.00013168085290835417
19,Lea Thompson,5,3.741587279790278e-05
19,Michael Waltrip,5,5.877882241993931e-05
19,Sadie Robertson,5,0.24916345040718957
19,Tommy Chong,5,0.0029317714103802494
19,Alfonso Ribeiro,6,0.2492501165819375
19,Antonio Sabato Jr.,6,0.00020820763384101236
19,Bethany Mota,6,0.24925029405658342
19,Janel Parrish,6,0.2492502775280991
19,Jonathan Bennett,6,9.575455802727556e-05
19,Lea Thompson,6,9.410255734400341e-06
19,Michael Waltrip,6,3.460912569154841e-05
19,Sadie Robertson,6,0.24925033156715562
19,Tommy Chong,6,0.0026509986929301515
19,Alfonso Ribeiro,7,0.2493251623715789
19,Antonio Sabato Jr.,7,0.0001122419695204154
19,Bethany Mota,7,0.24932497510818583
19,Janel Parrish,7,0.24932501002899962
19,Lea Thompson,7,3.2950719208707246e-05
19,Michael Waltrip,7,8.263699603871841e-05
19,Sadie Robertson,7,0.24932494182886134
19,Tommy Chong,7,0.002472080977606519
19,Alfonso Ribeiro,8,0.24940973223203058
19,Bethany Mota,8,0.2494099117808596
19,Janel Parrish,8,0.24940986680635804
19,Lea Thompson,8,7.076092617661926e-06
19,Michael Waltrip,8,0.000166152832561628
19,Sadie Robertson,8,0.24940993847546175
19,Tommy Chong,8,0.0021873217801108014
19,Alfonso Ribeiro,9,0.2495179613326449
19,Bethany Mota,9,0.24951781293705413
19,Janel Parrish,9,0.24951785768595183
19,Lea Thompson,9,4.200676731422952e-05
19,Sadie Robertson,9,0.24951779413949657
19,Tommy Chong,9,0.0018865671375384318
19,Alfonso Ribeiro,10,0.24960761524069194
19,Bethany Mota,10,0.24960771427699044
19,Janel Parrish,10,0.24960768231516375
19,Sadie Robertson,10,0.2496077249339308
19,Tommy Chong,10,0.0015692632332230756
19,Alfonso Ribeiro,11,0.2500000233922368
19,Bethany Mota,11,0.24999998934425866
19,Janel Parrish,11,0.2500000013393393
19,Sadie Robertson,11,0.2499999859241654
20,Charlotte McKinney,1,7.267837638904803e-05
20,Chris Soules,1,8.56252194309606e-05
20,Michael Sam,1,0.00021883470339548666
20,Nastia Liukin,1,0.000184343284346906
20,Noah Galloway,1,0.33282767370735117
20,Patti LaBelle,1,0.00042047897123419903
20,Redfoo,1,3.8702038607889485e-05
20,Riker Lynch,1,0.3328160739361881
20,Robert Herjavec,1,8.562498447874994e-05
20,Rumer Willis,1,0.33281765082281634
20,Suzanne Somers,1,0.0003983714304106945
20,Willow Shields,1,3.394252535047991e-05
20,Charlotte McKinney,2,6.0778470334563715e-05
20,Chris Soules,2,7.69077270529862e-05
20,Michael Sam,2,0.00017858808906791638
20,Nastia Liukin,2,0.00014302702102170808
20,Noah Galloway,2,0.3327899423105403
20,Patti LaBelle,2,0.0004274025132074212
20,Redfoo,2,3.1218908215033905e-05
20,Riker Lynch,2,0.33282372043669933
20,Robert Herjavec,2,7.690778136919252e-05
20,Rumer Willis,2,0.33281947106412707
20,Suzanne Somers,2,0.00047899142689883096
20,Willow Shields,2,9.304425146557273e-05
20,Charlotte McKinney,3,9.704370222291354e-05
20,Chris Soules,3,5.482324674415897e-05
20,Michael Sam,3,0.00025444932913184007
20,Nastia Liukin,3,0.0001013166556470075
20,Noah Galloway,3,0.33282959858619543
20,Patti LaBelle,3,0.00046931276617348896
20,Riker Lynch,3,0.3327766421130341
20,Robert Herjavec,3,5.482300242001253e-05
20,Rumer Willis,3,0.33278228496702894
20,Suzanne Somers,3,0.0004233032685106191
20,Willow Shields,3,0.00015640236289154227
20,Chris Soules,4,0.00011360019501356912
20,Michael Sam,4,0.00017668366129332952
20,Nastia Liukin,4,0.0001574310993304432
20,Noah Galloway,4,0.3327772426819441
20,Patti LaBelle,4,0.00039375775916325
20,Riker Lynch,4,0.33284457057986566
20,Robert Herjavec,4,0.00011360110929264022
20,Rumer Willis,4,0.3328391474277264
20,Suzanne Somers,4,0.0004486317819442405
20,Willow Shields,4,0.0001353337044263358
20,Chris Soules,5,0.00010292442090370975
20,Nastia Liukin,5,0.00013663949478333494
20,Noah Galloway,5,0.3329853558093655
20,Patti LaBelle,5,0.0004097304599183673
20,Riker Lynch,5,0.3329099360976724
20,Robert Herjavec,5,0.00010292399491854317
20,Rumer Willis,5,0.3329137482816011
20,Suzanne Somers,5,0.00036848678691579897
20,Willow Shields,5,7.02546539212188e-05
20,Chris Soules,6,0.00015339573248956663
20,Nastia Liukin,6,0.00018387551979701095
20,Noah Galloway,6,0.3329874079989926
20,Patti LaBelle,6,0.0003145536683763259
20,Riker Lynch,6,0.33306365672462107
20,Robert Herjavec,6,0.0001533961243419489
20,Rumer Willis,6,0.33306215248124676
20,Willow Shields,6,8.156175013473631e-05
20,Chris Soules,7,0.00012443836079002293
20,Nastia Liukin,7,0.0002200727386337727
20,Noah Galloway,7,0.3331765157112713
20,Riker Lynch,7,0.3331070142000405
20,Robert Herjavec,7,0.0001244380742578374
20,Rumer Willis,7,0.3331063908699815
20,Willow Shields,7,0.00014113004502500895
20,Chris Soules,8,0.00010381549805139278
20,Nastia Liukin,8,0.00022186276305181718
20,Noah Galloway,8,0.33315246494977574
20,Riker Lynch,8,0.3332081060656435
20,Robert Herjavec,8,0.00010381556312474134
20,Rumer Willis,8,0.3332099351603529
20,Nastia Liukin,9,0.00028219541430969387
20,Noah Galloway,9,0.33326383524686215
20,Riker Lynch,9,0.33322788355995087
20,Rumer Willis,9,0.3332260857788773
20,Noah Galloway,10,0.3333248036768926
20,Riker Lynch,10,0.33333723242649743
20,Rumer Willis,10,0.3333379638966101
21,Alek Skarlatos,1,0.24871162990857548
21,Alexa PenaVega,1,2.408085283318924e-19
21,Andy Grammer,1,0.004155391175712309
21,Bindi Irwin,1,0.24871137319335543
21,Carlos PenaVega,1,0.24871320441413805
21,Chaka Khan,1,0.00022953616963700452
21,Gary Busey,1,0.0003059751299744622
21,Hayes Grier,1,0.0
21,Kim Zolciak-Biermann,1,0.0002295361696370055
21,Nick Carter,1,0.2487138176680998
21,Paula Deen,1,5.954347761947214e-20
21,Tamar Braxton,1,5.326113786609989e-19
21,Victor Espinoza,1,0.00022953617087043853
21,Alek Skarlatos,2,0.24885098205214914
21,Alexa PenaVega,2,7.092862217346181e-05
21,Andy Grammer,2,0.004210041881617985
21,Bindi Irwin,2,0.2488517399088637
21,Carlos PenaVega,2,0.24884638706756512
21,Chaka Khan,2,3.5649499167565366e-19
21,Gary Busey,2,0.0001694153362795747
21,Hayes Grier,2,4.524634514454457e-05
21,Kim Zolciak-Biermann,2,2.5559219183398513e-19
21,Nick Carter,2,0.24884459702334757
21,Paula Deen,2,3.973145094654669e-05
21,Tamar Braxton,2,7.093031191238228e-05
21,Victor Espinoza,2,8.597384414631148e-20
21,Alek Skarlatos,3,0.24887760576218254
21,Alexa PenaVega,3,6.228449649506586e-05
21,Andy Grammer,3,0.004300993680504101
21,Bindi Irwin,3,0.2488763970117369
21,Carlos PenaVega,3,0.24888485065020183
21,Gary Busey,3,2.199240655698109e-05
21,Hayes Grier,3,2.5909799349430897e-05
21,Nick Carter,3,0.2488876613775201
21,Paula Deen,3,0.0
21,Tamar Braxton,3,6.230481545303057e-05
21,Alek Skarlatos,4,0.24889372550680988
21,Alexa PenaVega,4,2.981555974335137e-19
21,Andy Grammer,4,0.004139220763962588
21,Bindi Irwin,4,0.24889530811579022
21,Carlos PenaVega,4,0.24888442025163426
21,Gary Busey,4,0.00030649587435023
21,Hayes Grier,4,6.776263578034403e-20
21,Nick Carter,4,0.24888082948745285
21,Paula Deen,4,0.0
21,Tamar Braxton,4,2.168404344971009e-19
21,Alek Skarlatos,5,0.24893181247352641
21,Alexa PenaVega,5,7.828438322554486e-05
21,Andy Grammer,5,0.003972520905822131
21,Bindi Irwin,5,0.24892996762144903
21,Carlos PenaVega,5,0.24894242319900714
21,Hayes Grier,5,0.0
21,Nick Carter,5,0.248946482923801
21,Paula Deen,5,0.00012020014743455681
21,Tamar Braxton,5,7.830834573414224e-05
21,Alek Skarlatos,6,0.2490289418016487
21,Alexa PenaVega,6,0.0001361535295482587
21,Andy Grammer,6,0.003636257008488122
21,Bindi Irwin,6,0.24903091857759688
21,Carlos PenaVega,6,0.24901788769289246
21,Hayes Grier,6,0.0
21,Nick Carter,6,0.24901369893752978
21,Paula Deen,6,0.0
21,Tamar Braxton,6,0.00013614245229570193
21,Alek Skarlatos,7,0.24914505155144964
21,Alexa PenaVega,7,1.3552527156068805e-20
21,Andy Grammer,7,0.0032314839828267773
21,Bindi Irwin,7,0.2491430992019917
21,Carlos PenaVega,7,0.2491556560780436
21,Hayes Grier,7,0.00016508070347453485
21,Nick Carter,7,0.24915962848221374
21,Tamar Braxton,7,2.303929616531697e-19
21,Alek Skarlatos,8,0.24929595322566553
21,Alexa PenaVega,8,9.996030038127625e-06
21,Andy Grammer,8,0.002816481970653128
21,Bindi Irwin,8,0.24929771909629378
21,Carlos PenaVega,8,0.24928665610040618
21,Nick Carter,8,0.24928321139348578
21,Tamar Braxton,8,9.982183308730007e-06
21,Alek Skarlatos,9,0.2497902637688921
21,Alexa PenaVega,9,0.00041161039294998193
21,Bindi Irwin,9,0.24978884953244815
21,Carlos PenaVega,9,0.24979750261681016
21,Nick Carter,9,0.24980015633797714
21,Tamar Braxton,9,0.00041161735092257493
21,Alek Skarlatos,10,0.2500024839704663
21,Bindi Irwin,10,0.2500034047331999
21,Carlos PenaVega,10,0.24999789159448244
21,Nick Carter,10,0.24999621970185126
21,Alek Skarlatos,11,0.2499991504657117
21,Bindi Irwin,11,0.24999883125740371
21,Carlos PenaVega,11,0.2500007242764741
21,Nick Carter,11,0.25000129400041055
22,Antonio Brown,1,1.6224360568801975e-19
22,Doug Flutie,1,3.605413459733772e-20
22,Geraldo Rivera,1,6.064524924754654e-20
22,Ginger Zee,1,0.33310545102569444
22,Jodie Sweetin,1,0.0004839887010124751
22,Kim Fields,1,4.882324082299914e-05
22,Marla Maples,1,7.194762186067291e-05
22,Mischa Barton,1,6.647793049023921e-06
22,Nyle DiMarco,1,0.3331189494552229
22,Paige VanZant,1,0.3331153692857395
22,Von Miller,1,4.882287659809678e-05
22,Wanya Morris,1,1.8245770606717662e-19
22,Antonio Brown,2,3.124385567706761e-05
22,Doug Flutie,2,0.00014544530524796142
22,Geraldo Rivera,2,1.6033809872993803e-19
22,Ginger Zee,2,0.33301323110611725
22,Jodie Sweetin,2,0.00021330918329448296
22,Kim Fields,2,0.0002227507881072149
22,Marla Maples,2,7.646323755902942e-20
22,Mischa Barton,2,0.0001612965436173313
22,Nyle DiMarco,2,0.33297415967962224
22,Paige VanZant,2,0.3329845789483964
22,Von Miller,2,0.00022275180823770534
22,Wanya Morris,2,3.123278168237532e-05
22,Antonio Brown,3,2.79697391683135e-05
22,Doug Flutie,3,1.56505446670991e-05
22,Ginger Zee,3,0.33298084518956883
22,Jodie Sweetin,3,1.4337483547044077e-05
22,Kim Fields,3,0.0002725556168660012
22,Marla Maples,3,5.5109437712530925e-05
22,Mischa Barton,3,0.0002665629575082954
22,Nyle DiMarco,3,0.33304137982202087
22,Paige VanZant,3,0.3330250706824523
22,Von Miller,3,0.00027255486147776867
22,Wanya Morris,3,2.7963665011002747e-05
22,Antonio Brown,4,5.946343570990763e-05
22,Doug Flutie,4,1.8480966649342301e-19
22,Ginger Zee,4,0.33313155960613344
22,Jodie Sweetin,4,4.681698403901902e-05
22,Kim Fields,4,0.00025124258363300926
22,Marla Maples,4,6.781981294897236e-05
22,Nyle DiMarco,4,0.3330558541487159
22,Paige VanZant,4,0.33307653612356014
22,Von Miller,4,0.00025124436030889364
22,Wanya Morris,4,5.946294495067563e-05
22,Antonio Brown,5,0.00010872726114133056
22,Doug Flutie,5,0.00013893603855825708
22,Ginger Zee,5,0.3330970657674644
22,Jodie Sweetin,5,6.538167854489643e-05
22,Kim Fields,5,7.19221222862819e-05
22,Nyle DiMarco,5,0.3331802011907155
22,Paige VanZant,5,0.3331571208717061
22,Von Miller,5,7.19208629129862e-05
22,Wanya Morris,5,0.0001087242066701768
22,Antonio Brown,6,1.5208017935064738e-05
22,Doug Flutie,6,2.308186293578414e-05
22,Ginger Zee,6,0.3332813540536716
22,Jodie Sweetin,6,4.5683849727045653e-05
22,Kim Fields,6,9.903642815340953e-05
22,Nyle DiMarco,6,0.33319908200688125
22,Paige VanZant,6,0.3332223065142674
22,Von Miller,6,9.90371979048669e-05
22,Wanya Morris,6,1.521006852376335e-05
22,Antonio Brown,7,7.412693803931758e-05
22,Ginger Zee,7,0.33318041721685304
22,Jodie Sweetin,7,5.903368246154148e-05
22,Kim Fields,7,6.281502114623426e-05
22,Nyle DiMarco,7,0.33325385793941176
22,Paige VanZant,7,0.3332327997218592
22,Von Miller,7,6.281434474709869e-05
22,Wanya Morris,7,7.413513548187625e-05
22,Antonio Brown,8,3.260918032046984e-05
22,Ginger Zee,8,0.3332805351846401
22,Jodie Sweetin,8,0.00019187334709057623
22,Nyle DiMarco,8,0.33322279669271504
22,Paige VanZant,8,0.33323957149914235
22,Wanya Morris,8,3.261409609142945e-05
22,Antonio Brown,9,4.508258464285513e-05
22,Ginger Zee,9,0.3332823402211383
22,Nyle DiMarco,9,0.3333191470501247
22,Paige VanZant,9,0.3333083515312405
22,Wanya Morris,9,4.5078612853622815e-05
22,Ginger Zee,10,0.33334051529583575
22,Nyle DiMarco,10,0.33332788016810716
22,Paige VanZant,10,0.3333316045360571
23,Amber Rose,1,5.548145294746948e-05
23,Babyface,1,2.024449076690093e-06
23,Calvin Johnson Jr.,1,0.2490216622542883
23,Jake T. Austin,1,0.0
23,James Hinchcliffe,1,0.24902167714348253
23,Jana Kramer,1,0.2490216629474971
23,Laurie Hernandez,1,0.24902166651170374
23,Marilu Henner,1,0.0
23,Maureen McCormick,1,0.00021084216302197302
23,Rick Perry,1,1.844414242646239e-19
23,Ryan Lochte,1,9.027088916441275e-05
23,Terra Jole,1,0.0035526877398814947
23,Vanilla Ice,1,2.024448936361291e-06
23,Amber Rose,2,0.0004282269938444393
23,Babyface,2,2.710505431213761e-20
23,Calvin Johnson Jr.,2,0.24895492358803953
23,Jake T. Austin,2,1.2197274440461925e-19
23,James Hinchcliffe,2,0.24895488205173874
23,Jana Kramer,2,0.2489549229856012
23,Laurie Hernandez,2,0.24895491261128563
23,Marilu Henner,2,0.0
23,Maureen McCormick,2,0.00012087780264742484
23,Rick Perry,2,0.0
23,Ryan Lochte,2,0.0
23,Terra Jole,2,0.0036312539668429487
23,Vanilla Ice,2,0.0
23,Amber Rose,3,0.0
23,Babyface,3,1.2225444499443206e-05
23,Calvin Johnson Jr.,3,0.2490107683739965
23,James Hinchcliffe,3,0.2490108339666205
23,Jana Kramer,3,0.2490107670105474
23,Laurie Hernandez,3,0.24901078757440076
23,Marilu Henner,3,8.944667923005412e-19
23,Maureen McCormick,3,0.00047623013748243154
23,Rick Perry,3,0.0
23,Ryan Lochte,3,0.00013626993746356254
23,Terra Jole,3,0.003319892111200551
23,Vanilla Ice,3,1.2225443788801916e-05
23,Amber Rose,4,0.0
23,Babyface,4,6.18756108561908e-05
23,Calvin Johnson Jr.,4,0.2491019271905904
23,James Hinchcliffe,4,0.24910184640067778
23,Jana Kramer,4,0.24910193430597785
23,Laurie Hernandez,4,0.2491019031272087
23,Marilu Henner,4,0.0
23,Maureen McCormick,4,0.0002201241588119099
23,Ryan Lochte,4,0.0
23,Terra Jole,4,0.0032485135878209176
23,Vanilla Ice,4,6.187561805632885e-05
23,Amber Rose,5,0.0002813027116058782
23,Calvin Johnson Jr.,5,0.24906523861275964
23,James Hinchcliffe,5,0.24906532765728823
23,Jana Kramer,5,0.24906522368970768
23,Laurie Hernandez,5,0.2490652670477847
23,Marilu Henner,5,5.421010862427522e-20
23,Maureen McCormick,5,0.0003040234298461693
23,Ryan Lochte,5,0.0001554917704653839
23,Terra Jole,5,0.002998125080542307
23,Amber Rose,6,0.0001474475723656665
23,Calvin Johnson Jr.,6,0.2491876135238333
23,James Hinchcliffe,6,0.2491875261502227
23,Jana Kramer,6,0.24918763731502708
23,Laurie Hernandez,6,0.24918758459174514
23,Marilu Henner,6,0.0
23,Maureen McCormick,6,0.0003976420935970943
23,Ryan Lochte,6,2.460038098591773e-05
23,Terra Jole,6,0.0026799483722231305
23,Calvin Johnson Jr.,7,0.24930107700878867
23,James Hinchcliffe,7,0.24930115756407267
23,Jana Kramer,7,0.24930104691641267
23,Laurie Hernandez,7,0.24930110633274805
23,Marilu Henner,7,0.00015398798836478047
23,Maureen McCormick,7,6.126294577320348e-05
23,Ryan Lochte,7,3.120098713596184e-05
23,Terra Jole,7,0.002549160256703988
23,Calvin Johnson Jr.,8,0.24944419734160295
23,James Hinchcliffe,8,0.24944413087329578
23,Jana Kramer,8,0.24944423003627061
23,Laurie Hernandez,8,0.2494441718752988
23,Marilu Henner,8,7.903052377933935e-06
23,Ryan Lochte,8,1.7618285302889447e-19
23,Terra Jole,8,0.0022153668211540327
23,Calvin Johnson Jr.,9,0.24949762605809184
23,James Hinchcliffe,9,0.2494976758776327
23,Jana Kramer,9,0.24949759659514656
23,Laurie Hernandez,9,0.2494976464985925
23,Marilu Henner,9,0.00012152740164144744
23,Terra Jole,9,0.001887927568895046
23,Calvin Johnson Jr.,10,0.24956367275111208
23,James Hinchcliffe,10,0.2495636432851311
23,Jana Kramer,10,0.2495636936468603
23,Laurie Hernandez,10,0.2495636608960572
23,Terra Jole,10,0.001745329420839358
23,Calvin Johnson Jr.,11,0.2499999981529475
23,James Hinchcliffe,11,0.2500000084809416
23,Jana Kramer,11,0.24999999073844154
23,Laurie Hernandez,11,0.2500000026276693
24,Bonner Bolton,1,1.2832270530879902e-18
24,Charo,1,0.0
24,Chris Kattan,1,0.0
24,David Ross,1,0.33230144791502014
24,Erika Jayne,1,3.684759416314927e-05
24,Heather Morris,1,1.341253723409879e-19
24,Mr. T,1,1.2353875290574812e-19
24,Nancy Kerrigan,1,1.8973538018496328e-19
24,Nick Viall,1,5.421010862427522e-20
24,Normani,1,0.3323014099935065
24,Rashad Jennings,1,0.3323014077012549
24,Simone Biles,1,0.0030588867960554163
24,Bonner Bolton,2,0.00010532282750124729
24,Charo,2,0.0
24,Chris Kattan,2,0.0
24,David Ross,2,0.33221087424420254
24,Erika Jayne,2,3.226996023700311e-05
24,Heather Morris,2,7.305153150007841e-05
24,Mr. T,2,6.061251300743866e-05
24,Nancy Kerrigan,2,7.80056213235793e-05
24,Nick Viall,2,7.800538089257637e-05
24,Normani,2,0.33221099053445785
24,Rashad Jennings,2,0.3322109944402993
24,Simone Biles,2,0.0029398729465784927
24,Bonner Bolton,3,8.535827754912807e-19
24,Charo,3,0.0
24,David Ross,3,0.33228975663724036
24,Erika Jayne,3,5.735727950019457e-05
24,Heather Morris,3,0.0
24,Mr. T,3,0.0
24,Nancy Kerrigan,3,5.216366571081743e-05
24,Nick Viall,3,5.2163955193533606e-05
24,Normani,3,0.33228956958852707
24,Rashad Jennings,3,0.3322895683841526
24,Simone Biles,3,0.0029694204896753788
24,Bonner Bolton,4,9.9272261418204e-19
24,David Ross,4,0.33237034271630317
24,Erika Jayne,4,0.0001085801546010847
24,Heather Morris,4,0.0
24,Mr. T,4,6.776263578034403e-20
24,Nancy Kerrigan,4,2.710505431213761e-20
24,Nick Viall,4,0.0
24,Normani,4,0.3323705949473917
24,Rashad Jennings,4,0.33237058526072816
24,Simone Biles,4,0.0027798969209759977
24,Bonner Bolton,5,6.335806445462167e-19
24,David Ross,5,0.33240120150201924
24,Erika Jayne,5,0.0
24,Heather Morris,5,4.016887887335035e-05
24,Nancy Kerrigan,5,4.154985439576581e-05
24,Nick Viall,5,4.1550087658296603e-05
24,Normani,5,0.3324009045369945
24,Rashad Jennings,5,0.3324009298811922
24,Simone Biles,5,0.0026736952588666857
24,Bonner Bolton,6,3.230266760227483e-05
24,David Ross,6,0.3323684504339054
24,Heather Morris,6,0.0
24,Nancy Kerrigan,6,0.00018916839498085139
24,Nick Viall,6,0.00018916821797371785
24,Normani,6,0.33236876898750684
24,Rashad Jennings,6,0.33236872694707936
24,Simone Biles,6,0.002483414350951573
24,Bonner Bolton,7,9.594119355234465e-20
24,David Ross,7,0.3325469304458042
24,Nancy Kerrigan,7,0.00014859716470309726
24,Nick Viall,7,0.0001485972025673113
24,Normani,7,0.3325466279746208
24,Rashad Jennings,7,0.33254667901066787
24,Simone Biles,7,0.0020625682016367267
24,Bonner Bolton,8,6.776263578034403e-20
24,David Ross,8,0.33278328055924417
24,Normani,8,0.33278353373788133
24,Rashad Jennings,8,0.332783483554527
24,Simone Biles,8,0.0016497021483473642
24,David Ross,9,0.3328891415629455
24,Normani,9,0.3328889749196609
24,Rashad Jennings,9,0.3328890113145766
24,Simone Biles,9,0.0013328722028169084
24,David Ross,10,0.33333329820608265
24,Normani,10,0.3333333577773852
24,Rashad Jennings,10,0.3333333440165322
25,Barbara Corcoran,1,0.0001887884905284654
25,Debbie Gibson,1,0.0001887884905284683
25,Derek Fisher,1,1.8280826922350223e-05
25,Drew Scott,1,0.24892958614600244
25,Frankie Muniz,1,0.24892984269413365
25,Jordan Fisher,1,0.24893000237395688
25,Lindsey Stirling,1,0.24892987420532034
25,Nick Lachey,1,7.43095765701517e-05
25,Nikki Bella,1,1.0842021724855044e-19
25,Sasha Pieterse,1,0.00018254917570715074
25,Terrell Owens,1,2.710505431213761e-19
25,Vanessa Lachey,1,0.0
25,Victoria Arlen,1,0.00362797802033024
25,Barbara Corcoran,2,0.00034308811918701325
25,Debbie Gibson,2,0.00034308811918701114
25,Derek Fisher,2,9.184716200154276e-08
25,Drew Scott,2,0.2489183300414546
25,Frankie Muniz,2,0.24891758557958213
25,Jordan Fisher,2,0.2489171213847255
25,Lindsey Stirling,2,0.24891749082423043
25,Nick Lachey,2,0.0
25,Nikki Bella,2,2.5337333051808522e-05
25,Sasha Pieterse,2,9.730494304386705e-06
25,Terrell Owens,2,9.215718466126788e-19
25,Vanessa Lachey,2,2.533747749740623e-05
25,Victoria Arlen,2,0.00358279877961778
25,Derek Fisher,3,4.479682831929759e-05
25,Drew Scott,3,0.24910331871035266
25,Frankie Muniz,3,0.24910447335393648
25,Jordan Fisher,3,0.24910520103330258
25,Lindsey Stirling,3,0.2491046260063199
25,Nick Lachey,3,0.0
25,Nikki Bella,3,0.0
25,Sasha Pieterse,3,0.0
25,Terrell Owens,3,5.421010862427522e-20
25,Vanessa Lachey,3,2.710505431213761e-20
25,Victoria Arlen,3,0.0035375840677691487
25,Derek Fisher,4,8.844152623976387e-05
25,Drew Scott,4,0.24910456924623842
25,Frankie Muniz,4,0.24910312090133124
25,Jordan Fisher,4,0.24910219577111098
25,Lindsey Stirling,4,0.24910291656502062
25,Nick Lachey,4,0.00014728101876464053
25,Nikki Bella,4,2.028477191777918e-05
25,Sasha Pieterse,4,5.2166629294743405e-05
25,Terrell Owens,4,0.0
25,Vanessa Lachey,4,2.0284954282021538e-05
25,Victoria Arlen,4,0.003258738615799825
25,Drew Scott,5,0.2491585191436109
25,Frankie Muniz,5,0.24916011455588952
25,Jordan Fisher,5,0.249161152079655
25,Lindsey Stirling,5,0.24916035584169238
25,Nick Lachey,5,0.0
25,Nikki Bella,5,4.899957963777561e-05
25,Sasha Pieterse,5,0.0002177113195094041
25,Terrell Owens,5,0.0
25,Vanessa Lachey,5,4.899938238296501e-05
25,Victoria Arlen,5,0.003044148097622035
25,Drew Scott,6,0.24922905926080732
25,Frankie Muniz,6,0.24922747290594413
25,Jordan Fisher,6,0.24922642281308974
25,Lindsey Stirling,6,0.24922721352091345
25,Nick Lachey,6,0.0
25,Nikki Bella,6,0.00013932029181302078
25,Terrell Owens,6,3.982149473213969e-05
25,Vanessa Lachey,6,0.00013932045274097152
25,Victoria Arlen,6,0.002771369259959245
25,Drew Scott,7,0.2493698120789031
25,Frankie Muniz,7,0.2493712340731673
25,Jordan Fisher,7,0.2493721929283394
25,Lindsey Stirling,7,0.24937148329515904
25,Nikki Bella,7,5.421010862427522e-20
25,Terrell Owens,7,0.0
25,Vanessa Lachey,7,0.0
25,Victoria Arlen,7,0.0025152776244311992
25,Drew Scott,8,0.2494714980608586
25,Frankie Muniz,8,0.24947037515384174
25,Jordan Fisher,8,0.2494696066348739
25,Lindsey Stirling,8,0.2494701654071212
25,Terrell Owens,8,0.0
25,Victoria Arlen,8,0.0021183547433045757
25,Drew Scott,9,0.249550898237791
25,Frankie Muniz,9,0.24955161554468777
25,Jordan Fisher,9,0.2495521126520061
25,Lindsey Stirling,9,0.24955175503507815
25,Victoria Arlen,9,0.0017936185304370373
25,Drew Scott,10,0.25000024055984066
25,Frankie Muniz,10,0.24999999356634062
25,Jordan Fisher,10,0.24999982182076158
25,Lindsey Stirling,10,0.24999994405305723
26,Adam Rippon,1,0.3332609870703901
26,Arike Ogunbowale,1,0.0001095092487822791
26,Chris Mazdzer,1,8.131516293641283e-20
26,Jamie Anderson,1,8.131516293641283e-20
26,Jennie Finch Daigle,1,0.0
26,Johnny Damon,1,0.0
26,Josh Norman,1,0.3332615576214842
26,Kareem Abdul-Jabbar,1,0.00010950924878229081
26,Mirai Nagasu,1,1.3552527156068805e-19
26,Tonya Harding,1,0.33325843681056133
26,Adam Rippon,2,0.33330234643103057
26,Arike Ogunbowale,2,4.4092830145004954e-05
26,Chris Mazdzer,2,5.421010862427522e-20
26,Jennie Finch Daigle,2,0.0
26,Josh Norman,2,0.33330099310359734
26,Kareem Abdul-Jabbar,2,4.409283014498045e-05
26,Mirai Nagasu,2,0.0
26,Tonya Harding,2,0.33330847480508213
26,Adam Rippon,3,0.3333349225887405
26,Chris Mazdzer,3,6.776263578034403e-21
26,Jennie Finch Daigle,3,8.131516293641283e-20
26,Josh Norman,3,0.3333362426893504
26,Mirai Nagasu,3,0.0
26,Tonya Harding,3,0.33332883472190916
26,Adam Rippon,4,0.33333267566050845
26,Josh Norman,4,0.33333213883050655
26,Tonya Harding,4,0.33333518550898505
27,Alexis Ren,1,0.24950716320873262
27,Bobby Bones,1,0.2495097117158722
27,Danelle Umstead,1,8.508129164280067e-05
27,DeMarcus Ware,1,2.4492018159375556e-05
27,Evanna Lynch,1,0.24950477795567141
27,Joe Amabile,1,3.957822357940573e-05
27,John Schneider,1,2.449259322156788e-05
27,Juan Pablo Di Pace,1,3.95780954375476e-05
27,Mary Lou Retton,1,0.0003893211092694986
27,Milo Manheim,1,0.24950258510663553
27,Nancy McKeon,1,0.0005404238867854938
27,Nikki Glaser,1,0.0002260926016245637
27,Tinashe,1,0.0006067021933679504
27,Alexis Ren,2,0.24955256465576958
27,Bobby Bones,2,0.2495452251706355
27,Danelle Umstead,2,9.677349121340603e-05
27,DeMarcus Ware,2,3.963852625486146e-05
27,Evanna Lynch,2,0.24955942204217757
27,Joe Amabile,2,4.3451844322642524e-05
27,John Schneider,2,3.963914145943064e-05
27,Juan Pablo Di Pace,2,4.345173675699796e-05
27,Mary Lou Retton,2,0.00042578688905209447
27,Milo Manheim,2,0.249565739468631
27,Nancy McKeon,2,0.00048144298720529126
27,Tinashe,2,0.0006068640465217211
27,Alexis Ren,3,0.24960515065839928
27,Bobby Bones,3,0.2496163976844211
27,DeMarcus Ware,3,4.115777998779267e-05
27,Evanna Lynch,3,0.24959465635571895
27,Joe Amabile,3,2.9508930467680863e-05
27,John Schneider,3,4.1160631835285723e-05
27,Juan Pablo Di Pace,3,2.950844116074727e-05
27,Mary Lou Retton,3,0.00040269560964521816
27,Milo Manheim,3,0.2495849788226899
27,Nancy McKeon,3,0.0005032285368553898
27,Tinashe,3,0.0005515565488186153
27,Alexis Ren,4,0.24968976966527306
27,Bobby Bones,4,0.24967596875881184
27,DeMarcus Ware,4,7.676567277631956e-05
27,Evanna Lynch,4,0.24970261490845813
27,Joe Amabile,4,6.984334146158109e-05
27,John Schneider,4,7.676995089413544e-05
27,Juan Pablo Di Pace,4,6.984340156676277e-05
27,Mary Lou Retton,4,0.0004132596563376794
27,Milo Manheim,4,0.24971448905029453
27,Tinashe,4,0.0005106755941260061
27,Alexis Ren,5,0.2497827652720504
27,Bobby Bones,5,0.2497974569718361
27,DeMarcus Ware,5,0.00010965229966527544
27,Evanna Lynch,5,0.24976912315913607
27,Joe Amabile,5,9.790797287500881e-05
27,John Schneider,5,0.0001096551174227394
27,Juan Pablo Di Pace,5,9.79074526789996e-05
27,Mary Lou Retton,5,0.0004790444243354975
27,Milo Manheim,5,0.24975648732999986
27,Alexis Ren,6,0.2497979737593988
27,Bobby Bones,6,0.2497841632769674
27,DeMarcus Ware,6,8.047799211750727e-05
27,Evanna Lynch,6,0.2498107626727702
27,Joe Amabile,6,6.253073155657991e-05
27,John Schneider,6,8.047535494464647e-05
27,Juan Pablo Di Pace,6,6.253148359579031e-05
27,Mary Lou Retton,6,0.0004984455560230597
27,Milo Manheim,6,0.24982263917262604
27,Alexis Ren,7,0.24989542645500634
27,Bobby Bones,7,0.24990668831406676
27,DeMarcus Ware,7,0.00011234337500960611
27,Evanna Lynch,7,0.24988501904562974
27,Joe Amabile,7,0.00010642060655435519
27,John Schneider,7,0.00011234376878888344
27,Juan Pablo Di Pace,7,0.00010642052218094082
27,Milo Manheim,7,0.24987533791276342
27,Alexis Ren,8,0.24994589081185953
27,Bobby Bones,8,0.2499385386807435
27,Evanna Lynch,8,0.24995267215981054
27,Joe Amabile,8,0.00010195259580858283
27,Juan Pablo Di Pace,8,0.00010195302684182204
27,Milo Manheim,8,0.24995899272493605
27,Alexis Ren,9,0.25000108744009236
27,Bobby Bones,9,0.25000364122147134
27,Evanna Lynch,9,0.24999873271629078
27,Milo Manheim,9,0.24999653862214558
28,Ally Brooke,1,0.24893600947605787
28,Hannah Brown,1,0.2489360084958319
28,James Van Der Beek,1,0.0036914347274418983
28,Karamo Brown,1,0.00010687227398655448
28,Kate Flannery,1,1.786954492118657e-05
28,Kel Mitchell,1,0.24893600982412473
28,Lamar Odom,1,0.00014896693298757134
28,Lauren Alaina,1,0.24893600715470318
28,Mary Wilson,1,0.00011771283941944042
28,Ray Lewis,1,0.00011771283941944033
28,Sailor Brinkley-Cook,1,5.5395891106238956e-05
28,Sean Spicer,1,6.022157072963533e-19
28,Ally Brooke,2,0.2488926876486585
28,Hannah Brown,2,0.24889268892401392
28,James Van Der Beek,2,0.003551277736811143
28,Karamo Brown,2,0.0002520840484108742
28,Kate Flannery,2,7.290866706395538e-05
28,Kel Mitchell,2,0.24889268788606492
28,Lamar Odom,2,0.00022732494675996206
28,Lauren Alaina,2,0.24889269186650773
28,Mary Wilson,2,9.910948701207497e-05
28,Ray Lewis,2,9.910948701207249e-05
28,Sailor Brinkley-Cook,2,8.373529217721683e-05
28,Sean Spicer,2,4.3694009507733073e-05
28,Ally Brooke,3,0.2489676980085335
28,Hannah Brown,3,0.24896769686363399
28,James Van Der Beek,3,0.003406427804694797
28,Karamo Brown,3,0.00027394733530732577
28,Kate Flannery,3,0.00016837067569333976
28,Kel Mitchell,3,0.24896769962472817
28,Lamar Odom,3,5.9715833850782944e-05
28,Lauren Alaina,3,0.2489676908938595
28,Sailor Brinkley-Cook,3,0.00022075295969842864
28,Sean Spicer,3,6.442424435949588e-20
28,Ally Brooke,4,0.24897835547692726
28,Hannah Brown,4,0.24897835466504098
28,James Van Der Beek,4,0.0033021820617417045
28,Karamo Brown,4,0.0002800171822058455
28,Kate Flannery,4,9.967188867601475e-05
28,Kel Mitchell,4,0.24897835328813983
28,Lamar Odom,4,0.0001326580936403591
28,Lauren Alaina,4,0.2489783620792892
28,Sailor Brinkley-Cook,4,0.0002452326639145241
28,Sean Spicer,4,2.6812600424328895e-05
28,Ally Brooke,5,0.24906643330151404
28,Hannah Brown,5,0.24906643504288983
28,James Van Der Beek,5,0.00311485283957209
28,Karamo Brown,5,0.0004120135110098861
28,Kate Flannery,5,0.00011510543155796595
28,Kel Mitchell,5,0.2490664374443605
28,Lauren Alaina,5,0.2490664257394613
28,Sailor Brinkley-Cook,5,9.229668963443411e-05
28,Sean Spicer,5,0.0
28,Ally Brooke,6,0.2491649026811465
28,Hannah Brown,6,0.24916489977236825
28,James Van Der Beek,6,0.0030080056412650144
28,Karamo Brown,6,0.000204148143462413
28,Kate Flannery,6,9.954143808166903e-20
28,Kel Mitchell,6,0.2491648988303008
28,Lauren Alaina,6,0.249164908620339
28,Sailor Brinkley-Cook,6,0.00010535864692572057
28,Sean Spicer,6,2.2877664192339696e-05
28,Ally Brooke,7,0.24922754483663787
28,Hannah Brown,7,0.24922754774344263
28,James Van Der Beek,7,0.002690806987913501
28,Karamo Brown,7,0.00030318384468014094
28,Kate Flannery,7,9.582814050753335e-05
28,Kel Mitchell,7,0.24922754971336422
28,Lauren Alaina,7,0.24922753873345416
28,Sean Spicer,7,5.153939548759671e-20
28,Ally Brooke,8,0.24934448482165164
28,Hannah Brown,8,0.24934448102318005
28,James Van Der Beek,8,0.002429972442835663
28,Kate Flannery,8,0.00014433963230226987
28,Kel Mitchell,8,0.24934448074166743
28,Lauren Alaina,8,0.24934448841432214
28,Sean Spicer,8,4.7752924040831176e-05
28,Ally Brooke,9,0.24942864395948683
28,Hannah Brown,9,0.24942864767820724
28,James Van Der Beek,9,0.002180084688622163
28,Kel Mitchell,9,0.24942864858156968
28,Lauren Alaina,9,0.2494286409500457
28,Sean Spicer,9,0.00010533414206839586
28,Ally Brooke,10,0.24955772574766735
28,Hannah Brown,10,0.24955772230717863
28,James Van Der Beek,10,0.0017691025821241046
28,Kel Mitchell,10,0.2495577230328141
28,Lauren Alaina,10,0.2495577263302159
28,Ally Brooke,11,0.24999999952845914
28,Hannah Brown,11,0.2500000006047881
28,Kel Mitchell,11,0.2500000011273831
28,Lauren Alaina,11,0.2499999987393696
29,AJ McLean,1,0.004049546645003293
29,Anne Heche,1,4.898755665880494e-05
29,Carole Baskin,1,5.07031763469556e-19
29,Charles Oakley,1,1.0611480300729247e-19
29,Chrishell Stause,1,0.0001281633649075373
29,Jeannie Mai,1,0.00013138150236522057
29,Jesse Metcalfe,1,4.817763283557225e-06
29,Johnny Weir,1,0.0
29,Justina Machado,1,0.24886430921108157
29,Kaitlyn Bristowe,1,0.24886437700172162
29,Monica Aldama,1,0.0001313817467666993
29,Nelly,1,0.24886605330779776
29,Nev Schulman,1,0.24886554323408738
29,Skai Jackson,1,6.063703028988141e-20
29,Veron Davis,1,4.5438666326469255e-05
29,AJ McLean,2,0.003891951018103248
29,Anne Heche,2,7.714439802428137e-05
29,Carole Baskin,2,0.0
29,Charles Oakley,2,1.4092181637020719e-19
29,Chrishell Stause,2,2.035148710986956e-05
29,Jeannie Mai,2,7.629183829559912e-05
29,Jesse Metcalfe,2,5.560723389321985e-19
29,Johnny Weir,2,2.2369213997727052e-05
29,Justina Machado,2,0.24893984475272835
29,Kaitlyn Bristowe,2,0.24893965388699243
29,Monica Aldama,2,7.629187492223715e-05
29,Nelly,2,0.24893476241201742
29,Nev Schulman,2,0.24893625210257272
29,Skai Jackson,2,2.2369103249974473e-05
29,Veron Davis,2,6.271791198619489e-05
29,AJ McLean,3,0.003827530334470251
29,Anne Heche,3,2.8376818400852618e-05
29,Carole Baskin,3,1.3439021332125665e-20
29,Chrishell Stause,3,4.4072138092878255e-06
29,Jeannie Mai,3,5.202149152933889e-05
29,Jesse Metcalfe,3,5.547766001257017e-05
29,Johnny Weir,3,3.61903070782845e-05
29,Justina Machado,3,0.24897346760710343
29,Kaitlyn Bristowe,3,0.24897375067182986
29,Monica Aldama,3,5.2021335344722425e-05
29,Nelly,3,0.24898146140003283
29,Nev Schulman,3,0.24897910434226397
29,Skai Jackson,3,3.61908181246434e-05
29,Veron Davis,3,3.183444090218774e-19
29,AJ McLean,4,0.0036168955142954744
29,Anne Heche,4,0.0
29,Chrishell Stause,4,9.821107615296428e-05
29,Jeannie Mai,4,8.249038458069255e-05
29,Jesse Metcalfe,4,0.0
29,Johnny Weir,4,4.438647844878551e-05
29,Justina Machado,4,0.24894516218651197
29,Kaitlyn Bristowe,4,0.24894482967246784
29,Monica Aldama,4,8.249014994169717e-05
29,Nelly,4,0.24893492626233013
29,Nev Schulman,4,0.24893796843373142
29,Skai Jackson,4,4.438654881800105e-05
29,Veron Davis,4,0.0002682532927210352
29,AJ McLean,5,0.003424678580923519
29,Chrishell Stause,5,0.00012018734134422764
29,Jeannie Mai,5,0.00015202178259878456
29,Jesse Metcalfe,5,2.1028801565841743e-05
29,Johnny Weir,5,3.362491449804102e-05
29,Justina Machado,5,0.24896801380872813
29,Kaitlyn Bristowe,5,0.2489683549754874
29,Monica Aldama,5,0.00015202167188429764
29,Nelly,5,0.24897964943076226
29,Nev Schulman,5,0.2489761567993435
29,Skai Jackson,5,3.362582436332205e-05
29,Veron Davis,5,0.00017063606850075034
29,AJ McLean,6,0.0031688255319081943
29,Chrishell Stause,6,6.146411730987352e-05
29,Jeannie Mai,6,0.00010870693696820548
29,Johnny Weir,6,1.0494088407713206e-05
29,Justina Machado,6,0.24908834467899058
29,Kaitlyn Bristowe,6,0.2490880281939486
29,Monica Aldama,6,0.0001087063237101131
29,Nelly,6,0.24907625924473958
29,Nev Schulman,6,0.24907992487047742
29,Skai Jackson,6,1.0494882157865162e-05
29,Veron Davis,6,0.000198751131381726
29,AJ McLean,7,0.0029081076826010807
29,Chrishell Stause,7,7.358710893539938e-05
29,Jeannie Mai,7,3.444453527954921e-05
29,Johnny Weir,7,2.0815184137320585e-06
29,Justina Machado,7,0.24923135036177188
29,Kaitlyn Bristowe,7,0.2492316221367151
29,Monica Aldama,7,3.4443947102280115e-05
29,Nelly,7,0.24924291332183868
29,Nev Schulman,7,0.24923936852924322
29,Skai Jackson,7,2.0808580991691504e-06
29,AJ McLean,8,0.0025987657368620612
29,Chrishell Stause,8,3.605753924572873e-05
29,Johnny Weir,8,1.162387477526018e-05
29,Justina Machado,8,0.24933981076719863
29,Kaitlyn Bristowe,8,0.24933959494214636
29,Nelly,8,0.2493296966746838
29,Nev Schulman,8,0.2493328272347424
29,Skai Jackson,8,1.1623230345712777e-05
29,AJ McLean,9,0.0023551086288854696
29,Johnny Weir,9,6.751952793248026e-06
29,Justina Machado,9,0.24940449067184006
29,Kaitlyn Bristowe,9,0.2494046468341073
29,Nelly,9,0.24941235181489127
29,Nev Schulman,9,0.24940989838385577
29,Skai Jackson,9,6.751713626816308e-06
29,Johnny Weir,10,0.0003172838875416343
29,Justina Machado,10,0.24984348136073098
29,Kaitlyn Bristowe,10,0.24984338722806254
29,Nelly,10,0.24983850048071798
29,Nev Schulman,10,0.24984006345201046
29,Skai Jackson,10,0.00031728359093639353
29,Justina Machado,11,0.2499992733555585
29,Kaitlyn Bristowe,11,0.2499993050889206
29,Nelly,11,0.2500009793768762
29,Nev Schulman,11,0.25000044217864464
30,Amanda Kloots,1,0.24891260907115068
30,Brian Austin Green,1,2.236166980751353e-19
30,Christine Chiu,1,4.766016650944265e-05
30,Cody Rigsby,1,0.24892319483713257
30,Iman Shumpert,1,0.24889740239869124
30,Jimmie Allen,1,0.000123049918566373
30,JoJo Siwa,1,0.24890249141517343
30,Kenya Moore,1,0.0
30,Martin Kove,1,1.0164395367051604e-19
30,Matt James,1,0.0
30,Melanie C,1,1.2197274440461925e-19
30,Melora Hardin,1,3.317644379081599e-05
30,"Mike ""The Miz"" Mizanin",1,0.004004189708399722
30,Olivia Jade,1,0.0001230496194038151
30,Suni Lee,1,3.317642118182484e-05
30,Amanda Kloots,2,0.24889015707971324
30,Brian Austin Green,2,0.00016355319466648975
30,Christine Chiu,2,1.9481757786848908e-19
30,Cody Rigsby,2,0.24885944421426684
30,Iman Shumpert,2,0.24893430842276207
30,Jimmie Allen,2,0.0
30,JoJo Siwa,2,0.24891953381169504
30,Kenya Moore,2,5.9576082714178606e-05
30,Martin Kove,2,7.432476901964487e-06
30,Matt James,2,0.00016355319619206632
30,Melanie C,2,1.6940658945086007e-20
30,Melora Hardin,2,0.0
30,"Mike ""The Miz"" Mizanin",2,0.00400244152108813
30,Olivia Jade,2,2.202285662861181e-20
30,Suni Lee,2,8.131516293641283e-20
30,Amanda Kloots,3,0.24900631199240966
30,Brian Austin Green,3,8.194944510567348e-05
30,Christine Chiu,3,5.6615614693566805e-05
30,Cody Rigsby,3,0.2490541190999656
30,Iman Shumpert,3,0.24893748650087677
30,Jimmie Allen,3,0.0
30,JoJo Siwa,3,0.24896050917346915
30,Kenya Moore,3,3.336498435419439e-19
30,Matt James,3,8.194944479018772e-05
30,Melanie C,3,9.382675222157585e-06
30,Melora Hardin,3,5.1856426739796724e-06
30,"Mike ""The Miz"" Mizanin",3,0.0038013043007381077
30,Olivia Jade,3,0.0
30,Suni Lee,3,5.18611005514186e-06
30,Amanda Kloots,4,0.24900691072879916
30,Brian Austin Green,4,5.759824041329242e-20
30,Cody Rigsby,4,0.24894671904963264
30,Iman Shumpert,4,0.24909373776314553
30,Jimmie Allen,4,3.528271833685517e-05
30,JoJo Siwa,4,0.2490647079475035
30,Kenya Moore,4,3.47924982294485e-19
30,Matt James,4,2.0328790734103208e-19
30,Melanie C,4,0.0
30,Melora Hardin,4,1.518606160276154e-05
30,"Mike ""The Miz"" Mizanin",4,0.003786990212248579
30,Olivia Jade,4,3.5280703125671e-05
30,Suni Lee,4,1.5184815605365596e-05
30,Amanda Kloots,5,0.2490918528250511
30,Cody Rigsby,5,0.2491585109192191
30,Iman Shumpert,5,0.24899547149428697
30,Jimmie Allen,5,2.4431613836658146e-05
30,JoJo Siwa,5,0.24902767388742245
30,Kenya Moore,5,2.5356361604856206e-19
30,Melanie C,5,6.043858080376159e-05
30,Melora Hardin,5,2.0226460272768347e-05
30,"Mike ""The Miz"" Mizanin",5,0.003576735083139045
30,Olivia Jade,5,2.443264453449634e-05
30,Suni Lee,5,2.022649143374021e-05
30,Amanda Kloots,6,0.24916575280925266
30,Cody Rigsby,6,0.24909916028747595
30,Iman Shumpert,6,0.24926227347956226
30,Jimmie Allen,6,9.436086521747907e-06
30,JoJo Siwa,6,0.24923004572179222
30,Kenya Moore,6,1.050103194492501e-20
30,Melora Hardin,6,1.6414004302685604e-05
30,"Mike ""The Miz"" Mizanin",6,0.0031910674711508125
30,Olivia Jade,6,9.43576338853693e-06
30,Suni Lee,6,1.641437655319326e-05
30,Amanda Kloots,7,0.24930762064066353
30,Cody Rigsby,7,0.24936763912012264
30,Iman Shumpert,7,0.24922043038389816
30,Jimmie Allen,7,0.0
30,JoJo Siwa,7,0.24924952468905587
30,Melora Hardin,7,0.0
30,"Mike ""The Miz"" Mizanin",7,0.0028547851662598296
30,Olivia Jade,7,0.0
30,Suni Lee,7,6.776263578034403e-21
30,Amanda Kloots,8,0.24969320058736771
30,Cody Rigsby,8,0.24964560434102356
30,Iman Shumpert,8,0.2497624729911015
30,Jimmie Allen,8,0.0002882293195225507
30,JoJo Siwa,8,0.24973936738710398
30,Melora Hardin,8,0.00029144925605276845
30,Olivia Jade,8,0.0002882292554525257
30,Suni Lee,8,0.0002914468623755094
30,Amanda Kloots,9,0.2498597573558182
30,Cody Rigsby,9,0.24989029991263895
30,Iman Shumpert,9,0.24981524643573552
30,JoJo Siwa,9,0.2498300883140967
30,Melora Hardin,9,0.0003023032169067252
30,Suni Lee,9,0.00030230476480404224
30,Amanda Kloots,10,0.24999623764067494
30,Cody Rigsby,10,0.2499857156583841
30,Iman Shumpert,10,0.25001158139832114
30,JoJo Siwa,10,0.2500064653026198
31,Charli D'Amelio,1,0.2485079976350482
31,Cheryl Ladd,1,0.0003011571536998181
31,Daniel Durant,1,1.53562500401872e-05
31,Gabby Windey,1,0.24850800853016322
31,Heidi D'Amelio,1,6.893549449844011e-05
31,Jason Lewis,1,1.0322982742653463e-05
31,Jessie James Decker,1,2.5933190462120455e-06
31,Jordin Sparks,1,0.0046747885736265135
31,Joseph Baena,1,0.0003531340541731829
31,Sam Champion,1,0.0
31,Selma Blair,1,0.0003531339801661482
31,Shangela,1,0.24850794419076352
31,Teresa Giudice,1,0.00010428703827882096
31,Trevor Donovan,1,1.5356271661883364e-05
31,Vinny Guadagnino,1,6.893549164995404e-05
31,Wayne Brady,1,0.24850804903444118
31,Charli D'Amelio,2,0.24852808793367606
31,Cheryl Ladd,2,0.0004194032144278668
31,Daniel Durant,2,1.5624300484702643e-05
31,Gabby Windey,2,0.2485280557123193
31,Heidi D'Amelio,2,5.57833352814416e-05
31,Jessie James Decker,2,5.023805379450785e-06
31,Jordin Sparks,2,0.004564834512257048
31,Joseph Baena,2,0.0003065174414657732
31,Sam Champion,2,6.0228518369699795e-06
31,Selma Blair,2,0.00030651739714082117
31,Shangela,2,0.24852824421250067
31,Teresa Giudice,2,0.00013653719423015857
31,Trevor Donovan,2,1.562432382726396e-05
31,Vinny Guadagnino,2,5.578324554779758e-05
31,Wayne Brady,2,0.24852794051962465
31,Charli D'Amelio,3,0.248631801330721
31,Cheryl Ladd,3,0.0002627484953710645
31,Daniel Durant,3,2.263262893701445e-05
31,Gabby Windey,3,0.2486318500763665
31,Heidi D'Amelio,3,3.700559143052013e-05
31,Jessie James Decker,3,3.208755393616698e-05
31,Jordin Sparks,3,0.004501352138461389
31,Joseph Baena,3,0.00027140322759724116
31,Sam Champion,3,1.4487830389251508e-05
31,Selma Blair,3,0.00027140319576072174
31,Shangela,3,0.24863155799303158
31,Trevor Donovan,3,2.2632679840253448e-05
31,Vinny Guadagnino,3,3.700559936288112e-05
31,Wayne Brady,3,0.2486320316587944
31,Charli D'Amelio,4,0.24868773071498704
31,Daniel Durant,4,4.1155895563621174e-05
31,Gabby Windey,4,0.24868767020561203
31,Heidi D'Amelio,4,3.760757147115268e-05
31,Jessie James Decker,4,9.252846274625132e-05
31,Jordin Sparks,4,0.004337709460118846
31,Joseph Baena,4,0.00032941486490077577
31,Sam Champion,4,2.5236184167098705e-06
31,Selma Blair,4,0.0003294148181450519
31,Shangela,4,0.248688038797538
31,Trevor Donovan,4,4.115594591259889e-05
31,Vinny Guadagnino,4,3.76075510160923e-05
31,Wayne Brady,4,0.24868744209357188
31,Charli D'Amelio,5,0.24877110289018967
31,Daniel Durant,5,2.6057362627135864e-05
31,Gabby Windey,5,0.2487711676106601
31,Heidi D'Amelio,5,1.5724036097851407e-05
31,Jessie James Decker,5,0.00016359785445219376
31,Jordin Sparks,5,0.00407478278746834
31,Joseph Baena,5,0.00029680134374674983
31,Selma Blair,5,0.0002968012714177169
31,Shangela,5,0.24877076071397536
31,Trevor Donovan,5,2.605735221984901e-05
31,Vinny Guadagnino,5,1.5723841509201157e-05
31,Wayne Brady,5,0.2487714229356359
31,Charli D'Amelio,6,0.24893144155912894
31,Daniel Durant,6,5.2311894101292394e-05
31,Gabby Windey,6,0.24893137824894465
31,Heidi D'Amelio,6,1.9635947651710322e-05
31,Jessie James Decker,6,0.00015649104651456063
31,Jordin Sparks,6,0.003973885044202195
31,Shangela,6,0.24893178535403057
31,Trevor Donovan,6,5.231191949654113e-05
31,Vinny Guadagnino,6,1.9635874391659593e-05
31,Wayne Brady,6,0.2489311231115379
31,Charli D'Amelio,7,0.2490519362723047
31,Daniel Durant,7,1.7854638530601612e-05
31,Gabby Windey,7,0.24905199128131347
31,Heidi D'Amelio,7,1.8289261443694636e-05
31,Jordin Sparks,7,0.003719935621460222
31,Shangela,7,0.2490516254595963
31,Trevor Donovan,7,1.785465067151916e-05
31,Vinny Guadagnino,7,1.8289135732589475e-05
31,Wayne Brady,7,0.24905222367894692
31,Charli D'Amelio,8,0.24963394292296429
31,Daniel Durant,8,0.000360103905845446
31,Gabby Windey,8,0.24963389994649066
31,Heidi D'Amelio,8,0.000372021365367158
31,Shangela,8,0.24963419062628248
31,Trevor Donovan,8,0.00036010399906538296
31,Vinny Guadagnino,8,0.0003720211665215005
31,Wayne Brady,8,0.24963371606746315
31,Charli D'Amelio,9,0.24981640016546464
31,Daniel Durant,9,0.00036719281000470704
31,Gabby Windey,9,0.24981642676278168
31,Shangela,9,0.2498162411316403
31,Trevor Donovan,9,0.00036719291222769683
31,Wayne Brady,9,0.24981654621788105
31,Charli D'Amelio,10,0.25000000101012326
31,Gabby Windey,10,0.24999999160081998
31,Shangela,10,0.2500000560886625
31,Wayne Brady,10,0.2499999513003943
32,Adrian Peterson,1,0.00011475893168753618
32,Alyson Hannigan,1,0.19905266325985704
32,Ariana Madix,1,0.19905273611861224
32,Barry Williams,1,1.1840714960642717e-20
32,Charity Lawson,1,0.19905280727380203
32,Harry Jowsey,1,0.003959299068359233
32,Jamie Lynn Spears,1,9.940692799656036e-05
32,Jason Mraz,1,0.19905259137324277
32,Lele Pons,1,2.860045574878521e-19
32,Matt Walsh,1,0.00010674145620098764
32,Mauricio Umansky,1,0.00033016025194207785
32,Mira Sorvino,1,8.552597751283524e-05
32,Tyson Beckford,1,4.061212741249518e-05
32,Xochitl Gomez,1,0.19905269723337404
32,Adrian Peterson,2,0.00023536652835607936
32,Alyson Hannigan,2,0.19906082764147967
32,Ariana Madix,2,0.1990606204235709
32,Barry Williams,2,4.541075368432291e-05
32,Charity Lawson,2,0.19906040489474108
32,Harry Jowsey,2,0.003922282216604745
32,Jamie Lynn Spears,2,0.00010517780585100658
32,Jason Mraz,2,0.1990610400751077
32,Lele Pons,2,2.0323532644684563e-06
32,Mauricio Umansky,2,5.6226567637833656e-05
32,Mira Sorvino,2,0.0003146282912617711
32,Tyson Beckford,2,1.5254419089159426e-05
32,Xochitl Gomez,2,0.19906072802935132
32,Adrian Peterson,3,0.00018477658533074188
32,Alyson Hannigan,3,0.1990919175097915
32,Ariana Madix,3,0.19909222855589384
32,Barry Williams,3,5.60811610660168e-05
32,Charity Lawson,3,0.19909258847560818
32,Harry Jowsey,3,0.003632721616133001
32,Jason Mraz,3,0.1990915733983392
32,Lele Pons,3,6.440374143553749e-05
32,Mauricio Umansky,3,0.0002620950119256736
32,Mira Sorvino,3,0.00026885998691021467
32,Tyson Beckford,3,7.067738380957324e-05
32,Xochitl Gomez,3,0.19909207657375652
32,Adrian Peterson,4,0.00015566816602436713
32,Alyson Hannigan,4,0.19916351034967894
32,Ariana Madix,4,0.1991631393878074
32,Barry Williams,4,6.831597519284518e-05
32,Charity Lawson,4,0.19916263942013915
32,Harry Jowsey,4,0.003424466506613581
32,Jason Mraz,4,0.19916396881534362
32,Lele Pons,4,5.582140902947561e-05
32,Mauricio Umansky,4,0.00025438776625005724
32,Mira Sorvino,4,0.00022477953287389392
32,Xochitl Gomez,4,0.19916330267104657
32,Alyson Hannigan,5,0.19921717141761527
32,Ariana Madix,5,0.19921755536031827
32,Barry Williams,5,8.773688671639935e-05
32,Charity Lawson,5,0.19921817570080003
32,Harry Jowsey,5,0.00327419312254861
32,Jason Mraz,5,0.1992166252975167
32,Lele Pons,5,0.00024183812380798543
32,Mauricio Umansky,5,0.00014612337005380868
32,Mira Sorvino,5,0.00016316752980251358
32,Xochitl Gomez,5,0.1992174131908205
32,Alyson Hannigan,6,0.19934002807843731
32,Ariana Madix,6,0.19933967301445066
32,Barry Williams,6,5.703850485996699e-05
32,Charity Lawson,6,0.1993389686492504
32,Harry Jowsey,6,0.0029429515809011706
32,Jason Mraz,6,0.19934062341936803
32,Lele Pons,6,8.129143092450695e-05
32,Mauricio Umansky,6,0.0002196546288491312
32,Xochitl Gomez,6,0.19933977069295886
32,Alyson Hannigan,7,0.1994341637542266
32,Ariana Madix,7,0.19943446091587883
32,Barry Williams,7,0.00011203304928298976
32,Charity Lawson,7,0.1994351916115108
32,Harry Jowsey,7,0.0025917809767477566
32,Jason Mraz,7,0.199433566904441
32,Lele Pons,7,0.00012438666862972845
32,Xochitl Gomez,7,0.1994344161192823
32,Alyson Hannigan,8,0.1995221564559613
32,Ariana Madix,8,0.19952193163534473
32,Barry Williams,8,0.00011805409259846235
32,Charity Lawson,8,0.19952124594022308
32,Harry Jowsey,8,0.002271980642675626
32,Jason Mraz,8,0.19952270033021335
32,Xochitl Gomez,8,0.19952193090298337
32,Alyson Hannigan,9,0.19960798556007053
32,Ariana Madix,9,0.199608137471785
32,Charity Lawson,9,0.19960869959738442
32,Harry Jowsey,9,0.001959464722960992
32,Jason Mraz,9,0.19960754848703224
32,Xochitl Gomez,9,0.19960816416076674
32,Alyson Hannigan,10,0.20000007451375337
32,Ariana Madix,10,0.19999998881761263
32,Charity Lawson,10,0.19999961891784276
32,Jason Mraz,10,0.20000035788415496
32,Xochitl Gomez,10,0.19999995986663635
32,Alyson Hannigan,11,0.19999997496876784
32,Ariana Madix,11,0.20000000253006345
32,Charity Lawson,11,0.20000013127845562
32,Jason Mraz,11,0.19999987665295693
32,Xochitl Gomez,11,0.2000000145697561
33,Anna Delvey,1,6.404484817349282e-05
33,Brooks Nader,1,0.00016505187889480282
33,Chandler Kinney,1,0.19914469904205412
33,Danny Amendola,1,0.19913643297064962
33,Dwight Howard ,1,0.003311549868328369
33,Eric Roberts,1,0.0002205688457361198
33,Ilona Maher,1,0.19915194831812333
33,Jenn Tran,1,1.3066649243200849e-05
33,Joey Graziadei,1,0.19915645054172612
33,Phaedra Parks,1,0.00020219692075685162
33,Reginald VelJohnson,1,0.0002205688505044278
33,Stephen Nedoroscik,1,0.19914937641760921
33,Tori Spelling,1,6.404484820031803e-05
33,Anna Delvey,2,5.44620270297378e-05
33,Brooks Nader,2,0.00021888558356079465
33,Chandler Kinney,2,0.1991719963877626
33,Danny Amendola,2,0.19919580882416563
33,Dwight Howard ,2,0.0033336424724020805
33,Eric Roberts,2,6.41074070020189e-05
33,Ilona Maher,2,0.19915107718511385
33,Jenn Tran,2,0.00022606949323960603
33,Joey Graziadei,2,0.19913815574155833
33,Phaedra Parks,2,0.00016872338697127324
33,Reginald VelJohnson,2,6.410740876377313e-05
33,Stephen Nedoroscik,2,0.19915850205539257
33,Tori Spelling,2,5.446202703778046e-05
33,Brooks Nader,3,0.0001864729151632511
33,Chandler Kinney,3,0.1991245667919673
33,Danny Amendola,3,0.1990880555042764
33,Dwight Howard ,3,0.003408423049571783
33,Eric Roberts,3,0.0001350594783533261
33,Ilona Maher,3,0.1991567476495248
33,Jenn Tran,3,0.00012799699497982085
33,Joey Graziadei,3,0.19917642475489217
33,Phaedra Parks,3,0.00031587284545055557
33,Reginald VelJohnson,3,0.0001350594846770524
33,Stephen Nedoroscik,3,0.19914532053114353
33,Brooks Nader,4,0.0001598028539098491
33,Chandler Kinney,4,0.19923786032526836
33,Danny Amendola,4,0.19928269288635928
33,Dwight Howard ,4,0.0034599842948025124
33,Ilona Maher,4,0.1991981706396256
33,Jenn Tran,4,8.518556911331242e-06
33,Joey Graziadei,4,0.19917422534729784
33,Phaedra Parks,4,0.00026648112305420756
33,Stephen Nedoroscik,4,0.1992122639727711
33,Chandler Kinney,5,0.19926905987600674
33,Danny Amendola,5,0.1992213007885017
33,Dwight Howard ,5,0.0034111913457237526
33,Ilona Maher,5,0.19931154979210142
33,Jenn Tran,5,2.1071496337889055e-19
33,Joey Graziadei,5,0.19933680655196676
33,Phaedra Parks,5,0.0001536199861652296
33,Stephen Nedoroscik,5,0.19929647165953449
33,Chandler Kinney,6,0.19934497725194034
33,Danny Amendola,6,0.1993898989421895
33,Dwight Howard ,6,0.0032726724201632444
33,Ilona Maher,6,0.19930481871860464
33,Jenn Tran,6,8.729034612779881e-05
33,Joey Graziadei,6,0.19928128954533975
33,Stephen Nedoroscik,6,0.19931905277563475
33,Chandler Kinney,7,0.19940472231778406
33,Danny Amendola,7,0.1993680749565705
33,Dwight Howard ,7,0.002906944409095758
33,Ilona Maher,7,0.19943762088269743
33,Joey Graziadei,7,0.19945666013587554
33,Stephen Nedoroscik,7,0.1994259772979768
33,Chandler Kinney,8,0.20000909234916003
33,Danny Amendola,8,0.20003302396053782
33,Ilona Maher,8,0.1999875425991303
33,Joey Graziadei,8,0.19997518239356227
33,Stephen Nedoroscik,8,0.19999515869760964
33,Chandler Kinney,9,0.19999683715012118
33,Danny Amendola,9,0.19998852414436027
33,Ilona Maher,9,0.20000433528256634
33,Joey Graziadei,9,0.20000861578335105
33,Stephen Nedoroscik,9,0.2000016876396012
34,Alix Earle,1,0.19921181732825363
34,Andy Richter,1,1.8906756195461146e-19
34,Baron Davis,1,1.702293531599043e-05
34,Corey Feldman,1,1.7022935315991094e-05
34,Danielle Fishel,1,7.323239981415643e-19
34,Dylan Efron,1,0.19921182105282137
34,Elaine Hendrix,1,0.19921181109690017
34,Hilaria Baldwin,1,0.00021521734555764733
34,Jen Affleck,1,0.0001427285287758174
34,Jordan Chiles,1,0.19921181849502187
34,Lauren Jauregui,1,4.8046010822067515e-06
34,Robert Irwin,1,0.1992118183107508
34,Scott Hoying,1,8.254995129023771e-06
34,Whitney Leavitt,1,0.0035358623750754484
34,Alix Earle,2,0.1991991532139192
34,Andy Richter,2,7.9750160419397675e-19
34,Baron Davis,2,2.996163913914719e-05
34,Corey Feldman,2,2.996163913914724e-05
34,Danielle Fishel,2,7.293662968495703e-05
34,Dylan Efron,2,0.1991991412565243
34,Elaine Hendrix,2,0.19919917180313917
34,Hilaria Baldwin,2,0.00034675359562345723
34,Jen Affleck,2,0.00010778426161859041
34,Jordan Chiles,2,0.19919915020845338
34,Lauren Jauregui,2,5.161570775578269e-20
34,Robert Irwin,2,0.19919915166710395
34,Scott Hoying,2,2.4941068411026163e-05
34,Whitney Leavitt,2,0.0033918930172436813
34,Alix Earle,3,0.19917892992728017
34,Andy Richter,3,2.43194306265912e-19
34,Danielle Fishel,3,6.438937453642897e-05
34,Dylan Efron,3,0.1991789475984394
34,Elaine Hendrix,3,0.1991789005150323
34,Hilaria Baldwin,3,0.00043124156963525174
34,Jen Affleck,3,0.00012425418864055692
34,Jordan Chiles,3,0.19917893509617812
34,Lauren Jauregui,3,1.8717758826381573e-05
34,Robert Irwin,3,0.19917893273276296
34,Scott Hoying,3,0.00019891713794680885
34,Whitney Leavitt,3,0.003267834100721624
34,Alix Earle,4,0.19927333731018626
34,Andy Richter,4,4.246685433579949e-19
34,Danielle Fishel,4,1.7396381032160124e-19
34,Dylan Efron,4,0.19927331481395538
34,Elaine Hendrix,4,0.19927337560943922
34,Hilaria Baldwin,4,0.00032946007941773775
34,Jen Affleck,4,5.943275920078545e-05
34,Jordan Chiles,4,0.1992733307398898
34,Robert Irwin,4,0.1992733352387591
34,Scott Hoying,4,0.00010134794674286667
34,Whitney Leavitt,4,0.0031430655024089096
34,Alix Earle,5,0.19930875941508572
34,Andy Richter,5,3.077075401045437e-05
34,Danielle Fishel,5,0.00021367709317923815
34,Dylan Efron,5,0.19930878306267905
34,Elaine Hendrix,5,0.19930871537554842
34,Jen Affleck,5,0.0001310653646382891
34,Jordan Chiles,5,0.19930876730693484
34,Robert Irwin,5,0.19930876102941553
34,Scott Hoying,5,9.60673155433726e-05
34,Whitney Leavitt,5,0.002984633282965204
34,Alix Earle,6,0.19942103061235178
34,Andy Richter,6,4.585328418972877e-19
34,Danielle Fishel,6,9.087747286157272e-05
34,Dylan Efron,6,0.19942100678765423
34,Elaine Hendrix,6,0.19942107719380064
34,Jen Affleck,6,9.301198888534062e-05
34,Jordan Chiles,6,0.1994210223391551
34,Robert Irwin,6,0.19942103100852404
34,Scott Hoying,6,1.253140617301091e-05
34,Whitney Leavitt,6,0.0026984111905943163
34,Alix Earle,7,0.1994833731602883
34,Andy Richter,7,3.4122959001060315e-06
34,Danielle Fishel,7,1.2121967609595597e-05
34,Dylan Efron,7,0.1994833941535294
34,Elaine Hendrix,7,0.1994833280298712
34,Jen Affleck,7,0.00010955537579207361
34,Jordan Chiles,7,0.1994833817437329
34,Robert Irwin,7,0.19948337209134376
34,Whitney Leavitt,7,0.002458061181932688
34,Alix Earle,8,0.19951081144030275
34,Andy Richter,8,8.664202553170937e-05
34,Danielle Fishel,8,0.00010216025504570176
34,Dylan Efron,8,0.19951079348508896
34,Elaine Hendrix,8,0.1995108516223995
34,Jordan Chiles,8,0.19951080370509378
34,Robert Irwin,8,0.19951081390060138
34,Whitney Leavitt,8,0.0022571235659362165
34,Alix Earle,9,0.19959390742861582
34,Andy Richter,9,7.475688942353286e-05
34,Dylan Efron,9,0.19959392013041558
34,Elaine Hendrix,9,0.19959387592128244
34,Jordan Chiles,9,0.19959391383224565
34,Robert Irwin,9,0.1995939052341102
34,Whitney Leavitt,9,0.0019557205639067574
34,Alix Earle,10,0.1996593097941665
34,Dylan Efron,10,0.19965930158271056
34,Elaine Hendrix,10,0.1996593299550614
34,Jordan Chiles,10,0.19965930587629815
34,Robert Irwin,10,0.1996593120225846
34,Whitney Leavitt,10,0.0017034407691788116
34,Alix Earle,11,0.20000000070172208
34,Dylan Efron,11,0.20000000303330742
34,Elaine Hendrix,11,0.19999999386757208
34,Jordan Chiles,11,0.2000000021732481
34,Robert Irwin,11,0.20000000022415032
