season,celebrity_name,week,p_est
1,Evander Holyfield,1,0.04016260149127873
1,Joey McIntyre,1,0.04021046508864085
1,John O'Hurley,1,0.459008024271858
1,Kelly Monaco,1,0.4590080426346519
1,Rachel Hunter,1,9.597127109684213e-06
1,Trista Sutter,1,0.001601269362600194
1,Evander Holyfield,2,0.04116879803355147
1,Joey McIntyre,2,0.041438860793448204
1,John O'Hurley,2,0.4586961842741096
1,Kelly Monaco,2,0.45869615689889065
1,Rachel Hunter,2,1.205213126100923e-19
1,Trista Sutter,2,0.0
1,Evander Holyfield,3,0.03196333657735527
1,Joey McIntyre,3,0.04394273356299404
1,John O'Hurley,3,0.46204696966515446
1,Kelly Monaco,3,0.4620469601944963
1,Rachel Hunter,3,0.0
1,Joey McIntyre,4,0.054341523712822186
1,John O'Hurley,4,0.4728292081204562
1,Kelly Monaco,4,0.4728292681667216
1,Rachel Hunter,4,0.0
1,Joey McIntyre,5,0.04103064126822245
1,John O'Hurley,5,0.47948471618879385
1,Kelly Monaco,5,0.4794846425429836
1,John O'Hurley,6,0.4999999831072935
1,Kelly Monaco,6,0.5000000168927065
2,Drew Lachey,1,0.3184681003534576
2,George Hamilton,1,0.0
2,Giselle Fernandez,1,0.0
2,Jerry Rice,1,0.3184680887663225
2,Kenny Mayne,1,0.0
2,Lisa Rinna,1,0.0
2,Master P,1,0.043751056945077874
2,Stacy Keibler,1,0.31846809332395026
2,Tatum O'Neal,1,0.0007372746871074445
2,Tia Carrere,1,0.00010738592408455846
2,Drew Lachey,2,0.3185183598233135
2,George Hamilton,2,0.0
2,Giselle Fernandez,2,5.929074617115656e-05
2,Jerry Rice,2,0.3185183963186989
2,Lisa Rinna,2,0.0
2,Master P,2,0.04369486395072441
2,Stacy Keibler,2,0.31851838219519507
2,Tatum O'Neal,2,0.0006907069658971247
2,Tia Carrere,2,0.0
2,Drew Lachey,3,0.3186928977806611
2,George Hamilton,3,0.0
2,Giselle Fernandez,3,0.0
2,Jerry Rice,3,0.31869284138069925
2,Lisa Rinna,3,0.0
2,Master P,3,0.043921397700536616
2,Stacy Keibler,3,0.3186928631381033
2,Tia Carrere,3,0.0
2,Drew Lachey,4,0.3204543555852042
2,George Hamilton,4,0.0
2,Jerry Rice,4,0.32045442591244727
2,Lisa Rinna,4,5.021376290459376e-05
2,Master P,4,0.038440411953920124
2,Stacy Keibler,4,0.32045440008848636
2,Tia Carrere,4,0.00014619269703751997
2,Drew Lachey,5,0.3277697513819246
2,George Hamilton,5,0.005455908337510819
2,Jerry Rice,5,0.327769681735936
2,Lisa Rinna,5,0.00552380964083527
2,Stacy Keibler,5,0.32776970549389256
2,Tia Carrere,5,0.005711143409900821
2,Drew Lachey,6,0.329651964536829
2,George Hamilton,6,0.005531835997901217
2,Jerry Rice,6,0.3296520230478007
2,Lisa Rinna,6,0.005512171270556299
2,Stacy Keibler,6,0.32965200514691284
2,Drew Lachey,7,0.3315010219408878
2,Jerry Rice,7,0.3315009852438586
2,Lisa Rinna,7,0.005496997540623465
2,Stacy Keibler,7,0.3315009952746302
2,Drew Lachey,8,0.33333332563140355
2,Jerry Rice,8,0.3333333388518574
2,Stacy Keibler,8,0.33333333551673905
3,Emmitt Smith,1,0.4758948105041866
3,Harry Hamlin,1,0.004260858041469657
3,Jerry Springer,1,0.014089833841470311
3,Joey Lawrence,1,0.008734649814059059
3,Mario Lopez,1,0.4758948901602877
3,Monique Coleman,1,0.00030098135006475466
3,Sara Evans,1,0.019095354038646335
3,Shanna Moakler,1,4.2367496410605245e-05
3,Tucker Carlson,1,8.837673108133742e-05
3,Vivica A. Fox,1,5.911833841995119e-05
3,Willa Ford,1,0.0015387596839037704
3,Emmitt Smith,2,0.4758852903812669
3,Harry Hamlin,2,0.004330767198996886
3,Jerry Springer,2,0.014171066343958486
3,Joey Lawrence,2,0.00873436894068324
3,Mario Lopez,2,0.4758850572854011
3,Monique Coleman,2,0.00014451784016502838
3,Sara Evans,2,0.01916999865984953
3,Shanna Moakler,2,1.0538619500135116e-17
3,Vivica A. Fox,2,2.2658367426709013e-17
3,Willa Ford,2,0.0016789333496790033
3,Emmitt Smith,3,0.4762091303522923
3,Harry Hamlin,3,0.0021058429062198523
3,Jerry Springer,3,0.014579427440167285
3,Joey Lawrence,3,0.009141714533034712
3,Mario Lopez,3,0.47620949293389864
3,Monique Coleman,3,0.00021050979577340933
3,Sara Evans,3,0.019464328372579987
3,Vivica A. Fox,3,1.90015781539666e-17
3,Willa Ford,3,0.0020795536660339737
3,Emmitt Smith,4,0.4768450503063491
3,Jerry Springer,4,0.015390882761061141
3,Joey Lawrence,4,0.00980290551135058
3,Mario Lopez,4,0.4768445918212077
3,Monique Coleman,4,0.00016939155268729894
3,Sara Evans,4,0.020179449128281842
3,Vivica A. Fox,4,8.585304516723363e-18
3,Willa Ford,4,0.0007677289190625798
3,Emmitt Smith,5,0.47798973833480374
3,Jerry Springer,5,0.016514959023778343
3,Joey Lawrence,5,0.010990097145325187
3,Mario Lopez,5,0.47799024647231464
3,Monique Coleman,5,9.041781149995829e-17
3,Sara Evans,5,0.016514959023778256
3,Willa Ford,5,5.165948590038211e-18
3,Emmitt Smith,6,0.4840062286156494
3,Jerry Springer,6,0.016978284353381095
3,Joey Lawrence,6,0.012191877464893624
3,Mario Lopez,6,0.4840057187470417
3,Monique Coleman,6,0.002817890819034175
3,Emmitt Smith,7,0.4866638652438132
3,Jerry Springer,7,0.014087267982523808
3,Joey Lawrence,7,0.010209006643834841
3,Mario Lopez,7,0.4866643252232152
3,Monique Coleman,7,0.0023755349066129712
3,Emmitt Smith,8,0.4921757858872787
3,Joey Lawrence,8,0.011019652076855554
3,Mario Lopez,8,0.4921754195975926
3,Monique Coleman,8,0.004629142438273107
3,Emmitt Smith,9,0.49526302903327346
3,Joey Lawrence,9,0.009473707331473737
3,Mario Lopez,9,0.49526326363525275
3,Emmitt Smith,10,0.5000000406986673
3,Mario Lopez,10,0.4999999593013326
4,Apolo Anton Ohno,1,0.30934277367448376
4,Billy Ray Cyrus,1,0.025652792602486738
4,Clyde Drexler,1,0.022490540732577877
4,Heather Mills,1,9.636794519757275e-05
4,Ian Ziering,1,2.987393412531891e-05
4,Joey Fatone,1,0.3093424862877576
4,John Ratzenberger,1,0.019500683750962235
4,Laila Ali,1,0.30934269922484103
4,Leeza Gibbons,1,2.65841631688332e-17
4,Paulina Porizkova,1,1.7590500308020225e-05
4,Shandi Finnessey,1,0.00418419134725974
4,Apolo Anton Ohno,2,0.3093394911125872
4,Billy Ray Cyrus,2,0.02578617603937771
4,Clyde Drexler,2,0.022686248247899565
4,Heather Mills,2,7.6215382551755e-18
4,Ian Ziering,2,3.039299401373202e-17
4,Joey Fatone,2,0.309340335296511
4,John Ratzenberger,2,0.019435601670043164
4,Laila Ali,2,0.30933973831448225
4,Leeza Gibbons,2,1.6549333175965076e-17
4,Paulina Porizkova,2,1.8366522334437234e-18
4,Shandi Finnessey,2,0.004072409319099189
4,Apolo Anton Ohno,3,0.3099293367366002
4,Billy Ray Cyrus,3,0.0264802281318491
4,Clyde Drexler,3,0.02336470057258567
4,Heather Mills,3,1.0481549011249831e-05
4,Ian Ziering,3,0.00010156445100379219
4,Joey Fatone,3,0.30992798441093433
4,John Ratzenberger,3,0.019762118440419807
4,Laila Ali,3,0.309928852631078
4,Leeza Gibbons,3,3.457337194310948e-05
4,Shandi Finnessey,3,0.0004601597045747618
4,Apolo Anton Ohno,4,0.3105996950217354
4,Billy Ray Cyrus,4,0.02731947238590826
4,Clyde Drexler,4,0.02046418696671682
4,Heather Mills,4,4.406111229867215e-17
4,Ian Ziering,4,0.00014960294799306088
4,Joey Fatone,4,0.3106014618497428
4,John Ratzenberger,4,0.020185686175759054
4,Laila Ali,4,0.3106004745463404
4,Leeza Gibbons,4,7.94201058041715e-05
4,Apolo Anton Ohno,5,0.3111914985871173
4,Billy Ray Cyrus,5,0.0282506145098556
4,Clyde Drexler,5,0.017688177293688552
4,Heather Mills,5,1.3580077385772625e-17
4,Ian Ziering,5,5.438884071002812e-18
4,Joey Fatone,5,0.31118945446429
4,John Ratzenberger,5,0.020489844772451575
4,Laila Ali,5,0.3111904103725969
4,Apolo Anton Ohno,6,0.31461387867201324
4,Billy Ray Cyrus,6,0.03199544739818149
4,Heather Mills,6,1.795615046532955e-17
4,Ian Ziering,6,0.0006939958824289832
4,Joey Fatone,6,0.3146160110710911
4,John Ratzenberger,6,0.023465466476897314
4,Laila Ali,6,0.3146152004993879
4,Apolo Anton Ohno,7,0.31727089660077146
4,Billy Ray Cyrus,7,0.03505904522441759
4,Ian Ziering,7,0.0006798365325090096
4,Joey Fatone,7,0.3172688963003991
4,John Ratzenberger,7,0.012451822364156317
4,Laila Ali,7,0.31726950297774653
4,Apolo Anton Ohno,8,0.3220091026841024
4,Billy Ray Cyrus,8,0.03127994794764826
4,Ian Ziering,8,0.0026898681352436195
4,Joey Fatone,8,0.3220107393129123
4,Laila Ali,8,0.32201034192009353
4,Apolo Anton Ohno,9,0.33053016987379874
4,Ian Ziering,9,0.008411423261152382
4,Joey Fatone,9,0.3305290954699263
4,Laila Ali,9,0.33052931139512265
4,Apolo Anton Ohno,10,0.3333331066723642
4,Joey Fatone,10,0.33333348032308113
4,Laila Ali,10,0.33333341300455466
5,Albert Reed,1,3.4688801280354504e-05
5,Cameron Mathison,1,5.545364047695472e-05
5,Floyd Mayweather Jr. ,1,0.006964478149294844
5,Helio Castroneves,1,0.31576045819129084
5,Jane Seymour,1,0.007899963840036751
5,Jennie Garth,1,4.019368834286766e-05
5,Josie Maran,1,9.933640243212267e-06
5,Marie Osmond,1,0.31576046992217743
5,Mark Cuban,1,0.012637454015934987
5,Mel B,1,0.3157604586555416
5,Sabrina Bryan,1,1.8754367610507638e-17
5,Wayne Newton,1,0.025076447455380308
5,Albert Reed,2,7.555144277885669e-19
5,Cameron Mathison,2,0.0
5,Floyd Mayweather Jr. ,2,0.006968853644005384
5,Helio Castroneves,2,0.31577547283116914
5,Jane Seymour,2,0.00794009756738249
5,Jennie Garth,2,1.5535979786598966e-16
5,Marie Osmond,2,0.3157754361317844
5,Mark Cuban,2,0.012579815377052442
5,Mel B,2,0.315775467054747
5,Sabrina Bryan,2,0.0
5,Wayne Newton,2,0.025184857393859197
5,Cameron Mathison,3,0.0005705780883518349
5,Floyd Mayweather Jr. ,3,0.007794075509647396
5,Helio Castroneves,3,0.3166568760928527
5,Jane Seymour,3,0.00896641792065977
5,Jennie Garth,3,0.0003511591173683515
5,Marie Osmond,3,0.31665693178736043
5,Mark Cuban,3,0.011978175928057456
5,Mel B,3,0.316656882599865
5,Sabrina Bryan,3,2.5111451410801654e-17
5,Wayne Newton,3,0.020368902955837116
5,Cameron Mathison,4,0.0032979547219126057
5,Floyd Mayweather Jr. ,4,0.008823354018561314
5,Helio Castroneves,4,0.3197012127626505
5,Jane Seymour,4,0.012159356706621808
5,Jennie Garth,4,0.002893888657715084
5,Marie Osmond,4,0.31970114059709814
5,Mark Cuban,4,0.01309685829206559
5,Mel B,4,0.3197012012749416
5,Sabrina Bryan,4,0.0006250329684333096
5,Cameron Mathison,5,0.004634539434410362
5,Helio Castroneves,5,0.32144822726882855
5,Jane Seymour,5,0.014135294830161165
5,Jennie Garth,5,0.004126160194919759
5,Marie Osmond,5,0.3214483063498887
5,Mark Cuban,5,0.012748115685468436
5,Mel B,5,0.32144823861039434
5,Sabrina Bryan,5,1.1117625928709851e-05
5,Cameron Mathison,6,0.006476880414785511
5,Helio Castroneves,6,0.32365658718854035
5,Jane Seymour,6,0.01663706811192357
5,Jennie Garth,6,0.00591638524003772
5,Marie Osmond,6,0.3236565063425842
5,Mel B,6,0.3236565727021287
5,Sabrina Bryan,6,4.809607460137968e-17
5,Cameron Mathison,7,0.0073786700457985814
5,Helio Castroneves,7,0.3250595840583337
5,Jane Seymour,7,0.01060927815676182
5,Jennie Garth,7,0.006833215670779074
5,Marie Osmond,7,0.32505965626933464
5,Mel B,7,0.3250595957989922
5,Cameron Mathison,8,0.005731083756246057
5,Helio Castroneves,8,0.32824920934969587
5,Jennie Garth,8,0.009521358924750416
5,Marie Osmond,8,0.32824915040541824
5,Mel B,8,0.3282491975638894
5,Helio Castroneves,9,0.33038746570238986
5,Jennie Garth,9,0.008837560093961657
5,Marie Osmond,9,0.33038750262717265
5,Mel B,9,0.3303874715764759
5,Helio Castroneves,10,0.3333333390481143
5,Marie Osmond,10,0.3333333254251811
5,Mel B,10,0.3333333355267046
6,Adam Carolla,1,0.0008308619493479451
6,Cristian de la Fuente,1,0.32605514229355936
6,Jason Taylor,1,0.3260551442945021
6,Kristi Yamaguchi,1,0.32605514347985515
6,Mario,1,3.552652928869208e-05
6,Marissa Jaret Winokur,1,0.016820758933012585
6,Marlee Matlin,1,3.8727844576048845e-05
6,Monica Seles,1,8.224251354256641e-18
6,Penn Jillette,1,1.1967131569079532e-17
6,Priscilla Presley,1,2.9994599597885585e-19
6,Shannon Elizabeth,1,1.014205885683901e-18
6,Steve Guttenberg,1,0.004108694675858185
6,Adam Carolla,2,0.0004475429560430361
6,Cristian de la Fuente,2,0.32617477694785235
6,Jason Taylor,2,0.3261747712828569
6,Kristi Yamaguchi,2,0.3261747716126121
6,Mario,2,1.1253090819649095e-05
6,Marissa Jaret Winokur,2,0.01603242568389551
6,Marlee Matlin,2,0.0011610985424808456
6,Monica Seles,2,7.71428090343557e-06
6,Penn Jillette,2,9.802992394690919e-18
6,Priscilla Presley,2,1.7323227042352637e-06
6,Shannon Elizabeth,2,1.356230636494323e-18
6,Steve Guttenberg,2,0.0038139132798318404
6,Adam Carolla,3,0.0014278108552551873
6,Cristian de la Fuente,3,0.326280189578353
6,Jason Taylor,3,0.32628019805383607
6,Kristi Yamaguchi,3,0.3262801963074475
6,Mario,3,0.0012079121980895853
6,Marissa Jaret Winokur,3,0.01568640344622937
6,Marlee Matlin,3,0.0012079121980896376
6,Priscilla Presley,3,0.00042146516461026936
6,Shannon Elizabeth,3,2.7707241642938914e-18
6,Steve Guttenberg,3,0.0012079121980896352
6,Adam Carolla,4,0.00048257554777277246
6,Cristian de la Fuente,4,0.32747254899505557
6,Jason Taylor,4,0.3274725382731755
6,Kristi Yamaguchi,4,0.32747253938671644
6,Mario,4,0.0008790349481915625
6,Marissa Jaret Winokur,4,0.015278130935364297
6,Marlee Matlin,4,0.0006879919637570516
6,Priscilla Presley,4,3.554184764853788e-05
6,Shannon Elizabeth,4,0.0002190981023183612
6,Cristian de la Fuente,5,0.3280946676247345
6,Jason Taylor,5,0.32809467937805353
6,Kristi Yamaguchi,5,0.3280946770786808
6,Mario,5,3.561026084389045e-05
6,Marissa Jaret Winokur,5,0.014531356117063684
6,Marlee Matlin,5,6.4296726393999e-05
6,Priscilla Presley,5,0.0008467129649719662
6,Shannon Elizabeth,5,0.00023799984925762074
6,Cristian de la Fuente,6,0.3284019175929102
6,Jason Taylor,6,0.3284019061033989
6,Kristi Yamaguchi,6,0.32840190732247465
6,Mario,6,0.0004289606562414037
6,Marissa Jaret Winokur,6,0.013692476542194174
6,Marlee Matlin,6,0.0006728317827807407
6,Shannon Elizabeth,6,1.307678227073285e-18
6,Cristian de la Fuente,7,0.32923273876465214
6,Jason Taylor,7,0.32923274886111725
6,Kristi Yamaguchi,7,0.3292327468761581
6,Mario,7,8.828029920985654e-06
6,Marissa Jaret Winokur,7,0.012283057207976521
6,Shannon Elizabeth,7,9.880260043432858e-06
6,Cristian de la Fuente,8,0.3295880200998128
6,Jason Taylor,8,0.329588012070407
6,Kristi Yamaguchi,8,0.3295880127736006
6,Mario,8,2.059161630667793e-18
6,Marissa Jaret Winokur,8,0.011235955056179693
6,Cristian de la Fuente,9,0.3302979887892464
6,Jason Taylor,9,0.3302979939188575
6,Kristi Yamaguchi,9,0.3302979926356425
6,Marissa Jaret Winokur,9,0.00910602465625362
6,Cristian de la Fuente,10,0.3333333345840138
6,Jason Taylor,10,0.33333333282628963
6,Kristi Yamaguchi,10,0.33333333258969655
7,Brooke Burke,1,0.32520928949195727
7,Cloris Leachman,1,0.009901980281445354
7,Cody Linley,1,0.010375552207817525
7,Jeffrey Ross,1,0.0
7,Kim Kardashian,1,0.0
7,Lance Bass,1,0.3252092885953485
7,Maurice Greene,1,4.614635496641428e-17
7,Misty May-Treanor,1,0.0
7,Rocco DiSpirito,1,0.004094604073959139
7,Susan Lucci,1,1.8295911660692887e-17
7,Ted McGinley,1,1.0015317568334847e-17
7,Toni Braxton,1,0.0
7,Warren Sapp,1,0.3252092853494723
7,Brooke Burke,2,0.32524776132602057
7,Cloris Leachman,2,0.009049773755656092
7,Cody Linley,2,0.01054336902102868
7,Kim Kardashian,2,7.420008617947671e-19
7,Lance Bass,2,0.32524776273359646
7,Maurice Greene,2,0.0
7,Misty May-Treanor,2,2.3310346708438345e-18
7,Rocco DiSpirito,2,0.004524886877828053
7,Susan Lucci,2,0.0001386744546069394
7,Toni Braxton,2,0.0
7,Warren Sapp,2,0.32524777183126324
7,Brooke Burke,3,0.3256831922875975
7,Cloris Leachman,3,0.00807298256566917
7,Cody Linley,3,0.010915256177844525
7,Lance Bass,3,0.3256831874406691
7,Maurice Greene,3,1.599198204416119e-17
7,Rocco DiSpirito,3,0.003915770729371457
7,Susan Lucci,3,0.0
7,Toni Braxton,3,4.643976351123463e-05
7,Warren Sapp,3,0.32568317103533717
7,Brooke Burke,4,0.3260938029237106
7,Cloris Leachman,4,0.006957435091325817
7,Cody Linley,4,0.011266144201260172
7,Lance Bass,4,0.32609380989517855
7,Maurice Greene,4,1.7608120907522395e-17
7,Rocco DiSpirito,4,0.00349497525779838
7,Susan Lucci,4,8.277205960569023e-18
7,Toni Braxton,4,0.0
7,Warren Sapp,4,0.3260938326307265
7,Brooke Burke,5,0.3268850502447494
7,Cloris Leachman,5,0.006507312434280708
7,Cody Linley,5,0.012033974237897337
7,Lance Bass,5,0.32688504037091587
7,Maurice Greene,5,0.0001707219674146241
7,Susan Lucci,5,0.00031644440484832786
7,Toni Braxton,5,0.0003164444048483327
7,Warren Sapp,5,0.3268850119350455
7,Brooke Burke,6,0.3273180816351827
7,Cloris Leachman,6,0.005648371853955257
7,Cody Linley,6,0.01239733598288419
7,Lance Bass,6,0.3273180902647252
7,Maurice Greene,6,5.5429836068321414e-18
7,Susan Lucci,6,1.1156941148333617e-17
7,Warren Sapp,6,0.3273181202632525
7,Brooke Burke,7,0.32862868008406343
7,Cody Linley,7,0.013603525462256441
7,Lance Bass,7,0.3286286729658559
7,Maurice Greene,7,0.0005104769737532334
7,Susan Lucci,7,0.0
7,Warren Sapp,7,0.32862864451407114
7,Brooke Burke,8,0.32948069109933736
7,Cody Linley,8,0.011317256238865446
7,Lance Bass,8,0.329480694250324
7,Maurice Greene,8,0.00024064181994735333
7,Warren Sapp,8,0.32948071659152595
7,Brooke Burke,9,0.330232501190689
7,Cody Linley,9,0.009302514853661029
7,Lance Bass,9,0.3302324993216536
7,Warren Sapp,9,0.3302324846339964
7,Brooke Burke,10,0.3333333318606945
7,Lance Bass,10,0.3333333317077014
7,Warren Sapp,10,0.3333333364316041
8,Belinda Carlisle,1,1.642905104494441e-16
8,Chuck Wicks,1,2.0166160408230382e-17
8,David Alan Grier,1,0.003998392582909197
8,Denise Richards,1,1.3026689102413336e-16
8,Gilles Marini,1,0.3139600668991683
8,Holly Madison,1,1.151287181908045e-16
8,Lawrence Taylor,1,0.00517333878202217
8,Lil' Kim,1,0.0
8,Melissa Rycroft,1,0.3139600690104995
8,Shawn Johnson,1,0.31396006722664366
8,Steve Wozniak,1,0.023270262651588734
8,Steve-O,1,0.015193230665847667
8,Ty Murray,1,0.01048457218132069
8,Belinda Carlisle,2,6.283290934191524e-17
8,Chuck Wicks,2,0.0
8,David Alan Grier,2,0.0037735849056604828
8,Denise Richards,2,1.916670388211767e-16
8,Gilles Marini,2,0.3141146795246369
8,Holly Madison,2,1.5132751822466428e-16
8,Lawrence Taylor,2,0.0051324886473352845
8,Lil' Kim,2,0.0
8,Melissa Rycroft,2,0.3141146725959006
8,Shawn Johnson,2,0.314114675083464
8,Steve Wozniak,2,0.023351127189338128
8,Steve-O,2,0.01509433962264159
8,Ty Murray,2,0.010304432431022905
8,Chuck Wicks,3,1.0400548152746103e-16
8,David Alan Grier,3,0.001605480161489975
8,Denise Richards,3,1.1884384006216643e-16
8,Gilles Marini,3,0.3143376891924488
8,Holly Madison,3,1.4144772592789012e-16
8,Lawrence Taylor,3,0.005458843248891894
8,Lil' Kim,3,0.0
8,Melissa Rycroft,3,0.31433769945436096
8,Shawn Johnson,3,0.31433769357382996
8,Steve Wozniak,3,0.02360795526228455
8,Steve-O,3,0.01554805440017927
8,Ty Murray,3,0.010766584706514447
8,Chuck Wicks,4,4.4683271590588954e-17
8,David Alan Grier,4,6.936463791626151e-17
8,Gilles Marini,4,0.3150140121690037
8,Holly Madison,4,1.0598377410089071e-16
8,Lawrence Taylor,4,0.006198874750654243
8,Lil' Kim,4,7.522172305217176e-18
8,Melissa Rycroft,4,0.31501399886549597
8,Shawn Johnson,4,0.3150140046564133
8,Steve Wozniak,4,0.021323339342643972
8,Steve-O,4,0.01595599467689649
8,Ty Murray,4,0.011479775538892102
8,Chuck Wicks,5,0.0016647866593539756
8,David Alan Grier,5,2.4899789177048143e-17
8,Gilles Marini,5,0.3180857693575851
8,Lawrence Taylor,5,0.009523809523809594
8,Lil' Kim,5,0.0009028906615032099
8,Melissa Rycroft,5,0.3180857834178899
8,Shawn Johnson,5,0.3180857756434766
8,Steve-O,5,0.019047619047619112
8,Ty Murray,5,0.014603565688762353
8,Chuck Wicks,6,0.0014093560776441696
8,Gilles Marini,6,0.31912113179130164
8,Lawrence Taylor,6,0.008496078668749187
8,Lil' Kim,6,0.0
8,Melissa Rycroft,6,0.31912111784940433
8,Shawn Johnson,6,0.3191211235854717
8,Steve-O,6,0.01708101810244397
8,Ty Murray,6,0.015650173924985133
8,Chuck Wicks,7,0.003439423974249557
8,Gilles Marini,7,0.3224723868841032
8,Lawrence Taylor,7,0.009401644337002149
8,Lil' Kim,7,0.0008056188051320911
8,Melissa Rycroft,7,0.32247239832407515
8,Shawn Johnson,7,0.322472392298151
8,Ty Murray,7,0.018936135377286955
8,Chuck Wicks,8,0.004354616311350358
8,Gilles Marini,8,0.3245477196489692
8,Lil' Kim,8,0.0008212856992717123
8,Melissa Rycroft,8,0.32454771066471294
8,Shawn Johnson,8,0.32454771360603385
8,Ty Murray,8,0.0211809540696621
8,Gilles Marini,9,0.3258494026279372
8,Lil' Kim,9,0.0
8,Melissa Rycroft,9,0.3258494082643887
8,Shawn Johnson,9,0.325849405116092
8,Ty Murray,9,0.022451783991582274
8,Gilles Marini,10,0.32737169871042543
8,Melissa Rycroft,10,0.32737169523451864
8,Shawn Johnson,10,0.32737169563304347
8,Ty Murray,10,0.01788491042201256
8,Gilles Marini,11,0.3333333331769712
8,Melissa Rycroft,11,0.3333333339968477
8,Shawn Johnson,11,0.3333333328261811
9,Aaron Carter,1,3.27065841465196e-17
9,Ashley Hamiliton,1,6.502358793985009e-05
9,Chuck Liddell,1,2.595438488553586e-05
9,Debi Mazar,1,4.5353863610284465e-05
9,Donny Osmond,1,0.32577330734525156
9,Joanna Krupa,1,0.00028581797275899424
9,Kathy Ireland,1,2.557616499128785e-05
9,Kelly Osbourne,1,0.3257733090309155
9,Louie Vito,1,0.0027858517400131096
9,Macy Gray,1,6.502358793984108e-05
9,Mark Dacascos,1,0.0
9,Melissa Joan Hart,1,4.398086105545036e-06
9,Michael Irvin,1,0.011692681730284878
9,Mya,1,0.325773307269357
9,Natalie Coughlin,1,1.960175234205161e-05
9,Tom DeLay,1,0.007664793483604545
9,Aaron Carter,2,7.682082461674467e-06
9,Chuck Liddell,2,3.6193310668026214e-05
9,Debi Mazar,2,1.2248610247456195e-18
9,Donny Osmond,2,0.32578115239726657
9,Joanna Krupa,2,1.2074952255705729e-05
9,Kathy Ireland,2,0.00014697100887058382
9,Kelly Osbourne,2,0.32578115275374897
9,Louie Vito,2,0.002938498609029958
9,Mark Dacascos,2,6.18675894535683e-05
9,Melissa Joan Hart,2,5.545235259433602e-05
9,Michael Irvin,2,0.01157709514028757
9,Mya,2,0.3257811530668331
9,Natalie Coughlin,2,2.6828359122382597e-05
9,Tom DeLay,2,0.0077938783774076335
9,Aaron Carter,3,3.578855859855356e-17
9,Chuck Liddell,3,6.333084573203119e-18
9,Debi Mazar,3,0.0
9,Donny Osmond,3,0.32576060501352666
9,Joanna Krupa,3,4.802175088055244e-17
9,Kelly Osbourne,3,0.32576060488931996
9,Louie Vito,3,0.0033383411237905935
9,Mark Dacascos,3,5.078437350108259e-18
9,Melissa Joan Hart,3,2.115503735435056e-18
9,Michael Irvin,3,0.011627906976744186
9,Mya,3,0.3257606040121225
9,Natalie Coughlin,3,0.0
9,Tom DeLay,3,0.007751937984496111
9,Aaron Carter,4,0.0005907386424667891
9,Chuck Liddell,4,4.022257403113584e-19
9,Donny Osmond,4,0.3271801984614429
9,Joanna Krupa,4,0.00038702090399137407
9,Kelly Osbourne,4,0.32718020044717155
9,Louie Vito,4,0.004126608618897355
9,Mark Dacascos,4,0.0003574846265936711
9,Melissa Joan Hart,4,0.000624623942726605
9,Michael Irvin,4,0.011673179829813684
9,Mya,4,0.32718019997787523
9,Natalie Coughlin,4,0.0006997445490207316
9,Aaron Carter,5,0.00018855418580637353
9,Donny Osmond,5,0.32781969670863254
9,Joanna Krupa,5,0.0005680031868087315
9,Kelly Osbourne,5,0.3278196980427649
9,Louie Vito,5,0.003545636901973618
9,Mark Dacascos,5,0.00035904507255505544
9,Melissa Joan Hart,5,0.0003227645982965678
9,Michael Irvin,5,0.011024639904969229
9,Mya,5,0.3278196951250537
9,Natalie Coughlin,5,0.000532266273139395
9,Aaron Carter,6,0.00047304776215402233
9,Donny Osmond,6,0.3286476194038167
9,Joanna Krupa,6,0.0008365584071219865
9,Kelly Osbourne,6,0.32864761998957387
9,Louie Vito,6,0.0025292097553155308
9,Mark Dacascos,6,6.077940152407011e-06
9,Melissa Joan Hart,6,3.0682144120856462e-18
9,Michael Irvin,6,0.010212245625468621
9,Mya,6,0.3286476211163968
9,Aaron Carter,7,0.0007641468773694679
9,Donny Osmond,7,0.3296608351976688
9,Joanna Krupa,7,0.0011426288305737304
9,Kelly Osbourne,7,0.32966083534675045
9,Mark Dacascos,7,2.294295328085991e-18
9,Michael Irvin,7,0.009110719881744367
9,Mya,7,0.32966083386589323
9,Aaron Carter,8,0.0019188255765418948
9,Donny Osmond,8,0.33189821609092746
9,Joanna Krupa,8,0.002386523491325747
9,Kelly Osbourne,8,0.3318982176216961
9,Mya,8,0.3318982172195088
9,Donny Osmond,9,0.3325773423540152
9,Joanna Krupa,9,0.0022679718431269104
9,Kelly Osbourne,9,0.33257734401494005
9,Mya,9,0.33257734178791787
9,Donny Osmond,10,0.333333333147849
9,Kelly Osbourne,10,0.3333333334443033
9,Mya,10,0.3333333334078476
10,Aiden Turner,1,0.004145035926749766
10,Buzz Aldrin,1,0.035708254399714645
10,Chad Ochocinco,1,0.018383151734414873
10,Erin Andrews,1,0.3063663838571365
10,Evan Lysacek,1,0.3063663789347584
10,Jake Pavelka,1,0.0
10,Kate Gosselin,1,0.022664414375513368
10,Nicole Scherzinger,1,0.3063663807717125
10,Niecy Nash,1,1.8919327909872052e-17
10,Pamela Anderson,1,0.0
10,Shannen Doherty,1,4.660036462614259e-17
10,Aiden Turner,2,0.004504964504023512
10,Buzz Aldrin,2,0.03632314632220533
10,Chad Ochocinco,2,0.018141328140387145
10,Erin Andrews,2,0.306114586071043
10,Evan Lysacek,2,0.3061145996095719
10,Jake Pavelka,2,4.103060251552154e-17
10,Kate Gosselin,2,0.022686782685841678
10,Nicole Scherzinger,2,0.3061145926669274
10,Niecy Nash,2,0.0
10,Pamela Anderson,2,4.74628270986545e-18
10,Shannen Doherty,2,8.465814306635183e-17
10,Aiden Turner,3,0.003986103024842875
10,Buzz Aldrin,3,0.031473533210847664
10,Chad Ochocinco,3,0.01677938512622264
10,Erin Andrews,3,0.30859735411505057
10,Evan Lysacek,3,0.30859733104565046
10,Jake Pavelka,3,0.0
10,Kate Gosselin,3,0.021621316462079185
10,Nicole Scherzinger,3,0.30859734230173824
10,Niecy Nash,3,0.0003476347135684248
10,Pamela Anderson,3,1.3412869473761823e-17
10,Aiden Turner,4,0.0066976272275464975
10,Chad Ochocinco,4,0.01847262589417961
10,Erin Andrews,4,0.3143215326971291
10,Evan Lysacek,4,0.3143215631393784
10,Jake Pavelka,4,0.0032596947734999638
10,Kate Gosselin,4,0.022552699655386158
10,Nicole Scherzinger,4,0.3143215460388289
10,Niecy Nash,4,0.00400643964801054
10,Pamela Anderson,4,0.002046270926040831
10,Chad Ochocinco,5,0.017372484894415657
10,Erin Andrews,5,0.31709702385867217
10,Evan Lysacek,5,0.31709698694770205
10,Jake Pavelka,5,0.003432842654965679
10,Kate Gosselin,5,0.020959120096021296
10,Nicole Scherzinger,5,0.3170970081422122
10,Niecy Nash,5,0.005123031955738091
10,Pamela Anderson,5,0.0018215014502729562
10,Chad Ochocinco,6,0.018157644435702062
10,Erin Andrews,6,0.3215951437917376
10,Evan Lysacek,6,0.32159518297839496
10,Jake Pavelka,6,0.0060307827173085105
10,Nicole Scherzinger,6,0.32159515793490967
10,Niecy Nash,6,0.007782704278933531
10,Pamela Anderson,6,0.0032433838630137116
10,Chad Ochocinco,7,0.01649694716234595
10,Erin Andrews,7,0.3242340338143405
10,Evan Lysacek,7,0.32423399558758614
10,Nicole Scherzinger,7,0.3242340202490198
10,Niecy Nash,7,0.008598636148370498
10,Pamela Anderson,7,0.002202367038337181
10,Chad Ochocinco,8,0.01408337036965394
10,Erin Andrews,8,0.32612257473237694
10,Evan Lysacek,8,0.32612260620543265
10,Nicole Scherzinger,8,0.3261225841297873
10,Niecy Nash,8,0.007548864562749253
10,Chad Ochocinco,9,0.012804622137624708
10,Erin Andrews,9,0.32906513533591053
10,Evan Lysacek,9,0.32906511400041355
10,Nicole Scherzinger,9,0.32906512852605124
10,Erin Andrews,10,0.3333333304362752
10,Evan Lysacek,10,0.3333333376247896
10,Nicole Scherzinger,10,0.3333333319389353
11,Audrina Patridge,1,0.0006434175770073494
11,Brandy,1,0.0006767171392148533
11,Bristol Palin,1,0.31294299147385674
11,David Hasselhoff,1,0.000528796120062527
11,Florence Henderson,1,0.0020001992952053665
11,Jennifer Grey,1,0.3129429678662686
11,Kurt Warner,1,0.04470415625246184
11,Kyle Massey,1,0.3129429892409034
11,Margaret Cho,1,0.0014414244651074148
11,Michael Bolton,1,0.0010012796091880473
11,Rick Fox,1,0.008166086680780144
11,The Situation,1,0.002008974279943821
11,Audrina Patridge,2,0.0005994920762903612
11,Brandy,2,0.0007499422202907075
11,Bristol Palin,2,0.31306068991037056
11,Florence Henderson,2,0.0019133697096610255
11,Jennifer Grey,2,0.31306075546372375
11,Kurt Warner,2,0.04517870258485639
11,Kyle Massey,2,0.3130606928507414
11,Margaret Cho,2,0.001435051471267927
11,Michael Bolton,2,0.0008953635900248361
11,Rick Fox,2,0.008157999979704815
11,The Situation,2,0.0018879401430683567
11,Audrina Patridge,3,0.0004932363513461139
11,Brandy,3,0.000463699473990221
11,Bristol Palin,3,0.3132048475309964
11,Florence Henderson,3,0.001951890663784164
11,Jennifer Grey,3,0.3132047456547862
11,Kurt Warner,3,0.04558920270716834
11,Kyle Massey,3,0.31320484334567267
11,Margaret Cho,3,0.001514983023071367
11,Rick Fox,3,0.008257203701983296
11,The Situation,3,0.00211534754720124
11,Audrina Patridge,4,0.0003753056703452288
11,Brandy,4,0.0004751111407228989
11,Bristol Palin,4,0.31343697289202
11,Florence Henderson,4,0.002037327045438088
11,Jennifer Grey,4,0.3134370971593354
11,Kurt Warner,4,0.04633463959148437
11,Kyle Massey,4,0.31343697234824097
11,Rick Fox,4,0.008652677828937107
11,The Situation,4,0.0018138963234759246
11,Audrina Patridge,5,0.0003701204929928463
11,Brandy,5,0.00023442878757925985
11,Bristol Palin,5,0.3136348790846628
11,Florence Henderson,5,0.002011715845000816
11,Jennifer Grey,5,0.3136347441938119
11,Kurt Warner,5,0.04721208991495862
11,Kyle Massey,5,0.31363488395628547
11,Rick Fox,5,0.009267137724708394
11,Audrina Patridge,6,1.6520159559422186e-17
11,Brandy,6,4.4688546889898416e-17
11,Bristol Palin,6,0.314056935551784
11,Jennifer Grey,6,0.31405706469975925
11,Kurt Warner,6,0.04823851672330837
11,Kyle Massey,6,0.31405692308237027
11,Rick Fox,6,0.00959055994277817
11,Brandy,7,0.00010642706878952307
11,Bristol Palin,7,0.31687028896446856
11,Jennifer Grey,7,0.3168701752446164
11,Kurt Warner,7,0.0411338875849064
11,Kyle Massey,7,0.3168703042272973
11,Rick Fox,7,0.008148916909921844
11,Brandy,8,0.0015395935963500413
11,Bristol Palin,8,0.32097924388508814
11,Jennifer Grey,8,0.320979330403917
11,Kurt Warner,8,0.03552260520041921
11,Kyle Massey,8,0.3209792269142256
11,Brandy,9,0.008355781278171038
11,Bristol Palin,9,0.3305480874867111
11,Jennifer Grey,9,0.33054803226153395
11,Kyle Massey,9,0.3305480989735839
11,Bristol Palin,10,0.3333333290577078
11,Jennifer Grey,10,0.3333333470537584
11,Kyle Massey,10,0.33333332388853393
12,Chelsea Kane,1,0.32176253993180864
12,Chris Jericho,1,7.093729398624814e-18
12,Hines Ward,1,0.3217625407959375
12,Kendra Wilkinson,1,0.014329899310569836
12,Kirstie Alley,1,0.3217625399764095
12,Mike Catherwood,1,5.468282871655523e-05
12,Petra Nemcova,1,0.00012460459183634686
12,Ralph Macchio,1,0.019591837929024927
12,Romeo,1,7.600899731583318e-05
12,Sugar Ray Leonard,1,0.00021890291342545922
12,Wendy Williams,1,0.0003164427249554637
12,Chelsea Kane,2,0.32182605721785357
12,Chris Jericho,2,8.146700865829324e-05
12,Hines Ward,2,0.321826054652686
12,Kendra Wilkinson,2,0.014247663449938806
12,Kirstie Alley,2,0.32182605540449655
12,Mike Catherwood,2,2.3113454767139454e-05
12,Petra Nemcova,2,6.126045442943933e-05
12,Ralph Macchio,2,0.019595338760238494
12,Romeo,2,9.875713147061177e-05
12,Sugar Ray Leonard,2,0.00018848924373324124
12,Wendy Williams,2,0.00022574322172785467
12,Chelsea Kane,3,0.32177722095658434
12,Chris Jericho,3,7.419564661899338e-05
12,Hines Ward,3,0.3217772248123413
12,Kendra Wilkinson,3,0.014353602212975837
12,Kirstie Alley,3,0.32177722240126694
12,Petra Nemcova,3,3.9803529351342096e-05
12,Ralph Macchio,3,0.019586739619877124
12,Romeo,3,0.00012114918015314697
12,Sugar Ray Leonard,3,0.00016141413690475977
12,Wendy Williams,3,0.00033142750392623003
12,Chelsea Kane,4,0.32188406852055507
12,Chris Jericho,4,2.641291537388168e-17
12,Hines Ward,4,0.32188406367768957
12,Kendra Wilkinson,4,0.014546153092327565
12,Kirstie Alley,4,0.3218840657524835
12,Petra Nemcova,4,1.3366549414706325e-17
12,Ralph Macchio,4,0.019544725368584533
12,Romeo,4,0.00025692358835978585
12,Sugar Ray Leonard,4,2.7369444429407072e-18
12,Chelsea Kane,5,0.3228103441832594
12,Chris Jericho,5,0.00016373832457732506
12,Hines Ward,5,0.3228103496553193
12,Kendra Wilkinson,5,0.00978978615908384
12,Kirstie Alley,5,0.3228103465238089
12,Petra Nemcova,5,0.00012784245280224497
12,Ralph Macchio,5,0.020324933838893215
12,Romeo,5,0.0011626588622559142
12,Chelsea Kane,6,0.3237403743350155
12,Chris Jericho,6,0.0001102599207693331
12,Hines Ward,6,0.3237403686790783
12,Kendra Wilkinson,6,0.005278463190483134
12,Kirstie Alley,6,0.3237403709001291
12,Ralph Macchio,6,0.02113079927409858
12,Romeo,6,0.002259363700426077
12,Chelsea Kane,7,0.324628919628686
12,Hines Ward,7,0.32462892455853254
12,Kendra Wilkinson,7,0.0006787830694388685
12,Kirstie Alley,7,0.3246289216679276
12,Ralph Macchio,7,0.02212692896846824
12,Romeo,7,0.003307522106946805
12,Chelsea Kane,8,0.3256507111651163
12,Hines Ward,8,0.3256507072717795
12,Kirstie Alley,8,0.3256507087865387
12,Ralph Macchio,8,0.023047872776565496
12,Romeo,8,1.2361616300157965e-17
12,Chelsea Kane,9,0.327194253224082
12,Hines Ward,9,0.32719425579335804
12,Kirstie Alley,9,0.3271942541754685
12,Ralph Macchio,9,0.0184172368070914
12,Chelsea Kane,10,0.3333333340162351
12,Hines Ward,10,0.3333333330174677
12,Kirstie Alley,10,0.3333333329662973
13,Carson Kressley,1,0.013402093175438832
13,Chaz Bono,1,0.023939765273238666
13,Chynna Phillips,1,0.0
13,David Arquette,1,0.013638372540537064
13,Elisabetta Canalis,1,0.0
13,Hope Solo,1,0.009019259490871696
13,J.R. Martinez,1,0.30943755571652226
13,Kristin Cavallari,1,0.0
13,Metta World Peace (Ron),1,0.0
13,Nancy Grace,1,0.011687841812444831
13,Ricki Lake,1,0.30943755616668833
13,Rob Kardashian,1,0.3094375558242588
13,Carson Kressley,2,0.013415342581486318
13,Chaz Bono,2,0.024329916808856024
13,Chynna Phillips,2,0.0
13,David Arquette,2,0.013415342581486283
13,Elisabetta Canalis,2,0.0
13,Hope Solo,2,0.008931037648750704
13,J.R. Martinez,2,0.3094984197040785
13,Kristin Cavallari,2,1.3640140101108249e-17
13,Nancy Grace,2,0.011413104717774266
13,Ricki Lake,2,0.309498418122612
13,Rob Kardashian,2,0.30949841783495613
13,Carson Kressley,3,0.011256105891065073
13,Chaz Bono,3,0.02531007847825368
13,Chynna Phillips,3,0.0
13,David Arquette,3,0.010281034601094289
13,Hope Solo,3,0.008119829985595189
13,J.R. Martinez,3,0.31079369876002083
13,Kristin Cavallari,3,0.0
13,Nancy Grace,3,0.012651850630152109
13,Ricki Lake,3,0.31079370101618786
13,Rob Kardashian,3,0.31079370063763107
13,Carson Kressley,4,0.009914888389059098
13,Chaz Bono,4,0.02192315589303611
13,Chynna Phillips,4,0.0
13,David Arquette,4,0.008284789388491134
13,Hope Solo,4,0.008201128871360706
13,J.R. Martinez,4,0.31302037766344293
13,Nancy Grace,4,0.012614910865849033
13,Ricki Lake,4,0.31302037460024307
13,Rob Kardashian,4,0.31302037432851804
13,Carson Kressley,5,0.009204803309428179
13,Chaz Bono,5,0.01842082611748296
13,David Arquette,5,0.006099369054881012
13,Hope Solo,5,0.008255276394941703
13,J.R. Martinez,5,0.3151761632461716
13,Nancy Grace,5,0.012491229211673442
13,Ricki Lake,5,0.31517616654221764
13,Rob Kardashian,5,0.3151761661232035
13,Chaz Bono,6,0.01568946532615181
13,David Arquette,6,0.005163435033044031
13,Hope Solo,6,0.009665368940609386
13,J.R. Martinez,6,0.31863800909787054
13,Nancy Grace,6,0.013567710465578642
13,Ricki Lake,6,0.31863800565144135
13,Rob Kardashian,6,0.3186380054853041
13,David Arquette,7,0.005101836486302133
13,Hope Solo,7,0.010444263065122724
13,J.R. Martinez,7,0.3230377169106462
13,Nancy Grace,7,0.015340744336131463
13,Ricki Lake,7,0.32303771985559215
13,Rob Kardashian,7,0.32303771934620534
13,Hope Solo,8,0.009611266930772366
13,J.R. Martinez,8,0.3255669010830983
13,Nancy Grace,8,0.013688034975626989
13,Ricki Lake,8,0.32556689858107446
13,Rob Kardashian,8,0.32556689842942793
13,Hope Solo,9,0.010457284310956013
13,J.R. Martinez,9,0.3298475710230469
13,Ricki Lake,9,0.3298475725384429
13,Rob Kardashian,9,0.3298475721275541
13,J.R. Martinez,10,0.33333333384933156
13,Ricki Lake,10,0.33333333321677927
13,Rob Kardashian,10,0.33333333293388917
14,Donald Driver,1,0.3183262357220287
14,Gavin DeGraw,1,0.0003126967784924591
14,Gladys Knight,1,0.002895910459994972
14,Jack Wagner,1,0.00017318121435925903
14,Jaleel White,1,0.0009189737525140048
14,Katherine Jenkins,1,0.3183262360866464
14,Maria Menounos,1,0.03317696186289481
14,Martina Navratilova,1,0.0005842415286424412
14,Melissa Gilbert,1,0.006554692269607834
14,Roshon Fegan,1,0.00036545986027529105
14,Sherri Sheperd,1,3.917509193666613e-05
14,William Levy,1,0.31832623537260707
14,Donald Driver,2,0.3185461033583098
14,Gavin DeGraw,2,0.00019371593345085254
14,Gladys Knight,2,0.002482911024335818
14,Jack Wagner,2,9.704252765422965e-05
14,Jaleel White,2,0.0008906222394421411
14,Katherine Jenkins,2,0.3185461039503319
14,Maria Menounos,2,0.03174143237476639
14,Martina Navratilova,2,0.00025401281438255425
14,Melissa Gilbert,2,0.007152614656153641
14,Roshon Fegan,2,0.0015134718428912344
14,Sherri Sheperd,2,3.5865891873973386e-05
14,William Levy,2,0.3185461033864075
14,Donald Driver,3,0.31895972290882674
14,Gavin DeGraw,3,0.00033482987339736493
14,Gladys Knight,3,0.0027974240321057583
14,Jack Wagner,3,2.674061308879527e-18
14,Jaleel White,3,0.0016333483864757058
14,Katherine Jenkins,3,0.31895972343516904
14,Maria Menounos,3,0.029908659121810476
14,Melissa Gilbert,3,0.007120289789889384
14,Roshon Fegan,3,0.001227500289938465
14,Sherri Sheperd,3,9.877941977161345e-05
14,William Levy,3,0.31895972274261547
14,Donald Driver,4,0.3193523158661865
14,Gavin DeGraw,4,9.010000415001342e-18
14,Gladys Knight,4,0.004094333607997601
14,Jaleel White,4,0.0010225787154057935
14,Katherine Jenkins,4,0.31935231631644373
14,Maria Menounos,4,0.029063620235223443
14,Melissa Gilbert,4,0.007713568802575697
14,Roshon Fegan,4,4.895090953194608e-05
14,Sherri Sheperd,4,3.176622716630318e-17
14,William Levy,4,0.31935231554663523
14,Donald Driver,5,0.3197705651945741
14,Gavin DeGraw,5,3.526409307040516e-05
14,Gladys Knight,5,0.002796861620455881
14,Jaleel White,5,0.0012864642435721435
14,Katherine Jenkins,5,0.31977056558658856
14,Maria Menounos,5,0.027450873833462043
14,Melissa Gilbert,5,0.008947617458815463
14,Roshon Fegan,5,0.0001712231759897891
14,William Levy,5,0.3197705647934717
14,Donald Driver,6,0.3205582494785079
14,Gladys Knight,6,0.0027970956105205797
14,Jaleel White,6,0.0016761436343390188
14,Katherine Jenkins,6,0.32055824992016646
14,Maria Menounos,6,0.024311018045233442
14,Melissa Gilbert,6,0.009196416523365891
14,Roshon Fegan,6,0.0003445777568829809
14,William Levy,6,0.3205582490309838
14,Donald Driver,7,0.32278420406639685
14,Jaleel White,7,1.8223944683771864e-17
14,Katherine Jenkins,7,0.32278420448892226
14,Maria Menounos,7,0.020463163771669384
14,Melissa Gilbert,7,0.010896375819957716
14,Roshon Fegan,7,0.0002878483876803368
14,William Levy,7,0.32278420346537356
14,Donald Driver,8,0.3244449668859671
14,Katherine Jenkins,8,0.3244449672547968
14,Maria Menounos,8,0.017874951989565766
14,Melissa Gilbert,8,0.008790147643353343
14,Roshon Fegan,8,2.3144215763190167e-17
14,William Levy,8,0.3244449662263169
14,Donald Driver,9,0.3277714732839513
14,Katherine Jenkins,9,0.3277714738198879
14,Maria Menounos,9,0.0166855799922557
14,William Levy,9,0.3277714729039051
14,Donald Driver,10,0.3333333335072422
14,Katherine Jenkins,10,0.33333333383400865
14,William Levy,10,0.3333333326587492
15,Apolo Anton Ohno,1,1.5630633490234632e-05
15,Bristol Palin,1,0.016118623396362206
15,Drew Lachey,1,5.5196830458198544e-05
15,Emmitt Smith,1,0.012291652960949884
15,Gilles Marini,1,0.006838303824486096
15,Helio Castroneves,1,4.975309622096795e-05
15,Joey Fatone,1,4.832243001370592e-05
15,Kelly Monaco,1,0.31725962734430896
15,Kirstie Alley,1,0.01264334002725106
15,Melissa Rycroft,1,0.3172596298970564
15,Pamela Anderson,1,3.3790229888333e-05
15,Sabrina Bryan,1,0.00012649879490133167
15,Shawn Johnson,1,0.3172596305346127
15,Apolo Anton Ohno,2,1.6196234825689022e-16
15,Bristol Palin,2,0.016279901510651257
15,Drew Lachey,2,4.3715056800609185e-17
15,Emmitt Smith,2,0.0123635459144682
15,Gilles Marini,2,0.006919144454506217
15,Helio Castroneves,2,4.390239934001262e-17
15,Joey Fatone,2,7.457332047268563e-18
15,Kelly Monaco,2,0.3172399791569642
15,Kirstie Alley,2,0.012717479585291413
15,Melissa Rycroft,2,0.31723997441107926
15,Sabrina Bryan,2,1.507018409666018e-16
15,Shawn Johnson,2,0.317239974967039
15,Apolo Anton Ohno,3,0.00012045100309745845
15,Bristol Palin,3,0.011972669390827747
15,Drew Lachey,3,1.9606154650715006e-05
15,Emmitt Smith,3,0.013008325768513837
15,Gilles Marini,3,0.007618539816605817
15,Helio Castroneves,3,3.4861932643279085e-07
15,Kelly Monaco,3,0.3179341489623054
15,Kirstie Alley,3,0.013362097229837585
15,Melissa Rycroft,3,0.3179341579346686
15,Sabrina Bryan,3,9.549637399829252e-05
15,Shawn Johnson,3,0.3179341587461683
15,Apolo Anton Ohno,4,0.00020682511602484156
15,Bristol Palin,4,0.007998668277380036
15,Emmitt Smith,4,0.013506221205387544
15,Gilles Marini,4,0.008363167394987919
15,Kelly Monaco,4,0.31856407475917864
15,Kirstie Alley,4,0.014203714696118164
15,Melissa Rycroft,4,0.3185640650459698
15,Sabrina Bryan,4,2.9198133359668456e-05
15,Shawn Johnson,4,0.31856406537159343
15,Apolo Anton Ohno,5,0.0006481415354018766
15,Emmitt Smith,5,0.014986049290129614
15,Gilles Marini,5,0.010149216083623808
15,Kelly Monaco,5,0.32018171851587957
15,Kirstie Alley,5,0.013125739711284428
15,Melissa Rycroft,5,0.3201817305832511
15,Sabrina Bryan,5,0.0005456725845222639
15,Shawn Johnson,5,0.3201817316959073
15,Apolo Anton Ohno,6,6.119621742497425e-05
15,Emmitt Smith,6,0.015434867637538449
15,Gilles Marini,6,0.011010088876476424
15,Kelly Monaco,6,0.32082792654158004
15,Kirstie Alley,6,0.011010088876476441
15,Melissa Rycroft,6,0.3208279159193969
15,Sabrina Bryan,6,3.459804957883728e-17
15,Shawn Johnson,6,0.320827915931107
15,Apolo Anton Ohno,7,0.001202798971166432
15,Emmitt Smith,7,0.013274605953661877
15,Gilles Marini,7,0.006712080023602563
15,Kelly Monaco,7,0.3230562068206024
15,Kirstie Alley,7,0.009641871654013968
15,Melissa Rycroft,7,0.32305621766246106
15,Shawn Johnson,7,0.32305621891449177
15,Apolo Anton Ohno,8,0.002145879985138565
15,Emmitt Smith,8,0.011444811166125288
15,Gilles Marini,8,0.002171721201942694
15,Kelly Monaco,8,0.3253656981807225
15,Kirstie Alley,8,0.00814050785829196
15,Melissa Rycroft,8,0.32536569076556726
15,Shawn Johnson,8,0.32536569084221184
15,Apolo Anton Ohno,9,0.0017182988122758857
15,Emmitt Smith,9,0.010942514169267274
15,Kelly Monaco,9,0.32911305808759217
15,Melissa Rycroft,9,0.32911306394502277
15,Shawn Johnson,9,0.32911306498584186
15,Kelly Monaco,10,0.3333333339062678
15,Melissa Rycroft,10,0.3333333328121511
15,Shawn Johnson,10,0.33333333328158105
16,Alexandra Raisman,1,0.24469228499814588
16,Andy Dick,1,0.0
16,D. L. Hughley,1,0.0002667841697742818
16,Dorothy Hamill,1,0.00032432300842900235
16,Ingo Rademacher,1,0.0002930591537638363
16,Jacoby Jones,1,0.2547651908118231
16,Kellie Pickler,1,0.24972873818694824
16,Lisa Vanderpump,1,0.00020088209147849735
16,Sean Lowe,1,0.0
16,Victor Ortiz,1,4.336808689942018e-19
16,Wynonna Judd,1,0.0
16,Zendaya,1,0.24972873757963723
16,Alexandra Raisman,2,0.24448935727162688
16,Andy Dick,2,0.0
16,D. L. Hughley,2,0.0001262971526981804
16,Dorothy Hamill,2,0.0001879709686998934
16,Ingo Rademacher,2,0.00039205030024076597
16,Jacoby Jones,2,0.2550779898006853
16,Kellie Pickler,2,0.24978367368525906
16,Lisa Vanderpump,2,4.249090412017664e-05
16,Sean Lowe,2,0.0
16,Victor Ortiz,2,0.0
16,Wynonna Judd,2,0.00011649669519935425
16,Zendaya,2,0.2497836732214704
16,Alexandra Raisman,3,0.2444910798797089
16,Andy Dick,3,0.0001903203730899782
16,D. L. Hughley,3,3.898319369598078e-05
16,Ingo Rademacher,3,0.0003448888458950955
16,Jacoby Jones,3,0.2551216986536941
16,Kellie Pickler,3,0.24980638967685576
16,Lisa Vanderpump,3,0.0
16,Sean Lowe,3,0.0
16,Victor Ortiz,3,0.00020025006327576716
16,Wynonna Judd,3,1.0822318303290762e-18
16,Zendaya,3,0.24980638931378454
16,Alexandra Raisman,4,0.24442906775200535
16,Andy Dick,4,5.2508052102086486e-05
16,D. L. Hughley,4,0.0
16,Ingo Rademacher,4,0.00038763287029961553
16,Jacoby Jones,4,0.25510425045616264
16,Kellie Pickler,4,0.2497666590537713
16,Lisa Vanderpump,4,0.00016962813506573196
16,Sean Lowe,4,6.149233059222471e-05
16,Victor Ortiz,4,0.0002621029125688739
16,Zendaya,4,0.24976665843743223
16,Alexandra Raisman,5,0.24466024684056634
16,Andy Dick,5,0.00015706525925606712
16,D. L. Hughley,5,0.00015706525925607008
16,Ingo Rademacher,5,0.00010449834151249511
16,Jacoby Jones,5,0.2550261913998398
16,Kellie Pickler,5,0.24984321981999003
16,Sean Lowe,5,0.00010084190952797211
16,Victor Ortiz,5,0.00010765188766028111
16,Zendaya,5,0.24984321928239103
16,Alexandra Raisman,6,0.24472534186291198
16,Andy Dick,6,0.00023255068224010625
16,Ingo Rademacher,6,8.988336636339038e-05
16,Jacoby Jones,6,0.255113441600787
16,Kellie Pickler,6,0.24991939150971015
16,Sean Lowe,6,0.0
16,Victor Ortiz,6,0.0
16,Zendaya,6,0.2499193909779874
16,Alexandra Raisman,7,0.24464623654783627
16,Andy Dick,7,0.00013724918976808166
16,Ingo Rademacher,7,0.00010112596723160956
16,Jacoby Jones,7,0.2552345754756355
16,Kellie Pickler,7,0.24994040666842468
16,Sean Lowe,7,0.0
16,Zendaya,7,0.249940406151104
16,Alexandra Raisman,8,0.2446733689605083
16,Ingo Rademacher,8,8.469895356600504e-05
16,Jacoby Jones,8,0.25524267134439577
16,Kellie Pickler,8,0.24995801989955985
16,Sean Lowe,8,8.322134132438249e-05
16,Zendaya,8,0.2499580195006457
16,Alexandra Raisman,9,0.24459176840985664
16,Ingo Rademacher,9,9.124954607212465e-05
16,Jacoby Jones,9,0.2553626064900782
16,Kellie Pickler,9,0.24997718803158137
16,Zendaya,9,0.24997718752241183
16,Alexandra Raisman,10,0.2446646161148688
16,Jacoby Jones,10,0.25533538405361467
16,Kellie Pickler,10,0.2500000001978443
16,Zendaya,10,0.24999999963367225
17,Amber Riley,1,0.23846050236919555
17,Bill Engvall,1,0.23846050268612373
17,Bill Nye,1,0.0038265840406390764
17,Brant Daugherty,1,0.003754830446140553
17,Christina Milian,1,3.807360896898818e-05
17,Corbin Bleu,1,0.23846050234903196
17,Elizabeth Berkley Lauren,1,0.007771001402922294
17,Jack Osbourne,1,0.23846050203184133
17,Keyshawn Johnson,1,5.276711438172107e-05
17,Leah Remini,1,0.02406187910520388
17,"Nicole ""Snooki"" Polizzi",1,0.003479193267650929
17,Valerie Harper,1,0.0031736615779000012
17,Amber Riley,2,0.2384916160581272
17,Bill Engvall,2,0.2384916140446131
17,Bill Nye,2,0.0037485991322738104
17,Brant Daugherty,2,0.0036110978778181985
17,Christina Milian,2,2.666379031908556e-05
17,Corbin Bleu,2,0.2384916153418001
17,Elizabeth Berkley Lauren,2,0.007862712475541704
17,Jack Osbourne,2,0.23849161355536103
17,Keyshawn Johnson,2,3.005696300350918e-08
17,Leah Remini,2,0.02415857583014408
17,"Nicole ""Snooki"" Polizzi",2,0.0035271488342156314
17,Valerie Harper,2,0.0030987130028230663
17,Amber Riley,3,0.23857949979152276
17,Bill Engvall,3,0.23857950226488464
17,Bill Nye,3,0.0030513569468724362
17,Brant Daugherty,3,0.003679216828779476
17,Christina Milian,3,2.908181324023409e-05
17,Corbin Bleu,3,0.2385795004266101
17,Elizabeth Berkley Lauren,3,0.007940699870520571
17,Jack Osbourne,3,0.23857950143346932
17,Leah Remini,3,0.02429101201720654
17,"Nicole ""Snooki"" Polizzi",3,0.003643488659586928
17,Valerie Harper,3,0.0030471399473070556
17,Amber Riley,4,0.23898583842353058
17,Bill Engvall,4,0.2389858346177622
17,Brant Daugherty,4,0.003924057074808535
17,Christina Milian,4,5.798287588106111e-05
17,Corbin Bleu,4,0.23898583715584842
17,Elizabeth Berkley Lauren,4,0.008348374812430228
17,Jack Osbourne,4,0.2389858343204807
17,Leah Remini,4,0.02491378680930865
17,"Nicole ""Snooki"" Polizzi",4,0.003969596958429366
17,Valerie Harper,4,0.0028428569515201968
17,Amber Riley,5,0.23936260019669783
17,Bill Engvall,5,0.23936260396277464
17,Brant Daugherty,5,0.0042206666915231405
17,Christina Milian,5,1.2355604530468353e-17
17,Corbin Bleu,5,0.23936260123696956
17,Elizabeth Berkley Lauren,5,0.008608048964244806
17,Jack Osbourne,5,0.23936260297038822
17,Leah Remini,5,0.025500651628257015
17,"Nicole ""Snooki"" Polizzi",5,0.004220224349144722
17,Amber Riley,6,0.24044941510192697
17,Bill Engvall,6,0.24044941059568556
17,Brant Daugherty,6,0.002593425415746576
17,Corbin Bleu,6,0.24044941359279406
17,Elizabeth Berkley Lauren,6,0.009000775542433052
17,Jack Osbourne,6,0.2404494104423486
17,Leah Remini,6,0.02283977812970457
17,"Nicole ""Snooki"" Polizzi",6,0.003768371179360602
17,Amber Riley,7,0.24146443109796722
17,Bill Engvall,7,0.24146443487239247
17,Brant Daugherty,7,0.0010424442285081985
17,Corbin Bleu,7,0.24146443216958297
17,Elizabeth Berkley Lauren,7,0.00958251949087415
17,Jack Osbourne,7,0.24146443379718566
17,Leah Remini,7,0.02023184433172992
17,"Nicole ""Snooki"" Polizzi",7,0.0032854600117594667
17,Amber Riley,8,0.2428859041385816
17,Bill Engvall,8,0.24288590030640206
17,Brant Daugherty,8,2.2466886496549018e-05
17,Corbin Bleu,8,0.2428859028210588
17,Elizabeth Berkley Lauren,8,0.010433396658104275
17,Jack Osbourne,8,0.24288590012943842
17,Leah Remini,8,0.01800052905991841
17,Amber Riley,9,0.2438994554181201
17,Bill Engvall,9,0.24389945790933792
17,Corbin Bleu,9,0.24389945611336403
17,Elizabeth Berkley Lauren,9,0.00899890579585168
17,Jack Osbourne,9,0.24389945690981407
17,Leah Remini,9,0.015403267853512233
17,Amber Riley,10,0.24640943439355686
17,Bill Engvall,10,0.2464094323348729
17,Corbin Bleu,10,0.2464094336176975
17,Jack Osbourne,10,0.24640943195324247
17,Leah Remini,10,0.014362267700630281
17,Amber Riley,11,0.2500000000174776
17,Bill Engvall,11,0.2500000003405171
17,Corbin Bleu,11,0.2500000000106963
17,Jack Osbourne,11,0.24999999963130903
18,Amy Purdy,1,0.23868045574746155
18,Billy Dee Williams,1,0.02459396233504133
18,Candace Cameron Bure,1,0.25375553602518247
18,Charlie White,1,4.4397161876471566e-05
18,Cody Simpson,1,1.9475636593057794e-05
18,Danica McKellar,1,0.00013179507380085988
18,Diana Nyad,1,2.416849503878899e-17
18,Drew Carey,1,0.01532495055725791
18,James Maslow,1,0.22360537526445445
18,Meryl Davis,1,0.2386804555529278
18,NeNe Leakes,1,0.0051635966454043935
18,Sean Avery,1,1.7959023042732106e-17
18,Amy Purdy,2,0.23871883652968393
18,Billy Dee Williams,2,0.02456001163200996
18,Candace Cameron Bure,2,0.25375204036284627
18,Charlie White,2,5.2714648626152115e-17
18,Cody Simpson,2,4.5452772976688095e-17
18,Danica McKellar,2,2.5159858663789576e-17
18,Drew Carey,2,0.01538700555291117
18,James Maslow,2,0.22368563211251213
18,Meryl Davis,2,0.23871883606949493
18,NeNe Leakes,2,0.005177637740541916
18,Sean Avery,2,6.749056493077957e-18
18,Amy Purdy,3,0.24174211770004597
18,Candace Cameron Bure,3,0.25684819572172807
18,Charlie White,3,0.0021918719914278953
18,Cody Simpson,3,0.001837208051027715
18,Danica McKellar,3,0.0021951139320597114
18,Drew Carey,3,0.01833987829288202
18,James Maslow,3,0.2266360397595989
18,Meryl Davis,3,0.2417421176303799
18,NeNe Leakes,3,0.008467456920850004
18,Amy Purdy,4,0.24206485587049256
18,Candace Cameron Bure,4,0.25719445679132874
18,Charlie White,4,0.0017058858452172624
18,Cody Simpson,4,0.0009713305164444577
18,Danica McKellar,4,0.0016734783396066583
18,Drew Carey,4,0.01841190982768375
18,James Maslow,4,0.22693525412403207
18,Meryl Davis,4,0.24206485534507033
18,NeNe Leakes,4,0.008977973340124274
18,Amy Purdy,5,0.24239600036448106
18,Candace Cameron Bure,5,0.2574780813855416
18,Charlie White,5,0.0011333844709834852
18,Cody Simpson,5,1.6848738513595912e-17
18,Danica McKellar,5,0.0010593531961110593
18,Drew Carey,5,0.01860884203556704
18,James Maslow,5,0.2273139196527406
18,Meryl Davis,5,0.2423960003574774
18,NeNe Leakes,5,0.009614418537097756
18,Amy Purdy,6,0.243248376045802
18,Candace Cameron Bure,6,0.2583686120924445
18,Charlie White,6,0.0011499103171025051
18,Danica McKellar,6,0.0009758704879008526
18,Drew Carey,6,0.014224161240150999
18,James Maslow,6,0.2281281389800546
18,Meryl Davis,6,0.24324837543198854
18,NeNe Leakes,6,0.010656555404556059
18,Amy Purdy,7,0.2458540834050517
18,Candace Cameron Bure,7,0.2609428095946508
18,Charlie White,7,0.0028120308160127128
18,Danica McKellar,7,0.0026656765716156425
18,James Maslow,7,0.23076535757193847
18,Meryl Davis,7,0.24585408342040363
18,NeNe Leakes,7,0.011105958620327082
18,Amy Purdy,8,0.24801456172158406
18,Candace Cameron Bure,8,0.263105662688033
18,Charlie White,8,0.004134810313195062
18,Danica McKellar,8,0.00380694410486916
18,James Maslow,8,0.23292345993571845
18,Meryl Davis,8,0.24801456123660034
18,Amy Purdy,9,0.24894273250338633
18,Candace Cameron Bure,9,0.26399123907551303
18,Charlie White,9,0.00422907027687732
18,James Maslow,9,0.23389422587329647
18,Meryl Davis,9,0.2489427322709269
18,Amy Purdy,10,0.250000000175646
18,Candace Cameron Bure,10,0.26514984898086175
18,James Maslow,10,0.2348501509722392
18,Meryl Davis,10,0.249999999871253
19,Alfonso Ribeiro,1,0.23348168450115828
19,Antonio Sabato Jr.,1,0.012501240764944143
19,Bethany Mota,1,0.23348168540977873
19,Betsey Johnson,1,0.0053676864562067945
19,Janel Parrish,1,0.23348168566277386
19,Jonathan Bennett,1,0.014667289558408436
19,Lea Thompson,1,4.0665079327729164e-17
19,Lolo Jones,1,4.852443505575309e-17
19,Michael Waltrip,1,0.011708313084977488
19,Randy Couture,1,0.00021227481792966148
19,Sadie Robertson,1,0.23348168459297294
19,Tavis Smiley,1,5.375101347458139e-18
19,Tommy Chong,1,0.021616455150849617
19,Alfonso Ribeiro,2,0.2336793645227771
19,Antonio Sabato Jr.,2,0.01263156539693867
19,Bethany Mota,2,0.233679363809736
19,Betsey Johnson,2,0.0035299084780189404
19,Janel Parrish,2,0.23367936292781102
19,Jonathan Bennett,2,0.014931378652700026
19,Lea Thompson,2,7.292322593677015e-05
19,Michael Waltrip,2,0.011914582568382561
19,Randy Couture,2,0.00028940596447543166
19,Sadie Robertson,2,0.23367936493066063
19,Tavis Smiley,2,8.647146371097278e-05
19,Tommy Chong,2,0.021826308058851846
19,Alfonso Ribeiro,3,0.23391070528939045
19,Antonio Sabato Jr.,3,0.01276586404879489
19,Bethany Mota,3,0.23391070767936462
19,Betsey Johnson,3,0.0017150004967233835
19,Janel Parrish,3,0.2339107090275793
19,Jonathan Bennett,3,0.015231716941225456
19,Lea Thompson,3,0.00013842309184446783
19,Michael Waltrip,3,0.01219129332474365
19,Randy Couture,3,0.00032999730461321226
19,Sadie Robertson,3,0.2339107050695714
19,Tommy Chong,3,0.021984877726149172
19,Alfonso Ribeiro,4,0.2341601492632011
19,Antonio Sabato Jr.,4,0.012965110033653743
19,Bethany Mota,4,0.23416014730785478
19,Betsey Johnson,4,2.5962525087729442e-17
19,Janel Parrish,4,0.2341601454388521
19,Jonathan Bennett,4,0.015591180226762367
19,Lea Thompson,4,2.9678312499732183e-05
19,Michael Waltrip,4,0.012542410399253962
19,Sadie Robertson,4,0.2341601498647001
19,Tommy Chong,4,0.02223102915322211
19,Alfonso Ribeiro,5,0.23510070928566326
19,Antonio Sabato Jr.,5,0.013818916905930694
19,Bethany Mota,5,0.23510071250890083
19,Janel Parrish,5,0.23510071464547286
19,Jonathan Bennett,5,0.008392031428236453
19,Lea Thompson,5,0.0006009691300766449
19,Michael Waltrip,5,0.013669957377050639
19,Sadie Robertson,5,0.23510070899351793
19,Tommy Chong,5,0.02311527972515071
19,Alfonso Ribeiro,6,0.23604220827076008
19,Antonio Sabato Jr.,6,0.014757135603607467
19,Bethany Mota,6,0.23604220591841638
19,Janel Parrish,6,0.23604220356789776
19,Jonathan Bennett,6,0.0011367960517381507
19,Lea Thompson,6,0.001105258470501699
19,Michael Waltrip,6,0.014814027330890404
19,Sadie Robertson,6,0.23604220884235722
19,Tommy Chong,6,0.02401795594383081
19,Alfonso Ribeiro,7,0.23710528677945647
19,Antonio Sabato Jr.,7,0.01032397683892544
19,Bethany Mota,7,0.23710528990003157
19,Janel Parrish,7,0.23710529220194687
19,Lea Thompson,7,6.429846905969274e-05
19,Michael Waltrip,7,0.016108588399701397
19,Sadie Robertson,7,0.23710528658721125
19,Tommy Chong,7,0.02508198082366735
19,Alfonso Ribeiro,8,0.2393413586335082
19,Bethany Mota,8,0.23934135677402885
19,Janel Parrish,8,0.2393413546383901
19,Lea Thompson,8,2.956849240704613e-17
19,Michael Waltrip,8,0.01531001572788756
19,Sadie Robertson,8,0.2393413590157386
19,Tommy Chong,8,0.02732455521044671
19,Alfonso Ribeiro,9,0.24241395993542775
19,Bethany Mota,9,0.24241396219868383
19,Janel Parrish,9,0.24241396385411976
19,Lea Thompson,9,5.719862459896132e-17
19,Sadie Robertson,9,0.24241395993517928
19,Tommy Chong,9,0.03034415407658935
19,Alfonso Ribeiro,10,0.24368131017774505
19,Bethany Mota,10,0.24368130946131697
19,Janel Parrish,10,0.24368130835615395
19,Sadie Robertson,10,0.2436813103755907
19,Tommy Chong,10,0.025274761629193225
19,Alfonso Ribeiro,11,0.2499999994593233
19,Bethany Mota,11,0.25000000030240277
19,Janel Parrish,11,0.25000000066122324
19,Sadie Robertson,11,0.2499999995770507
20,Charlotte McKinney,1,0.014480120005779798
20,Chris Soules,1,0.028912693825284164
20,Michael Sam,1,0.008670917674877805
20,Nastia Liukin,1,0.0004735285847440368
20,Noah Galloway,1,0.30353295705291444
20,Patti LaBelle,1,0.010486845352565305
20,Redfoo,1,0.00010216801489375366
20,Riker Lynch,1,0.3035329582698609
20,Robert Herjavec,1,0.017335973417523343
20,Rumer Willis,1,0.3035329576302011
20,Suzanne Somers,1,0.008696524432936547
20,Willow Shields,1,0.0002423557384189057
20,Charlotte McKinney,2,0.01434687926501898
20,Chris Soules,2,0.028756101167036238
20,Michael Sam,2,0.00858319050421205
20,Nastia Liukin,2,0.0002761995216167185
20,Noah Galloway,2,0.3036226969944451
20,Patti LaBelle,2,0.01055571343293289
20,Redfoo,2,2.7205357086692155e-17
20,Riker Lynch,2,0.3036226981497646
20,Robert Herjavec,2,0.017952284726615326
20,Rumer Willis,2,0.3036226975418781
20,Suzanne Somers,2,0.008583190504212027
20,Willow Shields,2,7.834819226849205e-05
20,Charlotte McKinney,3,0.011448264088051809
20,Chris Soules,3,0.02859024561715826
20,Michael Sam,3,0.005675423443575226
20,Nastia Liukin,3,0.0002259124372549242
20,Noah Galloway,3,0.30477501670208246
20,Patti LaBelle,3,0.011410679389987225
20,Riker Lynch,3,0.3047750178989326
20,Robert Herjavec,3,0.01958955438865341
20,Rumer Willis,3,0.3047750172543594
20,Suzanne Somers,3,0.008734868779944872
20,Willow Shields,3,4.8070250329450614e-17
20,Chris Soules,4,0.029672370249707657
20,Michael Sam,4,0.003859666042085199
20,Nastia Liukin,4,0.0006718727560227696
20,Noah Galloway,4,0.30698157544584537
20,Patti LaBelle,4,0.011830163267244696
20,Riker Lynch,4,0.3069815764929419
20,Robert Herjavec,4,0.022495940586762835
20,Rumer Willis,4,0.3069815759735252
20,Suzanne Somers,4,0.009981068031470098
20,Willow Shields,4,0.0005441911543942533
20,Chris Soules,5,0.0298524793147946
20,Nastia Liukin,5,0.0003100739503493036
20,Noah Galloway,5,0.3084109823496478
20,Patti LaBelle,5,0.011345793090475216
20,Riker Lynch,5,0.3084109835161562
20,Robert Herjavec,5,0.025071752117618192
20,Rumer Willis,5,0.30841098286596097
20,Suzanne Somers,5,0.007816264558927054
20,Willow Shields,5,0.00037068823607097433
20,Chris Soules,6,0.03050088038070092
20,Nastia Liukin,6,0.0005291854870854119
20,Noah Galloway,6,0.31034137223167846
20,Patti LaBelle,6,0.009405450597046157
20,Riker Lynch,6,0.3103413732298464
20,Robert Herjavec,6,0.02801117980608676
20,Rumer Willis,6,0.3103413727804704
20,Willow Shields,6,0.0005291854870855303
20,Chris Soules,7,0.03141169877388671
20,Nastia Liukin,7,7.680733194433656e-17
20,Noah Galloway,7,0.31239220028945747
20,Riker Lynch,7,0.31239220136846463
20,Robert Herjavec,7,0.03141169877388673
20,Rumer Willis,7,0.3123922007943044
20,Willow Shields,7,1.0233779307967699e-16
20,Chris Soules,8,0.023570167057021862
20,Nastia Liukin,8,0.0012968367974787768
20,Noah Galloway,8,0.3171876092249761
20,Riker Lynch,8,0.31718761015012237
20,Robert Herjavec,8,0.023570167034352517
20,Rumer Willis,8,0.31718760973604854
20,Nastia Liukin,9,0.01044024419071526
20,Noah Galloway,9,0.3298532514574979
20,Riker Lynch,9,0.32985325244674607
20,Rumer Willis,9,0.3298532519050408
20,Noah Galloway,10,0.3333333328467247
20,Riker Lynch,10,0.3333333337930423
20,Rumer Willis,10,0.333333333360233
21,Alek Skarlatos,1,0.2497133972813104
21,Alexa PenaVega,1,0.0014800139069682085
21,Andy Grammer,1,7.431939388061774e-05
21,Bindi Irwin,1,0.24006147072963294
21,Carlos PenaVega,1,0.23040954326654683
21,Chaka Khan,1,6.09921165786355e-06
21,Gary Busey,1,0.007417218215231176
21,Hayes Grier,1,0.000351929725429604
21,Kim Zolciak-Biermann,1,2.8855306428012034e-05
21,Nick Carter,1,0.2400614699111979
21,Paula Deen,1,0.00018685114270731372
21,Tamar Braxton,1,0.030192048080578116
21,Victor Espinoza,1,1.6783828431026407e-05
21,Alek Skarlatos,2,0.24960319238168707
21,Alexa PenaVega,2,0.0012589709460022898
21,Andy Grammer,2,3.713587838692527e-05
21,Bindi Irwin,2,0.24015634688669374
21,Carlos PenaVega,2,0.23070950082228708
21,Chaka Khan,2,2.5882659976181284e-05
21,Gary Busey,2,0.007385694536553754
21,Hayes Grier,2,0.00016167512569629198
21,Kim Zolciak-Biermann,2,1.3352693431323179e-05
21,Nick Carter,2,0.24015634622049103
21,Paula Deen,2,0.00018034841023665299
21,Tamar Braxton,2,0.030311553438557706
21,Victor Espinoza,2,3.3546384114290686e-17
21,Alek Skarlatos,3,0.2494637157965809
21,Alexa PenaVega,3,0.0014536770977182094
21,Andy Grammer,3,0.00010202899183119423
21,Bindi Irwin,3,0.2402099554273311
21,Carlos PenaVega,3,0.23095619439733245
21,Gary Busey,3,0.006680304073714998
21,Hayes Grier,3,0.00018662695707137648
21,Nick Carter,3,0.24020995484413665
21,Paula Deen,3,0.0001289918547858266
21,Tamar Braxton,3,0.03060855055949732
21,Alek Skarlatos,4,0.24960276801276807
21,Alexa PenaVega,4,0.001569998378941472
21,Andy Grammer,4,0.00010080082954073779
21,Bindi Irwin,4,0.2403218352664983
21,Carlos PenaVega,4,0.23104090159595425
21,Gary Busey,4,0.006052105043408809
21,Hayes Grier,4,4.850507242979604e-05
21,Nick Carter,4,0.2403218343435897
21,Paula Deen,4,0.00019450463718807305
21,Tamar Braxton,4,0.030746746819680825
21,Alek Skarlatos,5,0.25015324513315607
21,Alexa PenaVega,5,0.0022900457951786834
21,Andy Grammer,5,0.0005669489634783917
21,Bindi Irwin,5,0.24106475936060576
21,Carlos PenaVega,5,0.2319762728367674
21,Hayes Grier,5,0.0005330759295247675
21,Nick Carter,5,0.241064758767738
21,Paula Deen,5,0.0007410030147111539
21,Tamar Braxton,5,0.03160989019883972
21,Alek Skarlatos,6,0.24998044070473158
21,Alexa PenaVega,6,0.002243326509024907
21,Andy Grammer,6,0.00036111655796813033
21,Bindi Irwin,6,0.24110246755871592
21,Carlos PenaVega,6,0.23222449377250426
21,Hayes Grier,6,0.00022606679909312818
21,Nick Carter,6,0.241102466724354
21,Paula Deen,6,0.0007800485892914176
21,Tamar Braxton,6,0.03197957278431667
21,Alek Skarlatos,7,0.24994204998402225
21,Alexa PenaVega,7,0.002248158749671326
21,Andy Grammer,7,0.0002451700373873377
21,Bindi Irwin,7,0.2412605710633803
21,Carlos PenaVega,7,0.23257909161427662
21,Hayes Grier,7,2.914380813417267e-17
21,Nick Carter,7,0.24126057053399114
21,Tamar Braxton,7,0.032464388017271056
21,Alek Skarlatos,8,0.2500836334738354
21,Alexa PenaVega,8,0.0011765711996754424
21,Andy Grammer,8,0.00017370260845061799
21,Bindi Irwin,8,0.24144410645771375
21,Carlos PenaVega,8,0.23280457849618988
21,Nick Carter,8,0.24144410557273044
21,Tamar Braxton,8,0.03287330219140451
21,Alek Skarlatos,9,0.25017890345657917
21,Alexa PenaVega,9,2.690918222193069e-17
21,Bindi Irwin,9,0.24164910292870498
21,Carlos PenaVega,9,0.23311930185795177
21,Nick Carter,9,0.24164910213540564
21,Tamar Braxton,9,0.03340358962135852
21,Alek Skarlatos,10,0.25852808977852954
21,Bindi Irwin,10,0.2500000003345401
21,Carlos PenaVega,10,0.2414719102828419
21,Nick Carter,10,0.24999999960408834
21,Alek Skarlatos,11,0.25846805403764106
21,Bindi Irwin,11,0.25000000038522147
21,Carlos PenaVega,11,0.241531946038043
21,Nick Carter,11,0.24999999953909444
22,Antonio Brown,1,0.014312019071052418
22,Doug Flutie,1,0.01266719617131667
22,Geraldo Rivera,1,0.00082483897258987
22,Ginger Zee,1,0.31397183426303865
22,Jodie Sweetin,1,0.0020486671450947263
22,Kim Fields,1,0.00010917706415339271
22,Marla Maples,1,9.380088850196428e-05
22,Mischa Barton,1,0.0005328108525115211
22,Nyle DiMarco,1,0.313971835336626
22,Paige VanZant,1,0.31397183524666467
22,Von Miller,1,0.00010917705632661252
22,Wanya Morris,1,0.02738680793212361
22,Antonio Brown,2,0.014275295404058723
22,Doug Flutie,2,0.01260187713169638
22,Geraldo Rivera,2,0.0007018668838553551
22,Ginger Zee,2,0.31396484775986055
22,Jodie Sweetin,2,0.0023196063184154586
22,Kim Fields,2,8.537175086723936e-05
22,Marla Maples,2,0.00013288671915455836
22,Mischa Barton,2,0.0004581864750002223
22,Nyle DiMarco,2,0.31396484859133766
22,Paige VanZant,2,0.31396484844634565
22,Von Miller,2,8.537177471393032e-05
22,Wanya Morris,2,0.027444992744694238
22,Antonio Brown,3,0.014462079390221148
22,Doug Flutie,3,0.012552549427346552
22,Ginger Zee,3,0.3140455456201001
22,Jodie Sweetin,3,0.002666451343174389
22,Kim Fields,3,0.00010171929528109402
22,Marla Maples,3,0.00013338363346375584
22,Mischa Barton,3,0.0005257409418300581
22,Nyle DiMarco,3,0.31404554681063157
22,Paige VanZant,3,0.3140455469099709
22,Von Miller,3,0.00010171934784287978
22,Wanya Morris,3,0.027319717280137632
22,Antonio Brown,4,0.014436680172652016
22,Doug Flutie,4,0.01251871304194285
22,Ginger Zee,4,0.31422391821898826
22,Jodie Sweetin,4,0.0031143243272093043
22,Kim Fields,4,1.7019105724737584e-17
22,Marla Maples,4,2.029288377757715e-17
22,Nyle DiMarco,4,0.3142239189713443
22,Paige VanZant,4,0.31422391861656035
22,Von Miller,4,2.1053753090645675e-17
22,Wanya Morris,4,0.027258526651302965
22,Antonio Brown,5,0.014804895663550975
22,Doug Flutie,5,0.011251043466334062
22,Ginger Zee,5,0.31464664128390923
22,Jodie Sweetin,5,0.002516273258024225
22,Kim Fields,5,3.370055731786397e-05
22,Nyle DiMarco,5,0.3146466425515641
22,Paige VanZant,5,0.31464664274675136
22,Von Miller,5,3.370055713521753e-05
22,Wanya Morris,5,0.027420459915412924
22,Antonio Brown,6,0.015286881947069668
22,Doug Flutie,6,0.009800268379591344
22,Ginger Zee,6,0.31517574439253226
22,Jodie Sweetin,6,0.0017492974394359713
22,Kim Fields,6,8.638449633684062e-18
22,Nyle DiMarco,6,0.31517574511763535
22,Paige VanZant,6,0.31517574471001697
22,Von Miller,6,1.0657503436431556e-17
22,Wanya Morris,6,0.02763631801371839
22,Antonio Brown,7,0.017072996684860814
22,Ginger Zee,7,0.31703075147159687
22,Jodie Sweetin,7,0.002411441736240609
22,Kim Fields,7,9.881123945487594e-05
22,Nyle DiMarco,7,0.3170307526785895
22,Paige VanZant,7,0.31703075292590144
22,Von Miller,7,9.88112394548757e-05
22,Wanya Morris,7,0.029225682023901085
22,Antonio Brown,8,0.017663361877184022
22,Ginger Zee,8,0.31761298516416975
22,Jodie Sweetin,8,2.982496304301548e-17
22,Nyle DiMarco,8,0.3176129859644855
22,Paige VanZant,8,0.31761298559034945
22,Wanya Morris,8,0.029497681403811243
22,Antonio Brown,9,0.010904902355776704
22,Ginger Zee,9,0.32209457025923643
22,Nyle DiMarco,9,0.3220945713793248
22,Paige VanZant,9,0.3220945714471347
22,Wanya Morris,9,0.02281138455852743
22,Ginger Zee,10,0.3333333327630221
22,Nyle DiMarco,10,0.3333333336836525
22,Paige VanZant,10,0.3333333335533254
23,Amber Rose,1,0.0001557409965803588
23,Babyface,1,0.0
23,Calvin Johnson Jr.,1,0.24196522983282498
23,Jake T. Austin,1,7.27298514193736e-06
23,James Hinchcliffe,1,0.2419652336674449
23,Jana Kramer,1,0.24196523064216585
23,Laurie Hernandez,1,0.24196522970769965
23,Marilu Henner,1,0.009128791354561103
23,Maureen McCormick,1,2.1955093992831465e-17
23,Rick Perry,1,0.005840988323572081
23,Ryan Lochte,1,0.004631215246667404
23,Terra Jole,1,0.00965073672316903
23,Vanilla Ice,1,0.0027243305201726646
23,Amber Rose,2,9.759532358336281e-05
23,Babyface,2,0.0
23,Calvin Johnson Jr.,2,0.24170071629912593
23,Jake T. Austin,2,2.4866257661961137e-18
23,James Hinchcliffe,2,0.24170070688531478
23,Jana Kramer,2,0.24170071439664656
23,Laurie Hernandez,2,0.24170071760263698
23,Marilu Henner,2,0.008863972463953079
23,Maureen McCormick,2,0.00019051807185300286
23,Rick Perry,2,0.00568181818181816
23,Ryan Lochte,2,0.005372959236308034
23,Terra Jole,2,0.00970184230915905
23,Vanilla Ice,2,0.0032884392296009214
23,Amber Rose,3,0.00040607399237919327
23,Babyface,3,6.414411102967366e-17
23,Calvin Johnson Jr.,3,0.24203911227897873
23,James Hinchcliffe,3,0.2420391282141925
23,Jana Kramer,3,0.24203911513598358
23,Laurie Hernandez,3,0.24203911104114081
23,Marilu Henner,3,0.009722460658627785
23,Maureen McCormick,3,0.0002959456872827749
23,Rick Perry,3,0.0030413633116267193
23,Ryan Lochte,3,0.005472736204056891
23,Terra Jole,3,0.009903003538799979
23,Vanilla Ice,3,0.0030019499369310925
23,Amber Rose,4,0.0005208725065822166
23,Babyface,4,9.31456864492413e-06
23,Calvin Johnson Jr.,4,0.24265657219969466
23,James Hinchcliffe,4,0.24265655277423495
23,Jana Kramer,4,0.24265656874706293
23,Laurie Hernandez,4,0.24265657367406462
23,Marilu Henner,4,0.011074222211490977
23,Maureen McCormick,4,0.0004883333504253149
23,Ryan Lochte,4,0.005448150027337737
23,Terra Jole,4,0.010195321196053958
23,Vanilla Ice,4,0.001637518744407773
23,Amber Rose,5,0.0007467086410570077
23,Calvin Johnson Jr.,5,0.24301125746827043
23,James Hinchcliffe,5,0.24301128058329322
23,Jana Kramer,5,0.24301126120994643
23,Laurie Hernandez,5,0.24301125677475496
23,Marilu Henner,5,0.011923002950415425
23,Maureen McCormick,5,0.0007091303858143156
23,Ryan Lochte,5,0.004276312237401143
23,Terra Jole,5,0.010299789749047132
23,Amber Rose,6,0.0007453981294366905
23,Calvin Johnson Jr.,6,0.2431492469010068
23,James Hinchcliffe,6,0.2431492237999593
23,Jana Kramer,6,0.2431492436119272
23,Laurie Hernandez,6,0.2431492478175584
23,Marilu Henner,6,0.012805798718354463
23,Maureen McCormick,6,0.0008305920334607
23,Ryan Lochte,6,0.0028203889567243816
23,Terra Jole,6,0.010200860031572064
23,Calvin Johnson Jr.,7,0.24343379837705814
23,James Hinchcliffe,7,0.2434338210067388
23,Jana Kramer,7,0.24343380134654033
23,Laurie Hernandez,7,0.24343379788069744
23,Marilu Henner,7,0.013683052787496073
23,Maureen McCormick,7,0.0011134932241584658
23,Ryan Lochte,7,0.001337208739032304
23,Terra Jole,7,0.010131026638278319
23,Calvin Johnson Jr.,8,0.24378605820791335
23,James Hinchcliffe,8,0.2437860399899393
23,Jana Kramer,8,0.2437860563397519
23,Laurie Hernandez,8,0.2437860597421322
23,Marilu Henner,8,0.014915457524374946
23,Ryan Lochte,8,0.0
23,Terra Jole,8,0.009940328195888236
23,Calvin Johnson Jr.,9,0.24467412539894404
23,James Hinchcliffe,9,0.24467413963747475
23,Jana Kramer,9,0.2446741261729742
23,Laurie Hernandez,9,0.24467412373088762
23,Marilu Henner,9,0.012712777650743912
23,Terra Jole,9,0.008590707408975445
23,Calvin Johnson Jr.,10,0.247687396549369
23,James Hinchcliffe,10,0.24768738872589774
23,Jana Kramer,10,0.24768739649741248
23,Laurie Hernandez,10,0.24768739845169288
23,Terra Jole,10,0.009250419775627877
23,Calvin Johnson Jr.,11,0.24999999929077105
23,James Hinchcliffe,11,0.2500000024921347
23,Jana Kramer,11,0.2499999993411737
23,Laurie Hernandez,11,0.2499999988759206
24,Bonner Bolton,1,0.022464056320087033
24,Charo,1,0.00029079817833329853
24,Chris Kattan,1,0.0001234341139795891
24,David Ross,1,0.3097896209913383
24,Erika Jayne,1,0.0011262204148852096
24,Heather Morris,1,7.670305331066113e-05
24,Mr. T,1,0.0011795413475442647
24,Nancy Kerrigan,1,0.012501952945584456
24,Nick Viall,1,0.023935211147375863
24,Normani,1,0.3097896243230298
24,Rashad Jennings,1,0.30978962183677095
24,Simone Biles,1,0.008933215327760598
24,Bonner Bolton,2,0.022484199889760012
24,Charo,2,0.00033881727729054983
24,Chris Kattan,2,0.0001216162489249494
24,David Ross,2,0.30976261030202235
24,Erika Jayne,2,0.0011326752727969277
24,Heather Morris,2,0.00015759825276722003
24,Mr. T,2,0.0010677694310659367
24,Nancy Kerrigan,2,0.012533789419627604
24,Nick Viall,2,0.02390283870300393
24,Normani,2,0.309762601515333
24,Rashad Jennings,2,0.309762605919083
24,Simone Biles,2,0.008972877768324531
24,Bonner Bolton,3,0.022554290871947897
24,Charo,3,0.00027360229517179365
24,David Ross,3,0.30976629514281323
24,Erika Jayne,3,0.0010662185327975028
24,Heather Morris,3,0.00011610042091476649
24,Mr. T,3,0.0011628824131557315
24,Nancy Kerrigan,3,0.012679706860791487
24,Nick Viall,3,0.023910046194974482
24,Normani,3,0.30976630943971056
24,Rashad Jennings,3,0.30976630073627803
24,Simone Biles,3,0.008938247091444593
24,Bonner Bolton,4,0.02262867647818258
24,David Ross,4,0.30986244147079023
24,Erika Jayne,4,0.001043862393710648
24,Heather Morris,4,9.955786796060638e-05
24,Mr. T,4,0.0009994305738243487
24,Nancy Kerrigan,4,0.012663831232829667
24,Nick Viall,4,0.024001230625721025
24,Normani,4,0.3098624239892968
24,Rashad Jennings,4,0.30986243328669677
24,Simone Biles,4,0.008976112080987394
24,Bonner Bolton,5,0.022960693967204023
24,David Ross,5,0.31001328366087993
24,Erika Jayne,5,0.0010102084018375154
24,Heather Morris,5,0.00012815893438064324
24,Nancy Kerrigan,5,0.012714143800014312
24,Nick Viall,5,0.024018548261225934
24,Normani,5,0.3100133035525746
24,Rashad Jennings,5,0.3100132917660824
24,Simone Biles,5,0.009128367655800582
24,Bonner Bolton,6,0.023279867755202903
24,David Ross,6,0.3101821170233182
24,Heather Morris,6,1.5096876627398825e-17
24,Nancy Kerrigan,6,0.012912955195427553
24,Nick Viall,6,0.02406537155230489
24,Normani,6,0.3101820976105213
24,Rashad Jennings,6,0.31018210778675676
24,Simone Biles,6,0.009195483076468376
24,Bonner Bolton,7,0.027094834167876156
24,David Ross,7,0.31397006533660293
24,Nancy Kerrigan,7,0.00736211598592068
24,Nick Viall,7,0.015267254325841662
24,Normani,7,0.31397008326415504
24,Rashad Jennings,7,0.31397007283348044
24,Simone Biles,7,0.008365574086123114
24,Bonner Bolton,8,0.02636912113979614
24,David Ross,8,0.3209497187674923
24,Normani,8,0.3209497049769905
24,Rashad Jennings,8,0.3209497118035309
24,Simone Biles,8,0.01078174331219021
24,David Ross,9,0.32868816039589194
24,Normani,9,0.3286881696467936
24,Rashad Jennings,9,0.3286881640963963
24,Simone Biles,9,0.013935505860918178
24,David Ross,10,0.33333333494188233
24,Normani,10,0.33333333209438454
24,Rashad Jennings,10,0.33333333296373313
25,Barbara Corcoran,1,1.966916054655386e-05
25,Debbie Gibson,1,2.9314797240247087e-05
25,Derek Fisher,1,0.005220456224842464
25,Drew Scott,1,0.24057768983016578
25,Frankie Muniz,1,0.24057768980704783
25,Jordan Fisher,1,0.24057768944449723
25,Lindsey Stirling,1,0.24057768915518446
25,Nick Lachey,1,0.00730005460984122
25,Nikki Bella,1,0.003677855209470914
25,Sasha Pieterse,1,6.125364375943667e-05
25,Terrell Owens,1,0.007141699843249942
25,Vanessa Lachey,1,1.542829153951686e-05
25,Victoria Arlen,1,0.014223509982614378
25,Barbara Corcoran,2,1.5763445914827739e-18
25,Debbie Gibson,2,7.421056192086877e-19
25,Derek Fisher,2,0.005466047141307137
25,Drew Scott,2,0.2404554028008544
25,Frankie Muniz,2,0.24045540252359024
25,Jordan Fisher,2,0.24045540312851216
25,Lindsey Stirling,2,0.24045540265824486
25,Nick Lachey,2,0.007455552636064933
25,Nikki Bella,2,0.00363789357640775
25,Sasha Pieterse,2,0.00013192189932963736
25,Terrell Owens,2,0.007271602844901115
25,Vanessa Lachey,2,4.422577688466223e-06
25,Victoria Arlen,2,0.014210948213099369
25,Derek Fisher,3,0.004661687293891793
25,Drew Scott,3,0.24070757947517307
25,Frankie Muniz,3,0.24070757955554695
25,Jordan Fisher,3,0.24070757848250984
25,Lindsey Stirling,3,0.24070757812216945
25,Nick Lachey,3,0.007421924035305905
25,Nikki Bella,3,0.0027303365382691687
25,Sasha Pieterse,3,0.00016440142124849512
25,Terrell Owens,3,0.007720040017072675
25,Vanessa Lachey,3,5.162426649381188e-05
25,Victoria Arlen,3,0.014419670792318956
25,Derek Fisher,4,0.003757747086794977
25,Drew Scott,4,0.24102209319015433
25,Frankie Muniz,4,0.24102209269590924
25,Jordan Fisher,4,0.24102209394697424
25,Lindsey Stirling,4,0.2410220935732527
25,Nick Lachey,4,0.007445440117040222
25,Nikki Bella,4,0.0017604600381266261
25,Sasha Pieterse,4,6.536631630223554e-05
25,Terrell Owens,4,0.008272730787760998
25,Vanessa Lachey,4,6.536631630221024e-05
25,Victoria Arlen,4,0.014544515931382288
25,Drew Scott,5,0.24166043529779416
25,Frankie Muniz,5,0.2416604358818654
25,Jordan Fisher,5,0.24166043417443964
25,Lindsey Stirling,5,0.2416604339166637
25,Nick Lachey,5,0.007654281918006583
25,Nikki Bella,5,0.0012997443852090906
25,Sasha Pieterse,5,1.8636400860286486e-18
25,Terrell Owens,5,0.009336854532930195
25,Vanessa Lachey,5,9.444341495112441e-05
25,Victoria Arlen,5,0.014972936478140192
25,Drew Scott,6,0.24190243368913014
25,Frankie Muniz,6,0.2419024328457457
25,Jordan Fisher,6,0.2419024343965892
25,Lindsey Stirling,6,0.2419024338364878
25,Nick Lachey,6,0.006724053562277978
25,Nikki Bella,6,0.0004873113362326194
25,Terrell Owens,6,0.010074020710950083
25,Vanessa Lachey,6,7.889905880352967e-18
25,Victoria Arlen,6,0.015104879622586503
25,Drew Scott,7,0.2429995072880845
25,Frankie Muniz,7,0.2429995077142134
25,Jordan Fisher,7,0.24299950622079053
25,Lindsey Stirling,7,0.24299950603973328
25,Nikki Bella,7,0.0004503737372841702
25,Terrell Owens,7,0.01161694915150534
25,Vanessa Lachey,7,1.3247528716250715e-17
25,Victoria Arlen,7,0.015934649848388778
25,Drew Scott,8,0.24405401000500215
25,Frankie Muniz,8,0.24405400953609185
25,Jordan Fisher,8,0.24405401048863506
25,Lindsey Stirling,8,0.2440540099191821
25,Terrell Owens,8,0.007105705016983274
25,Victoria Arlen,8,0.016678255034105628
25,Drew Scott,9,0.2462241652901524
25,Frankie Muniz,9,0.24622416548721
25,Jordan Fisher,9,0.2462241646368826
25,Lindsey Stirling,9,0.24622416452968443
25,Victoria Arlen,9,0.01510334005607058
25,Drew Scott,10,0.2500000002029838
25,Frankie Muniz,10,0.24999999996786912
25,Jordan Fisher,10,0.2500000001690991
25,Lindsey Stirling,10,0.24999999966004802
26,Adam Rippon,1,0.32376209357431956
26,Arike Ogunbowale,1,6.995136891604914e-17
26,Chris Mazdzer,1,0.006602078769101421
26,Jamie Anderson,1,0.0
26,Jennie Finch Daigle,1,0.012589518343454778
26,Johnny Damon,1,0.0
26,Josh Norman,1,0.32375106333374143
26,Kareem Abdul-Jabbar,1,0.009523809523809528
26,Mirai Nagasu,1,1.1305518153592597e-16
26,Tonya Harding,1,0.3237714364555731
26,Adam Rippon,2,0.324444266337774
26,Arike Ogunbowale,2,0.0
26,Chris Mazdzer,2,0.0074173101417139885
26,Jennie Finch Daigle,2,0.013024786777227987
26,Josh Norman,2,0.3244709644058233
26,Kareem Abdul-Jabbar,2,0.006220885375292315
26,Mirai Nagasu,2,0.0
26,Tonya Harding,2,0.32442178696216845
26,Adam Rippon,3,0.32785001590013396
26,Chris Mazdzer,3,0.005521266501970368
26,Jennie Finch Daigle,3,0.010933114313616016
26,Josh Norman,3,0.3278232160973356
26,Mirai Nagasu,3,1.1179479651041158e-16
26,Tonya Harding,3,0.32787238718694395
26,Adam Rippon,4,0.3333327018613162
26,Josh Norman,4,0.3333438311673658
26,Tonya Harding,4,0.333323466971318
27,Alexis Ren,1,0.22614000374207216
27,Bobby Bones,1,0.2261400043805306
27,Danelle Umstead,1,0.0008013464462454431
27,DeMarcus Ware,1,0.016798519452368228
27,Evanna Lynch,1,0.22614000371392198
27,Joe Amabile,1,0.04660600527619733
27,John Schneider,1,0.021008281879966142
27,Juan Pablo Di Pace,1,0.00863016842381955
27,Mary Lou Retton,1,8.609629228167042e-05
27,Milo Manheim,1,0.226140003707276
27,Nancy McKeon,1,0.0008306318331952199
27,Nikki Glaser,1,0.0003965785125271107
27,Tinashe,1,0.00028235633959853765
27,Alexis Ren,2,0.22616007968512733
27,Bobby Bones,2,0.2261600805350287
27,Danelle Umstead,2,0.000780750107427033
27,DeMarcus Ware,2,0.016928386376956334
27,Evanna Lynch,2,0.2261600795895904
27,Joe Amabile,2,0.04669408804870091
27,John Schneider,2,0.021139425940868307
27,Juan Pablo Di Pace,2,0.008684188425216465
27,Mary Lou Retton,2,0.00010836671030476262
27,Milo Manheim,2,0.22616007958875228
27,Nancy McKeon,2,0.0007973357395379026
27,Tinashe,2,0.00022713925248962899
27,Alexis Ren,3,0.22625655206724032
27,Bobby Bones,3,0.2262565525067525
27,DeMarcus Ware,3,0.017119312338623013
27,Evanna Lynch,3,0.2262565521244403
27,Joe Amabile,3,0.04691191883902619
27,John Schneider,3,0.02122499885587326
27,Juan Pablo Di Pace,3,0.008707285518540657
27,Mary Lou Retton,3,7.658203016007536e-05
27,Milo Manheim,3,0.22625655210726595
27,Nancy McKeon,3,0.0008378324160536764
27,Tinashe,3,9.586119602415109e-05
27,Alexis Ren,4,0.22638405083735705
27,Bobby Bones,4,0.22638405178062565
27,DeMarcus Ware,4,0.01715043176523928
27,Evanna Lynch,4,0.2263840506626583
27,Joe Amabile,4,0.047322845558342756
27,John Schneider,4,0.0214607765928255
27,Juan Pablo Di Pace,4,0.00852974211006687
27,Mary Lou Retton,4,2.0805289583752832e-17
27,Milo Manheim,4,0.22638405069288467
27,Tinashe,4,3.7277974472962115e-17
27,Alexis Ren,5,0.22888390852881296
27,Bobby Bones,5,0.2288839089178198
27,DeMarcus Ware,5,0.013440967078375658
27,Evanna Lynch,5,0.22888390856658458
27,Joe Amabile,5,0.04115472111643746
27,John Schneider,5,0.021630024027274607
27,Juan Pablo Di Pace,5,0.008171305964424266
27,Mary Lou Retton,5,6.734721648857536e-05
27,Milo Manheim,5,0.2288839085837821
27,Alexis Ren,6,0.23140523288925421
27,Bobby Bones,6,0.2314052338196906
27,DeMarcus Ware,6,0.00976357796661064
27,Evanna Lynch,6,0.23140523277173478
27,Joe Amabile,6,0.034975166097902646
27,John Schneider,6,0.021789993334778348
27,Juan Pablo Di Pace,6,0.007850330335030442
27,Mary Lou Retton,6,1.2193058535205523e-17
27,Milo Manheim,6,0.23140523278499836
27,Alexis Ren,7,0.23513526617822586
27,Bobby Bones,7,0.2351352666838626
27,DeMarcus Ware,7,0.007117273406391905
27,Evanna Lynch,7,0.23513526616020752
27,Joe Amabile,7,0.03012602631666534
27,John Schneider,7,0.013415520403176416
27,Juan Pablo Di Pace,7,0.00880011466454268
27,Milo Manheim,7,0.23513526618692773
27,Alexis Ren,8,0.24142023482402666
27,Bobby Bones,8,0.24142023559714768
27,Evanna Lynch,8,0.24142023472874732
27,Joe Amabile,8,0.027803394864138558
27,Juan Pablo Di Pace,8,0.0065156652381555555
27,Milo Manheim,8,0.24142023474778426
27,Alexis Ren,9,0.24999999986807048
27,Bobby Bones,9,0.250000000479335
27,Evanna Lynch,9,0.2499999998027804
27,Milo Manheim,9,0.24999999984981405
28,Ally Brooke,1,0.23781303300523754
28,Hannah Brown,1,0.23781307671195862
28,James Van Der Beek,1,0.00034270013173808293
28,Karamo Brown,1,0.007366800719644441
28,Kate Flannery,1,0.002405298513169531
28,Kel Mitchell,1,0.23781305139140113
28,Lamar Odom,1,0.013735363269637995
28,Lauren Alaina,1,0.23781305230587318
28,Mary Wilson,1,5.951388361503003e-05
28,Ray Lewis,1,6.957952571439477e-05
28,Sailor Brinkley-Cook,1,6.186646345788982e-06
28,Sean Spicer,1,0.024762343895664268
28,Ally Brooke,2,0.23781129808749227
28,Hannah Brown,2,0.237811170543206
28,James Van Der Beek,2,0.0002257859193690376
28,Karamo Brown,2,0.007494841282479275
28,Kate Flannery,2,0.00224210095179752
28,Kel Mitchell,2,0.2378112441628542
28,Lamar Odom,2,0.013695927662695182
28,Lauren Alaina,2,0.23781123821725492
28,Mary Wilson,2,8.729194474776279e-18
28,Ray Lewis,2,7.226759566626499e-05
28,Sailor Brinkley-Cook,2,9.445854921674491e-19
28,Sean Spicer,2,0.025024125577185318
28,Ally Brooke,3,0.2380861135808749
28,Hannah Brown,3,0.23808631310204756
28,James Van Der Beek,3,0.00016645813267294747
28,Karamo Brown,3,0.0075489278901531235
28,Kate Flannery,3,0.0022036611846951233
28,Kel Mitchell,3,0.23808619880701168
28,Lamar Odom,3,0.012531072395664351
28,Lauren Alaina,3,0.23808620784349782
28,Sailor Brinkley-Cook,3,2.9632692746591282e-05
28,Sean Spicer,3,0.02517541437063587
28,Ally Brooke,4,0.23827162840349336
28,Hannah Brown,4,0.23827137427053008
28,James Van Der Beek,4,4.8325774508487866e-06
28,Karamo Brown,4,0.007421686967783121
28,Kate Flannery,4,0.002524750030406362
28,Kel Mitchell,4,0.23827151819452677
28,Lamar Odom,4,0.01125694848295302
28,Lauren Alaina,4,0.23827150230687752
28,Sailor Brinkley-Cook,4,4.660328744667894e-18
28,Sean Spicer,4,0.025705758765978953
28,Ally Brooke,5,0.23968416035566223
28,Hannah Brown,5,0.23968444660917074
28,James Van Der Beek,5,0.0007016208547720145
28,Karamo Brown,5,0.008743792097208446
28,Kate Flannery,5,0.003929027355565133
28,Kel Mitchell,5,0.23968428697925287
28,Lauren Alaina,5,0.23968430705967111
28,Sailor Brinkley-Cook,5,0.0005381341680484829
28,Sean Spicer,5,0.027350224520649
28,Ally Brooke,6,0.239813673118706
28,Hannah Brown,6,0.23981337851906628
28,James Van Der Beek,6,4.585462194133699e-05
28,Karamo Brown,6,0.008748831662743027
28,Kate Flannery,6,0.0039989402216592295
28,Kel Mitchell,6,0.2398135397411586
28,Lauren Alaina,6,0.23981351371397375
28,Sailor Brinkley-Cook,6,0.0
28,Sean Spicer,6,0.027952268400751833
28,Ally Brooke,7,0.24082177990964282
28,Hannah Brown,7,0.24082205859482114
28,James Van Der Beek,7,0.00012231026649299308
28,Karamo Brown,7,0.0023571119713001023
28,Kate Flannery,7,0.004812917842912316
28,Kel Mitchell,7,0.24082190941909035
28,Lauren Alaina,7,0.2408219363574959
28,Sean Spicer,7,0.02941997563824441
28,Ally Brooke,8,0.24216900503445613
28,Hannah Brown,8,0.24216876348704444
28,James Van Der Beek,8,0.00025857490526880634
28,Kate Flannery,8,1.6987630427796447e-18
28,Kel Mitchell,8,0.2421688898341287
28,Lauren Alaina,8,0.24216886223882186
28,Sean Spicer,8,0.031065904500280073
28,Ally Brooke,9,0.2432848067859677
28,Hannah Brown,9,0.2432849927744352
28,James Van Der Beek,9,0.0002964394886012011
28,Kel Mitchell,9,0.2432848976044178
28,Lauren Alaina,9,0.24328491951861037
28,Sean Spicer,9,0.026563943827967736
28,Ally Brooke,10,0.24884130797251053
28,Hannah Brown,10,0.24884119063813467
28,James Van Der Beek,10,0.0046350179389676215
28,Kel Mitchell,10,0.24884124963545193
28,Lauren Alaina,10,0.24884123381493528
28,Ally Brooke,11,0.24999997883815842
28,Hannah Brown,11,0.2500000187727555
28,Kel Mitchell,11,0.24999999889906477
28,Lauren Alaina,11,0.25000000349002144
29,AJ McLean,1,0.0002071414252080348
29,Anne Heche,1,0.0001640618569498676
29,Carole Baskin,1,0.0
29,Charles Oakley,1,0.0
29,Chrishell Stause,1,0.0006103740869172052
29,Jeannie Mai,1,0.00013467981822561583
29,Jesse Metcalfe,1,0.0001736600624259544
29,Johnny Weir,1,0.0003703698238034532
29,Justina Machado,1,0.24700143028612906
29,Kaitlyn Bristowe,1,0.24700142744700582
29,Monica Aldama,1,1.844462248356057e-05
29,Nelly,1,0.24700142705078537
29,Nev Schulman,1,0.24700143263212984
29,Skai Jackson,1,0.01028432900219854
29,Veron Davis,1,3.122188573768733e-05
29,AJ McLean,2,8.995235338302306e-05
29,Anne Heche,2,0.0
29,Carole Baskin,2,7.616434816993202e-05
29,Charles Oakley,2,4.797594613248357e-18
29,Chrishell Stause,2,0.0005094856501694236
29,Jeannie Mai,2,0.0003340823065237482
29,Jesse Metcalfe,2,0.00010690151066692015
29,Johnny Weir,2,0.0003778088329776431
29,Justina Machado,2,0.2470223651972676
29,Kaitlyn Bristowe,2,0.24702237283133177
29,Monica Aldama,2,0.0
29,Nelly,2,0.24702237456618925
29,Nev Schulman,2,0.2470223588990629
29,Skai Jackson,2,0.010215706685403189
29,Veron Davis,2,0.00020042681885441423
29,AJ McLean,3,0.00018946367325420988
29,Anne Heche,3,0.0
29,Carole Baskin,3,2.398910351773307e-06
29,Chrishell Stause,3,0.0004020485535415222
29,Jeannie Mai,3,0.00017576164967975848
29,Jesse Metcalfe,3,5.930899202388578e-05
29,Johnny Weir,3,0.00022463824337075317
29,Justina Machado,3,0.24706163262488706
29,Kaitlyn Bristowe,3,0.24706162102325344
29,Monica Aldama,3,0.00021085062310947255
29,Nelly,3,0.24706162032252085
29,Nev Schulman,3,0.24706164199874942
29,Skai Jackson,3,0.010489013385257748
29,Veron Davis,3,0.0
29,AJ McLean,4,5.751712103053676e-05
29,Anne Heche,4,6.29514886399396e-18
29,Chrishell Stause,4,0.00027384382221596633
29,Jeannie Mai,4,5.163512846462215e-18
29,Jesse Metcalfe,4,0.00027243879209496607
29,Johnny Weir,4,0.0001528454090118213
29,Justina Machado,4,0.24712914432407235
29,Kaitlyn Bristowe,4,0.2471291555788127
29,Monica Aldama,4,0.0
29,Nelly,4,0.24712915622750703
29,Nev Schulman,4,0.2471291350004277
29,Skai Jackson,4,0.010726763724827032
29,Veron Davis,4,2.0635594537051732e-18
29,AJ McLean,5,4.446067875775316e-05
29,Chrishell Stause,5,0.00021505724343309651
29,Jeannie Mai,5,4.9338087101320996e-05
29,Jesse Metcalfe,5,0.0001179519206301132
29,Johnny Weir,5,5.211608987879874e-06
29,Justina Machado,5,0.24714621211546764
29,Kaitlyn Bristowe,5,0.2471462034078966
29,Monica Aldama,5,0.0
29,Nelly,5,0.2471462048829269
29,Nev Schulman,5,0.24714621973691644
29,Skai Jackson,5,0.010929851507739289
29,Veron Davis,5,5.328881014298946e-05
29,AJ McLean,6,2.0793616284359654e-17
29,Chrishell Stause,6,4.005429847197519e-17
29,Jeannie Mai,6,3.586141960888542e-18
29,Johnny Weir,6,0.0
29,Justina Machado,6,0.24720267691717496
29,Kaitlyn Bristowe,6,0.24720268059720674
29,Monica Aldama,6,2.9051274712960847e-18
29,Nelly,6,0.24720267774991775
29,Nev Schulman,6,0.2472026723181934
29,Skai Jackson,6,0.011189292417507185
29,Veron Davis,6,0.0
29,AJ McLean,7,4.065758146820642e-18
29,Chrishell Stause,7,2.9843088901289876e-05
29,Jeannie Mai,7,0.00010963725586685081
29,Johnny Weir,7,0.00012166815204011552
29,Justina Machado,7,0.24744066066139755
29,Kaitlyn Bristowe,7,0.24744066252094327
29,Monica Aldama,7,2.778268066994105e-18
29,Nelly,7,0.24744066686034344
29,Nev Schulman,7,0.24744066272349843
29,Skai Jackson,7,0.00997619873700912
29,AJ McLean,8,1.4257258568184383e-17
29,Chrishell Stause,8,0.0
29,Johnny Weir,8,0.0
29,Justina Machado,8,0.24778100462352087
29,Kaitlyn Bristowe,8,0.24778099640727438
29,Nelly,8,0.24778099364490835
29,Nev Schulman,8,0.2477810049391169
29,Skai Jackson,8,0.008876000385179562
29,AJ McLean,9,2.961227183601034e-18
29,Johnny Weir,9,4.2825985813177425e-18
29,Justina Machado,9,0.24808526809397857
29,Kaitlyn Bristowe,9,0.24808527828022028
29,Nelly,9,0.24808528055158025
29,Nev Schulman,9,0.24808526688402371
29,Skai Jackson,9,0.007658906190197212
29,Johnny Weir,10,0.0
29,Justina Machado,10,0.24837578640810312
29,Kaitlyn Bristowe,10,0.24837577800008157
29,Nelly,10,0.24837577706074523
29,Nev Schulman,10,0.2483757878125299
29,Skai Jackson,10,0.006496870718540224
29,Justina Machado,11,0.24999999851812596
29,Kaitlyn Bristowe,11,0.2500000012532233
29,Nelly,11,0.25000000210773393
29,Nev Schulman,11,0.24999999812091686
30,Amanda Kloots,1,0.24402782701202355
30,Brian Austin Green,1,0.006630786768263252
30,Christine Chiu,1,8.67644553010517e-05
30,Cody Rigsby,1,0.24402782762283987
30,Iman Shumpert,1,0.2442390289977
30,Jimmie Allen,1,0.0035517131068792005
30,JoJo Siwa,1,0.24402782704536632
30,Kenya Moore,1,7.087706747363067e-05
30,Martin Kove,1,3.6580959248012286e-05
30,Matt James,1,0.0032986760631196544
30,Melanie C,1,1.758143713640697e-06
30,Melora Hardin,1,0.00015610575001873117
30,"Mike ""The Miz"" Mizanin",1,0.009710906322186316
30,Olivia Jade,1,4.1580256359864677e-19
30,Suni Lee,1,0.0001333206858668993
30,Amanda Kloots,2,0.24407019841446564
30,Brian Austin Green,2,0.00668804436048112
30,Christine Chiu,2,4.404270675898182e-05
30,Cody Rigsby,2,0.24407020077045158
30,Iman Shumpert,2,0.2442242464858811
30,Jimmie Allen,2,0.0035586487995461417
30,JoJo Siwa,2,0.24407019800893887
30,Kenya Moore,2,8.300047132312911e-05
30,Martin Kove,2,2.9888890002222296e-05
30,Matt James,2,0.003307027142671916
30,Melanie C,2,1.180397197831958e-05
30,Melora Hardin,2,2.708255211282438e-05
30,"Mike ""The Miz"" Mizanin",2,0.009643858548222655
30,Olivia Jade,2,2.93600263732436e-05
30,Suni Lee,2,0.0001423988507922717
30,Amanda Kloots,3,0.24410355322027089
30,Brian Austin Green,3,0.006699684460988945
30,Christine Chiu,3,6.39560594076202e-18
30,Cody Rigsby,3,0.24410355234805284
30,Iman Shumpert,3,0.24436490979308492
30,Jimmie Allen,3,0.003704763544590017
30,JoJo Siwa,3,0.24410355364952488
30,Kenya Moore,3,3.3876703494456527e-18
30,Matt James,3,0.0033439797630023713
30,Melanie C,3,3.383087772797347e-18
30,Melora Hardin,3,0.0
30,"Mike ""The Miz"" Mizanin",3,0.009560317361889477
30,Olivia Jade,3,5.535997554539625e-19
30,Suni Lee,3,1.568585859567755e-05
30,Amanda Kloots,4,0.2444388129639618
30,Brian Austin Green,4,0.005887898068034863
30,Cody Rigsby,4,0.2444388163948556
30,Iman Shumpert,4,0.24456026610906445
30,Jimmie Allen,4,0.0040240192922723125
30,JoJo Siwa,4,0.24443881224863698
30,Kenya Moore,4,9.99397435420373e-06
30,Matt James,4,0.0024136340951214502
30,Melanie C,4,7.580010654122089e-19
30,Melora Hardin,4,1.6792739451948872e-18
30,"Mike ""The Miz"" Mizanin",4,0.009658504180001241
30,Olivia Jade,4,4.747667637601803e-19
30,Suni Lee,4,0.00012924267369712847
30,Amanda Kloots,5,0.2454960583226304
30,Cody Rigsby,5,0.24549605687633538
30,Iman Shumpert,5,0.24574844127438078
30,Jimmie Allen,5,0.005180038209863261
30,JoJo Siwa,5,0.24549605899119423
30,Kenya Moore,5,0.000494659869454431
30,Melanie C,5,1.2557095410195793e-18
30,Melora Hardin,5,0.0003440820344735763
30,"Mike ""The Miz"" Mizanin",5,0.010374843404668458
30,Olivia Jade,5,0.00036998420566873976
30,Suni Lee,5,0.000999776811330738
30,Amanda Kloots,6,0.24605281914625618
30,Cody Rigsby,6,0.2460528227068698
30,Iman Shumpert,6,0.24621274976757873
30,Jimmie Allen,6,0.004695883289320464
30,JoJo Siwa,6,0.24605281842532756
30,Kenya Moore,6,0.00042195309927582116
30,Melora Hardin,6,0.00017286137106865262
30,"Mike ""The Miz"" Mizanin",6,0.008951177828821506
30,Olivia Jade,6,0.0001570287972584733
30,Suni Lee,6,0.0012298855682229169
30,Amanda Kloots,7,0.24661344274657213
30,Cody Rigsby,7,0.24661344169075988
30,Iman Shumpert,7,0.2468087206204777
30,Jimmie Allen,7,0.004254840140850005
30,JoJo Siwa,7,0.2466134433319675
30,Melora Hardin,7,4.359152050129511e-06
30,"Mike ""The Miz"" Mizanin",7,0.007606877674302287
30,Olivia Jade,7,7.1159161488029045e-19
30,Suni Lee,7,0.001484874643020325
30,Amanda Kloots,8,0.24803919253728074
30,Cody Rigsby,8,0.24803919533585725
30,Iman Shumpert,8,0.24824460056744252
30,Jimmie Allen,8,0.004525566411077064
30,JoJo Siwa,8,0.24803919207258893
30,Melora Hardin,8,0.0005815752269309718
30,Olivia Jade,8,0.0003577730980492007
30,Suni Lee,8,0.002172904750773368
30,Amanda Kloots,9,0.24912494529223073
30,Cody Rigsby,9,0.24912494531200288
30,Iman Shumpert,9,0.24928764170987627
30,JoJo Siwa,9,0.24912494555151202
30,Melora Hardin,9,0.0009378774319390986
30,Suni Lee,9,0.002399644702438957
30,Amanda Kloots,10,0.24994979249844748
30,Cody Rigsby,10,0.24994979400495246
30,Iman Shumpert,10,0.2501506210831895
30,JoJo Siwa,10,0.2499497924134106
31,Charli D'Amelio,1,0.245270732759936
31,Cheryl Ladd,1,0.004818297454443555
31,Daniel Durant,1,0.0016076010068870156
31,Gabby Windey,1,0.24527073358961776
31,Heidi D'Amelio,1,1.3956181983092593e-17
31,Jason Lewis,1,0.0004873384820413641
31,Jessie James Decker,1,1.5067116309874228e-17
31,Jordin Sparks,1,2.2510619532511975e-17
31,Joseph Baena,1,1.4132885493131722e-05
31,Sam Champion,1,0.0014828504549071798
31,Selma Blair,1,7.253323932041264e-05
31,Shangela,1,0.2452707331331692
31,Teresa Giudice,1,1.6728105066592752e-17
31,Trevor Donovan,1,0.0002219787719700808
31,Vinny Guadagnino,1,0.010212334540155181
31,Wayne Brady,1,0.24527073368205912
31,Charli D'Amelio,2,0.2453051818197885
31,Cheryl Ladd,2,0.004847771011113012
31,Daniel Durant,2,0.0018127744211356427
31,Gabby Windey,2,0.2453051815298769
31,Heidi D'Amelio,2,1.755133262022691e-17
31,Jessie James Decker,2,2.807032665268147e-17
31,Jordin Sparks,2,1.9714355108663996e-05
31,Joseph Baena,2,2.949613048443784e-05
31,Sam Champion,2,0.0015095919211452872
31,Selma Blair,2,4.617860341912743e-05
31,Shangela,2,0.24530518116731623
31,Teresa Giudice,2,8.753111876289796e-18
31,Trevor Donovan,2,0.00017191250766223628
31,Vinny Guadagnino,2,0.010341834148361739
31,Wayne Brady,2,0.2453051823845882
31,Charli D'Amelio,3,0.24538813635034615
31,Cheryl Ladd,3,0.004088917418416649
31,Daniel Durant,3,0.002169767584125734
31,Gabby Windey,3,0.24538813817875155
31,Heidi D'Amelio,3,4.9218664492866883e-17
31,Jessie James Decker,3,2.2249602425607115e-17
31,Jordin Sparks,3,3.631407138272707e-17
31,Joseph Baena,3,1.1480766756450037e-17
31,Sam Champion,3,0.0016052141514871774
31,Selma Blair,3,2.1790197187205573e-17
31,Shangela,3,0.2453881376511077
31,Trevor Donovan,3,0.00011121515407793201
31,Vinny Guadagnino,3,0.010472335922078505
31,Wayne Brady,3,0.24538813758960845
31,Charli D'Amelio,4,0.2458817880716256
31,Daniel Durant,4,0.002756219775799738
31,Gabby Windey,4,0.24588178699580873
31,Heidi D'Amelio,4,0.00014527215762920285
31,Jessie James Decker,4,6.547332044593482e-05
31,Jordin Sparks,4,0.00014369420250088047
31,Joseph Baena,4,0.00014764374774843962
31,Sam Champion,4,0.001821156246179317
31,Selma Blair,4,0.00015883747906616925
31,Shangela,4,0.24588178672458813
31,Trevor Donovan,4,0.00027112503131636274
31,Vinny Guadagnino,4,0.010963427872800642
31,Wayne Brady,4,0.24588178837449076
31,Charli D'Amelio,5,0.24614890188344563
31,Daniel Durant,5,0.0033338182056514756
31,Gabby Windey,5,0.24614890418891283
31,Heidi D'Amelio,5,9.762081595572583e-05
31,Jessie James Decker,5,9.317788318074645e-05
31,Jordin Sparks,5,8.831188053130777e-05
31,Joseph Baena,5,4.113265982231283e-18
31,Selma Blair,5,0.00021077478475276827
31,Shangela,5,0.24614890357667055
31,Trevor Donovan,5,0.00026990119539053927
31,Vinny Guadagnino,5,0.011310782310197517
31,Wayne Brady,5,0.24614890327531092
31,Charli D'Amelio,6,0.2464443574374604
31,Daniel Durant,6,0.0025007024959994226
31,Gabby Windey,6,0.24644435621082264
31,Heidi D'Amelio,6,2.6756556570340932e-17
31,Jessie James Decker,6,6.295233880724674e-18
31,Jordin Sparks,6,2.144470225991694e-17
31,Shangela,6,0.24644435597536288
31,Trevor Donovan,6,0.00014344778443075334
31,Vinny Guadagnino,6,0.011578422423913052
31,Wayne Brady,6,0.24644435767201087
31,Charli D'Amelio,7,0.24688484561195864
31,Daniel Durant,7,0.00195585866425072
31,Gabby Windey,7,0.24688484771927946
31,Heidi D'Amelio,7,2.2014194553237923e-05
31,Jordin Sparks,7,6.002910406086961e-05
31,Shangela,7,0.2468848471248984
31,Trevor Donovan,7,0.00013571539171885672
31,Vinny Guadagnino,7,0.010286995221438071
31,Wayne Brady,7,0.24688484696784183
31,Charli D'Amelio,8,0.24737093658837975
31,Daniel Durant,8,0.00143055968691365
31,Gabby Windey,8,0.24737093588285503
31,Heidi D'Amelio,8,5.216540059387633e-19
31,Shangela,8,0.24737093562247747
31,Trevor Donovan,8,8.521946855253886e-06
31,Vinny Guadagnino,8,0.00907717330540961
31,Wayne Brady,8,0.24737093696710935
31,Charli D'Amelio,9,0.24916879308305825
31,Daniel Durant,9,0.002344665361740876
31,Gabby Windey,9,0.2491687944031283
31,Shangela,9,0.24916879389215532
31,Trevor Donovan,9,0.0009801590707280506
31,Wayne Brady,9,0.24916879418918925
31,Charli D'Amelio,10,0.24999999979847648
31,Gabby Windey,10,0.25000000004137446
31,Shangela,10,0.24999999966511313
31,Wayne Brady,10,0.250000000495036
32,Adrian Peterson,1,0.00418198190672453
32,Alyson Hannigan,1,0.1870739314840567
32,Ariana Madix,1,0.1870739290704594
32,Barry Williams,1,0.012812910260283597
32,Charity Lawson,1,0.18707392356169086
32,Harry Jowsey,1,0.030173464060948372
32,Jamie Lynn Spears,1,4.139508650889074e-17
32,Jason Mraz,1,0.18707392217604032
32,Lele Pons,1,0.00015615295088193868
32,Matt Walsh,1,2.2705253588744733e-05
32,Mauricio Umansky,1,0.016787374081974234
32,Mira Sorvino,1,0.0003970187306786835
32,Tyson Beckford,1,9.875974131624946e-05
32,Xochitl Gomez,1,0.1870739267213565
32,Adrian Peterson,2,0.004179411971744988
32,Alyson Hannigan,2,0.18708935783330036
32,Ariana Madix,2,0.18708936578686253
32,Barry Williams,2,0.01287614240743872
32,Charity Lawson,2,0.1870893809538238
32,Harry Jowsey,2,0.030156219427391624
32,Jamie Lynn Spears,2,3.433569022534308e-17
32,Jason Mraz,2,0.1870893847407912
32,Lele Pons,2,7.464498400044554e-05
32,Mauricio Umansky,2,0.016784453988551735
32,Mira Sorvino,2,0.00045536013919057116
32,Tyson Beckford,2,2.690508707616436e-05
32,Xochitl Gomez,2,0.1870893726798282
32,Adrian Peterson,3,0.00271719046612493
32,Alyson Hannigan,3,0.1874251943352331
32,Ariana Madix,3,0.18742518175480707
32,Barry Williams,3,0.01332700426138714
32,Charity Lawson,3,0.1874251572656142
32,Harry Jowsey,3,0.03056294946266062
32,Jason Mraz,3,0.18742515123949668
32,Lele Pons,3,0.00016893698130877584
32,Mauricio Umansky,3,0.015117549112615477
32,Mira Sorvino,3,0.0009188799382183247
32,Tyson Beckford,3,6.16341693567354e-05
32,Xochitl Gomez,3,0.1874251710131769
32,Adrian Peterson,4,0.0013055395651345777
32,Alyson Hannigan,4,0.18781791673098538
32,Ariana Madix,4,0.18781793417138787
32,Barry Williams,4,0.013794825409764773
32,Charity Lawson,4,0.18781796510516405
32,Harry Jowsey,4,0.030894233905183283
32,Jason Mraz,4,0.18781797253427238
32,Lele Pons,4,9.154684637176908e-05
32,Mauricio Umansky,4,0.013529292482706541
32,Mira Sorvino,4,0.0012948254097648287
32,Xochitl Gomez,4,0.18781794783926456
32,Alyson Hannigan,5,0.18833250613503325
32,Ariana Madix,5,0.1883324854900254
32,Barry Williams,5,0.01364919170157995
32,Charity Lawson,5,0.18833244971498755
32,Harry Jowsey,5,0.03141008111053615
32,Jason Mraz,5,0.18833244135137084
32,Lele Pons,5,6.680755433051136e-05
32,Mauricio Umansky,5,0.0120157997850001
32,Mira Sorvino,5,0.0011957670129743331
32,Xochitl Gomez,5,0.18833247014416207
32,Alyson Hannigan,6,0.18880372405938728
32,Ariana Madix,6,0.18880374721950702
32,Barry Williams,6,0.0135762412469117
32,Charity Lawson,6,0.18880378402657516
32,Harry Jowsey,6,0.03193042287607344
32,Jason Mraz,6,0.18880379237093212
32,Lele Pons,6,6.709309471673137e-17
32,Mauricio Umansky,6,0.01047452520964153
32,Xochitl Gomez,6,0.1888037629909719
32,Alyson Hannigan,7,0.19046978836205164
32,Ariana Madix,7,0.19046976532611054
32,Barry Williams,7,0.014155703380736202
32,Charity Lawson,7,0.19046972960333833
32,Harry Jowsey,7,0.03349554118492615
32,Jason Mraz,7,0.19046972172285598
32,Lele Pons,7,7.20900407700707e-17
32,Xochitl Gomez,7,0.19046975041998113
32,Alyson Hannigan,8,0.1916397293409397
32,Ariana Madix,8,0.19163975075355358
32,Barry Williams,8,0.007079908827364073
32,Charity Lawson,8,0.19163978160660736
32,Harry Jowsey,8,0.03472127760292143
32,Jason Mraz,8,0.19163978820490613
32,Xochitl Gomez,8,0.19163976366370786
32,Alyson Hannigan,9,0.19384792002293313
32,Ariana Madix,9,0.19384790313584624
32,Charity Lawson,9,0.19384787875956133
32,Harry Jowsey,9,0.030760531261519793
32,Jason Mraz,9,0.1938478736216036
32,Xochitl Gomez,9,0.19384789319853585
32,Alyson Hannigan,10,0.19999998311196826
32,Ariana Madix,10,0.19999999434430238
32,Charity Lawson,10,0.20000000942126267
32,Jason Mraz,10,0.20000001252374724
32,Xochitl Gomez,10,0.2000000005987194
32,Alyson Hannigan,11,0.20000000576540045
32,Ariana Madix,11,0.20000000210821978
32,Charity Lawson,11,0.19999999664261417
32,Jason Mraz,11,0.19999999551498748
32,Xochitl Gomez,11,0.19999999996877812
33,Anna Delvey,1,0.0
33,Brooks Nader,1,0.0
33,Chandler Kinney,1,0.19235229018821184
33,Danny Amendola,1,0.1923511550974209
33,Dwight Howard ,1,0.0071448945687320395
33,Eric Roberts,1,0.015478199821185357
33,Ilona Maher,1,0.19235312405852945
33,Jenn Tran,1,3.6422416731934915e-18
33,Joey Graziadei,1,0.19235264237088526
33,Phaedra Parks,1,0.00013713375398283616
33,Reginald VelJohnson,1,0.015478199814121447
33,Stephen Nedoroscik,1,0.19235236032693076
33,Tori Spelling,1,9.768897593622676e-18
33,Anna Delvey,2,0.0
33,Brooks Nader,2,0.0
33,Chandler Kinney,2,0.19238649260585963
33,Danny Amendola,2,0.19238972253394898
33,Dwight Howard ,2,0.007127537618596166
33,Eric Roberts,2,0.015470305867217779
33,Ilona Maher,2,0.1923840466340889
33,Jenn Tran,2,4.779618973214265e-18
33,Joey Graziadei,2,0.192385434012737
33,Phaedra Parks,2,6.077131917646958e-18
33,Reginald VelJohnson,2,0.01547030586721778
33,Stephen Nedoroscik,2,0.19238615486033372
33,Tori Spelling,2,0.0
33,Brooks Nader,3,3.4688205399502932e-18
33,Chandler Kinney,3,0.19318280676376562
33,Danny Amendola,3,0.19317796909404056
33,Dwight Howard ,3,0.00790793425687338
33,Eric Roberts,3,0.012939304722321939
33,Ilona Maher,3,0.1931866876882496
33,Jenn Tran,3,1.796621420878081e-05
33,Joey Graziadei,3,0.1931845611613945
33,Phaedra Parks,3,0.00027974185547853883
33,Reginald VelJohnson,3,0.012939304723106532
33,Stephen Nedoroscik,3,0.1931837235205605
33,Brooks Nader,4,0.001045501240655272
33,Chandler Kinney,4,0.19643353175991693
33,Danny Amendola,4,0.1964392899607157
33,Dwight Howard ,4,0.011227047797881685
33,Ilona Maher,4,0.19642853951304093
33,Jenn Tran,4,0.0025704113949457604
33,Joey Graziadei,4,0.1964311482517405
33,Phaedra Parks,4,0.0029928072538420005
33,Stephen Nedoroscik,4,0.19643172282726126
33,Chandler Kinney,5,0.19695101769908127
33,Danny Amendola,5,0.19694509317572637
33,Dwight Howard ,5,0.01012026500018322
33,Ilona Maher,5,0.19695662367639238
33,Jenn Tran,5,0.002363894953158226
33,Joey Graziadei,5,0.19695384810314281
33,Phaedra Parks,5,0.0027554584768059304
33,Stephen Nedoroscik,5,0.1969537989155099
33,Chandler Kinney,6,0.19764907411465996
33,Danny Amendola,6,0.19765446377756665
33,Dwight Howard ,6,0.009299835563319942
33,Ilona Maher,6,0.19764352020537146
33,Jenn Tran,6,0.0024613445841838513
33,Joey Graziadei,6,0.19764612784239774
33,Stephen Nedoroscik,6,0.19764563391250028
33,Chandler Kinney,7,0.1983587800697999
33,Danny Amendola,7,0.19835450412287947
33,Dwight Howard ,7,0.008199621262828619
33,Ilona Maher,7,0.1983635172903549
33,Joey Graziadei,7,0.19836139103403824
33,Stephen Nedoroscik,7,0.19836218622009893
33,Chandler Kinney,8,0.20000095584404035
33,Danny Amendola,8,0.20000369471050905
33,Ilona Maher,8,0.1999977610450019
33,Joey Graziadei,8,0.19999914960008047
33,Stephen Nedoroscik,8,0.19999843880036816
33,Chandler Kinney,9,0.1999996478137011
33,Danny Amendola,9,0.19999870591649033
33,Ilona Maher,9,0.20000077635031466
33,Joey Graziadei,9,0.20000029383276455
33,Stephen Nedoroscik,9,0.2000005760867294
34,Alix Earle,1,0.1926859449292674
34,Andy Richter,1,0.019831551005502598
34,Baron Davis,1,5.749951417240611e-05
34,Corey Feldman,1,3.4972244930132616e-05
34,Danielle Fishel,1,0.008118251535410915
34,Dylan Efron,1,0.19268594596499553
34,Elaine Hendrix,1,0.19268594324932112
34,Hilaria Baldwin,1,8.455706847104783e-05
34,Jen Affleck,1,0.00010039527970243233
34,Jordan Chiles,1,0.19268594340267328
34,Lauren Jauregui,1,0.00035688596470233357
34,Robert Irwin,1,0.1926859404051404
34,Scott Hoying,1,0.007846259105252428
34,Whitney Leavitt,1,0.0001399103285716422
34,Alix Earle,2,0.19270929638990963
34,Andy Richter,2,0.019860325700622197
34,Baron Davis,2,3.215007781767763e-05
34,Corey Feldman,2,1.5948959016945637e-05
34,Danielle Fishel,2,0.008019988270062239
34,Dylan Efron,2,0.19270929311676524
34,Elaine Hendrix,2,0.19270929995245525
34,Hilaria Baldwin,2,9.994127326999188e-05
34,Jen Affleck,2,0.00023991625493692033
34,Jordan Chiles,2,0.19270930065873493
34,Lauren Jauregui,2,0.00020217156829498975
34,Robert Irwin,2,0.1927093089256127
34,Scott Hoying,2,0.007951798230499121
34,Whitney Leavitt,2,3.126062200215402e-05
34,Alix Earle,3,0.19274316872247876
34,Andy Richter,3,0.019956144663926548
34,Danielle Fishel,3,0.007939926544053897
34,Dylan Efron,3,0.1927431734353611
34,Elaine Hendrix,3,0.19274316206314543
34,Hilaria Baldwin,3,0.00010773822341748139
34,Jen Affleck,3,2.6837569055123624e-05
34,Jordan Chiles,3,0.19274316173088854
34,Lauren Jauregui,3,0.00019195771412821005
34,Robert Irwin,3,0.1927431483322111
34,Scott Hoying,3,0.00801300596352266
34,Whitney Leavitt,3,4.8575037811222566e-05
34,Alix Earle,4,0.1927526445666451
34,Andy Richter,4,0.020143429498484883
34,Danielle Fishel,4,0.008046655304936501
34,Dylan Efron,4,0.19275263860469377
34,Elaine Hendrix,4,0.19275265247178253
34,Hilaria Baldwin,4,2.757006055458269e-18
34,Jen Affleck,4,1.4797619854431128e-18
34,Jordan Chiles,4,0.1927526536032435
34,Robert Irwin,4,0.19275267064527724
34,Scott Hoying,4,0.008046655304936503
34,Whitney Leavitt,4,6.788929716295411e-19
34,Alix Earle,5,0.19334494269097247
34,Andy Richter,5,0.01875391266769928
34,Danielle Fishel,5,0.007113621081156279
34,Dylan Efron,5,0.19334494893249404
34,Elaine Hendrix,5,0.1933449327133856
34,Jen Affleck,5,6.666149746832817e-05
34,Jordan Chiles,5,0.19334493203973846
34,Robert Irwin,5,0.19334491215058736
34,Scott Hoying,5,0.007341136226498201
34,Whitney Leavitt,5,0.0
34,Alix Earle,6,0.19399744676078062
34,Andy Richter,6,0.017166693911502138
34,Danielle Fishel,6,0.006161183625630772
34,Dylan Efron,6,0.19399744048615114
34,Elaine Hendrix,6,0.19399745664715481
34,Jen Affleck,6,4.6483186087952876e-05
34,Jordan Chiles,6,0.19399745796737694
34,Robert Irwin,6,0.19399747865244266
34,Scott Hoying,6,0.006638358762872988
34,Whitney Leavitt,6,6.548187527774296e-18
34,Alix Earle,7,0.1952344078002231
34,Andy Richter,7,0.016402656511608382
34,Danielle Fishel,7,0.0059159638293925934
34,Dylan Efron,7,0.19523441317769866
34,Elaine Hendrix,7,0.19523439735519557
34,Jen Affleck,7,0.0008217496672652305
34,Jordan Chiles,7,0.19523439670222872
34,Robert Irwin,7,0.1952343764168479
34,Whitney Leavitt,7,0.0006876385395399185
34,Alix Earle,8,0.19582956471916302
34,Andy Richter,8,0.015083233679154703
34,Danielle Fishel,8,0.00514901712951998
34,Dylan Efron,8,0.1958295601744215
34,Elaine Hendrix,8,0.19582957338748938
34,Jordan Chiles,8,0.19582957455121247
34,Robert Irwin,8,0.1958295922721369
34,Whitney Leavitt,8,0.0006198840869020996
34,Alix Earle,9,0.19698727077337555
34,Andy Richter,9,0.013889492144545922
34,Dylan Efron,9,0.19698727392079668
34,Elaine Hendrix,9,0.19698726327063076
34,Jordan Chiles,9,0.19698726290101776
34,Robert Irwin,9,0.19698724878908355
34,Whitney Leavitt,9,0.00117418820054971
34,Alix Earle,10,0.19941510208203514
34,Dylan Efron,10,0.19941510000803123
34,Elaine Hendrix,10,0.1994151062788988
34,Jordan Chiles,10,0.19941510702656598
34,Robert Irwin,10,0.19941511580836868
34,Whitney Leavitt,10,0.0029244687961001636
34,Alix Earle,11,0.20000000162345657
34,Dylan Efron,11,0.20000000217226366
34,Elaine Hendrix,11,0.19999999968285612
34,Jordan Chiles,11,0.19999999984461772
34,Robert Irwin,11,0.19999999667680599
