season,celebrity_name,week,p_est
1,Evander Holyfield,1,0.0003601590330732845
1,Joey McIntyre,1,0.0005119485262940124
1,John O'Hurley,1,0.4994044269351316
1,Kelly Monaco,1,0.4994053189317144
1,Rachel Hunter,1,0.00024996118861684387
1,Trista Sutter,1,6.81853851698626e-05
1,Evander Holyfield,2,0.00010967352923638171
1,Joey McIntyre,2,0.0004693051452047089
1,John O'Hurley,2,0.49949165046244187
1,Kelly Monaco,2,0.4994892155634633
1,Rachel Hunter,2,0.00033184293325674017
1,Trista Sutter,2,0.00010831236801106755
1,Evander Holyfield,3,3.0091926829080626e-05
1,Joey McIntyre,3,0.000493515612705292
1,John O'Hurley,3,0.4996590497359653
1,Kelly Monaco,3,0.4996623737746157
1,Rachel Hunter,3,0.00015496894988484102
1,Joey McIntyre,4,0.00038033624693625454
1,John O'Hurley,4,0.49973445795521915
1,Kelly Monaco,4,0.4997311378934398
1,Rachel Hunter,4,0.00015406790440494335
1,Joey McIntyre,5,0.0003637605195922705
1,John O'Hurley,5,0.49981690542025237
1,Kelly Monaco,5,0.49981933406015583
1,John O'Hurley,6,0.500000444031221
1,Kelly Monaco,6,0.4999995559687789
2,Drew Lachey,1,0.3323013467594051
2,George Hamilton,1,8.290931541906874e-19
2,Giselle Fernandez,1,6.014948724584751e-05
2,Jerry Rice,1,0.33230174943339996
2,Kenny Mayne,1,5.306524137287937e-19
2,Lisa Rinna,1,0.0028456179622959256
2,Master P,1,2.1875481177570654e-05
2,Stacy Keibler,1,0.33230165575606896
2,Tatum O'Neal,1,2.675193645047286e-07
2,Tia Carrere,1,0.00016733760104218232
2,Drew Lachey,2,0.3323109784405461
2,George Hamilton,2,2.9825659996394883e-06
2,Giselle Fernandez,2,0.000266199286010991
2,Jerry Rice,2,0.3323098228169781
2,Lisa Rinna,2,0.002663435722670216
2,Master P,2,4.9758918161252066e-05
2,Stacy Keibler,2,0.3323100890544234
2,Tatum O'Neal,2,8.647922162320605e-18
2,Tia Carrere,2,8.67331952104137e-05
2,Drew Lachey,3,0.3324102226843579
2,George Hamilton,3,3.509594757043777e-06
2,Giselle Fernandez,3,1.5267918454914344e-05
2,Jerry Rice,3,0.33241196615390256
2,Lisa Rinna,3,0.002577450585376151
2,Master P,3,9.803526792168965e-05
2,Stacy Keibler,3,0.3324115737675108
2,Tia Carrere,3,7.19740277188876e-05
2,Drew Lachey,4,0.3325204903544385
2,George Hamilton,4,2.963657790047329e-05
2,Jerry Rice,4,0.3325184071373148
2,Lisa Rinna,4,0.0023388731405029704
2,Master P,4,2.9636577900465975e-05
2,Stacy Keibler,4,0.3325188629054801
2,Tia Carrere,4,4.409330646274747e-05
2,Drew Lachey,5,0.3325993547719181
2,George Hamilton,5,3.373557838658326e-05
2,Jerry Rice,5,0.33260146352074416
2,Lisa Rinna,5,0.0021644293611374644
2,Stacy Keibler,5,0.3326010167678138
2,Tia Carrere,5,3.0266894665033528e-18
2,Drew Lachey,6,0.33271041291128867
2,George Hamilton,6,2.528175832147761e-05
2,Jerry Rice,6,0.33270860231437815
2,Lisa Rinna,6,0.0018467278634401423
2,Stacy Keibler,6,0.3327089751525716
2,Drew Lachey,7,0.3328098757988329
2,Jerry Rice,7,0.3328110952566714
2,Lisa Rinna,7,0.0015681790417060868
2,Stacy Keibler,7,0.3328108499027896
2,Drew Lachey,8,0.33333359227763715
2,Jerry Rice,8,0.33333316088860526
2,Stacy Keibler,8,0.3333332468337577
3,Emmitt Smith,1,0.4995199920209637
3,Harry Hamlin,1,1.599198204416119e-18
3,Jerry Springer,1,0.0001858318323505687
3,Joey Lawrence,1,6.520164791536413e-05
3,Mario Lopez,1,0.499520060873727
3,Monique Coleman,1,0.00022259994500757523
3,Sara Evans,1,0.000486313680035784
3,Shanna Moakler,1,0.0
3,Tucker Carlson,1,1.4252335430501238e-19
3,Vivica A. Fox,1,0.0
3,Willa Ford,1,3.957337929572091e-18
3,Emmitt Smith,2,0.4996587393994657
3,Harry Hamlin,2,2.2632720350634905e-18
3,Jerry Springer,2,0.00012992182049432327
3,Joey Lawrence,2,1.691355389077387e-17
3,Mario Lopez,2,0.49965853995434706
3,Monique Coleman,2,5.149960319306146e-18
3,Sara Evans,2,0.00023333368253438736
3,Shanna Moakler,2,6.445920728605226e-19
3,Vivica A. Fox,2,4.038653092508504e-18
3,Willa Ford,2,0.0003194651431585677
3,Emmitt Smith,3,0.49969408321486664
3,Harry Hamlin,3,1.0367683274392636e-18
3,Jerry Springer,3,8.115249439455256e-05
3,Joey Lawrence,3,0.00012841287225954785
3,Mario Lopez,3,0.49969439298961615
3,Monique Coleman,3,8.754932542820448e-18
3,Sara Evans,3,0.00040195842886321144
3,Vivica A. Fox,3,8.944667923005412e-19
3,Willa Ford,3,1.3010426069826053e-18
3,Emmitt Smith,4,0.49974766901633433
3,Jerry Springer,4,8.074756460474028e-05
3,Joey Lawrence,4,5.859196952034539e-05
3,Mario Lopez,4,0.4997472811446077
3,Monique Coleman,4,6.436944560878923e-05
3,Sara Evans,4,0.0003013408593239257
3,Vivica A. Fox,4,1.788086551653828e-18
3,Willa Ford,4,0.0
3,Emmitt Smith,5,0.49977056680241655
3,Jerry Springer,5,9.400640481113247e-05
3,Joey Lawrence,5,3.989603531600694e-05
3,Mario Lopez,5,0.4997709948413133
3,Monique Coleman,5,3.989603531600331e-05
3,Sara Evans,5,0.00024474384551102796
3,Willa Ford,5,3.9896035315994235e-05
3,Emmitt Smith,6,0.4998352929166798
3,Jerry Springer,6,0.00018513643529064684
3,Joey Lawrence,6,0.00014470524410577711
3,Mario Lopez,6,0.49983486540392386
3,Monique Coleman,6,4.445228907190568e-18
3,Emmitt Smith,7,0.49982682347098817
3,Jerry Springer,7,6.31777251175368e-05
3,Joey Lawrence,7,0.00015390341969586752
3,Mario Lopez,7,0.4998272101899101
3,Monique Coleman,7,0.00012888519428838705
3,Emmitt Smith,8,0.4999023664576656
3,Joey Lawrence,8,9.778724793805269e-05
3,Mario Lopez,8,0.4999020590464583
3,Monique Coleman,8,9.77872479380503e-05
3,Emmitt Smith,9,0.499939916205765
3,Joey Lawrence,9,0.00011996977452676796
3,Mario Lopez,9,0.4999401140197083
3,Emmitt Smith,10,0.5000000340163426
3,Mario Lopez,10,0.49999996598365726
4,Apolo Anton Ohno,1,0.33147206479925495
4,Billy Ray Cyrus,1,5.419953469070552e-05
4,Clyde Drexler,1,0.00030483288016097654
4,Heather Mills,1,0.0002509834004447718
4,Ian Ziering,1,0.00449485329583419
4,Joey Fatone,1,0.3314720684068779
4,John Ratzenberger,1,2.8332248146889243e-05
4,Laila Ali,1,0.3314720312519272
4,Leeza Gibbons,1,6.722459333371347e-05
4,Paulina Porizkova,1,0.00010095550455621052
4,Shandi Finnessey,1,0.00028245408477261413
4,Apolo Anton Ohno,2,0.3315197081766057
4,Billy Ray Cyrus,2,5.2128205548998666e-05
4,Clyde Drexler,2,0.00022523962510129027
4,Heather Mills,2,0.00019562566854074988
4,Ian Ziering,2,0.004514443985580237
4,Joey Fatone,2,0.3315196977312828
4,John Ratzenberger,2,8.746830593923747e-18
4,Laila Ali,2,0.3315198063635602
4,Leeza Gibbons,2,0.00018809082894573855
4,Paulina Porizkova,2,1.784162828895504e-17
4,Shandi Finnessey,2,0.000265259414834231
4,Apolo Anton Ohno,3,0.3315757974570076
4,Billy Ray Cyrus,3,2.1482291537434895e-05
4,Clyde Drexler,3,0.00028447159241050727
4,Heather Mills,3,0.00022273535220056646
4,Ian Ziering,3,0.0045348474972943045
4,Joey Fatone,3,0.33157581438581596
4,John Ratzenberger,3,0.0001370386551038065
4,Laila Ali,3,0.3315756457033848
4,Leeza Gibbons,3,5.5735195976050527e-05
4,Shandi Finnessey,3,1.6431869269041228e-05
4,Apolo Anton Ohno,4,0.33163916094850016
4,Billy Ray Cyrus,4,0.00014981204842321748
4,Clyde Drexler,4,0.00023172992465452584
4,Heather Mills,4,0.00024468952556637306
4,Ian Ziering,4,0.004301971181690581
4,Joey Fatone,4,0.3316391393451543
4,John Ratzenberger,4,0.00013746828602074698
4,Laila Ali,4,0.33163935228428215
4,Leeza Gibbons,4,1.667645570796362e-05
4,Apolo Anton Ohno,5,0.3317856074651119
4,Billy Ray Cyrus,5,0.00021140546510119536
4,Clyde Drexler,5,0.00012948506288082138
4,Heather Mills,5,0.00027020858769806217
4,Ian Ziering,5,0.003846856947034737
4,Joey Fatone,5,0.3317856318726375
4,John Ratzenberger,5,0.00018540824756239717
4,Laila Ali,5,0.3317853963519734
4,Apolo Anton Ohno,6,0.33201138912187195
4,Billy Ray Cyrus,6,0.000223243243017591
4,Heather Mills,6,0.00010449389888334612
4,Ian Ziering,6,0.0034740654645120917
4,Joey Fatone,6,0.3320113644462005
4,John Ratzenberger,6,0.00016384371082443208
4,Laila Ali,6,0.33201160011469005
4,Apolo Anton Ohno,7,0.33220191069663835
4,Billy Ray Cyrus,7,0.00014400268631324572
4,Ian Ziering,7,0.003118299140333482
4,Joey Fatone,7,0.33220193338734494
4,John Ratzenberger,7,0.0001321326680206546
4,Laila Ali,7,0.3322017214213493
4,Apolo Anton Ohno,8,0.33239537222657184
4,Billy Ray Cyrus,8,0.00013589948748655284
4,Ian Ziering,8,0.002677851635661512
4,Joey Fatone,8,0.33239535418622884
4,Laila Ali,8,0.3323955224640512
4,Apolo Anton Ohno,9,0.33260828951804117
4,Ian Ziering,9,0.0021752159795329815
4,Joey Fatone,9,0.33260830105509254
4,Laila Ali,9,0.33260819344733344
4,Apolo Anton Ohno,10,0.3333333234964604
4,Joey Fatone,10,0.33333331961818835
4,Laila Ali,10,0.3333333568853513
5,Albert Reed,1,0.00018379702324736625
5,Cameron Mathison,1,0.005266414914744123
5,Floyd Mayweather Jr. ,1,0.00012571259131576262
5,Helio Castroneves,1,0.3264321649049284
5,Jane Seymour,1,0.001577551856026732
5,Jennie Garth,1,0.011936702990313656
5,Josie Maran,1,1.2668130627743886e-07
5,Marie Osmond,1,0.32643216499940647
5,Mark Cuban,1,0.0001228919846681067
5,Mel B,1,0.3264321643437405
5,Sabrina Bryan,1,0.0006838467573587731
5,Wayne Newton,1,0.0008064609529438032
5,Albert Reed,2,2.989203716820477e-05
5,Cameron Mathison,2,0.005459028983538213
5,Floyd Mayweather Jr. ,2,4.665161121500854e-05
5,Helio Castroneves,2,0.3264138643861553
5,Jane Seymour,2,0.001534618140587136
5,Jennie Garth,2,0.011996414307390093
5,Marie Osmond,2,0.3264138621480919
5,Mark Cuban,2,0.00032831233592886105
5,Mel B,2,0.3264138635608408
5,Sabrina Bryan,2,0.0010310117448953983
5,Wayne Newton,2,0.00033248074418927603
5,Cameron Mathison,3,0.005038687922336907
5,Floyd Mayweather Jr. ,3,0.00010960402054331063
5,Helio Castroneves,3,0.3267531087839838
5,Jane Seymour,3,0.001687074555179041
5,Jennie Garth,3,0.011577227783869163
5,Marie Osmond,3,0.32675311083598607
5,Mark Cuban,3,0.0004379919653462926
5,Mel B,3,0.32675310843928135
5,Sabrina Bryan,3,0.0008592766748300213
5,Wayne Newton,3,3.080901864427915e-05
5,Cameron Mathison,4,0.0045778743778890595
5,Floyd Mayweather Jr. ,4,5.68551190028967e-06
5,Helio Castroneves,4,0.32725234582737495
5,Jane Seymour,4,0.0010043369879309475
5,Jennie Garth,4,0.01148708465046342
5,Marie Osmond,4,0.3272523417073961
5,Mark Cuban,4,0.00039611533908875994
5,Mel B,4,0.32725234462757363
5,Sabrina Bryan,4,0.000771870970382869
5,Cameron Mathison,5,0.004216233713866981
5,Helio Castroneves,5,0.3275933096740027
5,Jane Seymour,5,0.001284259614886742
5,Jennie Garth,5,0.010334422725931186
5,Marie Osmond,5,0.32759331316285983
5,Mark Cuban,5,0.0003454137787144409
5,Mel B,5,0.3275933095796098
5,Sabrina Bryan,5,0.001039737750128476
5,Cameron Mathison,6,0.004120453543061851
5,Helio Castroneves,6,0.3282643399194507
5,Jane Seymour,6,0.0012355696212601286
5,Jennie Garth,6,0.009591825889206094
5,Marie Osmond,6,0.32826433541426414
5,Mel B,6,0.32826433877771627
5,Sabrina Bryan,6,0.0002591368350408005
5,Cameron Mathison,7,0.003366082727350882
5,Helio Castroneves,7,0.32899336337142354
5,Jane Seymour,7,0.0009807110408603951
5,Jennie Garth,7,0.00867311326267263
5,Marie Osmond,7,0.32899336640106314
5,Mel B,7,0.3289933631966295
5,Cameron Mathison,8,0.003121243254387864
5,Helio Castroneves,8,0.32967621097431893
5,Jennie Garth,8,0.00785012826122508
5,Marie Osmond,8,0.3296762075897376
5,Mel B,8,0.3296762099203306
5,Helio Castroneves,9,0.33113953863908835
5,Jennie Garth,9,0.006581383416517327
5,Marie Osmond,9,0.33113953978015914
5,Mel B,9,0.3311395381642351
5,Helio Castroneves,10,0.33333333392491776
5,Marie Osmond,10,0.333333332848481
5,Mel B,10,0.3333333332266013
6,Adam Carolla,1,0.00031032527785790863
6,Cristian de la Fuente,1,0.3304415663650251
6,Jason Taylor,1,0.3304415657254562
6,Kristi Yamaguchi,1,0.3304415657829904
6,Mario,1,0.0006302236031250284
6,Marissa Jaret Winokur,1,0.005807316107307557
6,Marlee Matlin,1,0.0008942743724697864
6,Monica Seles,1,2.701305403198506e-05
6,Penn Jillette,1,2.7013054031988367e-05
6,Priscilla Presley,1,0.0007417272422805722
6,Shannon Elizabeth,1,0.0002105712622925866
6,Steve Guttenberg,1,2.683815313095834e-05
6,Adam Carolla,2,0.0003281708831127934
6,Cristian de la Fuente,2,0.33047460660488487
6,Jason Taylor,2,0.33047460608263024
6,Kristi Yamaguchi,2,0.3304746061382623
6,Mario,2,0.0004960085726367626
6,Marissa Jaret Winokur,2,0.005707728169693969
6,Marlee Matlin,2,0.0008698563112067185
6,Monica Seles,2,2.1416101312853045e-05
6,Penn Jillette,2,2.141610131286176e-05
6,Priscilla Presley,2,0.0008921691237114935
6,Shannon Elizabeth,2,0.00022853209955683016
6,Steve Guttenberg,2,1.0883811678407365e-05
6,Adam Carolla,3,0.00033068733759484745
6,Cristian de la Fuente,3,0.33044197527466584
6,Jason Taylor,3,0.33044197456858854
6,Kristi Yamaguchi,3,0.33044197474089454
6,Mario,3,0.0004990837582635587
6,Marissa Jaret Winokur,3,0.005517816163687917
6,Marlee Matlin,3,0.0009088416026322562
6,Priscilla Presley,3,0.0009437679799458978
6,Shannon Elizabeth,3,0.00044856857387695094
6,Steve Guttenberg,3,2.5309999849617235e-05
6,Adam Carolla,4,5.409772995035517e-05
6,Cristian de la Fuente,4,0.33070124545359736
6,Jason Taylor,4,0.3307012448846439
6,Kristi Yamaguchi,4,0.3307012449242627
6,Mario,4,0.0004744663826887977
6,Marissa Jaret Winokur,4,0.00533341945851104
6,Marlee Matlin,4,0.0008677945605791374
6,Priscilla Presley,4,0.0007452108123678508
6,Shannon Elizabeth,4,0.0004212757933989953
6,Cristian de la Fuente,5,0.33093650228105487
6,Jason Taylor,5,0.330936501666134
6,Kristi Yamaguchi,5,0.33093650179112805
6,Mario,5,0.0006033562097006882
6,Marissa Jaret Winokur,5,0.004931216064542298
6,Marlee Matlin,5,0.0007072569452201267
6,Priscilla Presley,5,0.0004329702200444599
6,Shannon Elizabeth,5,0.0005156948221754726
6,Cristian de la Fuente,6,0.3312930208577327
6,Jason Taylor,6,0.3312930201176184
6,Kristi Yamaguchi,6,0.33129302016864404
6,Mario,6,0.0006602837434753963
6,Marissa Jaret Winokur,6,0.004503947664596613
6,Marlee Matlin,6,0.00039411645986715013
6,Shannon Elizabeth,6,0.0005625909880657174
6,Cristian de la Fuente,7,0.33160948272482554
6,Jason Taylor,7,0.331609482144356
6,Kristi Yamaguchi,7,0.33160948218281244
6,Mario,7,0.0006403154145223337
6,Marissa Jaret Winokur,7,0.004042793166208403
6,Shannon Elizabeth,7,0.0004884443672753149
6,Cristian de la Fuente,8,0.3318793860110063
6,Jason Taylor,8,0.3318793852528009
6,Kristi Yamaguchi,8,0.33187938543554835
6,Mario,8,0.0006384023332546
6,Marissa Jaret Winokur,8,0.003723440967389908
6,Cristian de la Fuente,9,0.332329613416054
6,Jason Taylor,9,0.33232961276245016
6,Kristi Yamaguchi,9,0.3323296128031392
6,Marissa Jaret Winokur,9,0.00301116101835664
6,Cristian de la Fuente,10,0.3333333337687148
6,Jason Taylor,10,0.33333333306187873
6,Kristi Yamaguchi,10,0.3333333331694065
7,Brooke Burke,1,0.3317179615699031
7,Cloris Leachman,1,0.0009424409391661909
7,Cody Linley,1,0.0028439153926549336
7,Jeffrey Ross,1,2.5558604514784496e-18
7,Kim Kardashian,1,2.4523816546012557e-05
7,Lance Bass,1,0.33171796077579857
7,Maurice Greene,1,1.9787693213264746e-17
7,Misty May-Treanor,1,5.1750632250596086e-05
7,Rocco DiSpirito,1,0.00016789649287765807
7,Susan Lucci,1,0.000576275301288626
7,Ted McGinley,1,1.0720442138830116e-18
7,Toni Braxton,1,0.00023931458031130047
7,Warren Sapp,1,0.331717960499203
7,Brooke Burke,2,0.33143548436106457
7,Cloris Leachman,2,0.000857179753768988
7,Cody Linley,2,0.003358839836918089
7,Kim Kardashian,2,4.999340671913408e-18
7,Lance Bass,2,0.33143548325408395
7,Maurice Greene,2,0.00031927819483446837
7,Misty May-Treanor,2,3.9329467836208815e-05
7,Rocco DiSpirito,2,0.0002557564084705207
7,Susan Lucci,2,0.0005416149088370136
7,Toni Braxton,2,0.0003215509761237159
7,Warren Sapp,2,0.3314354828380627
7,Brooke Burke,3,0.33183034896329705
7,Cloris Leachman,3,0.0004361939804739895
7,Cody Linley,3,0.0030359763180948414
7,Lance Bass,3,0.33183034884910484
7,Maurice Greene,3,0.0002624702639320931
7,Rocco DiSpirito,3,9.81841078721021e-19
7,Susan Lucci,3,0.0005627352784077814
7,Toni Braxton,3,0.00021157822348624045
7,Warren Sapp,3,0.3318303481232032
7,Brooke Burke,4,0.3317312363184109
7,Cloris Leachman,4,0.0002942364381413635
7,Cody Linley,4,0.0029888195810956176
7,Lance Bass,4,0.3317312342753688
7,Maurice Greene,4,0.00047035737266292707
7,Rocco DiSpirito,4,3.973574907388885e-05
7,Susan Lucci,4,0.0009649426266587606
7,Toni Braxton,4,4.820328312055769e-05
7,Warren Sapp,4,0.3317312343554672
7,Brooke Burke,5,0.33201949157364147
7,Cloris Leachman,5,0.00025959142341190497
7,Cody Linley,5,0.002795270151172009
7,Lance Bass,5,0.33201949209732384
7,Maurice Greene,5,0.00023338413998032453
7,Susan Lucci,5,0.000500009976684403
7,Toni Braxton,5,0.0001532696844897238
7,Warren Sapp,5,0.33201949095329647
7,Brooke Burke,6,0.3322056598657959
7,Cloris Leachman,6,0.000146345748271755
7,Cody Linley,6,0.0026118022941243957
7,Lance Bass,6,0.3322056580166075
7,Maurice Greene,6,0.0001463457482717746
7,Susan Lucci,6,0.00047852991414957787
7,Warren Sapp,6,0.3322056584127791
7,Brooke Burke,7,0.33231155124556966
7,Cody Linley,7,0.002205426321888247
7,Lance Bass,7,0.3323115506690652
7,Maurice Greene,7,0.0004356874861495336
7,Susan Lucci,7,0.00042423484401300055
7,Warren Sapp,7,0.33231154943331437
7,Brooke Burke,8,0.33273633322184765
7,Cody Linley,8,0.001509765285682511
7,Lance Bass,8,0.33273633290145116
7,Maurice Greene,8,0.0002812353043235536
7,Warren Sapp,8,0.33273633328669516
7,Brooke Burke,9,0.33282168042507004
7,Cody Linley,9,0.00153496283906792
7,Lance Bass,9,0.3328216788702972
7,Warren Sapp,9,0.3328216778655649
7,Brooke Burke,10,0.3333333337584889
7,Lance Bass,10,0.3333333332775282
7,Warren Sapp,10,0.333333332963983
8,Belinda Carlisle,1,7.758774114734616e-05
8,Chuck Wicks,1,0.00014541820500545675
8,David Alan Grier,1,1.5081482468564154e-05
8,Denise Richards,1,0.0003210442595653404
8,Gilles Marini,1,0.3319195483201998
8,Holly Madison,1,0.00022719334770120213
8,Lawrence Taylor,1,0.00015799434918294464
8,Lil' Kim,1,7.657977679269272e-05
8,Melissa Rycroft,1,0.33191954858765793
8,Shawn Johnson,1,0.33191954730421713
8,Steve Wozniak,1,0.0002271933465564476
8,Steve-O,1,0.0002527487792513501
8,Ty Murray,1,0.0027405145002538543
8,Belinda Carlisle,2,3.4497977766438957e-19
8,Chuck Wicks,2,0.00015079686225044978
8,David Alan Grier,2,9.748868333147157e-05
8,Denise Richards,2,0.00012266883978006245
8,Gilles Marini,2,0.33210446070560895
8,Holly Madison,2,0.00014146443899505176
8,Lawrence Taylor,2,0.0001653375084892657
8,Lil' Kim,2,8.481088908442573e-18
8,Melissa Rycroft,2,0.33210445991879395
8,Shawn Johnson,2,0.33210445901018326
8,Steve Wozniak,2,0.0001414644371408375
8,Steve-O,2,2.5046546359880654e-05
8,Ty Murray,2,0.002842353049066935
8,Chuck Wicks,3,0.00010108702723378027
8,David Alan Grier,3,0.00011955027033079897
8,Denise Richards,3,3.090335602439755e-18
8,Gilles Marini,3,0.3321411676261422
8,Holly Madison,3,0.00016964262907589203
8,Lawrence Taylor,3,0.00010537806866957451
8,Lil' Kim,3,3.027253054056256e-18
8,Melissa Rycroft,3,0.3321411678185528
8,Shawn Johnson,3,0.3321411670998519
8,Steve Wozniak,3,0.00016964262714358743
8,Steve-O,3,0.00017820297621034707
8,Ty Murray,3,0.00273299385678917
8,Chuck Wicks,4,0.0001763107058823526
8,David Alan Grier,4,3.726367139137085e-05
8,Gilles Marini,4,0.33223295755540766
8,Holly Madison,4,1.7452677767647204e-05
8,Lawrence Taylor,4,0.00017755888675498698
8,Lil' Kim,4,2.4905078583073587e-05
8,Melissa Rycroft,4,0.33223295803899333
8,Shawn Johnson,4,0.33223295566041566
8,Steve Wozniak,4,1.745267776764922e-05
8,Steve-O,4,0.000158270648057833
8,Ty Murray,4,0.0026919143989784966
8,Chuck Wicks,5,0.00012131139909554015
8,David Alan Grier,5,8.556637681945967e-06
8,Gilles Marini,5,0.3323576751116221
8,Lawrence Taylor,5,6.552132217431479e-05
8,Lil' Kim,5,0.0002130080855847776
8,Melissa Rycroft,5,0.3323576738314296
8,Shawn Johnson,5,0.3323576746193324
8,Steve-O,5,0.00011382853952555213
8,Ty Murray,5,0.002404750453553785
8,Chuck Wicks,6,0.00024351523719296557
8,Gilles Marini,6,0.33243819948837877
8,Lawrence Taylor,6,0.0001247398181137611
8,Lil' Kim,6,0.00012736278001791376
8,Melissa Rycroft,6,0.3324382005845329
8,Shawn Johnson,6,0.3324381975656842
8,Steve-O,6,1.2934871260285474e-05
8,Ty Murray,6,0.002176849654819322
8,Chuck Wicks,7,0.00012487209391065594
8,Gilles Marini,7,0.3325764550213077
8,Lawrence Taylor,7,9.183810258087215e-05
8,Lil' Kim,7,8.306279686967521e-05
8,Melissa Rycroft,7,0.3325764543185474
8,Shawn Johnson,7,0.3325764547787445
8,Ty Murray,7,0.0019708628880391256
8,Chuck Wicks,8,9.202760668613878e-06
8,Gilles Marini,8,0.3327169418125653
8,Lil' Kim,8,4.5479205407314e-05
8,Melissa Rycroft,8,0.3327169418193522
8,Shawn Johnson,8,0.33271693953408266
8,Ty Murray,8,0.0017944948679240497
8,Gilles Marini,9,0.33279202018499426
8,Lil' Kim,9,0.00016099030882313318
8,Melissa Rycroft,9,0.3327920201513979
8,Shawn Johnson,9,0.33279202000194885
8,Ty Murray,9,0.0014629493528358212
8,Gilles Marini,10,0.3329283641410345
8,Melissa Rycroft,10,0.3329283640700195
8,Shawn Johnson,10,0.332928362251994
8,Ty Murray,10,0.0012149095369518525
8,Gilles Marini,11,0.33333333368515755
8,Melissa Rycroft,11,0.33333333359088246
8,Shawn Johnson,11,0.33333333272396004
9,Aaron Carter,1,2.4448758989548122e-17
9,Ashley Hamiliton,1,2.9878896588684156e-06
9,Chuck Liddell,1,2.3169698600581654e-05
9,Debi Mazar,1,9.92204289737937e-18
9,Donny Osmond,1,0.33235987041202925
9,Joanna Krupa,1,0.002460582535049093
9,Kathy Ireland,1,7.597127377309833e-06
9,Kelly Osbourne,1,0.33235982525319124
9,Louie Vito,1,1.7667074400651294e-17
9,Macy Gray,1,2.9878896588671108e-06
9,Mark Dacascos,1,0.00010496322190893558
9,Melissa Joan Hart,1,7.818492413519453e-18
9,Michael Irvin,1,0.00010496319376443415
9,Mya,1,0.3323598596402175
9,Natalie Coughlin,1,5.854691731421724e-18
9,Tom DeLay,1,0.00021319313854372272
9,Aaron Carter,2,3.558545046812296e-17
9,Chuck Liddell,2,7.915425180166733e-18
9,Debi Mazar,2,7.145578110230981e-18
9,Donny Osmond,2,0.3325346801866851
9,Joanna Krupa,2,0.002088017327083435
9,Kathy Ireland,2,3.460667152319554e-18
9,Kelly Osbourne,2,0.3325348098055067
9,Louie Vito,2,0.00012498887214504773
9,Mark Dacascos,2,1.3702989550518554e-17
9,Melissa Joan Hart,2,0.00012498894543682538
9,Michael Irvin,2,1.565423582363724e-17
9,Mya,2,0.33253471240210464
9,Natalie Coughlin,2,5.7802461038353605e-05
9,Tom DeLay,2,0.0
9,Aaron Carter,3,2.611922421740409e-17
9,Chuck Liddell,3,1.0589722162443748e-17
9,Debi Mazar,3,0.0
9,Donny Osmond,3,0.33260638824200944
9,Joanna Krupa,3,0.002022809442028651
9,Kelly Osbourne,3,0.3326061939778826
9,Louie Vito,3,1.759044947150054e-17
9,Mark Dacascos,3,1.9136168344369153e-17
9,Melissa Joan Hart,3,1.7675999799173224e-17
9,Michael Irvin,3,1.8336569242161094e-17
9,Mya,3,0.332606343397502
9,Natalie Coughlin,3,1.9325903724554117e-17
9,Tom DeLay,3,0.00015826494057734293
9,Aaron Carter,4,0.0002334552025986676
9,Chuck Liddell,4,8.660264160611143e-18
9,Donny Osmond,4,0.3325112076483137
9,Joanna Krupa,4,0.0020091314973520154
9,Kelly Osbourne,4,0.33251143915899983
9,Louie Vito,4,2.5365248638477278e-17
9,Mark Dacascos,4,0.00010289743592270311
9,Melissa Joan Hart,4,2.8794038008962686e-17
9,Michael Irvin,4,0.00010289817790277418
9,Mya,4,0.33251125039187895
9,Natalie Coughlin,4,1.772048703137563e-05
9,Aaron Carter,5,2.1141942363467336e-17
9,Donny Osmond,5,0.3327508003810905
9,Joanna Krupa,5,0.001558948665714353
9,Kelly Osbourne,5,0.33275056026734984
9,Louie Vito,5,9.445887959549783e-05
9,Mark Dacascos,5,1.4270811095340452e-17
9,Melissa Joan Hart,5,9.445901074949546e-05
9,Michael Irvin,5,1.828235913353682e-17
9,Mya,5,0.3327507727955003
9,Natalie Coughlin,5,2.520770051028798e-18
9,Aaron Carter,6,5.625009460393226e-05
9,Donny Osmond,6,0.3327772496708667
9,Joanna Krupa,6,0.0013825779753449227
9,Kelly Osbourne,6,0.3327774762305842
9,Louie Vito,6,5.6250094603911034e-05
9,Mark Dacascos,6,5.834141866108616e-05
9,Melissa Joan Hart,6,5.625009460390721e-05
9,Michael Irvin,6,5.834128485853363e-05
9,Mya,6,0.3327772631358728
9,Aaron Carter,7,0.00017859478101367766
9,Donny Osmond,7,0.3327754442623416
9,Joanna Krupa,7,0.001138080914099665
9,Kelly Osbourne,7,0.33277524944522496
9,Mark Dacascos,7,0.00017859478101367606
9,Michael Irvin,7,0.0001785947810136767
9,Mya,7,0.3327754410352928
9,Aaron Carter,8,6.0825097558232815e-05
9,Donny Osmond,8,0.3329993801903877
9,Joanna Krupa,8,0.0009408884329893901
9,Kelly Osbourne,8,0.33299952970063285
9,Mya,8,0.3329993765784318
9,Donny Osmond,9,0.33312580528145436
9,Joanna Krupa,9,0.0006226697551606586
9,Kelly Osbourne,9,0.3331257117701051
9,Mya,9,0.33312581319328
9,Donny Osmond,10,0.3333333239287295
9,Kelly Osbourne,10,0.3333333558809831
9,Mya,10,0.33333332019028744
10,Aiden Turner,1,6.893312834145682e-05
10,Buzz Aldrin,1,0.00028899424428403613
10,Chad Ochocinco,1,0.00449854566266219
10,Erin Andrews,1,0.33146840017348644
10,Evan Lysacek,1,0.33146841958166423
10,Jake Pavelka,1,0.0002487842840121915
10,Kate Gosselin,1,0.0003033119422550542
10,Nicole Scherzinger,1,0.331468401869125
10,Niecy Nash,1,5.4999463571239365e-05
10,Pamela Anderson,1,2.8361452326219908e-05
10,Shannen Doherty,1,0.00010284819396458824
10,Aiden Turner,2,0.0001885821184065764
10,Buzz Aldrin,2,0.0002661143495591361
10,Chad Ochocinco,2,0.004520347684919148
10,Erin Andrews,2,0.3315149524636635
10,Evan Lysacek,2,0.3315148977497148
10,Jake Pavelka,2,0.00019835576140063717
10,Kate Gosselin,2,0.00022837459789754386
10,Nicole Scherzinger,2,0.3315149474492373
10,Niecy Nash,2,5.3427825201132844e-05
10,Pamela Anderson,2,1.9102199301133243e-17
10,Shannen Doherty,2,1.712029093158726e-18
10,Aiden Turner,3,5.680010370710364e-05
10,Buzz Aldrin,3,1.6601094344530668e-05
10,Chad Ochocinco,3,0.004541498013291194
10,Erin Andrews,3,0.33156997942513294
10,Evan Lysacek,3,0.33157006549575724
10,Jake Pavelka,3,0.00022619591283762634
10,Kate Gosselin,3,0.0002853481713015466
10,Nicole Scherzinger,3,0.3315699863697279
10,Niecy Nash,3,2.3126758119246984e-05
10,Pamela Anderson,3,0.00014039865578068723
10,Aiden Turner,4,1.8600021552674462e-05
10,Chad Ochocinco,4,0.004311260614666265
10,Erin Andrews,4,0.3316346590149552
10,Evan Lysacek,4,0.3316345512962585
10,Jake Pavelka,4,0.0002435567028848237
10,Kate Gosselin,4,0.00023107733966993622
10,Nicole Scherzinger,4,0.3316346505957357
10,Niecy Nash,4,0.00015286798098698256
10,Pamela Anderson,4,0.00013877643328998255
10,Chad Ochocinco,5,0.0038511416219900838
10,Erin Andrews,5,0.3317813540839559
10,Evan Lysacek,5,0.33178147465007096
10,Jake Pavelka,5,0.0002701421386101223
10,Kate Gosselin,5,0.00013124992350402624
10,Nicole Scherzinger,5,0.3317813629707896
10,Niecy Nash,5,0.00021495431024796117
10,Pamela Anderson,5,0.00018832030083141437
10,Chad Ochocinco,6,0.0034775997111136402
10,Erin Andrews,6,0.3320083916633049
10,Evan Lysacek,6,0.33200827152739454
10,Jake Pavelka,6,0.0001052693159761813
10,Nicole Scherzinger,6,0.33200838246746583
10,Niecy Nash,6,0.00022635431657083886
10,Pamela Anderson,6,0.00016573099817414027
10,Chad Ochocinco,7,0.003124382473678144
10,Erin Andrews,7,0.33219850773082726
10,Evan Lysacek,7,0.33219861697919006
10,Nicole Scherzinger,7,0.3321985162032782
10,Niecy Nash,7,0.00014606349886931444
10,Pamela Anderson,7,0.0001339131141569206
10,Chad Ochocinco,8,0.002682503019660381
10,Erin Andrews,8,0.33239384063783184
10,Evan Lysacek,8,0.3323937543171832
10,Nicole Scherzinger,8,0.3323938331648267
10,Niecy Nash,8,0.00013606886049779838
10,Chad Ochocinco,9,0.0021781996736725024
10,Erin Andrews,9,0.3326072463410394
10,Evan Lysacek,9,0.33260730258488597
10,Nicole Scherzinger,9,0.3326072514004022
10,Erin Andrews,10,0.3333333403260281
10,Evan Lysacek,10,0.3333333213463833
10,Nicole Scherzinger,10,0.3333333383275887
11,Audrina Patridge,1,0.000683852785344088
11,Brandy,1,0.011936699005358323
11,Bristol Palin,1,0.3264321645465278
11,David Hasselhoff,1,1.2797923869339634e-07
11,Florence Henderson,1,0.00012289354787394454
11,Jennifer Grey,1,0.3264321645189915
11,Kurt Warner,1,0.005266410331928619
11,Kyle Massey,1,0.32643216434940864
11,Margaret Cho,1,0.0008064613419242103
11,Michael Bolton,1,0.00018379716466710683
11,Rick Fox,1,0.0015775517175198556
11,The Situation,1,0.00012571271121727414
11,Audrina Patridge,2,0.0010310153628377986
11,Brandy,2,0.011996410138245464
11,Bristol Palin,2,0.3264138646667725
11,Florence Henderson,2,0.0003283115125686591
11,Jennifer Grey,2,0.32641386343048384
11,Kurt Warner,2,0.00545902686453256
11,Kyle Massey,2,0.32641386471844397
11,Margaret Cho,2,0.0003324795836330464
11,Michael Bolton,2,2.989215069839755e-05
11,Rick Fox,2,0.0015346195933469964
11,The Situation,2,4.665197843677504e-05
11,Audrina Patridge,3,0.0008592791113016504
11,Brandy,3,0.011577223543029693
11,Bristol Palin,3,0.3267531103635439
11,Florence Henderson,3,0.00043799245101297903
11,Jennifer Grey,3,0.32675311122777045
11,Kurt Warner,3,0.005038686334296968
11,Kyle Massey,3,0.3267531097331112
11,Margaret Cho,3,3.080914254339477e-05
11,Rick Fox,3,0.0016870733550018414
11,The Situation,3,0.00010960473838797713
11,Audrina Patridge,4,0.000771871816215873
11,Brandy,4,0.011487081021279273
11,Bristol Palin,4,0.3272523463277637
11,Florence Henderson,4,0.00039611369642118
11,Jennifer Grey,4,0.3272523443118391
11,Kurt Warner,4,0.004577872925364404
11,Kyle Massey,4,0.32725234668311903
11,Rick Fox,4,0.0010043381579253878
11,The Situation,4,5.685060072258837e-06
11,Audrina Patridge,5,0.0010397420772900574
11,Brandy,5,0.010334418771591549
11,Bristol Palin,5,0.3275933112634427
11,Florence Henderson,5,0.0003454121909860879
11,Jennifer Grey,5,0.3275933127423905
11,Kurt Warner,5,0.00421623183272891
11,Kyle Massey,5,0.327593310540844
11,Rick Fox,5,0.0012842605807262474
11,Audrina Patridge,6,0.0002591389626789106
11,Brandy,6,0.009591822777140754
11,Bristol Palin,6,0.32826433887794426
11,Jennifer Grey,6,0.3282643367307246
11,Kurt Warner,6,0.0041204503065573024
11,Kyle Massey,6,0.32826433944416805
11,Rick Fox,6,0.0012355729007861907
11,Brandy,7,0.008673111570953724
11,Bristol Palin,7,0.3289933653645688
11,Jennifer Grey,7,0.3289933667093194
11,Kurt Warner,7,0.003366080885117408
11,Kyle Massey,7,0.3289933645706901
11,Rick Fox,7,0.0009807108993505845
11,Brandy,8,0.007850126257333109
11,Bristol Palin,8,0.32967621076204534
11,Jennifer Grey,8,0.329676209017076
11,Kurt Warner,8,0.003121242938537133
11,Kyle Massey,8,0.32967621102500844
11,Brandy,9,0.006581383375098896
11,Bristol Palin,9,0.3311395388712832
11,Jennifer Grey,9,0.3311395393814816
11,Kyle Massey,9,0.33113953837213633
11,Bristol Palin,10,0.3333333335233688
11,Jennifer Grey,10,0.3333333329040554
11,Kyle Massey,10,0.33333333357257566
12,Chelsea Kane,1,0.3314689375598946
12,Chris Jericho,1,0.00024896965695652074
12,Hines Ward,1,0.33146893495451835
12,Kendra Wilkinson,1,2.836331648508452e-05
12,Kirstie Alley,1,0.33146893129050653
12,Mike Catherwood,1,0.00010259931545116994
12,Petra Nemcova,1,0.00030345172530567055
12,Ralph Macchio,1,0.004498087691287199
12,Romeo,1,5.48992674418098e-05
12,Sugar Ray Leonard,1,6.870146270574662e-05
12,Wendy Williams,1,0.00028812375944746427
12,Chelsea Kane,2,0.33151557720429636
12,Chris Jericho,2,0.00019800828379260227
12,Hines Ward,2,0.3315155840598026
12,Kendra Wilkinson,2,3.5463359329335474e-17
12,Kirstie Alley,2,0.33151559542170717
12,Mike Catherwood,2,1.5329845198885999e-18
12,Petra Nemcova,2,0.00022797976875475016
12,Ralph Macchio,2,0.0045196796636505394
12,Romeo,2,5.325386864180225e-05
12,Sugar Ray Leonard,2,0.00018845169706945678
12,Wendy Williams,2,0.0002658700322849565
12,Chelsea Kane,3,0.331570760736131
12,Chris Jericho,3,0.00022575016891850414
12,Hines Ward,3,0.33157074957524896
12,Kendra Wilkinson,3,0.0001399485876311143
12,Kirstie Alley,3,0.33157073218246236
12,Petra Nemcova,3,0.0002851599017032604
12,Ralph Macchio,3,0.0045407403864917446
12,Romeo,3,2.2907954614257603e-05
12,Sugar Ray Leonard,3,5.666018271409861e-05
12,Wendy Williams,3,1.659032408479491e-05
12,Chelsea Kane,4,0.33163512711696436
12,Chris Jericho,4,0.00024375536844665558
12,Hines Ward,4,0.3316351406531485
12,Kendra Wilkinson,4,0.00013863818224374414
12,Kirstie Alley,4,0.33163516312682295
12,Petra Nemcova,4,0.00023120706093304372
12,Ralph Macchio,4,0.0043101305086079055
12,Romeo,4,0.00015248772223387246
12,Sugar Ray Leonard,4,1.8350260599076598e-05
12,Chelsea Kane,5,0.33178195619703965
12,Chris Jericho,5,0.0002700468764052466
12,Hines Ward,5,0.33178194091005947
12,Kendra Wilkinson,5,0.0001879467651225797
12,Kirstie Alley,5,0.3317819161489718
12,Petra Nemcova,5,0.00013102693359270384
12,Ralph Macchio,5,0.0038506699490371285
12,Romeo,5,0.0002144962197714118
12,Chelsea Kane,6,0.3320087150579828
12,Chris Jericho,6,0.00010516005893834981
12,Hines Ward,6,0.33200872981553703
12,Kendra Wilkinson,6,0.00016549858884028706
12,Kirstie Alley,6,0.33200875484142395
12,Ralph Macchio,6,0.003477183597805891
12,Romeo,6,0.00022595803947176793
12,Chelsea Kane,7,0.3321989641413423
12,Hines Ward,7,0.3321989504942164
12,Kendra Wilkinson,7,0.00013369003521280465
12,Kirstie Alley,7,0.3321989282829552
12,Ralph Macchio,7,0.003123664732247806
12,Romeo,7,0.00014580231402541363
12,Chelsea Kane,8,0.3323939876734199
12,Hines Ward,8,0.33239399795587943
12,Kirstie Alley,8,0.3323940157184736
12,Ralph Macchio,8,0.0026819354554486075
12,Romeo,8,0.00013606319677848382
12,Chelsea Kane,9,0.33260741222221357
12,Hines Ward,9,0.3326074053590665
12,Kirstie Alley,9,0.33260739413339935
12,Ralph Macchio,9,0.0021777882853204634
12,Chelsea Kane,10,0.3333333306582294
12,Hines Ward,10,0.33333333266726534
12,Kirstie Alley,10,0.3333333366745052
13,Carson Kressley,1,0.0001228924220825192
13,Chaz Bono,1,0.000683850492607756
13,Chynna Phillips,1,0.00012571276800888207
13,David Arquette,1,0.0015775515984910173
13,Elisabetta Canalis,1,0.00018379737867927197
13,Hope Solo,1,0.011936703006506448
13,J.R. Martinez,1,0.32643216278842163
13,Kristin Cavallari,1,0.0008064606772169084
13,Metta World Peace (Ron),1,1.272093451567904e-07
13,Nancy Grace,1,0.0052664142409251475
13,Ricki Lake,1,0.32643216463714214
13,Rob Kardashian,1,0.32643216278057324
13,Carson Kressley,2,0.00032831150542593393
13,Chaz Bono,2,0.0010310131093831665
13,Chynna Phillips,2,4.665210996869796e-05
13,David Arquette,2,0.0015346186626336799
13,Elisabetta Canalis,2,2.989210772233326e-05
13,Hope Solo,2,0.011996414232691625
13,J.R. Martinez,2,0.3264138633571791
13,Kristin Cavallari,2,0.00033248012657728757
13,Nancy Grace,2,0.005459030759374096
13,Ricki Lake,2,0.32641386125214455
13,Rob Kardashian,2,0.32641386277689965
13,Carson Kressley,3,0.00043799123324948243
13,Chaz Bono,3,0.000859278164735009
13,Chynna Phillips,3,0.00010960458813004009
13,David Arquette,3,0.00168707398169015
13,Hope Solo,3,0.011577226755468554
13,J.R. Martinez,3,0.3267531069131884
13,Kristin Cavallari,3,3.080904037138073e-05
13,Nancy Grace,3,0.005038689274317415
13,Ricki Lake,3,0.32675311251436273
13,Rob Kardashian,3,0.32675310753448683
13,Carson Kressley,4,0.0003961137599299995
13,Chaz Bono,4,0.0007718714410432365
13,Chynna Phillips,4,5.685219394851374e-06
13,David Arquette,4,0.0010043376370826474
13,Hope Solo,4,0.011487084200786903
13,J.R. Martinez,4,0.3272523461849794
13,Nancy Grace,4,0.00457787517673802
13,Ricki Lake,4,0.32725234119777497
13,Rob Kardashian,4,0.3272523451822701
13,Carson Kressley,5,0.0003454124380130982
13,Chaz Bono,5,0.0010397395094413778
13,David Arquette,5,0.0012842598638867868
13,Hope Solo,5,0.010334422555078123
13,J.R. Martinez,5,0.32759330788819957
13,Nancy Grace,5,0.004216233873477243
13,Ricki Lake,5,0.32759331517505946
13,Rob Kardashian,5,0.3275933086968445
13,Chaz Bono,6,0.0002591377011861297
13,David Arquette,6,0.0012355713163216438
13,Hope Solo,6,0.009591826101011391
13,J.R. Martinez,6,0.32826433983796566
13,Nancy Grace,6,0.0041204522390872545
13,Ricki Lake,6,0.32826433412622125
13,Rob Kardashian,6,0.32826433867820676
13,David Arquette,7,0.000980711328192775
13,Hope Solo,7,0.008673113655906301
13,J.R. Martinez,7,0.32899336167983145
13,Nancy Grace,7,0.0033660823714104938
13,Ricki Lake,7,0.3289933684213051
13,Rob Kardashian,7,0.32899336254335376
13,Hope Solo,8,0.007850127959955365
13,J.R. Martinez,8,0.3296762112595384
13,Nancy Grace,8,0.0031212429636754604
13,Ricki Lake,8,0.32967620749076004
13,Rob Kardashian,8,0.32967621032607064
13,Hope Solo,9,0.006581384349457413
13,J.R. Martinez,9,0.331139537113902
13,Ricki Lake,9,0.33113954097627674
13,Rob Kardashian,9,0.33113953756036385
13,J.R. Martinez,10,0.3333333335315968
13,Ricki Lake,10,0.33333333327712844
13,Rob Kardashian,10,0.3333333331912748
14,Donald Driver,1,0.332759846820905
14,Gavin DeGraw,1,0.000421165660798906
14,Gladys Knight,1,0.00011814579983159789
14,Jack Wagner,1,0.0
14,Jaleel White,1,0.0008074806981568212
14,Katherine Jenkins,1,0.33276114308348265
14,Maria Menounos,1,6.76524594938e-05
14,Martina Navratilova,1,2.6470999326505304e-06
14,Melissa Gilbert,1,5.4934501134826005e-05
14,Roshon Fegan,1,5.4931166137450585e-05
14,Sherri Sheperd,1,0.000189745040851215
14,William Levy,1,0.3327623076692752
14,Donald Driver,2,0.33288711210713384
14,Gavin DeGraw,2,0.00019660417375924716
14,Gladys Knight,2,0.0001282234079313829
14,Jack Wagner,2,1.5910507209672502e-18
14,Jaleel White,2,0.0006872484884289275
14,Katherine Jenkins,2,0.33288340217168894
14,Maria Menounos,2,0.00013208625052395115
14,Martina Navratilova,2,0.0
14,Melissa Gilbert,2,5.9397674390392794e-05
14,Roshon Fegan,2,5.9404727553512956e-05
14,Sherri Sheperd,2,8.665487174406698e-05
14,William Levy,2,0.3328798661268457
14,Donald Driver,3,0.33288180957576213
14,Gavin DeGraw,3,0.0002355040048874221
14,Gladys Knight,3,3.767517088599274e-05
14,Jack Wagner,3,0.0
14,Jaleel White,3,0.0007242643905480417
14,Katherine Jenkins,3,0.3328874276728688
14,Maria Menounos,3,0.0002731211922587792
14,Melissa Gilbert,3,1.589102145231175e-05
14,Roshon Fegan,3,1.5896652287071465e-05
14,Sherri Sheperd,3,3.501186999346227e-05
14,William Levy,3,0.332893398449056
14,Donald Driver,4,0.33296370431140443
14,Gavin DeGraw,4,0.0001473564562871386
14,Gladys Knight,4,0.00011631013414485056
14,Jaleel White,4,0.0005538340485428152
14,Katherine Jenkins,4,0.3329569181173258
14,Maria Menounos,4,0.00029333947130810386
14,Melissa Gilbert,4,6.36207686973841e-06
14,Roshon Fegan,4,6.362076869739139e-06
14,Sherri Sheperd,4,7.246813771154873e-06
14,William Levy,4,0.3329485664934762
14,Donald Driver,5,0.3329769654802213
14,Gavin DeGraw,5,4.9058411292634916e-05
14,Gladys Knight,5,4.905841129263475e-05
14,Jaleel White,5,0.0005453589870520778
14,Katherine Jenkins,5,0.3329840842681801
14,Maria Menounos,5,4.905841129263382e-05
14,Melissa Gilbert,5,0.00017597971884294862
14,Roshon Fegan,5,0.00017597679297930955
14,William Levy,5,0.3329944595188463
14,Donald Driver,6,0.33308715382385695
14,Gladys Knight,6,6.68080413537333e-05
14,Jaleel White,6,0.0002644480851842462
14,Katherine Jenkins,6,0.3330804795657868
14,Maria Menounos,6,6.680804135373244e-05
14,Melissa Gilbert,6,0.00018271168107045002
14,Roshon Fegan,6,0.0001827151583801635
14,William Levy,6,0.33306887560301396
14,Donald Driver,7,0.3331836751167871
14,Jaleel White,7,9.612418014893803e-05
14,Katherine Jenkins,7,0.3331893017909301
14,Maria Menounos,7,0.00013778196159223722
14,Melissa Gilbert,7,9.612340419227542e-05
14,Roshon Fegan,7,9.612340419227487e-05
14,William Levy,7,0.3332008701421571
14,Donald Driver,8,0.3332338244204899
14,Katherine Jenkins,8,0.33322963047453663
14,Maria Menounos,8,0.00015740910012723594
14,Melissa Gilbert,8,7.973035308522207e-05
14,Roshon Fegan,8,7.973036364225967e-05
14,William Levy,8,0.3332196752881189
14,Donald Driver,9,0.33328760685639613
14,Katherine Jenkins,9,0.3332901712605773
14,Maria Menounos,9,0.0001252854381918709
14,William Levy,9,0.3332969364448348
14,Donald Driver,10,0.3333347072429453
14,Katherine Jenkins,10,0.33333384686195683
14,William Levy,10,0.33333144589509794
15,Apolo Anton Ohno,1,0.0006694068724148897
15,Bristol Palin,1,2.0551451146301764e-05
15,Drew Lachey,1,1.0765584412233776e-19
15,Emmitt Smith,1,0.0006694078511022854
15,Gilles Marini,1,6.913776574681497e-05
15,Helio Castroneves,1,4.885919079398406e-19
15,Joey Fatone,1,2.649990009165237e-19
15,Kelly Monaco,1,0.3326560629428599
15,Kirstie Alley,1,6.913777237560131e-05
15,Melissa Rycroft,1,0.33265606341451137
15,Pamela Anderson,1,1.1725164722212486e-05
15,Sabrina Bryan,1,0.0005224421326911364
15,Shawn Johnson,1,0.33265606463242947
15,Apolo Anton Ohno,2,0.00061205473385298
15,Bristol Palin,2,3.3211840982851776e-05
15,Drew Lachey,2,2.2964444922816927e-19
15,Emmitt Smith,2,0.0006120500627403441
15,Gilles Marini,2,9.996082511834841e-05
15,Helio Castroneves,2,0.0
15,Joey Fatone,2,4.658185562985769e-19
15,Kelly Monaco,2,0.33263393808553715
15,Kirstie Alley,2,9.996076308446634e-05
15,Melissa Rycroft,2,0.3326339370137417
15,Sabrina Bryan,2,0.0006409559093865378
15,Shawn Johnson,2,0.33263393076555564
15,Apolo Anton Ohno,3,0.0005450391225687587
15,Bristol Palin,3,2.299409510402572e-05
15,Drew Lachey,3,2.2994095104026248e-05
15,Emmitt Smith,3,0.0005450448574000106
15,Gilles Marini,3,0.00011894611258865136
15,Helio Castroneves,3,2.2994095104026136e-05
15,Kelly Monaco,3,0.33264552072479175
15,Kirstie Alley,3,0.00011894582164718236
15,Melissa Rycroft,3,0.332645523246601
15,Sabrina Bryan,3,0.000666468358631098
15,Shawn Johnson,3,0.3326455294704595
15,Apolo Anton Ohno,4,0.0005010872213606229
15,Bristol Palin,4,1.490619380155446e-19
15,Emmitt Smith,4,0.0005010800324175052
15,Gilles Marini,4,0.0002173203605100791
15,Kelly Monaco,4,0.3327494897338866
15,Kirstie Alley,4,0.00021732103544009257
15,Melissa Rycroft,4,0.33274948882168226
15,Sabrina Bryan,4,0.00031473361093807865
15,Shawn Johnson,4,0.3327494791837648
15,Apolo Anton Ohno,5,0.000553386653024537
15,Emmitt Smith,5,0.0005534151390905348
15,Gilles Marini,5,0.00015717360250941918
15,Kelly Monaco,5,0.3328197331884453
15,Kirstie Alley,5,0.00015717386906795574
15,Melissa Rycroft,5,0.33281973287317795
15,Sabrina Bryan,5,0.00011964303910281142
15,Shawn Johnson,5,0.33281974163558153
15,Apolo Anton Ohno,6,0.000531498190949219
15,Emmitt Smith,6,0.0005314926772421847
15,Gilles Marini,6,0.00028109543324429453
15,Kelly Monaco,6,0.3327028271496432
15,Kirstie Alley,6,0.0002810953575794477
15,Melissa Rycroft,6,0.33270282980525245
15,Sabrina Bryan,6,0.0002663420584226126
15,Shawn Johnson,6,0.33270281932766654
15,Apolo Anton Ohno,7,0.0005232676379886234
15,Emmitt Smith,7,0.000523271348182415
15,Gilles Marini,7,0.00027207698252424946
15,Kelly Monaco,7,0.33280310241541605
15,Kirstie Alley,7,0.0002720763395246122
15,Melissa Rycroft,7,0.332803098797419
15,Shawn Johnson,7,0.3328031064789451
15,Apolo Anton Ohno,8,0.0005349184119759102
15,Emmitt Smith,8,0.0005349048513622071
15,Gilles Marini,8,0.00012130841684454991
15,Kelly Monaco,8,0.3328958526946953
15,Kirstie Alley,8,0.00012130841684454956
15,Melissa Rycroft,8,0.332895857416667
15,Shawn Johnson,8,0.3328958497916107
15,Apolo Anton Ohno,9,0.00041963313723544207
15,Emmitt Smith,9,0.00041963306084069125
15,Kelly Monaco,9,0.33305357856275847
15,Melissa Rycroft,9,0.33305357636118205
15,Shawn Johnson,9,0.3330535788779833
15,Kelly Monaco,10,0.3333333332149828
15,Melissa Rycroft,10,0.3333333343098658
15,Shawn Johnson,10,0.3333333324751513
16,Alexandra Raisman,1,0.24919315399096445
16,Andy Dick,1,2.8731357570865868e-18
16,D. L. Hughley,1,0.00013630910706805414
16,Dorothy Hamill,1,6.613633252161577e-18
16,Ingo Rademacher,1,0.002728099922243686
16,Jacoby Jones,1,0.2491931548975257
16,Kellie Pickler,1,0.2491931548268736
16,Lisa Vanderpump,1,1.5585406229479126e-18
16,Sean Lowe,1,0.0
16,Victor Ortiz,1,0.00036297212629238186
16,Wynonna Judd,1,0.0
16,Zendaya,1,0.24919315512903223
16,Alexandra Raisman,2,0.24902492040094687
16,Andy Dick,2,0.000732036299469818
16,D. L. Hughley,2,0.0
16,Dorothy Hamill,2,5.041540102057596e-18
16,Ingo Rademacher,2,0.0026236894179369466
16,Jacoby Jones,2,0.24902491948795907
16,Kellie Pickler,2,0.24902491878591695
16,Lisa Vanderpump,2,0.00011008642892247825
16,Sean Lowe,2,1.8973538018496328e-18
16,Victor Ortiz,2,0.00043451086496216823
16,Wynonna Judd,2,3.469446951953614e-18
16,Zendaya,2,0.24902491831388568
16,Alexandra Raisman,3,0.2491092423337452
16,Andy Dick,3,0.00022061799125506088
16,D. L. Hughley,3,0.00039987134316324895
16,Ingo Rademacher,3,0.002669102522533568
16,Jacoby Jones,3,0.24910924460251793
16,Kellie Pickler,3,0.2491092453675129
16,Lisa Vanderpump,3,2.4112253389126984e-05
16,Sean Lowe,3,2.411225338912323e-05
16,Victor Ortiz,3,0.0002010926643402742
16,Wynonna Judd,3,2.411225338914036e-05
16,Zendaya,3,0.24910924641476442
16,Alexandra Raisman,4,0.2493064418294925
16,Andy Dick,4,7.794184405988892e-06
16,D. L. Hughley,4,0.000162723087327754
16,Ingo Rademacher,4,0.002387366392199093
16,Jacoby Jones,4,0.2493064408180119
16,Kellie Pickler,4,0.24930643965064359
16,Lisa Vanderpump,4,4.416693710688032e-06
16,Sean Lowe,4,4.416693710686151e-06
16,Victor Ortiz,4,0.00020752229900686703
16,Zendaya,4,0.24930643835149097
16,Alexandra Raisman,5,0.24936414634969212
16,Andy Dick,5,7.103812874058725e-05
16,D. L. Hughley,5,0.0
16,Ingo Rademacher,5,0.0023274220037975777
16,Jacoby Jones,5,0.24936414709006754
16,Kellie Pickler,5,0.2493641479405244
16,Sean Lowe,5,0.0001449485945739974
16,Victor Ortiz,5,0.0
16,Zendaya,5,0.2493641498926037
16,Alexandra Raisman,6,0.249409968259011
16,Andy Dick,6,0.00011061787589401181
16,Ingo Rademacher,6,0.002024037873175593
16,Jacoby Jones,6,0.2494099697665913
16,Kellie Pickler,6,0.2494099682569791
16,Sean Lowe,6,0.00011061787589401555
16,Victor Ortiz,6,0.00011485373831908714
16,Zendaya,6,0.24940996635413598
16,Alexandra Raisman,7,0.24950575131997219
16,Andy Dick,7,0.00013515414035932506
16,Ingo Rademacher,7,0.001706687022815915
16,Jacoby Jones,7,0.24950574970486614
16,Kellie Pickler,7,0.24950575085191182
16,Sean Lowe,7,0.0001351541403593245
16,Zendaya,7,0.24950575281971527
16,Alexandra Raisman,8,0.24956027075242204
16,Ingo Rademacher,8,0.0016775129386855086
16,Jacoby Jones,8,0.2495602742567839
16,Kellie Pickler,8,0.24956027310659973
16,Sean Lowe,8,8.139680783155801e-05
16,Zendaya,8,0.24956027213767726
16,Alexandra Raisman,9,0.24965797994301056
16,Ingo Rademacher,9,0.0013680820667285503
16,Jacoby Jones,9,0.24965797854219818
16,Kellie Pickler,9,0.24965797914699026
16,Zendaya,9,0.24965798030107245
16,Alexandra Raisman,10,0.24999999922123245
16,Jacoby Jones,10,0.25000000063299005
16,Kellie Pickler,10,0.2500000001192333
16,Zendaya,10,0.2500000000265442
17,Amber Riley,1,0.24828490716602492
17,Bill Engvall,1,0.24828494491791595
17,Bill Nye,1,4.023749414385586e-05
17,Brant Daugherty,1,2.4182826806399503e-18
17,Christina Milian,1,0.0004019967003036887
17,Corbin Bleu,1,0.24828493394817078
17,Elizabeth Berkley Lauren,1,0.0010799754595141758
17,Jack Osbourne,1,0.24828490844853043
17,Keyshawn Johnson,1,7.025929227667051e-05
17,Leah Remini,1,0.0050696127457766004
17,"Nicole ""Snooki"" Polizzi",1,6.839072949204902e-05
17,Valerie Harper,1,0.0001298330978509451
17,Amber Riley,2,0.24833296310987546
17,Bill Engvall,2,0.24833285207175598
17,Bill Nye,2,1.6671602207972362e-05
17,Brant Daugherty,2,5.2188850326389036e-05
17,Christina Milian,2,0.00038442072408635404
17,Corbin Bleu,2,0.2483328857851641
17,Elizabeth Berkley Lauren,2,0.000932244466396696
17,Jack Osbourne,2,0.24833295915155568
17,Keyshawn Johnson,2,1.968516937160608e-06
17,Leah Remini,2,0.004951548492484298
17,"Nicole ""Snooki"" Polizzi",2,0.00016063016573557233
17,Valerie Harper,2,0.00016866706347432319
17,Amber Riley,3,0.24836504839253146
17,Bill Engvall,3,0.2483652224206396
17,Bill Nye,3,8.73022270562865e-19
17,Brant Daugherty,3,2.389721758827438e-05
17,Christina Milian,3,0.0002631310587006831
17,Corbin Bleu,3,0.24836516998959687
17,Elizabeth Berkley Lauren,3,0.0009599870742566483
17,Jack Osbourne,3,0.24836505440494086
17,Leah Remini,3,0.00489469291145159
17,"Nicole ""Snooki"" Polizzi",3,0.0002190770856965438
17,Valerie Harper,3,0.0001787194445975068
17,Amber Riley,4,0.24841827880396664
17,Bill Engvall,4,0.24841805465123315
17,Brant Daugherty,4,0.00019125684081582267
17,Christina Milian,4,0.00018116375437263633
17,Corbin Bleu,4,0.2484181238588246
17,Elizabeth Berkley Lauren,4,0.0009419061594137789
17,Jack Osbourne,4,0.24841827103081363
17,Leah Remini,4,0.00470009892958645
17,"Nicole ""Snooki"" Polizzi",4,0.00021122144825522904
17,Valerie Harper,4,0.00010162452271806323
17,Amber Riley,5,0.24851924047364715
17,Bill Engvall,5,0.2485194943594738
17,Brant Daugherty,5,0.00038701798388337996
17,Christina Milian,5,2.3760523820887344e-05
17,Corbin Bleu,5,0.24851941595381055
17,Elizabeth Berkley Lauren,5,0.0008826278615706742
17,Jack Osbourne,5,0.248519248981618
17,Leah Remini,5,0.0044039270538481275
17,"Nicole ""Snooki"" Polizzi",5,0.00022526680832746603
17,Amber Riley,6,0.24863390558214163
17,Bill Engvall,6,0.2486336412644743
17,Brant Daugherty,6,0.0003563487933143132
17,Corbin Bleu,6,0.24863372440824197
17,Elizabeth Berkley Lauren,6,0.0008713099993957107
17,Jack Osbourne,6,0.24863389692492183
17,Leah Remini,6,0.0040567846928238225
17,"Nicole ""Snooki"" Polizzi",6,0.00018038833468647284
17,Amber Riley,7,0.24877711713536424
17,Bill Engvall,7,0.2487773687702838
17,Brant Daugherty,7,0.00030154480159279756
17,Corbin Bleu,7,0.2487772898435854
17,Elizabeth Berkley Lauren,7,0.0008652113668201415
17,Jack Osbourne,7,0.2487771250043839
17,Leah Remini,7,0.003681766896406676
17,"Nicole ""Snooki"" Polizzi",7,4.257618156300936e-05
17,Amber Riley,8,0.2489052517454065
17,Bill Engvall,8,0.24890502747900578
17,Brant Daugherty,8,0.00025062245499965627
17,Corbin Bleu,8,0.2489051001345344
17,Elizabeth Berkley Lauren,8,0.0007519446084867172
17,Jack Osbourne,8,0.24890524488342672
17,Leah Remini,8,0.003376808694140243
17,Amber Riley,9,0.24911833466793892
17,Bill Engvall,9,0.24911848665526817
17,Corbin Bleu,9,0.24911844505285416
17,Elizabeth Berkley Lauren,9,0.000654017693676466
17,Jack Osbourne,9,0.2491183391259377
17,Leah Remini,9,0.002872376804324535
17,Amber Riley,10,0.2493792351147159
17,Bill Engvall,10,0.24937911631412538
17,Corbin Bleu,10,0.24937915825306464
17,Jack Osbourne,10,0.24937923169484325
17,Leah Remini,10,0.0024832586232508133
17,Amber Riley,11,0.24999998929104858
17,Bill Engvall,11,0.25000001072496164
17,Corbin Bleu,11,0.25000001009937844
17,Jack Osbourne,11,0.2499999898846114
18,Amy Purdy,1,0.23975744182538045
18,Billy Dee Williams,1,5.7891996775241644e-18
18,Candace Cameron Bure,1,0.23975744227461715
18,Charlie White,1,0.022246440810772882
18,Cody Simpson,1,1.730727825550085e-05
18,Danica McKellar,1,0.013395663536024272
18,Diana Nyad,1,8.942514574032839e-19
18,Drew Carey,1,0.00031309823330165175
18,James Maslow,1,0.2397574417526449
18,Meryl Davis,1,0.23975744192539097
18,NeNe Leakes,1,0.004997722363612335
18,Sean Avery,1,2.7967120318095756e-17
18,Amy Purdy,2,0.2395823694120739
18,Billy Dee Williams,2,9.433700103852989e-07
18,Candace Cameron Bure,2,0.23958236970883226
18,Charlie White,2,0.022906098548714234
18,Cody Simpson,2,1.8184930551463123e-17
18,Danica McKellar,2,0.013143079414235806
18,Drew Carey,2,0.000514452321893431
18,James Maslow,2,0.23958236930212132
18,Meryl Davis,2,0.2395823694458691
18,NeNe Leakes,2,0.005105948476249577
18,Sean Avery,2,2.1904114510226e-18
18,Amy Purdy,3,0.2398638686833189
18,Candace Cameron Bure,3,0.23986386911862842
18,Charlie White,3,0.02225170110439639
18,Cody Simpson,3,7.132200648070095e-18
18,Danica McKellar,3,0.013125363459472461
18,Drew Carey,3,3.170249776675145e-17
18,James Maslow,3,0.23986386862959547
18,Meryl Davis,3,0.23986386879122357
18,NeNe Leakes,3,0.005167460213364915
18,Amy Purdy,4,0.24043224508497998
18,Candace Cameron Bure,4,0.24043224537336114
18,Charlie White,4,0.02112241159376314
18,Cody Simpson,4,4.388375444622945e-17
18,Danica McKellar,4,0.012645585207966754
18,Drew Carey,4,0.00032181698093939465
18,James Maslow,4,0.24043224500418955
18,Meryl Davis,4,0.24043224513973094
18,NeNe Leakes,4,0.004181205615069352
18,Amy Purdy,5,0.2410020223370861
18,Candace Cameron Bure,5,0.2410020226941786
18,Charlie White,5,0.019921092032789037
18,Cody Simpson,5,3.3752539764184925e-18
18,Danica McKellar,5,0.012597233197826052
18,Drew Carey,5,8.506448990099102e-17
18,James Maslow,5,0.24100202216876798
18,Meryl Davis,5,0.241002022395253
18,NeNe Leakes,5,0.003473585174099163
18,Amy Purdy,6,0.24173227687605525
18,Candace Cameron Bure,6,0.24173227717558107
18,Charlie White,6,0.018508909015707196
18,Danica McKellar,6,0.01094817653015127
18,Drew Carey,6,1.3304716805268372e-17
18,James Maslow,6,0.24173227685806492
18,Meryl Davis,6,0.2417322769903602
18,NeNe Leakes,6,0.0036138065540802468
18,Amy Purdy,7,0.24265088964288592
18,Candace Cameron Bure,7,0.2426508898899274
18,Charlie White,7,0.01688636444079861
18,Danica McKellar,7,0.00956649676514909
18,James Maslow,7,0.24265088945502472
18,Meryl Davis,7,0.2426508896714595
18,NeNe Leakes,7,0.0029435801347546964
18,Amy Purdy,8,0.24409298860375997
18,Candace Cameron Bure,8,0.24409298885856334
18,Charlie White,8,0.015431353711694781
18,Danica McKellar,8,0.008196691628577073
18,James Maslow,8,0.2440929885025279
18,Meryl Davis,8,0.24409298869487697
18,Amy Purdy,9,0.24625973433584306
18,Candace Cameron Bure,9,0.24625973455409614
18,Charlie White,9,0.01496106259868651
18,James Maslow,9,0.24625973418326105
18,Meryl Davis,9,0.24625973432811324
18,Amy Purdy,10,0.2499999999647347
18,Candace Cameron Bure,10,0.2500000001891102
18,James Maslow,10,0.2499999998433813
18,Meryl Davis,10,0.2500000000027739
19,Alfonso Ribeiro,1,0.2488507454056478
19,Antonio Sabato Jr.,1,0.0
19,Bethany Mota,1,0.24885074827246098
19,Betsey Johnson,1,0.0
19,Janel Parrish,1,0.24885074358376535
19,Jonathan Bennett,1,0.0
19,Lea Thompson,1,0.0
19,Lolo Jones,1,4.830290182829267e-19
19,Michael Waltrip,1,2.583190944331833e-17
19,Randy Couture,1,6.036083635214189e-05
19,Sadie Robertson,1,0.24885074336734178
19,Tavis Smiley,1,1.294266343404571e-18
19,Tommy Chong,1,0.004536658534431824
19,Alfonso Ribeiro,2,0.24875688175959612
19,Antonio Sabato Jr.,2,0.00015712823637053749
19,Bethany Mota,2,0.2487568715316256
19,Betsey Johnson,2,0.0002811547968774708
19,Janel Parrish,2,0.24875688595941256
19,Jonathan Bennett,2,0.00017536523623571445
19,Lea Thompson,2,0.0
19,Michael Waltrip,2,0.0
19,Randy Couture,2,3.211948935988307e-18
19,Sadie Robertson,2,0.2487568871381236
19,Tavis Smiley,2,1.1943164556285635e-18
19,Tommy Chong,2,0.004358825341758417
19,Alfonso Ribeiro,3,0.24889347943442952
19,Antonio Sabato Jr.,3,4.973330044669242e-06
19,Bethany Mota,3,0.24889349423526863
19,Betsey Johnson,3,4.662069341687669e-18
19,Janel Parrish,3,0.24889347209980325
19,Jonathan Bennett,3,1.6263032587282567e-19
19,Lea Thompson,3,2.4392010387389767e-05
19,Michael Waltrip,3,4.316554933920156e-05
19,Randy Couture,3,3.099357239944887e-05
19,Sadie Robertson,3,0.24889347062443812
19,Tommy Chong,3,0.004322559143889712
19,Alfonso Ribeiro,4,0.24886528785373424
19,Antonio Sabato Jr.,4,0.00040592869569108954
19,Bethany Mota,4,0.24886526794812594
19,Betsey Johnson,4,6.226365063670351e-06
19,Janel Parrish,4,0.24886529668035662
19,Jonathan Bennett,4,0.00017075687195046356
19,Lea Thompson,4,0.0
19,Michael Waltrip,4,0.0
19,Sadie Robertson,4,0.24886529887315517
19,Tommy Chong,4,0.003955936711922991
19,Alfonso Ribeiro,5,0.24894407374993482
19,Antonio Sabato Jr.,5,0.0003946944492283093
19,Bethany Mota,5,0.24894409527877798
19,Janel Parrish,5,0.24894406313802955
19,Jonathan Bennett,5,8.456776945386935e-18
19,Lea Thompson,5,0.00020486083195852037
19,Michael Waltrip,5,0.00012560936959516773
19,Sadie Robertson,5,0.2489440609115948
19,Tommy Chong,5,0.0034985422708808346
19,Alfonso Ribeiro,6,0.24914472406000804
19,Antonio Sabato Jr.,6,0.0
19,Bethany Mota,6,0.24914470045195833
19,Janel Parrish,6,0.2491447347093083
19,Jonathan Bennett,6,0.0
19,Lea Thompson,6,0.00011445745742710389
19,Michael Waltrip,6,1.0083080204115191e-17
19,Sadie Robertson,6,0.24914473735775375
19,Tommy Chong,6,0.0033066459635444556
19,Alfonso Ribeiro,7,0.24918117043943583
19,Antonio Sabato Jr.,7,2.8189256484623115e-18
19,Bethany Mota,7,0.2491811909407962
19,Janel Parrish,7,0.24918116032368953
19,Lea Thompson,7,0.0
19,Michael Waltrip,7,1.6263032587282567e-17
19,Sadie Robertson,7,0.2491811578331433
19,Tommy Chong,7,0.003275320462935216
19,Alfonso Ribeiro,8,0.24903418318309764
19,Bethany Mota,8,0.2490341633808262
19,Janel Parrish,8,0.24903419208563746
19,Lea Thompson,8,0.0006155295948779159
19,Michael Waltrip,8,0.0003075433177347455
19,Sadie Robertson,8,0.24903419467511126
19,Tommy Chong,8,0.0029401937627147553
19,Alfonso Ribeiro,9,0.24936143591903762
19,Bethany Mota,9,0.24936144820952555
19,Janel Parrish,9,0.2493614294322901
19,Lea Thompson,9,0.0001553667812177245
19,Sadie Robertson,9,0.24936142783145848
19,Tommy Chong,9,0.002398891826470502
19,Alfonso Ribeiro,10,0.2495433019409654
19,Bethany Mota,10,0.24954329261684968
19,Janel Parrish,10,0.2495433059466898
19,Sadie Robertson,10,0.2495433073529684
19,Tommy Chong,10,0.0018267921425267428
19,Alfonso Ribeiro,11,0.2500000002730576
19,Bethany Mota,11,0.2499999999089808
19,Janel Parrish,11,0.2499999999089808
19,Sadie Robertson,11,0.2499999999089808
20,Charlotte McKinney,1,3.2162103860220848e-18
20,Chris Soules,1,5.519650557195794e-05
20,Michael Sam,1,0.00019026104464598412
20,Nastia Liukin,1,6.794946158455195e-05
20,Noah Galloway,1,0.33276044462014004
20,Patti LaBelle,1,0.0001175276528562851
20,Redfoo,1,2.7597378092567148e-06
20,Riker Lynch,1,0.332761214510777
20,Robert Herjavec,1,5.519746903170561e-05
20,Rumer Willis,1,0.3327615755952704
20,Suzanne Somers,1,0.00042211578114385764
20,Willow Shields,1,0.00080575762116898
20,Charlotte McKinney,2,3.047899257471022e-19
20,Chris Soules,2,5.956414442821735e-05
20,Michael Sam,2,8.620376110894948e-05
20,Nastia Liukin,2,0.00013287829620240452
20,Noah Galloway,2,0.3328849445130653
20,Patti LaBelle,2,0.00012924885015205205
20,Redfoo,2,4.30993351482847e-18
20,Riker Lynch,2,0.3328827534815405
20,Robert Herjavec,2,5.956146185210479e-05
20,Rumer Willis,2,0.33288186413934906
20,Suzanne Somers,2,0.0001955984849673027
20,Willow Shields,2,0.0006873828673342111
20,Charlotte McKinney,3,1.1496074089697915e-18
20,Chris Soules,3,1.5823122566098073e-05
20,Michael Sam,3,3.482760413262216e-05
20,Nastia Liukin,3,0.0002734060509561588
20,Noah Galloway,3,0.3328843232841548
20,Patti LaBelle,3,3.8017532783860214e-05
20,Riker Lynch,3,0.3328875806176531
20,Robert Herjavec,3,1.5820953154363743e-05
20,Rumer Willis,3,0.3328885182138669
20,Suzanne Somers,3,0.00023761004722647625
20,Willow Shields,3,0.0007240725735058036
20,Chris Soules,4,6.524843676436218e-06
20,Michael Sam,4,7.420483077717429e-06
20,Nastia Liukin,4,0.0002935426648689475
20,Noah Galloway,4,0.3329590950252062
20,Patti LaBelle,4,0.00011587212112560883
20,Riker Lynch,4,0.3329552645558503
20,Robert Herjavec,4,6.524843676438388e-06
20,Rumer Willis,4,0.3329548672973024
20,Suzanne Somers,4,0.0001467987118202145
20,Willow Shields,4,0.0005540894533957692
20,Chris Soules,5,0.00017560336830754546
20,Nastia Liukin,5,4.9797564854155024e-05
20,Noah Galloway,5,0.3329825853373855
20,Patti LaBelle,5,4.979756485414857e-05
20,Riker Lynch,5,0.33298644371146985
20,Robert Herjavec,5,0.00017560218901396986
20,Rumer Willis,5,0.3329858706832332
20,Suzanne Somers,5,4.9797564854144725e-05
20,Willow Shields,5,0.0005445020160274262
20,Chris Soules,6,0.00018283594724632267
20,Nastia Liukin,6,6.762655351138707e-05
20,Noah Galloway,6,0.3330801222025749
20,Patti LaBelle,6,6.762655351138203e-05
20,Riker Lynch,6,0.3330766895810453
20,Robert Herjavec,6,0.00018283533480872275
20,Rumer Willis,6,0.33307833527873465
20,Willow Shields,6,0.00026392854856733476
20,Chris Soules,7,9.658894060930457e-05
20,Nastia Liukin,7,0.00013800184665042198
20,Noah Galloway,7,0.3331897393669984
20,Riker Lynch,7,0.3331924473060492
20,Robert Herjavec,7,9.658894060930613e-05
20,Rumer Willis,7,0.33319004446459666
20,Willow Shields,7,9.658913448660632e-05
20,Chris Soules,8,7.984261802808281e-05
20,Nastia Liukin,8,0.00015799431877808163
20,Noah Galloway,8,0.33322784965396374
20,Riker Lynch,8,0.3332259677752466
20,Robert Herjavec,8,7.984261162715322e-05
20,Rumer Willis,8,0.3332285030223564
20,Nastia Liukin,9,0.00012637341576360436
20,Noah Galloway,9,0.3332911308769432
20,Riker Lynch,9,0.33329220736690685
20,Rumer Willis,9,0.33329028834038654
20,Noah Galloway,10,0.33333332715249625
20,Riker Lynch,10,0.3333329780807104
20,Rumer Willis,10,0.3333336947667933
21,Alek Skarlatos,1,0.24935171436278875
21,Alexa PenaVega,1,0.001296624300775711
21,Andy Grammer,1,5.854691731421724e-18
21,Bindi Irwin,1,0.24935169908084007
21,Carlos PenaVega,1,0.2493517351603741
21,Chaka Khan,1,0.0
21,Gary Busey,1,1.6805133673525319e-18
21,Hayes Grier,1,3.7947076036992655e-18
21,Kim Zolciak-Biermann,1,0.0
21,Nick Carter,1,0.24935163118409137
21,Paula Deen,1,2.222614453595284e-18
21,Tamar Braxton,1,0.0012965959111300332
21,Victor Espinoza,1,0.0
21,Alek Skarlatos,2,0.24924001223722028
21,Alexa PenaVega,2,0.0011001910544567533
21,Andy Grammer,2,0.00014654203625968825
21,Bindi Irwin,2,0.24924004206758685
21,Carlos PenaVega,2,0.24923995556935025
21,Chaka Khan,2,3.8508823657524595e-05
21,Gary Busey,2,9.263463956906142e-05
21,Hayes Grier,2,0.00032080974896332037
21,Kim Zolciak-Biermann,2,0.00012187206994884411
21,Nick Carter,2,0.24924027478005098
21,Paula Deen,2,8.03840412560584e-05
21,Tamar Braxton,2,0.0011002641078787442
21,Victor Espinoza,2,3.850882380166453e-05
21,Alek Skarlatos,3,0.2493513728155055
21,Alexa PenaVega,3,0.0010976125859809653
21,Andy Grammer,3,0.00010863256746826854
21,Bindi Irwin,3,0.24935136739359814
21,Carlos PenaVega,3,0.24935144492472472
21,Gary Busey,3,0.0
21,Hayes Grier,3,8.502378046548463e-05
21,Nick Carter,3,0.24935091334466408
21,Paula Deen,3,0.00020610773002041236
21,Tamar Braxton,3,0.0010975248575724244
21,Alek Skarlatos,4,0.24940207106904655
21,Alexa PenaVega,4,0.0010805563713408102
21,Andy Grammer,4,3.3610267347050637e-18
21,Bindi Irwin,4,0.24940201019780575
21,Carlos PenaVega,4,0.24940200191433684
21,Gary Busey,4,1.3843700807481016e-05
21,Hayes Grier,4,7.499998460733824e-05
21,Nick Carter,4,0.24940271936506636
21,Paula Deen,4,0.00014116959434238896
21,Tamar Braxton,4,0.0010806278026465397
21,Alek Skarlatos,5,0.249496380830768
21,Alexa PenaVega,5,0.0009726920234135942
21,Andy Grammer,5,6.1257422745431e-18
21,Bindi Irwin,5,0.24949652612229833
21,Carlos PenaVega,5,0.24949643241648653
21,Hayes Grier,5,6.970367525896255e-05
21,Nick Carter,5,0.2494956078924428
21,Paula Deen,5,6.830473686658678e-18
21,Tamar Braxton,5,0.0009726570393317462
21,Alek Skarlatos,6,0.24945366685273548
21,Alexa PenaVega,6,0.0007477837916069678
21,Andy Grammer,6,0.00028552619879024466
21,Bindi Irwin,6,0.24945345096880028
21,Carlos PenaVega,6,0.24945363094107617
21,Hayes Grier,6,0.00020126408669366867
21,Nick Carter,6,0.24945445409734898
21,Paula Deen,6,0.00020244306475069324
21,Tamar Braxton,6,0.0007477799981975533
21,Alek Skarlatos,7,0.24960918178003486
21,Alexa PenaVega,7,0.0007818226178285484
21,Andy Grammer,7,4.4994390158148434e-18
21,Bindi Irwin,7,0.24960942997365376
21,Carlos PenaVega,7,0.24960920837990816
21,Hayes Grier,7,5.149960319306146e-18
21,Nick Carter,7,0.24960850343296467
21,Tamar Braxton,7,0.0007818538156100197
21,Alek Skarlatos,8,0.24963886734413984
21,Alexa PenaVega,8,0.0007221659597511925
21,Andy Grammer,8,0.0
21,Bindi Irwin,8,0.24963863082048218
21,Carlos PenaVega,8,0.24963883700908537
21,Nick Carter,8,0.2496393597520691
21,Tamar Braxton,8,0.0007221391144723355
21,Alek Skarlatos,9,0.24976449091798775
21,Alexa PenaVega,9,0.00047104878400984474
21,Bindi Irwin,9,0.2497646787162479
21,Carlos PenaVega,9,0.24976451956606355
21,Nick Carter,9,0.24976419915438916
21,Tamar Braxton,9,0.00047106286130193007
21,Alek Skarlatos,10,0.25000000179977017
21,Bindi Irwin,10,0.24999988758999814
21,Carlos PenaVega,10,0.24999997291270323
21,Nick Carter,10,0.25000013769752844
21,Alek Skarlatos,11,0.2499999968178313
21,Bindi Irwin,11,0.25000003655711034
21,Carlos PenaVega,11,0.24999998331252893
21,Nick Carter,11,0.24999998331252893
22,Antonio Brown,1,0.0008273560897995006
22,Doug Flutie,1,0.000312907770098139
22,Geraldo Rivera,1,6.887542231845456e-05
22,Ginger Zee,1,0.3325965490601711
22,Jodie Sweetin,1,2.3176774884422195e-05
22,Kim Fields,1,3.5752533815641507e-06
22,Marla Maples,1,3.692326965536833e-05
22,Mischa Barton,1,0.00010621356722431856
22,Nyle DiMarco,1,0.33259660475832775
22,Paige VanZant,1,0.332596705915461
22,Von Miller,1,3.575242840173272e-06
22,Wanya Morris,1,0.0008275368758382266
22,Antonio Brown,2,0.0009146081597094929
22,Doug Flutie,2,7.429897845148079e-05
22,Geraldo Rivera,2,2.619451180792207e-19
22,Ginger Zee,2,0.33265365550606474
22,Jodie Sweetin,2,2.656295322589486e-18
22,Kim Fields,2,0.0
22,Marla Maples,2,0.00013658210862006417
22,Mischa Barton,2,0.0
22,Nyle DiMarco,2,0.33265350935970023
22,Paige VanZant,2,0.3326532335555626
22,Von Miller,2,0.0
22,Wanya Morris,2,0.0009141123318913711
22,Antonio Brown,3,0.0007979872743169838
22,Doug Flutie,3,0.0
22,Ginger Zee,3,0.3326970612928699
22,Jodie Sweetin,3,0.0001185484987193821
22,Kim Fields,3,9.498715268778696e-05
22,Marla Maples,3,0.0
22,Mischa Barton,3,2.893768211702426e-06
22,Nyle DiMarco,3,0.3326972408590752
22,Paige VanZant,3,0.3326976204506907
22,Von Miller,3,9.498727449510727e-05
22,Wanya Morris,3,0.0007986734289333737
22,Antonio Brown,4,0.0008261931800879968
22,Doug Flutie,4,0.00016851369278592478
22,Ginger Zee,4,0.33272684173123157
22,Jodie Sweetin,4,1.6805133673525319e-18
22,Kim Fields,4,4.099639464710814e-18
22,Marla Maples,4,0.0
22,Nyle DiMarco,4,0.3327266903487924
22,Paige VanZant,4,0.33272629631623934
22,Von Miller,4,4.058981883242607e-18
22,Wanya Morris,4,0.0008254647308627643
22,Antonio Brown,5,0.0008153069067746928
22,Doug Flutie,5,4.445228907190568e-18
22,Ginger Zee,5,0.33275980593708715
22,Jodie Sweetin,5,0.0
22,Kim Fields,5,4.4417695140128346e-05
22,Nyle DiMarco,5,0.33275988474412976
22,Paige VanZant,5,0.3327602171909684
22,Von Miller,5,4.441758692714684e-05
22,Wanya Morris,5,0.0008159499389728175
22,Antonio Brown,6,0.0006083546315151059
22,Doug Flutie,6,2.3193466774522175e-05
22,Ginger Zee,6,0.33283038995932895
22,Jodie Sweetin,6,2.3193466774524326e-05
22,Kim Fields,6,0.000123223011182633
22,Nyle DiMarco,6,0.33283039170106093
22,Paige VanZant,6,0.3328301638864505
22,Von Miller,6,0.00012322329569392946
22,Wanya Morris,6,0.0006078665812188833
22,Antonio Brown,7,0.000623090515306962
22,Ginger Zee,7,0.332917832975406
22,Jodie Sweetin,7,0.0
22,Kim Fields,7,4.160625836913123e-18
22,Nyle DiMarco,7,0.33291777116026694
22,Paige VanZant,7,0.3329178917157417
22,Von Miller,7,1.6398557858843255e-18
22,Wanya Morris,7,0.0006234136332784112
22,Antonio Brown,8,0.0004621973785592153
22,Ginger Zee,8,0.33301373366501885
22,Jodie Sweetin,8,3.446035508272396e-05
22,Nyle DiMarco,8,0.33301381607668074
22,Paige VanZant,8,0.33301377554092915
22,Wanya Morris,8,0.0004620169837293643
22,Antonio Brown,9,0.0003243578836729463
22,Ginger Zee,9,0.33311711951421163
22,Nyle DiMarco,9,0.33311705267959096
22,Paige VanZant,9,0.33311705410470055
22,Wanya Morris,9,0.0003244158178238825
22,Ginger Zee,10,0.3333333155096912
22,Nyle DiMarco,10,0.3333333402279015
22,Paige VanZant,10,0.3333333442624073
23,Amber Rose,1,6.819057881427763e-05
23,Babyface,1,1.5925143345770327e-05
23,Calvin Johnson Jr.,1,0.24804056793674994
23,Jake T. Austin,1,3.012834790306023e-18
23,James Hinchcliffe,1,0.24804049752437093
23,Jana Kramer,1,0.24804052427458184
23,Laurie Hernandez,1,0.24804053043584579
23,Marilu Henner,1,1.6734796270634708e-17
23,Maureen McCormick,1,0.0
23,Rick Perry,1,5.781570752939227e-05
23,Ryan Lochte,1,7.854825565501056e-05
23,Terra Jole,1,0.007601475094109736
23,Vanilla Ice,1,1.592504899732054e-05
23,Amber Rose,2,0.0001510455349493965
23,Babyface,2,4.746390592845751e-05
23,Calvin Johnson Jr.,2,0.24798620132077714
23,Jake T. Austin,2,5.63637857679481e-07
23,James Hinchcliffe,2,0.24798640487043852
23,Jana Kramer,2,0.24798632113648203
23,Laurie Hernandez,2,0.24798630742120872
23,Marilu Henner,2,1.416000499670409e-17
23,Maureen McCormick,2,9.671889325051337e-05
23,Rick Perry,2,3.671385804852231e-18
23,Ryan Lochte,2,0.00017563420918068087
23,Terra Jole,2,0.007535875255095937
23,Vanilla Ice,2,4.746381483085659e-05
23,Amber Rose,3,0.0003134416408560348
23,Babyface,3,2.2026212916775186e-18
23,Calvin Johnson Jr.,3,0.24802646635958875
23,James Hinchcliffe,3,0.24802615007229617
23,Jana Kramer,3,0.2480262798763237
23,Laurie Hernandez,3,0.2480263017934935
23,Marilu Henner,3,1.780052861314147e-17
23,Maureen McCormick,3,0.00018355650513297056
23,Rick Perry,3,1.7312525723302364e-18
23,Ryan Lochte,3,0.00018900355270070154
23,Terra Jole,3,0.007208800199608133
23,Vanilla Ice,3,9.428920615138654e-19
23,Amber Rose,4,0.00019105889387889703
23,Babyface,4,4.221702350474746e-05
23,Calvin Johnson Jr.,4,0.2481187474013435
23,James Hinchcliffe,4,0.24811915027114634
23,Jana Kramer,4,0.2481189807158287
23,Laurie Hernandez,4,0.2481189545530115
23,Marilu Henner,4,2.8045178326058987e-05
23,Maureen McCormick,4,0.00016539368364285417
23,Ryan Lochte,4,0.00015608321618302415
23,Terra Jole,4,0.006899152039629652
23,Vanilla Ice,4,4.221702350474895e-05
23,Amber Rose,5,9.722145184625428e-05
23,Calvin Johnson Jr.,5,0.24832349817919386
23,James Hinchcliffe,5,0.24832303830422128
23,Jana Kramer,5,0.24832322801563836
23,Laurie Hernandez,5,0.24832326145380867
23,Marilu Henner,5,1.6109114845354294e-17
23,Maureen McCormick,5,5.720519754900334e-18
23,Ryan Lochte,5,9.085477037830934e-05
23,Terra Jole,5,0.006518897824913298
23,Amber Rose,6,5.290756251541379e-06
23,Calvin Johnson Jr.,6,0.2484553266498958
23,James Hinchcliffe,6,0.2484558097911228
23,Jana Kramer,6,0.2484556093805874
23,Laurie Hernandez,6,0.24845557387393988
23,Marilu Henner,6,2.886956787295726e-17
23,Maureen McCormick,6,1.960931252287583e-17
23,Ryan Lochte,6,2.2041573524715835e-05
23,Terra Jole,6,0.0061503479746779065
23,Calvin Johnson Jr.,7,0.24856460247137474
23,James Hinchcliffe,7,0.24856413505013392
23,Jana Kramer,7,0.248564323561201
23,Laurie Hernandez,7,0.24856436310121463
23,Marilu Henner,7,1.3685937502718921e-05
23,Maureen McCormick,7,1.3685937502688904e-05
23,Ryan Lochte,7,6.746748450458861e-05
23,Terra Jole,7,0.005647736456565732
23,Calvin Johnson Jr.,8,0.2487139717475078
23,James Hinchcliffe,8,0.24871438442690066
23,Jana Kramer,8,0.24871421537999114
23,Laurie Hernandez,8,0.24871418119610395
23,Marilu Henner,8,5.234568229620239e-05
23,Ryan Lochte,8,3.1728818571886854e-05
23,Terra Jole,8,0.005059172748628343
23,Calvin Johnson Jr.,9,0.2489096559350731
23,James Hinchcliffe,9,0.2489093343027284
23,Jana Kramer,9,0.24890945969427192
23,Laurie Hernandez,9,0.24890949114938266
23,Marilu Henner,9,1.6212755750547027e-17
23,Terra Jole,9,0.004362058918543814
23,Calvin Johnson Jr.,10,0.2491040118866248
23,James Hinchcliffe,10,0.24910420702844502
23,Jana Kramer,10,0.24910411628150123
23,Laurie Hernandez,10,0.249104106688016
23,Terra Jole,10,0.00358355811541293
23,Calvin Johnson Jr.,11,0.2500000415979803
23,James Hinchcliffe,11,0.24999998592619763
23,Jana Kramer,11,0.24999997101862528
23,Laurie Hernandez,11,0.2500000014571968
24,Bonner Bolton,1,0.0
24,Charo,1,0.0
24,Chris Kattan,1,0.0
24,David Ross,1,0.3331842361535164
24,Erika Jayne,1,1.1655173354219173e-18
24,Heather Morris,1,0.00032992941015108477
24,Mr. T,1,0.0001202275286163274
24,Nancy Kerrigan,1,0.0
24,Nick Viall,1,0.0
24,Normani,1,0.33317770521140333
24,Rashad Jennings,1,0.33318790169631296
24,Simone Biles,1,2.0383000842727483e-17
24,Bonner Bolton,2,6.302811028163055e-18
24,Charo,2,3.108999592861341e-19
24,Chris Kattan,2,0.0
24,David Ross,2,0.3331919575327033
24,Erika Jayne,2,0.00026288861218708035
24,Heather Morris,2,6.261267546103788e-18
24,Mr. T,2,0.0
24,Nancy Kerrigan,2,5.161010615264258e-18
24,Nick Viall,2,3.0163231928163694e-18
24,Normani,2,0.33320919760150536
24,Rashad Jennings,2,0.33318222286772015
24,Simone Biles,2,0.0001537333858840377
24,Bonner Bolton,3,0.00028532538623031017
24,Charo,3,1.824508968385763e-18
24,David Ross,3,0.3331795975811206
24,Erika Jayne,3,0.0
24,Heather Morris,3,5.1448497134137946e-05
24,Mr. T,3,2.0003811286382866e-05
24,Nancy Kerrigan,3,0.0
24,Nick Viall,3,0.0
24,Normani,3,0.33315783082970235
24,Rashad Jennings,3,0.33319208580880255
24,Simone Biles,3,0.000113708085723703
24,Bonner Bolton,4,0.0001979212453809156
24,David Ross,4,0.3332126914073865
24,Erika Jayne,4,1.067659314059395e-05
24,Heather Morris,4,0.0
24,Mr. T,4,7.4222810440268166e-06
24,Nancy Kerrigan,4,6.920147616307058e-05
24,Nick Viall,4,6.920145577762009e-05
24,Normani,4,0.3332312965448314
24,Rashad Jennings,4,0.3332015889962759
24,Simone Biles,4,2.1467203015212988e-17
24,Bonner Bolton,5,0.0
24,David Ross,5,0.333112669962328
24,Erika Jayne,5,0.0
24,Heather Morris,5,0.000664813413909949
24,Nancy Kerrigan,5,0.0
24,Nick Viall,5,2.303929616531697e-18
24,Normani,5,0.33310355619796683
24,Rashad Jennings,5,0.33311896042579525
24,Simone Biles,5,1.3877787807814457e-17
24,Bonner Bolton,6,7.48879836945212e-05
24,David Ross,6,0.33324377881608386
24,Heather Morris,6,0.0
24,Nancy Kerrigan,6,8.249155972499443e-05
24,Nick Viall,6,8.249153381015714e-05
24,Normani,6,0.3332407810026526
24,Rashad Jennings,6,0.3332437895883624
24,Simone Biles,6,3.177951567147168e-05
24,Bonner Bolton,7,0.0
24,David Ross,7,0.33328749658302115
24,Nancy Kerrigan,7,1.7279472123987727e-18
24,Nick Viall,7,1.81603863891322e-18
24,Normani,7,0.3333006021346532
24,Rashad Jennings,7,0.33328210130987646
24,Simone Biles,7,0.0001297999724491185
24,Bonner Bolton,8,7.17236512527834e-05
24,David Ross,8,0.3332320350090849
24,Normani,8,0.33321461030855126
24,Rashad Jennings,8,0.3332399406697493
24,Simone Biles,8,0.00024169036136167466
24,David Ross,9,0.3332402980037962
24,Normani,9,0.33325476422265327
24,Rashad Jennings,9,0.3332335390777901
24,Simone Biles,9,0.00027139869576054386
24,David Ross,10,0.3333343149230515
24,Normani,10,0.3333287369860907
24,Rashad Jennings,10,0.33333694809085773
25,Barbara Corcoran,1,3.902491811138632e-05
25,Debbie Gibson,1,3.902491811138735e-05
25,Derek Fisher,1,1.951563910473908e-18
25,Drew Scott,1,0.2486569728486725
25,Frankie Muniz,1,0.24866020819662327
25,Jordan Fisher,1,0.24866085528632118
25,Lindsey Stirling,1,0.248662263772356
25,Nick Lachey,1,0.00019030605404795486
25,Nikki Bella,1,9.315480356947933e-05
25,Sasha Pieterse,1,0.00010237982299553307
25,Terrell Owens,1,5.353248226647178e-19
25,Vanessa Lachey,1,9.315463352198296e-05
25,Victoria Arlen,1,0.004802654745669201
25,Barbara Corcoran,2,0.0
25,Debbie Gibson,2,0.0
25,Derek Fisher,2,0.0
25,Drew Scott,2,0.24875500286112587
25,Frankie Muniz,2,0.24874560425507497
25,Jordan Fisher,2,0.2487437281304723
25,Lindsey Stirling,2,0.24873963070280214
25,Nick Lachey,2,0.0002133733566693721
25,Nikki Bella,2,2.3494214626707997e-05
25,Sasha Pieterse,2,9.504891555387135e-05
25,Terrell Owens,2,5.817422281742535e-18
25,Vanessa Lachey,2,2.3495076006447007e-05
25,Victoria Arlen,2,0.004660622487668316
25,Derek Fisher,3,7.857166331545938e-05
25,Drew Scott,3,0.2487521694030165
25,Frankie Muniz,3,0.24876685274672847
25,Jordan Fisher,3,0.2487697797391068
25,Lindsey Stirling,3,0.24877617621824835
25,Nick Lachey,3,6.071532165918825e-18
25,Nikki Bella,3,0.00022016176189719824
25,Sasha Pieterse,3,4.052205619664573e-18
25,Terrell Owens,3,1.9735867671025198e-19
25,Vanessa Lachey,3,0.00022016100624528754
25,Victoria Arlen,3,0.004416127461441909
25,Derek Fisher,4,0.0
25,Drew Scott,4,0.24874146741727382
25,Frankie Muniz,4,0.24872293944385304
25,Jordan Fisher,4,0.24871925026453967
25,Lindsey Stirling,4,0.2487112030197571
25,Nick Lachey,4,0.0001676710869642729
25,Nikki Bella,4,0.0002113908821857615
25,Sasha Pieterse,4,0.00029460978226015453
25,Terrell Owens,4,6.044427111606687e-18
25,Vanessa Lachey,4,0.00021138941501794599
25,Victoria Arlen,4,0.004220078688148259
25,Drew Scott,5,0.24892348936605121
25,Frankie Muniz,5,0.24894405397277095
25,Jordan Fisher,5,0.2489481513657469
25,Lindsey Stirling,5,0.24895701240596568
25,Nick Lachey,5,0.0002687552847067874
25,Nikki Bella,5,7.047314121155779e-19
25,Sasha Pieterse,5,1.5171985672895877e-05
25,Terrell Owens,5,3.3362776055114238e-06
25,Vanessa Lachey,5,0.0
25,Victoria Arlen,5,0.003940029341480117
25,Drew Scott,6,0.24907555344516968
25,Frankie Muniz,6,0.24905510061705527
25,Jordan Fisher,6,0.24905101749914776
25,Lindsey Stirling,6,0.24904231162614207
25,Nick Lachey,6,3.4368898640478024e-05
25,Nikki Bella,6,3.323820344255555e-05
25,Terrell Owens,6,3.3238203442561025e-05
25,Vanessa Lachey,6,3.323820344255529e-05
25,Victoria Arlen,6,0.003641933303516929
25,Drew Scott,7,0.24910623011442692
25,Frankie Muniz,7,0.24912451182197654
25,Jordan Fisher,7,0.24912817285134553
25,Lindsey Stirling,7,0.24913582828817407
25,Nikki Bella,7,4.460403142916766e-05
25,Terrell Owens,7,4.460403142917081e-05
25,Vanessa Lachey,7,4.4604031429165675e-05
25,Victoria Arlen,7,0.0033714448297895005
25,Drew Scott,8,0.2492852470615054
25,Frankie Muniz,8,0.2492713295456682
25,Jordan Fisher,8,0.24926853474913924
25,Lindsey Stirling,8,0.2492627991636994
25,Terrell Owens,8,2.9703752587108338e-05
25,Victoria Arlen,8,0.002882385727400715
25,Drew Scott,9,0.24938643276089678
25,Frankie Muniz,9,0.24939499744688062
25,Jordan Fisher,9,0.2493967215380152
25,Lindsey Stirling,9,0.2494001993301561
25,Victoria Arlen,9,0.002421648924051283
25,Drew Scott,10,0.25
25,Frankie Muniz,10,0.25
25,Jordan Fisher,10,0.25
25,Lindsey Stirling,10,0.25
26,Adam Rippon,1,0.33328237859604165
26,Arike Ogunbowale,1,2.574980159653073e-19
26,Chris Mazdzer,1,5.1130191594431726e-05
26,Jamie Anderson,1,1.1519648082658485e-19
26,Jennie Finch Daigle,1,5.113019159443421e-05
26,Johnny Damon,1,1.9142944607947188e-19
26,Josh Norman,1,0.33328245349319424
26,Kareem Abdul-Jabbar,1,1.8973538018496328e-19
26,Mirai Nagasu,1,5.113019146303323e-05
26,Tonya Harding,1,0.33328177733611225
26,Adam Rippon,2,0.3332854786534069
26,Arike Ogunbowale,2,0.0
26,Chris Mazdzer,2,4.743091977107668e-05
26,Jennie Finch Daigle,2,4.743092333128296e-05
26,Josh Norman,2,0.3332852847691437
26,Kareem Abdul-Jabbar,2,8.470329472543003e-21
26,Mirai Nagasu,2,4.743091986286849e-05
26,Tonya Harding,2,0.3332869438144843
26,Adam Rippon,3,0.33329436875814455
26,Chris Mazdzer,3,3.938966303112607e-05
26,Jennie Finch Daigle,3,3.938966128867635e-05
26,Josh Norman,3,0.3332945791561741
26,Mirai Nagasu,3,3.9389662933600944e-05
26,Tonya Harding,3,0.3332928830984279
26,Adam Rippon,4,0.33333315717888207
26,Josh Norman,4,0.3333330646233899
26,Tonya Harding,4,0.33333377819772797
27,Alexis Ren,1,0.24922548002014613
27,Bobby Bones,1,0.24922546202141663
27,Danelle Umstead,1,6.010825476559389e-05
27,DeMarcus Ware,1,0.0003402794663707817
27,Evanna Lynch,1,0.2492254168528956
27,Joe Amabile,1,0.0006721524941821457
27,John Schneider,1,0.0003402778599416681
27,Juan Pablo Di Pace,1,0.0006718295062405948
27,Mary Lou Retton,1,0.0006488590345320284
27,Milo Manheim,1,0.24922549125591742
27,Nancy McKeon,1,0.0002130403909218277
27,Nikki Glaser,1,5.691068557581435e-18
27,Tinashe,1,0.00015160284266972434
27,Alexis Ren,2,0.24916121072773306
27,Bobby Bones,2,0.2491612426541494
27,Danelle Umstead,2,8.190526440911922e-05
27,DeMarcus Ware,2,0.000614523242895343
27,Evanna Lynch,2,0.24916139929934986
27,Joe Amabile,2,0.0005585565376302469
27,John Schneider,2,0.0006145219157709295
27,Juan Pablo Di Pace,2,0.0005583999781987461
27,Mary Lou Retton,2,0.0006489246217376412
27,Milo Manheim,2,0.24916115649658105
27,Nancy McKeon,2,0.00010385153795523772
27,Tinashe,2,0.00017430772358947665
27,Alexis Ren,3,0.24925067700118916
27,Bobby Bones,3,0.2492506889873541
27,DeMarcus Ware,3,0.000496332867936159
27,Evanna Lynch,3,0.24925037238414646
27,Joe Amabile,3,0.000693425214439207
27,John Schneider,3,0.0004963278932462765
27,Juan Pablo Di Pace,3,0.0006928025635852483
27,Mary Lou Retton,3,0.0003631360953782408
27,Milo Manheim,3,0.24925082473063953
27,Nancy McKeon,3,4.5584904032817216e-05
27,Tinashe,3,0.00020982735805288714
27,Alexis Ren,4,0.2491977582237311
27,Bobby Bones,4,0.24919764462990568
27,DeMarcus Ware,4,0.0005302880718215579
27,Evanna Lynch,4,0.2491981585608399
27,Joe Amabile,4,0.0007686496211633483
27,John Schneider,4,0.0005302950612202658
27,Juan Pablo Di Pace,4,0.0007678835010378287
27,Mary Lou Retton,4,0.000520590621171161
27,Milo Manheim,4,0.2491974693133272
27,Tinashe,4,9.126239578204903e-05
27,Alexis Ren,5,0.24926593130257507
27,Bobby Bones,5,0.24926617296395237
27,DeMarcus Ware,5,0.0005474020502686376
27,Evanna Lynch,5,0.24926547451076744
27,Joe Amabile,5,0.0007118397929609198
27,John Schneider,5,0.0005473976001257551
27,Juan Pablo Di Pace,5,0.0007122741892907359
27,Mary Lou Retton,5,0.0004171366297081402
27,Milo Manheim,5,0.2492663709603509
27,Alexis Ren,6,0.24952036068844638
27,Bobby Bones,6,0.24952001955613934
27,DeMarcus Ware,6,0.00025962838997917545
27,Evanna Lynch,6,0.24952081927487993
27,Joe Amabile,6,0.000565418247907892
27,John Schneider,6,0.00025962838997917295
27,Juan Pablo Di Pace,6,0.0005661181787292494
27,Mary Lou Retton,6,0.0002681849209304427
27,Milo Manheim,6,0.24951982235300843
27,Alexis Ren,7,0.24958521442081094
27,Bobby Bones,7,0.2495855768910503
27,DeMarcus Ware,7,0.00018733166815064495
27,Evanna Lynch,7,0.24958482033956852
27,Joe Amabile,7,0.0006418626758244687
27,John Schneider,7,0.0001873311082664082
27,Juan Pablo Di Pace,7,0.000642118913060399
27,Milo Manheim,7,0.2495857439832683
27,Alexis Ren,8,0.24981924122389587
27,Bobby Bones,8,0.2498189633601054
27,Evanna Lynch,8,0.2498195088491902
27,Joe Amabile,8,0.00036162579880144065
27,Juan Pablo Di Pace,8,0.0003618091177181268
27,Milo Manheim,8,0.24981885165028903
27,Alexis Ren,9,0.24999996160389887
27,Bobby Bones,9,0.25000006613572623
27,Evanna Lynch,9,0.2499998670483931
27,Milo Manheim,9,0.25000010521198174
28,Ally Brooke,1,0.24864045238785065
28,Hannah Brown,1,0.24864046866207265
28,James Van Der Beek,1,0.005096125287902011
28,Karamo Brown,1,0.0001490113622612916
28,Kate Flannery,1,0.0
28,Kel Mitchell,1,0.24864044852017686
28,Lamar Odom,1,0.00011656995224419196
28,Lauren Alaina,1,0.24864042277582646
28,Mary Wilson,1,0.0
28,Ray Lewis,1,6.066530936607185e-05
28,Sailor Brinkley-Cook,1,1.583574229983354e-05
28,Sean Spicer,1,0.0
28,Ally Brooke,2,0.24866836470412826
28,Hannah Brown,2,0.24866831652087232
28,James Van Der Beek,2,0.0050500986237968955
28,Karamo Brown,2,2.7125815501944378e-17
28,Kate Flannery,2,0.0
28,Kel Mitchell,2,0.24866837665919042
28,Lamar Odom,2,4.87890977618477e-19
28,Lauren Alaina,2,0.248668450374614
28,Mary Wilson,2,1.935978504244429e-17
28,Ray Lewis,2,0.00021176294442206962
28,Sailor Brinkley-Cook,2,6.463017297614756e-05
28,Sean Spicer,2,0.0
28,Ally Brooke,3,0.2486927411719904
28,Hannah Brown,3,0.24869281698779375
28,James Van Der Beek,3,0.004818405091810426
28,Karamo Brown,3,0.0002445478438101628
28,Kate Flannery,3,0.00016615875677606802
28,Kel Mitchell,3,0.24869272361417133
28,Lamar Odom,3,0.0
28,Lauren Alaina,3,0.2486926065336479
28,Sailor Brinkley-Cook,3,0.0
28,Sean Spicer,3,0.0
28,Ally Brooke,4,0.2487120148553781
28,Hannah Brown,4,0.2487119164886614
28,James Van Der Beek,4,0.004639483180778977
28,Karamo Brown,4,0.00035277340293764784
28,Kate Flannery,4,6.68925401692726e-06
28,Kel Mitchell,4,0.24871203676151118
28,Lamar Odom,4,0.0
28,Lauren Alaina,4,0.2487121863619505
28,Sailor Brinkley-Cook,4,0.00015289969476531626
28,Sean Spicer,4,0.0
28,Ally Brooke,5,0.24888711402274313
28,Hannah Brown,5,0.24888722694066082
28,James Van Der Beek,5,0.004451648089036797
28,Karamo Brown,5,0.0
28,Kate Flannery,5,0.0
28,Kel Mitchell,5,0.24888709132732395
28,Lauren Alaina,5,0.2488869196202353
28,Sailor Brinkley-Cook,5,0.0
28,Sean Spicer,5,0.0
28,Ally Brooke,6,0.24897353521624402
28,Hannah Brown,6,0.24897341614982543
28,James Van Der Beek,6,0.004010351385721347
28,Karamo Brown,6,3.686287386450715e-18
28,Kate Flannery,6,4.871053369367698e-05
28,Kel Mitchell,6,0.24897355746891334
28,Lauren Alaina,6,0.24897373625702204
28,Sailor Brinkley-Cook,6,4.9737774662772516e-18
28,Sean Spicer,6,4.6692988580208626e-05
28,Ally Brooke,7,0.24907152431014304
28,Hannah Brown,7,0.24907163926067113
28,James Van Der Beek,7,0.0036777246389850245
28,Karamo Brown,7,5.231275482242559e-18
28,Kate Flannery,7,0.0
28,Kel Mitchell,7,0.24907150505138692
28,Lauren Alaina,7,0.24907133227250725
28,Sean Spicer,7,3.627446630665422e-05
28,Ally Brooke,8,0.24913514081452792
28,Hannah Brown,8,0.2491350391594576
28,James Van Der Beek,8,0.003257096365886266
28,Kate Flannery,8,0.00012088933943929641
28,Kel Mitchell,8,0.24913515711045447
28,Lauren Alaina,8,0.24913530823365945
28,Sean Spicer,8,8.136897657512698e-05
28,Ally Brooke,9,0.2492729240693437
28,Hannah Brown,9,0.24927300341680164
28,James Van Der Beek,9,0.0029083657166328737
28,Kel Mitchell,9,0.24927291251899975
28,Lauren Alaina,9,0.24927279427822213
28,Sean Spicer,9,0.0
28,Ally Brooke,10,0.2494419844909111
28,Hannah Brown,10,0.249441933874636
28,James Van Der Beek,10,0.0022320232688963757
28,Kel Mitchell,10,0.24944199202422632
28,Lauren Alaina,10,0.24944206634133034
28,Ally Brooke,11,0.2500000032476789
28,Hannah Brown,11,0.25000002047942754
28,Kel Mitchell,11,0.2500000010721744
28,Lauren Alaina,11,0.24999997520071923
29,AJ McLean,1,9.926303056080699e-05
29,Anne Heche,1,0.00021757755702428035
29,Carole Baskin,1,0.00010912756344278566
29,Charles Oakley,1,9.814419193893508e-06
29,Chrishell Stause,1,8.809208940274744e-05
29,Jeannie Mai,1,0.00019628424649229928
29,Jesse Metcalfe,1,0.00047891939908312756
29,Johnny Weir,1,0.0006458229658491089
29,Justina Machado,1,0.2492685662732071
29,Kaitlyn Bristowe,1,0.24926856657325305
29,Monica Aldama,1,0.00011780555813090495
29,Nelly,1,0.24926856742577502
29,Nev Schulman,1,0.24926856729922872
29,Skai Jackson,1,0.0006458228860024425
29,Veron Davis,1,0.0003172027133537978
29,AJ McLean,2,0.00016226133292690504
29,Anne Heche,2,0.0002088016554217863
29,Carole Baskin,2,5.980065255242899e-05
29,Charles Oakley,2,9.832235243450692e-06
29,Chrishell Stause,2,0.00010606969341021312
29,Jeannie Mai,2,0.00036943260034047205
29,Jesse Metcalfe,2,0.0002879105661137991
29,Johnny Weir,2,0.0006768687503457833
29,Justina Machado,2,0.2492433306826846
29,Kaitlyn Bristowe,2,0.24924332987708
29,Monica Aldama,2,0.00012578037156183052
29,Nelly,2,0.24924332949227324
29,Nev Schulman,2,0.24924332880792113
29,Skai Jackson,2,0.0006768682750675855
29,Veron Davis,2,0.0003430550070566787
29,AJ McLean,3,0.00018933107804689105
29,Anne Heche,3,0.00019841452764417225
29,Carole Baskin,3,6.885425356631754e-05
29,Chrishell Stause,3,0.00011507279410533741
29,Jeannie Mai,3,0.00037460180706576894
29,Jesse Metcalfe,3,0.0002724115170985469
29,Johnny Weir,3,0.0006202150708788449
29,Justina Machado,3,0.24927837593672517
29,Kaitlyn Bristowe,3,0.24927837631047092
29,Monica Aldama,3,0.00012932519551318316
29,Nelly,3,0.2492783781249855
29,Nev Schulman,3,0.24927837907194264
29,Skai Jackson,3,0.000620215149132502
29,Veron Davis,3,0.00029804916262234196
29,AJ McLean,4,0.00018254696509933504
29,Anne Heche,4,0.00011036154059722676
29,Chrishell Stause,4,0.00015254671338105409
29,Jeannie Mai,4,0.00032676709908849993
29,Jesse Metcalfe,4,0.00024126163638777564
29,Johnny Weir,4,0.000566215663563092
29,Justina Machado,4,0.2493504373060533
29,Kaitlyn Bristowe,4,0.24935043767587428
29,Monica Aldama,4,0.0001848685590631103
29,Nelly,4,0.24935043657667097
29,Nev Schulman,4,0.24935043446722552
29,Skai Jackson,4,0.0005662154689351525
29,Veron Davis,4,0.0002674703280606946
29,AJ McLean,5,0.00019051713717079108
29,Chrishell Stause,5,0.0001598115349674165
29,Jeannie Mai,5,0.00043192796102933714
29,Jesse Metcalfe,5,7.662634890206382e-06
29,Johnny Weir,5,0.0006041408376204788
29,Justina Machado,5,0.2494354134683952
29,Kaitlyn Bristowe,5,0.2494354124061501
29,Monica Aldama,5,0.0001240701309334473
29,Nelly,5,0.24943541506579506
29,Nev Schulman,5,0.2494354171819415
29,Skai Jackson,5,0.000604140497300009
29,Veron Davis,5,0.00013607114380656188
29,AJ McLean,6,0.00027977650870162165
29,Chrishell Stause,6,0.00012195777318646933
29,Jeannie Mai,6,0.000366056263916503
29,Johnny Weir,6,0.0005700306657111373
29,Justina Machado,6,0.2494908327354158
29,Kaitlyn Bristowe,6,0.24949083390843446
29,Monica Aldama,6,9.957185561172943e-05
29,Nelly,6,0.24949083175623685
29,Nev Schulman,6,0.24949082911911688
29,Skai Jackson,6,0.000570031245888416
29,Veron Davis,6,2.924816778019584e-05
29,AJ McLean,7,0.00024591357364528714
29,Chrishell Stause,7,0.00018428961305330096
29,Jeannie Mai,7,0.0003502371905404252
29,Johnny Weir,7,0.0004918476349193535
29,Justina Machado,7,0.24953956468898203
29,Kaitlyn Bristowe,7,0.24953956376748218
29,Monica Aldama,7,7.759963958963212e-05
29,Nelly,7,0.24953956730152968
29,Nev Schulman,7,0.24953956915585768
29,Skai Jackson,7,0.000491847434400454
29,AJ McLean,8,0.00031991584012396783
29,Chrishell Stause,8,0.0001244777918758583
29,Johnny Weir,8,0.0004965060924887484
29,Justina Machado,8,0.24964064952575482
29,Kaitlyn Bristowe,8,0.24964065027533597
29,Nelly,8,0.24964064805210698
29,Nev Schulman,8,0.2496406460064113
29,Skai Jackson,8,0.000496506415902502
29,AJ McLean,9,0.0002507291528825831
29,Johnny Weir,9,0.0003954632968187803
29,Justina Machado,9,0.24973958479550895
29,Kaitlyn Bristowe,9,0.24973958424688805
29,Nelly,9,0.24973958692000653
29,Nev Schulman,9,0.24973958814852176
29,Skai Jackson,9,0.0003954634393733118
29,Johnny Weir,10,0.00031773192335088883
29,Justina Machado,10,0.24984113417417125
29,Kaitlyn Bristowe,10,0.249841134776501
29,Nelly,10,0.24984113408030878
29,Nev Schulman,10,0.249841132761454
29,Skai Jackson,10,0.0003177322842141838
29,Justina Machado,11,0.24999999962417258
29,Kaitlyn Bristowe,11,0.2499999994523957
29,Nelly,11,0.2500000004209287
29,Nev Schulman,11,0.2500000005025031
30,Amanda Kloots,1,0.2493917979092122
30,Brian Austin Green,1,7.283322200977894e-05
30,Christine Chiu,1,0.00015285093179776216
30,Cody Rigsby,1,0.24939179869439904
30,Iman Shumpert,1,0.2493917978805709
30,Jimmie Allen,1,4.325949668315369e-05
30,JoJo Siwa,1,0.24939179916698728
30,Kenya Moore,1,8.643535582147712e-05
30,Martin Kove,1,2.783820082442271e-05
30,Matt James,1,7.283322193155538e-05
30,Melanie C,1,0.0005335423891617751
30,Melora Hardin,1,0.0006779048587015166
30,"Mike ""The Miz"" Mizanin",1,4.4156690356814035e-05
30,Olivia Jade,1,4.325979353130583e-05
30,Suni Lee,1,0.0006778921880111336
30,Amanda Kloots,2,0.24938077219384938
30,Brian Austin Green,2,9.554914553468191e-05
30,Christine Chiu,2,0.00015772217064209562
30,Cody Rigsby,2,0.24938077100291264
30,Iman Shumpert,2,0.24938077052708535
30,Jimmie Allen,2,8.09489979901009e-06
30,JoJo Siwa,2,0.24938076861352992
30,Kenya Moore,2,0.00017784623530466535
30,Martin Kove,2,2.3913189662071913e-06
30,Matt James,2,9.55491454250615e-05
30,Melanie C,2,0.0004790550533284754
30,Melora Hardin,2,0.0006795195694064568
30,"Mike ""The Miz"" Mizanin",2,9.352235467176044e-05
30,Olivia Jade,2,8.0963466528756e-06
30,Suni Lee,2,0.0006795714228914523
30,Amanda Kloots,3,0.24949852471382428
30,Brian Austin Green,3,3.136268728160165e-05
30,Christine Chiu,3,1.2611332136258942e-18
30,Cody Rigsby,3,0.24949852595509045
30,Iman Shumpert,3,0.24949852623466262
30,Jimmie Allen,3,3.4413533367817995e-05
30,JoJo Siwa,3,0.24949852972648437
30,Kenya Moore,3,0.000197352833520789
30,Matt James,3,3.1362687335609146e-05
30,Melanie C,3,0.000245648174227284
30,Melora Hardin,3,0.0007063823668480699
30,"Mike ""The Miz"" Mizanin",3,1.8642574560215518e-05
30,Olivia Jade,3,3.441619540501726e-05
30,Suni Lee,3,0.0007063123173918426
30,Amanda Kloots,4,0.24949955724566583
30,Brian Austin Green,4,2.7154059823357804e-19
30,Cody Rigsby,4,0.24949955781729102
30,Iman Shumpert,4,0.2494995541094242
30,Jimmie Allen,4,6.0292598939715225e-05
30,JoJo Siwa,4,0.2494995515798328
30,Kenya Moore,4,0.00018466518218016416
30,Matt James,4,3.9967310569302156e-19
30,Melanie C,4,0.0002565549815571495
30,Melora Hardin,4,0.0006695368814173619
30,"Mike ""The Miz"" Mizanin",4,0.0001008198023256966
30,Olivia Jade,4,6.0294751316089504e-05
30,Suni Lee,4,0.0006696150500499747
30,Amanda Kloots,5,0.249533953023614
30,Cody Rigsby,5,0.24953395120519278
30,Iman Shumpert,5,0.2495339559646574
30,Jimmie Allen,5,8.093757268974755e-05
30,JoJo Siwa,5,0.24953395890421434
30,Kenya Moore,5,0.0001624581292287491
30,Melanie C,5,8.578466627154117e-05
30,Melora Hardin,5,0.0006847224770306934
30,"Mike ""The Miz"" Mizanin",5,8.457096912303695e-05
30,Olivia Jade,5,8.093757268974909e-05
30,Suni Lee,5,0.0006847695152878213
30,Amanda Kloots,6,0.24961937351067007
30,Cody Rigsby,6,0.24961937664021525
30,Iman Shumpert,6,0.24961936939141044
30,Jimmie Allen,6,4.760935082894455e-05
30,JoJo Siwa,6,0.24961936731481976
30,Kenya Moore,6,1.9631181354370624e-05
30,Melora Hardin,6,0.0006961805476230314
30,"Mike ""The Miz"" Mizanin",6,1.5232357670524799e-05
30,Olivia Jade,6,4.760927753104282e-05
30,Suni Lee,6,0.0006962504278764949
30,Amanda Kloots,7,0.24969803495826773
30,Cody Rigsby,7,0.24969803252101297
30,Iman Shumpert,7,0.24969803826223325
30,Jimmie Allen,7,3.4889660832510808e-06
30,JoJo Siwa,7,0.2496980413908979
30,Melora Hardin,7,0.0005987194918020686
30,"Mike ""The Miz"" Mizanin",7,3.4889660832510808e-06
30,Olivia Jade,7,3.488966083250899e-06
30,Suni Lee,7,0.0005986664775364027
30,Amanda Kloots,8,0.24976138989258267
30,Cody Rigsby,8,0.24976139220966923
30,Iman Shumpert,8,0.24976138649596707
30,Jimmie Allen,8,5.364963092442288e-05
30,JoJo Siwa,8,0.24976138421814723
30,Melora Hardin,8,0.0004235556904911516
30,Olivia Jade,8,5.364969141338588e-05
30,Suni Lee,8,0.0004235921708049497
30,Amanda Kloots,9,0.2498587478709504
30,Cody Rigsby,9,0.24985874683404374
30,Iman Shumpert,9,0.2498587495547453
30,JoJo Siwa,9,0.24985875179812453
30,Melora Hardin,9,0.00028250707440803164
30,Suni Lee,9,0.00028249686772792556
30,Amanda Kloots,10,0.25000000041171294
30,Cody Rigsby,10,0.2500000011364696
30,Iman Shumpert,10,0.2499999993707232
30,JoJo Siwa,10,0.24999999908109422
31,Charli D'Amelio,1,0.24975105304687054
31,Cheryl Ladd,1,1.983919962602214e-06
31,Daniel Durant,1,2.5303152804675073e-05
31,Gabby Windey,1,0.2497510825168015
31,Heidi D'Amelio,1,0.0001069470732519179
31,Jason Lewis,1,7.284483346386983e-20
31,Jessie James Decker,1,0.00011135765293258655
31,Jordin Sparks,1,0.00024654333381707246
31,Joseph Baena,1,0.00036234026643880727
31,Sam Champion,1,0.0
31,Selma Blair,1,9.054491487378856e-06
31,Shangela,1,0.2497510374144303
31,Teresa Giudice,1,0.0
31,Trevor Donovan,1,2.5293184732693616e-05
31,Vinny Guadagnino,1,0.00010694857804808785
31,Wayne Brady,1,0.2497510553684219
31,Charli D'Amelio,2,0.2498333980195001
31,Cheryl Ladd,2,1.0437563492541116e-18
31,Daniel Durant,2,0.0
31,Gabby Windey,2,0.24983331414884127
31,Heidi D'Amelio,2,0.0
31,Jessie James Decker,2,0.00029772012263311424
31,Jordin Sparks,2,0.00012215576314356121
31,Joseph Baena,2,0.0
31,Sam Champion,2,8.604718382030716e-05
31,Selma Blair,2,0.00016053444189027702
31,Shangela,2,0.24983344015800624
31,Teresa Giudice,2,0.0
31,Trevor Donovan,2,0.0
31,Vinny Guadagnino,2,0.0
31,Wayne Brady,2,0.24983339016216521
31,Charli D'Amelio,3,0.24982124434589587
31,Cheryl Ladd,3,2.430563458060497e-06
31,Daniel Durant,3,4.4620661944899125e-05
31,Gabby Windey,3,0.24982137161817097
31,Heidi D'Amelio,3,4.1753520340921485e-05
31,Jessie James Decker,3,0.0
31,Jordin Sparks,3,0.00023635494753847214
31,Joseph Baena,3,0.0
31,Sam Champion,3,0.0
31,Selma Blair,3,0.0003033997013050567
31,Shangela,3,0.24982119219692164
31,Trevor Donovan,3,4.4619162577487315e-05
31,Vinny Guadagnino,3,4.175410439238715e-05
31,Wayne Brady,3,0.24982125917745437
31,Charli D'Amelio,4,0.24985337543683475
31,Daniel Durant,4,2.3439542686883025e-05
31,Gabby Windey,4,0.24985322032489776
31,Heidi D'Amelio,4,5.543019831863292e-05
31,Jessie James Decker,4,4.611961612241746e-05
31,Jordin Sparks,4,0.00021840842598662327
31,Joseph Baena,4,0.00016438003907478114
31,Sam Champion,4,0.0
31,Selma Blair,4,0.0
31,Shangela,4,0.24985341563867774
31,Trevor Donovan,4,2.3425844004449256e-05
31,Vinny Guadagnino,4,5.5431182919145195e-05
31,Wayne Brady,4,0.24985335375047688
31,Charli D'Amelio,5,0.24988559045952427
31,Daniel Durant,5,8.131516293641283e-19
31,Gabby Windey,5,0.24988575650064168
31,Heidi D'Amelio,5,0.0
31,Jessie James Decker,5,6.744799621038458e-05
31,Jordin Sparks,5,6.558640964487013e-05
31,Joseph Baena,5,0.0
31,Selma Blair,5,0.00032441937062752227
31,Shangela,5,0.24988558140413386
31,Trevor Donovan,5,1.0842021724855044e-19
31,Vinny Guadagnino,5,0.0
31,Wayne Brady,5,0.24988561785921753
31,Charli D'Amelio,6,0.249909310812321
31,Daniel Durant,6,9.796673044842012e-05
31,Gabby Windey,6,0.2499091521480054
31,Heidi D'Amelio,6,4.176412935106781e-05
31,Jessie James Decker,6,4.1764129351067064e-05
31,Jordin Sparks,6,4.176412935106787e-05
31,Shangela,6,0.24990928513202768
31,Trevor Donovan,6,9.79482896219482e-05
31,Vinny Guadagnino,6,4.1764129351067416e-05
31,Wayne Brady,6,0.2499092803701712
31,Charli D'Amelio,7,0.24990611718376504
31,Daniel Durant,7,7.472325816717756e-05
31,Gabby Windey,7,0.2499062536640634
31,Heidi D'Amelio,7,7.472325816717788e-05
31,Jordin Sparks,7,7.642046159104526e-05
31,Shangela,7,0.24990616858878978
31,Trevor Donovan,7,7.47232581671779e-05
31,Vinny Guadagnino,7,7.472325816717802e-05
31,Wayne Brady,7,0.24990614706912195
31,Charli D'Amelio,8,0.24995412206017534
31,Daniel Durant,8,7.121336477680805e-05
31,Gabby Windey,8,0.24995401863821828
31,Heidi D'Amelio,8,2.06405319045818e-05
31,Shangela,8,0.24995406280212468
31,Trevor Donovan,8,7.120419396638545e-05
31,Vinny Guadagnino,8,2.0640714806196078e-05
31,Wayne Brady,8,0.2499540976940278
31,Charli D'Amelio,9,0.2499772461714919
31,Daniel Durant,9,4.5443534321432814e-05
31,Gabby Windey,9,0.2499773111409676
31,Shangela,9,0.2499772942707452
31,Trevor Donovan,9,4.544307927398946e-05
31,Wayne Brady,9,0.24997726180319998
31,Charli D'Amelio,10,0.2500000113313924
31,Gabby Windey,10,0.24999998940034032
31,Shangela,10,0.24999999306314172
31,Wayne Brady,10,0.25000000620512564
32,Adrian Peterson,1,9.943830799533256e-05
32,Alyson Hannigan,1,0.1985369327892918
32,Ariana Madix,1,0.19853693310082568
32,Barry Williams,1,0.00018125734242014862
32,Charity Lawson,1,0.19853693311662518
32,Harry Jowsey,1,0.0050829023481372875
32,Jamie Lynn Spears,1,3.191707271685055e-05
32,Jason Mraz,1,0.19853693291294192
32,Lele Pons,1,0.000528217017404623
32,Matt Walsh,1,6.504595424269724e-18
32,Mauricio Umansky,1,0.0008078612889356077
32,Mira Sorvino,1,0.00047906274478242837
32,Tyson Beckford,1,0.00010467873101813305
32,Xochitl Gomez,1,0.1985369332269051
32,Adrian Peterson,2,0.0003539943329420854
32,Alyson Hannigan,2,0.19857378466023806
32,Ariana Madix,2,0.19857378427294786
32,Barry Williams,2,0.0002657542923232961
32,Charity Lawson,2,0.19857378371906695
32,Harry Jowsey,2,0.004815691183546836
32,Jamie Lynn Spears,2,8.000918398470361e-19
32,Jason Mraz,2,0.19857378347532234
32,Lele Pons,2,0.00036471446455049587
32,Mauricio Umansky,2,0.0007077176970174085
32,Mira Sorvino,2,0.0005396666073033103
32,Tyson Beckford,2,8.354137237504488e-05
32,Xochitl Gomez,2,0.19857378392236644
32,Adrian Peterson,3,0.00015527053471322728
32,Alyson Hannigan,3,0.19865757535633802
32,Ariana Madix,3,0.19865757634899983
32,Barry Williams,3,0.00037495323650351065
32,Charity Lawson,3,0.19865757667307685
32,Harry Jowsey,3,0.004617808939499053
32,Jason Mraz,3,0.19865757672201614
32,Lele Pons,3,0.00039476917484719716
32,Mauricio Umansky,3,0.00044358578208590995
32,Mira Sorvino,3,0.0007126481123181936
32,Tyson Beckford,3,1.3081800718627713e-05
32,Xochitl Gomez,3,0.19865757731888348
32,Adrian Peterson,4,0.00013082191389771758
32,Alyson Hannigan,4,0.1987975824814186
32,Ariana Madix,4,0.19879758153219862
32,Barry Williams,4,0.0001903856349216923
32,Charity Lawson,4,0.19879758086698018
32,Harry Jowsey,4,0.004513375216061456
32,Jason Mraz,4,0.1987975802064966
32,Lele Pons,4,0.0003171112178110562
32,Mauricio Umansky,4,0.0003621866735194857
32,Mira Sorvino,4,0.0004982140888623033
32,Xochitl Gomez,4,0.1987975801678323
32,Alyson Hannigan,5,0.19892475696936238
32,Ariana Madix,5,0.1989247584167228
32,Barry Williams,5,0.0002657588501397641
32,Charity Lawson,5,0.19892475879168361
32,Harry Jowsey,5,0.004512668933132623
32,Jason Mraz,5,0.19892475914439367
32,Lele Pons,5,0.00019695193835952353
32,Mauricio Umansky,5,0.00029820660359734764
32,Mira Sorvino,5,0.00010262043740680226
32,Xochitl Gomez,5,0.19892475991520148
32,Alyson Hannigan,6,0.19899117962037238
32,Ariana Madix,6,0.19899117826963042
32,Barry Williams,6,0.000307647565742662
32,Charity Lawson,6,0.19899117757768775
32,Harry Jowsey,6,0.0040825675765395406
32,Jason Mraz,6,0.19899117690899293
32,Lele Pons,6,0.00045423893653049013
32,Mauricio Umansky,6,0.00019965642770765067
32,Xochitl Gomez,6,0.1989911771167962
32,Alyson Hannigan,7,0.19915641646131493
32,Ariana Madix,7,0.19915641806268078
32,Barry Williams,7,0.00034999237752402493
32,Charity Lawson,7,0.1991564184677338
32,Harry Jowsey,7,0.003590481454662312
32,Jason Mraz,7,0.19915641868236839
32,Lele Pons,7,0.00027743531311934466
32,Xochitl Gomez,7,0.19915641918059637
32,Alyson Hannigan,8,0.19926001141020205
32,Ariana Madix,8,0.19926001036977545
32,Barry Williams,8,0.0006376876567487127
32,Charity Lawson,8,0.1992600096880518
32,Harry Jowsey,8,0.0030622624526629957
32,Jason Mraz,8,0.19926000914181288
32,Xochitl Gomez,8,0.19926000928074608
32,Alyson Hannigan,9,0.1994650155828913
32,Ariana Madix,9,0.19946501647010187
32,Charity Lawson,9,0.1994650167198217
32,Harry Jowsey,9,0.002674916822344464
32,Jason Mraz,9,0.19946501684341947
32,Xochitl Gomez,9,0.19946501756142124
32,Alyson Hannigan,10,0.20000000057032388
32,Ariana Madix,10,0.20000000030988735
32,Charity Lawson,10,0.19999999992194897
32,Jason Mraz,10,0.19999999951387515
32,Xochitl Gomez,10,0.19999999968396465
32,Alyson Hannigan,11,0.19999999979344096
32,Ariana Madix,11,0.20000000004733587
32,Charity Lawson,11,0.19999999997110163
32,Jason Mraz,11,0.1999999998730504
32,Xochitl Gomez,11,0.20000000031507123
33,Anna Delvey,1,0.00010048138598215593
33,Brooks Nader,1,0.0003617159959493704
33,Chandler Kinney,1,0.1994560972745494
33,Danny Amendola,1,0.1994562810676927
33,Dwight Howard ,1,0.001404904112287706
33,Eric Roberts,1,0.00010398238106135112
33,Ilona Maher,1,0.1994560652472192
33,Jenn Tran,1,0.00019417452691208558
33,Joey Graziadei,1,0.1994561953109317
33,Phaedra Parks,1,0.00034948778596977716
33,Reginald VelJohnson,1,0.00010398237916673148
33,Stephen Nedoroscik,1,0.19945615114629273
33,Tori Spelling,1,0.00010048138598517246
33,Anna Delvey,2,3.274159947603238e-05
33,Brooks Nader,2,0.00032059109886012056
33,Chandler Kinney,2,0.19948358945554479
33,Danny Amendola,2,0.19948305995162333
33,Dwight Howard ,2,0.0015194500863932293
33,Eric Roberts,2,0.00011312725498494856
33,Ilona Maher,2,0.19948368087801602
33,Jenn Tran,2,0.00017605423326794275
33,Joey Graziadei,2,0.19948330703543118
33,Phaedra Parks,2,0.0002750944355543106
33,Reginald VelJohnson,2,0.00011312725927079532
33,Stephen Nedoroscik,2,0.19948343511210143
33,Tori Spelling,2,3.27415994760331e-05
33,Brooks Nader,3,0.000277735256293217
33,Chandler Kinney,3,0.1994688862059583
33,Danny Amendola,3,0.19946969951703744
33,Dwight Howard ,3,0.001498511514533434
33,Eric Roberts,3,0.00016008722288740488
33,Ilona Maher,3,0.19946874666250317
33,Jenn Tran,3,0.000248398319912951
33,Joey Graziadei,3,0.19946931958087277
33,Phaedra Parks,3,0.0003094056997341081
33,Reginald VelJohnson,3,0.0001600872228874045
33,Stephen Nedoroscik,3,0.1994691227973798
33,Brooks Nader,4,0.00013335999454570935
33,Chandler Kinney,4,0.1995794678626718
33,Danny Amendola,4,0.19957846753953423
33,Dwight Howard ,4,0.0016163730509682326
33,Ilona Maher,4,0.19957963758585648
33,Jenn Tran,4,0.00017320576250012134
33,Joey Graziadei,4,0.19957893555330714
33,Phaedra Parks,4,0.00018137398011432794
33,Stephen Nedoroscik,4,0.199579178670502
33,Chandler Kinney,5,0.19960928813126816
33,Danny Amendola,5,0.19961035610084019
33,Dwight Howard ,5,0.0014962874799079183
33,Ilona Maher,5,0.19960910828903428
33,Jenn Tran,5,0.00024211731247285746
33,Joey Graziadei,5,0.1996098551227162
33,Phaedra Parks,5,0.00021339245171645148
33,Stephen Nedoroscik,5,0.19960959511204404
33,Chandler Kinney,6,0.19967118388747535
33,Danny Amendola,6,0.19967017767892872
33,Dwight Howard ,6,0.0013371223655008712
33,Ilona Maher,6,0.19967135210548081
33,Jenn Tran,6,0.0003086154098356823
33,Joey Graziadei,6,0.19967065129306336
33,Stephen Nedoroscik,6,0.19967089725971526
33,Chandler Kinney,7,0.19975052281562947
33,Danny Amendola,7,0.19975134518973792
33,Dwight Howard ,7,0.0012460346691035551
33,Ilona Maher,7,0.19975038550737043
33,Joey Graziadei,7,0.19975095649267718
33,Stephen Nedoroscik,7,0.19975075532548142
33,Chandler Kinney,8,0.2000001762179444
33,Danny Amendola,8,0.19999963875506585
33,Ilona Maher,8,0.2000002657360229
33,Joey Graziadei,8,0.19999989368083904
33,Stephen Nedoroscik,8,0.2000000256101279
33,Chandler Kinney,9,0.19999993879213113
33,Danny Amendola,9,0.20000012574996878
33,Ilona Maher,9,0.19999990748723367
33,Joey Graziadei,9,0.20000003684047218
33,Stephen Nedoroscik,9,0.19999999113019423
34,Alix Earle,1,0.1971495619981927
34,Andy Richter,1,0.0037294873927332137
34,Baron Davis,1,0.00013055347952061098
34,Corey Feldman,1,0.00013055347952060757
34,Danielle Fishel,1,0.0003199405072118967
34,Dylan Efron,1,0.19714956152757182
34,Elaine Hendrix,1,0.19714956124702557
34,Hilaria Baldwin,1,0.00011130644343805178
34,Jen Affleck,1,2.3310346708438345e-18
34,Jordan Chiles,1,0.1971495621182152
34,Lauren Jauregui,1,7.047314121155779e-19
34,Robert Irwin,1,0.19714956168659886
34,Scott Hoying,1,8.876905287225068e-19
34,Whitney Leavitt,1,0.009830350119971529
34,Alix Earle,2,0.1973102202068554
34,Andy Richter,2,0.0034068121544267053
34,Baron Davis,2,4.943789105686918e-19
34,Corey Feldman,2,6.935578466133097e-19
34,Danielle Fishel,2,0.0
34,Dylan Efron,2,0.19731022042181756
34,Elaine Hendrix,2,0.19731022146441113
34,Hilaria Baldwin,2,0.0
34,Jen Affleck,2,0.0
34,Jordan Chiles,2,0.19731021858357017
34,Lauren Jauregui,2,0.00010144489012183945
34,Robert Irwin,2,0.19731022015237792
34,Scott Hoying,2,0.0006952929382615332
34,Whitney Leavitt,2,0.009245349188157838
34,Alix Earle,3,0.19742471434355863
34,Andy Richter,3,0.003894676695657594
34,Danielle Fishel,3,0.0
34,Dylan Efron,3,0.19742471286680494
34,Elaine Hendrix,3,0.19742471182090082
34,Hilaria Baldwin,3,6.2680438096818225e-19
34,Jen Affleck,3,3.529580579008252e-05
34,Jordan Chiles,3,0.19742471611979012
34,Lauren Jauregui,3,0.0
34,Robert Irwin,3,0.19742471373730236
34,Scott Hoying,3,0.0
34,Whitney Leavitt,3,0.008946458610195232
34,Alix Earle,4,0.19753946924660615
34,Andy Richter,4,0.0034199309359308713
34,Danielle Fishel,4,9.24959978401696e-18
34,Dylan Efron,4,0.19753947055328366
34,Elaine Hendrix,4,0.1975394719744339
34,Hilaria Baldwin,4,1.1178518710844317e-07
34,Jen Affleck,4,1.4094628242311558e-18
34,Jordan Chiles,4,0.19753946631637964
34,Robert Irwin,4,0.1975394695220354
34,Scott Hoying,4,3.618017717720319e-05
34,Whitney Leavitt,4,0.008846429488965992
34,Alix Earle,5,0.19769772615425424
34,Andy Richter,5,0.0025606104560038337
34,Danielle Fishel,5,4.15764083184243e-05
34,Dylan Efron,5,0.19769772396456292
34,Elaine Hendrix,5,0.19769772248423628
34,Jen Affleck,5,2.6933113320538833e-06
34,Jordan Chiles,5,0.19769772867319876
34,Robert Irwin,5,0.1976977252473625
34,Scott Hoying,5,0.0005104702774648553
34,Whitney Leavitt,5,0.008396023023266135
34,Alix Earle,6,0.19784007876891854
34,Andy Richter,6,0.002703722511481637
34,Danielle Fishel,6,3.5914196963582334e-18
34,Dylan Efron,6,0.19784008034084744
34,Elaine Hendrix,6,0.19784008212830723
34,Jen Affleck,6,0.000195182278484927
34,Jordan Chiles,6,0.1978400755075644
34,Robert Irwin,6,0.19784007919337165
34,Scott Hoying,6,2.89457825411741e-06
34,Whitney Leavitt,6,0.007897804692770048
34,Alix Earle,7,0.1980748693938486
34,Andy Richter,7,0.002361531466592717
34,Danielle Fishel,7,0.0
34,Dylan Efron,7,0.19807486727482168
34,Elaine Hendrix,7,0.19807486578295852
34,Jen Affleck,7,0.0
34,Jordan Chiles,7,0.19807487216521102
34,Robert Irwin,7,0.19807486858157028
34,Whitney Leavitt,7,0.007264125334997172
34,Alix Earle,8,0.19830336799876405
34,Andy Richter,8,0.0018735506145852454
34,Danielle Fishel,8,0.0
34,Dylan Efron,8,0.19830336926244121
34,Elaine Hendrix,8,0.1983033705957562
34,Jordan Chiles,8,0.19830336467006904
34,Robert Irwin,8,0.19830336817863783
34,Whitney Leavitt,8,0.006609608679746467
34,Alix Earle,9,0.19847171925425056
34,Andy Richter,9,0.0019700987159058437
34,Dylan Efron,9,0.19847171775990496
34,Elaine Hendrix,9,0.19847171684790094
34,Jordan Chiles,9,0.19847172134747998
34,Robert Irwin,9,0.19847171873311076
34,Whitney Leavitt,9,0.005671307341446979
34,Alix Earle,10,0.19896872262113663
34,Dylan Efron,10,0.19896872300929072
34,Elaine Hendrix,10,0.19896872380521397
34,Jordan Chiles,10,0.19896872092931597
34,Robert Irwin,10,0.19896872250399225
34,Whitney Leavitt,10,0.005156387131050329
34,Alix Earle,11,0.20000000028950393
34,Dylan Efron,11,0.1999999997690039
34,Elaine Hendrix,11,0.1999999995327962
34,Jordan Chiles,11,0.2000000003901465
34,Robert Irwin,11,0.2000000000185493
