season,celebrity_name,week,p_est
1,Evander Holyfield,1,0.12016331625085537
1,Joey McIntyre,1,0.22735101661553164
1,John O'Hurley,1,0.24859891743141235
1,Kelly Monaco,1,0.02932943353064524
1,Rachel Hunter,1,0.24115075139269637
1,Trista Sutter,1,0.133406564778859
1,Evander Holyfield,2,0.021362301456221564
1,Joey McIntyre,2,0.15352889225034383
1,John O'Hurley,2,0.39501186845497144
1,Kelly Monaco,2,0.05368592900987161
1,Rachel Hunter,2,0.29161054383982415
1,Trista Sutter,2,0.08480046498876743
1,Evander Holyfield,3,0.012789657349405107
1,Joey McIntyre,3,0.17172960012361738
1,John O'Hurley,3,0.2734359317251989
1,Kelly Monaco,3,0.148508831200153
1,Rachel Hunter,3,0.39353597960162545
1,Joey McIntyre,4,0.12291924243932259
1,John O'Hurley,4,0.1764307766713275
1,Kelly Monaco,4,0.38564489222108667
1,Rachel Hunter,4,0.3150050886682633
1,Joey McIntyre,5,0.18111376630201728
1,John O'Hurley,5,0.5129814549392415
1,Kelly Monaco,5,0.30590477875874106
1,John O'Hurley,6,0.4873555384530476
1,Kelly Monaco,6,0.5126444615469524
2,Drew Lachey,1,0.21341798254201338
2,George Hamilton,1,0.05228459013964652
2,Giselle Fernandez,1,0.16577714084420794
2,Jerry Rice,1,0.10707945473726464
2,Kenny Mayne,1,0.00928524585498612
2,Lisa Rinna,1,0.0647487503721376
2,Master P,1,0.00695821404956556
2,Stacy Keibler,1,0.1486487383038041
2,Tatum O'Neal,1,0.14657684911284835
2,Tia Carrere,1,0.08522303404352571
2,Drew Lachey,2,0.22458881723110813
2,George Hamilton,2,0.07817029918956739
2,Giselle Fernandez,2,0.12271600153536079
2,Jerry Rice,2,0.09498409508455212
2,Lisa Rinna,2,0.05698642305019945
2,Master P,2,0.01429482455077597
2,Stacy Keibler,2,0.29529980652660376
2,Tatum O'Neal,2,0.025476225137979477
2,Tia Carrere,2,0.08748350769385267
2,Drew Lachey,3,0.23191386138458284
2,George Hamilton,3,0.08047181552974127
2,Giselle Fernandez,3,0.07954752729673192
2,Jerry Rice,3,0.04719524609323911
2,Lisa Rinna,3,0.14740218941646516
2,Master P,3,0.007335040794976299
2,Stacy Keibler,3,0.23092254548743038
2,Tia Carrere,3,0.17521177399683305
2,Drew Lachey,4,0.26973706690499355
2,George Hamilton,4,0.07076719823617439
2,Jerry Rice,4,0.11783334309667887
2,Lisa Rinna,4,0.18499242066389798
2,Master P,4,0.0007119962913094552
2,Stacy Keibler,4,0.20590494168160262
2,Tia Carrere,4,0.1500530331253431
2,Drew Lachey,5,0.22561214776769292
2,George Hamilton,5,0.10898017828292754
2,Jerry Rice,5,0.09555927289903705
2,Lisa Rinna,5,0.1514787054957029
2,Stacy Keibler,5,0.34353424471730365
2,Tia Carrere,5,0.07483545083733593
2,Drew Lachey,6,0.31629791284238035
2,George Hamilton,6,0.07975415031712867
2,Jerry Rice,6,0.08618783976804958
2,Lisa Rinna,6,0.19219164007173822
2,Stacy Keibler,6,0.32556845700070314
2,Drew Lachey,7,0.33667880138500617
2,Jerry Rice,7,0.08701010882268884
2,Lisa Rinna,7,0.24076850558444193
2,Stacy Keibler,7,0.335542584207863
2,Drew Lachey,8,0.3887147651942075
2,Jerry Rice,8,0.24252043684239397
2,Stacy Keibler,8,0.36876479796339845
3,Emmitt Smith,1,0.18396664364338833
3,Harry Hamlin,1,0.03617338961970723
3,Jerry Springer,1,0.026131730519499973
3,Joey Lawrence,1,0.10901744283442631
3,Mario Lopez,1,0.25809296213962163
3,Monique Coleman,1,0.06623530949424901
3,Sara Evans,1,0.020442562331640195
3,Shanna Moakler,1,0.047415806537583996
3,Tucker Carlson,1,0.005919431553852881
3,Vivica A. Fox,1,0.12465260144898758
3,Willa Ford,1,0.12195211987704291
3,Emmitt Smith,2,0.10767960771244192
3,Harry Hamlin,2,0.05601505860164477
3,Jerry Springer,2,0.035519477967586345
3,Joey Lawrence,2,0.24222463353984644
3,Mario Lopez,2,0.06777002417945965
3,Monique Coleman,2,0.1578042423349333
3,Sara Evans,2,0.056620092142418164
3,Shanna Moakler,2,0.06641427057611425
3,Vivica A. Fox,2,0.11836753885119658
3,Willa Ford,2,0.09158505409435864
3,Emmitt Smith,3,0.046587034306221534
3,Harry Hamlin,3,0.07544459776218307
3,Jerry Springer,3,0.06202749466400155
3,Joey Lawrence,3,0.0959085737320105
3,Mario Lopez,3,0.08909613625008035
3,Monique Coleman,3,0.20782394905435217
3,Sara Evans,3,0.13135232720889545
3,Vivica A. Fox,3,0.20208561839087075
3,Willa Ford,3,0.08967426863138461
3,Emmitt Smith,4,0.09775895325154724
3,Jerry Springer,4,0.06476130376728347
3,Joey Lawrence,4,0.16288212538683597
3,Mario Lopez,4,0.22836201976035228
3,Monique Coleman,4,0.10888344703404773
3,Sara Evans,4,0.0462940788092278
3,Vivica A. Fox,4,0.09885251259980342
3,Willa Ford,4,0.19220555939090217
3,Emmitt Smith,5,0.17650775884285522
3,Jerry Springer,5,0.08860685544175527
3,Joey Lawrence,5,0.13091301397990904
3,Mario Lopez,5,0.19938845666405294
3,Monique Coleman,5,0.17052335155751822
3,Sara Evans,5,0.07944109231514063
3,Willa Ford,5,0.1546194711987687
3,Emmitt Smith,6,0.22928482904979358
3,Jerry Springer,6,0.05110775386660613
3,Joey Lawrence,6,0.18966743494158647
3,Mario Lopez,6,0.37200550905758273
3,Monique Coleman,6,0.15793447308443115
3,Emmitt Smith,7,0.24841283637789024
3,Jerry Springer,7,0.07382904320650215
3,Joey Lawrence,7,0.24399507423373837
3,Mario Lopez,7,0.24649144690460653
3,Monique Coleman,7,0.1872715992772627
3,Emmitt Smith,8,0.25061949302908504
3,Joey Lawrence,8,0.2441339924140301
3,Mario Lopez,8,0.31383361640828
3,Monique Coleman,8,0.19141289814860496
3,Emmitt Smith,9,0.35550836003045266
3,Joey Lawrence,9,0.2839576480546628
3,Mario Lopez,9,0.3605339919148846
3,Emmitt Smith,10,0.49976639911194265
3,Mario Lopez,10,0.5002336008880574
4,Apolo Anton Ohno,1,0.1282287373231494
4,Billy Ray Cyrus,1,0.013343879133146355
4,Clyde Drexler,1,0.03155490878690214
4,Heather Mills,1,0.061552519584596045
4,Ian Ziering,1,0.12068447048391946
4,Joey Fatone,1,0.23077950157027977
4,John Ratzenberger,1,0.04453880501443619
4,Laila Ali,1,0.1967164056345183
4,Leeza Gibbons,1,0.025424386127576405
4,Paulina Porizkova,1,0.07406877050252196
4,Shandi Finnessey,1,0.07310761583895393
4,Apolo Anton Ohno,2,0.16747663068923277
4,Billy Ray Cyrus,2,0.05476158012716739
4,Clyde Drexler,2,0.02706742149189902
4,Heather Mills,2,0.11386034664036974
4,Ian Ziering,2,0.0840370746391146
4,Joey Fatone,2,0.1286480432170581
4,John Ratzenberger,2,0.05812641407931178
4,Laila Ali,2,0.19617531141525008
4,Leeza Gibbons,2,0.06002363350136015
4,Paulina Porizkova,2,0.05919849096772767
4,Shandi Finnessey,2,0.05062505323150857
4,Apolo Anton Ohno,3,0.1322376143540958
4,Billy Ray Cyrus,3,0.07421230252847716
4,Clyde Drexler,3,0.01952314828993707
4,Heather Mills,3,0.1433668817467978
4,Ian Ziering,3,0.14333833604182847
4,Joey Fatone,3,0.15836746655980463
4,John Ratzenberger,3,0.055017904711622795
4,Laila Ali,3,0.08413987872640029
4,Leeza Gibbons,3,0.12022626780720783
4,Shandi Finnessey,3,0.06957019923382805
4,Apolo Anton Ohno,4,0.2264739683982159
4,Billy Ray Cyrus,4,0.07040791348169713
4,Clyde Drexler,4,0.01370289850534607
4,Heather Mills,4,0.11724864991455647
4,Ian Ziering,4,0.14769515568978275
4,Joey Fatone,4,0.2919377202779846
4,John Ratzenberger,4,0.022403557643210465
4,Laila Ali,4,0.08776281121488641
4,Leeza Gibbons,4,0.022367324874320183
4,Apolo Anton Ohno,5,0.3452151071669781
4,Billy Ray Cyrus,5,0.025922583140842278
4,Clyde Drexler,5,0.005985650931588601
4,Heather Mills,5,0.0671834513503205
4,Ian Ziering,5,0.12287028219802233
4,Joey Fatone,5,0.16161242031125816
4,John Ratzenberger,5,0.02891332914272089
4,Laila Ali,5,0.24229717575826926
4,Apolo Anton Ohno,6,0.2492650815559912
4,Billy Ray Cyrus,6,0.052151184414215165
4,Heather Mills,6,0.08446791693316445
4,Ian Ziering,6,0.11936676884906365
4,Joey Fatone,6,0.20821514787766307
4,John Ratzenberger,6,0.036794351808434995
4,Laila Ali,6,0.24973954856146757
4,Apolo Anton Ohno,7,0.19430172431009263
4,Billy Ray Cyrus,7,0.03267506303106938
4,Ian Ziering,7,0.16818280000445762
4,Joey Fatone,7,0.27101573450175453
4,John Ratzenberger,7,0.06329439403372694
4,Laila Ali,7,0.27053028411889896
4,Apolo Anton Ohno,8,0.32846813647097717
4,Billy Ray Cyrus,8,0.0386377421438952
4,Ian Ziering,8,0.13144474734869224
4,Joey Fatone,8,0.2701575208579687
4,Laila Ali,8,0.23129185317846673
4,Apolo Anton Ohno,9,0.26274148425997845
4,Ian Ziering,9,0.19291543806757538
4,Joey Fatone,9,0.27446507356446775
4,Laila Ali,9,0.2698780041079785
4,Apolo Anton Ohno,10,0.3624465925918754
4,Joey Fatone,10,0.32743272190932626
4,Laila Ali,10,0.3101206854987984
5,Albert Reed,1,0.06437807820560953
5,Cameron Mathison,1,0.06469004612355321
5,Floyd Mayweather Jr. ,1,0.03194815318724293
5,Helio Castroneves,1,0.1597969612442639
5,Jane Seymour,1,0.1201815417845194
5,Jennie Garth,1,0.06500697512226336
5,Josie Maran,1,0.01582192818988213
5,Marie Osmond,1,0.06887148027906094
5,Mark Cuban,1,0.0605483619700371
5,Mel B,1,0.12443605337798704
5,Sabrina Bryan,1,0.1887579391116962
5,Wayne Newton,1,0.035562481403884384
5,Albert Reed,2,0.06268233758929707
5,Cameron Mathison,2,0.06565808387451466
5,Floyd Mayweather Jr. ,2,0.05992218852070693
5,Helio Castroneves,2,0.20716368286028194
5,Jane Seymour,2,0.07370554697396664
5,Jennie Garth,2,0.06904014941218906
5,Marie Osmond,2,0.12121172934057235
5,Mark Cuban,2,0.03227163986891878
5,Mel B,2,0.10766955642081859
5,Sabrina Bryan,2,0.1868980378831367
5,Wayne Newton,2,0.013777047255597339
5,Cameron Mathison,3,0.07548920349513288
5,Floyd Mayweather Jr. ,3,0.04754982518642266
5,Helio Castroneves,3,0.09863991256769641
5,Jane Seymour,3,0.14726217075517128
5,Jennie Garth,3,0.12650069248944576
5,Marie Osmond,3,0.12932708200949367
5,Mark Cuban,3,0.03640777710799855
5,Mel B,3,0.1520330853975298
5,Sabrina Bryan,3,0.16693078502809142
5,Wayne Newton,3,0.019859465963017447
5,Cameron Mathison,4,0.12243431081358166
5,Floyd Mayweather Jr. ,4,0.05303344836747753
5,Helio Castroneves,4,0.11972263861774718
5,Jane Seymour,4,0.10960132329219686
5,Jennie Garth,4,0.12572063002245085
5,Marie Osmond,4,0.10031043076793479
5,Mark Cuban,4,0.044521653944253003
5,Mel B,4,0.11654378691601552
5,Sabrina Bryan,4,0.20811177725834273
5,Cameron Mathison,5,0.13708664489882652
5,Helio Castroneves,5,0.08632061820477448
5,Jane Seymour,5,0.12972634869471394
5,Jennie Garth,5,0.12033984885470583
5,Marie Osmond,5,0.05368482872532334
5,Mark Cuban,5,0.045714606434126906
5,Mel B,5,0.23324446510796318
5,Sabrina Bryan,5,0.19388263907956582
5,Cameron Mathison,6,0.11809456533192857
5,Helio Castroneves,6,0.18679258275283098
5,Jane Seymour,6,0.06811617083564467
5,Jennie Garth,6,0.16404969833348684
5,Marie Osmond,6,0.07842729221923878
5,Mel B,6,0.27184045438482723
5,Sabrina Bryan,6,0.11267923614204298
5,Cameron Mathison,7,0.14954911016061156
5,Helio Castroneves,7,0.17856325637887838
5,Jane Seymour,7,0.12133869527034626
5,Jennie Garth,7,0.18049743039292088
5,Marie Osmond,7,0.15686298269098956
5,Mel B,7,0.2131885251062534
5,Cameron Mathison,8,0.15140245310673142
5,Helio Castroneves,8,0.2823307434824828
5,Jennie Garth,8,0.15792729318691404
5,Marie Osmond,8,0.14286643634863824
5,Mel B,8,0.2654730738752336
5,Helio Castroneves,9,0.2988822960808621
5,Jennie Garth,9,0.2075560649290546
5,Marie Osmond,9,0.1941638941931501
5,Mel B,9,0.2993977447969332
5,Helio Castroneves,10,0.4075932218538036
5,Marie Osmond,10,0.1621280005851932
5,Mel B,10,0.43027877756100313
6,Adam Carolla,1,0.015127368276817028
6,Cristian de la Fuente,1,0.07221972889524066
6,Jason Taylor,1,0.10022936637950043
6,Kristi Yamaguchi,1,0.2566329637214069
6,Mario,1,0.14607494907954935
6,Marissa Jaret Winokur,1,0.03594080865446064
6,Marlee Matlin,1,0.09504363082284537
6,Monica Seles,1,0.013475784801495257
6,Penn Jillette,1,0.01908296506257196
6,Priscilla Presley,1,0.13629942994268068
6,Shannon Elizabeth,1,0.07728844610626898
6,Steve Guttenberg,1,0.03258455825716272
6,Adam Carolla,2,0.03332494960561245
6,Cristian de la Fuente,2,0.05133552886340235
6,Jason Taylor,2,0.17965736910010452
6,Kristi Yamaguchi,2,0.20579584246714025
6,Mario,2,0.15180535115324495
6,Marissa Jaret Winokur,2,0.052712146794582644
6,Marlee Matlin,2,0.10414323214370876
6,Monica Seles,2,0.009937135778981794
6,Penn Jillette,2,0.01827292117808372
6,Priscilla Presley,2,0.0672191441132826
6,Shannon Elizabeth,2,0.10829885200229435
6,Steve Guttenberg,2,0.017497526799561677
6,Adam Carolla,3,0.05393296886269886
6,Cristian de la Fuente,3,0.13203549867977257
6,Jason Taylor,3,0.10726677107586936
6,Kristi Yamaguchi,3,0.21130494114992174
6,Mario,3,0.06734403359194759
6,Marissa Jaret Winokur,3,0.04068198139475896
6,Marlee Matlin,3,0.06460823755885066
6,Priscilla Presley,3,0.14951675575175766
6,Shannon Elizabeth,3,0.12036572544363451
6,Steve Guttenberg,3,0.052943086490788126
6,Adam Carolla,4,0.025498048156908273
6,Cristian de la Fuente,4,0.11691750594488357
6,Jason Taylor,4,0.19311451408644936
6,Kristi Yamaguchi,4,0.2101882679360261
6,Mario,4,0.08499087046081015
6,Marissa Jaret Winokur,4,0.07777784713861895
6,Marlee Matlin,4,0.07698784724477986
6,Priscilla Presley,4,0.056249672436410214
6,Shannon Elizabeth,4,0.1582754265951135
6,Cristian de la Fuente,5,0.08942494437860192
6,Jason Taylor,5,0.17479924725240945
6,Kristi Yamaguchi,5,0.2581606242755711
6,Mario,5,0.1739554951333699
6,Marissa Jaret Winokur,5,0.10220282322801034
6,Marlee Matlin,5,0.06423631828495929
6,Priscilla Presley,5,0.04966433994350021
6,Shannon Elizabeth,5,0.08755620750357791
6,Cristian de la Fuente,6,0.1524082549006792
6,Jason Taylor,6,0.10496755509673909
6,Kristi Yamaguchi,6,0.2720693426736599
6,Mario,6,0.19279869160449328
6,Marissa Jaret Winokur,6,0.13663918173787112
6,Marlee Matlin,6,0.045870212770184875
6,Shannon Elizabeth,6,0.09524676121637249
6,Cristian de la Fuente,7,0.10749318917876831
6,Jason Taylor,7,0.2114783394181235
6,Kristi Yamaguchi,7,0.21483130076356569
6,Mario,7,0.16006578068634086
6,Marissa Jaret Winokur,7,0.16651582352424885
6,Shannon Elizabeth,7,0.13961556642895287
6,Cristian de la Fuente,8,0.2591002552984317
6,Jason Taylor,8,0.18401659792227693
6,Kristi Yamaguchi,8,0.2369058743818175
6,Mario,8,0.17295124931750508
6,Marissa Jaret Winokur,8,0.14702602307996882
6,Cristian de la Fuente,9,0.2695197866681728
6,Jason Taylor,9,0.25537462762944013
6,Kristi Yamaguchi,9,0.30931799573860597
6,Marissa Jaret Winokur,9,0.16578758996378104
6,Cristian de la Fuente,10,0.2250134676815518
6,Jason Taylor,10,0.33990311469800744
6,Kristi Yamaguchi,10,0.4350834176204408
7,Brooke Burke,1,0.20272272120841467
7,Cloris Leachman,1,0.022979125253957344
7,Cody Linley,1,0.0836944048071746
7,Jeffrey Ross,1,0.005102708611466584
7,Kim Kardashian,1,0.047057390666168784
7,Lance Bass,1,0.10216297144471344
7,Maurice Greene,1,0.06410996260623125
7,Misty May-Treanor,1,0.0928556968370209
7,Rocco DiSpirito,1,0.03598206158828631
7,Susan Lucci,1,0.05252122593906327
7,Ted McGinley,1,0.0459927672444892
7,Toni Braxton,1,0.13345730773498982
7,Warren Sapp,1,0.11136165605802374
7,Brooke Burke,2,0.19491682117888892
7,Cloris Leachman,2,0.018217806867244345
7,Cody Linley,2,0.09211348646805995
7,Kim Kardashian,2,0.031225141854833605
7,Lance Bass,2,0.07800183009099547
7,Maurice Greene,2,0.06277148891824524
7,Misty May-Treanor,2,0.08748454650634396
7,Rocco DiSpirito,2,0.02697419399320444
7,Susan Lucci,2,0.08924907796197284
7,Toni Braxton,2,0.14217727402044222
7,Warren Sapp,2,0.1768683321397689
7,Brooke Burke,3,0.2860833759140639
7,Cloris Leachman,3,0.02193050828603537
7,Cody Linley,3,0.077584320888007
7,Lance Bass,3,0.09664290560022905
7,Maurice Greene,3,0.12654044795061192
7,Rocco DiSpirito,3,0.05250158373200611
7,Susan Lucci,3,0.07800445406845538
7,Toni Braxton,3,0.09488252483745277
7,Warren Sapp,3,0.16582987872313856
7,Brooke Burke,4,0.21871228501296672
7,Cloris Leachman,4,0.07661950203683081
7,Cody Linley,4,0.11544419748415315
7,Lance Bass,4,0.17867181960328538
7,Maurice Greene,4,0.0665839746619118
7,Rocco DiSpirito,4,0.032555370898302655
7,Susan Lucci,4,0.12579596921489075
7,Toni Braxton,4,0.08757079995201544
7,Warren Sapp,4,0.09804608113564324
7,Brooke Burke,5,0.25774384536995854
7,Cloris Leachman,5,0.04863839750420771
7,Cody Linley,5,0.2004582520727548
7,Lance Bass,5,0.06814162246699794
7,Maurice Greene,5,0.16089589683102218
7,Susan Lucci,5,0.07362005631295176
7,Toni Braxton,5,0.06382157890745063
7,Warren Sapp,5,0.1266803505346565
7,Brooke Burke,6,0.24162300348093071
7,Cloris Leachman,6,0.015501172657826724
7,Cody Linley,6,0.12495880883541771
7,Lance Bass,6,0.2404711002804115
7,Maurice Greene,6,0.08862516022940095
7,Susan Lucci,6,0.11906706934974622
7,Warren Sapp,6,0.16975368516626607
7,Brooke Burke,7,0.3789168744097967
7,Cody Linley,7,0.09223578383048411
7,Lance Bass,7,0.17026608905388826
7,Maurice Greene,7,0.15263087361862737
7,Susan Lucci,7,0.12289385917658079
7,Warren Sapp,7,0.08305651991062268
7,Brooke Burke,8,0.2893472352332007
7,Cody Linley,8,0.14073614976842086
7,Lance Bass,8,0.19563104058902142
7,Maurice Greene,8,0.13391051715234722
7,Warren Sapp,8,0.2403750572570098
7,Brooke Burke,9,0.23335042311330248
7,Cody Linley,9,0.13652027184893054
7,Lance Bass,9,0.4100607314799392
7,Warren Sapp,9,0.2200685735578277
7,Brooke Burke,10,0.4218057143224044
7,Lance Bass,10,0.29571447527708705
7,Warren Sapp,10,0.28247981040050857
8,Belinda Carlisle,1,0.03582429814515608
8,Chuck Wicks,1,0.07945384298320572
8,David Alan Grier,1,0.059404644345283
8,Denise Richards,1,0.049459911572382664
8,Gilles Marini,1,0.2067242433732611
8,Holly Madison,1,0.04663661635874319
8,Lawrence Taylor,1,0.028520209311649187
8,Lil' Kim,1,0.1051168403646679
8,Melissa Rycroft,1,0.1676573328073356
8,Shawn Johnson,1,0.16251649713103775
8,Steve Wozniak,1,0.01016492316963703
8,Steve-O,1,0.032758484781830646
8,Ty Murray,1,0.015762155655810184
8,Belinda Carlisle,2,0.03000536443636637
8,Chuck Wicks,2,0.05648275996557283
8,David Alan Grier,2,0.02893763945084999
8,Denise Richards,2,0.05809684302899229
8,Gilles Marini,2,0.23068292568786872
8,Holly Madison,2,0.030588304234121625
8,Lawrence Taylor,2,0.048873205220670415
8,Lil' Kim,2,0.10775921978555252
8,Melissa Rycroft,2,0.1931959397181043
8,Shawn Johnson,2,0.1373163572305207
8,Steve Wozniak,2,0.017993276879087826
8,Steve-O,2,0.009951844746608807
8,Ty Murray,2,0.050116319615683476
8,Chuck Wicks,3,0.07705118848237727
8,David Alan Grier,3,0.08814843575600005
8,Denise Richards,3,0.014713250576266844
8,Gilles Marini,3,0.19086669655989036
8,Holly Madison,3,0.018001490680195666
8,Lawrence Taylor,3,0.03988635831048666
8,Lil' Kim,3,0.12468006210886051
8,Melissa Rycroft,3,0.1847539791468283
8,Shawn Johnson,3,0.17059958835883907
8,Steve Wozniak,3,0.0017404000498305488
8,Steve-O,3,0.009570881885797994
8,Ty Murray,3,0.07998766808462672
8,Chuck Wicks,4,0.05920990336136668
8,David Alan Grier,4,0.05836917948870447
8,Gilles Marini,4,0.25667426439106084
8,Holly Madison,4,0.01108607511185988
8,Lawrence Taylor,4,0.028704005553499366
8,Lil' Kim,4,0.153235822959474
8,Melissa Rycroft,4,0.21012551158525364
8,Shawn Johnson,4,0.11364104085161596
8,Steve Wozniak,4,0.0024107121199834383
8,Steve-O,4,0.009067085889559295
8,Ty Murray,4,0.0974763986876225
8,Chuck Wicks,5,0.085227353154737
8,David Alan Grier,5,0.0651100817438581
8,Gilles Marini,5,0.26386449733306316
8,Lawrence Taylor,5,0.043842706089825594
8,Lil' Kim,5,0.16507992119768966
8,Melissa Rycroft,5,0.14214299450129986
8,Shawn Johnson,5,0.1570226572876439
8,Steve-O,5,0.022685740359342794
8,Ty Murray,5,0.05502404833253997
8,Chuck Wicks,6,0.09735369479116963
8,Gilles Marini,6,0.1779474981579068
8,Lawrence Taylor,6,0.06902242144945442
8,Lil' Kim,6,0.23167811650454448
8,Melissa Rycroft,6,0.2031335046136268
8,Shawn Johnson,6,0.17295255527228542
8,Steve-O,6,0.015269949892083154
8,Ty Murray,6,0.03264225931892924
8,Chuck Wicks,7,0.15276430162630295
8,Gilles Marini,7,0.16668565916813807
8,Lawrence Taylor,7,0.04477540969154565
8,Lil' Kim,7,0.14615263033113837
8,Melissa Rycroft,7,0.21301656143079967
8,Shawn Johnson,7,0.18927774605680406
8,Ty Murray,7,0.0873276916952712
8,Chuck Wicks,8,0.13779192874393995
8,Gilles Marini,8,0.21567642517335214
8,Lil' Kim,8,0.2203058610932872
8,Melissa Rycroft,8,0.10568084758705117
8,Shawn Johnson,8,0.17179156972475101
8,Ty Murray,8,0.14875336767761854
8,Gilles Marini,9,0.2531902515872622
8,Lil' Kim,9,0.15764736452560915
8,Melissa Rycroft,9,0.2504303874592718
8,Shawn Johnson,9,0.2421765178034435
8,Ty Murray,9,0.09655547862441335
8,Gilles Marini,10,0.3640168756989962
8,Melissa Rycroft,10,0.2506048510987776
8,Shawn Johnson,10,0.2764805212252857
8,Ty Murray,10,0.10889775197694061
8,Gilles Marini,11,0.32860180805824596
8,Melissa Rycroft,11,0.29552927756545366
8,Shawn Johnson,11,0.3758689143763005
9,Aaron Carter,1,0.14543826250783426
9,Ashley Hamiliton,1,0.00976937710348067
9,Chuck Liddell,1,0.022410160341155644
9,Debi Mazar,1,0.023494326077340887
9,Donny Osmond,1,0.1048599810818038
9,Joanna Krupa,1,0.17246371760417548
9,Kathy Ireland,1,0.014115004418055382
9,Kelly Osbourne,1,0.10960896644311578
9,Louie Vito,1,0.05762530913071263
9,Macy Gray,1,0.00976937710348067
9,Mark Dacascos,1,0.0830551335383575
9,Melissa Joan Hart,1,0.03353301466723526
9,Michael Irvin,1,0.01177150287383324
9,Mya,1,0.12730125753564714
9,Natalie Coughlin,1,0.06069636541206724
9,Tom DeLay,1,0.014088244161704337
9,Aaron Carter,2,0.1868670107016282
9,Chuck Liddell,2,0.033928182719483585
9,Debi Mazar,2,0.05206100468941389
9,Donny Osmond,2,0.1326047340935943
9,Joanna Krupa,2,0.05714730456448547
9,Kathy Ireland,2,0.02526088269594699
9,Kelly Osbourne,2,0.04168586754898764
9,Louie Vito,2,0.038848946892687856
9,Mark Dacascos,2,0.059028936727427664
9,Melissa Joan Hart,2,0.037273699535095114
9,Michael Irvin,2,0.03800480052758138
9,Mya,2,0.2053469138293696
9,Natalie Coughlin,2,0.06712286333444979
9,Tom DeLay,2,0.024818852139848392
9,Aaron Carter,3,0.07542338234886092
9,Chuck Liddell,3,0.025869354993453376
9,Debi Mazar,3,0.026072892220909766
9,Donny Osmond,3,0.08194431490989887
9,Joanna Krupa,3,0.11552468553308583
9,Kelly Osbourne,3,0.0594805887849011
9,Louie Vito,3,0.05162314812134541
9,Mark Dacascos,3,0.038869528873044124
9,Melissa Joan Hart,3,0.05237121068347617
9,Michael Irvin,3,0.011506009004918272
9,Mya,3,0.25739171078358647
9,Natalie Coughlin,3,0.190200649751504
9,Tom DeLay,3,0.013722523991015848
9,Aaron Carter,4,0.030738248964624456
9,Chuck Liddell,4,0.018883951143174014
9,Donny Osmond,4,0.1089873096896326
9,Joanna Krupa,4,0.1465661570921681
9,Kelly Osbourne,4,0.08211588027318922
9,Louie Vito,4,0.01747970785694501
9,Mark Dacascos,4,0.06881389556405793
9,Melissa Joan Hart,4,0.18669247386111212
9,Michael Irvin,4,0.015147249487854533
9,Mya,4,0.22068102105725576
9,Natalie Coughlin,4,0.10389410500998636
9,Aaron Carter,5,0.08802278496851017
9,Donny Osmond,5,0.2080014725495369
9,Joanna Krupa,5,0.1033299124432803
9,Kelly Osbourne,5,0.08468763575143214
9,Louie Vito,5,0.050446181240383636
9,Mark Dacascos,5,0.12720977091935987
9,Melissa Joan Hart,5,0.07366127262736455
9,Michael Irvin,5,0.04030839461340003
9,Mya,5,0.16639241150704548
9,Natalie Coughlin,5,0.057940163379686827
9,Aaron Carter,6,0.16600755753609459
9,Donny Osmond,6,0.13520944674188617
9,Joanna Krupa,6,0.24728689035270107
9,Kelly Osbourne,6,0.05210065158291218
9,Louie Vito,6,0.03303688150633649
9,Mark Dacascos,6,0.13527089353163202
9,Melissa Joan Hart,6,0.034206833294090785
9,Michael Irvin,6,0.027006791965792122
9,Mya,6,0.1698740534885546
9,Aaron Carter,7,0.1778999079449637
9,Donny Osmond,7,0.16377063316227308
9,Joanna Krupa,7,0.2202890876406646
9,Kelly Osbourne,7,0.15600724267321292
9,Mark Dacascos,7,0.059544412461667084
9,Michael Irvin,7,0.07977786370394462
9,Mya,7,0.142710852413274
9,Aaron Carter,8,0.14233353624830822
9,Donny Osmond,8,0.15731914042112652
9,Joanna Krupa,8,0.19285576525135129
9,Kelly Osbourne,8,0.17292617045457476
9,Mya,8,0.33456538762463933
9,Donny Osmond,9,0.1837647797648294
9,Joanna Krupa,9,0.2281282274735208
9,Kelly Osbourne,9,0.21400542086168287
9,Mya,9,0.37410157189996696
9,Donny Osmond,10,0.403516005775232
9,Kelly Osbourne,10,0.21593053297483183
9,Mya,10,0.38055346124993616
10,Aiden Turner,1,0.02333648139581333
10,Buzz Aldrin,1,0.013897628705996427
10,Chad Ochocinco,1,0.04998878208308337
10,Erin Andrews,1,0.11614353536233102
10,Evan Lysacek,1,0.1799475496739727
10,Jake Pavelka,1,0.08784503822017596
10,Kate Gosselin,1,0.027697155728888572
10,Nicole Scherzinger,1,0.2783904731588063
10,Niecy Nash,1,0.0552681022797725
10,Pamela Anderson,1,0.11384540896750464
10,Shannen Doherty,1,0.053639844423655346
10,Aiden Turner,2,0.04671960433025999
10,Buzz Aldrin,2,0.005416609359716643
10,Chad Ochocinco,2,0.024781179872042633
10,Erin Andrews,2,0.12544424340629862
10,Evan Lysacek,2,0.16493286759961054
10,Jake Pavelka,2,0.06577706667596549
10,Kate Gosselin,2,0.015686068519532602
10,Nicole Scherzinger,2,0.3131542340663516
10,Niecy Nash,2,0.07767762123509389
10,Pamela Anderson,2,0.10106531809011253
10,Shannen Doherty,2,0.059345186845015434
10,Aiden Turner,3,0.06582534563624333
10,Buzz Aldrin,3,0.007930288152978845
10,Chad Ochocinco,3,0.07055596304559944
10,Erin Andrews,3,0.13727832607970514
10,Evan Lysacek,3,0.26227983490084156
10,Jake Pavelka,3,0.0882205923156206
10,Kate Gosselin,3,0.017797201418169362
10,Nicole Scherzinger,3,0.16412434226193415
10,Niecy Nash,3,0.08712008578823512
10,Pamela Anderson,3,0.09886802040067232
10,Aiden Turner,4,0.029348755866899712
10,Chad Ochocinco,4,0.10655319028485385
10,Erin Andrews,4,0.07292008302940581
10,Evan Lysacek,4,0.27369293764553293
10,Jake Pavelka,4,0.06355675192987079
10,Kate Gosselin,4,0.022813407507740774
10,Nicole Scherzinger,4,0.2334318839079779
10,Niecy Nash,4,0.04592399428771695
10,Pamela Anderson,4,0.15175899554000144
10,Chad Ochocinco,5,0.044288417744026004
10,Erin Andrews,5,0.10210769496140579
10,Evan Lysacek,5,0.24625416207402245
10,Jake Pavelka,5,0.10713834675783777
10,Kate Gosselin,5,0.01431162220267861
10,Nicole Scherzinger,5,0.3633717346829159
10,Niecy Nash,5,0.0381084866122502
10,Pamela Anderson,5,0.0844195349648634
10,Chad Ochocinco,6,0.13898504387447624
10,Erin Andrews,6,0.2172424844915221
10,Evan Lysacek,6,0.09156757244784555
10,Jake Pavelka,6,0.05207552963516136
10,Nicole Scherzinger,6,0.3117601518624337
10,Niecy Nash,6,0.06368549565539888
10,Pamela Anderson,6,0.12468372203316214
10,Chad Ochocinco,7,0.16005370194618693
10,Erin Andrews,7,0.1643482619999198
10,Evan Lysacek,7,0.19645982851717447
10,Nicole Scherzinger,7,0.22524447475709658
10,Niecy Nash,7,0.11440015732262027
10,Pamela Anderson,7,0.13949357545700194
10,Chad Ochocinco,8,0.10673319410949325
10,Erin Andrews,8,0.22234453783358418
10,Evan Lysacek,8,0.22993195139254857
10,Nicole Scherzinger,8,0.3656598883075382
10,Niecy Nash,8,0.0753304283568358
10,Chad Ochocinco,9,0.13998690008698814
10,Erin Andrews,9,0.2407514291310838
10,Evan Lysacek,9,0.2995171662471562
10,Nicole Scherzinger,9,0.3197445045347718
10,Erin Andrews,10,0.2976337102559269
10,Evan Lysacek,10,0.2966673180274534
10,Nicole Scherzinger,10,0.40569897171661967
11,Audrina Patridge,1,0.07098491670410856
11,Brandy,1,0.16318044566466916
11,Bristol Palin,1,0.053728059835420984
11,David Hasselhoff,1,0.01931375113048874
11,Florence Henderson,1,0.05045561679256422
11,Jennifer Grey,1,0.20892973532645848
11,Kurt Warner,1,0.06774612803109424
11,Kyle Massey,1,0.16565077800399683
11,Margaret Cho,1,0.02138690608527264
11,Michael Bolton,1,0.024368454731836225
11,Rick Fox,1,0.13278050035711766
11,The Situation,1,0.02147470733697218
11,Audrina Patridge,2,0.1455600919232532
11,Brandy,2,0.1031380691954819
11,Bristol Palin,2,0.10440662001524409
11,Florence Henderson,2,0.056848262061309544
11,Jennifer Grey,2,0.18459951505082367
11,Kurt Warner,2,0.09333631451254047
11,Kyle Massey,2,0.1222929442676647
11,Margaret Cho,2,0.04056432677443607
11,Michael Bolton,2,0.0065138602289102916
11,Rick Fox,2,0.10052956764019087
11,The Situation,2,0.042210428330145364
11,Audrina Patridge,3,0.19425106158939548
11,Brandy,3,0.13862984581449014
11,Bristol Palin,3,0.0440297796826564
11,Florence Henderson,3,0.05376038923406174
11,Jennifer Grey,3,0.1551530213318582
11,Kurt Warner,3,0.10032114339647838
11,Kyle Massey,3,0.1079875241370496
11,Margaret Cho,3,0.030970776840755353
11,Rick Fox,3,0.1268705310765344
11,The Situation,3,0.048025926896720285
11,Audrina Patridge,4,0.15620615787707803
11,Brandy,4,0.19454661053040173
11,Bristol Palin,4,0.027572320912893515
11,Florence Henderson,4,0.04291078043195816
11,Jennifer Grey,4,0.36641743764418316
11,Kurt Warner,4,0.04248759706086333
11,Kyle Massey,4,0.07863313597246921
11,Rick Fox,4,0.07682551802534807
11,The Situation,4,0.014400441544804691
11,Audrina Patridge,5,0.12510425605962017
11,Brandy,5,0.2622747333397096
11,Bristol Palin,5,0.0373856839241063
11,Florence Henderson,5,0.06785791207216697
11,Jennifer Grey,5,0.1845655186553811
11,Kurt Warner,5,0.1196473228058514
11,Kyle Massey,5,0.06482190094209267
11,Rick Fox,5,0.13834267220107202
11,Audrina Patridge,6,0.16987967464823475
11,Brandy,6,0.31539913872550723
11,Bristol Palin,6,0.09016546028993301
11,Jennifer Grey,6,0.12413489608851279
11,Kurt Warner,6,0.037896684308979155
11,Kyle Massey,6,0.12773397154192667
11,Rick Fox,6,0.1347901743969063
11,Brandy,7,0.22599543442404157
11,Bristol Palin,7,0.11671509631099736
11,Jennifer Grey,7,0.21171121051614342
11,Kurt Warner,7,0.15067392109527247
11,Kyle Massey,7,0.14704305195894607
11,Rick Fox,7,0.14786128569459903
11,Brandy,8,0.26415544136488567
11,Bristol Palin,8,0.11044390013913676
11,Jennifer Grey,8,0.2737019378673771
11,Kurt Warner,8,0.10840046324463486
11,Kyle Massey,8,0.24329825738396563
11,Brandy,9,0.22188962448355576
11,Bristol Palin,9,0.17228285248249858
11,Jennifer Grey,9,0.3325646822301247
11,Kyle Massey,9,0.273262840803821
11,Bristol Palin,10,0.2222295951186666
11,Jennifer Grey,10,0.47250570602030806
11,Kyle Massey,10,0.3052646988610253
12,Chelsea Kane,1,0.11608601306907189
12,Chris Jericho,1,0.08013123025698858
12,Hines Ward,1,0.12713710839493506
12,Kendra Wilkinson,1,0.05806752187151104
12,Kirstie Alley,1,0.18262534855047957
12,Mike Catherwood,1,0.012509616123612637
12,Petra Nemcova,1,0.05715762212773422
12,Ralph Macchio,1,0.22620306073087895
12,Romeo,1,0.08004158857711853
12,Sugar Ray Leonard,1,0.04265313526428925
12,Wendy Williams,1,0.017387755033380338
12,Chelsea Kane,2,0.06095221329401675
12,Chris Jericho,2,0.1581069746203953
12,Hines Ward,2,0.17485746742367902
12,Kendra Wilkinson,2,0.07053797160885664
12,Kirstie Alley,2,0.09393797217624704
12,Mike Catherwood,2,0.034211045364940615
12,Petra Nemcova,2,0.05902003449144404
12,Ralph Macchio,2,0.11792149884557397
12,Romeo,2,0.15553627887436489
12,Sugar Ray Leonard,2,0.041021657449584734
12,Wendy Williams,2,0.03389688585089692
12,Chelsea Kane,3,0.1251239739212654
12,Chris Jericho,3,0.08764801541892973
12,Hines Ward,3,0.18909071138433511
12,Kendra Wilkinson,3,0.110394960041988
12,Kirstie Alley,3,0.08212544466644477
12,Petra Nemcova,3,0.16891524387495002
12,Ralph Macchio,3,0.08798708645367245
12,Romeo,3,0.07170594366586093
12,Sugar Ray Leonard,3,0.06136912969709104
12,Wendy Williams,3,0.015639490875462656
12,Chelsea Kane,4,0.18608276573560098
12,Chris Jericho,4,0.107206082454149
12,Hines Ward,4,0.16500013911848976
12,Kendra Wilkinson,4,0.03732549658026298
12,Kirstie Alley,4,0.08489251773257206
12,Petra Nemcova,4,0.10560607275855657
12,Ralph Macchio,4,0.14388590024329484
12,Romeo,4,0.10665585363014282
12,Sugar Ray Leonard,4,0.063345171746931
12,Chelsea Kane,5,0.17210584721965494
12,Chris Jericho,5,0.14930838687916081
12,Hines Ward,5,0.1971068517929594
12,Kendra Wilkinson,5,0.072407273896642
12,Kirstie Alley,5,0.09400896675530718
12,Petra Nemcova,5,0.07128843757243945
12,Ralph Macchio,5,0.0791508634047062
12,Romeo,5,0.16462337247913
12,Chelsea Kane,6,0.20392251633704037
12,Chris Jericho,6,0.06378191528543921
12,Hines Ward,6,0.17882457109310002
12,Kendra Wilkinson,6,0.11520737221305777
12,Kirstie Alley,6,0.13902797481174287
12,Ralph Macchio,6,0.10161915237883919
12,Romeo,6,0.1976164978807805
12,Chelsea Kane,7,0.19142669401194112
12,Hines Ward,7,0.2117724722247016
12,Kendra Wilkinson,7,0.13028015230317208
12,Kirstie Alley,7,0.1379437335722092
12,Ralph Macchio,7,0.18920360420152119
12,Romeo,7,0.13937334368645482
12,Chelsea Kane,8,0.278910567648381
12,Hines Ward,8,0.23744031457320863
12,Kirstie Alley,8,0.2033959348313285
12,Ralph Macchio,8,0.10718889731512626
12,Romeo,8,0.1730642856319557
12,Chelsea Kane,9,0.546902786119167
12,Hines Ward,9,0.23690378156043196
12,Kirstie Alley,9,0.1472555871993967
12,Ralph Macchio,9,0.0689378451210045
12,Chelsea Kane,10,0.3791523775286266
12,Hines Ward,10,0.35609410980140144
12,Kirstie Alley,10,0.264753512669972
13,Carson Kressley,1,0.0505287215486254
13,Chaz Bono,1,0.048985238086083696
13,Chynna Phillips,1,0.1765843056901622
13,David Arquette,1,0.06585777760860119
13,Elisabetta Canalis,1,0.03061719093181987
13,Hope Solo,1,0.1371086073026636
13,J.R. Martinez,1,0.1798052476736216
13,Kristin Cavallari,1,0.0914662951293477
13,Metta World Peace (Ron),1,0.018577817121179323
13,Nancy Grace,1,0.04086565937974753
13,Ricki Lake,1,0.11847473674140568
13,Rob Kardashian,1,0.04112840278674222
13,Carson Kressley,2,0.04912265519944003
13,Chaz Bono,2,0.03521229316357345
13,Chynna Phillips,2,0.10889815068729299
13,David Arquette,2,0.051432761589978476
13,Elisabetta Canalis,2,0.0889209886273231
13,Hope Solo,2,0.06859985775786846
13,J.R. Martinez,2,0.13340452204089598
13,Kristin Cavallari,2,0.12159229303026522
13,Nancy Grace,2,0.08984665025765581
13,Ricki Lake,2,0.15822711604540726
13,Rob Kardashian,2,0.09474271160029922
13,Carson Kressley,3,0.07298915272282111
13,Chaz Bono,3,0.026161129109205213
13,Chynna Phillips,3,0.1326803953828735
13,David Arquette,3,0.09335339361736122
13,Hope Solo,3,0.0966791854871553
13,J.R. Martinez,3,0.14773924865302263
13,Kristin Cavallari,3,0.09543087627785442
13,Nancy Grace,3,0.053527032245878695
13,Ricki Lake,3,0.18221002869531824
13,Rob Kardashian,3,0.09922955780850963
13,Carson Kressley,4,0.047190950244016774
13,Chaz Bono,4,0.05602686104722418
13,Chynna Phillips,4,0.06094552112669342
13,David Arquette,4,0.09724331220247283
13,Hope Solo,4,0.11411155781251309
13,J.R. Martinez,4,0.1774760578584831
13,Nancy Grace,4,0.060637459329771305
13,Ricki Lake,4,0.26986501779686567
13,Rob Kardashian,4,0.11650326258195974
13,Carson Kressley,5,0.03756213144567996
13,Chaz Bono,5,0.061058044271667354
13,David Arquette,5,0.14428649159299503
13,Hope Solo,5,0.1172661143943952
13,J.R. Martinez,5,0.2664732191185084
13,Nancy Grace,5,0.08273166902080947
13,Ricki Lake,5,0.14617702786441086
13,Rob Kardashian,5,0.14444530229153366
13,Chaz Bono,6,0.03798895649342307
13,David Arquette,6,0.10413955255625387
13,Hope Solo,6,0.059868370463365364
13,J.R. Martinez,6,0.2968436160155544
13,Nancy Grace,6,0.1168112979103466
13,Ricki Lake,6,0.2936451868443563
13,Rob Kardashian,6,0.09070301971670043
13,David Arquette,7,0.12253708951004955
13,Hope Solo,7,0.17000995627429505
13,J.R. Martinez,7,0.17331493080714952
13,Nancy Grace,7,0.09630738458368157
13,Ricki Lake,7,0.2467851411643296
13,Rob Kardashian,7,0.1910454976604946
13,Hope Solo,8,0.17604670206206008
13,J.R. Martinez,8,0.3477865652546659
13,Nancy Grace,8,0.07671860736800927
13,Ricki Lake,8,0.2109332472137609
13,Rob Kardashian,8,0.18851487810150394
13,Hope Solo,9,0.08219186115184514
13,J.R. Martinez,9,0.19045880661911702
13,Ricki Lake,9,0.38726794600584147
13,Rob Kardashian,9,0.34008138622319634
13,J.R. Martinez,10,0.3232238691314509
13,Ricki Lake,10,0.33096784974871807
13,Rob Kardashian,10,0.3458082811198309
14,Donald Driver,1,0.058001649814347356
14,Gavin DeGraw,1,0.043792852427092945
14,Gladys Knight,1,0.08017224901456368
14,Jack Wagner,1,0.08305101611629502
14,Jaleel White,1,0.14899833909547486
14,Katherine Jenkins,1,0.1590060803790338
14,Maria Menounos,1,0.05912643670821216
14,Martina Navratilova,1,0.04008308709495389
14,Melissa Gilbert,1,0.04291090473075449
14,Roshon Fegan,1,0.09051545444534109
14,Sherri Sheperd,1,0.08589753370388079
14,William Levy,1,0.10844439647004991
14,Donald Driver,2,0.09845008853623106
14,Gavin DeGraw,2,0.052847487398966865
14,Gladys Knight,2,0.03667354074651065
14,Jack Wagner,2,0.055462855864941804
14,Jaleel White,2,0.07246961561291507
14,Katherine Jenkins,2,0.15511020745328127
14,Maria Menounos,2,0.11876395872401607
14,Martina Navratilova,2,0.01910408445242417
14,Melissa Gilbert,2,0.042956067728580384
14,Roshon Fegan,2,0.1410544886150456
14,Sherri Sheperd,2,0.08164538581056621
14,William Levy,2,0.12546221905652075
14,Donald Driver,3,0.10308040476720624
14,Gavin DeGraw,3,0.06487866644675327
14,Gladys Knight,3,0.060268315047709256
14,Jack Wagner,3,0.061599754204429966
14,Jaleel White,3,0.07837853068642946
14,Katherine Jenkins,3,0.16162339181427363
14,Maria Menounos,3,0.12042301842887285
14,Melissa Gilbert,3,0.06316998962866543
14,Roshon Fegan,3,0.08866722687301078
14,Sherri Sheperd,3,0.06500966914684156
14,William Levy,3,0.13290103295580757
14,Donald Driver,4,0.181026662220787
14,Gavin DeGraw,4,0.07733537784603532
14,Gladys Knight,4,0.04489251105637004
14,Jaleel White,4,0.07183802673877364
14,Katherine Jenkins,4,0.11840802041439685
14,Maria Menounos,4,0.15538611872861902
14,Melissa Gilbert,4,0.06660412646234386
14,Roshon Fegan,4,0.14965560256807148
14,Sherri Sheperd,4,0.05350494274596972
14,William Levy,4,0.08134861121863307
14,Donald Driver,5,0.14651798806527513
14,Gavin DeGraw,5,0.026444415012444544
14,Gladys Knight,5,0.04813494805559774
14,Jaleel White,5,0.0865591543479995
14,Katherine Jenkins,5,0.202499593570348
14,Maria Menounos,5,0.13872356889480655
14,Melissa Gilbert,5,0.04509559548640459
14,Roshon Fegan,5,0.11479388028823344
14,William Levy,5,0.1912308562788905
14,Donald Driver,6,0.13836041899093718
14,Gladys Knight,6,0.024472422234432235
14,Jaleel White,6,0.18662549817597823
14,Katherine Jenkins,6,0.2547866576414886
14,Maria Menounos,6,0.08450021526552712
14,Melissa Gilbert,6,0.07119412310962969
14,Roshon Fegan,6,0.06021027400411873
14,William Levy,6,0.1798503905778881
14,Donald Driver,7,0.15014873984556948
14,Jaleel White,7,0.11919401248956439
14,Katherine Jenkins,7,0.17029930499444648
14,Maria Menounos,7,0.1942365696009319
14,Melissa Gilbert,7,0.08158909817377481
14,Roshon Fegan,7,0.1288750643688372
14,William Levy,7,0.1556572105268757
14,Donald Driver,8,0.18328186131843222
14,Katherine Jenkins,8,0.1834660111500766
14,Maria Menounos,8,0.16061426312053215
14,Melissa Gilbert,8,0.0987943716082994
14,Roshon Fegan,8,0.1588699595356012
14,William Levy,8,0.2149735332670584
14,Donald Driver,9,0.24875646357264483
14,Katherine Jenkins,9,0.23246548394038632
14,Maria Menounos,9,0.24882437033446714
14,William Levy,9,0.2699536821525017
14,Donald Driver,10,0.3275527585672095
14,Katherine Jenkins,10,0.3430542888449654
14,William Levy,10,0.32939295258782514
15,Apolo Anton Ohno,1,0.08628927637608463
15,Bristol Palin,1,0.04370091310627414
15,Drew Lachey,1,0.07474727681013402
15,Emmitt Smith,1,0.13681356529220723
15,Gilles Marini,1,0.13065244602646933
15,Helio Castroneves,1,0.0756018894071841
15,Joey Fatone,1,0.059971906080271684
15,Kelly Monaco,1,0.07450523741899318
15,Kirstie Alley,1,0.04128527198608283
15,Melissa Rycroft,1,0.06874260528792651
15,Pamela Anderson,1,0.02237596862808539
15,Sabrina Bryan,1,0.09809688572132697
15,Shawn Johnson,1,0.0872167578589598
15,Apolo Anton Ohno,2,0.10363606722843877
15,Bristol Palin,2,0.02573650012440019
15,Drew Lachey,2,0.06933178489787195
15,Emmitt Smith,2,0.07494500152914531
15,Gilles Marini,2,0.12736981541928183
15,Helio Castroneves,2,0.0780389025784972
15,Joey Fatone,2,0.0666305359949798
15,Kelly Monaco,2,0.06699589491916737
15,Kirstie Alley,2,0.04977403983962111
15,Melissa Rycroft,2,0.08760916491372393
15,Sabrina Bryan,2,0.1347680317887229
15,Shawn Johnson,2,0.11516426076614962
15,Apolo Anton Ohno,3,0.0942074518364595
15,Bristol Palin,3,0.04807064165360734
15,Drew Lachey,3,0.06343111330769197
15,Emmitt Smith,3,0.08601956588649343
15,Gilles Marini,3,0.10159222627774524
15,Helio Castroneves,3,0.08477337987954153
15,Kelly Monaco,3,0.1195480829196236
15,Kirstie Alley,3,0.06501567753680323
15,Melissa Rycroft,3,0.1216462466950754
15,Sabrina Bryan,3,0.09754529565544771
15,Shawn Johnson,3,0.1181503183515111
15,Apolo Anton Ohno,4,0.09274380929099048
15,Bristol Palin,4,0.05772497945757268
15,Emmitt Smith,4,0.10924089954677212
15,Gilles Marini,4,0.16411001753751162
15,Kelly Monaco,4,0.12871805232264738
15,Kirstie Alley,4,0.04893745923400574
15,Melissa Rycroft,4,0.12643538332983628
15,Sabrina Bryan,4,0.10619663086966505
15,Shawn Johnson,4,0.16589276841099862
15,Apolo Anton Ohno,5,0.13314515074539324
15,Emmitt Smith,5,0.1244842638404819
15,Gilles Marini,5,0.13488689631190906
15,Kelly Monaco,5,0.08952301327476327
15,Kirstie Alley,5,0.09001807548880181
15,Melissa Rycroft,5,0.1361868959255696
15,Sabrina Bryan,5,0.1553396790278059
15,Shawn Johnson,5,0.13641602538527525
15,Apolo Anton Ohno,6,0.15748368307323132
15,Emmitt Smith,6,0.09466143525410689
15,Gilles Marini,6,0.10980287377317244
15,Kelly Monaco,6,0.10125326158401828
15,Kirstie Alley,6,0.09880948021000764
15,Melissa Rycroft,6,0.15728100470508202
15,Sabrina Bryan,6,0.15581987104987685
15,Shawn Johnson,6,0.12488839035050463
15,Apolo Anton Ohno,7,0.11368679614882744
15,Emmitt Smith,7,0.13101142923705686
15,Gilles Marini,7,0.11615381092702694
15,Kelly Monaco,7,0.1566035689658582
15,Kirstie Alley,7,0.0517688132418862
15,Melissa Rycroft,7,0.2314669798927465
15,Shawn Johnson,7,0.1993086015865978
15,Apolo Anton Ohno,8,0.16023131043084898
15,Emmitt Smith,8,0.15235964182319475
15,Gilles Marini,8,0.13780944244246737
15,Kelly Monaco,8,0.1445598678067013
15,Kirstie Alley,8,0.06714792666732694
15,Melissa Rycroft,8,0.19489802633376452
15,Shawn Johnson,8,0.1429937844956962
15,Apolo Anton Ohno,9,0.17561109501294286
15,Emmitt Smith,9,0.13323401700083096
15,Kelly Monaco,9,0.18603568833882583
15,Melissa Rycroft,9,0.24299058133944623
15,Shawn Johnson,9,0.2621286183079541
15,Kelly Monaco,10,0.32853893440926396
15,Melissa Rycroft,10,0.3451694293042516
15,Shawn Johnson,10,0.32629163628648444
16,Alexandra Raisman,1,0.11573130362194918
16,Andy Dick,1,0.04065088125580037
16,D. L. Hughley,1,0.007599674136076004
16,Dorothy Hamill,1,0.09755486135356868
16,Ingo Rademacher,1,0.08596466790184752
16,Jacoby Jones,1,0.09145562404596756
16,Kellie Pickler,1,0.12008445185651534
16,Lisa Vanderpump,1,0.05091696009060024
16,Sean Lowe,1,0.06788275580004334
16,Victor Ortiz,1,0.051092298701834085
16,Wynonna Judd,1,0.05033087351510932
16,Zendaya,1,0.22073564772068827
16,Alexandra Raisman,2,0.14051238981811207
16,Andy Dick,2,0.05426998036271035
16,D. L. Hughley,2,0.01773650277809799
16,Dorothy Hamill,2,0.016468983745239512
16,Ingo Rademacher,2,0.06124655463894183
16,Jacoby Jones,2,0.12034181695443405
16,Kellie Pickler,2,0.2036563223540215
16,Lisa Vanderpump,2,0.0374295765674666
16,Sean Lowe,2,0.05975335556029175
16,Victor Ortiz,2,0.039005236944890054
16,Wynonna Judd,2,0.0328412309167026
16,Zendaya,2,0.2167380493590919
16,Alexandra Raisman,3,0.11395234191676197
16,Andy Dick,3,0.03405784412541547
16,D. L. Hughley,3,0.019133560193567677
16,Ingo Rademacher,3,0.06798191180358816
16,Jacoby Jones,3,0.18005758180638964
16,Kellie Pickler,3,0.16396735264109272
16,Lisa Vanderpump,3,0.059487621896364945
16,Sean Lowe,3,0.06465872293709567
16,Victor Ortiz,3,0.08894250144296344
16,Wynonna Judd,3,0.013151501856382754
16,Zendaya,3,0.19460905938037762
16,Alexandra Raisman,4,0.19769862495921314
16,Andy Dick,4,0.05494910845454128
16,D. L. Hughley,4,0.05236669122662315
16,Ingo Rademacher,4,0.09007272998417654
16,Jacoby Jones,4,0.12602383727139127
16,Kellie Pickler,4,0.17838800693670795
16,Lisa Vanderpump,4,0.028985750841018215
16,Sean Lowe,4,0.052734483166316494
16,Victor Ortiz,4,0.03305387368811784
16,Zendaya,4,0.1857268934718942
16,Alexandra Raisman,5,0.13874869494431585
16,Andy Dick,5,0.028967477997271764
16,D. L. Hughley,5,0.025822294289378052
16,Ingo Rademacher,5,0.05950197912213966
16,Jacoby Jones,5,0.14865544416761495
16,Kellie Pickler,5,0.19181879219318299
16,Sean Lowe,5,0.09975476923513368
16,Victor Ortiz,5,0.05158558667006747
16,Zendaya,5,0.2551449613808956
16,Alexandra Raisman,6,0.19303735426090438
16,Andy Dick,6,0.059784685300525484
16,Ingo Rademacher,6,0.09740003641035866
16,Jacoby Jones,6,0.09884363863421891
16,Kellie Pickler,6,0.22213470931301185
16,Sean Lowe,6,0.09906594960068615
16,Victor Ortiz,6,0.04783383017222891
16,Zendaya,6,0.18189979630806555
16,Alexandra Raisman,7,0.28607164844023397
16,Andy Dick,7,0.014150012909991511
16,Ingo Rademacher,7,0.09009604756575673
16,Jacoby Jones,7,0.12949256122647979
16,Kellie Pickler,7,0.18941659229853275
16,Sean Lowe,7,0.07143439814766456
16,Zendaya,7,0.21933873941134074
16,Alexandra Raisman,8,0.2295429667881942
16,Ingo Rademacher,8,0.10234805374624259
16,Jacoby Jones,8,0.15838511617193218
16,Kellie Pickler,8,0.20508829160049605
16,Sean Lowe,8,0.050669562535590025
16,Zendaya,8,0.253966009157545
16,Alexandra Raisman,9,0.2438596710692787
16,Ingo Rademacher,9,0.10707143456596677
16,Jacoby Jones,9,0.23388935371592612
16,Kellie Pickler,9,0.2287331894293901
16,Zendaya,9,0.18644635121943826
16,Alexandra Raisman,10,0.24064718273219796
16,Jacoby Jones,10,0.20462060548547473
16,Kellie Pickler,10,0.2794140219860502
16,Zendaya,10,0.2753181897962771
17,Amber Riley,1,0.2086568976461655
17,Bill Engvall,1,0.03090490547853864
17,Bill Nye,1,0.00890721385227264
17,Brant Daugherty,1,0.08024250802439221
17,Christina Milian,1,0.08282850469312446
17,Corbin Bleu,1,0.12519178552408475
17,Elizabeth Berkley Lauren,1,0.1231413100815066
17,Jack Osbourne,1,0.09926113988663664
17,Keyshawn Johnson,1,0.02200431587203284
17,Leah Remini,1,0.06570506912878965
17,"Nicole ""Snooki"" Polizzi",1,0.09345054626034473
17,Valerie Harper,1,0.059705803552111456
17,Amber Riley,2,0.11326094989065726
17,Bill Engvall,2,0.054664730677029295
17,Bill Nye,2,0.01735803518912772
17,Brant Daugherty,2,0.09054649616032691
17,Christina Milian,2,0.1274099236588465
17,Corbin Bleu,2,0.15592169242574164
17,Elizabeth Berkley Lauren,2,0.13003174464548337
17,Jack Osbourne,2,0.10245571699964134
17,Keyshawn Johnson,2,0.023984817971341523
17,Leah Remini,2,0.10205308778168348
17,"Nicole ""Snooki"" Polizzi",2,0.05024226621602374
17,Valerie Harper,2,0.03207053838409729
17,Amber Riley,3,0.09755217297025007
17,Bill Engvall,3,0.08358694983021232
17,Bill Nye,3,0.011964066791219802
17,Brant Daugherty,3,0.14438307052377056
17,Christina Milian,3,0.1316923337101341
17,Corbin Bleu,3,0.1398364742415569
17,Elizabeth Berkley Lauren,3,0.11686310307645069
17,Jack Osbourne,3,0.06429292562620093
17,Leah Remini,3,0.0918162367758646
17,"Nicole ""Snooki"" Polizzi",3,0.10420234271588531
17,Valerie Harper,3,0.013810323738454814
17,Amber Riley,4,0.1585519010938029
17,Bill Engvall,4,0.05238105419307837
17,Brant Daugherty,4,0.05834573917417292
17,Christina Milian,4,0.10101201132158737
17,Corbin Bleu,4,0.16629083552621898
17,Elizabeth Berkley Lauren,4,0.16053523265835176
17,Jack Osbourne,4,0.0942418539870407
17,Leah Remini,4,0.08986966160540229
17,"Nicole ""Snooki"" Polizzi",4,0.09804605896216992
17,Valerie Harper,4,0.020725651478174862
17,Amber Riley,5,0.11432698543381326
17,Bill Engvall,5,0.06637600686513197
17,Brant Daugherty,5,0.12234174642112784
17,Christina Milian,5,0.13983470246540491
17,Corbin Bleu,5,0.14644106863384102
17,Elizabeth Berkley Lauren,5,0.11415824936081577
17,Jack Osbourne,5,0.11995929821681453
17,Leah Remini,5,0.051573692417812386
17,"Nicole ""Snooki"" Polizzi",5,0.12498825018523835
17,Amber Riley,6,0.1868110565725843
17,Bill Engvall,6,0.05054176656223748
17,Brant Daugherty,6,0.16189862600978738
17,Corbin Bleu,6,0.09396743075055232
17,Elizabeth Berkley Lauren,6,0.18075907914252373
17,Jack Osbourne,6,0.09121638101726084
17,Leah Remini,6,0.09680249156194135
17,"Nicole ""Snooki"" Polizzi",6,0.13800316838311266
17,Amber Riley,7,0.16791857669908292
17,Bill Engvall,7,0.06982492843918982
17,Brant Daugherty,7,0.1405095332277116
17,Corbin Bleu,7,0.16395786144087063
17,Elizabeth Berkley Lauren,7,0.11108512817735537
17,Jack Osbourne,7,0.14108096998409025
17,Leah Remini,7,0.1016476297462144
17,"Nicole ""Snooki"" Polizzi",7,0.1039753722854851
17,Amber Riley,8,0.15195901215907576
17,Bill Engvall,8,0.06851100343270293
17,Brant Daugherty,8,0.11940216182382513
17,Corbin Bleu,8,0.21294410403175515
17,Elizabeth Berkley Lauren,8,0.09451717514889728
17,Jack Osbourne,8,0.2041897794941498
17,Leah Remini,8,0.14847676390959388
17,Amber Riley,9,0.14912777398905525
17,Bill Engvall,9,0.05480419454219748
17,Corbin Bleu,9,0.25418776250917796
17,Elizabeth Berkley Lauren,9,0.18804901410847746
17,Jack Osbourne,9,0.18319731537636336
17,Leah Remini,9,0.17063393947472846
17,Amber Riley,10,0.3262439605240668
17,Bill Engvall,10,0.08752413801621611
17,Corbin Bleu,10,0.26494714337876984
17,Jack Osbourne,10,0.2003601757853395
17,Leah Remini,10,0.12092458229560775
17,Amber Riley,11,0.3702023312241856
17,Bill Engvall,11,0.13155962770319485
17,Corbin Bleu,11,0.2842198193953087
17,Jack Osbourne,11,0.21401822167731083
18,Amy Purdy,1,0.11300359748697977
18,Billy Dee Williams,1,0.010362595838846191
18,Candace Cameron Bure,1,0.12892870295961087
18,Charlie White,1,0.19711812468043305
18,Cody Simpson,1,0.07312942243212452
18,Danica McKellar,1,0.11302545299757137
18,Diana Nyad,1,0.02555417057917304
18,Drew Carey,1,0.057702888905774116
18,James Maslow,1,0.06271453795622152
18,Meryl Davis,1,0.11522020515902286
18,NeNe Leakes,1,0.057573687081612195
18,Sean Avery,1,0.04566661392263061
18,Amy Purdy,2,0.1195411818915061
18,Billy Dee Williams,2,0.01015404687990274
18,Candace Cameron Bure,2,0.06513670600289145
18,Charlie White,2,0.14801245161044274
18,Cody Simpson,2,0.07902617160206123
18,Danica McKellar,2,0.11925290129115332
18,Drew Carey,2,0.05978551973965729
18,James Maslow,2,0.1360106076407829
18,Meryl Davis,2,0.14737008043434416
18,NeNe Leakes,2,0.0606888161802935
18,Sean Avery,2,0.055021516726964544
18,Amy Purdy,3,0.1279875067667481
18,Candace Cameron Bure,3,0.06966957723631549
18,Charlie White,3,0.12851255472971837
18,Cody Simpson,3,0.10668557533076314
18,Danica McKellar,3,0.12559596784511354
18,Drew Carey,3,0.05602942515400265
18,James Maslow,3,0.1308042534376261
18,Meryl Davis,3,0.19102225912982454
18,NeNe Leakes,3,0.06369288036988818
18,Amy Purdy,4,0.12230584104020803
18,Candace Cameron Bure,4,0.050045943182924595
18,Charlie White,4,0.10778945993519126
18,Cody Simpson,4,0.0786243692546859
18,Danica McKellar,4,0.09645794419238073
18,Drew Carey,4,0.0911869478600747
18,James Maslow,4,0.14168954526274546
18,Meryl Davis,4,0.22395705736432558
18,NeNe Leakes,4,0.08794289190746388
18,Amy Purdy,5,0.12681288142233063
18,Candace Cameron Bure,5,0.08734473208227432
18,Charlie White,5,0.12268860397078934
18,Cody Simpson,5,0.07689312635972836
18,Danica McKellar,5,0.15208927607245928
18,Drew Carey,5,0.03588117600284291
18,James Maslow,5,0.1726453170271123
18,Meryl Davis,5,0.12211764189962447
18,NeNe Leakes,5,0.10352724516283827
18,Amy Purdy,6,0.16964343736453438
18,Candace Cameron Bure,6,0.07927593044651156
18,Charlie White,6,0.13198219113260717
18,Danica McKellar,6,0.13456289642519453
18,Drew Carey,6,0.06601256465175212
18,James Maslow,6,0.11928555460502019
18,Meryl Davis,6,0.2126028010522731
18,NeNe Leakes,6,0.08663462432210683
18,Amy Purdy,7,0.17323905095942368
18,Candace Cameron Bure,7,0.14819477633906034
18,Charlie White,7,0.13506539544269175
18,Danica McKellar,7,0.13919361801424504
18,James Maslow,7,0.12103887169096697
18,Meryl Davis,7,0.19950688950488266
18,NeNe Leakes,7,0.08376139804872952
18,Amy Purdy,8,0.21892966667921687
18,Candace Cameron Bure,8,0.13357924088742576
18,Charlie White,8,0.21038160372547712
18,Danica McKellar,8,0.15726641570054378
18,James Maslow,8,0.1355866522762466
18,Meryl Davis,8,0.14425642073108996
18,Amy Purdy,9,0.22825865621807376
18,Candace Cameron Bure,9,0.14831699856025654
18,Charlie White,9,0.1794332647367898
18,James Maslow,9,0.19612359159642923
18,Meryl Davis,9,0.24786748888845067
18,Amy Purdy,10,0.28701383806786906
18,Candace Cameron Bure,10,0.15276839264922423
18,James Maslow,10,0.2562023056857607
18,Meryl Davis,10,0.304015463597146
19,Alfonso Ribeiro,1,0.18745252395731873
19,Antonio Sabato Jr.,1,0.03476139237705689
19,Bethany Mota,1,0.11109179094367454
19,Betsey Johnson,1,0.012149172946116105
19,Janel Parrish,1,0.07196462276417423
19,Jonathan Bennett,1,0.07878381662085435
19,Lea Thompson,1,0.11285992821972189
19,Lolo Jones,1,0.016281766020971002
19,Michael Waltrip,1,0.031073446830814307
19,Randy Couture,1,0.08869043120746084
19,Sadie Robertson,1,0.14220785336872704
19,Tavis Smiley,1,0.06525583775893366
19,Tommy Chong,1,0.04742741698417644
19,Alfonso Ribeiro,2,0.10742856772889238
19,Antonio Sabato Jr.,2,0.07850548427307233
19,Bethany Mota,2,0.12663389851790288
19,Betsey Johnson,2,0.04738485202175629
19,Janel Parrish,2,0.13926386297488835
19,Jonathan Bennett,2,0.07482672718871591
19,Lea Thompson,2,0.14839501424747373
19,Michael Waltrip,2,0.02595517894577056
19,Randy Couture,2,0.05247352304198973
19,Sadie Robertson,2,0.09159347611660834
19,Tavis Smiley,2,0.052013375980639466
19,Tommy Chong,2,0.055526038962290095
19,Alfonso Ribeiro,3,0.0879275234660333
19,Antonio Sabato Jr.,3,0.04937798968578669
19,Bethany Mota,3,0.20952995040407157
19,Betsey Johnson,3,0.04709978584882502
19,Janel Parrish,3,0.21743112549824534
19,Jonathan Bennett,3,0.06954006432789099
19,Lea Thompson,3,0.078434156742969
19,Michael Waltrip,3,0.03658021906884036
19,Randy Couture,3,0.027747200663437246
19,Sadie Robertson,3,0.08396007552078211
19,Tommy Chong,3,0.09237190877311853
19,Alfonso Ribeiro,4,0.21813794951651982
19,Antonio Sabato Jr.,4,0.04930970050874714
19,Bethany Mota,4,0.1011500261804199
19,Betsey Johnson,4,0.045823299308115815
19,Janel Parrish,4,0.1468378292654321
19,Jonathan Bennett,4,0.02194265778387811
19,Lea Thompson,4,0.19320118381708892
19,Michael Waltrip,4,0.022838649868454047
19,Sadie Robertson,4,0.15912097583203078
19,Tommy Chong,4,0.04163772791931347
19,Alfonso Ribeiro,5,0.18484108364070867
19,Antonio Sabato Jr.,5,0.06471071429310346
19,Bethany Mota,5,0.13177156560670508
19,Janel Parrish,5,0.14928596718107678
19,Jonathan Bennett,5,0.033486286474288154
19,Lea Thompson,5,0.17146764678778198
19,Michael Waltrip,5,0.015483774163081223
19,Sadie Robertson,5,0.22088727215081858
19,Tommy Chong,5,0.028065689702436072
19,Alfonso Ribeiro,6,0.23422924658093486
19,Antonio Sabato Jr.,6,0.04977305998218803
19,Bethany Mota,6,0.1687336078196007
19,Janel Parrish,6,0.11383426194764212
19,Jonathan Bennett,6,0.08064315788634772
19,Lea Thompson,6,0.10219384528392837
19,Michael Waltrip,6,0.0581435435256208
19,Sadie Robertson,6,0.14563592776959827
19,Tommy Chong,6,0.046813349204139286
19,Alfonso Ribeiro,7,0.16290376308378304
19,Antonio Sabato Jr.,7,0.0673479125728557
19,Bethany Mota,7,0.2360651349343754
19,Janel Parrish,7,0.14807474380060895
19,Lea Thompson,7,0.1561982584862061
19,Michael Waltrip,7,0.05242169175147737
19,Sadie Robertson,7,0.1034520628616203
19,Tommy Chong,7,0.07353643250907312
19,Alfonso Ribeiro,8,0.22518528795325538
19,Bethany Mota,8,0.20531499366730038
19,Janel Parrish,8,0.2742354478410906
19,Lea Thompson,8,0.07604207808246895
19,Michael Waltrip,8,0.020403324724830176
19,Sadie Robertson,8,0.1550155588107317
19,Tommy Chong,8,0.04380330892032279
19,Alfonso Ribeiro,9,0.2260062396515387
19,Bethany Mota,9,0.19064901539991388
19,Janel Parrish,9,0.2329288463605488
19,Lea Thompson,9,0.1244122918281742
19,Sadie Robertson,9,0.17462037800873734
19,Tommy Chong,9,0.05138322875108707
19,Alfonso Ribeiro,10,0.22517193658230825
19,Bethany Mota,10,0.22964676461273753
19,Janel Parrish,10,0.2627715725413205
19,Sadie Robertson,10,0.20737115934626038
19,Tommy Chong,10,0.07503856691737325
19,Alfonso Ribeiro,11,0.2765743520060929
19,Bethany Mota,11,0.2193843776621269
19,Janel Parrish,11,0.24941260283017763
19,Sadie Robertson,11,0.2546286675016026
20,Charlotte McKinney,1,0.029835225676436757
20,Chris Soules,1,0.06035831703960848
20,Michael Sam,1,0.06632148408444338
20,Nastia Liukin,1,0.13948049507672186
20,Noah Galloway,1,0.06595058625781289
20,Patti LaBelle,1,0.05522133639697215
20,Redfoo,1,0.03276234980131682
20,Riker Lynch,1,0.158317787838396
20,Robert Herjavec,1,0.0938268234947961
20,Rumer Willis,1,0.18327842133391178
20,Suzanne Somers,1,0.055454620902621245
20,Willow Shields,1,0.0591925520969624
20,Charlotte McKinney,2,0.03962996561218871
20,Chris Soules,2,0.01935928933303671
20,Michael Sam,2,0.06050232326429134
20,Nastia Liukin,2,0.1669015313834059
20,Noah Galloway,2,0.056394069137485445
20,Patti LaBelle,2,0.057786270689241276
20,Redfoo,2,0.09217804151677994
20,Riker Lynch,2,0.13089581496335984
20,Robert Herjavec,2,0.06679314084698383
20,Rumer Willis,2,0.1309435663660951
20,Suzanne Somers,2,0.06030198324010698
20,Willow Shields,2,0.11831400364702481
20,Charlotte McKinney,3,0.021570765019958908
20,Chris Soules,3,0.060039609653565154
20,Michael Sam,3,0.03551208939362912
20,Nastia Liukin,3,0.17889117212387712
20,Noah Galloway,3,0.09212426842891977
20,Patti LaBelle,3,0.024892876053352313
20,Riker Lynch,3,0.17181128079486646
20,Robert Herjavec,3,0.08253253415744528
20,Rumer Willis,3,0.15306578658466552
20,Suzanne Somers,3,0.04080987349508074
20,Willow Shields,3,0.1387497442946398
20,Chris Soules,4,0.03799004211305338
20,Michael Sam,4,0.054814882785270407
20,Nastia Liukin,4,0.15754490054649326
20,Noah Galloway,4,0.08098742698017054
20,Patti LaBelle,4,0.05507025168249512
20,Riker Lynch,4,0.12424334923825935
20,Robert Herjavec,4,0.09873394041775192
20,Rumer Willis,4,0.14009393737451384
20,Suzanne Somers,4,0.04301206692850133
20,Willow Shields,4,0.20750920193349082
20,Chris Soules,5,0.04352673956498494
20,Nastia Liukin,5,0.21018692441633488
20,Noah Galloway,5,0.053363217494920866
20,Patti LaBelle,5,0.044526712571920805
20,Riker Lynch,5,0.2090615121232194
20,Robert Herjavec,5,0.02898312236185491
20,Rumer Willis,5,0.23011914783450108
20,Suzanne Somers,5,0.046399241154821705
20,Willow Shields,5,0.13383338247744145
20,Chris Soules,6,0.10426540722913627
20,Nastia Liukin,6,0.1576642523603914
20,Noah Galloway,6,0.1017369457190158
20,Patti LaBelle,6,0.0900962903034279
20,Riker Lynch,6,0.17880344812771917
20,Robert Herjavec,6,0.08401883794395501
20,Rumer Willis,6,0.13599220633951767
20,Willow Shields,6,0.14742261197683676
20,Chris Soules,7,0.0641807587693939
20,Nastia Liukin,7,0.23489404162302369
20,Noah Galloway,7,0.15328209523276456
20,Riker Lynch,7,0.15628577969651541
20,Robert Herjavec,7,0.06228295783958387
20,Rumer Willis,7,0.15466715604120326
20,Willow Shields,7,0.17440721079751534
20,Chris Soules,8,0.07750473814717897
20,Nastia Liukin,8,0.22815862653237287
20,Noah Galloway,8,0.10057475982542459
20,Riker Lynch,8,0.25124750712268845
20,Robert Herjavec,8,0.0666872925397805
20,Rumer Willis,8,0.27582707583255467
20,Nastia Liukin,9,0.24394422295819254
20,Noah Galloway,9,0.20865728737909764
20,Riker Lynch,9,0.2872466110604736
20,Rumer Willis,9,0.2601518786022362
20,Noah Galloway,10,0.2328797302891259
20,Riker Lynch,10,0.3848760138945294
20,Rumer Willis,10,0.3822442558163447
21,Alek Skarlatos,1,0.10281282969944466
21,Alexa PenaVega,1,0.10397829429629293
21,Andy Grammer,1,0.08191245835997342
21,Bindi Irwin,1,0.15692787150625545
21,Carlos PenaVega,1,0.12586926071974322
21,Chaka Khan,1,0.007666586248326889
21,Gary Busey,1,0.015525050988795844
21,Hayes Grier,1,0.08274116607279561
21,Kim Zolciak-Biermann,1,0.0059591669389413
21,Nick Carter,1,0.15412831282683365
21,Paula Deen,1,0.016195934810839578
21,Tamar Braxton,1,0.13013419018553019
21,Victor Espinoza,1,0.016148877346226994
21,Alek Skarlatos,2,0.09992096768013578
21,Alexa PenaVega,2,0.11362676872244579
21,Andy Grammer,2,0.08433126093440245
21,Bindi Irwin,2,0.13468648947939535
21,Carlos PenaVega,2,0.09928224387474475
21,Chaka Khan,2,0.01059630463357163
21,Gary Busey,2,0.02034209598161721
21,Hayes Grier,2,0.09457309365133938
21,Kim Zolciak-Biermann,2,0.027740305347299953
21,Nick Carter,2,0.10848018373189869
21,Paula Deen,2,0.03037753392691904
21,Tamar Braxton,2,0.14595414563975362
21,Victor Espinoza,2,0.03008860639647651
21,Alek Skarlatos,3,0.1194899384035261
21,Alexa PenaVega,3,0.16948611694074364
21,Andy Grammer,3,0.06815985875363513
21,Bindi Irwin,3,0.11428089305705207
21,Carlos PenaVega,3,0.09408329560769328
21,Gary Busey,3,0.028796723506046524
21,Hayes Grier,3,0.08349629901667023
21,Nick Carter,3,0.18197292463584863
21,Paula Deen,3,0.012356917800245152
21,Tamar Braxton,3,0.1278770322785393
21,Alek Skarlatos,4,0.08709472661602556
21,Alexa PenaVega,4,0.05948611260187103
21,Andy Grammer,4,0.07621518555655342
21,Bindi Irwin,4,0.18319351421743063
21,Carlos PenaVega,4,0.11424142025860975
21,Gary Busey,4,0.012242174861070113
21,Hayes Grier,4,0.14157810915520266
21,Nick Carter,4,0.15967810368090266
21,Paula Deen,4,0.020434157322087143
21,Tamar Braxton,4,0.14583649573024696
21,Alek Skarlatos,5,0.04961810432430618
21,Alexa PenaVega,5,0.19064523312360268
21,Andy Grammer,5,0.1350751674174323
21,Bindi Irwin,5,0.16207560255320402
21,Carlos PenaVega,5,0.1917438272919258
21,Hayes Grier,5,0.061164175054715476
21,Nick Carter,5,0.1257561024391478
21,Paula Deen,5,0.025555386961352747
21,Tamar Braxton,5,0.05836640083431298
21,Alek Skarlatos,6,0.04710763798370082
21,Alexa PenaVega,6,0.05465440454762214
21,Andy Grammer,6,0.1745756748635786
21,Bindi Irwin,6,0.18053332283665244
21,Carlos PenaVega,6,0.14584118620592162
21,Hayes Grier,6,0.06411170326208772
21,Nick Carter,6,0.15581881054772945
21,Paula Deen,6,0.014457505244136632
21,Tamar Braxton,6,0.16289975450857042
21,Alek Skarlatos,7,0.09443712136348864
21,Alexa PenaVega,7,0.11570031555287878
21,Andy Grammer,7,0.1286387762834448
21,Bindi Irwin,7,0.1607488862408486
21,Carlos PenaVega,7,0.13783649479044627
21,Hayes Grier,7,0.1192331359418951
21,Nick Carter,7,0.1262919591585607
21,Tamar Braxton,7,0.11711331066843718
21,Alek Skarlatos,8,0.08358989897168798
21,Alexa PenaVega,8,0.12319738679205562
21,Andy Grammer,8,0.06477005739869361
21,Bindi Irwin,8,0.1499884240294634
21,Carlos PenaVega,8,0.16439670631837616
21,Nick Carter,8,0.2827970519033325
21,Tamar Braxton,8,0.1312604745863908
21,Alek Skarlatos,9,0.118495898384901
21,Alexa PenaVega,9,0.20549609352126627
21,Bindi Irwin,9,0.25607398720459684
21,Carlos PenaVega,9,0.16676921542093462
21,Nick Carter,9,0.17335368673823948
21,Tamar Braxton,9,0.07981111873006178
21,Alek Skarlatos,10,0.19733943570562343
21,Bindi Irwin,10,0.32235462158424055
21,Carlos PenaVega,10,0.31476770560257233
21,Nick Carter,10,0.16553823710756366
21,Alek Skarlatos,11,0.1920325743430592
21,Bindi Irwin,11,0.2748041003354503
21,Carlos PenaVega,11,0.27417638488531926
21,Nick Carter,11,0.2589869404361712
22,Antonio Brown,1,0.0896445276469706
22,Doug Flutie,1,0.019857491446057866
22,Geraldo Rivera,1,0.008451181486683746
22,Ginger Zee,1,0.14150056249552695
22,Jodie Sweetin,1,0.0746621250166957
22,Kim Fields,1,0.07180490662009835
22,Marla Maples,1,0.09128308396016646
22,Mischa Barton,1,0.023370078788646532
22,Nyle DiMarco,1,0.13991554918707808
22,Paige VanZant,1,0.09873270146232285
22,Von Miller,1,0.09128813525938471
22,Wanya Morris,1,0.14948965663036828
22,Antonio Brown,2,0.060799520550055046
22,Doug Flutie,2,0.06621747875217913
22,Geraldo Rivera,2,0.00840202547365465
22,Ginger Zee,2,0.09808221731825752
22,Jodie Sweetin,2,0.09530286408621573
22,Kim Fields,2,0.06165379703811822
22,Marla Maples,2,0.07632106354931693
22,Mischa Barton,2,0.019107671862366952
22,Nyle DiMarco,2,0.08550553064970999
22,Paige VanZant,2,0.17259645561800324
22,Von Miller,2,0.07526607420662246
22,Wanya Morris,2,0.18074530089550014
22,Antonio Brown,3,0.06307059670115849
22,Doug Flutie,3,0.05497910372424696
22,Ginger Zee,3,0.08169488263827447
22,Jodie Sweetin,3,0.107510378955455
22,Kim Fields,3,0.09067425235737096
22,Marla Maples,3,0.07177900007846695
22,Mischa Barton,3,0.03151084993707049
22,Nyle DiMarco,3,0.16486888581648712
22,Paige VanZant,3,0.12455751562381137
22,Von Miller,3,0.06187186851076354
22,Wanya Morris,3,0.14748266565689463
22,Antonio Brown,4,0.12373070331042214
22,Doug Flutie,4,0.02562972025672032
22,Ginger Zee,4,0.1518677361753244
22,Jodie Sweetin,4,0.049163074189882666
22,Kim Fields,4,0.08850241203674315
22,Marla Maples,4,0.04653358957207998
22,Nyle DiMarco,4,0.13357887767645457
22,Paige VanZant,4,0.15552426116324666
22,Von Miller,4,0.0871304414590136
22,Wanya Morris,4,0.1383391841601125
22,Antonio Brown,5,0.054036181227392274
22,Doug Flutie,5,0.05870070678445477
22,Ginger Zee,5,0.12423611557086152
22,Jodie Sweetin,5,0.1699019816277388
22,Kim Fields,5,0.06775504460306774
22,Nyle DiMarco,5,0.23106717883512246
22,Paige VanZant,5,0.1150426350446036
22,Von Miller,5,0.07832850153817882
22,Wanya Morris,5,0.10093165476858018
22,Antonio Brown,6,0.1325010953371486
22,Doug Flutie,6,0.04085132255112119
22,Ginger Zee,6,0.0886814825274613
22,Jodie Sweetin,6,0.10491071624946771
22,Kim Fields,6,0.08075989567016115
22,Nyle DiMarco,6,0.11185055268599771
22,Paige VanZant,6,0.1673013824337191
22,Von Miller,6,0.08175139859337571
22,Wanya Morris,6,0.19139215395154763
22,Antonio Brown,7,0.11252685167093435
22,Ginger Zee,7,0.14544806888485504
22,Jodie Sweetin,7,0.10682879876370875
22,Kim Fields,7,0.09391073632878381
22,Nyle DiMarco,7,0.1569957609137603
22,Paige VanZant,7,0.14802577421705213
22,Von Miller,7,0.09398124352003148
22,Wanya Morris,7,0.1422827657008741
22,Antonio Brown,8,0.13109690965650456
22,Ginger Zee,8,0.21532067579000214
22,Jodie Sweetin,8,0.1979554241536009
22,Nyle DiMarco,8,0.18924318126058992
22,Paige VanZant,8,0.16543418595639237
22,Wanya Morris,8,0.1009496231829101
22,Antonio Brown,9,0.13273188942231132
22,Ginger Zee,9,0.20133353752342556
22,Nyle DiMarco,9,0.21749173767978813
22,Paige VanZant,9,0.25179725067804204
22,Wanya Morris,9,0.19664558469643303
22,Ginger Zee,10,0.297259280719644
22,Nyle DiMarco,10,0.33181576870348495
22,Paige VanZant,10,0.370924950576871
23,Amber Rose,1,0.04940921569805038
23,Babyface,1,0.07755231088321081
23,Calvin Johnson Jr.,1,0.07612541415575126
23,Jake T. Austin,1,0.03294290369081541
23,James Hinchcliffe,1,0.17293765257545157
23,Jana Kramer,1,0.09111597846605625
23,Laurie Hernandez,1,0.17939065216485062
23,Marilu Henner,1,0.08883390716694596
23,Maureen McCormick,1,0.03442625737690631
23,Rick Perry,1,0.020533825978641302
23,Ryan Lochte,1,0.04935460786567707
23,Terra Jole,1,0.06634499589662467
23,Vanilla Ice,1,0.06103227808101825
23,Amber Rose,2,0.03964685780425192
23,Babyface,2,0.10493945648764533
23,Calvin Johnson Jr.,2,0.08633252648196961
23,Jake T. Austin,2,0.03607429355370701
23,James Hinchcliffe,2,0.10379016797546613
23,Jana Kramer,2,0.09371142539783615
23,Laurie Hernandez,2,0.16136504436458995
23,Marilu Henner,2,0.07104640386855375
23,Maureen McCormick,2,0.056255461180661305
23,Rick Perry,2,0.02452386186809208
23,Ryan Lochte,2,0.03958119044749997
23,Terra Jole,2,0.12791006111746997
23,Vanilla Ice,2,0.054823249452256764
23,Amber Rose,3,0.052058707594668685
23,Babyface,3,0.050144259089221564
23,Calvin Johnson Jr.,3,0.15411046879637733
23,James Hinchcliffe,3,0.1114705905410217
23,Jana Kramer,3,0.0646279937981839
23,Laurie Hernandez,3,0.15577842099364886
23,Marilu Henner,3,0.08357594757924065
23,Maureen McCormick,3,0.0855495370924402
23,Rick Perry,3,0.03149744042821947
23,Ryan Lochte,3,0.050158291630546234
23,Terra Jole,3,0.1243130976582172
23,Vanilla Ice,3,0.036715244798214364
23,Amber Rose,4,0.07919434278741401
23,Babyface,4,0.01990659089055721
23,Calvin Johnson Jr.,4,0.07314616289518258
23,James Hinchcliffe,4,0.17553261761630037
23,Jana Kramer,4,0.07068768605434385
23,Laurie Hernandez,4,0.2278597253004291
23,Marilu Henner,4,0.05025028067229723
23,Maureen McCormick,4,0.08281139083023144
23,Ryan Lochte,4,0.05505135867800102
23,Terra Jole,4,0.10613603854499391
23,Vanilla Ice,4,0.05942380573024921
23,Amber Rose,5,0.07520759608899642
23,Calvin Johnson Jr.,5,0.08381852484044904
23,James Hinchcliffe,5,0.19841662758056847
23,Jana Kramer,5,0.12007289482499879
23,Laurie Hernandez,5,0.10797684491029287
23,Marilu Henner,5,0.12943484421897253
23,Maureen McCormick,5,0.07875367057020699
23,Ryan Lochte,5,0.07568048506209483
23,Terra Jole,5,0.13063851190342007
23,Amber Rose,6,0.03850353927316004
23,Calvin Johnson Jr.,6,0.1471686799468825
23,James Hinchcliffe,6,0.17747107822072633
23,Jana Kramer,6,0.20545056549626675
23,Laurie Hernandez,6,0.14671810495124335
23,Marilu Henner,6,0.09994413043716677
23,Maureen McCormick,6,0.0658539930173016
23,Ryan Lochte,6,0.0574880294111443
23,Terra Jole,6,0.06140187924610833
23,Calvin Johnson Jr.,7,0.17201568418814606
23,James Hinchcliffe,7,0.18581476580079992
23,Jana Kramer,7,0.13226036801725072
23,Laurie Hernandez,7,0.13404519025637965
23,Marilu Henner,7,0.08170049413207996
23,Maureen McCormick,7,0.09043045378450078
23,Ryan Lochte,7,0.09287443558330144
23,Terra Jole,7,0.11085860823754161
23,Calvin Johnson Jr.,8,0.1509458268878562
23,James Hinchcliffe,8,0.29029839382333067
23,Jana Kramer,8,0.15288425695046648
23,Laurie Hernandez,8,0.22946445317468653
23,Marilu Henner,8,0.04651657734673313
23,Ryan Lochte,8,0.07111420354723798
23,Terra Jole,8,0.05877628826968907
23,Calvin Johnson Jr.,9,0.1503948967145564
23,James Hinchcliffe,9,0.14494656702629916
23,Jana Kramer,9,0.21108000470570668
23,Laurie Hernandez,9,0.22144436126803876
23,Marilu Henner,9,0.1114426494183929
23,Terra Jole,9,0.16069152086700605
23,Calvin Johnson Jr.,10,0.16702643927775457
23,James Hinchcliffe,10,0.20889777451150576
23,Jana Kramer,10,0.1912577970965591
23,Laurie Hernandez,10,0.2318360343855137
23,Terra Jole,10,0.2009819547286669
23,Calvin Johnson Jr.,11,0.25238416561332183
23,James Hinchcliffe,11,0.27735760615624655
23,Jana Kramer,11,0.1798263796567653
23,Laurie Hernandez,11,0.2904318485736664
24,Bonner Bolton,1,0.03546842217243751
24,Charo,1,0.027328478386893323
24,Chris Kattan,1,0.009868082252522508
24,David Ross,1,0.10623373256954041
24,Erika Jayne,1,0.05277091409739268
24,Heather Morris,1,0.11065408378003719
24,Mr. T,1,0.02079319532476941
24,Nancy Kerrigan,1,0.10786657675485066
24,Nick Viall,1,0.05048914501922293
24,Normani,1,0.09625154228010933
24,Rashad Jennings,1,0.18001430376408056
24,Simone Biles,1,0.20226152359814345
24,Bonner Bolton,2,0.07321878674926972
24,Charo,2,0.04382514794536241
24,Chris Kattan,2,0.02220438823044048
24,David Ross,2,0.07547612576679967
24,Erika Jayne,2,0.07738774185047857
24,Heather Morris,2,0.12076497797836246
24,Mr. T,2,0.02512141220019968
24,Nancy Kerrigan,2,0.09038033577620086
24,Nick Viall,2,0.0478372034592974
24,Normani,2,0.15794174977850547
24,Rashad Jennings,2,0.1561832293230945
24,Simone Biles,2,0.10965890094198881
24,Bonner Bolton,3,0.03749679537001129
24,Charo,3,0.032114116782463786
24,David Ross,3,0.10790062312777077
24,Erika Jayne,3,0.051092573375918625
24,Heather Morris,3,0.15290162543987004
24,Mr. T,3,0.032294045658546364
24,Nancy Kerrigan,3,0.14684776253017925
24,Nick Viall,3,0.04927581504017446
24,Normani,3,0.17251772687682457
24,Rashad Jennings,3,0.08234390952037222
24,Simone Biles,3,0.1352150062778686
24,Bonner Bolton,4,0.07747035276652559
24,David Ross,4,0.07253695331240624
24,Erika Jayne,4,0.06152912739415173
24,Heather Morris,4,0.13231753596425558
24,Mr. T,4,0.04072509477555488
24,Nancy Kerrigan,4,0.10514908557764156
24,Nick Viall,4,0.06314849291207857
24,Normani,4,0.09756812628279171
24,Rashad Jennings,4,0.19600680634113052
24,Simone Biles,4,0.15354842467346355
24,Bonner Bolton,5,0.060187215906046435
24,David Ross,5,0.051772869078215045
24,Erika Jayne,5,0.07368221311510267
24,Heather Morris,5,0.11335247835837355
24,Nancy Kerrigan,5,0.13618219624413147
24,Nick Viall,5,0.09929037267507013
24,Normani,5,0.1969763202918074
24,Rashad Jennings,5,0.08977637994670828
24,Simone Biles,5,0.17877995438454503
24,Bonner Bolton,6,0.08193390100379808
24,David Ross,6,0.07718742624115013
24,Heather Morris,6,0.17559370132545427
24,Nancy Kerrigan,6,0.11874766891330896
24,Nick Viall,6,0.07628440929313651
24,Normani,6,0.17991675332511053
24,Rashad Jennings,6,0.1459236158041793
24,Simone Biles,6,0.1444125240938623
24,Bonner Bolton,7,0.06268395341621234
24,David Ross,7,0.07663909573232242
24,Nancy Kerrigan,7,0.11144397500441106
24,Nick Viall,7,0.08238393559267033
24,Normani,7,0.2779875181801034
24,Rashad Jennings,7,0.19637788250537117
24,Simone Biles,7,0.1924836395689093
24,Bonner Bolton,8,0.06708918500355153
24,David Ross,8,0.12858258347276352
24,Normani,8,0.3270546450759079
24,Rashad Jennings,8,0.2588348977551095
24,Simone Biles,8,0.21843868869266747
24,David Ross,9,0.1710513245072727
24,Normani,9,0.2679766045818004
24,Rashad Jennings,9,0.2793695736635456
24,Simone Biles,9,0.28160249724738123
24,David Ross,10,0.24885632606367733
24,Normani,10,0.3678377557504953
24,Rashad Jennings,10,0.3833059181858274
25,Barbara Corcoran,1,0.017286727996331783
25,Debbie Gibson,1,0.0456504602735042
25,Derek Fisher,1,0.05782933002279843
25,Drew Scott,1,0.03505941332448006
25,Frankie Muniz,1,0.08103961538499355
25,Jordan Fisher,1,0.16012768754102974
25,Lindsey Stirling,1,0.15676196307840282
25,Nick Lachey,1,0.05787103833248917
25,Nikki Bella,1,0.0949410751224703
25,Sasha Pieterse,1,0.06177250032651791
25,Terrell Owens,1,0.025519204070070252
25,Vanessa Lachey,1,0.12765395096490775
25,Victoria Arlen,1,0.07848703356200391
25,Barbara Corcoran,2,0.021698343058197195
25,Debbie Gibson,2,0.05622307377021685
25,Derek Fisher,2,0.044859425929217926
25,Drew Scott,2,0.061646789772760134
25,Frankie Muniz,2,0.12375165812439264
25,Jordan Fisher,2,0.14041807820324287
25,Lindsey Stirling,2,0.11048669066055007
25,Nick Lachey,2,0.04490806788272699
25,Nikki Bella,2,0.052283792672293994
25,Sasha Pieterse,2,0.08871134816524355
25,Terrell Owens,2,0.046950191439929234
25,Vanessa Lachey,2,0.12105555198481967
25,Victoria Arlen,2,0.0870069883364088
25,Derek Fisher,3,0.06211617748051433
25,Drew Scott,3,0.09553594685108849
25,Frankie Muniz,3,0.06875735195494355
25,Jordan Fisher,3,0.15401157096579415
25,Lindsey Stirling,3,0.2023378904900713
25,Nick Lachey,3,0.06087026849544125
25,Nikki Bella,3,0.06436511010907882
25,Sasha Pieterse,3,0.04397765224692368
25,Terrell Owens,3,0.06388542833561714
25,Vanessa Lachey,3,0.09973252415377268
25,Victoria Arlen,3,0.0844100789167545
25,Derek Fisher,4,0.058427105467661854
25,Drew Scott,4,0.07682242720335085
25,Frankie Muniz,4,0.0789708577570356
25,Jordan Fisher,4,0.19089001661327482
25,Lindsey Stirling,4,0.12036299524791315
25,Nick Lachey,4,0.048453582476737304
25,Nikki Bella,4,0.07688067335834148
25,Sasha Pieterse,4,0.0704740775401965
25,Terrell Owens,4,0.07445989829670172
25,Vanessa Lachey,4,0.0759677474876639
25,Victoria Arlen,4,0.12829061855112275
25,Drew Scott,5,0.07385773569512083
25,Frankie Muniz,5,0.14090580479099887
25,Jordan Fisher,5,0.18791879964806796
25,Lindsey Stirling,5,0.13693091254009204
25,Nick Lachey,5,0.038893122730549616
25,Nikki Bella,5,0.10856620672902444
25,Sasha Pieterse,5,0.05952938929901741
25,Terrell Owens,5,0.0794187830082722
25,Vanessa Lachey,5,0.06670978741822489
25,Victoria Arlen,5,0.10726945814063181
25,Drew Scott,6,0.05961192870403154
25,Frankie Muniz,6,0.0740775142364517
25,Jordan Fisher,6,0.18917384429029396
25,Lindsey Stirling,6,0.2011249070112163
25,Nick Lachey,6,0.025693460522969256
25,Nikki Bella,6,0.12121672043716308
25,Terrell Owens,6,0.13614145228285296
25,Vanessa Lachey,6,0.12251890253451093
25,Victoria Arlen,6,0.07044126998051033
25,Drew Scott,7,0.1458370456212092
25,Frankie Muniz,7,0.19429843150282713
25,Jordan Fisher,7,0.1427152648792043
25,Lindsey Stirling,7,0.10771822115593584
25,Nikki Bella,7,0.06441286855670017
25,Terrell Owens,7,0.0847940837229883
25,Vanessa Lachey,7,0.1106181304236395
25,Victoria Arlen,7,0.14960595413749558
25,Drew Scott,8,0.09932743508207606
25,Frankie Muniz,8,0.1712241727952518
25,Jordan Fisher,8,0.2996817781314595
25,Lindsey Stirling,8,0.18722091558669526
25,Terrell Owens,8,0.1275352614690439
25,Victoria Arlen,8,0.11501043693547346
25,Drew Scott,9,0.11371973461123758
25,Frankie Muniz,9,0.15442696191258576
25,Jordan Fisher,9,0.27913490059056656
25,Lindsey Stirling,9,0.2508642234737068
25,Victoria Arlen,9,0.20185417941190326
25,Drew Scott,10,0.1976686422783167
25,Frankie Muniz,10,0.23861583609841153
25,Jordan Fisher,10,0.2829915102739994
25,Lindsey Stirling,10,0.28072401134927244
26,Adam Rippon,1,0.17879064955660273
26,Arike Ogunbowale,1,0.07414214617005503
26,Chris Mazdzer,1,0.09062415970036161
26,Jamie Anderson,1,0.048707701119766376
26,Jennie Finch Daigle,1,0.08835875956611237
26,Johnny Damon,1,0.03692775285027537
26,Josh Norman,1,0.166092016286208
26,Kareem Abdul-Jabbar,1,0.032305100449709974
26,Mirai Nagasu,1,0.14550678246709975
26,Tonya Harding,1,0.13854493183380884
26,Adam Rippon,2,0.2130275261563522
26,Arike Ogunbowale,2,0.12735887078239358
26,Chris Mazdzer,2,0.10859469050486613
26,Jennie Finch Daigle,2,0.08385866819548425
26,Josh Norman,2,0.10559234579180903
26,Kareem Abdul-Jabbar,2,0.05388853298342847
26,Mirai Nagasu,2,0.18684100160765973
26,Tonya Harding,2,0.12083836397800661
26,Adam Rippon,3,0.34457554850850886
26,Chris Mazdzer,3,0.08421447319506649
26,Jennie Finch Daigle,3,0.04484212353878605
26,Josh Norman,3,0.23969958157128762
26,Mirai Nagasu,3,0.11584826732596115
26,Tonya Harding,3,0.17082000586038992
26,Adam Rippon,4,0.3664182947858749
26,Josh Norman,4,0.33219598964412933
26,Tonya Harding,4,0.3013857155699958
27,Alexis Ren,1,0.11836104536510927
27,Bobby Bones,1,0.06957109690769242
27,Danelle Umstead,1,0.04157424508449316
27,DeMarcus Ware,1,0.14282676880593134
27,Evanna Lynch,1,0.047145499683825656
27,Joe Amabile,1,0.012813271225470501
27,John Schneider,1,0.04436299730225909
27,Juan Pablo Di Pace,1,0.12197145756192687
27,Mary Lou Retton,1,0.07433260393589632
27,Milo Manheim,1,0.07884360326007427
27,Nancy McKeon,1,0.06292577514376144
27,Nikki Glaser,1,0.03643747415858064
27,Tinashe,1,0.14883416156497892
27,Alexis Ren,2,0.11023957931054783
27,Bobby Bones,2,0.03860219536254675
27,Danelle Umstead,2,0.02715577134052324
27,DeMarcus Ware,2,0.09365482561211502
27,Evanna Lynch,2,0.09561504977468366
27,Joe Amabile,2,0.019309004269562065
27,John Schneider,2,0.054185606257650586
27,Juan Pablo Di Pace,2,0.14961810193000158
27,Mary Lou Retton,2,0.07920965262562686
27,Milo Manheim,2,0.14005613338144615
27,Nancy McKeon,2,0.04615901049663142
27,Tinashe,2,0.14619506963866477
27,Alexis Ren,3,0.10510965539758794
27,Bobby Bones,3,0.052600694312378855
27,DeMarcus Ware,3,0.09853556427366493
27,Evanna Lynch,3,0.11916709000607219
27,Joe Amabile,3,0.015855551278895434
27,John Schneider,3,0.037749937269402
27,Juan Pablo Di Pace,3,0.19396860138436814
27,Mary Lou Retton,3,0.07418523630820745
27,Milo Manheim,3,0.13294136491686534
27,Nancy McKeon,3,0.04292830134546675
27,Tinashe,3,0.12695800350709105
27,Alexis Ren,4,0.12328115634886179
27,Bobby Bones,4,0.04007082244535504
27,DeMarcus Ware,4,0.06875426937421793
27,Evanna Lynch,4,0.09760181998206292
27,Joe Amabile,4,0.010083851338603974
27,John Schneider,4,0.050337056092691866
27,Juan Pablo Di Pace,4,0.10977880864822218
27,Mary Lou Retton,4,0.13333938687471478
27,Milo Manheim,4,0.22924281788059092
27,Tinashe,4,0.13751001101467863
27,Alexis Ren,5,0.1968603348449551
27,Bobby Bones,5,0.04330885203882073
27,DeMarcus Ware,5,0.11707880693559905
27,Evanna Lynch,5,0.09006512722966173
27,Joe Amabile,5,0.01623043616094061
27,John Schneider,5,0.07395701348890843
27,Juan Pablo Di Pace,5,0.20248112485400432
27,Mary Lou Retton,5,0.10111522855560649
27,Milo Manheim,5,0.15890307589150357
27,Alexis Ren,6,0.13090401560783402
27,Bobby Bones,6,0.047685543483693575
27,DeMarcus Ware,6,0.10337577265341524
27,Evanna Lynch,6,0.17032075762408
27,Joe Amabile,6,0.04201340296474005
27,John Schneider,6,0.0275220265816726
27,Juan Pablo Di Pace,6,0.2055448156726494
27,Mary Lou Retton,6,0.0689407821607582
27,Milo Manheim,6,0.203692883251157
27,Alexis Ren,7,0.1383088365432089
27,Bobby Bones,7,0.09790780387466304
27,DeMarcus Ware,7,0.09486440511373197
27,Evanna Lynch,7,0.18924632130038238
27,Joe Amabile,7,0.057295184625442606
27,John Schneider,7,0.09367519705855708
27,Juan Pablo Di Pace,7,0.15417847137307555
27,Milo Manheim,7,0.17452378011093844
27,Alexis Ren,8,0.22333723493143512
27,Bobby Bones,8,0.07436377844704031
27,Evanna Lynch,8,0.23401132048052767
27,Joe Amabile,8,0.05954818033827099
27,Juan Pablo Di Pace,8,0.22186153776694403
27,Milo Manheim,8,0.18687794803578198
27,Alexis Ren,9,0.2355738095903222
27,Bobby Bones,9,0.17227501739089035
27,Evanna Lynch,9,0.29815159122191875
27,Milo Manheim,9,0.29399958179686864
28,Ally Brooke,1,0.060843508862933354
28,Hannah Brown,1,0.18008613884609004
28,James Van Der Beek,1,0.21118982957589796
28,Karamo Brown,1,0.07737923096113608
28,Kate Flannery,1,0.0464626021851178
28,Kel Mitchell,1,0.06035310630749329
28,Lamar Odom,1,0.008714681746020095
28,Lauren Alaina,1,0.13002662320895803
28,Mary Wilson,1,0.07080820125589933
28,Ray Lewis,1,0.039550067407394474
28,Sailor Brinkley-Cook,1,0.09989949719355255
28,Sean Spicer,1,0.01468651244950698
28,Ally Brooke,2,0.10646759261402651
28,Hannah Brown,2,0.23676481203587038
28,James Van Der Beek,2,0.11549542223845134
28,Karamo Brown,2,0.07402978239907052
28,Kate Flannery,2,0.12722957386085978
28,Kel Mitchell,2,0.09840997476023652
28,Lamar Odom,2,0.007762841713025134
28,Lauren Alaina,2,0.0845731255355351
28,Mary Wilson,2,0.025160359667726322
28,Ray Lewis,2,0.023647324915750285
28,Sailor Brinkley-Cook,2,0.0702669092245395
28,Sean Spicer,2,0.03019228103490849
28,Ally Brooke,3,0.18568958870971744
28,Hannah Brown,3,0.11219193257870869
28,James Van Der Beek,3,0.14902086658058325
28,Karamo Brown,3,0.03150667160279565
28,Kate Flannery,3,0.17572127887894837
28,Kel Mitchell,3,0.08565230813529762
28,Lamar Odom,3,0.007009201345030522
28,Lauren Alaina,3,0.08434616824539855
28,Sailor Brinkley-Cook,3,0.14874543092756065
28,Sean Spicer,3,0.020116552995959245
28,Ally Brooke,4,0.1617130256251288
28,Hannah Brown,4,0.15042135889946678
28,James Van Der Beek,4,0.0900995414726637
28,Karamo Brown,4,0.07274433285246722
28,Kate Flannery,4,0.06545356575929093
28,Kel Mitchell,4,0.14975841062718753
28,Lamar Odom,4,0.013517833684638552
28,Lauren Alaina,4,0.14320797323318327
28,Sailor Brinkley-Cook,4,0.1331555063605801
28,Sean Spicer,4,0.01992845148539312
28,Ally Brooke,5,0.17815512161575286
28,Hannah Brown,5,0.1261137569278917
28,James Van Der Beek,5,0.14906301621269216
28,Karamo Brown,5,0.0580163613464824
28,Kate Flannery,5,0.10349194269692023
28,Kel Mitchell,5,0.15257803505982592
28,Lauren Alaina,5,0.09120001789347001
28,Sailor Brinkley-Cook,5,0.10912594475298179
28,Sean Spicer,5,0.0322558034939829
28,Ally Brooke,6,0.1095890741061189
28,Hannah Brown,6,0.08836725770167063
28,James Van Der Beek,6,0.14881333139220754
28,Karamo Brown,6,0.09481079717857077
28,Kate Flannery,6,0.13691536315724825
28,Kel Mitchell,6,0.12419940096438858
28,Lauren Alaina,6,0.12067021209462261
28,Sailor Brinkley-Cook,6,0.13608150691910686
28,Sean Spicer,6,0.040553056486066004
28,Ally Brooke,7,0.16559815663061334
28,Hannah Brown,7,0.14046761824163942
28,James Van Der Beek,7,0.17311630016780014
28,Karamo Brown,7,0.09669340357377015
28,Kate Flannery,7,0.09559873613202986
28,Kel Mitchell,7,0.13118627260543325
28,Lauren Alaina,7,0.15263653070051927
28,Sean Spicer,7,0.04470298194819455
28,Ally Brooke,8,0.19101866204146056
28,Hannah Brown,8,0.2058730928146368
28,James Van Der Beek,8,0.23946451085818196
28,Kate Flannery,8,0.08538199960546156
28,Kel Mitchell,8,0.1816436388740544
28,Lauren Alaina,8,0.07100275406436353
28,Sean Spicer,8,0.025615341741841276
28,Ally Brooke,9,0.2848754418848296
28,Hannah Brown,9,0.16744335599547386
28,James Van Der Beek,9,0.17339893879054777
28,Kel Mitchell,9,0.20165201050112364
28,Lauren Alaina,9,0.1461745512005369
28,Sean Spicer,9,0.026455701627488316
28,Ally Brooke,10,0.27933147203603914
28,Hannah Brown,10,0.18249455374449888
28,James Van Der Beek,10,0.1251084565939942
28,Kel Mitchell,10,0.23385585949833143
28,Lauren Alaina,10,0.1792096581271364
28,Ally Brooke,11,0.2848262924338989
28,Hannah Brown,11,0.23653627913656128
28,Kel Mitchell,11,0.26037101000449725
28,Lauren Alaina,11,0.2182664184250426
29,AJ McLean,1,0.06516327381129394
29,Anne Heche,1,0.06313947495172323
29,Carole Baskin,1,0.006384835924704552
29,Charles Oakley,1,0.00920329327238649
29,Chrishell Stause,1,0.014642881691809623
29,Jeannie Mai,1,0.06393652435724924
29,Jesse Metcalfe,1,0.06635673440143634
29,Johnny Weir,1,0.06416840769080645
29,Justina Machado,1,0.13683957380840586
29,Kaitlyn Bristowe,1,0.11207938692079712
29,Monica Aldama,1,0.07875216694500686
29,Nelly,1,0.03702997978296713
29,Nev Schulman,1,0.11019944112602216
29,Skai Jackson,1,0.1229102868420947
29,Veron Davis,1,0.04919373847329638
29,AJ McLean,2,0.0738454552212315
29,Anne Heche,2,0.052212366308549245
29,Carole Baskin,2,0.0244070618571045
29,Charles Oakley,2,0.020348238841691662
29,Chrishell Stause,2,0.05339266961576414
29,Jeannie Mai,2,0.05968810170441354
29,Jesse Metcalfe,2,0.08975202173125944
29,Johnny Weir,2,0.06230819215846197
29,Justina Machado,2,0.11589620078714863
29,Kaitlyn Bristowe,2,0.14811405833520627
29,Monica Aldama,2,0.03701476354460666
29,Nelly,2,0.05285357522403603
29,Nev Schulman,2,0.12346427726679311
29,Skai Jackson,2,0.028258244862277532
29,Veron Davis,2,0.05844477254145586
29,AJ McLean,3,0.07501311764518759
29,Anne Heche,3,0.017117236631826578
29,Carole Baskin,3,0.005269026714953375
29,Chrishell Stause,3,0.08581794047251191
29,Jeannie Mai,3,0.08578657669919235
29,Jesse Metcalfe,3,0.0586944809377701
29,Johnny Weir,3,0.1312527943520477
29,Justina Machado,3,0.051473097286177626
29,Kaitlyn Bristowe,3,0.11833467934756521
29,Monica Aldama,3,0.07148913792886716
29,Nelly,3,0.036463186093201434
29,Nev Schulman,3,0.1374235219233444
29,Skai Jackson,3,0.0392891089312144
29,Veron Davis,3,0.08657609503614037
29,AJ McLean,4,0.08535723856689853
29,Anne Heche,4,0.03979660962154239
29,Chrishell Stause,4,0.054991980703752844
29,Jeannie Mai,4,0.049408931581735004
29,Jesse Metcalfe,4,0.043255005524071556
29,Johnny Weir,4,0.09581006549257755
29,Justina Machado,4,0.0829467019608354
29,Kaitlyn Bristowe,4,0.10986639463164839
29,Monica Aldama,4,0.08763041690684753
29,Nelly,4,0.04592504615143291
29,Nev Schulman,4,0.09248463104600854
29,Skai Jackson,4,0.15590974760035672
29,Veron Davis,4,0.05661723021229277
29,AJ McLean,5,0.08035588343812732
29,Chrishell Stause,5,0.02822416542055773
29,Jeannie Mai,5,0.0745744686854503
29,Jesse Metcalfe,5,0.024120122148241177
29,Johnny Weir,5,0.16833532804473653
29,Justina Machado,5,0.08020062370963126
29,Kaitlyn Bristowe,5,0.13371683137329277
29,Monica Aldama,5,0.11178923917127737
29,Nelly,5,0.07326795475672618
29,Nev Schulman,5,0.11189094808366068
29,Skai Jackson,5,0.07354667546962326
29,Veron Davis,5,0.03997775969867537
29,AJ McLean,6,0.1294133537600193
29,Chrishell Stause,6,0.07301671557326496
29,Jeannie Mai,6,0.09067757518641957
29,Johnny Weir,6,0.05997561647208115
29,Justina Machado,6,0.12977360868268298
29,Kaitlyn Bristowe,6,0.13111181544395345
29,Monica Aldama,6,0.12399584186577775
29,Nelly,6,0.07903224021916039
29,Nev Schulman,6,0.12012005629386589
29,Skai Jackson,6,0.024664322557270614
29,Veron Davis,6,0.038218853945504005
29,AJ McLean,7,0.09913547307487751
29,Chrishell Stause,7,0.0945333473541382
29,Jeannie Mai,7,0.07311994407902012
29,Johnny Weir,7,0.115673354158123
29,Justina Machado,7,0.1025781580042881
29,Kaitlyn Bristowe,7,0.07319124547872011
29,Monica Aldama,7,0.042017237478036186
29,Nelly,7,0.10661422622132058
29,Nev Schulman,7,0.18890085843316382
29,Skai Jackson,7,0.1042361557183124
29,AJ McLean,8,0.10267302429156895
29,Chrishell Stause,8,0.09943256890697687
29,Johnny Weir,8,0.17500491478156277
29,Justina Machado,8,0.1427935440968755
29,Kaitlyn Bristowe,8,0.12780080005595063
29,Nelly,8,0.06277400507093718
29,Nev Schulman,8,0.17923152941259446
29,Skai Jackson,8,0.11028961338353367
29,AJ McLean,9,0.07987332321577126
29,Johnny Weir,9,0.19626903503141474
29,Justina Machado,9,0.10938877608086721
29,Kaitlyn Bristowe,9,0.199879326437529
29,Nelly,9,0.07245321844343985
29,Nev Schulman,9,0.17765686621157936
29,Skai Jackson,9,0.16447945457939847
29,Johnny Weir,10,0.1338893285776933
29,Justina Machado,10,0.1744658681859514
29,Kaitlyn Bristowe,10,0.2095577605893016
29,Nelly,10,0.14247027168371537
29,Nev Schulman,10,0.20775496970103102
29,Skai Jackson,10,0.13186180126230734
29,Justina Machado,11,0.2628409869172793
29,Kaitlyn Bristowe,11,0.2658393439463749
29,Nelly,11,0.20562986679364945
29,Nev Schulman,11,0.2656898023426965
30,Amanda Kloots,1,0.11576439128392353
30,Brian Austin Green,1,0.05016785993232243
30,Christine Chiu,1,0.06153904954485308
30,Cody Rigsby,1,0.050508392755680656
30,Iman Shumpert,1,0.027879725779162538
30,Jimmie Allen,1,0.035836745052978874
30,JoJo Siwa,1,0.134166625687485
30,Kenya Moore,1,0.07370335576653252
30,Martin Kove,1,0.00250488466139916
30,Matt James,1,0.049002818510363186
30,Melanie C,1,0.09530382340142107
30,Melora Hardin,1,0.07701492178751734
30,"Mike ""The Miz"" Mizanin",1,0.0525747179200242
30,Olivia Jade,1,0.06449514737193025
30,Suni Lee,1,0.10953754054440618
30,Amanda Kloots,2,0.15670970819196903
30,Brian Austin Green,2,0.033618304448164535
30,Christine Chiu,2,0.04212542592278328
30,Cody Rigsby,2,0.03910696646881927
30,Iman Shumpert,2,0.04535099627478656
30,Jimmie Allen,2,0.0652705444284398
30,JoJo Siwa,2,0.13882557924221
30,Kenya Moore,2,0.04284272242135157
30,Martin Kove,2,0.003450863144835977
30,Matt James,2,0.02818168746042988
30,Melanie C,2,0.11383731641172982
30,Melora Hardin,2,0.0732963442762988
30,"Mike ""The Miz"" Mizanin",2,0.05931729726942083
30,Olivia Jade,2,0.07328115592957185
30,Suni Lee,2,0.0847850881091888
30,Amanda Kloots,3,0.12176554259368287
30,Brian Austin Green,3,0.0356199301040172
30,Christine Chiu,3,0.05825840037730925
30,Cody Rigsby,3,0.03041091301980267
30,Iman Shumpert,3,0.03930092218383731
30,Jimmie Allen,3,0.05166846174172939
30,JoJo Siwa,3,0.12185290783219625
30,Kenya Moore,3,0.05922988463235084
30,Matt James,3,0.0452135955213937
30,Melanie C,3,0.08117586568364298
30,Melora Hardin,3,0.09794359337020535
30,"Mike ""The Miz"" Mizanin",3,0.076138128470317
30,Olivia Jade,3,0.11544334626125372
30,Suni Lee,3,0.06597850820826147
30,Amanda Kloots,4,0.10152136503952892
30,Brian Austin Green,4,0.023881128911864054
30,Cody Rigsby,4,0.04340899343128314
30,Iman Shumpert,4,0.05978136375378081
30,Jimmie Allen,4,0.07456186475221191
30,JoJo Siwa,4,0.1160792948583321
30,Kenya Moore,4,0.0510566129653631
30,Matt James,4,0.03754318508648383
30,Melanie C,4,0.0836359155613747
30,Melora Hardin,4,0.12995484212765052
30,"Mike ""The Miz"" Mizanin",4,0.07462829067376538
30,Olivia Jade,4,0.11040889205655616
30,Suni Lee,4,0.09353825078180532
30,Amanda Kloots,5,0.13972583379262926
30,Cody Rigsby,5,0.055865604016922234
30,Iman Shumpert,5,0.03450771792085313
30,Jimmie Allen,5,0.07707417064620865
30,JoJo Siwa,5,0.16064446432087442
30,Kenya Moore,5,0.08856172002930114
30,Melanie C,5,0.0933956105078002
30,Melora Hardin,5,0.09774550699509496
30,"Mike ""The Miz"" Mizanin",5,0.05672915699375312
30,Olivia Jade,5,0.09865822523396175
30,Suni Lee,5,0.0970919895426011
30,Amanda Kloots,6,0.11847761928266083
30,Cody Rigsby,6,0.0900408288772311
30,Iman Shumpert,6,0.1332875109200225
30,Jimmie Allen,6,0.11688159368937062
30,JoJo Siwa,6,0.1560902575440713
30,Kenya Moore,6,0.05160206872853162
30,Melora Hardin,6,0.07565061281212415
30,"Mike ""The Miz"" Mizanin",6,0.06679155591949743
30,Olivia Jade,6,0.09941445056230398
30,Suni Lee,6,0.09176350166418647
30,Amanda Kloots,7,0.08585540306031762
30,Cody Rigsby,7,0.10119608506901692
30,Iman Shumpert,7,0.08003034212515951
30,Jimmie Allen,7,0.12001253948127899
30,JoJo Siwa,7,0.15321535884427354
30,Melora Hardin,7,0.1307664325775478
30,"Mike ""The Miz"" Mizanin",7,0.05444712257320882
30,Olivia Jade,7,0.1907197431185005
30,Suni Lee,7,0.08375697315069609
30,Amanda Kloots,8,0.17636832044823364
30,Cody Rigsby,8,0.11172103005498808
30,Iman Shumpert,8,0.08048558450260283
30,Jimmie Allen,8,0.044599128921793955
30,JoJo Siwa,8,0.1672601975412574
30,Melora Hardin,8,0.17047249945001466
30,Olivia Jade,8,0.08076903479159397
30,Suni Lee,8,0.1683242042895156
30,Amanda Kloots,9,0.21567063275594078
30,Cody Rigsby,9,0.13256948707111424
30,Iman Shumpert,9,0.16791299133305407
30,JoJo Siwa,9,0.22945560021792025
30,Melora Hardin,9,0.11522661618962442
30,Suni Lee,9,0.13916467243234634
30,Amanda Kloots,10,0.2442293512672874
30,Cody Rigsby,10,0.21070566944639824
30,Iman Shumpert,10,0.26989895320007884
30,JoJo Siwa,10,0.2751660260862355
31,Charli D'Amelio,1,0.1950276153797805
31,Cheryl Ladd,1,0.023606686662924488
31,Daniel Durant,1,0.0856646862196685
31,Gabby Windey,1,0.10553578479295889
31,Heidi D'Amelio,1,0.049338486365450816
31,Jason Lewis,1,0.011131408998074067
31,Jessie James Decker,1,0.02033198712736745
31,Jordin Sparks,1,0.06995609767125097
31,Joseph Baena,1,0.03802660061835045
31,Sam Champion,1,0.020604964483023423
31,Selma Blair,1,0.09969476234421935
31,Shangela,1,0.09991136446341085
31,Teresa Giudice,1,0.01948628733969553
31,Trevor Donovan,1,0.027622869763338845
31,Vinny Guadagnino,1,0.01011842565555955
31,Wayne Brady,1,0.12394197211492619
31,Charli D'Amelio,2,0.1324156916581702
31,Cheryl Ladd,2,0.01673477917775628
31,Daniel Durant,2,0.07940656930176684
31,Gabby Windey,2,0.12576823968356732
31,Heidi D'Amelio,2,0.06680697461453726
31,Jessie James Decker,2,0.0356658048892347
31,Jordin Sparks,2,0.056807449202753685
31,Joseph Baena,2,0.032918276386265675
31,Sam Champion,2,0.04126406078299503
31,Selma Blair,2,0.06715031292609887
31,Shangela,2,0.06889422189727054
31,Teresa Giudice,2,0.02341789920186938
31,Trevor Donovan,2,0.08011722855791743
31,Vinny Guadagnino,2,0.04526457881780302
31,Wayne Brady,2,0.12736791290199395
31,Charli D'Amelio,3,0.1273298702570601
31,Cheryl Ladd,3,0.02408393510200054
31,Daniel Durant,3,0.08633758727032192
31,Gabby Windey,3,0.12664979092932882
31,Heidi D'Amelio,3,0.10356787086470778
31,Jessie James Decker,3,0.03975424250306865
31,Jordin Sparks,3,0.06743622247522778
31,Joseph Baena,3,0.060189060685508035
31,Sam Champion,3,0.03117372929805831
31,Selma Blair,3,0.057852746022391564
31,Shangela,3,0.07731735197346884
31,Trevor Donovan,3,0.04785660755401276
31,Vinny Guadagnino,3,0.023672770240987042
31,Wayne Brady,3,0.12677821482385793
31,Charli D'Amelio,4,0.13439807127067055
31,Daniel Durant,4,0.04823571170654322
31,Gabby Windey,4,0.13270030342028333
31,Heidi D'Amelio,4,0.10077073215547294
31,Jessie James Decker,4,0.06134345430621689
31,Jordin Sparks,4,0.09410574600246782
31,Joseph Baena,4,0.040621448206419115
31,Sam Champion,4,0.02178810624471461
31,Selma Blair,4,0.07488245438508948
31,Shangela,4,0.07600372877759233
31,Trevor Donovan,4,0.04077415457830027
31,Vinny Guadagnino,4,0.041989348048487564
31,Wayne Brady,4,0.13238674089774177
31,Charli D'Amelio,5,0.14369859477504557
31,Daniel Durant,5,0.04800321282742991
31,Gabby Windey,5,0.12510002375395224
31,Heidi D'Amelio,5,0.09807004504252977
31,Jessie James Decker,5,0.06380789861997503
31,Jordin Sparks,5,0.06429183551672656
31,Joseph Baena,5,0.05049019496237396
31,Selma Blair,5,0.0985916857444327
31,Shangela,5,0.09107700958413535
31,Trevor Donovan,5,0.06418731043859585
31,Vinny Guadagnino,5,0.03139555475649398
31,Wayne Brady,5,0.12128663397830919
31,Charli D'Amelio,6,0.18971383250133286
31,Daniel Durant,6,0.0861393888816835
31,Gabby Windey,6,0.13014131673194024
31,Heidi D'Amelio,6,0.11261240456908199
31,Jessie James Decker,6,0.06253095828714793
31,Jordin Sparks,6,0.08532861785554839
31,Shangela,6,0.1147061063088984
31,Trevor Donovan,6,0.09024519227127988
31,Vinny Guadagnino,6,0.034561167220167645
31,Wayne Brady,6,0.09402101537291924
31,Charli D'Amelio,7,0.1651173668711599
31,Daniel Durant,7,0.11022549176151732
31,Gabby Windey,7,0.10336639206522284
31,Heidi D'Amelio,7,0.0893421348368454
31,Jordin Sparks,7,0.08077532260539354
31,Shangela,7,0.11663766535963004
31,Trevor Donovan,7,0.1459914456194091
31,Vinny Guadagnino,7,0.048593568711766906
31,Wayne Brady,7,0.1399506121690549
31,Charli D'Amelio,8,0.21850969633530537
31,Daniel Durant,8,0.10629723492518645
31,Gabby Windey,8,0.12956118999685717
31,Heidi D'Amelio,8,0.057163322226281954
31,Shangela,8,0.1529366346340698
31,Trevor Donovan,8,0.10564598792453404
31,Vinny Guadagnino,8,0.02276154519371195
31,Wayne Brady,8,0.20712438876405329
31,Charli D'Amelio,9,0.25159823085386945
31,Daniel Durant,9,0.09939504907004924
31,Gabby Windey,9,0.2434817546307735
31,Shangela,9,0.1634384975141043
31,Trevor Donovan,9,0.07519515009471799
31,Wayne Brady,9,0.16689131783648534
31,Charli D'Amelio,10,0.28250651794083403
31,Gabby Windey,10,0.28190203296288174
31,Shangela,10,0.21765995744521807
31,Wayne Brady,10,0.2179314916510662
32,Adrian Peterson,1,0.07015426957505909
32,Alyson Hannigan,1,0.017513076242404727
32,Ariana Madix,1,0.16046931437965953
32,Barry Williams,1,0.04062034004441908
32,Charity Lawson,1,0.20198554185894776
32,Harry Jowsey,1,0.010888979413838713
32,Jamie Lynn Spears,1,0.030754133757201298
32,Jason Mraz,1,0.1723321734935825
32,Lele Pons,1,0.1023152787567372
32,Matt Walsh,1,0.009847626496894222
32,Mauricio Umansky,1,0.028082266983229867
32,Mira Sorvino,1,0.0576288720902794
32,Tyson Beckford,1,0.011810998352706529
32,Xochitl Gomez,1,0.08559712855503998
32,Adrian Peterson,2,0.02362896760111544
32,Alyson Hannigan,2,0.05885678112844255
32,Ariana Madix,2,0.09955799913348147
32,Barry Williams,2,0.023509378915391628
32,Charity Lawson,2,0.1210931734066094
32,Harry Jowsey,2,0.020860172388707444
32,Jamie Lynn Spears,2,0.02822428160745272
32,Jason Mraz,2,0.21365382838724253
32,Lele Pons,2,0.10713336908846409
32,Mauricio Umansky,2,0.008906022421178614
32,Mira Sorvino,2,0.05260249936675009
32,Tyson Beckford,2,0.04245646715412061
32,Xochitl Gomez,2,0.19951705940104333
32,Adrian Peterson,3,0.025347546642967216
32,Alyson Hannigan,3,0.03691715543642835
32,Ariana Madix,3,0.18930261384275865
32,Barry Williams,3,0.041064793052464105
32,Charity Lawson,3,0.14700768848944554
32,Harry Jowsey,3,0.03588264395251737
32,Jason Mraz,3,0.19828612033264342
32,Lele Pons,3,0.06876904345191175
32,Mauricio Umansky,3,0.027611756883512795
32,Mira Sorvino,3,0.05423032970103834
32,Tyson Beckford,3,0.015675348559960525
32,Xochitl Gomez,3,0.15990495965435184
32,Adrian Peterson,4,0.05795552903488463
32,Alyson Hannigan,4,0.03148816580937314
32,Ariana Madix,4,0.15122458765756278
32,Barry Williams,4,0.0336910723899566
32,Charity Lawson,4,0.13185906335990966
32,Harry Jowsey,4,0.05709460609197567
32,Jason Mraz,4,0.13343649152824238
32,Lele Pons,4,0.08110964833251169
32,Mauricio Umansky,4,0.04095637091802136
32,Mira Sorvino,4,0.0627913324071403
32,Xochitl Gomez,4,0.2183931324704218
32,Alyson Hannigan,5,0.04435174936940362
32,Ariana Madix,5,0.09845299600226082
32,Barry Williams,5,0.07916085809355744
32,Charity Lawson,5,0.17944772863257133
32,Harry Jowsey,5,0.02383790399745247
32,Jason Mraz,5,0.1554966917249673
32,Lele Pons,5,0.08949501072819964
32,Mauricio Umansky,5,0.08078093801013847
32,Mira Sorvino,5,0.05506762482062254
32,Xochitl Gomez,5,0.19390849862082649
32,Alyson Hannigan,6,0.05134738985958875
32,Ariana Madix,6,0.18103677028651033
32,Barry Williams,6,0.05932369893242407
32,Charity Lawson,6,0.13565894476120763
32,Harry Jowsey,6,0.035346445706601975
32,Jason Mraz,6,0.14869067999585261
32,Lele Pons,6,0.11460685083655232
32,Mauricio Umansky,6,0.06377994855822365
32,Xochitl Gomez,6,0.21020927106303863
32,Alyson Hannigan,7,0.11177608201631056
32,Ariana Madix,7,0.16585826184556227
32,Barry Williams,7,0.08132763254964548
32,Charity Lawson,7,0.1403743754438972
32,Harry Jowsey,7,0.0673110311015316
32,Jason Mraz,7,0.13315064066732757
32,Lele Pons,7,0.1350424278917236
32,Xochitl Gomez,7,0.16515954848400183
32,Alyson Hannigan,8,0.1194040939194686
32,Ariana Madix,8,0.2504193325905448
32,Barry Williams,8,0.1001842122572251
32,Charity Lawson,8,0.18277945841345125
32,Harry Jowsey,8,0.03872000339488841
32,Jason Mraz,8,0.0962652539229955
32,Xochitl Gomez,8,0.21222764550142637
32,Alyson Hannigan,9,0.07902018567159788
32,Ariana Madix,9,0.1619808742147405
32,Charity Lawson,9,0.17778929734024507
32,Harry Jowsey,9,0.0485987121975101
32,Jason Mraz,9,0.28370879936521803
32,Xochitl Gomez,9,0.2489021312106884
32,Alyson Hannigan,10,0.11092098630891623
32,Ariana Madix,10,0.2089773190022416
32,Charity Lawson,10,0.22607740374827148
32,Jason Mraz,10,0.20384391267031202
32,Xochitl Gomez,10,0.25018037827025863
32,Alyson Hannigan,11,0.12173773658203889
32,Ariana Madix,11,0.20997636395837116
32,Charity Lawson,11,0.2115208434846512
32,Jason Mraz,11,0.2262865671300236
32,Xochitl Gomez,11,0.23047848884491515
33,Anna Delvey,1,0.04899605510393382
33,Brooks Nader,1,0.05291534274323979
33,Chandler Kinney,1,0.17503381692524253
33,Danny Amendola,1,0.08728902448549374
33,Dwight Howard ,1,0.13676900459756788
33,Eric Roberts,1,0.020286562356403137
33,Ilona Maher,1,0.05378992055500155
33,Jenn Tran,1,0.06647753883804178
33,Joey Graziadei,1,0.1117587727659698
33,Phaedra Parks,1,0.06882673212628927
33,Reginald VelJohnson,1,0.02723442617864211
33,Stephen Nedoroscik,1,0.11118366698679732
33,Tori Spelling,1,0.03943913633737724
33,Anna Delvey,2,0.02943459379370898
33,Brooks Nader,2,0.06947914523023908
33,Chandler Kinney,2,0.1730813558171978
33,Danny Amendola,2,0.08862434234082293
33,Dwight Howard ,2,0.10529649263011695
33,Eric Roberts,2,0.016778884622156775
33,Ilona Maher,2,0.08258824122651946
33,Jenn Tran,2,0.057678857277838114
33,Joey Graziadei,2,0.11729611694399077
33,Phaedra Parks,2,0.08414895858907855
33,Reginald VelJohnson,2,0.016539514688112916
33,Stephen Nedoroscik,2,0.11092573792774264
33,Tori Spelling,2,0.04812775891247497
33,Brooks Nader,3,0.09727278774559112
33,Chandler Kinney,3,0.1762336708136513
33,Danny Amendola,3,0.09771377893294578
33,Dwight Howard ,3,0.049839914779808675
33,Eric Roberts,3,0.022342827929988478
33,Ilona Maher,3,0.06936367043587979
33,Jenn Tran,3,0.10359841269719272
33,Joey Graziadei,3,0.19027102900414888
33,Phaedra Parks,3,0.0692353854273874
33,Reginald VelJohnson,3,0.014668432673357793
33,Stephen Nedoroscik,3,0.10946008956004799
33,Brooks Nader,4,0.09276445987478195
33,Chandler Kinney,4,0.10704575147503517
33,Danny Amendola,4,0.16311770784721025
33,Dwight Howard ,4,0.06142954672698366
33,Ilona Maher,4,0.09720620476717481
33,Jenn Tran,4,0.1000834065749223
33,Joey Graziadei,4,0.17306373425624144
33,Phaedra Parks,4,0.0940239903060427
33,Stephen Nedoroscik,4,0.11126519817160775
33,Chandler Kinney,5,0.17081750409377355
33,Danny Amendola,5,0.13074119736143502
33,Dwight Howard ,5,0.09799410300613623
33,Ilona Maher,5,0.1293374691643645
33,Jenn Tran,5,0.13066720899391493
33,Joey Graziadei,5,0.15068979821470782
33,Phaedra Parks,5,0.09106473226653522
33,Stephen Nedoroscik,5,0.09868798689913263
33,Chandler Kinney,6,0.20761264130509077
33,Danny Amendola,6,0.1085194846812754
33,Dwight Howard ,6,0.15795899920758272
33,Ilona Maher,6,0.05819588529514412
33,Jenn Tran,6,0.1603583205073285
33,Joey Graziadei,6,0.19857454149119644
33,Stephen Nedoroscik,6,0.108780127512382
33,Chandler Kinney,7,0.27908454348081735
33,Danny Amendola,7,0.13058339757255882
33,Dwight Howard ,7,0.09305716695702704
33,Ilona Maher,7,0.1391355313436493
33,Joey Graziadei,7,0.193085482541417
33,Stephen Nedoroscik,7,0.1650538781045304
33,Chandler Kinney,8,0.2395834676962562
33,Danny Amendola,8,0.16367648726817943
33,Ilona Maher,8,0.20784517823065649
33,Joey Graziadei,8,0.23177158716742402
33,Stephen Nedoroscik,8,0.1571232796374839
33,Chandler Kinney,9,0.23234094457942117
33,Danny Amendola,9,0.16401572847027907
33,Ilona Maher,9,0.18173555612574854
33,Joey Graziadei,9,0.21461070620084902
33,Stephen Nedoroscik,9,0.20729706462370212
34,Alix Earle,1,0.09190066713640845
34,Andy Richter,1,0.015197277060104685
34,Baron Davis,1,0.025712608709582363
34,Corey Feldman,1,0.01466080414680958
34,Danielle Fishel,1,0.06107724760773408
34,Dylan Efron,1,0.027290133868564034
34,Elaine Hendrix,1,0.06346352062631405
34,Hilaria Baldwin,1,0.12909261121799653
34,Jen Affleck,1,0.06445487205255103
34,Jordan Chiles,1,0.028565812552431655
34,Lauren Jauregui,1,0.09102686409351972
34,Robert Irwin,1,0.18053672003939408
34,Scott Hoying,1,0.02598577195879153
34,Whitney Leavitt,1,0.18103508892979817
34,Alix Earle,2,0.08861428930447195
34,Andy Richter,2,0.0219086806948104
34,Baron Davis,2,0.03587626137431636
34,Corey Feldman,2,0.014688428397737508
34,Danielle Fishel,2,0.05405857194362534
34,Dylan Efron,2,0.06546864528299576
34,Elaine Hendrix,2,0.08283455685031284
34,Hilaria Baldwin,2,0.08955564270681295
34,Jen Affleck,2,0.0972220739185718
34,Jordan Chiles,2,0.10027083017812903
34,Lauren Jauregui,2,0.08002099628664827
34,Robert Irwin,2,0.11194753466712316
34,Scott Hoying,2,0.04112003249954213
34,Whitney Leavitt,2,0.11641345589490246
34,Alix Earle,3,0.10969024741975443
34,Andy Richter,3,0.03132481065799352
34,Danielle Fishel,3,0.06817417297150133
34,Dylan Efron,3,0.1057147664394829
34,Elaine Hendrix,3,0.07423302821000588
34,Hilaria Baldwin,3,0.08894603734131386
34,Jen Affleck,3,0.04887326692918712
34,Jordan Chiles,3,0.13199741435959655
34,Lauren Jauregui,3,0.03427448595175782
34,Robert Irwin,3,0.08965338236183099
34,Scott Hoying,3,0.08152170388032667
34,Whitney Leavitt,3,0.13559668347724876
34,Alix Earle,4,0.1195410189619088
34,Andy Richter,4,0.02779658379890418
34,Danielle Fishel,4,0.061211653309885476
34,Dylan Efron,4,0.10075709567247232
34,Elaine Hendrix,4,0.10949194505911443
34,Hilaria Baldwin,4,0.09060744415443202
34,Jen Affleck,4,0.08728027753781381
34,Jordan Chiles,4,0.1174838833352859
34,Robert Irwin,4,0.08203902195610938
34,Scott Hoying,4,0.06234593880889735
34,Whitney Leavitt,4,0.14144513740517642
34,Alix Earle,5,0.15163094205917715
34,Andy Richter,5,0.025035737514122025
34,Danielle Fishel,5,0.06576974243760857
34,Dylan Efron,5,0.16373273154429552
34,Elaine Hendrix,5,0.0790427014331062
34,Jen Affleck,5,0.06458487306718316
34,Jordan Chiles,5,0.10776559905322822
34,Robert Irwin,5,0.14882437883642186
34,Scott Hoying,5,0.06899451691703937
34,Whitney Leavitt,5,0.12461877713781808
34,Alix Earle,6,0.11373102703810724
34,Andy Richter,6,0.028058787491300575
34,Danielle Fishel,6,0.10993522349567715
34,Dylan Efron,6,0.07518332561324724
34,Elaine Hendrix,6,0.10824247404448209
34,Jen Affleck,6,0.0655401806148428
34,Jordan Chiles,6,0.16566660206634926
34,Robert Irwin,6,0.1250195426517453
34,Scott Hoying,6,0.03459650061000687
34,Whitney Leavitt,6,0.1740263363742415
34,Alix Earle,7,0.1949764163021357
34,Andy Richter,7,0.031567503676549626
34,Danielle Fishel,7,0.07986411831744644
34,Dylan Efron,7,0.11170900346434728
34,Elaine Hendrix,7,0.05569191174888584
34,Jen Affleck,7,0.06278150359109588
34,Jordan Chiles,7,0.11960921530823382
34,Robert Irwin,7,0.15981798071682313
34,Whitney Leavitt,7,0.18398234687448242
34,Alix Earle,8,0.14366642282030376
34,Andy Richter,8,0.06470167187379533
34,Danielle Fishel,8,0.10360648116764903
34,Dylan Efron,8,0.13261973642661762
34,Elaine Hendrix,8,0.11224992036790356
34,Jordan Chiles,8,0.1443038739554635
34,Robert Irwin,8,0.13671924064132007
34,Whitney Leavitt,8,0.16213265274694713
34,Alix Earle,9,0.15678480157583025
34,Andy Richter,9,0.03170915843178843
34,Dylan Efron,9,0.1874751584662989
34,Elaine Hendrix,9,0.09846131594471556
34,Jordan Chiles,9,0.14002979178596803
34,Robert Irwin,9,0.19301486227244613
34,Whitney Leavitt,9,0.19252491152295267
34,Alix Earle,10,0.17794771706812504
34,Dylan Efron,10,0.1431027461074598
34,Elaine Hendrix,10,0.15748039969053362
34,Jordan Chiles,10,0.16325749325987268
34,Robert Irwin,10,0.19320598654851934
34,Whitney Leavitt,10,0.16500565732548955
34,Alix Earle,11,0.21560733878787633
34,Dylan Efron,11,0.19146768717955828
34,Elaine Hendrix,11,0.1831420675963138
34,Jordan Chiles,11,0.2035853733555531
34,Robert Irwin,11,0.2061975330806984
