season,celebrity_name,week,p_est
1,Evander Holyfield,1,0.01773716315441898
1,Joey McIntyre,1,0.01759684266847042
1,John O'Hurley,1,0.48231061612033843
1,Kelly Monaco,1,0.48230711116617314
1,Rachel Hunter,1,6.209479419940917e-18
1,Trista Sutter,1,4.826689059902606e-05
1,Evander Holyfield,2,0.01769777027293418
1,Joey McIntyre,2,0.01752585418849118
1,John O'Hurley,2,0.48238342711951554
1,Kelly Monaco,2,0.4823929484190592
1,Rachel Hunter,2,3.04099714888587e-17
1,Trista Sutter,2,0.0
1,Evander Holyfield,3,0.013937088975545112
1,Joey McIntyre,3,0.018639810215917506
1,John O'Hurley,3,0.4837179873868948
1,Kelly Monaco,3,0.4837051134216426
1,Rachel Hunter,3,6.291867764199909e-17
1,Joey McIntyre,4,0.023276524968589903
1,John O'Hurley,4,0.48835537617411073
1,Kelly Monaco,4,0.48836809885729937
1,Rachel Hunter,4,0.0
1,Joey McIntyre,5,0.017476888326732012
1,John O'Hurley,5,0.4912661642288475
1,Kelly Monaco,5,0.49125694744442044
1,John O'Hurley,6,0.4999983231584485
1,Kelly Monaco,6,0.5000016768415515
2,Drew Lachey,1,0.3270232695788517
2,George Hamilton,1,1.8102788148718907e-17
2,Giselle Fernandez,1,3.63207727782644e-18
2,Jerry Rice,1,0.3270233146488284
2,Kenny Mayne,1,3.1679032227310833e-18
2,Lisa Rinna,1,0.0
2,Master P,1,0.01886759584139129
2,Stacy Keibler,1,0.3270234242966856
2,Tatum O'Neal,1,6.239563424292161e-05
2,Tia Carrere,1,6.732217864777179e-18
2,Drew Lachey,2,0.3270347727672616
2,George Hamilton,2,6.172667899820988e-17
2,Giselle Fernandez,2,0.0
2,Jerry Rice,2,0.3270346367899243
2,Lisa Rinna,2,1.3552527156068805e-19
2,Master P,2,0.018800258755344416
2,Stacy Keibler,2,0.3270343263396776
2,Tatum O'Neal,2,9.600534779199627e-05
2,Tia Carrere,2,2.4779101838977302e-17
2,Drew Lachey,3,0.32705556983671824
2,George Hamilton,3,4.0791412673872596e-17
2,Giselle Fernandez,3,0.0
2,Jerry Rice,3,0.3270557882490483
2,Lisa Rinna,3,0.0
2,Master P,3,0.018832386695017075
2,Stacy Keibler,3,0.32705625521921633
2,Tia Carrere,3,1.5526113923171325e-17
2,Drew Lachey,4,0.3278042688708047
2,George Hamilton,4,4.996139136084765e-17
2,Jerry Rice,4,0.32780398652644516
2,Lisa Rinna,4,0.0
2,Master P,4,0.016567106709528198
2,Stacy Keibler,4,0.3278034355121423
2,Tia Carrere,4,2.120238107969077e-05
2,Drew Lachey,5,0.33093544745976955
2,George Hamilton,5,0.002388008791317544
2,Jerry Rice,5,0.33093575345002485
2,Lisa Rinna,5,0.00244032336066483
2,Stacy Keibler,5,0.33093630697572524
2,Tia Carrere,5,0.0023641599624981604
2,Drew Lachey,6,0.33172953306797
2,George Hamilton,6,0.0023623700670663368
2,Jerry Rice,6,0.3317292546104052
2,Lisa Rinna,6,0.0024500568798912496
2,Stacy Keibler,6,0.3317287853746673
2,Drew Lachey,7,0.3325026205495159
2,Jerry Rice,7,0.3325028148059368
2,Lisa Rinna,7,0.0024914349207591337
2,Stacy Keibler,7,0.33250312972378815
2,Drew Lachey,8,0.3333334169324286
2,Jerry Rice,8,0.3333333464911547
2,Stacy Keibler,8,0.3333332365764168
3,Emmitt Smith,1,0.489583545126226
3,Harry Hamlin,1,0.001796611408943358
3,Jerry Springer,1,0.005712614830070258
3,Joey Lawrence,1,0.004046729590742256
3,Mario Lopez,1,0.4895835573015374
3,Monique Coleman,1,9.516693708278374e-18
3,Sara Evans,1,0.008161014569324167
3,Shanna Moakler,1,9.372563889501601e-19
3,Tucker Carlson,1,0.00035576545101791585
3,Vivica A. Fox,1,6.178081793115515e-05
3,Willa Ford,1,0.0006983809042074619
3,Emmitt Smith,2,0.4896780361969606
3,Harry Hamlin,2,0.001863354037267135
3,Jerry Springer,2,0.005845829484790329
3,Joey Lawrence,2,0.004053207345705184
3,Mario Lopez,2,0.4896779966025623
3,Monique Coleman,2,9.076923700700734e-06
3,Sara Evans,2,0.008165133378089788
3,Shanna Moakler,2,1.4607916151819957e-18
3,Vivica A. Fox,2,2.0341311860960656e-18
3,Willa Ford,2,0.0007073660309239393
3,Emmitt Smith,3,0.48978043649703423
3,Harry Hamlin,3,0.0009455174652511748
3,Jerry Springer,3,0.0060975608655785855
3,Joey Lawrence,3,0.004124855748742159
3,Mario Lopez,3,0.48978049561774634
3,Monique Coleman,3,1.4155612449586254e-05
3,Sara Evans,3,0.008299972670274144
3,Vivica A. Fox,3,1.5102656548219002e-05
3,Willa Ford,3,0.0009419028663755473
3,Emmitt Smith,4,0.4900526352951529
3,Jerry Springer,4,0.006558983254856037
3,Joey Lawrence,4,0.004277036704115697
3,Mario Lopez,4,0.49005255789282304
3,Monique Coleman,4,1.585392889412776e-05
3,Sara Evans,4,0.00865011786910037
3,Vivica A. Fox,4,4.1474079956771046e-18
3,Willa Ford,4,0.0003928150550578192
3,Emmitt Smith,5,0.49055987964096803
3,Jerry Springer,5,0.007082651040957591
3,Joey Lawrence,5,0.004714853093048637
3,Mario Lopez,5,0.49055996518406825
3,Monique Coleman,5,6.560685805467221e-18
3,Sara Evans,5,0.007082651040957577
3,Willa Ford,5,1.3098407392566883e-18
3,Emmitt Smith,6,0.4931522550685409
3,Jerry Springer,6,0.007194400384504576
3,Joey Lawrence,6,0.00523228017209384
3,Mario Lopez,6,0.4931521644039365
3,Monique Coleman,6,0.0012688999709242065
3,Emmitt Smith,7,0.4942586050580019
3,Jerry Springer,7,0.006071369570555571
3,Joey Lawrence,7,0.004263098132571089
3,Mario Lopez,7,0.49425868719102994
3,Monique Coleman,7,0.0011482400478414732
3,Emmitt Smith,8,0.4966502119305888
3,Joey Lawrence,8,0.004634518823599277
3,Mario Lopez,8,0.49665014380342487
3,Monique Coleman,8,0.002065125442387028
3,Emmitt Smith,9,0.49802241035186795
3,Joey Lawrence,9,0.003955136838406342
3,Mario Lopez,9,0.49802245280972574
3,Emmitt Smith,10,0.5000000080784192
3,Mario Lopez,10,0.4999999919215809
4,Apolo Anton Ohno,1,0.32314047534661516
4,Billy Ray Cyrus,1,0.010412416684613974
4,Clyde Drexler,1,0.009702913215432245
4,Heather Mills,1,4.0922979321980754e-05
4,Ian Ziering,1,0.0
4,Joey Fatone,1,0.32314044663379476
4,John Ratzenberger,1,0.008346332484523714
4,Laila Ali,1,0.32314043798021225
4,Leeza Gibbons,1,0.0002623335316485598
4,Paulina Porizkova,1,6.238723398066266e-05
4,Shandi Finnessey,1,0.0017513339098567395
4,Apolo Anton Ohno,2,0.3232025936501991
4,Billy Ray Cyrus,2,0.010529755998457587
4,Clyde Drexler,2,0.009743962885888425
4,Heather Mills,2,2.7262404498052618e-05
4,Ian Ziering,2,0.0
4,Joey Fatone,2,0.32320267428520344
4,John Ratzenberger,2,0.008344617946450226
4,Laila Ali,2,0.3232026993663555
4,Leeza Gibbons,2,0.0
4,Paulina Porizkova,2,7.357666993029754e-17
4,Shandi Finnessey,2,0.0017464334629478011
4,Apolo Anton Ohno,3,0.32346269811139006
4,Billy Ray Cyrus,3,0.010898643126923978
4,Clyde Drexler,3,0.010000517987971249
4,Heather Mills,3,0.0
4,Ian Ziering,3,5.781329034071478e-06
4,Joey Fatone,3,0.32346257684023416
4,John Ratzenberger,3,0.008483656245647639
4,Laila Ali,3,0.32346253498237104
4,Leeza Gibbons,3,5.2693309808029754e-05
4,Shandi Finnessey,3,0.00017089806661979692
4,Apolo Anton Ohno,4,0.3236985299087392
4,Billy Ray Cyrus,4,0.011248969492600118
4,Clyde Drexler,4,0.008803883332581057
4,Heather Mills,4,3.475315834034017e-05
4,Ian Ziering,4,7.110005167195737e-06
4,Joey Fatone,4,0.32369867473176633
4,John Ratzenberger,4,0.00869601655161466
4,Laila Ali,4,0.3236987297212302
4,Leeza Gibbons,4,0.00011333309796068269
4,Apolo Anton Ohno,5,0.32393472304382004
4,Billy Ray Cyrus,5,0.011747921334402594
4,Clyde Drexler,5,0.007666268073448938
4,Heather Mills,5,0.0
4,Ian Ziering,5,0.0
4,Joey Fatone,5,0.3239345699405495
4,John Ratzenberger,5,0.008782011249066411
4,Laila Ali,5,0.3239345063587128
4,Apolo Anton Ohno,6,0.32537892421570713
4,Billy Ray Cyrus,6,0.013476519646914048
4,Heather Mills,6,0.0
4,Ian Ziering,6,0.0003136235508414126
4,Joey Fatone,6,0.325379070512779
4,John Ratzenberger,6,0.010072727733154253
4,Laila Ali,6,0.3253791343406043
4,Apolo Anton Ohno,7,0.3265081809247563
4,Billy Ray Cyrus,7,0.014928396504224159
4,Ian Ziering,7,0.0003178703136590585
4,Joey Fatone,7,0.3265080523510521
4,John Ratzenberger,7,0.005229504908988808
4,Laila Ali,7,0.3265079949973195
4,Apolo Anton Ohno,8,0.32854779934040673
4,Billy Ray Cyrus,8,0.013217266867405748
4,Ian Ziering,8,0.0011390914209172243
4,Joey Fatone,8,0.32854789928877653
4,Laila Ali,8,0.32854794308249374
4,Apolo Anton Ohno,9,0.332142934649816
4,Ian Ziering,9,0.0035713518838410203
4,Joey Fatone,9,0.3321428705346478
4,Laila Ali,9,0.33214284293169527
4,Apolo Anton Ohno,10,0.33333331584181897
4,Joey Fatone,10,0.33333333758172484
4,Laila Ali,10,0.33333334657645625
5,Albert Reed,1,9.882157482037359e-05
5,Cameron Mathison,1,0.0007166430986069476
5,Floyd Mayweather Jr. ,1,0.00303055134614648
5,Helio Castroneves,1,0.32460922887766186
5,Jane Seymour,1,0.0015620735186096673
5,Jennie Garth,1,0.004158795597996079
5,Josie Maran,1,0.0003942259042742467
5,Marie Osmond,1,0.3246092286172254
5,Mark Cuban,1,0.005031223775057896
5,Mel B,1,0.3246092282999896
5,Sabrina Bryan,1,0.00035378701499881474
5,Wayne Newton,1,0.010826192374612605
5,Albert Reed,2,1.803546517122471e-18
5,Cameron Mathison,2,0.0007436761871751458
5,Floyd Mayweather Jr. ,2,0.0034573112454457855
5,Helio Castroneves,2,0.3245980212961075
5,Jane Seymour,2,0.0018217811372743002
5,Jennie Garth,2,0.003971979237995548
5,Marie Osmond,2,0.3245980207768654
5,Mark Cuban,2,0.0053930445959905595
5,Mel B,2,0.3245980205990959
5,Sabrina Bryan,2,2.2939463716395268e-05
5,Wayne Newton,2,0.010795205460335836
5,Cameron Mathison,3,0.0011848586150222894
5,Floyd Mayweather Jr. ,3,0.003391345254303435
5,Helio Castroneves,3,0.3250970028303902
5,Jane Seymour,3,0.002179199010343881
5,Jennie Garth,3,0.0038957881734430727
5,Marie Osmond,3,0.32509700258953045
5,Mark Cuban,3,0.005261546143196813
5,Mel B,3,0.3250970022719462
5,Sabrina Bryan,3,1.7171752690711644e-05
5,Wayne Newton,3,0.008779083359132949
5,Cameron Mathison,4,0.002037148211809624
5,Floyd Mayweather Jr. ,4,0.003961653616244486
5,Helio Castroneves,4,0.32638312809388126
5,Jane Seymour,4,0.003596137402016522
5,Jennie Garth,4,0.004728449223335693
5,Marie Osmond,4,0.3263831276009961
5,Mark Cuban,4,0.0059065854902403455
5,Mel B,4,0.3263831273666972
5,Sabrina Bryan,4,0.0006206429947786263
5,Cameron Mathison,5,0.0021092484254863625
5,Helio Castroneves,5,0.32739318257007705
5,Jane Seymour,5,0.005290662622709156
5,Jennie Garth,5,0.005130595439918123
5,Marie Osmond,5,0.327393182305849
5,Mark Cuban,5,0.005030561235048061
5,Mel B,5,0.3273931820749985
5,Sabrina Bryan,5,0.00025938532591374185
5,Cameron Mathison,6,0.0028256574931321563
5,Helio Castroneves,6,0.3281884744090214
5,Jane Seymour,6,0.007129854860884089
5,Jennie Garth,6,0.005478328237186205
5,Marie Osmond,6,0.3281884741344763
5,Mel B,6,0.32818847374724586
5,Sabrina Bryan,6,7.371180540997847e-07
5,Cameron Mathison,7,0.003463071613622644
5,Helio Castroneves,7,0.3289334948480034
5,Jane Seymour,7,0.004672316364949357
5,Jennie Garth,7,0.0050641287531293724
5,Marie Osmond,7,0.3289334943121396
5,Mel B,7,0.3289334941081557
5,Cameron Mathison,8,0.0030321158172481578
5,Helio Castroneves,8,0.33050832325226687
5,Jennie Garth,8,0.005442915181216821
5,Marie Osmond,8,0.3305083229971362
5,Mel B,8,0.3305083227521319
5,Helio Castroneves,9,0.3317209653515539
5,Jennie Garth,9,0.004837105014367172
5,Marie Osmond,9,0.33172096497386655
5,Mel B,9,0.33172096466021245
5,Helio Castroneves,10,0.3333333336657802
5,Marie Osmond,10,0.3333333333068258
5,Mel B,10,0.3333333330273941
6,Adam Carolla,1,0.0004727718230167698
6,Cristian de la Fuente,1,0.33082187292724013
6,Jason Taylor,1,0.3308218632643843
6,Kristi Yamaguchi,1,0.33082187586803524
6,Mario,1,0.0
6,Marissa Jaret Winokur,1,0.005445956413812113
6,Marlee Matlin,1,0.00013948417650103245
6,Monica Seles,1,4.2690460541616737e-19
6,Penn Jillette,1,0.0
6,Priscilla Presley,1,0.00014200438720628756
6,Shannon Elizabeth,1,0.0
6,Steve Guttenberg,1,0.0013341711398042258
6,Adam Carolla,2,0.00011594077440548107
6,Cristian de la Fuente,2,0.33086224592902147
6,Jason Taylor,2,0.33086227132991797
6,Kristi Yamaguchi,2,0.3308622329541286
6,Mario,2,0.00010068332660511199
6,Marissa Jaret Winokur,2,0.005352731749244292
6,Marlee Matlin,2,0.00017630082939540978
6,Monica Seles,2,0.0
6,Penn Jillette,2,1.5585406229479126e-18
6,Priscilla Presley,2,0.0
6,Shannon Elizabeth,2,0.0
6,Steve Guttenberg,2,0.001667593107281822
6,Adam Carolla,3,0.0004452821515268055
6,Cristian de la Fuente,3,0.3309835469848717
6,Jason Taylor,3,0.3309835018413812
6,Kristi Yamaguchi,3,0.33098356248559285
6,Mario,3,0.0004452821515267967
6,Marissa Jaret Winokur,3,0.005254634251906293
6,Marlee Matlin,3,0.00044528215152680247
6,Priscilla Presley,3,0.0
6,Shannon Elizabeth,3,0.0
6,Steve Guttenberg,3,0.00045890798166751793
6,Adam Carolla,4,0.0002438547845069229
6,Cristian de la Fuente,4,0.33106397683208794
6,Jason Taylor,4,0.33106403715761934
6,Kristi Yamaguchi,4,0.33106395713310416
6,Mario,4,0.000283438061102999
6,Marissa Jaret Winokur,4,0.005171152011542178
6,Marlee Matlin,4,0.000646298283687528
6,Priscilla Presley,4,0.000266461249584361
6,Shannon Elizabeth,4,0.000196824486764472
6,Cristian de la Fuente,5,0.3312630984182806
6,Jason Taylor,5,0.33126302237017413
6,Kristi Yamaguchi,5,0.33126311418722004
6,Mario,5,0.0001071280663059834
6,Marissa Jaret Winokur,5,0.0049967886254396535
6,Marlee Matlin,5,0.0006105163693079453
6,Priscilla Presley,5,0.0002546443022608411
6,Shannon Elizabeth,5,0.00024168766101079314
6,Cristian de la Fuente,6,0.33151152581612886
6,Jason Taylor,6,0.33151160708626326
6,Kristi Yamaguchi,6,0.3315115107628977
6,Mario,6,0.0
6,Marissa Jaret Winokur,6,0.005009818582403055
6,Marlee Matlin,6,0.00045553775230726607
6,Shannon Elizabeth,6,4.933119884809045e-18
6,Cristian de la Fuente,7,0.33164917094984586
6,Jason Taylor,7,0.33164909007132065
6,Kristi Yamaguchi,7,0.33164917956965334
6,Mario,7,5.7936392582093525e-05
6,Marissa Jaret Winokur,7,0.004936686623152596
6,Shannon Elizabeth,7,5.793639258209782e-05
6,Cristian de la Fuente,8,0.3317281773161678
6,Jason Taylor,8,0.3317282435512927
6,Kristi Yamaguchi,8,0.3317281698227483
6,Mario,8,0.0
6,Marissa Jaret Winokur,8,0.004815409309791291
6,Cristian de la Fuente,9,0.3320124788075363
6,Jason Taylor,9,0.33201243288055354
6,Kristi Yamaguchi,9,0.33201248075553785
6,Marissa Jaret Winokur,9,0.003962607556372126
6,Cristian de la Fuente,10,0.33333332912135694
6,Jason Taylor,10,0.3333333440043056
6,Kristi Yamaguchi,10,0.3333333268743375
7,Brooke Burke,1,0.32901445352542236
7,Cloris Leachman,1,0.004248020050024872
7,Cody Linley,1,0.006245897390640246
7,Jeffrey Ross,1,5.663924269497151e-05
7,Kim Kardashian,1,3.343236722617174e-05
7,Lance Bass,1,0.32901445342406554
7,Maurice Greene,1,0.0002998701630466769
7,Misty May-Treanor,1,0.0001722240785919616
7,Rocco DiSpirito,1,0.0018660095317659478
7,Susan Lucci,1,3.454792288907697e-05
7,Ted McGinley,1,4.610049942531642e-19
7,Toni Braxton,1,1.8565114765134733e-18
7,Warren Sapp,1,0.3290144523036323
7,Brooke Burke,2,0.3291945220460231
7,Cloris Leachman,2,0.0038639614644005445
7,Cody Linley,2,0.006135566353692086
7,Kim Kardashian,2,2.527408430113154e-19
7,Lance Bass,2,0.3291945219188678
7,Maurice Greene,2,0.0002780474508700619
7,Misty May-Treanor,2,7.540228841384514e-05
7,Rocco DiSpirito,2,0.0019247242310483285
7,Susan Lucci,2,0.00012183902088514552
7,Toni Braxton,2,1.6894083474230855e-05
7,Warren Sapp,2,0.32919452114232495
7,Brooke Burke,3,0.3294419501191473
7,Cloris Leachman,3,0.0034032065726214513
7,Cody Linley,3,0.006150195562863951
7,Lance Bass,3,0.3294419500371857
7,Maurice Greene,3,0.0003070411854787777
7,Rocco DiSpirito,3,0.0017821265677612482
7,Susan Lucci,3,6.3509189239198445e-06
7,Toni Braxton,3,2.5230376907669118e-05
7,Warren Sapp,3,0.3294419486591101
7,Brooke Burke,4,0.32961030551059156
7,Cloris Leachman,4,0.003076535315568947
7,Cody Linley,4,0.006076353231561081
7,Lance Bass,4,0.3296103054487195
7,Maurice Greene,4,0.00035061697028908887
7,Rocco DiSpirito,4,0.0013206020004478659
7,Susan Lucci,4,0.00034497664493275676
7,Toni Braxton,4,2.737691750093726e-18
7,Warren Sapp,4,0.3296103048778893
7,Brooke Burke,5,0.33011966034100876
7,Cloris Leachman,5,0.0026921496322082437
7,Cody Linley,5,0.006171563552541227
7,Lance Bass,5,0.3301196600096651
7,Maurice Greene,5,0.00037108821181759476
7,Susan Lucci,5,0.0002758449965162355
7,Toni Braxton,5,0.0001303749151395192
7,Warren Sapp,5,0.33011965834110335
7,Brooke Burke,6,0.33051491113876036
7,Cloris Leachman,6,0.0021863344877847196
7,Cody Linley,6,0.005842309024812654
7,Lance Bass,6,0.33051491134081534
7,Maurice Greene,6,0.00032524322394541686
7,Susan Lucci,6,0.00010137954804005853
7,Warren Sapp,6,0.3305149112358415
7,Brooke Burke,7,0.33116963194015286
7,Cody Linley,7,0.005942940759644891
7,Lance Bass,7,0.33116963138933847
7,Maurice Greene,7,0.000405770734668996
7,Susan Lucci,7,0.00014239590821645177
7,Warren Sapp,7,0.3311696292679784
7,Brooke Burke,8,0.33155753194357324
7,Cody Linley,8,0.005036270829934523
7,Lance Bass,8,0.3315575322108034
7,Maurice Greene,8,0.00029113269819661174
7,Warren Sapp,8,0.3315575323174923
7,Brooke Burke,9,0.331981084254988
7,Cody Linley,9,0.004056750047903388
7,Lance Bass,9,0.33198108377784863
7,Warren Sapp,9,0.33198108191925996
7,Brooke Burke,10,0.3333333335812929
7,Lance Bass,10,0.3333333335532286
7,Warren Sapp,10,0.33333333286547845
8,Belinda Carlisle,1,0.0
8,Chuck Wicks,1,0.0
8,David Alan Grier,1,0.0016402553947531466
8,Denise Richards,1,2.5521547924901416e-05
8,Gilles Marini,1,0.32504422847437314
8,Holly Madison,1,7.963903301683021e-05
8,Lawrence Taylor,1,0.0020595299610274725
8,Lil' Kim,1,0.00013939023735374083
8,Melissa Rycroft,1,0.3250442094484953
8,Shawn Johnson,1,0.32504421973067116
8,Steve Wozniak,1,0.009975460315789195
8,Steve-O,1,0.006612085750255764
8,Ty Murray,1,0.004335460106339304
8,Belinda Carlisle,2,1.3407224324735352e-17
8,Chuck Wicks,2,0.0
8,David Alan Grier,2,0.0016172506738540461
8,Denise Richards,2,0.0
8,Gilles Marini,2,0.32518666765156445
8,Holly Madison,2,0.0
8,Lawrence Taylor,2,0.0021074537482013884
8,Lil' Kim,2,0.0
8,Melissa Rycroft,2,0.3251867157884352
8,Shawn Johnson,2,0.32518669188595023
8,Steve Wozniak,2,0.009971944484122483
8,Steve-O,2,0.006469002695425064
8,Ty Murray,2,0.0042742730724470495
8,Chuck Wicks,3,0.0
8,David Alan Grier,3,0.0005494073451211219
8,Denise Richards,3,0.0
8,Gilles Marini,3,0.32524589689394784
8,Holly Madison,3,3.543985851311993e-18
8,Lawrence Taylor,3,0.0021460035156537407
8,Lil' Kim,3,0.0
8,Melissa Rycroft,3,0.3252458387368626
8,Shawn Johnson,3,0.32524586643219056
8,Steve Wozniak,3,0.010118515251237126
8,Steve-O,3,0.006951068122352664
8,Ty Murray,3,0.004497403702634493
8,Chuck Wicks,4,0.0
8,David Alan Grier,4,0.0
8,Gilles Marini,4,0.32548058524092177
8,Holly Madison,4,0.0
8,Lawrence Taylor,4,0.0026617105221638784
8,Lil' Kim,4,0.0
8,Melissa Rycroft,4,0.325480632511334
8,Shawn Johnson,4,0.3254806201699598
8,Steve Wozniak,4,0.008975349957603079
8,Steve-O,4,0.007102739634946349
8,Ty Murray,4,0.004818361963071092
8,Chuck Wicks,5,0.0008554751212477324
8,David Alan Grier,5,5.2494831443611465e-19
8,Gilles Marini,5,0.3268391624552413
8,Lawrence Taylor,5,0.004081632653061035
8,Lil' Kim,5,0.00032325836316469915
8,Melissa Rycroft,5,0.32683914061342473
8,Shawn Johnson,5,0.3268391246306946
8,Steve-O,5,0.00816326530612238
8,Ty Murray,5,0.006058940857043636
8,Chuck Wicks,6,0.0008204000828245854
8,Gilles Marini,6,0.3271995322008127
8,Lawrence Taylor,6,0.0035434307470056355
8,Lil' Kim,6,0.0
8,Melissa Rycroft,6,0.32719951910326106
8,Shawn Johnson,6,0.32719957388165466
8,Steve-O,6,0.007217221200627882
8,Ty Murray,6,0.006820322783813592
8,Chuck Wicks,7,0.0014781098281188819
8,Gilles Marini,7,0.3286983348115646
8,Lawrence Taylor,7,0.00396264035507579
8,Lil' Kim,7,0.000410059181015306
8,Melissa Rycroft,7,0.328698381898777
8,Shawn Johnson,7,0.32869829376412035
8,Ty Murray,7,0.008054180161328108
8,Chuck Wicks,8,0.0018764481956218939
8,Gilles Marini,8,0.3296001336782934
8,Lil' Kim,8,0.0003037444604506545
8,Melissa Rycroft,8,0.3296000649893791
8,Shawn Johnson,8,0.32960017379103324
8,Ty Murray,8,0.009019434885221804
8,Gilles Marini,9,0.33012743422603363
8,Lil' Kim,9,0.0
8,Melissa Rycroft,9,0.33012750213856445
8,Shawn Johnson,9,0.3301273982861009
8,Ty Murray,9,0.009617665349301037
8,Gilles Marini,10,0.3307936595614466
8,Melissa Rycroft,10,0.33079361159115017
8,Shawn Johnson,10,0.3307936877283293
8,Ty Murray,10,0.007619041119073949
8,Gilles Marini,11,0.3333333312060963
8,Melissa Rycroft,11,0.33333334792405145
8,Shawn Johnson,11,0.33333332086985235
9,Aaron Carter,1,3.478923017051919e-05
9,Ashley Hamiliton,1,5.454646817790465e-19
9,Chuck Liddell,1,1.5505261757798154e-06
9,Debi Mazar,1,1.5083672054167624e-05
9,Donny Osmond,1,0.3301187330380345
9,Joanna Krupa,1,0.00019717606836091168
9,Kathy Ireland,1,7.562100658176283e-05
9,Kelly Osbourne,1,0.3301187322567438
9,Louie Vito,1,0.0009008969626430986
9,Macy Gray,1,1.3955473847157871e-18
9,Mark Dacascos,1,0.00012829130070101245
9,Melissa Joan Hart,1,0.0001170892743398763
9,Michael Irvin,1,0.004988609211781455
9,Mya,1,0.33011873176020723
9,Natalie Coughlin,1,4.539221072330361e-05
9,Tom DeLay,1,0.0031393034814825014
9,Aaron Carter,2,6.51154415643019e-05
9,Chuck Liddell,2,4.5633936605409615e-06
9,Debi Mazar,2,7.129609937238183e-08
9,Donny Osmond,2,0.33012303314318475
9,Joanna Krupa,2,0.00017801978319941067
9,Kathy Ireland,2,1.3190092860286458e-06
9,Kelly Osbourne,2,0.3301230359289593
9,Louie Vito,2,0.0009478980669025863
9,Mark Dacascos,2,0.00016944857256428943
9,Melissa Joan Hart,2,0.0001242133961698297
9,Michael Irvin,2,0.004879956425458647
9,Mya,2,0.3301230370029772
9,Natalie Coughlin,2,1.6453816195891172e-19
9,Tom DeLay,2,0.0032602885399738496
9,Aaron Carter,3,0.0
9,Chuck Liddell,3,1.987047807813208e-18
9,Debi Mazar,3,1.9964515798906936e-18
9,Donny Osmond,3,0.3301753002948935
9,Joanna Krupa,3,0.00011321137398468733
9,Kelly Osbourne,3,0.3301752960497819
9,Louie Vito,3,0.001051064471189123
9,Mark Dacascos,3,2.9061170627133654e-18
9,Melissa Joan Hart,3,1.5047199767302615e-05
9,Michael Irvin,3,0.004977957905847542
9,Mya,3,0.3301752943667949
9,Natalie Coughlin,3,1.3679273803620295e-18
9,Tom DeLay,3,0.0033168283377409766
9,Aaron Carter,4,3.49958980987948e-05
9,Chuck Liddell,4,1.1461175265222495e-18
9,Donny Osmond,4,0.33068343967086633
9,Joanna Krupa,4,0.0003672327697954263
9,Kelly Osbourne,4,0.33068344589928184
9,Louie Vito,4,0.0017642820873885832
9,Mark Dacascos,4,0.0002280666375702633
9,Melissa Joan Hart,4,0.00032979126179152586
9,Michael Irvin,4,0.004918983086724015
9,Mya,4,0.33068344770908303
9,Natalie Coughlin,4,0.0003063149794002533
9,Aaron Carter,5,1.9691110815818542e-05
9,Donny Osmond,5,0.33102293600162325
9,Joanna Krupa,5,0.0003942342169229223
9,Kelly Osbourne,5,0.3310229288798174
9,Louie Vito,5,0.0014137815464361366
9,Mark Dacascos,5,0.00014691133785262622
9,Melissa Joan Hart,5,0.0002834679940225191
9,Michael Irvin,5,0.00457847152342117
9,Mya,5,0.3310229269884666
9,Natalie Coughlin,5,9.465040062161608e-05
9,Aaron Carter,6,0.00010883422065736348
9,Donny Osmond,6,0.33134354410133177
9,Joanna Krupa,6,0.0003289617150378114
9,Kelly Osbourne,6,0.3313435514307348
9,Louie Vito,6,0.0009697591568233769
9,Mark Dacascos,6,1.091969407069493e-17
9,Melissa Joan Hart,6,0.00029499266199437213
9,Michael Irvin,6,0.004266803536698234
9,Mya,6,0.3313435531767223
9,Aaron Carter,7,0.0003383857376652339
9,Donny Osmond,7,0.3318125852191397
9,Joanna Krupa,7,0.0004669288845848377
9,Kelly Osbourne,7,0.33181257908956363
9,Mark Dacascos,7,6.842045234791412e-18
9,Michael Irvin,7,0.003756943804061623
9,Mya,7,0.33181257726498503
9,Aaron Carter,8,0.0009471273824638493
9,Donny Osmond,8,0.3326764707353515
9,Joanna Krupa,8,0.0010234491655988648
9,Kelly Osbourne,8,0.33267647556402596
9,Mya,8,0.3326764771525599
9,Donny Osmond,9,0.33298769654031457
9,Joanna Krupa,9,0.0010369168433656051
9,Kelly Osbourne,9,0.3329876938482975
9,Mya,9,0.33298769276802226
9,Donny Osmond,10,0.33333333256178016
9,Kelly Osbourne,10,0.3333333335444754
9,Mya,10,0.3333333338937445
10,Aiden Turner,1,0.0018652593914216342
10,Buzz Aldrin,1,0.015651076684489274
10,Chad Ochocinco,1,0.007541567471528142
10,Erin Andrews,1,0.32157808878738686
10,Evan Lysacek,1,0.32157808218362055
10,Jake Pavelka,1,1.3653390196204743e-05
10,Kate Gosselin,1,0.01016513627624376
10,Nicole Scherzinger,1,0.32157807316569875
10,Niecy Nash,1,1.3777499106859548e-16
10,Pamela Anderson,1,1.5053808351782327e-16
10,Shannen Doherty,1,2.9062649414417828e-05
10,Aiden Turner,2,0.0019362825564499607
10,Buzz Aldrin,2,0.015572646192814022
10,Chad Ochocinco,2,0.0077804384006068565
10,Erin Andrews,2,0.32166069398258584
10,Evan Lysacek,2,0.3216607117958237
10,Jake Pavelka,2,3.20702925289958e-17
10,Kate Gosselin,2,0.009728490348657592
10,Nicole Scherzinger,2,0.321660736723062
10,Niecy Nash,2,9.773048653070092e-17
10,Pamela Anderson,2,1.4939031370878442e-16
10,Shannen Doherty,2,4.789937101648082e-18
10,Aiden Turner,3,0.0018958605735103471
10,Buzz Aldrin,3,0.013760169060956548
10,Chad Ochocinco,3,0.006943901072837716
10,Erin Andrews,3,0.3225963851908837
10,Evan Lysacek,3,0.32259635547549714
10,Jake Pavelka,3,1.474514954580286e-16
10,Kate Gosselin,3,0.009518122039977499
10,Nicole Scherzinger,3,0.322596316314672
10,Niecy Nash,3,9.289027166478679e-05
10,Pamela Anderson,3,3.3304399089927187e-17
10,Aiden Turner,4,0.003016598711598034
10,Chad Ochocinco,4,0.007690726804155314
10,Erin Andrews,4,0.32515138416633615
10,Evan Lysacek,4,0.32515142192435115
10,Jake Pavelka,4,0.0013113269336679555
10,Kate Gosselin,4,0.009814552700713085
10,Nicole Scherzinger,4,0.3251514699753656
10,Niecy Nash,4,0.0018325842027023895
10,Pamela Anderson,4,0.0008799345811103926
10,Chad Ochocinco,5,0.007213819292201665
10,Erin Andrews,5,0.32632778208241486
10,Evan Lysacek,5,0.32632773778153273
10,Jake Pavelka,5,0.0017916119205876105
10,Kate Gosselin,5,0.008869325634180934
10,Nicole Scherzinger,5,0.32632768458283384
10,Niecy Nash,5,0.002441170605714337
10,Pamela Anderson,5,0.0007008681005339628
10,Chad Ochocinco,6,0.007628854864450782
10,Erin Andrews,6,0.32825714105811427
10,Evan Lysacek,6,0.3282571861927295
10,Jake Pavelka,6,0.0027144809988787775
10,Nicole Scherzinger,6,0.3282572382157561
10,Niecy Nash,6,0.0036176621340360585
10,Pamela Anderson,6,0.0012674365360345993
10,Chad Ochocinco,7,0.0070007120227362435
10,Erin Andrews,7,0.3293678443791344
10,Evan Lysacek,7,0.3293678014127921
10,Nicole Scherzinger,7,0.32936775438301
10,Niecy Nash,7,0.003825987079849859
10,Pamela Anderson,7,0.0010699007224774808
10,Chad Ochocinco,8,0.006005265687006739
10,Erin Andrews,8,0.3302104575204317
10,Evan Lysacek,8,0.3302104918025296
10,Nicole Scherzinger,8,0.33021052835332654
10,Niecy Nash,8,0.003363256636705251
10,Chad Ochocinco,9,0.005463583412145378
10,Erin Andrews,9,0.33151216226501656
10,Evan Lysacek,9,0.3315121391143235
10,Nicole Scherzinger,9,0.3315121152085144
10,Erin Andrews,10,0.333333325706621
10,Evan Lysacek,10,0.3333333332269521
10,Nicole Scherzinger,10,0.333333341066427
11,Audrina Patridge,1,1.5693826446727677e-17
11,Brandy,1,0.00020670885620356757
11,Bristol Palin,1,0.32492885479134087
11,David Hasselhoff,1,9.630105141486745e-06
11,Florence Henderson,1,0.0005748214256158182
11,Jennifer Grey,1,0.32492885821361384
11,Kurt Warner,1,0.019943632521254695
11,Kyle Massey,1,0.32492885249001197
11,Margaret Cho,1,1.6637213816061112e-05
11,Michael Bolton,1,1.3730741319847243e-05
11,Rick Fox,1,0.004195295659306435
11,The Situation,1,0.00025297798237552634
11,Audrina Patridge,2,0.0
11,Brandy,2,3.0357660829594124e-17
11,Bristol Palin,2,0.32485035715745675
11,Florence Henderson,2,0.0007780408527486155
11,Jennifer Grey,2,0.32485034653563966
11,Kurt Warner,2,0.01982473025091739
11,Kyle Massey,2,0.32485036059814565
11,Margaret Cho,2,0.0002701011552746526
11,Michael Bolton,2,0.0002057025985158343
11,Rick Fox,2,0.004047870411969876
11,The Situation,2,0.00032249043933163963
11,Audrina Patridge,3,3.360409167153333e-05
11,Brandy,3,9.405710715416671e-05
11,Bristol Palin,3,0.3248952924772918
11,Florence Henderson,3,0.0004904998063033617
11,Jennifer Grey,3,0.32489530763010926
11,Kurt Warner,3,0.020060789784417703
11,Kyle Massey,3,0.3248952848068709
11,Margaret Cho,3,6.095458156513047e-05
11,Rick Fox,3,0.00419102999903336
11,The Situation,3,0.0003831797155828374
11,Audrina Patridge,4,0.0
11,Brandy,4,0.00014312784693487117
11,Bristol Palin,4,0.32491127813391624
11,Florence Henderson,4,0.00041181153134905063
11,Jennifer Grey,4,0.3249112597122293
11,Kurt Warner,4,0.02034326774401332
11,Kyle Massey,4,0.32491128631280697
11,Rick Fox,4,0.004155647553643963
11,The Situation,4,0.00021232116510638529
11,Audrina Patridge,5,0.0
11,Brandy,5,0.0
11,Bristol Palin,5,0.32498148185810627
11,Florence Henderson,5,0.0005525069826031344
11,Jennifer Grey,5,0.3249815002147196
11,Kurt Warner,5,0.020447264050536026
11,Kyle Massey,5,0.32498147059275284
11,Rick Fox,5,0.004055776301282232
11,Audrina Patridge,6,3.2992893807995338e-18
11,Brandy,6,2.940898392866931e-17
11,Bristol Palin,6,0.32506040128574354
11,Jennifer Grey,6,0.32506038398651044
11,Kurt Warner,6,0.020691106743726956
11,Kyle Massey,6,0.32506041128909047
11,Rick Fox,6,0.004127696694928609
11,Brandy,7,0.00012703957636841186
11,Bristol Palin,7,0.32624617414801266
11,Jennifer Grey,7,0.32624618792742927
11,Kurt Warner,7,0.017640394884406087
11,Kyle Massey,7,0.3262461631308925
11,Rick Fox,7,0.003494040332891229
11,Brandy,8,0.0006184537409243552
11,Bristol Palin,8,0.3280692797924638
11,Jennifer Grey,8,0.328069269367796
11,Kurt Warner,8,0.01517370980565276
11,Kyle Massey,8,0.3280692872931631
11,Brandy,9,0.0035707837566545005
11,Bristol Palin,9,0.33214307224731093
11,Jennifer Grey,9,0.3321430780299139
11,Kyle Massey,9,0.3321430659661207
11,Bristol Palin,10,0.333333333732151
11,Jennifer Grey,10,0.3333333314881964
11,Kyle Massey,10,0.3333333347796526
12,Chelsea Kane,1,0.3278828072142249
12,Chris Jericho,1,0.00038954357378279104
12,Hines Ward,1,0.3278828078471792
12,Kendra Wilkinson,1,0.006191654958266861
12,Kirstie Alley,1,0.3278828078898907
12,Mike Catherwood,1,0.00018911783896690207
12,Petra Nemcova,1,0.00018235628657656576
12,Ralph Macchio,1,0.008560963149188994
12,Romeo,1,0.00010514184990341627
12,Sugar Ray Leonard,1,0.0001906964878213525
12,Wendy Williams,1,0.0005421029041983626
12,Chelsea Kane,2,0.32797312185629535
12,Chris Jericho,2,0.0002881225653989741
12,Hines Ward,2,0.32797312221051894
12,Kendra Wilkinson,2,0.006151740943289539
12,Kirstie Alley,2,0.3279731218749239
12,Mike Catherwood,2,0.00012795158005237027
12,Petra Nemcova,2,0.00012154890375271894
12,Ralph Macchio,2,0.008514952297034035
12,Romeo,2,0.0002497235655296564
12,Sugar Ray Leonard,2,0.0001218914724475034
12,Wendy Williams,2,0.0005047027307571973
12,Chelsea Kane,3,0.3280544534689944
12,Chris Jericho,3,0.0002648145095220708
12,Hines Ward,3,0.32805445450221316
12,Kendra Wilkinson,3,0.006221351912746455
12,Kirstie Alley,3,0.32805445479975814
12,Petra Nemcova,3,7.780094383775553e-05
12,Ralph Macchio,3,0.008395267127322411
12,Romeo,3,0.00030013574658203305
12,Sugar Ray Leonard,3,9.6775591291039e-05
12,Wendy Williams,3,0.00048049139773262986
12,Chelsea Kane,4,0.3282269155896998
12,Chris Jericho,4,0.00023394390314229946
12,Hines Ward,4,0.32822691560310535
12,Kendra Wilkinson,4,0.006237323157346188
12,Kirstie Alley,4,0.32822691508523927
12,Petra Nemcova,4,2.550344773504191e-17
12,Ralph Macchio,4,0.008456502873482583
12,Romeo,4,0.0003914837879844746
12,Sugar Ray Leonard,4,5.466613545047581e-18
12,Chelsea Kane,5,0.32868988908370356
12,Chris Jericho,5,0.0002894136215100276
12,Hines Ward,5,0.3286898902683274
12,Kendra Wilkinson,5,0.004275191965600002
12,Kirstie Alley,5,0.3286898907030901
12,Petra Nemcova,5,3.9610630143530445e-17
12,Ralph Macchio,5,0.008742942626219233
12,Romeo,5,0.0006227817315495609
12,Chelsea Kane,6,0.3291358214163562
12,Chris Jericho,6,0.0002769087653063671
12,Hines Ward,6,0.32913582136716724
12,Kendra Wilkinson,6,0.0021998768998839056
12,Kirstie Alley,6,0.32913582076969716
12,Ralph Macchio,6,0.009137730134504918
12,Romeo,6,0.0009780206470841528
12,Chelsea Kane,7,0.329528901674322
12,Hines Ward,7,0.32952890295448833
12,Kendra Wilkinson,7,0.00039274793828389
12,Kirstie Alley,7,0.32952890332671564
12,Ralph Macchio,7,0.009496474622834922
12,Romeo,7,0.0015240694833551264
12,Chelsea Kane,8,0.3300390839070081
12,Hines Ward,8,0.33003908393603215
12,Kirstie Alley,8,0.33003908346729993
12,Ralph Macchio,8,0.00988274868965984
12,Romeo,8,2.541054541325826e-17
12,Chelsea Kane,9,0.33068506181803226
12,Hines Ward,9,0.330685062739832
12,Kirstie Alley,9,0.33068506290655336
12,Ralph Macchio,9,0.007944812535582416
12,Chelsea Kane,10,0.33333333305769114
12,Hines Ward,10,0.333333333568263
12,Kirstie Alley,10,0.33333333337404586
13,Carson Kressley,1,0.005862103313391719
13,Chaz Bono,1,0.009187422399127454
13,Chynna Phillips,1,4.060641018930191e-05
13,David Arquette,1,0.005581831582954287
13,Elisabetta Canalis,1,3.775010517479284e-06
13,Hope Solo,1,0.009429776369086502
13,J.R. Martinez,1,0.3216961613324665
13,Kristin Cavallari,1,2.2547004706616982e-05
13,Metta World Peace (Ron),1,0.00018511357038197723
13,Nancy Grace,1,0.004598342023162769
13,Ricki Lake,1,0.32169616038723464
13,Rob Kardashian,1,0.3216961605967809
13,Carson Kressley,2,0.005765534913516976
13,Chaz Bono,2,0.008981082567083
13,Chynna Phillips,2,2.2817693188254944e-18
13,David Arquette,2,0.005765534913517058
13,Elisabetta Canalis,2,3.3345680940281475e-18
13,Hope Solo,2,0.00913567636581599
13,J.R. Martinez,2,0.3217832997087316
13,Kristin Cavallari,2,8.896224460397457e-18
13,Nancy Grace,2,0.0050022694829707295
13,Ricki Lake,2,0.3217833015269068
13,Rob Kardashian,2,0.3217833005214581
13,Carson Kressley,3,0.00413387750649968
13,Chaz Bono,3,0.010845957488461224
13,Chynna Phillips,3,3.2525814830980034e-17
13,David Arquette,3,0.0034444711752464724
13,Hope Solo,3,0.008705248889428384
13,J.R. Martinez,3,0.32248314910717746
13,Kristin Cavallari,3,1.964155504994639e-19
13,Nancy Grace,3,0.005421002696423474
13,Ricki Lake,3,0.322483145942233
13,Rob Kardashian,3,0.32248314719453025
13,Carson Kressley,4,0.0044863226484294595
13,Chaz Bono,4,0.009038547243566463
13,Chynna Phillips,4,6.313369852181544e-18
13,David Arquette,4,0.001663624458673983
13,Hope Solo,4,0.009131221242546363
13,J.R. Martinez,4,0.32362260100898305
13,Nancy Grace,4,0.004812476728733039
13,Ricki Lake,4,0.32362260431710715
13,Rob Kardashian,4,0.32362260235196044
13,Carson Kressley,5,0.002564067254171834
13,Chaz Bono,5,0.0078099088200280185
13,David Arquette,5,0.0013913179898137754
13,Hope Solo,5,0.009443196123635261
13,J.R. Martinez,5,0.32491393530319906
13,Nancy Grace,5,0.00404970927332098
13,Ricki Lake,5,0.32491393156875065
13,Rob Kardashian,5,0.3249139336670804
13,Chaz Bono,6,0.007706187878829667
13,David Arquette,6,4.644484589563402e-05
13,Hope Solo,6,0.009546929932431442
13,J.R. Martinez,6,0.32618594141879154
13,Nancy Grace,6,0.0041426096391621835
13,Ricki Lake,6,0.32618594438139187
13,Rob Kardashian,6,0.3261859419034977
13,David Arquette,7,0.0008191023390794707
13,Hope Solo,7,0.009262921014995264
13,J.R. Martinez,7,0.32823301284402423
13,Nancy Grace,7,0.005218941468512246
13,Ricki Lake,7,0.3282330100642857
13,Rob Kardashian,7,0.32823301226910323
13,Hope Solo,8,0.008252580048266232
13,J.R. Martinez,8,0.3291150220404865
13,Nancy Grace,8,0.004402352672844272
13,Ricki Lake,8,0.3291150236326996
13,Rob Kardashian,8,0.3291150216057035
13,Hope Solo,9,0.007655609533132624
13,J.R. Martinez,9,0.3307814639619463
13,Ricki Lake,9,0.3307814626490471
13,Rob Kardashian,9,0.3307814638558739
13,J.R. Martinez,10,0.3333333334026168
13,Ricki Lake,10,0.33333333358239653
13,Rob Kardashian,10,0.3333333330149867
14,Donald Driver,1,0.33011010083862036
14,Gavin DeGraw,1,0.0008048265033976616
14,Gladys Knight,1,0.0015334657740623872
14,Jack Wagner,1,7.501141439769296e-05
14,Jaleel White,1,0.0004759151246436643
14,Katherine Jenkins,1,0.3301100364093076
14,Maria Menounos,1,0.003059350132830757
14,Martina Navratilova,1,0.0004226542617642646
14,Melissa Gilbert,1,0.002691127891499694
14,Roshon Fegan,1,0.0005056277800380989
14,Sherri Sheperd,1,0.00010169086438555164
14,William Levy,1,0.3301101930050523
14,Donald Driver,2,0.33018649624468294
14,Gavin DeGraw,2,0.0009462669269265531
14,Gladys Knight,2,0.0015683982774763253
14,Jack Wagner,2,8.095343761726034e-05
14,Jaleel White,2,0.00012668355076924325
14,Katherine Jenkins,2,0.33018668208104546
14,Maria Menounos,2,0.003068404238124428
14,Martina Navratilova,2,0.0004828709505451569
14,Melissa Gilbert,2,0.002905302054160861
14,Roshon Fegan,2,6.313493112364139e-05
14,Sherri Sheperd,2,0.00019858261485059363
14,William Levy,2,0.3301862246926777
14,Donald Driver,3,0.33024628921509763
14,Gavin DeGraw,3,0.0006682487211704816
14,Gladys Knight,3,0.0016848860854462712
14,Jack Wagner,3,1.8813494246850326e-06
14,Jaleel White,3,0.00044759777117177573
14,Katherine Jenkins,3,0.33024599792913883
14,Maria Menounos,3,0.003235488896813458
14,Melissa Gilbert,3,0.003029439628573762
14,Roshon Fegan,3,0.000193458190519907
14,Sherri Sheperd,3,0.0
14,William Levy,3,0.3302467122126432
14,Donald Driver,4,0.33015021170690484
14,Gavin DeGraw,4,0.0007596668835421469
14,Gladys Knight,4,0.0018393623543838142
14,Jaleel White,4,0.0
14,Katherine Jenkins,4,0.3301505788771272
14,Maria Menounos,4,0.0032540439559901385
14,Melissa Gilbert,4,0.0034046007507051996
14,Roshon Fegan,4,0.0002918580737376268
14,Sherri Sheperd,4,0.0
14,William Levy,4,0.33014967739760903
14,Donald Driver,5,0.3302227095811348
14,Gavin DeGraw,5,0.0006806188357150855
14,Gladys Knight,5,0.0018050519256856017
14,Jaleel White,5,9.821869827511294e-05
14,Katherine Jenkins,5,0.3302223013361052
14,Maria Menounos,5,0.00305173999801633
14,Melissa Gilbert,5,0.003696061146709257
14,Roshon Fegan,5,0.0
14,William Levy,5,0.3302232984783587
14,Donald Driver,6,0.3303781212568628
14,Gladys Knight,6,0.0014742384597611195
14,Jaleel White,6,5.8458586756069576e-05
14,Katherine Jenkins,6,0.330378528155316
14,Maria Menounos,6,0.0033758082267373694
14,Melissa Gilbert,6,0.003795696791307334
14,Roshon Fegan,6,0.00016161596317579072
14,William Levy,6,0.3303775325600837
14,Donald Driver,7,0.33054295985203547
14,Jaleel White,7,0.0
14,Katherine Jenkins,7,0.33054259403562486
14,Maria Menounos,7,0.0037000270181659642
14,Melissa Gilbert,7,0.004670928375100159
14,Roshon Fegan,7,0.0
14,William Levy,7,0.3305434907190736
14,Donald Driver,8,0.33082250323846607
14,Katherine Jenkins,8,0.33082279170679324
14,Maria Menounos,8,0.0039303280211723714
14,Melissa Gilbert,8,0.003602298586946338
14,Roshon Fegan,8,0.0
14,William Levy,8,0.33082207844662215
14,Donald Driver,9,0.3320015846619033
14,Katherine Jenkins,9,0.3320013993316236
14,Maria Menounos,9,0.003995157210158502
14,William Levy,9,0.3320018587963145
14,Donald Driver,10,0.3333333440272235
14,Katherine Jenkins,10,0.33333340762149144
14,William Levy,10,0.333333248351285
15,Apolo Anton Ohno,1,0.0005036299577900092
15,Bristol Palin,1,0.0070889258415700405
15,Drew Lachey,1,5.2081238596023624e-18
15,Emmitt Smith,1,0.004989216861104797
15,Gilles Marini,1,0.002949225343612281
15,Helio Castroneves,1,0.0
15,Joey Fatone,1,3.147927731848186e-18
15,Kelly Monaco,1,0.3265079529250078
15,Kirstie Alley,1,0.0049371003744045185
15,Melissa Rycroft,1,0.32650795298845425
15,Pamela Anderson,1,1.5325651257682763e-18
15,Sabrina Bryan,1,8.042842890225282e-06
15,Shawn Johnson,1,0.3265079528651663
15,Apolo Anton Ohno,2,0.00031915162928923763
15,Bristol Palin,2,0.006983753041307763
15,Drew Lachey,2,6.195199703317523e-18
15,Emmitt Smith,2,0.005008022056872146
15,Gilles Marini,2,0.0030136836763695767
15,Helio Castroneves,2,0.0
15,Joey Fatone,2,0.0
15,Kelly Monaco,2,0.3265381729308556
15,Kirstie Alley,2,0.005060876551246041
15,Melissa Rycroft,2,0.3265381699681739
15,Sabrina Bryan,2,1.5611383738758205e-17
15,Shawn Johnson,2,0.3265381701458858
15,Apolo Anton Ohno,3,0.00025689017287953964
15,Bristol Palin,3,0.00508611269415201
15,Drew Lachey,3,0.0
15,Emmitt Smith,3,0.00532091713721395
15,Gilles Marini,3,0.0032455980434884088
15,Helio Castroneves,3,2.0229584136715038e-05
15,Kelly Monaco,3,0.3268071877134886
15,Kirstie Alley,3,0.005628454238601516
15,Melissa Rycroft,3,0.3268071905521289
15,Sabrina Bryan,3,2.022958413661757e-05
15,Shawn Johnson,3,0.3268071902797739
15,Apolo Anton Ohno,4,0.0002098771657172595
15,Bristol Palin,4,0.00338917401357474
15,Emmitt Smith,4,0.0055793029395162065
15,Gilles Marini,4,0.003568002635508251
15,Kelly Monaco,4,0.3270661350901015
15,Kirstie Alley,4,0.006055248219308387
15,Melissa Rycroft,4,0.3270661299069801
15,Sabrina Bryan,4,1.3026803569030349e-17
15,Shawn Johnson,4,0.32706613002929363
15,Apolo Anton Ohno,5,0.00043280185317641354
15,Emmitt Smith,5,0.006405774867793505
15,Gilles Marini,5,0.004225060641480503
15,Kelly Monaco,5,0.327724655532999
15,Kirstie Alley,5,0.005640829443986451
15,Melissa Rycroft,5,0.3277246598682476
15,Sabrina Bryan,5,0.00012155808543051644
15,Shawn Johnson,5,0.32772465970688613
15,Apolo Anton Ohno,6,0.00020497638376905714
15,Emmitt Smith,6,0.0066299169476879
15,Gilles Marini,6,0.004733583192947355
15,Kelly Monaco,6,0.32789931728779415
15,Kirstie Alley,6,0.0047335831929468265
15,Melissa Rycroft,6,0.3278993114530264
15,Sabrina Bryan,6,0.0
15,Shawn Johnson,6,0.3278993115418283
15,Apolo Anton Ohno,7,0.0006286844617558587
15,Emmitt Smith,7,0.005584699265816368
15,Gilles Marini,7,0.002896920378758987
15,Kelly Monaco,7,0.32896764246498533
15,Kirstie Alley,7,0.0039867607704828795
15,Melissa Rycroft,7,0.3289676464937664
15,Shawn Johnson,7,0.32896764616443414
15,Apolo Anton Ohno,8,0.001110970368064398
15,Emmitt Smith,8,0.0047258687354818285
15,Gilles Marini,8,0.001113745366827692
15,Kelly Monaco,8,0.32990725999676723
15,Kirstie Alley,8,0.003327644284819133
15,Melissa Rycroft,8,0.3299072554784634
15,Shawn Johnson,8,0.32990725576957647
15,Apolo Anton Ohno,9,0.00113217592382996
15,Emmitt Smith,9,0.004289738457772823
15,Kelly Monaco,9,0.33152602747317245
15,Melissa Rycroft,9,0.3315260292652353
15,Shawn Johnson,9,0.33152602887998955
15,Kelly Monaco,10,0.33333333434956725
15,Melissa Rycroft,10,0.3333333327983491
15,Shawn Johnson,10,0.3333333328520837
16,Alexandra Raisman,1,0.2430207504380218
16,Andy Dick,1,0.00010648483089560955
16,D. L. Hughley,1,2.380623516237689e-19
16,Dorothy Hamill,1,1.3469286402132763e-05
16,Ingo Rademacher,1,0.01162833607050663
16,Jacoby Jones,1,0.24739301057932256
16,Kellie Pickler,1,0.24520687984126024
16,Lisa Vanderpump,1,2.5512968934087833e-06
16,Sean Lowe,1,0.007413601268225386
16,Victor Ortiz,1,2.951050806112399e-18
16,Wynonna Judd,1,8.036254146771191e-06
16,Zendaya,1,0.24520688013432534
16,Alexandra Raisman,2,0.24303485404361255
16,Andy Dick,2,0.0013596327593690379
16,D. L. Hughley,2,4.947370996830608e-06
16,Dorothy Hamill,2,8.241939500439032e-06
16,Ingo Rademacher,2,0.010892080319640382
16,Jacoby Jones,2,0.24736783491940284
16,Kellie Pickler,2,0.2452013439303102
16,Lisa Vanderpump,2,6.194694846140831e-06
16,Sean Lowe,2,0.006898240534234935
16,Victor Ortiz,2,1.5896787037863976e-05
16,Wynonna Judd,2,9.388566633154779e-06
16,Zendaya,2,0.24520134413441566
16,Alexandra Raisman,3,0.24325509799473968
16,Andy Dick,3,0.0007677880089208278
16,D. L. Hughley,3,6.650029628390354e-06
16,Ingo Rademacher,3,0.011695506533393627
16,Jacoby Jones,3,0.2476846484605064
16,Kellie Pickler,3,0.24546987246933624
16,Lisa Vanderpump,3,8.35941087816586e-06
16,Sean Lowe,3,0.005191038516269349
16,Victor Ortiz,3,0.0004291325997279214
16,Wynonna Judd,3,2.2033191944622056e-05
16,Zendaya,3,0.24546987278465468
16,Alexandra Raisman,4,0.2435453350127118
16,Andy Dick,4,0.0006961236071754847
16,D. L. Hughley,4,1.7006169498679797e-05
16,Ingo Rademacher,4,0.011387408481744117
16,Jacoby Jones,4,0.24813618388207342
16,Kellie Pickler,4,0.24584075877135084
16,Lisa Vanderpump,4,4.631498542033895e-06
16,Sean Lowe,4,0.004399609126534963
16,Victor Ortiz,4,0.00013218445730175046
16,Zendaya,4,0.24584075899306707
16,Alexandra Raisman,5,0.2439131719427258
16,Andy Dick,5,0.0009145108784987706
16,D. L. Hughley,5,4.1247364844634545e-05
16,Ingo Rademacher,5,0.010724757757080984
16,Jacoby Jones,5,0.2482436331036142
16,Kellie Pickler,5,0.24607840192165498
16,Sean Lowe,5,0.0038390816571589655
16,Victor Ortiz,5,0.00016679321838702918
16,Zendaya,5,0.24607840215603474
16,Alexandra Raisman,6,0.24433506570242497
16,Andy Dick,6,0.00044545875029562324
16,Ingo Rademacher,6,0.009683816260157161
16,Jacoby Jones,6,0.24859115546034638
16,Kellie Pickler,6,0.24646310999776636
16,Sean Lowe,6,0.003987646971324354
16,Victor Ortiz,6,3.0636696656326054e-05
16,Zendaya,6,0.2464631101610289
16,Alexandra Raisman,7,0.24475937477056345
16,Andy Dick,7,0.00010169638388981224
16,Ingo Rademacher,7,0.008335765740463177
16,Jacoby Jones,7,0.24909299454538492
16,Kellie Pickler,7,0.24692618397276853
16,Sean Lowe,7,0.003857800289394943
16,Zendaya,7,0.24692618429753524
16,Alexandra Raisman,8,0.24535980787229614
16,Ingo Rademacher,8,0.007167948047197288
16,Jacoby Jones,8,0.24947451848707758
16,Kellie Pickler,8,0.24741716254310722
16,Sean Lowe,8,0.0031634002828988855
16,Zendaya,8,0.247417162767423
16,Alexandra Raisman,9,0.24617168683546353
16,Ingo Rademacher,9,0.00703604823935792
16,Jacoby Jones,9,0.25031028945007194
16,Kellie Pickler,9,0.2482409876559645
16,Zendaya,9,0.24824098781914208
16,Alexandra Raisman,10,0.24777139904633833
16,Jacoby Jones,10,0.2522286015559563
16,Kellie Pickler,10,0.2499999995868068
16,Zendaya,10,0.24999999981089852
17,Amber Riley,1,0.24476499690413453
17,Bill Engvall,1,0.24476499678519525
17,Bill Nye,1,0.001614727907109642
17,Brant Daugherty,1,0.0004239023119420507
17,Christina Milian,1,0.000788688643537196
17,Corbin Bleu,1,0.24476499677962155
17,Elizabeth Berkley Lauren,1,0.00533893512545788
17,Jack Osbourne,1,0.2447649960797412
17,Keyshawn Johnson,1,3.455876714552558e-05
17,Leah Remini,1,0.011252812153431088
17,"Nicole ""Snooki"" Polizzi",1,0.00023711358969937994
17,Valerie Harper,1,0.001249274952984749
17,Amber Riley,2,0.24471580178217728
17,Bill Engvall,2,0.24471580160304865
17,Bill Nye,2,0.0016397720247258204
17,Brant Daugherty,2,0.0006191946073540303
17,Christina Milian,2,0.0006534587215257212
17,Corbin Bleu,2,0.2447158016258581
17,Elizabeth Berkley Lauren,2,0.005204259537417084
17,Jack Osbourne,2,0.2447158009187711
17,Keyshawn Johnson,2,4.450743290494037e-05
17,Leah Remini,2,0.01124947102111539
17,"Nicole ""Snooki"" Polizzi",2,0.000412773113675447
17,Valerie Harper,2,0.001313357611426525
17,Amber Riley,3,0.2447892558542088
17,Bill Engvall,3,0.24478925575185329
17,Bill Nye,3,0.0013240952480492077
17,Brant Daugherty,3,0.0007283477323633324
17,Christina Milian,3,0.0004971667564131922
17,Corbin Bleu,3,0.24478925569903087
17,Elizabeth Berkley Lauren,3,0.0050723989908822735
17,Jack Osbourne,3,0.24478925503052204
17,Leah Remini,3,0.011137202153884286
17,"Nicole ""Snooki"" Polizzi",3,0.0007660896831272367
17,Valerie Harper,3,0.0013176770996655828
17,Amber Riley,4,0.2449818150942448
17,Bill Engvall,4,0.24498181493660867
17,Brant Daugherty,4,0.0012308186662555241
17,Christina Milian,4,0.00024235436520616112
17,Corbin Bleu,4,0.24498181497786486
17,Elizabeth Berkley Lauren,4,0.004949524901010501
17,Jack Osbourne,4,0.2449818142899261
17,Leah Remini,4,0.011001117530411058
17,"Nicole ""Snooki"" Polizzi",4,0.0013587369879388327
17,Valerie Harper,4,0.001290188250533527
17,Amber Riley,5,0.24519451289801764
17,Bill Engvall,5,0.24519451279756008
17,Brant Daugherty,5,0.0017872846622976296
17,Christina Milian,5,1.703598606930321e-17
17,Corbin Bleu,5,0.24519451274619675
17,Elizabeth Berkley Lauren,5,0.004657813429643049
17,Jack Osbourne,5,0.24519451207745913
17,Leah Remini,5,0.010989566726518825
17,"Nicole ""Snooki"" Polizzi",5,0.0017872846623069058
17,Amber Riley,6,0.2456230139106169
17,Bill Engvall,6,0.24562301372106485
17,Brant Daugherty,6,0.001163006144013236
17,Corbin Bleu,6,0.2456230137658376
17,Elizabeth Berkley Lauren,6,0.004644406163201493
17,Jack Osbourne,6,0.24562301310554677
17,Leah Remini,6,0.010123482527875904
17,"Nicole ""Snooki"" Polizzi",6,0.0015770506618433945
17,Amber Riley,7,0.2460674007986575
17,Bill Engvall,7,0.24606740072787528
17,Brant Daugherty,7,0.0006454901924346965
17,Corbin Bleu,7,0.24606740068305447
17,Elizabeth Berkley Lauren,7,0.004457573347373694
17,Jack Osbourne,7,0.24606740004139194
17,Leah Remini,7,0.009154844460251143
17,"Nicole ""Snooki"" Polizzi",7,0.001472489748961293
17,Amber Riley,8,0.24670861742593414
17,Bill Engvall,8,0.24670861726100698
17,Brant Daugherty,8,0.00017540372795814868
17,Corbin Bleu,8,0.24670861726918558
17,Elizabeth Berkley Lauren,8,0.004610689199978901
17,Jack Osbourne,8,0.24670861661417168
17,Leah Remini,8,0.008379438501764681
17,Amber Riley,9,0.24720756405407016
17,Bill Engvall,9,0.2472075639430339
17,Corbin Bleu,9,0.24720756391711057
17,Elizabeth Berkley Lauren,9,0.003955296630947476
17,Jack Osbourne,9,0.24720756329044366
17,Leah Remini,9,0.007214448164394286
17,Amber Riley,10,0.24831680325717487
17,Bill Engvall,10,0.24831680312147267
17,Corbin Bleu,10,0.24831680312582746
17,Jack Osbourne,10,0.24831680250625007
17,Leah Remini,10,0.006732787989274952
17,Amber Riley,11,0.2500000002565657
17,Bill Engvall,11,0.25000000013887397
17,Corbin Bleu,11,0.2500000001241831
17,Jack Osbourne,11,0.24999999948037724
18,Amy Purdy,1,0.24508632698236493
18,Billy Dee Williams,1,0.010578778796388941
18,Candace Cameron Bure,1,0.2519517053434521
18,Charlie White,1,9.322570037648858e-05
18,Cody Simpson,1,0.0
18,Danica McKellar,1,0.0
18,Diana Nyad,1,0.0
18,Drew Carey,1,0.006828358701335916
18,James Maslow,1,0.23822094982437614
18,Meryl Davis,1,0.24508632759236573
18,NeNe Leakes,1,0.0021543270593399433
18,Sean Avery,1,1.7076184216646695e-18
18,Amy Purdy,2,0.24512316030440276
18,Billy Dee Williams,2,0.010536216273250555
18,Candace Cameron Bure,2,0.2521371859225267
18,Charlie White,2,0.0
18,Cody Simpson,2,0.0
18,Danica McKellar,2,0.0
18,Drew Carey,2,0.0069929827028763
18,James Maslow,2,0.23810912894759342
18,Meryl Davis,2,0.24512315669026166
18,NeNe Leakes,2,0.0019781691590885315
18,Sean Avery,2,0.0
18,Amy Purdy,3,0.2464260645208094
18,Candace Cameron Bure,3,0.25348757394320753
18,Charlie White,3,0.0009691246935885404
18,Cody Simpson,3,0.0007413838663977269
18,Danica McKellar,3,0.0008524091593004346
18,Drew Carey,3,0.008259681132782245
18,James Maslow,3,0.2393645599851435
18,Meryl Davis,3,0.24642606730075378
18,NeNe Leakes,3,0.0034731353980168695
18,Amy Purdy,4,0.24655022198341847
18,Candace Cameron Bure,4,0.2534353379787344
18,Charlie White,4,0.0009234067073109957
18,Cody Simpson,4,0.0004095256944529743
18,Danica McKellar,4,0.0006195067139056228
18,Drew Carey,4,0.008154958412221474
18,James Maslow,4,0.239665100802267
18,Meryl Davis,4,0.24655021911424727
18,NeNe Leakes,4,0.0036917225934418665
18,Amy Purdy,5,0.24671659117352535
18,Candace Cameron Bure,5,0.25365269995123696
18,Charlie White,5,0.0006845430539162889
18,Cody Simpson,5,0.0
18,Danica McKellar,5,0.00041186367861543245
18,Drew Carey,5,0.007975900715532735
18,James Maslow,5,0.23978048391429202
18,Meryl Davis,5,0.24671659139402835
18,NeNe Leakes,5,0.004061326118852872
18,Amy Purdy,6,0.2471048590999402
18,Candace Cameron Bure,6,0.2541923587564859
18,Charlie White,6,0.0007219685340634631
18,Danica McKellar,6,0.00024931551057459737
18,Drew Carey,6,0.00606824717137611
18,James Maslow,6,0.2400173580387185
18,Meryl Davis,6,0.24710485842861502
18,NeNe Leakes,6,0.004541034460226322
18,Amy Purdy,7,0.24818884421647805
18,Candace Cameron Bure,7,0.2550689677475293
18,Charlie White,7,0.0014400698646743464
18,Danica McKellar,7,0.0009392709114509122
18,James Maslow,7,0.24130871992296815
18,Meryl Davis,7,0.24818884381640077
18,NeNe Leakes,7,0.004865283520498532
18,Amy Purdy,8,0.24915884974956184
18,Candace Cameron Bure,8,0.2563498149524387
18,Charlie White,8,0.001953824054633245
18,Danica McKellar,8,0.0014107791753167457
18,James Maslow,8,0.24196788359148264
18,Meryl Davis,8,0.2491588484765669
18,Amy Purdy,9,0.24948852980125016
18,Candace Cameron Bure,9,0.25637879962499854
18,Charlie White,9,0.0020458808045534737
18,James Maslow,9,0.24259825964958506
18,Meryl Davis,9,0.2494885301196128
18,Amy Purdy,10,0.2500000005146052
18,Candace Cameron Bure,10,0.2570727148249049
18,James Maslow,10,0.24292728519391313
18,Meryl Davis,10,0.24999999946657683
19,Alfonso Ribeiro,1,0.2426217828959113
19,Antonio Sabato Jr.,1,0.004894329675560666
19,Bethany Mota,1,0.24262178739711696
19,Betsey Johnson,1,0.002297831400522716
19,Janel Parrish,1,0.24262178820376915
19,Jonathan Bennett,1,0.00645030023424934
19,Lea Thompson,1,4.845969759512443e-05
19,Lolo Jones,1,6.985384607416449e-18
19,Michael Waltrip,1,0.005131429914106058
19,Randy Couture,1,0.00034386753421372765
19,Sadie Robertson,1,0.24262178881539515
19,Tavis Smiley,1,3.157797067029443e-05
19,Tommy Chong,1,0.010315056260889608
19,Alfonso Ribeiro,2,0.24274906593753548
19,Antonio Sabato Jr.,2,0.0048380815043472716
19,Bethany Mota,2,0.24274905049189371
19,Betsey Johnson,2,0.001392562438545179
19,Janel Parrish,2,0.24274904997723754
19,Jonathan Bennett,2,0.006616682385534547
19,Lea Thompson,2,8.173280674670505e-05
19,Michael Waltrip,2,0.005336196138754292
19,Randy Couture,2,0.0003057504132671691
19,Sadie Robertson,2,0.24274904873337946
19,Tavis Smiley,2,5.1067359404519455e-05
19,Tommy Chong,2,0.010381711813354181
19,Alfonso Ribeiro,3,0.242868633169656
19,Antonio Sabato Jr.,3,0.004860382578407838
19,Bethany Mota,3,0.2428686560012015
19,Betsey Johnson,3,0.0006819799951505321
19,Janel Parrish,3,0.24286865806454616
19,Jonathan Bennett,3,0.006677071621772338
19,Lea Thompson,3,0.00012106074084982274
19,Michael Waltrip,3,0.005509005743366213
19,Randy Couture,3,0.00026156682985235607
19,Sadie Robertson,3,0.24286866036252663
19,Tommy Chong,3,0.010414324892670608
19,Alfonso Ribeiro,4,0.24302041710093508
19,Antonio Sabato Jr.,4,0.005195795555661605
19,Bethany Mota,4,0.24302038639396215
19,Betsey Johnson,4,7.500271026245854e-18
19,Janel Parrish,4,0.2430203847573441
19,Jonathan Bennett,4,0.006688564889215523
19,Lea Thompson,4,4.721170067642387e-05
19,Michael Waltrip,4,0.005542088403842092
19,Sadie Robertson,4,0.2430203821367985
19,Tommy Chong,4,0.010444769061564576
19,Alfonso Ribeiro,5,0.2434678515850397
19,Antonio Sabato Jr.,5,0.005725663858168568
19,Bethany Mota,5,0.24346788541736933
19,Janel Parrish,5,0.2434678883002736
19,Jonathan Bennett,5,0.003573379334622181
19,Lea Thompson,5,0.0002649014226550086
19,Michael Waltrip,5,0.00587613186586865
19,Sadie Robertson,5,0.24346789159250365
19,Tommy Chong,5,0.010688406623499416
19,Alfonso Ribeiro,6,0.2439231190525069
19,Antonio Sabato Jr.,6,0.006294269038562211
19,Bethany Mota,6,0.24392308255586295
19,Janel Parrish,6,0.24392308040494814
19,Jonathan Bennett,6,0.0004572402181485063
19,Lea Thompson,6,0.00044346455294526257
19,Michael Waltrip,6,0.006236009501939976
19,Sadie Robertson,6,0.2439230772931623
19,Tommy Chong,6,0.010876657381923819
19,Alfonso Ribeiro,7,0.24440644132341546
19,Antonio Sabato Jr.,7,0.004351685638949085
19,Bethany Mota,7,0.2444064752334929
19,Janel Parrish,7,0.2444064782497966
19,Lea Thompson,7,2.7774414622758413e-17
19,Michael Waltrip,7,0.0068316726514751885
19,Sadie Robertson,7,0.244406481473436
19,Tommy Chong,7,0.01119076542943484
19,Alfonso Ribeiro,8,0.24536627106463113
19,Bethany Mota,8,0.24536624015817102
19,Janel Parrish,8,0.24536623834642132
19,Lea Thompson,8,1.475015532282223e-17
19,Michael Waltrip,8,0.006595672086954539
19,Sadie Robertson,8,0.24536623579644878
19,Tommy Chong,8,0.011939342547373227
19,Alfonso Ribeiro,9,0.24674840275466067
19,Bethany Mota,9,0.2467484257787902
19,Janel Parrish,9,0.2467484280228156
19,Lea Thompson,9,1.4998013372801968e-17
19,Sadie Robertson,9,0.24674843028080296
19,Tommy Chong,9,0.01300631316293064
19,Alfonso Ribeiro,10,0.24728231693554695
19,Bethany Mota,10,0.24728230136572366
19,Janel Parrish,10,0.24728230066131143
19,Sadie Robertson,10,0.24728229950564912
19,Tommy Chong,10,0.01087078153176889
19,Alfonso Ribeiro,11,0.24999999601077846
19,Bethany Mota,11,0.250000000551226
19,Janel Parrish,11,0.2500000014256722
19,Sadie Robertson,11,0.25000000201232325
20,Charlotte McKinney,1,0.006239190514786465
20,Chris Soules,1,0.01248208386469906
20,Michael Sam,1,0.003791348732501948
20,Nastia Liukin,1,0.0
20,Noah Galloway,1,0.3202645876427163
20,Patti LaBelle,1,0.0045977345977719075
20,Redfoo,1,0.0
20,Riker Lynch,1,0.32026439181345523
20,Robert Herjavec,1,0.008216314258693234
20,Rumer Willis,1,0.3202643549076091
20,Suzanne Somers,1,0.0036752448277364473
20,Willow Shields,1,0.00020474884003041007
20,Charlotte McKinney,2,0.006163503157176989
20,Chris Soules,2,0.012338883972326894
20,Michael Sam,2,0.0036933508311169376
20,Nastia Liukin,2,7.944830232066435e-17
20,Noah Galloway,2,0.3203092013380174
20,Patti LaBelle,2,0.00468175573990345
20,Redfoo,2,3.599551212651875e-17
20,Riker Lynch,2,0.3203097662769241
20,Robert Herjavec,2,0.008500305946633641
20,Rumer Willis,2,0.3203098819067837
20,Suzanne Somers,2,0.003693350831116943
20,Willow Shields,2,0.0
20,Charlotte McKinney,3,0.004987575642124546
20,Chris Soules,3,0.01214626481676672
20,Michael Sam,3,0.002431883178904389
20,Nastia Liukin,3,1.2062373054469593e-16
20,Noah Galloway,3,0.32078270653521807
20,Patti LaBelle,3,0.004987575642124554
20,Riker Lynch,3,0.320781848566423
20,Robert Herjavec,3,0.009262748791415844
20,Rumer Willis,3,0.32078164180417523
20,Suzanne Somers,3,0.0038377550228474344
20,Willow Shields,3,1.196213809430413e-16
20,Chris Soules,4,0.012745996951477165
20,Michael Sam,4,0.0016772341483420662
20,Nastia Liukin,4,0.00012046535894576172
20,Noah Galloway,4,0.321808941916732
20,Patti LaBelle,4,0.0051462652525945144
20,Riker Lynch,4,0.32180998924383314
20,Robert Herjavec,4,0.010260069746271782
20,Rumer Willis,4,0.32181029505743886
20,Suzanne Somers,4,0.004314596785704713
20,Willow Shields,4,0.00030614553865986505
20,Chris Soules,5,0.012871787389508733
20,Nastia Liukin,5,0.0001028972010561393
20,Noah Galloway,5,0.3224688475544859
20,Patti LaBelle,5,0.00491189373177613
20,Riker Lynch,5,0.32246773601744444
20,Robert Herjavec,5,0.011191662268950704
20,Rumer Willis,5,0.32246733647489345
20,Suzanne Somers,5,0.003397507058378777
20,Willow Shields,5,0.00012033230350566277
20,Chris Soules,6,0.013210927429980342
20,Nastia Liukin,6,0.0002180212804688806
20,Noah Galloway,6,0.3233636392041636
20,Patti LaBelle,6,0.00400398796396054
20,Riker Lynch,6,0.32336470079305263
20,Robert Herjavec,6,0.012255536934448906
20,Rumer Willis,6,0.32336516511345914
20,Willow Shields,6,0.00021802128046589226
20,Chris Soules,7,0.013479266179165648
20,Nastia Liukin,7,1.1999746357162222e-16
20,Noah Galloway,7,0.32434792169948184
20,Riker Lynch,7,0.3243470114588037
20,Robert Herjavec,7,0.013479266179167471
20,Rumer Willis,7,0.32434653448338135
20,Willow Shields,7,0.0
20,Chris Soules,8,0.010063496570076306
20,Nastia Liukin,8,0.0004179266803967209
20,Noah Galloway,8,0.3264844257112943
20,Riker Lynch,8,0.32648511803782604
20,Robert Herjavec,8,0.010063496570417567
20,Rumer Willis,8,0.3264855364299892
20,Nastia Liukin,9,0.004408884187406325
20,Noah Galloway,9,0.33186408686307867
20,Riker Lynch,9,0.33186365853948385
20,Rumer Willis,9,0.3318633704100312
20,Noah Galloway,10,0.33333320171447545
20,Riker Lynch,10,0.3333333478819779
20,Rumer Willis,10,0.3333334504035466
21,Alek Skarlatos,1,0.24965980288066403
21,Alexa PenaVega,1,0.0014225599195924188
21,Andy Grammer,1,0.0036948209814646198
21,Bindi Irwin,1,0.24565323147385784
21,Carlos PenaVega,1,0.24164666031284557
21,Chaka Khan,1,2.827063302534509e-05
21,Gary Busey,1,0.003161491722401462
21,Hayes Grier,1,0.00032019158782669606
21,Kim Zolciak-Biermann,1,2.8270633025337016e-05
21,Nick Carter,1,0.24565323124180283
21,Paula Deen,1,0.00043456180383222043
21,Tamar Braxton,1,0.008269066869531747
21,Victor Espinoza,1,2.78399401300078e-05
21,Alek Skarlatos,2,0.24962189613120744
21,Alexa PenaVega,2,0.0013162420471825895
21,Andy Grammer,2,0.0036853118779139526
21,Bindi Irwin,2,0.24560845715299165
21,Carlos PenaVega,2,0.24159501826564594
21,Chaka Khan,2,4.516100073619275e-05
21,Gary Busey,2,0.0032623520554610633
21,Hayes Grier,2,0.0002337737009380152
21,Kim Zolciak-Biermann,2,4.516100076849662e-05
21,Nick Carter,2,0.2456084568311231
21,Paula Deen,2,0.0004535981213064134
21,Tamar Braxton,2,0.00848811545396487
21,Victor Espinoza,2,3.645636076033253e-05
21,Alek Skarlatos,3,0.2496401022964823
21,Alexa PenaVega,3,0.001214615578374582
21,Andy Grammer,3,0.003675288414786317
21,Bindi Irwin,3,0.24561005531462252
21,Carlos PenaVega,3,0.24158000838962346
21,Gary Busey,3,0.0030120891088215966
21,Hayes Grier,3,0.0002518095988348792
21,Nick Carter,3,0.24561005499548302
21,Paula Deen,3,0.0005417412194477693
21,Tamar Braxton,3,0.008864235083523558
21,Alek Skarlatos,4,0.2497243002339167
21,Alexa PenaVega,4,0.0011208448660080673
21,Andy Grammer,4,0.0035189464673314654
21,Bindi Irwin,4,0.2456569529396743
21,Carlos PenaVega,4,0.24158960585035716
21,Gary Busey,4,0.0026995731384244627
21,Hayes Grier,4,9.502477518145947e-05
21,Nick Carter,4,0.24565695267852722
21,Paula Deen,4,0.0005911309161548027
21,Tamar Braxton,4,0.009346668134424418
21,Alek Skarlatos,5,0.25007114394959
21,Alexa PenaVega,5,0.0013715535456730215
21,Andy Grammer,5,0.0034085836271981794
21,Bindi Irwin,5,0.24596373759870246
21,Carlos PenaVega,5,0.24185633157747455
21,Hayes Grier,5,0.00023784710622959247
21,Nick Carter,5,0.24596373737378724
21,Paula Deen,5,0.0007952074207878284
21,Tamar Braxton,5,0.010331857800557117
21,Alek Skarlatos,6,0.25011672888737085
21,Alexa PenaVega,6,0.0011572357114053313
21,Andy Grammer,6,0.003121404203157452
21,Bindi Irwin,6,0.24597245387979913
21,Carlos PenaVega,6,0.24182817908434656
21,Hayes Grier,6,2.685686087168783e-05
21,Nick Carter,6,0.24597245356541772
21,Paula Deen,6,0.0007302482973514064
21,Tamar Braxton,6,0.011074439510279921
21,Alek Skarlatos,7,0.2501763336113569
21,Alexa PenaVega,7,0.0009694795364925544
21,Andy Grammer,7,0.002974689017445715
21,Bindi Irwin,7,0.24600180827358528
21,Carlos PenaVega,7,0.2418272830820741
21,Hayes Grier,7,7.348741177533079e-17
21,Nick Carter,7,0.24600180795312415
21,Tamar Braxton,7,0.0120485985259214
21,Alek Skarlatos,8,0.2502418323791173
21,Alexa PenaVega,8,0.000235557484652429
21,Andy Grammer,8,0.002728430616964401
21,Bindi Irwin,8,0.2460136879052286
21,Carlos PenaVega,8,0.24178554365842012
21,Nick Carter,8,0.24601368761578105
21,Tamar Braxton,8,0.012981260339836133
21,Alek Skarlatos,9,0.25069619268520593
21,Alexa PenaVega,9,4.210241515143352e-17
21,Bindi Irwin,9,0.24642002208948272
21,Carlos PenaVega,9,0.24214385183446832
21,Nick Carter,9,0.24642002182921566
21,Tamar Braxton,9,0.014319911561627473
21,Alek Skarlatos,10,0.2542949130916823
21,Bindi Irwin,10,0.24999999999434444
21,Carlos PenaVega,10,0.24570508720785214
21,Nick Carter,10,0.24999999970612113
21,Alek Skarlatos,11,0.25427629540229624
21,Bindi Irwin,11,0.25000000001927075
21,Carlos PenaVega,11,0.24572370487482267
21,Nick Carter,11,0.24999999970361036
22,Antonio Brown,1,0.005925369976104618
22,Doug Flutie,1,0.004344831047983767
22,Geraldo Rivera,1,0.00034090438900489964
22,Ginger Zee,1,0.325260910019228
22,Jodie Sweetin,1,0.0014036809517976134
22,Kim Fields,1,0.00022489544126166248
22,Marla Maples,1,8.8686244749968e-05
22,Mischa Barton,1,0.0007110894080249442
22,Nyle DiMarco,1,0.32526091027679777
22,Paige VanZant,1,0.32526091047792216
22,Von Miller,1,0.0002248955698909738
22,Wanya Morris,1,0.010952916197233672
22,Antonio Brown,2,0.006512788227915511
22,Doug Flutie,2,0.0047073484538057205
22,Geraldo Rivera,2,0.0
22,Ginger Zee,2,0.3251760604800172
22,Jodie Sweetin,2,0.0013389321719454708
22,Kim Fields,2,5.9306076366137336e-05
22,Marla Maples,2,0.0004392336895897939
22,Mischa Barton,2,0.00012859583287317314
22,Nyle DiMarco,2,0.3251760609983378
22,Paige VanZant,2,0.32517606108580954
22,Von Miller,2,5.93060294273667e-05
22,Wanya Morris,2,0.011226306953912354
22,Antonio Brown,3,0.005902768846304559
22,Doug Flutie,3,0.004697187613706107
22,Ginger Zee,3,0.32544864140265156
22,Jodie Sweetin,3,0.0012576860516260295
22,Kim Fields,3,0.00022141122163747177
22,Marla Maples,3,0.0
22,Mischa Barton,3,6.95538507698726e-05
22,Nyle DiMarco,3,0.3254486418842687
22,Paige VanZant,3,0.32544864163351556
22,Von Miller,3,0.00022141115357799518
22,Wanya Morris,3,0.011284056341942288
22,Antonio Brown,4,0.00620349751714122
22,Doug Flutie,4,0.0053739364084189785
22,Ginger Zee,4,0.3253311826566419
22,Jodie Sweetin,4,0.001343484102093375
22,Kim Fields,4,0.0
22,Marla Maples,4,4.8378483212215585e-18
22,Nyle DiMarco,4,0.3253311830714686
22,Paige VanZant,4,0.325331183258366
22,Von Miller,4,0.0
22,Wanya Morris,4,0.011085532985869943
22,Antonio Brown,5,0.006591961840865757
22,Doug Flutie,5,0.0048347173458969045
22,Ginger Zee,5,0.3253111296911868
22,Jodie Sweetin,5,0.001100011162751344
22,Kim Fields,5,0.0
22,Nyle DiMarco,5,0.3253111300681307
22,Paige VanZant,5,0.3253111301415082
22,Von Miller,5,0.0
22,Wanya Morris,5,0.011539919749660298
22,Antonio Brown,6,0.006582597730791404
22,Doug Flutie,6,0.00414734182701622
22,Ginger Zee,6,0.32563911804964224
22,Jodie Sweetin,6,0.000761276371041295
22,Kim Fields,6,7.928228386300251e-18
22,Nyle DiMarco,6,0.32563911814038227
22,Paige VanZant,6,0.32563911841520904
22,Von Miller,6,4.489274620447792e-18
22,Wanya Morris,6,0.011591429465917256
22,Antonio Brown,7,0.007229608982307245
22,Ginger Zee,7,0.3264361701154683
22,Jodie Sweetin,7,0.00100133511348763
22,Kim Fields,7,0.0
22,Nyle DiMarco,7,0.3264361708897214
22,Paige VanZant,7,0.3264361708164735
22,Von Miller,7,0.0
22,Wanya Morris,7,0.012460544082541918
22,Antonio Brown,8,0.007600112621071859
22,Ginger Zee,8,0.3265759743368193
22,Jodie Sweetin,8,0.0
22,Nyle DiMarco,8,0.32657597457590415
22,Paige VanZant,8,0.32657597461943794
22,Wanya Morris,8,0.012671963846766863
22,Antonio Brown,9,0.0047260472046986345
22,Ginger Zee,9,0.32848787389075446
22,Nyle DiMarco,9,0.3284878743869302
22,Paige VanZant,9,0.3284878744506411
22,Wanya Morris,9,0.009810330066975601
22,Ginger Zee,10,0.3333333330899816
22,Nyle DiMarco,10,0.3333333333877949
22,Paige VanZant,10,0.33333333352222355
23,Amber Rose,1,0.0001739392398200376
23,Babyface,1,0.00010400910518380986
23,Calvin Johnson Jr.,1,0.24633740900533443
23,Jake T. Austin,1,6.192596407042679e-05
23,James Hinchcliffe,1,0.24633739555100578
23,Jana Kramer,1,0.24633739825214704
23,Laurie Hernandez,1,0.24633740031109563
23,Marilu Henner,1,0.004326496014518187
23,Maureen McCormick,1,1.9546233337205548e-17
23,Rick Perry,1,0.0025092225155015947
23,Ryan Lochte,1,0.0023333746664321374
23,Terra Jole,1,0.0038569670840724606
23,Vanilla Ice,1,0.0012844622908184842
23,Amber Rose,2,7.67891269103424e-05
23,Babyface,2,0.00013461193863083682
23,Calvin Johnson Jr.,2,0.24635152264448734
23,Jake T. Austin,2,2.5962409947672384e-18
23,James Hinchcliffe,2,0.24635156313105355
23,Jana Kramer,2,0.246351553059711
23,Laurie Hernandez,2,0.24635154960288558
23,Marilu Henner,2,0.004265919152412285
23,Maureen McCormick,2,8.145963019960776e-05
23,Rick Perry,2,0.0024235940828899565
23,Ryan Lochte,2,0.002431165020501154
23,Terra Jole,2,0.0038530670009281403
23,Vanilla Ice,2,0.001327205609390198
23,Amber Rose,3,7.655446674264967e-05
23,Babyface,3,6.299499299902905e-05
23,Calvin Johnson Jr.,3,0.24647868258883518
23,James Hinchcliffe,3,0.24647862011307742
23,Jana Kramer,3,0.2464786338975026
23,Laurie Hernandez,3,0.24647864164133707
23,Marilu Henner,3,0.004511570397132337
23,Maureen McCormick,3,3.875405225654923e-05
23,Rick Perry,3,0.001494700184565112
23,Ryan Lochte,3,0.002526910525864087
23,Terra Jole,3,0.0038858839480085004
23,Vanilla Ice,3,0.001488053191679449
23,Amber Rose,4,0.0002757704721464783
23,Babyface,4,9.494117193741099e-05
23,Calvin Johnson Jr.,4,0.24669989586292015
23,James Hinchcliffe,4,0.2466999769110452
23,Jana Kramer,4,0.24669995853224957
23,Laurie Hernandez,4,0.2466999492258401
23,Marilu Henner,4,0.005008516011261965
23,Maureen McCormick,4,0.0002328274941923581
23,Ryan Lochte,4,0.002561808570041409
23,Terra Jole,4,0.0041000960643923995
23,Vanilla Ice,4,0.0009262596839729608
23,Amber Rose,5,0.00031985957434364467
23,Calvin Johnson Jr.,5,0.24698278758070674
23,James Hinchcliffe,5,0.24698269582361956
23,Jana Kramer,5,0.24698271445366143
23,Laurie Hernandez,5,0.2469827279766939
23,Marilu Henner,5,0.005479104494164362
23,Maureen McCormick,5,0.0002818765944586623
23,Ryan Lochte,5,0.001878418564830871
23,Terra Jole,5,0.0041098149375208394
23,Amber Rose,6,0.0002580756548426123
23,Calvin Johnson Jr.,6,0.2470493911656534
23,James Hinchcliffe,6,0.2470494876130546
23,Jana Kramer,6,0.24704946804456657
23,Laurie Hernandez,6,0.247049453757045
23,Marilu Henner,6,0.005782425539408015
23,Maureen McCormick,6,0.0002139775895687093
23,Ryan Lochte,6,0.0013878175144013665
23,Terra Jole,6,0.004159903121459795
23,Calvin Johnson Jr.,7,0.24720630846529093
23,James Hinchcliffe,7,0.24720621663627917
23,Jana Kramer,7,0.24720623322931687
23,Laurie Hernandez,7,0.2472062498153641
23,Marilu Henner,7,0.006074763930656376
23,Maureen McCormick,7,0.00014323399620163533
23,Ryan Lochte,7,0.000634062569721869
23,Terra Jole,7,0.0043229313571690785
23,Calvin Johnson Jr.,8,0.24733470218085382
23,James Hinchcliffe,8,0.24733478359686226
23,Jana Kramer,8,0.2473347685946707
23,Laurie Hernandez,8,0.24733475420942735
23,Marilu Henner,8,0.006396594850911539
23,Ryan Lochte,8,1.4082947714048845e-17
23,Terra Jole,8,0.00426439656727433
23,Calvin Johnson Jr.,9,0.24772178784128085
23,James Hinchcliffe,9,0.2477217249499781
23,Jana Kramer,9,0.24772173510038487
23,Laurie Hernandez,9,0.24772174836172872
23,Marilu Henner,9,0.005528801165248271
23,Terra Jole,9,0.0035842025813792307
23,Calvin Johnson Jr.,10,0.24900747183813124
23,James Hinchcliffe,10,0.24900751253909592
23,Jana Kramer,10,0.2490075052716997
23,Laurie Hernandez,10,0.2490074975842549
23,Terra Jole,10,0.003970012766818315
23,Calvin Johnson Jr.,11,0.2500000083876294
23,James Hinchcliffe,11,0.24999999490806266
23,Jana Kramer,11,0.24999999650502086
23,Laurie Hernandez,11,0.25000000019928703
24,Bonner Bolton,1,0.0037339203831695035
24,Charo,1,0.0004982697831471972
24,Chris Kattan,1,0.0005373027036812212
24,David Ross,1,0.3234451451426602
24,Erika Jayne,1,0.0011965193338209698
24,Heather Morris,1,0.0009285705896508729
24,Mr. T,1,0.001314837378847769
24,Nancy Kerrigan,1,0.005331353988393423
24,Nick Viall,1,0.009444783938953209
24,Normani,1,0.3234451446962792
24,Rashad Jennings,1,0.3234451445174463
24,Simone Biles,1,0.006679007543950049
24,Bonner Bolton,2,0.004470356715888813
24,Charo,2,0.0004090709504221383
24,Chris Kattan,2,0.0006938890031299428
24,David Ross,2,0.3231646277240967
24,Erika Jayne,2,0.0016584141166008518
24,Heather Morris,2,0.0009303841150018674
24,Mr. T,2,0.001882517564888074
24,Nancy Kerrigan,2,0.005070123814888621
24,Nick Viall,2,0.009368560992323003
24,Normani,2,0.32316462916171307
24,Rashad Jennings,2,0.323164627811602
24,Simone Biles,2,0.006022798029444951
24,Bonner Bolton,3,0.005354245752154246
24,Charo,3,0.0002070052645477719
24,David Ross,3,0.32344533025180217
24,Erika Jayne,3,0.0013556961629188624
24,Heather Morris,3,0.0013123021304374397
24,Mr. T,3,0.0012294758655549917
24,Nancy Kerrigan,3,0.0050740733171728515
24,Nick Viall,3,0.009575761571648167
24,Normani,3,0.32344532735372933
24,Rashad Jennings,3,0.32344532913970553
24,Simone Biles,3,0.0055554531903287355
24,Bonner Bolton,4,0.006420888916967863
24,David Ross,4,0.3235858194616869
24,Erika Jayne,4,0.0014041166489127152
24,Heather Morris,4,0.0005452553062928439
24,Mr. T,4,0.0013102812924836037
24,Nancy Kerrigan,4,0.005101086264777087
24,Nick Viall,4,0.009529171348367494
24,Normani,4,0.32358582290683824
24,Rashad Jennings,4,0.32358582003780345
24,Simone Biles,4,0.004931737815869843
24,Bonner Bolton,5,0.00768519364815596
24,David Ross,5,0.32371980573795756
24,Erika Jayne,5,0.0010908028275741469
24,Heather Morris,5,0.00022307886360710465
24,Nancy Kerrigan,5,0.00539012606392868
24,Nick Viall,5,0.010050200122014631
24,Normani,5,0.32371980233464026
24,Rashad Jennings,5,0.32371980428083846
24,Simone Biles,5,0.004401186121283182
24,Bonner Bolton,6,0.008733575092855385
24,David Ross,6,0.3238128351292542
24,Heather Morris,6,0.0
24,Nancy Kerrigan,6,0.005547170419461582
24,Nick Viall,6,0.010326777429552415
24,Normani,6,0.32381283825857493
24,Rashad Jennings,6,0.3238128355875365
24,Simone Biles,6,0.003953968082765142
24,Bonner Bolton,7,0.0114189051019037
24,David Ross,7,0.32532455812051425
24,Nancy Kerrigan,7,0.0029621752516848917
24,Nick Viall,7,0.006350091683067952
24,Normani,7,0.32532455514500014
24,Rashad Jennings,7,0.32532455714385317
24,Simone Biles,7,0.003295157553975968
24,Bonner Bolton,8,0.01115867975337912
24,David Ross,8,0.32820323632667714
24,Normani,8,0.32820323853412375
24,Rashad Jennings,8,0.32820323641089905
24,Simone Biles,8,0.004231608974920863
24,David Ross,9,0.33145814146248503
24,Normani,9,0.3314581404361687
24,Rashad Jennings,9,0.33145814081721126
24,Simone Biles,9,0.005625577284135118
24,David Ross,10,0.333333333377136
24,Normani,10,0.3333333335619836
24,Rashad Jennings,10,0.33333333306088037
25,Barbara Corcoran,1,0.0006368074071269993
25,Debbie Gibson,1,9.079085398507373e-05
25,Derek Fisher,1,0.0026161105466551483
25,Drew Scott,1,0.24566138172723148
25,Frankie Muniz,1,0.24566138383165806
25,Jordan Fisher,1,0.24566137177438535
25,Lindsey Stirling,1,0.24566138213253252
25,Nick Lachey,1,0.002995933468746454
25,Nikki Bella,1,0.0014840275988879578
25,Sasha Pieterse,1,0.00011453305461568113
25,Terrell Owens,1,0.0010684923443052751
25,Vanessa Lachey,1,0.00026585145627954106
25,Victoria Arlen,1,0.00808193380359047
25,Barbara Corcoran,2,0.000609653395373368
25,Debbie Gibson,2,8.626328232434082e-18
25,Derek Fisher,2,0.002350483154870764
25,Drew Scott,2,0.24565736367410704
25,Frankie Muniz,2,0.24565735877486927
25,Jordan Fisher,2,0.2456573919504779
25,Lindsey Stirling,2,0.24565736571719224
25,Nick Lachey,2,0.0027850358215932556
25,Nikki Bella,2,0.0015669887699138751
25,Sasha Pieterse,2,7.057327932489063e-06
25,Terrell Owens,2,0.001566988769913839
25,Vanessa Lachey,2,0.00035625630875349656
25,Victoria Arlen,2,0.008128056335002444
25,Derek Fisher,3,0.0024915897943640214
25,Drew Scott,3,0.24577938140588976
25,Frankie Muniz,3,0.24577939037433083
25,Jordan Fisher,3,0.2457793377101092
25,Lindsey Stirling,3,0.2457793803108159
25,Nick Lachey,3,0.0033977102635748537
25,Nikki Bella,3,0.001431134678805878
25,Sasha Pieterse,3,5.6107462426124854e-18
25,Terrell Owens,3,0.001999958468586063
25,Vanessa Lachey,3,1.0625181290357943e-17
25,Victoria Arlen,3,0.007562116993523489
25,Derek Fisher,4,0.0015814443858731433
25,Drew Scott,4,0.24608428304448463
25,Frankie Muniz,4,0.24608427246203213
25,Jordan Fisher,4,0.24608433792753376
25,Lindsey Stirling,4,0.2460842863801752
25,Nick Lachey,4,0.003162888771743726
25,Nikki Bella,4,0.0010078352802338356
25,Sasha Pieterse,4,2.7647155398380363e-18
25,Terrell Owens,4,0.0026244434867785647
25,Vanessa Lachey,4,0.0
25,Victoria Arlen,4,0.007286208261144966
25,Drew Scott,5,0.24620944516365817
25,Frankie Muniz,5,0.24620945767598817
25,Jordan Fisher,5,0.24620938373950954
25,Lindsey Stirling,5,0.24620944288265176
25,Nick Lachey,5,0.0032840722495893764
25,Nikki Bella,5,0.0007654250342011566
25,Sasha Pieterse,5,1.406752318799942e-17
25,Terrell Owens,5,0.0033595752622644086
25,Vanessa Lachey,5,0.00044350889085912395
25,Victoria Arlen,5,0.00730968910127821
25,Drew Scott,6,0.24624100239375954
25,Frankie Muniz,6,0.24624099017647252
25,Jordan Fisher,6,0.24624106382407213
25,Lindsey Stirling,6,0.2462410066283046
25,Nick Lachey,6,0.003389708807177186
25,Nikki Bella,6,0.0006264070533278127
25,Terrell Owens,6,0.004077304521348991
25,Vanessa Lachey,6,7.921452122722217e-18
25,Victoria Arlen,6,0.006942516595537321
25,Drew Scott,7,0.24684083783192642
25,Frankie Muniz,7,0.24684085029139405
25,Jordan Fisher,7,0.2468407826486696
25,Lindsey Stirling,7,0.24684083552804176
25,Nikki Bella,7,0.0006234332199664132
25,Terrell Owens,7,0.004956165618276461
25,Vanessa Lachey,7,1.3717000795468354e-17
25,Victoria Arlen,7,0.007057094861725318
25,Drew Scott,8,0.24742015067181605
25,Frankie Muniz,8,0.2474201409985187
25,Jordan Fisher,8,0.2474201940495533
25,Lindsey Stirling,8,0.2474201537547937
25,Terrell Owens,8,0.003105823576214685
25,Victoria Arlen,8,0.007213536949103516
25,Drew Scott,9,0.24838751963592232
25,Frankie Muniz,9,0.2483875263696003
25,Jordan Fisher,9,0.24838749169045576
25,Lindsey Stirling,9,0.24838751907618312
25,Victoria Arlen,9,0.006449943227838548
25,Drew Scott,10,0.24999999773240966
25,Frankie Muniz,10,0.24999999596471165
25,Jordan Fisher,10,0.2500000073132483
25,Lindsey Stirling,10,0.24999999898963024
26,Adam Rippon,1,0.3291003918864089
26,Arike Ogunbowale,1,2.918614006639423e-17
26,Chris Mazdzer,1,0.0030607046657175397
26,Jamie Anderson,1,1.4122926469129202e-17
26,Jennie Finch Daigle,1,0.005569226420355345
26,Johnny Damon,1,5.904245783977595e-18
26,Josh Norman,1,0.32910115551176894
26,Kareem Abdul-Jabbar,1,0.004069118259698924
26,Mirai Nagasu,1,2.6768865755876754e-17
26,Tonya Harding,1,0.3290994032560505
26,Adam Rippon,2,0.3294381868545649
26,Arike Ogunbowale,2,1.3688549771564534e-17
26,Chris Mazdzer,2,0.003202678496812494
26,Jennie Finch Daigle,2,0.005605882769175674
26,Josh Norman,2,0.329436334932076
26,Kareem Abdul-Jabbar,2,0.0028763446460609273
26,Mirai Nagasu,2,2.0583524107564946e-17
26,Tonya Harding,2,0.3294405723013102
26,Adam Rippon,3,0.33098931000236687
26,Chris Mazdzer,3,0.002369093152444466
26,Jennie Finch Daigle,3,0.004663491107043355
26,Josh Norman,3,0.33099117560973307
26,Mirai Nagasu,3,1.8511948876182606e-18
26,Tonya Harding,3,0.3309869301284124
26,Adam Rippon,4,0.3333332636978805
26,Josh Norman,4,0.33333248742428306
26,Tonya Harding,4,0.3333342488778364
27,Alexis Ren,1,0.23971654542855264
27,Bobby Bones,1,0.2397165458026325
27,Danelle Umstead,1,0.00032156064745090076
27,DeMarcus Ware,1,0.007034941202195736
27,Evanna Lynch,1,0.23971654552280822
27,Joe Amabile,1,0.019977662451327864
27,John Schneider,1,0.008870023481188245
27,Juan Pablo Di Pace,1,0.0035837687712040405
27,Mary Lou Retton,1,0.00022026512826714894
27,Milo Manheim,1,0.23971654536159198
27,Nancy McKeon,1,0.00034444370541127155
27,Nikki Glaser,1,0.00044105043259859536
27,Tinashe,1,0.000340102064770967
27,Alexis Ren,2,0.23974584434436894
27,Bobby Bones,2,0.23974584266367752
27,Danelle Umstead,2,0.00034664998167938983
27,DeMarcus Ware,2,0.007129674212864254
27,Evanna Lynch,2,0.23974584409346333
27,Joe Amabile,2,0.02004012255997598
27,John Schneider,2,0.009055907419532617
27,Juan Pablo Di Pace,2,0.003584818512890319
27,Mary Lou Retton,2,0.00018404275046289648
27,Milo Manheim,2,0.23974584416783104
27,Nancy McKeon,2,0.0003625583268467874
27,Tinashe,2,0.00031285096640682695
27,Alexis Ren,3,0.23982423235010483
27,Bobby Bones,3,0.23982423472843237
27,DeMarcus Ware,3,0.007268620917493345
27,Evanna Lynch,3,0.23982423293712826
27,Joe Amabile,3,0.020091942202097316
27,John Schneider,3,0.009095755377413167
27,Juan Pablo Di Pace,3,0.0035774025249485433
27,Mary Lou Retton,3,0.00010478194284345625
27,Milo Manheim,3,0.239824232842672
27,Nancy McKeon,3,0.00040470270398299126
27,Tinashe,3,0.00015986147288367375
27,Alexis Ren,4,0.2398633328665978
27,Bobby Bones,4,0.2398633295464527
27,DeMarcus Ware,4,0.007365732482073527
27,Evanna Lynch,4,0.2398633320731293
27,Joe Amabile,4,0.02029676696483179
27,John Schneider,4,0.009213023122467778
27,Juan Pablo Di Pace,4,0.003671151201285127
27,Mary Lou Retton,4,1.8832070509166533e-17
27,Milo Manheim,4,0.2398633317431621
27,Tinashe,4,2.1950872273593692e-17
27,Alexis Ren,5,0.24093097296002008
27,Bobby Bones,5,0.24093097629480684
27,DeMarcus Ware,5,0.005678657180453491
27,Evanna Lynch,5,0.24093097399485744
27,Joe Amabile,5,0.017816799231922965
27,John Schneider,5,0.009274432151559873
27,Juan Pablo Di Pace,5,0.003506213892782134
27,Mary Lou Retton,5,2.48457773879063e-17
27,Milo Manheim,5,0.24093097429359714
27,Alexis Ren,6,0.24200955664919033
27,Bobby Bones,6,0.24200955332784707
27,DeMarcus Ware,6,0.003983582736033503
27,Evanna Lynch,6,0.2420095557065285
27,Joe Amabile,6,0.015326743777099331
27,John Schneider,6,0.009342163601483518
27,Juan Pablo Di Pace,6,0.003309288900941403
27,Mary Lou Retton,6,1.8302865448122392e-17
27,Milo Manheim,6,0.24200955530087637
27,Alexis Ren,7,0.24361221678897396
27,Bobby Bones,7,0.2436122190671926
27,DeMarcus Ware,7,0.0029174622895686616
27,Evanna Lynch,7,0.2436122175431536
27,Joe Amabile,7,0.013263076265647055
27,John Schneider,7,0.005678185512856592
27,Juan Pablo Di Pace,7,0.003692404937855287
27,Milo Manheim,7,0.24361221759475227
27,Alexis Ren,8,0.24628876858314325
27,Bobby Bones,8,0.24628876697080354
27,Evanna Lynch,8,0.24628876818003215
27,Joe Amabile,8,0.01218732037022113
27,Juan Pablo Di Pace,8,0.00265760774772393
27,Milo Manheim,8,0.24628876814807593
27,Alexis Ren,9,0.24999999984371554
27,Bobby Bones,9,0.2500000002180808
27,Evanna Lynch,9,0.25000000003830647
27,Milo Manheim,9,0.24999999989989724
28,Ally Brooke,1,0.24496251818268938
28,Hannah Brown,1,0.244962517768908
28,James Van Der Beek,1,0.0018700953287785517
28,Karamo Brown,1,0.0028558817139408103
28,Kate Flannery,1,0.00038336172253407085
28,Kel Mitchell,1,0.24496251822889478
28,Lamar Odom,1,0.005791176092953695
28,Lauren Alaina,1,0.24496251817472345
28,Mary Wilson,1,9.403130811052997e-06
28,Ray Lewis,1,5.802305286712929e-05
28,Sailor Brinkley-Cook,1,0.0004489585734817552
28,Sean Spicer,1,0.008733028029417314
28,Ally Brooke,2,0.24499252838128002
28,Hannah Brown,2,0.24499252797509607
28,James Van Der Beek,2,0.0016902572288631514
28,Karamo Brown,2,0.002954612802049545
28,Kate Flannery,2,0.00033870312731660126
28,Kel Mitchell,2,0.2449925283095308
28,Lamar Odom,2,0.005870841487279873
28,Lauren Alaina,2,0.24499252832126203
28,Mary Wilson,2,6.352199176978325e-06
28,Ray Lewis,2,3.38519749507825e-05
28,Sailor Brinkley-Cook,2,0.0002374694881574388
28,Sean Spicer,2,0.008897798705036774
28,Ally Brooke,3,0.24504388752041867
28,Hannah Brown,3,0.24504388709829278
28,James Van Der Beek,3,0.0015554823503646231
28,Karamo Brown,3,0.0028618237570758255
28,Kate Flannery,3,0.0006045789715680543
28,Kel Mitchell,3,0.24504388756954507
28,Lamar Odom,3,0.00537346972100472
28,Lauren Alaina,3,0.24504388749703646
28,Sailor Brinkley-Cook,3,0.00012885112574309752
28,Sean Spicer,3,0.009300244388950829
28,Ally Brooke,4,0.24506077098832185
28,Hannah Brown,4,0.24506077053957534
28,James Van Der Beek,4,0.0012714018037934278
28,Karamo Brown,4,0.003063822699985396
28,Kate Flannery,4,0.0006918134036025822
28,Kel Mitchell,4,0.24506077093899536
28,Lamar Odom,4,0.004905320107462022
28,Lauren Alaina,4,0.2450607709297364
28,Sailor Brinkley-Cook,4,7.735778223154424e-05
28,Sean Spicer,4,0.009747200806296076
28,Ally Brooke,5,0.24561738985808246
28,Hannah Brown,5,0.24561738949065567
28,James Van Der Beek,5,0.0013508684065290453
28,Karamo Brown,5,0.0037909256688979515
28,Kate Flannery,5,0.0013357479752796957
28,Kel Mitchell,5,0.2456173899374819
28,Lauren Alaina,5,0.24561738984630965
28,Sailor Brinkley-Cook,5,0.0002626402459130314
28,Sean Spicer,5,0.01079025857085062
28,Ally Brooke,6,0.24559567517334258
28,Hannah Brown,6,0.24559567465907153
28,James Van Der Beek,6,0.0009524693404610546
28,Karamo Brown,6,0.0037482074706147563
28,Kate Flannery,6,0.0014148206883809996
28,Kel Mitchell,6,0.24559567509659785
28,Lauren Alaina,6,0.2455956750680617
28,Sailor Brinkley-Cook,6,3.922757229545498e-18
28,Sean Spicer,6,0.01150180250346962
28,Ally Brooke,7,0.24602778410978582
28,Hannah Brown,7,0.24602778373884818
28,James Van Der Beek,7,0.0007316497951902791
28,Karamo Brown,7,0.0008989769991476014
28,Kate Flannery,7,0.001951956245548757
28,Kel Mitchell,7,0.24602778418282414
28,Lauren Alaina,7,0.24602778409252887
28,Sean Spicer,7,0.01230628083612634
28,Ally Brooke,8,0.24652368494671859
28,Hannah Brown,8,0.24652368442684572
28,James Van Der Beek,8,0.0005959195381779709
28,Kate Flannery,8,2.4434424724784354e-18
28,Kel Mitchell,8,0.24652368485810613
28,Lauren Alaina,8,0.24652368479803521
28,Sean Spicer,8,0.013309341432116501
28,Ally Brooke,9,0.2470187614481936
28,Hannah Brown,9,0.24701876105106638
28,James Van Der Beek,9,0.0006324376721088862
28,Kel Mitchell,9,0.24701876155491692
28,Lauren Alaina,9,0.24701876143222645
28,Sean Spicer,9,0.011292516841487698
28,Ally Brooke,10,0.24937619269880462
28,Hannah Brown,10,0.24937619219396284
28,James Van Der Beek,10,0.002495229948985027
28,Kel Mitchell,10,0.24937619260597507
28,Lauren Alaina,10,0.24937619255227242
28,Ally Brooke,11,0.250000000121541
28,Hannah Brown,11,0.2499999996707801
28,Kel Mitchell,11,0.2500000001568111
28,Lauren Alaina,11,0.25000000005086787
29,AJ McLean,1,0.005407551166149292
29,Anne Heche,1,8.456969036234618e-05
29,Carole Baskin,1,8.702656335234806e-05
29,Charles Oakley,1,1.6017671846819707e-05
29,Chrishell Stause,1,4.2790802915392966e-18
29,Jeannie Mai,1,8.924587893838318e-05
29,Jesse Metcalfe,1,9.331151417817461e-05
29,Johnny Weir,1,0.00047613494994924835
29,Justina Machado,1,0.2472826085224934
29,Kaitlyn Bristowe,1,0.24728260787852327
29,Monica Aldama,1,0.00015022082311790783
29,Nelly,1,0.24728260899489607
29,Nev Schulman,1,0.247282607584065
29,Skai Jackson,1,0.004465488762127772
29,Veron Davis,1,8.552459592846309e-19
29,AJ McLean,2,0.005345508693644985
29,Anne Heche,2,0.00012258911340457654
29,Carole Baskin,2,5.557692623635341e-05
29,Charles Oakley,2,9.627382533681714e-06
29,Chrishell Stause,2,8.12232335153039e-06
29,Jeannie Mai,2,0.000111613530713789
29,Jesse Metcalfe,2,5.551427187934773e-05
29,Johnny Weir,2,0.0004467402812564584
29,Justina Machado,2,0.2473157477776909
29,Kaitlyn Bristowe,2,0.2473157471747528
29,Monica Aldama,2,0.00016101732666133983
29,Nelly,2,0.24731574841608528
29,Nev Schulman,2,0.24731574669548495
29,Skai Jackson,2,0.004396638360329015
29,Veron Davis,2,2.4061725975059848e-05
29,AJ McLean,3,0.005199373977871317
29,Anne Heche,3,0.00012306036681353853
29,Carole Baskin,3,5.405716949712095e-05
29,Chrishell Stause,3,1.518042081176487e-18
29,Jeannie Mai,3,6.30970119516462e-05
29,Jesse Metcalfe,3,9.593378433392333e-05
29,Johnny Weir,3,0.0004467426006769753
29,Justina Machado,3,0.24738248479343836
29,Kaitlyn Bristowe,3,0.24738248412756064
29,Monica Aldama,3,0.00011384009874929965
29,Nelly,3,0.24738248507819777
29,Nev Schulman,3,0.24738248376772806
29,Skai Jackson,3,0.004370667420269368
29,Veron Davis,3,3.2898029120650185e-06
29,AJ McLean,4,0.005022867248663059
29,Anne Heche,4,3.238296429591492e-05
29,Chrishell Stause,4,5.795442631434107e-06
29,Jeannie Mai,4,5.26170329000907e-05
29,Jesse Metcalfe,4,8.900249988574318e-05
29,Johnny Weir,4,0.0003924270655213396
29,Justina Machado,4,0.24745405968516648
29,Kaitlyn Bristowe,4,0.24745405941282297
29,Monica Aldama,4,8.593207405310632e-05
29,Nelly,4,0.24745406062823486
29,Nev Schulman,4,0.24745405898112785
29,Skai Jackson,4,0.0044680939799250615
29,Veron Davis,4,3.464298477203411e-05
29,AJ McLean,5,0.004781155504306415
29,Chrishell Stause,5,8.522647365577209e-05
29,Jeannie Mai,5,5.6246667902029226e-05
29,Jesse Metcalfe,5,1.5311627592604092e-05
29,Johnny Weir,5,0.00025744615326777286
29,Justina Machado,5,0.24750735191323506
29,Kaitlyn Bristowe,5,0.2475073508070981
29,Monica Aldama,5,6.978781603403248e-05
29,Nelly,5,0.24750735190902048
29,Nev Schulman,5,0.2475073506565318
29,Skai Jackson,5,0.004633467828381559
29,Veron Davis,5,7.195264297436713e-05
29,AJ McLean,6,0.004332557117509451
29,Chrishell Stause,6,9.960955617611672e-05
29,Jeannie Mai,6,2.002295117983101e-05
29,Johnny Weir,6,0.000168076105204768
29,Justina Machado,6,0.2476286354620539
29,Kaitlyn Bristowe,6,0.24762863510472913
29,Monica Aldama,6,7.025297037623511e-05
29,Nelly,6,0.2476286364481771
29,Nev Schulman,6,0.24762863454266462
29,Skai Jackson,6,0.00479493974192897
29,Veron Davis,6,5.2597737722302995e-18
29,AJ McLean,7,0.004077279797530365
29,Chrishell Stause,7,0.00010480082612446739
29,Jeannie Mai,7,2.628074051267171e-05
29,Johnny Weir,7,0.00012662261730391633
29,Justina Machado,7,0.2478662467882139
29,Kaitlyn Bristowe,7,0.247866246041787
29,Monica Aldama,7,2.275636059428139e-05
29,Nelly,7,0.24786624685585784
29,Nev Schulman,7,0.24786624575812463
29,Skai Jackson,7,0.004177274213951057
29,AJ McLean,8,0.0037427092406958624
29,Chrishell Stause,8,0.00020700522386124892
29,Johnny Weir,8,5.873897709607717e-05
29,Justina Machado,8,0.24809668065125798
29,Kaitlyn Bristowe,8,0.24809668020715625
29,Nelly,8,0.24809668158773887
29,Nev Schulman,8,0.2480966796529378
29,Skai Jackson,8,0.0036048244592559895
29,AJ McLean,9,0.00318319908353272
29,Johnny Weir,9,3.3742280557557604e-05
29,Justina Machado,9,0.24840883271281108
29,Kaitlyn Bristowe,9,0.2484088318047843
29,Nelly,9,0.24840883286929386
29,Nev Schulman,9,0.24840883169170205
29,Skai Jackson,9,0.0031477295573184606
29,Johnny Weir,10,7.898692146842738e-19
29,Justina Machado,10,0.24918330894141236
29,Kaitlyn Bristowe,10,0.24918330856618023
29,Nelly,10,0.24918330974253602
29,Nev Schulman,10,0.24918330815193315
29,Skai Jackson,10,0.003266764597938286
29,Justina Machado,11,0.25000000037588344
29,Kaitlyn Bristowe,11,0.24999999965050446
29,Nelly,11,0.25000000076932954
29,Nev Schulman,11,0.24999999920428262
30,Amanda Kloots,1,0.24657566830408925
30,Brian Austin Green,1,0.002721795926427239
30,Christine Chiu,1,0.0
30,Cody Rigsby,1,0.24657566855382537
30,Iman Shumpert,1,0.24657566819805266
30,Jimmie Allen,1,0.0015447558801296702
30,JoJo Siwa,1,0.24657566814455362
30,Kenya Moore,1,1.1933197963555993e-17
30,Martin Kove,1,4.36104214148714e-05
30,Matt James,1,0.0013651157039041924
30,Melanie C,1,1.8479302507516657e-18
30,Melora Hardin,1,2.9257395030155215e-18
30,"Mike ""The Miz"" Mizanin",1,0.0035291167433017163
30,Olivia Jade,1,0.0002136586028757052
30,Suni Lee,1,0.004279273521425813
30,Amanda Kloots,2,0.24651006154455246
30,Brian Austin Green,2,0.0029037820928498226
30,Christine Chiu,2,0.0
30,Cody Rigsby,2,0.246510062031178
30,Iman Shumpert,2,0.24651006157361124
30,Jimmie Allen,2,0.0018125217243188157
30,JoJo Siwa,2,0.24651006149965493
30,Kenya Moore,2,6.177790977149578e-05
30,Martin Kove,2,0.00013571368342737722
30,Matt James,2,0.0013388792570004403
30,Melanie C,2,7.310134678470166e-18
30,Melora Hardin,2,4.31676390629734e-17
30,"Mike ""The Miz"" Mizanin",2,0.0035205181474182922
30,Olivia Jade,2,7.764831823755272e-05
30,Suni Lee,2,0.0041089122179793795
30,Amanda Kloots,3,0.24659035768013823
30,Brian Austin Green,3,0.00287631831255992
30,Christine Chiu,3,1.909486293558576e-18
30,Cody Rigsby,3,0.24659035739309917
30,Iman Shumpert,3,0.24659035719055955
30,Jimmie Allen,3,0.0017379881102164156
30,JoJo Siwa,3,0.24659035731956747
30,Kenya Moore,3,3.040402282898328e-18
30,Matt James,3,0.0014381591562799615
30,Melanie C,3,6.194174443923059e-05
30,Melora Hardin,3,3.782589587685287e-05
30,"Mike ""The Miz"" Mizanin",3,0.003499126790784917
30,Olivia Jade,3,3.6847783050648604e-17
30,Suni Lee,3,0.003987210406478274
30,Amanda Kloots,4,0.24680133848258454
30,Brian Austin Green,4,0.002558904820869767
30,Cody Rigsby,4,0.24680133946002566
30,Iman Shumpert,4,0.24680133880560282
30,Jimmie Allen,4,0.0016647226042019393
30,JoJo Siwa,4,0.24680133857815922
30,Kenya Moore,4,1.2449101815847578e-18
30,Matt James,4,0.0010271138054758692
30,Melanie C,4,1.946927201275411e-18
30,Melora Hardin,4,3.0113040899923466e-17
30,"Mike ""The Miz"" Mizanin",4,0.003790476045385845
30,Olivia Jade,4,1.6805345715651164e-05
30,Suni Lee,4,0.0037366220519786716
30,Amanda Kloots,5,0.24725616467527883
30,Cody Rigsby,5,0.2472561642725471
30,Iman Shumpert,5,0.24725616414260926
30,Jimmie Allen,5,0.0022068855787133277
30,JoJo Siwa,5,0.24725616418719323
30,Kenya Moore,5,0.00013667930174551116
30,Melanie C,5,2.923065152464319e-18
30,Melora Hardin,5,4.778208333124991e-05
30,"Mike ""The Miz"" Mizanin",5,0.004433230662201266
30,Olivia Jade,5,0.00030263740715492417
30,Suni Lee,5,0.003848127689225247
30,Amanda Kloots,6,0.2475973695104371
30,Cody Rigsby,6,0.24759737036165877
30,Iman Shumpert,6,0.2475973698132183
30,Jimmie Allen,6,0.0019774781110909498
30,JoJo Siwa,6,0.24759736976159627
30,Kenya Moore,6,0.00016931961960814682
30,Melora Hardin,6,0.0
30,"Mike ""The Miz"" Mizanin",6,0.003857501493342527
30,Olivia Jade,6,7.3489856215122615e-06
30,Suni Lee,6,0.0035988723434264725
30,Amanda Kloots,7,0.24787889977492095
30,Cody Rigsby,7,0.2478788991944147
30,Iman Shumpert,7,0.24787889920315107
30,Jimmie Allen,7,0.0018895143280003406
30,JoJo Siwa,7,0.24787889929405818
30,Melora Hardin,7,6.930142601350296e-18
30,"Mike ""The Miz"" Mizanin",7,0.003408242660261225
30,Olivia Jade,7,4.1104274348556735e-17
30,Suni Lee,7,0.0031866455451935605
30,Amanda Kloots,8,0.24853119457879108
30,Cody Rigsby,8,0.24853119549516203
30,Iman Shumpert,8,0.2485311948406543
30,Jimmie Allen,8,0.0020215077534447177
30,JoJo Siwa,8,0.24853119470889082
30,Melora Hardin,8,0.00010146585612548912
30,Olivia Jade,8,0.0004022418512302011
30,Suni Lee,8,0.0033500049157014155
30,Amanda Kloots,9,0.2492101678750216
30,Cody Rigsby,9,0.24921016785106398
30,Iman Shumpert,9,0.24921016755549097
30,JoJo Siwa,9,0.24921016756522327
30,Melora Hardin,9,1.1938798823840784e-17
30,Suni Lee,9,0.003159329153200251
30,Amanda Kloots,10,0.2500000000078365
30,Cody Rigsby,10,0.25000000016951696
30,Iman Shumpert,10,0.2499999999132284
30,JoJo Siwa,10,0.24999999990941812
31,Charli D'Amelio,1,0.2479659897696549
31,Cheryl Ladd,1,0.001971105805092013
31,Daniel Durant,1,0.001941198066143891
31,Gabby Windey,1,0.2480677913521843
31,Heidi D'Amelio,1,7.973823340862247e-05
31,Jason Lewis,1,4.031976045584939e-05
31,Jessie James Decker,1,0.0001269156865973082
31,Jordin Sparks,1,6.555387909470612e-05
31,Joseph Baena,1,7.634346188770396e-05
31,Sam Champion,1,0.0006989646667888798
31,Selma Blair,1,0.00016258784072048594
31,Shangela,1,0.24796598945790235
31,Teresa Giudice,1,3.9039265542655386e-05
31,Trevor Donovan,1,0.00015407048013146716
31,Vinny Guadagnino,1,0.00267840204947086
31,Wayne Brady,1,0.24796599022492405
31,Charli D'Amelio,2,0.24795962051566545
31,Cheryl Ladd,2,0.0020784139766198075
31,Daniel Durant,2,0.001787933550437058
31,Gabby Windey,2,0.24804151608397706
31,Heidi D'Amelio,2,0.0001212093766446493
31,Jessie James Decker,2,0.00012649804501541323
31,Jordin Sparks,2,7.660266168028342e-05
31,Joseph Baena,2,7.061788322895292e-05
31,Sam Champion,2,0.0007364335062761118
31,Selma Blair,2,0.00016241503932940546
31,Shangela,2,0.24795962033386734
31,Teresa Giudice,2,9.90329270022224e-18
31,Trevor Donovan,2,0.00015440497909062067
31,Vinny Guadagnino,2,0.002765092999520525
31,Wayne Brady,2,0.2479596210486474
31,Charli D'Amelio,3,0.24798296177310655
31,Cheryl Ladd,3,0.001838710183887887
31,Daniel Durant,3,0.0016877048921514841
31,Gabby Windey,3,0.24808558444057743
31,Heidi D'Amelio,3,5.1101557123508464e-05
31,Jessie James Decker,3,0.0001665809380612664
31,Jordin Sparks,3,7.35090299071652e-05
31,Joseph Baena,3,4.7286075474976876e-05
31,Sam Champion,3,0.0007748397143468357
31,Selma Blair,3,0.00014976169523692176
31,Shangela,3,0.2479829613382725
31,Trevor Donovan,3,9.748740695259082e-05
31,Vinny Guadagnino,3,0.003078548778073416
31,Wayne Brady,3,0.24798296217682753
31,Charli D'Amelio,4,0.24817292994834306
31,Daniel Durant,4,0.0017502036741398454
31,Gabby Windey,4,0.24823453673386237
31,Heidi D'Amelio,4,0.00012789576652250695
31,Jessie James Decker,4,0.00018652960718062078
31,Jordin Sparks,4,0.00015652813984941673
31,Joseph Baena,4,0.00014920809951786187
31,Sam Champion,4,0.0007568220725718434
31,Selma Blair,4,0.0003167279946514691
31,Shangela,4,0.24817292974236727
31,Trevor Donovan,4,0.00010193356721403849
31,Vinny Guadagnino,4,0.0037008242029094407
31,Wayne Brady,4,0.24817293045087033
31,Charli D'Amelio,5,0.24826573686776104
31,Daniel Durant,5,0.001651796480879813
31,Gabby Windey,5,0.24838306373512503
31,Heidi D'Amelio,5,7.67322791315428e-05
31,Jessie James Decker,5,0.00012080318213967661
31,Jordin Sparks,5,0.00011598150899400391
31,Joseph Baena,5,0.0001634585410158781
31,Selma Blair,5,0.00027918964089589733
31,Shangela,5,0.24826573650201947
31,Trevor Donovan,5,9.434638259105127e-05
31,Vinny Guadagnino,5,0.0043174175795599404
31,Wayne Brady,5,0.24826573729988669
31,Charli D'Amelio,6,0.24834996674219714
31,Daniel Durant,6,0.0013788904258571074
31,Gabby Windey,6,0.2484111602141919
31,Heidi D'Amelio,6,3.480118692496335e-05
31,Jessie James Decker,6,0.0
31,Jordin Sparks,6,7.637524817310514e-05
31,Shangela,6,0.24834996654726876
31,Trevor Donovan,6,8.415971700634993e-05
31,Vinny Guadagnino,6,0.004964712655573606
31,Wayne Brady,6,0.24834996726280711
31,Charli D'Amelio,7,0.24852916909325326
31,Daniel Durant,7,0.0011843805855359523
31,Gabby Windey,7,0.2486515914592805
31,Heidi D'Amelio,7,2.6191230436770194e-05
31,Jordin Sparks,7,9.641243346352802e-05
31,Shangela,7,0.24852916871573985
31,Trevor Donovan,7,2.583903614456177e-05
31,Vinny Guadagnino,7,0.004428077939342408
31,Wayne Brady,7,0.24852916950680318
31,Charli D'Amelio,8,0.24875074692631607
31,Daniel Durant,8,0.0010835166493422472
31,Gabby Windey,8,0.24881726215025204
31,Heidi D'Amelio,8,2.0442130089271584e-17
31,Shangela,8,0.24875074677892775
31,Trevor Donovan,8,7.624598929261138e-18
31,Vinny Guadagnino,8,0.0038469800234657765
31,Wayne Brady,8,0.24875074747169615
31,Charli D'Amelio,9,0.2495236317364484
31,Daniel Durant,9,0.0014987356701819073
31,Gabby Windey,9,0.24962576538455236
31,Shangela,9,0.24952363133891978
31,Trevor Donovan,9,0.0003046037055355484
31,Wayne Brady,9,0.24952363216436207
31,Charli D'Amelio,10,0.24998082027315185
31,Gabby Windey,10,0.25005753897650135
31,Shangela,10,0.2499808200132507
31,Wayne Brady,10,0.2499808207370961
32,Adrian Peterson,1,0.0019347740904504557
32,Alyson Hannigan,1,0.19422270640081346
32,Ariana Madix,1,0.19422270644551803
32,Barry Williams,1,0.003568780707519941
32,Charity Lawson,1,0.1942227061408412
32,Harry Jowsey,1,0.015461754261772808
32,Jamie Lynn Spears,1,6.541524359503342e-05
32,Jason Mraz,1,0.19422270578734788
32,Lele Pons,1,0.0002524672153779281
32,Matt Walsh,1,0.00024181834561246829
32,Mauricio Umansky,1,0.007082699372312175
32,Mira Sorvino,1,5.1465437115161425e-05
32,Tyson Beckford,1,0.00022729421826562718
32,Xochitl Gomez,1,0.19422270633345795
32,Adrian Peterson,2,0.0017900515503516663
32,Alyson Hannigan,2,0.1942837970800603
32,Ariana Madix,2,0.19428379669393378
32,Barry Williams,2,0.003974803840167545
32,Charity Lawson,2,0.19428379637155388
32,Harry Jowsey,2,0.015342884281478323
32,Jamie Lynn Spears,2,3.150721353166998e-18
32,Jason Mraz,2,0.19428379624920455
32,Lele Pons,2,0.000150479446913312
32,Mauricio Umansky,2,0.007192212414697432
32,Mira Sorvino,2,5.0538469138338345e-06
32,Tyson Beckford,2,0.00012553163952514667
32,Xochitl Gomez,2,0.1942837965852003
32,Adrian Peterson,3,0.0010585872428995906
32,Alyson Hannigan,3,0.1944063583982096
32,Ariana Madix,3,0.1944063588226311
32,Barry Williams,3,0.0046403731732542735
32,Charity Lawson,3,0.19440635853470203
32,Harry Jowsey,3,0.015122628269337085
32,Jason Mraz,3,0.1944063579657595
32,Lele Pons,3,0.00025935178658966363
32,Mauricio Umansky,3,0.006572706454366465
32,Mira Sorvino,3,7.886191788445613e-05
32,Tyson Beckford,3,0.0002356987356153663
32,Xochitl Gomez,3,0.1944063586987509
32,Adrian Peterson,4,8.786764324978538e-05
32,Alyson Hannigan,4,0.1946066378129148
32,Ariana Madix,4,0.19460663710598475
32,Barry Williams,4,0.005437732544234912
32,Charity Lawson,4,0.19460663676541723
32,Harry Jowsey,4,0.015077676557067392
32,Jason Mraz,4,0.19460663682102866
32,Lele Pons,4,0.0003381674257674933
32,Mauricio Umansky,4,0.00573726118331904
32,Mira Sorvino,4,0.0002881091147140073
32,Xochitl Gomez,4,0.1946066370263019
32,Alyson Hannigan,5,0.19482035538858034
32,Ariana Madix,5,0.19482035602722103
32,Barry Williams,5,0.005552399523102977
32,Charity Lawson,5,0.19482035574918688
32,Harry Jowsey,5,0.01479113764000626
32,Jason Mraz,5,0.19482035507201376
32,Lele Pons,5,0.00010315612530661797
32,Mauricio Umansky,5,0.005100477971307762
32,Mira Sorvino,5,0.00035105063565871164
32,Xochitl Gomez,5,0.19482035586761573
32,Alyson Hannigan,6,0.19508185772357217
32,Ariana Madix,6,0.19508185695404598
32,Barry Williams,6,0.005672504314062972
32,Charity Lawson,6,0.19508185653554447
32,Harry Jowsey,6,0.01456033007619418
32,Jason Mraz,6,0.19508185667428443
32,Lele Pons,6,1.1426550014468034e-05
32,Mauricio Umansky,6,0.004346454301415841
32,Xochitl Gomez,6,0.19508185687086563
32,Alyson Hannigan,7,0.19578753975300225
32,Ariana Madix,7,0.19578754030887896
32,Barry Williams,7,0.006063630059716853
32,Charity Lawson,7,0.19578754013288205
32,Harry Jowsey,7,0.014998670123496944
32,Jason Mraz,7,0.1957875394447721
32,Lele Pons,7,2.2843409877286765e-17
32,Xochitl Gomez,7,0.19578754017725086
32,Alyson Hannigan,8,0.19633847409724411
32,Ariana Madix,8,0.19633847352445227
32,Barry Williams,8,0.0032315383864692485
32,Charity Lawson,8,0.1963384730161934
32,Harry Jowsey,8,0.015076094469329093
32,Jason Mraz,8,0.19633847311800087
32,Xochitl Gomez,8,0.19633847338831104
32,Alyson Hannigan,9,0.1972757405613734
32,Ariana Madix,9,0.19727574086026806
32,Charity Lawson,9,0.19727574071522158
32,Harry Jowsey,9,0.013621296958520114
32,Jason Mraz,9,0.19727574014370655
32,Xochitl Gomez,9,0.1972757407609103
32,Alyson Hannigan,10,0.20000000045241584
32,Ariana Madix,10,0.2000000001808293
32,Charity Lawson,10,0.19999999969606383
32,Jason Mraz,10,0.19999999964437276
32,Xochitl Gomez,10,0.20000000002631824
32,Alyson Hannigan,11,0.20000000019787534
32,Ariana Madix,11,0.2000000001975766
32,Charity Lawson,11,0.19999999992982812
32,Jason Mraz,11,0.19999999959015308
32,Xochitl Gomez,11,0.2000000000845669
33,Anna Delvey,1,0.0
33,Brooks Nader,1,1.3349239248727773e-17
33,Chandler Kinney,1,0.19650496438086312
33,Danny Amendola,1,0.19650534287324806
33,Dwight Howard ,1,0.003951469520553729
33,Eric Roberts,1,0.0068710732974917015
33,Ilona Maher,1,0.19650488926862938
33,Jenn Tran,1,1.0158329235926303e-18
33,Joey Graziadei,1,0.19650507036153347
33,Phaedra Parks,1,4.0115480381963664e-18
33,Reginald VelJohnson,1,0.006651973155175591
33,Stephen Nedoroscik,1,0.19650521714250493
33,Tori Spelling,1,0.0
33,Anna Delvey,2,4.109803860077865e-18
33,Brooks Nader,2,1.2807138162485021e-18
33,Chandler Kinney,2,0.19657470028646304
33,Danny Amendola,2,0.1965736035933863
33,Dwight Howard ,2,0.0038834855847581645
33,Eric Roberts,2,0.006622461503932554
33,Ilona Maher,2,0.19657491606119398
33,Jenn Tran,2,6.698336546887007e-18
33,Joey Graziadei,2,0.1965743977706486
33,Phaedra Parks,2,0.0
33,Reginald VelJohnson,2,0.006622461503932544
33,Stephen Nedoroscik,2,0.19657397369568466
33,Tori Spelling,2,2.0972535774016476e-18
33,Brooks Nader,3,1.9312351197398048e-19
33,Chandler Kinney,3,0.19696941143147548
33,Danny Amendola,3,0.19697111467319242
33,Dwight Howard ,3,0.004128269736498598
33,Eric Roberts,3,0.005662839041768034
33,Ilona Maher,3,0.19696907744223827
33,Jenn Tran,3,4.150461441546072e-18
33,Joey Graziadei,3,0.19696986536408737
33,Phaedra Parks,3,0.0
33,Reginald VelJohnson,3,0.005358901105541165
33,Stephen Nedoroscik,3,0.1969705212051987
33,Brooks Nader,4,0.0006498538255070205
33,Chandler Kinney,4,0.1984694714361799
33,Danny Amendola,4,0.19846734560114526
33,Dwight Howard ,4,0.005023031668051926
33,Ilona Maher,4,0.19846988595885748
33,Jenn Tran,4,0.000817960916955394
33,Joey Graziadei,4,0.1984689313417655
33,Phaedra Parks,4,0.0011654036311157833
33,Stephen Nedoroscik,4,0.19846811562042166
33,Chandler Kinney,5,0.19872305367400928
33,Danny Amendola,5,0.19872536218246506
33,Dwight Howard ,5,0.0045698878433009255
33,Ilona Maher,5,0.19872260408312556
33,Jenn Tran,5,0.000849111309376205
33,Joey Graziadei,5,0.19872360596913619
33,Phaedra Parks,5,0.0009618846524954717
33,Stephen Nedoroscik,5,0.1987244902860913
33,Chandler Kinney,6,0.19895286084338543
33,Danny Amendola,6,0.19895064790303926
33,Dwight Howard ,6,0.0042881388582908485
33,Ilona Maher,6,0.19895329081868543
33,Jenn Tran,6,0.0009511813537379717
33,Joey Graziadei,6,0.1989523642115363
33,Stephen Nedoroscik,6,0.19895151601132463
33,Chandler Kinney,7,0.19919496308395854
33,Danny Amendola,7,0.19919679963815093
33,Dwight Howard ,7,0.004022224800923504
33,Ilona Maher,7,0.1991946057449536
33,Joey Graziadei,7,0.19919535036415706
33,Stephen Nedoroscik,7,0.19919605636785645
33,Chandler Kinney,8,0.2000003867866053
33,Danny Amendola,8,0.19999917300578715
33,Ilona Maher,8,0.20000062280149933
33,Joey Graziadei,8,0.20000014306911462
33,Stephen Nedoroscik,8,0.19999967433699362
33,Chandler Kinney,9,0.19999986567949565
33,Danny Amendola,9,0.20000029034911798
33,Ilona Maher,9,0.19999978264016482
33,Joey Graziadei,9,0.1999999483841261
33,Stephen Nedoroscik,9,0.2000001129470955
34,Alix Earle,1,0.19575751808844993
34,Andy Richter,1,0.007316704401946482
34,Baron Davis,1,0.00023347943894782552
34,Corey Feldman,1,0.00032781057247786014
34,Danielle Fishel,1,0.0035737006430958036
34,Dylan Efron,1,0.1957575181063416
34,Elaine Hendrix,1,0.19575751785459541
34,Hilaria Baldwin,1,0.00014562358610132508
34,Jen Affleck,1,0.0
34,Jordan Chiles,1,0.19575751978352815
34,Lauren Jauregui,1,0.00024023586034779804
34,Robert Irwin,1,0.1957575185864947
34,Scott Hoying,1,0.004208220278645806
34,Whitney Leavitt,1,0.005166632799027285
34,Alix Earle,2,0.19577713222484852
34,Andy Richter,2,0.007675986409051188
34,Baron Davis,2,0.0003190793434137438
34,Corey Feldman,2,0.0003751302033123311
34,Danielle Fishel,2,0.0033911104530890595
34,Dylan Efron,2,0.19577713185631304
34,Elaine Hendrix,2,0.19577713253307213
34,Hilaria Baldwin,2,0.0001415676578923213
34,Jen Affleck,2,2.2699586485030124e-05
34,Jordan Chiles,2,0.195777127216183
34,Lauren Jauregui,2,0.00015913143353948894
34,Robert Irwin,2,0.1957771301385552
34,Scott Hoying,2,0.004037487588473128
34,Whitney Leavitt,2,0.004992153355771833
34,Alix Earle,3,0.19595456291742247
34,Andy Richter,3,0.008229440608341727
34,Danielle Fishel,3,0.0033179739755600313
34,Dylan Efron,3,0.19595456334888153
34,Elaine Hendrix,3,0.1959545621025938
34,Hilaria Baldwin,3,9.926800702430311e-05
34,Jen Affleck,3,3.036579507433725e-05
34,Jordan Chiles,3,0.19595457074910178
34,Lauren Jauregui,3,9.746982736253899e-05
34,Robert Irwin,3,0.19595456582601317
34,Scott Hoying,3,0.00374858271518684
34,Whitney Leavitt,3,0.004704074127437499
34,Alix Earle,4,0.19598075715573876
34,Andy Richter,4,0.008633291438051438
34,Danielle Fishel,4,0.0034489596408165983
34,Dylan Efron,4,0.19598075659948191
34,Elaine Hendrix,4,0.1959807581197804
34,Hilaria Baldwin,4,7.355422033484086e-18
34,Jen Affleck,4,0.00020773538309183106
34,Jordan Chiles,4,0.19598074721688838
34,Robert Irwin,4,0.19598075315412383
34,Scott Hoying,4,0.0034697979040673615
34,Whitney Leavitt,4,0.004336443387959441
34,Alix Earle,5,0.19624886755648527
34,Andy Richter,5,0.007746344503011103
34,Danielle Fishel,5,0.0032317004796631387
34,Dylan Efron,5,0.1962488678660594
34,Elaine Hendrix,5,0.19624886617003856
34,Jen Affleck,5,0.0004064135109203105
34,Jordan Chiles,5,0.19624887868108157
34,Robert Irwin,5,0.19624887163555277
34,Scott Hoying,5,0.003125460703599836
34,Whitney Leavitt,5,0.004245728893588019
34,Alix Earle,6,0.19662520392162333
34,Andy Richter,6,0.006881704291440856
34,Danielle Fishel,6,0.0025509187083991585
34,Dylan Efron,6,0.1966252036668821
34,Elaine Hendrix,6,0.19662520526547173
34,Jen Affleck,6,0.00021388428676488586
34,Jordan Chiles,6,0.19662519255667807
34,Robert Irwin,6,0.196625199532026
34,Scott Hoying,6,0.0031584362457484985
34,Whitney Leavitt,6,0.004069051524965476
34,Alix Earle,7,0.197277921579849
34,Andy Richter,7,0.006815164646297576
34,Danielle Fishel,7,0.002459334969840448
34,Dylan Efron,7,0.197277921558212
34,Elaine Hendrix,7,0.19727792008298778
34,Jen Affleck,7,0.00031737047608338683
34,Jordan Chiles,7,0.19727793232192206
34,Robert Irwin,7,0.19727792542225567
34,Whitney Leavitt,7,0.004018508942551936
34,Alix Earle,8,0.1975924594280883
34,Andy Richter,8,0.00631767320743757
34,Danielle Fishel,8,0.0020565936993557615
34,Dylan Efron,8,0.1975924594194299
34,Elaine Hendrix,8,0.19759246060192243
34,Jordan Chiles,8,0.1975924501285179
34,Robert Irwin,8,0.1975924558135175
34,Whitney Leavitt,8,0.003663447701730705
34,Alix Earle,9,0.19816757740766194
34,Andy Richter,9,0.005672474226263352
34,Dylan Efron,9,0.1981675772861889
34,Elaine Hendrix,9,0.1981675763527955
34,Jordan Chiles,9,0.1981675845708152
34,Robert Irwin,9,0.19816757994376039
34,Whitney Leavitt,9,0.003489630212514694
34,Alix Earle,10,0.19925905725913773
34,Dylan Efron,10,0.19925905730633925
34,Elaine Hendrix,10,0.19925905782176842
34,Jordan Chiles,10,0.1992590527959163
34,Robert Irwin,10,0.19925905545201464
34,Whitney Leavitt,10,0.0037047193648235546
34,Alix Earle,11,0.1999999996835568
34,Dylan Efron,11,0.19999999958162362
34,Elaine Hendrix,11,0.19999999939909396
34,Jordan Chiles,11,0.20000000122870756
34,Robert Irwin,11,0.20000000010701804
