season,celebrity_name,week,p_est
1,Evander Holyfield,1,0.12365802653160944
1,Joey McIntyre,1,0.12117471384398729
1,John O'Hurley,1,0.37758369158340993
1,Kelly Monaco,1,0.3775835680409929
1,Rachel Hunter,1,4.2652513465579744e-16
1,Trista Sutter,1,0.0
1,Evander Holyfield,2,0.12343975356802678
1,Joey McIntyre,2,0.1211398712645918
1,John O'Hurley,2,0.3777100198848248
1,Kelly Monaco,2,0.37771035528255537
1,Rachel Hunter,2,8.607059221978608e-16
1,Trista Sutter,2,6.1765513395339255e-16
1,Evander Holyfield,3,0.09854167287129352
1,Joey McIntyre,3,0.12923133205903478
1,John O'Hurley,3,0.3861137244337484
1,Kelly Monaco,3,0.38611327063592266
1,Rachel Hunter,3,7.102532068004017e-16
1,Joey McIntyre,4,0.1620663420581413
1,John O'Hurley,4,0.4189666054384574
1,Kelly Monaco,4,0.4189670525034009
1,Rachel Hunter,4,5.145563849607731e-16
1,Joey McIntyre,5,0.12170959285227649
1,John O'Hurley,5,0.4391453653951477
1,Kelly Monaco,5,0.43914504175257585
1,John O'Hurley,6,0.4999999417575223
1,Kelly Monaco,6,0.500000058242478
2,Drew Lachey,1,0.28881181754223123
2,George Hamilton,1,0.00011050527966870635
2,Giselle Fernandez,1,0.0
2,Jerry Rice,1,0.2904013573165123
2,Kenny Mayne,1,4.0116500630048246e-06
2,Lisa Rinna,1,3.597725880006557e-06
2,Master P,1,0.13140902344128577
2,Stacy Keibler,1,0.288811816728507
2,Tatum O'Neal,1,0.0004217821517977824
2,Tia Carrere,1,2.608816405459709e-05
2,Drew Lachey,2,0.2888768202355447
2,George Hamilton,2,0.0
2,Giselle Fernandez,2,0.0
2,Jerry Rice,2,0.29035621797936784
2,Lisa Rinna,2,4.128823153609841e-05
2,Master P,2,0.13115370395331472
2,Stacy Keibler,2,0.2888768194882627
2,Tatum O'Neal,2,0.0006951501119741978
2,Tia Carrere,2,0.0
2,Drew Lachey,3,0.28903695130515694
2,George Hamilton,3,0.0
2,Giselle Fernandez,3,5.216013351578253e-17
2,Jerry Rice,3,0.29041063302120884
2,Lisa Rinna,3,4.333875753902406e-18
2,Master P,3,0.1315154653845983
2,Stacy Keibler,3,0.28903695028903603
2,Tia Carrere,3,6.191674577680119e-17
2,Drew Lachey,4,0.29445325237594
2,George Hamilton,4,4.649135294750512e-05
2,Jerry Rice,4,0.2960044592351633
2,Lisa Rinna,4,2.017302103083341e-06
2,Master P,4,0.11504052780512741
2,Stacy Keibler,4,0.29445325192871885
2,Tia Carrere,4,7.315166715120134e-17
2,Drew Lachey,5,0.3163561008801845
2,George Hamilton,5,0.016385286576825003
2,Jerry Rice,5,0.3180064959163351
2,Lisa Rinna,5,0.016495513288869057
2,Stacy Keibler,5,0.31635609964317224
2,Tia Carrere,5,0.016400503694613936
2,Drew Lachey,6,0.3218875922610757
2,George Hamilton,6,0.016468554929187695
2,Jerry Rice,6,0.3232987448328873
2,Lisa Rinna,6,0.01645751613535238
2,Stacy Keibler,6,0.321887591841497
2,Drew Lachey,7,0.3274752911284225
2,Jerry Rice,7,0.3287404598763092
2,Lisa Rinna,7,0.016308958958825528
2,Stacy Keibler,7,0.3274752900364428
2,Drew Lachey,8,0.332788455613055
2,Jerry Rice,8,0.3344230894689189
2,Stacy Keibler,8,0.3327884549180261
3,Emmitt Smith,1,0.4280395421749829
3,Harry Hamlin,1,0.013004285125477922
3,Jerry Springer,1,0.042615751240579175
3,Joey Lawrence,1,0.02548332554083658
3,Mario Lopez,1,0.42785381751698476
3,Monique Coleman,1,9.190641167365834e-05
3,Sara Evans,1,0.057250843518368115
3,Shanna Moakler,1,2.0039283614654516e-17
3,Tucker Carlson,1,0.0002839020808886634
3,Vivica A. Fox,1,0.00020751134595682226
3,Willa Ford,1,0.005169115044251524
3,Emmitt Smith,2,0.4282023592015125
3,Harry Hamlin,2,0.012919172452262121
3,Jerry Springer,2,0.04274324484701197
3,Joey Lawrence,2,0.025700785755378427
3,Mario Lopez,2,0.4279469544815229
3,Monique Coleman,2,1.4069045489074448e-16
3,Sara Evans,2,0.05737868018430425
3,Shanna Moakler,2,2.2990644924760246e-17
3,Vivica A. Fox,2,8.495739433886013e-17
3,Willa Ford,2,0.005108803078007764
3,Emmitt Smith,3,0.4290828052793082
3,Harry Hamlin,3,0.006447151852316073
3,Jerry Springer,3,0.04375934809123873
3,Joey Lawrence,3,0.027008732189142654
3,Mario Lopez,3,0.4289598185429949
3,Monique Coleman,3,3.199589584744983e-16
3,Sara Evans,3,0.05840490274515491
3,Vivica A. Fox,3,8.31852939212719e-17
3,Willa Ford,3,0.006337241299844183
3,Emmitt Smith,4,0.4312427214068329
3,Jerry Springer,4,0.04590583694320035
3,Joey Lawrence,4,0.028991335312993267
3,Mario Lopez,4,0.43094063622577167
3,Monique Coleman,4,2.859765076191821e-16
3,Sara Evans,4,0.060429250030195746
3,Vivica A. Fox,4,3.9063185574091736e-17
3,Willa Ford,4,0.002490220081005871
3,Emmitt Smith,5,0.43454732537702007
3,Jerry Springer,5,0.0491939162445778
3,Joey Lawrence,5,0.03261933060921877
3,Mario Lopez,5,0.4344455115246055
3,Monique Coleman,5,2.797224091920626e-16
3,Sara Evans,5,0.04919391624457772
3,Willa Ford,5,8.486311760711802e-17
3,Emmitt Smith,6,0.4523925345393781
3,Jerry Springer,6,0.05068221673278931
3,Joey Lawrence,6,0.03640418325753206
3,Mario Lopez,6,0.4520813725854754
3,Monique Coleman,6,0.008439692884825012
3,Emmitt Smith,7,0.4602455649410733
3,Jerry Springer,7,0.042362512219950126
3,Joey Lawrence,7,0.030153231954410265
3,Mario Lopez,7,0.4601249397392726
3,Monique Coleman,7,0.007113751145293716
3,Emmitt Smith,8,0.4767525731324129
3,Joey Lawrence,8,0.032567668780998704
3,Mario Lopez,8,0.4764707497271116
3,Monique Coleman,8,0.014209008359476765
3,Emmitt Smith,9,0.48605739820977517
3,Joey Lawrence,9,0.028052509233662926
3,Mario Lopez,9,0.48589009255656196
3,Emmitt Smith,10,0.5001136255632473
3,Mario Lopez,10,0.49988637443675266
4,Apolo Anton Ohno,1,0.26145126476413305
4,Billy Ray Cyrus,1,0.08041158470974605
4,Clyde Drexler,1,0.06869074738442335
4,Heather Mills,1,2.223160306372992e-05
4,Ian Ziering,1,1.274513022815657e-15
4,Joey Fatone,1,0.26145129897838115
4,John Ratzenberger,1,0.05439713959893532
4,Laila Ali,1,0.2614512779537134
4,Leeza Gibbons,1,2.2775207383268616e-16
4,Paulina Porizkova,1,0.00010922889896259068
4,Shandi Finnessey,1,0.012015226108639823
4,Apolo Anton Ohno,2,0.26145071322176394
4,Billy Ray Cyrus,2,0.08047844493571317
4,Clyde Drexler,2,0.06874392368744286
4,Heather Mills,2,7.647970938208967e-17
4,Ian Ziering,2,1.667637481478606e-15
4,Joey Fatone,2,0.2614506139224781
4,John Ratzenberger,2,0.05437016026564712
4,Laila Ali,2,0.261450674581743
4,Leeza Gibbons,2,2.2161027968660996e-16
4,Paulina Porizkova,2,1.3362594574260699e-16
4,Shandi Finnessey,2,0.012055469385209724
4,Apolo Anton Ohno,3,0.2631362534527576
4,Billy Ray Cyrus,3,0.08228099894180117
4,Clyde Drexler,3,0.07041773365355908
4,Heather Mills,3,1.849233462621305e-05
4,Ian Ziering,3,2.3090500454425592e-05
4,Joey Fatone,3,0.26313640829580226
4,John Ratzenberger,3,0.05606633697886606
4,Laila Ali,3,0.2631363139197084
4,Leeza Gibbons,3,1.1608423045886917e-05
4,Shandi Finnessey,3,0.001772763499378815
4,Apolo Anton Ohno,4,0.26506505059846935
4,Billy Ray Cyrus,4,0.084372153138729
4,Clyde Drexler,4,0.06209997484840358
4,Heather Mills,4,5.48525734508785e-05
4,Ian Ziering,4,9.289390489454721e-05
4,Joey Fatone,4,0.2650648554586026
4,John Ratzenberger,4,0.05806772438754399
4,Laila Ali,4,0.2650649740264439
4,Leeza Gibbons,4,0.00011752106346216143
4,Apolo Anton Ohno,5,0.2667691575099517
4,Billy Ray Cyrus,5,0.08637667917687933
4,Clyde Drexler,5,0.053514023515382696
4,Heather Mills,5,5.255092409478228e-17
4,Ian Ziering,5,1.4576252360978763e-15
4,Joey Fatone,5,0.2667693741913381
4,John Ratzenberger,5,0.05980152308142691
4,Laila Ali,5,0.2667692425250198
4,Apolo Anton Ohno,6,0.2770397963655957
4,Billy Ray Cyrus,6,0.09694339295943907
4,Heather Mills,6,2.841929774092849e-16
4,Ian Ziering,6,0.0019922634274455553
4,Joey Fatone,6,0.2770395788829042
4,John Ratzenberger,6,0.06994525758842243
4,Laila Ali,6,0.27703971077619277
4,Apolo Anton Ohno,7,0.2851089411172843
4,Billy Ray Cyrus,7,0.10523562702400523
4,Ian Ziering,7,0.001750157681908297
4,Joey Fatone,7,0.28510913815513106
4,John Ratzenberger,7,0.0376871172921351
4,Laila Ali,7,0.28510901872953603
4,Apolo Anton Ohno,8,0.29940087272719557
4,Billy Ray Cyrus,8,0.09403776367791955
4,Ian Ziering,8,0.007759836572828066
4,Joey Fatone,8,0.2994007161249688
4,Laila Ali,8,0.2994008108970879
4,Apolo Anton Ohno,9,0.32498253674587857
4,Ian Ziering,9,0.025052249450122712
4,Joey Fatone,9,0.3249826373999744
4,Laila Ali,9,0.32498257640402434
4,Apolo Anton Ohno,10,0.33333334943878645
4,Joey Fatone,10,0.33333331484060663
4,Laila Ali,10,0.33333333572060686
5,Albert Reed,1,2.0884690342753725e-18
5,Cameron Mathison,1,3.796787106117011e-05
5,Floyd Mayweather Jr. ,1,0.020328042804978116
5,Helio Castroneves,1,0.28062635749204456
5,Jane Seymour,1,0.024914920372606387
5,Jennie Garth,1,1.128706599926756e-16
5,Josie Maran,1,6.2488956577242406e-18
5,Marie Osmond,1,0.28062635851731205
5,Mark Cuban,1,0.03748442265167168
5,Mel B,1,0.2806263611279773
5,Sabrina Bryan,1,6.458699833968541e-05
5,Wayne Newton,1,0.07529098216400908
5,Albert Reed,2,8.816681307063333e-17
5,Cameron Mathison,2,1.774414794129923e-16
5,Floyd Mayweather Jr. ,2,0.02046997233197024
5,Helio Castroneves,2,0.2805803926372017
5,Jane Seymour,2,0.025005872561974753
5,Jennie Garth,2,8.719659230558211e-17
5,Marie Osmond,2,0.28058038859130424
5,Mark Cuban,2,0.03748393447114054
5,Mel B,2,0.2805803788848473
5,Sabrina Bryan,2,4.1712209274817303e-17
5,Wayne Newton,2,0.07529906052156081
5,Cameron Mathison,3,0.0014987688003606147
5,Floyd Mayweather Jr. ,3,0.02314639218462591
5,Helio Castroneves,3,0.2832192398908961
5,Jane Seymour,3,0.027959401442828633
5,Jennie Garth,3,0.0011154664424175046
5,Marie Osmond,3,0.28321924529842657
5,Mark Cuban,3,0.03569869343985614
5,Mel B,3,0.28321925922156543
5,Sabrina Bryan,3,0.0
5,Wayne Newton,3,0.06092353327902326
5,Cameron Mathison,4,0.009570263311680755
5,Floyd Mayweather Jr. ,4,0.026064277543681187
5,Helio Castroneves,4,0.2924534391641312
5,Jane Seymour,4,0.03724570288008924
5,Jennie Garth,4,0.008767926886622472
5,Marie Osmond,4,0.2924534323822118
5,Mark Cuban,4,0.038884790364194094
5,Mel B,4,0.29245341350551063
5,Sabrina Bryan,4,0.002106753961878744
5,Cameron Mathison,5,0.013761712231037738
5,Helio Castroneves,5,0.297743383531109
5,Jane Seymour,5,0.04253207584936528
5,Jennie Garth,5,0.012566426813204896
5,Marie Osmond,5,0.29774338973822606
5,Mark Cuban,5,0.03751666504612375
5,Mel B,5,0.29774340961772744
5,Sabrina Bryan,5,0.0003929371732059304
5,Cameron Mathison,6,0.01929447216066395
5,Helio Castroneves,6,0.3044019263018406
5,Jane Seymour,6,0.04965296632101614
5,Jennie Garth,6,0.017846815217326065
5,Marie Osmond,6,0.3044019204980098
5,Mel B,6,0.3044018995011433
5,Sabrina Bryan,6,7.687558274572807e-17
5,Cameron Mathison,7,0.022019195094117115
5,Helio Castroneves,7,0.30852033941251494
5,Jane Seymour,7,0.03182234268883754
5,Jennie Garth,7,0.020597418403269757
5,Marie Osmond,7,0.3085203431793758
5,Mel B,7,0.30852036122188486
5,Cameron Mathison,8,0.01737226723832921
5,Helio Castroneves,8,0.31798072539968253
5,Jennie Garth,8,0.02868557701516913
5,Marie Osmond,8,0.3179807228283209
5,Mel B,8,0.3179807075184982
5,Helio Castroneves,9,0.32449999953511666
5,Jennie Garth,9,0.02649999069660362
5,Marie Osmond,9,0.3245000003220176
5,Mel B,9,0.3245000094462622
5,Helio Castroneves,10,0.3333333350269533
5,Marie Osmond,10,0.33333333440285073
5,Mel B,10,0.33333333057019593
6,Adam Carolla,1,0.0038847632647279803
6,Cristian de la Fuente,1,0.31539397615460646
6,Jason Taylor,1,0.31539397864471697
6,Kristi Yamaguchi,1,0.3153939762175772
6,Mario,1,0.003933846410982414
6,Marissa Jaret Winokur,1,0.030394470793806357
6,Marlee Matlin,1,0.00392601079286652
6,Monica Seles,1,4.1033497683683177e-05
6,Penn Jillette,1,4.171792553795584e-05
6,Priscilla Presley,1,1.8788581859281505e-06
6,Shannon Elizabeth,1,0.00011544321882292117
6,Steve Guttenberg,1,0.011478904220485768
6,Adam Carolla,2,0.00397209127545968
6,Cristian de la Fuente,2,0.31535177655681124
6,Jason Taylor,2,0.3153517698686661
6,Kristi Yamaguchi,2,0.31535177269305303
6,Mario,2,0.0040032146068997776
6,Marissa Jaret Winokur,2,0.030362561265603147
6,Marlee Matlin,2,0.004029158761261432
6,Monica Seles,2,2.8647185569841116e-17
6,Penn Jillette,2,3.418955469176763e-17
6,Priscilla Presley,2,1.980900037380879e-17
6,Shannon Elizabeth,2,7.61146267721303e-18
6,Steve Guttenberg,2,0.011577654972245697
6,Adam Carolla,3,0.004918303222476952
6,Cristian de la Fuente,3,0.31624026583797626
6,Jason Taylor,3,0.31624027626627177
6,Kristi Yamaguchi,3,0.3162402693064331
6,Mario,3,0.004918303222476891
6,Marissa Jaret Winokur,3,0.03123409269616139
6,Marlee Matlin,3,0.004918303222477011
6,Priscilla Presley,3,0.00018345350498923712
6,Shannon Elizabeth,3,0.00011446566995298927
6,Steve Guttenberg,3,0.004992267050784406
6,Adam Carolla,4,0.004774940441946946
6,Cristian de la Fuente,4,0.31766982161777474
6,Jason Taylor,4,0.317669809275186
6,Kristi Yamaguchi,4,0.3176698152859597
6,Mario,4,0.004155717269607009
6,Marissa Jaret Winokur,4,0.03186067978877268
6,Marlee Matlin,4,0.004963144463344191
6,Priscilla Presley,4,0.0005752618367650057
6,Shannon Elizabeth,4,0.0006608100206437512
6,Cristian de la Fuente,5,0.31898052127737736
6,Jason Taylor,5,0.3189805344261901
6,Kristi Yamaguchi,5,0.3189805260375366
6,Mario,5,0.003329112684698966
6,Marissa Jaret Winokur,5,0.03257993097980093
6,Marlee Matlin,5,0.004827229763994435
6,Priscilla Presley,5,0.0011836432448039725
6,Shannon Elizabeth,5,0.0011385015855975575
6,Cristian de la Fuente,6,0.3199328453903583
6,Jason Taylor,6,0.31993283329212235
6,Kristi Yamaguchi,6,0.3199328389929094
6,Mario,6,0.0020566109856370728
6,Marissa Jaret Winokur,6,0.0327836491163202
6,Marlee Matlin,6,0.004245837223838456
6,Shannon Elizabeth,6,0.0011153849988141708
6,Cristian de la Fuente,7,0.32129053594662416
6,Jason Taylor,7,0.32129054638677396
6,Kristi Yamaguchi,7,0.3212905396811236
6,Mario,7,0.0013742795393652612
6,Marissa Jaret Winokur,7,0.03341489921332493
6,Shannon Elizabeth,7,0.0013391992327881162
6,Cristian de la Fuente,8,0.32214066682291725
6,Jason Taylor,8,0.3221406591633212
6,Kristi Yamaguchi,8,0.3221406623079886
6,Mario,8,2.5555652231622713e-17
6,Marissa Jaret Winokur,8,0.033578011705772993
6,Cristian de la Fuente,9,0.3243597427243424
6,Jason Taylor,9,0.3243597476416784
6,Kristi Yamaguchi,9,0.3243597439955477
6,Marissa Jaret Winokur,9,0.02692076563843146
6,Cristian de la Fuente,10,0.33333333440694246
6,Jason Taylor,10,0.333333332885253
6,Kristi Yamaguchi,10,0.3333333327078045
7,Brooke Burke,1,0.30909516302391615
7,Cloris Leachman,1,0.029690496659357052
7,Cody Linley,1,0.03001417112319197
7,Jeffrey Ross,1,5.096591144488669e-18
7,Kim Kardashian,1,5.4892409366605855e-17
7,Lance Bass,1,0.3090951612076354
7,Maurice Greene,1,2.5314856644903665e-16
7,Misty May-Treanor,1,2.798681909680862e-17
7,Rocco DiSpirito,1,0.013009845750296976
7,Susan Lucci,1,5.672666364132654e-17
7,Ted McGinley,1,4.518705347012149e-17
7,Toni Braxton,1,3.3891288773003637e-17
7,Warren Sapp,1,0.3090951622356021
7,Brooke Burke,2,0.30957950869359957
7,Cloris Leachman,2,0.02708568238595965
7,Cody Linley,2,0.03060711895772668
7,Kim Kardashian,2,1.2581938629220978e-16
7,Lance Bass,2,0.3095795150454633
7,Maurice Greene,2,4.255112179981262e-05
7,Misty May-Treanor,2,8.735098626119652e-17
7,Rocco DiSpirito,2,0.013511021752475445
7,Susan Lucci,2,1.5089812090478777e-05
7,Toni Braxton,2,1.9293656455401898e-17
7,Warren Sapp,2,0.30957951223088515
7,Brooke Burke,3,0.3106089209698011
7,Cloris Leachman,3,0.02420432974236566
7,Cody Linley,3,0.031677602926776606
7,Lance Bass,3,0.3106089117628807
7,Maurice Greene,3,5.5676217790277505e-05
7,Rocco DiSpirito,3,0.012063309816515409
7,Susan Lucci,3,0.00015930852601605603
7,Toni Braxton,3,1.3023599461772096e-05
7,Warren Sapp,3,0.3106089164383925
7,Brooke Burke,4,0.3117017568263406
7,Cloris Leachman,4,0.021272482090209818
7,Cody Linley,4,0.03285230035788191
7,Lance Bass,4,0.31170176903621044
7,Maurice Greene,4,1.9668286025154861e-16
7,Rocco DiSpirito,4,0.010716134354394129
7,Susan Lucci,4,5.379438238113114e-05
7,Toni Braxton,4,2.258759324350207e-17
7,Warren Sapp,4,0.311701762952582
7,Brooke Burke,5,0.31418571149090846
7,Cloris Leachman,5,0.019685383004207514
7,Cody Linley,5,0.035349057066172744
7,Lance Bass,5,0.31418569854352985
7,Maurice Greene,5,0.0006486515559402488
7,Susan Lucci,5,0.0008704014876995544
7,Toni Braxton,5,0.0008893910693093839
7,Warren Sapp,5,0.31418570578223226
7,Brooke Burke,6,0.3154573649163133
7,Cloris Leachman,6,0.01698308162139806
7,Cody Linley,6,0.03664480405338531
7,Lance Bass,6,0.31545737849962385
7,Maurice Greene,6,1.935175094377916e-16
7,Susan Lucci,6,5.253542066840194e-17
7,Warren Sapp,6,0.31545737090927933
7,Brooke Burke,7,0.31931514036311115
7,Cody Linley,7,0.04066678402583438
7,Lance Bass,7,0.3193151286121712
7,Maurice Greene,7,0.0013878110445798488
7,Susan Lucci,7,1.4604743136595057e-16
7,Warren Sapp,7,0.3193151359543034
7,Brooke Burke,8,0.3216580893883516
7,Cody Linley,8,0.03393173401949617
7,Lance Bass,8,0.32165809929276284
7,Maurice Greene,8,0.00109398402424654
7,Warren Sapp,8,0.3216580932751429
7,Brooke Burke,9,0.3242015319352099
7,Cody Linley,9,0.02739541200678039
7,Lance Bass,9,0.32420152601841296
7,Warren Sapp,9,0.3242015300395968
7,Brooke Burke,10,0.33333333213966254
7,Lance Bass,10,0.3333333346067956
7,Warren Sapp,10,0.3333333332535419
8,Belinda Carlisle,1,9.067995920125638e-17
8,Chuck Wicks,1,9.065285414694424e-17
8,David Alan Grier,1,0.010840056761063572
8,Denise Richards,1,0.0
8,Gilles Marini,1,0.275270978033391
8,Holly Madison,1,4.098284211995207e-17
8,Lawrence Taylor,1,0.016648237441821864
8,Lil' Kim,1,4.069823904967462e-17
8,Melissa Rycroft,1,0.27527097645367943
8,Shawn Johnson,1,0.275270976554169
8,Steve Wozniak,1,0.06969015289984234
8,Steve-O,1,0.045306608311733144
8,Ty Murray,1,0.03170201354429943
8,Belinda Carlisle,2,0.0
8,Chuck Wicks,2,1.0994064138887191e-16
8,David Alan Grier,2,0.011180694440149061
8,Denise Richards,2,0.0
8,Gilles Marini,2,0.27515399277490377
8,Holly Madison,2,0.0
8,Lawrence Taylor,2,0.01661432626759841
8,Lil' Kim,2,1.8394820288023726e-16
8,Melissa Rycroft,2,0.2751539979532276
8,Shawn Johnson,2,0.27515399767213755
8,Steve Wozniak,2,0.06987246406388825
8,Steve-O,2,0.04514295859109245
8,Ty Murray,2,0.031727568237002755
8,Chuck Wicks,3,0.0
8,David Alan Grier,3,0.004828676124406548
8,Denise Richards,3,0.0
8,Gilles Marini,3,0.2761624880066532
8,Holly Madison,3,0.0
8,Lawrence Taylor,3,0.017265797852384166
8,Lil' Kim,3,1.7519999077628591e-16
8,Melissa Rycroft,3,0.27616247997066073
8,Shawn Johnson,3,0.2761624796737958
8,Steve Wozniak,3,0.070692184574185
8,Steve-O,3,0.046156988602530674
8,Ty Murray,3,0.03256890519538387
8,Chuck Wicks,4,0.0
8,David Alan Grier,4,4.7629747449401746e-17
8,Gilles Marini,4,0.2782791446558963
8,Holly Madison,4,4.275759999465721e-17
8,Lawrence Taylor,4,0.019203168556425232
8,Lil' Kim,4,0.0
8,Melissa Rycroft,4,0.27827915551148313
8,Shawn Johnson,4,0.2782791562672851
8,Steve Wozniak,4,0.0635923948391892
8,Steve-O,4,0.04779408808425763
8,Ty Murray,4,0.034572892085463665
8,Chuck Wicks,5,0.0051971176598485744
8,David Alan Grier,5,0.0
8,Gilles Marini,5,0.28756730113102735
8,Lawrence Taylor,5,0.028305448849116385
8,Lil' Kim,5,0.003008021381112173
8,Melissa Rycroft,5,0.2875672886360988
8,Shawn Johnson,5,0.28756728714713875
8,Steve-O,5,0.05687687742054481
8,Ty Murray,5,0.04391065777511321
8,Chuck Wicks,6,0.004573811902395156
8,Gilles Marini,6,0.2908255421742767
8,Lawrence Taylor,6,0.025123493661001778
8,Lil' Kim,6,1.951563910473908e-18
8,Melissa Rycroft,6,0.29082555529616533
8,Shawn Johnson,6,0.2908255575929621
8,Steve-O,6,0.05068235650441358
8,Ty Murray,6,0.047143682868785425
8,Chuck Wicks,7,0.010352341671426271
8,Gilles Marini,7,0.3005567552627961
8,Lawrence Taylor,7,0.02832143510965576
8,Lil' Kim,7,0.00287454644534777
8,Melissa Rycroft,7,0.30055674328368465
8,Shawn Johnson,7,0.30055674023836976
8,Ty Murray,7,0.05678143798871982
8,Chuck Wicks,8,0.012865657587859937
8,Gilles Marini,8,0.30703842529745456
8,Lil' Kim,8,0.0026617272227207212
8,Melissa Rycroft,8,0.3070384354278361
8,Shawn Johnson,8,0.30703843817823806
8,Ty Murray,8,0.06335731628589059
8,Gilles Marini,9,0.3109567821056945
8,Lil' Kim,9,8.60987160934377e-17
8,Melissa Rycroft,9,0.31095677499658725
8,Shawn Johnson,9,0.3109567724643622
8,Ty Murray,9,0.06712967043335605
8,Gilles Marini,10,0.31545456994108817
8,Melissa Rycroft,10,0.31545457435006863
8,Shawn Johnson,10,0.31545457604232663
8,Ty Murray,10,0.053636279666516636
8,Gilles Marini,11,0.3333333344790914
8,Melissa Rycroft,11,0.3333333331698231
8,Shawn Johnson,11,0.3333333323510855
9,Aaron Carter,1,7.997942567869695e-05
9,Ashley Hamiliton,1,3.1482717047823916e-05
9,Chuck Liddell,1,2.597826251749859e-05
9,Debi Mazar,1,9.446449368149818e-05
9,Donny Osmond,1,0.3111572190398203
9,Joanna Krupa,1,8.887378824413286e-05
9,Kathy Ireland,1,0.0004185114823482658
9,Kelly Osbourne,1,0.31115721862976425
9,Louie Vito,1,0.008169355498021074
9,Macy Gray,1,3.14827170478116e-05
9,Mark Dacascos,1,4.6679130917762394e-05
9,Melissa Joan Hart,1,2.0679706378318742e-05
9,Michael Irvin,1,0.03461115904204534
9,Mya,1,0.3111572165691754
9,Natalie Coughlin,1,2.5700085596682463e-05
9,Tom DeLay,1,0.022883999411715168
9,Aaron Carter,2,5.300940807880715e-05
9,Chuck Liddell,2,2.703743501142374e-05
9,Debi Mazar,2,2.1070944492684993e-05
9,Donny Osmond,2,0.31117437445617036
9,Joanna Krupa,2,0.0001068024896292088
9,Kathy Ireland,2,0.0004142821674573717
9,Kelly Osbourne,2,0.311174377327538
9,Louie Vito,2,0.008169162389153654
9,Mark Dacascos,2,2.9894544041515097e-05
9,Melissa Joan Hart,2,7.894603146502014e-06
9,Michael Irvin,2,0.034649329029606095
9,Mya,2,0.3111743782540481
9,Natalie Coughlin,2,1.3952537633207523e-05
9,Tom DeLay,2,0.022984434413993268
9,Aaron Carter,3,6.815752120063431e-17
9,Chuck Liddell,3,1.143247768569789e-16
9,Debi Mazar,3,4.755464448922079e-17
9,Donny Osmond,3,0.311265281227285
9,Joanna Krupa,3,1.486345438798104e-17
9,Kelly Osbourne,3,0.31126527790913944
9,Louie Vito,3,0.008335472947459314
9,Mark Dacascos,3,1.164693487139607e-16
9,Melissa Joan Hart,3,1.3170433392434838e-16
9,Michael Irvin,3,0.034748300972567994
9,Mya,3,0.311265272947724
9,Natalie Coughlin,3,9.846236046582614e-17
9,Tom DeLay,3,0.023120393995823774
9,Aaron Carter,4,0.0014509013340296387
9,Chuck Liddell,4,7.854724601322315e-17
9,Donny Osmond,4,0.3152960631784571
9,Joanna Krupa,4,0.0019397535783788123
9,Kelly Osbourne,4,0.3152960681978013
9,Louie Vito,4,0.01232104967482244
9,Mark Dacascos,4,0.0011410046983266434
9,Melissa Joan Hart,4,0.0011609207023248929
9,Michael Irvin,4,0.0344020090928023
9,Mya,4,0.31529607179221675
9,Natalie Coughlin,4,0.0016961577508401524
9,Aaron Carter,5,0.0012680566506801647
9,Donny Osmond,5,0.31741194479915247
9,Joanna Krupa,5,0.002092394957335888
9,Kelly Osbourne,5,0.31741194025178043
9,Louie Vito,5,0.009678471485793124
9,Mark Dacascos,5,0.0005694603002736741
9,Melissa Joan Hart,5,0.0004270127788443151
9,Michael Irvin,5,0.032203150791980946
9,Mya,5,0.31741193316625327
9,Natalie Coughlin,5,0.001525634817905711
9,Aaron Carter,6,0.0011744006437724528
9,Donny Osmond,6,0.3196972872979043
9,Joanna Krupa,6,0.0023287494012888617
9,Kelly Osbourne,6,0.3196972924635547
9,Louie Vito,6,0.007186199132446558
9,Mark Dacascos,6,1.2762762306636486e-16
9,Melissa Joan Hart,6,1.1481589663188984e-16
9,Michael Irvin,6,0.030218773709214823
9,Mya,6,0.319697297351818
9,Aaron Carter,7,0.0019769975117145053
9,Donny Osmond,7,0.3226553389570434
9,Joanna Krupa,7,0.00317469273333891
9,Kelly Osbourne,7,0.3226553351705596
9,Mark Dacascos,7,1.5504092349304787e-16
9,Michael Irvin,7,0.026882307635194256
9,Mya,7,0.3226553279921492
9,Aaron Carter,8,0.006114698386268797
9,Donny Osmond,8,0.32891786960096214
9,Joanna Krupa,8,0.007131682093253628
9,Kelly Osbourne,8,0.328917873146667
9,Mya,8,0.32891787677284845
9,Donny Osmond,9,0.3310199941587952
9,Joanna Krupa,9,0.0069400252867329836
9,Kelly Osbourne,9,0.3310199925266349
9,Mya,9,0.33101998802783694
9,Donny Osmond,10,0.3333333326972158
9,Kelly Osbourne,10,0.33333333372028334
9,Mya,10,0.3333333335825008
10,Aiden Turner,1,0.012699833608453158
10,Buzz Aldrin,1,0.10827097370332178
10,Chad Ochocinco,1,0.05366008162018658
10,Erin Andrews,1,0.2526248486337307
10,Evan Lysacek,1,0.2526249090353857
10,Jake Pavelka,1,2.8553389672194895e-06
10,Kate Gosselin,1,0.0673571417935708
10,Nicole Scherzinger,1,0.25262487212545837
10,Niecy Nash,1,2.368733239126727e-05
10,Pamela Anderson,1,6.025912314143183e-05
10,Shannen Doherty,1,5.0537685393052095e-05
10,Aiden Turner,2,0.01281604953621705
10,Buzz Aldrin,2,0.10827059499076253
10,Chad Ochocinco,2,0.05372514044530817
10,Erin Andrews,2,0.25260898553935296
10,Evan Lysacek,2,0.25260880940143426
10,Jake Pavelka,2,1.2162246722728863e-17
10,Kate Gosselin,2,0.06736150408167162
10,Nicole Scherzinger,2,0.2526089160052534
10,Niecy Nash,2,8.604122572553229e-17
10,Pamela Anderson,2,3.4851318318112433e-17
10,Shannen Doherty,2,3.7142596781477685e-17
10,Aiden Turner,3,0.011382308381665854
10,Buzz Aldrin,3,0.09440639354744493
10,Chad Ochocinco,3,0.04850605540185295
10,Erin Andrews,3,0.2596941757873433
10,Evan Lysacek,3,0.2596944504613965
10,Jake Pavelka,3,3.4084721634186076e-05
10,Kate Gosselin,3,0.06478250779678131
10,Nicole Scherzinger,3,0.25969428355760993
10,Niecy Nash,3,0.001805740344271126
10,Pamela Anderson,3,1.8472047409050743e-17
10,Aiden Turner,4,0.01970635872047755
10,Chad Ochocinco,4,0.05302873705411983
10,Erin Andrews,4,0.27649983461771704
10,Evan Lysacek,4,0.27649948698853005
10,Jake Pavelka,4,0.009531796108849579
10,Kate Gosselin,4,0.0677004969779811
10,Nicole Scherzinger,4,0.27649969760467363
10,Niecy Nash,4,0.013362782566466166
10,Pamela Anderson,4,0.007170809361185036
10,Chad Ochocinco,5,0.04926825131285717
10,Erin Andrews,5,0.2850171794011706
10,Evan Lysacek,5,0.28501756594299593
10,Jake Pavelka,5,0.010726690357172216
10,Kate Gosselin,5,0.06237135679666001
10,Nicole Scherzinger,5,0.28501733123980555
10,Niecy Nash,5,0.01653522987990805
10,Pamela Anderson,5,0.006046395069430447
10,Chad Ochocinco,6,0.05081291943603922
10,Erin Andrews,6,0.2988706673763712
10,Evan Lysacek,6,0.29887027912404884
10,Jake Pavelka,6,0.01725001760197872
10,Nicole Scherzinger,6,0.2988705142197802
10,Niecy Nash,6,0.025074016412582754
10,Pamela Anderson,6,0.010251585829199002
10,Chad Ochocinco,7,0.04596248886353773
10,Erin Andrews,7,0.3062965333943484
10,Evan Lysacek,7,0.30629688459071014
10,Nicole Scherzinger,7,0.3062966715022349
10,Niecy Nash,7,0.027186720521283222
10,Pamela Anderson,7,0.007960701127885656
10,Chad Ochocinco,8,0.0396412600989573
10,Erin Andrews,8,0.31213676159887505
10,Evan Lysacek,8,0.31213648188327314
10,Nicole Scherzinger,8,0.3121366510650608
10,Niecy Nash,8,0.023948845353833695
10,Chad Ochocinco,9,0.03651598058555962
10,Erin Andrews,9,0.32116125635908493
10,Evan Lysacek,9,0.3211614361316715
10,Nicole Scherzinger,9,0.3211613269236841
10,Erin Andrews,10,0.3333333623150466
10,Evan Lysacek,10,0.333333300171378
10,Nicole Scherzinger,10,0.33333333751357547
11,Audrina Patridge,1,7.106424826513292e-05
11,Brandy,1,3.278009922063507e-05
11,Bristol Palin,1,0.2753118958626303
11,David Hasselhoff,1,5.5206146779155815e-06
11,Florence Henderson,1,0.0011336949758615103
11,Jennifer Grey,1,0.2750496624730634
11,Kurt Warner,1,0.14333314527208285
11,Kyle Massey,1,0.27504966193230224
11,Margaret Cho,1,0.0003515160744441778
11,Michael Bolton,1,0.0006329004448022029
11,Rick Fox,1,0.027325499023010038
11,The Situation,1,0.0017026589796395718
11,Audrina Patridge,2,2.339078100470166e-19
11,Brandy,2,2.6872837257850974e-05
11,Bristol Palin,2,0.2753199794191115
11,Florence Henderson,2,0.0009980520974979478
11,Jennifer Grey,2,0.2751239111940995
11,Kurt Warner,2,0.14341460249666085
11,Kyle Massey,2,0.2751239104847304
11,Margaret Cho,2,0.00028214380913655084
11,Michael Bolton,2,0.0006740208482664872
11,Rick Fox,2,0.027346003816151352
11,The Situation,2,0.001690502997087505
11,Audrina Patridge,3,2.4815916946164775e-05
11,Brandy,3,6.146348898365754e-05
11,Bristol Palin,3,0.2755084510168202
11,Florence Henderson,3,0.0009617335077571719
11,Jennifer Grey,3,0.2752215766265818
11,Kurt Warner,3,0.14354321783940074
11,Kyle Massey,3,0.2752215756565856
11,Margaret Cho,3,0.00040036499528864903
11,Rick Fox,3,0.02740852108446963
11,The Situation,3,0.0016482798671663946
11,Audrina Patridge,4,2.0082356144538043e-05
11,Brandy,4,2.957040828454941e-05
11,Bristol Palin,4,0.2755227765221172
11,Florence Henderson,4,0.0009578323927301583
11,Jennifer Grey,4,0.27530276667395814
11,Kurt Warner,4,0.14367586968815363
11,Kyle Massey,4,0.27530276634279643
11,Rick Fox,4,0.02766201944196118
11,The Situation,4,0.0015263161738542895
11,Audrina Patridge,5,2.305169584157069e-05
11,Brandy,5,2.453645936441162e-05
11,Bristol Palin,5,0.27576909842291014
11,Florence Henderson,5,0.001147879057603568
11,Jennifer Grey,5,0.27552832969068797
11,Kurt Warner,5,0.14397083974525007
11,Kyle Massey,5,0.27552832809940636
11,Rick Fox,5,0.02800793682893598
11,Audrina Patridge,6,2.992624848146594e-17
11,Brandy,6,5.2300847881302364e-18
11,Bristol Palin,6,0.275971475973345
11,Jennifer Grey,6,0.2757209094754272
11,Kurt Warner,6,0.1442652872697671
11,Kyle Massey,6,0.2757209103532842
11,Rick Fox,6,0.028321416928176472
11,Brandy,7,0.0003410769214090251
11,Bristol Palin,7,0.2841833304007006
11,Jennifer Grey,7,0.28394044711818806
11,Kurt Warner,7,0.12337813903693255
11,Kyle Massey,7,0.28394044472871155
11,Rick Fox,7,0.02421656179405828
11,Brandy,8,0.004603571175358525
11,Bristol Palin,8,0.2964524486959443
11,Jennifer Grey,8,0.29621750349928166
11,Kurt Warner,8,0.10650897207779857
11,Kyle Massey,8,0.29621750455161705
11,Brandy,9,0.024963442724014184
11,Bristol Palin,9,0.32517951125351546
11,Jennifer Grey,9,0.32492852388790094
11,Kyle Massey,9,0.3249285221345694
11,Bristol Palin,10,0.3334923379483783
11,Jennifer Grey,10,0.3332538311224493
11,Kyle Massey,10,0.33325383092917243
12,Chelsea Kane,1,0.2965733817145864
12,Chris Jericho,1,0.00013244824367519316
12,Hines Ward,1,0.2965733812982819
12,Kendra Wilkinson,1,0.04351782483155436
12,Kirstie Alley,1,0.2965733819200873
12,Mike Catherwood,1,0.0006199902523688482
12,Petra Nemcova,1,9.153568210470615e-06
12,Ralph Macchio,1,0.06433038355430569
12,Romeo,1,4.540861283820786e-05
12,Sugar Ray Leonard,1,0.0007189252374342811
12,Wendy Williams,1,0.0009057207666573084
12,Chelsea Kane,2,0.29680584520027653
12,Chris Jericho,2,6.856140569283632e-17
12,Hines Ward,2,0.29680584430211115
12,Kendra Wilkinson,2,0.04334433598307892
12,Kirstie Alley,2,0.2968058460619874
12,Mike Catherwood,2,0.00023458823104427595
12,Petra Nemcova,2,5.531489432549758e-05
12,Ralph Macchio,2,0.06418236553928938
12,Romeo,2,0.000332297314411569
12,Sugar Ray Leonard,2,0.0008351802742168209
12,Wendy Williams,2,0.0005983821992584881
12,Chelsea Kane,3,0.2972380810052982
12,Chris Jericho,3,1.0842438895968097e-16
12,Hines Ward,3,0.2972380812654912
12,Kendra Wilkinson,3,0.0431772009599798
12,Kirstie Alley,3,0.2972380806936653
12,Petra Nemcova,3,1.6889217319631593e-05
12,Ralph Macchio,3,0.06371613645377955
12,Romeo,3,0.00037493734477114457
12,Sugar Ray Leonard,3,0.00017939924419185742
12,Wendy Williams,3,0.0008211938198072598
12,Chelsea Kane,4,0.2976177692145438
12,Chris Jericho,4,1.0834619557943064e-17
12,Hines Ward,4,0.29761776767658527
12,Kendra Wilkinson,4,0.04344081098665062
12,Kirstie Alley,4,0.29761777037199266
12,Petra Nemcova,4,1.3311620627931634e-16
12,Ralph Macchio,4,0.06294323378067622
12,Romeo,4,0.0007626479695512487
12,Sugar Ray Leonard,4,7.972247510829106e-17
12,Chelsea Kane,5,0.3005957329787488
12,Chris Jericho,5,0.00016902353664247004
12,Hines Ward,5,0.30059573349805685
12,Kendra Wilkinson,5,0.02954627583562321
12,Kirstie Alley,5,0.30059573259314154
12,Petra Nemcova,5,0.00031600064882338335
12,Ralph Macchio,5,0.06454352239830297
12,Romeo,5,0.0036379785106608097
12,Chelsea Kane,6,0.30382948983522223
12,Chris Jericho,6,0.00024211423317196438
12,Hines Ward,6,0.3038294886244939
12,Kendra Wilkinson,6,0.015818755392885308
12,Kirstie Alley,6,0.3038294909672387
12,Ralph Macchio,6,0.0657980349407482
12,Romeo,6,0.006652626006239593
12,Chelsea Kane,7,0.306892525629188
12,Hines Ward,7,0.30689252572955017
12,Kendra Wilkinson,7,0.0021832675097261103
12,Kirstie Alley,7,0.306892525431401
12,Ralph Macchio,7,0.0671671401843629
12,Romeo,7,0.00997201551577181
12,Chelsea Kane,8,0.31034680324254016
12,Hines Ward,8,0.3103468022708153
12,Kirstie Alley,8,0.3103468039795426
12,Ralph Macchio,8,0.06895959050710176
12,Romeo,8,1.0979223755789128e-16
12,Chelsea Kane,9,0.31474507909580607
12,Hines Ward,9,0.3147450789687423
12,Kirstie Alley,9,0.3147450792627804
12,Ralph Macchio,9,0.05576476267267124
12,Chelsea Kane,10,0.3333333333659386
12,Hines Ward,10,0.33333333279774285
12,Kirstie Alley,10,0.3333333338363185
13,Carson Kressley,1,0.03980325584210282
13,Chaz Bono,1,0.07186797143608344
13,Chynna Phillips,1,3.8164268393997466e-05
13,David Arquette,1,0.039846227610763514
13,Elisabetta Canalis,1,1.6272493042519314e-05
13,Hope Solo,1,0.026376684429946833
13,J.R. Martinez,1,0.2626185228382801
13,Kristin Cavallari,1,0.00021105529681259098
13,Metta World Peace (Ron),1,5.537466440030116e-05
13,Nancy Grace,1,0.03392942601730615
13,Ricki Lake,1,0.26261852235317684
13,Rob Kardashian,1,0.26261852274969105
13,Carson Kressley,2,0.03987632705003884
13,Chaz Bono,2,0.0718705874895925
13,Chynna Phillips,2,8.564924844540734e-17
13,David Arquette,2,0.03987632705003876
13,Elisabetta Canalis,2,3.3894512097145476e-17
13,Hope Solo,2,0.026423412251832427
13,J.R. Martinez,2,0.2626926053455345
13,Kristin Cavallari,2,5.372123072372042e-17
13,Nancy Grace,2,0.03387553233953809
13,Ricki Lake,2,0.26269260407371803
13,Rob Kardashian,2,0.2626926043997069
13,Carson Kressley,3,0.033509366234159677
13,Chaz Bono,3,0.07554940147928868
13,Chynna Phillips,3,5.966944425418281e-17
13,David Arquette,3,0.030292668359383386
13,Hope Solo,3,0.02406750077479868
13,J.R. Martinez,3,0.26633544808811915
13,Kristin Cavallari,3,2.735115550249892e-17
13,Nancy Grace,3,0.03757471793498489
13,Ricki Lake,3,0.26633544828256084
13,Rob Kardashian,3,0.2663354488467048
13,Carson Kressley,4,0.030305592599004675
13,Chaz Bono,4,0.06517630802173416
13,Chynna Phillips,4,2.6767247019132864e-05
13,David Arquette,4,0.023789112147841282
13,Hope Solo,4,0.024735232191761432
13,J.R. Martinez,4,0.2730467148222838
13,Nancy Grace,4,0.036826846919050714
13,Ricki Lake,4,0.2730467129143246
13,Rob Kardashian,4,0.2730467131369803
13,Carson Kressley,5,0.027018679880429518
13,Chaz Bono,5,0.05474142493912536
13,David Arquette,5,0.01723248284497072
13,Hope Solo,5,0.0254529574538587
13,J.R. Martinez,5,0.27974835254615366
13,Nancy Grace,5,0.03630939539094461
13,Ricki Lake,5,0.2797483531482461
13,Rob Kardashian,5,0.2797483537962712
13,Chaz Bono,6,0.047555344900971866
13,David Arquette,6,0.014444993539901925
13,Hope Solo,6,0.029411597223599865
13,J.R. Martinez,6,0.2898552574805532
13,Nancy Grace,6,0.03902229582425992
13,Ricki Lake,6,0.28985525539722123
13,Rob Kardashian,6,0.289855255633492
13,David Arquette,7,0.014390464395618079
13,Hope Solo,7,0.03209839692143795
13,J.R. Martinez,7,0.30283978481858204
13,Nancy Grace,7,0.04499178280627191
13,Ricki Lake,7,0.30283978524014993
13,Rob Kardashian,7,0.30283978581793997
13,Hope Solo,8,0.02924855106827949
13,J.R. Martinez,8,0.31031232750841287
13,Nancy Grace,8,0.03981446950841871
13,Ricki Lake,8,0.3103123257528904
13,Rob Kardashian,8,0.31031232616199844
13,Hope Solo,9,0.0314507441061801
13,J.R. Martinez,9,0.3228497519057076
13,Ricki Lake,9,0.3228497517739627
13,Rob Kardashian,9,0.32284975221414974
13,J.R. Martinez,10,0.33333333385853436
13,Ricki Lake,10,0.3333333328313868
13,Rob Kardashian,10,0.33333333331007886
14,Donald Driver,1,0.3116905907157926
14,Gavin DeGraw,1,0.0007102085832002206
14,Gladys Knight,1,0.012628967332240613
14,Jack Wagner,1,0.0002233125773039865
14,Jaleel White,1,0.00039238773579492944
14,Katherine Jenkins,1,0.3116905920570863
14,Maria Menounos,1,0.022891282090748855
14,Martina Navratilova,1,7.88732951682831e-05
14,Melissa Gilbert,1,0.027325894353090803
14,Roshon Fegan,1,0.0003876180972685222
14,Sherri Sheperd,1,0.00028968129839380334
14,William Levy,1,0.31169059186391107
14,Donald Driver,2,0.3116247903585953
14,Gavin DeGraw,2,0.0007170906672446698
14,Gladys Knight,2,0.012778259991372009
14,Jack Wagner,2,0.0002702809463103267
14,Jaleel White,2,0.00023472096064840303
14,Katherine Jenkins,2,0.3116247910596923
14,Maria Menounos,2,0.02288529984544471
14,Martina Navratilova,2,9.615652911131086e-05
14,Melissa Gilbert,2,0.027552997047824948
14,Roshon Fegan,2,0.0003569816283230074
14,Sherri Sheperd,2,0.00023383976556268438
14,William Levy,2,0.31162479119987024
14,Donald Driver,3,0.3116924912016601
14,Gavin DeGraw,3,0.0004659544458113136
14,Gladys Knight,3,0.012810818299757358
14,Jack Wagner,3,0.00012617401920327753
14,Jaleel White,3,0.00023027072870733517
14,Katherine Jenkins,3,0.3116924931049156
14,Maria Menounos,3,0.02295140081920599
14,Melissa Gilbert,3,0.027873585303483873
14,Roshon Fegan,3,0.0003093033215838261
14,Sherri Sheperd,3,0.00015501657979403592
14,William Levy,3,0.31169249217587736
14,Donald Driver,4,0.3117459113656053
14,Gavin DeGraw,4,0.00032533109789091065
14,Gladys Knight,4,0.01284698377798729
14,Jaleel White,4,0.0002336458656349628
14,Katherine Jenkins,4,0.31174591166728377
14,Maria Menounos,4,0.02295395596330177
14,Melissa Gilbert,4,0.028309698088624113
14,Roshon Fegan,4,9.26495358542766e-05
14,Sherri Sheperd,4,1.8241187169199837e-18
14,William Levy,4,0.31174591263781753
14,Donald Driver,5,0.31192682045233244
14,Gavin DeGraw,5,0.0003007534016405487
14,Gladys Knight,5,0.011303159482501187
14,Jaleel White,5,0.0002088332594618184
14,Katherine Jenkins,5,0.31192682239520014
14,Maria Menounos,5,0.023248363685228736
14,Melissa Gilbert,5,0.02914106312282612
14,Roshon Fegan,5,1.736318126005405e-05
14,William Levy,5,0.31192682101954905
14,Donald Driver,6,0.3122025120375755
14,Gladys Knight,6,0.00971197210738026
14,Jaleel White,6,0.0
14,Katherine Jenkins,6,0.3122025125582979
14,Maria Menounos,6,0.023542855900693414
14,Melissa Gilbert,6,0.030137633871242107
14,Roshon Fegan,6,0.0
14,William Levy,6,0.31220251352481104
14,Donald Driver,7,0.31395853015948055
14,Jaleel White,7,9.395726744269627e-18
14,Katherine Jenkins,7,0.31395853170745575
14,Maria Menounos,7,0.025505260982232828
14,Melissa Gilbert,7,0.03253782953897493
14,Roshon Fegan,7,8.13171206359228e-05
14,William Levy,7,0.3139585304912201
14,Donald Driver,8,0.31564144525206533
14,Katherine Jenkins,8,0.3156414461009077
14,Maria Menounos,8,0.027363006700086793
14,Melissa Gilbert,8,0.025712655088286296
14,Roshon Fegan,8,2.4217253609794337e-17
14,William Levy,8,0.3156414468586538
14,Donald Driver,9,0.3243393968942158
14,Katherine Jenkins,9,0.3243393981578578
14,Maria Menounos,9,0.02698180769220292
14,William Levy,9,0.3243393972557235
14,Donald Driver,10,0.3333333325978976
14,Katherine Jenkins,10,0.33333333365622725
14,William Levy,10,0.33333333374587526
15,Apolo Anton Ohno,1,4.641868486831683e-05
15,Bristol Palin,1,0.04864148087471435
15,Drew Lachey,1,9.887178479066723e-07
15,Emmitt Smith,1,0.035062406234401364
15,Gilles Marini,1,0.02091114208040548
15,Helio Castroneves,1,3.9004273209068486e-07
15,Joey Fatone,1,3.869487134325682e-05
15,Kelly Monaco,1,0.2854938772676957
15,Kirstie Alley,1,0.03877403921917548
15,Melissa Rycroft,1,0.28549387999149684
15,Pamela Anderson,1,1.3257489672375695e-05
15,Sabrina Bryan,1,2.9542429438460665e-05
15,Shawn Johnson,1,0.2854938820962087
15,Apolo Anton Ohno,2,1.584882274778489e-05
15,Bristol Palin,2,0.048679782097209086
15,Drew Lachey,2,1.0052074424675514e-16
15,Emmitt Smith,2,0.03498736419397274
15,Gilles Marini,2,0.02100913023362661
15,Helio Castroneves,2,1.2239150926101552e-16
15,Joey Fatone,2,4.2049957175518715e-17
15,Kelly Monaco,2,0.28551801848222025
15,Kirstie Alley,2,0.03875383580949281
15,Melissa Rycroft,2,0.28551801447146485
15,Sabrina Bryan,2,1.4632099735067893e-16
15,Shawn Johnson,2,0.28551800588926585
15,Apolo Anton Ohno,3,0.00021806968365756235
15,Bristol Palin,3,0.036196144364542604
15,Drew Lachey,3,3.2688215386891523e-06
15,Emmitt Smith,3,0.037019518518392185
15,Gilles Marini,3,0.023141070495922497
15,Helio Castroneves,3,7.541272835269042e-18
15,Kelly Monaco,3,0.28757997729947665
15,Kirstie Alley,3,0.04065724269852408
15,Melissa Rycroft,3,0.28757998616991226
15,Sabrina Bryan,3,2.4723822067540424e-05
15,Shawn Johnson,3,0.28757999812596596
15,Apolo Anton Ohno,4,0.0003673053743672373
15,Bristol Palin,4,0.023840271442239307
15,Emmitt Smith,4,0.039156712900967845
15,Gilles Marini,4,0.025484264046902082
15,Kelly Monaco,4,0.2895978352771422
15,Kirstie Alley,4,0.04235797411464706
15,Melissa Rycroft,4,0.2895978268069679
15,Sabrina Bryan,4,8.813539111829756e-17
15,Shawn Johnson,4,0.2895978100367663
15,Apolo Anton Ohno,5,0.0016629107094952194
15,Emmitt Smith,5,0.04402442543083886
15,Gilles Marini,5,0.030505838137379657
15,Kelly Monaco,5,0.2944640532928565
15,Kirstie Alley,5,0.03901420179430783
15,Melissa Rycroft,5,0.29446406425036303
15,Sabrina Bryan,5,0.001400424426956353
15,Shawn Johnson,5,0.2944640819578026
15,Apolo Anton Ohno,6,4.608615354717061e-05
15,Emmitt Smith,6,0.045895486659467945
15,Gilles Marini,6,0.0326211503762821
15,Kelly Monaco,6,0.29627205424066355
15,Kirstie Alley,6,0.0326211503762823
15,Melissa Rycroft,6,0.29627204584334954
15,Sabrina Bryan,6,2.4233206781550924e-17
15,Shawn Johnson,6,0.29627202635040734
15,Apolo Anton Ohno,7,0.0030685186983552618
15,Emmitt Smith,7,0.040078367166681984
15,Gilles Marini,7,0.019600164016888008
15,Kelly Monaco,7,0.3029887296012975
15,Kirstie Alley,7,0.02828672617827278
15,Melissa Rycroft,7,0.302988738742672
15,Shawn Johnson,7,0.3029887555958325
15,Apolo Anton Ohno,8,0.006159237679665042
15,Emmitt Smith,8,0.03428032306281606
15,Gilles Marini,8,0.006314538643062309
15,Kelly Monaco,8,0.3097628916429822
15,Kirstie Alley,8,0.0239572504780212
15,Melissa Rycroft,8,0.30976288666322127
15,Shawn Johnson,8,0.309762871830232
15,Apolo Anton Ohno,9,0.004737759689846163
15,Emmitt Smith,9,0.0328421694279726
15,Kelly Monaco,9,0.32080668434897147
15,Melissa Rycroft,9,0.32080668894456044
15,Shawn Johnson,9,0.32080669758864927
15,Kelly Monaco,10,0.3333333347005734
15,Melissa Rycroft,10,0.3333333345747308
15,Shawn Johnson,10,0.33333333072469573
16,Alexandra Raisman,1,0.23436640399760544
16,Andy Dick,1,0.0001702974055698586
16,D. L. Hughley,1,7.379884708876442e-05
16,Dorothy Hamill,1,0.00024335273541733736
16,Ingo Rademacher,1,0.0012687739579146226
16,Jacoby Jones,1,0.2645391498814657
16,Kellie Pickler,1,0.24945277802640287
16,Lisa Vanderpump,1,8.608943188027004e-05
16,Sean Lowe,1,1.69756433548228e-17
16,Victor Ortiz,1,0.00014272550986483033
16,Wynonna Judd,1,0.0002038535684702014
16,Zendaya,1,0.2494527766383202
16,Alexandra Raisman,2,0.23419480466895484
16,Andy Dick,2,0.00018051939824343508
16,D. L. Hughley,2,2.1035084531896925e-05
16,Dorothy Hamill,2,0.00024230407031392798
16,Ingo Rademacher,2,0.001196458987573818
16,Jacoby Jones,2,0.2646394878658883
16,Kellie Pickler,2,0.24941714389693564
16,Lisa Vanderpump,2,9.075981635897006e-05
16,Sean Lowe,2,9.070358931225232e-05
16,Victor Ortiz,2,0.00019161434463653066
16,Wynonna Judd,2,0.00031802254383122875
16,Zendaya,2,0.24941714573341914
16,Alexandra Raisman,3,0.23430003077076741
16,Andy Dick,3,0.0002017370942085617
16,D. L. Hughley,3,3.9291617251461214e-05
16,Ingo Rademacher,3,0.0011163005005230802
16,Jacoby Jones,3,0.264686214080999
16,Kellie Pickler,3,0.2494931264367323
16,Lisa Vanderpump,3,0.00012736030475230076
16,Sean Lowe,3,8.817409877933307e-05
16,Victor Ortiz,3,0.00018169831315844448
16,Wynonna Judd,3,0.000272944340324523
16,Zendaya,3,0.24949312244250355
16,Alexandra Raisman,4,0.23430605063676174
16,Andy Dick,4,0.00023175932854545587
16,D. L. Hughley,4,4.8642374002689895e-05
16,Ingo Rademacher,4,0.0011244355582117462
16,Jacoby Jones,4,0.26478955570224494
16,Kellie Pickler,4,0.24954779860902182
16,Lisa Vanderpump,4,9.896411856963861e-05
16,Sean Lowe,4,4.433013278027607e-05
16,Victor Ortiz,4,0.00026066121646534394
16,Zendaya,4,0.24954780232339638
16,Alexandra Raisman,5,0.23424517715656262
16,Andy Dick,5,0.0002109329337583156
16,D. L. Hughley,5,8.114456707947846e-05
16,Ingo Rademacher,5,0.0009714150427937625
16,Jacoby Jones,5,0.2649196224930976
16,Kellie Pickler,5,0.24958240530025452
16,Sean Lowe,5,5.366049599125004e-05
16,Victor Ortiz,5,0.0003532420530675727
16,Zendaya,5,0.2495823999573949
16,Alexandra Raisman,6,0.234286921423529
16,Andy Dick,6,0.00020757373913471113
16,Ingo Rademacher,6,0.0008557485641713064
16,Jacoby Jones,6,0.26501256851838223
16,Kellie Pickler,6,0.24964973975056182
16,Sean Lowe,6,0.00013484047567394696
16,Victor Ortiz,6,0.0002028633209744923
16,Zendaya,6,0.24964974420757255
16,Alexandra Raisman,7,0.2342944024732358
16,Andy Dick,7,0.0002788853751638106
16,Ingo Rademacher,7,0.000750454470449257
16,Jacoby Jones,7,0.2651165573498894
16,Kellie Pickler,7,0.24970548503065662
16,Sean Lowe,7,0.0001487353927052628
16,Zendaya,7,0.24970547990789985
16,Alexandra Raisman,8,0.23437919461149992
16,Ingo Rademacher,8,0.0006898234813600827
16,Jacoby Jones,8,0.26517647585697585
16,Kellie Pickler,8,0.249777831565748
16,Sean Lowe,8,0.00019883988395352255
16,Zendaya,8,0.24977783460046266
16,Alexandra Raisman,9,0.23435208967972376
16,Ingo Rademacher,9,0.000625244338383045
16,Jacoby Jones,9,0.2653352869307604
16,Kellie Pickler,9,0.24984369088319433
16,Zendaya,9,0.2498436881679384
16,Alexandra Raisman,10,0.2344734591339386
16,Jacoby Jones,10,0.2655265413988906
16,Kellie Pickler,10,0.24999999964685152
16,Zendaya,10,0.24999999982031929
17,Amber Riley,1,0.2149293005118532
17,Bill Engvall,1,0.21898622708250315
17,Bill Nye,1,0.011263914419773051
17,Brant Daugherty,1,0.010350931193619161
17,Christina Milian,1,6.659194886295021e-05
17,Corbin Bleu,1,0.21492930026225573
17,Elizabeth Berkley Lauren,1,0.022702397737879874
17,Jack Osbourne,1,0.21492930039685176
17,Keyshawn Johnson,1,4.829120879108959e-06
17,Leah Remini,1,0.07343645371529041
17,"Nicole ""Snooki"" Polizzi",1,0.009451027127967002
17,Valerie Harper,1,0.008949726482264704
17,Amber Riley,2,0.2149459178906525
17,Bill Engvall,2,0.21898233448610913
17,Bill Nye,2,0.01124216018702933
17,Brant Daugherty,2,0.010212928544801604
17,Christina Milian,2,1.6277611888620335e-05
17,Corbin Bleu,2,0.21494591759859655
17,Elizabeth Berkley Lauren,2,0.02278612010521109
17,Jack Osbourne,2,0.21494591792695014
17,Keyshawn Johnson,2,6.687582934423865e-18
17,Leah Remini,2,0.07352704760362275
17,"Nicole ""Snooki"" Polizzi",2,0.009442950876881639
17,Valerie Harper,2,0.008952427168256834
17,Amber Riley,3,0.2151241540867123
17,Bill Engvall,3,0.2192560314292976
17,Bill Nye,3,0.009257642034823694
17,Brant Daugherty,3,0.010325041181217206
17,Christina Milian,3,2.270006993318889e-06
17,Corbin Bleu,3,0.21512415391089484
17,Elizabeth Berkley Lauren,3,0.022930143191083913
17,Jack Osbourne,3,0.2151241538399744
17,Leah Remini,3,0.07383760673349457
17,"Nicole ""Snooki"" Polizzi",3,0.009774534544676076
17,Valerie Harper,3,0.009244269040832231
17,Amber Riley,4,0.21629644197256936
17,Bill Engvall,4,0.2202975414573344
17,Brant Daugherty,4,0.011317796811040882
17,Christina Milian,4,2.21177311753857e-05
17,Corbin Bleu,4,0.21629644161878042
17,Elizabeth Berkley Lauren,4,0.024069324278571173
17,Jack Osbourne,4,0.21629644215645047
17,Leah Remini,4,0.07512556161125601
17,"Nicole ""Snooki"" Polizzi",4,0.011100903420131729
17,Valerie Harper,4,0.009177428942690219
17,Amber Riley,5,0.21742463024614492
17,Bill Engvall,5,0.22153548893506747
17,Brant Daugherty,5,0.012380905042636677
17,Christina Milian,5,4.935461556262161e-17
17,Corbin Bleu,5,0.21742463011808563
17,Elizabeth Berkley Lauren,5,0.02521762008217119
17,Jack Osbourne,5,0.21742462990895545
17,Leah Remini,5,0.07621069227667948
17,"Nicole ""Snooki"" Polizzi",5,0.012381403390259227
17,Amber Riley,6,0.22043780394992876
17,Bill Engvall,6,0.22448969598441765
17,Brant Daugherty,6,0.00783942454045208
17,Corbin Bleu,6,0.2204378035403529
17,Elizabeth Berkley Lauren,6,0.026836297082837666
17,Jack Osbourne,6,0.22043780414369687
17,Leah Remini,6,0.06840459907877681
17,"Nicole ""Snooki"" Polizzi",6,0.01111657167953732
17,Amber Riley,7,0.22338104758295985
17,Bill Engvall,7,0.2274486404039447
17,Brant Daugherty,7,0.0033431117500893554
17,Corbin Bleu,7,0.22338104747878193
17,Elizabeth Berkley Lauren,7,0.028352966318211586
17,Jack Osbourne,7,0.22338104726094107
17,Leah Remini,7,0.06083636414885546
17,"Nicole ""Snooki"" Polizzi",7,0.009875775056216108
17,Amber Riley,8,0.22762620549342222
17,Bill Engvall,8,0.2317167421724964
17,Brant Daugherty,8,9.04560767625506e-06
17,Corbin Bleu,8,0.22762620514864337
17,Elizabeth Berkley Lauren,8,0.031157370786068644
17,Jack Osbourne,8,0.22762620564264108
17,Leah Remini,8,0.05423822514905213
17,Amber Riley,9,0.23067337683470432
17,Bill Engvall,9,0.23477723949980772
17,Corbin Bleu,9,0.23067337664347243
17,Elizabeth Berkley Lauren,9,0.02679355030325604
17,Jack Osbourne,9,0.23067337655349737
17,Leah Remini,9,0.04640908016526212
17,Amber Riley,10,0.23816269058437223
17,Bill Engvall,10,0.24228576992187478
17,Corbin Bleu,10,0.23816269026710946
17,Jack Osbourne,10,0.2381626906241779
17,Leah Remini,10,0.043226158602465606
17,Amber Riley,11,0.2489860402384656
17,Bill Engvall,11,0.2530418796597858
17,Corbin Bleu,11,0.24898604000230481
17,Jack Osbourne,11,0.24898604009944375
18,Amy Purdy,1,0.21575454783149975
18,Billy Dee Williams,1,0.07351421715749049
18,Candace Cameron Bure,1,0.25810008096017684
18,Charlie White,1,5.026264679674724e-05
18,Cody Simpson,1,5.4259411923795824e-05
18,Danica McKellar,1,1.4205709595882081e-05
18,Diana Nyad,1,0.00014236660197193259
18,Drew Carey,1,0.044468597798496434
18,James Maslow,1,0.17340901523739266
18,Meryl Davis,1,0.21575454806128858
18,NeNe Leakes,1,0.01872810570383259
18,Sean Avery,1,9.7928795348184e-06
18,Amy Purdy,2,0.21579795629732515
18,Billy Dee Williams,2,0.07362449579659845
18,Candace Cameron Bure,2,0.25819352191327044
18,Charlie White,2,2.886850206170437e-17
18,Cody Simpson,2,1.9776499001350404e-18
18,Danica McKellar,2,1.4964348988669796e-17
18,Drew Carey,2,0.04445924132372043
18,James Maslow,2,0.1734023912273168
18,Meryl Davis,2,0.2157979564249494
18,NeNe Leakes,2,0.018724437016819705
18,Sean Avery,2,3.4194096239318425e-18
18,Amy Purdy,3,0.22501696364919724
18,Candace Cameron Bure,3,0.2674743907510432
18,Charlie White,3,0.006309954298858238
18,Cody Simpson,3,0.005511709103687025
18,Danica McKellar,3,0.006495923788840472
18,Drew Carey,3,0.0536794651669413
18,James Maslow,3,0.18255953710888675
18,Meryl Davis,3,0.2250169638016624
18,NeNe Leakes,3,0.02793509233088347
18,Amy Purdy,4,0.22608225498809004
18,Candace Cameron Bure,4,0.2686566476966581
18,Charlie White,4,0.004450063013066344
18,Cody Simpson,4,0.002749034891079626
18,Danica McKellar,4,0.004721701436023564
18,Drew Carey,4,0.0546920265344658
18,James Maslow,4,0.1835078628186907
18,Meryl Davis,4,0.22608225518972402
18,NeNe Leakes,4,0.029058153432201948
18,Amy Purdy,5,0.2271019684468807
18,Candace Cameron Bure,5,0.2697057358146771
18,Charlie White,5,0.002669767798967257
18,Cody Simpson,5,9.440819965885045e-18
18,Danica McKellar,5,0.0030999135239457598
18,Drew Carey,5,0.05566843782037359
18,James Maslow,5,0.18449820160881636
18,Meryl Davis,5,0.22710196866709842
18,NeNe Leakes,5,0.030154006319240794
18,Amy Purdy,6,0.22963956607931257
18,Candace Cameron Bure,6,0.2722353508004692
18,Charlie White,6,0.0022903953902013168
18,Danica McKellar,6,0.0028343568855863665
18,Drew Carey,6,0.043533325174201755
18,James Maslow,6,0.1870437819023275
18,Meryl Davis,6,0.22963956619311382
18,NeNe Leakes,6,0.032783657574787496
18,Amy Purdy,7,0.23761817440879335
18,Candace Cameron Bure,7,0.2803180030425076
18,Charlie White,7,0.007458987175834215
18,Danica McKellar,7,0.007982753413002579
18,James Maslow,7,0.1949183463274136
18,Meryl Davis,7,0.23761817450982073
18,NeNe Leakes,7,0.034085561122628005
18,Amy Purdy,8,0.24423206268137534
18,Candace Cameron Bure,8,0.2869629386280432
18,Charlie White,8,0.011258912643994201
18,Danica McKellar,8,0.011812835896424524
18,James Maslow,8,0.20150118725455868
18,Meryl Davis,8,0.2442320628956041
18,Amy Purdy,9,0.24714546070520463
18,Candace Cameron Bure,9,0.28988550981179356
18,Charlie White,9,0.011418156459337324
18,James Maslow,9,0.20440541213320704
18,Meryl Davis,9,0.2471454608904575
18,Amy Purdy,10,0.2499999998312742
18,Candace Cameron Bure,10,0.29272722444721283
18,James Maslow,10,0.20727277576371478
18,Meryl Davis,10,0.24999999995779823
19,Alfonso Ribeiro,1,0.2005565616015437
19,Antonio Sabato Jr.,1,0.03513068353800255
19,Bethany Mota,1,0.2005565601791881
19,Betsey Johnson,1,0.016026523498855187
19,Janel Parrish,1,0.2005565603142162
19,Jonathan Bennett,1,0.04398668476653981
19,Lea Thompson,1,3.4485028268092704e-16
19,Lolo Jones,1,6.674971862903501e-17
19,Michael Waltrip,1,0.037423506709868395
19,Randy Couture,1,9.051918379293814e-17
19,Sadie Robertson,1,0.20055656063803695
19,Tavis Smiley,1,2.882555610955101e-17
19,Tommy Chong,1,0.06520635875374865
19,Alfonso Ribeiro,2,0.20117562157698152
19,Antonio Sabato Jr.,2,0.035891776672796936
19,Bethany Mota,2,0.20117562438146086
19,Betsey Johnson,2,0.010598547518602657
19,Janel Parrish,2,0.2011756228652086
19,Jonathan Bennett,2,0.044759631580256524
19,Lea Thompson,2,6.750325827903429e-05
19,Michael Waltrip,2,0.03812491698417722
19,Randy Couture,2,2.666783681007808e-05
19,Sadie Robertson,2,0.20117562482928647
19,Tavis Smiley,2,1.1898133558892841e-05
19,Tommy Chong,2,0.06581656436258117
19,Alfonso Ribeiro,3,0.20181329478670837
19,Antonio Sabato Jr.,3,0.0366662352721432
19,Bethany Mota,3,0.20181328999062134
19,Betsey Johnson,3,0.0052858437915778815
19,Janel Parrish,3,0.2018132915035177
19,Jonathan Bennett,3,0.04565108513056978
19,Lea Thompson,3,9.298349263957517e-05
19,Michael Waltrip,3,0.03864797541253102
19,Randy Couture,3,6.639330059266584e-05
19,Sadie Robertson,3,0.20181329024836694
19,Tommy Chong,3,0.06633631707073165
19,Alfonso Ribeiro,4,0.2024411701095428
19,Antonio Sabato Jr.,4,0.03745356331505273
19,Bethany Mota,4,0.20244117494933092
19,Betsey Johnson,4,3.7866939502827085e-17
19,Janel Parrish,4,0.20244117262435804
19,Jonathan Bennett,4,0.04647788354113208
19,Lea Thompson,4,0.0
19,Michael Waltrip,4,0.03934571750922489
19,Sadie Robertson,4,0.2024411759749507
19,Tommy Chong,4,0.06695814197640798
19,Alfonso Ribeiro,5,0.20530100628650422
19,Antonio Sabato Jr.,5,0.040594264923886424
19,Bethany Mota,5,0.20530100113109406
19,Janel Parrish,5,0.2053010026500436
19,Jonathan Bennett,5,0.02491225106133975
19,Lea Thompson,5,0.001507389553013124
19,Michael Waltrip,5,0.04212618696819245
19,Sadie Robertson,5,0.2053010003462523
19,Tommy Chong,5,0.06965589707967416
19,Alfonso Ribeiro,6,0.2081709617288215
19,Antonio Sabato Jr.,6,0.043860068748421785
19,Bethany Mota,6,0.2081709654437235
19,Janel Parrish,6,0.20817096362038887
19,Jonathan Bennett,6,0.0032289242970569656
19,Lea Thompson,6,0.002904437349104494
19,Michael Waltrip,6,0.045012267957000675
19,Sadie Robertson,6,0.20817096767661436
19,Tommy Chong,6,0.07231044317886796
19,Alfonso Ribeiro,7,0.21136018806517054
19,Antonio Sabato Jr.,7,0.03100773443079065
19,Bethany Mota,7,0.21136018499794934
19,Janel Parrish,7,0.21136018566934012
19,Lea Thompson,7,0.0
19,Michael Waltrip,7,0.04826352238498945
19,Sadie Robertson,7,0.2113601831806141
19,Tommy Chong,7,0.07528800127114595
19,Alfonso Ribeiro,8,0.21812107112129445
19,Bethany Mota,8,0.2181210724347613
19,Janel Parrish,8,0.21812107162620392
19,Lea Thompson,8,0.0
19,Michael Waltrip,8,0.04563309977326597
19,Sadie Robertson,8,0.218121075258601
19,Tommy Chong,8,0.08188260978587333
19,Alfonso Ribeiro,9,0.2272968218887972
19,Bethany Mota,9,0.2272968209001967
19,Janel Parrish,9,0.22729682069173693
19,Lea Thompson,9,7.12128732422569e-18
19,Sadie Robertson,9,0.22729681921903422
19,Tommy Chong,9,0.09081271730023499
19,Alfonso Ribeiro,10,0.23110155420298614
19,Bethany Mota,10,0.23110155407314661
19,Janel Parrish,10,0.2311015537497733
19,Sadie Robertson,10,0.2311015559875743
19,Tommy Chong,10,0.07559378198651966
19,Alfonso Ribeiro,11,0.25000000035923264
19,Bethany Mota,11,0.25000000005011996
19,Janel Parrish,11,0.24999999964656824
19,Sadie Robertson,11,0.24999999994407923
20,Charlotte McKinney,1,0.04264154104907414
20,Chris Soules,1,0.08576895581941187
20,Michael Sam,1,0.025336375529311728
20,Nastia Liukin,1,9.854969517027891e-05
20,Noah Galloway,1,0.2418122325318503
20,Patti LaBelle,1,0.03048340798873033
20,Redfoo,1,8.136995886219029e-05
20,Riker Lynch,1,0.2428777707175901
20,Robert Herjavec,1,0.06256272316927552
20,Rumer Willis,1,0.24287777120211915
20,Suzanne Somers,1,0.025411228006039382
20,Willow Shields,1,4.8074332565816426e-05
20,Charlotte McKinney,2,0.04270217889295475
20,Chris Soules,2,0.08592984459900624
20,Michael Sam,2,0.02541111261053396
20,Nastia Liukin,2,0.0
20,Noah Galloway,2,0.24174758526072385
20,Patti LaBelle,2,0.03025522853368639
20,Redfoo,2,0.0
20,Riker Lynch,2,0.24291986220961295
20,Robert Herjavec,2,0.06270321256207866
20,Rumer Willis,2,0.24291986272087085
20,Suzanne Somers,2,0.02541111261053372
20,Willow Shields,2,6.884292897890245e-17
20,Charlotte McKinney,3,0.03362248873734404
20,Chris Soules,3,0.0855589096248763
20,Michael Sam,3,0.01642194618154084
20,Nastia Liukin,3,0.0
20,Noah Galloway,3,0.24554313822752333
20,Patti LaBelle,3,0.033529319460362715
20,Riker Lynch,3,0.24658603604070892
20,Robert Herjavec,3,0.06667687322970119
20,Rumer Willis,3,0.24658603656550304
20,Suzanne Somers,3,0.025475251932440934
20,Willow Shields,3,3.417977629508914e-17
20,Chris Soules,4,0.08840267459934356
20,Michael Sam,4,0.01071917915898105
20,Nastia Liukin,4,0.0016193874853591141
20,Noah Galloway,4,0.25264682360516316
20,Patti LaBelle,4,0.034532707973865005
20,Riker Lynch,4,0.253782178177851
20,Robert Herjavec,4,0.07412967431747286
20,Rumer Willis,4,0.2537821784320346
20,Suzanne Somers,4,0.029046906727683567
20,Willow Shields,4,0.0013382895222461178
20,Chris Soules,5,0.08892314243625511
20,Nastia Liukin,5,0.0008091524044371398
20,Noah Galloway,5,0.25746970000168906
20,Patti LaBelle,5,0.033105675737181
20,Riker Lynch,5,0.2585707891152134
20,Robert Herjavec,5,0.07935730811251662
20,Rumer Willis,5,0.25857078997445343
20,Suzanne Somers,5,0.022590678813958737
20,Willow Shields,5,0.0006027634042954896
20,Chris Soules,6,0.09072472070681915
20,Nastia Liukin,6,0.001232877747413399
20,Noah Galloway,6,0.263566488983783
20,Patti LaBelle,6,0.02782837371834405
20,Riker Lynch,6,0.2646686540827582
20,Robert Herjavec,6,0.08607735289712397
20,Rumer Willis,6,0.2646686541163434
20,Willow Shields,6,0.0012328777474148308
20,Chris Soules,7,0.09333212999945462
20,Nastia Liukin,7,0.0
20,Noah Galloway,7,0.2703942030237534
20,Riker Lynch,7,0.27147076810969906
20,Robert Herjavec,7,0.09333212999945467
20,Rumer Willis,7,0.27147076886763927
20,Willow Shields,7,0.0
20,Chris Soules,8,0.07003344577420528
20,Nastia Liukin,8,0.0039138740290168604
20,Noah Galloway,8,0.2846004485496443
20,Riker Lynch,8,0.2857096548659277
20,Robert Herjavec,8,0.0700329217500176
20,Rumer Willis,8,0.28570965503118834
20,Nastia Liukin,9,0.031051872023978515
20,Noah Galloway,9,0.3222686053272642
20,Riker Lynch,9,0.32333976108724516
20,Rumer Willis,9,0.3233397615615122
20,Noah Galloway,10,0.3326013961667131
20,Riker Lynch,10,0.33369930173218776
20,Rumer Willis,10,0.3336993021010991
21,Alek Skarlatos,1,0.2465676592465933
21,Alexa PenaVega,1,0.005203635898691655
21,Andy Grammer,1,5.730340773433288e-16
21,Bindi Irwin,1,0.2202085735805898
21,Carlos PenaVega,1,0.1938494883395942
21,Chaka Khan,1,3.3025017330775666e-05
21,Gary Busey,1,0.022358677538615677
21,Hayes Grier,1,1.0849521256357993e-05
21,Kim Zolciak-Biermann,1,3.30250173307462e-05
21,Nick Carter,1,0.220208574045967
21,Paula Deen,1,4.510313886256144e-05
21,Tamar Braxton,1,0.09148138865516775
21,Victor Espinoza,1,4.7446875018247124e-17
21,Alek Skarlatos,2,0.2465756986386742
21,Alexa PenaVega,2,0.005253002126309978
21,Andy Grammer,2,5.972843722029982e-16
21,Bindi Irwin,2,0.22025154763319096
21,Carlos PenaVega,2,0.1939273943793037
21,Chaka Khan,2,8.395664829822887e-17
21,Gary Busey,2,0.022157925638833974
21,Hayes Grier,2,5.167019740776683e-16
21,Kim Zolciak-Biermann,2,8.378666824591631e-17
21,Nick Carter,2,0.22025154663359722
21,Paula Deen,2,1.5204204391722362e-05
21,Tamar Braxton,2,0.09156768074569795
21,Victor Espinoza,2,1.561926269553033e-16
21,Alek Skarlatos,3,0.24686686293153579
21,Alexa PenaVega,3,0.00529992211165364
21,Andy Grammer,3,3.855221475643398e-05
21,Bindi Irwin,3,0.2205718764055575
21,Carlos PenaVega,3,0.194276893222856
21,Gary Busey,3,0.020208043301552087
21,Hayes Grier,3,1.7752441059572178e-05
21,Nick Carter,3,0.22057187845917647
21,Paula Deen,3,7.431567515012451e-06
21,Tamar Braxton,3,0.09214078734433752
21,Alek Skarlatos,4,0.2471813612029094
21,Alexa PenaVega,4,0.005292639620175984
21,Andy Grammer,4,1.3781510216571804e-05
21,Bindi Irwin,4,0.22087125565801363
21,Carlos PenaVega,4,0.19456114497636706
21,Gary Busey,4,0.018294688320380264
21,Hayes Grier,4,1.1596101715288422e-16
21,Nick Carter,4,0.22087125318257972
21,Paula Deen,4,5.717719750121152e-05
21,Tamar Braxton,4,0.09285669833185614
21,Alek Skarlatos,5,0.24947259130333888
21,Alexa PenaVega,5,0.007100595953148107
21,Andy Grammer,5,0.0016416698096222552
21,Bindi Irwin,5,0.2231258542124088
21,Carlos PenaVega,5,0.19677912271400763
21,Hayes Grier,5,0.0013322629428423511
21,Nick Carter,5,0.22312585727062828
21,Paula Deen,5,0.001917118530975691
21,Tamar Braxton,5,0.09550492726302802
21,Alek Skarlatos,6,0.2497530214804062
21,Alexa PenaVega,6,0.0068306250963461835
21,Andy Grammer,6,0.0011919665483150776
21,Bindi Irwin,6,0.22335818378944078
21,Carlos PenaVega,6,0.19696333983210473
21,Hayes Grier,6,0.00047524725930729584
21,Nick Carter,6,0.22335818086117676
21,Paula Deen,6,0.0017793899946089756
21,Tamar Braxton,6,0.09629004513829403
21,Alek Skarlatos,7,0.25027255724981906
21,Alexa PenaVega,7,0.006725648750621816
21,Andy Grammer,7,0.000968544395656893
21,Bindi Irwin,7,0.22376682788807056
21,Carlos PenaVega,7,0.19726110412554898
21,Hayes Grier,7,9.99694820740602e-17
21,Nick Carter,7,0.22376683088824048
21,Tamar Braxton,7,0.09723848670204215
21,Alek Skarlatos,8,0.2509162492367975
21,Alexa PenaVega,8,0.003307219233698932
21,Andy Grammer,8,0.000771139426667079
21,Bindi Irwin,8,0.2243332990591897
21,Carlos PenaVega,8,0.1977503434665723
21,Nick Carter,8,0.22433329656988876
21,Tamar Braxton,8,0.09858845300718572
21,Alek Skarlatos,9,0.2517067997881988
21,Alexa PenaVega,9,8.491486499780922e-16
21,Bindi Irwin,9,0.22502691529850735
21,Carlos PenaVega,9,0.19834703492538044
21,Nick Carter,9,0.22502691748962098
21,Tamar Braxton,9,0.09989233249829188
21,Alek Skarlatos,10,0.2766610528790919
21,Bindi Irwin,10,0.2500000010965246
21,Carlos PenaVega,10,0.22333894615930613
21,Nick Carter,10,0.2499999998650774
21,Alek Skarlatos,11,0.27677815712152887
21,Bindi Irwin,11,0.24999999964640374
21,Carlos PenaVega,11,0.22322184303510703
21,Nick Carter,11,0.25000000019696034
22,Antonio Brown,1,0.04063841495492477
22,Doug Flutie,1,0.03748193429018272
22,Geraldo Rivera,1,5.494545415128907e-06
22,Ginger Zee,1,0.27772056787149463
22,Jodie Sweetin,1,0.009345795944861696
22,Kim Fields,1,0.00011155117037824183
22,Marla Maples,1,6.952066512841388e-06
22,Mischa Barton,1,4.2096196690457336e-05
22,Nyle DiMarco,1,0.27772056880342466
22,Paige VanZant,1,0.2777205684045708
22,Von Miller,1,0.00011155127596805032
22,Wanya Morris,1,0.07909450447557594
22,Antonio Brown,2,0.04073009266939547
22,Doug Flutie,2,0.037516579947771966
22,Geraldo Rivera,2,6.289350804682795e-06
22,Ginger Zee,2,0.27767078773827264
22,Jodie Sweetin,2,0.009445871817116758
22,Kim Fields,2,8.404403542555429e-05
22,Marla Maples,2,0.00021346217045925452
22,Mischa Barton,2,2.1015988564210622e-16
22,Nyle DiMarco,2,0.27767078880402035
22,Paige VanZant,2,0.27767078839505815
22,Von Miller,2,8.404405250793013e-05
22,Wanya Morris,2,0.07890725101916697
22,Antonio Brown,3,0.0410438840257399
22,Doug Flutie,3,0.03730838415510209
22,Ginger Zee,3,0.2777186095005634
22,Jodie Sweetin,3,0.009334888157325884
22,Kim Fields,3,0.00012004418234800134
22,Marla Maples,3,4.422731712111494e-16
22,Mischa Barton,3,3.2688613832690314e-05
22,Nyle DiMarco,3,0.27771861020579863
22,Paige VanZant,3,0.27771860977880863
22,Von Miller,3,0.0001200441548808111
22,Wanya Morris,3,0.07888423722559955
22,Antonio Brown,4,0.04133195613654827
22,Doug Flutie,4,0.03751345644273237
22,Ginger Zee,4,0.2776547127075938
22,Jodie Sweetin,4,0.009300290298532132
22,Kim Fields,4,1.3217404232738187e-16
22,Marla Maples,4,2.8599131655397793e-16
22,Nyle DiMarco,4,0.2776547139834151
22,Paige VanZant,4,0.27765471364972666
22,Von Miller,4,3.698824136834842e-16
22,Wanya Morris,4,0.07889015678145099
22,Antonio Brown,5,0.042696388123650286
22,Doug Flutie,5,0.03352687334577375
22,Ginger Zee,5,0.2787666911960715
22,Jodie Sweetin,5,0.007479605624880649
22,Kim Fields,5,7.058156142880634e-16
22,Nyle DiMarco,5,0.2787666919546574
22,Paige VanZant,5,0.27876669125448905
22,Von Miller,5,3.691369584134241e-16
22,Wanya Morris,5,0.07999705850047636
22,Antonio Brown,6,0.04430611991960026
22,Doug Flutie,6,0.02948755435471287
22,Ginger Zee,6,0.279889520258556
22,Jodie Sweetin,6,0.005458124382448842
22,Kim Fields,6,1.953460536855105e-16
22,Nyle DiMarco,6,0.279889521276451
22,Paige VanZant,6,0.2798895211060515
22,Von Miller,6,2.5967253059291685e-16
22,Wanya Morris,6,0.08107963870217909
22,Antonio Brown,7,0.05005523552457542
22,Ginger Zee,7,0.2850576426852026
22,Jodie Sweetin,7,0.007552233651475932
22,Kim Fields,7,0.0006440808161164691
22,Nyle DiMarco,7,0.285057643896371
22,Paige VanZant,7,0.2850576430763775
22,Von Miller,7,0.0006440808161163878
22,Wanya Morris,7,0.08593143953376464
22,Antonio Brown,8,0.05218350922735006
22,Ginger Zee,8,0.28671000731260493
22,Jodie Sweetin,8,6.648251892671404e-16
22,Nyle DiMarco,8,0.2867100079995412
22,Paige VanZant,8,0.2867100076532715
22,Wanya Morris,8,0.08768646780723163
22,Antonio Brown,9,0.03211000139613083
22,Ginger Zee,9,0.30002424559666907
22,Nyle DiMarco,9,0.3000242468845263
22,Paige VanZant,9,0.3000242462688291
22,Wanya Morris,9,0.06781725985384476
22,Ginger Zee,10,0.3333333328610741
22,Nyle DiMarco,10,0.33333333383845615
22,Paige VanZant,10,0.33333333330046977
23,Amber Rose,1,0.0001121431726946027
23,Babyface,1,0.0004218899475897437
23,Calvin Johnson Jr.,1,0.22456329610609424
23,Jake T. Austin,1,1.257496382240911e-05
23,James Hinchcliffe,1,0.22456329616996587
23,Jana Kramer,1,0.22456329562968752
23,Laurie Hernandez,1,0.22456329594957966
23,Marilu Henner,1,0.03939970130454849
23,Maureen McCormick,1,0.00028736968492070576
23,Rick Perry,1,0.01689591559311729
23,Ryan Lochte,1,0.011957473194471675
23,Terra Jole,1,0.024554759702034426
23,Vanilla Ice,1,0.008104988581473438
23,Amber Rose,2,1.542532193069404e-16
23,Babyface,2,1.0745182688193771e-06
23,Calvin Johnson Jr.,2,0.22462328483190191
23,Jake T. Austin,2,1.3589002487457101e-17
23,James Hinchcliffe,2,0.2246232848977138
23,Jana Kramer,2,0.22462328411826232
23,Laurie Hernandez,2,0.22462328456083366
23,Marilu Henner,2,0.039269222622648495
23,Maureen McCormick,2,0.00010428501911532875
23,Rick Perry,2,0.016915033826840672
23,Ryan Lochte,2,0.01229192541128795
23,Terra Jole,2,0.024589938055410848
23,Vanilla Ice,2,0.008335382137716152
23,Amber Rose,3,0.000235157349745317
23,Babyface,3,4.889414586193728e-05
23,Calvin Johnson Jr.,3,0.225594759324649
23,James Hinchcliffe,3,0.22559475939733914
23,Jana Kramer,3,0.2255947590655564
23,Laurie Hernandez,3,0.2255947592493705
23,Marilu Henner,3,0.04006121813029669
23,Maureen McCormick,3,0.00037641423611385556
23,Rick Perry,3,0.009314070932173334
23,Ryan Lochte,3,0.013313465982714507
23,Terra Jole,3,0.025124184485489528
23,Vanilla Ice,3,0.009147557700689772
23,Amber Rose,4,0.000832599138737
23,Babyface,4,0.00048319156171192226
23,Calvin Johnson Jr.,4,0.2273748282684196
23,James Hinchcliffe,4,0.22737482832043224
23,Jana Kramer,4,0.22737482747993526
23,Laurie Hernandez,4,0.22737482793690805
23,Marilu Henner,4,0.04174352679334666
23,Maureen McCormick,4,0.0014110941369262257
23,Ryan Lochte,4,0.01545425971810889
23,Terra Jole,4,0.02648393832478841
23,Vanilla Ice,4,0.004092078320685823
23,Amber Rose,5,0.0011673745230963634
23,Calvin Johnson Jr.,5,0.22863478907942406
23,James Hinchcliffe,5,0.2286347891552728
23,Jana Kramer,5,0.22863478873141846
23,Laurie Hernandez,5,0.22863478907303175
23,Marilu Henner,5,0.042855967703145155
23,Maureen McCormick,5,0.001768423435909411
23,Ryan Lochte,5,0.011966725631246825
23,Terra Jole,5,0.027702352667455216
23,Amber Rose,6,0.0007508512740826277
23,Calvin Johnson Jr.,6,0.22946893889044284
23,James Hinchcliffe,6,0.22946893890099876
23,Jana Kramer,6,0.22946893826474954
23,Laurie Hernandez,6,0.22946893846947614
23,Marilu Henner,6,0.043507997892802096
23,Maureen McCormick,6,0.0014323381588471915
23,Ryan Lochte,6,0.007992771411748032
23,Terra Jole,6,0.02844028673685281
23,Calvin Johnson Jr.,7,0.23046346605980095
23,James Hinchcliffe,7,0.23046346616894758
23,Jana Kramer,7,0.23046346563166165
23,Laurie Hernandez,7,0.23046346596909023
23,Marilu Henner,7,0.04405780026093548
23,Maureen McCormick,7,0.001286522781258508
23,Ryan Lochte,7,0.0038528856479707607
23,Terra Jole,7,0.02894892748033481
23,Calvin Johnson Jr.,8,0.231472397298181
23,James Hinchcliffe,8,0.23147239729796606
23,Jana Kramer,8,0.2314723966615201
23,Laurie Hernandez,8,0.23147239707419545
23,Marilu Henner,8,0.04451789982679907
23,Ryan Lochte,8,5.027336765058652e-17
23,Terra Jole,8,0.029592511841338324
23,Calvin Johnson Jr.,9,0.2341740652893613
23,James Hinchcliffe,9,0.23417406542543248
23,Jana Kramer,9,0.23417406488342413
23,Laurie Hernandez,9,0.23417406509202526
23,Marilu Henner,9,0.03798242527513188
23,Terra Jole,9,0.025321314034625023
23,Calvin Johnson Jr.,10,0.24315348157642522
23,James Hinchcliffe,10,0.24315348157895014
23,Jana Kramer,10,0.24315348096072079
23,Laurie Hernandez,10,0.24315348135347098
23,Terra Jole,10,0.027386074530432812
23,Calvin Johnson Jr.,11,0.2500000001675912
23,James Hinchcliffe,11,0.250000000240075
23,Jana Kramer,11,0.24999999963731617
23,Laurie Hernandez,11,0.24999999995501754
24,Bonner Bolton,1,0.07049862387055604
24,Charo,1,0.00273591435258224
24,Chris Kattan,1,0.0017928297998966464
24,David Ross,1,0.2637584328689344
24,Erika Jayne,1,0.004035972527708946
24,Heather Morris,1,0.0033540342315156184
24,Mr. T,1,0.0021222178988271473
24,Nancy Kerrigan,1,0.033551272258105024
24,Nick Viall,1,0.06740201962654369
24,Normani,1,0.2636687884251573
24,Rashad Jennings,1,0.2636687877653021
24,Simone Biles,1,0.023411106374870882
24,Bonner Bolton,2,0.06991735125466314
24,Charo,2,0.0022469100480326217
24,Chris Kattan,2,0.0016496928918541011
24,David Ross,2,0.26387358781579995
24,Erika Jayne,2,0.004168252000592254
24,Heather Morris,2,0.0027529824919775145
24,Mr. T,2,0.0025084396985884366
24,Nancy Kerrigan,2,0.03376138204062113
24,Nick Viall,2,0.06786977988306815
24,Normani,2,0.26377212429836255
24,Rashad Jennings,2,0.26377212358122587
24,Simone Biles,2,0.023707373995214297
24,Bonner Bolton,3,0.06965066044002823
24,Charo,3,0.002034485025124326
24,David Ross,3,0.2640244163710969
24,Erika Jayne,3,0.004254176789311534
24,Heather Morris,3,0.0026125563248000244
24,Mr. T,3,0.002678382620867461
24,Nancy Kerrigan,3,0.03423345313479909
24,Nick Viall,3,0.06835114936398264
24,Normani,3,0.2639399483389488
24,Rashad Jennings,3,0.26393994776069213
24,Simone Biles,3,0.024280823830348915
24,Bonner Bolton,4,0.06991738845568694
24,David Ross,4,0.26419021377411384
24,Erika Jayne,4,0.004057776272231311
24,Heather Morris,4,0.0018930570249015262
24,Mr. T,4,0.0026197925975505387
24,Nancy Kerrigan,4,0.03550465101425852
24,Nick Viall,4,0.06897407975686803
24,Normani,4,0.26408900492743265
24,Rashad Jennings,4,0.26408900433551113
24,Simone Biles,4,0.024665031841445507
24,Bonner Bolton,5,0.06935839507351954
24,David Ross,5,0.2644194704096265
24,Erika Jayne,5,0.004040470057300127
24,Heather Morris,5,0.0011379651095852889
24,Nancy Kerrigan,5,0.03665625522732351
24,Nick Viall,5,0.0696378630253527
24,Normani,5,0.26434072364632283
24,Rashad Jennings,5,0.26434072315035834
24,Simone Biles,5,0.02606813430061136
24,Bonner Bolton,6,0.0693237258669824
24,David Ross,6,0.26503065843626816
24,Heather Morris,6,1.36366289840195e-16
24,Nancy Kerrigan,6,0.037736379472731944
24,Nick Viall,6,0.07119362854336408
24,Normani,6,0.2649201763887234
24,Rashad Jennings,6,0.2649201757286732
24,Simone Biles,6,0.026875255563257164
24,Bonner Bolton,7,0.08065046352505018
24,David Ross,7,0.2761842859310197
24,Nancy Kerrigan,7,0.02166354922128594
24,Nick Viall,7,0.04540411791219461
24,Normani,7,0.2761049470998064
24,Rashad Jennings,7,0.27610494653335765
24,Simone Biles,7,0.023887689777285573
24,Bonner Bolton,8,0.07870495938628798
24,David Ross,8,0.29700557652903886
24,Normani,8,0.2969109063140789
24,Rashad Jennings,8,0.29691090572409823
24,Simone Biles,8,0.03046765204649604
24,David Ross,9,0.3199945574929577
24,Normani,9,0.31991013818693953
24,Rashad Jennings,9,0.319910137690936
24,Simone Biles,9,0.04018516662916674
24,David Ross,10,0.33339842678063086
24,Normani,10,0.3333007868937316
24,Rashad Jennings,10,0.33330078632563764
25,Barbara Corcoran,1,0.0
25,Debbie Gibson,1,0.0
25,Derek Fisher,1,0.016635045398676305
25,Drew Scott,1,0.22189543382085103
25,Frankie Muniz,1,0.22189542796095008
25,Jordan Fisher,1,0.22189542793611816
25,Lindsey Stirling,1,0.22189540133081254
25,Nick Lachey,1,0.021166768865923644
25,Nikki Bella,1,0.010810882253412162
25,Sasha Pieterse,1,1.0051933452349571e-05
25,Terrell Owens,1,0.025789444708112265
25,Vanessa Lachey,1,1.9989977555201488e-17
25,Victoria Arlen,1,0.038006115791691615
25,Barbara Corcoran,2,0.0
25,Debbie Gibson,2,0.0
25,Derek Fisher,2,0.0163501044269101
25,Drew Scott,2,0.22194602083743462
25,Frankie Muniz,2,0.22194603729094003
25,Jordan Fisher,2,0.22194603758714257
25,Lindsey Stirling,2,0.22194611627960423
25,Nick Lachey,2,0.02103234576593691
25,Nikki Bella,2,0.010865643732211815
25,Sasha Pieterse,2,0.0
25,Terrell Owens,2,0.025912397646434285
25,Vanessa Lachey,2,0.0
25,Victoria Arlen,2,0.038055296433385705
25,Derek Fisher,3,0.013924731246602578
25,Drew Scott,3,0.22257291849737776
25,Frankie Muniz,3,0.22257288989842874
25,Jordan Fisher,3,0.22257288853362378
25,Lindsey Stirling,3,0.222572769465024
25,Nick Lachey,3,0.02155499218471242
25,Nikki Bella,3,0.008682452071752665
25,Sasha Pieterse,3,3.3772897672923463e-17
25,Terrell Owens,3,0.026816844291949544
25,Vanessa Lachey,3,8.036648603548802e-18
25,Victoria Arlen,3,0.03872951381052862
25,Derek Fisher,4,0.011070110701106967
25,Drew Scott,4,0.22333126717070062
25,Frankie Muniz,4,0.223331306000195
25,Jordan Fisher,4,0.2233313091105299
25,Lindsey Stirling,4,0.22333145691143563
25,Nick Lachey,4,0.02214022140221392
25,Nikki Bella,4,0.006228205549838108
25,Sasha Pieterse,4,2.694920024984282e-17
25,Terrell Owens,4,0.027773196814030034
25,Vanessa Lachey,4,0.0
25,Victoria Arlen,4,0.039462926339949925
25,Drew Scott,5,0.22512209360509136
25,Frankie Muniz,5,0.22512204529491195
25,Jordan Fisher,5,0.2251220401417308
25,Lindsey Stirling,5,0.22512188186403434
25,Nick Lachey,5,0.022969634606366772
25,Nikki Bella,5,0.004647121128284145
25,Sasha Pieterse,5,0.0
25,Terrell Owens,5,0.029653556065727452
25,Vanessa Lachey,5,0.0008526456668520271
25,Victoria Arlen,5,0.04138898162700122
25,Drew Scott,6,0.22593402446204686
25,Frankie Muniz,6,0.2259340768224355
25,Jordan Fisher,6,0.22593408374534657
25,Lindsey Stirling,6,0.22593423858309575
25,Nick Lachey,6,0.020454934912015627
25,Nikki Bella,6,0.002563929165996923
25,Terrell Owens,6,0.03097715285704381
25,Vanessa Lachey,6,0.0
25,Victoria Arlen,6,0.04226755945201909
25,Drew Scott,7,0.22934661642729817
25,Frankie Muniz,7,0.22934656448114596
25,Jordan Fisher,7,0.22934655663180417
25,Lindsey Stirling,7,0.22934642219217083
25,Nikki Bella,7,0.0025015059714644985
25,Terrell Owens,7,0.034594513168773905
25,Vanessa Lachey,7,1.006102214199575e-16
25,Victoria Arlen,7,0.04551782112734229
25,Drew Scott,8,0.23258959930361336
25,Frankie Muniz,8,0.23258964269905152
25,Jordan Fisher,8,0.23258965000597662
25,Lindsey Stirling,8,0.23258975464461976
25,Terrell Owens,8,0.020531718097450736
25,Victoria Arlen,8,0.04910963524928804
25,Drew Scott,9,0.23893644481350396
25,Frankie Muniz,9,0.23893641534829582
25,Jordan Fisher,9,0.2389364095093343
25,Lindsey Stirling,9,0.23893634485797915
25,Victoria Arlen,9,0.04425438547088678
25,Drew Scott,10,0.24999998583627894
25,Frankie Muniz,10,0.24999999576182141
25,Jordan Fisher,10,0.24999999781784238
25,Lindsey Stirling,10,0.2500000205840574
26,Adam Rippon,1,0.3047060426884792
26,Arike Ogunbowale,1,7.979727989493313e-17
26,Chris Mazdzer,1,0.0199591028275308
26,Jamie Anderson,1,1.1584700213007615e-16
26,Jennie Finch Daigle,1,0.03752784862529632
26,Johnny Damon,1,1.0385301559695526e-16
26,Josh Norman,1,0.30470670050858656
26,Kareem Abdul-Jabbar,1,0.028397873904325993
26,Mirai Nagasu,1,1.716766377495016e-17
26,Tonya Harding,1,0.304702431445781
26,Adam Rippon,2,0.30659823130602254
26,Arike Ogunbowale,2,2.770001025428903e-16
26,Chris Mazdzer,2,0.021884502680321563
26,Jennie Finch Daigle,2,0.038706932586863425
26,Josh Norman,2,0.3065966208090274
26,Kareem Abdul-Jabbar,2,0.019606728567154088
26,Mirai Nagasu,2,1.298637033412403e-16
26,Tonya Harding,2,0.3066069840506107
26,Adam Rippon,3,0.31702292955058925
26,Chris Mazdzer,3,0.016489875903638727
26,Jennie Finch Daigle,3,0.032448499063535544
26,Josh Norman,3,0.31702456909015586
26,Mirai Nagasu,3,1.7477339020466331e-16
26,Tonya Harding,3,0.31701412639208026
26,Adam Rippon,4,0.3333323425634897
26,Josh Norman,4,0.33333165418627503
26,Tonya Harding,4,0.3333360032502353
27,Alexis Ren,1,0.17932282380694717
27,Bobby Bones,1,0.1793228250300686
27,Danelle Umstead,1,0.0009219749572544366
27,DeMarcus Ware,1,0.049982642930850016
27,Evanna Lynch,1,0.17932282396383986
27,Joe Amabile,1,0.14043095289344645
27,John Schneider,1,0.06306374403341143
27,Juan Pablo Di Pace,1,0.02412986171900806
27,Mary Lou Retton,1,9.371002616046607e-05
27,Milo Manheim,1,0.17932282417256662
27,Nancy McKeon,1,0.004019770915060377
27,Nikki Glaser,1,2.90661836459633e-05
27,Tinashe,1,3.6979367740853644e-05
27,Alexis Ren,2,0.17931280474615985
27,Bobby Bones,2,0.17931280482811535
27,Danelle Umstead,2,0.0010088115123542557
27,DeMarcus Ware,2,0.05004544614272599
27,Evanna Lynch,2,0.17931280544514258
27,Joe Amabile,2,0.14056945859742226
27,John Schneider,2,0.06282199992747757
27,Juan Pablo Di Pace,2,0.024242897800459552
27,Mary Lou Retton,2,0.00013960854979567448
27,Milo Manheim,2,0.17931280497921923
27,Nancy McKeon,2,0.003902894837689281
27,Tinashe,2,1.7662633438444267e-05
27,Alexis Ren,3,0.17941584120551352
27,Bobby Bones,3,0.1794158432032526
27,DeMarcus Ware,3,0.050290090577826844
27,Evanna Lynch,3,0.17941584098915023
27,Joe Amabile,3,0.14077237577348523
27,John Schneider,3,0.06312086084315936
27,Juan Pablo Di Pace,3,0.02446103425752387
27,Mary Lou Retton,3,3.413912903392217e-05
27,Milo Manheim,3,0.1794158418131022
27,Nancy McKeon,3,0.003638210643504868
27,Tinashe,3,1.9921564447588636e-05
27,Alexis Ren,4,0.179842538234473
27,Bobby Bones,4,0.17984253794565863
27,DeMarcus Ware,4,0.05076090988356152
27,Evanna Lynch,4,0.1798425391908535
27,Joe Amabile,4,0.14127815126287194
27,John Schneider,4,0.06369194436632014
27,Juan Pablo Di Pace,4,0.024898840918044073
27,Mary Lou Retton,4,2.5312713616614144e-17
27,Milo Manheim,4,0.17984253819821733
27,Tinashe,4,8.048432273497645e-17
27,Alexis Ren,5,0.1872934610976283
27,Bobby Bones,5,0.1872934634454105
27,DeMarcus Ware,5,0.03957732113376292
27,Evanna Lynch,5,0.18729346074379574
27,Joe Amabile,5,0.12299521409067599
27,John Schneider,5,0.06419273506201285
27,Juan Pablo Di Pace,5,0.024042170861241857
27,Mary Lou Retton,5,1.871156115931905e-05
27,Milo Manheim,5,0.1872934620043127
27,Alexis Ren,6,0.19468156823973432
27,Bobby Bones,6,0.19468156766797928
27,DeMarcus Ware,6,0.028255834323726383
27,Evanna Lynch,6,0.19468156912185292
27,Joe Amabile,6,0.10479820136454596
27,John Schneider,6,0.06502589226950804
27,Juan Pablo Di Pace,6,0.02319379904752041
27,Mary Lou Retton,6,1.0055985693693442e-16
27,Milo Manheim,6,0.19468156796513278
27,Alexis Ren,7,0.20577434290923052
27,Bobby Bones,7,0.20577434495942382
27,DeMarcus Ware,7,0.020560151581194126
27,Evanna Lynch,7,0.20577434275676726
27,Joe Amabile,7,0.09026872931308245
27,John Schneider,7,0.040069486155825014
27,Juan Pablo Di Pace,7,0.026004258722277542
27,Milo Manheim,7,0.20577434360219934
27,Alexis Ren,8,0.22440160326431824
27,Bobby Bones,8,0.22440160355451524
27,Evanna Lynch,8,0.22440160383453364
27,Joe Amabile,8,0.08334201252692894
27,Juan Pablo Di Pace,8,0.019051573768658108
27,Milo Manheim,8,0.22440160305104592
27,Alexis Ren,9,0.24999999968243924
27,Bobby Bones,9,0.2500000005978998
27,Evanna Lynch,9,0.24999999975240758
27,Milo Manheim,9,0.2499999999672534
28,Ally Brooke,1,0.2136959899304521
28,Hannah Brown,1,0.21369594692368873
28,James Van Der Beek,1,3.0480673821779474e-05
28,Karamo Brown,1,0.020905977756630407
28,Kate Flannery,1,0.004404690506815906
28,Kel Mitchell,1,0.21369597303508997
28,Lamar Odom,1,0.04127732204671224
28,Lauren Alaina,1,0.21369597168174181
28,Mary Wilson,1,5.387320570106552e-06
28,Ray Lewis,1,1.9426279985610663e-18
28,Sailor Brinkley-Cook,1,4.473785277701899e-17
28,Sean Spicer,1,0.0785922601244768
28,Ally Brooke,2,0.21373193534049217
28,Hannah Brown,2,0.21373205850828914
28,James Van Der Beek,2,0.0
28,Karamo Brown,2,0.020836061109927584
28,Kate Flannery,2,0.004433998847762631
28,Kel Mitchell,2,0.21373198187499395
28,Lamar Odom,2,0.040998904015342064
28,Lauren Alaina,2,0.21373198779283323
28,Mary Wilson,2,0.0
28,Ray Lewis,2,0.0
28,Sailor Brinkley-Cook,2,1.1748345177321851e-18
28,Sean Spicer,2,0.07880307251035958
28,Ally Brooke,3,0.21425875453042645
28,Hannah Brown,3,0.214258564035718
28,James Van Der Beek,3,0.0
28,Karamo Brown,3,0.021226603943256983
28,Kate Flannery,3,0.004948315148184262
28,Kel Mitchell,3,0.214258685808993
28,Lamar Odom,3,0.037311018202881706
28,Lauren Alaina,3,0.21425867264348497
28,Sailor Brinkley-Cook,3,2.0166160408230382e-17
28,Sean Spicer,3,0.07947938568705482
28,Ally Brooke,4,0.21477742351318857
28,Hannah Brown,4,0.2147776590055568
28,James Van Der Beek,4,0.0
28,Karamo Brown,4,0.021510424418030916
28,Kate Flannery,4,0.005623061913542566
28,Kel Mitchell,4,0.21477750274839777
28,Lamar Odom,4,0.03363482356282897
28,Lauren Alaina,4,0.21477752540219075
28,Sailor Brinkley-Cook,4,3.565924066206988e-17
28,Sean Spicer,4,0.08012157943626387
28,Ally Brooke,5,0.21901676917029603
28,Hannah Brown,5,0.21901651213533208
28,James Van Der Beek,5,0.00196466261606123
28,Karamo Brown,5,0.02557502750600969
28,Kate Flannery,5,0.010045316908509088
28,Kel Mitchell,5,0.21901668994458193
28,Lauren Alaina,5,0.21901665698220626
28,Sailor Brinkley-Cook,5,0.001946128658261849
28,Sean Spicer,5,0.08440223607874188
28,Ally Brooke,6,0.21951280335461867
28,Hannah Brown,6,0.21951305714585162
28,James Van Der Beek,6,0.0
28,Karamo Brown,6,0.02600006084158142
28,Kate Flannery,6,0.010762641734366736
28,Kel Mitchell,6,0.21951287173835818
28,Lauren Alaina,6,0.2195129152765859
28,Sailor Brinkley-Cook,6,0.0
28,Sean Spicer,6,0.08518564990863765
28,Ally Brooke,7,0.22259799555099383
28,Hannah Brown,7,0.222597763835378
28,James Van Der Beek,7,0.0
28,Karamo Brown,7,0.006943096066851528
28,Kate Flannery,7,0.01409657519413703
28,Kel Mitchell,7,0.22259794302330746
28,Lauren Alaina,7,0.22259789185346276
28,Sean Spicer,7,0.08856873447586967
28,Ally Brooke,8,0.22654941212880378
28,Hannah Brown,8,0.2265496048634165
28,James Van Der Beek,8,0.0008200598907270667
28,Kate Flannery,8,4.809999974899794e-17
28,Kel Mitchell,8,0.22654944694261267
28,Lauren Alaina,8,0.2265494995031921
28,Sean Spicer,8,0.0929819766712479
28,Ally Brooke,9,0.22984688458169095
28,Hannah Brown,9,0.22984674074072303
28,James Van Der Beek,9,0.0008096257341143668
28,Kel Mitchell,9,0.22984686397907642
28,Lauren Alaina,9,0.22984681867983536
28,Sean Spicer,9,0.0798030662845599
28,Ally Brooke,10,0.2465226822250466
28,Hannah Brown,10,0.24652276961880884
28,James Van Der Beek,10,0.013909133789918999
28,Kel Mitchell,10,0.24652269181939765
28,Lauren Alaina,10,0.24652272254682794
28,Ally Brooke,11,0.25000001167199326
28,Hannah Brown,11,0.24999998191310904
28,Kel Mitchell,11,0.25000000859623295
28,Lauren Alaina,11,0.24999999781866475
29,AJ McLean,1,0.000513170420043684
29,Anne Heche,1,4.635643994194718e-19
29,Carole Baskin,1,1.5735375804776188e-05
29,Charles Oakley,1,4.777985242469511e-05
29,Chrishell Stause,1,9.78459366547041e-05
29,Jeannie Mai,1,5.201609436129254e-05
29,Jesse Metcalfe,1,1.2788613048635748e-05
29,Johnny Weir,1,1.9862301639324463e-17
29,Justina Machado,1,0.24124132912955762
29,Kaitlyn Bristowe,1,0.24124132917328306
29,Monica Aldama,1,2.516238045541617e-05
29,Nelly,1,0.24136502828432338
29,Nev Schulman,1,0.24124132891920547
29,Skai Jackson,1,0.0338893852202622
29,Veron Davis,1,0.0002571006005750602
29,AJ McLean,2,0.0006069703356988392
29,Anne Heche,2,0.0
29,Carole Baskin,2,0.0
29,Charles Oakley,2,6.616790090628167e-05
29,Chrishell Stause,2,4.902288657974704e-05
29,Jeannie Mai,2,4.449619677844086e-18
29,Jesse Metcalfe,2,3.8246264622778394e-05
29,Johnny Weir,2,6.883530504732545e-05
29,Justina Machado,2,0.24126018263200263
29,Kaitlyn Bristowe,2,0.2412601828467267
29,Monica Aldama,2,2.3995371918974862e-05
29,Nelly,2,0.24135850697093442
29,Nev Schulman,2,0.24126018235236932
29,Skai Jackson,2,0.033789793272952916
29,Veron Davis,2,0.0002179138602401006
29,AJ McLean,3,0.0005391644771896359
29,Anne Heche,3,1.3849430513275569e-18
29,Carole Baskin,3,3.596417645024546e-18
29,Chrishell Stause,3,5.5020142182293105e-05
29,Jeannie Mai,3,5.1692042498393e-05
29,Jesse Metcalfe,3,4.7180450399134986e-05
29,Johnny Weir,3,9.060891356607903e-05
29,Justina Machado,3,0.24130707900454995
29,Kaitlyn Bristowe,3,0.24130707869449586
29,Monica Aldama,3,3.348449125690436e-05
29,Nelly,3,0.24137718345171524
29,Nev Schulman,3,0.2413070788318274
29,Skai Jackson,3,0.0337173179355569
29,Veron Davis,3,0.00016711156476225024
29,AJ McLean,4,0.0003134996264188175
29,Anne Heche,4,2.3021452160548354e-18
29,Chrishell Stause,4,2.732315540742167e-05
29,Jeannie Mai,4,8.48647974326376e-18
29,Jesse Metcalfe,4,1.1071158271810081e-05
29,Johnny Weir,4,9.115258814162009e-05
29,Justina Machado,4,0.2413539090576066
29,Kaitlyn Bristowe,4,0.24135390954604669
29,Monica Aldama,4,3.1241560010420127e-18
29,Nelly,4,0.24152574137264832
29,Nev Schulman,4,0.24135390866424647
29,Skai Jackson,4,0.033734906408478996
29,Veron Davis,4,0.00023457842273323382
29,AJ McLean,5,0.00019148549497821028
29,Chrishell Stause,5,1.8250495710218516e-05
29,Jeannie Mai,5,3.660999461935423e-05
29,Jesse Metcalfe,5,1.825049571020186e-05
29,Johnny Weir,5,6.963974468658687e-05
29,Justina Machado,5,0.2414618189383822
29,Kaitlyn Bristowe,5,0.2414618186070175
29,Monica Aldama,5,3.0468907681651704e-05
29,Nelly,5,0.24155017754486524
29,Nev Schulman,5,0.24146181889642254
29,Skai Jackson,5,0.033559803746244586
29,Veron Davis,5,0.00013985713368166292
29,AJ McLean,6,4.0148709129525093e-17
29,Chrishell Stause,6,4.115982428600469e-17
29,Jeannie Mai,6,8.740348124801816e-18
29,Johnny Weir,6,1.3094392860261033e-17
29,Justina Machado,6,0.2415925801241031
29,Kaitlyn Bristowe,6,0.24159258061649014
29,Monica Aldama,6,2.126665047059868e-18
29,Nelly,6,0.24169685244683575
29,Nev Schulman,6,0.24159257982846202
29,Skai Jackson,6,0.03352540698410893
29,Veron Davis,6,4.467928889829425e-18
29,AJ McLean,7,2.307558603093506e-05
29,Chrishell Stause,7,4.3330975976152794e-05
29,Jeannie Mai,7,9.834706566374645e-18
29,Johnny Weir,7,5.615958326787687e-05
29,Justina Machado,7,0.24248517426201419
29,Kaitlyn Bristowe,7,0.24248517383900225
29,Monica Aldama,7,6.326832042273554e-18
29,Nelly,7,0.24259288403869467
29,Nev Schulman,7,0.2424851739827114
29,Skai Jackson,7,0.029829027732302543
29,AJ McLean,8,0.00010104523621185408
29,Chrishell Stause,8,9.24635794186267e-06
29,Johnny Weir,8,2.9430328404404088e-05
29,Justina Machado,8,0.24341633019651304
29,Kaitlyn Bristowe,8,0.24341633077152863
29,Nelly,8,0.24357213909072925
29,Nev Schulman,8,0.24341633015846964
29,Skai Jackson,8,0.026039147860201346
29,AJ McLean,9,0.00019021819067447586
29,Johnny Weir,9,2.4832367972035267e-05
29,Justina Machado,9,0.24433655988649505
29,Kaitlyn Bristowe,9,0.24433655954843417
29,Nelly,9,0.244443105821303
29,Nev Schulman,9,0.24433655935937554
29,Skai Jackson,9,0.02233216482574578
29,Johnny Weir,10,1.204811221118667e-17
29,Justina Machado,10,0.24531305410096746
29,Kaitlyn Bristowe,10,0.24531305446175206
29,Nelly,10,0.2453961502323638
29,Nev Schulman,10,0.24531305420558028
29,Skai Jackson,10,0.018664686999336443
29,Justina Machado,11,0.24996287318432533
29,Kaitlyn Bristowe,11,0.24996287315461402
29,Nelly,11,0.25011138081339723
29,Nev Schulman,11,0.24996287284766333
30,Amanda Kloots,1,0.23016592437318692
30,Brian Austin Green,1,0.019955882193504068
30,Christine Chiu,1,5.012152254572222e-05
30,Cody Rigsby,1,0.2304231103041225
30,Iman Shumpert,1,0.24084405086699193
30,Jimmie Allen,1,0.01151302051120719
30,JoJo Siwa,1,0.23016592382940332
30,Kenya Moore,1,0.00013259466177157998
30,Martin Kove,1,0.00012269723992588535
30,Matt James,1,0.009898805849727675
30,Melanie C,1,3.9482303919152397e-05
30,Melora Hardin,1,0.00012097424258575054
30,"Mike ""The Miz"" Mizanin",1,0.026316511469243704
30,Olivia Jade,1,0.00012458604311233913
30,Suni Lee,1,0.00012631458875239003
30,Amanda Kloots,2,0.2301906527045504
30,Brian Austin Green,2,0.019941579855927722
30,Christine Chiu,2,3.662455372097469e-05
30,Cody Rigsby,2,0.2304394984296383
30,Iman Shumpert,2,0.24074773196625826
30,Jimmie Allen,2,0.01156145691986125
30,JoJo Siwa,2,0.2301906521374475
30,Kenya Moore,2,7.585763625520555e-05
30,Martin Kove,2,0.00017231993299153772
30,Matt James,2,0.009922967319318014
30,Melanie C,2,3.24900021692358e-05
30,Melora Hardin,2,6.903385632059134e-05
30,"Mike ""The Miz"" Mizanin",2,0.02639691338376626
30,Olivia Jade,2,0.00010148013878365984
30,Suni Lee,2,0.00012074116299112352
30,Amanda Kloots,3,0.23023639919238445
30,Brian Austin Green,3,0.02004422956199382
30,Christine Chiu,3,8.408084050453235e-18
30,Cody Rigsby,3,0.23050143345765825
30,Iman Shumpert,3,0.24084814703767832
30,Jimmie Allen,3,0.011507809234984052
30,JoJo Siwa,3,0.23023639864363354
30,Kenya Moore,3,6.083377133377925e-06
30,Matt James,3,0.009977115468034098
30,Melanie C,3,3.1367133760489434e-18
30,Melora Hardin,3,1.2389851132229925e-17
30,"Mike ""The Miz"" Mizanin",3,0.026616526609939947
30,Olivia Jade,3,7.784699168610587e-07
30,Suni Lee,3,2.507894664331927e-05
30,Amanda Kloots,4,0.23099237469964062
30,Brian Austin Green,4,0.017696801016643574
30,Cody Rigsby,4,0.23123637087484067
30,Iman Shumpert,4,0.24175481651027267
30,Jimmie Allen,4,0.012299966684160873
30,JoJo Siwa,4,0.2309923741018207
30,Kenya Moore,4,3.8638689046326193e-05
30,Matt James,4,0.0072420240854891215
30,Melanie C,4,5.7652083015273206e-18
30,Melora Hardin,4,6.2069719914713405e-18
30,"Mike ""The Miz"" Mizanin",4,0.027630327997417665
30,Olivia Jade,4,1.7316083957868632e-18
30,Suni Lee,4,0.00011630534003682562
30,Amanda Kloots,5,0.23412686437270291
30,Cody Rigsby,5,0.234407911393719
30,Iman Shumpert,5,0.24485395492949913
30,Jimmie Allen,5,0.015448777465945956
30,JoJo Siwa,5,0.2341268638470114
30,Kenya Moore,5,0.0014879642482104462
30,Melanie C,5,1.6480663808891772e-17
30,Melora Hardin,5,0.0010206690650813566
30,"Mike ""The Miz"" Mizanin",5,0.031033193050361542
30,Olivia Jade,5,0.001018964910932359
30,Suni Lee,5,0.002474836716535915
30,Amanda Kloots,6,0.2357271545685303
30,Cody Rigsby,6,0.23595168229081537
30,Iman Shumpert,6,0.24636789030762302
30,Jimmie Allen,6,0.013891508339089028
30,JoJo Siwa,6,0.23572715397486868
30,Kenya Moore,6,0.0014468479966998843
30,Melora Hardin,6,0.00041327518863389177
30,"Mike ""The Miz"" Mizanin",6,0.026690058843616107
30,Olivia Jade,6,0.0005033940008420333
30,Suni Lee,6,0.0032810344892816984
30,Amanda Kloots,7,0.23741275961491545
30,Cody Rigsby,7,0.2376987560589894
30,Iman Shumpert,7,0.2480827029133094
30,Jimmie Allen,7,0.012593191502726912
30,JoJo Siwa,7,0.23741275912083232
30,Melora Hardin,7,5.2674823359286445e-06
30,"Mike ""The Miz"" Mizanin",7,0.0225855101065303
30,Olivia Jade,7,7.843900980341145e-18
30,Suni Lee,7,0.004209053200360282
30,Amanda Kloots,8,0.2416938644309114
30,Cody Rigsby,8,0.2419273288594016
30,Iman Shumpert,8,0.2522560820464285
30,Jimmie Allen,8,0.013702622935016723
30,JoJo Siwa,8,0.2416938638944865
30,Melora Hardin,8,0.001787415165777024
30,Olivia Jade,8,0.0009963414196870802
30,Suni Lee,8,0.0059424812482911345
30,Amanda Kloots,9,0.24487685176841542
30,Cody Rigsby,9,0.2451579986573857
30,Iman Shumpert,9,0.25552585377218373
30,JoJo Siwa,9,0.24487685123641645
30,Melora Hardin,9,0.002696595348981147
30,Suni Lee,9,0.0068658492166175766
30,Amanda Kloots,10,0.24724189354308973
30,Cody Rigsby,10,0.24749028234398487
30,Iman Shumpert,10,0.25802593113800637
30,JoJo Siwa,10,0.24724189297491903
31,Charli D'Amelio,1,0.23545805930594338
31,Cheryl Ladd,1,0.014661873483447857
31,Daniel Durant,1,0.006020112120191735
31,Gabby Windey,1,0.23545805890779703
31,Heidi D'Amelio,1,4.9932388273340273e-05
31,Jason Lewis,1,2.1033677307816047e-05
31,Jessie James Decker,1,2.6455378574108975e-05
31,Jordin Sparks,1,0.0
31,Joseph Baena,1,2.1456803138491083e-18
31,Sam Champion,1,0.005146699673570652
31,Selma Blair,1,1.6368506141154013e-05
31,Shangela,1,0.23545805866694816
31,Teresa Giudice,1,4.106473079166362e-05
31,Trevor Donovan,1,5.5728122177470587e-05
31,Vinny Guadagnino,1,0.03212849617117748
31,Wayne Brady,1,0.23545805886765833
31,Charli D'Amelio,2,0.23553849309616934
31,Cheryl Ladd,2,0.014524713869372511
31,Daniel Durant,2,0.006132320928501382
31,Gabby Windey,2,0.2355384929021098
31,Heidi D'Amelio,2,1.2731034505308045e-05
31,Jessie James Decker,2,4.408296492553315e-19
31,Jordin Sparks,2,1.3131817538284527e-05
31,Joseph Baena,2,2.1078966682977647e-05
31,Sam Champion,2,0.005030476029780063
31,Selma Blair,2,4.721708351425709e-05
31,Shangela,2,0.23553849216928224
31,Teresa Giudice,2,2.1382579251893115e-17
31,Trevor Donovan,2,1.248300367574732e-17
31,Vinny Guadagnino,2,0.032064360165221094
31,Wayne Brady,2,0.23553849193732299
31,Charli D'Amelio,3,0.23583852228542168
31,Cheryl Ladd,3,0.012609674836254402
31,Daniel Durant,3,0.006706749884109627
31,Gabby Windey,3,0.2358385218804002
31,Heidi D'Amelio,3,0.0
31,Jessie James Decker,3,4.5768455856524805e-18
31,Jordin Sparks,3,1.2800474083982411e-05
31,Joseph Baena,3,6.583186599557443e-18
31,Sam Champion,3,0.005139018705349633
31,Selma Blair,3,4.5989161976810164e-18
31,Shangela,3,0.2358385219832565
31,Trevor Donovan,3,0.0
31,Vinny Guadagnino,3,0.03217766724495271
31,Wayne Brady,3,0.2358385227061716
31,Charli D'Amelio,4,0.23737310445197607
31,Daniel Durant,4,0.008631954658636833
31,Gabby Windey,4,0.23737310428424926
31,Heidi D'Amelio,4,0.000549700880314182
31,Jessie James Decker,4,0.00035935788184593675
31,Jordin Sparks,4,0.0005491250889285303
31,Joseph Baena,4,0.0002685717544498633
31,Sam Champion,4,0.005736473985294938
31,Selma Blair,4,0.0006692621041621178
31,Shangela,4,0.23737310332561096
31,Trevor Donovan,4,0.0002737241719766439
31,Vinny Guadagnino,4,0.033469414643306224
31,Wayne Brady,4,0.23737310276924853
31,Charli D'Amelio,5,0.2384169912614049
31,Daniel Durant,5,0.009987007194626432
31,Gabby Windey,5,0.23841699077777162
31,Heidi D'Amelio,5,0.0003619959808513278
31,Jessie James Decker,5,0.00030479073588222613
31,Jordin Sparks,5,0.00033601518076265956
31,Joseph Baena,5,8.723392158671831e-18
31,Selma Blair,5,0.0008094162661567211
31,Shangela,5,0.23841699096663843
31,Trevor Donovan,5,0.0003891331387155236
31,Vinny Guadagnino,5,0.03414367670241644
31,Wayne Brady,5,0.23841699179477382
31,Charli D'Amelio,6,0.23924423519718468
31,Daniel Durant,6,0.008258086345917586
31,Gabby Windey,6,0.23924423497018485
31,Heidi D'Amelio,6,6.385069446056171e-18
31,Jessie James Decker,6,0.0
31,Jordin Sparks,6,7.18042960640098e-05
31,Shangela,6,0.23924423403260583
31,Trevor Donovan,6,4.776998091277992e-18
31,Vinny Guadagnino,6,0.034693171750680755
31,Wayne Brady,6,0.2392442334073625
31,Charli D'Amelio,7,0.24056335850607452
31,Daniel Durant,7,0.007017703688346381
31,Gabby Windey,7,0.24056335811123017
31,Heidi D'Amelio,7,2.6834618728058506e-06
31,Jordin Sparks,7,6.61802988499843e-05
31,Shangela,7,0.24056335813181615
31,Trevor Donovan,7,6.54167071726599e-05
31,Vinny Guadagnino,7,0.03059458218018052
31,Wayne Brady,7,0.24056335891445696
31,Charli D'Amelio,8,0.241930150462027
31,Daniel Durant,8,0.005690004187551711
31,Gabby Windey,8,0.24193015024932915
31,Heidi D'Amelio,8,7.68140778287577e-18
31,Shangela,8,0.24193014956528583
31,Trevor Donovan,8,1.3512588827700266e-18
31,Vinny Guadagnino,8,0.026589396345600144
31,Wayne Brady,8,0.24193014919020614
31,Charli D'Amelio,9,0.24728137283399027
31,Daniel Durant,9,0.00819252867069915
31,Gabby Windey,9,0.24728137256277216
31,Shangela,9,0.24728137233080555
31,Trevor Donovan,9,0.0026819808488520885
31,Wayne Brady,9,0.2472813727528808
31,Charli D'Amelio,10,0.2500000004919131
31,Gabby Windey,10,0.25000000014535706
31,Shangela,10,0.2499999996957032
31,Wayne Brady,10,0.24999999966702666
32,Adrian Peterson,1,0.012429415207138918
32,Alyson Hannigan,1,0.16116383283060567
32,Ariana Madix,1,0.16090192730773892
32,Barry Williams,1,0.03866642194034649
32,Charity Lawson,1,0.16090192727639846
32,Harry Jowsey,1,0.0932638442433449
32,Jamie Lynn Spears,1,7.767513626920461e-05
32,Jason Mraz,1,0.16090192728718353
32,Lele Pons,1,8.976939412845165e-06
32,Matt Walsh,1,0.00012547693407034648
32,Mauricio Umansky,1,0.050370863281354976
32,Mira Sorvino,1,7.669256431370634e-05
32,Tyson Beckford,1,0.0002090919720833451
32,Xochitl Gomez,1,0.16090192707973863
32,Adrian Peterson,2,0.012477391110269704
32,Alyson Hannigan,2,0.16117705554878156
32,Ariana Madix,2,0.160897835528009
32,Barry Williams,2,0.03849063254911797
32,Charity Lawson,2,0.16089783543027528
32,Harry Jowsey,2,0.09323132984937395
32,Jamie Lynn Spears,2,2.5801112675326972e-17
32,Jason Mraz,2,0.16089783554299614
32,Lele Pons,2,1.510503473630804e-16
32,Mauricio Umansky,2,0.050292517160689686
32,Mira Sorvino,2,0.0007397320315815844
32,Tyson Beckford,2,1.9773053354773756e-16
32,Xochitl Gomez,2,0.16089783524890466
32,Adrian Peterson,3,0.00786478441420703
32,Alyson Hannigan,3,0.16226172759523738
32,Ariana Madix,3,0.1620185648749904
32,Barry Williams,3,0.03990589549842371
32,Charity Lawson,3,0.16201856499672973
32,Harry Jowsey,3,0.09418909931938498
32,Jason Mraz,3,0.16201856484245983
32,Lele Pons,3,0.00019621730975159787
32,Mauricio Umansky,3,0.045519971351142795
32,Mira Sorvino,3,0.0019880451324184967
32,Tyson Beckford,3,2.3144305458441275e-16
32,Xochitl Gomez,3,0.16201856466525388
32,Adrian Peterson,4,0.0036930811078131295
32,Alyson Hannigan,4,0.16344094569296824
32,Ariana Madix,4,0.163164548493637
32,Barry Williams,4,0.041145843701047756
32,Charity Lawson,4,0.16316454828377291
32,Harry Jowsey,4,0.09499207495650146
32,Jason Mraz,4,0.1631645484890569
32,Lele Pons,4,4.854960323455772e-16
32,Mauricio Umansky,4,0.040424017244344246
32,Mira Sorvino,4,0.0036458437010478103
32,Xochitl Gomez,4,0.1631645483298101
32,Alyson Hannigan,5,0.16508394063096887
32,Ariana Madix,5,0.16480697427975272
32,Barry Williams,5,0.04068817883721497
32,Charity Lawson,5,0.1648069743342128
32,Harry Jowsey,5,0.0960721696763929
32,Jason Mraz,5,0.16480697429232902
32,Lele Pons,5,0.000126959650005446
32,Mauricio Umansky,5,0.03528406355694967
32,Mira Sorvino,5,0.0035167907452278075
32,Xochitl Gomez,5,0.16480697399694585
32,Alyson Hannigan,6,0.1664876773730447
32,Ariana Madix,6,0.16626138177751115
32,Barry Williams,6,0.040280014763822904
32,Charity Lawson,6,0.16626138164337048
32,Harry Jowsey,6,0.09721552377407877
32,Jason Mraz,6,0.16626138165850612
32,Lele Pons,6,5.260699490466524e-16
32,Mauricio Umansky,6,0.03097125749194897
32,Xochitl Gomez,6,0.1662613815177163
32,Alyson Hannigan,7,0.1715554134287552
32,Ariana Madix,7,0.17121951314853318
32,Barry Williams,7,0.042211717933383804
32,Charity Lawson,7,0.17121951317633738
32,Harry Jowsey,7,0.10135481636783089
32,Jason Mraz,7,0.17121951311469122
32,Lele Pons,7,6.554068556231637e-16
32,Xochitl Gomez,7,0.17121951283046768
32,Alyson Hannigan,8,0.17500952614183585
32,Ariana Madix,8,0.17483048375807633
32,Barry Williams,8,0.021473209927532464
32,Charity Lawson,8,0.17483048368990098
32,Harry Jowsey,8,0.10419532899648931
32,Jason Mraz,8,0.17483048376548352
32,Xochitl Gomez,8,0.1748304837206816
32,Alyson Hannigan,9,0.1818281045599118
32,Ariana Madix,9,0.1814755151528346
32,Charity Lawson,9,0.18147551511624205
32,Harry Jowsey,9,0.09226983539467322
32,Jason Mraz,9,0.18147551502003306
32,Xochitl Gomez,9,0.18147551475630533
32,Alyson Hannigan,10,0.20016006225689456
32,Ariana Madix,10,0.19995998448076954
32,Charity Lawson,10,0.19995998446448002
32,Jason Mraz,10,0.19995998453290334
32,Xochitl Gomez,10,0.19995998426495246
32,Alyson Hannigan,11,0.2002335504337186
32,Ariana Madix,11,0.19994161246291833
32,Charity Lawson,11,0.1999416124153345
32,Jason Mraz,11,0.19994161243861808
32,Xochitl Gomez,11,0.19994161224941043
33,Anna Delvey,1,1.7366124071217496e-17
33,Brooks Nader,1,3.752593628506806e-05
33,Chandler Kinney,1,0.17664119624292898
33,Danny Amendola,1,0.17664119593991695
33,Dwight Howard ,1,0.02087437267721602
33,Eric Roberts,1,0.04618274415968189
33,Ilona Maher,1,0.18008281905965748
33,Jenn Tran,1,2.5730716347319368e-17
33,Joey Graziadei,1,0.17664119613867682
33,Phaedra Parks,1,7.500969546103796e-05
33,Reginald VelJohnson,1,0.04618274415734101
33,Stephen Nedoroscik,1,0.1766411959928348
33,Tori Spelling,1,2.664675233977327e-17
33,Anna Delvey,2,1.92948642193029e-17
33,Brooks Nader,2,3.7054270514797846e-17
33,Chandler Kinney,2,0.1765900144187857
33,Danny Amendola,2,0.17659001449867942
33,Dwight Howard ,2,0.020923663326328626
33,Eric Roberts,2,0.046193718676309725
33,Ilona Maher,2,0.18032884131406127
33,Jenn Tran,2,1.49476387744548e-17
33,Joey Graziadei,2,0.17659001471266192
33,Phaedra Parks,2,6.541499008220315e-17
33,Reginald VelJohnson,2,0.04619371867630974
33,Stephen Nedoroscik,2,0.17659001437686356
33,Tori Spelling,2,2.3891612166712952e-17
33,Brooks Nader,3,1.036014784031271e-17
33,Chandler Kinney,3,0.17901852948944152
33,Danny Amendola,3,0.17901852889097017
33,Dwight Howard ,3,0.02353184329216925
33,Eric Roberts,3,0.038630048924152255
33,Ilona Maher,3,0.18250327973319297
33,Jenn Tran,3,0.00032865562145702144
33,Joey Graziadei,3,0.1790185289455951
33,Phaedra Parks,3,0.00030200714122180717
33,Reginald VelJohnson,3,0.038630048952853616
33,Stephen Nedoroscik,3,0.17901852900894624
33,Brooks Nader,4,0.0029478642131668138
33,Chandler Kinney,4,0.18874909180824748
33,Danny Amendola,4,0.18874909205481932
33,Dwight Howard ,4,0.03347789831215119
33,Ilona Maher,4,0.1923268796369578
33,Jenn Tran,4,0.008135535554210703
33,Joey Graziadei,4,0.1887490925435983
33,Phaedra Parks,4,0.00811545387336839
33,Stephen Nedoroscik,4,0.18874909200347992
33,Chandler Kinney,5,0.19026552785878614
33,Danny Amendola,5,0.1902655272576236
33,Dwight Howard ,5,0.030019015840013766
33,Ilona Maher,5,0.19386375963261754
33,Jenn Tran,5,0.007656079617020032
33,Joey Graziadei,5,0.19026552691329496
33,Phaedra Parks,5,0.007399035778761195
33,Stephen Nedoroscik,5,0.19026552710188277
33,Chandler Kinney,6,0.19232292078793378
33,Danny Amendola,6,0.19232292085497277
33,Dwight Howard ,6,0.027175634814052742
33,Ilona Maher,6,0.1957807327724737
33,Jenn Tran,6,0.007751947772071495
33,Joey Graziadei,6,0.19232292176577898
33,Stephen Nedoroscik,6,0.19232292123271658
33,Chandler Kinney,7,0.19443444543914074
33,Danny Amendola,7,0.19443444511271474
33,Dwight Howard ,7,0.024375315658262377
33,Ilona Maher,7,0.19788690456128438
33,Joey Graziadei,7,0.1944344445757623
33,Stephen Nedoroscik,7,0.19443444465283555
33,Chandler Kinney,8,0.19929661466210397
33,Danny Amendola,8,0.19929661450403105
33,Ilona Maher,8,0.20281354077359892
33,Joey Graziadei,8,0.19929661521241318
33,Stephen Nedoroscik,8,0.19929661484785288
33,Chandler Kinney,9,0.19929008256305358
33,Danny Amendola,9,0.19929008233498988
33,Ilona Maher,9,0.20283967051774635
33,Joey Graziadei,9,0.19929008235356557
33,Stephen Nedoroscik,9,0.19929008223064457
34,Alix Earle,1,0.17829001463011668
34,Andy Richter,1,0.05979577573931358
34,Baron Davis,1,0.0003776755990056814
34,Corey Feldman,1,0.0003776755990056621
34,Danielle Fishel,1,0.02384468995588976
34,Dylan Efron,1,0.17828996995375368
34,Elaine Hendrix,1,0.17829001640226105
34,Hilaria Baldwin,1,0.00017566585454822486
34,Jen Affleck,1,0.000101949665098388
34,Jordan Chiles,1,0.1782899981453054
34,Lauren Jauregui,1,4.606135330702277e-05
34,Robert Irwin,1,0.17829000824415608
34,Scott Hoying,1,0.02354252358618977
34,Whitney Leavitt,1,0.0002879752720490525
34,Alix Earle,2,0.1782843167549608
34,Andy Richter,2,0.05981691315149667
34,Baron Davis,2,0.0003185042736083149
34,Corey Feldman,2,0.00031850427360830214
34,Danielle Fishel,2,0.0238946649448703
34,Dylan Efron,2,0.178284448027176
34,Elaine Hendrix,2,0.1782843119814745
34,Hilaria Baldwin,2,0.00017436603449832132
34,Jen Affleck,2,7.449284519814616e-05
34,Jordan Chiles,2,0.1782843651611391
34,Lauren Jauregui,2,4.662411646803309e-05
34,Robert Irwin,2,0.1782843359421238
34,Scott Hoying,2,0.023753165783614628
34,Whitney Leavitt,2,0.00018098670976307812
34,Alix Earle,3,0.17834061326547063
34,Andy Richter,3,0.06004789625273767
34,Danielle Fishel,3,0.023903334514105135
34,Dylan Efron,3,0.17834040608695328
34,Elaine Hendrix,3,0.1783406201274419
34,Hilaria Baldwin,3,9.23851225831776e-05
34,Jen Affleck,3,0.00012614054445515642
34,Jordan Chiles,3,0.1783405372151499
34,Lauren Jauregui,3,6.327046193920555e-05
34,Robert Irwin,3,0.17834058408580358
34,Scott Hoying,3,0.023896474873851124
34,Whitney Leavitt,3,0.00016773745049483604
34,Alix Earle,4,0.17835831979073044
34,Andy Richter,4,0.06026288372767506
34,Danielle Fishel,4,0.023972561147029912
34,Dylan Efron,4,0.17835858741076935
34,Elaine Hendrix,4,0.17835831234488062
34,Hilaria Baldwin,4,8.680163865619002e-18
34,Jen Affleck,4,4.665294936500977e-18
34,Jordan Chiles,4,0.17835841768962088
34,Robert Irwin,4,0.1783583567422638
34,Scott Hoying,4,0.023972561147029912
34,Whitney Leavitt,4,3.276312748703086e-17
34,Alix Earle,5,0.18013490697290221
34,Andy Richter,5,0.05595259870495821
34,Danielle Fishel,5,0.021270306281969336
34,Dylan Efron,5,0.18013460057406305
34,Elaine Hendrix,5,0.18013491368505202
34,Jen Affleck,5,0.00011385617637830443
34,Jordan Chiles,5,0.18013479529691334
34,Robert Irwin,5,0.18013486655425098
34,Scott Hoying,5,0.021908030640512062
34,Whitney Leavitt,5,8.112511300064887e-05
34,Alix Earle,6,0.18193166607496056
34,Andy Richter,6,0.051643778171874544
34,Danielle Fishel,6,0.018556894894401942
34,Dylan Efron,6,0.18193198742037142
34,Elaine Hendrix,6,0.18193166131863345
34,Jen Affleck,6,0.000112585196020872
34,Jordan Chiles,6,0.18193178295399282
34,Robert Irwin,6,0.18193170717445034
34,Scott Hoying,6,0.019806758130299525
34,Whitney Leavitt,6,0.00022117866499461893
34,Alix Earle,7,0.18569915842875226
34,Andy Richter,7,0.04941501549676929
34,Danielle Fishel,7,0.01789929641470474
34,Dylan Efron,7,0.18569884889225458
34,Elaine Hendrix,7,0.18569916107063789
34,Jen Affleck,7,0.0020635855685551922
34,Jordan Chiles,7,0.18569904615706775
34,Robert Irwin,7,0.18569912075159542
34,Whitney Leavitt,7,0.002126767219662951
34,Alix Earle,8,0.18752073978071482
34,Andy Richter,8,0.04511519957064976
34,Danielle Fishel,8,0.015284139355141618
34,Dylan Efron,8,0.18752101273848115
34,Elaine Hendrix,8,0.1875207391900593
34,Jordan Chiles,8,0.1875208385615316
34,Robert Irwin,8,0.1875207721068248
34,Whitney Leavitt,8,0.0019965586965969943
34,Alix Earle,9,0.19097456263416096
34,Andy Richter,9,0.04153682973657074
34,Dylan Efron,9,0.19097434966034008
34,Elaine Hendrix,9,0.19097456213370073
34,Jordan Chiles,9,0.19097448586841392
34,Robert Irwin,9,0.19097453856257288
34,Whitney Leavitt,9,0.003590671404240683
34,Alix Earle,10,0.19818490157346386
34,Dylan Efron,10,0.19818503731423082
34,Elaine Hendrix,10,0.1981849024256243
34,Jordan Chiles,10,0.19818495038424133
34,Robert Irwin,10,0.19818491685417633
34,Whitney Leavitt,10,0.009075291448263356
34,Alix Earle,11,0.2000000136141227
34,Dylan Efron,11,0.19999996730314878
34,Elaine Hendrix,11,0.20000001333385234
34,Jordan Chiles,11,0.1999999970244798
34,Robert Irwin,11,0.20000000872439636
