season,celebrity_name,week,p_est
1,Evander Holyfield,1,0.09608725050974351
1,Joey McIntyre,1,0.09463591535578353
1,John O'Hurley,1,0.4046119761512461
1,Kelly Monaco,1,0.4046132673094583
1,Rachel Hunter,1,5.1590673768374805e-05
1,Trista Sutter,1,2.253514215511121e-16
1,Evander Holyfield,2,0.09613857078552189
1,Joey McIntyre,2,0.09455336354531663
1,John O'Hurley,2,0.40465579288780534
1,Kelly Monaco,2,0.40465227278135607
1,Rachel Hunter,2,6.852157730108388e-17
1,Trista Sutter,2,3.7838655819744105e-17
1,Evander Holyfield,3,0.07689743159631669
1,Joey McIntyre,3,0.10096805432784507
1,John O'Hurley,3,0.41106485946360455
1,Kelly Monaco,3,0.4110696546122326
1,Rachel Hunter,3,1.0656623153360023e-15
1,Joey McIntyre,4,0.12626253099250415
1,John O'Hurley,4,0.43687112395334665
1,Kelly Monaco,4,0.4368663450541488
1,Rachel Hunter,4,2.7403209909571125e-16
1,Joey McIntyre,5,0.09470708217438162
1,John O'Hurley,5,0.45264471391143624
1,Kelly Monaco,5,0.4526482039141822
1,John O'Hurley,6,0.5000006376166317
1,Kelly Monaco,6,0.49999936238336845
2,Drew Lachey,1,0.2991049332659125
2,George Hamilton,1,1.8145204414443767e-18
2,Giselle Fernandez,1,6.32073910795011e-05
2,Jerry Rice,1,0.2991052169255347
2,Kenny Mayne,1,1.364754910174209e-17
2,Lisa Rinna,1,0.0001726332253334704
2,Master P,1,0.10224421209559725
2,Stacy Keibler,1,0.2991053042457523
2,Tatum O'Neal,1,0.00010357164113687783
2,Tia Carrere,1,0.00010092120965347117
2,Drew Lachey,2,0.29914225386671234
2,George Hamilton,2,3.661857186195872e-05
2,Giselle Fernandez,2,8.564174573888132e-05
2,Jerry Rice,2,0.2991413928045647
2,Lisa Rinna,2,8.216981259193449e-05
2,Master P,2,0.10230198961268575
2,Stacy Keibler,2,0.29914117907405313
2,Tatum O'Neal,2,5.096958850625197e-05
2,Tia Carrere,2,1.7784923285124025e-05
2,Drew Lachey,3,0.299206888928645
2,George Hamilton,3,4.827622760801554e-19
2,Giselle Fernandez,3,1.5530134749363344e-17
2,Jerry Rice,3,0.29920832207848336
2,Lisa Rinna,3,3.453802230386544e-18
2,Master P,3,0.1023762391340964
2,Stacy Keibler,3,0.29920854985877526
2,Tia Carrere,3,3.978629447016616e-18
2,Drew Lachey,4,0.3034268282872655
2,George Hamilton,4,8.921466894987427e-06
2,Jerry Rice,4,0.30342491305599717
2,Lisa Rinna,4,0.0001924165642961435
2,Master P,4,0.08938808766980932
2,Stacy Keibler,4,0.30342478898072217
2,Tia Carrere,4,0.0001340439750147652
2,Drew Lachey,5,0.3204555402863773
2,George Hamilton,5,0.01284987120211538
2,Jerry Rice,5,0.3204576980444881
2,Lisa Rinna,5,0.012907166131193649
2,Stacy Keibler,5,0.32045766696076955
2,Tia Carrere,5,0.012872057375056018
2,Drew Lachey,6,0.3247507917175187
2,George Hamilton,6,0.012909984109101914
2,Jerry Rice,6,0.32474877171604255
2,Lisa Rinna,6,0.012841531709170712
2,Stacy Keibler,6,0.3247489207481661
2,Drew Lachey,7,0.3290468150846177
2,Jerry Rice,7,0.32904826156818673
2,Lisa Rinna,7,0.012856823006660955
2,Stacy Keibler,7,0.3290481003405346
2,Drew Lachey,8,0.33333366148743027
2,Jerry Rice,8,0.33333313478820226
2,Stacy Keibler,8,0.3333332037243674
3,Emmitt Smith,1,0.4440535241997097
3,Harry Hamlin,1,0.010008733044112017
3,Jerry Springer,1,0.032774700093080464
3,Joey Lawrence,1,0.02034077963470343
3,Mario Lopez,1,0.44389178944178137
3,Monique Coleman,1,0.00028800977217852483
3,Sara Evans,1,0.044453788982635425
3,Shanna Moakler,1,2.2451087289628954e-05
3,Tucker Carlson,1,6.595568934172297e-05
3,Vivica A. Fox,1,0.0001754046110624859
3,Willa Ford,1,0.0039248634441054015
3,Emmitt Smith,2,0.44399306961754303
3,Harry Hamlin,2,0.010094232826416433
3,Jerry Springer,2,0.032750514555967995
3,Joey Lawrence,2,0.02026300514485864
3,Mario Lopez,2,0.4438644063199547
3,Monique Coleman,2,0.00015651094345561745
3,Sara Evans,2,0.04463584117485508
3,Shanna Moakler,2,1.4191719891682736e-17
3,Vivica A. Fox,2,4.9167480313018496e-05
3,Willa Ford,2,0.004193251936635541
3,Emmitt Smith,3,0.44471015350227017
3,Harry Hamlin,3,0.0049519100662323975
3,Jerry Springer,3,0.033917097154419
3,Joey Lawrence,3,0.02123304181860962
3,Mario Lopez,3,0.4445202135725497
3,Monique Coleman,3,0.00014109762811095606
3,Sara Evans,3,0.04560637787215736
3,Vivica A. Fox,3,2.944000225891141e-05
3,Willa Ford,3,0.004890668383391912
3,Emmitt Smith,4,0.44628238374047674
3,Jerry Springer,4,0.03559115966033993
3,Joey Lawrence,4,0.022907980342224504
3,Mario Lopez,4,0.4461542341153793
3,Monique Coleman,4,5.133385964444241e-05
3,Sara Evans,4,0.047021893419072126
3,Vivica A. Fox,4,2.93960577595668e-17
3,Willa Ford,4,0.001991014862862996
3,Emmitt Smith,5,0.44898538546410866
3,Jerry Springer,5,0.0383600206982712
3,Joey Lawrence,5,0.025468676315222236
3,Mario Lopez,5,0.44882589682411733
3,Monique Coleman,5,6.327051406309658e-18
3,Sara Evans,5,0.03836002069828067
3,Willa Ford,5,3.344497767480305e-17
3,Emmitt Smith,6,0.46282664793222505
3,Jerry Springer,6,0.039633676806874844
3,Joey Lawrence,6,0.028222181281732196
3,Mario Lopez,6,0.46265290321917385
3,Monique Coleman,6,0.006664590759994043
3,Emmitt Smith,7,0.4689908585199393
3,Jerry Springer,7,0.03313035925044372
3,Joey Lawrence,7,0.023420692809501743
3,Mario Lopez,7,0.4688606077990418
3,Monique Coleman,7,0.005597481621073388
3,Emmitt Smith,8,0.481887554506137
3,Joey Lawrence,8,0.025355216694523182
3,Mario Lopez,8,0.4816931534418695
3,Monique Coleman,8,0.011064075357470326
3,Emmitt Smith,9,0.48918810062205853
3,Joey Lawrence,9,0.021753535842532017
3,Mario Lopez,9,0.48905836353540943
3,Emmitt Smith,10,0.5000857492716883
3,Mario Lopez,10,0.49991425072831164
4,Apolo Anton Ohno,1,0.27719982222257883
4,Billy Ray Cyrus,1,0.06277045634010006
4,Clyde Drexler,1,0.05381100641534293
4,Heather Mills,1,1.996699386665397e-18
4,Ian Ziering,1,0.00015433899640305358
4,Joey Fatone,1,0.2771998217522747
4,John Ratzenberger,1,0.04211240203021115
4,Laila Ali,1,0.2771998221572223
4,Leeza Gibbons,1,0.00010734538320163521
4,Paulina Porizkova,1,3.928010825377825e-17
4,Shandi Finnessey,1,0.009444984702665292
4,Apolo Anton Ohno,2,0.27720439561914034
4,Billy Ray Cyrus,2,0.06290139081581045
4,Clyde Drexler,2,0.053752710062002156
4,Heather Mills,2,2.4900415119029522e-17
4,Ian Ziering,2,1.0851650979615654e-16
4,Joey Fatone,2,0.2772043967777733
4,John Ratzenberger,2,0.04229819857146913
4,Laila Ali,2,0.27720439614630477
4,Leeza Gibbons,2,7.419882634438209e-18
4,Paulina Porizkova,2,5.3944838402816823e-17
4,Shandi Finnessey,2,0.00943451200749975
4,Apolo Anton Ohno,3,0.2786795470900182
4,Billy Ray Cyrus,3,0.06440790033951328
4,Clyde Drexler,3,0.05458791575478545
4,Heather Mills,3,4.6722855276562827e-05
4,Ian Ziering,3,1.5350452262229662e-06
4,Joey Fatone,3,0.27867954463777384
4,John Ratzenberger,3,0.04374550097140957
4,Laila Ali,3,0.2786795456632064
4,Leeza Gibbons,3,1.180261415857326e-05
4,Shandi Finnessey,3,0.0011599850286319819
4,Apolo Anton Ohno,4,0.28009722984558183
4,Billy Ray Cyrus,4,0.06591378460126282
4,Clyde Drexler,4,0.04811317860009919
4,Heather Mills,4,0.00020733004518684549
4,Ian Ziering,4,0.00011953249780897387
4,Joey Fatone,4,0.28009723229870026
4,John Ratzenberger,4,0.045150235032495004
4,Laila Ali,4,0.280097231080693
4,Leeza Gibbons,4,0.00020424599817211577
4,Apolo Anton Ohno,5,0.2814595473499409
4,Billy Ray Cyrus,5,0.06740459242939267
4,Clyde Drexler,5,0.04182482558410238
4,Heather Mills,5,1.6744244914011824e-17
4,Ian Ziering,5,8.319567851539382e-17
4,Joey Fatone,5,0.28145954453146554
4,John Ratzenberger,5,0.046391944050322396
4,Laila Ali,5,0.2814595460547761
4,Apolo Anton Ohno,6,0.2894512479505854
4,Billy Ray Cyrus,6,0.07573120945468274
4,Heather Mills,6,6.522925773125969e-17
4,Ian Ziering,6,0.0013703020306729374
4,Joey Fatone,6,0.2894512508709504
4,John Ratzenberger,6,0.05454474026694623
4,Laila Ali,6,0.2894512494261621
4,Apolo Anton Ohno,7,0.2956472614122304
4,Billy Ray Cyrus,7,0.08230048726158354
4,Ian Ziering,7,0.0010886896059552975
4,Joey Fatone,7,0.29564725873696757
4,John Ratzenberger,7,0.029669042873473092
4,Laila Ali,7,0.29564726010979014
4,Apolo Anton Ohno,8,0.3068744801947829
4,Billy Ray Cyrus,8,0.07369182511902614
4,Ian Ziering,8,0.005684732057453059
4,Joey Fatone,8,0.30687448183740795
4,Laila Ali,8,0.30687448079132995
4,Apolo Anton Ohno,9,0.32693494573162063
4,Ian Ziering,9,0.01919516491386937
4,Joey Fatone,9,0.3269349443259075
4,Laila Ali,9,0.3269349450286025
4,Apolo Anton Ohno,10,0.3333333330354289
4,Joey Fatone,10,0.3333333335795037
4,Laila Ali,10,0.33333333338506743
5,Albert Reed,1,6.282610096770883e-17
5,Cameron Mathison,1,2.8490679147355126e-17
5,Floyd Mayweather Jr. ,1,0.016033413668926688
5,Helio Castroneves,1,0.29235558047763904
5,Jane Seymour,1,0.018803876343483183
5,Jennie Garth,1,7.560166316283016e-05
5,Josie Maran,1,0.00015447091793828515
5,Marie Osmond,1,0.29235558165030506
5,Mark Cuban,1,0.029221262486313467
5,Mel B,1,0.292355580214742
5,Sabrina Bryan,1,5.000191368147256e-05
5,Wayne Newton,1,0.05859463066380805
5,Albert Reed,2,4.678102182197151e-17
5,Cameron Mathison,2,2.7074267342519365e-17
5,Floyd Mayweather Jr. ,2,0.016108371165774835
5,Helio Castroneves,2,0.2923384799192668
5,Jane Seymour,2,0.01899985583276379
5,Jennie Garth,2,5.858571798207724e-17
5,Marie Osmond,2,0.2923384726732685
5,Mark Cuban,2,0.0292322893004024
5,Mel B,2,0.2923384771022439
5,Sabrina Bryan,2,3.1532722809456865e-17
5,Wayne Newton,2,0.05864405400627981
5,Cameron Mathison,3,0.0011873476790569952
5,Floyd Mayweather Jr. ,3,0.018127718575031003
5,Helio Castroneves,3,0.29441481794207264
5,Jane Seymour,3,0.021206750279340467
5,Jennie Garth,3,0.0008442885762781614
5,Marie Osmond,3,0.294414826667206
5,Mark Cuban,3,0.027890619551334195
5,Mel B,3,0.29441481988921137
5,Sabrina Bryan,3,1.3680223215824974e-17
5,Wayne Newton,3,0.047498810840469224
5,Cameron Mathison,4,0.00747496557116528
5,Floyd Mayweather Jr. ,4,0.02045735938453488
5,Helio Castroneves,4,0.301486214803832
5,Jane Seymour,4,0.02870452024577527
5,Jennie Garth,4,0.006800515938637116
5,Marie Osmond,4,0.30148620151786404
5,Mark Cuban,4,0.030407454480091144
5,Mel B,4,0.3014862102339821
5,Sabrina Bryan,4,0.0016965578241182144
5,Cameron Mathison,5,0.010658863383249893
5,Helio Castroneves,5,0.3056002662798599
5,Jane Seymour,5,0.03306396383268639
5,Jennie Garth,5,0.009900424145838591
5,Marie Osmond,5,0.3056002789826521
5,Mark Cuban,5,0.02931242510577695
5,Mel B,5,0.30560026942593277
5,Sabrina Bryan,5,0.0002635088440033789
5,Cameron Mathison,6,0.014937896842025063
5,Helio Castroneves,6,0.31079964677061955
5,Jane Seymour,6,0.03869578981383189
5,Jennie Garth,6,0.013967392858330133
5,Marie Osmond,6,0.3107996319655636
5,Mel B,6,0.3107996417496299
5,Sabrina Bryan,6,1.0640262612733914e-18
5,Cameron Mathison,7,0.017181067019857024
5,Helio Castroneves,7,0.3140033459875236
5,Jane Seymour,7,0.024756177370512687
5,Jennie Garth,7,0.01605270334773736
5,Marie Osmond,7,0.3140033574977031
5,Mel B,7,0.31400334877666625
5,Cameron Mathison,8,0.013548476223678075
5,Helio Castroneves,8,0.3213689134983425
5,Jennie Garth,8,0.022344798165058043
5,Marie Osmond,8,0.3213689025014237
5,Mel B,8,0.32136890961149767
5,Helio Castroneves,9,0.326460742228453
5,Jennie Garth,9,0.02061776698594588
5,Marie Osmond,9,0.32646074759332006
5,Mel B,9,0.3264607431922811
5,Helio Castroneves,10,0.3333333349215958
5,Marie Osmond,10,0.3333333317281485
5,Mel B,10,0.3333333333502557
6,Adam Carolla,1,0.003010787724367966
6,Cristian de la Fuente,1,0.31935003986483057
6,Jason Taylor,1,0.31935001480248193
6,Kristi Yamaguchi,1,0.3193499754849183
6,Mario,1,0.0029668654772351433
6,Marissa Jaret Winokur,1,0.02376279829795922
6,Marlee Matlin,1,0.003172044213271979
6,Monica Seles,1,3.286156495334124e-05
6,Penn Jillette,1,3.444609376793436e-05
6,Priscilla Presley,1,8.545414299272594e-05
6,Shannon Elizabeth,1,6.657293901669615e-05
6,Steve Guttenberg,1,0.008818139394204266
6,Adam Carolla,2,0.0031384959750438038
6,Cristian de la Fuente,2,0.3193303169374641
6,Jason Taylor,2,0.3193303900298072
6,Kristi Yamaguchi,2,0.31933050325133405
6,Mario,2,0.003122397098123862
6,Marissa Jaret Winokur,2,0.023659821424504283
6,Marlee Matlin,2,0.0030693564619927068
6,Monica Seles,2,9.885877344395974e-18
6,Penn Jillette,2,1.0288680484280812e-17
6,Priscilla Presley,2,5.3359211813387405e-17
6,Shannon Elizabeth,2,2.3761876942846344e-17
6,Steve Guttenberg,2,0.009018718821729948
6,Adam Carolla,3,0.0038189476701483618
6,Cristian de la Fuente,3,0.32001163449783027
6,Jason Taylor,3,0.3200115204544093
6,Kristi Yamaguchi,3,0.32001134367660594
6,Mario,3,0.00381894767014827
6,Marissa Jaret Winokur,3,0.024286783927491045
6,Marlee Matlin,3,0.003818947670148277
6,Priscilla Presley,3,0.00027761651699058907
6,Shannon Elizabeth,3,8.299715474708051e-05
6,Steve Guttenberg,3,0.0038612607614809
6,Adam Carolla,4,0.00396471742594495
6,Cristian de la Fuente,4,0.3210891759661726
6,Jason Taylor,4,0.3210893204856638
6,Kristi Yamaguchi,4,0.3210895425075643
6,Mario,4,0.0032167031646000116
6,Marissa Jaret Winokur,4,0.024760576344348802
6,Marlee Matlin,4,0.003704618107340929
6,Priscilla Presley,4,0.0006464802650143519
6,Shannon Elizabeth,4,0.00043886573335036837
6,Cristian de la Fuente,5,0.3221420484779624
6,Jason Taylor,5,0.3221418877118264
6,Kristi Yamaguchi,5,0.3221416415068674
6,Mario,5,0.002549784287013407
6,Marissa Jaret Winokur,5,0.02534289511121045
6,Marlee Matlin,5,0.0037291893722844476
6,Priscilla Presley,5,0.0011489155422883153
6,Shannon Elizabeth,5,0.0008036379905471875
6,Cristian de la Fuente,6,0.32285065214224246
6,Jason Taylor,6,0.32285081368850926
6,Kristi Yamaguchi,6,0.32285105900079825
6,Mario,6,0.0016183080819011952
6,Marissa Jaret Winokur,6,0.02553076844885386
6,Marlee Matlin,6,0.003543783728895231
6,Shannon Elizabeth,6,0.00075461490879969
6,Cristian de la Fuente,7,0.32394739011267787
6,Jason Taylor,7,0.32394724405085573
6,Kristi Yamaguchi,7,0.32394702281862114
6,Mario,7,0.0011123985465004078
6,Marissa Jaret Winokur,7,0.02601606792792678
6,Shannon Elizabeth,7,0.001029876543418133
6,Cristian de la Fuente,8,0.32461776839434225
6,Jason Taylor,8,0.32461788479025006
6,Kristi Yamaguchi,8,0.3246180595857915
6,Mario,8,5.002918585046449e-18
6,Marissa Jaret Winokur,8,0.026146287229616212
6,Cristian de la Fuente,9,0.32634453409613146
6,Jason Taylor,9,0.3263444594355173
6,Kristi Yamaguchi,9,0.3263443470587746
6,Marissa Jaret Winokur,9,0.020966659409576652
6,Cristian de la Fuente,10,0.333333303290723
6,Jason Taylor,10,0.3333333291576778
6,Kristi Yamaguchi,10,0.3333333675515991
7,Brooke Burke,1,0.3145516989955911
7,Cloris Leachman,1,0.02313015268249192
7,Cody Linley,1,0.023141304638593926
7,Jeffrey Ross,1,3.01217198509147e-17
7,Kim Kardashian,1,1.6057758433191746e-17
7,Lance Bass,1,0.3145516978149691
7,Maurice Greene,1,0.0
7,Misty May-Treanor,1,0.0
7,Rocco DiSpirito,1,0.010073441000250916
7,Susan Lucci,1,0.0
7,Ted McGinley,1,7.357552546460515e-17
7,Toni Braxton,1,0.0
7,Warren Sapp,1,0.31455170486810324
7,Brooke Burke,2,0.31493220061224003
7,Cloris Leachman,2,0.021111863346602623
7,Cody Linley,2,0.02353775561266083
7,Kim Kardashian,2,0.0
7,Lance Bass,2,0.3149322041594761
7,Maurice Greene,2,0.0
7,Misty May-Treanor,2,0.0
7,Rocco DiSpirito,2,0.010553793965003814
7,Susan Lucci,2,0.0
7,Toni Braxton,2,0.0
7,Warren Sapp,2,0.3149321823040168
7,Brooke Burke,3,0.3157501675906019
7,Cloris Leachman,3,0.018954630844930553
7,Cody Linley,3,0.0244637656238802
7,Lance Bass,3,0.31575016452541455
7,Maurice Greene,3,5.664956351236761e-18
7,Rocco DiSpirito,3,0.009331072133362381
7,Susan Lucci,3,0.0
7,Toni Braxton,3,0.0
7,Warren Sapp,3,0.3157501992818105
7,Brooke Burke,4,0.31656827689842815
7,Cloris Leachman,4,0.01657203006841131
7,Cody Linley,4,0.025346829904903004
7,Lance Bass,4,0.3165682776853082
7,Maurice Greene,4,0.0
7,Rocco DiSpirito,4,0.00837635451793205
7,Susan Lucci,4,0.0
7,Toni Braxton,4,0.0
7,Warren Sapp,4,0.3165682309250173
7,Brooke Burke,5,0.3184360960985456
7,Cloris Leachman,5,0.01546710644197403
7,Cody Linley,5,0.02739263978457314
7,Lance Bass,5,0.3184361005532455
7,Maurice Greene,5,0.0005216330961942949
7,Susan Lucci,5,0.0006551344850459847
7,Toni Braxton,5,0.0006551344850460008
7,Warren Sapp,5,0.31843615505537554
7,Brooke Burke,6,0.31943947752250346
7,Cloris Leachman,6,0.013221706685178466
7,Cody Linley,6,0.02845993876473173
7,Lance Bass,6,0.319439467623532
7,Maurice Greene,6,0.0
7,Susan Lucci,6,0.0
7,Warren Sapp,6,0.31943940940405446
7,Brooke Burke,7,0.3224384095524056
7,Cody Linley,7,0.03166379631761865
7,Lance Bass,7,0.32243842446915405
7,Maurice Greene,7,0.001020890375159646
7,Susan Lucci,7,0.0
7,Warren Sapp,7,0.32243847928566205
7,Brooke Burke,8,0.32424376225504553
7,Cody Linley,8,0.026423960545395177
7,Lance Bass,8,0.32424374633155595
7,Maurice Greene,8,0.0008448300632033904
7,Warren Sapp,8,0.3242437008047999
7,Brooke Burke,9,0.32625297104763173
7,Cody Linley,9,0.021241031726042484
7,Lance Bass,9,0.3262529838511637
7,Warren Sapp,9,0.32625301337516216
7,Brooke Burke,10,0.3333333399533578
7,Lance Bass,10,0.33333333528774756
7,Warren Sapp,10,0.33333332475889466
8,Belinda Carlisle,1,7.49313420010415e-17
8,Chuck Wicks,1,4.147121302933531e-05
8,David Alan Grier,1,0.008757792543937559
8,Denise Richards,1,3.0739561832926216e-05
8,Gilles Marini,1,0.2880874572568327
8,Holly Madison,1,6.660519142616897e-17
8,Lawrence Taylor,1,0.012337539311633854
8,Lil' Kim,1,4.214088794058673e-05
8,Melissa Rycroft,1,0.2880874571815107
8,Shawn Johnson,1,0.28808745836808697
8,Steve Wozniak,1,0.05430381206189097
8,Steve-O,1,0.0353275504682255
8,Ty Murray,1,0.024896581145078898
8,Belinda Carlisle,2,5.154667229807229e-17
8,Chuck Wicks,2,0.0
8,David Alan Grier,2,0.008740676011809436
8,Denise Richards,2,8.366469245149287e-17
8,Gilles Marini,2,0.2881091059423953
8,Holly Madison,2,2.504519846071437e-17
8,Lawrence Taylor,2,0.012324017386922952
8,Lil' Kim,2,1.030086244154725e-17
8,Melissa Rycroft,2,0.28810910558993624
8,Shawn Johnson,2,0.28810909869153395
8,Steve Wozniak,2,0.05434229777840162
8,Steve-O,2,0.03528010115962874
8,Ty Murray,2,0.024985597439371867
8,Chuck Wicks,3,9.942486478773184e-17
8,David Alan Grier,3,0.0039248306292782075
8,Denise Richards,3,1.628266716254961e-17
8,Gilles Marini,3,0.2888320333620277
8,Holly Madison,3,6.303654775910161e-17
8,Lawrence Taylor,3,0.01303438393217032
8,Lil' Kim,3,7.976063645788481e-17
8,Melissa Rycroft,3,0.28883203341639013
8,Shawn Johnson,3,0.288832041513867
8,Steve Wozniak,3,0.05503654888633978
8,Steve-O,3,0.03583837770398522
8,Ty Murray,3,0.025669750555941465
8,Chuck Wicks,4,8.55042043872886e-17
8,David Alan Grier,4,1.7997239189001504e-17
8,Gilles Marini,4,0.2904296857188822
8,Holly Madison,4,7.465377764569033e-17
8,Lawrence Taylor,4,0.014671944769807871
8,Lil' Kim,4,2.100230735037943e-16
8,Melissa Rycroft,4,0.2904296860465104
8,Shawn Johnson,4,0.29042967399378733
8,Steve Wozniak,4,0.04949140646054267
8,Steve-O,4,0.03724804249747648
8,Ty Murray,4,0.027299560512992926
8,Chuck Wicks,5,0.0039860870505195566
8,David Alan Grier,5,0.0
8,Gilles Marini,5,0.2976218154481341
8,Lawrence Taylor,5,0.022080494053677627
8,Lil' Kim,5,0.0023028041387296314
8,Melissa Rycroft,5,0.2976218130780053
8,Shawn Johnson,5,0.29762182459514774
8,Steve-O,5,0.044302716275898824
8,Ty Murray,5,0.03446244535988719
8,Chuck Wicks,6,0.003431792425115458
8,Gilles Marini,6,0.30017617047686534
8,Lawrence Taylor,6,0.019663141386368634
8,Lil' Kim,6,1.0495067412824462e-16
8,Melissa Rycroft,6,0.300176175718454
8,Shawn Johnson,6,0.3001761612698452
8,Steve-O,6,0.03937412769621765
8,Ty Murray,6,0.03700243102713366
8,Chuck Wicks,7,0.007851735566462745
8,Gilles Marini,7,0.3077375934255539
8,Lawrence Taylor,7,0.02208084451903016
8,Lil' Kim,7,0.002387165811124273
8,Melissa Rycroft,7,0.3077375842521844
8,Shawn Johnson,7,0.3077375975892113
8,Ty Murray,7,0.04446747883643324
8,Chuck Wicks,8,0.00987083762555197
8,Gilles Marini,8,0.31285844212140995
8,Lil' Kim,8,0.002190844526089641
8,Melissa Rycroft,8,0.31285845380000643
8,Shawn Johnson,8,0.31285843846974654
8,Ty Murray,8,0.049362983457195475
8,Gilles Marini,9,0.31590400463327895
8,Lil' Kim,9,7.98499263474891e-17
8,Melissa Rycroft,9,0.31590399240746236
8,Shawn Johnson,9,0.31590400428759213
8,Ty Murray,9,0.05228799867166654
8,Gilles Marini,10,0.3193814477778011
8,Melissa Rycroft,10,0.3193814568683007
8,Shawn Johnson,10,0.3193814467585724
8,Ty Murray,10,0.041855648595325846
8,Gilles Marini,11,0.33333333492260486
8,Melissa Rycroft,11,0.3333333313555599
8,Shawn Johnson,11,0.3333333337218352
9,Aaron Carter,1,0.00016916949159578957
9,Ashley Hamiliton,1,4.9041173804564335e-05
9,Chuck Liddell,1,9.204030149911363e-05
9,Debi Mazar,1,0.00014422084817314305
9,Donny Osmond,1,0.31594203817736455
9,Joanna Krupa,1,0.0005595688473781729
9,Kathy Ireland,1,0.00037746052114103634
9,Kelly Osbourne,1,0.3159420383097446
9,Louie Vito,1,0.005512871494067529
9,Macy Gray,1,4.904117380456714e-05
9,Mark Dacascos,1,0.0001656266187437377
9,Melissa Joan Hart,1,0.0004909799211750537
9,Michael Irvin,1,0.026642410711664167
9,Mya,1,0.3159420394528647
9,Natalie Coughlin,1,0.00010781397135669944
9,Tom DeLay,1,0.017813638985622708
9,Aaron Carter,2,0.00011415890704755909
9,Chuck Liddell,2,9.384235988046565e-06
9,Debi Mazar,2,0.00010501187971491722
9,Donny Osmond,2,0.3160085429601128
9,Joanna Krupa,2,0.0005356355732119331
9,Kathy Ireland,2,0.0003458690183971213
9,Kelly Osbourne,2,0.31600854328769734
9,Louie Vito,2,0.0056843114042181165
9,Mark Dacascos,2,3.940288415552188e-05
9,Melissa Joan Hart,2,0.0004197520494748351
9,Michael Irvin,2,0.026810684492132014
9,Mya,2,0.3160085438678744
9,Natalie Coughlin,2,1.9337755440255485e-06
9,Tom DeLay,2,0.017908225664431468
9,Aaron Carter,3,9.017353118905584e-18
9,Chuck Liddell,3,4.4661157883931326e-17
9,Debi Mazar,3,2.5240719456626437e-17
9,Donny Osmond,3,0.3162101472671312
9,Joanna Krupa,3,0.00010678499765335155
9,Kelly Osbourne,3,0.3162101472826701
9,Louie Vito,3,0.006226565347225289
9,Mark Dacascos,3,3.0429170723298414e-17
9,Melissa Joan Hart,3,2.770939346836818e-17
9,Michael Irvin,3,0.027040067026283816
9,Mya,3,0.3162101487013264
9,Natalie Coughlin,3,4.6323389829999446e-17
9,Tom DeLay,3,0.017996139377709833
9,Aaron Carter,4,0.0010411481419894428
9,Chuck Liddell,4,3.790936662479415e-17
9,Donny Osmond,4,0.3192529999097208
9,Joanna Krupa,4,0.001680307147985293
9,Kelly Osbourne,4,0.3192530002891358
9,Louie Vito,4,0.009580462404543575
9,Mark Dacascos,4,0.0009075263670717303
9,Melissa Joan Hart,4,0.0011695025548058527
9,Michael Irvin,4,0.026678236305962617
9,Mya,4,0.31925300067675716
9,Natalie Coughlin,4,0.0011838162020278696
9,Aaron Carter,5,0.0007514228049730107
9,Donny Osmond,5,0.32094133572432765
9,Joanna Krupa,5,0.0019256632194994709
9,Kelly Osbourne,5,0.320941335704258
9,Louie Vito,5,0.007277537470258423
9,Mark Dacascos,5,0.0003725152877203848
9,Melissa Joan Hart,5,0.0007815379182916481
9,Michael Irvin,5,0.024994899917533894
9,Mya,5,0.3209413371673856
9,Natalie Coughlin,5,0.0010724147857520115
9,Aaron Carter,6,0.0006499091416954904
9,Donny Osmond,6,0.3227549033683683
9,Joanna Krupa,6,0.0021042999201074863
9,Kelly Osbourne,6,0.32275490362809495
9,Louie Vito,6,0.005293942858759471
9,Mark Dacascos,6,8.738355412609886e-05
9,Melissa Joan Hart,6,0.0003991047495102574
9,Michael Irvin,6,0.02320064852425094
9,Mya,6,0.3227549042550871
9,Aaron Carter,7,0.001226828928093401
9,Donny Osmond,7,0.32511191621412117
9,Joanna Krupa,7,0.00278325209181778
9,Kelly Osbourne,7,0.32511191637205095
9,Mark Dacascos,7,3.124631605522162e-17
9,Michael Irvin,7,0.02065416890831661
9,Mya,7,0.32511191748560025
9,Aaron Carter,8,0.0044781083723767325
9,Donny Osmond,8,0.3299232874022511
9,Joanna Krupa,8,0.005752028291638072
9,Kelly Osbourne,8,0.329923287582601
9,Mya,8,0.32992328835113316
9,Donny Osmond,9,0.33158391452112684
9,Joanna Krupa,9,0.005248255053750375
9,Kelly Osbourne,9,0.3315839147328153
9,Mya,9,0.33158391569230755
9,Donny Osmond,10,0.33333333292739026
9,Kelly Osbourne,10,0.3333333330737347
9,Mya,10,0.33333333399887505
10,Aiden Turner,1,0.010027968831704821
10,Buzz Aldrin,1,0.08442304001767743
10,Chad Ochocinco,1,0.04195089421610251
10,Erin Andrews,1,0.27031380091665874
10,Evan Lysacek,1,0.2703138020371225
10,Jake Pavelka,1,2.446310500146399e-06
10,Kate Gosselin,1,0.05246943584804918
10,Nicole Scherzinger,1,0.27031380078784684
10,Niecy Nash,1,0.00012528114165841894
10,Pamela Anderson,1,3.957029096416532e-05
10,Shannen Doherty,1,1.995960171548802e-05
10,Aiden Turner,2,0.0101406692079836
10,Buzz Aldrin,2,0.0843830934504136
10,Chad Ochocinco,2,0.04195885102616721
10,Erin Andrews,2,0.2703155902502197
10,Evan Lysacek,2,0.2703155861170611
10,Jake Pavelka,2,3.121312785567671e-17
10,Kate Gosselin,2,0.05256491163222766
10,Nicole Scherzinger,2,0.2703155935066986
10,Niecy Nash,2,5.704809228663657e-06
10,Pamela Anderson,2,1.8057833459297903e-17
10,Shannen Doherty,2,7.035185730205909e-17
10,Aiden Turner,3,0.00903696906971672
10,Buzz Aldrin,3,0.07343063275728416
10,Chad Ochocinco,3,0.03775432381132544
10,Erin Andrews,3,0.275928779232541
10,Evan Lysacek,3,0.27592878549925076
10,Jake Pavelka,3,6.006231656712895e-17
10,Kate Gosselin,3,0.050419186927069135
10,Nicole Scherzinger,3,0.2759287760777654
10,Niecy Nash,3,0.001571202500386356
10,Pamela Anderson,3,1.3441246610039973e-06
10,Aiden Turner,4,0.015522359841350518
10,Chad Ochocinco,4,0.04093988191721219
10,Erin Andrews,4,0.2889812161495278
10,Evan Lysacek,4,0.2889812072157938
10,Jake Pavelka,4,0.007191697832239961
10,Kate Gosselin,4,0.05284596259856759
10,Nicole Scherzinger,4,0.2889812216297167
10,Niecy Nash,4,0.010733570581638508
10,Pamela Anderson,4,0.005822882233952951
10,Chad Ochocinco,5,0.03777128104835211
10,Erin Andrews,5,0.2957017517113214
10,Evan Lysacek,5,0.29570176203576104
10,Jake Pavelka,5,0.0080269839775078
10,Kate Gosselin,5,0.048684292421402875
10,Nicole Scherzinger,5,0.29570174740226274
10,Niecy Nash,5,0.013377323917759148
10,Pamela Anderson,5,0.005034857485632965
10,Chad Ochocinco,6,0.038907822169932486
10,Erin Andrews,6,0.30650290407936626
10,Evan Lysacek,6,0.3065028925932591
10,Jake Pavelka,6,0.013133699903770108
10,Nicole Scherzinger,6,0.3065029097221663
10,Niecy Nash,6,0.020021679869641772
10,Pamela Anderson,6,0.008428091661863908
10,Chad Ochocinco,7,0.03508651352706068
10,Erin Andrews,7,0.31217866089026625
10,Evan Lysacek,7,0.31217867166182334
10,Nicole Scherzinger,7,0.31217865744571754
10,Niecy Nash,7,0.021674026515571595
10,Pamela Anderson,7,0.006703469959560655
10,Chad Ochocinco,8,0.03021851007563457
10,Erin Andrews,8,0.31685932335412065
10,Evan Lysacek,8,0.31685931393149924
10,Nicole Scherzinger,8,0.3168593272209874
10,Niecy Nash,8,0.019203525417758105
10,Chad Ochocinco,9,0.02791796317727384
10,Erin Andrews,9,0.32402734401919525
10,Evan Lysacek,9,0.32402734999838945
10,Nicole Scherzinger,9,0.32402734280514145
10,Erin Andrews,10,0.3333333336439406
10,Evan Lysacek,10,0.33333333129707177
10,Nicole Scherzinger,10,0.33333333505898777
11,Audrina Patridge,1,0.00018080748665904754
11,Brandy,1,0.0003215982624874698
11,Bristol Palin,1,0.28739576569404535
11,David Hasselhoff,1,0.00045362358833005444
11,Florence Henderson,1,0.001965468691713933
11,Jennifer Grey,1,0.2872488129086561
11,Kurt Warner,1,0.11077901541129893
11,Kyle Massey,1,0.2872488122365483
11,Margaret Cho,1,0.0009094975186908487
11,Michael Bolton,1,0.0005790805897067327
11,Rick Fox,1,0.020427554228044306
11,The Situation,1,0.0024899633838189996
11,Audrina Patridge,2,0.0002500229982035083
11,Brandy,2,0.00034794667345210183
11,Bristol Palin,2,0.2875806015848602
11,Florence Henderson,2,0.0018931370739727054
11,Jennifer Grey,2,0.2874172859511061
11,Kurt Warner,2,0.11093132574022772
11,Kyle Massey,2,0.28741728531214095
11,Margaret Cho,2,0.000795621552966809
11,Michael Bolton,2,0.0007134720256682383
11,Rick Fox,2,0.020338788682255325
11,The Situation,2,0.0023145124051464207
11,Audrina Patridge,3,0.00021397001375050324
11,Brandy,3,0.000257432446182765
11,Bristol Palin,3,0.28766500540753726
11,Florence Henderson,3,0.0020020134678685442
11,Jennifer Grey,3,0.2875269456692057
11,Kurt Warner,3,0.11115027564312671
11,Kyle Massey,3,0.28752694502280707
11,Margaret Cho,3,0.0008047874504344941
11,Rick Fox,3,0.020562955638143945
11,The Situation,3,0.0022896692409430258
11,Audrina Patridge,4,0.00016353304272145161
11,Brandy,4,0.0001524767006903863
11,Bristol Palin,4,0.2878839605471531
11,Florence Henderson,4,0.0018497237194581514
11,Jennifer Grey,4,0.28771595081493834
11,Kurt Warner,4,0.11141802001397168
11,Kyle Massey,4,0.2877159501402854
11,Rick Fox,4,0.020960965712542714
11,The Situation,4,0.0021394193082388087
11,Audrina Patridge,5,0.00013852621952045366
11,Brandy,5,0.00010594799211733126
11,Bristol Palin,5,0.2882685539345009
11,Florence Henderson,5,0.0018511194273948238
11,Jennifer Grey,5,0.2881360298358371
11,Kurt Warner,5,0.11185413463527007
11,Kyle Massey,5,0.2881360291735323
11,Rick Fox,5,0.02150965878182708
11,Audrina Patridge,6,1.2573703226781468e-17
11,Brandy,6,5.741427241810218e-20
11,Bristol Palin,6,0.28862311599729573
11,Jennifer Grey,6,0.28844953104585114
11,Kurt Warner,6,0.11232819418200918
11,Kyle Massey,6,0.2884495304140711
11,Rick Fox,6,0.02214962836077281
11,Brandy,7,0.0001990038967247754
11,Bristol Palin,7,0.2950232380985513
11,Jennifer Grey,7,0.2948950323835526
11,Kurt Warner,7,0.09594103695584702
11,Kyle Massey,7,0.29489503159866626
11,Rick Fox,7,0.019046657066658108
11,Brandy,8,0.003574387554680738
11,Bristol Palin,8,0.30464277222943076
11,Jennifer Grey,8,0.3044674523459919
11,Kurt Warner,8,0.0828479360975606
11,Kyle Massey,8,0.30446745177233603
11,Brandy,9,0.01923008617325408
11,Bristol Palin,9,0.3270109506866847
11,Jennifer Grey,9,0.32687948193069544
11,Kyle Massey,9,0.3268794812093659
11,Bristol Palin,10,0.3334395973723339
11,Jennifer Grey,10,0.33328020166625827
11,Kyle Massey,10,0.3332802009614078
12,Chelsea Kane,1,0.3067620612731564
12,Chris Jericho,1,0.00014524415798329219
12,Hines Ward,1,0.3067620632601061
12,Kendra Wilkinson,1,0.03397964395149561
12,Kirstie Alley,1,0.3067620625960842
12,Mike Catherwood,1,1.604172903033857e-05
12,Petra Nemcova,1,2.403912813842759e-05
12,Ralph Macchio,1,0.04494335897852317
12,Romeo,1,4.2825077473554154e-05
12,Sugar Ray Leonard,1,9.491176007171593e-05
12,Wendy Williams,1,0.00046774808793762456
12,Chelsea Kane,2,0.3067524896085987
12,Chris Jericho,2,0.00019705269823597666
12,Hines Ward,2,0.30675248433840974
12,Kendra Wilkinson,2,0.03396458271264671
12,Kirstie Alley,2,0.30675248849242565
12,Mike Catherwood,2,2.3023686308067848e-05
12,Petra Nemcova,2,6.354063597436371e-05
12,Ralph Macchio,2,0.04501239748928513
12,Romeo,2,7.231016373546356e-05
12,Sugar Ray Leonard,2,0.00012977624226964655
12,Wendy Williams,2,0.00027985393211060023
12,Chelsea Kane,3,0.30680333859869385
12,Chris Jericho,3,0.00010975005907295784
12,Hines Ward,3,0.306803347676195
12,Kendra Wilkinson,3,0.03392585732642887
12,Kirstie Alley,3,0.30680334280220073
12,Petra Nemcova,3,9.012568192330333e-06
12,Ralph Macchio,3,0.04509555499835588
12,Romeo,3,0.0002552687624438872
12,Sugar Ray Leonard,3,9.051106811019834e-05
12,Wendy Williams,3,0.00010401614030668722
12,Chelsea Kane,4,0.30682511950782176
12,Chris Jericho,4,0.0
12,Hines Ward,4,0.30682510796557
12,Kendra Wilkinson,4,0.033857953490604935
12,Kirstie Alley,4,0.30682511534229145
12,Petra Nemcova,4,1.5254243171723198e-17
12,Ralph Macchio,4,0.045163036525110827
12,Romeo,4,0.0005036671686014575
12,Sugar Ray Leonard,4,0.0
12,Chelsea Kane,5,0.308900653595959
12,Chris Jericho,5,6.887657657296351e-05
12,Hines Ward,5,0.3089006666239884
12,Kendra Wilkinson,5,0.02315764547588452
12,Kirstie Alley,5,0.30890065989360016
12,Petra Nemcova,5,1.497939194340386e-17
12,Ralph Macchio,5,0.04716161014784688
12,Romeo,5,0.002909887686148242
12,Chelsea Kane,6,0.3109841530348146
12,Chris Jericho,6,9.493346974428956e-05
12,Hines Ward,6,0.31098414150699855
12,Kendra Wilkinson,6,0.012433228144535739
12,Kirstie Alley,6,0.31098414892158605
12,Ralph Macchio,6,0.04923170850900918
12,Romeo,6,0.005287686413311639
12,Chelsea Kane,7,0.31307367332340236
12,Hines Ward,7,0.31307368200722163
12,Kendra Wilkinson,7,0.0016629508959722884
12,Kirstie Alley,7,0.31307367676529113
12,Ralph Macchio,7,0.051366275093518404
12,Romeo,7,0.0077497419145942424
12,Chelsea Kane,8,0.3154376102886966
12,Hines Ward,8,0.31543760548614685
12,Kirstie Alley,8,0.31543761033077933
12,Ralph Macchio,8,0.05368717389437739
12,Romeo,8,4.507560144437125e-17
12,Chelsea Kane,9,0.3189874981356876
12,Hines Ward,9,0.31898750057957564
12,Kirstie Alley,9,0.31898749851191666
12,Ralph Macchio,9,0.04303750277282015
12,Chelsea Kane,10,0.3333333331893213
12,Hines Ward,10,0.33333333273231414
12,Kirstie Alley,10,0.3333333340783647
13,Carson Kressley,1,0.031041349658678104
13,Chaz Bono,1,0.05602642704250935
13,Chynna Phillips,1,2.179572660679464e-05
13,David Arquette,1,0.03106346017795291
13,Elisabetta Canalis,1,4.171659192401351e-05
13,Hope Solo,1,0.02067824051257886
13,J.R. Martinez,1,0.27817627023941754
13,Kristin Cavallari,1,3.5074012607799255e-05
13,Metta World Peace (Ron),1,8.148942205959804e-05
13,Nancy Grace,1,0.026481637449374026
13,Ricki Lake,1,0.2781762696321656
13,Rob Kardashian,1,0.27817626953412566
13,Carson Kressley,2,0.03112457012793038
13,Chaz Bono,2,0.055895773457340876
13,Chynna Phillips,2,3.2700295504994106e-17
13,David Arquette,2,0.031124570127926146
13,Elisabetta Canalis,2,6.028013174658598e-17
13,Hope Solo,2,0.020661191951567497
13,J.R. Martinez,2,0.2782281180658167
13,Kristin Cavallari,2,1.0058475011156676e-16
13,Nancy Grace,2,0.02650954155934039
13,Ricki Lake,2,0.2782281173543105
13,Rob Kardashian,2,0.2782281173557675
13,Carson Kressley,3,0.026114446410876308
13,Chaz Bono,3,0.05886446380614291
13,Chynna Phillips,3,4.378044950542592e-17
13,David Arquette,3,0.023614420526915404
13,Hope Solo,3,0.018840281590595597
13,J.R. Martinez,3,0.28107926334116595
13,Kristin Cavallari,3,4.447889568144532e-17
13,Nancy Grace,3,0.029328598827244475
13,Ricki Lake,3,0.2810792628480265
13,Rob Kardashian,3,0.2810792626490329
13,Carson Kressley,4,0.023445133694057773
13,Chaz Bono,4,0.0507777100958497
13,Chynna Phillips,4,2.0146714420124584e-05
13,David Arquette,4,0.018522317826681085
13,Hope Solo,4,0.01950571411694348
13,J.R. Martinez,4,0.28628627226803993
13,Nancy Grace,4,0.02887016229374548
13,Ricki Lake,4,0.2862862714988733
13,Rob Kardashian,4,0.2862862714913892
13,Carson Kressley,5,0.02093031140425983
13,Chaz Bono,5,0.04273484524255587
13,David Arquette,5,0.013552135684911246
13,Hope Solo,5,0.01999945874005039
13,J.R. Martinez,5,0.2914764344605019
13,Nancy Grace,5,0.028353946609385793
13,Ricki Lake,5,0.29147643398913065
13,Rob Kardashian,5,0.29147643386920435
13,Chaz Bono,6,0.037138852655104186
13,David Arquette,6,0.011318949729431245
13,Hope Solo,6,0.02305620429602702
13,J.R. Martinez,6,0.29931742482976886
13,Nancy Grace,6,0.03053372035777726
13,Ricki Lake,6,0.299317424141842
13,Rob Kardashian,6,0.29931742399004946
13,David Arquette,7,0.011240427989340888
13,Hope Solo,7,0.02520950599184265
13,J.R. Martinez,7,0.3094914365748047
13,Nancy Grace,7,0.035075757539814345
13,Ricki Lake,7,0.3094914359632465
13,Rob Kardashian,7,0.30949143594095097
13,Hope Solo,8,0.022964186791432455
13,J.R. Martinez,8,0.3153277780551061
13,Nancy Grace,8,0.031052480359672823
13,Ricki Lake,8,0.31532777751787816
13,Rob Kardashian,8,0.3153277772759104
13,Hope Solo,9,0.024638587053016133
13,J.R. Martinez,9,0.32512047141957096
13,Ricki Lake,9,0.32512047076033807
13,Rob Kardashian,9,0.3251204707670749
13,J.R. Martinez,10,0.3333333337689882
13,Ricki Lake,10,0.33333333321428904
13,Rob Kardashian,10,0.3333333330167227
14,Donald Driver,1,0.3161373630359423
14,Gavin DeGraw,1,0.0005014878627339678
14,Gladys Knight,1,0.010545388437316014
14,Jack Wagner,1,0.0
14,Jaleel White,1,0.0
14,Katherine Jenkins,1,0.31613736421918903
14,Maria Menounos,1,0.017388574896424147
14,Martina Navratilova,1,0.0004924360523290681
14,Melissa Gilbert,1,0.0226600238628419
14,Roshon Fegan,1,0.0
14,Sherri Sheperd,1,0.0
14,William Levy,1,0.3161373616332238
14,Donald Driver,2,0.3161547111950932
14,Gavin DeGraw,2,0.00054163189266597
14,Gladys Knight,2,0.01050472315325881
14,Jack Wagner,2,0.0
14,Jaleel White,2,0.0
14,Katherine Jenkins,2,0.3161547067016121
14,Maria Menounos,2,0.01759812099336043
14,Martina Navratilova,2,0.0001779388879576589
14,Melissa Gilbert,2,0.022713455104215848
14,Roshon Fegan,2,4.174178364069192e-18
14,Sherri Sheperd,2,0.0
14,William Levy,2,0.3161547120718359
14,Donald Driver,3,0.31622556252312367
14,Gavin DeGraw,3,0.0004531724638220968
14,Gladys Knight,3,0.010344016767141239
14,Jack Wagner,3,0.0
14,Jaleel White,3,4.1157128918784474e-05
14,Katherine Jenkins,3,0.31622556914431754
14,Maria Menounos,3,0.01770911244084465
14,Melissa Gilbert,3,0.022775850071394457
14,Roshon Fegan,3,0.0
14,Sherri Sheperd,3,1.2780033108172884e-17
14,William Levy,3,0.3162255594604377
14,Donald Driver,4,0.3162831145600784
14,Gavin DeGraw,4,0.0003877466056580426
14,Gladys Knight,4,0.01001430615164349
14,Jaleel White,4,0.0
14,Katherine Jenkins,4,0.31628310482065636
14,Maria Menounos,4,0.017762990058931113
14,Melissa Gilbert,4,0.022985621776319395
14,Roshon Fegan,4,0.0
14,Sherri Sheperd,4,0.0
14,William Levy,4,0.3162831160267133
14,Donald Driver,5,0.3165161397871177
14,Gavin DeGraw,5,0.0004254985058024149
14,Gladys Knight,5,0.008462232862700807
14,Jaleel White,5,0.0
14,Katherine Jenkins,5,0.3165161508343381
14,Maria Menounos,5,0.018174127036567636
14,Melissa Gilbert,5,0.023386757596256552
14,Roshon Fegan,5,2.956254424211642e-06
14,William Levy,5,0.31651613712279264
14,Donald Driver,6,0.31676433843111823
14,Gladys Knight,6,0.007594237153847549
14,Jaleel White,6,0.0
14,Katherine Jenkins,6,0.31676432603273863
14,Maria Menounos,6,0.0184226840860851
14,Melissa Gilbert,6,0.023690075480070967
14,Roshon Fegan,6,0.0
14,William Levy,6,0.31676433881613963
14,Donald Driver,7,0.31820128193534086
14,Jaleel White,7,2.7691683850074838e-18
14,Katherine Jenkins,7,0.3182012932614565
14,Maria Menounos,7,0.01997769883396205
14,Melissa Gilbert,7,0.025354819752899146
14,Roshon Fegan,7,6.362570110259588e-05
14,William Levy,7,0.3182012805152389
14,Donald Driver,8,0.31954274710052205
14,Katherine Jenkins,8,0.31954273723507826
14,Maria Menounos,8,0.021346032944498394
14,Melissa Gilbert,8,0.020025735962103608
14,Roshon Fegan,8,0.0
14,William Levy,8,0.3195427467577977
14,Donald Driver,9,0.3263113678608927
14,Katherine Jenkins,9,0.3263113740038815
14,Maria Menounos,9,0.02106589134605344
14,William Levy,9,0.3263113667891724
14,Donald Driver,10,0.3333333344272835
14,Katherine Jenkins,10,0.3333333318697525
14,William Levy,10,0.333333333702964
15,Apolo Anton Ohno,1,2.811483058050613e-05
15,Bristol Palin,1,0.03778990978026703
15,Drew Lachey,1,4.5606269900787765e-06
15,Emmitt Smith,1,0.02655242862515709
15,Gilles Marini,1,0.016658079567581613
15,Helio Castroneves,1,3.7176294380168895e-06
15,Joey Fatone,1,1.4729162877113251e-05
15,Kelly Monaco,1,0.29607960053020127
15,Kirstie Alley,1,0.030681675720196273
15,Melissa Rycroft,1,0.29607960032872266
15,Pamela Anderson,1,8.215603833738989e-17
15,Sabrina Bryan,1,2.79823235153701e-05
15,Shawn Johnson,1,0.29607960087447305
15,Apolo Anton Ohno,2,3.419173960733164e-17
15,Bristol Palin,2,0.037919632771703654
15,Drew Lachey,2,6.741874386946088e-17
15,Emmitt Smith,2,0.02662109331117922
15,Gilles Marini,2,0.0167024598377357
15,Helio Castroneves,2,4.933810135205752e-17
15,Joey Fatone,2,3.277809768941174e-17
15,Kelly Monaco,2,0.2960816753487214
15,Kirstie Alley,2,0.030511784603774888
15,Melissa Rycroft,2,0.29608167708255534
15,Sabrina Bryan,2,5.266448138398918e-17
15,Shawn Johnson,2,0.29608167704432975
15,Apolo Anton Ohno,3,0.00020279433691087372
15,Bristol Palin,3,0.0282004571211104
15,Drew Lachey,3,9.399324836942461e-06
15,Emmitt Smith,3,0.028441542517303253
15,Gilles Marini,3,0.01833881601850852
15,Helio Castroneves,3,1.1005670792747089e-06
15,Kelly Monaco,3,0.2976299331863124
15,Kirstie Alley,3,0.031900717234640406
15,Melissa Rycroft,3,0.2976299312208147
15,Sabrina Bryan,3,1.53762035154479e-05
15,Shawn Johnson,3,0.29762993226896783
15,Apolo Anton Ohno,4,0.00047527108585654527
15,Bristol Palin,4,0.018700916570972042
15,Emmitt Smith,4,0.03013296952685652
15,Gilles Marini,4,0.020027764945075133
15,Kelly Monaco,4,0.29917613065924176
15,Kirstie Alley,4,0.03313468010605207
15,Melissa Rycroft,4,0.2991761337776367
15,Sabrina Bryan,4,6.478209094918354e-17
15,Shawn Johnson,4,0.29917613332830917
15,Apolo Anton Ohno,5,0.0014729048846193796
15,Emmitt Smith,5,0.03416030326819439
15,Gilles Marini,5,0.02391309654806707
15,Kelly Monaco,5,0.3029429458266374
15,Kirstie Alley,5,0.03050225424269515
15,Melissa Rycroft,5,0.30294294298605845
15,Sabrina Bryan,5,0.0011226079637355877
15,Shawn Johnson,5,0.30294294427999263
15,Apolo Anton Ohno,6,0.00010527934391650523
15,Emmitt Smith,6,0.03582876675384281
15,Gilles Marini,6,0.025504282978034556
15,Kelly Monaco,6,0.30435246053017423
15,Kirstie Alley,6,0.02550428297803377
15,Melissa Rycroft,6,0.30435246397777244
15,Sabrina Bryan,6,8.444648319094758e-17
15,Shawn Johnson,6,0.3043524634382257
15,Apolo Anton Ohno,7,0.002417797403713078
15,Emmitt Smith,7,0.031293305265167465
15,Gilles Marini,7,0.015208757139378668
15,Kelly Monaco,7,0.3096486615316055
15,Kirstie Alley,7,0.022134159523629467
15,Melissa Rycroft,7,0.3096486589612869
15,Shawn Johnson,7,0.30964866017521897
15,Apolo Anton Ohno,8,0.004826791893263721
15,Emmitt Smith,8,0.02674114884737693
15,Gilles Marini,8,0.004892524432933614
15,Kelly Monaco,8,0.3149156535885476
15,Kirstie Alley,8,0.018792569227354065
15,Melissa Rycroft,8,0.31491565617371636
15,Shawn Johnson,8,0.3149156558368078
15,Apolo Anton Ohno,9,0.003745281510350832
15,Emmitt Smith,9,0.025635658781410012
15,Kelly Monaco,9,0.3235396870872784
15,Melissa Rycroft,9,0.32353968590550797
15,Shawn Johnson,9,0.32353968671545286
15,Kelly Monaco,10,0.3333333327328867
15,Melissa Rycroft,10,0.33333333352183764
15,Shawn Johnson,10,0.3333333337452757
16,Alexandra Raisman,1,0.23710617537104953
16,Andy Dick,1,9.399848105640122e-05
16,D. L. Hughley,1,6.881300192524536e-06
16,Dorothy Hamill,1,0.0008760607311712952
16,Ingo Rademacher,1,0.0016611205941536222
16,Jacoby Jones,1,0.26101438281759604
16,Kellie Pickler,1,0.24906027913491485
16,Lisa Vanderpump,1,0.0003098325912639151
16,Sean Lowe,1,9.084973267845897e-18
16,Victor Ortiz,1,5.7446577755478434e-05
16,Wynonna Judd,1,0.0007535429247305202
16,Zendaya,1,0.24906027947611598
16,Alexandra Raisman,2,0.23707027527830987
16,Andy Dick,2,3.1531991509938735e-05
16,D. L. Hughley,2,2.936966477298816e-05
16,Dorothy Hamill,2,0.0008268297594064874
16,Ingo Rademacher,2,0.0016039373698089187
16,Jacoby Jones,2,0.2610928337704759
16,Kellie Pickler,2,0.24908155461550113
16,Lisa Vanderpump,2,0.0003092740615423137
16,Sean Lowe,2,8.37517127039065e-05
16,Victor Ortiz,2,5.3830507892289814e-05
16,Wynonna Judd,2,0.000735256927482494
16,Zendaya,2,0.24908155434059387
16,Alexandra Raisman,3,0.2370457860941634
16,Andy Dick,3,0.00023582625354032178
16,D. L. Hughley,3,8.848581856058145e-05
16,Ingo Rademacher,3,0.0015314111009474267
16,Jacoby Jones,3,0.26125785424860926
16,Kellie Pickler,3,0.2491518200703149
16,Lisa Vanderpump,3,0.00033760180839120997
16,Sean Lowe,3,0.00015472422051519984
16,Victor Ortiz,3,0.00019603354827625567
16,Wynonna Judd,3,0.0008486358445755315
16,Zendaya,3,0.2491518209921059
16,Alexandra Raisman,4,0.2371839609794611
16,Andy Dick,4,0.00020482943225538767
16,D. L. Hughley,4,0.00014797334482768293
16,Ingo Rademacher,4,0.0015054476970250078
16,Jacoby Jones,4,0.26153012007351306
16,Kellie Pickler,4,0.24935704083006566
16,Lisa Vanderpump,4,0.0002828632644726345
16,Sean Lowe,4,0.0001294761910851423
16,Victor Ortiz,4,0.000301247998027975
16,Zendaya,4,0.24935704018926644
16,Alexandra Raisman,5,0.23722230401150454
16,Andy Dick,5,0.00018325477206960992
16,D. L. Hughley,5,0.0001081463866103954
16,Ingo Rademacher,5,0.0014627305980761027
16,Jacoby Jones,5,0.261673955360856
16,Kellie Pickler,5,0.24944812948892373
16,Sean Lowe,5,9.902774676587411e-05
16,Victor Ortiz,5,0.0003543211461125403
16,Zendaya,5,0.24944813048908118
16,Alexandra Raisman,6,0.23732902268025974
16,Andy Dick,6,0.00020234115747106655
16,Ingo Rademacher,6,0.001344996664826503
16,Jacoby Jones,6,0.26168815119548317
16,Kellie Pickler,6,0.24950858723326147
16,Sean Lowe,6,0.00010299581620682431
16,Victor Ortiz,6,0.00031531867828981687
16,Zendaya,6,0.24950858657420144
16,Alexandra Raisman,7,0.23745384353700583
16,Andy Dick,7,0.0003105990610974934
16,Ingo Rademacher,7,0.0012313373033762396
16,Jacoby Jones,7,0.2617214949644595
16,Kellie Pickler,7,0.24958766910984861
16,Sean Lowe,7,0.00010738591051213408
16,Zendaya,7,0.2495876701137001
16,Alexandra Raisman,8,0.2375063268909789
16,Ingo Rademacher,8,0.0010507191350110556
16,Jacoby Jones,8,0.26188512547583076
16,Kellie Pickler,8,0.24969572631760337
16,Sean Lowe,8,0.0001663762967513872
16,Zendaya,8,0.2496957258838246
16,Alexandra Raisman,9,0.23744345693488825
16,Ingo Rademacher,9,0.0009154340074335371
16,Jacoby Jones,9,0.26209882574282817
16,Kellie Pickler,9,0.24977114131153486
16,Zendaya,9,0.24977114200331524
16,Alexandra Raisman,10,0.23758560998244174
16,Jacoby Jones,10,0.262414389920087
16,Kellie Pickler,10,0.2500000000662676
16,Zendaya,10,0.25000000003120365
17,Amber Riley,1,0.22299878478144375
17,Bill Engvall,1,0.2238540604634222
17,Bill Nye,1,0.008389306245776924
17,Brant Daugherty,1,0.004840707239211152
17,Christina Milian,1,0.0007178311657611001
17,Corbin Bleu,1,0.22299878464210923
17,Elizabeth Berkley Lauren,1,0.02423977892775723
17,Jack Osbourne,1,0.22299878418578248
17,Keyshawn Johnson,1,0.00010060946394001549
17,Leah Remini,1,0.05565125665782947
17,"Nicole ""Snooki"" Polizzi",1,0.00648897740838311
17,Valerie Harper,1,0.006721118818583376
17,Amber Riley,2,0.22292429914090492
17,Bill Engvall,2,0.22375201897628916
17,Bill Nye,2,0.008739235177661788
17,Brant Daugherty,2,0.005502790155978233
17,Christina Milian,2,0.000501052077696403
17,Corbin Bleu,2,0.2229242989009333
17,Elizabeth Berkley Lauren,2,0.02360693083137274
17,Jack Osbourne,2,0.22292429846995374
17,Keyshawn Johnson,2,1.898843518248311e-17
17,Leah Remini,2,0.055771101927973465
17,"Nicole ""Snooki"" Polizzi",2,0.0067198197851769965
17,Valerie Harper,2,0.006634154556059385
17,Amber Riley,3,0.2231294498939795
17,Bill Engvall,3,0.22395452297887017
17,Bill Nye,3,0.007054665341375653
17,Brant Daugherty,3,0.006439838915761374
17,Christina Milian,3,0.00025102088011121467
17,Corbin Bleu,3,0.2231294495741725
17,Elizabeth Berkley Lauren,3,0.022602717629600293
17,Jack Osbourne,3,0.22312944915572083
17,Leah Remini,3,0.05628218053173877
17,"Nicole ""Snooki"" Polizzi",3,0.007006611046019516
17,Valerie Harper,3,0.007020094052650214
17,Amber Riley,4,0.22392754323817354
17,Bill Engvall,4,0.22470350816799176
17,Brant Daugherty,4,0.008084429377085912
17,Christina Milian,4,0.00019597701720505098
17,Corbin Bleu,4,0.22392754310430243
17,Elizabeth Berkley Lauren,4,0.022228498861030684
17,Jack Osbourne,4,0.22392754259610007
17,Leah Remini,4,0.05784352499827975
17,"Nicole ""Snooki"" Polizzi",4,0.008215838643291697
17,Valerie Harper,4,0.006945593996539159
17,Amber Riley,5,0.2247177256962492
17,Bill Engvall,5,0.22556669415130728
17,Brant Daugherty,5,0.009641512189665746
17,Christina Milian,5,4.119856166352297e-17
17,Corbin Bleu,5,0.22471772533432527
17,Elizabeth Berkley Lauren,5,0.021710203203831047
17,Jack Osbourne,5,0.22471772497424947
17,Leah Remini,5,0.059286902260702656
17,"Nicole ""Snooki"" Polizzi",5,0.009641512189669283
17,Amber Riley,6,0.22712150829443775
17,Bill Engvall,6,0.2279404324569659
17,Brant Daugherty,6,0.006211955497364541
17,Corbin Bleu,6,0.22712150826538305
17,Elizabeth Berkley Lauren,6,0.022308071116736848
17,Jack Osbourne,6,0.22712150775170412
17,Leah Remini,6,0.05339366770649084
17,"Nicole ""Snooki"" Polizzi",6,0.008781348910917034
17,Amber Riley,7,0.2296429134091426
17,Bill Engvall,7,0.2305102646201275
17,Brant Daugherty,7,0.002624481966044307
17,Corbin Bleu,7,0.22964291301512066
17,Elizabeth Berkley Lauren,7,0.022845208876482097
17,Jack Osbourne,7,0.22964291270456297
17,Leah Remini,7,0.047189897504457984
17,"Nicole ""Snooki"" Polizzi",7,0.007901407904061828
17,Amber Riley,8,0.23316654703320686
17,Bill Engvall,8,0.23392458695174692
17,Brant Daugherty,8,7.816633972710045e-05
17,Corbin Bleu,8,0.2331665469423412
17,Elizabeth Berkley Lauren,8,0.02432194426955939
17,Jack Osbourne,8,0.233166546411205
17,Leah Remini,8,0.0421756620522136
17,Amber Riley,9,0.23545327690707776
17,Bill Engvall,9,0.23621524661670862
17,Corbin Bleu,9,0.2354532764934008
17,Elizabeth Berkley Lauren,9,0.021077652691861282
17,Jack Osbourne,9,0.23545327605259242
17,Leah Remini,9,0.03634727123835912
17,Amber Riley,10,0.24137164290383653
17,Bill Engvall,10,0.24214140265947612
17,Corbin Bleu,10,0.24137164267432923
17,Jack Osbourne,10,0.24137164218345078
17,Leah Remini,10,0.03374366957890735
17,Amber Riley,11,0.24978852548843078
17,Bill Engvall,11,0.2506344243622567
17,Corbin Bleu,11,0.2497885252840887
17,Jack Osbourne,11,0.24978852486522377
18,Amy Purdy,1,0.2243487284284441
18,Billy Dee Williams,1,0.05678499726157702
18,Candace Cameron Bure,1,0.2621004576413345
18,Charlie White,1,0.007975525809533238
18,Cody Simpson,1,0.0004314704623040896
18,Danica McKellar,1,0.001610668872853058
18,Diana Nyad,1,0.0003761965011603063
18,Drew Carey,1,0.02893834470491821
18,James Maslow,1,0.18670105673743917
18,Meryl Davis,1,0.2243487289933965
18,NeNe Leakes,1,0.006155252908220339
18,Sean Avery,1,0.00022857167881960866
18,Amy Purdy,2,0.22447109988190075
18,Billy Dee Williams,2,0.05720865500442224
18,Candace Cameron Bure,2,0.26227409212275316
18,Charlie White,2,0.0074414900493135205
18,Cody Simpson,2,6.90482099497444e-17
18,Danica McKellar,2,0.0019781818616638573
18,Drew Carey,2,0.02920515658998867
18,James Maslow,2,0.18673693291784943
18,Meryl Davis,2,0.2244711000738909
18,NeNe Leakes,2,0.006213291498217466
18,Sean Avery,2,3.169962732660665e-17
18,Amy Purdy,3,0.23089651094321553
18,Candace Cameron Bure,3,0.2681967466831775
18,Charlie White,3,0.0136720499833409
18,Cody Simpson,3,0.004026460864302708
18,Danica McKellar,3,0.006574718276915548
18,Drew Carey,3,0.03780915176832258
18,James Maslow,3,0.193688213524918
18,Meryl Davis,3,0.2308965115999756
18,NeNe Leakes,3,0.01423963635583169
18,Amy Purdy,4,0.23111696511719468
18,Candace Cameron Bure,4,0.2682737850936588
18,Charlie White,4,0.012008600685030284
18,Cody Simpson,4,0.0020745805361951216
18,Danica McKellar,4,0.0048390268241952274
18,Drew Carey,4,0.04095221151764116
18,James Maslow,4,0.19406176529379549
18,Meryl Davis,4,0.2311169656148834
18,NeNe Leakes,4,0.015556099317405838
18,Amy Purdy,5,0.2312181688053782
18,Candace Cameron Bure,5,0.2682579908511314
18,Charlie White,5,0.010394545243146223
18,Cody Simpson,5,1.5126191886214968e-17
18,Danica McKellar,5,0.0029108153754945675
18,Drew Carey,5,0.04327476271681726
18,James Maslow,5,0.19425590112547084
18,Meryl Davis,5,0.23121816910903203
18,NeNe Leakes,5,0.018469646773529556
18,Amy Purdy,6,0.2331059513485514
18,Candace Cameron Bure,6,0.2701679513436734
18,Charlie White,6,0.010044395159007671
18,Danica McKellar,6,0.0031042712667046523
18,Drew Carey,6,0.03143405689774365
18,James Maslow,6,0.196102259533064
18,Meryl Davis,6,0.23310595173446091
18,NeNe Leakes,6,0.022935162716794334
18,Amy Purdy,7,0.23885957568915536
18,Candace Cameron Bure,7,0.27542091740347685
18,Charlie White,7,0.013203423862455599
18,Danica McKellar,7,0.0072435670679040385
18,James Maslow,7,0.20238762135007538
18,Meryl Davis,7,0.23885957613123823
18,NeNe Leakes,7,0.024025318495694534
18,Amy Purdy,8,0.24372799710201778
18,Candace Cameron Bure,8,0.2798104761033162
18,Charlie White,8,0.015551737060231732
18,Danica McKellar,8,0.009471533547369787
18,James Maslow,8,0.20771025864538606
18,Meryl Davis,8,0.24372799754167843
18,Amy Purdy,9,0.24655978479329171
18,Candace Cameron Bure,9,0.28258858813744425
18,Charlie White,9,0.013693258758170958
18,James Maslow,9,0.2105985830793996
18,Meryl Davis,9,0.24655978523169347
18,Amy Purdy,10,0.24998524912093115
18,Candace Cameron Bure,10,0.286263058400531
18,James Maslow,10,0.213766442920594
18,Meryl Davis,10,0.24998524955794388
19,Alfonso Ribeiro,1,0.211718445698169
19,Antonio Sabato Jr.,1,0.0284369604929817
19,Bethany Mota,1,0.21171844425960953
19,Betsey Johnson,1,0.012487135319899057
19,Janel Parrish,1,0.21171844623273808
19,Jonathan Bennett,1,0.034736222774365014
19,Lea Thompson,1,1.4025510353815607e-16
19,Lolo Jones,1,3.3229171276211645e-16
19,Michael Waltrip,1,0.027454207885069516
19,Randy Couture,1,1.0660222883137135e-16
19,Sadie Robertson,1,0.2117184443793012
19,Tavis Smiley,1,0.0
19,Tommy Chong,1,0.050011692957866324
19,Alfonso Ribeiro,2,0.21223317434812036
19,Antonio Sabato Jr.,2,0.028840679698078013
19,Bethany Mota,2,0.21223317855631982
19,Betsey Johnson,2,0.008643486586468734
19,Janel Parrish,2,0.21223317316378962
19,Jonathan Bennett,2,0.035006513220472775
19,Lea Thompson,2,1.507583120841094e-16
19,Michael Waltrip,2,0.027975196013016963
19,Randy Couture,2,4.986633205879695e-05
19,Sadie Robertson,2,0.21223317795167532
19,Tavis Smiley,2,7.969902407305163e-17
19,Tommy Chong,2,0.050551554129999246
19,Alfonso Ribeiro,3,0.21275154976331664
19,Antonio Sabato Jr.,3,0.02921568863756688
19,Bethany Mota,3,0.21275154302930252
19,Betsey Johnson,3,0.004139102541046361
19,Janel Parrish,3,0.21275155154372166
19,Jonathan Bennett,3,0.035748594369719486
19,Lea Thompson,3,0.00036779043214401935
19,Michael Waltrip,3,0.028456805858484677
19,Randy Couture,3,3.2932640989247197e-18
19,Sadie Robertson,3,0.21275154413528968
19,Tommy Chong,3,0.05106582968940792
19,Alfonso Ribeiro,4,0.2132940522626311
19,Antonio Sabato Jr.,4,0.029616688940182875
19,Bethany Mota,4,0.21329406052468253
19,Betsey Johnson,4,2.3001259605121626e-16
19,Janel Parrish,4,0.21329405025816892
19,Jonathan Bennett,4,0.036266791668848816
19,Lea Thompson,4,0.0
19,Michael Waltrip,4,0.029151582248836443
19,Sadie Robertson,4,0.2132940590078212
19,Tommy Chong,4,0.05178871508882792
19,Alfonso Ribeiro,5,0.21548595483478844
19,Antonio Sabato Jr.,5,0.03186123831635969
19,Bethany Mota,5,0.21548594538509735
19,Janel Parrish,5,0.215485956965948
19,Jonathan Bennett,5,0.019292617033199854
19,Lea Thompson,5,0.0009265488794617887
19,Michael Waltrip,5,0.03202111320432562
19,Sadie Robertson,5,0.21548594718783765
19,Tommy Chong,5,0.05395467819298156
19,Alfonso Ribeiro,6,0.21764155630659157
19,Antonio Sabato Jr.,6,0.03404286473088566
19,Bethany Mota,6,0.21764156618380046
19,Janel Parrish,6,0.21764155453172637
19,Jonathan Bennett,6,0.002365448947002702
19,Lea Thompson,6,0.002188484753643055
19,Michael Waltrip,6,0.03450399256307583
19,Sadie Robertson,6,0.21764156414869912
19,Tommy Chong,6,0.05633296783457525
19,Alfonso Ribeiro,7,0.2201080795796874
19,Antonio Sabato Jr.,7,0.02378655648031992
19,Bethany Mota,7,0.2201080698651937
19,Janel Parrish,7,0.2201080811521223
19,Lea Thompson,7,0.0
19,Michael Waltrip,7,0.03722081061185921
19,Sadie Robertson,7,0.22010807176692201
19,Tommy Chong,7,0.05856033054389548
19,Alfonso Ribeiro,8,0.22539475360782815
19,Bethany Mota,8,0.22539476209833417
19,Janel Parrish,8,0.22539475233949366
19,Lea Thompson,8,1.7829392582734087e-16
19,Michael Waltrip,8,0.03484707206999031
19,Sadie Robertson,8,0.225394760400457
19,Tommy Chong,8,0.06357389948389662
19,Alfonso Ribeiro,9,0.23232905656332653
19,Bethany Mota,9,0.2323290497308887
19,Janel Parrish,9,0.23232905762423584
19,Lea Thompson,9,0.0
19,Sadie Robertson,9,0.23232905132101267
19,Tommy Chong,9,0.07068378476053634
19,Alfonso Ribeiro,10,0.2352488676346629
19,Bethany Mota,10,0.2352488718069528
19,Janel Parrish,10,0.235248867070765
19,Sadie Robertson,10,0.2352488711927117
19,Tommy Chong,10,0.05900452229490762
19,Alfonso Ribeiro,11,0.2500000006210162
19,Bethany Mota,11,0.24999999910103538
19,Janel Parrish,11,0.2500000008602819
19,Sadie Robertson,11,0.24999999941766654
20,Charlotte McKinney,1,0.03340955592713389
20,Chris Soules,1,0.06696065784101025
20,Michael Sam,1,0.01995724168339552
20,Nastia Liukin,1,0.00021144542545733982
20,Noah Galloway,1,0.26203000621124123
20,Patti LaBelle,1,0.022991661985389125
20,Redfoo,1,6.327336115989624e-17
20,Riker Lynch,1,0.2620300100475768
20,Robert Herjavec,1,0.05027134366232181
20,Rumer Willis,1,0.2620300122003644
20,Suzanne Somers,1,0.020006272802657623
20,Willow Shields,1,0.00010179221345195167
20,Charlotte McKinney,2,0.03332895850248001
20,Chris Soules,2,0.06695047627385305
20,Michael Sam,2,0.019880351393928606
20,Nastia Liukin,2,0.0
20,Noah Galloway,2,0.262101617009964
20,Patti LaBelle,2,0.02334386774406443
20,Redfoo,2,4.160354786370002e-16
20,Riker Lynch,2,0.2621016069450283
20,Robert Herjavec,2,0.05031116873220558
20,Rumer Willis,2,0.2621016020045476
20,Suzanne Somers,2,0.019880351393928363
20,Willow Shields,2,0.0
20,Charlotte McKinney,3,0.026002472271548453
20,Chris Soules,3,0.06664776575187242
20,Michael Sam,3,0.013018812314342565
20,Nastia Liukin,3,0.0
20,Noah Galloway,3,0.2650347000877312
20,Patti LaBelle,3,0.02594588303412036
20,Riker Lynch,3,0.2650347175025346
20,Robert Herjavec,3,0.053310557618144135
20,Rumer Willis,3,0.2650347237872148
20,Suzanne Somers,3,0.01997036763249191
20,Willow Shields,3,0.0
20,Chris Soules,4,0.06902049287798358
20,Michael Sam,4,0.00837621729958667
20,Nastia Liukin,4,0.0012915039452840514
20,Noah Galloway,4,0.2705957919590927
20,Patti LaBelle,4,0.026909148079580395
20,Riker Lynch,4,0.27059576984239486
20,Robert Herjavec,4,0.058660831549165605
20,Rumer Willis,4,0.2705957656685623
20,Suzanne Somers,4,0.022681062236337687
20,Willow Shields,4,0.0012734165420121581
20,Chris Soules,5,0.06925605705088705
20,Nastia Liukin,5,0.0005204947922103575
20,Noah Galloway,5,0.27457088509952254
20,Patti LaBelle,5,0.025799386349615518
20,Riker Lynch,5,0.27457091074586293
20,Robert Herjavec,5,0.06270695434147827
20,Rumer Willis,5,0.27457091218286556
20,Suzanne Somers,5,0.0175805348544356
20,Willow Shields,5,0.00042386458312202596
20,Chris Soules,6,0.07071824419447746
20,Nastia Liukin,6,0.0008620566318380365
20,Noah Galloway,6,0.2794761645976911
20,Patti LaBelle,6,0.02150412365576414
20,Riker Lynch,6,0.27947613967743157
20,Robert Herjavec,6,0.06762507319904809
20,Rumer Willis,6,0.2794761414118894
20,Willow Shields,6,0.0008620566318601693
20,Chris Soules,7,0.07285456326974675
20,Nastia Liukin,7,0.0
20,Noah Galloway,7,0.2847636101827688
20,Riker Lynch,7,0.2847636330447878
20,Robert Herjavec,7,0.07285456326974687
20,Rumer Willis,7,0.28476363023295004
20,Willow Shields,7,0.0
20,Chris Soules,8,0.05465867881105784
20,Nastia Liukin,8,0.0030893937653021183
20,Noah Galloway,8,0.29586442638656407
20,Riker Lynch,8,0.2958644093575436
20,Robert Herjavec,8,0.0546586788156709
20,Rumer Willis,8,0.2958644128638614
20,Nastia Liukin,9,0.02423152731679559
20,Noah Galloway,9,0.3252561508859582
20,Riker Lynch,9,0.32525616208804686
20,Rumer Willis,9,0.3252561597091994
20,Noah Galloway,10,0.3333333350596098
20,Riker Lynch,10,0.33333333186781344
20,Rumer Willis,10,0.3333333330725769
21,Alek Skarlatos,1,0.24837211588678784
21,Alexa PenaVega,1,0.003443839441987453
21,Andy Grammer,1,1.6923013278885004e-05
21,Bindi Irwin,1,0.226855197586944
21,Carlos PenaVega,1,0.2053382785643692
21,Chaka Khan,1,4.0115480381963664e-18
21,Gary Busey,1,0.017520929877092237
21,Hayes Grier,1,0.00022012535887913198
21,Kim Zolciak-Biermann,1,4.208059681959364e-18
21,Nick Carter,1,0.22685519686508374
21,Paula Deen,1,0.00012748409702654476
21,Tamar Braxton,1,0.07124990930855106
21,Victor Espinoza,1,3.672057232936843e-17
21,Alek Skarlatos,2,0.24830615638044848
21,Alexa PenaVega,2,0.0037691341650544384
21,Andy Grammer,2,1.0614339268633088e-16
21,Bindi Irwin,2,0.2269186302021284
21,Carlos PenaVega,2,0.20553110397986976
21,Chaka Khan,2,0.0
21,Gary Busey,2,0.017218030546154384
21,Hayes Grier,2,2.4188550468151604e-16
21,Kim Zolciak-Biermann,2,0.0
21,Nick Carter,2,0.22691862980897556
21,Paula Deen,2,0.0
21,Tamar Braxton,2,0.07133831491736868
21,Victor Espinoza,2,5.399773742914001e-18
21,Alek Skarlatos,3,0.24855042294262847
21,Alexa PenaVega,3,0.003799436889859691
21,Andy Grammer,3,0.00013133943098720286
21,Bindi Irwin,3,0.227086405300701
21,Carlos PenaVega,3,0.20562238642087063
21,Gary Busey,3,0.0158454114833781
21,Hayes Grier,3,7.808268320486386e-05
21,Nick Carter,3,0.227086404317827
21,Paula Deen,3,0.00026963257194393515
21,Tamar Braxton,3,0.07153047795859918
21,Alek Skarlatos,4,0.24867595844749008
21,Alexa PenaVega,4,0.003662482237671369
21,Andy Grammer,4,0.0
21,Bindi Irwin,4,0.2274038607044018
21,Carlos PenaVega,4,0.20613176336850714
21,Gary Busey,4,0.01439018862540319
21,Hayes Grier,4,5.570088661144279e-17
21,Nick Carter,4,0.22740386058716847
21,Paula Deen,4,9.00191146846635e-05
21,Tamar Braxton,4,0.0722418669146731
21,Alek Skarlatos,5,0.2504442456819167
21,Alexa PenaVega,5,0.0053970373088244655
21,Andy Grammer,5,0.0011369817481380036
21,Bindi Irwin,5,0.22903478493040413
21,Carlos PenaVega,5,0.2076253226018947
21,Hayes Grier,5,0.0011272200887903388
21,Nick Carter,5,0.22903478375290426
21,Paula Deen,5,0.0017643512001177823
21,Tamar Braxton,5,0.07443527268700967
21,Alek Skarlatos,6,0.25046561635569126
21,Alexa PenaVega,6,0.005456191166058382
21,Andy Grammer,6,0.0011514165129003528
21,Bindi Irwin,6,0.22922213398425095
21,Carlos PenaVega,6,0.20797865214013836
21,Hayes Grier,6,0.0003372266487414098
21,Nick Carter,6,0.22922213409777706
21,Paula Deen,6,0.0014690159693158905
21,Tamar Braxton,6,0.07469761312512632
21,Alek Skarlatos,7,0.25038606194675905
21,Alexa PenaVega,7,0.005271212849233347
21,Andy Grammer,7,0.0006428916176947237
21,Bindi Irwin,7,0.22964434139326348
21,Carlos PenaVega,7,0.2089026195119167
21,Hayes Grier,7,1.8079071226195786e-17
21,Nick Carter,7,0.2296443401185432
21,Tamar Braxton,7,0.07550853256258946
21,Alek Skarlatos,8,0.25054508841277584
21,Alexa PenaVega,8,0.0025856413964591924
21,Andy Grammer,8,0.0007445259531725322
21,Bindi Irwin,8,0.23001656203680193
21,Carlos PenaVega,8,0.2094880357542198
21,Nick Carter,8,0.23001656210573124
21,Tamar Braxton,8,0.07660358434083947
21,Alek Skarlatos,9,0.2510791842301748
21,Alexa PenaVega,9,1.1732673104052144e-16
21,Bindi Irwin,9,0.2305480719397193
21,Carlos PenaVega,9,0.2100169589531656
21,Nick Carter,9,0.23054807110315853
21,Tamar Braxton,9,0.07780771377378175
21,Alek Skarlatos,10,0.27050698065362594
21,Bindi Irwin,10,0.2500000001775139
21,Carlos PenaVega,10,0.2294930194163805
21,Nick Carter,10,0.24999999975247966
21,Alek Skarlatos,11,0.2706491275418417
21,Bindi Irwin,11,0.25000000024673547
21,Carlos PenaVega,11,0.22935087246655408
21,Nick Carter,11,0.24999999974486883
22,Antonio Brown,1,0.03296734169414707
22,Doug Flutie,1,0.028416105841650073
22,Geraldo Rivera,1,0.0001751770776757727
22,Ginger Zee,1,0.28913039870896534
22,Jodie Sweetin,1,0.007160195875929347
22,Kim Fields,1,0.0003503151831550081
22,Marla Maples,1,0.00044060234245768185
22,Mischa Barton,1,0.00013806994046600333
22,Nyle DiMarco,1,0.2891303982353996
22,Paige VanZant,1,0.2891303971151799
22,Von Miller,1,0.0003503152608083475
22,Wanya Morris,1,0.06261068272416621
22,Antonio Brown,2,0.03306732645381782
22,Doug Flutie,2,0.028273884192890553
22,Geraldo Rivera,2,0.00019935237425662588
22,Ginger Zee,2,0.28932849626404583
22,Jodie Sweetin,2,0.007084021640153049
22,Kim Fields,2,0.00038941864625638493
22,Marla Maples,2,0.00031682622640519763
22,Mischa Barton,2,2.338563817580784e-05
22,Nyle DiMarco,2,0.28932849598870697
22,Paige VanZant,2,0.2893284951719971
22,Von Miller,2,0.0003894186972730634
22,Wanya Morris,2,0.062270878706021916
22,Antonio Brown,3,0.03336621824451022
22,Doug Flutie,3,0.028738147231505612
22,Ginger Zee,3,0.28927883518187064
22,Jodie Sweetin,3,0.006855003455180525
22,Kim Fields,3,0.0002732156088294929
22,Marla Maples,3,0.0002555877573110722
22,Mischa Barton,3,0.00011402899514667954
22,Nyle DiMarco,3,0.2892788346332569
22,Paige VanZant,3,0.28927883318381686
22,Von Miller,3,0.0002732154809926723
22,Wanya Morris,3,0.06228808022757917
22,Antonio Brown,4,0.0332539138368597
22,Doug Flutie,4,0.0290292560843263
22,Ginger Zee,4,0.2893911789513096
22,Jodie Sweetin,4,0.0070856824165622554
22,Kim Fields,4,4.3411557558051253e-17
22,Marla Maples,4,1.6544925152128797e-17
22,Nyle DiMarco,4,0.2893911786593315
22,Paige VanZant,4,0.28939117813486115
22,Von Miller,4,2.0339005824297352e-17
22,Wanya Morris,4,0.06245761191674957
22,Antonio Brown,5,0.03437592823152191
22,Doug Flutie,5,0.02588256946975902
22,Ginger Zee,5,0.290347268608073
22,Jodie Sweetin,5,0.005463646891281125
22,Kim Fields,5,3.657422598746859e-05
22,Nyle DiMarco,5,0.29034726800186533
22,Paige VanZant,5,0.2903472666375335
22,Von Miller,5,3.657432568981935e-05
22,Wanya Morris,5,0.06316290360828887
22,Antonio Brown,6,0.035590260818220705
22,Doug Flutie,6,0.022580770210890697
22,Ginger Zee,6,0.2912414465923738
22,Jodie Sweetin,6,0.003867301779307708
22,Kim Fields,6,6.483528991463317e-18
22,Nyle DiMarco,6,0.2912414461031694
22,Paige VanZant,6,0.2912414453614046
22,Von Miller,6,1.5803395140636875e-17
22,Wanya Morris,6,0.06423732913463336
22,Antonio Brown,7,0.03999229408546959
22,Ginger Zee,7,0.29554541304133425
22,Jodie Sweetin,7,0.005525666595372212
22,Kim Fields,7,0.00014294815058827736
22,Nyle DiMarco,7,0.29554541271885154
22,Paige VanZant,7,0.29554541156793634
22,Von Miller,7,0.0001429481505871459
22,Wanya Morris,7,0.06755990568986053
22,Antonio Brown,8,0.040803402468534915
22,Ginger Zee,8,0.2969265951717706
22,Jodie Sweetin,8,8.378479641295274e-17
22,Nyle DiMarco,8,0.29692659438006175
22,Paige VanZant,8,0.2969265932823009
22,Wanya Morris,8,0.06841681469733178
22,Antonio Brown,9,0.024636661364081755
22,Ginger Zee,9,0.307398894245645
22,Nyle DiMarco,9,0.30739889384059677
22,Paige VanZant,9,0.307398893016031
22,Wanya Morris,9,0.053166657533645495
22,Ginger Zee,10,0.3333333340963884
22,Nyle DiMarco,10,0.3333333335094301
22,Paige VanZant,10,0.33333333239418156
23,Amber Rose,1,6.898757997473734e-06
23,Babyface,1,2.054021015773788e-17
23,Calvin Johnson Jr.,1,0.2307291652895077
23,Jake T. Austin,1,4.79810283301671e-18
23,James Hinchcliffe,1,0.230729164761029
23,Jana Kramer,1,0.23072916452661738
23,Laurie Hernandez,1,0.2307291659447423
23,Marilu Henner,1,0.026981224651031335
23,Maureen McCormick,1,2.3376357244792994e-05
23,Rick Perry,1,0.013335800665676297
23,Ryan Lochte,1,0.010955167835459662
23,Terra Jole,1,0.01943466322118456
23,Vanilla Ice,1,0.0063462079895093655
23,Amber Rose,2,1.354072692832237e-17
23,Babyface,2,2.973695508584617e-17
23,Calvin Johnson Jr.,2,0.2307357188465504
23,Jake T. Austin,2,5.937588569837024e-17
23,James Hinchcliffe,2,0.2307357210505367
23,Jana Kramer,2,0.2307357216117275
23,Laurie Hernandez,2,0.23073571658930445
23,Marilu Henner,2,0.027231762347943955
23,Maureen McCormick,2,2.906921783770193e-18
23,Rick Perry,2,0.013190438832205442
23,Ryan Lochte,2,0.010687475661015992
23,Terra Jole,2,0.019257519441617497
23,Vanilla Ice,2,0.006689925619098146
23,Amber Rose,3,0.00018386782769531302
23,Babyface,3,1.4905069366244472e-17
23,Calvin Johnson Jr.,3,0.23122214436300872
23,James Hinchcliffe,3,0.2312221413071301
23,Jana Kramer,3,0.23122214028815274
23,Laurie Hernandez,3,0.23122214769519756
23,Marilu Henner,3,0.028067228769304488
23,Maureen McCormick,3,0.00038047296174231835
23,Rick Perry,3,0.007718458658865601
23,Ryan Lochte,3,0.011143275800640805
23,Terra Jole,3,0.019946924053483382
23,Vanilla Ice,3,0.007671198274779029
23,Amber Rose,4,0.0008014150031054219
23,Babyface,4,0.0005385140066670152
23,Calvin Johnson Jr.,4,0.2325852676608955
23,James Hinchcliffe,4,0.2325852720758859
23,Jana Kramer,4,0.23258527319752156
23,Laurie Hernandez,4,0.23258526325609205
23,Marilu Henner,4,0.029745635799727853
23,Maureen McCormick,4,0.0008626048541900767
23,Ryan Lochte,4,0.012661552271198449
23,Terra Jole,4,0.021290812376754252
23,Vanilla Ice,4,0.0037583894979619052
23,Amber Rose,5,0.0013125499588415497
23,Calvin Johnson Jr.,5,0.23366349230195532
23,James Hinchcliffe,5,0.23366348750870977
23,Jana Kramer,5,0.23366348620910854
23,Laurie Hernandez,5,0.23366349716449628
23,Marilu Henner,5,0.031094887613687526
23,Maureen McCormick,5,0.0014485264158993077
23,Ryan Lochte,5,0.00951185914728295
23,Terra Jole,5,0.02197821368001882
23,Amber Rose,6,0.0012620194448952505
23,Calvin Johnson Jr.,6,0.23420897128653412
23,James Hinchcliffe,6,0.23420897669950697
23,Jana Kramer,6,0.2342089779528546
23,Laurie Hernandez,6,0.23420896601604532
23,Marilu Henner,6,0.03212669705972222
23,Maureen McCormick,6,0.0012752538165393108
23,Ryan Lochte,6,0.006157278959718476
23,Terra Jole,6,0.022342858764183807
23,Calvin Johnson Jr.,7,0.23482255050002446
23,James Hinchcliffe,7,0.23482254563857943
23,Jana Kramer,7,0.23482254425208687
23,Laurie Hernandez,7,0.23482255544457092
23,Marilu Henner,7,0.03330528080459068
23,Maureen McCormick,7,0.001245771021143081
23,Ryan Lochte,7,0.0032742717921150012
23,Terra Jole,7,0.02288448054688961
23,Calvin Johnson Jr.,8,0.23556184969730967
23,James Hinchcliffe,8,0.23556185413800684
23,Jana Kramer,8,0.23556185535365443
23,Laurie Hernandez,8,0.2355618451622949
23,Marilu Henner,8,0.0346806153742685
23,Ryan Lochte,8,8.798300629719869e-18
23,Terra Jole,8,0.02307198027446575
23,Calvin Johnson Jr.,9,0.23757322769545555
23,James Hinchcliffe,9,0.23757322473224599
23,Jana Kramer,9,0.23757322359663882
23,Laurie Hernandez,9,0.23757323117423457
23,Marilu Henner,9,0.02995051782211181
23,Terra Jole,9,0.01975657497931327
23,Calvin Johnson Jr.,10,0.24461483162812672
23,James Hinchcliffe,10,0.24461483367946538
23,Jana Kramer,10,0.24461483431186806
23,Laurie Hernandez,10,0.24461482916861177
23,Terra Jole,10,0.021540671211928104
23,Calvin Johnson Jr.,11,0.2500000000904492
23,James Hinchcliffe,11,0.24999999966740152
23,Jana Kramer,11,0.2499999993502067
23,Laurie Hernandez,11,0.2500000008919427
24,Bonner Bolton,1,0.0528042855119202
24,Charo,1,0.0012927338728593509
24,Chris Kattan,1,0.0008267795681258317
24,David Ross,1,0.27930865639482017
24,Erika Jayne,1,0.0020849539288409318
24,Heather Morris,1,0.0007511915303248149
24,Mr. T,1,0.0017623864678887023
24,Nancy Kerrigan,1,0.02835274229113233
24,Nick Viall,1,0.05381520804150667
24,Normani,1,0.2793086561871436
24,Rashad Jennings,1,0.27930865681567957
24,Simone Biles,1,0.02038374938975787
24,Bonner Bolton,2,0.05287983536206157
24,Charo,2,0.0011901197690819699
24,Chris Kattan,2,0.0008424185515796888
24,David Ross,2,0.2793046115555881
24,Erika Jayne,2,0.0020113184439885874
24,Heather Morris,2,0.000744222300569562
24,Mr. T,2,0.0016130960993434623
24,Nancy Kerrigan,2,0.028521976996246274
24,Nick Viall,2,0.053923964646984505
24,Normani,2,0.2793046112263399
24,Rashad Jennings,2,0.2793046115688524
24,Simone Biles,2,0.020359213479363966
24,Bonner Bolton,3,0.05304363941289968
24,Charo,3,0.0011187337670245578
24,David Ross,3,0.2793752986624611
24,Erika Jayne,3,0.0020122020773066006
24,Heather Morris,3,0.0006952151437038575
24,Mr. T,3,0.0016194324706998596
24,Nancy Kerrigan,3,0.028738053032858504
24,Nick Viall,3,0.05413237099349492
24,Normani,3,0.2793752985646145
24,Rashad Jennings,3,0.2793752994195196
24,Simone Biles,3,0.020514456455416785
24,Bonner Bolton,4,0.05326463123928168
24,David Ross,4,0.27950363886438495
24,Erika Jayne,4,0.0019782975727926076
24,Heather Morris,4,0.00047701387211699053
24,Mr. T,4,0.0016536069559788368
24,Nancy Kerrigan,4,0.02892721642309979
24,Nick Viall,4,0.05460913428514948
24,Normani,4,0.2795036384060485
24,Rashad Jennings,4,0.2795036385810955
24,Simone Biles,4,0.020579183800051797
24,Bonner Bolton,5,0.05363460031433718
24,David Ross,5,0.27966018223811817
24,Erika Jayne,5,0.0021357052907075547
24,Heather Morris,5,0.00023182256757150026
24,Nancy Kerrigan,5,0.029267288373509146
24,Nick Viall,5,0.05508294116947123
24,Normani,5,0.27966018226584977
24,Rashad Jennings,5,0.2796601832403786
24,Simone Biles,5,0.020667094540056895
24,Bonner Bolton,6,0.05396388262498166
24,David Ross,6,0.27989168318586055
24,Heather Morris,6,2.7523776900746444e-17
24,Nancy Kerrigan,6,0.029670955140014214
24,Nick Viall,6,0.055693259972724
24,Normani,6,0.2798916826866181
24,Rashad Jennings,6,0.2798916828606934
24,Simone Biles,6,0.0209968535291083
24,Bonner Bolton,7,0.06284762421154266
24,David Ross,7,0.28863890509958323
24,Nancy Kerrigan,7,0.016923818124306565
24,Nick Viall,7,0.03536914091752235
24,Normani,7,0.2886389050690838
24,Rashad Jennings,7,0.28863890604075276
24,Simone Biles,7,0.018942700537208743
24,Bonner Bolton,8,0.0611070829796569
24,David Ross,8,0.304822296146775
24,Normani,8,0.3048222957155241
24,Rashad Jennings,8,0.30482229601910843
24,Simone Biles,8,0.024426029138935573
24,David Ross,9,0.3227478186496726
24,Normani,9,0.3227478185132903
24,Rashad Jennings,9,0.32274781928259527
24,Simone Biles,9,0.031756543554441796
24,David Ross,10,0.3333333333570056
24,Normani,10,0.33333333305450236
24,Rashad Jennings,10,0.33333333358849204
25,Barbara Corcoran,1,0.0
25,Debbie Gibson,1,0.0
25,Derek Fisher,1,0.012454797770025708
25,Drew Scott,1,0.2277849740389973
25,Frankie Muniz,1,0.22778496188229422
25,Jordan Fisher,1,0.2277849885169461
25,Lindsey Stirling,1,0.2277849778722154
25,Nick Lachey,1,0.01677961019574621
25,Nikki Bella,1,0.008599210461506935
25,Sasha Pieterse,1,0.0
25,Terrell Owens,1,0.020391174456444713
25,Vanessa Lachey,1,0.0
25,Victoria Arlen,1,0.030635304805823587
25,Barbara Corcoran,2,0.0
25,Debbie Gibson,2,0.0
25,Derek Fisher,2,0.012752232064831441
25,Drew Scott,2,0.22782397107206562
25,Frankie Muniz,2,0.22782400646218345
25,Jordan Fisher,2,0.22782392846142946
25,Lindsey Stirling,2,0.22782396102535066
25,Nick Lachey,2,0.016414853567923705
25,Nikki Bella,2,0.008486540413397867
25,Sasha Pieterse,2,2.5635997111115734e-17
25,Terrell Owens,2,0.020420191712677224
25,Vanessa Lachey,2,0.0
25,Victoria Arlen,2,0.030630315220140876
25,Derek Fisher,3,0.010610186603592616
25,Drew Scott,3,0.2284055200186258
25,Frankie Muniz,3,0.22840546478416296
25,Jordan Fisher,3,0.22840558316029122
25,Lindsey Stirling,3,0.22840553590027773
25,Nick Lachey,3,0.016861031728136175
25,Nikki Bella,3,0.006515078535082448
25,Sasha Pieterse,3,6.309706823984416e-18
25,Terrell Owens,3,0.021187190800275098
25,Vanessa Lachey,3,5.848693637484932e-17
25,Victoria Arlen,3,0.031204408469556043
25,Derek Fisher,4,0.008621500627923481
25,Drew Scott,4,0.22904859962235113
25,Frankie Muniz,4,0.22904866912017371
25,Jordan Fisher,4,0.22904852262083966
25,Lindsey Stirling,4,0.2290485805587245
25,Nick Lachey,4,0.01722746359053098
25,Nikki Bella,4,0.004613220021465319
25,Sasha Pieterse,4,7.2913888089591355e-06
25,Terrell Owens,4,0.02175338384817206
25,Vanessa Lachey,4,7.291388808860145e-06
25,Victoria Arlen,4,0.031575477212201386
25,Drew Scott,5,0.23048951695664827
25,Frankie Muniz,5,0.23048944019066664
25,Jordan Fisher,5,0.23048959770978125
25,Lindsey Stirling,5,0.23048953843693468
25,Nick Lachey,5,0.017859039978423592
25,Nikki Bella,5,0.0036084005543480613
25,Sasha Pieterse,5,3.2044784373603415e-17
25,Terrell Owens,5,0.023175889987737713
25,Vanessa Lachey,5,0.00022836544598124836
25,Victoria Arlen,5,0.03317021073947841
25,Drew Scott,6,0.23113737555718145
25,Frankie Muniz,6,0.23113745177002984
25,Jordan Fisher,6,0.23113729778435335
25,Lindsey Stirling,6,0.23113735458284015
25,Nick Lachey,6,0.016041878962810598
25,Nikki Bella,6,0.0016297459027502343
25,Terrell Owens,6,0.02417400964130492
25,Vanessa Lachey,6,4.467774058486173e-17
25,Victoria Arlen,6,0.033604885798729243
25,Drew Scott,7,0.23386204356993912
25,Frankie Muniz,7,0.23386197539274348
25,Jordan Fisher,7,0.23386210976465593
25,Lindsey Stirling,7,0.23386206296958864
25,Nikki Bella,7,0.0016175367769180615
25,Terrell Owens,7,0.02696998151637406
25,Vanessa Lachey,7,5.482677817353984e-17
25,Victoria Arlen,7,0.035964290009780665
25,Drew Scott,8,0.2364009195358698
25,Frankie Muniz,8,0.23640097327991472
25,Jordan Fisher,8,0.23640086882872596
25,Lindsey Stirling,8,0.2364009048473269
25,Terrell Owens,8,0.016065675722965144
25,Victoria Arlen,8,0.03833065778519742
25,Drew Scott,9,0.2412917387807919
25,Frankie Muniz,9,0.24129170444913003
25,Jordan Fisher,9,0.24129176938741037
25,Lindsey Stirling,9,0.2412917482772142
25,Victoria Arlen,9,0.03483303910545357
25,Drew Scott,10,0.2500000004843272
25,Frankie Muniz,10,0.2500000122233522
25,Jordan Fisher,10,0.24999998968604398
25,Lindsey Stirling,10,0.24999999760627659
26,Adam Rippon,1,0.31095633797534006
26,Arike Ogunbowale,1,0.0
26,Chris Mazdzer,1,0.015980023732065203
26,Jamie Anderson,1,0.0
26,Jennie Finch Daigle,1,0.0289518981784749
26,Johnny Damon,1,0.0
26,Josh Norman,1,0.310956073109748
26,Kareem Abdul-Jabbar,1,0.02219743825945236
26,Mirai Nagasu,1,0.0
26,Tonya Harding,1,0.31095822874491963
26,Adam Rippon,2,0.3124944891043381
26,Arike Ogunbowale,2,0.0
26,Chris Mazdzer,2,0.017158784746205503
26,Jennie Finch Daigle,2,0.03024289689574189
26,Josh Norman,2,0.3124951198569503
26,Kareem Abdul-Jabbar,2,0.015118778218111743
26,Mirai Nagasu,2,0.0
26,Tonya Harding,2,0.31248993117865265
26,Adam Rippon,3,0.3205556382786338
26,Chris Mazdzer,3,0.012627399242138347
26,Jennie Finch Daigle,3,0.025701760773529744
26,Josh Norman,3,0.32055501679773474
26,Mirai Nagasu,3,2.445979105614655e-17
26,Tonya Harding,3,0.32056018490796334
26,Adam Rippon,4,0.33333387553448407
26,Josh Norman,4,0.3333341293725285
26,Tonya Harding,4,0.3333319950929875
27,Alexis Ren,1,0.19507623144535574
27,Bobby Bones,1,0.19507623173762198
27,Danelle Umstead,1,0.00010069188327902075
27,DeMarcus Ware,1,0.0393388246124199
27,Evanna Lynch,1,0.19507623156614914
27,Joe Amabile,1,0.10980937450538085
27,John Schneider,1,0.04938820395969669
27,Juan Pablo Di Pace,1,0.019511345333289992
27,Mary Lou Retton,1,0.00020144130405429166
27,Milo Manheim,1,0.19507623197900237
27,Nancy McKeon,1,0.0008798936098307348
27,Nikki Glaser,1,0.00022634242116463857
27,Tinashe,1,0.00023895564275467035
27,Alexis Ren,2,0.19509585722428216
27,Bobby Bones,2,0.19509585727093343
27,Danelle Umstead,2,0.00010476902236702326
27,DeMarcus Ware,2,0.039383184707763086
27,Evanna Lynch,2,0.19509585648322073
27,Joe Amabile,2,0.10984130518406612
27,John Schneider,2,0.049453840688850746
27,Juan Pablo Di Pace,2,0.019517607354247728
27,Mary Lou Retton,2,0.00015181964440711795
27,Milo Manheim,2,0.19509585561834664
27,Nancy McKeon,2,0.0008881367403991233
27,Tinashe,2,0.0002759100611160951
27,Alexis Ren,3,0.19511486923259588
27,Bobby Bones,3,0.19511486974858513
27,DeMarcus Ware,3,0.03949232634763997
27,Evanna Lynch,3,0.19511487006469708
27,Joe Amabile,3,0.10995261933122683
27,John Schneider,3,0.04953335821679289
27,Juan Pablo Di Pace,3,0.019460727151028232
27,Mary Lou Retton,3,5.610486773213759e-05
27,Milo Manheim,3,0.19511487169065708
27,Nancy McKeon,3,0.0009047897049199308
27,Tinashe,3,0.00014059364412489567
27,Alexis Ren,4,0.19520355656123264
27,Bobby Bones,4,0.19520355652781904
27,DeMarcus Ware,4,0.039710237551909784
27,Evanna Lynch,4,0.19520355550628662
27,Joe Amabile,4,0.11011253640246428
27,John Schneider,4,0.04976770881628912
27,Juan Pablo Di Pace,4,0.019595295023188998
27,Mary Lou Retton,4,1.404307833728649e-16
27,Milo Manheim,4,0.1952035536108096
27,Tinashe,4,7.403331909074474e-17
27,Alexis Ren,5,0.20101536557003524
27,Bobby Bones,5,0.201015366167897
27,DeMarcus Ware,5,0.030899715928129068
27,Evanna Lynch,5,0.20101536644170517
27,Joe Amabile,5,0.09582174104752192
27,John Schneider,5,0.05028359910902449
27,Juan Pablo Di Pace,5,0.01891166644553691
27,Mary Lou Retton,5,2.181062401713885e-05
27,Milo Manheim,5,0.20101536866613315
27,Alexis Ren,6,0.20683947639026135
27,Bobby Bones,6,0.20683947628606109
27,DeMarcus Ware,6,0.022148740083862743
27,Evanna Lynch,6,0.20683947550237738
27,Joe Amabile,6,0.08161801010221677
27,John Schneider,6,0.05068975290319725
27,Juan Pablo Di Pace,6,0.018185595067674656
27,Mary Lou Retton,6,5.316048253443311e-17
27,Milo Manheim,6,0.20683947366434888
27,Alexis Ren,7,0.2154694921441964
27,Bobby Bones,7,0.21546949274825491
27,DeMarcus Ware,7,0.016277822135391983
27,Evanna Lynch,7,0.2154694926147524
27,Joe Amabile,7,0.07034336338918296
27,John Schneider,7,0.031183502921216185
27,Juan Pablo Di Pace,7,0.020317339751410073
27,Milo Manheim,7,0.21546949429559517
27,Alexis Ren,8,0.2300172136567695
27,Bobby Bones,8,0.2300172136421502
27,Evanna Lynch,8,0.23001721326308505
27,Joe Amabile,8,0.06504795636076083
27,Juan Pablo Di Pace,8,0.014883190710358277
27,Milo Manheim,8,0.23001721236687617
27,Alexis Ren,9,0.24999999976799275
27,Bobby Bones,9,0.25000000014067103
27,Evanna Lynch,9,0.24999999989338442
27,Milo Manheim,9,0.2500000001979518
28,Ally Brooke,1,0.221748603910886
28,Hannah Brown,1,0.2217486035746338
28,James Van Der Beek,1,0.0
28,Karamo Brown,1,0.016208867779485624
28,Kate Flannery,1,0.004432325872726111
28,Kel Mitchell,1,0.22174860385570985
28,Lamar Odom,1,0.03170137262858665
28,Lauren Alaina,1,0.22174860403807048
28,Mary Wilson,1,0.0
28,Ray Lewis,1,1.7787691892340307e-17
28,Sailor Brinkley-Cook,1,8.05020113070487e-18
28,Sean Spicer,1,0.06066301833990192
28,Ally Brooke,2,0.22179539104473028
28,Hannah Brown,2,0.2217953904819084
28,James Van Der Beek,2,0.0
28,Karamo Brown,2,0.01601252351380798
28,Kate Flannery,2,0.004132837377584169
28,Kel Mitchell,2,0.221795390719626
28,Lamar Odom,2,0.031921723427730496
28,Lauren Alaina,2,0.2217953905193089
28,Mary Wilson,2,1.8353878899119347e-17
28,Ray Lewis,2,8.235754649387411e-17
28,Sailor Brinkley-Cook,2,1.6398557858843255e-18
28,Sean Spicer,2,0.06075135291530392
28,Ally Brooke,3,0.22214668200011722
28,Hannah Brown,3,0.22214668140216123
28,James Van Der Beek,3,0.0
28,Karamo Brown,3,0.016337780637955213
28,Kate Flannery,3,0.004662639842783586
28,Kel Mitchell,3,0.22214668190315087
28,Lamar Odom,3,0.029097533279798873
28,Lauren Alaina,3,0.2221466822673139
28,Sailor Brinkley-Cook,3,0.0
28,Sean Spicer,3,0.06131531866671908
28,Ally Brooke,4,0.22253761645354855
28,Hannah Brown,4,0.22253761643776337
28,James Van Der Beek,4,0.0
28,Karamo Brown,4,0.01678575640344118
28,Kate Flannery,4,0.00489104752496007
28,Kel Mitchell,4,0.22253761652076093
28,Lamar Odom,4,0.02619127761645519
28,Lauren Alaina,4,0.22253761636628341
28,Sailor Brinkley-Cook,4,0.0
28,Sean Spicer,4,0.06198145267678739
28,Ally Brooke,5,0.22584686061228293
28,Hannah Brown,5,0.2258468596331903
28,James Van Der Beek,5,0.0014505832059221228
28,Karamo Brown,5,0.020066571827893297
28,Kate Flannery,5,0.008259479967509439
28,Kel Mitchell,5,0.22584686023969067
28,Lauren Alaina,5,0.22584686037067805
28,Sailor Brinkley-Cook,5,0.0014171270087053906
28,Sean Spicer,5,0.06541879713412785
28,Ally Brooke,6,0.22620851035831685
28,Hannah Brown,6,0.22620851040640924
28,James Van Der Beek,6,0.0
28,Karamo Brown,6,0.0202681889069349
28,Kate Flannery,6,0.00873814616028146
28,Kel Mitchell,6,0.2262085104328964
28,Lauren Alaina,6,0.22620851043251713
28,Sailor Brinkley-Cook,6,0.0
28,Sean Spicer,6,0.06615962330264419
28,Ally Brooke,7,0.22864426860627254
28,Hannah Brown,7,0.2286442679736201
28,James Van Der Beek,7,0.0
28,Karamo Brown,7,0.005526309366692742
28,Kate Flannery,7,0.011166796256902237
28,Kel Mitchell,7,0.22864426828143034
28,Lauren Alaina,7,0.22864426850825834
28,Sean Spicer,7,0.06872982100682394
28,Ally Brooke,8,0.23179959383990972
28,Hannah Brown,8,0.2317995933573254
28,James Van Der Beek,8,0.00042719156319099866
28,Kate Flannery,8,0.0
28,Kel Mitchell,8,0.23179959377208698
28,Lauren Alaina,8,0.23179959356004745
28,Sean Spicer,8,0.07237443390743968
28,Ally Brooke,9,0.2343567887441621
28,Hannah Brown,9,0.2343567887579012
28,James Van Der Beek,9,0.0006454168671693913
28,Kel Mitchell,9,0.23435678887856465
28,Lauren Alaina,9,0.23435678922403996
28,Sean Spicer,9,0.06192742752816274
28,Ally Brooke,10,0.24729362022548437
28,Hannah Brown,10,0.24729361939637026
28,James Van Der Beek,10,0.0108255211536142
28,Kel Mitchell,10,0.24729361966720553
28,Lauren Alaina,10,0.2472936195573257
28,Ally Brooke,11,0.24999999994608393
28,Hannah Brown,11,0.24999999977645618
28,Kel Mitchell,11,0.25000000011886225
28,Lauren Alaina,11,0.2500000001585977
29,AJ McLean,1,5.2475385148298415e-17
29,Anne Heche,1,1.7801244419496376e-17
29,Carole Baskin,1,7.613132129921651e-18
29,Charles Oakley,1,6.776263578034403e-18
29,Chrishell Stause,1,0.00011586099847829187
29,Jeannie Mai,1,0.0
29,Jesse Metcalfe,1,0.0
29,Johnny Weir,1,2.677979366039196e-17
29,Justina Machado,1,0.24346036458744658
29,Kaitlyn Bristowe,1,0.2434603692634436
29,Monica Aldama,1,7.535205098774256e-18
29,Nelly,1,0.2434604046445463
29,Nev Schulman,1,0.2434603980898832
29,Skai Jackson,1,0.025966712250046133
29,Veron Davis,1,7.589016615588154e-05
29,AJ McLean,2,0.00015891654332474928
29,Anne Heche,2,1.0503208545953324e-17
29,Carole Baskin,2,9.18861341181465e-18
29,Charles Oakley,2,3.504224035644644e-05
29,Chrishell Stause,2,0.0
29,Jeannie Mai,2,8.567682469449477e-05
29,Jesse Metcalfe,2,9.31376476741295e-05
29,Johnny Weir,2,8.664422581662558e-05
29,Justina Machado,2,0.24339354337481334
29,Kaitlyn Bristowe,2,0.2433935269298098
29,Monica Aldama,2,0.0001656765268014246
29,Nelly,2,0.24339342393415953
29,Nev Schulman,2,0.24339344405854646
29,Skai Jackson,2,0.025772927365047285
29,Veron Davis,2,2.8040328955598556e-05
29,AJ McLean,3,0.00010288661245163103
29,Anne Heche,3,0.0
29,Carole Baskin,3,2.1338454007230334e-17
29,Chrishell Stause,3,7.764278712292085e-05
29,Jeannie Mai,3,6.105999575219481e-06
29,Jesse Metcalfe,3,1.452830911130576e-17
29,Johnny Weir,3,5.183841637196318e-17
29,Justina Machado,3,0.24344906268562827
29,Kaitlyn Bristowe,3,0.24344909182402713
29,Monica Aldama,3,0.0
29,Nelly,3,0.24344924986716018
29,Nev Schulman,3,0.24344921890471202
29,Skai Jackson,3,0.025764233976896655
29,Veron Davis,3,0.00025250734242601095
29,AJ McLean,4,0.00015931607621783673
29,Anne Heche,4,0.0
29,Chrishell Stause,4,1.8783802638311364e-17
29,Jeannie Mai,4,1.8402274887341098e-05
29,Jesse Metcalfe,4,1.4460546475525415e-17
29,Johnny Weir,4,9.473216482092095e-18
29,Justina Machado,4,0.2434230179838771
29,Kaitlyn Bristowe,4,0.24342297370817445
29,Monica Aldama,4,0.0
29,Nelly,4,0.24342277683414942
29,Nev Schulman,4,0.24342281735454524
29,Skai Jackson,4,0.026024644481575338
29,Veron Davis,4,0.00010605128657301683
29,AJ McLean,5,6.378762358476178e-06
29,Chrishell Stause,5,0.00010507743350138388
29,Jeannie Mai,5,1.43589025218549e-17
29,Jesse Metcalfe,5,1.9417257071622287e-05
29,Johnny Weir,5,0.0
29,Justina Machado,5,0.24345363917125698
29,Kaitlyn Bristowe,5,0.24345369400482625
29,Monica Aldama,5,8.030080301807115e-05
29,Nelly,5,0.2434539146273541
29,Nev Schulman,5,0.24345386865384402
29,Skai Jackson,5,0.02597370928676901
29,Veron Davis,5,2.017971293538645e-17
29,AJ McLean,6,4.6783323742749516e-17
29,Chrishell Stause,6,2.854758487919547e-17
29,Jeannie Mai,6,8.078648115445585e-18
29,Johnny Weir,6,3.2343106057958204e-17
29,Justina Machado,6,0.24347725657018657
29,Kaitlyn Bristowe,6,0.24347719618677116
29,Monica Aldama,6,2.054977216594503e-17
29,Nelly,6,0.24347696630260357
29,Nev Schulman,6,0.2434770149762547
29,Skai Jackson,6,0.026091565964183813
29,Veron Davis,6,0.0
29,AJ McLean,7,3.415236843329339e-17
29,Chrishell Stause,7,1.5490538539386645e-17
29,Jeannie Mai,7,1.698639872423774e-17
29,Johnny Weir,7,4.323256162785949e-17
29,Justina Machado,7,0.2442343214530202
29,Kaitlyn Bristowe,7,0.2442343785046648
29,Monica Aldama,7,8.876905287225068e-18
29,Nelly,7,0.24423460042753742
29,Nev Schulman,7,0.24423455356926693
29,Skai Jackson,7,0.023062146045510535
29,AJ McLean,8,1.823357003577497e-16
29,Chrishell Stause,8,3.642919299551295e-17
29,Johnny Weir,8,1.4799359654427136e-17
29,Justina Machado,8,0.24496967398231667
29,Kaitlyn Bristowe,8,0.24496962532283098
29,Nelly,8,0.24496942594816584
29,Nev Schulman,8,0.24496946835115352
29,Skai Jackson,8,0.020121806395532744
29,AJ McLean,9,2.474691458698164e-17
29,Johnny Weir,9,4.887041292478411e-17
29,Justina Machado,9,0.24566616947874934
29,Kaitlyn Bristowe,9,0.24566620363032357
29,Nelly,9,0.24566636454599666
29,Nev Schulman,9,0.24566633118519685
29,Skai Jackson,9,0.017334931159733315
29,Johnny Weir,10,3.933839756093902e-17
29,Justina Machado,10,0.24638792838242557
29,Kaitlyn Bristowe,10,0.24638790844833647
29,Nelly,10,0.2463878035598297
29,Nev Schulman,10,0.2463878250384153
29,Skai Jackson,10,0.014448534570992962
29,Justina Machado,11,0.24999997947810232
29,Kaitlyn Bristowe,11,0.24999998515270577
29,Nelly,11,0.2500000212185054
29,Nev Schulman,11,0.25000001415068657
30,Amanda Kloots,1,0.23510927026490652
30,Brian Austin Green,1,0.01553315255274723
30,Christine Chiu,1,3.18242801518231e-05
30,Cody Rigsby,1,0.23535059041051215
30,Iman Shumpert,1,0.2408512622607134
30,Jimmie Allen,1,0.008951301381050806
30,JoJo Siwa,1,0.23510927017493105
30,Kenya Moore,1,1.212261025887737e-05
30,Martin Kove,1,0.000317619217343433
30,Matt James,1,0.007723791705830009
30,Melanie C,1,4.7625187172998216e-05
30,Melora Hardin,1,5.366203326359619e-05
30,"Mike ""The Miz"" Mizanin",1,0.02042900094959603
30,Olivia Jade,1,1.5726298950142058e-05
30,Suni Lee,1,0.0004637806725720504
30,Amanda Kloots,2,0.23517475520982134
30,Brian Austin Green,2,0.015498673917086722
30,Christine Chiu,2,2.6250935499889693e-05
30,Cody Rigsby,2,0.23545306875877947
30,Iman Shumpert,2,0.24084126522631477
30,Jimmie Allen,2,0.008833493265630208
30,JoJo Siwa,2,0.2351747550418119
30,Kenya Moore,2,1.2401653620509932e-05
30,Martin Kove,2,0.00032844154457753114
30,Matt James,2,0.00769856559970839
30,Melanie C,2,0.00011191456623176764
30,Melora Hardin,2,5.6845367595883314e-05
30,"Mike ""The Miz"" Mizanin",2,0.020480214761046223
30,Olivia Jade,2,1.501163114062577e-05
30,Suni Lee,2,0.00029434252113462857
30,Amanda Kloots,3,0.23518167126134232
30,Brian Austin Green,3,0.01559552228876134
30,Christine Chiu,3,1.531754658923235e-19
30,Cody Rigsby,3,0.23540684086563407
30,Iman Shumpert,3,0.24103560083446607
30,Jimmie Allen,3,0.009018081488379537
30,JoJo Siwa,3,0.23518167114711414
30,Kenya Moore,3,1.7024584247852611e-06
30,Matt James,3,0.007765544660124816
30,Melanie C,3,3.409997768002487e-18
30,Melora Hardin,3,2.778825367998108e-05
30,"Mike ""The Miz"" Mizanin",3,0.02064040564941415
30,Olivia Jade,3,1.3789772725855619e-17
30,Suni Lee,3,0.00014517109265878801
30,Amanda Kloots,4,0.23581096375491845
30,Brian Austin Green,4,0.013771778339188438
30,Cody Rigsby,4,0.23608012526998864
30,Iman Shumpert,4,0.24157779529638773
30,Jimmie Allen,4,0.009601116975155335
30,JoJo Siwa,4,0.2358109636857655
30,Kenya Moore,4,5.949303763945597e-06
30,Matt James,4,0.00560053883400807
30,Melanie C,4,1.893431411698307e-18
30,Melora Hardin,4,7.964587454975429e-18
30,"Mike ""The Miz"" Mizanin",4,0.021458132001097717
30,Olivia Jade,4,1.3123432534848158e-17
30,Suni Lee,4,0.0002826365397261894
30,Amanda Kloots,5,0.2382946228119156
30,Cody Rigsby,5,0.23854041953801708
30,Iman Shumpert,5,0.24394474513346964
30,Jimmie Allen,5,0.012051071843315685
30,JoJo Siwa,5,0.23829462264994153
30,Kenya Moore,5,0.0011483562328503652
30,Melanie C,5,1.5805517250331758e-17
30,Melora Hardin,5,0.0006878123665912642
30,"Mike ""The Miz"" Mizanin",5,0.024172283964526135
30,Olivia Jade,5,0.0007709316727238132
30,Suni Lee,5,0.0020951337866488297
30,Amanda Kloots,6,0.2394894744932089
30,Cody Rigsby,6,0.23973263063957465
30,Iman Shumpert,6,0.24513481993016534
30,Jimmie Allen,6,0.01102850219938502
30,JoJo Siwa,6,0.23948947439558277
30,Kenya Moore,6,0.00100585817303459
30,Melora Hardin,6,0.0003239625606779791
30,"Mike ""The Miz"" Mizanin",6,0.020827716419079427
30,Olivia Jade,6,0.00037452967684796365
30,Suni Lee,6,0.0025930315124433915
30,Amanda Kloots,7,0.24078817469871694
30,Cody Rigsby,7,0.24105676893653927
30,Iman Shumpert,7,0.24668023193272695
30,Jimmie Allen,7,0.009730279368760426
30,JoJo Siwa,7,0.24078817457240528
30,Melora Hardin,7,3.678071979350132e-05
30,"Mike ""The Miz"" Mizanin",7,0.017598952051617697
30,Olivia Jade,7,5.323872375894582e-18
30,Suni Lee,7,0.0033206377194398957
30,Amanda Kloots,8,0.24411710186929206
30,Cody Rigsby,8,0.24435303739441955
30,Iman Shumpert,8,0.24987925316638931
30,Jimmie Allen,8,0.010441973595883497
30,JoJo Siwa,8,0.24411710178279314
30,Melora Hardin,8,0.0014037980685482428
30,Olivia Jade,8,0.0008060219354123513
30,Suni Lee,8,0.004881712187261925
30,Amanda Kloots,9,0.24663367776548092
30,Cody Rigsby,9,0.24689311984899032
30,Iman Shumpert,9,0.25232836283079674
30,JoJo Siwa,9,0.2466336776279958
30,Melora Hardin,9,0.0020511857137465316
30,Suni Lee,9,0.0054599762129897075
30,Amanda Kloots,10,0.24850475384247417
30,Cody Rigsby,10,0.24875238664135663
30,Iman Shumpert,10,0.2542381057782614
30,JoJo Siwa,10,0.24850475373790792
31,Charli D'Amelio,1,0.23889419893916727
31,Cheryl Ladd,1,0.011251201704055205
31,Daniel Durant,1,0.005191684847041306
31,Gabby Windey,1,0.23889419767594539
31,Heidi D'Amelio,1,1.8602592594040532e-05
31,Jason Lewis,1,7.261699843167684e-06
31,Jessie James Decker,1,3.6337360567213934e-06
31,Jordin Sparks,1,2.0036880170236756e-05
31,Joseph Baena,1,6.512453875279736e-06
31,Sam Champion,1,0.0038985798066699493
31,Selma Blair,1,6.408680244705697e-06
31,Shangela,1,0.23889419844092058
31,Teresa Giudice,1,7.982512453331108e-06
31,Trevor Donovan,1,6.327750259036151e-05
31,Vinny Guadagnino,1,0.02394802299299436
31,Wayne Brady,1,0.2388941995353784
31,Charli D'Amelio,2,0.23889712797057183
31,Cheryl Ladd,2,0.011309301220311718
31,Daniel Durant,2,0.0051467419490521015
31,Gabby Windey,2,0.23889713304681906
31,Heidi D'Amelio,2,6.033264370797516e-06
31,Jessie James Decker,2,4.4037064909677246e-17
31,Jordin Sparks,2,2.621875432759109e-05
31,Joseph Baena,2,2.4943420089267015e-17
31,Sam Champion,2,0.003841731946899983
31,Selma Blair,2,2.108845686426555e-17
31,Shangela,2,0.23889713053261735
31,Teresa Giudice,2,3.531509035416986e-17
31,Trevor Donovan,2,7.998374671898525e-06
31,Vinny Guadagnino,2,0.024073455467590314
31,Wayne Brady,2,0.2388971274727677
31,Charli D'Amelio,3,0.2391136789050769
31,Cheryl Ladd,3,0.009798756337139287
31,Daniel Durant,3,0.005471665463240819
31,Gabby Windey,3,0.23911367189998162
31,Heidi D'Amelio,3,1.6976479771852265e-06
31,Jessie James Decker,3,2.3247258845736917e-17
31,Jordin Sparks,3,3.74952112917037e-06
31,Joseph Baena,3,3.2713840226558736e-17
31,Sam Champion,3,0.004002566735946197
31,Selma Blair,3,6.1395034768712485e-06
31,Shangela,3,0.2391136757225434
31,Trevor Donovan,3,4.0084372038893955e-17
31,Vinny Guadagnino,3,0.024260718778294325
31,Wayne Brady,3,0.23911367948519446
31,Charli D'Amelio,4,0.24024949500003165
31,Daniel Durant,4,0.0068457639405338794
31,Gabby Windey,4,0.2402495048884453
31,Heidi D'Amelio,4,0.0003441943009191988
31,Jessie James Decker,4,0.000352424930427055
31,Jordin Sparks,4,0.0003892262339688777
31,Joseph Baena,4,0.00027101547268263294
31,Sam Champion,4,0.0044218593021150875
31,Selma Blair,4,0.00057051990405514
31,Shangela,4,0.240249499711603
31,Trevor Donovan,4,0.000333762171852498
31,Vinny Guadagnino,4,0.025473237705566112
31,Wayne Brady,4,0.24024949643779958
31,Charli D'Amelio,5,0.24102882536286938
31,Daniel Durant,5,0.007781644878636889
31,Gabby Windey,5,0.24102881487892236
31,Heidi D'Amelio,5,0.00032469139745716006
31,Jessie James Decker,5,0.00016717907537282261
31,Jordin Sparks,5,0.00030835521011093365
31,Joseph Baena,5,7.784562165949493e-18
31,Selma Blair,5,0.0007553428191834997
31,Shangela,5,0.2410288207784264
31,Trevor Donovan,5,0.0001763549696925391
31,Vinny Guadagnino,5,0.026371148394500887
31,Wayne Brady,5,0.24102882223482722
31,Charli D'Amelio,6,0.24163336722288076
31,Daniel Durant,6,0.006336786525194515
31,Gabby Windey,6,0.2416333787945216
31,Heidi D'Amelio,6,4.0333434744861104e-05
31,Jessie James Decker,6,7.040993631153408e-17
31,Jordin Sparks,6,4.772420060293978e-05
31,Shangela,6,0.24163337249584937
31,Trevor Donovan,6,2.2661062918889478e-05
31,Vinny Guadagnino,6,0.02701900323013187
31,Wayne Brady,6,0.24163337303315524
31,Charli D'Amelio,7,0.24264763707963086
31,Daniel Durant,7,0.00537972117332628
31,Gabby Windey,7,0.2426476271181122
31,Heidi D'Amelio,7,3.019083934147792e-05
31,Jordin Sparks,7,6.741633146671873e-05
31,Shangela,7,0.2426476328864702
31,Trevor Donovan,7,4.2540325800290794e-05
31,Vinny Guadagnino,7,0.02388960376806574
31,Wayne Brady,7,0.24264763047778645
31,Charli D'Amelio,8,0.24367192247573066
31,Daniel Durant,8,0.004483318211541173
31,Gabby Windey,8,0.24367193122277447
31,Heidi D'Amelio,8,6.130950134148767e-17
31,Shangela,8,0.24367192637330337
31,Trevor Donovan,8,1.1762848907365794e-05
31,Vinny Guadagnino,8,0.020817209485451637
31,Wayne Brady,8,0.2436719293822914
31,Charli D'Amelio,9,0.24787747866512871
31,Daniel Durant,9,0.006446601646465465
31,Gabby Windey,9,0.24787747354611156
31,Shangela,9,0.24787747663872434
31,Trevor Donovan,9,0.0020434954680694185
31,Wayne Brady,9,0.24787747403550042
31,Charli D'Amelio,10,0.24999999860729244
31,Gabby Windey,10,0.25000000094506664
31,Shangela,10,0.24999999978103962
31,Wayne Brady,10,0.25000000066660133
32,Adrian Peterson,1,0.00986643251905832
32,Alyson Hannigan,1,0.1700767143615153
32,Ariana Madix,1,0.16989881176182234
32,Barry Williams,1,0.03055768121809338
32,Charity Lawson,1,0.16989881167115906
32,Harry Jowsey,1,0.07013913596685195
32,Jamie Lynn Spears,1,2.150710018957509e-05
32,Jason Mraz,1,0.16989881183505456
32,Lele Pons,1,1.5871885446138886e-05
32,Matt Walsh,1,8.948933707729004e-06
32,Mauricio Umansky,1,0.039308992198788244
32,Mira Sorvino,1,0.00040946871270272406
32,Tyson Beckford,1,1.0929159023773231e-16
32,Xochitl Gomez,1,0.16989881183561067
32,Adrian Peterson,2,0.009699513743999967
32,Alyson Hannigan,2,0.1700835002296457
32,Ariana Madix,2,0.16986805565495958
32,Barry Williams,2,0.030558862437516633
32,Charity Lawson,2,0.1698680552283869
32,Harry Jowsey,2,0.07040039511541901
32,Jamie Lynn Spears,2,9.054158932956346e-17
32,Jason Mraz,2,0.1698680554200985
32,Lele Pons,2,3.615502177053083e-05
32,Mauricio Umansky,2,0.039111278449883206
32,Mira Sorvino,2,0.0006380733283677415
32,Tyson Beckford,2,3.231302096766328e-17
32,Xochitl Gomez,2,0.1698680553699524
32,Adrian Peterson,3,0.006433928414435252
32,Alyson Hannigan,3,0.17085467179362196
32,Ariana Madix,3,0.17069093402637886
32,Barry Williams,3,0.03148444919807373
32,Charity Lawson,3,0.17069093402608174
32,Harry Jowsey,3,0.07124644084155764
32,Jason Mraz,3,0.17069093430462712
32,Lele Pons,3,0.00013743219026972396
32,Mauricio Umansky,3,0.03529593686979485
32,Mira Sorvino,3,0.0017589973949960222
32,Tyson Beckford,3,2.440680858810681e-05
32,Xochitl Gomez,3,0.17069093413157507
32,Adrian Peterson,4,0.0030848197965646145
32,Alyson Hannigan,4,0.17178003079658122
32,Ariana Madix,4,0.17157732463145436
32,Barry Williams,4,0.03219764559336343
32,Charity Lawson,4,0.17157732419526342
32,Harry Jowsey,4,0.07218764995382157
32,Jason Mraz,4,0.17157732430478723
32,Lele Pons,4,2.280884434674687e-17
32,Mauricio Umansky,4,0.03140957734821102
32,Mira Sorvino,4,0.003030978926680041
32,Xochitl Gomez,4,0.17157732445327312
32,Alyson Hannigan,5,0.17296317169314934
32,Ariana Madix,5,0.17278545208060814
32,Barry Williams,5,0.03182255477567236
32,Charity Lawson,5,0.17278545218273242
32,Harry Jowsey,5,0.07328401953742003
32,Jason Mraz,5,0.172785452311478
32,Lele Pons,5,4.9344178907694954e-05
32,Mauricio Umansky,5,0.027855016046498135
32,Mira Sorvino,5,0.0028840849851369506
32,Xochitl Gomez,5,0.17278545220839703
32,Alyson Hannigan,6,0.17408509401901143
32,Ariana Madix,6,0.17390500819221952
32,Barry Williams,6,0.03155078978931436
32,Charity Lawson,6,0.17390500763633734
32,Harry Jowsey,6,0.074431029864133
32,Jason Mraz,6,0.17390500792228303
32,Lele Pons,6,3.126601566281145e-17
32,Mauricio Umansky,6,0.024313054707926635
32,Xochitl Gomez,6,0.17390500786877475
32,Alyson Hannigan,7,0.17796786234100812
32,Ariana Madix,7,0.17776697390080354
32,Barry Williams,7,0.03293554772732864
32,Charity Lawson,7,0.17776697388277457
32,Harry Jowsey,7,0.07802869438730088
32,Jason Mraz,7,0.1777669738968911
32,Lele Pons,7,7.341350861055343e-17
32,Xochitl Gomez,7,0.17776697386389329
32,Alyson Hannigan,8,0.18069665219048509
32,Ariana Madix,8,0.18054500931511497
32,Barry Williams,8,0.01637049671331218
32,Charity Lawson,8,0.18054500899613157
32,Harry Jowsey,8,0.08075281415822978
32,Jason Mraz,8,0.18054500924054617
32,Xochitl Gomez,8,0.18054500938618018
32,Alyson Hannigan,9,0.18584444276112477
32,Ariana Madix,9,0.18563685288916487
32,Charity Lawson,9,0.18563685270076086
32,Harry Jowsey,9,0.07160814618296775
32,Jason Mraz,9,0.18563685276756373
32,Xochitl Gomez,9,0.18563685269841798
32,Alyson Hannigan,10,0.20012959961950919
32,Ariana Madix,10,0.19996760022179866
32,Charity Lawson,10,0.19996759988775636
32,Jason Mraz,10,0.19996760015627163
32,Xochitl Gomez,10,0.19996760011466413
32,Alyson Hannigan,11,0.2001460822486049
32,Ariana Madix,11,0.19996347951062876
32,Charity Lawson,11,0.19996347933594213
32,Jason Mraz,11,0.19996347939828918
32,Xochitl Gomez,11,0.19996347950653495
33,Anna Delvey,1,0.0
33,Brooks Nader,1,0.0001026887770355714
33,Chandler Kinney,1,0.18209049474694047
33,Danny Amendola,1,0.18209049566982854
33,Dwight Howard ,1,0.016657199466907562
33,Eric Roberts,1,0.03599842238197486
33,Ilona Maher,1,0.18288129444744758
33,Jenn Tran,1,5.622265890695144e-17
33,Joey Graziadei,1,0.18209048853289767
33,Phaedra Parks,1,8.348356728138384e-18
33,Reginald VelJohnson,1,0.035998422381974524
33,Stephen Nedoroscik,1,0.18209049359499327
33,Tori Spelling,1,2.7220250792964196e-17
33,Anna Delvey,2,0.0
33,Brooks Nader,2,6.589238703280653e-17
33,Chandler Kinney,2,0.1820265003123784
33,Danny Amendola,2,0.18202649770757567
33,Dwight Howard ,2,0.016772304902225765
33,Eric Roberts,2,0.036015762961759325
33,Ilona Maher,2,0.18309014899573134
33,Jenn Tran,2,7.802466566108985e-17
33,Joey Graziadei,2,0.182026518477535
33,Phaedra Parks,2,4.237549177124015e-17
33,Reginald VelJohnson,2,0.03601576296175989
33,Stephen Nedoroscik,2,0.18202650368103446
33,Tori Spelling,2,0.0
33,Brooks Nader,3,0.0
33,Chandler Kinney,3,0.18394377504825765
33,Danny Amendola,3,0.18394377836943002
33,Dwight Howard ,3,0.018463608690110885
33,Eric Roberts,3,0.030263256908533542
33,Ilona Maher,3,0.18490351713906497
33,Jenn Tran,3,5.1445393084437185e-17
33,Joey Graziadei,3,0.1839437479489104
33,Phaedra Parks,3,0.0003312893425155041
33,Reginald VelJohnson,3,0.030263256934380374
33,Stephen Nedoroscik,3,0.1839437696187967
33,Brooks Nader,4,0.0024966094920233547
33,Chandler Kinney,4,0.1916130901666099
33,Danny Amendola,4,0.19161308649579634
33,Dwight Howard ,4,0.026244887766925597
33,Ilona Maher,4,0.1924696901841454
33,Jenn Tran,4,0.0059696129108850575
33,Joey Graziadei,4,0.19161312289539933
33,Phaedra Parks,4,0.006366803030090495
33,Stephen Nedoroscik,4,0.19161309705812454
33,Chandler Kinney,5,0.19278170405125633
33,Danny Amendola,5,0.19278170723648225
33,Dwight Howard ,5,0.023727634222529905
33,Ilona Maher,5,0.19364749398169337
33,Jenn Tran,5,0.005518933614727016
33,Joey Graziadei,5,0.19278167030002227
33,Phaedra Parks,5,0.005979160455156954
33,Stephen Nedoroscik,5,0.19278169613813176
33,Chandler Kinney,6,0.19437264331621643
33,Danny Amendola,6,0.19437264085577818
33,Dwight Howard ,6,0.021551625616014796
33,Ilona Maher,6,0.19537903889393068
33,Jenn Tran,6,0.005578725576955351
33,Joey Graziadei,6,0.19437267448033155
33,Stephen Nedoroscik,6,0.19437265126077308
33,Chandler Kinney,7,0.1959766136913891
33,Danny Amendola,7,0.19597661502284716
33,Dwight Howard ,7,0.0191973893944197
33,Ilona Maher,7,0.1968961859376961
33,Joey Graziadei,7,0.19597658906543772
33,Stephen Nedoroscik,7,0.19597660688821028
33,Chandler Kinney,8,0.19984881595949905
33,Danny Amendola,8,0.19984881537618457
33,Ilona Maher,8,0.20060471636133592
33,Joey Graziadei,8,0.19984883185235627
33,Stephen Nedoroscik,8,0.19984882045062402
33,Chandler Kinney,9,0.19979469832789398
33,Danny Amendola,9,0.19979469837025593
33,Ilona Maher,9,0.20082121356224408
33,Joey Graziadei,9,0.19979469302087216
33,Stephen Nedoroscik,9,0.19979469671873384
34,Alix Earle,1,0.1830148324460328
34,Andy Richter,1,0.04616245695671293
34,Baron Davis,1,0.00026618443600857065
34,Corey Feldman,1,0.0002661844360085724
34,Danielle Fishel,1,0.01882305667464453
34,Dylan Efron,1,0.18301486238787223
34,Elaine Hendrix,1,0.18301483660692172
34,Hilaria Baldwin,1,0.00021389108630246064
34,Jen Affleck,1,0.0001749785867884811
34,Jordan Chiles,1,0.18301481209789963
34,Lauren Jauregui,1,5.692513050590347e-18
34,Robert Irwin,1,0.18301482604994024
34,Scott Hoying,1,0.01850912229288088
34,Whitney Leavitt,1,0.0005099559419869796
34,Alix Earle,2,0.18303720924144523
34,Andy Richter,2,0.04634567945543866
34,Baron Davis,2,0.00021484372143832197
34,Corey Feldman,2,0.00021484372143833243
34,Danielle Fishel,2,0.018727267955965368
34,Dylan Efron,2,0.1830371222894078
34,Elaine Hendrix,2,0.18303719708485217
34,Hilaria Baldwin,2,0.0002455652435140158
34,Jen Affleck,2,0.00013872467110192686
34,Jordan Chiles,2,0.1830372696468948
34,Lauren Jauregui,2,2.6382688112972655e-05
34,Robert Irwin,2,0.183037228368051
34,Scott Hoying,2,0.01847020662851198
34,Whitney Leavitt,2,0.00043045928382750995
34,Alix Earle,3,0.1830995344079757
34,Andy Richter,3,0.04660779368021424
34,Danielle Fishel,3,0.01870146316499767
34,Dylan Efron,3,0.18309967058146534
34,Elaine Hendrix,3,0.18309955331955652
34,Hilaria Baldwin,3,7.711675838290096e-05
34,Jen Affleck,3,0.0001255500039784288
34,Jordan Chiles,3,0.18309943768849674
34,Lauren Jauregui,3,7.35626793571376e-05
34,Robert Irwin,3,0.18309950216375717
34,Scott Hoying,3,0.018628057654437015
34,Whitney Leavitt,3,0.0002887578973811364
34,Alix Earle,4,0.18314285204411845
34,Andy Richter,4,0.04691245739214463
34,Danielle Fishel,4,0.018686650940531093
34,Dylan Efron,4,0.18314267818516386
34,Elaine Hendrix,4,0.18314282806956234
34,Hilaria Baldwin,4,2.4794587512019872e-17
34,Jen Affleck,4,9.105572523889226e-18
34,Jordan Chiles,4,0.1831429822166091
34,Robert Irwin,4,0.1831429002113367
34,Scott Hoying,4,0.01868665094053383
34,Whitney Leavitt,4,4.047455917429319e-18
34,Alix Earle,5,0.18455917254809276
34,Andy Richter,5,0.04352900979221959
34,Danielle Fishel,5,0.016427065340880363
34,Dylan Efron,5,0.18455936989568614
34,Elaine Hendrix,5,0.18455919933905773
34,Jen Affleck,5,0.00015259029370505705
34,Jordan Chiles,5,0.1845590155378464
34,Robert Irwin,5,0.18455910680910986
34,Scott Hoying,5,0.017053574145092613
34,Whitney Leavitt,5,4.189629830951296e-05
34,Alix Earle,6,0.185952694944722
34,Andy Richter,6,0.04022300000181588
34,Danielle Fishel,6,0.014382291018542229
34,Dylan Efron,6,0.18595249049137869
34,Elaine Hendrix,6,0.18595266748558345
34,Jen Affleck,6,0.00015821883398109545
34,Jordan Chiles,6,0.18595286862493512
34,Robert Irwin,6,0.1859527753862393
34,Scott Hoying,6,0.015459601766071106
34,Whitney Leavitt,6,1.3391446731136102e-05
34,Alix Earle,7,0.18889795495741077
34,Andy Richter,7,0.03836875113533728
34,Danielle Fishel,7,0.013871126559871425
34,Dylan Efron,7,0.18889814962417348
34,Elaine Hendrix,7,0.18889798075575864
34,Jen Affleck,7,0.001791055467270018
34,Jordan Chiles,7,0.18889778058800913
34,Robert Irwin,7,0.18889786812059495
34,Whitney Leavitt,7,0.001479332791574274
34,Alix Earle,8,0.1903490948755584
34,Andy Richter,8,0.03500682621941619
34,Danielle Fishel,8,0.011811978033809348
34,Dylan Efron,8,0.19034892559554678
34,Elaine Hendrix,8,0.1903490726021069
34,Jordan Chiles,8,0.1903492542950436
34,Robert Irwin,8,0.19034917857679998
34,Whitney Leavitt,8,0.0014356698017189116
34,Alix Earle,9,0.19301395679108788
34,Andy Richter,9,0.03226579750213399
34,Dylan Efron,9,0.19301408786685806
34,Elaine Hendrix,9,0.1930139737308761
34,Jordan Chiles,9,0.19301382815499563
34,Robert Irwin,9,0.1930138858534724
34,Whitney Leavitt,9,0.0026644701005759893
34,Alix Earle,10,0.19863457059401074
34,Dylan Efron,10,0.19863448761318256
34,Elaine Hendrix,10,0.19863455996318963
34,Jordan Chiles,10,0.1986346553934168
34,Robert Irwin,10,0.1986346192845351
34,Whitney Leavitt,10,0.006827107151665214
34,Alix Earle,11,0.2000000029803158
34,Dylan Efron,11,0.20000003143925896
34,Elaine Hendrix,11,0.20000000652639693
34,Jordan Chiles,11,0.19999997350076118
34,Robert Irwin,11,0.19999998555326717
