season,celebrity_name,week,p_est
1,Evander Holyfield,1,0.013717117775182554
1,Joey McIntyre,1,0.013488517992770106
1,John O'Hurley,1,0.48639027145941865
1,Kelly Monaco,1,0.4863987007547919
1,Rachel Hunter,1,5.392017836799805e-06
1,Trista Sutter,1,0.0
1,Evander Holyfield,2,0.013768051026193752
1,Joey McIntyre,2,0.013564523586576943
1,John O'Hurley,2,0.48634526434260555
1,Kelly Monaco,2,0.48632216104462384
1,Rachel Hunter,2,1.2163393122571753e-17
1,Trista Sutter,2,1.299009727909195e-17
1,Evander Holyfield,3,0.01109890381791562
1,Joey McIntyre,3,0.014550373426967035
1,John O'Hurley,3,0.4871594944814251
1,Kelly Monaco,3,0.4871912282736923
1,Rachel Hunter,3,2.87178050437098e-17
1,Joey McIntyre,4,0.018103550029981968
1,John O'Hurley,4,0.49096418232297895
1,Kelly Monaco,4,0.4909322676470391
1,Rachel Hunter,4,1.8892222855559915e-17
1,Joey McIntyre,5,0.013526189882139805
1,John O'Hurley,5,0.49322517022090573
1,Kelly Monaco,5,0.4932486398969545
1,John O'Hurley,6,0.5000043049728189
1,Kelly Monaco,6,0.49999569502718116
2,Drew Lachey,1,0.3283430074556081
2,George Hamilton,1,6.001094454259058e-19
2,Giselle Fernandez,1,1.873315487361213e-18
2,Jerry Rice,1,0.3283430308302023
2,Kenny Mayne,1,1.9046789494861607e-18
2,Lisa Rinna,1,5.328642116660833e-06
2,Master P,1,0.014478738273286999
2,Stacy Keibler,1,0.3283431533517716
2,Tatum O'Neal,1,0.00032097592606196836
2,Tia Carrere,1,0.0001657655209523814
2,Drew Lachey,2,0.32837072494301367
2,George Hamilton,2,1.3313956472559512e-19
2,Giselle Fernandez,2,0.00010303030380760503
2,Jerry Rice,2,0.3283706559661473
2,Lisa Rinna,2,2.3940718787088004e-05
2,Master P,2,0.014580918310420316
2,Stacy Keibler,2,0.32837030827603564
2,Tatum O'Neal,2,0.00010971211070810353
2,Tia Carrere,2,7.070937108025445e-05
2,Drew Lachey,3,0.3284502013094008
2,George Hamilton,3,1.303201386490531e-18
2,Giselle Fernandez,3,5.056330668662022e-18
2,Jerry Rice,3,0.32845030521843444
2,Lisa Rinna,3,6.390699106828565e-18
2,Master P,3,0.01464866723114757
2,Stacy Keibler,3,0.32845082624101707
2,Tia Carrere,3,5.988612127675441e-19
2,Drew Lachey,4,0.3289815185743207
2,George Hamilton,4,1.3308588771921553e-18
2,Jerry Rice,4,0.32898139203788135
2,Lisa Rinna,4,9.775724809484524e-05
2,Master P,4,0.012825122285009776
2,Stacy Keibler,4,0.328980778488917
2,Tia Carrere,4,0.00013343136577647138
2,Drew Lachey,5,0.33144917605699914
2,George Hamilton,5,0.0017181923961344665
2,Jerry Rice,5,0.3314493049454961
2,Lisa Rinna,5,0.0019133807793535874
2,Stacy Keibler,5,0.3314499185595739
2,Tia Carrere,5,0.002020027262442921
2,Drew Lachey,6,0.3320953742603646
2,George Hamilton,6,0.0018097833424612054
2,Jerry Rice,6,0.3320952615477468
2,Lisa Rinna,6,0.0019048384223770778
2,Stacy Keibler,6,0.3320947424270502
2,Drew Lachey,7,0.3327157126213853
2,Jerry Rice,7,0.3327157885170286
2,Lisa Rinna,7,0.00185236330228086
2,Stacy Keibler,7,0.33271613555930524
2,Drew Lachey,8,0.33333339215620633
2,Jerry Rice,8,0.33333336461648777
2,Stacy Keibler,8,0.33333324322730595
3,Emmitt Smith,1,0.4918226837056889
3,Harry Hamlin,1,0.0014634226733906948
3,Jerry Springer,1,0.004504225523811599
3,Joey Lawrence,1,0.0031750408152668905
3,Mario Lopez,1,0.4918226677096851
3,Monique Coleman,1,7.115981821828795e-05
3,Sara Evans,1,0.006450678052905056
3,Shanna Moakler,1,9.451734458350626e-05
3,Tucker Carlson,1,6.143635812571269e-05
3,Vivica A. Fox,1,0.00013745475712568267
3,Willa Ford,1,0.00039671324119853774
3,Emmitt Smith,2,0.49187981162740696
3,Harry Hamlin,2,0.001441951614967098
3,Jerry Springer,2,0.004597568889166037
3,Joey Lawrence,2,0.003159119880097136
3,Mario Lopez,2,0.4918798600965778
3,Monique Coleman,2,6.020982056829386e-05
3,Sara Evans,2,0.0065143128087815265
3,Shanna Moakler,2,3.434449533098675e-18
3,Vivica A. Fox,2,6.947105027024092e-05
3,Willa Ford,2,0.0003976942121650872
3,Emmitt Smith,3,0.49202935959765337
3,Harry Hamlin,3,0.0006507374415441591
3,Jerry Springer,3,0.004757830394187093
3,Joey Lawrence,3,0.00319586351559589
3,Mario Lopez,3,0.49202927824926834
3,Monique Coleman,3,2.170815269396094e-05
3,Sara Evans,3,0.006596867611873038
3,Vivica A. Fox,3,7.256810521740666e-05
3,Willa Ford,3,0.0006457869319667264
3,Emmitt Smith,4,0.49224337261185264
3,Jerry Springer,4,0.005054328492117537
3,Joey Lawrence,4,0.0034180068827111497
3,Mario Lopez,4,0.4922434847483174
3,Monique Coleman,4,1.2983011803507313e-05
3,Sara Evans,4,0.006733454098152104
3,Vivica A. Fox,4,7.532918782080014e-18
3,Willa Ford,4,0.0002943701550456156
3,Emmitt Smith,5,0.4926404107763762
3,Jerry Springer,5,0.005520311811702955
3,Joey Lawrence,5,0.0036786911855519236
3,Mario Lopez,5,0.492640274414666
3,Monique Coleman,5,2.4709867372680852e-17
3,Sara Evans,5,0.005520311811702952
3,Willa Ford,5,2.569623385057335e-18
3,Emmitt Smith,6,0.49459254149731263
3,Jerry Springer,6,0.005714081232252907
3,Joey Lawrence,6,0.004135467046500901
3,Mario Lopez,6,0.49459269021463376
3,Monique Coleman,6,0.0009652200092997969
3,Emmitt Smith,7,0.49547646776230964
3,Jerry Springer,7,0.00479881621286189
3,Joey Lawrence,7,0.0034309030199092573
3,Mario Lopez,7,0.4954763228847062
3,Monique Coleman,7,0.0008174901202129842
3,Emmitt Smith,8,0.4973486236968485
3,Joey Lawrence,8,0.0037071825910137894
3,Mario Lopez,8,0.4973487459304376
3,Monique Coleman,8,0.0015954477817000118
3,Emmitt Smith,9,0.498414002417787
3,Joey Lawrence,9,0.003172077135536643
3,Mario Lopez,9,0.4984139204466764
3,Emmitt Smith,10,0.49999998558887604
3,Mario Lopez,10,0.5000000144111241
4,Apolo Anton Ohno,1,0.3257777814218486
4,Billy Ray Cyrus,1,0.0064601224452620325
4,Clyde Drexler,1,0.008081963267038183
4,Heather Mills,1,0.0002768017627331732
4,Ian Ziering,1,0.00118317277978565
4,Joey Fatone,1,0.32577778353683373
4,John Ratzenberger,1,0.005453824416545506
4,Laila Ali,1,0.3257777801875552
4,Leeza Gibbons,1,0.00018805687998721144
4,Paulina Porizkova,1,7.101960275908556e-05
4,Shandi Finnessey,1,0.0009516936996515455
4,Apolo Anton Ohno,2,0.3257242767365489
4,Billy Ray Cyrus,2,0.006591328029065713
4,Clyde Drexler,2,0.00798433172882349
4,Heather Mills,2,0.00035677117433615167
4,Ian Ziering,2,0.0009149004229518055
4,Joey Fatone,2,0.32572427121246916
4,John Ratzenberger,2,0.005542530691886415
4,Laila Ali,2,0.32572428014098664
4,Leeza Gibbons,2,9.091443384506354e-05
4,Paulina Porizkova,2,4.420202645212877e-18
4,Shandi Finnessey,2,0.0013463954290866278
4,Apolo Anton Ohno,3,0.32586829625793434
4,Billy Ray Cyrus,3,0.006955938005285394
4,Clyde Drexler,3,0.008070699080404399
4,Heather Mills,3,0.0002618619422631421
4,Ian Ziering,3,0.0007726434750798988
4,Joey Fatone,3,0.3258683051046732
4,John Ratzenberger,3,0.005795036077425191
4,Laila Ali,3,0.325868291544985
4,Leeza Gibbons,3,0.00010788154646576345
4,Shandi Finnessey,3,0.00043104696548369384
4,Apolo Anton Ohno,4,0.3259627835466314
4,Billy Ray Cyrus,4,0.007624919160782729
4,Clyde Drexler,4,0.007224423357270609
4,Heather Mills,4,0.0003396379342437874
4,Ian Ziering,4,0.00040886540613093065
4,Joey Fatone,4,0.3259627730038037
4,John Ratzenberger,4,0.006303229314661009
4,Laila Ali,4,0.3259627891538604
4,Leeza Gibbons,4,0.0002105791226155127
4,Apolo Anton Ohno,5,0.32624566059574406
4,Billy Ray Cyrus,5,0.008312964198994785
4,Clyde Drexler,5,0.006274614676012221
4,Heather Mills,5,2.926726985343882e-18
4,Ian Ziering,5,4.676095735968218e-05
4,Joey Fatone,5,0.32624567227669193
4,John Ratzenberger,5,0.00662867203805122
4,Laila Ali,5,0.32624565525714616
4,Apolo Anton Ohno,6,0.3272884467021386
4,Billy Ray Cyrus,6,0.010064716010718474
4,Heather Mills,6,7.455278232411039e-18
4,Ian Ziering,6,0.00023213602577283062
4,Joey Fatone,6,0.3272884356426745
4,John Ratzenberger,6,0.007837814523542005
4,Laila Ali,6,0.3272884510951536
4,Apolo Anton Ohno,7,0.3281899239086011
4,Billy Ray Cyrus,7,0.011439317220875107
4,Ian Ziering,7,7.724247034828989e-05
4,Joey Fatone,7,0.32818993388170764
4,John Ratzenberger,7,0.003913661794836519
4,Laila Ali,7,0.3281899207236314
4,Apolo Anton Ohno,8,0.32968354514422143
4,Billy Ray Cyrus,8,0.01017270787394906
4,Ian Ziering,8,0.0007766620106386718
4,Joey Fatone,8,0.329683537665677
4,Laila Ali,8,0.3296835473055139
4,Apolo Anton Ohno,9,0.3324504822593097
4,Ian Ziering,9,0.00264854927187785
4,Joey Fatone,9,0.33245048720584575
4,Laila Ali,9,0.3324504812629667
4,Apolo Anton Ohno,10,0.33333333372914203
4,Joey Fatone,10,0.33333333224452677
4,Laila Ali,10,0.3333333340263313
5,Albert Reed,1,2.553692833395014e-18
5,Cameron Mathison,1,3.6987405759532965e-05
5,Floyd Mayweather Jr. ,1,0.002426410152250382
5,Helio Castroneves,1,0.3275451514960731
5,Jane Seymour,1,0.0021700827214535083
5,Jennie Garth,1,0.0003161701544444149
5,Josie Maran,1,1.2769336420788932e-18
5,Marie Osmond,1,0.3275451528493126
5,Mark Cuban,1,0.0040561646410311476
5,Mel B,1,0.32754515675413604
5,Sabrina Bryan,1,0.00016879729569237384
5,Wayne Newton,1,0.008189926529846962
5,Albert Reed,2,1.5829988584972103e-18
5,Cameron Mathison,2,3.2465125930638676e-17
5,Floyd Mayweather Jr. ,2,0.0025396913258402595
5,Helio Castroneves,2,0.3274813617131611
5,Jane Seymour,2,0.0022431689090945286
5,Jennie Garth,2,0.00014131205421465852
5,Marie Osmond,2,0.3274813605342571
5,Mark Cuban,2,0.004182826513059868
5,Mel B,2,0.32748134155718595
5,Sabrina Bryan,2,6.443020785779557e-05
5,Wayne Newton,2,0.00838450718532878
5,Cameron Mathison,3,0.00012981123442879253
5,Floyd Mayweather Jr. ,3,0.0027368183122829064
5,Helio Castroneves,3,0.3277521070438943
5,Jane Seymour,3,0.0025757777121363256
5,Jennie Garth,3,0.00024705923947060306
5,Marie Osmond,3,0.32775210989898024
5,Mark Cuban,3,0.004131518451752912
5,Mel B,3,0.3277521360260298
5,Sabrina Bryan,3,7.158481799012401e-18
5,Wayne Newton,3,0.00692266208102406
5,Cameron Mathison,4,0.0010555124710686834
5,Floyd Mayweather Jr. ,4,0.002827850008252577
5,Helio Castroneves,4,0.3288207166663824
5,Jane Seymour,4,0.0036965497716411207
5,Jennie Garth,4,0.001195434422085408
5,Marie Osmond,4,0.32882071543602553
5,Mark Cuban,4,0.004561426218587478
5,Mel B,4,0.32882067591359315
5,Sabrina Bryan,4,0.00020111909236357752
5,Cameron Mathison,5,0.0013926391178517765
5,Helio Castroneves,5,0.3292962800586877
5,Jane Seymour,5,0.00463504895655264
5,Jennie Garth,5,0.0015246599505073979
5,Marie Osmond,5,0.329296281675218
5,Mark Cuban,5,0.00442756595638295
5,Mel B,5,0.32929632465381903
5,Sabrina Bryan,5,0.0001311996309805695
5,Cameron Mathison,6,0.002014338018136434
5,Helio Castroneves,6,0.33009270757977804
5,Jane Seymour,6,0.005544840331493297
5,Jennie Garth,6,0.002162747240695894
5,Marie Osmond,6,0.3300927083747333
5,Mel B,6,0.3300926584551631
5,Sabrina Bryan,6,1.1553754935955833e-17
5,Cameron Mathison,7,0.002474373121716745
5,Helio Castroneves,7,0.3305318097716181
5,Jane Seymour,7,0.0035457882435421767
5,Jennie Garth,7,0.0023843659953310696
5,Marie Osmond,7,0.33053180931053583
5,Mel B,7,0.3305318535572561
5,Cameron Mathison,8,0.0019560269416124283
5,Helio Castroneves,8,0.3316104219707658
5,Jennie Garth,8,0.0032127430700626836
5,Marie Osmond,8,0.3316104241885527
5,Mel B,8,0.33161038382900637
5,Helio Castroneves,9,0.3323381420127718
5,Jennie Garth,9,0.0029855517976814278
5,Marie Osmond,9,0.33233814126620004
5,Mel B,9,0.33233816492334683
5,Helio Castroneves,10,0.3333333361354499
5,Marie Osmond,10,0.3333333373406223
5,Mel B,10,0.3333333265239278
6,Adam Carolla,1,0.00022205073438495633
6,Cristian de la Fuente,1,0.33111124357972305
6,Jason Taylor,1,0.3311112473859237
6,Kristi Yamaguchi,1,0.3311112430412395
6,Mario,1,1.5987710088456525e-05
6,Marissa Jaret Winokur,1,0.004393571789529841
6,Marlee Matlin,1,0.00023973945365821548
6,Monica Seles,1,9.862603336799248e-05
6,Penn Jillette,1,0.00011377095344775203
6,Priscilla Presley,1,0.00024443522760002036
6,Shannon Elizabeth,1,8.052276924910135e-05
6,Steve Guttenberg,1,0.0012575613217873788
6,Adam Carolla,2,0.00016089660198400095
6,Cristian de la Fuente,2,0.3312000460671535
6,Jason Taylor,2,0.3312000313008884
6,Kristi Yamaguchi,2,0.33120004558113086
6,Mario,2,0.00013197301086830004
6,Marissa Jaret Winokur,2,0.004362114785296552
6,Marlee Matlin,2,8.754603653278898e-05
6,Monica Seles,2,5.637055420901674e-05
6,Penn Jillette,2,9.102045379336022e-19
6,Priscilla Presley,2,0.0002299283764775759
6,Shannon Elizabeth,2,7.403082423990611e-05
6,Steve Guttenberg,2,0.0012970168612191954
6,Adam Carolla,3,0.0003461175464483966
6,Cristian de la Fuente,3,0.3313054613929408
6,Jason Taylor,3,0.33130548182033276
6,Kristi Yamaguchi,3,0.33130546070370154
6,Mario,3,0.00034611754644839457
6,Marissa Jaret Winokur,3,0.004301951506714614
6,Marlee Matlin,3,0.0003461175464483989
6,Priscilla Presley,3,0.0002526144974974259
6,Shannon Elizabeth,3,0.00013991933923182038
6,Steve Guttenberg,3,0.00035075810023581157
6,Adam Carolla,4,0.0004047525312285631
6,Cristian de la Fuente,4,0.3314396159620437
6,Jason Taylor,4,0.3314395882545341
6,Kristi Yamaguchi,4,0.3314396156853075
6,Mario,4,0.00019940689857003788
6,Marissa Jaret Winokur,4,0.004255898393691234
6,Marlee Matlin,4,0.0002970525207402214
6,Priscilla Presley,4,0.000295270395699354
6,Shannon Elizabeth,4,0.0002287993581853322
6,Cristian de la Fuente,5,0.3315980640173517
6,Jason Taylor,5,0.3315980924410389
6,Kristi Yamaguchi,5,0.3315980631565411
6,Mario,5,6.96430155519581e-05
6,Marissa Jaret Winokur,5,0.0041561556296880325
6,Marlee Matlin,5,0.00035699637001199754
6,Priscilla Presley,5,0.00035933640114796687
6,Shannon Elizabeth,5,0.0002636489686683351
6,Cristian de la Fuente,6,0.3317599841938464
6,Jason Taylor,6,0.3317599540617425
6,Kristi Yamaguchi,6,0.33175998396287254
6,Mario,6,0.00015598267383929668
6,Marissa Jaret Winokur,6,0.004080295901679875
6,Marlee Matlin,6,0.0002555846495990606
6,Shannon Elizabeth,6,0.00022821455642034005
6,Cristian de la Fuente,7,0.33194860570723134
6,Jason Taylor,7,0.33194863092791366
6,Kristi Yamaguchi,7,0.3319486048855098
6,Mario,7,0.00010906835554029112
6,Marissa Jaret Winokur,7,0.003941633839208061
6,Shannon Elizabeth,7,0.00010345628459691356
6,Cristian de la Fuente,8,0.33208490120717854
6,Jason Taylor,8,0.3320848795680071
6,Kristi Yamaguchi,8,0.3320849008727545
6,Mario,8,8.847137043964955e-18
6,Marissa Jaret Winokur,8,0.00374531835205993
6,Cristian de la Fuente,9,0.3323216853241644
6,Jason Taylor,9,0.33232169759305535
6,Kristi Yamaguchi,9,0.3323216846439527
6,Marissa Jaret Winokur,9,0.003034932438827576
6,Cristian de la Fuente,10,0.33333333534127213
6,Jason Taylor,10,0.33333332983049313
6,Kristi Yamaguchi,10,0.33333333482823485
7,Brooke Burke,1,0.3299492819163688
7,Cloris Leachman,1,0.003305796056367345
7,Cody Linley,1,0.005206853733318308
7,Jeffrey Ross,1,4.546598592074614e-19
7,Kim Kardashian,1,3.664069304630215e-18
7,Lance Bass,1,0.32994928126883905
7,Maurice Greene,1,1.447258858764345e-17
7,Misty May-Treanor,1,0.0
7,Rocco DiSpirito,1,0.0015919700508864112
7,Susan Lucci,1,3.165139416845449e-05
7,Ted McGinley,1,2.7506736339949764e-18
7,Toni Braxton,1,1.58846541282966e-05
7,Warren Sapp,1,0.3299492809259233
7,Brooke Burke,2,0.3300048025855928
7,Cloris Leachman,2,0.0030345681547865994
7,Cody Linley,2,0.005191266272173381
7,Kim Kardashian,2,2.4839112906312376e-18
7,Lance Bass,2,0.33000480171520175
7,Maurice Greene,2,3.6374420165440744e-05
7,Misty May-Treanor,2,2.8685402097110593e-05
7,Rocco DiSpirito,2,0.0014881303635971004
7,Susan Lucci,2,9.050366474859578e-05
7,Toni Braxton,2,0.00011606587419893494
7,Warren Sapp,2,0.33000480154743844
7,Brooke Burke,3,0.3301801258561368
7,Cloris Leachman,3,0.002721769175919101
7,Cody Linley,3,0.005094570903093364
7,Lance Bass,3,0.3301801252472516
7,Maurice Greene,3,4.278587099476715e-05
7,Rocco DiSpirito,3,0.0013532490477998654
7,Susan Lucci,3,0.0001312792086429739
7,Toni Braxton,3,0.000115969928591034
7,Warren Sapp,3,0.3301801247615705
7,Brooke Burke,4,0.33037128983015207
7,Cloris Leachman,4,0.002546321131391837
7,Cody Linley,4,0.004969740295352386
7,Lance Bass,4,0.33037128913308694
7,Maurice Greene,4,7.91641267515147e-05
7,Rocco DiSpirito,4,0.0011225191519567555
7,Susan Lucci,4,0.00010931427894504099
7,Toni Braxton,4,5.907300985122598e-05
7,Warren Sapp,4,0.3303712890425123
7,Brooke Burke,5,0.33080216803647744
7,Cloris Leachman,5,0.0022078080714529593
7,Cody Linley,5,0.004895769972406107
7,Lance Bass,5,0.3308021671906836
7,Maurice Greene,5,4.651554327527831e-05
7,Susan Lucci,5,0.00023168912271516332
7,Toni Braxton,5,0.00021171546656689782
7,Warren Sapp,5,0.33080216659642253
7,Brooke Burke,6,0.3311629580789868
7,Cloris Leachman,6,0.0016636685097979483
7,Cody Linley,6,0.00473069883976121
7,Lance Bass,6,0.3311629574521883
7,Maurice Greene,6,9.403130831586005e-05
7,Susan Lucci,6,2.2728416302524852e-05
7,Warren Sapp,6,0.33116295739464735
7,Brooke Burke,7,0.331666182613547
7,Cody Linley,7,0.00474740537839412
7,Lance Bass,7,0.33166618186445407
7,Maurice Greene,7,0.00022456450081936524
7,Susan Lucci,7,2.9484291040695e-05
7,Warren Sapp,7,0.33166618135174475
7,Brooke Burke,8,0.33193283722205424
7,Cody Linley,8,0.004061520337731897
7,Lance Bass,8,0.33193283642228916
7,Maurice Greene,8,0.00013996991867247993
7,Warren Sapp,8,0.3319328360992522
7,Brooke Burke,9,0.33227798019418475
7,Cody Linley,9,0.0031660609479380393
7,Lance Bass,9,0.332277979589055
7,Warren Sapp,9,0.3322779792688222
7,Brooke Burke,10,0.33333333399623455
7,Lance Bass,10,0.3333333331920198
7,Warren Sapp,10,0.3333333328117456
8,Belinda Carlisle,1,5.049293791016873e-05
8,Chuck Wicks,1,6.485794089422666e-05
8,David Alan Grier,1,0.0011545675505415516
8,Denise Richards,1,0.0002065011792565459
8,Gilles Marini,1,0.32671394483613025
8,Holly Madison,1,0.00010691268738325196
8,Lawrence Taylor,1,0.0012805310729297427
8,Lil' Kim,1,3.2045233856640774e-05
8,Melissa Rycroft,1,0.3267139477159644
8,Shawn Johnson,1,0.3267139366341764
8,Steve Wozniak,1,0.007773623702976137
8,Steve-O,1,0.005185821191726448
8,Ty Murray,1,0.004002817316254343
8,Belinda Carlisle,2,6.7637203053991956e-18
8,Chuck Wicks,2,4.925429510983697e-05
8,David Alan Grier,2,0.0012544365779268772
8,Denise Richards,2,4.322248572003404e-18
8,Gilles Marini,2,0.32672967566189526
8,Holly Madison,2,8.211715898274517e-05
8,Lawrence Taylor,2,0.0013283739929243145
8,Lil' Kim,2,2.315470725443163e-05
8,Melissa Rycroft,2,0.32672966821411376
8,Shawn Johnson,2,0.32672970276581753
8,Steve Wozniak,2,0.007823109087769968
8,Steve-O,2,0.005180556999210302
8,Ty Murray,2,0.004069950538994984
8,Chuck Wicks,3,1.2488014496878587e-17
8,David Alan Grier,3,0.000526340294349644
8,Denise Richards,3,9.701328081218038e-18
8,Gilles Marini,3,0.3269163673089742
8,Holly Madison,3,2.033861910226228e-05
8,Lawrence Taylor,3,0.0015075388465507788
8,Lil' Kim,3,2.9730208582502383e-05
8,Melissa Rycroft,3,0.3269163801111371
8,Shawn Johnson,3,0.32691632664738124
8,Steve Wozniak,3,0.007874015748031498
8,Steve-O,3,0.005256106594777045
8,Ty Murray,3,0.0040368556211137505
8,Chuck Wicks,4,3.958573489391899e-05
8,David Alan Grier,4,1.2642260809563968e-17
8,Gilles Marini,4,0.32709260778702226
8,Holly Madison,4,6.46105534875133e-18
8,Lawrence Taylor,4,0.001982752415299925
8,Lil' Kim,4,2.6420370311351173e-17
8,Melissa Rycroft,4,0.3270925914984487
8,Shawn Johnson,4,0.3270926623216185
8,Steve Wozniak,4,0.007132843384406795
8,Steve-O,4,0.005406081643215659
8,Ty Murray,4,0.00416087521509428
8,Chuck Wicks,5,0.0006721688916020811
8,David Alan Grier,5,3.3392644015482347e-18
8,Gilles Marini,5,0.3281291096929816
8,Lawrence Taylor,5,0.003157519745681649
8,Lil' Kim,5,0.0003232974934343522
8,Melissa Rycroft,5,0.3281291292504466
8,Shawn Johnson,5,0.3281290480678286
8,Steve-O,5,0.00633212292028482
8,Ty Murray,5,0.005127603937740374
8,Chuck Wicks,6,0.0005974989961028301
8,Gilles Marini,6,0.3285307834517579
8,Lawrence Taylor,6,0.002784973158769451
8,Lil' Kim,6,2.0335143654088504e-17
8,Melissa Rycroft,6,0.3285307636462287
8,Shawn Johnson,6,0.32853085099411755
8,Steve-O,6,0.005630775419779011
8,Ty Murray,6,0.0053943543332445705
8,Chuck Wicks,7,0.0011969556405595492
8,Gilles Marini,7,0.32959869900052746
8,Lawrence Taylor,7,0.003217915483779046
8,Lil' Kim,7,0.00034103679289996017
8,Melissa Rycroft,7,0.32959871799196827
8,Shawn Johnson,7,0.32959863336737555
8,Ty Murray,7,0.006448041722890215
8,Chuck Wicks,8,0.00151321491990619
8,Gilles Marini,8,0.33031719171171575
8,Lil' Kim,8,0.00038177663035511366
8,Melissa Rycroft,8,0.3303171764344838
8,Shawn Johnson,8,0.3303172531304435
8,Ty Murray,8,0.007153387173095697
8,Gilles Marini,9,0.33083825538983175
8,Lil' Kim,9,1.418905267603231e-17
8,Melissa Rycroft,9,0.33083826701351543
8,Shawn Johnson,9,0.3308382070744539
8,Ty Murray,9,0.0074852705221989555
8,Gilles Marini,10,0.3313439495549432
8,Melissa Rycroft,10,0.331343943027842
8,Shawn Johnson,10,0.33134398221306904
8,Ty Murray,10,0.005968125204145816
8,Gilles Marini,11,0.3333333359596167
8,Melissa Rycroft,11,0.3333333384418959
8,Shawn Johnson,11,0.33333332559848755
9,Aaron Carter,1,4.0501727405911625e-17
9,Ashley Hamiliton,1,1.424734480157337e-18
9,Chuck Liddell,1,0.0
9,Debi Mazar,1,1.6263032587282567e-18
9,Donny Osmond,1,0.33057171100742494
9,Joanna Krupa,1,0.0004289813874825425
9,Kathy Ireland,1,1.2197274440461925e-19
9,Kelly Osbourne,1,0.3305717145486442
9,Louie Vito,1,0.0008028915910485066
9,Macy Gray,1,6.996316298179982e-18
9,Mark Dacascos,1,0.00014247106157190236
9,Melissa Joan Hart,1,0.0002667483949920004
9,Michael Irvin,1,0.0038654494264376803
9,Mya,1,0.3305717045176149
9,Natalie Coughlin,1,0.00019045584052726852
9,Tom DeLay,1,0.0025878722242561325
9,Aaron Carter,2,2.6684925970299478e-17
9,Chuck Liddell,2,2.737480306735738e-18
9,Debi Mazar,2,0.00011205422563677877
9,Donny Osmond,2,0.3306730921639182
9,Joanna Krupa,2,0.00035740386897386385
9,Kathy Ireland,2,0.00020309968126316075
9,Kelly Osbourne,2,0.3306730840010529
9,Louie Vito,2,0.0007031541685119441
9,Mark Dacascos,2,3.469446951953614e-18
9,Melissa Joan Hart,2,2.4123498337802474e-18
9,Michael Irvin,2,0.003971755007683884
9,Mya,2,0.3306731145865033
9,Natalie Coughlin,2,9.75781955236954e-18
9,Tom DeLay,2,0.002633242296455846
9,Aaron Carter,3,1.2109183013947478e-17
9,Chuck Liddell,3,4.48474414060977e-18
9,Debi Mazar,3,0.0
9,Donny Osmond,3,0.33075511458452644
9,Joanna Krupa,3,0.0002795668819140038
9,Kelly Osbourne,3,0.3307551237829266
9,Louie Vito,3,0.0010378721399833092
9,Mark Dacascos,3,8.682973695826328e-18
9,Melissa Joan Hart,3,2.0678193796373672e-18
9,Michael Irvin,3,0.00385461644276601
9,Mya,3,0.3307550793892001
9,Natalie Coughlin,3,5.6107462426124854e-18
9,Tom DeLay,3,0.002562626778683326
9,Aaron Carter,4,5.889928302027503e-17
9,Chuck Liddell,4,1.6466320494623599e-18
9,Donny Osmond,4,0.33120849288685217
9,Joanna Krupa,4,0.0005876330963343846
9,Kelly Osbourne,4,0.3312084874039799
9,Louie Vito,4,0.001374391369797937
9,Mark Dacascos,4,1.0408340855860843e-17
9,Melissa Joan Hart,4,7.827198318493425e-05
9,Michael Irvin,4,0.004165816023862705
9,Mya,4,0.3312085421315408
9,Natalie Coughlin,4,0.00016836510444712696
9,Aaron Carter,5,1.8512752095189988e-17
9,Donny Osmond,5,0.3313502345110634
9,Joanna Krupa,5,0.000639311902820608
9,Kelly Osbourne,5,0.33135023390997587
9,Louie Vito,5,0.001114344681073909
9,Mark Dacascos,5,0.00012292842824385792
9,Melissa Joan Hart,5,7.779150587583494e-18
9,Michael Irvin,5,0.00382290401035739
9,Mya,5,0.33135017747868767
9,Natalie Coughlin,5,0.0002498650777773322
9,Aaron Carter,6,5.445294135335002e-05
9,Donny Osmond,6,0.33169924422601654
9,Joanna Krupa,6,0.0006574957191489196
9,Kelly Osbourne,6,0.3316992521972354
9,Louie Vito,6,0.0007566680449207612
9,Mark Dacascos,6,2.7311555874455094e-18
9,Melissa Joan Hart,6,0.00011990410564957361
9,Michael Irvin,6,0.0033136763386047603
9,Mya,6,0.3316993064270708
9,Aaron Carter,7,7.679784469082082e-05
9,Donny Osmond,7,0.3321769624173034
9,Joanna Krupa,7,0.0006579911865405175
9,Kelly Osbourne,7,0.33217694986337837
9,Mark Dacascos,7,3.672734859294646e-18
9,Michael Irvin,7,0.002734393659648059
9,Mya,7,0.3321769050284389
9,Aaron Carter,8,0.0005536756518298396
9,Donny Osmond,8,0.33277540166779446
9,Joanna Krupa,8,0.0011200572492093147
9,Kelly Osbourne,8,0.3327754154775906
9,Mya,8,0.33277544995357583
9,Donny Osmond,9,0.33298224199229526
9,Joanna Krupa,9,0.0010533148275598035
9,Kelly Osbourne,9,0.3329822316887309
9,Mya,9,0.332982211491414
9,Donny Osmond,10,0.33333332810838123
9,Kelly Osbourne,10,0.33333333216082367
9,Mya,10,0.3333333397307951
10,Aiden Turner,1,0.001317349926388066
10,Buzz Aldrin,1,0.012040714929723443
10,Chad Ochocinco,1,0.006075170212635452
10,Erin Andrews,1,0.3242420680908436
10,Evan Lysacek,1,0.32424207281185446
10,Jake Pavelka,1,1.0273875939586972e-05
10,Kate Gosselin,1,0.0075845016638658
10,Nicole Scherzinger,1,0.32424206224622404
10,Niecy Nash,1,0.0001914487832954624
10,Pamela Anderson,1,1.7877187099919916e-05
10,Shannen Doherty,1,3.6460272130265004e-05
10,Aiden Turner,2,0.001505711854585065
10,Buzz Aldrin,2,0.01211177246064566
10,Chad Ochocinco,2,0.0060511664000396535
10,Erin Andrews,2,0.32424288757462216
10,Evan Lysacek,2,0.32424287212932834
10,Jake Pavelka,2,6.655935961965908e-20
10,Kate Gosselin,2,0.007566317915191121
10,Nicole Scherzinger,2,0.3242429022697431
10,Niecy Nash,2,3.636939584496124e-05
10,Pamela Anderson,2,6.188969685126158e-18
10,Shannen Doherty,2,1.392062457463037e-17
10,Aiden Turner,3,0.0012236773714763658
10,Buzz Aldrin,3,0.010510155731068083
10,Chad Ochocinco,3,0.0056032864225918615
10,Erin Andrews,3,0.32504938168831676
10,Evan Lysacek,3,0.3250494043532452
10,Jake Pavelka,3,0.00010061482692239735
10,Kate Gosselin,3,0.007218814236744706
10,Nicole Scherzinger,3,0.32504936080555147
10,Niecy Nash,3,0.00019530456408313002
10,Pamela Anderson,3,2.286031134526643e-17
10,Aiden Turner,4,0.0022221365685446545
10,Chad Ochocinco,4,0.006092731029041967
10,Erin Andrews,4,0.3268856176885087
10,Evan Lysacek,4,0.32688558825848074
10,Jake Pavelka,4,0.0012644090698882057
10,Kate Gosselin,4,0.0075378909003290554
10,Nicole Scherzinger,4,0.3268856381419688
10,Niecy Nash,4,0.0014742468634307358
10,Pamela Anderson,4,0.000751741479807054
10,Chad Ochocinco,5,0.0057094721188252736
10,Erin Andrews,5,0.32781983271904164
10,Evan Lysacek,5,0.32781986432669125
10,Jake Pavelka,5,0.0013250360993324732
10,Kate Gosselin,5,0.007056170255184683
10,Nicole Scherzinger,5,0.3278198160420553
10,Niecy Nash,5,0.0018554726776151122
10,Pamela Anderson,5,0.000594335761254206
10,Chad Ochocinco,6,0.005922778012000264
10,Erin Andrews,6,0.3293508821795146
10,Evan Lysacek,6,0.32935084946553816
10,Jake Pavelka,6,0.002100760436244467
10,Nicole Scherzinger,6,0.32935089105136606
10,Niecy Nash,6,0.002770173582281718
10,Pamela Anderson,6,0.0011536652730547562
10,Chad Ochocinco,7,0.005402293085178833
10,Erin Andrews,7,0.33025101328632095
10,Evan Lysacek,7,0.330251042162953
10,Nicole Scherzinger,7,0.33025101068598844
10,Niecy Nash,7,0.0029935425172935093
10,Pamela Anderson,7,0.0008510982622653547
10,Chad Ochocinco,8,0.004672715816161473
10,Erin Andrews,8,0.33090541486316855
10,Evan Lysacek,8,0.3309053908668066
10,Nicole Scherzinger,8,0.330905412220309
10,Niecy Nash,8,0.0026110662335544176
10,Chad Ochocinco,9,0.004269955991974326
10,Erin Andrews,9,0.331910008759528
10,Evan Lysacek,9,0.33191002350183935
10,Nicole Scherzinger,9,0.3319100117466583
10,Erin Andrews,10,0.33333333586424213
10,Evan Lysacek,10,0.3333333301268646
10,Nicole Scherzinger,10,0.3333333340088932
11,Audrina Patridge,1,0.0007147939224518806
11,Brandy,1,0.012556852399854141
11,Bristol Palin,1,0.3228813427745931
11,David Hasselhoff,1,1.102755795735152e-19
11,Florence Henderson,1,3.323928156800981e-05
11,Jennifer Grey,1,0.32288134226533916
11,Kurt Warner,1,0.01595345464289682
11,Kyle Massey,1,0.32288134242053956
11,Margaret Cho,1,1.2192732983767882e-18
11,Michael Bolton,1,0.00010762476360264508
11,Rick Fox,1,0.0019229275852080852
11,The Situation,1,6.707994394670842e-05
11,Audrina Patridge,2,0.0007816263231949468
11,Brandy,2,0.012396929779440477
11,Bristol Palin,2,0.32284040283729526
11,Florence Henderson,2,0.00037617448703895827
11,Jennifer Grey,2,0.32284040293904775
11,Kurt Warner,2,0.015871061628942546
11,Kyle Massey,2,0.32284040272138503
11,Margaret Cho,2,0.0001719160094446872
11,Michael Bolton,2,0.00017008614495441561
11,Rick Fox,2,0.0014571623658743375
11,The Situation,2,0.0002538347633817296
11,Audrina Patridge,3,0.0006115046235565147
11,Brandy,3,0.011692676778368064
11,Bristol Palin,3,0.3230242606419286
11,Florence Henderson,3,0.00018734870747923846
11,Jennifer Grey,3,0.32302425965687787
11,Kurt Warner,3,0.016442054515555197
11,Kyle Massey,3,0.3230242602040841
11,Margaret Cho,3,3.832316466040567e-05
11,Rick Fox,3,0.001672637498156453
11,The Situation,3,0.00028267420933357056
11,Audrina Patridge,4,0.0004735355009595844
11,Brandy,4,0.01096694024198627
11,Bristol Palin,4,0.32317745332252873
11,Florence Henderson,4,0.0006230717383070058
11,Jennifer Grey,4,0.3231774538469286
11,Kurt Warner,4,0.01626250194517284
11,Kyle Massey,4,0.32317745332483655
11,Rick Fox,4,0.0020474307119436003
11,The Situation,4,9.415936733695533e-05
11,Audrina Patridge,5,0.00026595470261367974
11,Brandy,5,0.009857642693173432
11,Bristol Palin,5,0.323200676774435
11,Florence Henderson,5,0.0010373638099060486
11,Jennifer Grey,5,0.32320067553499515
11,Kurt Warner,5,0.016545067767259704
11,Kyle Massey,5,0.3232006762445895
11,Rick Fox,5,0.0026919424730274715
11,Audrina Patridge,6,2.3613357799980973e-19
11,Brandy,6,0.008551202778042052
11,Bristol Palin,6,0.3239487484002646
11,Jennifer Grey,6,0.3239487489777497
11,Kurt Warner,6,0.016086239772454918
11,Kyle Massey,6,0.32394874841551635
11,Rick Fox,6,0.003516311655972586
11,Brandy,7,0.008401122117581296
11,Bristol Palin,7,0.3248847509586564
11,Jennifer Grey,7,0.3248847497983969
11,Kurt Warner,7,0.013859105473532371
11,Kyle Massey,7,0.324884750438247
11,Rick Fox,7,0.0030855212135862146
11,Brandy,8,0.008003191147897212
11,Bristol Palin,8,0.3266989103648279
11,Jennifer Grey,8,0.3266989107204241
11,Kurt Warner,8,0.011900077460839993
11,Kyle Massey,8,0.3266989103060107
11,Brandy,9,0.0093790536409201
11,Bristol Palin,9,0.33020698249122543
11,Jennifer Grey,9,0.33020698176354835
11,Kyle Massey,9,0.330206982104306
11,Bristol Palin,10,0.3333333334214579
11,Jennifer Grey,10,0.33333333329952736
11,Kyle Massey,10,0.3333333332790148
12,Chelsea Kane,1,0.32924647143596647
12,Chris Jericho,1,8.104261632188e-05
12,Hines Ward,1,0.329246470891025
12,Kendra Wilkinson,1,0.004120573711258971
12,Kirstie Alley,1,0.32924647119865624
12,Mike Catherwood,1,7.535665197113289e-05
12,Petra Nemcova,1,5.246308178903102e-06
12,Ralph Macchio,1,0.0073943062882719434
12,Romeo,1,1.3404265757379211e-05
12,Sugar Ray Leonard,1,0.0002091305901534516
12,Wendy Williams,1,0.0003615260424386317
12,Chelsea Kane,2,0.3290330477904359
12,Chris Jericho,2,0.0003648283782137229
12,Hines Ward,2,0.32903304889678775
12,Kendra Wilkinson,2,0.004678119347357157
12,Kirstie Alley,2,0.3290330486949761
12,Mike Catherwood,2,7.798003961722744e-05
12,Petra Nemcova,2,1.1203645248546992e-05
12,Ralph Macchio,2,0.0072727011992212735
12,Romeo,2,4.1929322498572936e-05
12,Sugar Ray Leonard,2,7.79800396172381e-05
12,Wendy Williams,2,0.0003761126460265242
12,Chelsea Kane,3,0.32911035227378116
12,Chris Jericho,3,0.0003847341177207461
12,Hines Ward,3,0.3291103500397209
12,Kendra Wilkinson,3,0.004633138428333492
12,Kirstie Alley,3,0.32911035115427834
12,Petra Nemcova,3,1.040251391162921e-17
12,Ralph Macchio,3,0.006987235099925592
12,Romeo,3,3.909715845438569e-05
12,Sugar Ray Leonard,3,0.00020045931110569427
12,Wendy Williams,3,0.00042428241667971016
12,Chelsea Kane,4,0.3293487531051219
12,Chris Jericho,4,0.00017452990036735102
12,Hines Ward,4,0.32934875588957535
12,Kendra Wilkinson,4,0.004829020868410545
12,Kirstie Alley,4,0.3293487543596488
12,Petra Nemcova,4,1.6314008263152732e-17
12,Ralph Macchio,4,0.006915223967931127
12,Romeo,4,3.496190894500623e-05
12,Sugar Ray Leonard,4,1.1602522717724353e-18
12,Chelsea Kane,5,0.32963659631961634
12,Chris Jericho,5,0.00037994677223832487
12,Hines Ward,5,0.3296365924410835
12,Kendra Wilkinson,5,0.003276976017036414
12,Kirstie Alley,5,0.3296365951860797
12,Petra Nemcova,5,4.6865480094328545e-18
12,Ralph Macchio,5,0.007019485294997796
12,Romeo,5,0.0004138079689479193
12,Chelsea Kane,6,0.3300264573723427
12,Chris Jericho,6,0.00030376750241060886
12,Hines Ward,6,0.33002646154107634
12,Kendra Wilkinson,6,0.001733649714254029
12,Kirstie Alley,6,0.33002645841662265
12,Ralph Macchio,6,0.00731296458552685
12,Romeo,6,0.0005702408677667539
12,Chelsea Kane,7,0.33034374877592476
12,Hines Ward,7,0.33034374430208346
12,Kendra Wilkinson,7,0.00023451995326963845
12,Kirstie Alley,7,0.3303437480636825
12,Ralph Macchio,7,0.007616425961861214
12,Romeo,7,0.0011178129431785508
12,Chelsea Kane,8,0.33076979995841055
12,Hines Ward,8,0.33076980351702956
12,Kirstie Alley,8,0.33076980044576487
12,Ralph Macchio,8,0.007690596078795076
12,Romeo,8,1.147299664507665e-18
12,Chelsea Kane,9,0.33123756737524007
12,Hines Ward,9,0.3312375647053835
12,Kirstie Alley,9,0.33123756711953545
12,Ralph Macchio,9,0.006287300799840821
12,Chelsea Kane,10,0.33333333305827684
12,Hines Ward,10,0.3333333338116949
12,Kirstie Alley,10,0.3333333331300282
13,Carson Kressley,1,0.004643905491956639
13,Chaz Bono,1,0.008108399685061104
13,Chynna Phillips,1,2.2529252008320086e-17
13,David Arquette,1,0.004287837818476593
13,Elisabetta Canalis,1,0.0
13,Hope Solo,1,0.0028459565855327145
13,J.R. Martinez,1,0.3254651669615424
13,Kristin Cavallari,1,7.120028631869854e-18
13,Metta World Peace (Ron),1,9.946822130350323e-06
13,Nancy Grace,1,0.0037084492130781913
13,Ricki Lake,1,0.3254651698843226
13,Rob Kardashian,1,0.3254651675378995
13,Carson Kressley,2,0.004484304932735449
13,Chaz Bono,2,0.00791489695746007
13,Chynna Phillips,2,4.081004739871219e-17
13,David Arquette,2,0.004484304932735465
13,Elisabetta Canalis,2,1.7691254288756663e-17
13,Hope Solo,2,0.002989536621823731
13,J.R. Martinez,2,0.32541966958431484
13,Kristin Cavallari,2,1.666960840196463e-18
13,Nancy Grace,2,0.0038679544935616805
13,Ricki Lake,2,0.3254196622443209
13,Rob Kardashian,2,0.32541967023304785
13,Carson Kressley,3,0.003836967920259891
13,Chaz Bono,3,0.008431914992042759
13,Chynna Phillips,3,1.98544522836408e-17
13,David Arquette,3,0.003218837680188532
13,Hope Solo,3,0.0027426207525046166
13,J.R. Martinez,3,0.3258523806480524
13,Kristin Cavallari,3,0.0
13,Nancy Grace,3,0.004212505709342336
13,Ricki Lake,3,0.3258523921112338
13,Rob Kardashian,3,0.3258523801863757
13,Carson Kressley,4,0.00330769949412497
13,Chaz Bono,4,0.00735304171926136
13,Chynna Phillips,4,2.3987973066241786e-18
13,David Arquette,4,0.0024607607438152457
13,Hope Solo,4,0.0028611966447408825
13,J.R. Martinez,4,0.32662989380844165
13,Nancy Grace,4,0.004127629786291312
13,Ricki Lake,4,0.32662988089261397
13,Rob Kardashian,4,0.32662989691071065
13,Carson Kressley,5,0.0029382353594984644
13,Chaz Bono,5,0.006173680637230673
13,David Arquette,5,0.0018716143596253973
13,Hope Solo,5,0.0030711045678388396
13,J.R. Martinez,5,0.32731412699442425
13,Nancy Grace,5,0.004002974695840426
13,Ricki Lake,5,0.32731414046549795
13,Rob Kardashian,5,0.3273141229200441
13,Chaz Bono,6,0.005502820393346344
13,David Arquette,6,0.0016248497718613277
13,Hope Solo,6,0.0034947882648322178
13,J.R. Martinez,6,0.32840402959872284
13,Nancy Grace,6,0.004165457383734945
13,Ricki Lake,6,0.32840401804596786
13,Rob Kardashian,6,0.3284040365415345
13,David Arquette,7,0.0015957279272632236
13,Hope Solo,7,0.0037885054469429056
13,J.R. Martinez,7,0.32986948352626866
13,Nancy Grace,7,0.0050073133111312815
13,Ricki Lake,7,0.3298694931483868
13,Rob Kardashian,7,0.3298694766400072
13,Hope Solo,8,0.0034126922608045886
13,J.R. Martinez,8,0.33076571458176374
13,Nancy Grace,8,0.004290162921561795
13,Ricki Lake,8,0.33076570816294865
13,Rob Kardashian,8,0.33076572207292126
13,Hope Solo,9,0.0036958080494833997
13,J.R. Martinez,9,0.33210139744123807
13,Ricki Lake,9,0.3321014015673396
13,Rob Kardashian,9,0.33210139294193886
13,J.R. Martinez,10,0.3333333329069184
13,Ricki Lake,10,0.33333333185403685
13,Rob Kardashian,10,0.3333333352390447
14,Donald Driver,1,0.33076795459779995
14,Gavin DeGraw,1,0.000640663117278627
14,Gladys Knight,1,0.0015211571639548703
14,Jack Wagner,1,0.00018549545477104077
14,Jaleel White,1,0.0009455234849243845
14,Katherine Jenkins,1,0.3307679540562824
14,Maria Menounos,1,0.0027200449397555876
14,Martina Navratilova,1,0.0003122073215077245
14,Melissa Gilbert,1,0.0009470984828663266
14,Roshon Fegan,1,0.0003215570996570706
14,Sherri Sheperd,1,0.00010238926178330198
14,William Levy,1,0.33076795501941875
14,Donald Driver,2,0.3307361105476337
14,Gavin DeGraw,2,0.0006171593883291807
14,Gladys Knight,2,0.001466119892483791
14,Jack Wagner,2,0.00013848673749623477
14,Jaleel White,2,0.0008807480983880886
14,Katherine Jenkins,2,0.33073611264074254
14,Maria Menounos,2,0.002656313868362918
14,Martina Navratilova,2,0.00038910551669982507
14,Melissa Gilbert,2,0.001288852495232304
14,Roshon Fegan,2,0.0001856059073395971
14,Sherri Sheperd,2,0.0001692737188766276
14,William Levy,2,0.3307361111884153
14,Donald Driver,3,0.3307998394107229
14,Gavin DeGraw,3,0.0006018324357584876
14,Gladys Knight,3,0.001619809625742064
14,Jack Wagner,3,0.00011352840672039546
14,Jaleel White,3,0.0006848867682813327
14,Katherine Jenkins,3,0.3307998365490137
14,Maria Menounos,3,0.0027508116888995057
14,Melissa Gilbert,3,0.0015777214572469157
14,Roshon Fegan,3,0.00013974568347332696
14,Sherri Sheperd,3,0.00011214802068893152
14,William Levy,3,0.3307998399534525
14,Donald Driver,4,0.33084692464277066
14,Gavin DeGraw,4,0.0007203797162283759
14,Gladys Knight,4,0.001497354440178166
14,Jaleel White,4,0.0004199064822691706
14,Katherine Jenkins,4,0.33084692879389554
14,Maria Menounos,4,0.002747260696913674
14,Melissa Gilbert,4,0.0018868311904356953
14,Roshon Fegan,4,0.0001250193083480857
14,Sherri Sheperd,4,6.246932532346034e-05
14,William Levy,4,0.33084692540363714
14,Donald Driver,5,0.33087966725270207
14,Gavin DeGraw,5,0.0005116099774540886
14,Gladys Knight,5,0.0013249402258333858
14,Jaleel White,5,0.0003062818576262672
14,Katherine Jenkins,5,0.33087966286713366
14,Maria Menounos,5,0.0027353614786168588
14,Melissa Gilbert,5,0.002297016442667566
14,Roshon Fegan,5,0.00018579259555914649
14,William Levy,5,0.3308796673024071
14,Donald Driver,6,0.33096985508713883
14,Gladys Knight,6,0.0012730078795999396
14,Jaleel White,6,0.00013360331972335062
14,Katherine Jenkins,6,0.330969860396946
14,Maria Menounos,6,0.0027261804321977575
14,Melissa Gilbert,6,0.002882633591710021
14,Roshon Fegan,6,7.50025196205449e-05
14,William Levy,6,0.33096985677306356
14,Donald Driver,7,0.3311669719422609
14,Jaleel White,7,8.051614187865398e-18
14,Katherine Jenkins,7,0.33116696762416326
14,Maria Menounos,7,0.0028153822990421734
14,Melissa Gilbert,7,0.003629171625678177
14,Roshon Fegan,7,5.453503288907542e-05
14,William Levy,7,0.33116697147596647
14,Donald Driver,8,0.33136999810204315
14,Katherine Jenkins,8,0.3313700025328846
14,Maria Menounos,8,0.0030506295615742116
14,Melissa Gilbert,8,0.0028393697230735264
14,Roshon Fegan,8,3.3103158912065446e-18
14,William Levy,8,0.3313700000804245
14,Donald Driver,9,0.33231336598188616
14,Katherine Jenkins,9,0.3323133636467393
14,Maria Menounos,9,0.003059904602610982
14,William Levy,9,0.33231336576876347
14,Donald Driver,10,0.33333333243067054
14,Katherine Jenkins,10,0.333333333921498
14,William Levy,10,0.3333333336478315
15,Apolo Anton Ohno,1,0.00016843387763930124
15,Bristol Palin,1,0.005210406590075832
15,Drew Lachey,1,4.0567599450788845e-18
15,Emmitt Smith,1,0.003959543628377014
15,Gilles Marini,1,0.0025925761256167038
15,Helio Castroneves,1,3.405325406282698e-18
15,Joey Fatone,1,3.652406068560543e-18
15,Kelly Monaco,1,0.3280785201988318
15,Kirstie Alley,1,0.0037875529617058166
15,Melissa Rycroft,1,0.3280785191011376
15,Pamela Anderson,1,4.010074706485717e-05
15,Sabrina Bryan,1,5.824407245611749e-06
15,Shawn Johnson,1,0.32807852236230545
15,Apolo Anton Ohno,2,0.00014965558486990712
15,Bristol Palin,2,0.005434782608695652
15,Drew Lachey,2,3.9302328752599536e-18
15,Emmitt Smith,2,0.0037706542243079164
15,Gilles Marini,2,0.002696545329903712
15,Helio Castroneves,2,1.0928781183735968e-18
15,Joey Fatone,2,7.380377158666195e-18
15,Kelly Monaco,2,0.3280323745959992
15,Kirstie Alley,2,0.003851240944002065
15,Melissa Rycroft,2,0.3280323768855227
15,Sabrina Bryan,2,5.204170427930421e-18
15,Shawn Johnson,2,0.3280323698266988
15,Apolo Anton Ohno,3,0.00024725357523650335
15,Bristol Palin,3,0.004158104603991199
15,Drew Lachey,3,1.9583401740519424e-18
15,Emmitt Smith,3,0.003832651998917335
15,Gilles Marini,3,0.003088660295103593
15,Helio Castroneves,3,2.0591865835349004e-18
15,Kelly Monaco,3,0.32824254203085135
15,Kirstie Alley,3,0.003945698130926707
15,Melissa Rycroft,3,0.32824253856937435
15,Sabrina Bryan,3,1.6263032587282567e-18
15,Shawn Johnson,3,0.32824255079559894
15,Apolo Anton Ohno,4,0.00031702728631006745
15,Bristol Palin,4,0.0026052833681644125
15,Emmitt Smith,4,0.0040084894915395995
15,Gilles Marini,4,0.003000101797678601
15,Kelly Monaco,4,0.3284634026676261
15,Kirstie Alley,4,0.004678896639289334
15,Melissa Rycroft,4,0.3284634063029533
15,Sabrina Bryan,4,0.0
15,Shawn Johnson,4,0.32846339244643863
15,Apolo Anton Ohno,5,0.0005372776763348987
15,Emmitt Smith,5,0.004640509351041325
15,Gilles Marini,5,0.003477468473296284
15,Kelly Monaco,5,0.3289027045847517
15,Kirstie Alley,5,0.004347139571555738
15,Melissa Rycroft,5,0.32890269985864934
15,Sabrina Bryan,5,0.00028948406342830743
15,Shawn Johnson,5,0.3289027164209425
15,Apolo Anton Ohno,6,0.00018866683185639463
15,Emmitt Smith,6,0.005162241887905617
15,Gilles Marini,6,0.0036873156342182895
15,Kelly Monaco,6,0.3290914886420121
15,Kirstie Alley,6,0.003687315634218288
15,Melissa Rycroft,6,0.3290914934044766
15,Sabrina Bryan,6,0.0
15,Shawn Johnson,6,0.3290914779653128
15,Apolo Anton Ohno,7,0.0008496958576703489
15,Emmitt Smith,7,0.004291025513036108
15,Gilles Marini,7,0.002159436349906744
15,Kelly Monaco,7,0.32985966562300867
15,Kirstie Alley,7,0.003120839990722293
15,Melissa Rycroft,7,0.32985966083204454
15,Shawn Johnson,7,0.32985967583361125
15,Apolo Anton Ohno,8,0.0009959728092027147
15,Emmitt Smith,8,0.003512294408760384
15,Gilles Marini,8,0.0009959728092027282
15,Kelly Monaco,8,0.33061680662733745
15,Kirstie Alley,8,0.002645344572861307
15,Melissa Rycroft,8,0.33061680973840224
15,Shawn Johnson,8,0.33061679903423324
15,Apolo Anton Ohno,9,0.000853082547209689
15,Emmitt Smith,9,0.0033498221663020578
15,Kelly Monaco,9,0.3319323640032738
15,Melissa Rycroft,9,0.3319323618064029
15,Shawn Johnson,9,0.3319323694768115
15,Kelly Monaco,10,0.33333333368092416
15,Melissa Rycroft,10,0.3333333340571646
15,Shawn Johnson,10,0.3333333322619113
16,Alexandra Raisman,1,0.24718832602020765
16,Andy Dick,1,6.109166516380396e-05
16,D. L. Hughley,1,1.3680862789209327e-05
16,Dorothy Hamill,1,5.972529848888204e-05
16,Ingo Rademacher,1,0.0037675005513317906
16,Jacoby Jones,1,0.2507266216534189
16,Kellie Pickler,1,0.24895747354878908
16,Lisa Vanderpump,1,6.954665637174925e-06
16,Sean Lowe,1,0.000124413193988652
16,Victor Ortiz,1,0.00013158548012040245
16,Wynonna Judd,1,5.153018396744948e-06
16,Zendaya,1,0.24895747404166765
16,Alexandra Raisman,2,0.24725214223608433
16,Andy Dick,2,4.552242478599348e-18
16,D. L. Hughley,2,0.00013392927288401204
16,Dorothy Hamill,2,1.7099503291552985e-05
16,Ingo Rademacher,2,0.0037811328763883373
16,Jacoby Jones,2,0.250678970625346
16,Kellie Pickler,2,0.24896555623694955
16,Lisa Vanderpump,2,7.559854545675433e-05
16,Sean Lowe,2,3.200411475117004e-18
16,Victor Ortiz,2,0.0001300142256101429
16,Wynonna Judd,2,0.0
16,Zendaya,2,0.2489655564779894
16,Alexandra Raisman,3,0.24734485775561124
16,Andy Dick,3,0.00018696721648372736
16,D. L. Hughley,3,0.00010177972808172123
16,Ingo Rademacher,3,0.003677507315749435
16,Jacoby Jones,3,0.2505747025239095
16,Kellie Pickler,3,0.24895977983990353
16,Lisa Vanderpump,3,1.774141143814861e-19
16,Sean Lowe,3,8.069128216376755e-05
16,Victor Ortiz,3,8.711191580937426e-05
16,Wynonna Judd,3,2.6821918785157066e-05
16,Zendaya,3,0.24895978050350254
16,Alexandra Raisman,4,0.24728495130962747
16,Andy Dick,4,7.820937474324995e-05
16,D. L. Hughley,4,1.661873003781886e-05
16,Ingo Rademacher,4,0.0035778334287495206
16,Jacoby Jones,4,0.25080490832311103
16,Kellie Pickler,4,0.24904492957891716
16,Lisa Vanderpump,4,2.2839284564493703e-05
16,Sean Lowe,4,0.0
16,Victor Ortiz,4,0.00012478032532500192
16,Zendaya,4,0.24904492964492417
16,Alexandra Raisman,5,0.2473668260799951
16,Andy Dick,5,0.00017216067703242782
16,D. L. Hughley,5,7.035180214497133e-05
16,Ingo Rademacher,5,0.0032766500992931096
16,Jacoby Jones,5,0.250777659726872
16,Kellie Pickler,5,0.24907224266798472
16,Sean Lowe,5,4.538037562231713e-05
16,Victor Ortiz,5,0.00014648509652204455
16,Zendaya,5,0.24907224347453336
16,Alexandra Raisman,6,0.24735448471423346
16,Andy Dick,6,9.80739513087092e-05
16,Ingo Rademacher,6,0.0030433740355402293
16,Jacoby Jones,6,0.25097750287525983
16,Kellie Pickler,6,0.2491659934217511
16,Sean Lowe,6,2.0959629404789945e-05
16,Victor Ortiz,6,0.00017361781395712424
16,Zendaya,6,0.24916599355854482
16,Alexandra Raisman,7,0.247595515421381
16,Andy Dick,7,8.72928226233676e-05
16,Ingo Rademacher,7,0.002649775284462665
16,Jacoby Jones,7,0.25098129758735693
16,Kellie Pickler,7,0.2492884064160633
16,Sean Lowe,7,0.0001093054906803187
16,Zendaya,7,0.2492884069774324
16,Alexandra Raisman,8,0.2477163450966611
16,Ingo Rademacher,8,0.002533882899479537
16,Jacoby Jones,8,0.25101671369928086
16,Kellie Pickler,8,0.24936652898204525
16,Sean Lowe,8,2.4907550175910596e-18
16,Zendaya,8,0.24936652932253334
16,Alexandra Raisman,9,0.24772606104858888
16,Ingo Rademacher,9,0.002154712045204893
16,Jacoby Jones,9,0.2511965828471242
16,Kellie Pickler,9,0.24946132183481715
16,Zendaya,9,0.24946132222426481
16,Alexandra Raisman,10,0.2482522514188852
16,Jacoby Jones,10,0.25174774867607874
16,Kellie Pickler,10,0.2499999997400154
16,Zendaya,10,0.2500000001650208
17,Amber Riley,1,0.24612238094614602
17,Bill Engvall,1,0.24612238097183767
17,Bill Nye,1,0.0013147721443644144
17,Brant Daugherty,1,0.00040928449076717483
17,Christina Milian,1,0.00033899368166724343
17,Corbin Bleu,1,0.24612238096519592
17,Elizabeth Berkley Lauren,1,0.002735263158362496
17,Jack Osbourne,1,0.2461223805469723
17,Keyshawn Johnson,1,1.1814619670241937e-05
17,Leah Remini,1,0.008817769873658348
17,"Nicole ""Snooki"" Polizzi",1,0.000741877514681753
17,Valerie Harper,1,0.0011407010866763424
17,Amber Riley,2,0.24619813038200763
17,Bill Engvall,2,0.24619813041860134
17,Bill Nye,2,0.0012538087840836436
17,Brant Daugherty,2,0.00047598506227960173
17,Christina Milian,2,0.00032354186796757314
17,Corbin Bleu,2,0.2461981303996385
17,Elizabeth Berkley Lauren,2,0.00269381500429958
17,Jack Osbourne,2,0.24619812999258828
17,Keyshawn Johnson,2,6.7595200344875e-07
17,Leah Remini,2,0.008753286774134736
17,"Nicole ""Snooki"" Polizzi",2,0.0006516784726757106
17,Valerie Harper,2,0.0010546868897199281
17,Amber Riley,3,0.24622301370802338
17,Bill Engvall,3,0.2462230137179778
17,Bill Nye,3,0.0010657191150675335
17,Brant Daugherty,3,0.000644573288493536
17,Christina Milian,3,0.00031518695701251325
17,Corbin Bleu,3,0.2462230137354811
17,Elizabeth Berkley Lauren,3,0.002642053723838257
17,Jack Osbourne,3,0.246223013279575
17,Leah Remini,3,0.008603034213057746
17,"Nicole ""Snooki"" Polizzi",3,0.0007755808504144874
17,Valerie Harper,3,0.0010617974110586398
17,Amber Riley,4,0.24630943761390697
17,Bill Engvall,4,0.2463094376470101
17,Brant Daugherty,4,0.0010435312015076763
17,Christina Milian,4,0.00016711255735142556
17,Corbin Bleu,4,0.24630943764139113
17,Elizabeth Berkley Lauren,4,0.002807988649871965
17,Jack Osbourne,4,0.2463094372476637
17,Leah Remini,4,0.008591414313988962
17,"Nicole ""Snooki"" Polizzi",4,0.0011389366547466238
17,Valerie Harper,4,0.00101326647256147
17,Amber Riley,5,0.2464418985582539
17,Bill Engvall,5,0.24644189859827986
17,Brant Daugherty,5,0.0014145704755915785
17,Christina Milian,5,1.809761664886292e-18
17,Corbin Bleu,5,0.24644189859568977
17,Elizabeth Berkley Lauren,5,0.0028964961143385045
17,Jack Osbourne,5,0.24644189812510295
17,Leah Remini,5,0.008506769057151867
17,"Nicole ""Snooki"" Polizzi",5,0.0014145704755915804
17,Amber Riley,6,0.2467763109095889
17,Bill Engvall,6,0.2467763109058205
17,Brant Daugherty,6,0.0009027201195640253
17,Corbin Bleu,6,0.24677631091194766
17,Elizabeth Berkley Lauren,6,0.002979610503473163
17,Jack Osbourne,6,0.24677631052361113
17,Leah Remini,6,0.007690390338703225
17,"Nicole ""Snooki"" Polizzi",6,0.0013220357872914615
17,Amber Riley,7,0.24713087668171296
17,Bill Engvall,7,0.24713087673403772
17,Brant Daugherty,7,0.00037299460838872116
17,Corbin Bleu,7,0.24713087674590875
17,Elizabeth Berkley Lauren,7,0.003173132982153624
17,Jack Osbourne,7,0.24713087628764055
17,Leah Remini,7,0.006850168677451741
17,"Nicole ""Snooki"" Polizzi",7,0.0010801972827059656
17,Amber Riley,8,0.24760624437655185
17,Bill Engvall,8,0.24760624439420476
17,Brant Daugherty,8,4.0843557759528245e-17
17,Corbin Bleu,8,0.24760624438043857
17,Elizabeth Berkley Lauren,8,0.003462723323130478
17,Jack Osbourne,8,0.24760624394187689
17,Leah Remini,8,0.006112299583797377
17,Amber Riley,9,0.2479290254800961
17,Bill Engvall,9,0.2479290254954048
17,Corbin Bleu,9,0.24792902555838645
17,Elizabeth Berkley Lauren,9,0.0029873347889304526
17,Jack Osbourne,9,0.24792902509858203
17,Leah Remini,9,0.00529656357860022
17,Amber Riley,10,0.2487852303289097
17,Bill Engvall,10,0.24878523037778755
17,Corbin Bleu,10,0.24878523035459313
17,Jack Osbourne,10,0.24878522989520008
17,Leah Remini,10,0.004859079043509531
17,Amber Riley,11,0.25000000008721956
17,Bill Engvall,11,0.25000000010122486
17,Corbin Bleu,11,0.25000000012932844
17,Jack Osbourne,11,0.24999999968222705
18,Amy Purdy,1,0.24615748748205293
18,Billy Dee Williams,1,0.008207585445550662
18,Candace Cameron Bure,1,0.251761806880249
18,Charlie White,1,3.2290138497336915e-05
18,Cody Simpson,1,5.559206110518392e-05
18,Danica McKellar,1,5.743110345548233e-05
18,Diana Nyad,1,3.0203186432442294e-05
18,Drew Carey,1,0.005414605316879783
18,James Maslow,1,0.24055316779905545
18,Meryl Davis,1,0.24615748764781054
18,NeNe Leakes,1,0.0014801635034561989
18,Sean Avery,1,9.217943545490133e-05
18,Amy Purdy,2,0.24616997724195808
18,Billy Dee Williams,2,0.008194144831548985
18,Candace Cameron Bure,2,0.2516849398078998
18,Charlie White,2,7.434930625364796e-05
18,Cody Simpson,2,6.946708597284228e-18
18,Danica McKellar,2,1.0048115663361518e-17
18,Drew Carey,2,0.0054760625387629295
18,James Maslow,2,0.24065501490066174
18,Meryl Davis,2,0.2461699775295677
18,NeNe Leakes,2,0.0015755338433471376
18,Sean Avery,2,2.741856577593073e-18
18,Amy Purdy,3,0.2472053678900373
18,Candace Cameron Bure,3,0.25275929569792116
18,Charlie White,3,0.000834539601197679
18,Cody Simpson,3,0.0005408305952718428
18,Danica McKellar,3,0.0007079549774423137
18,Drew Carey,3,0.006411473416913142
18,James Maslow,3,0.24165143951356152
18,Meryl Davis,3,0.24720536806764773
18,NeNe Leakes,3,0.002683730240007338
18,Amy Purdy,4,0.2473384350647139
18,Candace Cameron Bure,4,0.2529384101297688
18,Charlie White,4,0.000672916404150584
18,Cody Simpson,4,0.00024540663549543854
18,Danica McKellar,4,0.0005161403384047962
18,Drew Carey,4,0.006335058247251754
18,James Maslow,4,0.24173846035168972
18,Meryl Davis,4,0.24733843532570002
18,NeNe Leakes,4,0.0028767375028251026
18,Amy Purdy,5,0.24745714212752945
18,Candace Cameron Bure,5,0.25307219904139666
18,Charlie White,5,0.0005589302667020166
18,Cody Simpson,5,0.0
18,Danica McKellar,5,0.0003156454786614971
18,Drew Carey,5,0.0062071603030532715
18,James Maslow,5,0.2418420845571878
18,Meryl Davis,5,0.247457142255386
18,NeNe Leakes,5,0.0030896959700833387
18,Amy Purdy,6,0.24771596492333384
18,Candace Cameron Bure,6,0.25332746080171725
18,Charlie White,6,0.0006049333258210434
18,Danica McKellar,6,0.00032131843880691644
18,Drew Carey,6,0.0046988308877084365
18,James Maslow,6,0.2421044693475317
18,Meryl Davis,6,0.24771596530715187
18,NeNe Leakes,6,0.003511056967929003
18,Amy Purdy,7,0.2485873996552585
18,Candace Cameron Bure,7,0.25416953071652343
18,Charlie White,7,0.0012288530767178684
18,Danica McKellar,7,0.0008767774154964274
18,James Maslow,7,0.24300526816844048
18,Meryl Davis,7,0.2485873997757217
18,NeNe Leakes,7,0.0035447711918416194
18,Amy Purdy,8,0.24926886228299253
18,Candace Cameron Bure,8,0.2549278365651641
18,Charlie White,8,0.0016402370369092965
18,Danica McKellar,8,0.0012843133437698607
18,James Maslow,8,0.2436098881005284
18,Meryl Davis,8,0.24926886267063578
18,Amy Purdy,9,0.24958872789159237
18,Candace Cameron Bure,9,0.25520815767029353
18,Charlie White,9,0.0016450885591019785
18,James Maslow,9,0.243969297845801
18,Meryl Davis,9,0.24958872803321122
18,Amy Purdy,10,0.24999999994984934
18,Candace Cameron Bure,10,0.25565055153387517
18,James Maslow,10,0.24434944825837046
18,Meryl Davis,10,0.2500000002579051
19,Alfonso Ribeiro,1,0.2444793829754737
19,Antonio Sabato Jr.,1,0.003570384434059462
19,Bethany Mota,1,0.24447935490231687
19,Betsey Johnson,1,0.0017893889705956913
19,Janel Parrish,1,0.24447938077252215
19,Jonathan Bennett,1,0.005128107664641073
19,Lea Thompson,1,2.0672815618740947e-17
19,Lolo Jones,1,3.028137106715531e-18
19,Michael Waltrip,1,0.0038983990226255623
19,Randy Couture,1,0.00015844157962608546
19,Sadie Robertson,1,0.24447938047759252
19,Tavis Smiley,1,1.5219039259020132e-05
19,Tommy Chong,1,0.0075225601612879224
19,Alfonso Ribeiro,2,0.24448144143700826
19,Antonio Sabato Jr.,2,0.003645884728569656
19,Bethany Mota,2,0.24448152283017308
19,Betsey Johnson,2,0.0011840222021218556
19,Janel Parrish,2,0.24448144693138882
19,Jonathan Bennett,2,0.005247565927602352
19,Lea Thompson,2,2.6489383907400976e-17
19,Michael Waltrip,2,0.004143343540490224
19,Randy Couture,2,0.00028211325354333467
19,Sadie Robertson,2,0.24448144896562854
19,Tavis Smiley,2,2.7665730438392595e-05
19,Tommy Chong,2,0.0075435444530354495
19,Alfonso Ribeiro,3,0.2446233664471409
19,Antonio Sabato Jr.,3,0.0037504483539349855
19,Bethany Mota,3,0.2446232371005137
19,Betsey Johnson,3,0.0005076039779134245
19,Janel Parrish,3,0.24462335654077175
19,Jonathan Bennett,3,0.0052768082501215745
19,Lea Thompson,3,1.4898038338607835e-05
19,Michael Waltrip,3,0.004188531317862747
19,Randy Couture,3,0.0001637780975837807
19,Sadie Robertson,3,0.24462335531463908
19,Tommy Chong,3,0.007604616561179421
19,Alfonso Ribeiro,4,0.24472564341924175
19,Antonio Sabato Jr.,4,0.003948267707174409
19,Bethany Mota,4,0.244725810172599
19,Betsey Johnson,4,2.9866322170793403e-18
19,Janel Parrish,4,0.2447256563825663
19,Jonathan Bennett,4,0.005197034649632797
19,Lea Thompson,4,1.233977706046832e-17
19,Michael Waltrip,4,0.00428140462393127
19,Sadie Robertson,4,0.24472565707646363
19,Tommy Chong,4,0.007670525968390868
19,Alfonso Ribeiro,5,0.24498449610742173
19,Antonio Sabato Jr.,5,0.00443350510535203
19,Bethany Mota,5,0.2449843040609042
19,Janel Parrish,5,0.244984479492027
19,Jonathan Bennett,5,0.0027905557928679923
19,Lea Thompson,5,0.0001575103266268371
19,Michael Waltrip,5,0.004715340864384844
19,Sadie Robertson,5,0.24498448193546912
19,Tommy Chong,5,0.007965326314946139
19,Alfonso Ribeiro,6,0.2453094208111533
19,Antonio Sabato Jr.,6,0.0048842018595215515
19,Bethany Mota,6,0.24530962223932715
19,Janel Parrish,6,0.24530943887178683
19,Jonathan Bennett,6,0.00034556896554014776
19,Lea Thompson,6,0.0003335761484863045
19,Michael Waltrip,6,0.004945178667033902
19,Sadie Robertson,6,0.24530943443201456
19,Tommy Chong,6,0.008253558005136217
19,Alfonso Ribeiro,7,0.24570388244906158
19,Antonio Sabato Jr.,7,0.0033817105548864523
19,Bethany Mota,7,0.24570368720691727
19,Janel Parrish,7,0.24570386333605243
19,Lea Thompson,7,2.0335127238885167e-05
19,Michael Waltrip,7,0.00530691036465441
19,Sadie Robertson,7,0.24570387088688517
19,Tommy Chong,7,0.00847574007430385
19,Alfonso Ribeiro,8,0.2464609384923187
19,Bethany Mota,8,0.246461110710961
19,Janel Parrish,8,0.24646095572644472
19,Lea Thompson,8,2.325057484321902e-17
19,Michael Waltrip,8,0.00494772631235736
19,Sadie Robertson,8,0.2464609478144318
19,Tommy Chong,8,0.009208320943486442
19,Alfonso Ribeiro,9,0.2474703954080745
19,Bethany Mota,9,0.2474702601892909
19,Janel Parrish,9,0.2474703808895805
19,Lea Thompson,9,3.608309144664702e-17
19,Sadie Robertson,9,0.24747038903529303
19,Tommy Chong,9,0.010118574477760949
19,Alfonso Ribeiro,10,0.24788040418887633
19,Bethany Mota,10,0.2478804901322395
19,Janel Parrish,10,0.24788041322403392
19,Sadie Robertson,10,0.24788040811518156
19,Tommy Chong,10,0.008478284339668643
19,Alfonso Ribeiro,11,0.2500000085876993
19,Bethany Mota,11,0.24999997886935987
19,Janel Parrish,11,0.2500000050796116
19,Sadie Robertson,11,0.25000000746332923
20,Charlotte McKinney,1,0.004758058313812952
20,Chris Soules,1,0.009758591457885952
20,Michael Sam,1,0.0026350317359554293
20,Nastia Liukin,1,0.00012657866551558502
20,Noah Galloway,1,0.3234789260776324
20,Patti LaBelle,1,0.0036002458950675294
20,Redfoo,1,1.850246016621144e-05
20,Riker Lynch,1,0.32347900949310915
20,Robert Herjavec,1,0.005448373841726466
20,Rumer Willis,1,0.32347893515491205
20,Suzanne Somers,1,0.0029536077927849887
20,Willow Shields,1,0.00026413911143125635
20,Charlotte McKinney,2,0.004799147946921078
20,Chris Soules,2,0.009721397118061656
20,Michael Sam,2,0.0028779183599854175
20,Nastia Liukin,2,3.402583253924807e-05
20,Noah Galloway,2,0.32352834818568627
20,Patti LaBelle,2,0.00356710991889748
20,Redfoo,2,2.8130601885753747e-18
20,Riker Lynch,2,0.3235281077245978
20,Robert Herjavec,2,0.005507575246891068
20,Rumer Willis,2,0.32352832279037946
20,Suzanne Somers,2,0.002877918359985438
20,Willow Shields,2,3.0128516054965308e-05
20,Charlotte McKinney,3,0.003874070037198716
20,Chris Soules,3,0.009694223634516132
20,Michael Sam,3,0.0018732778037812113
20,Nastia Liukin,3,3.378203680193253e-06
20,Noah Galloway,3,0.32384059647403446
20,Patti LaBelle,3,0.0038720474104420068
20,Riker Lynch,3,0.3238409720050588
20,Robert Herjavec,3,0.006209334594810871
20,Rumer Willis,3,0.32384063472779007
20,Suzanne Somers,3,0.0029502428004837414
20,Willow Shields,3,1.2223082037708992e-06
20,Chris Soules,4,0.010143985633203212
20,Michael Sam,4,0.0011688849554884406
20,Nastia Liukin,4,0.00021517677284276963
20,Noah Galloway,4,0.3245824704582296
20,Patti LaBelle,4,0.003877825058016767
20,Riker Lynch,4,0.3245819983017854
20,Robert Herjavec,4,0.007337310348542934
20,Rumer Willis,4,0.3245824256164586
20,Suzanne Somers,4,0.0032160252213615523
20,Willow Shields,4,0.0002938976340707909
20,Chris Soules,5,0.010212146338709585
20,Nastia Liukin,5,9.864228961172659e-05
20,Noah Galloway,5,0.3250516782697451
20,Patti LaBelle,5,0.003684661631368021
20,Riker Lynch,5,0.32505220237826027
20,Robert Herjavec,5,0.008165182235829065
20,Rumer Willis,5,0.32505172403063076
20,Suzanne Somers,5,0.002508939622543262
20,Willow Shields,5,0.0001748232033021672
20,Chris Soules,6,0.010322622305892811
20,Nastia Liukin,6,0.0001304528487712506
20,Noah Galloway,6,0.325663566107839
20,Patti LaBelle,6,0.0030764417289903625
20,Riker Lynch,6,0.32566304307954086
20,Robert Herjavec,6,0.009313963418058421
20,Rumer Willis,6,0.32566352515218844
20,Willow Shields,6,0.00016638535871879107
20,Chris Soules,7,0.010482648222087651
20,Nastia Liukin,7,9.516187394708887e-18
20,Noah Galloway,7,0.3263447326668083
20,Riker Lynch,7,0.3263452049464824
20,Robert Herjavec,7,0.010482648222087656
20,Rumer Willis,7,0.326344765942534
20,Willow Shields,7,6.374625491840911e-18
20,Chris Soules,8,0.007808371148001051
20,Nastia Liukin,8,0.0005043853693080379
20,Noah Galloway,8,0.32793934419820603
20,Riker Lynch,8,0.3279389705511855
20,Robert Herjavec,8,0.007869608224996048
20,Rumer Willis,8,0.3279393205083035
20,Nastia Liukin,9,0.0035434668448734857
20,Noah Galloway,9,0.3321520928471143
20,Riker Lynch,9,0.33215233315688286
20,Rumer Willis,9,0.3321521071511293
20,Noah Galloway,10,0.3333333622419431
20,Riker Lynch,10,0.33333328007831375
20,Rumer Willis,10,0.3333333576797431
21,Alek Skarlatos,1,0.24934287968431548
21,Alexa PenaVega,1,0.0029110285441779535
21,Andy Grammer,1,0.0026078088420663473
21,Bindi Irwin,1,0.24626898879389977
21,Carlos PenaVega,1,0.2431950983700395
21,Chaka Khan,1,0.00012967582784621312
21,Gary Busey,1,0.002471901215623613
21,Hayes Grier,1,0.0003430544068136022
21,Kim Zolciak-Biermann,1,0.0001296758278462259
21,Nick Carter,1,0.2462689887728884
21,Paula Deen,1,0.0004937165658989461
21,Tamar Braxton,1,0.00578984240132308
21,Victor Espinoza,1,4.734074726076125e-05
21,Alek Skarlatos,2,0.24936365469799301
21,Alexa PenaVega,2,0.002786124639139094
21,Andy Grammer,2,0.0026856156970317293
21,Bindi Irwin,2,0.24626711591023842
21,Carlos PenaVega,2,0.24317057837096423
21,Chaka Khan,2,0.00014513946153126277
21,Gary Busey,2,0.002454832231411288
21,Hayes Grier,2,0.00036478699082677417
21,Kim Zolciak-Biermann,2,0.00014513946153124933
21,Nick Carter,2,0.24626711635002396
21,Paula Deen,2,0.0005477939048141797
21,Tamar Braxton,2,0.005802102284494736
21,Victor Espinoza,2,3.632527590710767e-18
21,Alek Skarlatos,3,0.24938197431340878
21,Alexa PenaVega,3,0.0026195511443395697
21,Andy Grammer,3,0.0027501424238865805
21,Bindi Irwin,3,0.24628396304439606
21,Carlos PenaVega,3,0.2431859520756442
21,Gary Busey,3,0.0023413448350772916
21,Hayes Grier,3,0.00042488772303823946
21,Nick Carter,3,0.24628396292167987
21,Paula Deen,3,0.0005888400804360421
21,Tamar Braxton,3,0.006139381438093422
21,Alek Skarlatos,4,0.24952672186351044
21,Alexa PenaVega,4,0.0022181361290560565
21,Andy Grammer,4,0.002620371027033722
21,Bindi Irwin,4,0.24637202509458503
21,Carlos PenaVega,4,0.2432173293941528
21,Gary Busey,4,0.0019370840932050619
21,Hayes Grier,4,0.00047555128819053876
21,Nick Carter,4,0.24637202545239278
21,Paula Deen,4,0.000538629576702449
21,Tamar Braxton,4,0.006722126081171123
21,Alek Skarlatos,5,0.24977020951222204
21,Alexa PenaVega,5,0.0020048016356572235
21,Andy Grammer,5,0.002713497452053706
21,Bindi Irwin,5,0.24663847105386677
21,Carlos PenaVega,5,0.24350673293732955
21,Hayes Grier,5,0.0005085786920253389
21,Nick Carter,5,0.24663847102114342
21,Paula Deen,5,0.000739280550330502
21,Tamar Braxton,5,0.007479957145371481
21,Alek Skarlatos,6,0.2499071130334236
21,Alexa PenaVega,6,0.0015909834551138177
21,Andy Grammer,6,0.0025002177078556048
21,Bindi Irwin,6,0.24665463973369414
21,Carlos PenaVega,6,0.2434021675596293
21,Hayes Grier,6,0.0004612022697959631
21,Nick Carter,6,0.24665464000789739
21,Paula Deen,6,0.0006868729024217818
21,Tamar Braxton,6,0.008142163330168435
21,Alek Skarlatos,7,0.25001124732682967
21,Alexa PenaVega,7,0.0012075505642110621
21,Andy Grammer,7,0.0023332475589496506
21,Bindi Irwin,7,0.24679855647642718
21,Carlos PenaVega,7,0.24358586611145588
21,Hayes Grier,7,0.00032501583747265714
21,Nick Carter,7,0.24679855669649606
21,Tamar Braxton,7,0.008939959428157814
21,Alek Skarlatos,8,0.25017887869610317
21,Alexa PenaVega,8,0.00047727700114321667
21,Andy Grammer,8,0.002090918933234067
21,Bindi Irwin,8,0.24688184022367562
21,Carlos PenaVega,8,0.243584802545311
21,Nick Carter,8,0.2468818402847358
21,Tamar Braxton,8,0.009904442315797167
21,Alek Skarlatos,9,0.2504948499219355
21,Alexa PenaVega,9,5.599348746099127e-18
21,Bindi Irwin,9,0.24721670511293103
21,Carlos PenaVega,9,0.24393856111952644
21,Nick Carter,9,0.24721670548499947
21,Tamar Braxton,9,0.011133178360607558
21,Alek Skarlatos,10,0.25335430581585805
21,Bindi Irwin,10,0.24999999981566565
21,Carlos PenaVega,10,0.24664569447212392
21,Nick Carter,10,0.24999999989635235
21,Alek Skarlatos,11,0.25334367980520084
21,Bindi Irwin,11,0.2499999997436316
21,Carlos PenaVega,11,0.24665632045334526
21,Nick Carter,11,0.24999999999782235
22,Antonio Brown,1,0.005316774398999542
22,Doug Flutie,1,0.0037681603641664305
22,Geraldo Rivera,1,0.0006230216962139451
22,Ginger Zee,1,0.3268454710901896
22,Jodie Sweetin,1,0.0006607817744548268
22,Kim Fields,1,2.0922204650888735e-18
22,Marla Maples,1,0.00014598816365698138
22,Mischa Barton,1,0.0006243320713765697
22,Nyle DiMarco,1,0.32684547033818073
22,Paige VanZant,1,0.32684547071870523
22,Von Miller,1,4.2304802022227425e-18
22,Wanya Morris,1,0.008324529384056282
22,Antonio Brown,2,0.00534250643592077
22,Doug Flutie,2,0.0038161421567500715
22,Geraldo Rivera,2,0.0006384018196129923
22,Ginger Zee,2,0.3268459057954898
22,Jodie Sweetin,2,0.0006456521585717855
22,Kim Fields,2,0.0
22,Marla Maples,2,7.27311029131444e-05
22,Mischa Barton,2,0.0006554565484004452
22,Nyle DiMarco,2,0.32684590419242154
22,Paige VanZant,2,0.3268459044765857
22,Von Miller,2,0.0
22,Wanya Morris,2,0.008291395313333859
22,Antonio Brown,3,0.005344956249641351
22,Doug Flutie,3,0.0038991262355489846
22,Ginger Zee,3,0.32688486177832654
22,Jodie Sweetin,3,0.0009466085015744339
22,Kim Fields,3,1.8395969149085656e-05
22,Marla Maples,3,1.1486734323916057e-18
22,Mischa Barton,3,0.0006801977935223728
22,Nyle DiMarco,3,0.3268848614755458
22,Paige VanZant,3,0.3268848619145776
22,Von Miller,3,1.8395779840057343e-05
22,Wanya Morris,3,0.008437734302273818
22,Antonio Brown,4,0.005293532736899213
22,Doug Flutie,4,0.004179728317659348
22,Ginger Zee,4,0.3269927256187832
22,Jodie Sweetin,4,0.0010449320794147863
22,Kim Fields,4,0.0
22,Marla Maples,4,0.0
22,Nyle DiMarco,4,0.3269927240044934
22,Paige VanZant,4,0.3269927242781097
22,Von Miller,4,0.0
22,Wanya Morris,4,0.00850363296464047
22,Antonio Brown,5,0.005405665580077811
22,Doug Flutie,5,0.0036748724441270668
22,Ginger Zee,5,0.327130044503235
22,Jodie Sweetin,5,0.0006996967433874312
22,Kim Fields,5,5.091827503079593e-05
22,Nyle DiMarco,5,0.3271300438001654
22,Paige VanZant,5,0.32713004419438485
22,Von Miller,5,5.091834170059217e-05
22,Wanya Morris,5,0.008727796117891139
22,Antonio Brown,6,0.005429738696812739
22,Doug Flutie,6,0.0032474974011175743
22,Ginger Zee,6,0.3272784698313159
22,Jodie Sweetin,6,0.0004944175844557336
22,Kim Fields,6,1.181989965410146e-18
22,Nyle DiMarco,6,0.3272784689586873
22,Paige VanZant,6,0.3272784692979852
22,Von Miller,6,0.0
22,Wanya Morris,6,0.008992938229625479
22,Antonio Brown,7,0.00576985451540335
22,Ginger Zee,7,0.32787824234233576
22,Jodie Sweetin,7,0.0008539066353424134
22,Kim Fields,7,7.608700803866407e-05
22,Nyle DiMarco,7,0.3278782408805527
22,Paige VanZant,7,0.3278782412155721
22,Von Miller,7,7.608700803865e-05
22,Wanya Morris,7,0.009589340394716329
22,Antonio Brown,8,0.00590225170507935
22,Ginger Zee,8,0.328083574601862
22,Jodie Sweetin,8,7.835901793715826e-18
22,Nyle DiMarco,8,0.32808357422409135
22,Paige VanZant,8,0.3280835745883456
22,Wanya Morris,8,0.009847024880621768
22,Antonio Brown,9,0.0035916259572922153
22,Ginger Zee,9,0.3295681810847903
22,Nyle DiMarco,9,0.32956817953970835
22,Paige VanZant,9,0.3295681798639694
22,Wanya Morris,9,0.007703833554239666
22,Ginger Zee,10,0.3333333337300442
22,Nyle DiMarco,10,0.33333333296035217
22,Paige VanZant,10,0.3333333333096037
23,Amber Rose,1,0.00039352946967192466
23,Babyface,1,0.0004355713157547415
23,Calvin Johnson Jr.,1,0.24721476558118585
23,Jake T. Austin,1,2.8023655962846532e-18
23,James Hinchcliffe,1,0.24721476534834055
23,Jana Kramer,1,0.24721476480603155
23,Laurie Hernandez,1,0.24721476529923145
23,Marilu Henner,1,0.002936258603382048
23,Maureen McCormick,1,0.0003330049664789116
23,Rick Perry,1,0.0019145966168430716
23,Ryan Lochte,1,0.0016845189092201947
23,Terra Jole,1,0.0026728119274262822
23,Vanilla Ice,1,0.000770647156433391
23,Amber Rose,2,0.00035405572405593314
23,Babyface,2,0.0003207652574320914
23,Calvin Johnson Jr.,2,0.2472849373235192
23,Jake T. Austin,2,1.4495777269093066e-18
23,James Hinchcliffe,2,0.24728493849630198
23,Jana Kramer,2,0.2472849377799035
23,Laurie Hernandez,2,0.24728493752537556
23,Marilu Henner,2,0.002928277546914491
23,Maureen McCormick,2,0.00023645795629140674
23,Rick Perry,2,0.0018878732192361824
23,Ryan Lochte,2,0.0015644997064603364
23,Terra Jole,2,0.0026854109322857495
23,Vanilla Ice,2,0.0008829085322234329
23,Amber Rose,3,0.0002482758538117433
23,Babyface,3,0.00029396322382500405
23,Calvin Johnson Jr.,3,0.2473597621600024
23,James Hinchcliffe,3,0.24735976083938602
23,Jana Kramer,3,0.2473597603356978
23,Laurie Hernandez,3,0.247359761393621
23,Marilu Henner,3,0.003202293987506592
23,Maureen McCormick,3,0.00026596259795282637
23,Rick Perry,3,0.0010000021100879928
23,Ryan Lochte,3,0.001740872604079369
23,Terra Jole,3,0.002812352691261913
23,Vanilla Ice,3,0.0009972322027673455
23,Amber Rose,4,0.0004131238836722253
23,Babyface,4,0.00029335531954344577
23,Calvin Johnson Jr.,4,0.24751676960253946
23,James Hinchcliffe,4,0.2475167715931146
23,Jana Kramer,4,0.2475167708485814
23,Laurie Hernandez,4,0.24751677044183146
23,Marilu Henner,4,0.003567539971062646
23,Maureen McCormick,4,0.00041681671800095776
23,Ryan Lochte,4,0.0017794551871107547
23,Terra Jole,4,0.0029562747289520997
23,Vanilla Ice,4,0.0005063517055910101
23,Amber Rose,5,0.0003908700248607949
23,Calvin Johnson Jr.,5,0.24768930916016083
23,James Hinchcliffe,5,0.24768930738529488
23,Jana Kramer,5,0.2476893067952402
23,Laurie Hernandez,5,0.24768930771590442
23,Marilu Henner,5,0.003983737572831132
23,Maureen McCormick,5,0.0004071124380920783
23,Ryan Lochte,5,0.0013812442636916263
23,Terra Jole,5,0.003079804643924102
23,Amber Rose,6,0.0003558407741648472
23,Calvin Johnson Jr.,6,0.2477435188769528
23,James Hinchcliffe,6,0.2477435209236957
23,Jana Kramer,6,0.2477435203663887
23,Laurie Hernandez,6,0.2477435201904802
23,Marilu Henner,6,0.004236038236822414
23,Maureen McCormick,6,0.0003674347702534904
23,Ryan Lochte,6,0.0008825457333490647
23,Terra Jole,6,0.003184060127892782
23,Calvin Johnson Jr.,7,0.2478496097417889
23,James Hinchcliffe,7,0.24784960809251103
23,Jana Kramer,7,0.2478496073575704
23,Laurie Hernandez,7,0.2478496080049581
23,Marilu Henner,7,0.004599728481339998
23,Maureen McCormick,7,0.00023740988246222076
23,Ryan Lochte,7,0.00048693574398683175
23,Terra Jole,7,0.0032774926953825093
23,Calvin Johnson Jr.,8,0.24793177462450672
23,James Hinchcliffe,8,0.24793177634800745
23,Jana Kramer,8,0.24793177592040092
23,Laurie Hernandez,8,0.2479317759301635
23,Marilu Henner,8,0.004965636809875214
23,Ryan Lochte,8,0.0
23,Terra Jole,8,0.0033072603670462604
23,Calvin Johnson Jr.,9,0.24822188065607512
23,James Hinchcliffe,9,0.24822187963726405
23,Jana Kramer,9,0.2482218787877254
23,Laurie Hernandez,9,0.24822187937372983
23,Marilu Henner,9,0.004253246815458752
23,Terra Jole,9,0.002859234729746895
23,Calvin Johnson Jr.,10,0.24920525918644595
23,James Hinchcliffe,10,0.24920526013642166
23,Jana Kramer,10,0.24920525966319199
23,Laurie Hernandez,10,0.24920525977261707
23,Terra Jole,10,0.0031789612413232996
23,Calvin Johnson Jr.,11,0.2500000003447691
23,James Hinchcliffe,11,0.2500000002143638
23,Jana Kramer,11,0.2499999995322402
23,Laurie Hernandez,11,0.24999999990862692
24,Bonner Bolton,1,0.0037862128277445224
24,Charo,1,0.0007560637696612678
24,Chris Kattan,1,0.00031890578899403235
24,David Ross,1,0.3253579244918033
24,Erika Jayne,1,0.0013184242193714408
24,Heather Morris,1,0.0003601262208726507
24,Mr. T,1,0.001529360056426809
24,Nancy Kerrigan,1,0.003788150514522684
24,Nick Viall,1,0.007364558999286068
24,Normani,1,0.3253579246983965
24,Rashad Jennings,1,0.3253579244887561
24,Simone Biles,1,0.004704423924164716
24,Bonner Bolton,2,0.004054973184366159
24,Charo,2,0.0008137772054939666
24,Chris Kattan,2,0.0004081669153982382
24,David Ross,2,0.32529067197667105
24,Erika Jayne,2,0.0013540505763245648
24,Heather Morris,2,0.0004712950302631265
24,Mr. T,2,0.0014716133599253244
24,Nancy Kerrigan,2,0.0038470520743077007
24,Nick Viall,2,0.007310054493917914
24,Normani,2,0.3252906725023165
24,Rashad Jennings,2,0.32529067201546724
24,Simone Biles,2,0.004397000665548215
24,Bonner Bolton,3,0.004579111255885056
24,Charo,3,0.0006817663774038501
24,David Ross,3,0.32529763619902735
24,Erika Jayne,3,0.0015690741961922876
24,Heather Morris,3,0.0003104240093574944
24,Mr. T,3,0.00142526855677585
24,Nancy Kerrigan,3,0.004026386429347712
24,Nick Viall,3,0.007307660872662717
24,Normani,3,0.3252976363629928
24,Rashad Jennings,3,0.3252976359871268
24,Simone Biles,3,0.004207399753228192
24,Bonner Bolton,4,0.005212027501785198
24,David Ross,4,0.3254345697818019
24,Erika Jayne,4,0.001454192733970854
24,Heather Morris,4,0.00024334094781872445
24,Mr. T,4,0.00134793889288074
24,Nancy Kerrigan,4,0.004095861449034404
24,Nick Viall,4,0.007527645953443307
24,Normani,4,0.3254345703414068
24,Rashad Jennings,4,0.32543456973881857
24,Simone Biles,4,0.0038152826590394915
24,Bonner Bolton,5,0.006150199830562202
24,David Ross,5,0.3257037858901496
24,Erika Jayne,5,0.0012496497697936351
24,Heather Morris,5,6.983380163955927e-05
24,Nancy Kerrigan,5,0.003933816313313393
24,Nick Viall,5,0.008002924339037692
24,Normani,5,0.32570378596582317
24,Rashad Jennings,5,0.32570378597180144
24,Simone Biles,5,0.003482218117879224
24,Bonner Bolton,6,0.006989707346674562
24,David Ross,6,0.3258545689479474
24,Heather Morris,6,7.080081169704357e-18
24,Nancy Kerrigan,6,0.004322756803191259
24,Nick Viall,6,0.00804022892215036
24,Normani,6,0.32585456951281
24,Rashad Jennings,6,0.32585456903702154
24,Simone Biles,6,0.0030835994302048863
24,Bonner Bolton,7,0.008928513618588343
24,David Ross,7,0.32701440160611855
24,Nancy Kerrigan,7,0.0023513288520335667
24,Nick Viall,7,0.004986374965340553
24,Normani,7,0.3270144015681309
24,Rashad Jennings,7,0.3270144014440656
24,Simone Biles,7,0.002690577945722475
24,Bonner Bolton,8,0.008683750700751407
24,David Ross,8,0.32931792289892375
24,Normani,8,0.32931792346767313
24,Rashad Jennings,8,0.32931792279567557
24,Simone Biles,8,0.00336248013697611
24,David Ross,9,0.33187293194906975
24,Normani,9,0.3318729321521689
24,Rashad Jennings,9,0.3318729318792534
24,Simone Biles,9,0.004381204019507887
24,David Ross,10,0.33333333321250874
24,Normani,10,0.33333333351749866
24,Rashad Jennings,10,0.3333333332699926
25,Barbara Corcoran,1,6.087590193083899e-05
25,Debbie Gibson,1,1.413213166060144e-05
25,Derek Fisher,1,0.001793419433979555
25,Drew Scott,1,0.24676481397801298
25,Frankie Muniz,1,0.24676481383329132
25,Jordan Fisher,1,0.24676481387735574
25,Lindsey Stirling,1,0.24676481373667242
25,Nick Lachey,1,0.0020316106733286494
25,Nikki Bella,1,0.0014115677603767818
25,Sasha Pieterse,1,7.24730359409714e-05
25,Terrell Owens,1,0.0010366773529165393
25,Vanessa Lachey,1,0.0002280781461292316
25,Victoria Arlen,1,0.006291910138404426
25,Barbara Corcoran,2,1.5054582324339853e-05
25,Debbie Gibson,2,0.0
25,Derek Fisher,2,0.0018281535648994492
25,Drew Scott,2,0.2467721271567012
25,Frankie Muniz,2,0.24677212781027066
25,Jordan Fisher,2,0.24677212730269826
25,Lindsey Stirling,2,0.24677212782243058
25,Nick Lachey,2,0.002165050379085759
25,Nikki Bella,2,0.0012187690432663148
25,Sasha Pieterse,2,5.158160755244742e-05
25,Terrell Owens,2,0.0012987748417840838
25,Vanessa Lachey,2,0.00020608292699280512
25,Victoria Arlen,2,0.006128022961994282
25,Derek Fisher,3,0.0015477071011904874
25,Drew Scott,3,0.24677507678163182
25,Frankie Muniz,3,0.2467750764379906
25,Jordan Fisher,3,0.24677507672076124
25,Lindsey Stirling,3,0.24677507607591445
25,Nick Lachey,3,0.002460985697579083
25,Nikki Bella,3,0.0010288529538018051
25,Sasha Pieterse,3,4.3350522871732663e-19
25,Terrell Owens,3,0.001681672688081272
25,Vanessa Lachey,3,0.00018250890461427445
25,Victoria Arlen,3,0.005997966638434971
25,Derek Fisher,4,0.0012911522846621734
25,Drew Scott,4,0.24683245094436052
25,Frankie Muniz,4,0.24683245104985718
25,Jordan Fisher,4,0.24683245067055928
25,Lindsey Stirling,4,0.2468324513366128
25,Nick Lachey,4,0.0025185361657943275
25,Nikki Bella,4,0.0008350716592140799
25,Sasha Pieterse,4,5.851156554833082e-05
25,Terrell Owens,4,0.0019875692644939374
25,Vanessa Lachey,4,0.00010678011842881922
25,Victoria Arlen,4,0.0058725749404685695
25,Drew Scott,5,0.24707595827745357
25,Frankie Muniz,5,0.2470759589510001
25,Jordan Fisher,5,0.2470759588030779
25,Lindsey Stirling,5,0.24707595841971072
25,Nick Lachey,5,0.0025513669953364944
25,Nikki Bella,5,0.0006849938594776699
25,Sasha Pieterse,5,0.0
25,Terrell Owens,5,0.0025184379242745047
25,Vanessa Lachey,5,0.00010750165022179043
25,Victoria Arlen,5,0.005833865119447351
25,Drew Scott,6,0.24719437639021827
25,Frankie Muniz,6,0.24719437589913584
25,Jordan Fisher,6,0.2471943759565472
25,Lindsey Stirling,6,0.2471943760159572
25,Nick Lachey,6,0.002233777303017429
25,Nikki Bella,6,0.00037981645170332616
25,Terrell Owens,6,0.00304970018500219
25,Vanessa Lachey,6,0.0
25,Victoria Arlen,6,0.005559201798418621
25,Drew Scott,7,0.24754629921682691
25,Frankie Muniz,7,0.24754629983314777
25,Jordan Fisher,7,0.24754629941777678
25,Lindsey Stirling,7,0.24754629980640527
25,Nikki Bella,7,0.0003345341969458466
25,Terrell Owens,7,0.0038686153045335648
25,Vanessa Lachey,7,0.0
25,Victoria Arlen,7,0.005611652224363774
25,Drew Scott,8,0.2479322464062575
25,Frankie Muniz,8,0.24793224641305947
25,Jordan Fisher,8,0.2479322465123705
25,Lindsey Stirling,8,0.24793224599735075
25,Terrell Owens,8,0.002539441870715458
25,Victoria Arlen,8,0.005731572800246218
25,Drew Scott,9,0.24869632729724986
25,Frankie Muniz,9,0.24869632739106384
25,Jordan Fisher,9,0.24869632706181136
25,Lindsey Stirling,9,0.2486963276073284
25,Victoria Arlen,9,0.005214690642546424
25,Drew Scott,10,0.24999999987887003
25,Frankie Muniz,10,0.2500000001736209
25,Jordan Fisher,10,0.250000000066792
25,Lindsey Stirling,10,0.24999999988071708
26,Adam Rippon,1,0.3302290398041337
26,Arike Ogunbowale,1,7.063367949338386e-18
26,Chris Mazdzer,1,0.0021576483990919087
26,Jamie Anderson,1,5.14372659174261e-18
26,Jennie Finch Daigle,1,0.003976956908196541
26,Johnny Damon,1,1.0842021724855044e-18
26,Josh Norman,1,0.3302285956875198
26,Kareem Abdul-Jabbar,1,0.0031746031746031898
26,Mirai Nagasu,1,0.0
26,Tonya Harding,1,0.33023315602645503
26,Adam Rippon,2,0.3303959281221381
26,Arike Ogunbowale,2,2.212818126596428e-18
26,Chris Mazdzer,2,0.0024814956033627983
26,Jennie Finch Daigle,2,0.004350654481867425
26,Josh Norman,2,0.3303969947953786
26,Kareem Abdul-Jabbar,2,0.001988955015448339
26,Mirai Nagasu,2,0.0
26,Tonya Harding,2,0.33038597198180486
26,Adam Rippon,3,0.3314782208220246
26,Chris Mazdzer,3,0.0016864872950151319
26,Jennie Finch Daigle,3,0.003869925941606069
26,Josh Norman,3,0.33147715931218324
26,Mirai Nagasu,3,0.0
26,Tonya Harding,3,0.331488206629171
26,Adam Rippon,4,0.33333456886211177
26,Josh Norman,4,0.3333350062748105
26,Tonya Harding,4,0.33333042486307773
27,Alexis Ren,1,0.2418289512450838
27,Bobby Bones,1,0.24182895134232654
27,Danelle Umstead,1,0.00010304805476942294
27,DeMarcus Ware,1,0.0055860972177300735
27,Evanna Lynch,1,0.24182895055290263
27,Joe Amabile,1,0.01443414136728058
27,John Schneider,1,0.006915781552896632
27,Juan Pablo Di Pace,1,0.003709358367651427
27,Mary Lou Retton,1,0.0004998430831313697
27,Milo Manheim,1,0.24182895071001467
27,Nancy McKeon,1,0.0006981558816234759
27,Nikki Glaser,1,0.0005181388057408727
27,Tinashe,1,0.0002196318188485268
27,Alexis Ren,2,0.24189441327171604
27,Bobby Bones,2,0.24189441300852252
27,Danelle Umstead,2,0.00016219415997959053
27,DeMarcus Ware,2,0.005831115389618992
27,Evanna Lynch,2,0.24189441237540985
27,Joe Amabile,2,0.01469986008963928
27,John Schneider,2,0.006900085235714112
27,Juan Pablo Di Pace,2,0.0033663737887246075
27,Mary Lou Retton,2,0.00053599444535189
27,Milo Manheim,2,0.2418944127195635
27,Nancy McKeon,2,0.0007076373106251796
27,Tinashe,2,0.00021908820513441644
27,Alexis Ren,3,0.24192635315089644
27,Bobby Bones,3,0.24192635380294125
27,DeMarcus Ware,3,0.005802207748612462
27,Evanna Lynch,3,0.24192635282725214
27,Joe Amabile,3,0.015051153659653673
27,John Schneider,3,0.007132692251459523
27,Juan Pablo Di Pace,3,0.0031741916398910345
27,Mary Lou Retton,3,0.0003363969457580476
27,Milo Manheim,3,0.24192635287013714
27,Nancy McKeon,3,0.0006079491783313195
27,Tinashe,3,0.0001899959250669819
27,Alexis Ren,4,0.24210378101596058
27,Bobby Bones,4,0.2421037804147896
27,DeMarcus Ware,4,0.005734299939178405
27,Evanna Lynch,4,0.24210377992967239
27,Joe Amabile,4,0.015791771203546228
27,John Schneider,4,0.007171081548373803
27,Juan Pablo Di Pace,4,0.002860736720787577
27,Mary Lou Retton,4,2.6988876854653804e-05
27,Milo Manheim,4,0.2421037803508368
27,Tinashe,4,8.112816596902468e-18
27,Alexis Ren,5,0.24293942177615596
27,Bobby Bones,5,0.24293942245653763
27,DeMarcus Ware,5,0.004520836026479036
27,Evanna Lynch,5,0.24293942142913028
27,Joe Amabile,5,0.013779234552286098
27,John Schneider,5,0.007162690823965577
27,Juan Pablo Di Pace,5,0.0027305191242946694
27,Mary Lou Retton,5,4.9032475754711676e-05
27,Milo Manheim,5,0.242939421335396
27,Alexis Ren,6,0.2437971294029742
27,Bobby Bones,6,0.24379712880185933
27,DeMarcus Ware,6,0.0032057052685998365
27,Evanna Lynch,6,0.24379712825332275
27,Joe Amabile,6,0.011768161874062178
27,John Schneider,6,0.007267087220147396
27,Juan Pablo Di Pace,6,0.0025705305110450428
27,Mary Lou Retton,6,4.9706238023473875e-19
27,Milo Manheim,6,0.24379712866798922
27,Alexis Ren,7,0.24503869690562685
27,Bobby Bones,7,0.24503869757029698
27,DeMarcus Ware,7,0.0024636985543057504
27,Evanna Lynch,7,0.24503869662350847
27,Joe Amabile,7,0.010008725631463947
27,John Schneider,7,0.0044568790017844384
27,Juan Pablo Di Pace,7,0.0029159090714230445
27,Milo Manheim,7,0.24503869664159064
27,Alexis Ren,8,0.2471741906942612
27,Bobby Bones,8,0.24717419052712658
27,Evanna Lynch,8,0.24717418988478748
27,Joe Amabile,8,0.009122453706357815
27,Juan Pablo Di Pace,8,0.002180784937601266
27,Milo Manheim,8,0.24717419024986576
27,Alexis Ren,9,0.25000000027585134
27,Bobby Bones,9,0.25000000042017584
27,Evanna Lynch,9,0.24999999959995017
27,Milo Manheim,9,0.24999999970402265
28,Ally Brooke,1,0.24572945665210083
28,Hannah Brown,1,0.2457294562848123
28,James Van Der Beek,1,0.0032805711192569363
28,Karamo Brown,1,0.002436917953088786
28,Kate Flannery,1,0.0001923970742460316
28,Kel Mitchell,1,0.24572945648477293
28,Lamar Odom,1,0.004674525228423102
28,Lauren Alaina,1,0.24572945622810205
28,Mary Wilson,1,3.1601043872812233e-18
28,Ray Lewis,1,0.00016622677873632543
28,Sailor Brinkley-Cook,1,0.00022121633388758597
28,Sean Spicer,1,0.006110319862573146
28,Ally Brooke,2,0.24572005959011328
28,Hannah Brown,2,0.24572005926846557
28,James Van Der Beek,2,0.0031916068489205207
28,Karamo Brown,2,0.002501174095628193
28,Kate Flannery,2,0.0002839973735955701
28,Kel Mitchell,2,0.24572005945917472
28,Lamar Odom,2,0.004563318099197447
28,Lauren Alaina,2,0.24572005923121149
28,Mary Wilson,2,2.7060218942862575e-18
28,Ray Lewis,2,7.734515988611022e-05
28,Sailor Brinkley-Cook,2,0.00015687174631172818
28,Sean Spicer,2,0.006345449127495475
28,Ally Brooke,3,0.24577073246351278
28,Hannah Brown,3,0.24577073211583772
28,James Van Der Beek,3,0.0030324186578242524
28,Karamo Brown,3,0.002546073571394981
28,Kate Flannery,3,0.0003378832864509686
28,Kel Mitchell,3,0.24577073227487584
28,Lamar Odom,3,0.004157688947086238
28,Lauren Alaina,3,0.2457707319355453
28,Sailor Brinkley-Cook,3,0.00014027481605545234
28,Sean Spicer,3,0.00670273193141656
28,Ally Brooke,4,0.24579264162998088
28,Hannah Brown,4,0.24579264132771583
28,James Van Der Beek,4,0.002859149962220954
28,Karamo Brown,4,0.002482322938330439
28,Kate Flannery,4,0.00045599749337612254
28,Kel Mitchell,4,0.24579264156908873
28,Lamar Odom,4,0.0037833077253957245
28,Lauren Alaina,4,0.24579264135199672
28,Sailor Brinkley-Cook,4,1.1496801634875362e-05
28,Sean Spicer,4,0.007237159200259657
28,Ally Brooke,5,0.24617342363754802
28,Hannah Brown,5,0.2461734232719821
28,James Van Der Beek,5,0.0030089870734319782
28,Karamo Brown,5,0.0028269188923510723
28,Kate Flannery,5,0.0010641420504705326
28,Kel Mitchell,5,0.24617342343821239
28,Lauren Alaina,5,0.2461734230713688
28,Sailor Brinkley-Cook,5,0.0002620698172736543
28,Sean Spicer,5,0.008144188747361503
28,Ally Brooke,6,0.2461171932120983
28,Hannah Brown,6,0.24611719282580513
28,James Van Der Beek,6,0.0025830898249985653
28,Karamo Brown,6,0.0029193306084492254
28,Kate Flannery,6,0.0012615238638547224
28,Kel Mitchell,6,0.2461171931141336
28,Lauren Alaina,6,0.2461171927258369
28,Sailor Brinkley-Cook,6,3.90511849714376e-18
28,Sean Spicer,6,0.008767283824823486
28,Ally Brooke,7,0.24639624860085108
28,Hannah Brown,7,0.2463962482933024
28,James Van Der Beek,7,0.0024070833956850593
28,Karamo Brown,7,0.0008549757114602088
28,Kate Flannery,7,0.0016687685314677359
28,Kel Mitchell,7,0.24639624843465688
28,Lauren Alaina,7,0.2463962480401717
28,Sean Spicer,7,0.009484178992405005
28,Ally Brooke,8,0.24684874364200657
28,Hannah Brown,8,0.24684874337019047
28,James Van Der Beek,8,0.002251111298718077
28,Kate Flannery,8,2.557047257194639e-19
28,Kel Mitchell,8,0.24684874367284407
28,Lauren Alaina,8,0.24684874328269243
28,Sean Spicer,8,0.01035391473354836
28,Ally Brooke,9,0.24729431606376023
28,Hannah Brown,9,0.24729431575731267
28,James Van Der Beek,9,0.0020077334044169763
28,Kel Mitchell,9,0.24729431594087334
28,Lauren Alaina,9,0.24729431546329445
28,Sean Spicer,9,0.008815003370342411
28,Ally Brooke,10,0.24920115430805898
28,Hannah Brown,10,0.2492011540134551
28,James Van Der Beek,10,0.0031953835540939244
28,Kel Mitchell,10,0.24920115429508383
28,Lauren Alaina,10,0.24920115382930824
28,Ally Brooke,11,0.2500000002079148
28,Hannah Brown,11,0.24999999993342978
28,Kel Mitchell,11,0.25000000018463553
28,Lauren Alaina,11,0.24999999967401992
29,AJ McLean,1,4.2504492017471116e-05
29,Anne Heche,1,8.463910970075087e-05
29,Carole Baskin,1,0.00019883325158274009
29,Charles Oakley,1,7.775403248030436e-05
29,Chrishell Stause,1,0.0001706684722079343
29,Jeannie Mai,1,9.150556468133684e-05
29,Jesse Metcalfe,1,8.181650975710937e-05
29,Johnny Weir,1,0.0016764208688666276
29,Justina Machado,1,0.24857476615506405
29,Kaitlyn Bristowe,1,0.24857476538100506
29,Monica Aldama,1,6.299519682496769e-05
29,Nelly,1,0.2485747657413287
29,Nev Schulman,1,0.24857476541421705
29,Skai Jackson,1,0.0031206558368582302
29,Veron Davis,1,9.314397275615307e-05
29,AJ McLean,2,7.016739952350551e-05
29,Anne Heche,2,0.0001046046021834007
29,Carole Baskin,2,0.00023082699398497663
29,Charles Oakley,2,0.00010712310105952778
29,Chrishell Stause,2,8.883808911701686e-05
29,Jeannie Mai,2,9.367148707264557e-05
29,Jesse Metcalfe,2,6.801659501747196e-05
29,Johnny Weir,2,0.0017213204749989641
29,Justina Machado,2,0.24857372109370504
29,Kaitlyn Bristowe,2,0.24857372053947158
29,Monica Aldama,2,0.00011476143628564583
29,Nelly,2,0.24857372085255292
29,Nev Schulman,2,0.24857372058408045
29,Skai Jackson,2,0.0030303164411074057
29,Veron Davis,2,7.547030983957669e-05
29,AJ McLean,3,7.76313127307011e-05
29,Anne Heche,3,6.290890018790428e-05
29,Carole Baskin,3,0.00014953495416044664
29,Chrishell Stause,3,9.44524790274107e-05
29,Jeannie Mai,3,9.462001859746759e-05
29,Jesse Metcalfe,3,7.61768642711933e-05
29,Johnny Weir,3,0.001609921845825607
29,Justina Machado,3,0.24862663677890276
29,Kaitlyn Bristowe,3,0.2486266357520383
29,Monica Aldama,3,0.00010653327230927398
29,Nelly,3,0.24862663619827913
29,Nev Schulman,3,0.24862663624499615
29,Skai Jackson,3,0.003162648508371721
29,Veron Davis,3,5.902687030187325e-05
29,AJ McLean,4,4.8241401439334914e-05
29,Anne Heche,4,7.717509613344885e-05
29,Chrishell Stause,4,0.00012833445109139023
29,Jeannie Mai,4,7.253540824850282e-05
29,Jesse Metcalfe,4,0.00010945617737000282
29,Johnny Weir,4,0.0015063269818410125
29,Justina Machado,4,0.2486375480415642
29,Kaitlyn Bristowe,4,0.24863754748298691
29,Monica Aldama,4,8.393763195681096e-05
29,Nelly,4,0.2486375477234018
29,Nev Schulman,4,0.24863754741840116
29,Skai Jackson,4,0.003373905350734843
29,Veron Davis,4,4.989683483057827e-05
29,AJ McLean,5,1.7912584250146713e-05
29,Chrishell Stause,5,6.731902977393478e-05
29,Jeannie Mai,5,0.00016709034318138072
29,Jesse Metcalfe,5,6.731902977392943e-05
29,Johnny Weir,5,0.0013412325347924
29,Justina Machado,5,0.24868977460917333
29,Kaitlyn Bristowe,5,0.24868977394170816
29,Monica Aldama,5,7.763520240871156e-05
29,Nelly,5,0.2486897745459923
29,Nev Schulman,5,0.24868977397331102
29,Skai Jackson,5,0.00347058977161612
29,Veron Davis,5,3.1804434018621e-05
29,AJ McLean,6,1.161819847650326e-05
29,Chrishell Stause,6,3.3064091443571174e-05
29,Jeannie Mai,6,6.500100594774124e-05
29,Johnny Weir,6,0.0011282014753297273
29,Justina Machado,6,0.2487477894662645
29,Kaitlyn Bristowe,6,0.24874778865874095
29,Monica Aldama,6,4.340844814751065e-05
29,Nelly,6,0.24874778886491347
29,Nev Schulman,6,0.2487477887875364
29,Skai Jackson,6,0.0037275510031995855
29,Veron Davis,6,4.756604598882579e-18
29,AJ McLean,7,0.00010359685328217528
29,Chrishell Stause,7,6.470099761543235e-05
29,Jeannie Mai,7,6.07671740979283e-05
29,Johnny Weir,7,0.0009513599504451295
29,Justina Machado,7,0.24888608168083576
29,Kaitlyn Bristowe,7,0.24888608105726776
29,Monica Aldama,7,2.0682592783513495e-05
29,Nelly,7,0.24888608133488524
29,Nev Schulman,7,0.24888608119168473
29,Skai Jackson,7,0.003254567167102287
29,AJ McLean,8,7.234257752456714e-05
29,Chrishell Stause,8,9.371498365450211e-06
29,Johnny Weir,8,0.0008397657196028333
29,Justina Machado,8,0.24910675537176688
29,Kaitlyn Bristowe,8,0.24910675468163831
29,Nelly,8,0.2491067550348504
29,Nev Schulman,8,0.24910675468843932
29,Skai Jackson,8,0.0026515004278122116
29,AJ McLean,9,7.519302956575673e-05
29,Johnny Weir,9,0.0005059318431122487
29,Justina Machado,9,0.24928302477775877
29,Kaitlyn Bristowe,9,0.24928302404906816
29,Nelly,9,0.24928302456482623
29,Nev Schulman,9,0.2492830243888805
29,Skai Jackson,9,0.0022867773467882212
29,Johnny Weir,10,0.0002853692297784926
29,Justina Machado,10,0.24945807386960242
29,Kaitlyn Bristowe,10,0.249458073386573
29,Nelly,10,0.24945807368715733
29,Nev Schulman,10,0.24945807301035025
29,Skai Jackson,10,0.001882336816538527
29,Justina Machado,11,0.250000000416642
29,Kaitlyn Bristowe,11,0.24999999965098693
29,Nelly,11,0.2499999999686696
29,Nev Schulman,11,0.24999999996370142
30,Amanda Kloots,1,0.24694997667422136
30,Brian Austin Green,1,0.0023182496004045578
30,Christine Chiu,1,5.7613761222741266e-05
30,Cody Rigsby,1,0.24694998133574486
30,Iman Shumpert,1,0.2469499804144559
30,Jimmie Allen,1,0.0012159823377137185
30,JoJo Siwa,1,0.24694997982477945
30,Kenya Moore,1,8.381362179578976e-05
30,Martin Kove,1,4.868807732642018e-05
30,Matt James,1,0.0010875489267087605
30,Melanie C,1,4.971647559107784e-05
30,Melora Hardin,1,8.353987611790694e-05
30,"Mike ""The Miz"" Mizanin",1,0.0023275292683240722
30,Olivia Jade,1,4.6796952172823684e-17
30,Suni Lee,1,0.0049273998055933185
30,Amanda Kloots,2,0.24695121337687942
30,Brian Austin Green,2,0.0022800449121261265
30,Christine Chiu,2,2.3254973581998574e-05
30,Cody Rigsby,2,0.24695120348047214
30,Iman Shumpert,2,0.2469512038835667
30,Jimmie Allen,2,0.0013586197242121737
30,JoJo Siwa,2,0.24695120703445186
30,Kenya Moore,2,4.8672679527380163e-05
30,Martin Kove,2,7.924933592296239e-05
30,Matt James,2,0.0010450270911330198
30,Melanie C,2,3.3960640817091685e-05
30,Melora Hardin,2,9.977612916480456e-05
30,"Mike ""The Miz"" Mizanin",2,0.002339764675184309
30,Olivia Jade,2,4.740533228990656e-06
30,Suni Lee,2,0.004882061529730869
30,Amanda Kloots,3,0.24698018010086734
30,Brian Austin Green,3,0.002271509321792126
30,Christine Chiu,3,3.252265592934182e-17
30,Cody Rigsby,3,0.24698019767540208
30,Iman Shumpert,3,0.24698019564921708
30,Jimmie Allen,3,0.0013579808335931899
30,JoJo Siwa,3,0.2469801916581633
30,Kenya Moore,3,4.022540831250841e-05
30,Matt James,3,0.0011149831067672146
30,Melanie C,3,5.8574281744372985e-06
30,Melora Hardin,3,6.959904326372462e-05
30,"Mike ""The Miz"" Mizanin",3,0.002578832610793701
30,Olivia Jade,3,1.2981311995994153e-05
30,Suni Lee,3,0.004627265851657269
30,Amanda Kloots,4,0.24711546971827703
30,Brian Austin Green,4,0.0021000659817473942
30,Cody Rigsby,4,0.2471154498721796
30,Iman Shumpert,4,0.24711545099992482
30,Jimmie Allen,4,0.0014543256426777528
30,JoJo Siwa,4,0.24711545693931067
30,Kenya Moore,4,7.247749859922611e-06
30,Matt James,4,0.0008033410484455557
30,Melanie C,4,6.197710301275992e-17
30,Melora Hardin,4,7.909142440831345e-18
30,"Mike ""The Miz"" Mizanin",4,0.0028222997158230795
30,Olivia Jade,4,2.5551433056097682e-17
30,Suni Lee,4,0.004350892331754133
30,Amanda Kloots,5,0.24755320785546508
30,Cody Rigsby,5,0.24755323151183317
30,Iman Shumpert,5,0.24755322922602435
30,Jimmie Allen,5,0.0017288299710421853
30,JoJo Siwa,5,0.24755322327530638
30,Kenya Moore,5,0.00010091831869628919
30,Melanie C,5,2.5037822948683782e-17
30,Melora Hardin,5,6.170878357233692e-05
30,"Mike ""The Miz"" Mizanin",5,0.003460431702643909
30,Olivia Jade,5,8.667434464794429e-05
30,Suni Lee,5,0.004348545010768401
30,Amanda Kloots,6,0.24780387600433165
30,Cody Rigsby,6,0.2478038543969707
30,Iman Shumpert,6,0.24780385541089534
30,Jimmie Allen,6,0.0013305212860500383
30,JoJo Siwa,6,0.2478038620686756
30,Kenya Moore,6,0.00011933526471892409
30,Melora Hardin,6,4.528694223252233e-05
30,"Mike ""The Miz"" Mizanin",6,0.003167657229960763
30,Olivia Jade,6,9.002034633959667e-05
30,Suni Lee,6,0.00403173104982488
30,Amanda Kloots,7,0.24805590905569314
30,Cody Rigsby,7,0.2480559301171119
30,Iman Shumpert,7,0.248055928208336
30,Jimmie Allen,7,0.0013581438753859738
30,JoJo Siwa,7,0.24805592275172542
30,Melora Hardin,7,3.4604557391465284e-17
30,"Mike ""The Miz"" Mizanin",7,0.002675914590426
30,Olivia Jade,7,1.0301880724375372e-06
30,Suni Lee,7,0.003741221213249145
30,Amanda Kloots,8,0.2486871281158994
30,Cody Rigsby,8,0.248687113085846
30,Iman Shumpert,8,0.24868711353162828
30,Jimmie Allen,8,0.0015720148116447523
30,JoJo Siwa,8,0.24868711844491564
30,Melora Hardin,8,4.452113032833424e-05
30,Olivia Jade,8,0.00010464131237573131
30,Suni Lee,8,0.003530349567361893
30,Amanda Kloots,9,0.24916487456655617
30,Cody Rigsby,9,0.24916488569340345
30,Iman Shumpert,9,0.24916488448222696
30,JoJo Siwa,9,0.24916488181954918
30,Melora Hardin,9,3.0375087257952776e-17
30,Suni Lee,9,0.0033404734382642166
30,Amanda Kloots,10,0.25000000180416504
30,Cody Rigsby,10,0.24999999919055466
30,Iman Shumpert,10,0.24999999885420152
30,JoJo Siwa,10,0.25000000015107887
31,Charli D'Amelio,1,0.24850136631785355
31,Cheryl Ladd,1,0.0016608219189102778
31,Daniel Durant,1,0.001589871662363105
31,Gabby Windey,1,0.24850136585537913
31,Heidi D'Amelio,1,8.182216350629962e-05
31,Jason Lewis,1,6.004228636012522e-05
31,Jessie James Decker,1,0.00011388496612060588
31,Jordin Sparks,1,3.312527638971813e-05
31,Joseph Baena,1,1.406944074808566e-17
31,Sam Champion,1,0.0004790499343033179
31,Selma Blair,1,4.016513405216186e-05
31,Shangela,1,0.24850136679532234
31,Teresa Giudice,1,1.3262308236003807e-17
31,Trevor Donovan,1,2.3527286150696732e-05
31,Vinny Guadagnino,1,0.0019122237615512964
31,Wayne Brady,1,0.2485013666417374
31,Charli D'Amelio,2,0.2485176052619606
31,Cheryl Ladd,2,0.0016181229773462853
31,Daniel Durant,2,0.0012934927733890087
31,Gabby Windey,2,0.24851760513576956
31,Heidi D'Amelio,2,1.6403391867988208e-17
31,Jessie James Decker,2,0.00013446730387756388
31,Jordin Sparks,2,2.776781858587291e-05
31,Joseph Baena,2,2.2717109476228558e-05
31,Sam Champion,2,0.0005411674406876737
31,Selma Blair,2,7.133374168692634e-05
31,Shangela,2,0.24851760526504904
31,Teresa Giudice,2,6.997722284749153e-18
31,Trevor Donovan,2,0.00014178955055187142
31,Vinny Guadagnino,2,0.0020787204876152425
31,Wayne Brady,2,0.24851760513400414
31,Charli D'Amelio,3,0.2484853691131964
31,Cheryl Ladd,3,0.0014301585720945488
31,Daniel Durant,3,0.0012353292079165157
31,Gabby Windey,3,0.2484853683157519
31,Heidi D'Amelio,3,3.719695682965447e-06
31,Jessie James Decker,3,7.49882872178727e-05
31,Jordin Sparks,3,9.788575296799059e-05
31,Joseph Baena,3,5.475588367489361e-05
31,Sam Champion,3,0.0006023895272750631
31,Selma Blair,3,0.00017929693260196878
31,Shangela,3,0.2484853698352536
31,Trevor Donovan,3,4.5934294085356535e-05
31,Vinny Guadagnino,3,0.0023340648089730954
31,Wayne Brady,3,0.24848536977330793
31,Charli D'Amelio,4,0.2486517139590787
31,Daniel Durant,4,0.0012749228882425801
31,Gabby Windey,4,0.24865171413210185
31,Heidi D'Amelio,4,1.5830149149527895e-05
31,Jessie James Decker,4,0.00011777266609259753
31,Jordin Sparks,4,0.00011322198347495376
31,Joseph Baena,4,0.00013650948872860223
31,Sam Champion,4,0.0006271291261754597
31,Selma Blair,4,0.00016524144965630527
31,Shangela,4,0.24865171369877268
31,Trevor Donovan,4,9.622603952555114e-05
31,Vinny Guadagnino,4,0.0028462908663039127
31,Wayne Brady,4,0.24865171355269727
31,Charli D'Amelio,5,0.24872048130894633
31,Daniel Durant,5,0.0012321257547629
31,Gabby Windey,5,0.24872048030680952
31,Heidi D'Amelio,5,1.4530099243040796e-17
31,Jessie James Decker,5,0.00010917950630112133
31,Jordin Sparks,5,9.325832193119323e-05
31,Joseph Baena,5,0.0001081095336607417
31,Selma Blair,5,0.00022444751052150727
31,Shangela,5,0.24872048223373805
31,Trevor Donovan,5,4.848931462686224e-05
31,Vinny Guadagnino,5,0.003302464055319701
31,Wayne Brady,5,0.24872048215338208
31,Charli D'Amelio,6,0.24875619269032992
31,Daniel Durant,6,0.0010570151066818432
31,Gabby Windey,6,0.2487561929801882
31,Heidi D'Amelio,6,2.651284141455019e-05
31,Jessie James Decker,6,3.1775021596491774e-17
31,Jordin Sparks,6,3.434864405199836e-05
31,Shangela,6,0.24875619249896255
31,Trevor Donovan,6,2.5183973318846278e-17
31,Vinny Guadagnino,6,0.0038573529250595737
31,Wayne Brady,6,0.2487561923133114
31,Charli D'Amelio,7,0.24894282547804325
31,Daniel Durant,7,0.000807805698173192
31,Gabby Windey,7,0.24894282454445396
31,Heidi D'Amelio,7,1.65153866584926e-17
31,Jordin Sparks,7,2.5916999862648003e-05
31,Shangela,7,0.24894282632459358
31,Trevor Donovan,7,4.955467897086216e-05
31,Vinny Guadagnino,7,0.003345419978717745
31,Wayne Brady,7,0.2489428262971848
31,Charli D'Amelio,8,0.2490889712493171
31,Daniel Durant,8,0.0007627931944553487
31,Gabby Windey,8,0.24908897133670063
31,Heidi D'Amelio,8,1.5648953093684269e-18
31,Shangela,8,0.2490889709694567
31,Trevor Donovan,8,2.1350360012437355e-17
31,Vinny Guadagnino,8,0.002881322343607877
31,Wayne Brady,8,0.2490889709064624
31,Charli D'Amelio,9,0.24968182617007556
31,Daniel Durant,9,0.0010674301244985884
31,Gabby Windey,9,0.24968182555415885
31,Shangela,9,0.2496818267626886
31,Trevor Donovan,9,0.00020526466555003
31,Wayne Brady,9,0.24968182672302844
31,Charli D'Amelio,10,0.24999999997031666
31,Gabby Windey,10,0.24999999970504916
31,Shangela,10,0.2500000002180536
31,Wayne Brady,10,0.25000000010658063
32,Adrian Peterson,1,0.0011116800847497488
32,Alyson Hannigan,1,0.1956812200735509
32,Ariana Madix,1,0.1956812377441518
32,Barry Williams,1,0.0034496848237937634
32,Charity Lawson,1,0.19568121665623697
32,Harry Jowsey,1,0.011515630289018775
32,Jamie Lynn Spears,1,0.0
32,Jason Mraz,1,0.1956812226272313
32,Lele Pons,1,0.0
32,Matt Walsh,1,0.0
32,Mauricio Umansky,1,0.005464905266552199
32,Mira Sorvino,1,5.196006982100107e-05
32,Tyson Beckford,1,0.0
32,Xochitl Gomez,1,0.19568124236489343
32,Adrian Peterson,2,0.0013807442761513756
32,Alyson Hannigan,2,0.1955755608240312
32,Ariana Madix,2,0.19557550744277338
32,Barry Williams,2,0.0036818038226842376
32,Charity Lawson,2,0.19557556802398354
32,Harry Jowsey,2,0.011477343312257384
32,Jamie Lynn Spears,2,0.0
32,Jason Mraz,2,0.19557555063523033
32,Lele Pons,2,0.0
32,Mauricio Umansky,2,0.005582424948420252
32,Mira Sorvino,2,1.6479873021779667e-17
32,Tyson Beckford,2,2.537371766407003e-18
32,Xochitl Gomez,2,0.19557549671446833
32,Adrian Peterson,3,0.0004787479727677692
32,Alyson Hannigan,3,0.19574557439447737
32,Ariana Madix,3,0.1957456614510254
32,Barry Williams,3,0.0039209481269864375
32,Charity Lawson,3,0.19574557332120093
32,Harry Jowsey,3,0.011576758017712173
32,Jason Mraz,3,0.19574559915724357
32,Lele Pons,3,0.00014046357714224164
32,Mauricio Umansky,3,0.005026219531830042
32,Mira Sorvino,3,0.0001287806164945008
32,Tyson Beckford,3,1.3139175077808707e-17
32,Xochitl Gomez,3,0.1957456738331196
32,Adrian Peterson,4,0.0001381424428669003
32,Alyson Hannigan,4,0.19592391132565037
32,Ariana Madix,4,0.19592379562378048
32,Barry Williams,4,0.004304809109533417
32,Charity Lawson,4,0.19592389783433847
32,Harry Jowsey,4,0.01154236980320159
32,Jason Mraz,4,0.19592386604011908
32,Lele Pons,4,4.584669276719335e-05
32,Mauricio Umansky,4,0.0042114313333221015
32,Mira Sorvino,4,0.000138142442866856
32,Xochitl Gomez,4,0.19592378735155344
32,Alyson Hannigan,5,0.19603464554419148
32,Ariana Madix,5,0.19603477870417726
32,Barry Williams,5,0.00436840862491751
32,Charity Lawson,5,0.19603467837840172
32,Harry Jowsey,5,0.011478996557971547
32,Jason Mraz,5,0.1960347136055284
32,Lele Pons,5,0.0
32,Mauricio Umansky,5,0.0038877285689018454
32,Mira Sorvino,5,9.126819033929303e-05
32,Xochitl Gomez,5,0.19603478182557105
32,Alyson Hannigan,6,0.19610527138475892
32,Ariana Madix,6,0.1961051351534511
32,Barry Williams,6,0.004546463270076427
32,Charity Lawson,6,0.19610522325555205
32,Harry Jowsey,6,0.011416319021407932
32,Jason Mraz,6,0.1961051851895261
32,Lele Pons,6,0.0
32,Mauricio Umansky,6,0.0035112665827058656
32,Xochitl Gomez,6,0.1961051361425217
32,Alyson Hannigan,7,0.19670690359990575
32,Ariana Madix,7,0.19670702691707959
32,Barry Williams,7,0.004721870576623175
32,Charity Lawson,7,0.19670695881352768
32,Harry Jowsey,7,0.01174321537224044
32,Jason Mraz,7,0.19670699818620324
32,Lele Pons,7,0.0
32,Xochitl Gomez,7,0.19670702653442013
32,Alyson Hannigan,8,0.19708628953446497
32,Ariana Madix,8,0.19708619050917667
32,Barry Williams,8,0.0026757036074543526
32,Charity Lawson,8,0.19708623844319068
32,Harry Jowsey,8,0.011893190115046992
32,Jason Mraz,8,0.19708619975870162
32,Xochitl Gomez,8,0.1970861880319647
32,Alyson Hannigan,9,0.1978918803465475
32,Ariana Madix,9,0.19789194923868692
32,Charity Lawson,9,0.19789192013290338
32,Harry Jowsey,9,0.010540341527824154
32,Jason Mraz,9,0.19789195351935557
32,Xochitl Gomez,9,0.19789195523468237
32,Alyson Hannigan,10,0.2000000312532209
32,Ariana Madix,10,0.19999999164488938
32,Charity Lawson,10,0.20000000724949804
32,Jason Mraz,10,0.1999999839531236
32,Xochitl Gomez,10,0.19999998589926807
32,Alyson Hannigan,11,0.1999999894974388
32,Ariana Madix,11,0.20000000208307647
32,Charity Lawson,11,0.19999999771469912
32,Jason Mraz,11,0.20000000594290945
32,Xochitl Gomez,11,0.20000000476187613
33,Anna Delvey,1,5.675557820801507e-19
33,Brooks Nader,1,0.0
33,Chandler Kinney,1,0.19691288458394307
33,Danny Amendola,1,0.1969127881910814
33,Dwight Howard ,1,0.004928283572482185
33,Eric Roberts,1,0.005251482234966653
33,Ilona Maher,1,0.19691291751453643
33,Jenn Tran,1,0.0
33,Joey Graziadei,1,0.1969129119929607
33,Phaedra Parks,1,4.340129093712811e-06
33,Reginald VelJohnson,1,0.005251482233844684
33,Stephen Nedoroscik,1,0.1969129095470912
33,Tori Spelling,1,0.0
33,Anna Delvey,2,0.0
33,Brooks Nader,2,9.51561609104593e-18
33,Chandler Kinney,2,0.1969834390146953
33,Danny Amendola,2,0.19698372032358763
33,Dwight Howard ,2,0.004746858595207566
33,Eric Roberts,2,0.005167958656330746
33,Ilona Maher,2,0.19698334243634452
33,Jenn Tran,2,0.0
33,Joey Graziadei,2,0.1969833583791986
33,Phaedra Parks,2,7.495208074252629e-18
33,Reginald VelJohnson,2,0.005167958656330744
33,Stephen Nedoroscik,2,0.1969833639383049
33,Tori Spelling,2,3.9194228823852545e-18
33,Brooks Nader,3,1.897989469307426e-06
33,Chandler Kinney,3,0.19729322941385846
33,Danny Amendola,3,0.19729278885792115
33,Dwight Howard ,3,0.0048123634947223924
33,Eric Roberts,3,0.0043175567897666065
33,Ilona Maher,3,0.19729337925770596
33,Jenn Tran,3,0.0
33,Joey Graziadei,3,0.1972933554417783
33,Phaedra Parks,3,2.2730355945590976e-05
33,Reginald VelJohnson,3,0.004379345484789554
33,Stephen Nedoroscik,3,0.1972933529140427
33,Brooks Nader,4,0.0006812874848909647
33,Chandler Kinney,4,0.1984731236370433
33,Danny Amendola,4,0.19847368099219687
33,Dwight Howard ,4,0.0054039402165375625
33,Ilona Maher,4,0.19847293589951437
33,Jenn Tran,4,0.0006734171450101973
33,Joey Graziadei,4,0.19847296455735508
33,Phaedra Parks,4,0.0008756918062285403
33,Stephen Nedoroscik,4,0.19847295826122327
33,Chandler Kinney,5,0.1986884162363932
33,Danny Amendola,5,0.1986878024101587
33,Dwight Howard ,5,0.005217263771466957
33,Ilona Maher,5,0.19868861893438144
33,Jenn Tran,5,0.0005020402533271673
33,Joey Graziadei,5,0.19868858918038076
33,Phaedra Parks,5,0.0008386608709583332
33,Stephen Nedoroscik,5,0.19868860834293356
33,Chandler Kinney,6,0.1989151213083306
33,Danny Amendola,6,0.19891571862207463
33,Dwight Howard ,6,0.004972652590090283
33,Ilona Maher,6,0.19891492813874498
33,Jenn Tran,6,0.0004516977471375612
33,Joey Graziadei,6,0.19891495577694712
33,Stephen Nedoroscik,6,0.19891492581667478
33,Chandler Kinney,7,0.19914265848236118
33,Danny Amendola,7,0.19914215686346393
33,Dwight Howard ,7,0.004286745420502949
33,Ilona Maher,7,0.1991428165187799
33,Joey Graziadei,7,0.19914279435585003
33,Stephen Nedoroscik,7,0.1991428283590421
33,Chandler Kinney,8,0.19999999483350053
33,Danny Amendola,8,0.20000032968075537
33,Ilona Maher,8,0.1999998911759025
33,Joey Graziadei,8,0.19999990556956254
33,Stephen Nedoroscik,8,0.19999987874027916
33,Chandler Kinney,9,0.20000000195224607
33,Danny Amendola,9,0.19999988446330583
33,Ilona Maher,9,0.20000003764603672
33,Joey Graziadei,9,0.20000003276214956
33,Stephen Nedoroscik,9,0.20000004317626188
34,Alix Earle,1,0.19639924327862474
34,Andy Richter,1,0.005852756062405069
34,Baron Davis,1,0.00022998626733489148
34,Corey Feldman,1,0.00022998626733519462
34,Danielle Fishel,1,0.0024751567475685813
34,Dylan Efron,1,0.19639924247026416
34,Elaine Hendrix,1,0.19639925282584783
34,Hilaria Baldwin,1,0.00011106283612982997
34,Jen Affleck,1,0.00015002621954697786
34,Jordan Chiles,1,0.19639923073457008
34,Lauren Jauregui,1,0.00018224968004849153
34,Robert Irwin,1,0.1963992480509831
34,Scott Hoying,1,0.0027562797682382195
34,Whitney Leavitt,1,0.006016278791102826
34,Alix Earle,2,0.19643250090266307
34,Andy Richter,2,0.0059750855821746425
34,Baron Davis,2,0.00016369769639986028
34,Corey Feldman,2,0.00016369769644243148
34,Danielle Fishel,2,0.002404649531110343
34,Dylan Efron,2,0.19643250260678047
34,Elaine Hendrix,2,0.19643247310762812
34,Hilaria Baldwin,2,8.767751015042271e-05
34,Jen Affleck,2,0.0001297322296135233
34,Jordan Chiles,2,0.196432538032485
34,Lauren Jauregui,2,0.0001692028655439244
34,Robert Irwin,2,0.1964324870341338
34,Scott Hoying,2,0.0028237953789801255
34,Whitney Leavitt,2,0.005919959825894259
34,Alix Earle,3,0.1964848058290082
34,Andy Richter,3,0.006201608493114712
34,Danielle Fishel,3,0.0025035257296641346
34,Dylan Efron,3,0.19648480327943485
34,Elaine Hendrix,3,0.19648484882482323
34,Hilaria Baldwin,3,0.00011932427031986972
34,Jen Affleck,3,0.00018280200471071617
34,Jordan Chiles,3,0.1964847481854673
34,Lauren Jauregui,3,0.00014345867286551093
34,Robert Irwin,3,0.19648482744021017
34,Scott Hoying,3,0.0026950614203737336
34,Whitney Leavitt,3,0.005730185850007577
34,Alix Earle,4,0.19648345548293242
34,Andy Richter,4,0.006701864675819977
34,Danielle Fishel,4,0.0026696066113037413
34,Dylan Efron,4,0.1964834577446464
34,Elaine Hendrix,4,0.19648340148480156
34,Hilaria Baldwin,4,6.732432249283503e-18
34,Jen Affleck,4,7.399108216968211e-05
34,Jordan Chiles,4,0.19648352920036938
34,Robert Irwin,4,0.19648342823752396
34,Scott Hoying,4,0.002669606611303725
34,Whitney Leavitt,4,0.005467658869129206
34,Alix Earle,5,0.196797079116581
34,Andy Richter,5,0.005984851902639044
34,Danielle Fishel,5,0.0022622831156871664
34,Dylan Efron,5,0.1967970772758707
34,Elaine Hendrix,5,0.1967971388179954
34,Jen Affleck,5,3.957484207525817e-05
34,Jordan Chiles,5,0.19679699641699885
34,Robert Irwin,5,0.19679710949187296
34,Scott Hoying,5,0.002512528873838057
34,Whitney Leavitt,5,0.005215360146441528
34,Alix Earle,6,0.19708321312829616
34,Andy Richter,6,0.005654543736230122
34,Danielle Fishel,6,0.001840624541235425
34,Dylan Efron,6,0.1970832136273863
34,Elaine Hendrix,6,0.1970831528407688
34,Jen Affleck,6,2.8475675129463417e-05
34,Jordan Chiles,6,0.197083298494211
34,Robert Irwin,6,0.19708318223670676
34,Scott Hoying,6,0.002239836820152199
34,Whitney Leavitt,6,0.0048204588998838555
34,Alix Earle,7,0.1976362863944609
34,Andy Richter,7,0.005313622665874584
34,Danielle Fishel,7,0.0016049053468211042
34,Dylan Efron,7,0.19763628676175218
34,Elaine Hendrix,7,0.19763634219471646
34,Jen Affleck,7,0.0001731253666842474
34,Jordan Chiles,7,0.19763620593531425
34,Robert Irwin,7,0.19763631524924127
34,Whitney Leavitt,7,0.0047269100851349555
34,Alix Earle,8,0.19785814165904175
34,Andy Richter,8,0.004824716107418663
34,Danielle Fishel,8,0.0014492884755521664
34,Dylan Efron,8,0.1978581402614249
34,Elaine Hendrix,8,0.1978580942692975
34,Jordan Chiles,8,0.1978582116763886
34,Robert Irwin,8,0.19785811701295525
34,Whitney Leavitt,8,0.004435290537921216
34,Alix Earle,9,0.1982997337535044
34,Andy Richter,9,0.004343126882652728
34,Dylan Efron,9,0.1982997351753552
34,Elaine Hendrix,9,0.19829976955662804
34,Jordan Chiles,9,0.1982996801309184
34,Robert Irwin,9,0.19829975253950005
34,Whitney Leavitt,9,0.0041582019614411925
34,Alix Earle,10,0.19916917991289204
34,Dylan Efron,10,0.19916917854229613
34,Elaine Hendrix,10,0.19916915759936363
34,Jordan Chiles,10,0.19916921394774922
34,Robert Irwin,10,0.19916916817397154
34,Whitney Leavitt,10,0.004154101823727465
34,Alix Earle,11,0.19999999990688713
34,Dylan Efron,11,0.2000000002580514
34,Elaine Hendrix,11,0.20000000741341706
34,Jordan Chiles,11,0.19999998853299916
34,Robert Irwin,11,0.20000000388864525
