season,celebrity_name,week,p_est
1,Evander Holyfield,1,0.02746553872081188
1,Joey McIntyre,1,0.027198763298342664
1,John O'Hurley,1,0.47260147150408516
1,Kelly Monaco,1,0.47260024999802297
1,Rachel Hunter,1,2.2144829373016428e-16
1,Trista Sutter,1,0.00013397647873721695
1,Evander Holyfield,2,0.02752950470055695
1,Joey McIntyre,2,0.027156313753305586
1,John O'Hurley,2,0.47265542493139084
1,Kelly Monaco,2,0.4726587566147465
1,Rachel Hunter,2,0.0
1,Trista Sutter,2,7.740928807839196e-18
1,Evander Holyfield,3,0.022074417643568073
1,Joey McIntyre,3,0.02886042377732965
1,John O'Hurley,3,0.4745348433308552
1,Kelly Monaco,3,0.47453031524824707
1,Rachel Hunter,3,3.897377925474171e-17
1,Joey McIntyre,4,0.03620175897473448
1,John O'Hurley,4,0.48189686763442496
1,Kelly Monaco,4,0.4819013733908403
1,Rachel Hunter,4,1.816597955156321e-16
1,Joey McIntyre,5,0.027091473714286406
1,John O'Hurley,5,0.486455904026101
1,Kelly Monaco,5,0.48645262225961255
1,John O'Hurley,6,0.4999994003783129
1,Kelly Monaco,6,0.5000005996216871
2,Drew Lachey,1,0.3235673779621926
2,George Hamilton,1,3.062958966853107e-05
2,Giselle Fernandez,1,0.0
2,Jerry Rice,1,0.32356747616217524
2,Kenny Mayne,1,0.0
2,Lisa Rinna,1,6.392179666841696e-05
2,Master P,1,0.029114460007142164
2,Stacy Keibler,1,0.3235676254563697
2,Tatum O'Neal,1,0.0
2,Tia Carrere,1,8.850902578358126e-05
2,Drew Lachey,2,0.3235574066015687
2,George Hamilton,2,0.0
2,Giselle Fernandez,2,0.0
2,Jerry Rice,2,0.32355712493374306
2,Lisa Rinna,2,2.7728470561316776e-17
2,Master P,2,0.029187376661655013
2,Stacy Keibler,2,0.32355669872374654
2,Tatum O'Neal,2,0.00014139307928683938
2,Tia Carrere,2,0.0
2,Drew Lachey,3,0.3235648311075674
2,George Hamilton,3,0.0
2,Giselle Fernandez,3,0.0
2,Jerry Rice,3,0.3235652505678944
2,Lisa Rinna,3,9.75781955236954e-19
2,Master P,3,0.02930402930402804
2,Stacy Keibler,3,0.32356588902051014
2,Tia Carrere,3,4.082698805765728e-18
2,Drew Lachey,4,0.3248282635246325
2,George Hamilton,4,0.0
2,Jerry Rice,4,0.3248277688585654
2,Lisa Rinna,4,0.0
2,Master P,4,0.025516954457561847
2,Stacy Keibler,4,0.32482701315924023
2,Tia Carrere,4,0.0
2,Drew Lachey,5,0.32972891666016996
2,George Hamilton,5,0.003657686280290064
2,Jerry Rice,5,0.32972940970083353
2,Lisa Rinna,5,0.003701356830091993
2,Stacy Keibler,5,0.3297301681377345
2,Tia Carrere,5,0.00345246239088007
2,Drew Lachey,6,0.33097836453779134
2,George Hamilton,6,0.0034276576349837537
2,Jerry Rice,6,0.3309779452401089
2,Lisa Rinna,6,0.003638734093489173
2,Stacy Keibler,6,0.33097729849362684
2,Drew Lachey,7,0.3321032485765894
2,Jerry Rice,7,0.33210352812792054
2,Lisa Rinna,7,0.0036892608854604283
2,Stacy Keibler,7,0.3321039624100297
2,Drew Lachey,8,0.33333345037427337
2,Jerry Rice,8,0.33333335148228455
2,Stacy Keibler,8,0.3333331981434421
3,Emmitt Smith,1,0.48381455608149415
3,Harry Hamlin,1,0.0028993268111675565
3,Jerry Springer,1,0.009299507151434957
3,Joey Lawrence,1,0.005789061515609832
3,Mario Lopez,1,0.48381455253477446
3,Monique Coleman,1,0.00023555766802523616
3,Sara Evans,1,0.012452007875274975
3,Shanna Moakler,1,5.47769775881243e-05
3,Tucker Carlson,1,0.00011741202556867201
3,Vivica A. Fox,1,0.00014829493147397146
3,Willa Ford,1,0.001374946427588182
3,Emmitt Smith,2,0.4838715511548169
3,Harry Hamlin,2,0.0028936950762192396
3,Jerry Springer,2,0.009342042187031835
3,Joey Lawrence,2,0.005796557497143528
3,Mario Lopez,2,0.4838715664841405
3,Monique Coleman,2,0.00013535335406975637
3,Sara Evans,2,0.012619713907265186
3,Shanna Moakler,2,7.925360809172147e-18
3,Vivica A. Fox,2,8.514678527767946e-05
3,Willa Ford,2,0.0013843735540354782
3,Emmitt Smith,3,0.48411215299057536
3,Harry Hamlin,3,0.0014335023964934118
3,Jerry Springer,3,0.00978899146054846
3,Joey Lawrence,3,0.006101602145627497
3,Mario Lopez,3,0.4841121321099361
3,Monique Coleman,3,0.0001366589143214345
3,Sara Evans,3,0.012848573040509815
3,Vivica A. Fox,3,4.044067563133385e-05
3,Willa Ford,3,0.0014259462663566114
3,Emmitt Smith,4,0.4845343229235136
3,Jerry Springer,4,0.010240032298134596
3,Joey Lawrence,4,0.006580468083489011
3,Mario Lopez,4,0.4845343523128616
3,Monique Coleman,4,4.237399613705616e-05
3,Sara Evans,4,0.01345415705275622
3,Vivica A. Fox,4,4.546616904342508e-18
3,Willa Ford,4,0.0006142933331079047
3,Emmitt Smith,5,0.4852902828724338
3,Jerry Springer,5,0.011034235117401573
3,Joey Lawrence,5,0.0073509938650997315
3,Mario Lopez,5,0.485290253027663
3,Monique Coleman,5,4.573371589538125e-16
3,Sara Evans,5,0.011034235117401607
3,Willa Ford,5,1.11268372341506e-17
3,Emmitt Smith,6,0.48924099113814673
3,Jerry Springer,6,0.011382944743020188
3,Joey Lawrence,6,0.008144393531374724
3,Mario Lopez,6,0.48924102333676084
3,Monique Coleman,6,0.0019906472506975178
3,Emmitt Smith,7,0.4910767609907817
3,Jerry Springer,7,0.009404462883293885
3,Joey Lawrence,7,0.006816837753528456
3,Mario Lopez,7,0.4910767344083925
3,Monique Coleman,7,0.0016252039640033697
3,Emmitt Smith,8,0.49471624869881553
3,Joey Lawrence,8,0.007284172862675169
3,Mario Lopez,8,0.4947162721525095
3,Monique Coleman,8,0.003283306285999827
3,Emmitt Smith,9,0.4968698299201563
3,Joey Lawrence,9,0.00626035314425732
3,Mario Lopez,9,0.49686981693558646
3,Emmitt Smith,10,0.49999999689895164
3,Mario Lopez,10,0.5000000031010483
4,Apolo Anton Ohno,1,0.3173412647894337
4,Billy Ray Cyrus,1,0.01676937876673654
4,Clyde Drexler,1,0.01504300208100526
4,Heather Mills,1,0.0
4,Ian Ziering,1,2.575792633138454e-05
4,Joey Fatone,1,0.3173412648624645
4,John Ratzenberger,1,0.013460502551775794
4,Laila Ali,1,0.31734126427043213
4,Leeza Gibbons,1,0.0001532895805971
4,Paulina Porizkova,1,3.237359924405936e-18
4,Shandi Finnessey,1,0.002524275171223641
4,Apolo Anton Ohno,2,0.31731402450781143
4,Billy Ray Cyrus,2,0.01636201190638161
4,Clyde Drexler,2,0.015584058067620367
4,Heather Mills,2,0.0
4,Ian Ziering,2,0.0
4,Joey Fatone,2,0.31731402549616733
4,John Ratzenberger,2,0.013390764547050429
4,Laila Ali,2,0.3173140270395949
4,Leeza Gibbons,2,3.6000933137381175e-16
4,Paulina Porizkova,2,0.0
4,Shandi Finnessey,2,0.002721088435374261
4,Apolo Anton Ohno,3,0.31779462719132334
4,Billy Ray Cyrus,3,0.017093206781430257
4,Clyde Drexler,3,0.015459657100658584
4,Heather Mills,3,0.0
4,Ian Ziering,3,1.8180447265245692e-05
4,Joey Fatone,3,0.3177946248188205
4,John Ratzenberger,3,0.013753506847276067
4,Laila Ali,3,0.3177946249112996
4,Leeza Gibbons,3,0.00012243467885275953
4,Shandi Finnessey,3,0.0001691372230738827
4,Apolo Anton Ohno,4,0.31820829726712874
4,Billy Ray Cyrus,4,0.01769476169441327
4,Clyde Drexler,4,0.013836722751184253
4,Heather Mills,4,6.270754315113036e-17
4,Ian Ziering,4,0.000263781352708664
4,Joey Fatone,4,0.31820830152092444
4,John Ratzenberger,4,0.013562882288963901
4,Laila Ali,4,0.3182082980524134
4,Leeza Gibbons,4,1.695507226340975e-05
4,Apolo Anton Ohno,5,0.31862729051309563
4,Billy Ray Cyrus,5,0.01848587103644492
4,Clyde Drexler,5,0.011875964684566415
4,Heather Mills,5,0.0
4,Ian Ziering,5,0.0
4,Joey Fatone,5,0.3186272854215555
4,John Ratzenberger,5,0.01375629351030275
4,Laila Ali,5,0.31862729483403557
4,Apolo Anton Ohno,6,0.32094249622604826
4,Billy Ray Cyrus,6,0.021145299924489935
4,Heather Mills,6,0.0
4,Ian Ziering,6,0.0003733062434564566
4,Joey Fatone,6,0.32094250140897135
4,John Ratzenberger,6,0.015653910004372038
4,Laila Ali,6,0.32094248619266197
4,Apolo Anton Ohno,7,0.32275506660811354
4,Billy Ray Cyrus,7,0.02324997011449604
4,Ian Ziering,7,0.0003373283796726072
4,Joey Fatone,7,0.3227550632071617
4,John Ratzenberger,7,0.008147488992582382
4,Laila Ali,7,0.32275508269797387
4,Apolo Anton Ohno,8,0.32582745114364947
4,Billy Ray Cyrus,8,0.02088070843532448
4,Ian Ziering,8,0.0016369537661148931
4,Joey Fatone,8,0.3258274527692171
4,Laila Ali,8,0.32582743388569413
4,Apolo Anton Ohno,9,0.331517987566326
4,Ian Ziering,9,0.005446022739583514
4,Joey Fatone,9,0.3315179877417885
4,Laila Ali,9,0.33151800195230197
4,Apolo Anton Ohno,10,0.3333333351368626
4,Joey Fatone,10,0.333333334957749
4,Laila Ali,10,0.3333333299053885
5,Albert Reed,1,5.586324629905989e-18
5,Cameron Mathison,1,7.94519426252813e-17
5,Floyd Mayweather Jr. ,1,0.004808906884042101
5,Helio Castroneves,1,0.3216713066350749
5,Jane Seymour,1,0.004737653935472475
5,Jennie Garth,1,3.5825559158822885e-05
5,Josie Maran,1,8.038485312302991e-05
5,Marie Osmond,1,0.32167130551089534
5,Mark Cuban,1,0.008449882339877448
5,Mel B,1,0.32167130575710723
5,Sabrina Bryan,1,9.629637472190746e-17
5,Wayne Newton,1,0.01687342852524858
5,Albert Reed,2,5.1711762074256256e-18
5,Cameron Mathison,2,1.7445533524971767e-16
5,Floyd Mayweather Jr. ,2,0.004710823468088228
5,Helio Castroneves,2,0.32171280229145144
5,Jane Seymour,2,0.004961296567475201
5,Jennie Garth,2,2.31616183345369e-16
5,Marie Osmond,2,0.3217128059905926
5,Mark Cuban,2,0.008393052295904736
5,Mel B,2,0.3217128057460449
5,Sabrina Bryan,2,3.1324268493701734e-17
5,Wayne Newton,2,0.01679641364044255
5,Cameron Mathison,3,0.00037510098395919625
5,Floyd Mayweather Jr. ,3,0.005313439854850649
5,Helio Castroneves,3,0.3222658818198945
5,Jane Seymour,3,0.005494014759066512
5,Jennie Garth,3,0.0002304061395484203
5,Marie Osmond,3,0.3222658763167975
5,Mark Cuban,3,0.008102840133798514
5,Mel B,3,0.322265876867953
5,Sabrina Bryan,3,5.067897915635699e-17
5,Wayne Newton,3,0.013686563124131712
5,Cameron Mathison,4,0.0021297370166546287
5,Floyd Mayweather Jr. ,4,0.005964220292706804
5,Helio Castroneves,4,0.32432691545055337
5,Jane Seymour,4,0.007731743811860948
5,Jennie Garth,4,0.0019094846738151206
5,Marie Osmond,4,0.32432692255907436
5,Mark Cuban,4,0.008812113658891658
5,Mel B,4,0.3243269221588824
5,Sabrina Bryan,4,0.00047194037756068466
5,Cameron Mathison,5,0.0030151958902301756
5,Helio Castroneves,5,0.32547031148054884
5,Jane Seymour,5,0.009272942563364162
5,Jennie Garth,5,0.002707054672708808
5,Marie Osmond,5,0.3254703037938678
5,Mark Cuban,5,0.008519265633504747
5,Mel B,5,0.32547030443427905
5,Sabrina Bryan,5,7.462153149651919e-05
5,Cameron Mathison,6,0.004225124001354258
5,Helio Castroneves,6,0.32690028734971815
5,Jane Seymour,6,0.011097801563925867
5,Jennie Garth,6,0.003976196879960416
5,Marie Osmond,6,0.3269002953623274
5,Mel B,6,0.32690029484271377
5,Sabrina Bryan,6,1.0460912271904844e-16
5,Cameron Mathison,7,0.0049000204765974175
5,Helio Castroneves,7,0.32783376209637183
5,Jane Seymour,7,0.007042290813250388
5,Jennie Garth,7,0.004556415936756846
5,Marie Osmond,7,0.3278337549830622
5,Mel B,7,0.3278337556939613
5,Cameron Mathison,8,0.003787754808271049
5,Helio Castroneves,8,0.32996326534295906
5,Jennie Garth,8,0.0063224377942886914
5,Marie Osmond,8,0.32996327123692515
5,Mel B,8,0.3299632708175561
5,Helio Castroneves,9,0.3314053072878766
5,Jennie Garth,9,0.005784084985184057
5,Marie Osmond,9,0.3314053036691968
5,Mel B,9,0.3314053040577426
5,Helio Castroneves,10,0.3333333324037255
5,Marie Osmond,10,0.33333333380961366
5,Mel B,10,0.3333333337866609
6,Adam Carolla,1,0.0009139477563583477
6,Cristian de la Fuente,1,0.32883171640926095
6,Jason Taylor,1,0.3288317163878218
6,Kristi Yamaguchi,1,0.3288317171502531
6,Mario,1,0.00010324031845588388
6,Marissa Jaret Winokur,1,0.008919127701969443
6,Marlee Matlin,1,0.000532226990412176
6,Monica Seles,1,2.2373690015374077e-05
6,Penn Jillette,1,2.4499978069347793e-05
6,Priscilla Presley,1,0.00025446999117389606
6,Shannon Elizabeth,1,0.0001931810428308117
6,Steve Guttenberg,1,0.0025417825833787557
6,Adam Carolla,2,0.0008513546943161956
6,Cristian de la Fuente,2,0.32887182375465707
6,Jason Taylor,2,0.32887182333307974
6,Kristi Yamaguchi,2,0.32887182296720135
6,Mario,2,0.00030559678862273595
6,Marissa Jaret Winokur,2,0.008745774610702736
6,Marlee Matlin,2,0.0005337414278200046
6,Monica Seles,2,3.585039921632237e-18
6,Penn Jillette,2,2.9733409943861066e-18
6,Priscilla Presley,2,0.00016338790728770853
6,Shannon Elizabeth,2,0.00019912079372071188
6,Steve Guttenberg,2,0.002585553722591683
6,Adam Carolla,3,0.0009513374316747243
6,Cristian de la Fuente,3,0.32911942634468894
6,Jason Taylor,3,0.32911942662976257
6,Kristi Yamaguchi,3,0.32911942848684306
6,Mario,3,0.0008602134409705093
6,Marissa Jaret Winokur,3,0.008634764896699456
6,Marlee Matlin,3,0.000860213440970492
6,Priscilla Presley,3,0.00022568131541350457
6,Shannon Elizabeth,3,0.00022655536629261378
6,Steve Guttenberg,3,0.0008829526466840553
6,Adam Carolla,4,0.0008793181161789024
6,Cristian de la Fuente,4,0.3294346050970938
6,Jason Taylor,4,0.32943460462835766
6,Kristi Yamaguchi,4,0.3294346032139683
6,Mario,4,0.000656383421647
6,Marissa Jaret Winokur,4,0.008491825025850911
6,Marlee Matlin,4,0.0009090939227634685
6,Priscilla Presley,4,0.000427578137088072
6,Shannon Elizabeth,4,0.0003319884370519895
6,Cristian de la Fuente,5,0.3297877384109162
6,Jason Taylor,5,0.32978773850041854
6,Kristi Yamaguchi,5,0.3297877411974028
6,Mario,5,0.0004972151061948138
6,Marissa Jaret Winokur,5,0.008460111193667262
6,Marlee Matlin,5,0.0009180701139887158
6,Priscilla Presley,5,0.00045521074239734076
6,Shannon Elizabeth,5,0.00030617473501430836
6,Cristian de la Fuente,6,0.3301087679166878
6,Jason Taylor,6,0.33010876779994863
6,Kristi Yamaguchi,6,0.3301087659167497
6,Mario,6,0.00036831971216630475
6,Marissa Jaret Winokur,6,0.008196567638243024
6,Marlee Matlin,6,0.0006751491181954755
6,Shannon Elizabeth,6,0.0004336618980090678
6,Cristian de la Fuente,7,0.33043647864548165
6,Jason Taylor,7,0.3304364783332027
6,Kristi Yamaguchi,7,0.3304364810136212
6,Mario,7,0.00043405928143238953
6,Marissa Jaret Winokur,7,0.007953309506377708
6,Shannon Elizabeth,7,0.00030319321988434407
6,Cristian de la Fuente,8,0.3308397866351371
6,Jason Taylor,8,0.3308397867940646
6,Kristi Yamaguchi,8,0.3308397854390702
6,Mario,8,1.0750468910705044e-17
6,Marissa Jaret Winokur,8,0.007480641131728163
6,Cristian de la Fuente,9,0.3313978634573255
6,Jason Taylor,9,0.3313978631139563
6,Kristi Yamaguchi,9,0.3313978647542539
6,Marissa Jaret Winokur,9,0.005806408674464233
6,Cristian de la Fuente,10,0.33333333332644016
6,Jason Taylor,10,0.3333333333111732
6,Kristi Yamaguchi,10,0.33333333336238674
7,Brooke Burke,1,0.3275818682975039
7,Cloris Leachman,1,0.006583228612893301
7,Cody Linley,1,0.006940296159230428
7,Jeffrey Ross,1,5.214753773402301e-18
7,Kim Kardashian,1,1.151824851412379e-05
7,Lance Bass,1,0.3275818680493447
7,Maurice Greene,1,0.00019780619595906123
7,Misty May-Treanor,1,5.658296737333339e-05
7,Rocco DiSpirito,1,0.002869337981809051
7,Susan Lucci,1,0.0005941210432602928
7,Ted McGinley,1,1.4795181252432146e-18
7,Toni Braxton,1,1.5042142396403044e-06
7,Warren Sapp,1,0.3275818682298721
7,Brooke Burke,2,0.3276868946819278
7,Cloris Leachman,2,0.006032645898245405
7,Cody Linley,2,0.007012346824675825
7,Kim Kardashian,2,2.7642700364059943e-18
7,Lance Bass,2,0.3276868946272001
7,Maurice Greene,2,0.0002521747229944358
7,Misty May-Treanor,2,5.092104753831417e-05
7,Rocco DiSpirito,2,0.003084332803382818
7,Susan Lucci,2,0.00043274273877012045
7,Toni Braxton,2,7.415209038019645e-05
7,Warren Sapp,2,0.327686894564885
7,Brooke Burke,3,0.3280436378798826
7,Cloris Leachman,3,0.0054166509693483605
7,Cody Linley,3,0.007264085434705102
7,Lance Bass,3,0.32804363734113823
7,Maurice Greene,3,0.00035765471258965916
7,Rocco DiSpirito,3,0.0026436860543502553
7,Susan Lucci,3,8.772590689125334e-05
7,Toni Braxton,3,9.928408236242433e-05
7,Warren Sapp,3,0.328043637618732
7,Brooke Burke,4,0.32832035566745427
7,Cloris Leachman,4,0.004632129071879974
7,Cody Linley,4,0.0075858587708679814
7,Lance Bass,4,0.3283203559770369
7,Maurice Greene,4,0.00031630313425078576
7,Rocco DiSpirito,4,0.002316396958783601
7,Susan Lucci,4,6.157206391222657e-05
7,Toni Braxton,4,0.00012667246261229492
7,Warren Sapp,4,0.328320355893202
7,Brooke Burke,5,0.3289352981264699
7,Cloris Leachman,5,0.0042292842072218445
7,Cody Linley,5,0.00803067342062108
7,Lance Bass,5,0.3289352972607523
7,Maurice Greene,5,0.0003695781638669307
7,Susan Lucci,5,0.0002798277188971477
7,Toni Braxton,5,0.000284743662245504
7,Warren Sapp,5,0.3289352974399253
7,Brooke Burke,6,0.3292247876692059
7,Cloris Leachman,6,0.0036105369755996645
7,Cody Linley,6,0.008312900871033774
7,Lance Bass,6,0.32922478811306305
7,Maurice Greene,6,0.0001989470867603201
7,Susan Lucci,6,0.00020325117913446656
7,Warren Sapp,6,0.3292247881052028
7,Brooke Burke,7,0.3301449362156376
7,Cody Linley,7,0.009054012721915961
7,Lance Bass,7,0.3301449355941332
7,Maurice Greene,7,0.0005111798292766385
7,Susan Lucci,7,7.966213029613072e-18
7,Warren Sapp,7,0.3301449356390365
7,Brooke Burke,8,0.3306539393225592
7,Cody Linley,8,0.007496136726259592
7,Lance Bass,8,0.3306539393602678
7,Maurice Greene,8,0.0005420451926397268
7,Warren Sapp,8,0.33065393939827376
7,Brooke Burke,9,0.3312878342023397
7,Cody Linley,9,0.006136497923862102
7,Lance Bass,9,0.3312878339537627
7,Warren Sapp,9,0.3312878339200356
7,Brooke Burke,10,0.3333333334477485
7,Lance Bass,10,0.33333333326842923
7,Warren Sapp,10,0.33333333328382225
8,Belinda Carlisle,1,0.0
8,Chuck Wicks,1,1.4507980320571656e-17
8,David Alan Grier,1,0.002543596079923839
8,Denise Richards,1,0.0
8,Gilles Marini,1,0.3204208630245406
8,Holly Madison,1,0.00019174974986498687
8,Lawrence Taylor,1,0.003097356886084871
8,Lil' Kim,1,2.8975303059675106e-17
8,Melissa Rycroft,1,0.32042081634961755
8,Shawn Johnson,1,0.3204208702412572
8,Steve Wozniak,1,0.015470016611088565
8,Steve-O,1,0.010259308902509257
8,Ty Murray,1,0.007175422155113143
8,Belinda Carlisle,2,0.0
8,Chuck Wicks,2,3.6764032026854344e-17
8,David Alan Grier,2,0.0025157232704404705
8,Denise Richards,2,2.168404344971009e-18
8,Gilles Marini,2,0.32041629427240625
8,Holly Madison,2,0.0
8,Lawrence Taylor,2,0.0031782019118563464
8,Lil' Kim,2,1.962405932198763e-17
8,Melissa Rycroft,2,0.3204164320835389
8,Shawn Johnson,2,0.32041627561541397
8,Steve Wozniak,2,0.015595797211874632
8,Steve-O,2,0.010252154670453303
8,Ty Murray,2,0.007209120964016073
8,Chuck Wicks,3,1.5307895826590683e-17
8,David Alan Grier,3,0.0012058667798159816
8,Denise Richards,3,9.282494753962387e-19
8,Gilles Marini,3,0.32065272937800704
8,Holly Madison,3,2.710505431213761e-18
8,Lawrence Taylor,3,0.003544971442179824
8,Lil' Kim,3,0.0
8,Melissa Rycroft,3,0.3206525091798892
8,Shawn Johnson,3,0.3206527482907941
8,Steve Wozniak,3,0.01574785331371188
8,Steve-O,3,0.010248558781185548
8,Ty Murray,3,0.007294762834416447
8,Chuck Wicks,4,9.069754882274273e-18
8,David Alan Grier,4,0.0
8,Gilles Marini,4,0.32110578226030384
8,Holly Madison,4,0.0
8,Lawrence Taylor,4,0.00407826921501792
8,Lil' Kim,4,0.0
8,Melissa Rycroft,4,0.32110607270669295
8,Shawn Johnson,4,0.3211057771816814
8,Steve Wozniak,4,0.014083893556614036
8,Steve-O,4,0.010808243971708984
8,Ty Murray,4,0.00771196110798086
8,Chuck Wicks,5,0.0011988922728142883
8,David Alan Grier,5,1.948173152147157e-18
8,Gilles Marini,5,0.3231159874613864
8,Lawrence Taylor,5,0.006337928149295783
8,Lil' Kim,5,0.0007542761195493638
8,Melissa Rycroft,5,0.32311564714404506
8,Shawn Johnson,5,0.32311596417803634
8,Steve-O,5,0.0126871344985022
8,Ty Murray,5,0.009674170176370555
8,Chuck Wicks,6,0.0010743948670586755
8,Gilles Marini,6,0.3238943561867999
8,Lawrence Taylor,6,0.005658740807506105
8,Lil' Kim,6,1.532790821351382e-17
8,Melissa Rycroft,6,0.3238947208422938
8,Shawn Johnson,6,0.323894414648783
8,Steve-O,6,0.011161047014665203
8,Ty Murray,6,0.01042232563289329
8,Chuck Wicks,7,0.0023156434390802145
8,Gilles Marini,7,0.3260384157673209
8,Lawrence Taylor,7,0.006289036875901596
8,Lil' Kim,7,0.0006130404289782026
8,Melissa Rycroft,7,0.3260380574704902
8,Shawn Johnson,7,0.32603832416367445
8,Ty Murray,7,0.01266748185455437
8,Chuck Wicks,8,0.0029053409402709125
8,Gilles Marini,8,0.3274894088006458
8,Lil' Kim,8,0.0005767295827486186
8,Melissa Rycroft,8,0.32748973098506634
8,Shawn Johnson,8,0.327489519130346
8,Ty Murray,8,0.014049270560922264
8,Gilles Marini,9,0.3283430819666587
8,Lil' Kim,9,2.21785909295752e-17
8,Melissa Rycroft,9,0.32834282660587016
8,Shawn Johnson,9,0.3283429753224236
8,Ty Murray,9,0.014971116105047621
8,Gilles Marini,10,0.32936637611584246
8,Melissa Rycroft,10,0.32936654028366064
8,Shawn Johnson,10,0.32936645297472317
8,Ty Murray,10,0.011900630625773798
8,Gilles Marini,11,0.33333336143336756
8,Melissa Rycroft,11,0.33333330529597
8,Shawn Johnson,11,0.3333333332706626
9,Aaron Carter,1,0.0
9,Ashley Hamiliton,1,3.864164305374118e-18
9,Chuck Liddell,1,0.0
9,Debi Mazar,1,2.262045577139279e-05
9,Donny Osmond,1,0.32832358355919433
9,Joanna Krupa,1,7.646586156197027e-05
9,Kathy Ireland,1,0.0
9,Kelly Osbourne,1,0.3283235042952056
9,Louie Vito,1,0.0019962429399229763
9,Macy Gray,1,2.0599841277224584e-18
9,Mark Dacascos,1,0.0
9,Melissa Joan Hart,1,1.8447745038412144e-05
9,Michael Irvin,1,0.007759574642540281
9,Mya,1,0.3283236731786158
9,Natalie Coughlin,1,0.0
9,Tom DeLay,1,0.005155887322149252
9,Aaron Carter,2,4.483446215690649e-05
9,Chuck Liddell,2,0.0
9,Debi Mazar,2,3.385544859503335e-05
9,Donny Osmond,2,0.3283235615546141
9,Joanna Krupa,2,0.0002487490897311958
9,Kathy Ireland,2,5.8813906445871766e-05
9,Kelly Osbourne,2,0.32832379710337817
9,Louie Vito,2,0.0018023509857977656
9,Mark Dacascos,2,0.0
9,Melissa Joan Hart,2,0.0
9,Michael Irvin,2,0.007707597403208096
9,Mya,2,0.3283233039509369
9,Natalie Coughlin,2,3.5179160040321778e-06
9,Tom DeLay,2,0.005129618179131952
9,Aaron Carter,3,0.0
9,Chuck Liddell,3,0.0
9,Debi Mazar,3,5.308087884155891e-18
9,Donny Osmond,3,0.3283739118233026
9,Joanna Krupa,3,0.0
9,Kelly Osbourne,3,0.3283735393808041
9,Louie Vito,3,0.0019583449554288652
9,Mark Dacascos,3,0.0
9,Melissa Joan Hart,3,0.0
9,Michael Irvin,3,0.00775193798449578
9,Mya,3,0.3283743071996381
9,Natalie Coughlin,3,0.0
9,Tom DeLay,3,0.005167958656330693
9,Aaron Carter,4,0.0003895136891218467
9,Chuck Liddell,4,0.0
9,Donny Osmond,4,0.3292413892116923
9,Joanna Krupa,4,0.0005938990891204682
9,Kelly Osbourne,4,0.32924187080765854
9,Louie Vito,4,0.0027548209366390457
9,Mark Dacascos,4,0.00023580854705288685
9,Melissa Joan Hart,4,0.0002864784325067483
9,Michael Irvin,4,0.007572544046926317
9,Mya,4,0.32924090067540723
9,Natalie Coughlin,4,0.00044277456387475673
9,Aaron Carter,5,0.00019849181247838185
9,Donny Osmond,5,0.3297520386633202
9,Joanna Krupa,5,0.0005014297029259587
9,Kelly Osbourne,5,0.32975149521041736
9,Louie Vito,5,0.002115089739615372
9,Mark Dacascos,5,0.00033353433358873326
9,Melissa Joan Hart,5,0.00023711186347099916
9,Michael Irvin,5,0.007012021914088247
9,Mya,5,0.3297525698498468
9,Natalie Coughlin,5,0.00034621691024808263
9,Aaron Carter,6,0.00024420239990153897
9,Donny Osmond,6,0.33024638020566055
9,Joanna Krupa,6,0.0005921837859660243
9,Kelly Osbourne,6,0.33024693325345744
9,Louie Vito,6,0.001649585570344482
9,Mark Dacascos,6,2.1074179727686992e-18
9,Melissa Joan Hart,6,0.0
9,Michael Irvin,6,0.006774856688811313
9,Mya,6,0.3302458580958585
9,Aaron Carter,7,0.0003775759908270042
9,Donny Osmond,7,0.3309696800898012
9,Joanna Krupa,7,0.0007590206803812685
9,Kelly Osbourne,7,0.3309691786054507
9,Mark Dacascos,7,0.0
9,Michael Irvin,7,0.005954399264821287
9,Mya,7,0.33097014536871855
9,Aaron Carter,8,0.0012926907927763684
9,Donny Osmond,8,0.3323218300000039
9,Joanna Krupa,8,0.0017417854403555494
9,Kelly Osbourne,8,0.33232222993672855
9,Mya,8,0.3323214638301356
9,Donny Osmond,9,0.3327878276446403
9,Joanna Krupa,9,0.0016365381940215199
9,Kelly Osbourne,9,0.3327875723258869
9,Mya,9,0.3327880618354513
9,Donny Osmond,10,0.3333333305551785
9,Kelly Osbourne,10,0.33333341934277855
9,Mya,10,0.333333250102043
10,Aiden Turner,1,0.0027787580044370264
10,Buzz Aldrin,1,0.024152578622283805
10,Chad Ochocinco,1,0.011829161761862354
10,Erin Andrews,1,0.3153344117600516
10,Evan Lysacek,1,0.3153344170944635
10,Jake Pavelka,1,0.0001046833694444755
10,Kate Gosselin,1,0.014646519215954692
10,Nicole Scherzinger,1,0.31533441299735404
10,Niecy Nash,1,0.0003902945843605159
10,Pamela Anderson,1,5.4979482397849913e-05
10,Shannen Doherty,1,3.978310739024834e-05
10,Aiden Turner,2,0.0029814799506731036
10,Buzz Aldrin,2,0.024193601162793003
10,Chad Ochocinco,2,0.012072389041581814
10,Erin Andrews,2,0.31521661994137085
10,Evan Lysacek,2,0.3152166038126516
10,Jake Pavelka,2,1.5606363792257765e-18
10,Kate Gosselin,2,0.015102692071877723
10,Nicole Scherzinger,2,0.31521661401905204
10,Niecy Nash,2,4.011532686119865e-18
10,Pamela Anderson,2,1.6289026652404738e-18
10,Shannen Doherty,2,8.476411707506635e-18
10,Aiden Turner,3,0.002808236816556217
10,Buzz Aldrin,3,0.020909341836258154
10,Chad Ochocinco,3,0.010439303424969801
10,Erin Andrews,3,0.3169175324991443
10,Evan Lysacek,3,0.31691755669558913
10,Jake Pavelka,3,9.718879854864881e-18
10,Kate Gosselin,3,0.014340334549636633
10,Nicole Scherzinger,3,0.31691754009071005
10,Niecy Nash,3,0.0007501540871357954
10,Pamela Anderson,3,7.49734071430032e-18
10,Aiden Turner,4,0.00420137222543719
10,Chad Ochocinco,4,0.011447782086622957
10,Erin Andrews,4,0.32080487051409706
10,Evan Lysacek,4,0.32080484054607095
10,Jake Pavelka,4,0.0020786591025676697
10,Kate Gosselin,4,0.015262435722235035
10,Nicole Scherzinger,4,0.3208048601290829
10,Niecy Nash,4,0.0032753597505244597
10,Pamela Anderson,4,0.0013198199233617099
10,Chad Ochocinco,5,0.010704015960218485
10,Erin Andrews,5,0.3225999926286507
10,Evan Lysacek,5,0.32260002406401944
10,Jake Pavelka,5,0.002419516842430402
10,Kate Gosselin,5,0.013943718094802694
10,Nicole Scherzinger,5,0.32260000195153454
10,Niecy Nash,5,0.004045575439338905
10,Pamela Anderson,5,0.0010871550190047611
10,Chad Ochocinco,6,0.010809889376829952
10,Erin Andrews,6,0.3256161235821082
10,Evan Lysacek,6,0.3256160929761625
10,Jake Pavelka,6,0.0038658177602392397
10,Nicole Scherzinger,6,0.3256161139857981
10,Niecy Nash,6,0.006038153748332943
10,Pamela Anderson,6,0.0024378085705291483
10,Chad Ochocinco,7,0.009616002306335561
10,Erin Andrews,7,0.3273941067914803
10,Evan Lysacek,7,0.327394133213613
10,Nicole Scherzinger,7,0.32739411377969896
10,Niecy Nash,7,0.006260500714930247
10,Pamela Anderson,7,0.0019411431939420154
10,Chad Ochocinco,8,0.008046049946591067
10,Erin Andrews,8,0.3286970096812283
10,Evan Lysacek,8,0.3286969891451303
10,Nicole Scherzinger,8,0.32869700349107445
10,Niecy Nash,8,0.005862947735975956
10,Chad Ochocinco,9,0.007695222410225239
10,Erin Andrews,9,0.33076825422069484
10,Evan Lysacek,9,0.33076826651882807
10,Nicole Scherzinger,9,0.3307682568502518
10,Erin Andrews,10,0.33333333529667175
10,Evan Lysacek,10,0.3333333309717082
10,Nicole Scherzinger,10,0.33333333373162005
11,Audrina Patridge,1,2.8457365655277428e-05
11,Brandy,1,4.5661131251320983e-17
11,Bristol Palin,1,0.31985581531115054
11,David Hasselhoff,1,4.042169023076602e-05
11,Florence Henderson,1,0.0007859647761472894
11,Jennifer Grey,1,0.31985582073678676
11,Kurt Warner,1,0.03177349529505357
11,Kyle Massey,1,0.3198558264199517
11,Margaret Cho,1,0.0011768812314222716
11,Michael Bolton,1,7.689413543125566e-05
11,Rick Fox,1,0.005879056194613993
11,The Situation,1,0.0006713668435564921
11,Audrina Patridge,2,0.00013022649731561333
11,Brandy,2,6.262644926470562e-05
11,Bristol Palin,2,0.319941446568975
11,Florence Henderson,2,0.0007492958711450535
11,Jennifer Grey,2,0.31994142982812696
11,Kurt Warner,2,0.03171898346224702
11,Kyle Massey,2,0.3199414102583395
11,Margaret Cho,2,0.0009501942322483732
11,Michael Bolton,2,7.120839394031304e-05
11,Rick Fox,2,0.005824750739068437
11,The Situation,2,0.0006684276993290795
11,Audrina Patridge,3,8.63954939239082e-06
11,Brandy,3,3.295136568316924e-05
11,Bristol Palin,3,0.3199858940144939
11,Florence Henderson,3,0.0005504773089244951
11,Jennifer Grey,3,0.3199859156326106
11,Kurt Warner,3,0.0318921108726537
11,Kyle Massey,3,0.3199859448276913
11,Margaret Cho,3,0.0009860749717860533
11,Rick Fox,3,0.005874909055300176
11,The Situation,3,0.0006970824014641672
11,Audrina Patridge,4,0.00013482989934190427
11,Brandy,4,6.40737063108918e-05
11,Bristol Palin,4,0.3201220008508539
11,Florence Henderson,4,0.0007933068952637955
11,Jennifer Grey,4,0.32012197723796887
11,Kurt Warner,4,0.03184897912569372
11,Kyle Massey,4,0.3201219371450801
11,Rick Fox,4,0.0061616569609556785
11,The Situation,4,0.000631238178531
11,Audrina Patridge,5,0.00013671823631800073
11,Brandy,5,1.295207488574599e-06
11,Bristol Palin,5,0.3202641969049765
11,Florence Henderson,5,0.0008834356116510986
11,Jennifer Grey,5,0.32026421546707723
11,Kurt Warner,5,0.03191849463927209
11,Kyle Massey,5,0.32026426110072487
11,Rick Fox,5,0.006267382832491637
11,Audrina Patridge,6,0.0
11,Brandy,6,4.8151863432508157e-17
11,Bristol Palin,6,0.32047195912837956
11,Jennifer Grey,6,0.32047194628803977
11,Kurt Warner,6,0.03217475173320381
11,Kyle Massey,6,0.32047189563752854
11,Rick Fox,6,0.006409447212848342
11,Brandy,7,0.00012808748242347975
11,Bristol Palin,7,0.3223043426135282
11,Jennifer Grey,7,0.3223043476305865
11,Kurt Warner,7,0.027504358432879315
11,Kyle Massey,7,0.32230439552745144
11,Rick Fox,7,0.005454468313131052
11,Brandy,8,0.001114112621089194
11,Bristol Palin,8,0.32504154302308114
11,Jennifer Grey,8,0.3250415415242774
11,Kurt Warner,8,0.023761303495363543
11,Kyle Massey,8,0.32504149933618876
11,Brandy,9,0.005638281288185224
11,Bristol Palin,9,0.3314538981744445
11,Jennifer Grey,9,0.33145389653523993
11,Kyle Massey,9,0.3314539240021303
11,Bristol Palin,10,0.33333333680364147
11,Jennifer Grey,10,0.3333333369757026
11,Kyle Massey,10,0.3333333262206559
12,Chelsea Kane,1,0.3258181020060331
12,Chris Jericho,1,0.00028464772471047833
12,Hines Ward,1,0.3258180890292735
12,Kendra Wilkinson,1,0.009361847818643932
12,Kirstie Alley,1,0.3258181155563622
12,Mike Catherwood,1,7.153626095268546e-05
12,Petra Nemcova,1,5.199246106524355e-05
12,Ralph Macchio,1,0.01221375932129048
12,Romeo,1,0.0
12,Sugar Ray Leonard,1,0.00018713445155564275
12,Wendy Williams,1,0.0003747753701127144
12,Chelsea Kane,2,0.32591503420633944
12,Chris Jericho,2,0.00018361930668263463
12,Hines Ward,2,0.3259150743048267
12,Kendra Wilkinson,2,0.00959520638772058
12,Kirstie Alley,2,0.32591499035212484
12,Mike Catherwood,2,0.0
12,Petra Nemcova,2,0.0
12,Ralph Macchio,2,0.012263330205760512
12,Romeo,2,0.00013036067851916248
12,Sugar Ray Leonard,2,2.1868357819032624e-16
12,Wendy Williams,2,8.238455802597652e-05
12,Chelsea Kane,3,0.32584897761951215
12,Chris Jericho,3,0.0
12,Hines Ward,3,0.32584890792430593
12,Kendra Wilkinson,3,0.009503487921182047
12,Kirstie Alley,3,0.3258490499245208
12,Petra Nemcova,3,0.0
12,Ralph Macchio,3,0.012185208153857466
12,Romeo,3,9.702562016128283e-05
12,Sugar Ray Leonard,3,0.00013211820590159598
12,Wendy Williams,3,0.0005352246305586608
12,Chelsea Kane,4,0.32593612776237135
12,Chris Jericho,4,0.0
12,Hines Ward,4,0.32593622952303813
12,Kendra Wilkinson,4,0.009708737864075945
12,Kirstie Alley,4,0.32593602916710934
12,Petra Nemcova,4,9.039535613097893e-18
12,Ralph Macchio,4,0.012317169835919416
12,Romeo,4,0.0001657058474858836
12,Sugar Ray Leonard,4,0.0
12,Chelsea Kane,5,0.32640749007275854
12,Chris Jericho,5,0.00013646815051316662
12,Hines Ward,5,0.3264073587218601
12,Kendra Wilkinson,5,0.006738860403130679
12,Kirstie Alley,5,0.3264076054288509
12,Petra Nemcova,5,8.294146619514109e-18
12,Ralph Macchio,5,0.013068605003643345
12,Romeo,5,0.000833612219243285
12,Chelsea Kane,6,0.3270305846192349
12,Chris Jericho,6,1.892744839296454e-05
12,Hines Ward,6,0.3270307352470664
12,Kendra Wilkinson,6,0.0035768095965080667
12,Kirstie Alley,6,0.3270304598099649
12,Ralph Macchio,6,0.013541181657139481
12,Romeo,6,0.0017713016216933941
12,Chelsea Kane,7,0.3276780810948531
12,Hines Ward,7,0.3276779292216982
12,Kendra Wilkinson,7,0.00039849504835445955
12,Kirstie Alley,7,0.3276782008249362
12,Ralph Macchio,7,0.014400452165867491
12,Romeo,7,0.002166841644290594
12,Chelsea Kane,8,0.3282051179890059
12,Hines Ward,8,0.3282052497046869
12,Kirstie Alley,8,0.3282050169216909
12,Ralph Macchio,8,0.015384615384616282
12,Romeo,8,0.0
12,Chelsea Kane,9,0.3292737256525191
12,Hines Ward,9,0.3292736354570779
12,Kirstie Alley,9,0.32927379107238813
12,Ralph Macchio,9,0.01217884781801482
12,Chelsea Kane,10,0.33333333035968066
12,Hines Ward,10,0.33333336259820523
12,Kirstie Alley,10,0.3333333070421141
13,Carson Kressley,1,0.008924744430195647
13,Chaz Bono,1,0.01604688068775222
13,Chynna Phillips,1,1.0594816159305768e-05
13,David Arquette,1,0.008981148502984834
13,Elisabetta Canalis,1,1.7045488794048067e-05
13,Hope Solo,1,0.005944653763967896
13,J.R. Martinez,1,0.3175213777613777
13,Kristin Cavallari,1,1.7647132240252324e-05
13,Metta World Peace (Ron),1,5.811943955201896e-06
13,Nancy Grace,1,0.007487339708265755
13,Ricki Lake,1,0.3175213779525865
13,Rob Kardashian,1,0.3175213778117208
13,Carson Kressley,2,0.008946665886285917
13,Chaz Bono,2,0.016005285887621724
13,Chynna Phillips,2,1.8484331323506623e-17
13,David Arquette,2,0.008946665886290025
13,Elisabetta Canalis,2,4.419592163908463e-19
13,Hope Solo,2,0.005957129264464305
13,J.R. Martinez,2,0.3175256816888238
13,Kristin Cavallari,2,2.723174604362648e-18
13,Nancy Grace,2,0.007567209366046934
13,Ricki Lake,2,0.3175256803511325
13,Rob Kardashian,2,0.3175256816693349
13,Carson Kressley,3,0.0074466112598491375
13,Chaz Bono,3,0.016866716220293117
13,Chynna Phillips,3,2.776783980958376e-18
13,David Arquette,3,0.006687955974548834
13,Hope Solo,3,0.005575161981121561
13,J.R. Martinez,3,0.3183318850736441
13,Kristin Cavallari,3,5.779016976352764e-18
13,Nancy Grace,3,0.008427897654892184
13,Ricki Lake,3,0.3183318866415013
13,Rob Kardashian,3,0.3183318851941498
13,Carson Kressley,4,0.006749923110735834
13,Chaz Bono,4,0.014699016128350196
13,Chynna Phillips,4,2.661917416269906e-05
13,David Arquette,4,0.0051689176438102285
13,Hope Solo,4,0.005859046988497731
13,J.R. Martinez,4,0.3197792423442923
13,Nancy Grace,4,0.008158752401022764
13,Ricki Lake,4,0.31977923991619217
13,Rob Kardashian,4,0.31977924229293614
13,Carson Kressley,5,0.006009677598318269
13,Chaz Bono,5,0.012296584895053001
13,David Arquette,5,0.0037695964016544225
13,Hope Solo,5,0.006024976226651364
13,J.R. Martinez,5,0.32128250672401176
13,Nancy Grace,5,0.00805164234964406
13,Ricki Lake,5,0.32128250898513405
13,Rob Kardashian,5,0.3212825068195332
13,Chaz Bono,6,0.010829878870080861
13,David Arquette,6,0.0030865890993376156
13,Hope Solo,6,0.0068138146130457935
13,J.R. Martinez,6,0.3235569644727834
13,Nancy Grace,6,0.008598826638547389
13,Ricki Lake,6,0.32355696180732274
13,Rob Kardashian,6,0.32355696449888216
13,David Arquette,7,0.003100747336957857
13,Hope Solo,7,0.0074896694907859345
13,J.R. Martinez,7,0.32649497529082605
13,Nancy Grace,7,0.009924655267431371
13,Ricki Lake,7,0.326494977297103
13,Rob Kardashian,7,0.3264949753168958
13,Hope Solo,8,0.006812363871781106
13,J.R. Martinez,8,0.32812057400483935
13,Nancy Grace,8,0.008825916037061161
13,Ricki Lake,8,0.3281205720250952
13,Rob Kardashian,8,0.32812057406122314
13,Hope Solo,9,0.007165119005709909
13,J.R. Martinez,9,0.33094496000549706
13,Ricki Lake,9,0.330944960939538
13,Rob Kardashian,9,0.33094496004925505
13,J.R. Martinez,10,0.3333333335189889
13,Ricki Lake,10,0.33333333291543576
13,Rob Kardashian,10,0.33333333356557515
14,Donald Driver,1,0.328389964189467
14,Gavin DeGraw,1,0.0005172050475371615
14,Gladys Knight,1,0.003080012884020557
14,Jack Wagner,1,3.439959705297603e-05
14,Jaleel White,1,7.815192482192042e-05
14,Katherine Jenkins,1,0.3283898673570945
14,Maria Menounos,1,0.004553648304466745
14,Martina Navratilova,1,0.0002838334221716255
14,Melissa Gilbert,1,0.006149917172320817
14,Roshon Fegan,1,0.0001331093810095612
14,Sherri Sheperd,1,4.5294691728149136e-18
14,William Levy,1,0.32838989072003716
14,Donald Driver,2,0.328371279915798
14,Gavin DeGraw,2,0.000618547462711372
14,Gladys Knight,2,0.003038108383595556
14,Jack Wagner,2,4.4820915685841904e-05
14,Jaleel White,2,9.092364898911327e-05
14,Katherine Jenkins,2,0.32837156242477467
14,Maria Menounos,2,0.004601483277437837
14,Martina Navratilova,2,0.0002511059910590255
14,Melissa Gilbert,2,0.006114390601522463
14,Roshon Fegan,2,0.00012628320432804064
14,Sherri Sheperd,2,7.631401092620577e-18
14,William Levy,2,0.328371494174098
14,Donald Driver,3,0.3284324094751974
14,Gavin DeGraw,3,0.0005390555559380855
14,Gladys Knight,3,0.0029557306653375443
14,Jack Wagner,3,5.879867830337538e-18
14,Jaleel White,3,7.51688095313541e-05
14,Katherine Jenkins,3,0.32843196926122964
14,Maria Menounos,3,0.004730097126116185
14,Melissa Gilbert,3,0.006206610102056733
14,Roshon Fegan,3,0.00017861422941731295
14,Sherri Sheperd,3,1.8270838192931004e-05
14,William Levy,3,0.3284320739369828
14,Donald Driver,4,0.3284478898879253
14,Gavin DeGraw,4,0.0005108529585058799
14,Gladys Knight,4,0.002860271584110465
14,Jaleel White,4,6.297258776262139e-05
14,Katherine Jenkins,4,0.3284484471808023
14,Maria Menounos,4,0.004763237925454918
14,Melissa Gilbert,4,0.006385793065999515
14,Roshon Fegan,4,7.178025128279521e-05
14,Sherri Sheperd,4,4.3929967647408663e-07
14,William Levy,4,0.3284483152584798
14,Donald Driver,5,0.32851160895048637
14,Gavin DeGraw,5,0.0004248604710210725
14,Gladys Knight,5,0.0025281270922309852
14,Jaleel White,5,5.204909438240256e-05
14,Katherine Jenkins,5,0.3285109894452768
14,Maria Menounos,5,0.004867937883975455
14,Melissa Gilbert,5,0.006568960037256348
14,Roshon Fegan,5,2.4332742928988613e-05
14,William Levy,5,0.32851113428244155
14,Donald Driver,6,0.3286296490220995
14,Gladys Knight,6,0.0021816209808825327
14,Jaleel White,6,1.6608213547928954e-17
14,Katherine Jenkins,6,0.3286302717892861
14,Maria Menounos,6,0.005147873229899704
14,Melissa Gilbert,6,0.006780457519368984
14,Roshon Fegan,6,3.666667080878297e-17
14,William Levy,6,0.3286301274584632
14,Donald Driver,7,0.32902729157356464
14,Jaleel White,7,2.0876278078278528e-17
14,Katherine Jenkins,7,0.32902672815673967
14,Maria Menounos,7,0.005648918967279189
14,Melissa Gilbert,7,0.007259116749603537
14,Roshon Fegan,7,1.1087172420196563e-05
14,William Levy,7,0.3290268573803929
14,Donald Driver,8,0.32938420681639846
14,Katherine Jenkins,8,0.3293846560460217
14,Maria Menounos,8,0.006113124193827899
14,Melissa Gilbert,8,0.005733459964185444
14,Roshon Fegan,8,2.7136579630211185e-17
14,William Levy,8,0.3293845529795665
14,Donald Driver,9,0.33134054383100603
14,Katherine Jenkins,9,0.3313402553013142
14,Maria Menounos,9,0.005978880188352465
14,William Levy,9,0.3313403206793272
14,Donald Driver,10,0.3333332742288295
14,Katherine Jenkins,10,0.33333337426179305
14,William Levy,10,0.3333333515093774
15,Apolo Anton Ohno,1,0.002404407097771489
15,Bristol Palin,1,0.010061598694948526
15,Drew Lachey,1,9.784076569833564e-07
15,Emmitt Smith,1,0.008171094005033028
15,Gilles Marini,1,0.004376689540268118
15,Helio Castroneves,1,9.938970414701267e-07
15,Joey Fatone,1,5.269486358254077e-07
15,Kelly Monaco,1,0.32264917283144723
15,Kirstie Alley,1,0.00702012767959064
15,Melissa Rycroft,1,0.3226491733721595
15,Pamela Anderson,1,1.5363831034060294e-05
15,Sabrina Bryan,1,7.002334405054544e-07
15,Shawn Johnson,1,0.3226491734609728
15,Apolo Anton Ohno,2,0.002158612520132649
15,Bristol Palin,2,0.01083375413172665
15,Drew Lachey,2,1.1067774827004491e-17
15,Emmitt Smith,2,0.007933869011167029
15,Gilles Marini,2,0.004421501328205443
15,Helio Castroneves,2,4.039462849214278e-17
15,Joey Fatone,2,3.268826588706623e-17
15,Kelly Monaco,2,0.3225334546271555
15,Kirstie Alley,2,0.007051896365003531
15,Melissa Rycroft,2,0.32253345561955765
15,Sabrina Bryan,2,2.8408704635234435e-17
15,Shawn Johnson,2,0.32253345639705167
15,Apolo Anton Ohno,3,0.0021906524976858938
15,Bristol Palin,3,0.007880267351643959
15,Drew Lachey,3,9.2462923075822e-05
15,Emmitt Smith,3,0.008136842343743522
15,Gilles Marini,3,0.00482270666296874
15,Helio Castroneves,3,1.4617412343064049e-05
15,Kelly Monaco,3,0.3229481294544184
15,Kirstie Alley,3,0.00794678335389225
15,Melissa Rycroft,3,0.32294812950522295
15,Sabrina Bryan,3,7.127947799254521e-05
15,Shawn Johnson,3,0.32294812901701286
15,Apolo Anton Ohno,4,0.001808639981431005
15,Bristol Palin,4,0.004789224633569189
15,Emmitt Smith,4,0.008808795918431042
15,Gilles Marini,4,0.005520619096794746
15,Kelly Monaco,4,0.3233815059309315
15,Kirstie Alley,4,0.008928198558369104
15,Melissa Rycroft,4,0.3233815073426393
15,Sabrina Bryan,4,4.1545181858347266e-17
15,Shawn Johnson,4,0.32338150853783404
15,Apolo Anton Ohno,5,0.0020248108177609485
15,Emmitt Smith,5,0.009823617081798037
15,Gilles Marini,5,0.006592465598828159
15,Kelly Monaco,5,0.32427427027125033
15,Kirstie Alley,5,0.008397904428645355
15,Melissa Rycroft,5,0.3242742700057081
15,Sabrina Bryan,5,0.00033839250561824575
15,Shawn Johnson,5,0.3242742692903909
15,Apolo Anton Ohno,6,0.0013672295005021369
15,Emmitt Smith,6,0.0102805317839066
15,Gilles Marini,6,0.007330679276531876
15,Kelly Monaco,6,0.32456362527505406
15,Kirstie Alley,6,0.007330679276532109
15,Melissa Rycroft,6,0.3245636268083242
15,Sabrina Bryan,6,1.2499029242384188e-17
15,Shawn Johnson,6,0.32456362807914907
15,Apolo Anton Ohno,7,0.0016111876255318987
15,Emmitt Smith,7,0.008778820393516767
15,Gilles Marini,7,0.004645693096979739
15,Kelly Monaco,7,0.32620888454262165
15,Kirstie Alley,7,0.006337646226243677
15,Melissa Rycroft,7,0.3262088843840714
15,Shawn Johnson,7,0.32620888373103496
15,Apolo Anton Ohno,8,0.0022258450867863972
15,Emmitt Smith,8,0.007220916180070891
15,Gilles Marini,8,0.0022337256408527417
15,Kelly Monaco,8,0.3278318725987785
15,Kirstie Alley,8,0.004823891721044979
15,Melissa Rycroft,8,0.32783187387848545
15,Shawn Johnson,8,0.3278318748939811
15,Apolo Anton Ohno,9,0.0021173568685480125
15,Emmitt Smith,9,0.006784335322147677
15,Kelly Monaco,9,0.33036610253706766
15,Melissa Rycroft,9,0.3303661027542935
15,Shawn Johnson,9,0.3303661025179432
15,Kelly Monaco,10,0.33333333267752496
15,Melissa Rycroft,10,0.3333333334348615
15,Shawn Johnson,10,0.3333333338876135
16,Alexandra Raisman,1,0.24561267995557462
16,Andy Dick,1,7.036435050277949e-05
16,D. L. Hughley,1,9.452788567637652e-05
16,Dorothy Hamill,1,2.9939805747686247e-19
16,Ingo Rademacher,1,0.0035087980823059143
16,Jacoby Jones,1,0.2524381897319254
16,Kellie Pickler,1,0.24902543547007056
16,Lisa Vanderpump,1,5.363396838909073e-05
16,Sean Lowe,1,0.0
16,Victor Ortiz,1,5.903284812438996e-05
16,Wynonna Judd,1,0.00011190296453104591
16,Zendaya,1,0.2490254347428997
16,Alexandra Raisman,2,0.2455812288500581
16,Andy Dick,2,0.00010803889993167491
16,D. L. Hughley,2,3.165929689539768e-05
16,Dorothy Hamill,2,8.890901861053439e-06
16,Ingo Rademacher,2,0.003465602660403237
16,Jacoby Jones,2,0.25243126910773916
16,Kellie Pickler,2,0.24900625003079915
16,Lisa Vanderpump,2,6.218119071324925e-05
16,Sean Lowe,2,0.0
16,Victor Ortiz,2,0.0001248864859607818
16,Wynonna Judd,2,0.00017374306203038562
16,Zendaya,2,0.24900624951360772
16,Alexandra Raisman,3,0.24566459278558211
16,Andy Dick,3,3.7314587496576346e-05
16,D. L. Hughley,3,4.515319350476502e-06
16,Ingo Rademacher,3,0.0034222011922814695
16,Jacoby Jones,3,0.2524429586449137
16,Kellie Pickler,3,0.2490537759800984
16,Lisa Vanderpump,3,2.4074030751264474e-05
16,Sean Lowe,3,0.0
16,Victor Ortiz,3,0.0001095189333148036
16,Wynonna Judd,3,0.00018727349161100368
16,Zendaya,3,0.24905377503460016
16,Alexandra Raisman,4,0.24574286846770468
16,Andy Dick,4,6.94169631625557e-05
16,D. L. Hughley,4,0.00011567795199472792
16,Ingo Rademacher,4,0.003223869155860362
16,Jacoby Jones,4,0.25243785704616595
16,Kellie Pickler,4,0.24909036411424806
16,Lisa Vanderpump,4,1.4444581824897317e-05
16,Sean Lowe,4,5.615540602343861e-06
16,Victor Ortiz,4,0.0002095223773589056
16,Zendaya,4,0.24909036380107757
16,Alexandra Raisman,5,0.24584515845960309
16,Andy Dick,5,5.237602976363837e-05
16,D. L. Hughley,5,4.456764275436042e-05
16,Ingo Rademacher,5,0.003074111503229596
16,Jacoby Jones,5,0.252534289434567
16,Kellie Pickler,5,0.24918972394476632
16,Sean Lowe,5,1.3127753111318049e-05
16,Victor Ortiz,5,5.6922353243720456e-05
16,Zendaya,5,0.24918972287896107
16,Alexandra Raisman,6,0.24579766169927608
16,Andy Dick,6,8.111074407456803e-05
16,Ingo Rademacher,6,0.002825712122578444
16,Jacoby Jones,6,0.2526800402276151
16,Kellie Pickler,6,0.24923885247721325
16,Sean Lowe,6,0.0
16,Victor Ortiz,6,0.00013777051767146126
16,Zendaya,6,0.24923885221157124
16,Alexandra Raisman,7,0.24588192133439923
16,Andy Dick,7,8.483620564745763e-05
16,Ingo Rademacher,7,0.002611187369175278
16,Jacoby Jones,7,0.25277006737834534
16,Kellie Pickler,7,0.24932599440381098
16,Sean Lowe,7,4.051853711186872e-18
16,Zendaya,7,0.24932599330862174
16,Alexandra Raisman,8,0.24597976093495302
16,Ingo Rademacher,8,0.002341174290027139
16,Jacoby Jones,8,0.25283448261836566
16,Kellie Pickler,8,0.24940712309961915
16,Sean Lowe,8,3.0336321420683867e-05
16,Zendaya,8,0.24940712273561438
16,Alexandra Raisman,9,0.24614463203013226
16,Ingo Rademacher,9,0.0019638646067830605
16,Jacoby Jones,9,0.2528734357566507
16,Kellie Pickler,9,0.2495090342485016
16,Zendaya,9,0.2495090333579324
16,Alexandra Raisman,10,0.24664284030865194
16,Jacoby Jones,10,0.25335715910586637
16,Kellie Pickler,10,0.25000000059359173
16,Zendaya,10,0.24999999999189
17,Amber Riley,1,0.24232804487187315
17,Bill Engvall,1,0.24232804496357677
17,Bill Nye,1,0.0025279789690677043
17,Brant Daugherty,1,0.0017362639965086402
17,Christina Milian,1,0.0002471939740610785
17,Corbin Bleu,1,0.24232804530021146
17,Elizabeth Berkley Lauren,1,0.00630192185771185
17,Jack Osbourne,1,0.24232804440933975
17,Keyshawn Johnson,1,1.732988947934098e-05
17,Leah Remini,1,0.01615031627929592
17,"Nicole ""Snooki"" Polizzi",1,0.0016285856744809061
17,Valerie Harper,1,0.0020782298143934546
17,Amber Riley,2,0.24227387037011025
17,Bill Engvall,2,0.2422738706952252
17,Bill Nye,2,0.002508234381641797
17,Brant Daugherty,2,0.0017008104680702229
17,Christina Milian,2,0.00030671248996025016
17,Corbin Bleu,2,0.24227387100037873
17,Elizabeth Berkley Lauren,2,0.006251812577865478
17,Jack Osbourne,2,0.24227387001779996
17,Keyshawn Johnson,2,3.931387911710414e-06
17,Leah Remini,2,0.016157920401035766
17,"Nicole ""Snooki"" Polizzi",2,0.0017567850846020167
17,Valerie Harper,2,0.0022183111253986183
17,Amber Riley,3,0.24235925449304632
17,Bill Engvall,3,0.24235925443846693
17,Bill Nye,3,0.0021364590767762185
17,Brant Daugherty,3,0.001903915782981314
17,Christina Milian,3,6.944664499950816e-05
17,Corbin Bleu,3,0.24235925480548987
17,Elizabeth Berkley Lauren,3,0.00603802277933189
17,Jack Osbourne,3,0.24235925392974092
17,Leah Remini,3,0.016326769645522286
17,"Nicole ""Snooki"" Polizzi",3,0.0019563111642681473
17,Valerie Harper,3,0.0021320572393765673
17,Amber Riley,4,0.24253973228118159
17,Bill Engvall,4,0.24253973267852413
17,Brant Daugherty,4,0.0025118633219173092
17,Christina Milian,4,5.375220020408807e-05
17,Corbin Bleu,4,0.24253973294655112
17,Elizabeth Berkley Lauren,4,0.006090672131144946
17,Jack Osbourne,4,0.24253973201113632
17,Leah Remini,4,0.016668612348962147
17,"Nicole ""Snooki"" Polizzi",4,0.0023992129734162746
17,Valerie Harper,4,0.002116957106962041
17,Amber Riley,5,0.24284862496602308
17,Bill Engvall,5,0.24284862483917427
17,Brant Daugherty,5,0.0028239386957756812
17,Christina Milian,5,2.0461643497370097e-18
17,Corbin Bleu,5,0.24284862523788953
17,Elizabeth Berkley Lauren,5,0.005945261595462224
17,Jack Osbourne,5,0.24284862433496227
17,Leah Remini,5,0.01701236163493977
17,"Nicole ""Snooki"" Polizzi",5,0.0028239386957732166
17,Amber Riley,6,0.24357005222748318
17,Bill Engvall,6,0.24357005271120175
17,Brant Daugherty,6,0.001719512444123921
17,Corbin Bleu,6,0.2435700529673396
17,Elizabeth Berkley Lauren,6,0.006322837934618569
17,Jack Osbourne,6,0.24357005201371507
17,Leah Remini,6,0.01515679199617964
17,"Nicole ""Snooki"" Polizzi",6,0.0025206477053382813
17,Amber Riley,7,0.24428067391902944
17,Bill Engvall,7,0.24428067373127574
17,Brant Daugherty,7,0.0006876989667247191
17,Corbin Bleu,7,0.24428067411972362
17,Elizabeth Berkley Lauren,7,0.006577313267273026
17,Jack Osbourne,7,0.24428067327302697
17,Leah Remini,7,0.013366621239361815
17,"Nicole ""Snooki"" Polizzi",7,0.0022456714835847142
17,Amber Riley,8,0.24525022999047996
17,Bill Engvall,8,0.24525023043067312
17,Brant Daugherty,8,4.218450663244606e-05
17,Corbin Bleu,8,0.2452502307050094
17,Elizabeth Berkley Lauren,8,0.006984756161770049
17,Jack Osbourne,8,0.24525022972602087
17,Leah Remini,8,0.011972138479414193
17,Amber Riley,9,0.24592418344283853
17,Bill Engvall,9,0.24592418339921707
17,Corbin Bleu,9,0.24592418377346686
17,Elizabeth Berkley Lauren,9,0.006004756451405043
17,Jack Osbourne,9,0.24592418286770715
17,Leah Remini,9,0.010298510065365364
17,Amber Riley,10,0.2476269971207748
17,Bill Engvall,10,0.2476269973905257
17,Corbin Bleu,10,0.2476269976734654
17,Jack Osbourne,10,0.24762699679378847
17,Leah Remini,10,0.009492011021445578
17,Amber Riley,11,0.2499999999734287
17,Bill Engvall,11,0.2500000000880688
17,Corbin Bleu,11,0.25000000043201154
17,Jack Osbourne,11,0.24999999950649093
18,Amy Purdy,1,0.24184412937088462
18,Billy Dee Williams,1,0.01633638881828519
18,Candace Cameron Bure,1,0.252533546227062
18,Charlie White,1,0.003467676003715539
18,Cody Simpson,1,4.76959680390046e-05
18,Danica McKellar,1,0.0001804283134313486
18,Diana Nyad,1,0.0001599138819485211
18,Drew Carey,1,0.010558586142197502
18,James Maslow,1,0.23115471306786772
18,Meryl Davis,1,0.241844129104797
18,NeNe Leakes,1,0.0018089700145405728
18,Sean Avery,1,6.382308723112245e-05
18,Amy Purdy,2,0.24197068936255756
18,Billy Dee Williams,2,0.01637320238726867
18,Candace Cameron Bure,2,0.2526796426863457
18,Charlie White,2,0.003239830205211797
18,Cody Simpson,2,1.7816668578777141e-06
18,Danica McKellar,2,4.5417357978755555e-05
18,Drew Carey,2,0.010536914981319529
18,James Maslow,2,0.23126173496759347
18,Meryl Davis,2,0.2419706905536421
18,NeNe Leakes,2,0.0019200958312245709
18,Sean Avery,2,9.562095266296728e-18
18,Amy Purdy,3,0.24397816563740404
18,Candace Cameron Bure,3,0.25468857982553655
18,Charlie White,3,0.004725072422867654
18,Cody Simpson,3,0.0012809027490786776
18,Danica McKellar,3,0.0011576662195357393
18,Drew Carey,3,0.012586815192491153
18,James Maslow,3,0.23326775420166318
18,Meryl Davis,3,0.24397816473928324
18,NeNe Leakes,3,0.00433687901213978
18,Amy Purdy,4,0.2441953675934787
18,Candace Cameron Bure,4,0.2548654464613616
18,Charlie White,4,0.004472723898738178
18,Cody Simpson,4,0.000773756618625514
18,Danica McKellar,4,0.0007358512144387504
18,Drew Carey,4,0.012522443617727396
18,James Maslow,4,0.2335252858458362
18,Meryl Davis,4,0.2441953694864414
18,NeNe Leakes,4,0.004713755263352255
18,Amy Purdy,5,0.24456315134412437
18,Candace Cameron Bure,5,0.2550836981282987
18,Charlie White,5,0.0037390658964212933
18,Cody Simpson,5,4.832165241724114e-18
18,Danica McKellar,5,8.08298421395481e-05
18,Drew Carey,5,0.01241127826059297
18,James Maslow,5,0.23404260837788687
18,Meryl Davis,5,0.24456314972969728
18,NeNe Leakes,5,0.005516218420839118
18,Amy Purdy,6,0.24514954925804286
18,Candace Cameron Bure,6,0.2556790431131007
18,Charlie White,6,0.0035172236742477725
18,Danica McKellar,6,0.000217857690323049
18,Drew Carey,6,0.00902048948686062
18,James Maslow,6,0.2346200514768203
18,Meryl Davis,6,0.24514955081666379
18,NeNe Leakes,6,0.006646234483940963
18,Amy Purdy,7,0.24690038653769075
18,Candace Cameron Bure,7,0.2573595495327415
18,Charlie White,7,0.004178157671743821
18,Danica McKellar,7,0.0011794238783292667
18,James Maslow,7,0.23644122751235253
18,Meryl Davis,7,0.24690038555350236
18,NeNe Leakes,7,0.0070408693136398415
18,Amy Purdy,8,0.24842404356614753
18,Candace Cameron Bure,8,0.25904230607734846
18,Charlie White,8,0.004598245256806085
18,Danica McKellar,8,0.0017055818285897065
18,James Maslow,8,0.23780577836810246
18,Meryl Davis,8,0.2484240449030057
18,Amy Purdy,9,0.24892839638335781
18,Candace Cameron Bure,9,0.2593617558942406
18,Charlie White,9,0.004286412570873997
18,James Maslow,9,0.23849503904529668
18,Meryl Davis,9,0.248928396106231
18,Amy Purdy,10,0.2500000001100966
18,Candace Cameron Bure,10,0.2604276786752709
18,James Maslow,10,0.23957232088482608
18,Meryl Davis,10,0.25000000032980646
19,Alfonso Ribeiro,1,0.23895375994320314
19,Antonio Sabato Jr.,1,0.007844838715078156
19,Bethany Mota,1,0.2389537597039085
19,Betsey Johnson,1,0.003578679346258562
19,Janel Parrish,1,0.2389537600515276
19,Jonathan Bennett,1,0.009595934945433092
19,Lea Thompson,1,6.405919195062104e-05
19,Lolo Jones,1,1.7968891453019605e-17
19,Michael Waltrip,1,0.008431363490929603
19,Randy Couture,1,0.000400065923401729
19,Sadie Robertson,1,0.23895375946750635
19,Tavis Smiley,1,5.669035373707586e-05
19,Tommy Chong,1,0.014213328867065498
19,Alfonso Ribeiro,2,0.2390841489094434
19,Antonio Sabato Jr.,2,0.007916018550564837
19,Bethany Mota,2,0.2390841508804846
19,Betsey Johnson,2,0.0023480220427382465
19,Janel Parrish,2,0.23908414784793094
19,Jonathan Bennett,2,0.009775943273119148
19,Lea Thompson,2,0.00010900184779518355
19,Michael Waltrip,2,0.008568362078899786
19,Randy Couture,2,0.0005243597129883091
19,Sadie Robertson,2,0.23908414934843053
19,Tavis Smiley,2,6.879107867772185e-05
19,Tommy Chong,2,0.014352904428927307
19,Alfonso Ribeiro,3,0.23922285907765278
19,Antonio Sabato Jr.,3,0.008143955806344522
19,Bethany Mota,3,0.2392228567772393
19,Betsey Johnson,3,0.0010851405623741083
19,Janel Parrish,3,0.23922286023040412
19,Jonathan Bennett,3,0.010073429791068027
19,Lea Thompson,3,6.522290663728679e-05
19,Michael Waltrip,3,0.008738390725636948
19,Randy Couture,3,0.0005090186479040252
19,Sadie Robertson,3,0.239222857729622
19,Tommy Chong,3,0.01449340774511682
19,Alfonso Ribeiro,4,0.23941941520752755
19,Antonio Sabato Jr.,4,0.008385631909580502
19,Bethany Mota,4,0.23941941895071192
19,Betsey Johnson,4,2.2022921084461954e-17
19,Janel Parrish,4,0.23941941342157255
19,Jonathan Bennett,4,0.010404168590358299
19,Lea Thompson,4,1.3059949550335464e-05
19,Michael Waltrip,4,0.008874601099529577
19,Sadie Robertson,4,0.23941941648244489
19,Tommy Chong,4,0.01464487438872437
19,Alfonso Ribeiro,5,0.24006880314936038
19,Antonio Sabato Jr.,5,0.009079582850478244
19,Bethany Mota,5,0.24006879949824977
19,Janel Parrish,5,0.24006880474688777
19,Jonathan Bennett,5,0.005603597003322478
19,Lea Thompson,5,0.0003182338545804741
19,Michael Waltrip,5,0.009489384326861852
19,Sadie Robertson,5,0.24006880109652048
19,Tommy Chong,5,0.015233993473738475
19,Alfonso Ribeiro,6,0.24067331568866412
19,Antonio Sabato Jr.,6,0.009829033282645765
19,Bethany Mota,6,0.2406733202385123
19,Janel Parrish,6,0.240673313762487
19,Jonathan Bennett,6,0.0007443858566185546
19,Lea Thompson,6,0.0007277818605773244
19,Michael Waltrip,6,0.010169758863961032
19,Sadie Robertson,6,0.2406733174245731
19,Tommy Chong,6,0.01583577302196083
19,Alfonso Ribeiro,7,0.24139316702781444
19,Antonio Sabato Jr.,7,0.006977126598560901
19,Bethany Mota,7,0.24139316328367166
19,Janel Parrish,7,0.24139316863964203
19,Lea Thompson,7,6.7369695654065e-05
19,Michael Waltrip,7,0.0108359825618912
19,Sadie Robertson,7,0.24139316496221067
19,Tommy Chong,7,0.016546857230555063
19,Alfonso Ribeiro,8,0.24289030215737004
19,Bethany Mota,8,0.24289030614622192
19,Janel Parrish,8,0.2428903004892127
19,Lea Thompson,8,1.4700116792531785e-17
19,Michael Waltrip,8,0.010280922214505132
19,Sadie Robertson,8,0.24289030365307201
19,Tommy Chong,8,0.01815786533961823
19,Alfonso Ribeiro,9,0.24493906064371768
19,Bethany Mota,9,0.24493905811781963
19,Janel Parrish,9,0.24493906178326172
19,Lea Thompson,9,1.076034295220887e-17
19,Sadie Robertson,9,0.24493905921038336
19,Tommy Chong,9,0.02024376024481763
19,Alfonso Ribeiro,10,0.24576977158735688
19,Bethany Mota,10,0.24576977375527356
19,Janel Parrish,10,0.24576977063066768
19,Sadie Robertson,10,0.24576977221353163
19,Tommy Chong,10,0.0169209118131702
19,Alfonso Ribeiro,11,0.25000000012881757
19,Bethany Mota,11,0.2499999998633637
19,Janel Parrish,11,0.25000000030030994
19,Sadie Robertson,11,0.24999999970750886
20,Charlotte McKinney,1,0.009606601583191033
20,Chris Soules,1,0.019222575516678685
20,Michael Sam,1,0.00566843327738155
20,Nastia Liukin,1,4.2198544870047916e-05
20,Noah Galloway,1,0.3128334515370172
20,Patti LaBelle,1,0.006624768516993205
20,Redfoo,1,2.9462414554947218e-05
20,Riker Lynch,1,0.3128334500085891
20,Robert Herjavec,1,0.014545451013868171
20,Rumer Willis,1,0.31283345117599826
20,Suzanne Somers,1,0.005720182739060795
20,Willow Shields,1,3.997367179702102e-05
20,Charlotte McKinney,2,0.009584919427818932
20,Chris Soules,2,0.019191067362497375
20,Michael Sam,2,0.00574246025394756
20,Nastia Liukin,2,1.011764132706798e-05
20,Noah Galloway,2,0.312822870056967
20,Patti LaBelle,2,0.006667674740606528
20,Redfoo,2,5.810680792111982e-18
20,Riker Lynch,2,0.31282287178307955
20,Robert Herjavec,2,0.01457454990046432
20,Rumer Willis,2,0.3128228686838833
20,Suzanne Somers,2,0.005742460253948207
20,Willow Shields,2,1.8139895460219836e-05
20,Charlotte McKinney,3,0.007518587222335124
20,Chris Soules,3,0.019112405382651836
20,Michael Sam,3,0.0036045193841931834
20,Nastia Liukin,3,3.567209511999736e-18
20,Noah Galloway,3,0.31369308062462314
20,Patti LaBelle,3,0.007515541346063868
20,Riker Lynch,3,0.31369307579665523
20,Robert Herjavec,3,0.015376230720884536
20,Rumer Willis,3,0.31369308165350307
20,Suzanne Somers,3,0.00576448730206893
20,Willow Shields,3,2.8990567021096334e-05
20,Chris Soules,4,0.019745243529143648
20,Michael Sam,4,0.002448234965474527
20,Nastia Liukin,4,0.00036877117130066956
20,Noah Galloway,4,0.3152927969188886
20,Patti LaBelle,4,0.00768359565404796
20,Riker Lynch,4,0.3152928019817402
20,Robert Herjavec,4,0.016959089289634122
20,Rumer Willis,4,0.3152927942355279
20,Suzanne Somers,4,0.006541786202798908
20,Willow Shields,4,0.00037488605144348256
20,Chris Soules,5,0.019982007388198494
20,Nastia Liukin,5,8.479743931650313e-05
20,Noah Galloway,5,0.3164342910997606
20,Patti LaBelle,5,0.007372553167514807
20,Riker Lynch,5,0.3164342834097573
20,Robert Herjavec,5,0.01811245891199808
20,Rumer Willis,5,0.3164342921734121
20,Suzanne Somers,5,0.005028156507544762
20,Willow Shields,5,0.00011715990249733366
20,Chris Soules,6,0.02037584479809563
20,Nastia Liukin,6,0.0002630361681279208
20,Noah Galloway,6,0.317815355735313
20,Patti LaBelle,6,0.006154717876780805
20,Riker Lynch,6,0.3178153625725294
20,Robert Herjavec,6,0.01949729254510409
20,Rumer Willis,6,0.31781535413592504
20,Willow Shields,6,0.0002630361681241153
20,Chris Soules,7,0.020947684422610444
20,Nastia Liukin,7,2.1806974110756467e-18
20,Noah Galloway,7,0.3193682130062707
20,Riker Lynch,7,0.31936820497313956
20,Robert Herjavec,7,0.020947684422609133
20,Rumer Willis,7,0.31936821317537023
20,Willow Shields,7,1.5020319360808497e-17
20,Chris Soules,8,0.015762154391086008
20,Nastia Liukin,8,0.0008169038155098194
20,Noah Galloway,8,0.32255292776137523
20,Riker Lynch,8,0.32255293323749323
20,Robert Herjavec,8,0.01576215441584152
20,Rumer Willis,8,0.32255292637869415
20,Nastia Liukin,9,0.00688817116248093
20,Noah Galloway,9,0.3310372778371846
20,Riker Lynch,9,0.3310372729863446
20,Rumer Willis,9,0.33103727801398986
20,Noah Galloway,10,0.3333333334029915
20,Riker Lynch,10,0.3333333341753835
20,Rumer Willis,10,0.33333333242162505
21,Alek Skarlatos,1,0.24995551402657218
21,Alexa PenaVega,1,0.0007226049446278673
21,Andy Grammer,1,0.001833775671023447
21,Bindi Irwin,1,0.24300361349576838
21,Carlos PenaVega,1,0.23605171372008757
21,Chaka Khan,1,3.1666530322521165e-05
21,Gary Busey,1,0.005074548546920124
21,Hayes Grier,1,0.0006502211159038614
21,Kim Zolciak-Biermann,1,3.415322412803729e-05
21,Nick Carter,1,0.2430036135204026
21,Paula Deen,1,0.000854051413796757
21,Tamar Braxton,1,0.01875875810108414
21,Victor Espinoza,1,2.5765689362580388e-05
21,Alek Skarlatos,2,0.24994901961858865
21,Alexa PenaVega,2,0.0006272340242734643
21,Andy Grammer,2,0.001722019186345802
21,Bindi Irwin,2,0.24310506732777779
21,Carlos PenaVega,2,0.23626111576459458
21,Chaka Khan,2,1.795530429966795e-05
21,Gary Busey,2,0.0050546760511258025
21,Hayes Grier,2,0.00045243795057719213
21,Kim Zolciak-Biermann,2,2.6996073908084023e-05
21,Nick Carter,2,0.24310506731843515
21,Paula Deen,2,0.000946955013245387
21,Tamar Braxton,2,0.01872553888169498
21,Victor Espinoza,2,5.917485119510326e-06
21,Alek Skarlatos,3,0.2498739511622307
21,Alexa PenaVega,3,0.0007258854732805351
21,Andy Grammer,3,0.0017650133932925619
21,Bindi Irwin,3,0.24313448948354166
21,Carlos PenaVega,3,0.23639502845317237
21,Gary Busey,3,0.004596588900588854
21,Hayes Grier,3,0.0004164956481610791
21,Nick Carter,3,0.2431344895115064
21,Paula Deen,3,0.0010139049521510114
21,Tamar Braxton,3,0.01894415302207492
21,Alek Skarlatos,4,0.24974794624912006
21,Alexa PenaVega,4,0.0009192908406738502
21,Andy Grammer,4,0.0017266919604418528
21,Bindi Irwin,4,0.24308516676875536
21,Carlos PenaVega,4,0.23642238797970797
21,Gary Busey,4,0.004485933744153543
21,Hayes Grier,4,0.00025037837508558476
21,Nick Carter,4,0.2430851667771101
21,Paula Deen,4,0.0008115211560538911
21,Tamar Braxton,4,0.019465516148897796
21,Alek Skarlatos,5,0.2501850025260053
21,Alexa PenaVega,5,0.00144541027936519
21,Andy Grammer,5,0.0019633954603419657
21,Bindi Irwin,5,0.24369945474140453
21,Carlos PenaVega,5,0.23721390759237984
21,Hayes Grier,5,0.0005296331420778958
21,Nick Carter,5,0.24369945475471586
21,Paula Deen,5,0.0009240237770007643
21,Tamar Braxton,5,0.020339717726708634
21,Alek Skarlatos,6,0.25011004035135875
21,Alexa PenaVega,6,0.0015794581624990862
21,Andy Grammer,6,0.0016915333184537472
21,Bindi Irwin,6,0.2437727915259902
21,Carlos PenaVega,6,0.23743554324202715
21,Hayes Grier,6,0.00024738966600812575
21,Nick Carter,6,0.24377279148293712
21,Paula Deen,6,0.0006894047924798148
21,Tamar Braxton,6,0.02070104745824604
21,Alek Skarlatos,7,0.2500737964105742
21,Alexa PenaVega,7,0.0015093562314924076
21,Andy Grammer,7,0.0013648470879225867
21,Bindi Irwin,7,0.24396790424303708
21,Carlos PenaVega,7,0.23786201257683814
21,Hayes Grier,7,4.350290995762974e-06
21,Nick Carter,7,0.24396790418998707
21,Tamar Braxton,7,0.0212498289691528
21,Alek Skarlatos,8,0.24994603796688078
21,Alexa PenaVega,8,0.0006277909256365446
21,Andy Grammer,8,0.0012432221941843324
21,Bindi Irwin,8,0.2441373894300518
21,Carlos PenaVega,8,0.23832874134515
21,Nick Carter,8,0.24413738938214022
21,Tamar Braxton,8,0.0215794287559563
21,Alek Skarlatos,9,0.25015731282818127
21,Alexa PenaVega,9,1.6301781749034658e-17
21,Bindi Irwin,9,0.24443293782521955
21,Carlos PenaVega,9,0.23870856326422005
21,Nick Carter,9,0.24443293774835254
21,Tamar Braxton,9,0.022268248334026654
21,Alek Skarlatos,10,0.25564818906217485
21,Bindi Irwin,10,0.24999999991662022
21,Carlos PenaVega,10,0.2443518111592882
21,Nick Carter,10,0.24999999986191676
21,Alek Skarlatos,11,0.2557813795186723
21,Bindi Irwin,11,0.24999999993326935
21,Carlos PenaVega,11,0.24421862070824105
21,Nick Carter,11,0.24999999983981738
22,Antonio Brown,1,0.010787113257729077
22,Doug Flutie,1,0.007941651106944267
22,Geraldo Rivera,1,0.0002628773239738391
22,Ginger Zee,1,0.32053700673327484
22,Jodie Sweetin,1,0.0013049516784060392
22,Kim Fields,1,0.0002801841361654913
22,Marla Maples,1,0.00024416231909406543
22,Mischa Barton,1,0.0002175728545174127
22,Nyle DiMarco,1,0.3205370062603878
22,Paige VanZant,1,0.32053700619110015
22,Von Miller,1,0.00023454868667800315
22,Wanya Morris,1,0.01711591945172912
22,Antonio Brown,2,0.01071049799012256
22,Doug Flutie,2,0.007990848375503748
22,Geraldo Rivera,2,0.0002242892028841545
22,Ginger Zee,2,0.3205329879803502
22,Jodie Sweetin,2,0.0014967097929989908
22,Kim Fields,2,0.00023650156882040453
22,Marla Maples,2,0.0002106919921134973
22,Mischa Barton,2,0.00022068587046212144
22,Nyle DiMarco,2,0.3205329875779828
22,Paige VanZant,2,0.320532987526488
22,Von Miller,2,0.00019976472486549982
22,Wanya Morris,2,0.01711104739740793
22,Antonio Brown,3,0.010553470762393751
22,Doug Flutie,3,0.008155162041196788
22,Ginger Zee,3,0.32056028611146475
22,Jodie Sweetin,3,0.0017911654957653363
22,Kim Fields,3,0.00015716945487018825
22,Marla Maples,3,0.00018765266799410945
22,Mischa Barton,3,0.00020496695628751223
22,Nyle DiMarco,3,0.32056028570738676
22,Paige VanZant,3,0.3205602856198057
22,Von Miller,3,0.00013747613968744405
22,Wanya Morris,3,0.01713207904314767
22,Antonio Brown,4,0.01038897103439033
22,Doug Flutie,4,0.0083472346585496
22,Ginger Zee,4,0.3206453838449863
22,Jodie Sweetin,4,0.002077642182058869
22,Kim Fields,4,2.0810741792267754e-05
22,Marla Maples,4,1.1342818647632692e-17
22,Nyle DiMarco,4,0.3206453834307832
22,Paige VanZant,4,0.32064538335778114
22,Von Miller,4,6.894036133367049e-06
22,Wanya Morris,4,0.017222296713524876
22,Antonio Brown,5,0.010521525692322885
22,Doug Flutie,5,0.007474287888919666
22,Ginger Zee,5,0.32092806563861664
22,Jodie Sweetin,5,0.0016526460063141873
22,Kim Fields,5,3.427966877618405e-05
22,Nyle DiMarco,5,0.32092806521145806
22,Paige VanZant,5,0.3209280651159819
22,Von Miller,5,3.483963314303938e-05
22,Wanya Morris,5,0.01749822514446756
22,Antonio Brown,6,0.010642520926914844
22,Doug Flutie,6,0.006586825017754151
22,Ginger Zee,6,0.32121344278406355
22,Jodie Sweetin,6,0.001273822985673459
22,Kim Fields,6,4.8755871167134e-18
22,Nyle DiMarco,6,0.32121344240093314
22,Paige VanZant,6,0.32121344235688154
22,Von Miller,6,5.877226912975322e-18
22,Wanya Morris,6,0.01785650352777928
22,Antonio Brown,7,0.01163274924110369
22,Ginger Zee,7,0.3223998187047436
22,Jodie Sweetin,7,0.0017019818114074351
22,Kim Fields,7,0.00014896128320512352
22,Nyle DiMarco,7,0.3223998183375029
22,Paige VanZant,7,0.32239981829496783
22,Von Miller,7,0.00014896128320462766
22,Wanya Morris,7,0.019167891043864845
22,Antonio Brown,8,0.011793942484130905
22,Ginger Zee,8,0.32284085652268313
22,Jodie Sweetin,8,1.089466543333087e-18
22,Nyle DiMarco,8,0.3228408560995317
22,Paige VanZant,8,0.3228408560584346
22,Wanya Morris,8,0.01968348883521967
22,Antonio Brown,9,0.007377313967425523
22,Ginger Zee,9,0.32583606251425695
22,Nyle DiMarco,9,0.3258360621343673
22,Paige VanZant,9,0.3258360620712548
22,Wanya Morris,9,0.015114499312695392
22,Ginger Zee,10,0.3333333335807084
22,Nyle DiMarco,10,0.3333333332403385
22,Paige VanZant,10,0.3333333331789532
23,Amber Rose,1,0.00010635287925400672
23,Babyface,1,0.00011703134151541789
23,Calvin Johnson Jr.,1,0.2443104678826593
23,Jake T. Austin,1,2.3545483984251812e-18
23,James Hinchcliffe,1,0.24431047264308708
23,Jana Kramer,1,0.24431047188661464
23,Laurie Hernandez,1,0.2443104696471167
23,Marilu Henner,1,0.006539777674990867
23,Maureen McCormick,1,0.00027843963967762045
23,Rick Perry,1,0.003865660521606986
23,Ryan Lochte,1,0.004081130614250627
23,Terra Jole,1,0.005617186775058656
23,Vanilla Ice,1,0.002152538494167939
23,Amber Rose,2,2.0272127356368608e-16
23,Babyface,2,0.0
23,Calvin Johnson Jr.,2,0.24437436943929736
23,Jake T. Austin,2,0.0
23,James Hinchcliffe,2,0.24437435839720323
23,Jana Kramer,2,0.24437436070998994
23,Laurie Hernandez,2,0.24437436786389038
23,Marilu Henner,2,0.006727785846395285
23,Maureen McCormick,2,0.0001243100763976539
23,Rick Perry,2,0.0037738994301138415
23,Ryan Lochte,2,0.0040012625450683
23,Terra Jole,2,0.005740719564076599
23,Vanilla Ice,2,0.002134566127567275
23,Amber Rose,3,0.0001231270224552777
23,Babyface,3,5.610336480776421e-06
23,Calvin Johnson Jr.,3,0.24456339391887477
23,James Hinchcliffe,3,0.24456341211317975
23,Jana Kramer,3,0.24456340825687475
23,Laurie Hernandez,3,0.24456339688293774
23,Marilu Henner,3,0.007021313855126643
23,Maureen McCormick,3,0.0001312004461930088
23,Rick Perry,3,0.0023367709328718294
23,Ryan Lochte,3,0.0039522279852492025
23,Terra Jole,3,0.005843367864572521
23,Vanilla Ice,3,0.0023327703851837482
23,Amber Rose,4,0.00040316599777885393
23,Babyface,4,0.0001853085487362901
23,Calvin Johnson Jr.,4,0.24497102870233978
23,James Hinchcliffe,4,0.24497100681588194
23,Jana Kramer,4,0.2449710122495851
23,Laurie Hernandez,4,0.2449710272136667
23,Marilu Henner,4,0.007687664052635198
23,Maureen McCormick,4,0.00015491184312336182
23,Ryan Lochte,4,0.004058913011597999
23,Terra Jole,4,0.006108897615229438
23,Vanilla Ice,4,0.001517063949425419
23,Amber Rose,5,0.000681660297655126
23,Calvin Johnson Jr.,5,0.24523020747869687
23,James Hinchcliffe,5,0.24523023437158953
23,Jana Kramer,5,0.24523022731766225
23,Laurie Hernandez,5,0.24523021096479194
23,Marilu Henner,5,0.008343962360354198
23,Maureen McCormick,5,0.0004848657231944839
23,Ryan Lochte,5,0.0032212201001652454
23,Terra Jole,5,0.006347411385890429
23,Amber Rose,6,0.0005684125661169344
23,Calvin Johnson Jr.,6,0.2453515839228492
23,James Hinchcliffe,6,0.24535155665604375
23,Jana Kramer,6,0.24535156489723103
23,Laurie Hernandez,6,0.24535158190167117
23,Marilu Henner,6,0.008823738542734164
23,Maureen McCormick,6,0.0006214094715888457
23,Ryan Lochte,6,0.00217900216548403
23,Terra Jole,6,0.0064011498762809186
23,Calvin Johnson Jr.,7,0.24563899170257303
23,James Hinchcliffe,7,0.24563901878762906
23,Jana Kramer,7,0.24563901039892636
23,Laurie Hernandez,7,0.2456389940586571
23,Marilu Henner,7,0.00934658410013959
23,Maureen McCormick,7,0.0005286724655472967
23,Ryan Lochte,7,0.0010705980719747444
23,Terra Jole,7,0.006498130414552845
23,Calvin Johnson Jr.,8,0.245861657358874
23,James Hinchcliffe,8,0.24586163518268422
23,Jana Kramer,8,0.24586164286432372
23,Laurie Hernandez,8,0.24586165753554845
23,Marilu Henner,8,0.009935079972113807
23,Ryan Lochte,8,2.3575671561244696e-17
23,Terra Jole,8,0.006618327086455857
23,Calvin Johnson Jr.,9,0.24641542735863028
23,James Hinchcliffe,9,0.24641544592546968
23,Jana Kramer,9,0.2464154394272471
23,Laurie Hernandez,9,0.24641542852292336
23,Marilu Henner,9,0.0085926246694637
23,Terra Jole,9,0.0057456340962657336
23,Calvin Johnson Jr.,10,0.2484256580390738
23,James Hinchcliffe,10,0.2484256466126001
23,Jana Kramer,10,0.2484256512336907
23,Laurie Hernandez,10,0.2484256580665457
23,Terra Jole,10,0.006297386048089792
23,Calvin Johnson Jr.,11,0.24999999769650835
23,James Hinchcliffe,11,0.2500000026259716
23,Jana Kramer,11,0.2500000009204088
23,Laurie Hernandez,11,0.24999999875711146
24,Bonner Bolton,1,0.010546243400783932
24,Charo,1,0.0015934968486047538
24,Chris Kattan,1,0.0006370174160066418
24,David Ross,1,0.3175275717024608
24,Erika Jayne,1,0.0024462929861592208
24,Heather Morris,1,0.0005997782768174871
24,Mr. T,1,0.0020181145518669416
24,Nancy Kerrigan,1,0.0077195644588771576
24,Nick Viall,1,0.014877884905841078
24,Normani,1,0.3175275713499805
24,Rashad Jennings,1,0.3175275728679067
24,Simone Biles,1,0.00697889123469465
24,Bonner Bolton,2,0.01083480070120185
24,Charo,2,0.0014401056974383793
24,Chris Kattan,2,0.00046615967952955145
24,David Ross,2,0.3175632038100681
24,Erika Jayne,2,0.0023101068859887387
24,Heather Morris,2,0.0005880400900807425
24,Mr. T,2,0.0019752179231540628
24,Nancy Kerrigan,2,0.007639245995436655
24,Nick Viall,2,0.015045021652768787
24,Normani,2,0.3175632045384214
24,Rashad Jennings,2,0.3175632025754382
24,Simone Biles,2,0.007011690450473579
24,Bonner Bolton,3,0.011344292761387167
24,Charo,3,0.001436644357518234
24,David Ross,3,0.31761659784297996
24,Erika Jayne,3,0.002249901241490821
24,Heather Morris,3,0.0003692579080807935
24,Mr. T,3,0.0020010489202966827
24,Nancy Kerrigan,3,0.007790679041789542
24,Nick Viall,3,0.01512061822822983
24,Normani,3,0.31761659650204704
24,Rashad Jennings,3,0.31761660122829405
24,Simone Biles,3,0.006837761967885891
24,Bonner Bolton,4,0.012070773430546926
24,David Ross,4,0.31779149336114376
24,Erika Jayne,4,0.0022378871864285454
24,Heather Morris,4,0.0003126131688300374
24,Mr. T,4,0.0019763095050192477
24,Nancy Kerrigan,4,0.008019675783442438
24,Nick Viall,4,0.015322570852168907
24,Normani,4,0.31779149487698505
24,Rashad Jennings,4,0.3177914903385019
24,Simone Biles,4,0.006685691496933235
24,Bonner Bolton,5,0.013078271517241707
24,David Ross,5,0.31806197589135826
24,Erika Jayne,5,0.0023991047509088043
24,Heather Morris,5,0.00018866623528483668
24,Nancy Kerrigan,5,0.008248904739343628
24,Nick Viall,5,0.015565738413178726
24,Normani,5,0.31806197417501936
24,Rashad Jennings,5,0.31806198037477046
24,Simone Biles,5,0.006333383902894261
24,Bonner Bolton,6,0.014329674444146692
24,David Ross,6,0.31828257942740534
24,Heather Morris,6,6.779133307734671e-18
24,Nancy Kerrigan,6,0.008621986532495341
24,Nick Viall,6,0.016056930770418507
24,Normani,6,0.3182825810255167
24,Rashad Jennings,6,0.31828257601344506
24,Simone Biles,6,0.006143671786572303
24,Bonner Bolton,7,0.017733262329173684
24,David Ross,7,0.3206906259982898
24,Nancy Kerrigan,7,0.004589978818633189
24,Nick Viall,7,0.009860071045272157
24,Normani,7,0.3206906245152671
24,Rashad Jennings,7,0.32069062995111264
24,Simone Biles,7,0.005744807342251421
24,Bonner Bolton,8,0.016956264088603644
24,David Ross,8,0.3252683460059668
24,Normani,8,0.3252683472506854
24,Rashad Jennings,8,0.325268343947434
24,Simone Biles,8,0.007238698707310207
24,David Ross,9,0.3301951383395007
24,Normani,9,0.33019513748336776
24,Rashad Jennings,9,0.33019514042223325
24,Simone Biles,9,0.009414583754898228
24,David Ross,10,0.33333333323622744
24,Normani,10,0.3333333335658674
24,Rashad Jennings,10,0.33333333319790526
25,Barbara Corcoran,1,0.0
25,Debbie Gibson,1,8.101938985157995e-06
25,Derek Fisher,1,0.0037857713800857704
25,Drew Scott,1,0.24367219197992898
25,Frankie Muniz,1,0.24367219349300162
25,Jordan Fisher,1,0.2436721957013675
25,Lindsey Stirling,1,0.24367219278856098
25,Nick Lachey,1,0.004604363443866101
25,Nikki Bella,1,0.002443359260184991
25,Sasha Pieterse,1,0.0
25,Terrell Owens,1,0.0040619527742496815
25,Vanessa Lachey,1,0.0
25,Victoria Arlen,1,0.010407677239769307
25,Barbara Corcoran,2,8.483881999699072e-18
25,Debbie Gibson,2,6.341443455364267e-18
25,Derek Fisher,2,0.003622438908048023
25,Drew Scott,2,0.24361673516965077
25,Frankie Muniz,2,0.24361673233756245
25,Jordan Fisher,2,0.2436167253500049
25,Lindsey Stirling,2,0.2436167339164224
25,Nick Lachey,2,0.004467655119777966
25,Nikki Bella,2,0.0024036698647810404
25,Sasha Pieterse,2,0.0
25,Terrell Owens,2,0.0045461903834055255
25,Vanessa Lachey,2,4.5582297537978005e-05
25,Victoria Arlen,2,0.010447536652808825
25,Derek Fisher,3,0.0031964359324719973
25,Drew Scott,3,0.24376008678437788
25,Frankie Muniz,3,0.24376009186548864
25,Jordan Fisher,3,0.2437601022301546
25,Lindsey Stirling,3,0.24376008947648778
25,Nick Lachey,3,0.00461384717304469
25,Nikki Bella,3,0.0018383901496725771
25,Sasha Pieterse,3,0.00026220651419268075
25,Terrell Owens,3,0.004787299508996165
25,Vanessa Lachey,3,0.0
25,Victoria Arlen,3,0.010261450365113216
25,Derek Fisher,4,0.002465012382347797
25,Drew Scott,4,0.24399622567453194
25,Frankie Muniz,4,0.24399622030194618
25,Jordan Fisher,4,0.24399620674972824
25,Lindsey Stirling,4,0.24399622298592769
25,Nick Lachey,4,0.004920049200492016
25,Nikki Bella,4,0.0012363187410303713
25,Sasha Pieterse,4,0.0
25,Terrell Owens,4,0.0051208189124867
25,Vanessa Lachey,4,0.0
25,Victoria Arlen,4,0.010272925051508917
25,Drew Scott,5,0.24434799713230243
25,Frankie Muniz,5,0.24434800390895292
25,Jordan Fisher,5,0.24434801904115647
25,Lindsey Stirling,5,0.24434800083479402
25,Nick Lachey,5,0.005113768515824443
25,Nikki Bella,5,0.0008987001980345751
25,Sasha Pieterse,5,5.211683130037529e-06
25,Terrell Owens,5,0.005948460321692975
25,Vanessa Lachey,5,3.7078832936675104e-05
25,Victoria Arlen,5,0.010604759531175482
25,Drew Scott,6,0.2445100908022151
25,Frankie Muniz,6,0.24451008469661334
25,Jordan Fisher,6,0.24451006868967998
25,Lindsey Stirling,6,0.24451008759302825
25,Nick Lachey,6,0.004290993609106606
25,Nikki Bella,6,0.0006007165242936205
25,Terrell Owens,6,0.006592287705089129
25,Vanessa Lachey,6,0.0
25,Victoria Arlen,6,0.010475670379974163
25,Drew Scott,7,0.245293527602769
25,Frankie Muniz,7,0.24529353377038499
25,Jordan Fisher,7,0.24529354815808588
25,Lindsey Stirling,7,0.24529353103468352
25,Nikki Bella,7,0.00033743601079848633
25,Terrell Owens,7,0.007750213136092852
25,Vanessa Lachey,7,0.0
25,Victoria Arlen,7,0.01073821028718529
25,Drew Scott,8,0.2460684634248437
25,Frankie Muniz,8,0.24606845933441546
25,Jordan Fisher,8,0.24606844766941013
25,Lindsey Stirling,8,0.2460684613153534
25,Terrell Owens,8,0.00466819594906847
25,Victoria Arlen,8,0.011057972306908782
25,Drew Scott,9,0.24745644607028824
25,Frankie Muniz,9,0.24745644921312454
25,Jordan Fisher,9,0.24745645626659968
25,Lindsey Stirling,9,0.2474564478727631
25,Victoria Arlen,9,0.010174200577224471
25,Drew Scott,10,0.2500000009691397
25,Frankie Muniz,10,0.2500000004217326
25,Jordan Fisher,10,0.24999999782756782
25,Lindsey Stirling,10,0.25000000078156
26,Adam Rippon,1,0.3268211720347336
26,Arike Ogunbowale,1,3.246708761412442e-17
26,Chris Mazdzer,1,0.004514124047721846
26,Jamie Anderson,1,1.4298646464300853e-17
26,Jennie Finch Daigle,1,0.008692587560501494
26,Johnny Damon,1,2.838426481870277e-17
26,Josh Norman,1,0.32682122973269245
26,Kareem Abdul-Jabbar,1,0.0063304908920581915
26,Mirai Nagasu,1,0.0
26,Tonya Harding,1,0.32682039573229243
26,Adam Rippon,2,0.3273479885060604
26,Arike Ogunbowale,2,2.6617279336628146e-17
26,Chris Mazdzer,2,0.004970343284765777
26,Jennie Finch Daigle,2,0.008708661041774781
26,Josh Norman,2,0.3273478480624452
26,Kareem Abdul-Jabbar,2,0.004275296060960119
26,Mirai Nagasu,2,0.0
26,Tonya Harding,2,0.3273498630439937
26,Adam Rippon,3,0.32969076818559767
26,Chris Mazdzer,3,0.003723569657752743
26,Jennie Finch Daigle,3,0.007205862207374766
26,Josh Norman,3,0.32969090721609606
26,Mirai Nagasu,3,0.0
26,Tonya Harding,3,0.32968889273317875
26,Adam Rippon,4,0.3333330936949296
26,Josh Norman,4,0.3333330356197082
26,Tonya Harding,4,0.33333387068536235
27,Alexis Ren,1,0.23416618396227168
27,Bobby Bones,1,0.23416618382650892
27,Danelle Umstead,1,0.00016808436679728245
27,DeMarcus Ware,1,0.011079686405162763
27,Evanna Lynch,1,0.23416618414354984
27,Joe Amabile,1,0.03146641075343248
27,John Schneider,1,0.01395595544010468
27,Juan Pablo Di Pace,1,0.005700131435479266
27,Mary Lou Retton,1,0.00023638634033106725
27,Milo Manheim,1,0.2341661841663178
27,Nancy McKeon,1,0.00010264614317278219
27,Nikki Glaser,1,0.00031652198668460696
27,Tinashe,1,0.00030944103018684747
27,Alexis Ren,2,0.2341777830531151
27,Bobby Bones,2,0.23417778274870696
27,Danelle Umstead,2,0.00020513248159863113
27,DeMarcus Ware,2,0.01130036744375752
27,Evanna Lynch,2,0.23417778418893434
27,Joe Amabile,2,0.03136757124488193
27,John Schneider,2,0.014153537019790613
27,Juan Pablo Di Pace,2,0.005804025675579097
27,Mary Lou Retton,2,0.00015571679473871415
27,Milo Manheim,2,0.23417778346162624
27,Nancy McKeon,2,0.00015245117650691085
27,Tinashe,2,0.00015006471076404898
27,Alexis Ren,3,0.23420752817005996
27,Bobby Bones,3,0.23420752840089035
27,DeMarcus Ware,3,0.01125937869976796
27,Evanna Lynch,3,0.2342075273625661
27,Joe Amabile,3,0.03146370977201206
27,John Schneider,3,0.014346676403035795
27,Juan Pablo Di Pace,3,0.005736298466933923
27,Mary Lou Retton,3,0.00010119854042813658
27,Milo Manheim,3,0.2342075281060149
27,Nancy McKeon,3,0.0001249167804607571
27,Tinashe,3,0.00013770929783010142
27,Alexis Ren,4,0.23424517641120135
27,Bobby Bones,4,0.23424517534140832
27,DeMarcus Ware,4,0.011444478344658702
27,Evanna Lynch,4,0.2342451784399991
27,Joe Amabile,4,0.031559420873393584
27,John Schneider,4,0.014318041563048452
27,Juan Pablo Di Pace,4,0.005697351907876538
27,Mary Lou Retton,4,3.466554085647594e-17
27,Milo Manheim,4,0.234245177118414
27,Tinashe,4,5.183978660414321e-17
27,Alexis Ren,5,0.23587437106922235
27,Bobby Bones,5,0.2358743723368796
27,DeMarcus Ware,5,0.008913260762835877
27,Evanna Lynch,5,0.23587436954288568
27,Joe Amabile,5,0.027550304198361866
27,John Schneider,5,0.014526697259077315
27,Juan Pablo Di Pace,5,0.00548238271120862
27,Mary Lou Retton,5,2.987132336298585e-05
27,Milo Manheim,5,0.23587437079616572
27,Alexis Ren,6,0.237535136288715
27,Bobby Bones,6,0.2375351342208505
27,DeMarcus Ware,6,0.006544735421336313
27,Evanna Lynch,6,0.2375351386833304
27,Joe Amabile,6,0.02363594873817655
27,John Schneider,6,0.014534782561125375
27,Juan Pablo Di Pace,6,0.005143987087917761
27,Mary Lou Retton,6,8.104823316475162e-18
27,Milo Manheim,6,0.2375351369985481
27,Alexis Ren,7,0.2400320921323078
27,Bobby Bones,7,0.2400320939127535
27,DeMarcus Ware,7,0.004808303573469932
27,Evanna Lynch,7,0.24003209080244847
27,Joe Amabile,7,0.020382631148877124
27,John Schneider,7,0.008881015561280813
27,Juan Pablo Di Pace,7,0.00579968081897525
27,Milo Manheim,7,0.24003209204988712
27,Alexis Ren,8,0.24423938189513483
27,Bobby Bones,8,0.24423938021702812
27,Evanna Lynch,8,0.24423938346980248
27,Joe Amabile,8,0.01878344716879266
27,Juan Pablo Di Pace,8,0.0042590249372071644
27,Milo Manheim,8,0.2442393823120347
27,Alexis Ren,9,0.24999999986920743
27,Bobby Bones,9,0.25000000023361996
27,Evanna Lynch,9,0.24999999983269522
27,Milo Manheim,9,0.25000000006447726
28,Ally Brooke,1,0.2418107660752945
28,Hannah Brown,1,0.24181076702181284
28,James Van Der Beek,1,2.084842234199418e-05
28,Karamo Brown,1,0.00557288386801016
28,Kate Flannery,1,0.002125704475255461
28,Kel Mitchell,1,0.24181076247842945
28,Lamar Odom,1,0.009203813251130307
28,Lauren Alaina,1,0.24181076267570084
28,Mary Wilson,1,5.9282115826605596e-05
28,Ray Lewis,1,0.00012660645962281003
28,Sailor Brinkley-Cook,1,6.65388316667099e-05
28,Sean Spicer,1,0.015581264324908311
28,Ally Brooke,2,0.24189589024834315
28,Hannah Brown,2,0.2418958880858059
28,James Van Der Beek,2,0.0002696306861863749
28,Karamo Brown,2,0.005477670265268669
28,Kate Flannery,2,0.0016899209383015024
28,Kel Mitchell,2,0.2418959022150527
28,Lamar Odom,2,0.009112158515620777
28,Lauren Alaina,2,0.24189589923412944
28,Mary Wilson,2,0.0
28,Ray Lewis,2,0.00018538237119448319
28,Sailor Brinkley-Cook,2,0.0
28,Sean Spicer,2,0.015681657440097075
28,Ally Brooke,3,0.24198544741759576
28,Hannah Brown,3,0.24198545045601205
28,James Van Der Beek,3,0.00033685076346147126
28,Karamo Brown,3,0.005663978292687532
28,Kate Flannery,3,0.0016189805480560824
28,Kel Mitchell,3,0.24198542981702173
28,Lamar Odom,3,0.008602688499603347
28,Lauren Alaina,3,0.24198543359436253
28,Sailor Brinkley-Cook,3,0.0
28,Sean Spicer,3,0.01583574061119942
28,Ally Brooke,4,0.24213776860535982
28,Hannah Brown,4,0.24213776655427852
28,James Van Der Beek,4,6.38641209544754e-05
28,Karamo Brown,4,0.005434442234154807
28,Kate Flannery,4,0.0022054539971466964
28,Kel Mitchell,4,0.24213779181883263
28,Lamar Odom,4,0.00752805420362027
28,Lauren Alaina,4,0.24213778530836297
28,Sailor Brinkley-Cook,4,2.4107572135711794e-05
28,Sean Spicer,4,0.016192965585154054
28,Ally Brooke,5,0.24314815452705857
28,Hannah Brown,5,0.2431481551172046
28,James Van Der Beek,5,0.0007329935530425339
28,Karamo Brown,5,0.006563341407099543
28,Kate Flannery,5,0.0027742926885866164
28,Kel Mitchell,5,0.24314812864278287
28,Lauren Alaina,5,0.24314813582111322
28,Sailor Brinkley-Cook,5,2.1188865657145998e-19
28,Sean Spicer,5,0.01733679824311212
28,Ally Brooke,6,0.2433532673488334
28,Hannah Brown,6,0.24335326853517736
28,James Van Der Beek,6,5.1664830137244914e-05
28,Karamo Brown,6,0.005847953216374263
28,Kate Flannery,6,0.003023300842686021
28,Kel Mitchell,6,0.2433532952737551
28,Lauren Alaina,6,0.24335328559497305
28,Sailor Brinkley-Cook,6,2.7275516051099384e-19
28,Sean Spicer,6,0.017663964358063635
28,Ally Brooke,7,0.24387497328211608
28,Hannah Brown,7,0.2438749715729172
28,James Van Der Beek,7,0.00019344802712334262
28,Karamo Brown,7,0.001760428769193226
28,Kate Flannery,7,0.0033955737111547495
28,Kel Mitchell,7,0.24387494772488402
28,Lauren Alaina,7,0.24387495690845476
28,Sean Spicer,7,0.019150700004156706
28,Ally Brooke,8,0.24478340237775495
28,Hannah Brown,8,0.24478340406731555
28,James Van Der Beek,8,0.00014417114357349127
28,Kate Flannery,8,2.5774387717895153e-17
28,Kel Mitchell,8,0.2447834247299315
28,Lauren Alaina,8,0.24478341483667032
28,Sean Spicer,8,0.020722182844754123
28,Ally Brooke,9,0.24554366394499613
28,Hannah Brown,9,0.2455436630779134
28,James Van Der Beek,9,9.147695357808073e-05
28,Kel Mitchell,9,0.24554364774805754
28,Lauren Alaina,9,0.24554365515158372
28,Sean Spicer,9,0.017733893123871122
28,Ally Brooke,10,0.24922512712635458
28,Hannah Brown,10,0.2492251278158435
28,James Van Der Beek,10,0.003099475414563997
28,Kel Mitchell,10,0.24922513764329837
28,Lauren Alaina,10,0.24922513199993965
28,Ally Brooke,11,0.2500000012374701
28,Hannah Brown,11,0.2500000011196609
28,Kel Mitchell,11,0.24999999824356803
28,Lauren Alaina,11,0.24999999939930104
29,AJ McLean,1,0.0041632425143845846
29,Anne Heche,1,1.1304340055182478e-06
29,Carole Baskin,1,4.894853557241969e-07
29,Charles Oakley,1,2.6024860444194573e-06
29,Chrishell Stause,1,5.337211954096855e-06
29,Jeannie Mai,1,0.0001494441277990458
29,Jesse Metcalfe,1,3.8366633266498835e-05
29,Johnny Weir,1,6.763653343306848e-18
29,Justina Machado,1,0.2473188712401329
29,Kaitlyn Bristowe,1,0.24731886989416077
29,Monica Aldama,1,0.00010020677692076865
29,Nelly,1,0.2473188703181549
29,Nev Schulman,1,0.2473188703209414
29,Skai Jackson,1,0.006263698556879387
29,Veron Davis,1,3.0686945074458683e-18
29,AJ McLean,2,0.003959818285546542
29,Anne Heche,2,4.734622010939354e-19
29,Carole Baskin,2,2.8798369342002774e-06
29,Charles Oakley,2,1.7079712980957067e-05
29,Chrishell Stause,2,2.7589938452695934e-06
29,Jeannie Mai,2,5.095791949404592e-05
29,Jesse Metcalfe,2,2.6717097088316004e-18
29,Johnny Weir,2,0.00013344283203282168
29,Justina Machado,2,0.2473436502442094
29,Kaitlyn Bristowe,2,0.24734364905400566
29,Monica Aldama,2,5.5255159498624905e-05
29,Nelly,2,0.24734364945645396
29,Nev Schulman,2,0.247343651284244
29,Skai Jackson,2,0.0063964207885936295
29,Veron Davis,2,6.786432160983143e-06
29,AJ McLean,3,0.00381038639742498
29,Anne Heche,3,2.5532823146917106e-18
29,Carole Baskin,3,6.00460896408879e-19
29,Chrishell Stause,3,3.8562005486726825e-18
29,Jeannie Mai,3,0.00017808397791280243
29,Jesse Metcalfe,3,5.146452444332622e-06
29,Johnny Weir,3,0.0001678738323996657
29,Justina Machado,3,0.24731743584455776
29,Kaitlyn Bristowe,3,0.24731743444644042
29,Monica Aldama,3,9.443703016458366e-05
29,Nelly,3,0.24731743494608788
29,Nev Schulman,3,0.24731743337741618
29,Skai Jackson,3,0.006460695070907919
29,Veron Davis,3,1.3638624243437136e-05
29,AJ McLean,4,0.0036291647315666053
29,Anne Heche,4,1.1832177860440318e-18
29,Chrishell Stause,4,6.623816310443855e-05
29,Jeannie Mai,4,5.617696391528523e-05
29,Jesse Metcalfe,4,2.851147860987796e-05
29,Johnny Weir,4,5.205109234307505e-05
29,Justina Machado,4,0.2473395696927919
29,Kaitlyn Bristowe,4,0.24733956855795822
29,Monica Aldama,4,5.0250550364401095e-05
29,Nelly,4,0.2473395688977463
29,Nev Schulman,4,0.24733957205856966
29,Skai Jackson,4,0.0067593278130302975
29,Veron Davis,4,0.0
29,AJ McLean,5,0.0033983410231753046
29,Chrishell Stause,5,1.5273997045765663e-05
29,Jeannie Mai,5,3.878218943241872e-18
29,Jesse Metcalfe,5,9.031812841150181e-06
29,Johnny Weir,5,7.008218476285067e-05
29,Justina Machado,5,0.24734741688776993
29,Kaitlyn Bristowe,5,0.24734741536916022
29,Monica Aldama,5,3.924320970261316e-05
29,Nelly,5,0.24734741589791648
29,Nev Schulman,5,0.24734741350584605
29,Skai Jackson,5,0.007078366111779696
29,Veron Davis,5,2.200412303399051e-18
29,AJ McLean,6,0.00291627170105633
29,Chrishell Stause,6,3.205849265662409e-18
29,Jeannie Mai,6,1.8507331799964258e-05
29,Johnny Weir,6,5.478253160415954e-18
29,Justina Machado,6,0.24740161828062598
29,Kaitlyn Bristowe,6,0.24740161730741633
29,Monica Aldama,6,6.447209133431944e-19
29,Nelly,6,0.24740161758639284
29,Nev Schulman,6,0.24740162083899808
29,Skai Jackson,6,0.007458746953710478
29,Veron Davis,6,0.0
29,AJ McLean,7,0.0028238133780670743
29,Chrishell Stause,7,9.805001990325483e-18
29,Jeannie Mai,7,1.851588358688074e-18
29,Johnny Weir,7,4.623936964605771e-05
29,Justina Machado,7,0.2476569675508173
29,Kaitlyn Bristowe,7,0.24765696600546683
29,Monica Aldama,7,4.943407121392094e-06
29,Nelly,7,0.24765696657075584
29,Nev Schulman,7,0.247656964479443
29,Skai Jackson,7,0.0064971392386826065
29,AJ McLean,8,0.00266141709084285
29,Chrishell Stause,8,3.4574840820063604e-05
29,Johnny Weir,8,7.682682377015283e-05
29,Justina Machado,8,0.24793270362313202
29,Kaitlyn Bristowe,8,0.24793270258138628
29,Nelly,8,0.24793270290131844
29,Nev Schulman,8,0.24793270557782734
29,Skai Jackson,8,0.005496366560902945
29,AJ McLean,9,0.0023665133891542897
29,Johnny Weir,9,0.0
29,Justina Machado,9,0.2482649408358558
29,Kaitlyn Bristowe,9,0.24826493941660505
29,Nelly,9,0.24826493992395285
29,Nev Schulman,9,0.24826493882617912
29,Skai Jackson,9,0.004573727608252923
29,Johnny Weir,10,0.0
29,Justina Machado,10,0.2489496532115996
29,Kaitlyn Bristowe,10,0.24894965214143677
29,Nelly,10,0.248949652454596
29,Nev Schulman,10,0.2489496539406971
29,Skai Jackson,10,0.004201388251670602
29,Justina Machado,11,0.25000000072976225
29,Kaitlyn Bristowe,11,0.24999999941263776
29,Nelly,11,0.24999999987327348
29,Nev Schulman,11,0.24999999998432657
30,Amanda Kloots,1,0.245992138256105
30,Brian Austin Green,1,0.0043804544225108655
30,Christine Chiu,1,1.54146506089784e-18
30,Cody Rigsby,1,0.2459921410109244
30,Iman Shumpert,1,0.24599214085917556
30,Jimmie Allen,1,0.0027845193264014845
30,JoJo Siwa,1,0.24599214184107385
30,Kenya Moore,1,6.8082237660293365e-06
30,Martin Kove,1,1.117630731739426e-18
30,Matt James,1,0.002133844574128455
30,Melanie C,1,4.8544441172084695e-06
30,Melora Hardin,1,7.368156095922848e-05
30,"Mike ""The Miz"" Mizanin",1,0.0065049391281289115
30,Olivia Jade,1,3.3009657651736884e-18
30,Suni Lee,1,0.00014233635270916904
30,Amanda Kloots,2,0.24600014990152663
30,Brian Austin Green,2,0.004416032371590813
30,Christine Chiu,2,2.4720040180679377e-18
30,Cody Rigsby,2,0.24600014172332135
30,Iman Shumpert,2,0.2460001420320272
30,Jimmie Allen,2,0.002678983888585664
30,JoJo Siwa,2,0.24600013984327757
30,Kenya Moore,2,2.9675348798026086e-18
30,Martin Kove,2,1.0248145518588646e-18
30,Matt James,2,0.002184598259272233
30,Melanie C,2,1.0892075588788602e-18
30,Melora Hardin,2,8.53462257271446e-05
30,"Mike ""The Miz"" Mizanin",2,0.0064171881432688056
30,Olivia Jade,2,4.276567735358866e-05
30,Suni Lee,2,0.0001745119340490906
30,Amanda Kloots,3,0.24604000645077875
30,Brian Austin Green,3,0.004468155987159329
30,Christine Chiu,3,2.855241571732911e-18
30,Cody Rigsby,3,0.24604001688090835
30,Iman Shumpert,3,0.2460400162744172
30,Jimmie Allen,3,0.002760711715202301
30,JoJo Siwa,3,0.24604001895979868
30,Kenya Moore,3,7.618617437210592e-18
30,Matt James,3,0.002231019521834749
30,Melanie C,3,7.965293372753569e-19
30,Melora Hardin,3,9.934399081420917e-06
30,"Mike ""The Miz"" Mizanin",3,0.006241128983105637
30,Olivia Jade,3,2.4366088511500867e-05
30,Suni Lee,3,0.00010462473920215763
30,Amanda Kloots,4,0.2462964251058937
30,Brian Austin Green,4,0.00398890150338599
30,Cody Rigsby,4,0.24629641452043557
30,Iman Shumpert,4,0.24629641561785728
30,Jimmie Allen,4,0.002815115440724194
30,JoJo Siwa,4,0.2462964137499898
30,Kenya Moore,4,3.719427939219542e-06
30,Matt James,4,0.0016024404511206668
30,Melanie C,4,1.4958903022021626e-18
30,Melora Hardin,4,2.035780794571203e-18
30,"Mike ""The Miz"" Mizanin",4,0.0063077384211571615
30,Olivia Jade,4,5.887331301422447e-18
30,Suni Lee,4,9.641576149649351e-05
30,Amanda Kloots,5,0.24702816250245913
30,Cody Rigsby,5,0.24702816986314455
30,Iman Shumpert,5,0.24702816812749648
30,Jimmie Allen,5,0.003457107077117611
30,JoJo Siwa,5,0.24702816879071085
30,Kenya Moore,5,0.0003018260960284432
30,Melanie C,5,2.222872569140531e-19
30,Melora Hardin,5,0.0002588912207997236
30,"Mike ""The Miz"" Mizanin",5,0.006920310540320591
30,Olivia Jade,5,0.0002717851322029485
30,Suni Lee,5,0.0006774106497196827
30,Amanda Kloots,6,0.24740001985005505
30,Cody Rigsby,6,0.2474000163570779
30,Iman Shumpert,6,0.24740001844320492
30,Jimmie Allen,6,0.0030666907563578964
30,JoJo Siwa,6,0.247400019368969
30,Kenya Moore,6,0.00031316798207081745
30,Melora Hardin,6,7.276247926542045e-05
30,"Mike ""The Miz"" Mizanin",6,0.006020923402157463
30,Olivia Jade,6,9.154627522286095e-05
30,Suni Lee,6,0.0008348350856187126
30,Amanda Kloots,7,0.24779453555594644
30,Cody Rigsby,7,0.247794534434615
30,Iman Shumpert,7,0.24779453227105094
30,Jimmie Allen,7,0.0027551648500167927
30,JoJo Siwa,7,0.24779453052882466
30,Melora Hardin,7,4.899832428187014e-05
30,"Mike ""The Miz"" Mizanin",7,0.0050480967873915575
30,Olivia Jade,7,4.43560876064022e-18
30,Suni Lee,7,0.0009696072478727447
30,Amanda Kloots,8,0.24872752746299465
30,Cody Rigsby,8,0.2487275305809297
30,Iman Shumpert,8,0.24872753254448882
30,Jimmie Allen,8,0.0029931157003186925
30,JoJo Siwa,8,0.2487275345840039
30,Melora Hardin,8,0.00043187022696718246
30,Olivia Jade,8,0.00025271753783003925
30,Suni Lee,8,0.00141217136246699
30,Amanda Kloots,9,0.24946833472193047
30,Cody Rigsby,9,0.24946833121080506
30,Iman Shumpert,9,0.24946832983213924
30,JoJo Siwa,9,0.24946832841867103
30,Melora Hardin,9,0.0006003514854197905
30,Suni Lee,9,0.0015263243310343789
30,Amanda Kloots,10,0.24999999877285742
30,Cody Rigsby,10,0.24999999987147162
30,Iman Shumpert,10,0.25000000037600156
30,JoJo Siwa,10,0.25000000097966946
31,Charli D'Amelio,1,0.2468599875604861
31,Cheryl Ladd,1,0.0031019698478579327
31,Daniel Durant,1,0.0014690971822904392
31,Gabby Windey,1,0.24685998762851544
31,Heidi D'Amelio,1,4.4273580460096704e-05
31,Jason Lewis,1,2.3074854264211862e-05
31,Jessie James Decker,1,9.421345924090807e-05
31,Jordin Sparks,1,7.236438005692978e-06
31,Joseph Baena,1,3.3260723125190834e-05
31,Sam Champion,1,0.0009667307480766676
31,Selma Blair,1,5.38099190439061e-05
31,Shangela,1,0.246859987389481
31,Teresa Giudice,1,9.600538891659916e-06
31,Trevor Donovan,1,0.0005798201613329827
31,Vinny Guadagnino,1,0.006176962203140215
31,Wayne Brady,1,0.24685998776578763
31,Charli D'Amelio,2,0.24687283502177518
31,Cheryl Ladd,2,0.0032268042790303164
31,Daniel Durant,2,0.0014414935112224512
31,Gabby Windey,2,0.24687283468720328
31,Heidi D'Amelio,2,3.650117852660642e-05
31,Jessie James Decker,2,0.00010143403370402761
31,Jordin Sparks,2,1.2566822196042294e-05
31,Joseph Baena,2,2.1692891031308345e-17
31,Sam Champion,2,0.0009063119055014687
31,Selma Blair,2,4.6464465759754604e-05
31,Shangela,2,0.24687283453785505
31,Teresa Giudice,2,1.201356194740877e-17
31,Trevor Donovan,2,0.0005169353362984313
31,Vinny Guadagnino,2,0.006220149480677051
31,Wayne Brady,2,0.2468728347402503
31,Charli D'Amelio,3,0.24690816370045132
31,Cheryl Ladd,3,0.0027261440317931595
31,Daniel Durant,3,0.0015373992902496855
31,Gabby Windey,3,0.24690816402895885
31,Heidi D'Amelio,3,2.8491502243504742e-05
31,Jessie James Decker,3,7.741134004551771e-05
31,Jordin Sparks,3,5.688267540307963e-17
31,Joseph Baena,3,1.591977026337996e-17
31,Sam Champion,3,0.0010680844943447576
31,Selma Blair,3,5.3958097370552296e-05
31,Shangela,3,0.24690816362435952
31,Trevor Donovan,3,0.00046258772546588266
31,Vinny Guadagnino,3,0.006413268146642597
31,Wayne Brady,3,0.24690816401807453
31,Charli D'Amelio,4,0.24721199571446878
31,Daniel Durant,4,0.0019092118207202442
31,Gabby Windey,4,0.24721199512925857
31,Heidi D'Amelio,4,0.00011006766467797487
31,Jessie James Decker,4,0.00013931205758510834
31,Jordin Sparks,4,0.00010318950771152796
31,Joseph Baena,4,5.365580391851307e-05
31,Sam Champion,4,0.001189059271647141
31,Selma Blair,4,0.00018090524489445086
31,Shangela,4,0.24721199505336672
31,Trevor Donovan,4,0.000589596577855927
31,Vinny Guadagnino,4,0.006877020891876232
31,Wayne Brady,4,0.2472119952620189
31,Charli D'Amelio,5,0.24739336439694679
31,Daniel Durant,5,0.0022246860053263835
31,Gabby Windey,5,0.2473933649388394
31,Heidi D'Amelio,5,8.025290384452692e-05
31,Jessie James Decker,5,8.508103805889678e-05
31,Jordin Sparks,5,3.554049499757082e-05
31,Joseph Baena,5,7.045716950259413e-18
31,Selma Blair,5,0.00024920936428078817
31,Shangela,5,0.24739336452954472
31,Trevor Donovan,5,0.00045881792703693445
31,Vinny Guadagnino,5,0.007292953362840739
31,Wayne Brady,5,0.24739336503828338
31,Charli D'Amelio,6,0.24756527781244006
31,Daniel Durant,6,0.001671776572988832
31,Gabby Windey,6,0.24756527723870603
31,Heidi D'Amelio,6,1.728111153157238e-05
31,Jessie James Decker,6,2.3612155435830594e-17
31,Jordin Sparks,6,2.9407803996109504e-17
31,Shangela,6,0.24756527722857083
31,Trevor Donovan,6,0.0003290131199017586
31,Vinny Guadagnino,6,0.007720819580337602
31,Wayne Brady,6,0.24756527733552333
31,Charli D'Amelio,7,0.247882692654932
31,Daniel Durant,7,0.0012850318055297421
31,Gabby Windey,7,0.24788269308338337
31,Heidi D'Amelio,7,2.0953741138889403e-05
31,Jordin Sparks,7,7.91579559724358e-06
31,Shangela,7,0.24788269263089507
31,Trevor Donovan,7,0.00027655679276168617
31,Vinny Guadagnino,7,0.006878770443130836
31,Wayne Brady,7,0.24788269305263116
31,Charli D'Amelio,8,0.24822808819800984
31,Daniel Durant,8,0.0010441280751474645
31,Gabby Windey,8,0.24822808774190475
31,Heidi D'Amelio,8,1.9750730706161213e-17
31,Shangela,8,0.2482280876595693
31,Trevor Donovan,8,0.00012048994217559128
31,Vinny Guadagnino,8,0.005923030519479076
31,Wayne Brady,8,0.24822808786371392
31,Charli D'Amelio,9,0.24940698469348863
31,Daniel Durant,9,0.0015647534064791514
31,Gabby Windey,9,0.2494069848650666
31,Shangela,9,0.24940698449689067
31,Trevor Donovan,9,0.0008073075923999637
31,Wayne Brady,9,0.24940698494567493
31,Charli D'Amelio,10,0.2500000001098378
31,Gabby Windey,10,0.2500000000122181
31,Shangela,10,0.24999999982660276
31,Wayne Brady,10,0.2500000000513414
32,Adrian Peterson,1,0.0026119966257719873
32,Alyson Hannigan,1,0.19141918627075893
32,Ariana Madix,1,0.1914191863186086
32,Barry Williams,1,0.008682684618523336
32,Charity Lawson,1,0.19141918667203398
32,Harry Jowsey,1,0.019905430729776543
32,Jamie Lynn Spears,1,8.361847529825973e-06
32,Jason Mraz,1,0.19141918626854115
32,Lele Pons,1,0.00015310663437140683
32,Matt Walsh,1,0.00011176007082630955
32,Mauricio Umansky,1,0.011092758485374957
32,Mira Sorvino,1,0.00018793524711765202
32,Tyson Beckford,1,0.00015003383649895492
32,Xochitl Gomez,1,0.19141918637426644
32,Adrian Peterson,2,0.0027881017507696815
32,Alyson Hannigan,2,0.191426463920726
32,Ariana Madix,2,0.19142646341553549
32,Barry Williams,2,0.00856912306378383
32,Charity Lawson,2,0.19142646328355573
32,Harry Jowsey,2,0.01978869924940502
32,Jamie Lynn Spears,2,1.979216105396041e-18
32,Jason Mraz,2,0.1914264635370514
32,Lele Pons,2,0.00013948603623590764
32,Mauricio Umansky,2,0.01119146309530789
32,Mira Sorvino,2,0.00019594110210011023
32,Tyson Beckford,2,0.0001948676343698951
32,Xochitl Gomez,2,0.19142646391115908
32,Adrian Peterson,3,0.001635275734152934
32,Alyson Hannigan,3,0.19172815661545622
32,Ariana Madix,3,0.19172815689278505
32,Barry Williams,3,0.008644733138064239
32,Charity Lawson,3,0.19172815796981468
32,Harry Jowsey,3,0.020159778328985765
32,Jason Mraz,3,0.19172815709648067
32,Lele Pons,3,0.00011078617878108864
32,Mauricio Umansky,3,0.010078671276472096
32,Mira Sorvino,3,0.0004685450110147024
32,Tyson Beckford,3,0.0002614250220688868
32,Xochitl Gomez,3,0.19172815673592383
32,Adrian Peterson,4,0.0006483314537874182
32,Alyson Hannigan,4,0.1919924086483929
32,Ariana Madix,4,0.19199240817962593
32,Barry Williams,4,0.00898166478714022
32,Charity Lawson,4,0.19199240728987182
32,Harry Jowsey,4,0.020593611896085797
32,Jason Mraz,4,0.19199240771774365
32,Lele Pons,4,0.00018979492066832025
32,Mauricio Umansky,4,0.008976224881692701
32,Mira Sorvino,4,0.000648331453787489
32,Xochitl Gomez,4,0.1919924087712038
32,Alyson Hannigan,5,0.19226835504111428
32,Ariana Madix,5,0.19226835521390315
32,Barry Williams,5,0.008963935535321786
32,Charity Lawson,5,0.19226835666988415
32,Harry Jowsey,5,0.020906556801729148
32,Jason Mraz,5,0.19226835582921176
32,Lele Pons,5,0.00016044725590268552
32,Mauricio Umansky,5,0.007940564857326332
32,Mira Sorvino,5,0.0006867178235477508
32,Xochitl Gomez,5,0.19226835497205896
32,Alyson Hannigan,6,0.19257606935755264
32,Ariana Madix,6,0.19257606892137952
32,Barry Williams,6,0.008976792639266047
32,Charity Lawson,6,0.19257606819941958
32,Harry Jowsey,6,0.021224730826005688
32,Jason Mraz,6,0.19257606855978351
32,Lele Pons,6,1.7147850387572386e-17
32,Mauricio Umansky,6,0.006918131934009433
32,Xochitl Gomez,6,0.1925760695625836
32,Alyson Hannigan,7,0.19363429863956866
32,Ariana Madix,7,0.19363429889637201
32,Barry Williams,7,0.009442337877737834
32,Charity Lawson,7,0.19363429975244079
32,Harry Jowsey,7,0.022386167180945202
32,Jason Mraz,7,0.1936342990956544
32,Lele Pons,7,1.2143387491427127e-18
32,Xochitl Gomez,7,0.1936342985572812
32,Alyson Hannigan,8,0.19443502962760548
32,Ariana Madix,8,0.19443502920263833
32,Barry Williams,8,0.004701054909060454
32,Charity Lawson,8,0.19443502905264584
32,Harry Jowsey,8,0.023123798281184795
32,Jason Mraz,8,0.1944350290970329
32,Xochitl Gomez,8,0.19443502982983216
32,Alyson Hannigan,9,0.1958869292112106
32,Ariana Madix,9,0.1958869291952801
32,Charity Lawson,9,0.19588692981536895
32,Harry Jowsey,9,0.02056535316186033
32,Jason Mraz,9,0.19588692947164413
32,Xochitl Gomez,9,0.19588692914463585
32,Alyson Hannigan,10,0.20000000006445204
32,Ariana Madix,10,0.20000000002109472
32,Charity Lawson,10,0.19999999992831363
32,Jason Mraz,10,0.19999999972138943
32,Xochitl Gomez,10,0.20000000026475018
32,Alyson Hannigan,11,0.1999999999774406
32,Ariana Madix,11,0.19999999981741948
32,Charity Lawson,11,0.20000000020906863
32,Jason Mraz,11,0.20000000000174595
32,Xochitl Gomez,11,0.19999999999432533
33,Anna Delvey,1,0.0005950762795341029
33,Brooks Nader,1,4.434761822476059e-05
33,Chandler Kinney,1,0.19318873874399564
33,Danny Amendola,1,0.19318873819428692
33,Dwight Howard ,1,0.010411869693215399
33,Eric Roberts,1,0.010965571486423093
33,Ilona Maher,1,0.19379780375304775
33,Jenn Tran,1,0.0001540269651501319
33,Joey Graziadei,1,0.19318873875649709
33,Phaedra Parks,1,2.2439410561166668e-05
33,Reginald VelJohnson,1,0.010708150453769827
33,Stephen Nedoroscik,1,0.19318873851219828
33,Tori Spelling,1,0.0005457601330960939
33,Anna Delvey,2,4.5937551221025295e-06
33,Brooks Nader,2,3.449311025380165e-05
33,Chandler Kinney,2,0.1935579902179842
33,Danny Amendola,2,0.19355799142205965
33,Dwight Howard ,2,0.010004967365769545
33,Eric Roberts,2,0.010334706413751945
33,Ilona Maher,2,0.19476893801929104
33,Jenn Tran,2,0.0002601186973742513
33,Joey Graziadei,2,0.19355798977943517
33,Phaedra Parks,2,2.5515261183151142e-05
33,Reginald VelJohnson,2,0.010334706413751936
33,Stephen Nedoroscik,2,0.19355798954402323
33,Tori Spelling,2,1.607179878079423e-17
33,Brooks Nader,3,0.00030397000529264976
33,Chandler Kinney,3,0.19419640587581313
33,Danny Amendola,3,0.19419640391322668
33,Dwight Howard ,3,0.01041781466363083
33,Eric Roberts,3,0.0092418418304267
33,Ilona Maher,3,0.19408157622898684
33,Jenn Tran,3,0.00010044245743975129
33,Joey Graziadei,3,0.19419640642712765
33,Phaedra Parks,3,4.010737574223077e-05
33,Reginald VelJohnson,3,0.009028625262483622
33,Stephen Nedoroscik,3,0.19419640595982987
33,Brooks Nader,4,0.0014845585755683146
33,Chandler Kinney,4,0.19645743743368588
33,Danny Amendola,4,0.19645743943079788
33,Dwight Howard ,4,0.01145415869584198
33,Ilona Maher,4,0.19728623700458742
33,Jenn Tran,4,0.002460737900817593
33,Joey Graziadei,4,0.19645743621601294
33,Phaedra Parks,4,0.0014845585755697062
33,Stephen Nedoroscik,4,0.19645743616711817
33,Chandler Kinney,5,0.1972710522458601
33,Danny Amendola,5,0.1972710499491765
33,Dwight Howard ,5,0.010433223072122237
33,Ilona Maher,5,0.19774003519100258
33,Jenn Tran,5,0.0018712449745731422
33,Joey Graziadei,5,0.1972710533543703
33,Phaedra Parks,5,0.0008712883846970181
33,Stephen Nedoroscik,5,0.19727105282819798
33,Chandler Kinney,6,0.1975956980777112
33,Danny Amendola,6,0.1975957001098519
33,Dwight Howard ,6,0.009296269297301896
33,Ilona Maher,6,0.19838881349372234
33,Jenn Tran,6,0.0019321254012068443
33,Joey Graziadei,6,0.19759569682359132
33,Stephen Nedoroscik,6,0.1975956967966144
33,Chandler Kinney,7,0.1982052260379286
33,Danny Amendola,7,0.1982052242149501
33,Dwight Howard ,7,0.008105945134728358
33,Ilona Maher,7,0.19907315114885252
33,Joey Graziadei,7,0.19820522693571496
33,Stephen Nedoroscik,7,0.19820522652782538
33,Chandler Kinney,8,0.19989601548892008
33,Danny Amendola,8,0.19989601659339978
33,Ilona Maher,8,0.20041593851890524
33,Joey Graziadei,8,0.19989601476920535
33,Stephen Nedoroscik,8,0.19989601462956957
33,Chandler Kinney,9,0.19989912003441396
33,Danny Amendola,9,0.19989911949013303
33,Ilona Maher,9,0.20040352064519965
33,Joey Graziadei,9,0.19989912008826236
33,Stephen Nedoroscik,9,0.199899119741991
34,Alix Earle,1,0.1950454346024433
34,Andy Richter,1,0.01261475605451822
34,Baron Davis,1,0.00031225294963142894
34,Corey Feldman,1,3.215745348837743e-05
34,Danielle Fishel,1,0.005512618956645092
34,Dylan Efron,1,0.1950454363751778
34,Elaine Hendrix,1,0.19504543596644128
34,Hilaria Baldwin,1,3.69272864772059e-05
34,Jen Affleck,1,0.0001612701061899771
34,Jordan Chiles,1,0.19504543965553428
34,Lauren Jauregui,1,0.00044705268564360876
34,Robert Irwin,1,0.19504543528645563
34,Scott Hoying,1,0.005277363491234276
34,Whitney Leavitt,1,0.0003784191301194849
34,Alix Earle,2,0.1950554105245847
34,Andy Richter,2,0.012824358153025728
34,Baron Davis,2,0.00022243844438732917
34,Corey Feldman,2,0.00011670206723287754
34,Danielle Fishel,2,0.00545724692783523
34,Dylan Efron,2,0.19505540461191756
34,Elaine Hendrix,2,0.1950554054734598
34,Hilaria Baldwin,2,3.0350571045600833e-05
34,Jen Affleck,2,0.00014738933833672463
34,Jordan Chiles,2,0.19505539558448812
34,Lauren Jauregui,2,0.000339519596416903
34,Robert Irwin,2,0.19505540829855578
34,Scott Hoying,2,0.005255179617208465
34,Whitney Leavitt,2,0.0003297907915051858
34,Alix Earle,3,0.19507286281138222
34,Andy Richter,3,0.013046471436204354
34,Danielle Fishel,3,0.005429998656883728
34,Dylan Efron,3,0.195072871453764
34,Elaine Hendrix,3,0.1950728698684038
34,Hilaria Baldwin,3,3.669806103437945e-05
34,Jen Affleck,3,0.00018113140739718422
34,Jordan Chiles,3,0.19507288591706387
34,Lauren Jauregui,3,0.000362961885823803
34,Robert Irwin,3,0.1950728662654885
34,Scott Hoying,3,0.0053035008697287795
34,Whitney Leavitt,3,0.00027488136682546913
34,Alix Earle,4,0.1951330695688902
34,Andy Richter,4,0.013430311837375883
34,Danielle Fishel,4,0.005365795708342406
34,Dylan Efron,4,0.19513305820581575
34,Elaine Hendrix,4,0.19513306007971667
34,Hilaria Baldwin,4,7.576733575888883e-20
34,Jen Affleck,4,3.356891619805135e-05
34,Jordan Chiles,4,0.19513304040038545
34,Robert Irwin,4,0.19513306490967078
34,Scott Hoying,4,0.005365795708342737
34,Whitney Leavitt,4,0.00013923466526203726
34,Alix Earle,5,0.19556212729149347
34,Andy Richter,5,0.012368550372454523
34,Danielle Fishel,5,0.004650226935638303
34,Dylan Efron,5,0.1955621393117638
34,Elaine Hendrix,5,0.1955621370577679
34,Jen Affleck,5,0.00011774564253035628
34,Jordan Chiles,5,0.1955621596159678
34,Robert Irwin,5,0.19556213256707058
34,Scott Hoying,5,0.0048400041403639845
34,Whitney Leavitt,5,0.0002127770649492561
34,Alix Earle,6,0.1959418817171586
34,Andy Richter,6,0.011529013121438825
34,Danielle Fishel,6,0.004033939240939124
34,Dylan Efron,6,0.19594186927039697
34,Elaine Hendrix,6,0.1959418714167374
34,Jen Affleck,6,0.00018903677029961645
34,Jordan Chiles,6,0.1959418487708833
34,Robert Irwin,6,0.19594187602556118
34,Scott Hoying,6,0.004324582417653663
34,Whitney Leavitt,6,0.0002140812489313411
34,Alix Earle,7,0.1967711230210238
34,Andy Richter,7,0.011023594751916202
34,Danielle Fishel,7,0.0038736702580651197
34,Dylan Efron,7,0.19677113414290703
34,Elaine Hendrix,7,0.19677113190912407
34,Jen Affleck,7,0.0006495356236653581
34,Jordan Chiles,7,0.1967711535821843
34,Robert Irwin,7,0.19677112841903985
34,Whitney Leavitt,7,0.0005975282920742452
34,Alix Earle,8,0.1971759022558577
34,Andy Richter,8,0.010145291242221096
34,Danielle Fishel,8,0.003371096171715289
34,Dylan Efron,8,0.1971758924870088
34,Elaine Hendrix,8,0.19717589425018567
34,Jordan Chiles,8,0.19717587605154477
34,Robert Irwin,8,0.19717589732547122
34,Whitney Leavitt,8,0.0006041502159955016
34,Alix Earle,9,0.19795206734007847
34,Andy Richter,9,0.009309741270450126
34,Dylan Efron,9,0.19795207422606956
34,Elaine Hendrix,9,0.19795207276990276
34,Jordan Chiles,9,0.1979520871720296
34,Robert Irwin,9,0.19795207110563276
34,Whitney Leavitt,9,0.0009298861158367356
34,Alix Earle,10,0.19958166228305468
34,Dylan Efron,10,0.1995816575639286
34,Elaine Hendrix,10,0.199581658404958
34,Jordan Chiles,10,0.1995816498029294
34,Robert Irwin,10,0.1995816597212886
34,Whitney Leavitt,10,0.002091712223840677
34,Alix Earle,11,0.19999999856020695
34,Dylan Efron,11,0.19999999991538778
34,Elaine Hendrix,11,0.19999999949840033
34,Jordan Chiles,11,0.2000000026787912
34,Robert Irwin,11,0.19999999934721369
